timestamp,close
2025-01-01 00:00:00+00:00,105.05428812
2025-01-01 01:00:00+00:00,104.96556843
2025-01-01 02:00:00+00:00,104.92177336
2025-01-01 03:00:00+00:00,104.25837568
2025-01-01 04:00:00+00:00,104.18556913
2025-01-01 05:00:00+00:00,105.28628203
2025-01-01 06:00:00+00:00,105.14497631
2025-01-01 07:00:00+00:00,104.17571756
2025-01-01 08:00:00+00:00,102.79825543
2025-01-01 09:00:00+00:00,102.89363787
2025-01-01 10:00:00+00:00,102.74892763
2025-01-01 11:00:00+00:00,103.749757
2025-01-01 12:00:00+00:00,104.81943089
2025-01-01 13:00:00+00:00,104.30571539
2025-01-01 14:00:00+00:00,104.73108927
2025-01-01 15:00:00+00:00,104.91482711
2025-01-01 16:00:00+00:00,105.26106219
2025-01-01 17:00:00+00:00,104.86747048
2025-01-01 18:00:00+00:00,106.57506425
2025-01-01 19:00:00+00:00,107.17546486
2025-01-01 20:00:00+00:00,106.05152519
2025-01-01 21:00:00+00:00,105.45939046
2025-01-01 22:00:00+00:00,105.05449295
2025-01-01 23:00:00+00:00,105.2265469
2025-01-02 00:00:00+00:00,107.49165459
2025-01-02 01:00:00+00:00,106.71605756
2025-01-02 02:00:00+00:00,106.09451062
2025-01-02 03:00:00+00:00,105.6177298
2025-01-02 04:00:00+00:00,106.36459129
2025-01-02 05:00:00+00:00,105.84176583
2025-01-02 06:00:00+00:00,105.95119634
2025-01-02 07:00:00+00:00,106.05123879
2025-01-02 08:00:00+00:00,106.29281625
2025-01-02 09:00:00+00:00,106.94635523
2025-01-02 10:00:00+00:00,106.73823721
2025-01-02 11:00:00+00:00,106.35513176
2025-01-02 12:00:00+00:00,106.64646502
2025-01-02 13:00:00+00:00,107.39916079
2025-01-02 14:00:00+00:00,107.21941596
2025-01-02 15:00:00+00:00,106.29009406
2025-01-02 16:00:00+00:00,106.29660085
2025-01-02 17:00:00+00:00,105.28939173
2025-01-02 18:00:00+00:00,105.65237465
2025-01-02 19:00:00+00:00,105.11536476
2025-01-02 20:00:00+00:00,104.97189355
2025-01-02 21:00:00+00:00,105.44764234
2025-01-02 22:00:00+00:00,105.35365373
2025-01-02 23:00:00+00:00,105.14892641
2025-01-03 00:00:00+00:00,105.28497556
2025-01-03 01:00:00+00:00,105.7083896
2025-01-03 02:00:00+00:00,106.39960344
2025-01-03 03:00:00+00:00,106.36365085
2025-01-03 04:00:00+00:00,105.54337977
2025-01-03 05:00:00+00:00,105.11731758
2025-01-03 06:00:00+00:00,104.8623248
2025-01-03 07:00:00+00:00,104.63065522
2025-01-03 08:00:00+00:00,105.17578349
2025-01-03 09:00:00+00:00,105.96028088
2025-01-03 10:00:00+00:00,106.12510644
2025-01-03 11:00:00+00:00,107.54693398
2025-01-03 12:00:00+00:00,107.39021843
2025-01-03 13:00:00+00:00,107.79678533
2025-01-03 14:00:00+00:00,108.98072632
2025-01-03 15:00:00+00:00,109.36079676
2025-01-03 16:00:00+00:00,110.27229379
2025-01-03 17:00:00+00:00,110.19215473
2025-01-03 18:00:00+00:00,111.34019035
2025-01-03 19:00:00+00:00,113.30528497
2025-01-03 20:00:00+00:00,114.10773289
2025-01-03 21:00:00+00:00,114.36354968
2025-01-03 22:00:00+00:00,113.46173533
2025-01-03 23:00:00+00:00,112.71955324
2025-01-04 00:00:00+00:00,111.53620244
2025-01-04 01:00:00+00:00,111.33398537
2025-01-04 02:00:00+00:00,112.15106359
2025-01-04 03:00:00+00:00,112.12766829
2025-01-04 04:00:00+00:00,111.44397127
2025-01-04 05:00:00+00:00,111.50882938
2025-01-04 06:00:00+00:00,111.42876372
2025-01-04 07:00:00+00:00,111.80020313
2025-01-04 08:00:00+00:00,110.74908759
2025-01-04 09:00:00+00:00,111.20882899
2025-01-04 10:00:00+00:00,112.10561052
2025-01-04 11:00:00+00:00,111.38367695
2025-01-04 12:00:00+00:00,111.64831877
2025-01-04 13:00:00+00:00,111.95334805
2025-01-04 14:00:00+00:00,112.30624232
2025-01-04 15:00:00+00:00,110.7448008
2025-01-04 16:00:00+00:00,111.15607339
2025-01-04 17:00:00+00:00,111.19162354
2025-01-04 18:00:00+00:00,110.79283118
2025-01-04 19:00:00+00:00,111.02112622
2025-01-04 20:00:00+00:00,111.04509705
2025-01-04 21:00:00+00:00,111.23336322
2025-01-04 22:00:00+00:00,111.06947608
2025-01-04 23:00:00+00:00,111.18708246
2025-01-05 00:00:00+00:00,110.8995067
2025-01-05 01:00:00+00:00,110.8543364
2025-01-05 02:00:00+00:00,111.25493846
2025-01-05 03:00:00+00:00,111.83313627
2025-01-05 04:00:00+00:00,112.58157927
2025-01-05 05:00:00+00:00,112.28782271
2025-01-05 06:00:00+00:00,112.03230822
2025-01-05 07:00:00+00:00,111.88727223
2025-01-05 08:00:00+00:00,111.01396786
2025-01-05 09:00:00+00:00,110.774209
2025-01-05 10:00:00+00:00,111.22686618
2025-01-05 11:00:00+00:00,111.6332739
2025-01-05 12:00:00+00:00,112.20636168
2025-01-05 13:00:00+00:00,111.92878451
2025-01-05 14:00:00+00:00,112.06966643
2025-01-05 15:00:00+00:00,112.27854052
2025-01-05 16:00:00+00:00,112.40421534
2025-01-05 17:00:00+00:00,112.06268231
2025-01-05 18:00:00+00:00,112.44716989
2025-01-05 19:00:00+00:00,112.6357193
2025-01-05 20:00:00+00:00,112.96310729
2025-01-05 21:00:00+00:00,114.42357896
2025-01-05 22:00:00+00:00,116.04216032
2025-01-05 23:00:00+00:00,115.66179763
2025-01-06 00:00:00+00:00,114.96864044
2025-01-06 01:00:00+00:00,116.1806569
2025-01-06 02:00:00+00:00,115.92870036
2025-01-06 03:00:00+00:00,115.56892842
2025-01-06 04:00:00+00:00,115.34600463
2025-01-06 05:00:00+00:00,114.8382878
2025-01-06 06:00:00+00:00,114.35019941
2025-01-06 07:00:00+00:00,113.57984499
2025-01-06 08:00:00+00:00,113.00360156
2025-01-06 09:00:00+00:00,113.01170732
2025-01-06 10:00:00+00:00,113.34966099
2025-01-06 11:00:00+00:00,113.60317561
2025-01-06 12:00:00+00:00,112.42836694
2025-01-06 13:00:00+00:00,112.82695324
2025-01-06 14:00:00+00:00,113.99576707
2025-01-06 15:00:00+00:00,114.37202135
2025-01-06 16:00:00+00:00,116.0003547
2025-01-06 17:00:00+00:00,114.63508933
2025-01-06 18:00:00+00:00,114.60642158
2025-01-06 19:00:00+00:00,114.57317811
2025-01-06 20:00:00+00:00,113.66504149
2025-01-06 21:00:00+00:00,113.1722213
2025-01-06 22:00:00+00:00,113.52512364
2025-01-06 23:00:00+00:00,114.00827229
2025-01-07 00:00:00+00:00,113.69580226
2025-01-07 01:00:00+00:00,114.53164999
2025-01-07 02:00:00+00:00,113.1302296
2025-01-07 03:00:00+00:00,113.33434281
2025-01-07 04:00:00+00:00,112.59313046
2025-01-07 05:00:00+00:00,112.94508399
2025-01-07 06:00:00+00:00,113.62449436
2025-01-07 07:00:00+00:00,112.92579407
2025-01-07 08:00:00+00:00,113.32975026
2025-01-07 09:00:00+00:00,112.79653918
2025-01-07 10:00:00+00:00,112.71840967
2025-01-07 11:00:00+00:00,111.4632098
2025-01-07 12:00:00+00:00,110.63797067
2025-01-07 13:00:00+00:00,111.09674006
2025-01-07 14:00:00+00:00,109.52956427
2025-01-07 15:00:00+00:00,106.18389003
2025-01-07 16:00:00+00:00,105.9687449
2025-01-07 17:00:00+00:00,105.77986868
2025-01-07 18:00:00+00:00,104.79676899
2025-01-07 19:00:00+00:00,103.60713966
2025-01-07 20:00:00+00:00,103.18749663
2025-01-07 21:00:00+00:00,102.28558828
2025-01-07 22:00:00+00:00,103.5119808
2025-01-07 23:00:00+00:00,102.72342088
2025-01-08 00:00:00+00:00,104.73752824
2025-01-08 01:00:00+00:00,104.19637029
2025-01-08 02:00:00+00:00,103.96647812
2025-01-08 03:00:00+00:00,103.10308492
2025-01-08 04:00:00+00:00,102.47911426
2025-01-08 05:00:00+00:00,102.7187319
2025-01-08 06:00:00+00:00,100.64435389
2025-01-08 07:00:00+00:00,102.55747324
2025-01-08 08:00:00+00:00,103.26559926
2025-01-08 09:00:00+00:00,103.08063091
2025-01-08 10:00:00+00:00,103.18588804
2025-01-08 11:00:00+00:00,102.11284427
2025-01-08 12:00:00+00:00,101.7087483
2025-01-08 13:00:00+00:00,102.25463298
2025-01-08 14:00:00+00:00,102.40266477
2025-01-08 15:00:00+00:00,102.82591245
2025-01-08 16:00:00+00:00,100.97771416
2025-01-08 17:00:00+00:00,100.45638235
2025-01-08 18:00:00+00:00,100.73121241
2025-01-08 19:00:00+00:00,100.24107617
2025-01-08 20:00:00+00:00,100.38932773
2025-01-08 21:00:00+00:00,100.37595343
2025-01-08 22:00:00+00:00,101.98835562
2025-01-08 23:00:00+00:00,101.43346258
2025-01-09 00:00:00+00:00,101.98781097
2025-01-09 01:00:00+00:00,101.56105655
2025-01-09 02:00:00+00:00,101.92123379
2025-01-09 03:00:00+00:00,101.68315102
2025-01-09 04:00:00+00:00,102.23036066
2025-01-09 05:00:00+00:00,102.14215009
2025-01-09 06:00:00+00:00,102.24662892
2025-01-09 07:00:00+00:00,101.05322491
2025-01-09 08:00:00+00:00,102.15506845
2025-01-09 09:00:00+00:00,103.07660711
2025-01-09 10:00:00+00:00,103.10308199
2025-01-09 11:00:00+00:00,103.95648816
2025-01-09 12:00:00+00:00,103.42485106
2025-01-09 13:00:00+00:00,100.687916
2025-01-09 14:00:00+00:00,102.43655331
2025-01-09 15:00:00+00:00,105.15622202
2025-01-09 16:00:00+00:00,104.85202059
2025-01-09 17:00:00+00:00,103.21021335
2025-01-09 18:00:00+00:00,104.16144242
2025-01-09 19:00:00+00:00,102.11694136
2025-01-09 20:00:00+00:00,101.94728772
2025-01-09 21:00:00+00:00,102.60337549
2025-01-09 22:00:00+00:00,102.63278109
2025-01-09 23:00:00+00:00,102.23688073
2025-01-10 00:00:00+00:00,102.84921587
2025-01-10 01:00:00+00:00,103.3018256
2025-01-10 02:00:00+00:00,103.66702009
2025-01-10 03:00:00+00:00,104.4099295
2025-01-10 04:00:00+00:00,103.66784859
2025-01-10 05:00:00+00:00,103.88199001
2025-01-10 06:00:00+00:00,104.42626375
2025-01-10 07:00:00+00:00,105.14984837
2025-01-10 08:00:00+00:00,104.99270049
2025-01-10 09:00:00+00:00,104.51923262
2025-01-10 10:00:00+00:00,104.80710191
2025-01-10 11:00:00+00:00,104.51707327
2025-01-10 12:00:00+00:00,104.43484462
2025-01-10 13:00:00+00:00,103.73780749
2025-01-10 14:00:00+00:00,104.88884794
2025-01-10 15:00:00+00:00,104.71662502
2025-01-10 16:00:00+00:00,104.57009255
2025-01-10 17:00:00+00:00,106.03611131
2025-01-10 18:00:00+00:00,105.65685118
2025-01-10 19:00:00+00:00,106.08495545
2025-01-10 20:00:00+00:00,105.62135965
2025-01-10 21:00:00+00:00,105.13753637
2025-01-10 22:00:00+00:00,104.77718188
2025-01-10 23:00:00+00:00,103.96596456
2025-01-11 00:00:00+00:00,103.88932551
2025-01-11 01:00:00+00:00,103.84865976
2025-01-11 02:00:00+00:00,103.29673334
2025-01-11 03:00:00+00:00,103.43461919
2025-01-11 04:00:00+00:00,103.31658426
2025-01-11 05:00:00+00:00,103.67292082
2025-01-11 06:00:00+00:00,103.55331591
2025-01-11 07:00:00+00:00,103.66919454
2025-01-11 08:00:00+00:00,103.76545311
2025-01-11 09:00:00+00:00,103.7558139
2025-01-11 10:00:00+00:00,104.50410101
2025-01-11 11:00:00+00:00,103.4135141
2025-01-11 12:00:00+00:00,103.33372927
2025-01-11 13:00:00+00:00,102.94143902
2025-01-11 14:00:00+00:00,103.39268195
2025-01-11 15:00:00+00:00,103.24428012
2025-01-11 16:00:00+00:00,102.97489683
2025-01-11 17:00:00+00:00,102.87038055
2025-01-11 18:00:00+00:00,102.65983115
2025-01-11 19:00:00+00:00,102.51662619
2025-01-11 20:00:00+00:00,103.72237218
2025-01-11 21:00:00+00:00,104.01735921
2025-01-11 22:00:00+00:00,104.56892586
2025-01-11 23:00:00+00:00,104.37233659
2025-01-12 00:00:00+00:00,104.48282934
2025-01-12 01:00:00+00:00,105.11306569
2025-01-12 02:00:00+00:00,104.90079826
2025-01-12 03:00:00+00:00,104.74000098
2025-01-12 04:00:00+00:00,104.41599624
2025-01-12 05:00:00+00:00,104.17551939
2025-01-12 06:00:00+00:00,103.66432823
2025-01-12 07:00:00+00:00,103.92866576
2025-01-12 08:00:00+00:00,103.29978063
2025-01-12 09:00:00+00:00,102.87372842
2025-01-12 10:00:00+00:00,103.11389715
2025-01-12 11:00:00+00:00,103.134927
2025-01-12 12:00:00+00:00,102.52135416
2025-01-12 13:00:00+00:00,102.90658959
2025-01-12 14:00:00+00:00,102.57694993
2025-01-12 15:00:00+00:00,102.87853268
2025-01-12 16:00:00+00:00,103.64331929
2025-01-12 17:00:00+00:00,104.03751307
2025-01-12 18:00:00+00:00,103.65141769
2025-01-12 19:00:00+00:00,103.92282714
2025-01-12 20:00:00+00:00,103.42989622
2025-01-12 21:00:00+00:00,102.45001312
2025-01-12 22:00:00+00:00,101.57339382
2025-01-12 23:00:00+00:00,102.35093524
2025-01-13 00:00:00+00:00,103.53323962
2025-01-13 01:00:00+00:00,102.27642653
2025-01-13 02:00:00+00:00,100.8120204
2025-01-13 03:00:00+00:00,100.63787418
2025-01-13 04:00:00+00:00,101.24254582
2025-01-13 05:00:00+00:00,99.69615456
2025-01-13 06:00:00+00:00,98.84013908
2025-01-13 07:00:00+00:00,98.87282343
2025-01-13 08:00:00+00:00,98.17582441
2025-01-13 09:00:00+00:00,97.3242837
2025-01-13 10:00:00+00:00,95.74624293
2025-01-13 11:00:00+00:00,93.97482795
2025-01-13 12:00:00+00:00,94.59352024
2025-01-13 13:00:00+00:00,95.56032219
2025-01-13 14:00:00+00:00,95.92795276
2025-01-13 15:00:00+00:00,96.23784187
2025-01-13 16:00:00+00:00,94.78715583
2025-01-13 17:00:00+00:00,95.009119
2025-01-13 18:00:00+00:00,94.90219161
2025-01-13 19:00:00+00:00,95.20455396
2025-01-13 20:00:00+00:00,97.25389673
2025-01-13 21:00:00+00:00,98.0446152
2025-01-13 22:00:00+00:00,98.77509669
2025-01-13 23:00:00+00:00,98.38375113
2025-01-14 00:00:00+00:00,97.86717057
2025-01-14 01:00:00+00:00,98.28608703
2025-01-14 02:00:00+00:00,98.9748322
2025-01-14 03:00:00+00:00,99.44651549
2025-01-14 04:00:00+00:00,99.0355662
2025-01-14 05:00:00+00:00,98.74064051
2025-01-14 06:00:00+00:00,99.12910134
2025-01-14 07:00:00+00:00,97.976844
2025-01-14 08:00:00+00:00,98.72356984
2025-01-14 09:00:00+00:00,100.61410117
2025-01-14 10:00:00+00:00,99.7996563
2025-01-14 11:00:00+00:00,99.64806483
2025-01-14 12:00:00+00:00,99.11651642
2025-01-14 13:00:00+00:00,99.81977832
2025-01-14 14:00:00+00:00,100.18531753
2025-01-14 15:00:00+00:00,100.62659436
2025-01-14 16:00:00+00:00,100.66752871
2025-01-14 17:00:00+00:00,101.1085477
2025-01-14 18:00:00+00:00,101.58802834
2025-01-14 19:00:00+00:00,101.52608518
2025-01-14 20:00:00+00:00,101.69307039
2025-01-14 21:00:00+00:00,101.60197842
2025-01-14 22:00:00+00:00,102.49375524
2025-01-14 23:00:00+00:00,102.4451167
2025-01-15 00:00:00+00:00,102.39169266
2025-01-15 01:00:00+00:00,102.9155586
2025-01-15 02:00:00+00:00,102.66210719
2025-01-15 03:00:00+00:00,102.46557004
2025-01-15 04:00:00+00:00,102.23564341
2025-01-15 05:00:00+00:00,102.26135606
2025-01-15 06:00:00+00:00,101.9255551
2025-01-15 07:00:00+00:00,102.46636317
2025-01-15 08:00:00+00:00,102.60598792
2025-01-15 09:00:00+00:00,101.56341435
2025-01-15 10:00:00+00:00,101.85267413
2025-01-15 11:00:00+00:00,101.30813197
2025-01-15 12:00:00+00:00,101.41982872
2025-01-15 13:00:00+00:00,104.03166992
2025-01-15 14:00:00+00:00,104.97072824
2025-01-15 15:00:00+00:00,105.20884081
2025-01-15 16:00:00+00:00,104.49960346
2025-01-15 17:00:00+00:00,104.53227362
2025-01-15 18:00:00+00:00,105.69930321
2025-01-15 19:00:00+00:00,105.94249203
2025-01-15 20:00:00+00:00,105.68225426
2025-01-15 21:00:00+00:00,106.19810821
2025-01-15 22:00:00+00:00,113.60812414
2025-01-15 23:00:00+00:00,117.14798765
2025-01-16 00:00:00+00:00,115.34315715
2025-01-16 01:00:00+00:00,118.42089325
2025-01-16 02:00:00+00:00,119.19330625
2025-01-16 03:00:00+00:00,118.75970018
2025-01-16 04:00:00+00:00,118.4195176
2025-01-16 05:00:00+00:00,119.51134395
2025-01-16 06:00:00+00:00,119.8942543
2025-01-16 07:00:00+00:00,119.08516654
2025-01-16 08:00:00+00:00,118.49780598
2025-01-16 09:00:00+00:00,117.87021247
2025-01-16 10:00:00+00:00,118.58258349
2025-01-16 11:00:00+00:00,118.79425684
2025-01-16 12:00:00+00:00,121.48529166
2025-01-16 13:00:00+00:00,119.93988512
2025-01-16 14:00:00+00:00,116.60006236
2025-01-16 15:00:00+00:00,126.56991317
2025-01-16 16:00:00+00:00,125.41540203
2025-01-16 17:00:00+00:00,129.05811848
2025-01-16 18:00:00+00:00,127.3699331
2025-01-16 19:00:00+00:00,127.59296029
2025-01-16 20:00:00+00:00,127.51734812
2025-01-16 21:00:00+00:00,125.77799805
2025-01-16 22:00:00+00:00,123.44532872
2025-01-16 23:00:00+00:00,124.36458444
2025-01-17 00:00:00+00:00,126.52753891
2025-01-17 01:00:00+00:00,126.08983979
2025-01-17 02:00:00+00:00,127.65184936
2025-01-17 03:00:00+00:00,133.80084958
2025-01-17 04:00:00+00:00,136.72210026
2025-01-17 05:00:00+00:00,138.54462814
2025-01-17 06:00:00+00:00,140.14727442
2025-01-17 07:00:00+00:00,137.94148632
2025-01-17 08:00:00+00:00,136.71760021
2025-01-17 09:00:00+00:00,137.75157128
2025-01-17 10:00:00+00:00,137.89643725
2025-01-17 11:00:00+00:00,137.06083499
2025-01-17 12:00:00+00:00,135.55669449
2025-01-17 13:00:00+00:00,134.10189199
2025-01-17 14:00:00+00:00,133.9669587
2025-01-17 15:00:00+00:00,134.85184211
2025-01-17 16:00:00+00:00,136.57710609
2025-01-17 17:00:00+00:00,136.56229047
2025-01-17 18:00:00+00:00,134.44733131
2025-01-17 19:00:00+00:00,136.08464203
2025-01-17 20:00:00+00:00,137.03506442
2025-01-17 21:00:00+00:00,137.70722174
2025-01-17 22:00:00+00:00,135.0054564
2025-01-17 23:00:00+00:00,137.02515216
2025-01-18 00:00:00+00:00,136.90307993
2025-01-18 01:00:00+00:00,135.29374406
2025-01-18 02:00:00+00:00,134.42125544
2025-01-18 03:00:00+00:00,129.67732745
2025-01-18 04:00:00+00:00,128.40217286
2025-01-18 05:00:00+00:00,124.47253884
2025-01-18 06:00:00+00:00,127.43350014
2025-01-18 07:00:00+00:00,125.22856242
2025-01-18 08:00:00+00:00,126.98557179
2025-01-18 09:00:00+00:00,127.07043463
2025-01-18 10:00:00+00:00,125.87788136
2025-01-18 11:00:00+00:00,127.617169
2025-01-18 12:00:00+00:00,126.83819603
2025-01-18 13:00:00+00:00,130.17076291
2025-01-18 14:00:00+00:00,127.54893913
2025-01-18 15:00:00+00:00,126.21852617
2025-01-18 16:00:00+00:00,123.92266526
2025-01-18 17:00:00+00:00,124.48369461
2025-01-18 18:00:00+00:00,124.860556
2025-01-18 19:00:00+00:00,125.70267474
2025-01-18 20:00:00+00:00,123.68901618
2025-01-18 21:00:00+00:00,123.89170597
2025-01-18 22:00:00+00:00,124.32706257
2025-01-18 23:00:00+00:00,125.402968
2025-01-19 00:00:00+00:00,126.27868484
2025-01-19 01:00:00+00:00,127.69459239
2025-01-19 02:00:00+00:00,126.01878758
2025-01-19 03:00:00+00:00,124.28193176
2025-01-19 04:00:00+00:00,121.14024111
2025-01-19 05:00:00+00:00,121.62527032
2025-01-19 06:00:00+00:00,120.74671748
2025-01-19 07:00:00+00:00,119.87381844
2025-01-19 08:00:00+00:00,116.82609688
2025-01-19 09:00:00+00:00,118.51143816
2025-01-19 10:00:00+00:00,116.90338307
2025-01-19 11:00:00+00:00,115.15900268
2025-01-19 12:00:00+00:00,117.95902699
2025-01-19 13:00:00+00:00,119.12162916
2025-01-19 14:00:00+00:00,122.80108737
2025-01-19 15:00:00+00:00,124.29108248
2025-01-19 16:00:00+00:00,123.14364312
2025-01-19 17:00:00+00:00,124.76915073
2025-01-19 18:00:00+00:00,124.63041066
2025-01-19 19:00:00+00:00,123.87469191
2025-01-19 20:00:00+00:00,123.53014859
2025-01-19 21:00:00+00:00,117.85526348
2025-01-19 22:00:00+00:00,116.77894526
2025-01-19 23:00:00+00:00,115.56494809
2025-01-20 00:00:00+00:00,113.07246514
2025-01-20 01:00:00+00:00,114.37572628
2025-01-20 02:00:00+00:00,116.60722715
2025-01-20 03:00:00+00:00,116.67833683
2025-01-20 04:00:00+00:00,116.81249468
2025-01-20 05:00:00+00:00,116.82724719
2025-01-20 06:00:00+00:00,121.99123236
2025-01-20 07:00:00+00:00,121.18907239
2025-01-20 08:00:00+00:00,124.07169053
2025-01-20 09:00:00+00:00,121.53961592
2025-01-20 10:00:00+00:00,120.08422113
2025-01-20 11:00:00+00:00,121.48605861
2025-01-20 12:00:00+00:00,118.81105175
2025-01-20 13:00:00+00:00,119.99688949
2025-01-20 14:00:00+00:00,122.17062284
2025-01-20 15:00:00+00:00,119.29160775
2025-01-20 16:00:00+00:00,121.15763457
2025-01-20 17:00:00+00:00,115.77610326
2025-01-20 18:00:00+00:00,121.09895132
2025-01-20 19:00:00+00:00,120.1132767
2025-01-20 20:00:00+00:00,120.12938137
2025-01-20 21:00:00+00:00,117.72304157
2025-01-20 22:00:00+00:00,119.42609669
2025-01-20 23:00:00+00:00,118.60033909
2025-01-21 00:00:00+00:00,116.45214047
2025-01-21 01:00:00+00:00,115.63269493
2025-01-21 02:00:00+00:00,116.13414504
2025-01-21 03:00:00+00:00,116.77315779
2025-01-21 04:00:00+00:00,116.16402645
2025-01-21 05:00:00+00:00,114.58151237
2025-01-21 06:00:00+00:00,114.9788433
2025-01-21 07:00:00+00:00,115.91133064
2025-01-21 08:00:00+00:00,118.30684252
2025-01-21 09:00:00+00:00,117.69628342
2025-01-21 10:00:00+00:00,118.89744382
2025-01-21 11:00:00+00:00,121.2696855
2025-01-21 12:00:00+00:00,121.88135861
2025-01-21 13:00:00+00:00,121.16536893
2025-01-21 14:00:00+00:00,119.35216559
2025-01-21 15:00:00+00:00,119.99887734
2025-01-21 16:00:00+00:00,121.13233116
2025-01-21 17:00:00+00:00,121.87193274
2025-01-21 18:00:00+00:00,121.66761766
2025-01-21 19:00:00+00:00,121.09041245
2025-01-21 20:00:00+00:00,120.41220579
2025-01-21 21:00:00+00:00,119.8647603
2025-01-21 22:00:00+00:00,119.17057832
2025-01-21 23:00:00+00:00,119.1115578
2025-01-22 00:00:00+00:00,120.18248695
2025-01-22 01:00:00+00:00,118.82558947
2025-01-22 02:00:00+00:00,118.53504876
2025-01-22 03:00:00+00:00,118.11602282
2025-01-22 04:00:00+00:00,117.26509687
2025-01-22 05:00:00+00:00,116.58572067
2025-01-22 06:00:00+00:00,116.37582123
2025-01-22 07:00:00+00:00,116.20785615
2025-01-22 08:00:00+00:00,116.73958314
2025-01-22 09:00:00+00:00,116.62254763
2025-01-22 10:00:00+00:00,116.53788918
2025-01-22 11:00:00+00:00,117.17177255
2025-01-22 12:00:00+00:00,116.77749231
2025-01-22 13:00:00+00:00,115.26468356
2025-01-22 14:00:00+00:00,115.88254913
2025-01-22 15:00:00+00:00,115.73835761
2025-01-22 16:00:00+00:00,116.61988
2025-01-22 17:00:00+00:00,117.02082359
2025-01-22 18:00:00+00:00,116.38410909
2025-01-22 19:00:00+00:00,117.58840308
2025-01-22 20:00:00+00:00,116.56591589
2025-01-22 21:00:00+00:00,116.28193399
2025-01-22 22:00:00+00:00,114.88380791
2025-01-22 23:00:00+00:00,115.36184023
2025-01-23 00:00:00+00:00,115.33607346
2025-01-23 01:00:00+00:00,114.38579434
2025-01-23 02:00:00+00:00,113.57486266
2025-01-23 03:00:00+00:00,114.29691527
2025-01-23 04:00:00+00:00,113.05127038
2025-01-23 05:00:00+00:00,113.50220507
2025-01-23 06:00:00+00:00,113.04425402
2025-01-23 07:00:00+00:00,113.41133734
2025-01-23 08:00:00+00:00,112.50287806
2025-01-23 09:00:00+00:00,112.42849811
2025-01-23 10:00:00+00:00,111.80350575
2025-01-23 11:00:00+00:00,112.37155324
2025-01-23 12:00:00+00:00,111.8945197
2025-01-23 13:00:00+00:00,113.4677324
2025-01-23 14:00:00+00:00,115.60527036
2025-01-23 15:00:00+00:00,115.90251625
2025-01-23 16:00:00+00:00,116.19147688
2025-01-23 17:00:00+00:00,116.11399795
2025-01-23 18:00:00+00:00,114.51004738
2025-01-23 19:00:00+00:00,113.79789306
2025-01-23 20:00:00+00:00,115.65330008
2025-01-23 21:00:00+00:00,113.73777655
2025-01-23 22:00:00+00:00,116.13895843
2025-01-23 23:00:00+00:00,116.42820377
2025-01-24 00:00:00+00:00,113.9169921
2025-01-24 01:00:00+00:00,113.89789752
2025-01-24 02:00:00+00:00,113.19024369
2025-01-24 03:00:00+00:00,115.28243731
2025-01-24 04:00:00+00:00,115.98487679
2025-01-24 05:00:00+00:00,117.05266917
2025-01-24 06:00:00+00:00,116.7929461
2025-01-24 07:00:00+00:00,117.11425157
2025-01-24 08:00:00+00:00,118.34269872
2025-01-24 09:00:00+00:00,117.83160263
2025-01-24 10:00:00+00:00,118.19528536
2025-01-24 11:00:00+00:00,117.66452996
2025-01-24 12:00:00+00:00,118.11588591
2025-01-24 13:00:00+00:00,119.58162753
2025-01-24 14:00:00+00:00,122.18394718
2025-01-24 15:00:00+00:00,122.13355132
2025-01-24 16:00:00+00:00,120.43615416
2025-01-24 17:00:00+00:00,120.71377212
2025-01-24 18:00:00+00:00,119.3498158
2025-01-24 19:00:00+00:00,118.98409518
2025-01-24 20:00:00+00:00,116.70876773
2025-01-24 21:00:00+00:00,119.1623294
2025-01-24 22:00:00+00:00,118.55538123
2025-01-24 23:00:00+00:00,118.74524032
2025-01-25 00:00:00+00:00,120.00541339
2025-01-25 01:00:00+00:00,124.69224995
2025-01-25 02:00:00+00:00,122.99520806
2025-01-25 03:00:00+00:00,124.06469562
2025-01-25 04:00:00+00:00,124.1833073
2025-01-25 05:00:00+00:00,122.82126691
2025-01-25 06:00:00+00:00,121.94296631
2025-01-25 07:00:00+00:00,121.20576248
2025-01-25 08:00:00+00:00,120.89133842
2025-01-25 09:00:00+00:00,122.45021209
2025-01-25 10:00:00+00:00,121.47649026
2025-01-25 11:00:00+00:00,122.47483195
2025-01-25 12:00:00+00:00,124.95452133
2025-01-25 13:00:00+00:00,125.44867656
2025-01-25 14:00:00+00:00,126.74855385
2025-01-25 15:00:00+00:00,128.02949255
2025-01-25 16:00:00+00:00,128.64362505
2025-01-25 17:00:00+00:00,126.30526936
2025-01-25 18:00:00+00:00,125.80918126
2025-01-25 19:00:00+00:00,126.86950768
2025-01-25 20:00:00+00:00,125.19103796
2025-01-25 21:00:00+00:00,124.64766361
2025-01-25 22:00:00+00:00,124.46784268
2025-01-25 23:00:00+00:00,123.92856955
2025-01-26 00:00:00+00:00,123.38045246
2025-01-26 01:00:00+00:00,124.34315009
2025-01-26 02:00:00+00:00,123.6288366
2025-01-26 03:00:00+00:00,123.7705528
2025-01-26 04:00:00+00:00,123.99068236
2025-01-26 05:00:00+00:00,124.14884447
2025-01-26 06:00:00+00:00,124.13206009
2025-01-26 07:00:00+00:00,124.20036637
2025-01-26 08:00:00+00:00,124.79617625
2025-01-26 09:00:00+00:00,122.55380438
2025-01-26 10:00:00+00:00,122.44618062
2025-01-26 11:00:00+00:00,122.73484733
2025-01-26 12:00:00+00:00,122.26813769
2025-01-26 13:00:00+00:00,122.07317237
2025-01-26 14:00:00+00:00,122.90219524
2025-01-26 15:00:00+00:00,122.23311461
2025-01-26 16:00:00+00:00,121.62751259
2025-01-26 17:00:00+00:00,121.18066517
2025-01-26 18:00:00+00:00,121.79983576
2025-01-26 19:00:00+00:00,121.85403114
2025-01-26 20:00:00+00:00,121.91524103
2025-01-26 21:00:00+00:00,120.88158128
2025-01-26 22:00:00+00:00,120.31531954
2025-01-26 23:00:00+00:00,117.11057506
2025-01-27 00:00:00+00:00,116.00804665
2025-01-27 01:00:00+00:00,114.80022835
2025-01-27 02:00:00+00:00,113.47828205
2025-01-27 03:00:00+00:00,114.82946807
2025-01-27 04:00:00+00:00,113.6959724
2025-01-27 05:00:00+00:00,112.95893037
2025-01-27 06:00:00+00:00,110.89434506
2025-01-27 07:00:00+00:00,109.67058843
2025-01-27 08:00:00+00:00,108.67192549
2025-01-27 09:00:00+00:00,109.07011216
2025-01-27 10:00:00+00:00,106.52901879
2025-01-27 11:00:00+00:00,106.85422114
2025-01-27 12:00:00+00:00,110.02574248
2025-01-27 13:00:00+00:00,110.10754081
2025-01-27 14:00:00+00:00,113.23126776
2025-01-27 15:00:00+00:00,112.22398413
2025-01-27 16:00:00+00:00,110.96355138
2025-01-27 17:00:00+00:00,110.70958167
2025-01-27 18:00:00+00:00,109.63575413
2025-01-27 19:00:00+00:00,110.44654218
2025-01-27 20:00:00+00:00,113.70596303
2025-01-27 21:00:00+00:00,114.10103514
2025-01-27 22:00:00+00:00,114.96065129
2025-01-27 23:00:00+00:00,115.03139999
2025-01-28 00:00:00+00:00,114.36565793
2025-01-28 01:00:00+00:00,113.97308892
2025-01-28 02:00:00+00:00,115.81887282
2025-01-28 03:00:00+00:00,114.98648898
2025-01-28 04:00:00+00:00,115.7721892
2025-01-28 05:00:00+00:00,115.34312658
2025-01-28 06:00:00+00:00,115.60909141
2025-01-28 07:00:00+00:00,116.11982154
2025-01-28 08:00:00+00:00,115.42060835
2025-01-28 09:00:00+00:00,114.94379603
2025-01-28 10:00:00+00:00,114.7049213
2025-01-28 11:00:00+00:00,114.57138069
2025-01-28 12:00:00+00:00,114.52106403
2025-01-28 13:00:00+00:00,114.45127575
2025-01-28 14:00:00+00:00,114.08774683
2025-01-28 15:00:00+00:00,114.21337128
2025-01-28 16:00:00+00:00,113.00907862
2025-01-28 17:00:00+00:00,114.60683768
2025-01-28 18:00:00+00:00,112.67287048
2025-01-28 19:00:00+00:00,112.99621522
2025-01-28 20:00:00+00:00,110.94287483
2025-01-28 21:00:00+00:00,109.58213774
2025-01-28 22:00:00+00:00,110.6691522
2025-01-28 23:00:00+00:00,109.95700901
2025-01-29 00:00:00+00:00,111.25157173
2025-01-29 01:00:00+00:00,111.96927598
2025-01-29 02:00:00+00:00,113.38800579
2025-01-29 03:00:00+00:00,113.36887018
2025-01-29 04:00:00+00:00,113.79202683
2025-01-29 05:00:00+00:00,113.91399421
2025-01-29 06:00:00+00:00,115.03185156
2025-01-29 07:00:00+00:00,114.71967791
2025-01-29 08:00:00+00:00,113.99116205
2025-01-29 09:00:00+00:00,113.63620796
2025-01-29 10:00:00+00:00,113.46043149
2025-01-29 11:00:00+00:00,113.09308595
2025-01-29 12:00:00+00:00,112.77972037
2025-01-29 13:00:00+00:00,111.96691621
2025-01-29 14:00:00+00:00,111.42072055
2025-01-29 15:00:00+00:00,111.64607282
2025-01-29 16:00:00+00:00,111.25095368
2025-01-29 17:00:00+00:00,112.2646438
2025-01-29 18:00:00+00:00,113.63938795
2025-01-29 19:00:00+00:00,112.94960181
2025-01-29 20:00:00+00:00,114.27859444
2025-01-29 21:00:00+00:00,116.98047266
2025-01-29 22:00:00+00:00,116.45590782
2025-01-29 23:00:00+00:00,115.87359594
2025-01-30 00:00:00+00:00,116.50897407
2025-01-30 01:00:00+00:00,119.90529833
2025-01-30 02:00:00+00:00,120.59389842
2025-01-30 03:00:00+00:00,121.16346225
2025-01-30 04:00:00+00:00,125.40972267
2025-01-30 05:00:00+00:00,125.99479547
2025-01-30 06:00:00+00:00,128.08854998
2025-01-30 07:00:00+00:00,127.37183297
2025-01-30 08:00:00+00:00,127.28852741
2025-01-30 09:00:00+00:00,129.66699818
2025-01-30 10:00:00+00:00,129.46940973
2025-01-30 11:00:00+00:00,128.73795434
2025-01-30 12:00:00+00:00,132.40646974
2025-01-30 13:00:00+00:00,132.50825422
2025-01-30 14:00:00+00:00,131.25552609
2025-01-30 15:00:00+00:00,131.13097251
2025-01-30 16:00:00+00:00,130.42422803
2025-01-30 17:00:00+00:00,129.22234548
2025-01-30 18:00:00+00:00,129.56077701
2025-01-30 19:00:00+00:00,128.64819727
2025-01-30 20:00:00+00:00,126.96975685
2025-01-30 21:00:00+00:00,129.41970243
2025-01-30 22:00:00+00:00,129.6657999
2025-01-30 23:00:00+00:00,130.12519709
2025-01-31 00:00:00+00:00,128.77115575
2025-01-31 01:00:00+00:00,128.30956846
2025-01-31 02:00:00+00:00,127.00924944
2025-01-31 03:00:00+00:00,125.96752582
2025-01-31 04:00:00+00:00,126.99142387
2025-01-31 05:00:00+00:00,129.0785896
2025-01-31 06:00:00+00:00,129.32327858
2025-01-31 07:00:00+00:00,129.27520749
2025-01-31 08:00:00+00:00,129.75489556
2025-01-31 09:00:00+00:00,130.29441731
2025-01-31 10:00:00+00:00,132.7908963
2025-01-31 11:00:00+00:00,132.17560021
2025-01-31 12:00:00+00:00,132.08424638
2025-01-31 13:00:00+00:00,129.74408525
2025-01-31 14:00:00+00:00,129.75991077
2025-01-31 15:00:00+00:00,130.53854879
2025-01-31 16:00:00+00:00,129.21152912
2025-01-31 17:00:00+00:00,128.17960604
2025-01-31 18:00:00+00:00,127.06069417
2025-01-31 19:00:00+00:00,126.39391981
2025-01-31 20:00:00+00:00,128.13668615
2025-01-31 21:00:00+00:00,128.29207255
2025-01-31 22:00:00+00:00,127.65462922
2025-01-31 23:00:00+00:00,128.08092436
2025-02-01 00:00:00+00:00,127.4554143
2025-02-01 01:00:00+00:00,127.29900103
2025-02-01 02:00:00+00:00,130.29274412
2025-02-01 03:00:00+00:00,129.43631477
2025-02-01 04:00:00+00:00,129.54124491
2025-02-01 05:00:00+00:00,130.09982051
2025-02-01 06:00:00+00:00,130.21100251
2025-02-01 07:00:00+00:00,126.32504143
2025-02-01 08:00:00+00:00,124.25587351
2025-02-01 09:00:00+00:00,123.34381867
2025-02-01 10:00:00+00:00,123.49068165
2025-02-01 11:00:00+00:00,124.23909086
2025-02-01 12:00:00+00:00,123.6686522
2025-02-01 13:00:00+00:00,122.15886359
2025-02-01 14:00:00+00:00,121.66736898
2025-02-01 15:00:00+00:00,122.43291191
2025-02-01 16:00:00+00:00,122.38600149
2025-02-01 17:00:00+00:00,122.64411346
2025-02-01 18:00:00+00:00,122.01652752
2025-02-01 19:00:00+00:00,121.02279205
2025-02-01 20:00:00+00:00,120.47743712
2025-02-01 21:00:00+00:00,121.31494113
2025-02-01 22:00:00+00:00,118.58604225
2025-02-01 23:00:00+00:00,118.09655834
2025-02-02 00:00:00+00:00,120.58850134
2025-02-02 01:00:00+00:00,120.62729272
2025-02-02 02:00:00+00:00,118.2206688
2025-02-02 03:00:00+00:00,114.18796534
2025-02-02 04:00:00+00:00,115.44158092
2025-02-02 05:00:00+00:00,116.86065646
2025-02-02 06:00:00+00:00,116.55113084
2025-02-02 07:00:00+00:00,115.54472463
2025-02-02 08:00:00+00:00,116.69164063
2025-02-02 09:00:00+00:00,116.86745219
2025-02-02 10:00:00+00:00,115.41389071
2025-02-02 11:00:00+00:00,113.89397432
2025-02-02 12:00:00+00:00,114.17208082
2025-02-02 13:00:00+00:00,116.76278082
2025-02-02 14:00:00+00:00,115.79269386
2025-02-02 15:00:00+00:00,115.31813581
2025-02-02 16:00:00+00:00,111.51073811
2025-02-02 17:00:00+00:00,110.0267611
2025-02-02 18:00:00+00:00,108.57611162
2025-02-02 19:00:00+00:00,110.93634496
2025-02-02 20:00:00+00:00,110.09869599
2025-02-02 21:00:00+00:00,108.38992308
2025-02-02 22:00:00+00:00,108.79584923
2025-02-02 23:00:00+00:00,109.15701026
2025-02-03 00:00:00+00:00,105.36825116
2025-02-03 01:00:00+00:00,92.65827894
2025-02-03 02:00:00+00:00,89.64288492
2025-02-03 03:00:00+00:00,93.26979182
2025-02-03 04:00:00+00:00,90.65142973
2025-02-03 05:00:00+00:00,94.47489302
2025-02-03 06:00:00+00:00,94.95401101
2025-02-03 07:00:00+00:00,99.33683157
2025-02-03 08:00:00+00:00,96.84501538
2025-02-03 09:00:00+00:00,96.82613472
2025-02-03 10:00:00+00:00,99.29825833
2025-02-03 11:00:00+00:00,97.2977917
2025-02-03 12:00:00+00:00,95.94963212
2025-02-03 13:00:00+00:00,95.51106998
2025-02-03 14:00:00+00:00,97.35760446
2025-02-03 15:00:00+00:00,103.11735505
2025-02-03 16:00:00+00:00,101.90908539
2025-02-03 17:00:00+00:00,103.12493395
2025-02-03 18:00:00+00:00,103.81435292
2025-02-03 19:00:00+00:00,106.58813667
2025-02-03 20:00:00+00:00,104.20858715
2025-02-03 21:00:00+00:00,107.74475768
2025-02-03 22:00:00+00:00,107.9117957
2025-02-03 23:00:00+00:00,106.93406255
2025-02-04 00:00:00+00:00,107.1235883
2025-02-04 01:00:00+00:00,107.56246515
2025-02-04 02:00:00+00:00,105.11968192
2025-02-04 03:00:00+00:00,104.54470641
2025-02-04 04:00:00+00:00,103.46776603
2025-02-04 05:00:00+00:00,99.75722472
2025-02-04 06:00:00+00:00,101.3687278
2025-02-04 07:00:00+00:00,99.3656739
2025-02-04 08:00:00+00:00,99.60422665
2025-02-04 09:00:00+00:00,99.65376388
2025-02-04 10:00:00+00:00,101.30429536
2025-02-04 11:00:00+00:00,100.87462866
2025-02-04 12:00:00+00:00,102.97924648
2025-02-04 13:00:00+00:00,102.4795064
2025-02-04 14:00:00+00:00,104.25844793
2025-02-04 15:00:00+00:00,102.70843505
2025-02-04 16:00:00+00:00,102.57620541
2025-02-04 17:00:00+00:00,102.5361126
2025-02-04 18:00:00+00:00,103.85132693
2025-02-04 19:00:00+00:00,102.3344755
2025-02-04 20:00:00+00:00,101.20346743
2025-02-04 21:00:00+00:00,98.78088988
2025-02-04 22:00:00+00:00,100.92026443
2025-02-04 23:00:00+00:00,101.05765402
2025-02-05 00:00:00+00:00,101.42887915
2025-02-05 01:00:00+00:00,101.65845838
2025-02-05 02:00:00+00:00,102.65826431
2025-02-05 03:00:00+00:00,102.95133181
2025-02-05 04:00:00+00:00,102.57378708
2025-02-05 05:00:00+00:00,103.15376121
2025-02-05 06:00:00+00:00,101.90972024
2025-02-05 07:00:00+00:00,102.63324451
2025-02-05 08:00:00+00:00,102.91936395
2025-02-05 09:00:00+00:00,103.35811659
2025-02-05 10:00:00+00:00,104.69386155
2025-02-05 11:00:00+00:00,106.77616492
2025-02-05 12:00:00+00:00,105.13575928
2025-02-05 13:00:00+00:00,105.47877784
2025-02-05 14:00:00+00:00,107.01381894
2025-02-05 15:00:00+00:00,107.59367071
2025-02-05 16:00:00+00:00,105.41297971
2025-02-05 17:00:00+00:00,103.3950684
2025-02-05 18:00:00+00:00,103.74969034
2025-02-05 19:00:00+00:00,105.75322872
2025-02-05 20:00:00+00:00,104.27659406
2025-02-05 21:00:00+00:00,103.82025538
2025-02-05 22:00:00+00:00,102.60894431
2025-02-05 23:00:00+00:00,103.38168719
2025-02-06 00:00:00+00:00,104.15525266
2025-02-06 01:00:00+00:00,104.6437101
2025-02-06 02:00:00+00:00,105.8992764
2025-02-06 03:00:00+00:00,105.42603109
2025-02-06 04:00:00+00:00,106.34998997
2025-02-06 05:00:00+00:00,105.97058698
2025-02-06 06:00:00+00:00,108.14872355
2025-02-06 07:00:00+00:00,107.07113563
2025-02-06 08:00:00+00:00,106.53081666
2025-02-06 09:00:00+00:00,108.56328308
2025-02-06 10:00:00+00:00,108.17015952
2025-02-06 11:00:00+00:00,106.83596521
2025-02-06 12:00:00+00:00,105.53436224
2025-02-06 13:00:00+00:00,106.2113165
2025-02-06 14:00:00+00:00,104.1162571
2025-02-06 15:00:00+00:00,101.95909272
2025-02-06 16:00:00+00:00,100.71370947
2025-02-06 17:00:00+00:00,100.99666705
2025-02-06 18:00:00+00:00,100.34076371
2025-02-06 19:00:00+00:00,99.85220308
2025-02-06 20:00:00+00:00,101.98869107
2025-02-06 21:00:00+00:00,101.50512967
2025-02-06 22:00:00+00:00,101.59386955
2025-02-06 23:00:00+00:00,101.6767518
2025-02-07 00:00:00+00:00,103.65203932
2025-02-07 01:00:00+00:00,104.8402507
2025-02-07 02:00:00+00:00,104.38014107
2025-02-07 03:00:00+00:00,104.07033519
2025-02-07 04:00:00+00:00,103.41033611
2025-02-07 05:00:00+00:00,104.35221288
2025-02-07 06:00:00+00:00,104.03999469
2025-02-07 07:00:00+00:00,105.12715275
2025-02-07 08:00:00+00:00,104.96472778
2025-02-07 09:00:00+00:00,105.04536881
2025-02-07 10:00:00+00:00,104.40734875
2025-02-07 11:00:00+00:00,104.98323077
2025-02-07 12:00:00+00:00,105.26677309
2025-02-07 13:00:00+00:00,107.18247039
2025-02-07 14:00:00+00:00,107.30158038
2025-02-07 15:00:00+00:00,106.06994314
2025-02-07 16:00:00+00:00,104.46516062
2025-02-07 17:00:00+00:00,103.98343934
2025-02-07 18:00:00+00:00,104.85396579
2025-02-07 19:00:00+00:00,102.90760575
2025-02-07 20:00:00+00:00,100.79760267
2025-02-07 21:00:00+00:00,101.51644354
2025-02-07 22:00:00+00:00,101.69444617
2025-02-07 23:00:00+00:00,103.11627054
2025-02-08 00:00:00+00:00,104.18146844
2025-02-08 01:00:00+00:00,103.84998425
2025-02-08 02:00:00+00:00,104.09389812
2025-02-08 03:00:00+00:00,103.76563187
2025-02-08 04:00:00+00:00,103.48556923
2025-02-08 05:00:00+00:00,103.16734878
2025-02-08 06:00:00+00:00,103.47235504
2025-02-08 07:00:00+00:00,102.95654941
2025-02-08 08:00:00+00:00,102.81946613
2025-02-08 09:00:00+00:00,103.06037844
2025-02-08 10:00:00+00:00,102.68004628
2025-02-08 11:00:00+00:00,102.88987487
2025-02-08 12:00:00+00:00,102.24618595
2025-02-08 13:00:00+00:00,102.98156677
2025-02-08 14:00:00+00:00,102.47839002
2025-02-08 15:00:00+00:00,102.5504294
2025-02-08 16:00:00+00:00,103.58136484
2025-02-08 17:00:00+00:00,104.35902803
2025-02-08 18:00:00+00:00,104.52958913
2025-02-08 19:00:00+00:00,104.48721436
2025-02-08 20:00:00+00:00,104.86937206
2025-02-08 21:00:00+00:00,104.81077635
2025-02-08 22:00:00+00:00,104.31535334
2025-02-08 23:00:00+00:00,104.69399977
2025-02-09 00:00:00+00:00,105.23622083
2025-02-09 01:00:00+00:00,105.81612959
2025-02-09 02:00:00+00:00,105.48724802
2025-02-09 03:00:00+00:00,107.51935727
2025-02-09 04:00:00+00:00,107.13783439
2025-02-09 05:00:00+00:00,106.66310442
2025-02-09 06:00:00+00:00,106.34394018
2025-02-09 07:00:00+00:00,106.88684679
2025-02-09 08:00:00+00:00,106.1002561
2025-02-09 09:00:00+00:00,106.11105544
2025-02-09 10:00:00+00:00,106.18705441
2025-02-09 11:00:00+00:00,106.51650672
2025-02-09 12:00:00+00:00,107.06809825
2025-02-09 13:00:00+00:00,105.21070434
2025-02-09 14:00:00+00:00,106.42749518
2025-02-09 15:00:00+00:00,108.02634105
2025-02-09 16:00:00+00:00,108.42528678
2025-02-09 17:00:00+00:00,108.13706147
2025-02-09 18:00:00+00:00,108.1086836
2025-02-09 19:00:00+00:00,105.99834316
2025-02-09 20:00:00+00:00,106.4950338
2025-02-09 21:00:00+00:00,103.3139007
2025-02-09 22:00:00+00:00,105.14180867
2025-02-09 23:00:00+00:00,107.16379086
2025-02-10 00:00:00+00:00,110.34162481
2025-02-10 01:00:00+00:00,108.5422907
2025-02-10 02:00:00+00:00,108.63284524
2025-02-10 03:00:00+00:00,112.41692515
2025-02-10 04:00:00+00:00,112.80511718
2025-02-10 05:00:00+00:00,113.16038084
2025-02-10 06:00:00+00:00,113.63507703
2025-02-10 07:00:00+00:00,115.29260288
2025-02-10 08:00:00+00:00,115.82577623
2025-02-10 09:00:00+00:00,116.7490303
2025-02-10 10:00:00+00:00,115.75593939
2025-02-10 11:00:00+00:00,117.9790303
2025-02-10 12:00:00+00:00,116.87809091
2025-02-10 13:00:00+00:00,118.53739394
2025-02-10 14:00:00+00:00,117.65309091
2025-02-10 15:00:00+00:00,117.99739394
2025-02-10 16:00:00+00:00,120.56815152
2025-02-10 17:00:00+00:00,119.80078788
2025-02-10 18:00:00+00:00,119.37630303
2025-02-10 19:00:00+00:00,119.41521212
2025-02-10 20:00:00+00:00,120.19384848
2025-02-10 21:00:00+00:00,120.05963636
2025-02-10 22:00:00+00:00,119.30830303
2025-02-10 23:00:00+00:00,120.20651515
2025-02-11 00:00:00+00:00,122.77439394
2025-02-11 01:00:00+00:00,121.43954545
2025-02-11 02:00:00+00:00,122.67224242
2025-02-11 03:00:00+00:00,126.59072727
2025-02-11 04:00:00+00:00,130.13733333
2025-02-11 05:00:00+00:00,129.48921212
2025-02-11 06:00:00+00:00,129.00415152
2025-02-11 07:00:00+00:00,129.37412121
2025-02-11 08:00:00+00:00,129.72836364
2025-02-11 09:00:00+00:00,127.37939394
2025-02-11 10:00:00+00:00,127.20390909
2025-02-11 11:00:00+00:00,128.02981818
2025-02-11 12:00:00+00:00,129.15687879
2025-02-11 13:00:00+00:00,125.44027273
2025-02-11 14:00:00+00:00,127.50633333
2025-02-11 15:00:00+00:00,125.07781818
2025-02-11 16:00:00+00:00,123.88042424
2025-02-11 17:00:00+00:00,122.56357576
2025-02-11 18:00:00+00:00,120.22936364
2025-02-11 19:00:00+00:00,118.80584848
2025-02-11 20:00:00+00:00,120.08030303
2025-02-11 21:00:00+00:00,119.93254545
2025-02-11 22:00:00+00:00,119.3100303
2025-02-11 23:00:00+00:00,119.33278788
2025-02-12 00:00:00+00:00,118.85442424
2025-02-12 01:00:00+00:00,119.54815152
2025-02-12 02:00:00+00:00,117.1620303
2025-02-12 03:00:00+00:00,117.49251515
2025-02-12 04:00:00+00:00,116.04306061
2025-02-12 05:00:00+00:00,117.37166667
2025-02-12 06:00:00+00:00,116.2410303
2025-02-12 07:00:00+00:00,116.97306061
2025-02-12 08:00:00+00:00,117.73263636
2025-02-12 09:00:00+00:00,117.44169697
2025-02-12 10:00:00+00:00,116.60181818
2025-02-12 11:00:00+00:00,116.89345455
2025-02-12 12:00:00+00:00,115.90348485
2025-02-12 13:00:00+00:00,114.86863636
2025-02-12 14:00:00+00:00,115.57236364
2025-02-12 15:00:00+00:00,115.84157576
2025-02-12 16:00:00+00:00,119.60263636
2025-02-12 17:00:00+00:00,121.56581818
2025-02-12 18:00:00+00:00,120.79621212
2025-02-12 19:00:00+00:00,123.70318182
2025-02-12 20:00:00+00:00,122.315
2025-02-12 21:00:00+00:00,122.38321212
2025-02-12 22:00:00+00:00,122.95245455
2025-02-12 23:00:00+00:00,122.0240303
2025-02-13 00:00:00+00:00,125.75321212
2025-02-13 01:00:00+00:00,126.93727273
2025-02-13 02:00:00+00:00,124.30036364
2025-02-13 03:00:00+00:00,124.32984848
2025-02-13 04:00:00+00:00,124.34724242
2025-02-13 05:00:00+00:00,122.89084848
2025-02-13 06:00:00+00:00,121.22772727
2025-02-13 07:00:00+00:00,121.77912121
2025-02-13 08:00:00+00:00,121.07309091
2025-02-13 09:00:00+00:00,122.48533333
2025-02-13 10:00:00+00:00,121.28657576
2025-02-13 11:00:00+00:00,121.91518182
2025-02-13 12:00:00+00:00,120.87633333
2025-02-13 13:00:00+00:00,120.91293939
2025-02-13 14:00:00+00:00,119.86169697
2025-02-13 15:00:00+00:00,122.45230303
2025-02-13 16:00:00+00:00,121.82381818
2025-02-13 17:00:00+00:00,124.53269697
2025-02-13 18:00:00+00:00,126.19575758
2025-02-13 19:00:00+00:00,125.46763636
2025-02-13 20:00:00+00:00,126.00972727
2025-02-13 21:00:00+00:00,127.19875758
2025-02-13 22:00:00+00:00,124.98860606
2025-02-13 23:00:00+00:00,126.60433333
2025-02-14 00:00:00+00:00,126.78812121
2025-02-14 01:00:00+00:00,127.74378788
2025-02-14 02:00:00+00:00,125.54187879
2025-02-14 03:00:00+00:00,127.49312121
2025-02-14 04:00:00+00:00,126.51336364
2025-02-14 05:00:00+00:00,126.8280303
2025-02-14 06:00:00+00:00,126.44481818
2025-02-14 07:00:00+00:00,127.036
2025-02-14 08:00:00+00:00,127.46475758
2025-02-14 09:00:00+00:00,131.06172727
2025-02-14 10:00:00+00:00,130.96433333
2025-02-14 11:00:00+00:00,130.04548485
2025-02-14 12:00:00+00:00,128.0779697
2025-02-14 13:00:00+00:00,129.63178788
2025-02-14 14:00:00+00:00,129.31357576
2025-02-14 15:00:00+00:00,127.93545455
2025-02-14 16:00:00+00:00,128.34739394
2025-02-14 17:00:00+00:00,129.13869697
2025-02-14 18:00:00+00:00,128.04706061
2025-02-14 19:00:00+00:00,127.45848485
2025-02-14 20:00:00+00:00,126.73836364
2025-02-14 21:00:00+00:00,127.3750303
2025-02-14 22:00:00+00:00,124.93675758
2025-02-14 23:00:00+00:00,124.89606061
2025-02-15 00:00:00+00:00,125.36857576
2025-02-15 01:00:00+00:00,127.60121212
2025-02-15 02:00:00+00:00,129.45657576
2025-02-15 03:00:00+00:00,129.54672727
2025-02-15 04:00:00+00:00,130.52212121
2025-02-15 05:00:00+00:00,128.84648485
2025-02-15 06:00:00+00:00,128.75269697
2025-02-15 07:00:00+00:00,129.53327273
2025-02-15 08:00:00+00:00,131.03366667
2025-02-15 09:00:00+00:00,131.44366667
2025-02-15 10:00:00+00:00,132.05663636
2025-02-15 11:00:00+00:00,131.97915152
2025-02-15 12:00:00+00:00,131.97993939
2025-02-15 13:00:00+00:00,131.72324242
2025-02-15 14:00:00+00:00,133.07469697
2025-02-15 15:00:00+00:00,133.85339394
2025-02-15 16:00:00+00:00,132.46951515
2025-02-15 17:00:00+00:00,131.02727273
2025-02-15 18:00:00+00:00,131.72469697
2025-02-15 19:00:00+00:00,130.20590909
2025-02-15 20:00:00+00:00,130.46909091
2025-02-15 21:00:00+00:00,131.84775758
2025-02-15 22:00:00+00:00,131.3940303
2025-02-15 23:00:00+00:00,133.84654545
2025-02-16 00:00:00+00:00,134.83678788
2025-02-16 01:00:00+00:00,136.18457576
2025-02-16 02:00:00+00:00,135.93087879
2025-02-16 03:00:00+00:00,134.84418182
2025-02-16 04:00:00+00:00,136.3630303
2025-02-16 05:00:00+00:00,136.4020303
2025-02-16 06:00:00+00:00,133.98475758
2025-02-16 07:00:00+00:00,132.44939394
2025-02-16 08:00:00+00:00,131.74615152
2025-02-16 09:00:00+00:00,132.62793939
2025-02-16 10:00:00+00:00,131.88715152
2025-02-16 11:00:00+00:00,131.74572727
2025-02-16 12:00:00+00:00,132.25757576
2025-02-16 13:00:00+00:00,128.43975758
2025-02-16 14:00:00+00:00,128.05630303
2025-02-16 15:00:00+00:00,127.06948485
2025-02-16 16:00:00+00:00,127.02757576
2025-02-16 17:00:00+00:00,125.95754545
2025-02-16 18:00:00+00:00,126.33833333
2025-02-16 19:00:00+00:00,126.60875758
2025-02-16 20:00:00+00:00,125.84815152
2025-02-16 21:00:00+00:00,126.59669697
2025-02-16 22:00:00+00:00,126.74515152
2025-02-16 23:00:00+00:00,125.69257576
2025-02-17 00:00:00+00:00,127.06409091
2025-02-17 01:00:00+00:00,127.99633333
2025-02-17 02:00:00+00:00,125.54178788
2025-02-17 03:00:00+00:00,124.62645455
2025-02-17 04:00:00+00:00,124.80381818
2025-02-17 05:00:00+00:00,125.48633333
2025-02-17 06:00:00+00:00,126.63281818
2025-02-17 07:00:00+00:00,125.49493939
2025-02-17 08:00:00+00:00,125.63945455
2025-02-17 09:00:00+00:00,125.6490303
2025-02-17 10:00:00+00:00,124.35781818
2025-02-17 11:00:00+00:00,124.22324242
2025-02-17 12:00:00+00:00,124.33427273
2025-02-17 13:00:00+00:00,123.56569697
2025-02-17 14:00:00+00:00,123.96412121
2025-02-17 15:00:00+00:00,122.10451515
2025-02-17 16:00:00+00:00,122.43284848
2025-02-17 17:00:00+00:00,121.11042424
2025-02-17 18:00:00+00:00,120.80860606
2025-02-17 19:00:00+00:00,121.05154545
2025-02-17 20:00:00+00:00,121.04078788
2025-02-17 21:00:00+00:00,123.99466667
2025-02-17 22:00:00+00:00,122.84960606
2025-02-17 23:00:00+00:00,122.30845455
2025-02-18 00:00:00+00:00,122.07966667
2025-02-18 01:00:00+00:00,123.71433333
2025-02-18 02:00:00+00:00,123.70309091
2025-02-18 03:00:00+00:00,125.40769697
2025-02-18 04:00:00+00:00,124.17157576
2025-02-18 05:00:00+00:00,122.008
2025-02-18 06:00:00+00:00,121.44748485
2025-02-18 07:00:00+00:00,122.56233333
2025-02-18 08:00:00+00:00,122.97781818
2025-02-18 09:00:00+00:00,124.441
2025-02-18 10:00:00+00:00,124.29724242
2025-02-18 11:00:00+00:00,125.05569697
2025-02-18 12:00:00+00:00,127.61848485
2025-02-18 13:00:00+00:00,127.08460606
2025-02-18 14:00:00+00:00,126.72481818
2025-02-18 15:00:00+00:00,124.78309091
2025-02-18 16:00:00+00:00,121.87833333
2025-02-18 17:00:00+00:00,126.34633333
2025-02-18 18:00:00+00:00,124.778
2025-02-18 19:00:00+00:00,125.68766667
2025-02-18 20:00:00+00:00,126.78084848
2025-02-18 21:00:00+00:00,128.68160606
2025-02-18 22:00:00+00:00,128.1690303
2025-02-18 23:00:00+00:00,129.75354545
2025-02-19 00:00:00+00:00,131.61175758
2025-02-19 01:00:00+00:00,132.94515152
2025-02-19 02:00:00+00:00,133.33663636
2025-02-19 03:00:00+00:00,133.13851515
2025-02-19 04:00:00+00:00,130.59590909
2025-02-19 05:00:00+00:00,131.39187879
2025-02-19 06:00:00+00:00,132.38345455
2025-02-19 07:00:00+00:00,134.81448485
2025-02-19 08:00:00+00:00,135.48748485
2025-02-19 09:00:00+00:00,136.09151515
2025-02-19 10:00:00+00:00,137.79190909
2025-02-19 11:00:00+00:00,135.895
2025-02-19 12:00:00+00:00,135.87427273
2025-02-19 13:00:00+00:00,136.47
2025-02-19 14:00:00+00:00,134.38345455
2025-02-19 15:00:00+00:00,136.52615152
2025-02-19 16:00:00+00:00,135.60421212
2025-02-19 17:00:00+00:00,136.44315152
2025-02-19 18:00:00+00:00,134.8990303
2025-02-19 19:00:00+00:00,135.76675758
2025-02-19 20:00:00+00:00,135.98087879
2025-02-19 21:00:00+00:00,134.07545455
2025-02-19 22:00:00+00:00,134.938
2025-02-19 23:00:00+00:00,134.88948485
2025-02-20 00:00:00+00:00,134.66306061
2025-02-20 01:00:00+00:00,132.83212121
2025-02-20 02:00:00+00:00,133.00181818
2025-02-20 03:00:00+00:00,132.87657576
2025-02-20 04:00:00+00:00,131.95657576
2025-02-20 05:00:00+00:00,131.02236364
2025-02-20 06:00:00+00:00,129.855
2025-02-20 07:00:00+00:00,129.55024242
2025-02-20 08:00:00+00:00,129.81230303
2025-02-20 09:00:00+00:00,129.06860606
2025-02-20 10:00:00+00:00,130.22721212
2025-02-20 11:00:00+00:00,129.85863636
2025-02-20 12:00:00+00:00,128.54775758
2025-02-20 13:00:00+00:00,128.50342424
2025-02-20 14:00:00+00:00,128.11266667
2025-02-20 15:00:00+00:00,127.89045455
2025-02-20 16:00:00+00:00,126.69133333
2025-02-20 17:00:00+00:00,128.93006061
2025-02-20 18:00:00+00:00,129.04078788
2025-02-20 19:00:00+00:00,127.66524242
2025-02-20 20:00:00+00:00,129.07281818
2025-02-20 21:00:00+00:00,127.48666667
2025-02-20 22:00:00+00:00,128.12075758
2025-02-20 23:00:00+00:00,130.87445455
2025-02-21 00:00:00+00:00,134.83854545
2025-02-21 01:00:00+00:00,133.72057576
2025-02-21 02:00:00+00:00,136.13581818
2025-02-21 03:00:00+00:00,134.86645455
2025-02-21 04:00:00+00:00,135.04184848
2025-02-21 05:00:00+00:00,135.18439394
2025-02-21 06:00:00+00:00,134.046
2025-02-21 07:00:00+00:00,132.76424242
2025-02-21 08:00:00+00:00,134.41554545
2025-02-21 09:00:00+00:00,134.29190909
2025-02-21 10:00:00+00:00,135.49875758
2025-02-21 11:00:00+00:00,135.1660303
2025-02-21 12:00:00+00:00,134.84021212
2025-02-21 13:00:00+00:00,138.46051515
2025-02-21 14:00:00+00:00,135.13757576
2025-02-21 15:00:00+00:00,132.85312121
2025-02-21 16:00:00+00:00,132.87309091
2025-02-21 17:00:00+00:00,129.00045455
2025-02-21 18:00:00+00:00,127.42675758
2025-02-21 19:00:00+00:00,124.41848485
2025-02-21 20:00:00+00:00,126.17206061
2025-02-21 21:00:00+00:00,127.38415152
2025-02-21 22:00:00+00:00,127.50209091
2025-02-21 23:00:00+00:00,128.00760606
2025-02-22 00:00:00+00:00,129.10766667
2025-02-22 01:00:00+00:00,129.12542424
2025-02-22 02:00:00+00:00,128.5360303
2025-02-22 03:00:00+00:00,128.16178788
2025-02-22 04:00:00+00:00,129.92339394
2025-02-22 05:00:00+00:00,129.70518182
2025-02-22 06:00:00+00:00,129.42366667
2025-02-22 07:00:00+00:00,127.48030303
2025-02-22 08:00:00+00:00,127.31357576
2025-02-22 09:00:00+00:00,127.73942424
2025-02-22 10:00:00+00:00,127.47233333
2025-02-22 11:00:00+00:00,127.9590303
2025-02-22 12:00:00+00:00,128.13775758
2025-02-22 13:00:00+00:00,127.46372727
2025-02-22 14:00:00+00:00,127.42372727
2025-02-22 15:00:00+00:00,128.50784848
2025-02-22 16:00:00+00:00,127.76481818
2025-02-22 17:00:00+00:00,128.16021212
2025-02-22 18:00:00+00:00,127.53784848
2025-02-22 19:00:00+00:00,126.98742424
2025-02-22 20:00:00+00:00,126.77657576
2025-02-22 21:00:00+00:00,126.76754545
2025-02-22 22:00:00+00:00,126.37545455
2025-02-22 23:00:00+00:00,125.89390909
2025-02-23 00:00:00+00:00,125.93387879
2025-02-23 01:00:00+00:00,126.49148485
2025-02-23 02:00:00+00:00,125.61190909
2025-02-23 03:00:00+00:00,126.25321212
2025-02-23 04:00:00+00:00,125.93521212
2025-02-23 05:00:00+00:00,126.26654545
2025-02-23 06:00:00+00:00,127.01215152
2025-02-23 07:00:00+00:00,128.17654545
2025-02-23 08:00:00+00:00,127.59706061
2025-02-23 09:00:00+00:00,128.43854545
2025-02-23 10:00:00+00:00,128.14521212
2025-02-23 11:00:00+00:00,127.889
2025-02-23 12:00:00+00:00,127.09248485
2025-02-23 13:00:00+00:00,128.7859697
2025-02-23 14:00:00+00:00,128.69624242
2025-02-23 15:00:00+00:00,127.15536364
2025-02-23 16:00:00+00:00,127.47421212
2025-02-23 17:00:00+00:00,127.26945455
2025-02-23 18:00:00+00:00,128.46321212
2025-02-23 19:00:00+00:00,127.96793939
2025-02-23 20:00:00+00:00,128.34954545
2025-02-23 21:00:00+00:00,128.65406061
2025-02-23 22:00:00+00:00,128.53475758
2025-02-23 23:00:00+00:00,129.84957576
2025-02-24 00:00:00+00:00,129.54754545
2025-02-24 01:00:00+00:00,127.3019697
2025-02-24 02:00:00+00:00,127.104
2025-02-24 03:00:00+00:00,122.00751515
2025-02-24 04:00:00+00:00,122.71842424
2025-02-24 05:00:00+00:00,123.70618182
2025-02-24 06:00:00+00:00,124.87981818
2025-02-24 07:00:00+00:00,123.91263636
2025-02-24 08:00:00+00:00,122.61490909
2025-02-24 09:00:00+00:00,123.39521212
2025-02-24 10:00:00+00:00,123.14430303
2025-02-24 11:00:00+00:00,124.25357576
2025-02-24 12:00:00+00:00,123.92369697
2025-02-24 13:00:00+00:00,123.40166667
2025-02-24 14:00:00+00:00,121.13266667
2025-02-24 15:00:00+00:00,122.38472727
2025-02-24 16:00:00+00:00,122.77218182
2025-02-24 17:00:00+00:00,123.48090909
2025-02-24 18:00:00+00:00,123.11272727
2025-02-24 19:00:00+00:00,121.80781818
2025-02-24 20:00:00+00:00,122.40209091
2025-02-24 21:00:00+00:00,120.21318182
2025-02-24 22:00:00+00:00,113.64151515
2025-02-24 23:00:00+00:00,114.77930303
2025-02-25 00:00:00+00:00,116.24063636
2025-02-25 01:00:00+00:00,115.45454545
2025-02-25 02:00:00+00:00,115.60093939
2025-02-25 03:00:00+00:00,114.29015152
2025-02-25 04:00:00+00:00,113.19051515
2025-02-25 05:00:00+00:00,114.27415152
2025-02-25 06:00:00+00:00,112.18654545
2025-02-25 07:00:00+00:00,110.12927273
2025-02-25 08:00:00+00:00,111.91945455
2025-02-25 09:00:00+00:00,110.89993939
2025-02-25 10:00:00+00:00,112.23615152
2025-02-25 11:00:00+00:00,112.59230303
2025-02-25 12:00:00+00:00,113.29493939
2025-02-25 13:00:00+00:00,111.535
2025-02-25 14:00:00+00:00,109.71090909
2025-02-25 15:00:00+00:00,111.72390909
2025-02-25 16:00:00+00:00,111.503
2025-02-25 17:00:00+00:00,112.08360606
2025-02-25 18:00:00+00:00,111.58630303
2025-02-25 19:00:00+00:00,113.76442424
2025-02-25 20:00:00+00:00,115.0199697
2025-02-25 21:00:00+00:00,115.95748485
2025-02-25 22:00:00+00:00,115.49345455
2025-02-25 23:00:00+00:00,114.55651515
2025-02-26 00:00:00+00:00,114.45024242
2025-02-26 01:00:00+00:00,115.835
2025-02-26 02:00:00+00:00,121.29081818
2025-02-26 03:00:00+00:00,118.77030303
2025-02-26 04:00:00+00:00,119.06366667
2025-02-26 05:00:00+00:00,117.2310303
2025-02-26 06:00:00+00:00,119.22642424
2025-02-26 07:00:00+00:00,119.23584848
2025-02-26 08:00:00+00:00,119.26154545
2025-02-26 09:00:00+00:00,126.85875758
2025-02-26 10:00:00+00:00,126.3889697
2025-02-26 11:00:00+00:00,125.31490909
2025-02-26 12:00:00+00:00,123.44215152
2025-02-26 13:00:00+00:00,122.53578788
2025-02-26 14:00:00+00:00,126.88218182
2025-02-26 15:00:00+00:00,126.369
2025-02-26 16:00:00+00:00,127.22493939
2025-02-26 17:00:00+00:00,125.00839394
2025-02-26 18:00:00+00:00,121.97554545
2025-02-26 19:00:00+00:00,121.97406061
2025-02-26 20:00:00+00:00,126.64057576
2025-02-26 21:00:00+00:00,126.11739394
2025-02-26 22:00:00+00:00,127.77260606
2025-02-26 23:00:00+00:00,124.66512121
2025-02-27 00:00:00+00:00,123.99566667
2025-02-27 01:00:00+00:00,124.30036364
2025-02-27 02:00:00+00:00,123.44242424
2025-02-27 03:00:00+00:00,124.02090909
2025-02-27 04:00:00+00:00,122.77760606
2025-02-27 05:00:00+00:00,125.67439394
2025-02-27 06:00:00+00:00,127.8159697
2025-02-27 07:00:00+00:00,129.51057576
2025-02-27 08:00:00+00:00,129.45351515
2025-02-27 09:00:00+00:00,129.47521212
2025-02-27 10:00:00+00:00,131.87066667
2025-02-27 11:00:00+00:00,129.52727273
2025-02-27 12:00:00+00:00,130.2810303
2025-02-27 13:00:00+00:00,129.86572727
2025-02-27 14:00:00+00:00,128.615
2025-02-27 15:00:00+00:00,128.74515152
2025-02-27 16:00:00+00:00,126.93963636
2025-02-27 17:00:00+00:00,126.528
2025-02-27 18:00:00+00:00,126.60881818
2025-02-27 19:00:00+00:00,124.6729697
2025-02-27 20:00:00+00:00,125.25148485
2025-02-27 21:00:00+00:00,127.52045455
2025-02-27 22:00:00+00:00,126.64721212
2025-02-27 23:00:00+00:00,126.87793939
2025-02-28 00:00:00+00:00,124.93539394
2025-02-28 01:00:00+00:00,122.89418182
2025-02-28 02:00:00+00:00,123.70690909
2025-02-28 03:00:00+00:00,122.66824242
2025-02-28 04:00:00+00:00,120.82875758
2025-02-28 05:00:00+00:00,119.58072727
2025-02-28 06:00:00+00:00,116.91493939
2025-02-28 07:00:00+00:00,115.90078788
2025-02-28 08:00:00+00:00,117.86042424
2025-02-28 09:00:00+00:00,120.10090909
2025-02-28 10:00:00+00:00,119.07778788
2025-02-28 11:00:00+00:00,119.45657576
2025-02-28 12:00:00+00:00,121.44269697
2025-02-28 13:00:00+00:00,120.64642424
2025-02-28 14:00:00+00:00,124.11572727
2025-02-28 15:00:00+00:00,124.98821212
2025-02-28 16:00:00+00:00,123.98442424
2025-02-28 17:00:00+00:00,124.21187879
2025-02-28 18:00:00+00:00,125.46327273
2025-02-28 19:00:00+00:00,127.80090909
2025-02-28 20:00:00+00:00,127.27693939
2025-02-28 21:00:00+00:00,128.05315152
2025-02-28 22:00:00+00:00,129.05769697
2025-02-28 23:00:00+00:00,128.04715152
2025-03-01 00:00:00+00:00,126.22227273
2025-03-01 01:00:00+00:00,127.83433333
2025-03-01 02:00:00+00:00,128.50851515
2025-03-01 03:00:00+00:00,128.26106061
2025-03-01 04:00:00+00:00,129.70742424
2025-03-01 05:00:00+00:00,126.8019697
2025-03-01 06:00:00+00:00,127.28327273
2025-03-01 07:00:00+00:00,126.24969697
2025-03-01 08:00:00+00:00,126.57109091
2025-03-01 09:00:00+00:00,126.64757576
2025-03-01 10:00:00+00:00,126.29121212
2025-03-01 11:00:00+00:00,125.2909697
2025-03-01 12:00:00+00:00,125.20145455
2025-03-01 13:00:00+00:00,123.95042424
2025-03-01 14:00:00+00:00,125.18721212
2025-03-01 15:00:00+00:00,125.19675758
2025-03-01 16:00:00+00:00,125.5410303
2025-03-01 17:00:00+00:00,124.58651515
2025-03-01 18:00:00+00:00,124.53672727
2025-03-01 19:00:00+00:00,124.79527273
2025-03-01 20:00:00+00:00,124.55315152
2025-03-01 21:00:00+00:00,126.07787879
2025-03-01 22:00:00+00:00,124.9089697
2025-03-01 23:00:00+00:00,124.29890909
2025-03-02 00:00:00+00:00,124.129
2025-03-02 01:00:00+00:00,123.405
2025-03-02 02:00:00+00:00,122.82930303
2025-03-02 03:00:00+00:00,122.76769697
2025-03-02 04:00:00+00:00,122.50830303
2025-03-02 05:00:00+00:00,122.26393939
2025-03-02 06:00:00+00:00,123.17081818
2025-03-02 07:00:00+00:00,122.23757576
2025-03-02 08:00:00+00:00,121.74909091
2025-03-02 09:00:00+00:00,122.31087879
2025-03-02 10:00:00+00:00,122.17790909
2025-03-02 11:00:00+00:00,122.49669697
2025-03-02 12:00:00+00:00,122.24527273
2025-03-02 13:00:00+00:00,119.16884848
2025-03-02 14:00:00+00:00,118.53660606
2025-03-02 15:00:00+00:00,121.45269697
2025-03-02 16:00:00+00:00,126.73533333
2025-03-02 17:00:00+00:00,126.76072727
2025-03-02 18:00:00+00:00,125.43539394
2025-03-02 19:00:00+00:00,126.54587879
2025-03-02 20:00:00+00:00,126.91506061
2025-03-02 21:00:00+00:00,126.87727273
2025-03-02 22:00:00+00:00,126.79493939
2025-03-02 23:00:00+00:00,127.85021212
2025-03-03 00:00:00+00:00,128.90151515
2025-03-03 01:00:00+00:00,127.0690303
2025-03-03 02:00:00+00:00,125.99578788
2025-03-03 03:00:00+00:00,124.72342424
2025-03-03 04:00:00+00:00,123.15375758
2025-03-03 05:00:00+00:00,122.89848485
2025-03-03 06:00:00+00:00,119.73324242
2025-03-03 07:00:00+00:00,118.77048485
2025-03-03 08:00:00+00:00,115.70342424
2025-03-03 09:00:00+00:00,116.21415152
2025-03-03 10:00:00+00:00,117.16930303
2025-03-03 11:00:00+00:00,116.81606061
2025-03-03 12:00:00+00:00,117.20745455
2025-03-03 13:00:00+00:00,118.95933333
2025-03-03 14:00:00+00:00,112.88266667
2025-03-03 15:00:00+00:00,113.71987879
2025-03-03 16:00:00+00:00,114.3780303
2025-03-03 17:00:00+00:00,114.87666667
2025-03-03 18:00:00+00:00,112.61136364
2025-03-03 19:00:00+00:00,107.64163636
2025-03-03 20:00:00+00:00,108.80990909
2025-03-03 21:00:00+00:00,108.77215152
2025-03-03 22:00:00+00:00,110.36139394
2025-03-03 23:00:00+00:00,109.87733333
2025-03-04 00:00:00+00:00,109.31054545
2025-03-04 01:00:00+00:00,104.24412121
2025-03-04 02:00:00+00:00,104.26178788
2025-03-04 03:00:00+00:00,104.18569697
2025-03-04 04:00:00+00:00,104.30415152
2025-03-04 05:00:00+00:00,105.55957576
2025-03-04 06:00:00+00:00,104.83006061
2025-03-04 07:00:00+00:00,101.12275758
2025-03-04 08:00:00+00:00,103.15987879
2025-03-04 09:00:00+00:00,101.82518182
2025-03-04 10:00:00+00:00,102.52266667
2025-03-04 11:00:00+00:00,102.76084848
2025-03-04 12:00:00+00:00,102.3280303
2025-03-04 13:00:00+00:00,100.46830303
2025-03-04 14:00:00+00:00,101.40442424
2025-03-04 15:00:00+00:00,100.024
2025-03-04 16:00:00+00:00,99.05718182
2025-03-04 17:00:00+00:00,101.80860606
2025-03-04 18:00:00+00:00,103.94875758
2025-03-04 19:00:00+00:00,103.81542424
2025-03-04 20:00:00+00:00,101.46051515
2025-03-04 21:00:00+00:00,102.58893939
2025-03-04 22:00:00+00:00,102.60930303
2025-03-04 23:00:00+00:00,103.65248485
2025-03-05 00:00:00+00:00,102.3530303
2025-03-05 01:00:00+00:00,104.33612121
2025-03-05 02:00:00+00:00,104.57484848
2025-03-05 03:00:00+00:00,102.16115152
2025-03-05 04:00:00+00:00,103.18484848
2025-03-05 05:00:00+00:00,102.85418182
2025-03-05 06:00:00+00:00,102.68433333
2025-03-05 07:00:00+00:00,102.47218182
2025-03-05 08:00:00+00:00,104.09742424
2025-03-05 09:00:00+00:00,104.63333333
2025-03-05 10:00:00+00:00,105.64045455
2025-03-05 11:00:00+00:00,103.83833333
2025-03-05 12:00:00+00:00,103.94612121
2025-03-05 13:00:00+00:00,102.68112121
2025-03-05 14:00:00+00:00,101.66009091
2025-03-05 15:00:00+00:00,101.99260606
2025-03-05 16:00:00+00:00,102.49087879
2025-03-05 17:00:00+00:00,103.54363636
2025-03-05 18:00:00+00:00,103.85281818
2025-03-05 19:00:00+00:00,103.99242424
2025-03-05 20:00:00+00:00,104.83412121
2025-03-05 21:00:00+00:00,105.07036364
2025-03-05 22:00:00+00:00,104.96966667
2025-03-05 23:00:00+00:00,104.73736364
2025-03-06 00:00:00+00:00,103.8219697
2025-03-06 01:00:00+00:00,105.37309091
2025-03-06 02:00:00+00:00,106.94981818
2025-03-06 03:00:00+00:00,107.36012121
2025-03-06 04:00:00+00:00,109.61942424
2025-03-06 05:00:00+00:00,110.25557576
2025-03-06 06:00:00+00:00,108.53151515
2025-03-06 07:00:00+00:00,108.1199697
2025-03-06 08:00:00+00:00,109.31487879
2025-03-06 09:00:00+00:00,107.66033333
2025-03-06 10:00:00+00:00,108.24793939
2025-03-06 11:00:00+00:00,107.20912121
2025-03-06 12:00:00+00:00,105.77575758
2025-03-06 13:00:00+00:00,105.63666667
2025-03-06 14:00:00+00:00,105.34945455
2025-03-06 15:00:00+00:00,105.41733333
2025-03-06 16:00:00+00:00,103.51421212
2025-03-06 17:00:00+00:00,102.59984848
2025-03-06 18:00:00+00:00,102.78842424
2025-03-06 19:00:00+00:00,103.20760606
2025-03-06 20:00:00+00:00,102.91357576
2025-03-06 21:00:00+00:00,103.70127273
2025-03-06 22:00:00+00:00,103.51945455
2025-03-06 23:00:00+00:00,103.39554545
2025-03-07 00:00:00+00:00,98.08142424
2025-03-07 01:00:00+00:00,101.30445455
2025-03-07 02:00:00+00:00,100.73736364
2025-03-07 03:00:00+00:00,100.79551515
2025-03-07 04:00:00+00:00,100.80893939
2025-03-07 05:00:00+00:00,101.68857576
2025-03-07 06:00:00+00:00,102.40066667
2025-03-07 07:00:00+00:00,102.70312121
2025-03-07 08:00:00+00:00,102.71236364
2025-03-07 09:00:00+00:00,103.53609091
2025-03-07 10:00:00+00:00,104.55993939
2025-03-07 11:00:00+00:00,105.31515152
2025-03-07 12:00:00+00:00,104.33021212
2025-03-07 13:00:00+00:00,104.10566667
2025-03-07 14:00:00+00:00,104.7749697
2025-03-07 15:00:00+00:00,104.21157576
2025-03-07 16:00:00+00:00,102.911
2025-03-07 17:00:00+00:00,104.07669697
2025-03-07 18:00:00+00:00,105.31736364
2025-03-07 19:00:00+00:00,105.05542424
2025-03-07 20:00:00+00:00,105.71393939
2025-03-07 21:00:00+00:00,104.07806061
2025-03-07 22:00:00+00:00,104.06424242
2025-03-07 23:00:00+00:00,103.70684848
2025-03-08 00:00:00+00:00,105.78306061
2025-03-08 01:00:00+00:00,104.59781818
2025-03-08 02:00:00+00:00,105.03187879
2025-03-08 03:00:00+00:00,106.17454545
2025-03-08 04:00:00+00:00,108.01945455
2025-03-08 05:00:00+00:00,106.83878788
2025-03-08 06:00:00+00:00,105.26660606
2025-03-08 07:00:00+00:00,105.3859697
2025-03-08 08:00:00+00:00,104.69169697
2025-03-08 09:00:00+00:00,104.05390909
2025-03-08 10:00:00+00:00,105.01063636
2025-03-08 11:00:00+00:00,104.35681818
2025-03-08 12:00:00+00:00,105.25215152
2025-03-08 13:00:00+00:00,103.99430303
2025-03-08 14:00:00+00:00,104.21109091
2025-03-08 15:00:00+00:00,103.90751515
2025-03-08 16:00:00+00:00,103.70242424
2025-03-08 17:00:00+00:00,103.77184848
2025-03-08 18:00:00+00:00,104.02318182
2025-03-08 19:00:00+00:00,104.37042424
2025-03-08 20:00:00+00:00,104.02863636
2025-03-08 21:00:00+00:00,103.62460606
2025-03-08 22:00:00+00:00,103.00254545
2025-03-08 23:00:00+00:00,102.34630303
2025-03-09 00:00:00+00:00,102.44124242
2025-03-09 01:00:00+00:00,101.56372727
2025-03-09 02:00:00+00:00,101.12887879
2025-03-09 03:00:00+00:00,101.43036364
2025-03-09 04:00:00+00:00,101.23042424
2025-03-09 05:00:00+00:00,100.7600303
2025-03-09 06:00:00+00:00,100.28363636
2025-03-09 07:00:00+00:00,101.41566667
2025-03-09 08:00:00+00:00,100.31630303
2025-03-09 09:00:00+00:00,100.44212121
2025-03-09 10:00:00+00:00,98.63857576
2025-03-09 11:00:00+00:00,99.63815152
2025-03-09 12:00:00+00:00,98.596
2025-03-09 13:00:00+00:00,97.69333333
2025-03-09 14:00:00+00:00,99.50321212
2025-03-09 15:00:00+00:00,99.96851515
2025-03-09 16:00:00+00:00,96.66124242
2025-03-09 17:00:00+00:00,95.98284848
2025-03-09 18:00:00+00:00,95.76442424
2025-03-09 19:00:00+00:00,97.28521212
2025-03-09 20:00:00+00:00,96.78063636
2025-03-09 21:00:00+00:00,95.49254545
2025-03-09 22:00:00+00:00,94.17009091
2025-03-09 23:00:00+00:00,94.59081818
2025-03-10 00:00:00+00:00,95.36593939
2025-03-10 01:00:00+00:00,94.78878788
2025-03-10 02:00:00+00:00,95.02684848
2025-03-10 03:00:00+00:00,95.52360606
2025-03-10 04:00:00+00:00,96.62827273
2025-03-10 05:00:00+00:00,96.55157576
2025-03-10 06:00:00+00:00,96.32
2025-03-10 07:00:00+00:00,96.33178788
2025-03-10 08:00:00+00:00,94.76036364
2025-03-10 09:00:00+00:00,96.55221212
2025-03-10 10:00:00+00:00,97.09512121
2025-03-10 11:00:00+00:00,98.10612121
2025-03-10 12:00:00+00:00,97.84463636
2025-03-10 13:00:00+00:00,95.52915152
2025-03-10 14:00:00+00:00,92.03266667
2025-03-10 15:00:00+00:00,92.8999697
2025-03-10 16:00:00+00:00,91.0549697
2025-03-10 17:00:00+00:00,88.60639394
2025-03-10 18:00:00+00:00,86.50293939
2025-03-10 19:00:00+00:00,89.26675758
2025-03-10 20:00:00+00:00,88.03284848
2025-03-10 21:00:00+00:00,88.43730303
2025-03-10 22:00:00+00:00,87.65918182
2025-03-10 23:00:00+00:00,87.45142424
2025-03-11 00:00:00+00:00,85.21548485
2025-03-11 01:00:00+00:00,87.31021212
2025-03-11 02:00:00+00:00,88.102
2025-03-11 03:00:00+00:00,87.3379697
2025-03-11 04:00:00+00:00,87.71230303
2025-03-11 05:00:00+00:00,88.59009091
2025-03-11 06:00:00+00:00,87.69727273
2025-03-11 07:00:00+00:00,88.04836364
2025-03-11 08:00:00+00:00,88.65484848
2025-03-11 09:00:00+00:00,88.81072727
2025-03-11 10:00:00+00:00,89.18360606
2025-03-11 11:00:00+00:00,89.00506061
2025-03-11 12:00:00+00:00,87.59145455
2025-03-11 13:00:00+00:00,88.45366667
2025-03-11 14:00:00+00:00,87.08672727
2025-03-11 15:00:00+00:00,89.97715152
2025-03-11 16:00:00+00:00,91.10269697
2025-03-11 17:00:00+00:00,90.54112121
2025-03-11 18:00:00+00:00,92.62509091
2025-03-11 19:00:00+00:00,91.80809091
2025-03-11 20:00:00+00:00,91.45578788
2025-03-11 21:00:00+00:00,91.66924242
2025-03-11 22:00:00+00:00,91.58212121
2025-03-11 23:00:00+00:00,90.44342424
2025-03-12 00:00:00+00:00,90.57175758
2025-03-12 01:00:00+00:00,91.10012121
2025-03-12 02:00:00+00:00,89.1590303
2025-03-12 03:00:00+00:00,88.62372727
2025-03-12 04:00:00+00:00,88.62824242
2025-03-12 05:00:00+00:00,89.73063636
2025-03-12 06:00:00+00:00,89.14960606
2025-03-12 07:00:00+00:00,90.01533333
2025-03-12 08:00:00+00:00,90.41139394
2025-03-12 09:00:00+00:00,90.10193939
2025-03-12 10:00:00+00:00,90.03236364
2025-03-12 11:00:00+00:00,90.93466667
2025-03-12 12:00:00+00:00,92.09309091
2025-03-12 13:00:00+00:00,90.06636364
2025-03-12 14:00:00+00:00,88.43890909
2025-03-12 15:00:00+00:00,89.80869697
2025-03-12 16:00:00+00:00,90.20621212
2025-03-12 17:00:00+00:00,90.18157576
2025-03-12 18:00:00+00:00,90.91066667
2025-03-12 19:00:00+00:00,91.24451515
2025-03-12 20:00:00+00:00,91.51163636
2025-03-12 21:00:00+00:00,91.35406061
2025-03-12 22:00:00+00:00,91.76442424
2025-03-12 23:00:00+00:00,91.52121212
2025-03-13 00:00:00+00:00,90.73669697
2025-03-13 01:00:00+00:00,91.05009091
2025-03-13 02:00:00+00:00,90.87530303
2025-03-13 03:00:00+00:00,90.45606061
2025-03-13 04:00:00+00:00,90.00345455
2025-03-13 05:00:00+00:00,89.42863636
2025-03-13 06:00:00+00:00,89.2210303
2025-03-13 07:00:00+00:00,89.29151515
2025-03-13 08:00:00+00:00,89.09736364
2025-03-13 09:00:00+00:00,90.42378788
2025-03-13 10:00:00+00:00,90.29978788
2025-03-13 11:00:00+00:00,90.24839394
2025-03-13 12:00:00+00:00,89.47969697
2025-03-13 13:00:00+00:00,88.29772727
2025-03-13 14:00:00+00:00,89.10815152
2025-03-13 15:00:00+00:00,88.58042424
2025-03-13 16:00:00+00:00,87.34654545
2025-03-13 17:00:00+00:00,86.59975758
2025-03-13 18:00:00+00:00,86.77106061
2025-03-13 19:00:00+00:00,86.63927273
2025-03-13 20:00:00+00:00,86.61572727
2025-03-13 21:00:00+00:00,87.02548485
2025-03-13 22:00:00+00:00,88.40466667
2025-03-13 23:00:00+00:00,88.06566667
2025-03-14 00:00:00+00:00,88.73175758
2025-03-14 01:00:00+00:00,88.85290909
2025-03-14 02:00:00+00:00,89.5300303
2025-03-14 03:00:00+00:00,89.07448485
2025-03-14 04:00:00+00:00,88.86524242
2025-03-14 05:00:00+00:00,88.98909091
2025-03-14 06:00:00+00:00,88.77030303
2025-03-14 07:00:00+00:00,89.31021212
2025-03-14 08:00:00+00:00,89.933
2025-03-14 09:00:00+00:00,90.27981818
2025-03-14 10:00:00+00:00,90.29706061
2025-03-14 11:00:00+00:00,90.40124242
2025-03-14 12:00:00+00:00,90.54521212
2025-03-14 13:00:00+00:00,91.00424242
2025-03-14 14:00:00+00:00,90.89233333
2025-03-14 15:00:00+00:00,91.39318182
2025-03-14 16:00:00+00:00,92.50812121
2025-03-14 17:00:00+00:00,92.07978788
2025-03-14 18:00:00+00:00,91.92424242
2025-03-14 19:00:00+00:00,91.74827273
2025-03-14 20:00:00+00:00,91.50984848
2025-03-14 21:00:00+00:00,91.12193939
2025-03-14 22:00:00+00:00,92.09254545
2025-03-14 23:00:00+00:00,91.28457576
2025-03-15 00:00:00+00:00,91.80766667
2025-03-15 01:00:00+00:00,91.27051515
2025-03-15 02:00:00+00:00,91.72381818
2025-03-15 03:00:00+00:00,92.1370303
2025-03-15 04:00:00+00:00,92.23348485
2025-03-15 05:00:00+00:00,91.50987879
2025-03-15 06:00:00+00:00,91.95775758
2025-03-15 07:00:00+00:00,91.57045455
2025-03-15 08:00:00+00:00,92.706
2025-03-15 09:00:00+00:00,93.24312121
2025-03-15 10:00:00+00:00,93.00451515
2025-03-15 11:00:00+00:00,93.89415152
2025-03-15 12:00:00+00:00,93.19066667
2025-03-15 13:00:00+00:00,93.90254545
2025-03-15 14:00:00+00:00,92.7910303
2025-03-15 15:00:00+00:00,92.67009091
2025-03-15 16:00:00+00:00,93.24051515
2025-03-15 17:00:00+00:00,93.39069697
2025-03-15 18:00:00+00:00,93.06766667
2025-03-15 19:00:00+00:00,92.95854545
2025-03-15 20:00:00+00:00,93.04378788
2025-03-15 21:00:00+00:00,93.41142424
2025-03-15 22:00:00+00:00,93.05175758
2025-03-15 23:00:00+00:00,92.46615152
2025-03-16 00:00:00+00:00,92.41981818
2025-03-16 01:00:00+00:00,91.72715152
2025-03-16 02:00:00+00:00,91.49793939
2025-03-16 03:00:00+00:00,92.279
2025-03-16 04:00:00+00:00,92.376
2025-03-16 05:00:00+00:00,92.619
2025-03-16 06:00:00+00:00,92.36078788
2025-03-16 07:00:00+00:00,92.14839394
2025-03-16 08:00:00+00:00,92.35154545
2025-03-16 09:00:00+00:00,91.2649697
2025-03-16 10:00:00+00:00,90.66560606
2025-03-16 11:00:00+00:00,88.87442424
2025-03-16 12:00:00+00:00,89.07493939
2025-03-16 13:00:00+00:00,88.68251515
2025-03-16 14:00:00+00:00,89.64593939
2025-03-16 15:00:00+00:00,89.22642424
2025-03-16 16:00:00+00:00,90.24784848
2025-03-16 17:00:00+00:00,90.73066667
2025-03-16 18:00:00+00:00,90.58969697
2025-03-16 19:00:00+00:00,89.4019697
2025-03-16 20:00:00+00:00,90.60845455
2025-03-16 21:00:00+00:00,90.79369697
2025-03-16 22:00:00+00:00,89.71369697
2025-03-16 23:00:00+00:00,90.22821212
2025-03-17 00:00:00+00:00,91.91027273
2025-03-17 01:00:00+00:00,92.84484848
2025-03-17 02:00:00+00:00,93.11624242
2025-03-17 03:00:00+00:00,93.33012121
2025-03-17 04:00:00+00:00,93.67515152
2025-03-17 05:00:00+00:00,92.53706061
2025-03-17 06:00:00+00:00,92.36081818
2025-03-17 07:00:00+00:00,92.25021212
2025-03-17 08:00:00+00:00,92.36
2025-03-17 09:00:00+00:00,93.6039697
2025-03-17 10:00:00+00:00,93.3669697
2025-03-17 11:00:00+00:00,93.02933333
2025-03-17 12:00:00+00:00,92.83363636
2025-03-17 13:00:00+00:00,92.67160606
2025-03-17 14:00:00+00:00,92.87633333
2025-03-17 15:00:00+00:00,93.48263636
2025-03-17 16:00:00+00:00,93.07430303
2025-03-17 17:00:00+00:00,93.43321212
2025-03-17 18:00:00+00:00,94.16090909
2025-03-17 19:00:00+00:00,93.48881818
2025-03-17 20:00:00+00:00,92.67866667
2025-03-17 21:00:00+00:00,92.98118182
2025-03-17 22:00:00+00:00,92.66451515
2025-03-17 23:00:00+00:00,92.29548485
2025-03-18 00:00:00+00:00,91.32681818
2025-03-18 01:00:00+00:00,90.19460606
2025-03-18 02:00:00+00:00,90.35845455
2025-03-18 03:00:00+00:00,89.91724242
2025-03-18 04:00:00+00:00,89.76121212
2025-03-18 05:00:00+00:00,90.02575758
2025-03-18 06:00:00+00:00,89.22233333
2025-03-18 07:00:00+00:00,89.5089697
2025-03-18 08:00:00+00:00,90.00872727
2025-03-18 09:00:00+00:00,89.47742424
2025-03-18 10:00:00+00:00,89.07051515
2025-03-18 11:00:00+00:00,88.62672727
2025-03-18 12:00:00+00:00,88.30221212
2025-03-18 13:00:00+00:00,87.54712121
2025-03-18 14:00:00+00:00,88.42636364
2025-03-18 15:00:00+00:00,88.20433333
2025-03-18 16:00:00+00:00,88.51515152
2025-03-18 17:00:00+00:00,87.9880303
2025-03-18 18:00:00+00:00,88.29245455
2025-03-18 19:00:00+00:00,88.57327273
2025-03-18 20:00:00+00:00,87.942
2025-03-18 21:00:00+00:00,88.37109091
2025-03-18 22:00:00+00:00,89.64163636
2025-03-18 23:00:00+00:00,90.03966667
2025-03-19 00:00:00+00:00,90.2760303
2025-03-19 01:00:00+00:00,89.44275758
2025-03-19 02:00:00+00:00,90.29972727
2025-03-19 03:00:00+00:00,90.64036364
2025-03-19 04:00:00+00:00,89.95630303
2025-03-19 05:00:00+00:00,90.24548485
2025-03-19 06:00:00+00:00,90.15748485
2025-03-19 07:00:00+00:00,89.63315152
2025-03-19 08:00:00+00:00,90.28160606
2025-03-19 09:00:00+00:00,90.51657576
2025-03-19 10:00:00+00:00,90.4810303
2025-03-19 11:00:00+00:00,91.49636364
2025-03-19 12:00:00+00:00,90.70030303
2025-03-19 13:00:00+00:00,91.62636364
2025-03-19 14:00:00+00:00,91.87609091
2025-03-19 15:00:00+00:00,92.16242424
2025-03-19 16:00:00+00:00,91.57121212
2025-03-19 17:00:00+00:00,91.14660606
2025-03-19 18:00:00+00:00,92.31612121
2025-03-19 19:00:00+00:00,92.32542424
2025-03-19 20:00:00+00:00,92.54778788
2025-03-19 21:00:00+00:00,93.32424242
2025-03-19 22:00:00+00:00,93.79781818
2025-03-19 23:00:00+00:00,94.07578788
2025-03-20 00:00:00+00:00,93.63421212
2025-03-20 01:00:00+00:00,93.24560606
2025-03-20 02:00:00+00:00,93.7479697
2025-03-20 03:00:00+00:00,93.58493939
2025-03-20 04:00:00+00:00,93.28418182
2025-03-20 05:00:00+00:00,92.98530303
2025-03-20 06:00:00+00:00,92.80766667
2025-03-20 07:00:00+00:00,92.14072727
2025-03-20 08:00:00+00:00,92.8169697
2025-03-20 09:00:00+00:00,92.50372727
2025-03-20 10:00:00+00:00,91.42090909
2025-03-20 11:00:00+00:00,91.78424242
2025-03-20 12:00:00+00:00,91.968
2025-03-20 13:00:00+00:00,91.76051515
2025-03-20 14:00:00+00:00,92.60312121
2025-03-20 15:00:00+00:00,91.61681818
2025-03-20 16:00:00+00:00,90.31009091
2025-03-20 17:00:00+00:00,91.39309091
2025-03-20 18:00:00+00:00,91.67115152
2025-03-20 19:00:00+00:00,92.6010303
2025-03-20 20:00:00+00:00,92.86530303
2025-03-20 21:00:00+00:00,93.05506061
2025-03-20 22:00:00+00:00,93.09133333
2025-03-20 23:00:00+00:00,93.28954545
2025-03-21 00:00:00+00:00,92.85963636
2025-03-21 01:00:00+00:00,93.11669697
2025-03-21 02:00:00+00:00,92.65315152
2025-03-21 03:00:00+00:00,92.45039394
2025-03-21 04:00:00+00:00,92.92572727
2025-03-21 05:00:00+00:00,93.05233333
2025-03-21 06:00:00+00:00,93.09918182
2025-03-21 07:00:00+00:00,92.70893939
2025-03-21 08:00:00+00:00,92.89318182
2025-03-21 09:00:00+00:00,93.48730303
2025-03-21 10:00:00+00:00,93.03663636
2025-03-21 11:00:00+00:00,93.18184848
2025-03-21 12:00:00+00:00,92.60642424
2025-03-21 13:00:00+00:00,93.04527273
2025-03-21 14:00:00+00:00,93.48012121
2025-03-21 15:00:00+00:00,93.3979697
2025-03-21 16:00:00+00:00,93.6230303
2025-03-21 17:00:00+00:00,92.86581818
2025-03-21 18:00:00+00:00,92.92330303
2025-03-21 19:00:00+00:00,92.57236364
2025-03-21 20:00:00+00:00,92.35257576
2025-03-21 21:00:00+00:00,92.25327273
2025-03-21 22:00:00+00:00,91.52136364
2025-03-21 23:00:00+00:00,90.84287879
2025-03-22 00:00:00+00:00,91.05157576
2025-03-22 01:00:00+00:00,90.53360606
2025-03-22 02:00:00+00:00,90.87081818
2025-03-22 03:00:00+00:00,91.12763636
2025-03-22 04:00:00+00:00,91.18478788
2025-03-22 05:00:00+00:00,91.12854545
2025-03-22 06:00:00+00:00,91.34351515
2025-03-22 07:00:00+00:00,91.07251515
2025-03-22 08:00:00+00:00,91.36784848
2025-03-22 09:00:00+00:00,91.57836364
2025-03-22 10:00:00+00:00,91.56869697
2025-03-22 11:00:00+00:00,91.48972727
2025-03-22 12:00:00+00:00,91.34921212
2025-03-22 13:00:00+00:00,91.18448485
2025-03-22 14:00:00+00:00,90.73869697
2025-03-22 15:00:00+00:00,90.91709091
2025-03-22 16:00:00+00:00,91.24539394
2025-03-22 17:00:00+00:00,91.53018182
2025-03-22 18:00:00+00:00,91.91448485
2025-03-22 19:00:00+00:00,92.08269697
2025-03-22 20:00:00+00:00,91.3020303
2025-03-22 21:00:00+00:00,91.47381818
2025-03-22 22:00:00+00:00,91.59954545
2025-03-22 23:00:00+00:00,91.36451515
2025-03-23 00:00:00+00:00,91.5649697
2025-03-23 01:00:00+00:00,91.85351515
2025-03-23 02:00:00+00:00,91.69324242
2025-03-23 03:00:00+00:00,91.89369697
2025-03-23 04:00:00+00:00,91.42024242
2025-03-23 05:00:00+00:00,91.48887879
2025-03-23 06:00:00+00:00,91.56566667
2025-03-23 07:00:00+00:00,91.66587879
2025-03-23 08:00:00+00:00,91.68724242
2025-03-23 09:00:00+00:00,92.05039394
2025-03-23 10:00:00+00:00,91.85157576
2025-03-23 11:00:00+00:00,92.21784848
2025-03-23 12:00:00+00:00,92.00618182
2025-03-23 13:00:00+00:00,92.30454545
2025-03-23 14:00:00+00:00,92.45224242
2025-03-23 15:00:00+00:00,92.73263636
2025-03-23 16:00:00+00:00,92.44042424
2025-03-23 17:00:00+00:00,91.42490909
2025-03-23 18:00:00+00:00,91.61469697
2025-03-23 19:00:00+00:00,91.30490909
2025-03-23 20:00:00+00:00,91.29815152
2025-03-23 21:00:00+00:00,91.04030303
2025-03-23 22:00:00+00:00,91.19318182
2025-03-23 23:00:00+00:00,91.47360606
2025-03-24 00:00:00+00:00,91.68078788
2025-03-24 01:00:00+00:00,90.93812121
2025-03-24 02:00:00+00:00,91.69548485
2025-03-24 03:00:00+00:00,92.24648485
2025-03-24 04:00:00+00:00,92.75190909
2025-03-24 05:00:00+00:00,92.85121212
2025-03-24 06:00:00+00:00,93.50684848
2025-03-24 07:00:00+00:00,92.80327273
2025-03-24 08:00:00+00:00,93.57512121
2025-03-24 09:00:00+00:00,93.4860303
2025-03-24 10:00:00+00:00,93.8720303
2025-03-24 11:00:00+00:00,93.72151515
2025-03-24 12:00:00+00:00,93.205
2025-03-24 13:00:00+00:00,93.44339394
2025-03-24 14:00:00+00:00,93.60463636
2025-03-24 15:00:00+00:00,94.12548485
2025-03-24 16:00:00+00:00,93.80381818
2025-03-24 17:00:00+00:00,94.41093939
2025-03-24 18:00:00+00:00,94.66981818
2025-03-24 19:00:00+00:00,94.57387879
2025-03-24 20:00:00+00:00,94.97290909
2025-03-24 21:00:00+00:00,94.92372727
2025-03-24 22:00:00+00:00,93.81039394
2025-03-24 23:00:00+00:00,93.77324242
2025-03-25 00:00:00+00:00,94.17327273
2025-03-25 01:00:00+00:00,93.24627273
2025-03-25 02:00:00+00:00,92.97193939
2025-03-25 03:00:00+00:00,92.25466667
2025-03-25 04:00:00+00:00,92.2729697
2025-03-25 05:00:00+00:00,92.58733333
2025-03-25 06:00:00+00:00,92.40942424
2025-03-25 07:00:00+00:00,92.36778788
2025-03-25 08:00:00+00:00,92.86827273
2025-03-25 09:00:00+00:00,93.27257576
2025-03-25 10:00:00+00:00,93.00760606
2025-03-25 11:00:00+00:00,93.10063636
2025-03-25 12:00:00+00:00,92.86657576
2025-03-25 13:00:00+00:00,93.87306061
2025-03-25 14:00:00+00:00,93.79648485
2025-03-25 15:00:00+00:00,93.42690909
2025-03-25 16:00:00+00:00,93.10224242
2025-03-25 17:00:00+00:00,93.79160606
2025-03-25 18:00:00+00:00,93.42966667
2025-03-25 19:00:00+00:00,93.64475758
2025-03-25 20:00:00+00:00,93.1729697
2025-03-25 21:00:00+00:00,93.42572727
2025-03-25 22:00:00+00:00,93.80742424
2025-03-25 23:00:00+00:00,94.36209091
2025-03-26 00:00:00+00:00,95.15478788
2025-03-26 01:00:00+00:00,95.64081818
2025-03-26 02:00:00+00:00,93.96275758
2025-03-26 03:00:00+00:00,93.59684848
2025-03-26 04:00:00+00:00,94.00878788
2025-03-26 05:00:00+00:00,94.45381818
2025-03-26 06:00:00+00:00,94.82278788
2025-03-26 07:00:00+00:00,95.70681818
2025-03-26 08:00:00+00:00,95.24112121
2025-03-26 09:00:00+00:00,95.28909091
2025-03-26 10:00:00+00:00,95.87636364
2025-03-26 11:00:00+00:00,96.13315152
2025-03-26 12:00:00+00:00,95.98
2025-03-26 13:00:00+00:00,93.98112121
2025-03-26 14:00:00+00:00,93.39787879
2025-03-26 15:00:00+00:00,93.08372727
2025-03-26 16:00:00+00:00,93.00612121
2025-03-26 17:00:00+00:00,92.40778788
2025-03-26 18:00:00+00:00,91.68475758
2025-03-26 19:00:00+00:00,92.15048485
2025-03-26 20:00:00+00:00,92.70293939
2025-03-26 21:00:00+00:00,92.69275758
2025-03-26 22:00:00+00:00,92.1199697
2025-03-26 23:00:00+00:00,92.41463636
2025-03-27 00:00:00+00:00,93.63712121
2025-03-27 01:00:00+00:00,93.324
2025-03-27 02:00:00+00:00,93.74769697
2025-03-27 03:00:00+00:00,93.71963636
2025-03-27 04:00:00+00:00,93.889
2025-03-27 05:00:00+00:00,93.49390909
2025-03-27 06:00:00+00:00,93.86354545
2025-03-27 07:00:00+00:00,94.28833333
2025-03-27 08:00:00+00:00,94.22627273
2025-03-27 09:00:00+00:00,94.3120303
2025-03-27 10:00:00+00:00,94.37721212
2025-03-27 11:00:00+00:00,93.73787879
2025-03-27 12:00:00+00:00,93.75315152
2025-03-27 13:00:00+00:00,93.09187879
2025-03-27 14:00:00+00:00,94.15075758
2025-03-27 15:00:00+00:00,93.323
2025-03-27 16:00:00+00:00,92.68090909
2025-03-27 17:00:00+00:00,92.31593939
2025-03-27 18:00:00+00:00,92.8880303
2025-03-27 19:00:00+00:00,92.57287879
2025-03-27 20:00:00+00:00,92.62736364
2025-03-27 21:00:00+00:00,93.02109091
2025-03-27 22:00:00+00:00,92.94784848
2025-03-27 23:00:00+00:00,92.79687879
2025-03-28 00:00:00+00:00,92.89787879
2025-03-28 01:00:00+00:00,93.01621212
2025-03-28 02:00:00+00:00,92.65130303
2025-03-28 03:00:00+00:00,92.43712121
2025-03-28 04:00:00+00:00,91.085
2025-03-28 05:00:00+00:00,89.76975758
2025-03-28 06:00:00+00:00,88.75233333
2025-03-28 07:00:00+00:00,88.35112121
2025-03-28 08:00:00+00:00,88.80033333
2025-03-28 09:00:00+00:00,88.32130303
2025-03-28 10:00:00+00:00,87.59809091
2025-03-28 11:00:00+00:00,88.21487879
2025-03-28 12:00:00+00:00,87.54254545
2025-03-28 13:00:00+00:00,87.4249697
2025-03-28 14:00:00+00:00,87.39918182
2025-03-28 15:00:00+00:00,87.25887879
2025-03-28 16:00:00+00:00,86.39660606
2025-03-28 17:00:00+00:00,86.86812121
2025-03-28 18:00:00+00:00,86.70657576
2025-03-28 19:00:00+00:00,86.38339394
2025-03-28 20:00:00+00:00,86.27984848
2025-03-28 21:00:00+00:00,86.51515152
2025-03-28 22:00:00+00:00,87.38521212
2025-03-28 23:00:00+00:00,87.33790909
2025-03-29 00:00:00+00:00,87.59081818
2025-03-29 01:00:00+00:00,87.44836364
2025-03-29 02:00:00+00:00,86.51893939
2025-03-29 03:00:00+00:00,87.41578788
2025-03-29 04:00:00+00:00,87.61433333
2025-03-29 05:00:00+00:00,86.88015152
2025-03-29 06:00:00+00:00,86.36739394
2025-03-29 07:00:00+00:00,86.11712121
2025-03-29 08:00:00+00:00,86.90109091
2025-03-29 09:00:00+00:00,86.29312121
2025-03-29 10:00:00+00:00,85.795
2025-03-29 11:00:00+00:00,85.72812121
2025-03-29 12:00:00+00:00,86.16936364
2025-03-29 13:00:00+00:00,86.92166667
2025-03-29 14:00:00+00:00,86.19393939
2025-03-29 15:00:00+00:00,86.02387879
2025-03-29 16:00:00+00:00,85.42930303
2025-03-29 17:00:00+00:00,85.12106061
2025-03-29 18:00:00+00:00,85.46387879
2025-03-29 19:00:00+00:00,85.74318182
2025-03-29 20:00:00+00:00,84.63133333
2025-03-29 21:00:00+00:00,84.96539394
2025-03-29 22:00:00+00:00,84.81442424
2025-03-29 23:00:00+00:00,85.43509091
2025-03-30 00:00:00+00:00,85.41636364
2025-03-30 01:00:00+00:00,85.94760606
2025-03-30 02:00:00+00:00,86.54366667
2025-03-30 03:00:00+00:00,86.24751515
2025-03-30 04:00:00+00:00,86.5130303
2025-03-30 05:00:00+00:00,86.26063636
2025-03-30 06:00:00+00:00,86.33590909
2025-03-30 07:00:00+00:00,86.12727273
2025-03-30 08:00:00+00:00,86.47336364
2025-03-30 09:00:00+00:00,86.46221212
2025-03-30 10:00:00+00:00,86.08881818
2025-03-30 11:00:00+00:00,85.99339394
2025-03-30 12:00:00+00:00,86.0180303
2025-03-30 13:00:00+00:00,85.26460606
2025-03-30 14:00:00+00:00,86.02860606
2025-03-30 15:00:00+00:00,86.42315152
2025-03-30 16:00:00+00:00,85.87063636
2025-03-30 17:00:00+00:00,85.98230303
2025-03-30 18:00:00+00:00,86.55163636
2025-03-30 19:00:00+00:00,86.41021212
2025-03-30 20:00:00+00:00,86.29390909
2025-03-30 21:00:00+00:00,85.91551515
2025-03-30 22:00:00+00:00,86.1330303
2025-03-30 23:00:00+00:00,86.0889697
2025-03-31 00:00:00+00:00,85.06254545
2025-03-31 01:00:00+00:00,86.03481818
2025-03-31 02:00:00+00:00,85.5820303
2025-03-31 03:00:00+00:00,84.78006061
2025-03-31 04:00:00+00:00,85.26333333
2025-03-31 05:00:00+00:00,85.06109091
2025-03-31 06:00:00+00:00,84.58051515
2025-03-31 07:00:00+00:00,83.70460606
2025-03-31 08:00:00+00:00,82.95390909
2025-03-31 09:00:00+00:00,81.41472727
2025-03-31 10:00:00+00:00,82.17290909
2025-03-31 11:00:00+00:00,82.26509091
2025-03-31 12:00:00+00:00,83.0819697
2025-03-31 13:00:00+00:00,81.88618182
2025-03-31 14:00:00+00:00,83.03490909
2025-03-31 15:00:00+00:00,83.24963636
2025-03-31 16:00:00+00:00,83.24221212
2025-03-31 17:00:00+00:00,83.02690909
2025-03-31 18:00:00+00:00,83.6130303
2025-03-31 19:00:00+00:00,83.30621212
2025-03-31 20:00:00+00:00,83.37075758
2025-03-31 21:00:00+00:00,83.12869697
2025-03-31 22:00:00+00:00,83.10818182
2025-03-31 23:00:00+00:00,82.96612121
2025-04-01 00:00:00+00:00,83.32272727
2025-04-01 01:00:00+00:00,83.01542424
2025-04-01 02:00:00+00:00,83.9269697
2025-04-01 03:00:00+00:00,83.73412121
2025-04-01 04:00:00+00:00,84.03945455
2025-04-01 05:00:00+00:00,84.11312121
2025-04-01 06:00:00+00:00,84.56745455
2025-04-01 07:00:00+00:00,84.23533333
2025-04-01 08:00:00+00:00,85.49251515
2025-04-01 09:00:00+00:00,85.13015152
2025-04-01 10:00:00+00:00,84.30263636
2025-04-01 11:00:00+00:00,84.12875758
2025-04-01 12:00:00+00:00,84.40639394
2025-04-01 13:00:00+00:00,84.81206061
2025-04-01 14:00:00+00:00,84.81815152
2025-04-01 15:00:00+00:00,85.64957576
2025-04-01 16:00:00+00:00,85.324
2025-04-01 17:00:00+00:00,85.03393939
2025-04-01 18:00:00+00:00,84.76766667
2025-04-01 19:00:00+00:00,84.70890909
2025-04-01 20:00:00+00:00,84.63221212
2025-04-01 21:00:00+00:00,84.7539697
2025-04-01 22:00:00+00:00,84.79584848
2025-04-01 23:00:00+00:00,84.47539394
2025-04-02 00:00:00+00:00,83.60233333
2025-04-02 01:00:00+00:00,83.43466667
2025-04-02 02:00:00+00:00,82.73733333
2025-04-02 03:00:00+00:00,82.93093939
2025-04-02 04:00:00+00:00,82.63281818
2025-04-02 05:00:00+00:00,81.5729697
2025-04-02 06:00:00+00:00,81.40333333
2025-04-02 07:00:00+00:00,81.72193939
2025-04-02 08:00:00+00:00,82.28630303
2025-04-02 09:00:00+00:00,82.88575758
2025-04-02 10:00:00+00:00,82.45839394
2025-04-02 11:00:00+00:00,82.36721212
2025-04-02 12:00:00+00:00,82.985
2025-04-02 13:00:00+00:00,83.12451515
2025-04-02 14:00:00+00:00,83.62612121
2025-04-02 15:00:00+00:00,85.69915152
2025-04-02 16:00:00+00:00,86.06463636
2025-04-02 17:00:00+00:00,85.46239394
2025-04-02 18:00:00+00:00,86.35109091
2025-04-02 19:00:00+00:00,86.76448485
2025-04-02 20:00:00+00:00,85.99957576
2025-04-02 21:00:00+00:00,85.55466667
2025-04-02 22:00:00+00:00,81.62309091
2025-04-02 23:00:00+00:00,81.56127273
2025-04-03 00:00:00+00:00,82.7320303
2025-04-03 01:00:00+00:00,83.26218182
2025-04-03 02:00:00+00:00,83.24148485
2025-04-03 03:00:00+00:00,83.46
2025-04-03 04:00:00+00:00,84.19751515
2025-04-03 05:00:00+00:00,83.57333333
2025-04-03 06:00:00+00:00,83.52724242
2025-04-03 07:00:00+00:00,83.61248485
2025-04-03 08:00:00+00:00,84.05084848
2025-04-03 09:00:00+00:00,83.84148485
2025-04-03 10:00:00+00:00,82.00639394
2025-04-03 11:00:00+00:00,82.68081818
2025-04-03 12:00:00+00:00,80.51309091
2025-04-03 13:00:00+00:00,81.91084848
2025-04-03 14:00:00+00:00,80.74372727
2025-04-03 15:00:00+00:00,81.86115152
2025-04-03 16:00:00+00:00,81.60242424
2025-04-03 17:00:00+00:00,81.48869697
2025-04-03 18:00:00+00:00,82.15406061
2025-04-03 19:00:00+00:00,82.10809091
2025-04-03 20:00:00+00:00,82.67733333
2025-04-03 21:00:00+00:00,83.27572727
2025-04-03 22:00:00+00:00,82.944
2025-04-03 23:00:00+00:00,83.43460606
2025-04-04 00:00:00+00:00,82.99351515
2025-04-04 01:00:00+00:00,82.69030303
2025-04-04 02:00:00+00:00,83.29324242
2025-04-04 03:00:00+00:00,83.25945455
2025-04-04 04:00:00+00:00,83.24336364
2025-04-04 05:00:00+00:00,83.87912121
2025-04-04 06:00:00+00:00,83.62945455
2025-04-04 07:00:00+00:00,84.78375758
2025-04-04 08:00:00+00:00,84.76266667
2025-04-04 09:00:00+00:00,84.87336364
2025-04-04 10:00:00+00:00,82.77484848
2025-04-04 11:00:00+00:00,82.50093939
2025-04-04 12:00:00+00:00,83.1090303
2025-04-04 13:00:00+00:00,83.66554545
2025-04-04 14:00:00+00:00,83.143
2025-04-04 15:00:00+00:00,84.48154545
2025-04-04 16:00:00+00:00,83.751
2025-04-04 17:00:00+00:00,84.71093939
2025-04-04 18:00:00+00:00,84.20090909
2025-04-04 19:00:00+00:00,84.37209091
2025-04-04 20:00:00+00:00,84.50151515
2025-04-04 21:00:00+00:00,84.55293939
2025-04-04 22:00:00+00:00,84.30430303
2025-04-04 23:00:00+00:00,84.41463636
2025-04-05 00:00:00+00:00,84.647
2025-04-05 01:00:00+00:00,84.70421212
2025-04-05 02:00:00+00:00,84.76521212
2025-04-05 03:00:00+00:00,84.54472727
2025-04-05 04:00:00+00:00,84.32933333
2025-04-05 05:00:00+00:00,84.15575758
2025-04-05 06:00:00+00:00,83.83272727
2025-04-05 07:00:00+00:00,83.98857576
2025-04-05 08:00:00+00:00,83.8489697
2025-04-05 09:00:00+00:00,83.91693939
2025-04-05 10:00:00+00:00,83.72254545
2025-04-05 11:00:00+00:00,83.54024242
2025-04-05 12:00:00+00:00,83.05939394
2025-04-05 13:00:00+00:00,82.29227273
2025-04-05 14:00:00+00:00,82.68351515
2025-04-05 15:00:00+00:00,82.1989697
2025-04-05 16:00:00+00:00,82.08463636
2025-04-05 17:00:00+00:00,82.15239394
2025-04-05 18:00:00+00:00,82.45836364
2025-04-05 19:00:00+00:00,81.93927273
2025-04-05 20:00:00+00:00,82.13978788
2025-04-05 21:00:00+00:00,82.03878788
2025-04-05 22:00:00+00:00,82.21230303
2025-04-05 23:00:00+00:00,82.68348485
2025-04-06 00:00:00+00:00,82.70921212
2025-04-06 01:00:00+00:00,82.62863636
2025-04-06 02:00:00+00:00,82.19175758
2025-04-06 03:00:00+00:00,82.33230303
2025-04-06 04:00:00+00:00,82.28136364
2025-04-06 05:00:00+00:00,82.42187879
2025-04-06 06:00:00+00:00,81.68024242
2025-04-06 07:00:00+00:00,81.73678788
2025-04-06 08:00:00+00:00,81.849
2025-04-06 09:00:00+00:00,81.536
2025-04-06 10:00:00+00:00,81.24006061
2025-04-06 11:00:00+00:00,81.20318182
2025-04-06 12:00:00+00:00,80.55909091
2025-04-06 13:00:00+00:00,78.51609091
2025-04-06 14:00:00+00:00,79.47915152
2025-04-06 15:00:00+00:00,78.89212121
2025-04-06 16:00:00+00:00,78.07687879
2025-04-06 17:00:00+00:00,76.23848485
2025-04-06 18:00:00+00:00,73.10733333
2025-04-06 19:00:00+00:00,72.93018182
2025-04-06 20:00:00+00:00,70.94927273
2025-04-06 21:00:00+00:00,71.20806061
2025-04-06 22:00:00+00:00,70.11657576
2025-04-06 23:00:00+00:00,70.6179697
2025-04-07 00:00:00+00:00,69.93081818
2025-04-07 01:00:00+00:00,71.03145455
2025-04-07 02:00:00+00:00,70.06463636
2025-04-07 03:00:00+00:00,68.04093939
2025-04-07 04:00:00+00:00,67.96051515
2025-04-07 05:00:00+00:00,67.31863636
2025-04-07 06:00:00+00:00,63.77024242
2025-04-07 07:00:00+00:00,64.53272727
2025-04-07 08:00:00+00:00,66.21381818
2025-04-07 09:00:00+00:00,65.44230303
2025-04-07 10:00:00+00:00,66.84978788
2025-04-07 11:00:00+00:00,67.05160606
2025-04-07 12:00:00+00:00,68.53293939
2025-04-07 13:00:00+00:00,70.32124242
2025-04-07 14:00:00+00:00,70.79284848
2025-04-07 15:00:00+00:00,70.08484848
2025-04-07 16:00:00+00:00,69.48115152
2025-04-07 17:00:00+00:00,71.23527273
2025-04-07 18:00:00+00:00,70.39530303
2025-04-07 19:00:00+00:00,70.71854545
2025-04-07 20:00:00+00:00,71.60660606
2025-04-07 21:00:00+00:00,71.81527273
2025-04-07 22:00:00+00:00,71.83193939
2025-04-07 23:00:00+00:00,70.99366667
2025-04-08 00:00:00+00:00,70.42106061
2025-04-08 01:00:00+00:00,72.21106061
2025-04-08 02:00:00+00:00,72.25321212
2025-04-08 03:00:00+00:00,71.97242424
2025-04-08 04:00:00+00:00,72.849
2025-04-08 05:00:00+00:00,72.25687879
2025-04-08 06:00:00+00:00,71.2279697
2025-04-08 07:00:00+00:00,71.47318182
2025-04-08 08:00:00+00:00,71.7470303
2025-04-08 09:00:00+00:00,71.67633333
2025-04-08 10:00:00+00:00,72.00306061
2025-04-08 11:00:00+00:00,73.19733333
2025-04-08 12:00:00+00:00,73.02766667
2025-04-08 13:00:00+00:00,73.03860606
2025-04-08 14:00:00+00:00,71.2609697
2025-04-08 15:00:00+00:00,71.536
2025-04-08 16:00:00+00:00,69.74636364
2025-04-08 17:00:00+00:00,69.32309091
2025-04-08 18:00:00+00:00,69.53542424
2025-04-08 19:00:00+00:00,68.84424242
2025-04-08 20:00:00+00:00,69.78284848
2025-04-08 21:00:00+00:00,69.84621212
2025-04-08 22:00:00+00:00,69.25193939
2025-04-08 23:00:00+00:00,69.15454545
2025-04-09 00:00:00+00:00,69.00293939
2025-04-09 01:00:00+00:00,69.18218182
2025-04-09 02:00:00+00:00,68.77893939
2025-04-09 03:00:00+00:00,68.30533333
2025-04-09 04:00:00+00:00,69.54809091
2025-04-09 05:00:00+00:00,69.71636364
2025-04-09 06:00:00+00:00,69.92184848
2025-04-09 07:00:00+00:00,70.57854545
2025-04-09 08:00:00+00:00,70.84021212
2025-04-09 09:00:00+00:00,71.07248485
2025-04-09 10:00:00+00:00,71.21015152
2025-04-09 11:00:00+00:00,69.94842424
2025-04-09 12:00:00+00:00,70.49678788
2025-04-09 13:00:00+00:00,71.59527273
2025-04-09 14:00:00+00:00,71.121
2025-04-09 15:00:00+00:00,71.42554545
2025-04-09 16:00:00+00:00,72.2930303
2025-04-09 17:00:00+00:00,77.26381818
2025-04-09 18:00:00+00:00,77.03172727
2025-04-09 19:00:00+00:00,77.3230303
2025-04-09 20:00:00+00:00,77.66933333
2025-04-09 21:00:00+00:00,77.21712121
2025-04-09 22:00:00+00:00,76.70545455
2025-04-09 23:00:00+00:00,76.02748485
2025-04-10 00:00:00+00:00,75.53639394
2025-04-10 01:00:00+00:00,75.21830303
2025-04-10 02:00:00+00:00,75.04018182
2025-04-10 03:00:00+00:00,74.46190909
2025-04-10 04:00:00+00:00,74.18284848
2025-04-10 05:00:00+00:00,74.22612121
2025-04-10 06:00:00+00:00,74.75224242
2025-04-10 07:00:00+00:00,74.12157576
2025-04-10 08:00:00+00:00,74.49236364
2025-04-10 09:00:00+00:00,74.09978788
2025-04-10 10:00:00+00:00,73.56221212
2025-04-10 11:00:00+00:00,73.753
2025-04-10 12:00:00+00:00,73.5880303
2025-04-10 13:00:00+00:00,73.27484848
2025-04-10 14:00:00+00:00,73.7699697
2025-04-10 15:00:00+00:00,71.45048485
2025-04-10 16:00:00+00:00,71.68163636
2025-04-10 17:00:00+00:00,72.31454545
2025-04-10 18:00:00+00:00,72.45821212
2025-04-10 19:00:00+00:00,72.72057576
2025-04-10 20:00:00+00:00,73.35830303
2025-04-10 21:00:00+00:00,73.49318182
2025-04-10 22:00:00+00:00,73.4360303
2025-04-10 23:00:00+00:00,73.81360606
2025-04-11 00:00:00+00:00,73.79727273
2025-04-11 01:00:00+00:00,75.21409091
2025-04-11 02:00:00+00:00,74.83951515
2025-04-11 03:00:00+00:00,75.00587879
2025-04-11 04:00:00+00:00,75.29615152
2025-04-11 05:00:00+00:00,75.50409091
2025-04-11 06:00:00+00:00,75.78021212
2025-04-11 07:00:00+00:00,75.74884848
2025-04-11 08:00:00+00:00,75.643
2025-04-11 09:00:00+00:00,76.82206061
2025-04-11 10:00:00+00:00,77.18881818
2025-04-11 11:00:00+00:00,76.06718182
2025-04-11 12:00:00+00:00,76.05960606
2025-04-11 13:00:00+00:00,76.38657576
2025-04-11 14:00:00+00:00,76.05324242
2025-04-11 15:00:00+00:00,76.31790909
2025-04-11 16:00:00+00:00,76.37345455
2025-04-11 17:00:00+00:00,77.03015152
2025-04-11 18:00:00+00:00,76.95124242
2025-04-11 19:00:00+00:00,76.81354545
2025-04-11 20:00:00+00:00,76.87669697
2025-04-11 21:00:00+00:00,76.82769697
2025-04-11 22:00:00+00:00,76.35781818
2025-04-11 23:00:00+00:00,76.18745455
2025-04-12 00:00:00+00:00,76.18669697
2025-04-12 01:00:00+00:00,75.67948485
2025-04-12 02:00:00+00:00,75.153
2025-04-12 03:00:00+00:00,75.2880303
2025-04-12 04:00:00+00:00,75.82633333
2025-04-12 05:00:00+00:00,75.81245455
2025-04-12 06:00:00+00:00,75.9920303
2025-04-12 07:00:00+00:00,76.23115152
2025-04-12 08:00:00+00:00,76.34987879
2025-04-12 09:00:00+00:00,76.10730303
2025-04-12 10:00:00+00:00,75.76181818
2025-04-12 11:00:00+00:00,76.34975758
2025-04-12 12:00:00+00:00,76.56978788
2025-04-12 13:00:00+00:00,77.53806061
2025-04-12 14:00:00+00:00,78.7330303
2025-04-12 15:00:00+00:00,79.032
2025-04-12 16:00:00+00:00,78.66342424
2025-04-12 17:00:00+00:00,78.16993939
2025-04-12 18:00:00+00:00,79.18787879
2025-04-12 19:00:00+00:00,78.65278788
2025-04-12 20:00:00+00:00,78.94630303
2025-04-12 21:00:00+00:00,78.72806061
2025-04-12 22:00:00+00:00,78.75818182
2025-04-12 23:00:00+00:00,78.63275758
2025-04-13 00:00:00+00:00,78.72815152
2025-04-13 01:00:00+00:00,77.96406061
2025-04-13 02:00:00+00:00,78.33942424
2025-04-13 03:00:00+00:00,78.23527273
2025-04-13 04:00:00+00:00,77.56312121
2025-04-13 05:00:00+00:00,77.87478788
2025-04-13 06:00:00+00:00,78.20075758
2025-04-13 07:00:00+00:00,78.92333333
2025-04-13 08:00:00+00:00,78.58009091
2025-04-13 09:00:00+00:00,79.41269697
2025-04-13 10:00:00+00:00,79.39893939
2025-04-13 11:00:00+00:00,78.86593939
2025-04-13 12:00:00+00:00,78.98445455
2025-04-13 13:00:00+00:00,77.81606061
2025-04-13 14:00:00+00:00,78.26384848
2025-04-13 15:00:00+00:00,78.12590909
2025-04-13 16:00:00+00:00,78.81554545
2025-04-13 17:00:00+00:00,79.66509091
2025-04-13 18:00:00+00:00,79.66184848
2025-04-13 19:00:00+00:00,77.86742424
2025-04-13 20:00:00+00:00,77.70921212
2025-04-13 21:00:00+00:00,77.34366667
2025-04-13 22:00:00+00:00,77.18175758
2025-04-13 23:00:00+00:00,77.83787879
2025-04-14 00:00:00+00:00,78.28421212
2025-04-14 01:00:00+00:00,78.38878788
2025-04-14 02:00:00+00:00,79.8580303
2025-04-14 03:00:00+00:00,78.85566667
2025-04-14 04:00:00+00:00,79.39684848
2025-04-14 05:00:00+00:00,78.2219697
2025-04-14 06:00:00+00:00,77.90915152
2025-04-14 07:00:00+00:00,77.93154545
2025-04-14 08:00:00+00:00,77.7680303
2025-04-14 09:00:00+00:00,77.48506061
2025-04-14 10:00:00+00:00,78.13590909
2025-04-14 11:00:00+00:00,78.49069697
2025-04-14 12:00:00+00:00,78.53524242
2025-04-14 13:00:00+00:00,77.77587879
2025-04-14 14:00:00+00:00,78.77757576
2025-04-14 15:00:00+00:00,76.42387879
2025-04-14 16:00:00+00:00,76.22463636
2025-04-14 17:00:00+00:00,77.15924242
2025-04-14 18:00:00+00:00,77.13790909
2025-04-14 19:00:00+00:00,77.05560606
2025-04-14 20:00:00+00:00,77.02642424
2025-04-14 21:00:00+00:00,77.14372727
2025-04-14 22:00:00+00:00,77.16066667
2025-04-14 23:00:00+00:00,77.17124242
2025-04-15 00:00:00+00:00,77.41484848
2025-04-15 01:00:00+00:00,78.05090909
2025-04-15 02:00:00+00:00,77.9840303
2025-04-15 03:00:00+00:00,78.43475758
2025-04-15 04:00:00+00:00,78.494
2025-04-15 05:00:00+00:00,78.10909091
2025-04-15 06:00:00+00:00,77.82460606
2025-04-15 07:00:00+00:00,78.282
2025-04-15 08:00:00+00:00,77.92584848
2025-04-15 09:00:00+00:00,78.16515152
2025-04-15 10:00:00+00:00,77.48451515
2025-04-15 11:00:00+00:00,77.20618182
2025-04-15 12:00:00+00:00,77.55460606
2025-04-15 13:00:00+00:00,77.16654545
2025-04-15 14:00:00+00:00,76.51
2025-04-15 15:00:00+00:00,75.65287879
2025-04-15 16:00:00+00:00,75.58809091
2025-04-15 17:00:00+00:00,75.13793939
2025-04-15 18:00:00+00:00,75.40675758
2025-04-15 19:00:00+00:00,75.26766667
2025-04-15 20:00:00+00:00,75.45260606
2025-04-15 21:00:00+00:00,76.2369697
2025-04-15 22:00:00+00:00,75.81269697
2025-04-15 23:00:00+00:00,75.27542424
2025-04-16 00:00:00+00:00,75.09418182
2025-04-16 01:00:00+00:00,76.25893939
2025-04-16 02:00:00+00:00,76.12457576
2025-04-16 03:00:00+00:00,75.97412121
2025-04-16 04:00:00+00:00,75.96078788
2025-04-16 05:00:00+00:00,75.67145455
2025-04-16 06:00:00+00:00,76.08351515
2025-04-16 07:00:00+00:00,75.57636364
2025-04-16 08:00:00+00:00,75.99621212
2025-04-16 09:00:00+00:00,75.37609091
2025-04-16 10:00:00+00:00,75.18727273
2025-04-16 11:00:00+00:00,75.01669697
2025-04-16 12:00:00+00:00,74.01636364
2025-04-16 13:00:00+00:00,73.66312121
2025-04-16 14:00:00+00:00,74.72639394
2025-04-16 15:00:00+00:00,74.99112121
2025-04-16 16:00:00+00:00,75.07178788
2025-04-16 17:00:00+00:00,73.47657576
2025-04-16 18:00:00+00:00,74.37778788
2025-04-16 19:00:00+00:00,75.30539394
2025-04-16 20:00:00+00:00,74.67272727
2025-04-16 21:00:00+00:00,75.05630303
2025-04-16 22:00:00+00:00,74.87018182
2025-04-16 23:00:00+00:00,74.33445455
2025-04-17 00:00:00+00:00,74.56684848
2025-04-17 01:00:00+00:00,74.78539394
2025-04-17 02:00:00+00:00,74.44354545
2025-04-17 03:00:00+00:00,74.21581818
2025-04-17 04:00:00+00:00,74.71339394
2025-04-17 05:00:00+00:00,75.15190909
2025-04-17 06:00:00+00:00,75.47736364
2025-04-17 07:00:00+00:00,75.47051515
2025-04-17 08:00:00+00:00,74.85178788
2025-04-17 09:00:00+00:00,74.78751515
2025-04-17 10:00:00+00:00,74.87127273
2025-04-17 11:00:00+00:00,75.20109091
2025-04-17 12:00:00+00:00,75.33757576
2025-04-17 13:00:00+00:00,75.00475758
2025-04-17 14:00:00+00:00,74.25566667
2025-04-17 15:00:00+00:00,75.1310303
2025-04-17 16:00:00+00:00,75.86957576
2025-04-17 17:00:00+00:00,76.25087879
2025-04-17 18:00:00+00:00,75.67412121
2025-04-17 19:00:00+00:00,75.12069697
2025-04-17 20:00:00+00:00,75.60681818
2025-04-17 21:00:00+00:00,75.39936364
2025-04-17 22:00:00+00:00,74.69039394
2025-04-17 23:00:00+00:00,74.93557576
2025-04-18 00:00:00+00:00,74.72272727
2025-04-18 01:00:00+00:00,74.86527273
2025-04-18 02:00:00+00:00,75.2100303
2025-04-18 03:00:00+00:00,75.3130303
2025-04-18 04:00:00+00:00,75.3949697
2025-04-18 05:00:00+00:00,75.33924242
2025-04-18 06:00:00+00:00,75.16312121
2025-04-18 07:00:00+00:00,75.56760606
2025-04-18 08:00:00+00:00,75.6280303
2025-04-18 09:00:00+00:00,75.88624242
2025-04-18 10:00:00+00:00,75.59984848
2025-04-18 11:00:00+00:00,75.71481818
2025-04-18 12:00:00+00:00,75.92069697
2025-04-18 13:00:00+00:00,76.03015152
2025-04-18 14:00:00+00:00,75.78663636
2025-04-18 15:00:00+00:00,75.90678788
2025-04-18 16:00:00+00:00,76.21909091
2025-04-18 17:00:00+00:00,76.59751515
2025-04-18 18:00:00+00:00,77.00163636
2025-04-18 19:00:00+00:00,76.48584848
2025-04-18 20:00:00+00:00,76.31081818
2025-04-18 21:00:00+00:00,76.61851515
2025-04-18 22:00:00+00:00,75.99827273
2025-04-18 23:00:00+00:00,76.00069697
2025-04-19 00:00:00+00:00,75.815
2025-04-19 01:00:00+00:00,75.82854545
2025-04-19 02:00:00+00:00,76.17739394
2025-04-19 03:00:00+00:00,76.57248485
2025-04-19 04:00:00+00:00,76.50045455
2025-04-19 05:00:00+00:00,76.47933333
2025-04-19 06:00:00+00:00,76.0940303
2025-04-19 07:00:00+00:00,76.24175758
2025-04-19 08:00:00+00:00,76.32360606
2025-04-19 09:00:00+00:00,76.17081818
2025-04-19 10:00:00+00:00,76.02981818
2025-04-19 11:00:00+00:00,76.00454545
2025-04-19 12:00:00+00:00,75.95163636
2025-04-19 13:00:00+00:00,76.15136364
2025-04-19 14:00:00+00:00,75.9949697
2025-04-19 15:00:00+00:00,75.67921212
2025-04-19 16:00:00+00:00,75.04945455
2025-04-19 17:00:00+00:00,76.02024242
2025-04-19 18:00:00+00:00,75.84193939
2025-04-19 19:00:00+00:00,75.70775758
2025-04-19 20:00:00+00:00,75.97781818
2025-04-19 21:00:00+00:00,76.25045455
2025-04-19 22:00:00+00:00,76.42781818
2025-04-19 23:00:00+00:00,76.08851515
2025-04-20 00:00:00+00:00,76.20075758
2025-04-20 01:00:00+00:00,76.4129697
2025-04-20 02:00:00+00:00,76.28672727
2025-04-20 03:00:00+00:00,76.63818182
2025-04-20 04:00:00+00:00,76.64839394
2025-04-20 05:00:00+00:00,76.66736364
2025-04-20 06:00:00+00:00,76.71415152
2025-04-20 07:00:00+00:00,76.63742424
2025-04-20 08:00:00+00:00,76.32936364
2025-04-20 09:00:00+00:00,76.46139394
2025-04-20 10:00:00+00:00,75.76548485
2025-04-20 11:00:00+00:00,75.64830303
2025-04-20 12:00:00+00:00,75.81445455
2025-04-20 13:00:00+00:00,75.99751515
2025-04-20 14:00:00+00:00,76.33887879
2025-04-20 15:00:00+00:00,75.97087879
2025-04-20 16:00:00+00:00,76.65663636
2025-04-20 17:00:00+00:00,76.70863636
2025-04-20 18:00:00+00:00,76.97009091
2025-04-20 19:00:00+00:00,77.59327273
2025-04-20 20:00:00+00:00,77.57333333
2025-04-20 21:00:00+00:00,77.75054545
2025-04-20 22:00:00+00:00,77.8549697
2025-04-20 23:00:00+00:00,77.78045455
2025-04-21 00:00:00+00:00,78.77018182
2025-04-21 01:00:00+00:00,79.33560606
2025-04-21 02:00:00+00:00,79.19990909
2025-04-21 03:00:00+00:00,78.99930303
2025-04-21 04:00:00+00:00,78.85757576
2025-04-21 05:00:00+00:00,79.13124242
2025-04-21 06:00:00+00:00,79.0599697
2025-04-21 07:00:00+00:00,80.36842424
2025-04-21 08:00:00+00:00,81.00118182
2025-04-21 09:00:00+00:00,81.03754545
2025-04-21 10:00:00+00:00,81.07524242
2025-04-21 11:00:00+00:00,80.18263636
2025-04-21 12:00:00+00:00,79.94872727
2025-04-21 13:00:00+00:00,79.76090909
2025-04-21 14:00:00+00:00,80.33336364
2025-04-21 15:00:00+00:00,79.86718182
2025-04-21 16:00:00+00:00,78.36575758
2025-04-21 17:00:00+00:00,78.11627273
2025-04-21 18:00:00+00:00,77.53148485
2025-04-21 19:00:00+00:00,78.32748485
2025-04-21 20:00:00+00:00,77.96221212
2025-04-21 21:00:00+00:00,78.00427273
2025-04-21 22:00:00+00:00,77.77739394
2025-04-21 23:00:00+00:00,78.139
2025-04-22 00:00:00+00:00,78.45233333
2025-04-22 01:00:00+00:00,78.98545455
2025-04-22 02:00:00+00:00,78.70212121
2025-04-22 03:00:00+00:00,78.70330303
2025-04-22 04:00:00+00:00,78.61706061
2025-04-22 05:00:00+00:00,78.6590303
2025-04-22 06:00:00+00:00,78.63133333
2025-04-22 07:00:00+00:00,79.65257576
2025-04-22 08:00:00+00:00,79.85745455
2025-04-22 09:00:00+00:00,79.41015152
2025-04-22 10:00:00+00:00,79.42727273
2025-04-22 11:00:00+00:00,79.7369697
2025-04-22 12:00:00+00:00,79.83139394
2025-04-22 13:00:00+00:00,81.1879697
2025-04-22 14:00:00+00:00,81.87030303
2025-04-22 15:00:00+00:00,82.58054545
2025-04-22 16:00:00+00:00,82.54369697
2025-04-22 17:00:00+00:00,83.19363636
2025-04-22 18:00:00+00:00,83.22733333
2025-04-22 19:00:00+00:00,82.99830303
2025-04-22 20:00:00+00:00,82.94733333
2025-04-22 21:00:00+00:00,84.44542424
2025-04-22 22:00:00+00:00,83.41454545
2025-04-22 23:00:00+00:00,83.48366667
2025-04-23 00:00:00+00:00,84.08918182
2025-04-23 01:00:00+00:00,83.49327273
2025-04-23 02:00:00+00:00,84.05184848
2025-04-23 03:00:00+00:00,84.89054545
2025-04-23 04:00:00+00:00,85.22027273
2025-04-23 05:00:00+00:00,84.17478788
2025-04-23 06:00:00+00:00,84.16
2025-04-23 07:00:00+00:00,84.57612121
2025-04-23 08:00:00+00:00,85.11755556
2025-04-23 09:00:00+00:00,84.46657143
2025-04-23 10:00:00+00:00,84.43298113
2025-04-23 11:00:00+00:00,84.10290566
2025-04-23 12:00:00+00:00,84.5009434
2025-04-23 13:00:00+00:00,83.566
2025-04-23 14:00:00+00:00,83.59335849
2025-04-23 15:00:00+00:00,83.58260377
2025-04-23 16:00:00+00:00,83.84992453
2025-04-23 17:00:00+00:00,83.9010566
2025-04-23 18:00:00+00:00,83.37758491
2025-04-23 19:00:00+00:00,82.88969811
2025-04-23 20:00:00+00:00,83.09015094
2025-04-23 21:00:00+00:00,82.93871698
2025-04-23 22:00:00+00:00,83.38860377
2025-04-23 23:00:00+00:00,83.2794717
2025-04-24 00:00:00+00:00,83.53098113
2025-04-24 01:00:00+00:00,83.80781132
2025-04-24 02:00:00+00:00,82.76901887
2025-04-24 03:00:00+00:00,81.79773585
2025-04-24 04:00:00+00:00,82.52007547
2025-04-24 05:00:00+00:00,82.55173585
2025-04-24 06:00:00+00:00,82.25150943
2025-04-24 07:00:00+00:00,81.86286792
2025-04-24 08:00:00+00:00,81.25803774
2025-04-24 09:00:00+00:00,81.72441509
2025-04-24 10:00:00+00:00,81.70456604
2025-04-24 11:00:00+00:00,81.704
2025-04-24 12:00:00+00:00,81.59845283
2025-04-24 13:00:00+00:00,81.57596226
2025-04-24 14:00:00+00:00,82.70067925
2025-04-24 15:00:00+00:00,83.40867925
2025-04-24 16:00:00+00:00,83.4069434
2025-04-24 17:00:00+00:00,83.11886792
2025-04-24 18:00:00+00:00,83.43883019
2025-04-24 19:00:00+00:00,83.39464151
2025-04-24 20:00:00+00:00,83.45113208
2025-04-24 21:00:00+00:00,83.55569811
2025-04-24 22:00:00+00:00,83.91996226
2025-04-24 23:00:00+00:00,84.29328302
2025-04-25 00:00:00+00:00,84.28815094
2025-04-25 01:00:00+00:00,83.97339623
2025-04-25 02:00:00+00:00,83.10411321
2025-04-25 03:00:00+00:00,83.75958491
2025-04-25 04:00:00+00:00,83.98384906
2025-04-25 05:00:00+00:00,83.868
2025-04-25 06:00:00+00:00,84.81449057
2025-04-25 07:00:00+00:00,84.89633962
2025-04-25 08:00:00+00:00,85.05716981
2025-04-25 09:00:00+00:00,85.4150566
2025-04-25 10:00:00+00:00,84.74562264
2025-04-25 11:00:00+00:00,85.80903571
2025-04-25 12:00:00+00:00,85.72767857
2025-04-25 13:00:00+00:00,85.49235714
2025-04-25 14:00:00+00:00,86.63957143
2025-04-25 15:00:00+00:00,86.54071429
2025-04-25 16:00:00+00:00,86.86735714
2025-04-25 17:00:00+00:00,86.18192857
2025-04-25 18:00:00+00:00,86.66710714
2025-04-25 19:00:00+00:00,86.57071429
2025-04-25 20:00:00+00:00,86.62253571
2025-04-25 21:00:00+00:00,86.52010714
2025-04-25 22:00:00+00:00,86.83064286
2025-04-25 23:00:00+00:00,86.2875
2025-04-26 00:00:00+00:00,87.03528571
2025-04-26 01:00:00+00:00,87.87732143
2025-04-26 02:00:00+00:00,87.92157143
2025-04-26 03:00:00+00:00,87.52757143
2025-04-26 04:00:00+00:00,86.93232143
2025-04-26 05:00:00+00:00,87.04639286
2025-04-26 06:00:00+00:00,87.52928571
2025-04-26 07:00:00+00:00,87.08425
2025-04-26 08:00:00+00:00,86.84275
2025-04-26 09:00:00+00:00,86.71021429
2025-04-26 10:00:00+00:00,86.81435714
2025-04-26 11:00:00+00:00,85.904
2025-04-26 12:00:00+00:00,85.75335714
2025-04-26 13:00:00+00:00,85.72610714
2025-04-26 14:00:00+00:00,86.06653571
2025-04-26 15:00:00+00:00,86.63946429
2025-04-26 16:00:00+00:00,86.77657143
2025-04-26 17:00:00+00:00,87.30492857
2025-04-26 18:00:00+00:00,87.2495
2025-04-26 19:00:00+00:00,87.13685714
2025-04-26 20:00:00+00:00,87.17264286
2025-04-26 21:00:00+00:00,87.47192857
2025-04-26 22:00:00+00:00,87.3305
2025-04-26 23:00:00+00:00,87.06107143
2025-04-27 00:00:00+00:00,87.47653571
2025-04-27 01:00:00+00:00,85.90046429
2025-04-27 02:00:00+00:00,86.08589286
2025-04-27 03:00:00+00:00,85.96121429
2025-04-27 04:00:00+00:00,85.17067857
2025-04-27 05:00:00+00:00,84.91535714
2025-04-27 06:00:00+00:00,85.05642857
2025-04-27 07:00:00+00:00,85.46032143
2025-04-27 08:00:00+00:00,86.36967857
2025-04-27 09:00:00+00:00,86.45682143
2025-04-27 10:00:00+00:00,86.22742857
2025-04-27 11:00:00+00:00,86.32282143
2025-04-27 12:00:00+00:00,86.72439286
2025-04-27 13:00:00+00:00,86.73753571
2025-04-27 14:00:00+00:00,86.97060714
2025-04-27 15:00:00+00:00,86.24142857
2025-04-27 16:00:00+00:00,86.24378571
2025-04-27 17:00:00+00:00,86.34989286
2025-04-27 18:00:00+00:00,86.64039286
2025-04-27 19:00:00+00:00,87.06753571
2025-04-27 20:00:00+00:00,86.44607143
2025-04-27 21:00:00+00:00,86.32521429
2025-04-27 22:00:00+00:00,85.95232143
2025-04-27 23:00:00+00:00,85.39639286
2025-04-28 00:00:00+00:00,85.10714286
2025-04-28 01:00:00+00:00,83.94467857
2025-04-28 02:00:00+00:00,84.82803571
2025-04-28 03:00:00+00:00,85.41928571
2025-04-28 04:00:00+00:00,85.80982143
2025-04-28 05:00:00+00:00,86.08453571
2025-04-28 06:00:00+00:00,86.956
2025-04-28 07:00:00+00:00,87.45771429
2025-04-28 08:00:00+00:00,87.2565
2025-04-28 09:00:00+00:00,86.80479412
2025-04-28 10:00:00+00:00,87.09489286
2025-04-28 11:00:00+00:00,87.18205882
2025-04-28 12:00:00+00:00,87.034
2025-04-28 13:00:00+00:00,85.41388235
2025-04-28 14:00:00+00:00,85.41158824
2025-04-28 15:00:00+00:00,84.49164706
2025-04-28 16:00:00+00:00,84.46535294
2025-04-28 17:00:00+00:00,85.24423529
2025-04-28 18:00:00+00:00,85.21717647
2025-04-28 19:00:00+00:00,85.45679412
2025-04-28 20:00:00+00:00,85.24120588
2025-04-28 21:00:00+00:00,85.49085294
2025-04-28 22:00:00+00:00,85.55070588
2025-04-28 23:00:00+00:00,85.66132353
2025-04-29 00:00:00+00:00,86.82767647
2025-04-29 01:00:00+00:00,86.58235294
2025-04-29 02:00:00+00:00,86.07844118
2025-04-29 03:00:00+00:00,86.64238235
2025-04-29 04:00:00+00:00,85.53129412
2025-04-29 05:00:00+00:00,85.70770588
2025-04-29 06:00:00+00:00,86.54305882
2025-04-29 07:00:00+00:00,86.83914706
2025-04-29 08:00:00+00:00,86.52076471
2025-04-29 09:00:00+00:00,86.11847059
2025-04-29 10:00:00+00:00,85.44894118
2025-04-29 11:00:00+00:00,85.66223529
2025-04-29 12:00:00+00:00,85.31370588
2025-04-29 13:00:00+00:00,85.31735294
2025-04-29 14:00:00+00:00,85.66023529
2025-04-29 15:00:00+00:00,85.21808824
2025-04-29 16:00:00+00:00,86.18667647
2025-04-29 17:00:00+00:00,87.20647059
2025-04-29 18:00:00+00:00,86.81479412
2025-04-29 19:00:00+00:00,86.49361765
2025-04-29 20:00:00+00:00,86.48047059
2025-04-29 21:00:00+00:00,85.70647059
2025-04-29 22:00:00+00:00,85.39664706
2025-04-29 23:00:00+00:00,85.56923529
2025-04-30 00:00:00+00:00,86.35944118
2025-04-30 01:00:00+00:00,86.40170588
2025-04-30 02:00:00+00:00,85.94414706
2025-04-30 03:00:00+00:00,86.08402941
2025-04-30 04:00:00+00:00,86.26967647
2025-04-30 05:00:00+00:00,85.40129412
2025-04-30 06:00:00+00:00,85.11205882
2025-04-30 07:00:00+00:00,84.74735294
2025-04-30 08:00:00+00:00,84.57573529
2025-04-30 09:00:00+00:00,84.84858824
2025-04-30 10:00:00+00:00,84.97185294
2025-04-30 11:00:00+00:00,85.09879412
2025-04-30 12:00:00+00:00,83.95629412
2025-04-30 13:00:00+00:00,81.70282353
2025-04-30 14:00:00+00:00,82.96605882
2025-04-30 15:00:00+00:00,82.84779412
2025-04-30 16:00:00+00:00,83.37238235
2025-04-30 17:00:00+00:00,83.24505882
2025-04-30 18:00:00+00:00,83.60594118
2025-04-30 19:00:00+00:00,83.69491176
2025-04-30 20:00:00+00:00,84.063
2025-04-30 21:00:00+00:00,83.87173529
2025-04-30 22:00:00+00:00,83.54744118
2025-04-30 23:00:00+00:00,83.52379412
2025-05-01 00:00:00+00:00,84.44879412
2025-05-01 01:00:00+00:00,84.78141176
2025-05-01 02:00:00+00:00,84.40441176
2025-05-01 03:00:00+00:00,84.21379412
2025-05-01 04:00:00+00:00,84.48447059
2025-05-01 05:00:00+00:00,84.75055882
2025-05-01 06:00:00+00:00,84.43835294
2025-05-01 07:00:00+00:00,84.95114706
2025-05-01 08:00:00+00:00,85.66352941
2025-05-01 09:00:00+00:00,85.58026471
2025-05-01 10:00:00+00:00,86.68667647
2025-05-01 11:00:00+00:00,86.95761765
2025-05-01 12:00:00+00:00,87.13497059
2025-05-01 13:00:00+00:00,86.24867647
2025-05-01 14:00:00+00:00,87.34573529
2025-05-01 15:00:00+00:00,87.57647059
2025-05-01 16:00:00+00:00,88.6265
2025-05-01 17:00:00+00:00,88.61041176
2025-05-01 18:00:00+00:00,89.46238235
2025-05-01 19:00:00+00:00,89.2605
2025-05-01 20:00:00+00:00,90.24305882
2025-05-01 21:00:00+00:00,89.99514706
2025-05-01 22:00:00+00:00,89.11461765
2025-05-01 23:00:00+00:00,88.85094118
2025-05-02 00:00:00+00:00,90.31282353
2025-05-02 01:00:00+00:00,89.40294118
2025-05-02 02:00:00+00:00,90.47152941
2025-05-02 03:00:00+00:00,90.01938235
2025-05-02 04:00:00+00:00,89.20617647
2025-05-02 05:00:00+00:00,88.62479412
2025-05-02 06:00:00+00:00,88.54911765
2025-05-02 07:00:00+00:00,87.95038235
2025-05-02 08:00:00+00:00,88.52208824
2025-05-02 09:00:00+00:00,88.46288235
2025-05-02 10:00:00+00:00,88.91441176
2025-05-02 11:00:00+00:00,88.5575
2025-05-02 12:00:00+00:00,89.01167647
2025-05-02 13:00:00+00:00,88.15629412
2025-05-02 14:00:00+00:00,89.26211765
2025-05-02 15:00:00+00:00,88.29591176
2025-05-02 16:00:00+00:00,88.59482353
2025-05-02 17:00:00+00:00,88.17282353
2025-05-02 18:00:00+00:00,87.68152941
2025-05-02 19:00:00+00:00,87.53729412
2025-05-02 20:00:00+00:00,87.84205882
2025-05-02 21:00:00+00:00,87.64282353
2025-05-02 22:00:00+00:00,87.35802941
2025-05-02 23:00:00+00:00,87.97285294
2025-05-03 00:00:00+00:00,87.45111765
2025-05-03 01:00:00+00:00,87.43502941
2025-05-03 02:00:00+00:00,87.53755882
2025-05-03 03:00:00+00:00,87.27679412
2025-05-03 04:00:00+00:00,87.52570588
2025-05-03 05:00:00+00:00,87.33305882
2025-05-03 06:00:00+00:00,87.00394118
2025-05-03 07:00:00+00:00,86.84558824
2025-05-03 08:00:00+00:00,87.00261765
2025-05-03 09:00:00+00:00,87.2275
2025-05-03 10:00:00+00:00,86.50561765
2025-05-03 11:00:00+00:00,86.18902941
2025-05-03 12:00:00+00:00,86.61564706
2025-05-03 13:00:00+00:00,86.93
2025-05-03 14:00:00+00:00,87.12197059
2025-05-03 15:00:00+00:00,86.82241176
2025-05-03 16:00:00+00:00,86.25441176
2025-05-03 17:00:00+00:00,86.74755882
2025-05-03 18:00:00+00:00,86.34138235
2025-05-03 19:00:00+00:00,87.07923529
2025-05-03 20:00:00+00:00,86.92288235
2025-05-03 21:00:00+00:00,86.82620588
2025-05-03 22:00:00+00:00,87.03661765
2025-05-03 23:00:00+00:00,86.55479412
2025-05-04 00:00:00+00:00,86.12379412
2025-05-04 01:00:00+00:00,86.2565
2025-05-04 02:00:00+00:00,86.30873529
2025-05-04 03:00:00+00:00,86.07244118
2025-05-04 04:00:00+00:00,86.04126471
2025-05-04 05:00:00+00:00,86.61170588
2025-05-04 06:00:00+00:00,86.69308824
2025-05-04 07:00:00+00:00,86.33682353
2025-05-04 08:00:00+00:00,85.85067647
2025-05-04 09:00:00+00:00,85.66682353
2025-05-04 10:00:00+00:00,85.89426471
2025-05-04 11:00:00+00:00,85.87470588
2025-05-04 12:00:00+00:00,86.104
2025-05-04 13:00:00+00:00,85.95470588
2025-05-04 14:00:00+00:00,86.67302941
2025-05-04 15:00:00+00:00,86.65247059
2025-05-04 16:00:00+00:00,86.22320588
2025-05-04 17:00:00+00:00,86.32473529
2025-05-04 18:00:00+00:00,86.21097059
2025-05-04 19:00:00+00:00,86.35338235
2025-05-04 20:00:00+00:00,86.74870588
2025-05-04 21:00:00+00:00,86.305
2025-05-04 22:00:00+00:00,85.68720588
2025-05-04 23:00:00+00:00,85.04594118
2025-05-05 00:00:00+00:00,85.82173529
2025-05-05 01:00:00+00:00,85.01141176
2025-05-05 02:00:00+00:00,86.02305882
2025-05-05 03:00:00+00:00,86.01138235
2025-05-05 04:00:00+00:00,87.27323529
2025-05-05 05:00:00+00:00,88.21108824
2025-05-05 06:00:00+00:00,87.84076471
2025-05-05 07:00:00+00:00,87.94555882
2025-05-05 08:00:00+00:00,88.46732353
2025-05-05 09:00:00+00:00,88.96194118
2025-05-05 10:00:00+00:00,87.71802941
2025-05-05 11:00:00+00:00,88.06008824
2025-05-05 12:00:00+00:00,88.16179412
2025-05-05 13:00:00+00:00,87.84473529
2025-05-05 14:00:00+00:00,87.04026471
2025-05-05 15:00:00+00:00,85.73588235
2025-05-05 16:00:00+00:00,86.40823529
2025-05-05 17:00:00+00:00,86.64229412
2025-05-05 18:00:00+00:00,87.26091176
2025-05-05 19:00:00+00:00,84.41717647
2025-05-05 20:00:00+00:00,82.53973529
2025-05-05 21:00:00+00:00,83.06108824
2025-05-05 22:00:00+00:00,83.90805882
2025-05-05 23:00:00+00:00,83.24876471
2025-05-06 00:00:00+00:00,82.88244118
2025-05-06 01:00:00+00:00,82.34529412
2025-05-06 02:00:00+00:00,82.69447059
2025-05-06 03:00:00+00:00,82.74205882
2025-05-06 04:00:00+00:00,82.99852941
2025-05-06 05:00:00+00:00,82.26823529
2025-05-06 06:00:00+00:00,82.29091176
2025-05-06 07:00:00+00:00,81.96614706
2025-05-06 08:00:00+00:00,82.07617647
2025-05-06 09:00:00+00:00,82.16152941
2025-05-06 10:00:00+00:00,81.71955882
2025-05-06 11:00:00+00:00,81.75197059
2025-05-06 12:00:00+00:00,81.96908824
2025-05-06 13:00:00+00:00,81.56691176
2025-05-06 14:00:00+00:00,82.555
2025-05-06 15:00:00+00:00,82.26667647
2025-05-06 16:00:00+00:00,82.09232353
2025-05-06 17:00:00+00:00,82.14805882
2025-05-06 18:00:00+00:00,84.04958824
2025-05-06 19:00:00+00:00,84.33941176
2025-05-06 20:00:00+00:00,84.46552941
2025-05-06 21:00:00+00:00,84.60655882
2025-05-06 22:00:00+00:00,86.93205882
2025-05-06 23:00:00+00:00,91.58811765
2025-05-07 00:00:00+00:00,92.81935294
2025-05-07 01:00:00+00:00,91.98935294
2025-05-07 02:00:00+00:00,91.79802941
2025-05-07 03:00:00+00:00,92.35985294
2025-05-07 04:00:00+00:00,91.54188235
2025-05-07 05:00:00+00:00,91.48941176
2025-05-07 06:00:00+00:00,91.75
2025-05-07 07:00:00+00:00,92.52638235
2025-05-07 08:00:00+00:00,92.67582353
2025-05-07 09:00:00+00:00,92.38326471
2025-05-07 10:00:00+00:00,91.99114706
2025-05-07 11:00:00+00:00,91.19676471
2025-05-07 12:00:00+00:00,90.65232353
2025-05-07 13:00:00+00:00,90.49379412
2025-05-07 14:00:00+00:00,89.36420588
2025-05-07 15:00:00+00:00,88.80323529
2025-05-07 16:00:00+00:00,88.048
2025-05-07 17:00:00+00:00,87.88479412
2025-05-07 18:00:00+00:00,88.21114706
2025-05-07 19:00:00+00:00,87.64382353
2025-05-07 20:00:00+00:00,88.60735294
2025-05-07 21:00:00+00:00,88.46702941
2025-05-07 22:00:00+00:00,90.11423529
2025-05-07 23:00:00+00:00,89.51841176
2025-05-08 00:00:00+00:00,90.9165
2025-05-08 01:00:00+00:00,91.02647059
2025-05-08 02:00:00+00:00,91.77755882
2025-05-08 03:00:00+00:00,91.67285294
2025-05-08 04:00:00+00:00,91.75326471
2025-05-08 05:00:00+00:00,91.65544118
2025-05-08 06:00:00+00:00,91.79632353
2025-05-08 07:00:00+00:00,92.48694118
2025-05-08 08:00:00+00:00,92.6195
2025-05-08 09:00:00+00:00,92.43761765
2025-05-08 10:00:00+00:00,92.88382353
2025-05-08 11:00:00+00:00,92.10676471
2025-05-08 12:00:00+00:00,91.52211765
2025-05-08 13:00:00+00:00,92.13120588
2025-05-08 14:00:00+00:00,91.98
2025-05-08 15:00:00+00:00,93.17714706
2025-05-08 16:00:00+00:00,93.268
2025-05-08 17:00:00+00:00,92.28535294
2025-05-08 18:00:00+00:00,92.65126471
2025-05-08 19:00:00+00:00,92.91879412
2025-05-08 20:00:00+00:00,94.49447059
2025-05-08 21:00:00+00:00,94.25564706
2025-05-08 22:00:00+00:00,93.87338235
2025-05-08 23:00:00+00:00,94.98667647
2025-05-09 00:00:00+00:00,94.62517647
2025-05-09 01:00:00+00:00,95.42870588
2025-05-09 02:00:00+00:00,95.44844118
2025-05-09 03:00:00+00:00,94.48582353
2025-05-09 04:00:00+00:00,94.92379412
2025-05-09 05:00:00+00:00,95.1935
2025-05-09 06:00:00+00:00,95.94426471
2025-05-09 07:00:00+00:00,98.09582353
2025-05-09 08:00:00+00:00,98.20214706
2025-05-09 09:00:00+00:00,98.23255882
2025-05-09 10:00:00+00:00,98.96326471
2025-05-09 11:00:00+00:00,98.76094118
2025-05-09 12:00:00+00:00,99.0355
2025-05-09 13:00:00+00:00,100.01367647
2025-05-09 14:00:00+00:00,98.47064706
2025-05-09 15:00:00+00:00,98.34711765
2025-05-09 16:00:00+00:00,97.96111765
2025-05-09 17:00:00+00:00,99.668
2025-05-09 18:00:00+00:00,99.31870588
2025-05-09 19:00:00+00:00,99.30282353
2025-05-09 20:00:00+00:00,99.95132353
2025-05-09 21:00:00+00:00,100.14741176
2025-05-09 22:00:00+00:00,100.05885294
2025-05-09 23:00:00+00:00,100.51482353
2025-05-10 00:00:00+00:00,103.59620588
2025-05-10 01:00:00+00:00,103.24973529
2025-05-10 02:00:00+00:00,103.683
2025-05-10 03:00:00+00:00,103.4225
2025-05-10 04:00:00+00:00,103.18920588
2025-05-10 05:00:00+00:00,103.17938235
2025-05-10 06:00:00+00:00,103.79952941
2025-05-10 07:00:00+00:00,103.98026471
2025-05-10 08:00:00+00:00,102.85144118
2025-05-10 09:00:00+00:00,103.34044118
2025-05-10 10:00:00+00:00,102.40402941
2025-05-10 11:00:00+00:00,100.67952941
2025-05-10 12:00:00+00:00,101.84276471
2025-05-10 13:00:00+00:00,102.41514706
2025-05-10 14:00:00+00:00,102.21661765
2025-05-10 15:00:00+00:00,101.84705882
2025-05-10 16:00:00+00:00,103.46241176
2025-05-10 17:00:00+00:00,103.16938235
2025-05-10 18:00:00+00:00,103.24947059
2025-05-10 19:00:00+00:00,103.40617647
2025-05-10 20:00:00+00:00,103.89223529
2025-05-10 21:00:00+00:00,104.25964706
2025-05-10 22:00:00+00:00,104.6125
2025-05-10 23:00:00+00:00,105.27579412
2025-05-11 00:00:00+00:00,104.16211765
2025-05-11 01:00:00+00:00,103.44944118
2025-05-11 02:00:00+00:00,104.31529412
2025-05-11 03:00:00+00:00,104.50502941
2025-05-11 04:00:00+00:00,104.18785294
2025-05-11 05:00:00+00:00,103.16526471
2025-05-11 06:00:00+00:00,102.21511765
2025-05-11 07:00:00+00:00,100.67205882
2025-05-11 08:00:00+00:00,100.22438235
2025-05-11 09:00:00+00:00,101.20061765
2025-05-11 10:00:00+00:00,101.41926471
2025-05-11 11:00:00+00:00,101.69532353
2025-05-11 12:00:00+00:00,101.30264706
2025-05-11 13:00:00+00:00,99.13444118
2025-05-11 14:00:00+00:00,100.05882353
2025-05-11 15:00:00+00:00,99.42285294
2025-05-11 16:00:00+00:00,99.18273529
2025-05-11 17:00:00+00:00,100.05382353
2025-05-11 18:00:00+00:00,100.47658824
2025-05-11 19:00:00+00:00,100.305
2025-05-11 20:00:00+00:00,99.79623529
2025-05-11 21:00:00+00:00,100.36352941
2025-05-11 22:00:00+00:00,99.76391176
2025-05-11 23:00:00+00:00,100.11035294
2025-05-12 00:00:00+00:00,101.16317647
2025-05-12 01:00:00+00:00,100.316
2025-05-12 02:00:00+00:00,100.41476471
2025-05-12 03:00:00+00:00,100.99223529
2025-05-12 04:00:00+00:00,101.53267647
2025-05-12 05:00:00+00:00,100.75264706
2025-05-12 06:00:00+00:00,101.46697059
2025-05-12 07:00:00+00:00,102.29338235
2025-05-12 08:00:00+00:00,102.94067647
2025-05-12 09:00:00+00:00,102.41547059
2025-05-12 10:00:00+00:00,102.97676471
2025-05-12 11:00:00+00:00,101.89423529
2025-05-12 12:00:00+00:00,103.00161765
2025-05-12 13:00:00+00:00,103.01270588
2025-05-12 14:00:00+00:00,100.40035294
2025-05-12 15:00:00+00:00,100.3725
2025-05-12 16:00:00+00:00,101.44605882
2025-05-12 17:00:00+00:00,101.78814706
2025-05-12 18:00:00+00:00,99.88167647
2025-05-12 19:00:00+00:00,101.58376471
2025-05-12 20:00:00+00:00,102.24097059
2025-05-12 21:00:00+00:00,101.92726471
2025-05-12 22:00:00+00:00,102.20720588
2025-05-12 23:00:00+00:00,103.83705882
2025-05-13 00:00:00+00:00,102.10861765
2025-05-13 01:00:00+00:00,101.47470588
2025-05-13 02:00:00+00:00,100.94308824
2025-05-13 03:00:00+00:00,100.06408824
2025-05-13 04:00:00+00:00,102.63155882
2025-05-13 05:00:00+00:00,101.69961765
2025-05-13 06:00:00+00:00,102.82811765
2025-05-13 07:00:00+00:00,102.529
2025-05-13 08:00:00+00:00,101.86964706
2025-05-13 09:00:00+00:00,102.85370588
2025-05-13 10:00:00+00:00,102.40944118
2025-05-13 11:00:00+00:00,102.94232353
2025-05-13 12:00:00+00:00,102.35967647
2025-05-13 13:00:00+00:00,101.53844118
2025-05-13 14:00:00+00:00,100.25052941
2025-05-13 15:00:00+00:00,101.17161765
2025-05-13 16:00:00+00:00,101.61702941
2025-05-13 17:00:00+00:00,101.93535294
2025-05-13 18:00:00+00:00,102.9415
2025-05-13 19:00:00+00:00,104.01991176
2025-05-13 20:00:00+00:00,104.63870588
2025-05-13 21:00:00+00:00,103.76035294
2025-05-13 22:00:00+00:00,103.59708824
2025-05-13 23:00:00+00:00,103.43441176
2025-05-14 00:00:00+00:00,103.24517647
2025-05-14 01:00:00+00:00,103.31029412
2025-05-14 02:00:00+00:00,103.6995
2025-05-14 03:00:00+00:00,103.40223529
2025-05-14 04:00:00+00:00,103.98779412
2025-05-14 05:00:00+00:00,104.24011765
2025-05-14 06:00:00+00:00,104.14194118
2025-05-14 07:00:00+00:00,104.48641176
2025-05-14 08:00:00+00:00,101.27091176
2025-05-14 09:00:00+00:00,102.28779412
2025-05-14 10:00:00+00:00,101.81814706
2025-05-14 11:00:00+00:00,102.35711765
2025-05-14 12:00:00+00:00,102.11152941
2025-05-14 13:00:00+00:00,100.76120588
2025-05-14 14:00:00+00:00,99.77635294
2025-05-14 15:00:00+00:00,99.99264706
2025-05-14 16:00:00+00:00,99.27544118
2025-05-14 17:00:00+00:00,99.9605
2025-05-14 18:00:00+00:00,100.35964706
2025-05-14 19:00:00+00:00,100.15770588
2025-05-14 20:00:00+00:00,101.276
2025-05-14 21:00:00+00:00,101.30085294
2025-05-14 22:00:00+00:00,101.22455882
2025-05-14 23:00:00+00:00,100.95732353
2025-05-15 00:00:00+00:00,101.45079412
2025-05-15 01:00:00+00:00,99.8855
2025-05-15 02:00:00+00:00,100.44967647
2025-05-15 03:00:00+00:00,99.61514706
2025-05-15 04:00:00+00:00,100.05014706
2025-05-15 05:00:00+00:00,98.6605
2025-05-15 06:00:00+00:00,97.98635294
2025-05-15 07:00:00+00:00,95.73658824
2025-05-15 08:00:00+00:00,98.05829412
2025-05-15 09:00:00+00:00,97.30267647
2025-05-15 10:00:00+00:00,97.67561765
2025-05-15 11:00:00+00:00,98.16547059
2025-05-15 12:00:00+00:00,98.28344118
2025-05-15 13:00:00+00:00,96.99476471
2025-05-15 14:00:00+00:00,96.98167647
2025-05-15 15:00:00+00:00,98.41023529
2025-05-15 16:00:00+00:00,99.36158824
2025-05-15 17:00:00+00:00,99.45094118
2025-05-15 18:00:00+00:00,97.66935294
2025-05-15 19:00:00+00:00,99.56576471
2025-05-15 20:00:00+00:00,99.19661765
2025-05-15 21:00:00+00:00,99.62214706
2025-05-15 22:00:00+00:00,98.94558824
2025-05-15 23:00:00+00:00,99.25738235
2025-05-16 00:00:00+00:00,99.51785294
2025-05-16 01:00:00+00:00,100.38629412
2025-05-16 02:00:00+00:00,100.57667647
2025-05-16 03:00:00+00:00,100.90870588
2025-05-16 04:00:00+00:00,100.68685294
2025-05-16 05:00:00+00:00,100.39461765
2025-05-16 06:00:00+00:00,100.45008824
2025-05-16 07:00:00+00:00,99.86941176
2025-05-16 08:00:00+00:00,98.97358824
2025-05-16 09:00:00+00:00,100.13841176
2025-05-16 10:00:00+00:00,100.83273529
2025-05-16 11:00:00+00:00,100.97952941
2025-05-16 12:00:00+00:00,100.82479412
2025-05-16 13:00:00+00:00,101.38558824
2025-05-16 14:00:00+00:00,100.63805882
2025-05-16 15:00:00+00:00,101.53726471
2025-05-16 16:00:00+00:00,102.01729412
2025-05-16 17:00:00+00:00,101.40564706
2025-05-16 18:00:00+00:00,100.68908824
2025-05-16 19:00:00+00:00,100.73911765
2025-05-16 20:00:00+00:00,99.46879412
2025-05-16 21:00:00+00:00,99.49194118
2025-05-16 22:00:00+00:00,99.35055882
2025-05-16 23:00:00+00:00,99.46670588
2025-05-17 00:00:00+00:00,99.06088235
2025-05-17 01:00:00+00:00,98.18991176
2025-05-17 02:00:00+00:00,98.71497059
2025-05-17 03:00:00+00:00,99.17358824
2025-05-17 04:00:00+00:00,100.205
2025-05-17 05:00:00+00:00,99.76017647
2025-05-17 06:00:00+00:00,100.96244118
2025-05-17 07:00:00+00:00,100.53376471
2025-05-17 08:00:00+00:00,100.33908824
2025-05-17 09:00:00+00:00,99.79929412
2025-05-17 10:00:00+00:00,99.53314706
2025-05-17 11:00:00+00:00,98.90726471
2025-05-17 12:00:00+00:00,98.22497059
2025-05-17 13:00:00+00:00,97.13244118
2025-05-17 14:00:00+00:00,98.16208824
2025-05-17 15:00:00+00:00,97.63
2025-05-17 16:00:00+00:00,97.08711765
2025-05-17 17:00:00+00:00,97.14720588
2025-05-17 18:00:00+00:00,96.56058824
2025-05-17 19:00:00+00:00,96.3835
2025-05-17 20:00:00+00:00,97.38767647
2025-05-17 21:00:00+00:00,97.162
2025-05-17 22:00:00+00:00,95.88673529
2025-05-17 23:00:00+00:00,96.07026471
2025-05-18 00:00:00+00:00,96.93458824
2025-05-18 01:00:00+00:00,96.71070588
2025-05-18 02:00:00+00:00,96.57123529
2025-05-18 03:00:00+00:00,96.366
2025-05-18 04:00:00+00:00,97.20467647
2025-05-18 05:00:00+00:00,98.09202941
2025-05-18 06:00:00+00:00,97.79732353
2025-05-18 07:00:00+00:00,98.63885294
2025-05-18 08:00:00+00:00,98.76205882
2025-05-18 09:00:00+00:00,98.66988235
2025-05-18 10:00:00+00:00,98.43505882
2025-05-18 11:00:00+00:00,98.22767647
2025-05-18 12:00:00+00:00,98.59297059
2025-05-18 13:00:00+00:00,99.04635294
2025-05-18 14:00:00+00:00,99.8405
2025-05-18 15:00:00+00:00,101.82314706
2025-05-18 16:00:00+00:00,101.91379412
2025-05-18 17:00:00+00:00,100.07026471
2025-05-18 18:00:00+00:00,98.67411765
2025-05-18 19:00:00+00:00,97.08182353
2025-05-18 20:00:00+00:00,97.46141176
2025-05-18 21:00:00+00:00,98.27058824
2025-05-18 22:00:00+00:00,99.38652941
2025-05-18 23:00:00+00:00,100.95420588
2025-05-19 00:00:00+00:00,98.77285294
2025-05-19 01:00:00+00:00,98.98323529
2025-05-19 02:00:00+00:00,98.42667647
2025-05-19 03:00:00+00:00,97.08864706
2025-05-19 04:00:00+00:00,95.24402941
2025-05-19 05:00:00+00:00,95.31273529
2025-05-19 06:00:00+00:00,94.43644118
2025-05-19 07:00:00+00:00,95.70752941
2025-05-19 08:00:00+00:00,95.38808824
2025-05-19 09:00:00+00:00,95.4435
2025-05-19 10:00:00+00:00,95.597
2025-05-19 11:00:00+00:00,95.78108824
2025-05-19 12:00:00+00:00,94.70258824
2025-05-19 13:00:00+00:00,95.84
2025-05-19 14:00:00+00:00,96.7525
2025-05-19 15:00:00+00:00,97.78058824
2025-05-19 16:00:00+00:00,98.57120588
2025-05-19 17:00:00+00:00,98.44458824
2025-05-19 18:00:00+00:00,98.46652941
2025-05-19 19:00:00+00:00,99.18585294
2025-05-19 20:00:00+00:00,99.07476471
2025-05-19 21:00:00+00:00,98.8585
2025-05-19 22:00:00+00:00,98.14420588
2025-05-19 23:00:00+00:00,98.24397059
2025-05-20 00:00:00+00:00,98.45214706
2025-05-20 01:00:00+00:00,99.15129412
2025-05-20 02:00:00+00:00,98.76135294
2025-05-20 03:00:00+00:00,97.90405882
2025-05-20 04:00:00+00:00,97.86073529
2025-05-20 05:00:00+00:00,97.70002941
2025-05-20 06:00:00+00:00,97.11064706
2025-05-20 07:00:00+00:00,93.953
2025-05-20 08:00:00+00:00,93.89329412
2025-05-20 09:00:00+00:00,93.37973529
2025-05-20 10:00:00+00:00,93.14873529
2025-05-20 11:00:00+00:00,93.45914706
2025-05-20 12:00:00+00:00,92.85994118
2025-05-20 13:00:00+00:00,93.27538235
2025-05-20 14:00:00+00:00,93.37302941
2025-05-20 15:00:00+00:00,93.87755882
2025-05-20 16:00:00+00:00,93.62855882
2025-05-20 17:00:00+00:00,94.41617647
2025-05-20 18:00:00+00:00,93.13644118
2025-05-20 19:00:00+00:00,93.79311765
2025-05-20 20:00:00+00:00,94.24873529
2025-05-20 21:00:00+00:00,94.25194118
2025-05-20 22:00:00+00:00,93.80020588
2025-05-20 23:00:00+00:00,94.45794118
2025-05-21 00:00:00+00:00,94.46802941
2025-05-21 01:00:00+00:00,94.37032353
2025-05-21 02:00:00+00:00,94.61729412
2025-05-21 03:00:00+00:00,94.74417647
2025-05-21 04:00:00+00:00,95.02605882
2025-05-21 05:00:00+00:00,95.78432353
2025-05-21 06:00:00+00:00,95.92944118
2025-05-21 07:00:00+00:00,94.73514706
2025-05-21 08:00:00+00:00,94.69235294
2025-05-21 09:00:00+00:00,95.1955
2025-05-21 10:00:00+00:00,95.23673529
2025-05-21 11:00:00+00:00,95.48667647
2025-05-21 12:00:00+00:00,95.08505882
2025-05-21 13:00:00+00:00,95.54452941
2025-05-21 14:00:00+00:00,96.17382353
2025-05-21 15:00:00+00:00,96.62532353
2025-05-21 16:00:00+00:00,97.44079412
2025-05-21 17:00:00+00:00,95.34838235
2025-05-21 18:00:00+00:00,95.03120588
2025-05-21 19:00:00+00:00,96.32138235
2025-05-21 20:00:00+00:00,96.13835294
2025-05-21 21:00:00+00:00,96.37402941
2025-05-21 22:00:00+00:00,96.99414706
2025-05-21 23:00:00+00:00,97.09461765
2025-05-22 00:00:00+00:00,97.84520588
2025-05-22 01:00:00+00:00,97.51358824
2025-05-22 02:00:00+00:00,98.09732353
2025-05-22 03:00:00+00:00,99.543
2025-05-22 04:00:00+00:00,99.28432353
2025-05-22 05:00:00+00:00,98.41458824
2025-05-22 06:00:00+00:00,98.05561765
2025-05-22 07:00:00+00:00,99.10294118
2025-05-22 08:00:00+00:00,98.87611765
2025-05-22 09:00:00+00:00,98.99020588
2025-05-22 10:00:00+00:00,98.57641176
2025-05-22 11:00:00+00:00,98.48314706
2025-05-22 12:00:00+00:00,98.96202941
2025-05-22 13:00:00+00:00,98.15729412
2025-05-22 14:00:00+00:00,98.73044118
2025-05-22 15:00:00+00:00,99.18017647
2025-05-22 16:00:00+00:00,98.901
2025-05-22 17:00:00+00:00,99.05158824
2025-05-22 18:00:00+00:00,100.40623529
2025-05-22 19:00:00+00:00,99.65961765
2025-05-22 20:00:00+00:00,99.56273529
2025-05-22 21:00:00+00:00,99.48629412
2025-05-22 22:00:00+00:00,100.46367647
2025-05-22 23:00:00+00:00,100.25938235
2025-05-23 00:00:00+00:00,100.70438235
2025-05-23 01:00:00+00:00,100.83367647
2025-05-23 02:00:00+00:00,102.04614706
2025-05-23 03:00:00+00:00,102.15123529
2025-05-23 04:00:00+00:00,101.37688235
2025-05-23 05:00:00+00:00,101.36
2025-05-23 06:00:00+00:00,99.94232353
2025-05-23 07:00:00+00:00,100.02588235
2025-05-23 08:00:00+00:00,100.86805882
2025-05-23 09:00:00+00:00,101.94691176
2025-05-23 10:00:00+00:00,101.65994118
2025-05-23 11:00:00+00:00,97.36064706
2025-05-23 12:00:00+00:00,97.43126471
2025-05-23 13:00:00+00:00,99.50220588
2025-05-23 14:00:00+00:00,99.46297059
2025-05-23 15:00:00+00:00,98.32779412
2025-05-23 16:00:00+00:00,98.56267647
2025-05-23 17:00:00+00:00,99.08335294
2025-05-23 18:00:00+00:00,98.27635294
2025-05-23 19:00:00+00:00,98.65147059
2025-05-23 20:00:00+00:00,97.02323529
2025-05-23 21:00:00+00:00,96.97611765
2025-05-23 22:00:00+00:00,96.39061765
2025-05-23 23:00:00+00:00,95.27067647
2025-05-24 00:00:00+00:00,95.51517647
2025-05-24 01:00:00+00:00,95.88885294
2025-05-24 02:00:00+00:00,96.64794118
2025-05-24 03:00:00+00:00,96.72191176
2025-05-24 04:00:00+00:00,97.04070588
2025-05-24 05:00:00+00:00,96.52702941
2025-05-24 06:00:00+00:00,96.60723529
2025-05-24 07:00:00+00:00,96.61226471
2025-05-24 08:00:00+00:00,97.45829412
2025-05-24 09:00:00+00:00,97.14326471
2025-05-24 10:00:00+00:00,97.62632353
2025-05-24 11:00:00+00:00,97.20597059
2025-05-24 12:00:00+00:00,97.01676471
2025-05-24 13:00:00+00:00,96.50820588
2025-05-24 14:00:00+00:00,96.86067647
2025-05-24 15:00:00+00:00,96.95341176
2025-05-24 16:00:00+00:00,96.24976471
2025-05-24 17:00:00+00:00,96.28885294
2025-05-24 18:00:00+00:00,96.51014706
2025-05-24 19:00:00+00:00,96.87679412
2025-05-24 20:00:00+00:00,96.40170588
2025-05-24 21:00:00+00:00,96.34335294
2025-05-24 22:00:00+00:00,95.55444118
2025-05-24 23:00:00+00:00,95.61294118
2025-05-25 00:00:00+00:00,94.88776471
2025-05-25 01:00:00+00:00,94.96347059
2025-05-25 02:00:00+00:00,95.42420588
2025-05-25 03:00:00+00:00,95.78532353
2025-05-25 04:00:00+00:00,95.81355882
2025-05-25 05:00:00+00:00,95.85102941
2025-05-25 06:00:00+00:00,95.87988235
2025-05-25 07:00:00+00:00,95.27067647
2025-05-25 08:00:00+00:00,94.21558824
2025-05-25 09:00:00+00:00,94.53714706
2025-05-25 10:00:00+00:00,94.06544118
2025-05-25 11:00:00+00:00,94.51305882
2025-05-25 12:00:00+00:00,95.0605
2025-05-25 13:00:00+00:00,94.78182353
2025-05-25 14:00:00+00:00,94.51782353
2025-05-25 15:00:00+00:00,94.34729412
2025-05-25 16:00:00+00:00,94.21291176
2025-05-25 17:00:00+00:00,94.56129412
2025-05-25 18:00:00+00:00,94.31476471
2025-05-25 19:00:00+00:00,94.67608824
2025-05-25 20:00:00+00:00,94.32879412
2025-05-25 21:00:00+00:00,93.93888235
2025-05-25 22:00:00+00:00,95.69494118
2025-05-25 23:00:00+00:00,95.60061765
2025-05-26 00:00:00+00:00,96.29667647
2025-05-26 01:00:00+00:00,96.29032353
2025-05-26 02:00:00+00:00,95.96091176
2025-05-26 03:00:00+00:00,96.16673529
2025-05-26 04:00:00+00:00,96.33555882
2025-05-26 05:00:00+00:00,96.63005882
2025-05-26 06:00:00+00:00,96.85352941
2025-05-26 07:00:00+00:00,97.005
2025-05-26 08:00:00+00:00,96.72785294
2025-05-26 09:00:00+00:00,96.64635294
2025-05-26 10:00:00+00:00,96.74341176
2025-05-26 11:00:00+00:00,96.8905
2025-05-26 12:00:00+00:00,97.48873529
2025-05-26 13:00:00+00:00,96.80029412
2025-05-26 14:00:00+00:00,96.78447059
2025-05-26 15:00:00+00:00,97.18079412
2025-05-26 16:00:00+00:00,95.89894118
2025-05-26 17:00:00+00:00,94.60805882
2025-05-26 18:00:00+00:00,94.83741176
2025-05-26 19:00:00+00:00,94.77029412
2025-05-26 20:00:00+00:00,95.22244118
2025-05-26 21:00:00+00:00,95.34105882
2025-05-26 22:00:00+00:00,94.57602941
2025-05-26 23:00:00+00:00,95.02323529
2025-05-27 00:00:00+00:00,94.36814706
2025-05-27 01:00:00+00:00,93.77538235
2025-05-27 02:00:00+00:00,93.98832353
2025-05-27 03:00:00+00:00,94.46711765
2025-05-27 04:00:00+00:00,94.24947059
2025-05-27 05:00:00+00:00,94.47308824
2025-05-27 06:00:00+00:00,94.45988235
2025-05-27 07:00:00+00:00,95.55002941
2025-05-27 08:00:00+00:00,96.11323529
2025-05-27 09:00:00+00:00,95.70929412
2025-05-27 10:00:00+00:00,95.3695
2025-05-27 11:00:00+00:00,95.51502941
2025-05-27 12:00:00+00:00,95.74944118
2025-05-27 13:00:00+00:00,96.02485294
2025-05-27 14:00:00+00:00,95.59947059
2025-05-27 15:00:00+00:00,96.34408824
2025-05-27 16:00:00+00:00,96.50614706
2025-05-27 17:00:00+00:00,96.60611765
2025-05-27 18:00:00+00:00,96.49223529
2025-05-27 19:00:00+00:00,96.71261765
2025-05-27 20:00:00+00:00,96.89173529
2025-05-27 21:00:00+00:00,95.98967647
2025-05-27 22:00:00+00:00,95.85035294
2025-05-27 23:00:00+00:00,95.90094118
2025-05-28 00:00:00+00:00,96.14532353
2025-05-28 01:00:00+00:00,95.81302941
2025-05-28 02:00:00+00:00,95.36152941
2025-05-28 03:00:00+00:00,95.74979412
2025-05-28 04:00:00+00:00,95.8435
2025-05-28 05:00:00+00:00,95.87332353
2025-05-28 06:00:00+00:00,95.17461765
2025-05-28 07:00:00+00:00,95.52252941
2025-05-28 08:00:00+00:00,96.09870588
2025-05-28 09:00:00+00:00,95.7155
2025-05-28 10:00:00+00:00,96.28997059
2025-05-28 11:00:00+00:00,97.25488235
2025-05-28 12:00:00+00:00,96.85617647
2025-05-28 13:00:00+00:00,95.91341176
2025-05-28 14:00:00+00:00,94.98420588
2025-05-28 15:00:00+00:00,94.453
2025-05-28 16:00:00+00:00,95.24332353
2025-05-28 17:00:00+00:00,95.34879412
2025-05-28 18:00:00+00:00,94.54232353
2025-05-28 19:00:00+00:00,93.57361765
2025-05-28 20:00:00+00:00,94.43735294
2025-05-28 21:00:00+00:00,95.14597059
2025-05-28 22:00:00+00:00,94.42276471
2025-05-28 23:00:00+00:00,95.375
2025-05-29 00:00:00+00:00,96.59647059
2025-05-29 01:00:00+00:00,96.37017647
2025-05-29 02:00:00+00:00,98.33655882
2025-05-29 03:00:00+00:00,97.29873529
2025-05-29 04:00:00+00:00,96.89644118
2025-05-29 05:00:00+00:00,96.70373529
2025-05-29 06:00:00+00:00,97.08832353
2025-05-29 07:00:00+00:00,96.98829412
2025-05-29 08:00:00+00:00,97.50905882
2025-05-29 09:00:00+00:00,97.56391176
2025-05-29 10:00:00+00:00,97.56605882
2025-05-29 11:00:00+00:00,97.11094118
2025-05-29 12:00:00+00:00,96.55164706
2025-05-29 13:00:00+00:00,96.01564706
2025-05-29 14:00:00+00:00,96.307
2025-05-29 15:00:00+00:00,95.73161765
2025-05-29 16:00:00+00:00,94.88273529
2025-05-29 17:00:00+00:00,95.42455882
2025-05-29 18:00:00+00:00,94.39773529
2025-05-29 19:00:00+00:00,93.81535294
2025-05-29 20:00:00+00:00,93.74208824
2025-05-29 21:00:00+00:00,94.67114706
2025-05-29 22:00:00+00:00,93.82358824
2025-05-29 23:00:00+00:00,93.21632353
2025-05-30 00:00:00+00:00,90.10211765
2025-05-30 01:00:00+00:00,91.34520588
2025-05-30 02:00:00+00:00,91.66523529
2025-05-30 03:00:00+00:00,91.77917647
2025-05-30 04:00:00+00:00,91.61932353
2025-05-30 05:00:00+00:00,91.85470588
2025-05-30 06:00:00+00:00,90.43244118
2025-05-30 07:00:00+00:00,90.58035294
2025-05-30 08:00:00+00:00,90.08041176
2025-05-30 09:00:00+00:00,90.23632353
2025-05-30 10:00:00+00:00,90.12829412
2025-05-30 11:00:00+00:00,90.56344118
2025-05-30 12:00:00+00:00,90.20629412
2025-05-30 13:00:00+00:00,89.17364706
2025-05-30 14:00:00+00:00,89.85197059
2025-05-30 15:00:00+00:00,89.62141176
2025-05-30 16:00:00+00:00,87.22158824
2025-05-30 17:00:00+00:00,87.6665
2025-05-30 18:00:00+00:00,88.69441176
2025-05-30 19:00:00+00:00,88.49026471
2025-05-30 20:00:00+00:00,88.07261765
2025-05-30 21:00:00+00:00,87.63182353
2025-05-30 22:00:00+00:00,85.82841176
2025-05-30 23:00:00+00:00,85.64017647
2025-05-31 00:00:00+00:00,84.4305
2025-05-31 01:00:00+00:00,84.09402941
2025-05-31 02:00:00+00:00,83.78117647
2025-05-31 03:00:00+00:00,84.31532353
2025-05-31 04:00:00+00:00,84.77161765
2025-05-31 05:00:00+00:00,84.59114706
2025-05-31 06:00:00+00:00,85.06985294
2025-05-31 07:00:00+00:00,84.98902941
2025-05-31 08:00:00+00:00,85.03444118
2025-05-31 09:00:00+00:00,85.04352941
2025-05-31 10:00:00+00:00,85.22114706
2025-05-31 11:00:00+00:00,84.98423529
2025-05-31 12:00:00+00:00,86.46158824
2025-05-31 13:00:00+00:00,86.56379412
2025-05-31 14:00:00+00:00,87.10676471
2025-05-31 15:00:00+00:00,87.01494118
2025-05-31 16:00:00+00:00,87.73891176
2025-05-31 17:00:00+00:00,87.19564706
2025-05-31 18:00:00+00:00,87.32061765
2025-05-31 19:00:00+00:00,87.55302941
2025-05-31 20:00:00+00:00,87.60608824
2025-05-31 21:00:00+00:00,87.79638235
2025-05-31 22:00:00+00:00,87.31141176
2025-05-31 23:00:00+00:00,87.02291176
2025-06-01 00:00:00+00:00,87.07582353
2025-06-01 01:00:00+00:00,86.61520588
2025-06-01 02:00:00+00:00,86.99626471
2025-06-01 03:00:00+00:00,87.06676471
2025-06-01 04:00:00+00:00,87.40123529
2025-06-01 05:00:00+00:00,87.09870588
2025-06-01 06:00:00+00:00,86.62435294
2025-06-01 07:00:00+00:00,86.62226471
2025-06-01 08:00:00+00:00,86.61902941
2025-06-01 09:00:00+00:00,86.25788235
2025-06-01 10:00:00+00:00,86.521
2025-06-01 11:00:00+00:00,86.76070588
2025-06-01 12:00:00+00:00,86.56511765
2025-06-01 13:00:00+00:00,87.48135294
2025-06-01 14:00:00+00:00,87.48785294
2025-06-01 15:00:00+00:00,87.73564706
2025-06-01 16:00:00+00:00,88.13211765
2025-06-01 17:00:00+00:00,88.06047059
2025-06-01 18:00:00+00:00,87.46132353
2025-06-01 19:00:00+00:00,88.05158824
2025-06-01 20:00:00+00:00,87.84635294
2025-06-01 21:00:00+00:00,88.30444118
2025-06-01 22:00:00+00:00,88.30311765
2025-06-01 23:00:00+00:00,88.38276471
2025-06-02 00:00:00+00:00,88.26491176
2025-06-02 01:00:00+00:00,87.91888235
2025-06-02 02:00:00+00:00,87.49005882
2025-06-02 03:00:00+00:00,87.38144118
2025-06-02 04:00:00+00:00,87.39326471
2025-06-02 05:00:00+00:00,87.62358824
2025-06-02 06:00:00+00:00,88.15767647
2025-06-02 07:00:00+00:00,89.0495
2025-06-02 08:00:00+00:00,88.74041176
2025-06-02 09:00:00+00:00,88.22394118
2025-06-02 10:00:00+00:00,88.40282353
2025-06-02 11:00:00+00:00,87.874
2025-06-02 12:00:00+00:00,88.58732353
2025-06-02 13:00:00+00:00,87.71164706
2025-06-02 14:00:00+00:00,88.18208824
2025-06-02 15:00:00+00:00,88.42944118
2025-06-02 16:00:00+00:00,87.97279412
2025-06-02 17:00:00+00:00,88.443
2025-06-02 18:00:00+00:00,88.65373529
2025-06-02 19:00:00+00:00,88.62329412
2025-06-02 20:00:00+00:00,88.86120588
2025-06-02 21:00:00+00:00,89.16444118
2025-06-02 22:00:00+00:00,89.47735294
2025-06-02 23:00:00+00:00,89.50011765
2025-06-03 00:00:00+00:00,90.07482353
2025-06-03 01:00:00+00:00,90.48911765
2025-06-03 02:00:00+00:00,89.75232353
2025-06-03 03:00:00+00:00,89.4975
2025-06-03 04:00:00+00:00,89.14391176
2025-06-03 05:00:00+00:00,89.72314706
2025-06-03 06:00:00+00:00,89.8635
2025-06-03 07:00:00+00:00,89.45438235
2025-06-03 08:00:00+00:00,89.45020588
2025-06-03 09:00:00+00:00,89.67873529
2025-06-03 10:00:00+00:00,89.23376471
2025-06-03 11:00:00+00:00,88.93961765
2025-06-03 12:00:00+00:00,89.03682353
2025-06-03 13:00:00+00:00,89.36585294
2025-06-03 14:00:00+00:00,90.12326471
2025-06-03 15:00:00+00:00,89.85208824
2025-06-03 16:00:00+00:00,89.58491176
2025-06-03 17:00:00+00:00,90.00217647
2025-06-03 18:00:00+00:00,90.12208824
2025-06-03 19:00:00+00:00,90.33614706
2025-06-03 20:00:00+00:00,89.86061765
2025-06-03 21:00:00+00:00,89.0015
2025-06-03 22:00:00+00:00,89.73385294
2025-06-03 23:00:00+00:00,89.49458824
2025-06-04 00:00:00+00:00,90.37708824
2025-06-04 01:00:00+00:00,90.36808824
2025-06-04 02:00:00+00:00,90.03888235
2025-06-04 03:00:00+00:00,90.40897059
2025-06-04 04:00:00+00:00,90.77414706
2025-06-04 05:00:00+00:00,90.22941176
2025-06-04 06:00:00+00:00,90.16432353
2025-06-04 07:00:00+00:00,90.30661765
2025-06-04 08:00:00+00:00,90.37914706
2025-06-04 09:00:00+00:00,90.84052941
2025-06-04 10:00:00+00:00,90.65664706
2025-06-04 11:00:00+00:00,90.14926471
2025-06-04 12:00:00+00:00,89.92070588
2025-06-04 13:00:00+00:00,89.88852941
2025-06-04 14:00:00+00:00,90.16123529
2025-06-04 15:00:00+00:00,90.03902941
2025-06-04 16:00:00+00:00,89.81894118
2025-06-04 17:00:00+00:00,89.03976471
2025-06-04 18:00:00+00:00,89.17864706
2025-06-04 19:00:00+00:00,88.91479412
2025-06-04 20:00:00+00:00,87.98235294
2025-06-04 21:00:00+00:00,88.40723529
2025-06-04 22:00:00+00:00,87.7315
2025-06-04 23:00:00+00:00,87.97664706
2025-06-05 00:00:00+00:00,88.43682353
2025-06-05 01:00:00+00:00,88.46311765
2025-06-05 02:00:00+00:00,88.67714706
2025-06-05 03:00:00+00:00,88.3555
2025-06-05 04:00:00+00:00,88.46141176
2025-06-05 05:00:00+00:00,87.80097059
2025-06-05 06:00:00+00:00,87.39574194
2025-06-05 07:00:00+00:00,87.50776471
2025-06-05 08:00:00+00:00,87.73017647
2025-06-05 09:00:00+00:00,87.93447059
2025-06-05 10:00:00+00:00,87.36232353
2025-06-05 11:00:00+00:00,87.83114706
2025-06-05 12:00:00+00:00,88.82938235
2025-06-05 13:00:00+00:00,87.63582353
2025-06-05 14:00:00+00:00,87.89082353
2025-06-05 15:00:00+00:00,87.5285
2025-06-05 16:00:00+00:00,86.42441176
2025-06-05 17:00:00+00:00,86.90679412
2025-06-05 18:00:00+00:00,86.79938235
2025-06-05 19:00:00+00:00,85.76117647
2025-06-05 20:00:00+00:00,82.18173529
2025-06-05 21:00:00+00:00,83.57147059
2025-06-05 22:00:00+00:00,83.22161765
2025-06-05 23:00:00+00:00,83.58102941
2025-06-06 00:00:00+00:00,84.27511765
2025-06-06 01:00:00+00:00,84.05226471
2025-06-06 02:00:00+00:00,84.38626471
2025-06-06 03:00:00+00:00,84.36370588
2025-06-06 04:00:00+00:00,84.39591176
2025-06-06 05:00:00+00:00,83.93482353
2025-06-06 06:00:00+00:00,84.08738235
2025-06-06 07:00:00+00:00,83.88088235
2025-06-06 08:00:00+00:00,84.05667647
2025-06-06 09:00:00+00:00,83.94458824
2025-06-06 10:00:00+00:00,84.30352941
2025-06-06 11:00:00+00:00,84.58094118
2025-06-06 12:00:00+00:00,85.09667647
2025-06-06 13:00:00+00:00,85.93508824
2025-06-06 14:00:00+00:00,86.66170588
2025-06-06 15:00:00+00:00,86.57344118
2025-06-06 16:00:00+00:00,86.63826471
2025-06-06 17:00:00+00:00,86.84697059
2025-06-06 18:00:00+00:00,86.42655882
2025-06-06 19:00:00+00:00,86.77294118
2025-06-06 20:00:00+00:00,87.59994118
2025-06-06 21:00:00+00:00,87.26397059
2025-06-06 22:00:00+00:00,87.23158824
2025-06-06 23:00:00+00:00,87.24473529
2025-06-07 00:00:00+00:00,87.47311765
2025-06-07 01:00:00+00:00,86.78720588
2025-06-07 02:00:00+00:00,87.40705882
2025-06-07 03:00:00+00:00,87.64073529
2025-06-07 04:00:00+00:00,87.59776471
2025-06-07 05:00:00+00:00,87.99861765
2025-06-07 06:00:00+00:00,88.15905882
2025-06-07 07:00:00+00:00,88.31641176
2025-06-07 08:00:00+00:00,87.992
2025-06-07 09:00:00+00:00,87.92729412
2025-06-07 10:00:00+00:00,88.42779412
2025-06-07 11:00:00+00:00,88.49376471
2025-06-07 12:00:00+00:00,88.33179412
2025-06-07 13:00:00+00:00,88.6395
2025-06-07 14:00:00+00:00,88.80844118
2025-06-07 15:00:00+00:00,88.97067647
2025-06-07 16:00:00+00:00,88.74032353
2025-06-07 17:00:00+00:00,88.35417647
2025-06-07 18:00:00+00:00,88.06926471
2025-06-07 19:00:00+00:00,88.12385294
2025-06-07 20:00:00+00:00,88.2995
2025-06-07 21:00:00+00:00,88.56373529
2025-06-07 22:00:00+00:00,88.55088235
2025-06-07 23:00:00+00:00,88.31908824
2025-06-08 00:00:00+00:00,88.27844118
2025-06-08 01:00:00+00:00,88.56735294
2025-06-08 02:00:00+00:00,88.23844118
2025-06-08 03:00:00+00:00,88.39941176
2025-06-08 04:00:00+00:00,88.30870588
2025-06-08 05:00:00+00:00,88.07535294
2025-06-08 06:00:00+00:00,87.81526471
2025-06-08 07:00:00+00:00,87.1885
2025-06-08 08:00:00+00:00,87.24102941
2025-06-08 09:00:00+00:00,86.87202941
2025-06-08 10:00:00+00:00,86.92564706
2025-06-08 11:00:00+00:00,87.19241176
2025-06-08 12:00:00+00:00,87.36164706
2025-06-08 13:00:00+00:00,87.48597059
2025-06-08 14:00:00+00:00,87.95082353
2025-06-08 15:00:00+00:00,88.04491176
2025-06-08 16:00:00+00:00,88.35970588
2025-06-08 17:00:00+00:00,88.04911765
2025-06-08 18:00:00+00:00,88.01491176
2025-06-08 19:00:00+00:00,87.99941176
2025-06-08 20:00:00+00:00,87.8305
2025-06-08 21:00:00+00:00,88.1295
2025-06-08 22:00:00+00:00,87.27129412
2025-06-08 23:00:00+00:00,87.18464706
2025-06-09 00:00:00+00:00,87.289
2025-06-09 01:00:00+00:00,87.15282353
2025-06-09 02:00:00+00:00,87.63164706
2025-06-09 03:00:00+00:00,87.88902941
2025-06-09 04:00:00+00:00,87.32126471
2025-06-09 05:00:00+00:00,87.15026471
2025-06-09 06:00:00+00:00,87.45764706
2025-06-09 07:00:00+00:00,86.99158824
2025-06-09 08:00:00+00:00,87.62197059
2025-06-09 09:00:00+00:00,88.025
2025-06-09 10:00:00+00:00,88.46305882
2025-06-09 11:00:00+00:00,89.22538235
2025-06-09 12:00:00+00:00,89.35058824
2025-06-09 13:00:00+00:00,88.46402941
2025-06-09 14:00:00+00:00,87.80041176
2025-06-09 15:00:00+00:00,88.11655882
2025-06-09 16:00:00+00:00,88.62988235
2025-06-09 17:00:00+00:00,88.95020588
2025-06-09 18:00:00+00:00,88.61826471
2025-06-09 19:00:00+00:00,88.47944118
2025-06-09 20:00:00+00:00,88.71038235
2025-06-09 21:00:00+00:00,89.89364706
2025-06-09 22:00:00+00:00,90.60285294
2025-06-09 23:00:00+00:00,90.73617647
2025-06-10 00:00:00+00:00,90.87929412
2025-06-10 01:00:00+00:00,91.43720588
2025-06-10 02:00:00+00:00,91.18679412
2025-06-10 03:00:00+00:00,90.54905882
2025-06-10 04:00:00+00:00,90.30055882
2025-06-10 05:00:00+00:00,89.90605882
2025-06-10 06:00:00+00:00,90.29426471
2025-06-10 07:00:00+00:00,90.17258824
2025-06-10 08:00:00+00:00,89.83008824
2025-06-10 09:00:00+00:00,90.02352941
2025-06-10 10:00:00+00:00,89.90111765
2025-06-10 11:00:00+00:00,91.60958824
2025-06-10 12:00:00+00:00,92.42773529
2025-06-10 13:00:00+00:00,91.50094118
2025-06-10 14:00:00+00:00,90.76276471
2025-06-10 15:00:00+00:00,90.94217647
2025-06-10 16:00:00+00:00,90.63297059
2025-06-10 17:00:00+00:00,90.79767647
2025-06-10 18:00:00+00:00,91.59917647
2025-06-10 19:00:00+00:00,91.85820588
2025-06-10 20:00:00+00:00,92.35626471
2025-06-10 21:00:00+00:00,92.35426471
2025-06-10 22:00:00+00:00,92.94838235
2025-06-10 23:00:00+00:00,93.32426471
2025-06-11 00:00:00+00:00,92.02497059
2025-06-11 01:00:00+00:00,91.76911765
2025-06-11 02:00:00+00:00,91.60041176
2025-06-11 03:00:00+00:00,91.85308824
2025-06-11 04:00:00+00:00,92.00017647
2025-06-11 05:00:00+00:00,91.84797059
2025-06-11 06:00:00+00:00,91.88352941
2025-06-11 07:00:00+00:00,91.69520588
2025-06-11 08:00:00+00:00,91.90282353
2025-06-11 09:00:00+00:00,91.15802941
2025-06-11 10:00:00+00:00,91.46070588
2025-06-11 11:00:00+00:00,91.11767647
2025-06-11 12:00:00+00:00,91.90982353
2025-06-11 13:00:00+00:00,91.83029412
2025-06-11 14:00:00+00:00,92.69697059
2025-06-11 15:00:00+00:00,93.38132353
2025-06-11 16:00:00+00:00,93.59532353
2025-06-11 17:00:00+00:00,92.94188235
2025-06-11 18:00:00+00:00,92.35026471
2025-06-11 19:00:00+00:00,91.84314706
2025-06-11 20:00:00+00:00,92.10508824
2025-06-11 21:00:00+00:00,90.92552941
2025-06-11 22:00:00+00:00,90.85341176
2025-06-11 23:00:00+00:00,91.55520588
2025-06-12 00:00:00+00:00,91.47061765
2025-06-12 01:00:00+00:00,91.58679412
2025-06-12 02:00:00+00:00,91.20538235
2025-06-12 03:00:00+00:00,90.33964516
2025-06-12 04:00:00+00:00,90.10174194
2025-06-12 05:00:00+00:00,89.90819355
2025-06-12 06:00:00+00:00,89.95558065
2025-06-12 07:00:00+00:00,89.55425806
2025-06-12 08:00:00+00:00,89.80732258
2025-06-12 09:00:00+00:00,89.522
2025-06-12 10:00:00+00:00,88.97858065
2025-06-12 11:00:00+00:00,88.158
2025-06-12 12:00:00+00:00,88.61954839
2025-06-12 13:00:00+00:00,88.94267742
2025-06-12 14:00:00+00:00,89.12894118
2025-06-12 15:00:00+00:00,87.92214706
2025-06-12 16:00:00+00:00,88.93064706
2025-06-12 17:00:00+00:00,89.61694118
2025-06-12 18:00:00+00:00,88.52935294
2025-06-12 19:00:00+00:00,87.44508824
2025-06-12 20:00:00+00:00,86.47867647
2025-06-12 21:00:00+00:00,86.5075
2025-06-12 22:00:00+00:00,86.25608824
2025-06-12 23:00:00+00:00,86.15488235
2025-06-13 00:00:00+00:00,82.869
2025-06-13 01:00:00+00:00,82.47970588
2025-06-13 02:00:00+00:00,82.16620588
2025-06-13 03:00:00+00:00,83.30294118
2025-06-13 04:00:00+00:00,83.01738235
2025-06-13 05:00:00+00:00,82.88873529
2025-06-13 06:00:00+00:00,83.94908824
2025-06-13 07:00:00+00:00,83.80832353
2025-06-13 08:00:00+00:00,83.75041176
2025-06-13 09:00:00+00:00,83.60223529
2025-06-13 10:00:00+00:00,83.83402941
2025-06-13 11:00:00+00:00,84.21647059
2025-06-13 12:00:00+00:00,83.80326471
2025-06-13 13:00:00+00:00,83.79997059
2025-06-13 14:00:00+00:00,83.68861765
2025-06-13 15:00:00+00:00,84.16258824
2025-06-13 16:00:00+00:00,85.052
2025-06-13 17:00:00+00:00,84.87591176
2025-06-13 18:00:00+00:00,84.35123529
2025-06-13 19:00:00+00:00,84.74923529
2025-06-13 20:00:00+00:00,85.69932353
2025-06-13 21:00:00+00:00,85.6165
2025-06-13 22:00:00+00:00,85.94232353
2025-06-13 23:00:00+00:00,86.55002941
2025-06-14 00:00:00+00:00,85.89314706
2025-06-14 01:00:00+00:00,85.99297059
2025-06-14 02:00:00+00:00,86.017
2025-06-14 03:00:00+00:00,86.15658824
2025-06-14 04:00:00+00:00,86.34341176
2025-06-14 05:00:00+00:00,86.28014706
2025-06-14 06:00:00+00:00,85.9935
2025-06-14 07:00:00+00:00,86.42826471
2025-06-14 08:00:00+00:00,86.83023529
2025-06-14 09:00:00+00:00,86.08914706
2025-06-14 10:00:00+00:00,86.37617647
2025-06-14 11:00:00+00:00,86.02079412
2025-06-14 12:00:00+00:00,86.21141176
2025-06-14 13:00:00+00:00,86.26879412
2025-06-14 14:00:00+00:00,85.74914706
2025-06-14 15:00:00+00:00,85.32773529
2025-06-14 16:00:00+00:00,84.33785294
2025-06-14 17:00:00+00:00,85.02067647
2025-06-14 18:00:00+00:00,84.73579412
2025-06-14 19:00:00+00:00,84.74735294
2025-06-14 20:00:00+00:00,84.84914706
2025-06-14 21:00:00+00:00,85.30676471
2025-06-14 22:00:00+00:00,85.14752941
2025-06-14 23:00:00+00:00,85.18076471
2025-06-15 00:00:00+00:00,85.60676471
2025-06-15 01:00:00+00:00,85.41273529
2025-06-15 02:00:00+00:00,85.59261765
2025-06-15 03:00:00+00:00,85.81702941
2025-06-15 04:00:00+00:00,86.16079412
2025-06-15 05:00:00+00:00,86.18470588
2025-06-15 06:00:00+00:00,85.65011765
2025-06-15 07:00:00+00:00,85.51141176
2025-06-15 08:00:00+00:00,85.28420588
2025-06-15 09:00:00+00:00,85.06120588
2025-06-15 10:00:00+00:00,85.42579412
2025-06-15 11:00:00+00:00,85.33755882
2025-06-15 12:00:00+00:00,85.91682353
2025-06-15 13:00:00+00:00,86.29879412
2025-06-15 14:00:00+00:00,86.46802941
2025-06-15 15:00:00+00:00,86.13932353
2025-06-15 16:00:00+00:00,86.11802941
2025-06-15 17:00:00+00:00,86.08932353
2025-06-15 18:00:00+00:00,85.91791176
2025-06-15 19:00:00+00:00,86.08438235
2025-06-15 20:00:00+00:00,85.27088235
2025-06-15 21:00:00+00:00,85.46938235
2025-06-15 22:00:00+00:00,86.12897059
2025-06-15 23:00:00+00:00,86.29679412
2025-06-16 00:00:00+00:00,86.13747059
2025-06-16 01:00:00+00:00,86.69844118
2025-06-16 02:00:00+00:00,86.81252941
2025-06-16 03:00:00+00:00,86.54320588
2025-06-16 04:00:00+00:00,86.94808824
2025-06-16 05:00:00+00:00,87.25158824
2025-06-16 06:00:00+00:00,87.25058824
2025-06-16 07:00:00+00:00,87.54547059
2025-06-16 08:00:00+00:00,87.60470588
2025-06-16 09:00:00+00:00,87.19276471
2025-06-16 10:00:00+00:00,87.01570588
2025-06-16 11:00:00+00:00,87.12829412
2025-06-16 12:00:00+00:00,87.32667647
2025-06-16 13:00:00+00:00,87.97052941
2025-06-16 14:00:00+00:00,88.36961765
2025-06-16 15:00:00+00:00,87.96388235
2025-06-16 16:00:00+00:00,88.11341176
2025-06-16 17:00:00+00:00,88.03791176
2025-06-16 18:00:00+00:00,88.53826471
2025-06-16 19:00:00+00:00,88.82608824
2025-06-16 20:00:00+00:00,88.70482353
2025-06-16 21:00:00+00:00,88.71094118
2025-06-16 22:00:00+00:00,87.26273529
2025-06-16 23:00:00+00:00,86.66544118
2025-06-17 00:00:00+00:00,87.65423529
2025-06-17 01:00:00+00:00,86.97729412
2025-06-17 02:00:00+00:00,87.22111765
2025-06-17 03:00:00+00:00,87.13541176
2025-06-17 04:00:00+00:00,86.79464706
2025-06-17 05:00:00+00:00,86.27835294
2025-06-17 06:00:00+00:00,86.19908824
2025-06-17 07:00:00+00:00,86.38767647
2025-06-17 08:00:00+00:00,85.94220588
2025-06-17 09:00:00+00:00,86.03579412
2025-06-17 10:00:00+00:00,85.48570588
2025-06-17 11:00:00+00:00,85.11673529
2025-06-17 12:00:00+00:00,85.01829412
2025-06-17 13:00:00+00:00,85.41958824
2025-06-17 14:00:00+00:00,84.85938235
2025-06-17 15:00:00+00:00,84.10479412
2025-06-17 16:00:00+00:00,82.63144118
2025-06-17 17:00:00+00:00,83.18097059
2025-06-17 18:00:00+00:00,84.01941176
2025-06-17 19:00:00+00:00,84.83717647
2025-06-17 20:00:00+00:00,84.26020588
2025-06-17 21:00:00+00:00,84.42879412
2025-06-17 22:00:00+00:00,83.72644118
2025-06-17 23:00:00+00:00,84.22182353
2025-06-18 00:00:00+00:00,84.88723529
2025-06-18 01:00:00+00:00,84.98908824
2025-06-18 02:00:00+00:00,84.95364706
2025-06-18 03:00:00+00:00,85.28585294
2025-06-18 04:00:00+00:00,85.42108824
2025-06-18 05:00:00+00:00,85.32161765
2025-06-18 06:00:00+00:00,84.96376471
2025-06-18 07:00:00+00:00,85.11976471
2025-06-18 08:00:00+00:00,84.81344118
2025-06-18 09:00:00+00:00,84.57908824
2025-06-18 10:00:00+00:00,83.55797059
2025-06-18 11:00:00+00:00,84.43879412
2025-06-18 12:00:00+00:00,84.04929412
2025-06-18 13:00:00+00:00,84.41305882
2025-06-18 14:00:00+00:00,84.66779412
2025-06-18 15:00:00+00:00,84.82770588
2025-06-18 16:00:00+00:00,84.58964706
2025-06-18 17:00:00+00:00,84.68120588
2025-06-18 18:00:00+00:00,83.87573529
2025-06-18 19:00:00+00:00,84.22167647
2025-06-18 20:00:00+00:00,85.34311765
2025-06-18 21:00:00+00:00,85.19505882
2025-06-18 22:00:00+00:00,85.19135294
2025-06-18 23:00:00+00:00,85.07929412
2025-06-19 00:00:00+00:00,85.18023529
2025-06-19 01:00:00+00:00,84.68485294
2025-06-19 02:00:00+00:00,84.92279412
2025-06-19 03:00:00+00:00,85.17476471
2025-06-19 04:00:00+00:00,85.28426471
2025-06-19 05:00:00+00:00,85.24135294
2025-06-19 06:00:00+00:00,84.97544118
2025-06-19 07:00:00+00:00,85.00508824
2025-06-19 08:00:00+00:00,84.69564706
2025-06-19 09:00:00+00:00,85.35317647
2025-06-19 10:00:00+00:00,85.77861765
2025-06-19 11:00:00+00:00,85.4915
2025-06-19 12:00:00+00:00,85.46814706
2025-06-19 13:00:00+00:00,84.90317647
2025-06-19 14:00:00+00:00,84.40167647
2025-06-19 15:00:00+00:00,84.79694118
2025-06-19 16:00:00+00:00,84.56764706
2025-06-19 17:00:00+00:00,84.925
2025-06-19 18:00:00+00:00,85.06432353
2025-06-19 19:00:00+00:00,85.23047059
2025-06-19 20:00:00+00:00,84.99570588
2025-06-19 21:00:00+00:00,84.97705882
2025-06-19 22:00:00+00:00,85.0305
2025-06-19 23:00:00+00:00,85.11364706
2025-06-20 00:00:00+00:00,84.98235294
2025-06-20 01:00:00+00:00,84.93717647
2025-06-20 02:00:00+00:00,84.71061765
2025-06-20 03:00:00+00:00,85.08858824
2025-06-20 04:00:00+00:00,84.37667647
2025-06-20 05:00:00+00:00,84.75061765
2025-06-20 06:00:00+00:00,84.54408824
2025-06-20 07:00:00+00:00,85.51191176
2025-06-20 08:00:00+00:00,85.55479412
2025-06-20 09:00:00+00:00,85.59241176
2025-06-20 10:00:00+00:00,85.72429412
2025-06-20 11:00:00+00:00,85.69867647
2025-06-20 12:00:00+00:00,85.77167647
2025-06-20 13:00:00+00:00,85.53970588
2025-06-20 14:00:00+00:00,83.89635294
2025-06-20 15:00:00+00:00,83.78302941
2025-06-20 16:00:00+00:00,83.00732353
2025-06-20 17:00:00+00:00,82.45797059
2025-06-20 18:00:00+00:00,82.90744118
2025-06-20 19:00:00+00:00,82.9125
2025-06-20 20:00:00+00:00,83.30608824
2025-06-20 21:00:00+00:00,82.91885294
2025-06-20 22:00:00+00:00,82.57035294
2025-06-20 23:00:00+00:00,82.90570588
2025-06-21 00:00:00+00:00,83.07208824
2025-06-21 01:00:00+00:00,83.61223529
2025-06-21 02:00:00+00:00,83.45538235
2025-06-21 03:00:00+00:00,83.56420588
2025-06-21 04:00:00+00:00,83.49158824
2025-06-21 05:00:00+00:00,83.79423529
2025-06-21 06:00:00+00:00,84.05423529
2025-06-21 07:00:00+00:00,83.30505882
2025-06-21 08:00:00+00:00,83.58111765
2025-06-21 09:00:00+00:00,83.31088235
2025-06-21 10:00:00+00:00,83.22685294
2025-06-21 11:00:00+00:00,83.22305882
2025-06-21 12:00:00+00:00,83.02826471
2025-06-21 13:00:00+00:00,82.71597059
2025-06-21 14:00:00+00:00,82.63461765
2025-06-21 15:00:00+00:00,82.79576471
2025-06-21 16:00:00+00:00,82.74588235
2025-06-21 17:00:00+00:00,82.13135294
2025-06-21 18:00:00+00:00,81.69632353
2025-06-21 19:00:00+00:00,81.00555882
2025-06-21 20:00:00+00:00,81.68685294
2025-06-21 21:00:00+00:00,79.34238235
2025-06-21 22:00:00+00:00,80.22502941
2025-06-21 23:00:00+00:00,80.24661765
2025-06-22 00:00:00+00:00,80.97044118
2025-06-22 01:00:00+00:00,80.05741176
2025-06-22 02:00:00+00:00,80.41026471
2025-06-22 03:00:00+00:00,80.50458824
2025-06-22 04:00:00+00:00,81.00779412
2025-06-22 05:00:00+00:00,81.49961765
2025-06-22 06:00:00+00:00,81.83070588
2025-06-22 07:00:00+00:00,81.31632353
2025-06-22 08:00:00+00:00,81.43976471
2025-06-22 09:00:00+00:00,80.36276471
2025-06-22 10:00:00+00:00,81.00617647
2025-06-22 11:00:00+00:00,81.02714706
2025-06-22 12:00:00+00:00,81.21902941
2025-06-22 13:00:00+00:00,79.21247059
2025-06-22 14:00:00+00:00,78.71802941
2025-06-22 15:00:00+00:00,77.65158824
2025-06-22 16:00:00+00:00,78.51608824
2025-06-22 17:00:00+00:00,79.00611765
2025-06-22 18:00:00+00:00,78.26744118
2025-06-22 19:00:00+00:00,78.17567647
2025-06-22 20:00:00+00:00,78.43138235
2025-06-22 21:00:00+00:00,78.13744118
2025-06-22 22:00:00+00:00,80.18229412
2025-06-22 23:00:00+00:00,80.20741176
2025-06-23 00:00:00+00:00,80.285
2025-06-23 01:00:00+00:00,80.93794118
2025-06-23 02:00:00+00:00,79.94414706
2025-06-23 03:00:00+00:00,79.96797059
2025-06-23 04:00:00+00:00,80.32067647
2025-06-23 05:00:00+00:00,80.72108824
2025-06-23 06:00:00+00:00,80.68011765
2025-06-23 07:00:00+00:00,81.03955882
2025-06-23 08:00:00+00:00,80.92479412
2025-06-23 09:00:00+00:00,80.94897059
2025-06-23 10:00:00+00:00,80.90620588
2025-06-23 11:00:00+00:00,80.78905882
2025-06-23 12:00:00+00:00,81.66329412
2025-06-23 13:00:00+00:00,81.90941176
2025-06-23 14:00:00+00:00,81.69214706
2025-06-23 15:00:00+00:00,81.10620588
2025-06-23 16:00:00+00:00,80.13752941
2025-06-23 17:00:00+00:00,81.99476471
2025-06-23 18:00:00+00:00,82.74752941
2025-06-23 19:00:00+00:00,83.04597059
2025-06-23 20:00:00+00:00,83.54329412
2025-06-23 21:00:00+00:00,83.35470588
2025-06-23 22:00:00+00:00,85.17279412
2025-06-23 23:00:00+00:00,84.91161765
2025-06-24 00:00:00+00:00,84.98744118
2025-06-24 01:00:00+00:00,85.00579412
2025-06-24 02:00:00+00:00,84.57882353
2025-06-24 03:00:00+00:00,84.49585294
2025-06-24 04:00:00+00:00,84.31414706
2025-06-24 05:00:00+00:00,85.14944118
2025-06-24 06:00:00+00:00,85.08052941
2025-06-24 07:00:00+00:00,84.36191176
2025-06-24 08:00:00+00:00,84.49311765
2025-06-24 09:00:00+00:00,84.59055882
2025-06-24 10:00:00+00:00,84.34985294
2025-06-24 11:00:00+00:00,84.29747059
2025-06-24 12:00:00+00:00,84.37264706
2025-06-24 13:00:00+00:00,84.08614706
2025-06-24 14:00:00+00:00,84.41779412
2025-06-24 15:00:00+00:00,84.35947059
2025-06-24 16:00:00+00:00,85.05905882
2025-06-24 17:00:00+00:00,84.69064706
2025-06-24 18:00:00+00:00,84.53732353
2025-06-24 19:00:00+00:00,84.497
2025-06-24 20:00:00+00:00,85.14958824
2025-06-24 21:00:00+00:00,85.11991176
2025-06-24 22:00:00+00:00,84.85238235
2025-06-24 23:00:00+00:00,84.83926471
2025-06-25 00:00:00+00:00,85.05408824
2025-06-25 01:00:00+00:00,84.97785294
2025-06-25 02:00:00+00:00,84.85547059
2025-06-25 03:00:00+00:00,84.8945
2025-06-25 04:00:00+00:00,85.13764706
2025-06-25 05:00:00+00:00,84.879
2025-06-25 06:00:00+00:00,85.01617647
2025-06-25 07:00:00+00:00,85.17276471
2025-06-25 08:00:00+00:00,85.01291176
2025-06-25 09:00:00+00:00,84.56902941
2025-06-25 10:00:00+00:00,84.493
2025-06-25 11:00:00+00:00,84.42561765
2025-06-25 12:00:00+00:00,84.62017647
2025-06-25 13:00:00+00:00,85.12929412
2025-06-25 14:00:00+00:00,84.79170588
2025-06-25 15:00:00+00:00,84.11861765
2025-06-25 16:00:00+00:00,84.13617647
2025-06-25 17:00:00+00:00,84.53294118
2025-06-25 18:00:00+00:00,84.54014706
2025-06-25 19:00:00+00:00,84.82282353
2025-06-25 20:00:00+00:00,84.9015
2025-06-25 21:00:00+00:00,84.47526471
2025-06-25 22:00:00+00:00,84.30773529
2025-06-25 23:00:00+00:00,84.66714706
2025-06-26 00:00:00+00:00,84.95267647
2025-06-26 01:00:00+00:00,85.02058824
2025-06-26 02:00:00+00:00,85.23032353
2025-06-26 03:00:00+00:00,85.16991176
2025-06-26 04:00:00+00:00,84.95935294
2025-06-26 05:00:00+00:00,85.08867647
2025-06-26 06:00:00+00:00,85.35767647
2025-06-26 07:00:00+00:00,85.51682353
2025-06-26 08:00:00+00:00,85.45797059
2025-06-26 09:00:00+00:00,85.19658824
2025-06-26 10:00:00+00:00,85.37802941
2025-06-26 11:00:00+00:00,84.92938235
2025-06-26 12:00:00+00:00,84.48855882
2025-06-26 13:00:00+00:00,84.20364706
2025-06-26 14:00:00+00:00,85.13497059
2025-06-26 15:00:00+00:00,84.79282353
2025-06-26 16:00:00+00:00,84.19741176
2025-06-26 17:00:00+00:00,84.25564706
2025-06-26 18:00:00+00:00,84.39167647
2025-06-26 19:00:00+00:00,85.01464706
2025-06-26 20:00:00+00:00,85.26705882
2025-06-26 21:00:00+00:00,84.60929412
2025-06-26 22:00:00+00:00,84.33117647
2025-06-26 23:00:00+00:00,84.26994118
2025-06-27 00:00:00+00:00,83.86626471
2025-06-27 01:00:00+00:00,85.01373529
2025-06-27 02:00:00+00:00,85.04938235
2025-06-27 03:00:00+00:00,85.37911765
2025-06-27 04:00:00+00:00,85.42485294
2025-06-27 05:00:00+00:00,84.77579412
2025-06-27 06:00:00+00:00,85.09288235
2025-06-27 07:00:00+00:00,84.6635
2025-06-27 08:00:00+00:00,84.53755882
2025-06-27 09:00:00+00:00,84.57670588
2025-06-27 10:00:00+00:00,84.51070588
2025-06-27 11:00:00+00:00,84.39617647
2025-06-27 12:00:00+00:00,84.04464706
2025-06-27 13:00:00+00:00,83.867
2025-06-27 14:00:00+00:00,83.50358824
2025-06-27 15:00:00+00:00,84.28747059
2025-06-27 16:00:00+00:00,84.54770588
2025-06-27 17:00:00+00:00,83.55838235
2025-06-27 18:00:00+00:00,83.46267647
2025-06-27 19:00:00+00:00,84.11658824
2025-06-27 20:00:00+00:00,84.71958824
2025-06-27 21:00:00+00:00,84.98655882
2025-06-27 22:00:00+00:00,84.96511765
2025-06-27 23:00:00+00:00,84.82491176
2025-06-28 00:00:00+00:00,84.88670588
2025-06-28 01:00:00+00:00,85.02720588
2025-06-28 02:00:00+00:00,85.08002941
2025-06-28 03:00:00+00:00,85.14347059
2025-06-28 04:00:00+00:00,85.11620588
2025-06-28 05:00:00+00:00,85.14397059
2025-06-28 06:00:00+00:00,85.53570588
2025-06-28 07:00:00+00:00,85.37479412
2025-06-28 08:00:00+00:00,85.24185294
2025-06-28 09:00:00+00:00,85.49894118
2025-06-28 10:00:00+00:00,85.67879412
2025-06-28 11:00:00+00:00,85.40758824
2025-06-28 12:00:00+00:00,85.46414706
2025-06-28 13:00:00+00:00,85.55217647
2025-06-28 14:00:00+00:00,85.73976471
2025-06-28 15:00:00+00:00,86.48802941
2025-06-28 16:00:00+00:00,86.73676471
2025-06-28 17:00:00+00:00,87.21744118
2025-06-28 18:00:00+00:00,86.88497059
2025-06-28 19:00:00+00:00,86.34923529
2025-06-28 20:00:00+00:00,85.88505882
2025-06-28 21:00:00+00:00,86.26467647
2025-06-28 22:00:00+00:00,86.24182353
2025-06-28 23:00:00+00:00,86.31070588
2025-06-29 00:00:00+00:00,86.42870588
2025-06-29 01:00:00+00:00,85.99970588
2025-06-29 02:00:00+00:00,86.26976471
2025-06-29 03:00:00+00:00,86.42311765
2025-06-29 04:00:00+00:00,86.26770588
2025-06-29 05:00:00+00:00,86.46811765
2025-06-29 06:00:00+00:00,86.77252941
2025-06-29 07:00:00+00:00,86.72285294
2025-06-29 08:00:00+00:00,86.83191176
2025-06-29 09:00:00+00:00,86.74326471
2025-06-29 10:00:00+00:00,86.827
2025-06-29 11:00:00+00:00,86.77314706
2025-06-29 12:00:00+00:00,86.72441176
2025-06-29 13:00:00+00:00,86.74935294
2025-06-29 14:00:00+00:00,86.54664706
2025-06-29 15:00:00+00:00,86.62738235
2025-06-29 16:00:00+00:00,86.74797059
2025-06-29 17:00:00+00:00,86.657
2025-06-29 18:00:00+00:00,86.786
2025-06-29 19:00:00+00:00,86.84388235
2025-06-29 20:00:00+00:00,86.67305882
2025-06-29 21:00:00+00:00,86.82547059
2025-06-29 22:00:00+00:00,88.152
2025-06-29 23:00:00+00:00,87.96494118
2025-06-30 00:00:00+00:00,88.03032353
2025-06-30 01:00:00+00:00,87.97420588
2025-06-30 02:00:00+00:00,87.52985294
2025-06-30 03:00:00+00:00,87.35832353
2025-06-30 04:00:00+00:00,87.23014706
2025-06-30 05:00:00+00:00,87.06814706
2025-06-30 06:00:00+00:00,86.22114706
2025-06-30 07:00:00+00:00,86.474
2025-06-30 08:00:00+00:00,85.75802941
2025-06-30 09:00:00+00:00,85.59138235
2025-06-30 10:00:00+00:00,85.60508824
2025-06-30 11:00:00+00:00,85.50861765
2025-06-30 12:00:00+00:00,85.42941176
2025-06-30 13:00:00+00:00,85.33470588
2025-06-30 14:00:00+00:00,84.92282353
2025-06-30 15:00:00+00:00,85.96158824
2025-06-30 16:00:00+00:00,86.05270588
2025-06-30 17:00:00+00:00,86.04085294
2025-06-30 18:00:00+00:00,86.04855882
2025-06-30 19:00:00+00:00,87.09888235
2025-06-30 20:00:00+00:00,86.49332353
2025-06-30 21:00:00+00:00,86.87479412
2025-06-30 22:00:00+00:00,86.42502941
2025-06-30 23:00:00+00:00,85.99726471
2025-07-01 00:00:00+00:00,86.20264706
2025-07-01 01:00:00+00:00,86.40738235
2025-07-01 02:00:00+00:00,86.13055882
2025-07-01 03:00:00+00:00,86.64179412
2025-07-01 04:00:00+00:00,85.90373529
2025-07-01 05:00:00+00:00,85.90561765
2025-07-01 06:00:00+00:00,86.03414706
2025-07-01 07:00:00+00:00,86.65626471
2025-07-01 08:00:00+00:00,86.14464706
2025-07-01 09:00:00+00:00,85.81211765
2025-07-01 10:00:00+00:00,85.65497059
2025-07-01 11:00:00+00:00,85.70305882
2025-07-01 12:00:00+00:00,85.20097059
2025-07-01 13:00:00+00:00,85.59761765
2025-07-01 14:00:00+00:00,84.5145
2025-07-01 15:00:00+00:00,84.32391176
2025-07-01 16:00:00+00:00,84.33364706
2025-07-01 17:00:00+00:00,84.34711765
2025-07-01 18:00:00+00:00,83.79102941
2025-07-01 19:00:00+00:00,83.87205882
2025-07-01 20:00:00+00:00,83.40758824
2025-07-01 21:00:00+00:00,82.84744118
2025-07-01 22:00:00+00:00,82.79970588
2025-07-01 23:00:00+00:00,83.22776471
2025-07-02 00:00:00+00:00,83.35291176
2025-07-02 01:00:00+00:00,83.83608824
2025-07-02 02:00:00+00:00,83.56226471
2025-07-02 03:00:00+00:00,83.79094118
2025-07-02 04:00:00+00:00,84.14361765
2025-07-02 05:00:00+00:00,84.21194118
2025-07-02 06:00:00+00:00,84.30017647
2025-07-02 07:00:00+00:00,84.06979412
2025-07-02 08:00:00+00:00,84.27455882
2025-07-02 09:00:00+00:00,84.02232353
2025-07-02 10:00:00+00:00,84.27158824
2025-07-02 11:00:00+00:00,84.23976471
2025-07-02 12:00:00+00:00,84.27270588
2025-07-02 13:00:00+00:00,84.86264706
2025-07-02 14:00:00+00:00,85.57123529
2025-07-02 15:00:00+00:00,86.16214706
2025-07-02 16:00:00+00:00,87.68485294
2025-07-02 17:00:00+00:00,87.27920588
2025-07-02 18:00:00+00:00,87.50776471
2025-07-02 19:00:00+00:00,87.94735294
2025-07-02 20:00:00+00:00,87.82279412
2025-07-02 21:00:00+00:00,88.00667647
2025-07-02 22:00:00+00:00,87.84147059
2025-07-02 23:00:00+00:00,87.31302941
2025-07-03 00:00:00+00:00,87.37752941
2025-07-03 01:00:00+00:00,87.43929412
2025-07-03 02:00:00+00:00,87.77447059
2025-07-03 03:00:00+00:00,88.02223529
2025-07-03 04:00:00+00:00,88.50197059
2025-07-03 05:00:00+00:00,89.75720588
2025-07-03 06:00:00+00:00,90.13991176
2025-07-03 07:00:00+00:00,91.02544118
2025-07-03 08:00:00+00:00,90.77402941
2025-07-03 09:00:00+00:00,92.02738235
2025-07-03 10:00:00+00:00,91.43911765
2025-07-03 11:00:00+00:00,91.32344118
2025-07-03 12:00:00+00:00,91.10132353
2025-07-03 13:00:00+00:00,91.23117647
2025-07-03 14:00:00+00:00,90.55523529
2025-07-03 15:00:00+00:00,88.94844118
2025-07-03 16:00:00+00:00,89.46947059
2025-07-03 17:00:00+00:00,89.80247059
2025-07-03 18:00:00+00:00,89.75652941
2025-07-03 19:00:00+00:00,89.63864706
2025-07-03 20:00:00+00:00,89.63255882
2025-07-03 21:00:00+00:00,89.37408824
2025-07-03 22:00:00+00:00,89.05797059
2025-07-03 23:00:00+00:00,89.06238235
2025-07-04 00:00:00+00:00,88.33288235
2025-07-04 01:00:00+00:00,88.63555882
2025-07-04 02:00:00+00:00,88.32582353
2025-07-04 03:00:00+00:00,88.75447059
2025-07-04 04:00:00+00:00,88.35167647
2025-07-04 05:00:00+00:00,88.83002941
2025-07-04 06:00:00+00:00,87.56214706
2025-07-04 07:00:00+00:00,87.30376471
2025-07-04 08:00:00+00:00,87.69832353
2025-07-04 09:00:00+00:00,87.81688235
2025-07-04 10:00:00+00:00,88.07314706
2025-07-04 11:00:00+00:00,88.16211765
2025-07-04 12:00:00+00:00,88.05855882
2025-07-04 13:00:00+00:00,87.35
2025-07-04 14:00:00+00:00,87.17288235
2025-07-04 15:00:00+00:00,86.59579412
2025-07-04 16:00:00+00:00,86.68052941
2025-07-04 17:00:00+00:00,87.26008824
2025-07-04 18:00:00+00:00,86.47855882
2025-07-04 19:00:00+00:00,86.35967647
2025-07-04 20:00:00+00:00,86.54294118
2025-07-04 21:00:00+00:00,86.56561765
2025-07-04 22:00:00+00:00,87.04714706
2025-07-04 23:00:00+00:00,86.83220588
2025-07-05 00:00:00+00:00,86.81144118
2025-07-05 01:00:00+00:00,86.42661765
2025-07-05 02:00:00+00:00,86.55938235
2025-07-05 03:00:00+00:00,86.75317647
2025-07-05 04:00:00+00:00,86.36620588
2025-07-05 05:00:00+00:00,86.63208824
2025-07-05 06:00:00+00:00,86.91008824
2025-07-05 07:00:00+00:00,86.22323529
2025-07-05 08:00:00+00:00,86.27823529
2025-07-05 09:00:00+00:00,86.30532353
2025-07-05 10:00:00+00:00,86.31941176
2025-07-05 11:00:00+00:00,86.55882353
2025-07-05 12:00:00+00:00,86.62129412
2025-07-05 13:00:00+00:00,86.49114706
2025-07-05 14:00:00+00:00,86.87167647
2025-07-05 15:00:00+00:00,86.45379412
2025-07-05 16:00:00+00:00,86.40185294
2025-07-05 17:00:00+00:00,86.6425
2025-07-05 18:00:00+00:00,86.32758824
2025-07-05 19:00:00+00:00,86.75764706
2025-07-05 20:00:00+00:00,87.40782353
2025-07-05 21:00:00+00:00,87.32161765
2025-07-05 22:00:00+00:00,87.49994118
2025-07-05 23:00:00+00:00,87.55167647
2025-07-06 00:00:00+00:00,87.47311765
2025-07-06 01:00:00+00:00,87.24920588
2025-07-06 02:00:00+00:00,86.92726471
2025-07-06 03:00:00+00:00,87.05176471
2025-07-06 04:00:00+00:00,86.93379412
2025-07-06 05:00:00+00:00,86.91735294
2025-07-06 06:00:00+00:00,87.02088235
2025-07-06 07:00:00+00:00,86.73758824
2025-07-06 08:00:00+00:00,86.614
2025-07-06 09:00:00+00:00,86.50614706
2025-07-06 10:00:00+00:00,87.14014706
2025-07-06 11:00:00+00:00,87.50282353
2025-07-06 12:00:00+00:00,87.39723529
2025-07-06 13:00:00+00:00,88.02326471
2025-07-06 14:00:00+00:00,88.02947059
2025-07-06 15:00:00+00:00,87.99032353
2025-07-06 16:00:00+00:00,88.01902941
2025-07-06 17:00:00+00:00,87.71991176
2025-07-06 18:00:00+00:00,87.42897059
2025-07-06 19:00:00+00:00,87.52441176
2025-07-06 20:00:00+00:00,87.58779412
2025-07-06 21:00:00+00:00,87.84611765
2025-07-06 22:00:00+00:00,87.65494118
2025-07-06 23:00:00+00:00,87.34741176
2025-07-07 00:00:00+00:00,87.36444118
2025-07-07 01:00:00+00:00,87.34920588
2025-07-07 02:00:00+00:00,87.74020588
2025-07-07 03:00:00+00:00,87.65588235
2025-07-07 04:00:00+00:00,87.84702941
2025-07-07 05:00:00+00:00,87.75911765
2025-07-07 06:00:00+00:00,87.549
2025-07-07 07:00:00+00:00,87.93288235
2025-07-07 08:00:00+00:00,87.88188235
2025-07-07 09:00:00+00:00,87.50091176
2025-07-07 10:00:00+00:00,87.14755882
2025-07-07 11:00:00+00:00,86.92947059
2025-07-07 12:00:00+00:00,86.62467647
2025-07-07 13:00:00+00:00,87.24655882
2025-07-07 14:00:00+00:00,86.44402941
2025-07-07 15:00:00+00:00,86.18302941
2025-07-07 16:00:00+00:00,85.56135294
2025-07-07 17:00:00+00:00,85.63252941
2025-07-07 18:00:00+00:00,85.64635294
2025-07-07 19:00:00+00:00,85.89688235
2025-07-07 20:00:00+00:00,85.84052941
2025-07-07 21:00:00+00:00,85.92085294
2025-07-07 22:00:00+00:00,85.92564706
2025-07-07 23:00:00+00:00,86.05108824
2025-07-08 00:00:00+00:00,86.02838235
2025-07-08 01:00:00+00:00,85.70408824
2025-07-08 02:00:00+00:00,85.76602941
2025-07-08 03:00:00+00:00,85.98891176
2025-07-08 04:00:00+00:00,85.97929412
2025-07-08 05:00:00+00:00,86.27441176
2025-07-08 06:00:00+00:00,86.60702941
2025-07-08 07:00:00+00:00,86.62770588
2025-07-08 08:00:00+00:00,86.24273529
2025-07-08 09:00:00+00:00,86.12294118
2025-07-08 10:00:00+00:00,86.60335294
2025-07-08 11:00:00+00:00,86.53908824
2025-07-08 12:00:00+00:00,87.05614706
2025-07-08 13:00:00+00:00,86.62773529
2025-07-08 14:00:00+00:00,86.26161765
2025-07-08 15:00:00+00:00,86.36932353
2025-07-08 16:00:00+00:00,86.60576471
2025-07-08 17:00:00+00:00,87.21873529
2025-07-08 18:00:00+00:00,87.53379412
2025-07-08 19:00:00+00:00,87.30776471
2025-07-08 20:00:00+00:00,87.02905882
2025-07-08 21:00:00+00:00,87.62738235
2025-07-08 22:00:00+00:00,87.76176471
2025-07-08 23:00:00+00:00,87.75002941
2025-07-09 00:00:00+00:00,87.58108824
2025-07-09 01:00:00+00:00,87.44582353
2025-07-09 02:00:00+00:00,87.6745
2025-07-09 03:00:00+00:00,87.58838235
2025-07-09 04:00:00+00:00,87.86423529
2025-07-09 05:00:00+00:00,88.04532353
2025-07-09 06:00:00+00:00,88.05694118
2025-07-09 07:00:00+00:00,88.08394118
2025-07-09 08:00:00+00:00,87.72635294
2025-07-09 09:00:00+00:00,87.85885294
2025-07-09 10:00:00+00:00,88.01994118
2025-07-09 11:00:00+00:00,88.36752941
2025-07-09 12:00:00+00:00,88.73226471
2025-07-09 13:00:00+00:00,88.66826471
2025-07-09 14:00:00+00:00,88.46605882
2025-07-09 15:00:00+00:00,88.50723529
2025-07-09 16:00:00+00:00,88.66805882
2025-07-09 17:00:00+00:00,88.36088235
2025-07-09 18:00:00+00:00,88.46020588
2025-07-09 19:00:00+00:00,90.36047059
2025-07-09 20:00:00+00:00,90.57320588
2025-07-09 21:00:00+00:00,90.48479412
2025-07-09 22:00:00+00:00,91.25323529
2025-07-09 23:00:00+00:00,90.62132353
2025-07-10 00:00:00+00:00,90.21911765
2025-07-10 01:00:00+00:00,90.788
2025-07-10 02:00:00+00:00,91.24741176
2025-07-10 03:00:00+00:00,90.88747059
2025-07-10 04:00:00+00:00,90.74652941
2025-07-10 05:00:00+00:00,90.63155882
2025-07-10 06:00:00+00:00,90.87867647
2025-07-10 07:00:00+00:00,90.95894118
2025-07-10 08:00:00+00:00,91.13820588
2025-07-10 09:00:00+00:00,90.87170588
2025-07-10 10:00:00+00:00,91.00938235
2025-07-10 11:00:00+00:00,90.92608824
2025-07-10 12:00:00+00:00,90.84741176
2025-07-10 13:00:00+00:00,90.64429412
2025-07-10 14:00:00+00:00,90.95644118
2025-07-10 15:00:00+00:00,91.19270588
2025-07-10 16:00:00+00:00,91.79270588
2025-07-10 17:00:00+00:00,92.64423529
2025-07-10 18:00:00+00:00,92.585
2025-07-10 19:00:00+00:00,92.5505
2025-07-10 20:00:00+00:00,93.10982353
2025-07-10 21:00:00+00:00,94.70438235
2025-07-10 22:00:00+00:00,94.91761765
2025-07-10 23:00:00+00:00,94.87829412
2025-07-11 00:00:00+00:00,94.0915
2025-07-11 01:00:00+00:00,94.9545
2025-07-11 02:00:00+00:00,95.61973529
2025-07-11 03:00:00+00:00,95.46
2025-07-11 04:00:00+00:00,95.69035294
2025-07-11 05:00:00+00:00,95.95014706
2025-07-11 06:00:00+00:00,94.8355
2025-07-11 07:00:00+00:00,94.90732353
2025-07-11 08:00:00+00:00,95.34811765
2025-07-11 09:00:00+00:00,95.73755882
2025-07-11 10:00:00+00:00,95.83064706
2025-07-11 11:00:00+00:00,95.43741176
2025-07-11 12:00:00+00:00,95.88279412
2025-07-11 13:00:00+00:00,96.92247059
2025-07-11 14:00:00+00:00,96.86823529
2025-07-11 15:00:00+00:00,96.66470588
2025-07-11 16:00:00+00:00,96.64297059
2025-07-11 17:00:00+00:00,96.59744118
2025-07-11 18:00:00+00:00,97.66782353
2025-07-11 19:00:00+00:00,97.06026471
2025-07-11 20:00:00+00:00,95.83026471
2025-07-11 21:00:00+00:00,94.43417647
2025-07-11 22:00:00+00:00,93.73473529
2025-07-11 23:00:00+00:00,94.25129412
2025-07-12 00:00:00+00:00,94.15979412
2025-07-12 01:00:00+00:00,95.04229412
2025-07-12 02:00:00+00:00,94.79541176
2025-07-12 03:00:00+00:00,94.7675
2025-07-12 04:00:00+00:00,92.96997059
2025-07-12 05:00:00+00:00,93.20811765
2025-07-12 06:00:00+00:00,93.15535294
2025-07-12 07:00:00+00:00,93.19729412
2025-07-12 08:00:00+00:00,93.03073529
2025-07-12 09:00:00+00:00,93.57929412
2025-07-12 10:00:00+00:00,93.79511765
2025-07-12 11:00:00+00:00,93.44067647
2025-07-12 12:00:00+00:00,92.63502941
2025-07-12 13:00:00+00:00,92.53314706
2025-07-12 14:00:00+00:00,91.77467647
2025-07-12 15:00:00+00:00,91.13282353
2025-07-12 16:00:00+00:00,91.56285294
2025-07-12 17:00:00+00:00,92.40335294
2025-07-12 18:00:00+00:00,92.68944118
2025-07-12 19:00:00+00:00,92.83714706
2025-07-12 20:00:00+00:00,91.92261765
2025-07-12 21:00:00+00:00,92.68879412
2025-07-12 22:00:00+00:00,92.67452941
2025-07-12 23:00:00+00:00,92.76870588
2025-07-13 00:00:00+00:00,92.82176471
2025-07-13 01:00:00+00:00,93.53402941
2025-07-13 02:00:00+00:00,93.42820588
2025-07-13 03:00:00+00:00,93.10767647
2025-07-13 04:00:00+00:00,93.64029412
2025-07-13 05:00:00+00:00,94.05917647
2025-07-13 06:00:00+00:00,94.17288235
2025-07-13 07:00:00+00:00,94.37164706
2025-07-13 08:00:00+00:00,94.61270588
2025-07-13 09:00:00+00:00,94.2865
2025-07-13 10:00:00+00:00,94.10358824
2025-07-13 11:00:00+00:00,94.85747059
2025-07-13 12:00:00+00:00,95.08685294
2025-07-13 13:00:00+00:00,95.32194118
2025-07-13 14:00:00+00:00,95.69991176
2025-07-13 15:00:00+00:00,96.14264706
2025-07-13 16:00:00+00:00,95.54379412
2025-07-13 17:00:00+00:00,96.13220588
2025-07-13 18:00:00+00:00,96.44352941
2025-07-13 19:00:00+00:00,96.33655882
2025-07-13 20:00:00+00:00,96.10088235
2025-07-13 21:00:00+00:00,94.75223529
2025-07-13 22:00:00+00:00,94.30920588
2025-07-13 23:00:00+00:00,94.62520588
2025-07-14 00:00:00+00:00,94.82847059
2025-07-14 01:00:00+00:00,95.09314706
2025-07-14 02:00:00+00:00,95.62444118
2025-07-14 03:00:00+00:00,96.78158824
2025-07-14 04:00:00+00:00,97.60364706
2025-07-14 05:00:00+00:00,96.97767647
2025-07-14 06:00:00+00:00,96.34217647
2025-07-14 07:00:00+00:00,97.16464706
2025-07-14 08:00:00+00:00,96.33214706
2025-07-14 09:00:00+00:00,96.98347059
2025-07-14 10:00:00+00:00,97.95264706
2025-07-14 11:00:00+00:00,96.99058824
2025-07-14 12:00:00+00:00,96.85023529
2025-07-14 13:00:00+00:00,97.13235294
2025-07-14 14:00:00+00:00,96.56876471
2025-07-14 15:00:00+00:00,95.45088235
2025-07-14 16:00:00+00:00,96.34529412
2025-07-14 17:00:00+00:00,95.81714706
2025-07-14 18:00:00+00:00,94.83397059
2025-07-14 19:00:00+00:00,94.96791176
2025-07-14 20:00:00+00:00,95.16926471
2025-07-14 21:00:00+00:00,95.35220588
2025-07-14 22:00:00+00:00,95.58185294
2025-07-14 23:00:00+00:00,95.64402941
2025-07-15 00:00:00+00:00,93.81358824
2025-07-15 01:00:00+00:00,93.64423529
2025-07-15 02:00:00+00:00,92.69432353
2025-07-15 03:00:00+00:00,91.88029412
2025-07-15 04:00:00+00:00,92.72705882
2025-07-15 05:00:00+00:00,92.70902941
2025-07-15 06:00:00+00:00,92.75782353
2025-07-15 07:00:00+00:00,92.49976471
2025-07-15 08:00:00+00:00,92.73741176
2025-07-15 09:00:00+00:00,92.93811765
2025-07-15 10:00:00+00:00,92.95067647
2025-07-15 11:00:00+00:00,92.6825
2025-07-15 12:00:00+00:00,92.92102941
2025-07-15 13:00:00+00:00,93.669
2025-07-15 14:00:00+00:00,91.97070588
2025-07-15 15:00:00+00:00,93.42355882
2025-07-15 16:00:00+00:00,94.30111765
2025-07-15 17:00:00+00:00,95.55014706
2025-07-15 18:00:00+00:00,95.3615
2025-07-15 19:00:00+00:00,95.15464706
2025-07-15 20:00:00+00:00,95.23870588
2025-07-15 21:00:00+00:00,96.25258824
2025-07-15 22:00:00+00:00,96.02735294
2025-07-15 23:00:00+00:00,96.36632353
2025-07-16 00:00:00+00:00,96.98385294
2025-07-16 01:00:00+00:00,96.44411765
2025-07-16 02:00:00+00:00,95.51870588
2025-07-16 03:00:00+00:00,95.45244118
2025-07-16 04:00:00+00:00,95.77435294
2025-07-16 05:00:00+00:00,95.86097059
2025-07-16 06:00:00+00:00,96.22676471
2025-07-16 07:00:00+00:00,96.39797059
2025-07-16 08:00:00+00:00,96.47823529
2025-07-16 09:00:00+00:00,97.58464706
2025-07-16 10:00:00+00:00,96.91458824
2025-07-16 11:00:00+00:00,96.95111765
2025-07-16 12:00:00+00:00,97.36208824
2025-07-16 13:00:00+00:00,97.06073529
2025-07-16 14:00:00+00:00,97.681
2025-07-16 15:00:00+00:00,96.83311765
2025-07-16 16:00:00+00:00,97.95641176
2025-07-16 17:00:00+00:00,99.28461765
2025-07-16 18:00:00+00:00,98.799
2025-07-16 19:00:00+00:00,98.52847059
2025-07-16 20:00:00+00:00,98.69088235
2025-07-16 21:00:00+00:00,99.05502941
2025-07-16 22:00:00+00:00,97.85926471
2025-07-16 23:00:00+00:00,97.46823529
2025-07-17 00:00:00+00:00,97.79008824
2025-07-17 01:00:00+00:00,96.50797059
2025-07-17 02:00:00+00:00,96.72914706
2025-07-17 03:00:00+00:00,96.13694118
2025-07-17 04:00:00+00:00,96.60055882
2025-07-17 05:00:00+00:00,97.81738235
2025-07-17 06:00:00+00:00,98.38064706
2025-07-17 07:00:00+00:00,98.20811765
2025-07-17 08:00:00+00:00,98.87811765
2025-07-17 09:00:00+00:00,100.76488235
2025-07-17 10:00:00+00:00,100.08414706
2025-07-17 11:00:00+00:00,99.66247059
2025-07-17 12:00:00+00:00,100.75711765
2025-07-17 13:00:00+00:00,99.81385294
2025-07-17 14:00:00+00:00,100.74802941
2025-07-17 15:00:00+00:00,101.29255882
2025-07-17 16:00:00+00:00,101.52955882
2025-07-17 17:00:00+00:00,101.46102941
2025-07-17 18:00:00+00:00,101.57338235
2025-07-17 19:00:00+00:00,100.94764706
2025-07-17 20:00:00+00:00,101.08667647
2025-07-17 21:00:00+00:00,101.62179412
2025-07-17 22:00:00+00:00,102.21479412
2025-07-17 23:00:00+00:00,101.59105882
2025-07-18 00:00:00+00:00,103.28532353
2025-07-18 01:00:00+00:00,104.27129412
2025-07-18 02:00:00+00:00,104.47152941
2025-07-18 03:00:00+00:00,107.6605
2025-07-18 04:00:00+00:00,107.31897059
2025-07-18 05:00:00+00:00,108.89447059
2025-07-18 06:00:00+00:00,108.77726471
2025-07-18 07:00:00+00:00,107.65626471
2025-07-18 08:00:00+00:00,108.63958824
2025-07-18 09:00:00+00:00,111.34817647
2025-07-18 10:00:00+00:00,109.87214706
2025-07-18 11:00:00+00:00,108.468
2025-07-18 12:00:00+00:00,110.37647059
2025-07-18 13:00:00+00:00,106.40664706
2025-07-18 14:00:00+00:00,105.06238235
2025-07-18 15:00:00+00:00,103.8715
2025-07-18 16:00:00+00:00,105.31329412
2025-07-18 17:00:00+00:00,104.45185294
2025-07-18 18:00:00+00:00,102.93438235
2025-07-18 19:00:00+00:00,102.27873529
2025-07-18 20:00:00+00:00,101.57208824
2025-07-18 21:00:00+00:00,101.55385294
2025-07-18 22:00:00+00:00,100.85702941
2025-07-18 23:00:00+00:00,101.72717647
2025-07-19 00:00:00+00:00,100.67035294
2025-07-19 01:00:00+00:00,101.16782353
2025-07-19 02:00:00+00:00,101.76461765
2025-07-19 03:00:00+00:00,102.49276471
2025-07-19 04:00:00+00:00,103.02223529
2025-07-19 05:00:00+00:00,102.7995
2025-07-19 06:00:00+00:00,102.47217647
2025-07-19 07:00:00+00:00,102.72158824
2025-07-19 08:00:00+00:00,102.02647059
2025-07-19 09:00:00+00:00,101.96747059
2025-07-19 10:00:00+00:00,101.57108824
2025-07-19 11:00:00+00:00,101.29344118
2025-07-19 12:00:00+00:00,101.45114706
2025-07-19 13:00:00+00:00,100.862
2025-07-19 14:00:00+00:00,99.84391176
2025-07-19 15:00:00+00:00,101.19208824
2025-07-19 16:00:00+00:00,101.87205882
2025-07-19 17:00:00+00:00,101.80888235
2025-07-19 18:00:00+00:00,103.73352941
2025-07-19 19:00:00+00:00,112.59785294
2025-07-19 20:00:00+00:00,111.41611765
2025-07-19 21:00:00+00:00,112.52235294
2025-07-19 22:00:00+00:00,113.50432353
2025-07-19 23:00:00+00:00,113.17114706
2025-07-20 00:00:00+00:00,112.64470588
2025-07-20 01:00:00+00:00,111.2225
2025-07-20 02:00:00+00:00,111.80494118
2025-07-20 03:00:00+00:00,112.52697059
2025-07-20 04:00:00+00:00,113.76102941
2025-07-20 05:00:00+00:00,116.47052941
2025-07-20 06:00:00+00:00,116.30726471
2025-07-20 07:00:00+00:00,117.58620588
2025-07-20 08:00:00+00:00,119.13776471
2025-07-20 09:00:00+00:00,118.03729412
2025-07-20 10:00:00+00:00,118.03088235
2025-07-20 11:00:00+00:00,116.08570588
2025-07-20 12:00:00+00:00,116.75585294
2025-07-20 13:00:00+00:00,117.44308824
2025-07-20 14:00:00+00:00,117.96282353
2025-07-20 15:00:00+00:00,117.16638235
2025-07-20 16:00:00+00:00,117.57188235
2025-07-20 17:00:00+00:00,118.27794118
2025-07-20 18:00:00+00:00,118.02988235
2025-07-20 19:00:00+00:00,117.43176471
2025-07-20 20:00:00+00:00,117.00267647
2025-07-20 21:00:00+00:00,116.946
2025-07-20 22:00:00+00:00,116.9835
2025-07-20 23:00:00+00:00,116.593
2025-07-21 00:00:00+00:00,118.20982353
2025-07-21 01:00:00+00:00,117.259
2025-07-21 02:00:00+00:00,117.25835294
2025-07-21 03:00:00+00:00,117.353
2025-07-21 04:00:00+00:00,117.63258824
2025-07-21 05:00:00+00:00,119.08244118
2025-07-21 06:00:00+00:00,120.73332353
2025-07-21 07:00:00+00:00,120.69120588
2025-07-21 08:00:00+00:00,120.26573529
2025-07-21 09:00:00+00:00,119.13005882
2025-07-21 10:00:00+00:00,118.3785
2025-07-21 11:00:00+00:00,117.84608824
2025-07-21 12:00:00+00:00,116.70873529
2025-07-21 13:00:00+00:00,117.92361765
2025-07-21 14:00:00+00:00,118.27532353
2025-07-21 15:00:00+00:00,118.27102941
2025-07-21 16:00:00+00:00,116.71767647
2025-07-21 17:00:00+00:00,116.82032353
2025-07-21 18:00:00+00:00,115.39364706
2025-07-21 19:00:00+00:00,115.17561765
2025-07-21 20:00:00+00:00,115.30644118
2025-07-21 21:00:00+00:00,115.15541176
2025-07-21 22:00:00+00:00,116.01102941
2025-07-21 23:00:00+00:00,115.43782353
2025-07-22 00:00:00+00:00,114.58744118
2025-07-22 01:00:00+00:00,116.81461765
2025-07-22 02:00:00+00:00,115.60914706
2025-07-22 03:00:00+00:00,115.74067647
2025-07-22 04:00:00+00:00,114.22438235
2025-07-22 05:00:00+00:00,115.33473529
2025-07-22 06:00:00+00:00,115.36291176
2025-07-22 07:00:00+00:00,115.25464706
2025-07-22 08:00:00+00:00,114.01223529
2025-07-22 09:00:00+00:00,113.83332353
2025-07-22 10:00:00+00:00,114.55126471
2025-07-22 11:00:00+00:00,115.57708824
2025-07-22 12:00:00+00:00,115.72017647
2025-07-22 13:00:00+00:00,113.21523529
2025-07-22 14:00:00+00:00,115.6905
2025-07-22 15:00:00+00:00,115.79658824
2025-07-22 16:00:00+00:00,116.04132353
2025-07-22 17:00:00+00:00,118.8905
2025-07-22 18:00:00+00:00,118.6375
2025-07-22 19:00:00+00:00,116.98991176
2025-07-22 20:00:00+00:00,116.98482353
2025-07-22 21:00:00+00:00,118.5355
2025-07-22 22:00:00+00:00,118.05529412
2025-07-22 23:00:00+00:00,119.63441176
2025-07-23 00:00:00+00:00,118.00941176
2025-07-23 01:00:00+00:00,121.03717647
2025-07-23 02:00:00+00:00,120.74170588
2025-07-23 03:00:00+00:00,119.97002941
2025-07-23 04:00:00+00:00,120.00944118
2025-07-23 05:00:00+00:00,118.96408824
2025-07-23 06:00:00+00:00,117.98102941
2025-07-23 07:00:00+00:00,117.60941176
2025-07-23 08:00:00+00:00,117.87882353
2025-07-23 09:00:00+00:00,117.07614706
2025-07-23 10:00:00+00:00,117.66294118
2025-07-23 11:00:00+00:00,116.90311765
2025-07-23 12:00:00+00:00,115.22205882
2025-07-23 13:00:00+00:00,112.36179412
2025-07-23 14:00:00+00:00,114.19247059
2025-07-23 15:00:00+00:00,114.62841176
2025-07-23 16:00:00+00:00,112.37447059
2025-07-23 17:00:00+00:00,112.88520588
2025-07-23 18:00:00+00:00,113.63714706
2025-07-23 19:00:00+00:00,112.14497059
2025-07-23 20:00:00+00:00,110.84008824
2025-07-23 21:00:00+00:00,111.48820588
2025-07-23 22:00:00+00:00,112.002
2025-07-23 23:00:00+00:00,112.02767647
2025-07-24 00:00:00+00:00,114.00208824
2025-07-24 01:00:00+00:00,114.31811765
2025-07-24 02:00:00+00:00,113.68461765
2025-07-24 03:00:00+00:00,112.98117647
2025-07-24 04:00:00+00:00,111.322
2025-07-24 05:00:00+00:00,108.65567647
2025-07-24 06:00:00+00:00,107.92147059
2025-07-24 07:00:00+00:00,110.9695
2025-07-24 08:00:00+00:00,113.44220588
2025-07-24 09:00:00+00:00,113.8435
2025-07-24 10:00:00+00:00,113.11361765
2025-07-24 11:00:00+00:00,113.71041176
2025-07-24 12:00:00+00:00,112.36629412
2025-07-24 13:00:00+00:00,111.64741176
2025-07-24 14:00:00+00:00,114.83794118
2025-07-24 15:00:00+00:00,113.45602941
2025-07-24 16:00:00+00:00,112.135
2025-07-24 17:00:00+00:00,113.51947059
2025-07-24 18:00:00+00:00,113.417
2025-07-24 19:00:00+00:00,113.21688235
2025-07-24 20:00:00+00:00,114.51764706
2025-07-24 21:00:00+00:00,112.99688235
2025-07-24 22:00:00+00:00,113.09255882
2025-07-24 23:00:00+00:00,112.20758824
2025-07-25 00:00:00+00:00,110.92397059
2025-07-25 01:00:00+00:00,111.53026471
2025-07-25 02:00:00+00:00,109.51708824
2025-07-25 03:00:00+00:00,109.34629412
2025-07-25 04:00:00+00:00,110.90294118
2025-07-25 05:00:00+00:00,110.16541176
2025-07-25 06:00:00+00:00,111.59729412
2025-07-25 07:00:00+00:00,111.16332353
2025-07-25 08:00:00+00:00,112.18647059
2025-07-25 09:00:00+00:00,114.53097059
2025-07-25 10:00:00+00:00,114.88070588
2025-07-25 11:00:00+00:00,115.68735294
2025-07-25 12:00:00+00:00,114.82958824
2025-07-25 13:00:00+00:00,115.24532353
2025-07-25 14:00:00+00:00,111.52838235
2025-07-25 15:00:00+00:00,110.53367647
2025-07-25 16:00:00+00:00,111.52908824
2025-07-25 17:00:00+00:00,111.31573529
2025-07-25 18:00:00+00:00,111.2915
2025-07-25 19:00:00+00:00,111.17985294
2025-07-25 20:00:00+00:00,112.81802941
2025-07-25 21:00:00+00:00,113.48982353
2025-07-25 22:00:00+00:00,113.65714706
2025-07-25 23:00:00+00:00,113.78752941
2025-07-26 00:00:00+00:00,113.22117647
2025-07-26 01:00:00+00:00,112.13947059
2025-07-26 02:00:00+00:00,113.14414706
2025-07-26 03:00:00+00:00,113.22744118
2025-07-26 04:00:00+00:00,113.50032353
2025-07-26 05:00:00+00:00,113.44317647
2025-07-26 06:00:00+00:00,113.13282353
2025-07-26 07:00:00+00:00,113.17605882
2025-07-26 08:00:00+00:00,113.89794118
2025-07-26 09:00:00+00:00,114.04955882
2025-07-26 10:00:00+00:00,113.83473529
2025-07-26 11:00:00+00:00,113.63011765
2025-07-26 12:00:00+00:00,113.85532353
2025-07-26 13:00:00+00:00,114.2785
2025-07-26 14:00:00+00:00,113.53179412
2025-07-26 15:00:00+00:00,113.82785294
2025-07-26 16:00:00+00:00,113.79573529
2025-07-26 17:00:00+00:00,114.24167647
2025-07-26 18:00:00+00:00,115.12417647
2025-07-26 19:00:00+00:00,114.88938235
2025-07-26 20:00:00+00:00,114.54767647
2025-07-26 21:00:00+00:00,114.65138235
2025-07-26 22:00:00+00:00,114.53488235
2025-07-26 23:00:00+00:00,113.91205882
2025-07-27 00:00:00+00:00,113.94076471
2025-07-27 01:00:00+00:00,114.64879412
2025-07-27 02:00:00+00:00,115.20526471
2025-07-27 03:00:00+00:00,114.57264706
2025-07-27 04:00:00+00:00,114.85064706
2025-07-27 05:00:00+00:00,114.91332353
2025-07-27 06:00:00+00:00,115.44873529
2025-07-27 07:00:00+00:00,114.24738235
2025-07-27 08:00:00+00:00,113.00964706
2025-07-27 09:00:00+00:00,112.66905882
2025-07-27 10:00:00+00:00,113.46779412
2025-07-27 11:00:00+00:00,113.16611765
2025-07-27 12:00:00+00:00,113.76052941
2025-07-27 13:00:00+00:00,113.39870588
2025-07-27 14:00:00+00:00,113.12458824
2025-07-27 15:00:00+00:00,113.52423529
2025-07-27 16:00:00+00:00,114.21541176
2025-07-27 17:00:00+00:00,114.49379412
2025-07-27 18:00:00+00:00,114.33764706
2025-07-27 19:00:00+00:00,113.84494118
2025-07-27 20:00:00+00:00,113.59288235
2025-07-27 21:00:00+00:00,114.02458824
2025-07-27 22:00:00+00:00,114.93667647
2025-07-27 23:00:00+00:00,114.76964706
2025-07-28 00:00:00+00:00,115.07197059
2025-07-28 01:00:00+00:00,114.09702941
2025-07-28 02:00:00+00:00,115.29344118
2025-07-28 03:00:00+00:00,115.29508824
2025-07-28 04:00:00+00:00,115.25788235
2025-07-28 05:00:00+00:00,116.07752941
2025-07-28 06:00:00+00:00,115.80805882
2025-07-28 07:00:00+00:00,114.88088235
2025-07-28 08:00:00+00:00,114.41288235
2025-07-28 09:00:00+00:00,114.72855882
2025-07-28 10:00:00+00:00,113.78382353
2025-07-28 11:00:00+00:00,113.47967647
2025-07-28 12:00:00+00:00,113.22070588
2025-07-28 13:00:00+00:00,111.46694118
2025-07-28 14:00:00+00:00,110.17741176
2025-07-28 15:00:00+00:00,110.36285294
2025-07-28 16:00:00+00:00,110.54164706
2025-07-28 17:00:00+00:00,109.95005882
2025-07-28 18:00:00+00:00,109.12961765
2025-07-28 19:00:00+00:00,109.49620588
2025-07-28 20:00:00+00:00,109.41776471
2025-07-28 21:00:00+00:00,109.61517647
2025-07-28 22:00:00+00:00,108.96470588
2025-07-28 23:00:00+00:00,108.98279412
2025-07-29 00:00:00+00:00,109.0065
2025-07-29 01:00:00+00:00,108.40352941
2025-07-29 02:00:00+00:00,108.02129412
2025-07-29 03:00:00+00:00,109.29864706
2025-07-29 04:00:00+00:00,108.9225
2025-07-29 05:00:00+00:00,109.71338235
2025-07-29 06:00:00+00:00,110.16479412
2025-07-29 07:00:00+00:00,110.64838235
2025-07-29 08:00:00+00:00,109.9439375
2025-07-29 09:00:00+00:00,110.18747059
2025-07-29 10:00:00+00:00,108.40888235
2025-07-29 11:00:00+00:00,109.17517647
2025-07-29 12:00:00+00:00,110.03573529
2025-07-29 13:00:00+00:00,109.25935294
2025-07-29 14:00:00+00:00,108.07632353
2025-07-29 15:00:00+00:00,108.087
2025-07-29 16:00:00+00:00,108.76611765
2025-07-29 17:00:00+00:00,109.22055882
2025-07-29 18:00:00+00:00,108.93926471
2025-07-29 19:00:00+00:00,108.09911765
2025-07-29 20:00:00+00:00,108.20179412
2025-07-29 21:00:00+00:00,108.57194118
2025-07-29 22:00:00+00:00,108.71847059
2025-07-29 23:00:00+00:00,108.52597059
2025-07-30 00:00:00+00:00,107.929
2025-07-30 01:00:00+00:00,108.9715
2025-07-30 02:00:00+00:00,109.12841176
2025-07-30 03:00:00+00:00,108.93788235
2025-07-30 04:00:00+00:00,108.06841176
2025-07-30 05:00:00+00:00,108.78338235
2025-07-30 06:00:00+00:00,109.17611765
2025-07-30 07:00:00+00:00,109.29658824
2025-07-30 08:00:00+00:00,109.88105882
2025-07-30 09:00:00+00:00,108.49214706
2025-07-30 10:00:00+00:00,108.11629412
2025-07-30 11:00:00+00:00,107.38405882
2025-07-30 12:00:00+00:00,108.35767647
2025-07-30 13:00:00+00:00,108.14885294
2025-07-30 14:00:00+00:00,109.44591176
2025-07-30 15:00:00+00:00,109.35529412
2025-07-30 16:00:00+00:00,109.64961765
2025-07-30 17:00:00+00:00,110.13208824
2025-07-30 18:00:00+00:00,108.04197059
2025-07-30 19:00:00+00:00,108.92717647
2025-07-30 20:00:00+00:00,109.85932353
2025-07-30 21:00:00+00:00,109.51294118
2025-07-30 22:00:00+00:00,110.06285294
2025-07-30 23:00:00+00:00,110.48776471
2025-07-31 00:00:00+00:00,111.16326471
2025-07-31 01:00:00+00:00,110.435
2025-07-31 02:00:00+00:00,110.48276471
2025-07-31 03:00:00+00:00,110.61479412
2025-07-31 04:00:00+00:00,110.60902941
2025-07-31 05:00:00+00:00,110.72335294
2025-07-31 06:00:00+00:00,111.01117647
2025-07-31 07:00:00+00:00,110.68026471
2025-07-31 08:00:00+00:00,111.14182353
2025-07-31 09:00:00+00:00,111.05647059
2025-07-31 10:00:00+00:00,110.65914706
2025-07-31 11:00:00+00:00,109.99508824
2025-07-31 12:00:00+00:00,109.96776471
2025-07-31 13:00:00+00:00,109.638
2025-07-31 14:00:00+00:00,108.7775
2025-07-31 15:00:00+00:00,109.25091176
2025-07-31 16:00:00+00:00,110.13782353
2025-07-31 17:00:00+00:00,108.76635294
2025-07-31 18:00:00+00:00,109.11573529
2025-07-31 19:00:00+00:00,108.25532353
2025-07-31 20:00:00+00:00,108.12829412
2025-07-31 21:00:00+00:00,107.881
2025-07-31 22:00:00+00:00,106.82632353
2025-07-31 23:00:00+00:00,106.08217647
2025-08-01 00:00:00+00:00,105.98432353
2025-08-01 01:00:00+00:00,106.03867647
2025-08-01 02:00:00+00:00,106.85491176
2025-08-01 03:00:00+00:00,106.48035294
2025-08-01 04:00:00+00:00,105.98932353
2025-08-01 05:00:00+00:00,105.29882353
2025-08-01 06:00:00+00:00,105.28355882
2025-08-01 07:00:00+00:00,105.09220588
2025-08-01 08:00:00+00:00,103.88141176
2025-08-01 09:00:00+00:00,103.95126471
2025-08-01 10:00:00+00:00,104.86752941
2025-08-01 11:00:00+00:00,105.49788235
2025-08-01 12:00:00+00:00,105.64061765
2025-08-01 13:00:00+00:00,104.67855882
2025-08-01 14:00:00+00:00,106.38817647
2025-08-01 15:00:00+00:00,106.37038235
2025-08-01 16:00:00+00:00,105.52882353
2025-08-01 17:00:00+00:00,105.08061765
2025-08-01 18:00:00+00:00,105.10985294
2025-08-01 19:00:00+00:00,106.30723529
2025-08-01 20:00:00+00:00,106.52802941
2025-08-01 21:00:00+00:00,107.59676471
2025-08-01 22:00:00+00:00,105.20994118
2025-08-01 23:00:00+00:00,106.60164706
2025-08-02 00:00:00+00:00,107.39952941
2025-08-02 01:00:00+00:00,107.55970588
2025-08-02 02:00:00+00:00,107.59020588
2025-08-02 03:00:00+00:00,107.61367647
2025-08-02 04:00:00+00:00,107.77323529
2025-08-02 05:00:00+00:00,107.89058824
2025-08-02 06:00:00+00:00,107.32729412
2025-08-02 07:00:00+00:00,108.34023529
2025-08-02 08:00:00+00:00,106.87382353
2025-08-02 09:00:00+00:00,107.58135294
2025-08-02 10:00:00+00:00,106.7125
2025-08-02 11:00:00+00:00,107.02541176
2025-08-02 12:00:00+00:00,107.62473529
2025-08-02 13:00:00+00:00,108.85317647
2025-08-02 14:00:00+00:00,108.40402941
2025-08-02 15:00:00+00:00,108.13985294
2025-08-02 16:00:00+00:00,106.77255882
2025-08-02 17:00:00+00:00,104.7265
2025-08-02 18:00:00+00:00,105.08832353
2025-08-02 19:00:00+00:00,104.79611765
2025-08-02 20:00:00+00:00,106.7825
2025-08-02 21:00:00+00:00,105.63611765
2025-08-02 22:00:00+00:00,106.81494118
2025-08-02 23:00:00+00:00,106.0585
2025-08-03 00:00:00+00:00,106.01444118
2025-08-03 01:00:00+00:00,107.53226471
2025-08-03 02:00:00+00:00,108.76708824
2025-08-03 03:00:00+00:00,107.62632353
2025-08-03 04:00:00+00:00,107.35341176
2025-08-03 05:00:00+00:00,107.48129412
2025-08-03 06:00:00+00:00,107.93820588
2025-08-03 07:00:00+00:00,108.15079412
2025-08-03 08:00:00+00:00,108.52852941
2025-08-03 09:00:00+00:00,109.65591176
2025-08-03 10:00:00+00:00,109.23502941
2025-08-03 11:00:00+00:00,109.15332353
2025-08-03 12:00:00+00:00,109.83820588
2025-08-03 13:00:00+00:00,109.22464706
2025-08-03 14:00:00+00:00,109.16738235
2025-08-03 15:00:00+00:00,109.92694118
2025-08-03 16:00:00+00:00,109.81658824
2025-08-03 17:00:00+00:00,109.08061765
2025-08-03 18:00:00+00:00,108.96744118
2025-08-03 19:00:00+00:00,108.94835294
2025-08-03 20:00:00+00:00,109.42529412
2025-08-03 21:00:00+00:00,109.26694118
2025-08-03 22:00:00+00:00,109.76935294
2025-08-03 23:00:00+00:00,110.38726471
2025-08-04 00:00:00+00:00,111.55364706
2025-08-04 01:00:00+00:00,110.88429412
2025-08-04 02:00:00+00:00,111.43894118
2025-08-04 03:00:00+00:00,111.51279412
2025-08-04 04:00:00+00:00,110.71438235
2025-08-04 05:00:00+00:00,111.17105882
2025-08-04 06:00:00+00:00,111.9175
2025-08-04 07:00:00+00:00,111.48902941
2025-08-04 08:00:00+00:00,111.33123529
2025-08-04 09:00:00+00:00,112.96220588
2025-08-04 10:00:00+00:00,112.10855882
2025-08-04 11:00:00+00:00,114.10332353
2025-08-04 12:00:00+00:00,116.93070588
2025-08-04 13:00:00+00:00,118.51382353
2025-08-04 14:00:00+00:00,118.42961765
2025-08-04 15:00:00+00:00,117.81488235
2025-08-04 16:00:00+00:00,119.18782353
2025-08-04 17:00:00+00:00,119.14523529
2025-08-04 18:00:00+00:00,119.31826471
2025-08-04 19:00:00+00:00,119.84241176
2025-08-04 20:00:00+00:00,119.32994118
2025-08-04 21:00:00+00:00,119.78923529
2025-08-04 22:00:00+00:00,120.72561765
2025-08-04 23:00:00+00:00,121.13402941
2025-08-05 00:00:00+00:00,120.38035294
2025-08-05 01:00:00+00:00,121.35426471
2025-08-05 02:00:00+00:00,122.06758824
2025-08-05 03:00:00+00:00,121.80202941
2025-08-05 04:00:00+00:00,121.64579412
2025-08-05 05:00:00+00:00,124.03944118
2025-08-05 06:00:00+00:00,122.72555882
2025-08-05 07:00:00+00:00,120.87723529
2025-08-05 08:00:00+00:00,122.84252941
2025-08-05 09:00:00+00:00,127.25920588
2025-08-05 10:00:00+00:00,128.26835294
2025-08-05 11:00:00+00:00,127.60552941
2025-08-05 12:00:00+00:00,123.85014706
2025-08-05 13:00:00+00:00,123.53958824
2025-08-05 14:00:00+00:00,123.144
2025-08-05 15:00:00+00:00,121.97470588
2025-08-05 16:00:00+00:00,121.39235294
2025-08-05 17:00:00+00:00,120.87305882
2025-08-05 18:00:00+00:00,119.97752941
2025-08-05 19:00:00+00:00,120.04873529
2025-08-05 20:00:00+00:00,119.76941176
2025-08-05 21:00:00+00:00,120.49032353
2025-08-05 22:00:00+00:00,121.10482353
2025-08-05 23:00:00+00:00,120.27758824
2025-08-06 00:00:00+00:00,118.93405882
2025-08-06 01:00:00+00:00,118.34473529
2025-08-06 02:00:00+00:00,118.34776471
2025-08-06 03:00:00+00:00,118.20473529
2025-08-06 04:00:00+00:00,117.94667647
2025-08-06 05:00:00+00:00,118.51858824
2025-08-06 06:00:00+00:00,117.67679412
2025-08-06 07:00:00+00:00,118.38711765
2025-08-06 08:00:00+00:00,117.22055882
2025-08-06 09:00:00+00:00,117.36623529
2025-08-06 10:00:00+00:00,116.53355882
2025-08-06 11:00:00+00:00,116.44873529
2025-08-06 12:00:00+00:00,115.51120588
2025-08-06 13:00:00+00:00,115.57120588
2025-08-06 14:00:00+00:00,117.33779412
2025-08-06 15:00:00+00:00,118.31547059
2025-08-06 16:00:00+00:00,117.64902941
2025-08-06 17:00:00+00:00,118.53426471
2025-08-06 18:00:00+00:00,119.36917647
2025-08-06 19:00:00+00:00,120.03826471
2025-08-06 20:00:00+00:00,119.31691176
2025-08-06 21:00:00+00:00,119.11767647
2025-08-06 22:00:00+00:00,119.21547059
2025-08-06 23:00:00+00:00,119.20682353
2025-08-07 00:00:00+00:00,118.12405882
2025-08-07 01:00:00+00:00,118.96932353
2025-08-07 02:00:00+00:00,120.31738235
2025-08-07 03:00:00+00:00,119.44611765
2025-08-07 04:00:00+00:00,121.21473529
2025-08-07 05:00:00+00:00,121.64661765
2025-08-07 06:00:00+00:00,120.59597059
2025-08-07 07:00:00+00:00,119.51882353
2025-08-07 08:00:00+00:00,117.45220588
2025-08-07 09:00:00+00:00,118.04685294
2025-08-07 10:00:00+00:00,119.76988235
2025-08-07 11:00:00+00:00,121.10688235
2025-08-07 12:00:00+00:00,120.36729412
2025-08-07 13:00:00+00:00,120.20223529
2025-08-07 14:00:00+00:00,120.49902941
2025-08-07 15:00:00+00:00,121.14423529
2025-08-07 16:00:00+00:00,121.40108824
2025-08-07 17:00:00+00:00,121.37076471
2025-08-07 18:00:00+00:00,121.09478571
2025-08-07 19:00:00+00:00,122.21110714
2025-08-07 20:00:00+00:00,121.94010714
2025-08-07 21:00:00+00:00,121.90621429
2025-08-07 22:00:00+00:00,122.11042857
2025-08-07 23:00:00+00:00,122.94517857
2025-08-08 00:00:00+00:00,122.48835714
2025-08-08 01:00:00+00:00,122.26325
2025-08-08 02:00:00+00:00,121.64171429
2025-08-08 03:00:00+00:00,121.45717857
2025-08-08 04:00:00+00:00,120.90964286
2025-08-08 05:00:00+00:00,119.68007143
2025-08-08 06:00:00+00:00,120.63796429
2025-08-08 07:00:00+00:00,122.32703571
2025-08-08 08:00:00+00:00,122.36828571
2025-08-08 09:00:00+00:00,122.2235
2025-08-08 10:00:00+00:00,120.65475
2025-08-08 11:00:00+00:00,121.86542857
2025-08-08 12:00:00+00:00,121.75357143
2025-08-08 13:00:00+00:00,123.58203571
2025-08-08 14:00:00+00:00,122.31771429
2025-08-08 15:00:00+00:00,121.36303571
2025-08-08 16:00:00+00:00,122.60828571
2025-08-08 17:00:00+00:00,123.23064286
2025-08-08 18:00:00+00:00,124.76364286
2025-08-08 19:00:00+00:00,125.56257143
2025-08-08 20:00:00+00:00,124.83857143
2025-08-08 21:00:00+00:00,124.75721429
2025-08-08 22:00:00+00:00,124.11153571
2025-08-08 23:00:00+00:00,123.78289286
2025-08-09 00:00:00+00:00,123.87939286
2025-08-09 01:00:00+00:00,123.47460714
2025-08-09 02:00:00+00:00,123.15442857
2025-08-09 03:00:00+00:00,123.09371429
2025-08-09 04:00:00+00:00,124.638
2025-08-09 05:00:00+00:00,124.9075
2025-08-09 06:00:00+00:00,124.39214286
2025-08-09 07:00:00+00:00,125.20671429
2025-08-09 08:00:00+00:00,124.83996429
2025-08-09 09:00:00+00:00,125.16528571
2025-08-09 10:00:00+00:00,124.99617857
2025-08-09 11:00:00+00:00,125.149
2025-08-09 12:00:00+00:00,124.92032143
2025-08-09 13:00:00+00:00,122.35632143
2025-08-09 14:00:00+00:00,122.26985714
2025-08-09 15:00:00+00:00,121.15642857
2025-08-09 16:00:00+00:00,121.48564286
2025-08-09 17:00:00+00:00,122.17046429
2025-08-09 18:00:00+00:00,122.10271429
2025-08-09 19:00:00+00:00,121.77925
2025-08-09 20:00:00+00:00,122.293
2025-08-09 21:00:00+00:00,121.80314286
2025-08-09 22:00:00+00:00,120.79510714
2025-08-09 23:00:00+00:00,120.18889286
2025-08-10 00:00:00+00:00,121.30903571
2025-08-10 01:00:00+00:00,121.47471429
2025-08-10 02:00:00+00:00,121.63060714
2025-08-10 03:00:00+00:00,122.7685
2025-08-10 04:00:00+00:00,123.67839286
2025-08-10 05:00:00+00:00,121.89507143
2025-08-10 06:00:00+00:00,121.02957143
2025-08-10 07:00:00+00:00,119.22007143
2025-08-10 08:00:00+00:00,120.57378571
2025-08-10 09:00:00+00:00,120.688
2025-08-10 10:00:00+00:00,121.086
2025-08-10 11:00:00+00:00,122.08510714
2025-08-10 12:00:00+00:00,121.887
2025-08-10 13:00:00+00:00,120.64182143
2025-08-10 14:00:00+00:00,124.4445
2025-08-10 15:00:00+00:00,124.25360714
2025-08-10 16:00:00+00:00,123.58975
2025-08-10 17:00:00+00:00,123.55714286
2025-08-10 18:00:00+00:00,123.95607143
2025-08-10 19:00:00+00:00,124.55264286
2025-08-10 20:00:00+00:00,124.21139286
2025-08-10 21:00:00+00:00,124.15121429
2025-08-10 22:00:00+00:00,124.017
2025-08-10 23:00:00+00:00,123.75135714
2025-08-11 00:00:00+00:00,122.31632143
2025-08-11 01:00:00+00:00,123.58178571
2025-08-11 02:00:00+00:00,124.75653571
2025-08-11 03:00:00+00:00,125.88507143
2025-08-11 04:00:00+00:00,124.95120588
2025-08-11 05:00:00+00:00,124.13452941
2025-08-11 06:00:00+00:00,124.64141176
2025-08-11 07:00:00+00:00,123.36344118
2025-08-11 08:00:00+00:00,125.135
2025-08-11 09:00:00+00:00,125.58323529
2025-08-11 10:00:00+00:00,125.525
2025-08-11 11:00:00+00:00,126.57411765
2025-08-11 12:00:00+00:00,126.39294118
2025-08-11 13:00:00+00:00,126.15911765
2025-08-11 14:00:00+00:00,123.62911765
2025-08-11 15:00:00+00:00,125.21764706
2025-08-11 16:00:00+00:00,125.57941176
2025-08-11 17:00:00+00:00,126.24941176
2025-08-11 18:00:00+00:00,124.45117647
2025-08-11 19:00:00+00:00,121.51735294
2025-08-11 20:00:00+00:00,121.11205882
2025-08-11 21:00:00+00:00,120.55676471
2025-08-11 22:00:00+00:00,120.62617647
2025-08-11 23:00:00+00:00,120.05382353
2025-08-12 00:00:00+00:00,120.31441176
2025-08-12 01:00:00+00:00,121.19147059
2025-08-12 02:00:00+00:00,120.29264706
2025-08-12 03:00:00+00:00,119.43647059
2025-08-12 04:00:00+00:00,119.86911765
2025-08-12 05:00:00+00:00,119.16647059
2025-08-12 06:00:00+00:00,118.975
2025-08-12 07:00:00+00:00,119.33117647
2025-08-12 08:00:00+00:00,119.66529412
2025-08-12 09:00:00+00:00,119.06117647
2025-08-12 10:00:00+00:00,118.90911765
2025-08-12 11:00:00+00:00,119.58823529
2025-08-12 12:00:00+00:00,121.26764706
2025-08-12 13:00:00+00:00,121.01352941
2025-08-12 14:00:00+00:00,122.47382353
2025-08-12 15:00:00+00:00,124.43147059
2025-08-12 16:00:00+00:00,125.04470588
2025-08-12 17:00:00+00:00,125.15205882
2025-08-12 18:00:00+00:00,126.58882353
2025-08-12 19:00:00+00:00,128.86558824
2025-08-12 20:00:00+00:00,129.83294118
2025-08-12 21:00:00+00:00,129.92588235
2025-08-12 22:00:00+00:00,130.89235294
2025-08-12 23:00:00+00:00,130.43911765
2025-08-13 00:00:00+00:00,130.89705882
2025-08-13 01:00:00+00:00,128.78029412
2025-08-13 02:00:00+00:00,131.07911765
2025-08-13 03:00:00+00:00,131.28882353
2025-08-13 04:00:00+00:00,133.60205882
2025-08-13 05:00:00+00:00,131.32941176
2025-08-13 06:00:00+00:00,130.72558824
2025-08-13 07:00:00+00:00,131.67323529
2025-08-13 08:00:00+00:00,131.34205882
2025-08-13 09:00:00+00:00,132.52058824
2025-08-13 10:00:00+00:00,132.64735294
2025-08-13 11:00:00+00:00,131.94764706
2025-08-13 12:00:00+00:00,131.07294118
2025-08-13 13:00:00+00:00,131.90911765
2025-08-13 14:00:00+00:00,130.40176471
2025-08-13 15:00:00+00:00,130.05352941
2025-08-13 16:00:00+00:00,130.20970588
2025-08-13 17:00:00+00:00,129.70647059
2025-08-13 18:00:00+00:00,129.07088235
2025-08-13 19:00:00+00:00,130.23117647
2025-08-13 20:00:00+00:00,129.50088235
2025-08-13 21:00:00+00:00,129.34147059
2025-08-13 22:00:00+00:00,130.65529412
2025-08-13 23:00:00+00:00,130.90411765
2025-08-14 00:00:00+00:00,131.67794118
2025-08-14 01:00:00+00:00,132.11941176
2025-08-14 02:00:00+00:00,133.08382353
2025-08-14 03:00:00+00:00,133.07441176
2025-08-14 04:00:00+00:00,132.63147059
2025-08-14 05:00:00+00:00,131.20647059
2025-08-14 06:00:00+00:00,131.26823529
2025-08-14 07:00:00+00:00,129.50470588
2025-08-14 08:00:00+00:00,128.01382353
2025-08-14 09:00:00+00:00,128.97852941
2025-08-14 10:00:00+00:00,127.77852941
2025-08-14 11:00:00+00:00,127.64441176
2025-08-14 12:00:00+00:00,122.71764706
2025-08-14 13:00:00+00:00,123.05705882
2025-08-14 14:00:00+00:00,123.93705882
2025-08-14 15:00:00+00:00,122.77558824
2025-08-14 16:00:00+00:00,120.99088235
2025-08-14 17:00:00+00:00,120.99352941
2025-08-14 18:00:00+00:00,121.30911765
2025-08-14 19:00:00+00:00,121.73588235
2025-08-14 20:00:00+00:00,121.64705882
2025-08-14 21:00:00+00:00,120.82588235
2025-08-14 22:00:00+00:00,121.47411765
2025-08-14 23:00:00+00:00,121.29911765
2025-08-15 00:00:00+00:00,121.44088235
2025-08-15 01:00:00+00:00,122.02176471
2025-08-15 02:00:00+00:00,121.98352941
2025-08-15 03:00:00+00:00,122.755
2025-08-15 04:00:00+00:00,121.79882353
2025-08-15 05:00:00+00:00,122.25470588
2025-08-15 06:00:00+00:00,122.38235294
2025-08-15 07:00:00+00:00,121.47205882
2025-08-15 08:00:00+00:00,121.21558824
2025-08-15 09:00:00+00:00,121.02
2025-08-15 10:00:00+00:00,120.85176471
2025-08-15 11:00:00+00:00,121.06058824
2025-08-15 12:00:00+00:00,120.93235294
2025-08-15 13:00:00+00:00,119.32029412
2025-08-15 14:00:00+00:00,118.72617647
2025-08-15 15:00:00+00:00,117.61352941
2025-08-15 16:00:00+00:00,118.00911765
2025-08-15 17:00:00+00:00,118.66147059
2025-08-15 18:00:00+00:00,117.48735294
2025-08-15 19:00:00+00:00,117.51892857
2025-08-15 20:00:00+00:00,118.53285714
2025-08-15 21:00:00+00:00,118.54035714
2025-08-15 22:00:00+00:00,119.76535714
2025-08-15 23:00:00+00:00,119.16285714
2025-08-16 00:00:00+00:00,120.70571429
2025-08-16 01:00:00+00:00,120.12035714
2025-08-16 02:00:00+00:00,119.85678571
2025-08-16 03:00:00+00:00,119.82928571
2025-08-16 04:00:00+00:00,120.28071429
2025-08-16 05:00:00+00:00,118.86714286
2025-08-16 06:00:00+00:00,118.10178571
2025-08-16 07:00:00+00:00,118.77
2025-08-16 08:00:00+00:00,118.38357143
2025-08-16 09:00:00+00:00,118.32392857
2025-08-16 10:00:00+00:00,118.13821429
2025-08-16 11:00:00+00:00,117.26107143
2025-08-16 12:00:00+00:00,118.42107143
2025-08-16 13:00:00+00:00,117.96357143
2025-08-16 14:00:00+00:00,118.82928571
2025-08-16 15:00:00+00:00,118.87892857
2025-08-16 16:00:00+00:00,118.98821429
2025-08-16 17:00:00+00:00,119.37035714
2025-08-16 18:00:00+00:00,120.46214286
2025-08-16 19:00:00+00:00,119.95142857
2025-08-16 20:00:00+00:00,120.17142857
2025-08-16 21:00:00+00:00,119.83178571
2025-08-16 22:00:00+00:00,120.62642857
2025-08-16 23:00:00+00:00,121.04035714
2025-08-17 00:00:00+00:00,120.215
2025-08-17 01:00:00+00:00,120.06607143
2025-08-17 02:00:00+00:00,120.61857143
2025-08-17 03:00:00+00:00,120.62928571
2025-08-17 04:00:00+00:00,121.76285714
2025-08-17 05:00:00+00:00,121.65571429
2025-08-17 06:00:00+00:00,121.33142857
2025-08-17 07:00:00+00:00,122.96678571
2025-08-17 08:00:00+00:00,122.25178571
2025-08-17 09:00:00+00:00,122.20464286
2025-08-17 10:00:00+00:00,122.02428571
2025-08-17 11:00:00+00:00,122.42857143
2025-08-17 12:00:00+00:00,121.84928571
2025-08-17 13:00:00+00:00,121.86285714
2025-08-17 14:00:00+00:00,121.675
2025-08-17 15:00:00+00:00,122.35642857
2025-08-17 16:00:00+00:00,121.05285714
2025-08-17 17:00:00+00:00,121.84285714
2025-08-17 18:00:00+00:00,121.42464286
2025-08-17 19:00:00+00:00,120.66821429
2025-08-17 20:00:00+00:00,120.84785714
2025-08-17 21:00:00+00:00,120.65892857
2025-08-17 22:00:00+00:00,121.64321429
2025-08-17 23:00:00+00:00,120.71964286
2025-08-18 00:00:00+00:00,120.41035714
2025-08-18 01:00:00+00:00,118.92785714
2025-08-18 02:00:00+00:00,115.97678571
2025-08-18 03:00:00+00:00,116.56107143
2025-08-18 04:00:00+00:00,116.92285714
2025-08-18 05:00:00+00:00,117.2225
2025-08-18 06:00:00+00:00,116.02535714
2025-08-18 07:00:00+00:00,116.09428571
2025-08-18 08:00:00+00:00,115.635
2025-08-18 09:00:00+00:00,116.7675
2025-08-18 10:00:00+00:00,116.50323529
2025-08-18 11:00:00+00:00,116.39676471
2025-08-18 12:00:00+00:00,117.575
2025-08-18 13:00:00+00:00,117.14882353
2025-08-18 14:00:00+00:00,118.11205882
2025-08-18 15:00:00+00:00,118.08411765
2025-08-18 16:00:00+00:00,117.10705882
2025-08-18 17:00:00+00:00,117.89647059
2025-08-18 18:00:00+00:00,118.34882353
2025-08-18 19:00:00+00:00,117.85735294
2025-08-18 20:00:00+00:00,117.66911765
2025-08-18 21:00:00+00:00,118.22029412
2025-08-18 22:00:00+00:00,118.28735294
2025-08-18 23:00:00+00:00,117.73205882
2025-08-19 00:00:00+00:00,118.82205882
2025-08-19 01:00:00+00:00,116.91941176
2025-08-19 02:00:00+00:00,116.28176471
2025-08-19 03:00:00+00:00,115.49294118
2025-08-19 04:00:00+00:00,117.05441176
2025-08-19 05:00:00+00:00,116.70264706
2025-08-19 06:00:00+00:00,115.71970588
2025-08-19 07:00:00+00:00,114.98323529
2025-08-19 08:00:00+00:00,115.08558824
2025-08-19 09:00:00+00:00,115.70941176
2025-08-19 10:00:00+00:00,115.77764706
2025-08-19 11:00:00+00:00,116.22294118
2025-08-19 12:00:00+00:00,115.95088235
2025-08-19 13:00:00+00:00,115.80176471
2025-08-19 14:00:00+00:00,113.82529412
2025-08-19 15:00:00+00:00,114.13852941
2025-08-19 16:00:00+00:00,113.90558824
2025-08-19 17:00:00+00:00,114.06264706
2025-08-19 18:00:00+00:00,112.93088235
2025-08-19 19:00:00+00:00,113.08411765
2025-08-19 20:00:00+00:00,114.52
2025-08-19 21:00:00+00:00,114.75294118
2025-08-19 22:00:00+00:00,113.99470588
2025-08-19 23:00:00+00:00,112.65323529
2025-08-20 00:00:00+00:00,113.67029412
2025-08-20 01:00:00+00:00,113.81058824
2025-08-20 02:00:00+00:00,113.80470588
2025-08-20 03:00:00+00:00,113.65794118
2025-08-20 04:00:00+00:00,114.14794118
2025-08-20 05:00:00+00:00,114.24588235
2025-08-20 06:00:00+00:00,114.11058824
2025-08-20 07:00:00+00:00,113.92323529
2025-08-20 08:00:00+00:00,115.31441176
2025-08-20 09:00:00+00:00,114.57794118
2025-08-20 10:00:00+00:00,115.20029412
2025-08-20 11:00:00+00:00,114.73705882
2025-08-20 12:00:00+00:00,115.07294118
2025-08-20 13:00:00+00:00,113.16
2025-08-20 14:00:00+00:00,114.08794118
2025-08-20 15:00:00+00:00,114.95735294
2025-08-20 16:00:00+00:00,115.66058824
2025-08-20 17:00:00+00:00,116.27676471
2025-08-20 18:00:00+00:00,115.37294118
2025-08-20 19:00:00+00:00,117.04794118
2025-08-20 20:00:00+00:00,116.74382353
2025-08-20 21:00:00+00:00,116.63676471
2025-08-20 22:00:00+00:00,116.67823529
2025-08-20 23:00:00+00:00,116.05617647
2025-08-21 00:00:00+00:00,116.36029412
2025-08-21 01:00:00+00:00,116.98794118
2025-08-21 02:00:00+00:00,116.22735294
2025-08-21 03:00:00+00:00,116.03676471
2025-08-21 04:00:00+00:00,116.02764706
2025-08-21 05:00:00+00:00,116.33911765
2025-08-21 06:00:00+00:00,115.79558824
2025-08-21 07:00:00+00:00,116.11029412
2025-08-21 08:00:00+00:00,115.26705882
2025-08-21 09:00:00+00:00,115.29470588
2025-08-21 10:00:00+00:00,115.11529412
2025-08-21 11:00:00+00:00,114.72029412
2025-08-21 12:00:00+00:00,114.59647059
2025-08-21 13:00:00+00:00,114.72029412
2025-08-21 14:00:00+00:00,115.13235294
2025-08-21 15:00:00+00:00,114.12941176
2025-08-21 16:00:00+00:00,113.67176471
2025-08-21 17:00:00+00:00,114.74705882
2025-08-21 18:00:00+00:00,115.13235294
2025-08-21 19:00:00+00:00,114.64205882
2025-08-21 20:00:00+00:00,115.09441176
2025-08-21 21:00:00+00:00,115.25558824
2025-08-21 22:00:00+00:00,115.22470588
2025-08-21 23:00:00+00:00,114.75529412
2025-08-22 00:00:00+00:00,114.78411765
2025-08-22 01:00:00+00:00,115.21529412
2025-08-22 02:00:00+00:00,116.15294118
2025-08-22 03:00:00+00:00,115.53647059
2025-08-22 04:00:00+00:00,116.02941176
2025-08-22 05:00:00+00:00,116.10647059
2025-08-22 06:00:00+00:00,115.81852941
2025-08-22 07:00:00+00:00,116.33352941
2025-08-22 08:00:00+00:00,116.22911765
2025-08-22 09:00:00+00:00,116.22529412
2025-08-22 10:00:00+00:00,115.11205882
2025-08-22 11:00:00+00:00,114.34382353
2025-08-22 12:00:00+00:00,113.75970588
2025-08-22 13:00:00+00:00,114.23029412
2025-08-22 14:00:00+00:00,119.11558824
2025-08-22 15:00:00+00:00,119.50588235
2025-08-22 16:00:00+00:00,121.01294118
2025-08-22 17:00:00+00:00,122.06
2025-08-22 18:00:00+00:00,122.47088235
2025-08-22 19:00:00+00:00,122.46882353
2025-08-22 20:00:00+00:00,123.28088235
2025-08-22 21:00:00+00:00,123.05529412
2025-08-22 22:00:00+00:00,122.49264706
2025-08-22 23:00:00+00:00,122.95911765
2025-08-23 00:00:00+00:00,122.62911765
2025-08-23 01:00:00+00:00,121.83264706
2025-08-23 02:00:00+00:00,120.82264706
2025-08-23 03:00:00+00:00,120.20147059
2025-08-23 04:00:00+00:00,121.49294118
2025-08-23 05:00:00+00:00,122.38382353
2025-08-23 06:00:00+00:00,122.46294118
2025-08-23 07:00:00+00:00,121.75176471
2025-08-23 08:00:00+00:00,121.89705882
2025-08-23 09:00:00+00:00,121.74823529
2025-08-23 10:00:00+00:00,121.37558824
2025-08-23 11:00:00+00:00,121.25852941
2025-08-23 12:00:00+00:00,121.18088235
2025-08-23 13:00:00+00:00,120.88470588
2025-08-23 14:00:00+00:00,120.55264706
2025-08-23 15:00:00+00:00,120.88117647
2025-08-23 16:00:00+00:00,120.90264706
2025-08-23 17:00:00+00:00,121.21147059
2025-08-23 18:00:00+00:00,120.77882353
2025-08-23 19:00:00+00:00,121.105
2025-08-23 20:00:00+00:00,121.02676471
2025-08-23 21:00:00+00:00,120.78617647
2025-08-23 22:00:00+00:00,121.56529412
2025-08-23 23:00:00+00:00,121.45176471
2025-08-24 00:00:00+00:00,121.85058824
2025-08-24 01:00:00+00:00,121.49058824
2025-08-24 02:00:00+00:00,121.04147059
2025-08-24 03:00:00+00:00,121.20294118
2025-08-24 04:00:00+00:00,121.80411765
2025-08-24 05:00:00+00:00,121.31735294
2025-08-24 06:00:00+00:00,120.16
2025-08-24 07:00:00+00:00,119.49470588
2025-08-24 08:00:00+00:00,119.86470588
2025-08-24 09:00:00+00:00,119.91823529
2025-08-24 10:00:00+00:00,118.90176471
2025-08-24 11:00:00+00:00,118.49882353
2025-08-24 12:00:00+00:00,118.95147059
2025-08-24 13:00:00+00:00,119.01470588
2025-08-24 14:00:00+00:00,119.53941176
2025-08-24 15:00:00+00:00,119.32588235
2025-08-24 16:00:00+00:00,119.95852941
2025-08-24 17:00:00+00:00,121.59382353
2025-08-24 18:00:00+00:00,123.70852941
2025-08-24 19:00:00+00:00,120.71264706
2025-08-24 20:00:00+00:00,118.81558824
2025-08-24 21:00:00+00:00,118.54147059
2025-08-24 22:00:00+00:00,118.57470588
2025-08-24 23:00:00+00:00,118.19411765
2025-08-25 00:00:00+00:00,116.24764706
2025-08-25 01:00:00+00:00,117.25235294
2025-08-25 02:00:00+00:00,118.415
2025-08-25 03:00:00+00:00,117.34205882
2025-08-25 04:00:00+00:00,116.20558824
2025-08-25 05:00:00+00:00,114.98617647
2025-08-25 06:00:00+00:00,113.76147059
2025-08-25 07:00:00+00:00,112.54617647
2025-08-25 08:00:00+00:00,112.68264706
2025-08-25 09:00:00+00:00,112.72176471
2025-08-25 10:00:00+00:00,110.88264706
2025-08-25 11:00:00+00:00,111.48205882
2025-08-25 12:00:00+00:00,112.23941176
2025-08-25 13:00:00+00:00,111.57029412
2025-08-25 14:00:00+00:00,112.26588235
2025-08-25 15:00:00+00:00,111.69
2025-08-25 16:00:00+00:00,112.02294118
2025-08-25 17:00:00+00:00,111.74558824
2025-08-25 18:00:00+00:00,111.27941176
2025-08-25 19:00:00+00:00,109.31411765
2025-08-25 20:00:00+00:00,107.34294118
2025-08-25 21:00:00+00:00,107.42117647
2025-08-25 22:00:00+00:00,108.48823529
2025-08-25 23:00:00+00:00,109.14647059
2025-08-26 00:00:00+00:00,109.52705882
2025-08-26 01:00:00+00:00,109.99411765
2025-08-26 02:00:00+00:00,109.64970588
2025-08-26 03:00:00+00:00,110.08235294
2025-08-26 04:00:00+00:00,110.30147059
2025-08-26 05:00:00+00:00,110.78382353
2025-08-26 06:00:00+00:00,110.17264706
2025-08-26 07:00:00+00:00,110.60794118
2025-08-26 08:00:00+00:00,110.39529412
2025-08-26 09:00:00+00:00,110.34029412
2025-08-26 10:00:00+00:00,110.68882353
2025-08-26 11:00:00+00:00,110.55470588
2025-08-26 12:00:00+00:00,111.90382353
2025-08-26 13:00:00+00:00,111.86411765
2025-08-26 14:00:00+00:00,112.41911765
2025-08-26 15:00:00+00:00,112.00470588
2025-08-26 16:00:00+00:00,113.31588235
2025-08-26 17:00:00+00:00,112.90794118
2025-08-26 18:00:00+00:00,113.74117647
2025-08-26 19:00:00+00:00,114.53558824
2025-08-26 20:00:00+00:00,113.58529412
2025-08-26 21:00:00+00:00,113.72117647
2025-08-26 22:00:00+00:00,113.58705882
2025-08-26 23:00:00+00:00,113.46970588
2025-08-27 00:00:00+00:00,113.23794118
2025-08-27 01:00:00+00:00,113.40647059
2025-08-27 02:00:00+00:00,113.69941176
2025-08-27 03:00:00+00:00,114.30647059
2025-08-27 04:00:00+00:00,115.28294118
2025-08-27 05:00:00+00:00,113.99441176
2025-08-27 06:00:00+00:00,113.145
2025-08-27 07:00:00+00:00,113.00176471
2025-08-27 08:00:00+00:00,112.85147059
2025-08-27 09:00:00+00:00,112.63058824
2025-08-27 10:00:00+00:00,112.94264706
2025-08-27 11:00:00+00:00,113.01323529
2025-08-27 12:00:00+00:00,113.49352941
2025-08-27 13:00:00+00:00,112.98470588
2025-08-27 14:00:00+00:00,113.58852941
2025-08-27 15:00:00+00:00,113.70852941
2025-08-27 16:00:00+00:00,113.70617647
2025-08-27 17:00:00+00:00,114.08735294
2025-08-27 18:00:00+00:00,113.44558824
2025-08-27 19:00:00+00:00,113.16735294
2025-08-27 20:00:00+00:00,113.83735294
2025-08-27 21:00:00+00:00,112.99588235
2025-08-27 22:00:00+00:00,112.73794118
2025-08-27 23:00:00+00:00,112.17058824
2025-08-28 00:00:00+00:00,112.20352941
2025-08-28 01:00:00+00:00,112.66147059
2025-08-28 02:00:00+00:00,112.34941176
2025-08-28 03:00:00+00:00,112.93058824
2025-08-28 04:00:00+00:00,113.97235294
2025-08-28 05:00:00+00:00,113.49941176
2025-08-28 06:00:00+00:00,113.68911765
2025-08-28 07:00:00+00:00,113.46647059
2025-08-28 08:00:00+00:00,113.47470588
2025-08-28 09:00:00+00:00,113.30647059
2025-08-28 10:00:00+00:00,113.51205882
2025-08-28 11:00:00+00:00,113.47088235
2025-08-28 12:00:00+00:00,113.85441176
2025-08-28 13:00:00+00:00,113.47764706
2025-08-28 14:00:00+00:00,114.33911765
2025-08-28 15:00:00+00:00,112.62176471
2025-08-28 16:00:00+00:00,111.73647059
2025-08-28 17:00:00+00:00,112.58294118
2025-08-28 18:00:00+00:00,112.47147059
2025-08-28 19:00:00+00:00,111.73294118
2025-08-28 20:00:00+00:00,112.23235294
2025-08-28 21:00:00+00:00,113.04588235
2025-08-28 22:00:00+00:00,113.75852941
2025-08-28 23:00:00+00:00,113.66764706
2025-08-29 00:00:00+00:00,113.32117647
2025-08-29 01:00:00+00:00,112.58029412
2025-08-29 02:00:00+00:00,112.97558824
2025-08-29 03:00:00+00:00,113.24852941
2025-08-29 04:00:00+00:00,112.87176471
2025-08-29 05:00:00+00:00,112.845
2025-08-29 06:00:00+00:00,111.76441176
2025-08-29 07:00:00+00:00,110.42441176
2025-08-29 08:00:00+00:00,109.41794118
2025-08-29 09:00:00+00:00,110.275
2025-08-29 10:00:00+00:00,110.14058824
2025-08-29 11:00:00+00:00,110.01088235
2025-08-29 12:00:00+00:00,110.92558824
2025-08-29 13:00:00+00:00,109.92117647
2025-08-29 14:00:00+00:00,109.86382353
2025-08-29 15:00:00+00:00,109.92882353
2025-08-29 16:00:00+00:00,110.00588235
2025-08-29 17:00:00+00:00,109.50205882
2025-08-29 18:00:00+00:00,109.135
2025-08-29 19:00:00+00:00,109.62117647
2025-08-29 20:00:00+00:00,109.32676471
2025-08-29 21:00:00+00:00,109.92
2025-08-29 22:00:00+00:00,109.72970588
2025-08-29 23:00:00+00:00,109.89029412
2025-08-30 00:00:00+00:00,109.71970588
2025-08-30 01:00:00+00:00,108.44911765
2025-08-30 02:00:00+00:00,109.59970588
2025-08-30 03:00:00+00:00,110.60411765
2025-08-30 04:00:00+00:00,110.35264706
2025-08-30 05:00:00+00:00,110.59441176
2025-08-30 06:00:00+00:00,110.53147059
2025-08-30 07:00:00+00:00,110.695
2025-08-30 08:00:00+00:00,110.84558824
2025-08-30 09:00:00+00:00,110.73
2025-08-30 10:00:00+00:00,110.64
2025-08-30 11:00:00+00:00,110.54823529
2025-08-30 12:00:00+00:00,110.00147059
2025-08-30 13:00:00+00:00,109.93735294
2025-08-30 14:00:00+00:00,110.05176471
2025-08-30 15:00:00+00:00,110.62529412
2025-08-30 16:00:00+00:00,110.35911765
2025-08-30 17:00:00+00:00,110.01970588
2025-08-30 18:00:00+00:00,110.01617647
2025-08-30 19:00:00+00:00,110.24441176
2025-08-30 20:00:00+00:00,109.95764706
2025-08-30 21:00:00+00:00,110.02764706
2025-08-30 22:00:00+00:00,110.54176471
2025-08-30 23:00:00+00:00,110.82117647
2025-08-31 00:00:00+00:00,111.67058824
2025-08-31 01:00:00+00:00,111.60205882
2025-08-31 02:00:00+00:00,111.49882353
2025-08-31 03:00:00+00:00,111.86176471
2025-08-31 04:00:00+00:00,111.15882353
2025-08-31 05:00:00+00:00,111.05323529
2025-08-31 06:00:00+00:00,110.76823529
2025-08-31 07:00:00+00:00,111.12764706
2025-08-31 08:00:00+00:00,111.58558824
2025-08-31 09:00:00+00:00,111.30823529
2025-08-31 10:00:00+00:00,111.20029412
2025-08-31 11:00:00+00:00,111.36558824
2025-08-31 12:00:00+00:00,111.25352941
2025-08-31 13:00:00+00:00,110.97735294
2025-08-31 14:00:00+00:00,110.25029412
2025-08-31 15:00:00+00:00,110.71264706
2025-08-31 16:00:00+00:00,110.37235294
2025-08-31 17:00:00+00:00,110.31970588
2025-08-31 18:00:00+00:00,110.725
2025-08-31 19:00:00+00:00,110.22205882
2025-08-31 20:00:00+00:00,110.39147059
2025-08-31 21:00:00+00:00,110.40088235
2025-08-31 22:00:00+00:00,109.86882353
2025-08-31 23:00:00+00:00,108.88558824
2025-09-01 00:00:00+00:00,108.78352941
2025-09-01 01:00:00+00:00,108.80205882
2025-09-01 02:00:00+00:00,107.67941176
2025-09-01 03:00:00+00:00,108.11117647
2025-09-01 04:00:00+00:00,107.54529412
2025-09-01 05:00:00+00:00,108.10588235
2025-09-01 06:00:00+00:00,108.48411765
2025-09-01 07:00:00+00:00,110.49735294
2025-09-01 08:00:00+00:00,111.24852941
2025-09-01 09:00:00+00:00,110.35323529
2025-09-01 10:00:00+00:00,109.82
2025-09-01 11:00:00+00:00,109.47147059
2025-09-01 12:00:00+00:00,109.94882353
2025-09-01 13:00:00+00:00,110.02205882
2025-09-01 14:00:00+00:00,109.94558824
2025-09-01 15:00:00+00:00,109.54088235
2025-09-01 16:00:00+00:00,108.88823529
2025-09-01 17:00:00+00:00,108.47588235
2025-09-01 18:00:00+00:00,108.74529412
2025-09-01 19:00:00+00:00,109.34058824
2025-09-01 20:00:00+00:00,108.54411765
2025-09-01 21:00:00+00:00,107.12911765
2025-09-01 22:00:00+00:00,107.38382353
2025-09-01 23:00:00+00:00,108.72411765
2025-09-02 00:00:00+00:00,109.18323529
2025-09-02 01:00:00+00:00,109.37588235
2025-09-02 02:00:00+00:00,109.69823529
2025-09-02 03:00:00+00:00,110.31088235
2025-09-02 04:00:00+00:00,110.52735294
2025-09-02 05:00:00+00:00,110.60617647
2025-09-02 06:00:00+00:00,111.17735294
2025-09-02 07:00:00+00:00,110.57647059
2025-09-02 08:00:00+00:00,110.51558824
2025-09-02 09:00:00+00:00,110.49911765
2025-09-02 10:00:00+00:00,110.86
2025-09-02 11:00:00+00:00,110.39058824
2025-09-02 12:00:00+00:00,108.85088235
2025-09-02 13:00:00+00:00,111.61058824
2025-09-02 14:00:00+00:00,111.17647059
2025-09-02 15:00:00+00:00,109.55470588
2025-09-02 16:00:00+00:00,110.39558824
2025-09-02 17:00:00+00:00,110.36911765
2025-09-02 18:00:00+00:00,110.05617647
2025-09-02 19:00:00+00:00,109.46705882
2025-09-02 20:00:00+00:00,111.085
2025-09-02 21:00:00+00:00,112.06617647
2025-09-02 22:00:00+00:00,111.77529412
2025-09-02 23:00:00+00:00,111.75882353
2025-09-03 00:00:00+00:00,111.26088235
2025-09-03 01:00:00+00:00,111.44441176
2025-09-03 02:00:00+00:00,111.56176471
2025-09-03 03:00:00+00:00,111.44735294
2025-09-03 04:00:00+00:00,111.48
2025-09-03 05:00:00+00:00,111.37676471
2025-09-03 06:00:00+00:00,111.55088235
2025-09-03 07:00:00+00:00,111.765
2025-09-03 08:00:00+00:00,111.81441176
2025-09-03 09:00:00+00:00,112.30441176
2025-09-03 10:00:00+00:00,112.05617647
2025-09-03 11:00:00+00:00,111.91352941
2025-09-03 12:00:00+00:00,111.61294118
2025-09-03 13:00:00+00:00,112.46647059
2025-09-03 14:00:00+00:00,113.15794118
2025-09-03 15:00:00+00:00,112.86264706
2025-09-03 16:00:00+00:00,112.48058824
2025-09-03 17:00:00+00:00,112.68176471
2025-09-03 18:00:00+00:00,112.29117647
2025-09-03 19:00:00+00:00,112.76676471
2025-09-03 20:00:00+00:00,112.46117647
2025-09-03 21:00:00+00:00,112.97294118
2025-09-03 22:00:00+00:00,113.04411765
2025-09-03 23:00:00+00:00,112.97
2025-09-04 00:00:00+00:00,113.02764706
2025-09-04 01:00:00+00:00,112.92794118
2025-09-04 02:00:00+00:00,112.08794118
2025-09-04 03:00:00+00:00,111.64176471
2025-09-04 04:00:00+00:00,111.515
2025-09-04 05:00:00+00:00,111.17617647
2025-09-04 06:00:00+00:00,110.93117647
2025-09-04 07:00:00+00:00,111.37176471
2025-09-04 08:00:00+00:00,110.98941176
2025-09-04 09:00:00+00:00,111.14470588
2025-09-04 10:00:00+00:00,110.91941176
2025-09-04 11:00:00+00:00,111.03147059
2025-09-04 12:00:00+00:00,111.27176471
2025-09-04 13:00:00+00:00,110.75911765
2025-09-04 14:00:00+00:00,110.40235294
2025-09-04 15:00:00+00:00,110.05529412
2025-09-04 16:00:00+00:00,109.95117647
2025-09-04 17:00:00+00:00,110.00382353
2025-09-04 18:00:00+00:00,109.89676471
2025-09-04 19:00:00+00:00,109.85470588
2025-09-04 20:00:00+00:00,110.66735294
2025-09-04 21:00:00+00:00,111.02147059
2025-09-04 22:00:00+00:00,111.61941176
2025-09-04 23:00:00+00:00,111.04382353
2025-09-05 00:00:00+00:00,111.19117647
2025-09-05 01:00:00+00:00,112.36029412
2025-09-05 02:00:00+00:00,111.99323529
2025-09-05 03:00:00+00:00,111.30676471
2025-09-05 04:00:00+00:00,111.62088235
2025-09-05 05:00:00+00:00,111.85264706
2025-09-05 06:00:00+00:00,111.88970588
2025-09-05 07:00:00+00:00,113.18117647
2025-09-05 08:00:00+00:00,113.08794118
2025-09-05 09:00:00+00:00,113.32205882
2025-09-05 10:00:00+00:00,112.82088235
2025-09-05 11:00:00+00:00,112.87941176
2025-09-05 12:00:00+00:00,114.08764706
2025-09-05 13:00:00+00:00,114.76058824
2025-09-05 14:00:00+00:00,111.93794118
2025-09-05 15:00:00+00:00,112.33882353
2025-09-05 16:00:00+00:00,112.76147059
2025-09-05 17:00:00+00:00,112.40676471
2025-09-05 18:00:00+00:00,113.06352941
2025-09-05 19:00:00+00:00,113.22264706
2025-09-05 20:00:00+00:00,113.23911765
2025-09-05 21:00:00+00:00,112.05205882
2025-09-05 22:00:00+00:00,112.37235294
2025-09-05 23:00:00+00:00,112.03352941
2025-09-06 00:00:00+00:00,112.28294118
2025-09-06 01:00:00+00:00,112.45647059
2025-09-06 02:00:00+00:00,112.40382353
2025-09-06 03:00:00+00:00,112.19794118
2025-09-06 04:00:00+00:00,111.61882353
2025-09-06 05:00:00+00:00,111.37529412
2025-09-06 06:00:00+00:00,111.46
2025-09-06 07:00:00+00:00,111.70470588
2025-09-06 08:00:00+00:00,111.75147059
2025-09-06 09:00:00+00:00,111.52205882
2025-09-06 10:00:00+00:00,111.59558824
2025-09-06 11:00:00+00:00,111.69911765
2025-09-06 12:00:00+00:00,111.47235294
2025-09-06 13:00:00+00:00,111.49147059
2025-09-06 14:00:00+00:00,111.59147059
2025-09-06 15:00:00+00:00,111.46058824
2025-09-06 16:00:00+00:00,111.96529412
2025-09-06 17:00:00+00:00,111.98
2025-09-06 18:00:00+00:00,112.27382353
2025-09-06 19:00:00+00:00,112.29676471
2025-09-06 20:00:00+00:00,112.39441176
2025-09-06 21:00:00+00:00,111.90911765
2025-09-06 22:00:00+00:00,111.85735294
2025-09-06 23:00:00+00:00,112.11823529
2025-09-07 00:00:00+00:00,112.46911765
2025-09-07 01:00:00+00:00,112.75352941
2025-09-07 02:00:00+00:00,113.05558824
2025-09-07 03:00:00+00:00,112.83088235
2025-09-07 04:00:00+00:00,112.91382353
2025-09-07 05:00:00+00:00,113.58558824
2025-09-07 06:00:00+00:00,113.38264706
2025-09-07 07:00:00+00:00,113.76294118
2025-09-07 08:00:00+00:00,113.93764706
2025-09-07 09:00:00+00:00,114.19
2025-09-07 10:00:00+00:00,114.22617647
2025-09-07 11:00:00+00:00,114.18735294
2025-09-07 12:00:00+00:00,114.90470588
2025-09-07 13:00:00+00:00,115.26911765
2025-09-07 14:00:00+00:00,114.74176471
2025-09-07 15:00:00+00:00,114.71088235
2025-09-07 16:00:00+00:00,114.53647059
2025-09-07 17:00:00+00:00,114.27794118
2025-09-07 18:00:00+00:00,114.20588235
2025-09-07 19:00:00+00:00,114.40294118
2025-09-07 20:00:00+00:00,114.36029412
2025-09-07 21:00:00+00:00,114.04823529
2025-09-07 22:00:00+00:00,114.83970588
2025-09-07 23:00:00+00:00,114.91205882
2025-09-08 00:00:00+00:00,114.43235294
2025-09-08 01:00:00+00:00,113.95441176
2025-09-08 02:00:00+00:00,114.99
2025-09-08 03:00:00+00:00,114.70411765
2025-09-08 04:00:00+00:00,113.15794118
2025-09-08 05:00:00+00:00,113.01588235
2025-09-08 06:00:00+00:00,112.58823529
2025-09-08 07:00:00+00:00,112.86852941
2025-09-08 08:00:00+00:00,113.08617647
2025-09-08 09:00:00+00:00,113.46617647
2025-09-08 10:00:00+00:00,113.51735294
2025-09-08 11:00:00+00:00,113.34029412
2025-09-08 12:00:00+00:00,113.13205882
2025-09-08 13:00:00+00:00,112.94470588
2025-09-08 14:00:00+00:00,113.37264706
2025-09-08 15:00:00+00:00,113.45558824
2025-09-08 16:00:00+00:00,113.11441176
2025-09-08 17:00:00+00:00,112.79382353
2025-09-08 18:00:00+00:00,113.20117647
2025-09-08 19:00:00+00:00,112.39058824
2025-09-08 20:00:00+00:00,112.09088235
2025-09-08 21:00:00+00:00,112.65235294
2025-09-08 22:00:00+00:00,112.42117647
2025-09-08 23:00:00+00:00,112.75911765
2025-09-09 00:00:00+00:00,113.28411765
2025-09-09 01:00:00+00:00,112.72205882
2025-09-09 02:00:00+00:00,111.88088235
2025-09-09 03:00:00+00:00,112.33382353
2025-09-09 04:00:00+00:00,112.85794118
2025-09-09 05:00:00+00:00,113.02852941
2025-09-09 06:00:00+00:00,113.655
2025-09-09 07:00:00+00:00,114.02470588
2025-09-09 08:00:00+00:00,114.34264706
2025-09-09 09:00:00+00:00,114.12235294
2025-09-09 10:00:00+00:00,113.60205882
2025-09-09 11:00:00+00:00,113.47588235
2025-09-09 12:00:00+00:00,113.56441176
2025-09-09 13:00:00+00:00,113.78705882
2025-09-09 14:00:00+00:00,112.30529412
2025-09-09 15:00:00+00:00,111.36617647
2025-09-09 16:00:00+00:00,111.73441176
2025-09-09 17:00:00+00:00,111.64970588
2025-09-09 18:00:00+00:00,111.92294118
2025-09-09 19:00:00+00:00,111.85529412
2025-09-09 20:00:00+00:00,112.21264706
2025-09-09 21:00:00+00:00,111.53
2025-09-09 22:00:00+00:00,111.85352941
2025-09-09 23:00:00+00:00,111.93117647
2025-09-10 00:00:00+00:00,111.70852941
2025-09-10 01:00:00+00:00,112.14411765
2025-09-10 02:00:00+00:00,113.11529412
2025-09-10 03:00:00+00:00,112.91352941
2025-09-10 04:00:00+00:00,112.72411765
2025-09-10 05:00:00+00:00,112.825
2025-09-10 06:00:00+00:00,112.77235294
2025-09-10 07:00:00+00:00,113.15294118
2025-09-10 08:00:00+00:00,112.96205882
2025-09-10 09:00:00+00:00,113.06970588
2025-09-10 10:00:00+00:00,112.90117647
2025-09-10 11:00:00+00:00,112.99147059
2025-09-10 12:00:00+00:00,113.86205882
2025-09-10 13:00:00+00:00,114.84147059
2025-09-10 14:00:00+00:00,114.05411765
2025-09-10 15:00:00+00:00,114.32970588
2025-09-10 16:00:00+00:00,116.38647059
2025-09-10 17:00:00+00:00,116.45941176
2025-09-10 18:00:00+00:00,115.94029412
2025-09-10 19:00:00+00:00,115.46852941
2025-09-10 20:00:00+00:00,115.28941176
2025-09-10 21:00:00+00:00,115.85970588
2025-09-10 22:00:00+00:00,116.20264706
2025-09-10 23:00:00+00:00,117.63764706
2025-09-11 00:00:00+00:00,116.74382353
2025-09-11 01:00:00+00:00,116.76205882
2025-09-11 02:00:00+00:00,116.05911765
2025-09-11 03:00:00+00:00,116.61147059
2025-09-11 04:00:00+00:00,116.51029412
2025-09-11 05:00:00+00:00,116.28205882
2025-09-11 06:00:00+00:00,116.80411765
2025-09-11 07:00:00+00:00,117.21941176
2025-09-11 08:00:00+00:00,116.92794118
2025-09-11 09:00:00+00:00,116.76705882
2025-09-11 10:00:00+00:00,117.38235294
2025-09-11 11:00:00+00:00,116.92176471
2025-09-11 12:00:00+00:00,116.39647059
2025-09-11 13:00:00+00:00,116.23529412
2025-09-11 14:00:00+00:00,113.91235294
2025-09-11 15:00:00+00:00,113.91941176
2025-09-11 16:00:00+00:00,114.25617647
2025-09-11 17:00:00+00:00,114.80176471
2025-09-11 18:00:00+00:00,114.81970588
2025-09-11 19:00:00+00:00,114.99794118
2025-09-11 20:00:00+00:00,115.20676471
2025-09-11 21:00:00+00:00,115.29705882
2025-09-11 22:00:00+00:00,115.95382353
2025-09-11 23:00:00+00:00,115.82705882
2025-09-12 00:00:00+00:00,116.31029412
2025-09-12 01:00:00+00:00,114.95705882
2025-09-12 02:00:00+00:00,115.88382353
2025-09-12 03:00:00+00:00,115.55352941
2025-09-12 04:00:00+00:00,115.55352941
2025-09-12 05:00:00+00:00,116.27176471
2025-09-12 06:00:00+00:00,116.01676471
2025-09-12 07:00:00+00:00,115.70941176
2025-09-12 08:00:00+00:00,115.735
2025-09-12 09:00:00+00:00,115.71794118
2025-09-12 10:00:00+00:00,115.52705882
2025-09-12 11:00:00+00:00,115.42852941
2025-09-12 12:00:00+00:00,115.54352941
2025-09-12 13:00:00+00:00,115.94235294
2025-09-12 14:00:00+00:00,116.7
2025-09-12 15:00:00+00:00,116.53588235
2025-09-12 16:00:00+00:00,117.18117647
2025-09-12 17:00:00+00:00,117.43617647
2025-09-12 18:00:00+00:00,117.19823529
2025-09-12 19:00:00+00:00,117.26205882
2025-09-12 20:00:00+00:00,117.71588235
2025-09-12 21:00:00+00:00,117.32470588
2025-09-12 22:00:00+00:00,117.79323529
2025-09-12 23:00:00+00:00,118.02852941
2025-09-13 00:00:00+00:00,118.31441176
2025-09-13 01:00:00+00:00,117.75588235
2025-09-13 02:00:00+00:00,117.85029412
2025-09-13 03:00:00+00:00,118.04941176
2025-09-13 04:00:00+00:00,117.84411765
2025-09-13 05:00:00+00:00,118.37676471
2025-09-13 06:00:00+00:00,119.01705882
2025-09-13 07:00:00+00:00,118.77970588
2025-09-13 08:00:00+00:00,119.61794118
2025-09-13 09:00:00+00:00,120.10264706
2025-09-13 10:00:00+00:00,119.92117647
2025-09-13 11:00:00+00:00,120.62911765
2025-09-13 12:00:00+00:00,120.08529412
2025-09-13 13:00:00+00:00,119.42911765
2025-09-13 14:00:00+00:00,119.85411765
2025-09-13 15:00:00+00:00,119.11764706
2025-09-13 16:00:00+00:00,118.64970588
2025-09-13 17:00:00+00:00,119.99588235
2025-09-13 18:00:00+00:00,119.65117647
2025-09-13 19:00:00+00:00,119.3
2025-09-13 20:00:00+00:00,119.68558824
2025-09-13 21:00:00+00:00,119.94676471
2025-09-13 22:00:00+00:00,119.30588235
2025-09-13 23:00:00+00:00,119.23176471
2025-09-14 00:00:00+00:00,118.78588235
2025-09-14 01:00:00+00:00,118.34823529
2025-09-14 02:00:00+00:00,117.72029412
2025-09-14 03:00:00+00:00,116.35676471
2025-09-14 04:00:00+00:00,116.85323529
2025-09-14 05:00:00+00:00,117.44235294
2025-09-14 06:00:00+00:00,117.18882353
2025-09-14 07:00:00+00:00,116.78852941
2025-09-14 08:00:00+00:00,116.77823529
2025-09-14 09:00:00+00:00,116.98147059
2025-09-14 10:00:00+00:00,116.57205882
2025-09-14 11:00:00+00:00,115.525
2025-09-14 12:00:00+00:00,115.34205882
2025-09-14 13:00:00+00:00,114.92
2025-09-14 14:00:00+00:00,114.65911765
2025-09-14 15:00:00+00:00,114.74470588
2025-09-14 16:00:00+00:00,114.92088235
2025-09-14 17:00:00+00:00,115.39705882
2025-09-14 18:00:00+00:00,115.03882353
2025-09-14 19:00:00+00:00,115.14911765
2025-09-14 20:00:00+00:00,115.30941176
2025-09-14 21:00:00+00:00,115.57529412
2025-09-14 22:00:00+00:00,115.86676471
2025-09-14 23:00:00+00:00,115.10588235
2025-09-15 00:00:00+00:00,115.39617647
2025-09-15 01:00:00+00:00,115.55882353
2025-09-15 02:00:00+00:00,115.73617647
2025-09-15 03:00:00+00:00,115.68029412
2025-09-15 04:00:00+00:00,115.90382353
2025-09-15 05:00:00+00:00,116.65
2025-09-15 06:00:00+00:00,115.715
2025-09-15 07:00:00+00:00,114.90588235
2025-09-15 08:00:00+00:00,112.82911765
2025-09-15 09:00:00+00:00,113.71117647
2025-09-15 10:00:00+00:00,113.48176471
2025-09-15 11:00:00+00:00,113.90647059
2025-09-15 12:00:00+00:00,113.24529412
2025-09-15 13:00:00+00:00,113.85235294
2025-09-15 14:00:00+00:00,112.81911765
2025-09-15 15:00:00+00:00,113.12735294
2025-09-15 16:00:00+00:00,112.20411765
2025-09-15 17:00:00+00:00,113.10823529
2025-09-15 18:00:00+00:00,113.41176471
2025-09-15 19:00:00+00:00,113.26470588
2025-09-15 20:00:00+00:00,113.43941176
2025-09-15 21:00:00+00:00,113.65382353
2025-09-15 22:00:00+00:00,113.58029412
2025-09-15 23:00:00+00:00,113.72441176
2025-09-16 00:00:00+00:00,113.42029412
2025-09-16 01:00:00+00:00,113.14558824
2025-09-16 02:00:00+00:00,112.92705882
2025-09-16 03:00:00+00:00,112.55852941
2025-09-16 04:00:00+00:00,113.11617647
2025-09-16 05:00:00+00:00,114.23852941
2025-09-16 06:00:00+00:00,113.85647059
2025-09-16 07:00:00+00:00,114.785
2025-09-16 08:00:00+00:00,114.59676471
2025-09-16 09:00:00+00:00,114.98941176
2025-09-16 10:00:00+00:00,114.25852941
2025-09-16 11:00:00+00:00,114.33264706
2025-09-16 12:00:00+00:00,114.28352941
2025-09-16 13:00:00+00:00,114.50588235
2025-09-16 14:00:00+00:00,114.54794118
2025-09-16 15:00:00+00:00,115.04970588
2025-09-16 16:00:00+00:00,115.125
2025-09-16 17:00:00+00:00,115.17617647
2025-09-16 18:00:00+00:00,114.92764706
2025-09-16 19:00:00+00:00,115.18705882
2025-09-16 20:00:00+00:00,114.87029412
2025-09-16 21:00:00+00:00,115.44205882
2025-09-16 22:00:00+00:00,115.26558824
2025-09-16 23:00:00+00:00,115.02588235
2025-09-17 00:00:00+00:00,115.03235294
2025-09-17 01:00:00+00:00,115.21
2025-09-17 02:00:00+00:00,115.605
2025-09-17 03:00:00+00:00,114.67735294
2025-09-17 04:00:00+00:00,114.03852941
2025-09-17 05:00:00+00:00,114.75558824
2025-09-17 06:00:00+00:00,115.31794118
2025-09-17 07:00:00+00:00,115.25294118
2025-09-17 08:00:00+00:00,115.135
2025-09-17 09:00:00+00:00,114.54441176
2025-09-17 10:00:00+00:00,114.115
2025-09-17 11:00:00+00:00,114.17235294
2025-09-17 12:00:00+00:00,114.30117647
2025-09-17 13:00:00+00:00,114.29147059
2025-09-17 14:00:00+00:00,113.91411765
2025-09-17 15:00:00+00:00,113.86794118
2025-09-17 16:00:00+00:00,114.27058824
2025-09-17 17:00:00+00:00,114.04529412
2025-09-17 18:00:00+00:00,113.71852941
2025-09-17 19:00:00+00:00,114.95558824
2025-09-17 20:00:00+00:00,114.46647059
2025-09-17 21:00:00+00:00,115.55617647
2025-09-17 22:00:00+00:00,117.13382353
2025-09-17 23:00:00+00:00,116.99941176
2025-09-18 00:00:00+00:00,116.94411765
2025-09-18 01:00:00+00:00,117.36558824
2025-09-18 02:00:00+00:00,117.55882353
2025-09-18 03:00:00+00:00,117.79735294
2025-09-18 04:00:00+00:00,117.46676471
2025-09-18 05:00:00+00:00,116.87764706
2025-09-18 06:00:00+00:00,115.04411765
2025-09-18 07:00:00+00:00,115.50911765
2025-09-18 08:00:00+00:00,116.13382353
2025-09-18 09:00:00+00:00,115.90264706
2025-09-18 10:00:00+00:00,115.33029412
2025-09-18 11:00:00+00:00,115.73794118
2025-09-18 12:00:00+00:00,115.73735294
2025-09-18 13:00:00+00:00,116.02205882
2025-09-18 14:00:00+00:00,116.28294118
2025-09-18 15:00:00+00:00,117.05323529
2025-09-18 16:00:00+00:00,117.21117647
2025-09-18 17:00:00+00:00,118.18264706
2025-09-18 18:00:00+00:00,118.74794118
2025-09-18 19:00:00+00:00,118.48441176
2025-09-18 20:00:00+00:00,118.77735294
2025-09-18 21:00:00+00:00,118.16382353
2025-09-18 22:00:00+00:00,118.06941176
2025-09-18 23:00:00+00:00,118.20088235
2025-09-19 00:00:00+00:00,119.15352941
2025-09-19 01:00:00+00:00,118.66058824
2025-09-19 02:00:00+00:00,117.86941176
2025-09-19 03:00:00+00:00,117.17176471
2025-09-19 04:00:00+00:00,117.37382353
2025-09-19 05:00:00+00:00,117.34823529
2025-09-19 06:00:00+00:00,116.69529412
2025-09-19 07:00:00+00:00,117.55235294
2025-09-19 08:00:00+00:00,117.07029412
2025-09-19 09:00:00+00:00,116.43735294
2025-09-19 10:00:00+00:00,116.58411765
2025-09-19 11:00:00+00:00,115.76735294
2025-09-19 12:00:00+00:00,115.85411765
2025-09-19 13:00:00+00:00,116.21735294
2025-09-19 14:00:00+00:00,115.57794118
2025-09-19 15:00:00+00:00,115.47764706
2025-09-19 16:00:00+00:00,115.46058824
2025-09-19 17:00:00+00:00,114.51676471
2025-09-19 18:00:00+00:00,113.98647059
2025-09-19 19:00:00+00:00,113.83970588
2025-09-19 20:00:00+00:00,113.84088235
2025-09-19 21:00:00+00:00,114.26735294
2025-09-19 22:00:00+00:00,114.29117647
2025-09-19 23:00:00+00:00,114.04117647
2025-09-20 00:00:00+00:00,114.54235294
2025-09-20 01:00:00+00:00,114.10823529
2025-09-20 02:00:00+00:00,114.25411765
2025-09-20 03:00:00+00:00,114.29617647
2025-09-20 04:00:00+00:00,114.32676471
2025-09-20 05:00:00+00:00,114.65
2025-09-20 06:00:00+00:00,114.56676471
2025-09-20 07:00:00+00:00,115.17205882
2025-09-20 08:00:00+00:00,114.31882353
2025-09-20 09:00:00+00:00,113.92176471
2025-09-20 10:00:00+00:00,113.61470588
2025-09-20 11:00:00+00:00,113.97823529
2025-09-20 12:00:00+00:00,113.94941176
2025-09-20 13:00:00+00:00,113.76911765
2025-09-20 14:00:00+00:00,114.32794118
2025-09-20 15:00:00+00:00,114.69294118
2025-09-20 16:00:00+00:00,114.57588235
2025-09-20 17:00:00+00:00,114.17382353
2025-09-20 18:00:00+00:00,113.75941176
2025-09-20 19:00:00+00:00,113.81147059
2025-09-20 20:00:00+00:00,114.065
2025-09-20 21:00:00+00:00,114.10352941
2025-09-20 22:00:00+00:00,114.16705882
2025-09-20 23:00:00+00:00,113.92235294
2025-09-21 00:00:00+00:00,114.30323529
2025-09-21 01:00:00+00:00,113.95941176
2025-09-21 02:00:00+00:00,114.34235294
2025-09-21 03:00:00+00:00,114.43882353
2025-09-21 04:00:00+00:00,114.30147059
2025-09-21 05:00:00+00:00,114.79882353
2025-09-21 06:00:00+00:00,114.87617647
2025-09-21 07:00:00+00:00,115.39705882
2025-09-21 08:00:00+00:00,115.19588235
2025-09-21 09:00:00+00:00,115.33441176
2025-09-21 10:00:00+00:00,114.94852941
2025-09-21 11:00:00+00:00,114.74529412
2025-09-21 12:00:00+00:00,114.69235294
2025-09-21 13:00:00+00:00,115.10705882
2025-09-21 14:00:00+00:00,114.77323529
2025-09-21 15:00:00+00:00,115.45058824
2025-09-21 16:00:00+00:00,115.09764706
2025-09-21 17:00:00+00:00,115.84911765
2025-09-21 18:00:00+00:00,115.35529412
2025-09-21 19:00:00+00:00,115.25441176
2025-09-21 20:00:00+00:00,115.06411765
2025-09-21 21:00:00+00:00,114.93470588
2025-09-21 22:00:00+00:00,114.91294118
2025-09-21 23:00:00+00:00,113.99911765
2025-09-22 00:00:00+00:00,111.64205882
2025-09-22 01:00:00+00:00,111.92411765
2025-09-22 02:00:00+00:00,110.71058824
2025-09-22 03:00:00+00:00,111.37794118
2025-09-22 04:00:00+00:00,111.17941176
2025-09-22 05:00:00+00:00,109.61352941
2025-09-22 06:00:00+00:00,106.91911765
2025-09-22 07:00:00+00:00,105.48352941
2025-09-22 08:00:00+00:00,105.63294118
2025-09-22 09:00:00+00:00,105.03676471
2025-09-22 10:00:00+00:00,105.75676471
2025-09-22 11:00:00+00:00,105.63294118
2025-09-22 12:00:00+00:00,106.08764706
2025-09-22 13:00:00+00:00,106.43411765
2025-09-22 14:00:00+00:00,105.87352941
2025-09-22 15:00:00+00:00,105.26558824
2025-09-22 16:00:00+00:00,105.09647059
2025-09-22 17:00:00+00:00,105.4
2025-09-22 18:00:00+00:00,104.91882353
2025-09-22 19:00:00+00:00,104.76764706
2025-09-22 20:00:00+00:00,105.87911765
2025-09-22 21:00:00+00:00,106.13735294
2025-09-22 22:00:00+00:00,105.73088235
2025-09-22 23:00:00+00:00,105.66294118
2025-09-23 00:00:00+00:00,105.46323529
2025-09-23 01:00:00+00:00,105.38647059
2025-09-23 02:00:00+00:00,104.82264706
2025-09-23 03:00:00+00:00,106.16970588
2025-09-23 04:00:00+00:00,105.96176471
2025-09-23 05:00:00+00:00,105.695
2025-09-23 06:00:00+00:00,106.42470588
2025-09-23 07:00:00+00:00,106.22264706
2025-09-23 08:00:00+00:00,106.42705882
2025-09-23 09:00:00+00:00,105.95470588
2025-09-23 10:00:00+00:00,106.365
2025-09-23 11:00:00+00:00,106.50441176
2025-09-23 12:00:00+00:00,106.99941176
2025-09-23 13:00:00+00:00,106.41294118
2025-09-23 14:00:00+00:00,106.39558824
2025-09-23 15:00:00+00:00,106.76176471
2025-09-23 16:00:00+00:00,106.61264706
2025-09-23 17:00:00+00:00,105.55617647
2025-09-23 18:00:00+00:00,106.03411765
2025-09-23 19:00:00+00:00,105.99676471
2025-09-23 20:00:00+00:00,106.53088235
2025-09-23 21:00:00+00:00,106.40764706
2025-09-23 22:00:00+00:00,106.30911765
2025-09-23 23:00:00+00:00,106.06794118
2025-09-24 00:00:00+00:00,106.62794118
2025-09-24 01:00:00+00:00,107.52676471
2025-09-24 02:00:00+00:00,107.1
2025-09-24 03:00:00+00:00,105.79058824
2025-09-24 04:00:00+00:00,106.56147059
2025-09-24 05:00:00+00:00,107.25882353
2025-09-24 06:00:00+00:00,106.91705882
2025-09-24 07:00:00+00:00,106.84882353
2025-09-24 08:00:00+00:00,106.75441176
2025-09-24 09:00:00+00:00,106.90911765
2025-09-24 10:00:00+00:00,107.10764706
2025-09-24 11:00:00+00:00,107.19588235
2025-09-24 12:00:00+00:00,106.42911765
2025-09-24 13:00:00+00:00,106.29852941
2025-09-24 14:00:00+00:00,107.33852941
2025-09-24 15:00:00+00:00,106.83058824
2025-09-24 16:00:00+00:00,106.59705882
2025-09-24 17:00:00+00:00,106.70235294
2025-09-24 18:00:00+00:00,106.29294118
2025-09-24 19:00:00+00:00,106.10676471
2025-09-24 20:00:00+00:00,106.30088235
2025-09-24 21:00:00+00:00,105.90088235
2025-09-24 22:00:00+00:00,105.90852941
2025-09-24 23:00:00+00:00,105.53205882
2025-09-25 00:00:00+00:00,105.25176471
2025-09-25 01:00:00+00:00,104.98764706
2025-09-25 02:00:00+00:00,105.46558824
2025-09-25 03:00:00+00:00,104.85735294
2025-09-25 04:00:00+00:00,103.83205882
2025-09-25 05:00:00+00:00,104.62823529
2025-09-25 06:00:00+00:00,103.84794118
2025-09-25 07:00:00+00:00,103.96617647
2025-09-25 08:00:00+00:00,104.00558824
2025-09-25 09:00:00+00:00,103.82705882
2025-09-25 10:00:00+00:00,103.38382353
2025-09-25 11:00:00+00:00,103.45
2025-09-25 12:00:00+00:00,103.89411765
2025-09-25 13:00:00+00:00,103.87764706
2025-09-25 14:00:00+00:00,104.79529412
2025-09-25 15:00:00+00:00,104.51382353
2025-09-25 16:00:00+00:00,103.18088235
2025-09-25 17:00:00+00:00,100.87647059
2025-09-25 18:00:00+00:00,103.19882353
2025-09-25 19:00:00+00:00,102.75264706
2025-09-25 20:00:00+00:00,102.30794118
2025-09-25 21:00:00+00:00,102.895
2025-09-25 22:00:00+00:00,102.41882353
2025-09-25 23:00:00+00:00,102.26764706
2025-09-26 00:00:00+00:00,103.56294118
2025-09-26 01:00:00+00:00,103.52735294
2025-09-26 02:00:00+00:00,103.32529412
2025-09-26 03:00:00+00:00,103.19852941
2025-09-26 04:00:00+00:00,103.11352941
2025-09-26 05:00:00+00:00,102.95058824
2025-09-26 06:00:00+00:00,102.98764706
2025-09-26 07:00:00+00:00,103.09029412
2025-09-26 08:00:00+00:00,102.79911765
2025-09-26 09:00:00+00:00,102.01794118
2025-09-26 10:00:00+00:00,101.52264706
2025-09-26 11:00:00+00:00,101.93176471
2025-09-26 12:00:00+00:00,102.80058824
2025-09-26 13:00:00+00:00,103.32029412
2025-09-26 14:00:00+00:00,102.84470588
2025-09-26 15:00:00+00:00,103.39117647
2025-09-26 16:00:00+00:00,103.98823529
2025-09-26 17:00:00+00:00,104.71470588
2025-09-26 18:00:00+00:00,104.54088235
2025-09-26 19:00:00+00:00,104.13294118
2025-09-26 20:00:00+00:00,103.94058824
2025-09-26 21:00:00+00:00,104.35294118
2025-09-26 22:00:00+00:00,104.44205882
2025-09-26 23:00:00+00:00,104.55058824
2025-09-27 00:00:00+00:00,104.28941176
2025-09-27 01:00:00+00:00,103.88176471
2025-09-27 02:00:00+00:00,103.59617647
2025-09-27 03:00:00+00:00,103.85147059
2025-09-27 04:00:00+00:00,103.87088235
2025-09-27 05:00:00+00:00,103.82294118
2025-09-27 06:00:00+00:00,103.87794118
2025-09-27 07:00:00+00:00,103.74647059
2025-09-27 08:00:00+00:00,103.61205882
2025-09-27 09:00:00+00:00,104.06735294
2025-09-27 10:00:00+00:00,104.26794118
2025-09-27 11:00:00+00:00,103.95117647
2025-09-27 12:00:00+00:00,104.40117647
2025-09-27 13:00:00+00:00,104.30147059
2025-09-27 14:00:00+00:00,104.60323529
2025-09-27 15:00:00+00:00,104.91176471
2025-09-27 16:00:00+00:00,104.74794118
2025-09-27 17:00:00+00:00,104.585
2025-09-27 18:00:00+00:00,104.45647059
2025-09-27 19:00:00+00:00,104.57323529
2025-09-27 20:00:00+00:00,104.58529412
2025-09-27 21:00:00+00:00,104.66352941
2025-09-27 22:00:00+00:00,104.68058824
2025-09-27 23:00:00+00:00,104.45529412
2025-09-28 00:00:00+00:00,104.18941176
2025-09-28 01:00:00+00:00,103.865
2025-09-28 02:00:00+00:00,103.79470588
2025-09-28 03:00:00+00:00,103.88088235
2025-09-28 04:00:00+00:00,104.00235294
2025-09-28 05:00:00+00:00,104.00970588
2025-09-28 06:00:00+00:00,103.89705882
2025-09-28 07:00:00+00:00,104.10852941
2025-09-28 08:00:00+00:00,103.66441176
2025-09-28 09:00:00+00:00,103.515
2025-09-28 10:00:00+00:00,103.60411765
2025-09-28 11:00:00+00:00,103.33147059
2025-09-28 12:00:00+00:00,103.18264706
2025-09-28 13:00:00+00:00,104.03558824
2025-09-28 14:00:00+00:00,104.21529412
2025-09-28 15:00:00+00:00,104.57529412
2025-09-28 16:00:00+00:00,104.845
2025-09-28 17:00:00+00:00,105.11382353
2025-09-28 18:00:00+00:00,105.38294118
2025-09-28 19:00:00+00:00,105.60911765
2025-09-28 20:00:00+00:00,105.84588235
2025-09-28 21:00:00+00:00,106.07617647
2025-09-28 22:00:00+00:00,106.92705882
2025-09-28 23:00:00+00:00,106.86176471
2025-09-29 00:00:00+00:00,106.88705882
2025-09-29 01:00:00+00:00,106.63705882
2025-09-29 02:00:00+00:00,106.77558824
2025-09-29 03:00:00+00:00,106.55352941
2025-09-29 04:00:00+00:00,106.25235294
2025-09-29 05:00:00+00:00,106.16441176
2025-09-29 06:00:00+00:00,105.70911765
2025-09-29 07:00:00+00:00,106.03029412
2025-09-29 08:00:00+00:00,106.29117647
2025-09-29 09:00:00+00:00,105.96235294
2025-09-29 10:00:00+00:00,105.74705882
2025-09-29 11:00:00+00:00,105.73617647
2025-09-29 12:00:00+00:00,105.55058824
2025-09-29 13:00:00+00:00,106.53117647
2025-09-29 14:00:00+00:00,106.67617647
2025-09-29 15:00:00+00:00,106.35382353
2025-09-29 16:00:00+00:00,105.85735294
2025-09-29 17:00:00+00:00,106.12970588
2025-09-29 18:00:00+00:00,105.83
2025-09-29 19:00:00+00:00,106.35588235
2025-09-29 20:00:00+00:00,107.14088235
2025-09-29 21:00:00+00:00,106.94970588
2025-09-29 22:00:00+00:00,106.98647059
2025-09-29 23:00:00+00:00,106.76117647
2025-09-30 00:00:00+00:00,106.61352941
2025-09-30 01:00:00+00:00,106.94470588
2025-09-30 02:00:00+00:00,106.34
2025-09-30 03:00:00+00:00,106.39117647
2025-09-30 04:00:00+00:00,106.36382353
2025-09-30 05:00:00+00:00,106.36941176
2025-09-30 06:00:00+00:00,106.19
2025-09-30 07:00:00+00:00,105.84617647
2025-09-30 08:00:00+00:00,105.56764706
2025-09-30 09:00:00+00:00,105.45088235
2025-09-30 10:00:00+00:00,105.395
2025-09-30 11:00:00+00:00,105.42882353
2025-09-30 12:00:00+00:00,105.16941176
2025-09-30 13:00:00+00:00,105.14882353
2025-09-30 14:00:00+00:00,105.16235294
2025-09-30 15:00:00+00:00,104.50764706
2025-09-30 16:00:00+00:00,104.50058824
2025-09-30 17:00:00+00:00,104.47352941
2025-09-30 18:00:00+00:00,105.25794118
2025-09-30 19:00:00+00:00,106.81235294
2025-09-30 20:00:00+00:00,107.44588235
2025-09-30 21:00:00+00:00,106.63911765
2025-09-30 22:00:00+00:00,106.40411765
2025-09-30 23:00:00+00:00,106.87147059
2025-10-01 00:00:00+00:00,106.48558824
2025-10-01 01:00:00+00:00,107.06176471
2025-10-01 02:00:00+00:00,106.15852941
2025-10-01 03:00:00+00:00,105.80441176
2025-10-01 04:00:00+00:00,106.17470588
2025-10-01 05:00:00+00:00,106.44852941
2025-10-01 06:00:00+00:00,105.52882353
2025-10-01 07:00:00+00:00,105.97882353
2025-10-01 08:00:00+00:00,109.08176471
2025-10-01 09:00:00+00:00,110.49205882
2025-10-01 10:00:00+00:00,109.41911765
2025-10-01 11:00:00+00:00,110.37294118
2025-10-01 12:00:00+00:00,110.79970588
2025-10-01 13:00:00+00:00,110.86058824
2025-10-01 14:00:00+00:00,111.12647059
2025-10-01 15:00:00+00:00,111.32794118
2025-10-01 16:00:00+00:00,111.66676471
2025-10-01 17:00:00+00:00,110.63382353
2025-10-01 18:00:00+00:00,111.30764706
2025-10-01 19:00:00+00:00,112.15735294
2025-10-01 20:00:00+00:00,112.01823529
2025-10-01 21:00:00+00:00,112.36764706
2025-10-01 22:00:00+00:00,114.79764706
2025-10-01 23:00:00+00:00,115.10117647
2025-10-02 00:00:00+00:00,117.99705882
2025-10-02 01:00:00+00:00,121.32941176
2025-10-02 02:00:00+00:00,118.335
2025-10-02 03:00:00+00:00,118.44911765
2025-10-02 04:00:00+00:00,117.87382353
2025-10-02 05:00:00+00:00,117.86352941
2025-10-02 06:00:00+00:00,117.95970588
2025-10-02 07:00:00+00:00,119.37647059
2025-10-02 08:00:00+00:00,119.12911765
2025-10-02 09:00:00+00:00,120.12558824
2025-10-02 10:00:00+00:00,122.11294118
2025-10-02 11:00:00+00:00,119.83176471
2025-10-02 12:00:00+00:00,119.82647059
2025-10-02 13:00:00+00:00,118.64794118
2025-10-02 14:00:00+00:00,117.69264706
2025-10-02 15:00:00+00:00,118.80558824
2025-10-02 16:00:00+00:00,119.18588235
2025-10-02 17:00:00+00:00,119.17470588
2025-10-02 18:00:00+00:00,119.21823529
2025-10-02 19:00:00+00:00,119.45294118
2025-10-02 20:00:00+00:00,119.85264706
2025-10-02 21:00:00+00:00,119.88411765
2025-10-02 22:00:00+00:00,119.02794118
2025-10-02 23:00:00+00:00,119.53147059
2025-10-03 00:00:00+00:00,118.20235294
2025-10-03 01:00:00+00:00,117.80323529
2025-10-03 02:00:00+00:00,117.54441176
2025-10-03 03:00:00+00:00,117.375
2025-10-03 04:00:00+00:00,117.75970588
2025-10-03 05:00:00+00:00,117.24911765
2025-10-03 06:00:00+00:00,116.80088235
2025-10-03 07:00:00+00:00,116.43558824
2025-10-03 08:00:00+00:00,116.83970588
2025-10-03 09:00:00+00:00,117.17352941
2025-10-03 10:00:00+00:00,117.39735294
2025-10-03 11:00:00+00:00,117.40852941
2025-10-03 12:00:00+00:00,118.05029412
2025-10-03 13:00:00+00:00,118.05264706
2025-10-03 14:00:00+00:00,119.015
2025-10-03 15:00:00+00:00,120.04323529
2025-10-03 16:00:00+00:00,120.39911765
2025-10-03 17:00:00+00:00,121.44764706
2025-10-03 18:00:00+00:00,123.33529412
2025-10-03 19:00:00+00:00,122.39970588
2025-10-03 20:00:00+00:00,122.46205882
2025-10-03 21:00:00+00:00,121.50117647
2025-10-03 22:00:00+00:00,120.89794118
2025-10-03 23:00:00+00:00,120.54411765
2025-10-04 00:00:00+00:00,120.42205882
2025-10-04 01:00:00+00:00,119.68264706
2025-10-04 02:00:00+00:00,119.80176471
2025-10-04 03:00:00+00:00,119.49176471
2025-10-04 04:00:00+00:00,119.105
2025-10-04 05:00:00+00:00,118.93117647
2025-10-04 06:00:00+00:00,119.10882353
2025-10-04 07:00:00+00:00,118.51882353
2025-10-04 08:00:00+00:00,118.38441176
2025-10-04 09:00:00+00:00,118.31735294
2025-10-04 10:00:00+00:00,118.26588235
2025-10-04 11:00:00+00:00,117.815
2025-10-04 12:00:00+00:00,118.02823529
2025-10-04 13:00:00+00:00,118.38882353
2025-10-04 14:00:00+00:00,117.89852941
2025-10-04 15:00:00+00:00,117.76264706
2025-10-04 16:00:00+00:00,118.69382353
2025-10-04 17:00:00+00:00,118.34323529
2025-10-04 18:00:00+00:00,118.53176471
2025-10-04 19:00:00+00:00,118.78941176
2025-10-04 20:00:00+00:00,119.05058824
2025-10-04 21:00:00+00:00,119.44764706
2025-10-04 22:00:00+00:00,120.00823529
2025-10-04 23:00:00+00:00,120.495
2025-10-05 00:00:00+00:00,120.75029412
2025-10-05 01:00:00+00:00,122.00676471
2025-10-05 02:00:00+00:00,123.89941176
2025-10-05 03:00:00+00:00,122.68970588
2025-10-05 04:00:00+00:00,121.21382353
2025-10-05 05:00:00+00:00,121.60176471
2025-10-05 06:00:00+00:00,120.99970588
2025-10-05 07:00:00+00:00,122.11088235
2025-10-05 08:00:00+00:00,122.04558824
2025-10-05 09:00:00+00:00,120.77411765
2025-10-05 10:00:00+00:00,120.04941176
2025-10-05 11:00:00+00:00,120.08352941
2025-10-05 12:00:00+00:00,119.73382353
2025-10-05 13:00:00+00:00,120.34911765
2025-10-05 14:00:00+00:00,120.00147059
2025-10-05 15:00:00+00:00,119.82088235
2025-10-05 16:00:00+00:00,119.95676471
2025-10-05 17:00:00+00:00,119.28205882
2025-10-05 18:00:00+00:00,119.44235294
2025-10-05 19:00:00+00:00,118.55558824
2025-10-05 20:00:00+00:00,118.90117647
2025-10-05 21:00:00+00:00,118.61705882
2025-10-05 22:00:00+00:00,118.61147059
2025-10-05 23:00:00+00:00,118.83735294
2025-10-06 00:00:00+00:00,118.39088235
2025-10-06 01:00:00+00:00,119.24205882
2025-10-06 02:00:00+00:00,120.24294118
2025-10-06 03:00:00+00:00,120.69441176
2025-10-06 04:00:00+00:00,119.74617647
2025-10-06 05:00:00+00:00,120.90411765
2025-10-06 06:00:00+00:00,120.54147059
2025-10-06 07:00:00+00:00,119.91441176
2025-10-06 08:00:00+00:00,120.21147059
2025-10-06 09:00:00+00:00,120.69823529
2025-10-06 10:00:00+00:00,120.13823529
2025-10-06 11:00:00+00:00,119.95235294
2025-10-06 12:00:00+00:00,119.81352941
2025-10-06 13:00:00+00:00,120.46794118
2025-10-06 14:00:00+00:00,120.06205882
2025-10-06 15:00:00+00:00,120.55470588
2025-10-06 16:00:00+00:00,119.62147059
2025-10-06 17:00:00+00:00,119.73235294
2025-10-06 18:00:00+00:00,120.23264706
2025-10-06 19:00:00+00:00,119.89
2025-10-06 20:00:00+00:00,119.66088235
2025-10-06 21:00:00+00:00,119.03176471
2025-10-06 22:00:00+00:00,118.47411765
2025-10-06 23:00:00+00:00,118.31852941
2025-10-07 00:00:00+00:00,118.65235294
2025-10-07 01:00:00+00:00,118.11911765
2025-10-07 02:00:00+00:00,117.96205882
2025-10-07 03:00:00+00:00,118.21176471
2025-10-07 04:00:00+00:00,118.51911765
2025-10-07 05:00:00+00:00,118.70176471
2025-10-07 06:00:00+00:00,117.97205882
2025-10-07 07:00:00+00:00,117.78058824
2025-10-07 08:00:00+00:00,118.095
2025-10-07 09:00:00+00:00,118.13735294
2025-10-07 10:00:00+00:00,117.995
2025-10-07 11:00:00+00:00,118.22735294
2025-10-07 12:00:00+00:00,118.95588235
2025-10-07 13:00:00+00:00,118.275
2025-10-07 14:00:00+00:00,116.61852941
2025-10-07 15:00:00+00:00,116.14617647
2025-10-07 16:00:00+00:00,116.32176471
2025-10-07 17:00:00+00:00,115.80764706
2025-10-07 18:00:00+00:00,115.46117647
2025-10-07 19:00:00+00:00,115.96352941
2025-10-07 20:00:00+00:00,116.86676471
2025-10-07 21:00:00+00:00,117.19176471
2025-10-07 22:00:00+00:00,117.39294118
2025-10-07 23:00:00+00:00,116.89882353
2025-10-08 00:00:00+00:00,117.76617647
2025-10-08 01:00:00+00:00,117.785
2025-10-08 02:00:00+00:00,117.72617647
2025-10-08 03:00:00+00:00,116.97117647
2025-10-08 04:00:00+00:00,116.84617647
2025-10-08 05:00:00+00:00,115.77794118
2025-10-08 06:00:00+00:00,115.845
2025-10-08 07:00:00+00:00,116.31941176
2025-10-08 08:00:00+00:00,116.52264706
2025-10-08 09:00:00+00:00,116.92705882
2025-10-08 10:00:00+00:00,116.70911765
2025-10-08 11:00:00+00:00,116.21323529
2025-10-08 12:00:00+00:00,116.66294118
2025-10-08 13:00:00+00:00,116.97941176
2025-10-08 14:00:00+00:00,116.47294118
2025-10-08 15:00:00+00:00,116.37117647
2025-10-08 16:00:00+00:00,117.665
2025-10-08 17:00:00+00:00,119.23382353
2025-10-08 18:00:00+00:00,118.665
2025-10-08 19:00:00+00:00,118.65558824
2025-10-08 20:00:00+00:00,118.05117647
2025-10-08 21:00:00+00:00,118.33852941
2025-10-08 22:00:00+00:00,118.39941176
2025-10-08 23:00:00+00:00,118.60588235
2025-10-09 00:00:00+00:00,118.98147059
2025-10-09 01:00:00+00:00,118.81294118
2025-10-09 02:00:00+00:00,117.11205882
2025-10-09 03:00:00+00:00,118.43323529
2025-10-09 04:00:00+00:00,119.30029412
2025-10-09 05:00:00+00:00,118.76205882
2025-10-09 06:00:00+00:00,117.74970588
2025-10-09 07:00:00+00:00,117.33647059
2025-10-09 08:00:00+00:00,115.70058824
2025-10-09 09:00:00+00:00,116.26176471
2025-10-09 10:00:00+00:00,116.62823529
2025-10-09 11:00:00+00:00,116.68588235
2025-10-09 12:00:00+00:00,118.24147059
2025-10-09 13:00:00+00:00,117.83088235
2025-10-09 14:00:00+00:00,118.01647059
2025-10-09 15:00:00+00:00,118.32
2025-10-09 16:00:00+00:00,115.83058824
2025-10-09 17:00:00+00:00,118.01558824
2025-10-09 18:00:00+00:00,117.32323529
2025-10-09 19:00:00+00:00,118.98205882
2025-10-09 20:00:00+00:00,119.04852941
2025-10-09 21:00:00+00:00,119.34588235
2025-10-09 22:00:00+00:00,126.63088235
2025-10-09 23:00:00+00:00,125.87323529
2025-10-10 00:00:00+00:00,128.42617647
2025-10-10 01:00:00+00:00,128.40205882
2025-10-10 02:00:00+00:00,128.03852941
2025-10-10 03:00:00+00:00,131.30705882
2025-10-10 04:00:00+00:00,129.67147059
2025-10-10 05:00:00+00:00,130.09205882
2025-10-10 06:00:00+00:00,127.74823529
2025-10-10 07:00:00+00:00,128.29911765
2025-10-10 08:00:00+00:00,129.04323529
2025-10-10 09:00:00+00:00,129.83529412
2025-10-10 10:00:00+00:00,129.77764706
2025-10-10 11:00:00+00:00,132.17705882
2025-10-10 12:00:00+00:00,133.21794118
2025-10-10 13:00:00+00:00,133.92941176
2025-10-10 14:00:00+00:00,131.91911765
2025-10-10 15:00:00+00:00,127.08970588
2025-10-10 16:00:00+00:00,125.37823529
2025-10-10 17:00:00+00:00,127.46382353
2025-10-10 18:00:00+00:00,126.44029412
2025-10-10 19:00:00+00:00,126.71382353
2025-10-10 20:00:00+00:00,121.36117647
2025-10-10 21:00:00+00:00,98.48823529
2025-10-10 22:00:00+00:00,98.09970588
2025-10-10 23:00:00+00:00,96.85147059
2025-10-11 00:00:00+00:00,96.52735294
2025-10-11 01:00:00+00:00,96.15470588
2025-10-11 02:00:00+00:00,101.19029412
2025-10-11 03:00:00+00:00,100.63794118
2025-10-11 04:00:00+00:00,100.52264706
2025-10-11 05:00:00+00:00,98.45264706
2025-10-11 06:00:00+00:00,98.90205882
2025-10-11 07:00:00+00:00,98.42176471
2025-10-11 08:00:00+00:00,99.44588235
2025-10-11 09:00:00+00:00,98.33676471
2025-10-11 10:00:00+00:00,98.44705882
2025-10-11 11:00:00+00:00,98.09470588
2025-10-11 12:00:00+00:00,97.35647059
2025-10-11 13:00:00+00:00,96.49294118
2025-10-11 14:00:00+00:00,96.04176471
2025-10-11 15:00:00+00:00,96.03647059
2025-10-11 16:00:00+00:00,96.125
2025-10-11 17:00:00+00:00,97.47588235
2025-10-11 18:00:00+00:00,97.18823529
2025-10-11 19:00:00+00:00,93.71941176
2025-10-11 20:00:00+00:00,91.65088235
2025-10-11 21:00:00+00:00,93.55735294
2025-10-11 22:00:00+00:00,93.92970588
2025-10-11 23:00:00+00:00,93.33382353
2025-10-12 00:00:00+00:00,91.73235294
2025-10-12 01:00:00+00:00,92.35352941
2025-10-12 02:00:00+00:00,92.58764706
2025-10-12 03:00:00+00:00,93.76264706
2025-10-12 04:00:00+00:00,94.45529412
2025-10-12 05:00:00+00:00,94.35911765
2025-10-12 06:00:00+00:00,95.95117647
2025-10-12 07:00:00+00:00,95.25764706
2025-10-12 08:00:00+00:00,95.58588235
2025-10-12 09:00:00+00:00,94.91205882
2025-10-12 10:00:00+00:00,95.52529412
2025-10-12 11:00:00+00:00,95.57058824
2025-10-12 12:00:00+00:00,95.94235294
2025-10-12 13:00:00+00:00,94.90323529
2025-10-12 14:00:00+00:00,96.39117647
2025-10-12 15:00:00+00:00,98.20264706
2025-10-12 16:00:00+00:00,99.08323529
2025-10-12 17:00:00+00:00,99.415
2025-10-12 18:00:00+00:00,99.00647059
2025-10-12 19:00:00+00:00,100.82882353
2025-10-12 20:00:00+00:00,100.72117647
2025-10-12 21:00:00+00:00,99.40764706
2025-10-12 22:00:00+00:00,98.82
2025-10-12 23:00:00+00:00,98.96176471
2025-10-13 00:00:00+00:00,98.24970588
2025-10-13 01:00:00+00:00,99.39941176
2025-10-13 02:00:00+00:00,98.84382353
2025-10-13 03:00:00+00:00,99.01029412
2025-10-13 04:00:00+00:00,98.51382353
2025-10-13 05:00:00+00:00,96.64647059
2025-10-13 06:00:00+00:00,97.32764706
2025-10-13 07:00:00+00:00,97.36852941
2025-10-13 08:00:00+00:00,98.18088235
2025-10-13 09:00:00+00:00,98.45823529
2025-10-13 10:00:00+00:00,97.90529412
2025-10-13 11:00:00+00:00,96.30970588
2025-10-13 12:00:00+00:00,96.74941176
2025-10-13 13:00:00+00:00,98.23911765
2025-10-13 14:00:00+00:00,96.06941176
2025-10-13 15:00:00+00:00,97.86088235
2025-10-13 16:00:00+00:00,98.27323529
2025-10-13 17:00:00+00:00,99.77441176
2025-10-13 18:00:00+00:00,99.22205882
2025-10-13 19:00:00+00:00,100.22941176
2025-10-13 20:00:00+00:00,101.22264706
2025-10-13 21:00:00+00:00,100.24058824
2025-10-13 22:00:00+00:00,100.13911765
2025-10-13 23:00:00+00:00,99.44264706
2025-10-14 00:00:00+00:00,100.20294118
2025-10-14 01:00:00+00:00,98.99941176
2025-10-14 02:00:00+00:00,99.08647059
2025-10-14 03:00:00+00:00,98.18735294
2025-10-14 04:00:00+00:00,96.77529412
2025-10-14 05:00:00+00:00,95.56382353
2025-10-14 06:00:00+00:00,93.71441176
2025-10-14 07:00:00+00:00,93.70029412
2025-10-14 08:00:00+00:00,94.30970588
2025-10-14 09:00:00+00:00,94.07147059
2025-10-14 10:00:00+00:00,92.92088235
2025-10-14 11:00:00+00:00,93.24852941
2025-10-14 12:00:00+00:00,92.16794118
2025-10-14 13:00:00+00:00,92.99941176
2025-10-14 14:00:00+00:00,93.68323529
2025-10-14 15:00:00+00:00,95.59264706
2025-10-14 16:00:00+00:00,95.29764706
2025-10-14 17:00:00+00:00,96.51794118
2025-10-14 18:00:00+00:00,97.27088235
2025-10-14 19:00:00+00:00,98.09941176
2025-10-14 20:00:00+00:00,98.01352941
2025-10-14 21:00:00+00:00,97.82617647
2025-10-14 22:00:00+00:00,97.66058824
2025-10-14 23:00:00+00:00,97.34176471
2025-10-15 00:00:00+00:00,97.53911765
2025-10-15 01:00:00+00:00,97.00205882
2025-10-15 02:00:00+00:00,97.96441176
2025-10-15 03:00:00+00:00,97.18823529
2025-10-15 04:00:00+00:00,97.66205882
2025-10-15 05:00:00+00:00,98.22235294
2025-10-15 06:00:00+00:00,98.285
2025-10-15 07:00:00+00:00,98.165
2025-10-15 08:00:00+00:00,98.70470588
2025-10-15 09:00:00+00:00,97.74529412
2025-10-15 10:00:00+00:00,97.71823529
2025-10-15 11:00:00+00:00,97.05558824
2025-10-15 12:00:00+00:00,97.015
2025-10-15 13:00:00+00:00,96.65
2025-10-15 14:00:00+00:00,95.93352941
2025-10-15 15:00:00+00:00,94.71117647
2025-10-15 16:00:00+00:00,94.11
2025-10-15 17:00:00+00:00,94.60352941
2025-10-15 18:00:00+00:00,95.34058824
2025-10-15 19:00:00+00:00,94.45264706
2025-10-15 20:00:00+00:00,94.18941176
2025-10-15 21:00:00+00:00,94.03970588
2025-10-15 22:00:00+00:00,94.45441176
2025-10-15 23:00:00+00:00,95.49529412
2025-10-16 00:00:00+00:00,95.12264706
2025-10-16 01:00:00+00:00,96.02558824
2025-10-16 02:00:00+00:00,95.93352941
2025-10-16 03:00:00+00:00,94.79882353
2025-10-16 04:00:00+00:00,94.46382353
2025-10-16 05:00:00+00:00,94.43764706
2025-10-16 06:00:00+00:00,95.52735294
2025-10-16 07:00:00+00:00,94.86235294
2025-10-16 08:00:00+00:00,94.20088235
2025-10-16 09:00:00+00:00,95.06823529
2025-10-16 10:00:00+00:00,95.39941176
2025-10-16 11:00:00+00:00,96.00264706
2025-10-16 12:00:00+00:00,96.18029412
2025-10-16 13:00:00+00:00,95.57970588
2025-10-16 14:00:00+00:00,94.80882353
2025-10-16 15:00:00+00:00,91.76617647
2025-10-16 16:00:00+00:00,93.13176471
2025-10-16 17:00:00+00:00,91.79147059
2025-10-16 18:00:00+00:00,91.78117647
2025-10-16 19:00:00+00:00,90.54323529
2025-10-16 20:00:00+00:00,90.11647059
2025-10-16 21:00:00+00:00,91.38382353
2025-10-16 22:00:00+00:00,90.79558824
2025-10-16 23:00:00+00:00,91.78676471
2025-10-17 00:00:00+00:00,92.27970588
2025-10-17 01:00:00+00:00,92.18617647
2025-10-17 02:00:00+00:00,92.22617647
2025-10-17 03:00:00+00:00,92.09411765
2025-10-17 04:00:00+00:00,91.91970588
2025-10-17 05:00:00+00:00,91.35058824
2025-10-17 06:00:00+00:00,88.59235294
2025-10-17 07:00:00+00:00,85.21205882
2025-10-17 08:00:00+00:00,84.90441176
2025-10-17 09:00:00+00:00,85.64852941
2025-10-17 10:00:00+00:00,85.76029412
2025-10-17 11:00:00+00:00,87.61970588
2025-10-17 12:00:00+00:00,88.30264706
2025-10-17 13:00:00+00:00,88.99382353
2025-10-17 14:00:00+00:00,88.53852941
2025-10-17 15:00:00+00:00,89.97205882
2025-10-17 16:00:00+00:00,90.39
2025-10-17 17:00:00+00:00,90.31529412
2025-10-17 18:00:00+00:00,90.67705882
2025-10-17 19:00:00+00:00,90.57352941
2025-10-17 20:00:00+00:00,91.08235294
2025-10-17 21:00:00+00:00,91.00382353
2025-10-17 22:00:00+00:00,90.57705882
2025-10-17 23:00:00+00:00,90.11794118
2025-10-18 00:00:00+00:00,90.50029412
2025-10-18 01:00:00+00:00,90.91029412
2025-10-18 02:00:00+00:00,90.60176471
2025-10-18 03:00:00+00:00,90.50617647
2025-10-18 04:00:00+00:00,90.18029412
2025-10-18 05:00:00+00:00,90.71882353
2025-10-18 06:00:00+00:00,90.81558824
2025-10-18 07:00:00+00:00,90.95
2025-10-18 08:00:00+00:00,90.74382353
2025-10-18 09:00:00+00:00,91.32852941
2025-10-18 10:00:00+00:00,91.32558824
2025-10-18 11:00:00+00:00,91.46147059
2025-10-18 12:00:00+00:00,90.85647059
2025-10-18 13:00:00+00:00,90.31323529
2025-10-18 14:00:00+00:00,90.67852941
2025-10-18 15:00:00+00:00,91.105
2025-10-18 16:00:00+00:00,91.045
2025-10-18 17:00:00+00:00,91.78558824
2025-10-18 18:00:00+00:00,91.74676471
2025-10-18 19:00:00+00:00,91.95117647
2025-10-18 20:00:00+00:00,91.86088235
2025-10-18 21:00:00+00:00,91.85970588
2025-10-18 22:00:00+00:00,91.60235294
2025-10-18 23:00:00+00:00,91.69176471
2025-10-19 00:00:00+00:00,91.04617647
2025-10-19 01:00:00+00:00,91.07411765
2025-10-19 02:00:00+00:00,91.56764706
2025-10-19 03:00:00+00:00,92.22617647
2025-10-19 04:00:00+00:00,91.90647059
2025-10-19 05:00:00+00:00,92.42352941
2025-10-19 06:00:00+00:00,92.00647059
2025-10-19 07:00:00+00:00,91.88205882
2025-10-19 08:00:00+00:00,91.23
2025-10-19 09:00:00+00:00,92.23823529
2025-10-19 10:00:00+00:00,93.22529412
2025-10-19 11:00:00+00:00,93.415
2025-10-19 12:00:00+00:00,93.55029412
2025-10-19 13:00:00+00:00,94.26852941
2025-10-19 14:00:00+00:00,94.42411765
2025-10-19 15:00:00+00:00,94.145
2025-10-19 16:00:00+00:00,94.03205882
2025-10-19 17:00:00+00:00,93.84764706
2025-10-19 18:00:00+00:00,94.30088235
2025-10-19 19:00:00+00:00,94.14558824
2025-10-19 20:00:00+00:00,94.26676471
2025-10-19 21:00:00+00:00,93.80088235
2025-10-19 22:00:00+00:00,94.05970588
2025-10-19 23:00:00+00:00,93.32852941
2025-10-20 00:00:00+00:00,93.12941176
2025-10-20 01:00:00+00:00,92.99558824
2025-10-20 02:00:00+00:00,93.36970588
2025-10-20 03:00:00+00:00,94.62
2025-10-20 04:00:00+00:00,94.68764706
2025-10-20 05:00:00+00:00,95.24882353
2025-10-20 06:00:00+00:00,95.57764706
2025-10-20 07:00:00+00:00,95.09147059
2025-10-20 08:00:00+00:00,94.78705882
2025-10-20 09:00:00+00:00,94.64558824
2025-10-20 10:00:00+00:00,94.62029412
2025-10-20 11:00:00+00:00,94.55441176
2025-10-20 12:00:00+00:00,94.78147059
2025-10-20 13:00:00+00:00,95.32852941
2025-10-20 14:00:00+00:00,95.49735294
2025-10-20 15:00:00+00:00,94.86911765
2025-10-20 16:00:00+00:00,94.51147059
2025-10-20 17:00:00+00:00,94.34647059
2025-10-20 18:00:00+00:00,94.81117647
2025-10-20 19:00:00+00:00,95.29735294
2025-10-20 20:00:00+00:00,95.15117647
2025-10-20 21:00:00+00:00,94.70735294
2025-10-20 22:00:00+00:00,94.92323529
2025-10-20 23:00:00+00:00,94.01647059
2025-10-21 00:00:00+00:00,93.48441176
2025-10-21 01:00:00+00:00,93.40058824
2025-10-21 02:00:00+00:00,92.97794118
2025-10-21 03:00:00+00:00,92.92676471
2025-10-21 04:00:00+00:00,91.86823529
2025-10-21 05:00:00+00:00,92.49764706
2025-10-21 06:00:00+00:00,92.81088235
2025-10-21 07:00:00+00:00,93.03705882
2025-10-21 08:00:00+00:00,92.15823529
2025-10-21 09:00:00+00:00,92.06617647
2025-10-21 10:00:00+00:00,92.72205882
2025-10-21 11:00:00+00:00,92.89823529
2025-10-21 12:00:00+00:00,92.95970588
2025-10-21 13:00:00+00:00,93.04941176
2025-10-21 14:00:00+00:00,95.45176471
2025-10-21 15:00:00+00:00,96.29705882
2025-10-21 16:00:00+00:00,95.64647059
2025-10-21 17:00:00+00:00,96.34294118
2025-10-21 18:00:00+00:00,96.46
2025-10-21 19:00:00+00:00,96.08147059
2025-10-21 20:00:00+00:00,95.67558824
2025-10-21 21:00:00+00:00,95.57794118
2025-10-21 22:00:00+00:00,94.47088235
2025-10-21 23:00:00+00:00,92.46147059
2025-10-22 00:00:00+00:00,92.39588235
2025-10-22 01:00:00+00:00,92.76735294
2025-10-22 02:00:00+00:00,93.03176471
2025-10-22 03:00:00+00:00,92.945
2025-10-22 04:00:00+00:00,93.13088235
2025-10-22 05:00:00+00:00,92.67058824
2025-10-22 06:00:00+00:00,92.51764706
2025-10-22 07:00:00+00:00,93.16941176
2025-10-22 08:00:00+00:00,92.40205882
2025-10-22 09:00:00+00:00,92.07676471
2025-10-22 10:00:00+00:00,91.83617647
2025-10-22 11:00:00+00:00,92.28352941
2025-10-22 12:00:00+00:00,92.88411765
2025-10-22 13:00:00+00:00,93.52264706
2025-10-22 14:00:00+00:00,93.41852941
2025-10-22 15:00:00+00:00,92.90470588
2025-10-22 16:00:00+00:00,94.35058824
2025-10-22 17:00:00+00:00,93.59205882
2025-10-22 18:00:00+00:00,94.08676471
2025-10-22 19:00:00+00:00,93.85088235
2025-10-22 20:00:00+00:00,92.59
2025-10-22 21:00:00+00:00,90.79794118
2025-10-22 22:00:00+00:00,90.87470588
2025-10-22 23:00:00+00:00,91.87529412
2025-10-23 00:00:00+00:00,92.46882353
2025-10-23 01:00:00+00:00,92.36176471
2025-10-23 02:00:00+00:00,92.31647059
2025-10-23 03:00:00+00:00,92.58
2025-10-23 04:00:00+00:00,92.20411765
2025-10-23 05:00:00+00:00,92.79264706
2025-10-23 06:00:00+00:00,93.83176471
2025-10-23 07:00:00+00:00,93.31441176
2025-10-23 08:00:00+00:00,93.58647059
2025-10-23 09:00:00+00:00,93.32852941
2025-10-23 10:00:00+00:00,93.655
2025-10-23 11:00:00+00:00,93.28794118
2025-10-23 12:00:00+00:00,93.26147059
2025-10-23 13:00:00+00:00,93.53588235
2025-10-23 14:00:00+00:00,93.53647059
2025-10-23 15:00:00+00:00,94.02323529
2025-10-23 16:00:00+00:00,94.45264706
2025-10-23 17:00:00+00:00,94.60617647
2025-10-23 18:00:00+00:00,93.92441176
2025-10-23 19:00:00+00:00,93.87147059
2025-10-23 20:00:00+00:00,93.245
2025-10-23 21:00:00+00:00,93.44911765
2025-10-23 22:00:00+00:00,93.75382353
2025-10-23 23:00:00+00:00,94.03117647
2025-10-24 00:00:00+00:00,94.44588235
2025-10-24 01:00:00+00:00,94.90088235
2025-10-24 02:00:00+00:00,95.14352941
2025-10-24 03:00:00+00:00,94.78058824
2025-10-24 04:00:00+00:00,95.25911765
2025-10-24 05:00:00+00:00,95.64088235
2025-10-24 06:00:00+00:00,96.02205882
2025-10-24 07:00:00+00:00,96.07970588
2025-10-24 08:00:00+00:00,96.37676471
2025-10-24 09:00:00+00:00,95.70147059
2025-10-24 10:00:00+00:00,95.38088235
2025-10-24 11:00:00+00:00,96.15970588
2025-10-24 12:00:00+00:00,96.44382353
2025-10-24 13:00:00+00:00,96.24205882
2025-10-24 14:00:00+00:00,95.35147059
2025-10-24 15:00:00+00:00,95.21294118
2025-10-24 16:00:00+00:00,95.57058824
2025-10-24 17:00:00+00:00,95.71470588
2025-10-24 18:00:00+00:00,95.75
2025-10-24 19:00:00+00:00,96.18558824
2025-10-24 20:00:00+00:00,96.78676471
2025-10-24 21:00:00+00:00,96.93588235
2025-10-24 22:00:00+00:00,96.60176471
2025-10-24 23:00:00+00:00,96.45235294
2025-10-25 00:00:00+00:00,96.46558824
2025-10-25 01:00:00+00:00,96.55205882
2025-10-25 02:00:00+00:00,96.23617647
2025-10-25 03:00:00+00:00,96.13
2025-10-25 04:00:00+00:00,96.26470588
2025-10-25 05:00:00+00:00,96.16852941
2025-10-25 06:00:00+00:00,96.09970588
2025-10-25 07:00:00+00:00,96.54676471
2025-10-25 08:00:00+00:00,96.39088235
2025-10-25 09:00:00+00:00,95.91941176
2025-10-25 10:00:00+00:00,96.17117647
2025-10-25 11:00:00+00:00,96.24647059
2025-10-25 12:00:00+00:00,96.40088235
2025-10-25 13:00:00+00:00,96.26088235
2025-10-25 14:00:00+00:00,96.44470588
2025-10-25 15:00:00+00:00,96.11852941
2025-10-25 16:00:00+00:00,96.20617647
2025-10-25 17:00:00+00:00,96.38911765
2025-10-25 18:00:00+00:00,96.89352941
2025-10-25 19:00:00+00:00,96.93735294
2025-10-25 20:00:00+00:00,96.83176471
2025-10-25 21:00:00+00:00,96.80088235
2025-10-25 22:00:00+00:00,96.90676471
2025-10-25 23:00:00+00:00,96.95558824
2025-10-26 00:00:00+00:00,96.88147059
2025-10-26 01:00:00+00:00,96.66352941
2025-10-26 02:00:00+00:00,96.56088235
2025-10-26 03:00:00+00:00,96.44705882
2025-10-26 04:00:00+00:00,96.69235294
2025-10-26 05:00:00+00:00,96.84852941
2025-10-26 06:00:00+00:00,97.22205882
2025-10-26 07:00:00+00:00,97.44941176
2025-10-26 08:00:00+00:00,97.67058824
2025-10-26 09:00:00+00:00,98.43411765
2025-10-26 10:00:00+00:00,98.00117647
2025-10-26 11:00:00+00:00,98.64088235
2025-10-26 12:00:00+00:00,99.50852941
2025-10-26 13:00:00+00:00,99.23
2025-10-26 14:00:00+00:00,98.76852941
2025-10-26 15:00:00+00:00,99.21764706
2025-10-26 16:00:00+00:00,99.11647059
2025-10-26 17:00:00+00:00,99.09470588
2025-10-26 18:00:00+00:00,99.16735294
2025-10-26 19:00:00+00:00,99.24117647
2025-10-26 20:00:00+00:00,98.93794118
2025-10-26 21:00:00+00:00,99.42058824
2025-10-26 22:00:00+00:00,100.34117647
2025-10-26 23:00:00+00:00,100.01264706
2025-10-27 00:00:00+00:00,100.15058824
2025-10-27 01:00:00+00:00,100.53352941
2025-10-27 02:00:00+00:00,100.42352941
2025-10-27 03:00:00+00:00,100.02558824
2025-10-27 04:00:00+00:00,100.48647059
2025-10-27 05:00:00+00:00,100.46882353
2025-10-27 06:00:00+00:00,100.89676471
2025-10-27 07:00:00+00:00,99.77764706
2025-10-27 08:00:00+00:00,99.32441176
2025-10-27 09:00:00+00:00,98.96705882
2025-10-27 10:00:00+00:00,98.97352941
2025-10-27 11:00:00+00:00,99.24823529
2025-10-27 12:00:00+00:00,98.69147059
2025-10-27 13:00:00+00:00,99.17911765
2025-10-27 14:00:00+00:00,99.12205882
2025-10-27 15:00:00+00:00,102.00617647
2025-10-27 16:00:00+00:00,102.75794118
2025-10-27 17:00:00+00:00,101.89441176
2025-10-27 18:00:00+00:00,101.98852941
2025-10-27 19:00:00+00:00,101.99823529
2025-10-27 20:00:00+00:00,100.24176471
2025-10-27 21:00:00+00:00,100.25323529
2025-10-27 22:00:00+00:00,99.25235294
2025-10-27 23:00:00+00:00,99.39235294
2025-10-28 00:00:00+00:00,99.68676471
2025-10-28 01:00:00+00:00,100.27970588
2025-10-28 02:00:00+00:00,99.80647059
2025-10-28 03:00:00+00:00,100.04588235
2025-10-28 04:00:00+00:00,100.01588235
2025-10-28 05:00:00+00:00,99.51794118
2025-10-28 06:00:00+00:00,105.42970588
2025-10-28 07:00:00+00:00,102.45941176
2025-10-28 08:00:00+00:00,102.28794118
2025-10-28 09:00:00+00:00,102.00294118
2025-10-28 10:00:00+00:00,101.59088235
2025-10-28 11:00:00+00:00,102.22647059
2025-10-28 12:00:00+00:00,102.33676471
2025-10-28 13:00:00+00:00,101.69823529
2025-10-28 14:00:00+00:00,98.58735294
2025-10-28 15:00:00+00:00,99.07882353
2025-10-28 16:00:00+00:00,99.36088235
2025-10-28 17:00:00+00:00,99.935
2025-10-28 18:00:00+00:00,99.305
2025-10-28 19:00:00+00:00,98.30852941
2025-10-28 20:00:00+00:00,96.68970588
2025-10-28 21:00:00+00:00,96.875
2025-10-28 22:00:00+00:00,97.19970588
2025-10-28 23:00:00+00:00,96.64382353
2025-10-29 00:00:00+00:00,96.59058824
2025-10-29 01:00:00+00:00,96.79323529
2025-10-29 02:00:00+00:00,96.75205882
2025-10-29 03:00:00+00:00,96.43117647
2025-10-29 04:00:00+00:00,96.75676471
2025-10-29 05:00:00+00:00,97.21176471
2025-10-29 06:00:00+00:00,97.47529412
2025-10-29 07:00:00+00:00,98.69823529
2025-10-29 08:00:00+00:00,97.72764706
2025-10-29 09:00:00+00:00,97.57794118
2025-10-29 10:00:00+00:00,98.13176471
2025-10-29 11:00:00+00:00,98.43029412
2025-10-29 12:00:00+00:00,99.29441176
2025-10-29 13:00:00+00:00,99.98382353
2025-10-29 14:00:00+00:00,98.95558824
2025-10-29 15:00:00+00:00,98.20764706
2025-10-29 16:00:00+00:00,98.95823529
2025-10-29 17:00:00+00:00,99.35323529
2025-10-29 18:00:00+00:00,98.66882353
2025-10-29 19:00:00+00:00,98.69705882
2025-10-29 20:00:00+00:00,99.22117647
2025-10-29 21:00:00+00:00,99.60441176
2025-10-29 22:00:00+00:00,99.52147059
2025-10-29 23:00:00+00:00,98.52735294
2025-10-30 00:00:00+00:00,99.26235294
2025-10-30 01:00:00+00:00,98.945
2025-10-30 02:00:00+00:00,99.70058824
2025-10-30 03:00:00+00:00,98.95470588
2025-10-30 04:00:00+00:00,96.37441176
2025-10-30 05:00:00+00:00,98.13323529
2025-10-30 06:00:00+00:00,98.25970588
2025-10-30 07:00:00+00:00,98.73852941
2025-10-30 08:00:00+00:00,97.96176471
2025-10-30 09:00:00+00:00,97.34029412
2025-10-30 10:00:00+00:00,96.80029412
2025-10-30 11:00:00+00:00,96.70352941
2025-10-30 12:00:00+00:00,95.58911765
2025-10-30 13:00:00+00:00,93.23352941
2025-10-30 14:00:00+00:00,93.29264706
2025-10-30 15:00:00+00:00,92.13794118
2025-10-30 16:00:00+00:00,92.51558824
2025-10-30 17:00:00+00:00,92.09823529
2025-10-30 18:00:00+00:00,91.49029412
2025-10-30 19:00:00+00:00,90.68264706
2025-10-30 20:00:00+00:00,91.99441176
2025-10-30 21:00:00+00:00,92.30529412
2025-10-30 22:00:00+00:00,92.77088235
2025-10-30 23:00:00+00:00,93.39294118
2025-10-31 00:00:00+00:00,93.86294118
2025-10-31 01:00:00+00:00,93.79382353
2025-10-31 02:00:00+00:00,93.56617647
2025-10-31 03:00:00+00:00,93.86852941
2025-10-31 04:00:00+00:00,94.51058824
2025-10-31 05:00:00+00:00,94.13588235
2025-10-31 06:00:00+00:00,94.03852941
2025-10-31 07:00:00+00:00,94.26970588
2025-10-31 08:00:00+00:00,94.65529412
2025-10-31 09:00:00+00:00,94.33647059
2025-10-31 10:00:00+00:00,94.22205882
2025-10-31 11:00:00+00:00,95.01176471
2025-10-31 12:00:00+00:00,94.69941176
2025-10-31 13:00:00+00:00,95.01852941
2025-10-31 14:00:00+00:00,95.85029412
2025-10-31 15:00:00+00:00,95.63852941
2025-10-31 16:00:00+00:00,94.60882353
2025-10-31 17:00:00+00:00,94.68088235
2025-10-31 18:00:00+00:00,94.96058824
2025-10-31 19:00:00+00:00,96.15617647
2025-10-31 20:00:00+00:00,95.55558824
2025-10-31 21:00:00+00:00,95.66117647
2025-10-31 22:00:00+00:00,95.48970588
2025-10-31 23:00:00+00:00,95.38852941
2025-11-01 00:00:00+00:00,95.53764706
2025-11-01 01:00:00+00:00,95.53823529
2025-11-01 02:00:00+00:00,95.81529412
2025-11-01 03:00:00+00:00,96.13823529
2025-11-01 04:00:00+00:00,96.22088235
2025-11-01 05:00:00+00:00,95.75323529
2025-11-01 06:00:00+00:00,97.76617647
2025-11-01 07:00:00+00:00,99.07558824
2025-11-01 08:00:00+00:00,98.28176471
2025-11-01 09:00:00+00:00,97.94205882
2025-11-01 10:00:00+00:00,98.70911765
2025-11-01 11:00:00+00:00,98.66441176
2025-11-01 12:00:00+00:00,98.93735294
2025-11-01 13:00:00+00:00,99.22529412
2025-11-01 14:00:00+00:00,98.81411765
2025-11-01 15:00:00+00:00,98.67705882
2025-11-01 16:00:00+00:00,99.24264706
2025-11-01 17:00:00+00:00,99.24470588
2025-11-01 18:00:00+00:00,99.44735294
2025-11-01 19:00:00+00:00,99.74558824
2025-11-01 20:00:00+00:00,100.08558824
2025-11-01 21:00:00+00:00,99.86764706
2025-11-01 22:00:00+00:00,100.22882353
2025-11-01 23:00:00+00:00,101.38558824
2025-11-02 00:00:00+00:00,100.81588235
2025-11-02 01:00:00+00:00,99.98735294
2025-11-02 02:00:00+00:00,99.95529412
2025-11-02 03:00:00+00:00,99.51470588
2025-11-02 04:00:00+00:00,100.16470588
2025-11-02 05:00:00+00:00,100.43470588
2025-11-02 06:00:00+00:00,100.035
2025-11-02 07:00:00+00:00,100.70382353
2025-11-02 08:00:00+00:00,100.25205882
2025-11-02 09:00:00+00:00,100.53970588
2025-11-02 10:00:00+00:00,100.13088235
2025-11-02 11:00:00+00:00,100.89382353
2025-11-02 12:00:00+00:00,100.35882353
2025-11-02 13:00:00+00:00,99.28735294
2025-11-02 14:00:00+00:00,98.75588235
2025-11-02 15:00:00+00:00,98.39941176
2025-11-02 16:00:00+00:00,98.51617647
2025-11-02 17:00:00+00:00,98.16235294
2025-11-02 18:00:00+00:00,98.265
2025-11-02 19:00:00+00:00,98.28470588
2025-11-02 20:00:00+00:00,98.40970588
2025-11-02 21:00:00+00:00,98.60823529
2025-11-02 22:00:00+00:00,98.22441176
2025-11-02 23:00:00+00:00,99.41529412
2025-11-03 00:00:00+00:00,98.22176471
2025-11-03 01:00:00+00:00,97.86882353
2025-11-03 02:00:00+00:00,97.09382353
2025-11-03 03:00:00+00:00,94.12705882
2025-11-03 04:00:00+00:00,94.67764706
2025-11-03 05:00:00+00:00,93.68264706
2025-11-03 06:00:00+00:00,93.45647059
2025-11-03 07:00:00+00:00,93.22382353
2025-11-03 08:00:00+00:00,93.26235294
2025-11-03 09:00:00+00:00,92.43
2025-11-03 10:00:00+00:00,91.70411765
2025-11-03 11:00:00+00:00,91.70941176
2025-11-03 12:00:00+00:00,91.47294118
2025-11-03 13:00:00+00:00,91.99794118
2025-11-03 14:00:00+00:00,92.18617647
2025-11-03 15:00:00+00:00,87.71088235
2025-11-03 16:00:00+00:00,88.22705882
2025-11-03 17:00:00+00:00,89.99882353
2025-11-03 18:00:00+00:00,88.77529412
2025-11-03 19:00:00+00:00,87.38852941
2025-11-03 20:00:00+00:00,86.93617647
2025-11-03 21:00:00+00:00,87.36705882
2025-11-03 22:00:00+00:00,86.87941176
2025-11-03 23:00:00+00:00,87.42676471
2025-11-04 00:00:00+00:00,88.34205882
2025-11-04 01:00:00+00:00,89.28823529
2025-11-04 02:00:00+00:00,89.08911765
2025-11-04 03:00:00+00:00,89.48147059
2025-11-04 04:00:00+00:00,89.11588235
2025-11-04 05:00:00+00:00,85.36794118
2025-11-04 06:00:00+00:00,86.80088235
2025-11-04 07:00:00+00:00,86.17558824
2025-11-04 08:00:00+00:00,86.96558824
2025-11-04 09:00:00+00:00,86.94647059
2025-11-04 10:00:00+00:00,87.20147059
2025-11-04 11:00:00+00:00,87.10088235
2025-11-04 12:00:00+00:00,86.62352941
2025-11-04 13:00:00+00:00,86.74029412
2025-11-04 14:00:00+00:00,88.58970588
2025-11-04 15:00:00+00:00,87.52235294
2025-11-04 16:00:00+00:00,86.25470588
2025-11-04 17:00:00+00:00,85.60147059
2025-11-04 18:00:00+00:00,84.42676471
2025-11-04 19:00:00+00:00,83.50088235
2025-11-04 20:00:00+00:00,83.15705882
2025-11-04 21:00:00+00:00,82.99235294
2025-11-04 22:00:00+00:00,85.42029412
2025-11-04 23:00:00+00:00,85.22058824
2025-11-05 00:00:00+00:00,84.41264706
2025-11-05 01:00:00+00:00,84.48411765
2025-11-05 02:00:00+00:00,87.01176471
2025-11-05 03:00:00+00:00,86.98617647
2025-11-05 04:00:00+00:00,87.20352941
2025-11-05 05:00:00+00:00,86.95235294
2025-11-05 06:00:00+00:00,87.28470588
2025-11-05 07:00:00+00:00,87.02441176
2025-11-05 08:00:00+00:00,86.28735294
2025-11-05 09:00:00+00:00,86.67058824
2025-11-05 10:00:00+00:00,85.47882353
2025-11-05 11:00:00+00:00,86.57294118
2025-11-05 12:00:00+00:00,86.78382353
2025-11-05 13:00:00+00:00,87.32352941
2025-11-05 14:00:00+00:00,86.98411765
2025-11-05 15:00:00+00:00,87.79352941
2025-11-05 16:00:00+00:00,88.50470588
2025-11-05 17:00:00+00:00,88.17117647
2025-11-05 18:00:00+00:00,88.88764706
2025-11-05 19:00:00+00:00,89.01588235
2025-11-05 20:00:00+00:00,88.92705882
2025-11-05 21:00:00+00:00,88.77147059
2025-11-05 22:00:00+00:00,89.51441176
2025-11-05 23:00:00+00:00,89.38794118
2025-11-06 00:00:00+00:00,88.62205882
2025-11-06 01:00:00+00:00,88.41
2025-11-06 02:00:00+00:00,88.55352941
2025-11-06 03:00:00+00:00,88.495
2025-11-06 04:00:00+00:00,88.50235294
2025-11-06 05:00:00+00:00,87.25117647
2025-11-06 06:00:00+00:00,86.96882353
2025-11-06 07:00:00+00:00,86.78676471
2025-11-06 08:00:00+00:00,86.84558824
2025-11-06 09:00:00+00:00,87.20352941
2025-11-06 10:00:00+00:00,87.345
2025-11-06 11:00:00+00:00,87.39970588
2025-11-06 12:00:00+00:00,86.60705882
2025-11-06 13:00:00+00:00,88.40205882
2025-11-06 14:00:00+00:00,86.99558824
2025-11-06 15:00:00+00:00,86.625
2025-11-06 16:00:00+00:00,86.27676471
2025-11-06 17:00:00+00:00,87.56823529
2025-11-06 18:00:00+00:00,87.75882353
2025-11-06 19:00:00+00:00,87.47117647
2025-11-06 20:00:00+00:00,86.81235294
2025-11-06 21:00:00+00:00,87.27382353
2025-11-06 22:00:00+00:00,87.47264706
2025-11-06 23:00:00+00:00,86.99852941
2025-11-07 00:00:00+00:00,87.83588235
2025-11-07 01:00:00+00:00,88.24264706
2025-11-07 02:00:00+00:00,88.66823529
2025-11-07 03:00:00+00:00,89.02735294
2025-11-07 04:00:00+00:00,88.96029412
2025-11-07 05:00:00+00:00,90.23205882
2025-11-07 06:00:00+00:00,89.52117647
2025-11-07 07:00:00+00:00,90.75382353
2025-11-07 08:00:00+00:00,90.27970588
2025-11-07 09:00:00+00:00,89.09088235
2025-11-07 10:00:00+00:00,88.36264706
2025-11-07 11:00:00+00:00,87.95323529
2025-11-07 12:00:00+00:00,86.65235294
2025-11-07 13:00:00+00:00,87.82911765
2025-11-07 14:00:00+00:00,89.63529412
2025-11-07 15:00:00+00:00,93.16
2025-11-07 16:00:00+00:00,103.32705882
2025-11-07 17:00:00+00:00,103.91382353
2025-11-07 18:00:00+00:00,101.15235294
2025-11-07 19:00:00+00:00,100.60441176
2025-11-07 20:00:00+00:00,101.13911765
2025-11-07 21:00:00+00:00,102.13911765
2025-11-07 22:00:00+00:00,103.34147059
2025-11-07 23:00:00+00:00,101.86970588
2025-11-08 00:00:00+00:00,100.24705882
2025-11-08 01:00:00+00:00,102.67176471
2025-11-08 02:00:00+00:00,101.28235294
2025-11-08 03:00:00+00:00,100.88941176
2025-11-08 04:00:00+00:00,101.77764706
2025-11-08 05:00:00+00:00,100.17382353
2025-11-08 06:00:00+00:00,99.56205882
2025-11-08 07:00:00+00:00,99.92676471
2025-11-08 08:00:00+00:00,100.25117647
2025-11-08 09:00:00+00:00,99.27
2025-11-08 10:00:00+00:00,99.64147059
2025-11-08 11:00:00+00:00,99.77852941
2025-11-08 12:00:00+00:00,100.55294118
2025-11-08 13:00:00+00:00,99.63705882
2025-11-08 14:00:00+00:00,99.78529412
2025-11-08 15:00:00+00:00,98.68411765
2025-11-08 16:00:00+00:00,99.405
2025-11-08 17:00:00+00:00,99.865
2025-11-08 18:00:00+00:00,100.87529412
2025-11-08 19:00:00+00:00,100.68
2025-11-08 20:00:00+00:00,100.81882353
2025-11-08 21:00:00+00:00,101.17617647
2025-11-08 22:00:00+00:00,101.45852941
2025-11-08 23:00:00+00:00,106.93647059
2025-11-09 00:00:00+00:00,104.64764706
2025-11-09 01:00:00+00:00,105.12323529
2025-11-09 02:00:00+00:00,101.54705882
2025-11-09 03:00:00+00:00,100.04323529
2025-11-09 04:00:00+00:00,100.37529412
2025-11-09 05:00:00+00:00,100.53588235
2025-11-09 06:00:00+00:00,101.10617647
2025-11-09 07:00:00+00:00,101.53088235
2025-11-09 08:00:00+00:00,101.17117647
2025-11-09 09:00:00+00:00,99.88382353
2025-11-09 10:00:00+00:00,105.50264706
2025-11-09 11:00:00+00:00,102.04382353
2025-11-09 12:00:00+00:00,102.59676471
2025-11-09 13:00:00+00:00,104.84382353
2025-11-09 14:00:00+00:00,106.37617647
2025-11-09 15:00:00+00:00,106.83705882
2025-11-09 16:00:00+00:00,105.73264706
2025-11-09 17:00:00+00:00,105.17470588
2025-11-09 18:00:00+00:00,108.60411765
2025-11-09 19:00:00+00:00,109.50735294
2025-11-09 20:00:00+00:00,111.41794118
2025-11-09 21:00:00+00:00,110.94441176
2025-11-09 22:00:00+00:00,111.45529412
2025-11-09 23:00:00+00:00,110.30852941
2025-11-10 00:00:00+00:00,110.21558824
2025-11-10 01:00:00+00:00,109.98411765
2025-11-10 02:00:00+00:00,109.46264706
2025-11-10 03:00:00+00:00,108.36764706
2025-11-10 04:00:00+00:00,108.49588235
2025-11-10 05:00:00+00:00,109.05617647
2025-11-10 06:00:00+00:00,108.28617647
2025-11-10 07:00:00+00:00,107.24882353
2025-11-10 08:00:00+00:00,107.13705882
2025-11-10 09:00:00+00:00,108.41941176
2025-11-10 10:00:00+00:00,107.13176471
2025-11-10 11:00:00+00:00,107.14529412
2025-11-10 12:00:00+00:00,106.57676471
2025-11-10 13:00:00+00:00,107.46382353
2025-11-10 14:00:00+00:00,106.36823529
2025-11-10 15:00:00+00:00,107.43294118
2025-11-10 16:00:00+00:00,106.86029412
2025-11-10 17:00:00+00:00,107.97323529
2025-11-10 18:00:00+00:00,107.53911765
2025-11-10 19:00:00+00:00,107.60470588
2025-11-10 20:00:00+00:00,107.07941176
2025-11-10 21:00:00+00:00,104.65676471
2025-11-10 22:00:00+00:00,105.16764706
2025-11-10 23:00:00+00:00,104.23205882
2025-11-11 00:00:00+00:00,104.27705882
2025-11-11 01:00:00+00:00,104.50411765
2025-11-11 02:00:00+00:00,105.09029412
2025-11-11 03:00:00+00:00,105.24117647
2025-11-11 04:00:00+00:00,104.30588235
2025-11-11 05:00:00+00:00,103.32735294
2025-11-11 06:00:00+00:00,103.67558824
2025-11-11 07:00:00+00:00,102.12558824
2025-11-11 08:00:00+00:00,102.49470588
2025-11-11 09:00:00+00:00,102.32617647
2025-11-11 10:00:00+00:00,102.26911765
2025-11-11 11:00:00+00:00,102.65970588
2025-11-11 12:00:00+00:00,102.19323529
2025-11-11 13:00:00+00:00,101.64147059
2025-11-11 14:00:00+00:00,102.76323529
2025-11-11 15:00:00+00:00,101.02470588
2025-11-11 16:00:00+00:00,100.99941176
2025-11-11 17:00:00+00:00,100.59441176
2025-11-11 18:00:00+00:00,100.18470588
2025-11-11 19:00:00+00:00,100.22558824
2025-11-11 20:00:00+00:00,99.43117647
2025-11-11 21:00:00+00:00,99.47941176
2025-11-11 22:00:00+00:00,100.62294118
2025-11-11 23:00:00+00:00,99.67647059
2025-11-12 00:00:00+00:00,99.37441176
2025-11-12 01:00:00+00:00,99.45235294
2025-11-12 02:00:00+00:00,99.26411765
2025-11-12 03:00:00+00:00,99.46676471
2025-11-12 04:00:00+00:00,99.52735294
2025-11-12 05:00:00+00:00,99.74705882
2025-11-12 06:00:00+00:00,99.47235294
2025-11-12 07:00:00+00:00,99.60441176
2025-11-12 08:00:00+00:00,101.3
2025-11-12 09:00:00+00:00,101.82882353
2025-11-12 10:00:00+00:00,102.26852941
2025-11-12 11:00:00+00:00,102.04470588
2025-11-12 12:00:00+00:00,102.76176471
2025-11-12 13:00:00+00:00,103.89588235
2025-11-12 14:00:00+00:00,101.51735294
2025-11-12 15:00:00+00:00,100.04382353
2025-11-12 16:00:00+00:00,95.34911765
2025-11-12 17:00:00+00:00,96.16205882
2025-11-12 18:00:00+00:00,96.43882353
2025-11-12 19:00:00+00:00,97.145
2025-11-12 20:00:00+00:00,98.39794118
2025-11-12 21:00:00+00:00,98.29529412
2025-11-12 22:00:00+00:00,98.16970588
2025-11-12 23:00:00+00:00,97.60058824
2025-11-13 00:00:00+00:00,98.06235294
2025-11-13 01:00:00+00:00,98.90352941
2025-11-13 02:00:00+00:00,99.19088235
2025-11-13 03:00:00+00:00,99.04882353
2025-11-13 04:00:00+00:00,99.58970588
2025-11-13 05:00:00+00:00,101.09
2025-11-13 06:00:00+00:00,100.89529412
2025-11-13 07:00:00+00:00,100.60764706
2025-11-13 08:00:00+00:00,100.32147059
2025-11-13 09:00:00+00:00,99.63970588
2025-11-13 10:00:00+00:00,99.35088235
2025-11-13 11:00:00+00:00,100.21264706
2025-11-13 12:00:00+00:00,100.98941176
2025-11-13 13:00:00+00:00,100.79
2025-11-13 14:00:00+00:00,101.78323529
2025-11-13 15:00:00+00:00,99.54529412
2025-11-13 16:00:00+00:00,97.36382353
2025-11-13 17:00:00+00:00,95.78205882
2025-11-13 18:00:00+00:00,95.33235294
2025-11-13 19:00:00+00:00,94.98
2025-11-13 20:00:00+00:00,94.80117647
2025-11-13 21:00:00+00:00,95.01411765
2025-11-13 22:00:00+00:00,96.48264706
2025-11-13 23:00:00+00:00,96.56176471
2025-11-14 00:00:00+00:00,95.92970588
2025-11-14 01:00:00+00:00,95.72058824
2025-11-14 02:00:00+00:00,96.30911765
2025-11-14 03:00:00+00:00,96.33970588
2025-11-14 04:00:00+00:00,95.31264706
2025-11-14 05:00:00+00:00,96.20735294
2025-11-14 06:00:00+00:00,97.53647059
2025-11-14 07:00:00+00:00,98.20617647
2025-11-14 08:00:00+00:00,97.43794118
2025-11-14 09:00:00+00:00,95.67088235
2025-11-14 10:00:00+00:00,96.22970588
2025-11-14 11:00:00+00:00,96.08264706
2025-11-14 12:00:00+00:00,95.96794118
2025-11-14 13:00:00+00:00,95.24088235
2025-11-14 14:00:00+00:00,96.43294118
2025-11-14 15:00:00+00:00,96.9
2025-11-14 16:00:00+00:00,97.66
2025-11-14 17:00:00+00:00,96.53088235
2025-11-14 18:00:00+00:00,96.74147059
2025-11-14 19:00:00+00:00,99.94705882
2025-11-14 20:00:00+00:00,98.17058824
2025-11-14 21:00:00+00:00,98.82176471
2025-11-14 22:00:00+00:00,98.36441176
2025-11-14 23:00:00+00:00,97.68264706
2025-11-15 00:00:00+00:00,98.40176471
2025-11-15 01:00:00+00:00,101.87558824
2025-11-15 02:00:00+00:00,105.20705882
2025-11-15 03:00:00+00:00,104.01470588
2025-11-15 04:00:00+00:00,104.40529412
2025-11-15 05:00:00+00:00,103.96235294
2025-11-15 06:00:00+00:00,103.71088235
2025-11-15 07:00:00+00:00,102.75941176
2025-11-15 08:00:00+00:00,102.09294118
2025-11-15 09:00:00+00:00,102.50176471
2025-11-15 10:00:00+00:00,102.31558824
2025-11-15 11:00:00+00:00,102.80117647
2025-11-15 12:00:00+00:00,106.61794118
2025-11-15 13:00:00+00:00,106.49764706
2025-11-15 14:00:00+00:00,105.16735294
2025-11-15 15:00:00+00:00,104.18941176
2025-11-15 16:00:00+00:00,104.03882353
2025-11-15 17:00:00+00:00,103.36323529
2025-11-15 18:00:00+00:00,103.87794118
2025-11-15 19:00:00+00:00,103.34705882
2025-11-15 20:00:00+00:00,102.22647059
2025-11-15 21:00:00+00:00,101.93794118
2025-11-15 22:00:00+00:00,102.31294118
2025-11-15 23:00:00+00:00,101.73411765
2025-11-16 00:00:00+00:00,101.51529412
2025-11-16 01:00:00+00:00,100.61911765
2025-11-16 02:00:00+00:00,101.96470588
2025-11-16 03:00:00+00:00,102.48117647
2025-11-16 04:00:00+00:00,102.04676471
2025-11-16 05:00:00+00:00,101.90794118
2025-11-16 06:00:00+00:00,101.43264706
2025-11-16 07:00:00+00:00,102.03617647
2025-11-16 08:00:00+00:00,101.69176471
2025-11-16 09:00:00+00:00,102.54558824
2025-11-16 10:00:00+00:00,102.15147059
2025-11-16 11:00:00+00:00,100.58705882
2025-11-16 12:00:00+00:00,101.48147059
2025-11-16 13:00:00+00:00,100.59411765
2025-11-16 14:00:00+00:00,100.93588235
2025-11-16 15:00:00+00:00,97.82058824
2025-11-16 16:00:00+00:00,97.31176471
2025-11-16 17:00:00+00:00,95.60852941
2025-11-16 18:00:00+00:00,96.06558824
2025-11-16 19:00:00+00:00,95.93205882
2025-11-16 20:00:00+00:00,95.80558824
2025-11-16 21:00:00+00:00,95.73235294
2025-11-16 22:00:00+00:00,96.36588235
2025-11-16 23:00:00+00:00,95.78470588
2025-11-17 00:00:00+00:00,97.36205882
2025-11-17 01:00:00+00:00,96.42147059
2025-11-17 02:00:00+00:00,97.12264706
2025-11-17 03:00:00+00:00,97.16705882
2025-11-17 04:00:00+00:00,96.73735294
2025-11-17 05:00:00+00:00,96.96794118
2025-11-17 06:00:00+00:00,97.22852941
2025-11-17 07:00:00+00:00,97.04558824
2025-11-17 08:00:00+00:00,96.40176471
2025-11-17 09:00:00+00:00,96.31323529
2025-11-17 10:00:00+00:00,96.58911765
2025-11-17 11:00:00+00:00,96.53941176
2025-11-17 12:00:00+00:00,95.99
2025-11-17 13:00:00+00:00,94.255
2025-11-17 14:00:00+00:00,95.69852941
2025-11-17 15:00:00+00:00,94.67117647
2025-11-17 16:00:00+00:00,95.34411765
2025-11-17 17:00:00+00:00,93.48088235
2025-11-17 18:00:00+00:00,92.78176471
2025-11-17 19:00:00+00:00,91.98235294
2025-11-17 20:00:00+00:00,92.11205882
2025-11-17 21:00:00+00:00,91.71352941
2025-11-17 22:00:00+00:00,91.35058824
2025-11-17 23:00:00+00:00,91.24970588
2025-11-18 00:00:00+00:00,92.05647059
2025-11-18 01:00:00+00:00,91.96970588
2025-11-18 02:00:00+00:00,91.63558824
2025-11-18 03:00:00+00:00,93.12
2025-11-18 04:00:00+00:00,93.80058824
2025-11-18 05:00:00+00:00,93.99058824
2025-11-18 06:00:00+00:00,93.82294118
2025-11-18 07:00:00+00:00,95.47058824
2025-11-18 08:00:00+00:00,95.805
2025-11-18 09:00:00+00:00,96.18352941
2025-11-18 10:00:00+00:00,95.08882353
2025-11-18 11:00:00+00:00,95.27617647
2025-11-18 12:00:00+00:00,95.96205882
2025-11-18 13:00:00+00:00,95.86647059
2025-11-18 14:00:00+00:00,94.92705882
2025-11-18 15:00:00+00:00,96.36529412
2025-11-18 16:00:00+00:00,96.52823529
2025-11-18 17:00:00+00:00,96.155
2025-11-18 18:00:00+00:00,95.35794118
2025-11-18 19:00:00+00:00,95.10941176
2025-11-18 20:00:00+00:00,95.35352941
2025-11-18 21:00:00+00:00,94.77
2025-11-18 22:00:00+00:00,96.17117647
2025-11-18 23:00:00+00:00,95.66352941
2025-11-19 00:00:00+00:00,95.81823529
2025-11-19 01:00:00+00:00,95.32676471
2025-11-19 02:00:00+00:00,95.27205882
2025-11-19 03:00:00+00:00,94.50911765
2025-11-19 04:00:00+00:00,93.91205882
2025-11-19 05:00:00+00:00,93.01676471
2025-11-19 06:00:00+00:00,93.945
2025-11-19 07:00:00+00:00,94.46823529
2025-11-19 08:00:00+00:00,94.37911765
2025-11-19 09:00:00+00:00,93.62647059
2025-11-19 10:00:00+00:00,93.75411765
2025-11-19 11:00:00+00:00,93.52205882
2025-11-19 12:00:00+00:00,93.68823529
2025-11-19 13:00:00+00:00,92.85411765
2025-11-19 14:00:00+00:00,93.60617647
2025-11-19 15:00:00+00:00,91.72264706
2025-11-19 16:00:00+00:00,90.81205882
2025-11-19 17:00:00+00:00,90.04147059
2025-11-19 18:00:00+00:00,89.41029412
2025-11-19 19:00:00+00:00,89.91029412
2025-11-19 20:00:00+00:00,90.91
2025-11-19 21:00:00+00:00,92.48941176
2025-11-19 22:00:00+00:00,92.28088235
2025-11-19 23:00:00+00:00,92.90382353
2025-11-20 00:00:00+00:00,92.62970588
2025-11-20 01:00:00+00:00,93.38911765
2025-11-20 02:00:00+00:00,93.15382353
2025-11-20 03:00:00+00:00,93.22029412
2025-11-20 04:00:00+00:00,93.65882353
2025-11-20 05:00:00+00:00,92.84794118
2025-11-20 06:00:00+00:00,92.78411765
2025-11-20 07:00:00+00:00,93.12411765
2025-11-20 08:00:00+00:00,92.81676471
2025-11-20 09:00:00+00:00,92.58264706
2025-11-20 10:00:00+00:00,92.60352941
2025-11-20 11:00:00+00:00,92.615
2025-11-20 12:00:00+00:00,92.80676471
2025-11-20 13:00:00+00:00,91.92470588
2025-11-20 14:00:00+00:00,92.10735294
2025-11-20 15:00:00+00:00,90.39647059
2025-11-20 16:00:00+00:00,87.04470588
2025-11-20 17:00:00+00:00,87.11029412
2025-11-20 18:00:00+00:00,86.85617647
2025-11-20 19:00:00+00:00,87.07764706
2025-11-20 20:00:00+00:00,86.79823529
2025-11-20 21:00:00+00:00,87.77676471
2025-11-20 22:00:00+00:00,88.71205882
2025-11-20 23:00:00+00:00,87.25
2025-11-21 00:00:00+00:00,88.27411765
2025-11-21 01:00:00+00:00,88.04558824
2025-11-21 02:00:00+00:00,86.70411765
2025-11-21 03:00:00+00:00,87.06411765
2025-11-21 04:00:00+00:00,87.41470588
2025-11-21 05:00:00+00:00,86.9
2025-11-21 06:00:00+00:00,86.97411765
2025-11-21 07:00:00+00:00,84.63264706
2025-11-21 08:00:00+00:00,84.21058824
2025-11-21 09:00:00+00:00,83.14235294
2025-11-21 10:00:00+00:00,82.97911765
2025-11-21 11:00:00+00:00,81.75441176
2025-11-21 12:00:00+00:00,82.62823529
2025-11-21 13:00:00+00:00,83.46382353
2025-11-21 14:00:00+00:00,83.88147059
2025-11-21 15:00:00+00:00,82.03441176
2025-11-21 16:00:00+00:00,83.72676471
2025-11-21 17:00:00+00:00,83.37
2025-11-21 18:00:00+00:00,83.23764706
2025-11-21 19:00:00+00:00,82.98088235
2025-11-21 20:00:00+00:00,81.99147059
2025-11-21 21:00:00+00:00,82.65882353
2025-11-21 22:00:00+00:00,81.05088235
2025-11-21 23:00:00+00:00,82.64323529
2025-11-22 00:00:00+00:00,82.92852941
2025-11-22 01:00:00+00:00,83.86352941
2025-11-22 02:00:00+00:00,83.40294118
2025-11-22 03:00:00+00:00,83.25294118
2025-11-22 04:00:00+00:00,82.55764706
2025-11-22 05:00:00+00:00,82.27058824
2025-11-22 06:00:00+00:00,83.23676471
2025-11-22 07:00:00+00:00,83.21911765
2025-11-22 08:00:00+00:00,81.68323529
2025-11-22 09:00:00+00:00,81.88470588
2025-11-22 10:00:00+00:00,82.08705882
2025-11-22 11:00:00+00:00,82.90911765
2025-11-22 12:00:00+00:00,82.03529412
2025-11-22 13:00:00+00:00,81.28882353
2025-11-22 14:00:00+00:00,81.95676471
2025-11-22 15:00:00+00:00,81.51794118
2025-11-22 16:00:00+00:00,82.15470588
2025-11-22 17:00:00+00:00,82.02823529
2025-11-22 18:00:00+00:00,82.38470588
2025-11-22 19:00:00+00:00,82.08764706
2025-11-22 20:00:00+00:00,81.52
2025-11-22 21:00:00+00:00,81.85470588
2025-11-22 22:00:00+00:00,82.92911765
2025-11-22 23:00:00+00:00,82.12794118
2025-11-23 00:00:00+00:00,82.13441176
2025-11-23 01:00:00+00:00,83.27441176
2025-11-23 02:00:00+00:00,83.85941176
2025-11-23 03:00:00+00:00,83.71735294
2025-11-23 04:00:00+00:00,83.98
2025-11-23 05:00:00+00:00,83.80558824
2025-11-23 06:00:00+00:00,83.05264706
2025-11-23 07:00:00+00:00,83.12852941
2025-11-23 08:00:00+00:00,83.33647059
2025-11-23 09:00:00+00:00,83.27029412
2025-11-23 10:00:00+00:00,83.12529412
2025-11-23 11:00:00+00:00,83.08441176
2025-11-23 12:00:00+00:00,83.45735294
2025-11-23 13:00:00+00:00,83.87852941
2025-11-23 14:00:00+00:00,83.04352941
2025-11-23 15:00:00+00:00,83.76117647
2025-11-23 16:00:00+00:00,83.41617647
2025-11-23 17:00:00+00:00,83.02176471
2025-11-23 18:00:00+00:00,83.49882353
2025-11-23 19:00:00+00:00,83.85823529
2025-11-23 20:00:00+00:00,83.78323529
2025-11-23 21:00:00+00:00,84.35382353
2025-11-23 22:00:00+00:00,84.10176471
2025-11-23 23:00:00+00:00,83.09
2025-11-24 00:00:00+00:00,83.10676471
2025-11-24 01:00:00+00:00,83.31352941
2025-11-24 02:00:00+00:00,84.31117647
2025-11-24 03:00:00+00:00,84.19147059
2025-11-24 04:00:00+00:00,83.41852941
2025-11-24 05:00:00+00:00,84.25294118
2025-11-24 06:00:00+00:00,83.91882353
2025-11-24 07:00:00+00:00,83.87588235
2025-11-24 08:00:00+00:00,84.37147059
2025-11-24 09:00:00+00:00,83.14264706
2025-11-24 10:00:00+00:00,83.27382353
2025-11-24 11:00:00+00:00,83.21441176
2025-11-24 12:00:00+00:00,82.65735294
2025-11-24 13:00:00+00:00,82.91676471
2025-11-24 14:00:00+00:00,83.39411765
2025-11-24 15:00:00+00:00,84.16764706
2025-11-24 16:00:00+00:00,84.92323529
2025-11-24 17:00:00+00:00,86.80529412
2025-11-24 18:00:00+00:00,86.30911765
2025-11-24 19:00:00+00:00,86.02647059
2025-11-24 20:00:00+00:00,86.99
2025-11-24 21:00:00+00:00,86.03147059
2025-11-24 22:00:00+00:00,86.13705882
2025-11-24 23:00:00+00:00,85.47117647
2025-11-25 00:00:00+00:00,86.08088235
2025-11-25 01:00:00+00:00,85.86
2025-11-25 02:00:00+00:00,85.86176471
2025-11-25 03:00:00+00:00,85.40294118
2025-11-25 04:00:00+00:00,85.31941176
2025-11-25 05:00:00+00:00,84.84
2025-11-25 06:00:00+00:00,84.515
2025-11-25 07:00:00+00:00,84.10470588
2025-11-25 08:00:00+00:00,83.69
2025-11-25 09:00:00+00:00,84.49147059
2025-11-25 10:00:00+00:00,83.97588235
2025-11-25 11:00:00+00:00,83.73588235
2025-11-25 12:00:00+00:00,84.14235294
2025-11-25 13:00:00+00:00,83.66029412
2025-11-25 14:00:00+00:00,84.03058824
2025-11-25 15:00:00+00:00,84.21294118
2025-11-25 16:00:00+00:00,85.15294118
2025-11-25 17:00:00+00:00,86.23941176
2025-11-25 18:00:00+00:00,85.66588235
2025-11-25 19:00:00+00:00,85.39029412
2025-11-25 20:00:00+00:00,85.86205882
2025-11-25 21:00:00+00:00,84.89323529
2025-11-25 22:00:00+00:00,85.52764706
2025-11-25 23:00:00+00:00,85.30294118
2025-11-26 00:00:00+00:00,85.38
2025-11-26 01:00:00+00:00,85.76823529
2025-11-26 02:00:00+00:00,85.14382353
2025-11-26 03:00:00+00:00,84.53558824
2025-11-26 04:00:00+00:00,84.71647059
2025-11-26 05:00:00+00:00,85.22558824
2025-11-26 06:00:00+00:00,85.19382353
2025-11-26 07:00:00+00:00,85.39705882
2025-11-26 08:00:00+00:00,84.81852941
2025-11-26 09:00:00+00:00,84.845
2025-11-26 10:00:00+00:00,84.67176471
2025-11-26 11:00:00+00:00,84.15264706
2025-11-26 12:00:00+00:00,83.82764706
2025-11-26 13:00:00+00:00,84.51941176
2025-11-26 14:00:00+00:00,83.84088235
2025-11-26 15:00:00+00:00,83.82294118
2025-11-26 16:00:00+00:00,84.24147059
2025-11-26 17:00:00+00:00,86.18147059
2025-11-26 18:00:00+00:00,86.99323529
2025-11-26 19:00:00+00:00,86.59823529
2025-11-26 20:00:00+00:00,86.63823529
2025-11-26 21:00:00+00:00,87.03617647
2025-11-26 22:00:00+00:00,87.16058824
2025-11-26 23:00:00+00:00,86.86382353
2025-11-27 00:00:00+00:00,86.665
2025-11-27 01:00:00+00:00,86.88294118
2025-11-27 02:00:00+00:00,86.53970588
2025-11-27 03:00:00+00:00,86.18852941
2025-11-27 04:00:00+00:00,86.37558824
2025-11-27 05:00:00+00:00,86.43352941
2025-11-27 06:00:00+00:00,86.59205882
2025-11-27 07:00:00+00:00,86.47735294
2025-11-27 08:00:00+00:00,86.58588235
2025-11-27 09:00:00+00:00,87.03647059
2025-11-27 10:00:00+00:00,86.68058824
2025-11-27 11:00:00+00:00,86.43676471
2025-11-27 12:00:00+00:00,86.39176471
2025-11-27 13:00:00+00:00,86.60852941
2025-11-27 14:00:00+00:00,86.76088235
2025-11-27 15:00:00+00:00,87.24117647
2025-11-27 16:00:00+00:00,87.19264706
2025-11-27 17:00:00+00:00,87.15941176
2025-11-27 18:00:00+00:00,87.36794118
2025-11-27 19:00:00+00:00,87.30441176
2025-11-27 20:00:00+00:00,87.55235294
2025-11-27 21:00:00+00:00,87.33705882
2025-11-27 22:00:00+00:00,86.61735294
2025-11-27 23:00:00+00:00,86.59676471
2025-11-28 00:00:00+00:00,86.15647059
2025-11-28 01:00:00+00:00,85.095
2025-11-28 02:00:00+00:00,85.35264706
2025-11-28 03:00:00+00:00,85.30294118
2025-11-28 04:00:00+00:00,85.00911765
2025-11-28 05:00:00+00:00,85.21058824
2025-11-28 06:00:00+00:00,84.74029412
2025-11-28 07:00:00+00:00,84.64
2025-11-28 08:00:00+00:00,86.02529412
2025-11-28 09:00:00+00:00,85.71558824
2025-11-28 10:00:00+00:00,85.805
2025-11-28 11:00:00+00:00,85.07235294
2025-11-28 12:00:00+00:00,85.03823529
2025-11-28 13:00:00+00:00,85.68882353
2025-11-28 14:00:00+00:00,86.02147059
2025-11-28 15:00:00+00:00,85.96735294
2025-11-28 16:00:00+00:00,84.66558824
2025-11-28 17:00:00+00:00,83.64882353
2025-11-28 18:00:00+00:00,84.02529412
2025-11-28 19:00:00+00:00,84.78588235
2025-11-28 20:00:00+00:00,84.67088235
2025-11-28 21:00:00+00:00,84.42382353
2025-11-28 22:00:00+00:00,84.76764706
2025-11-28 23:00:00+00:00,84.22529412
2025-11-29 00:00:00+00:00,84.47147059
2025-11-29 01:00:00+00:00,84.60235294
2025-11-29 02:00:00+00:00,84.39058824
2025-11-29 03:00:00+00:00,84.42529412
2025-11-29 04:00:00+00:00,85.62794118
2025-11-29 05:00:00+00:00,84.85176471
2025-11-29 06:00:00+00:00,84.47941176
2025-11-29 07:00:00+00:00,84.22882353
2025-11-29 08:00:00+00:00,84.18588235
2025-11-29 09:00:00+00:00,84.44617647
2025-11-29 10:00:00+00:00,84.53382353
2025-11-29 11:00:00+00:00,84.63588235
2025-11-29 12:00:00+00:00,84.14852941
2025-11-29 13:00:00+00:00,84.19029412
2025-11-29 14:00:00+00:00,84.03705882
2025-11-29 15:00:00+00:00,84.41294118
2025-11-29 16:00:00+00:00,84.20941176
2025-11-29 17:00:00+00:00,83.52382353
2025-11-29 18:00:00+00:00,83.57470588
2025-11-29 19:00:00+00:00,83.73294118
2025-11-29 20:00:00+00:00,84.20764706
2025-11-29 21:00:00+00:00,84.04735294
2025-11-29 22:00:00+00:00,83.88235294
2025-11-29 23:00:00+00:00,83.94411765
2025-11-30 00:00:00+00:00,84.05911765
2025-11-30 01:00:00+00:00,84.27470588
2025-11-30 02:00:00+00:00,83.97617647
2025-11-30 03:00:00+00:00,84.13882353
2025-11-30 04:00:00+00:00,84.00029412
2025-11-30 05:00:00+00:00,83.75352941
2025-11-30 06:00:00+00:00,83.90588235
2025-11-30 07:00:00+00:00,84.12852941
2025-11-30 08:00:00+00:00,84.23117647
2025-11-30 09:00:00+00:00,84.33205882
2025-11-30 10:00:00+00:00,84.02911765
2025-11-30 11:00:00+00:00,83.91970588
2025-11-30 12:00:00+00:00,84.36264706
2025-11-30 13:00:00+00:00,84.77941176
2025-11-30 14:00:00+00:00,84.21147059
2025-11-30 15:00:00+00:00,83.92029412
2025-11-30 16:00:00+00:00,84.34235294
2025-11-30 17:00:00+00:00,84.31823529
2025-11-30 18:00:00+00:00,84.00470588
2025-11-30 19:00:00+00:00,83.97411765
2025-11-30 20:00:00+00:00,83.87205882
2025-11-30 21:00:00+00:00,83.79823529
2025-11-30 22:00:00+00:00,84.04764706
2025-11-30 23:00:00+00:00,82.36705882
2025-12-01 00:00:00+00:00,77.99323529
2025-12-01 01:00:00+00:00,78.47235294
2025-12-01 02:00:00+00:00,78.49588235
2025-12-01 03:00:00+00:00,78.05264706
2025-12-01 04:00:00+00:00,77.16794118
2025-12-01 05:00:00+00:00,77.29147059
2025-12-01 06:00:00+00:00,77.43705882
2025-12-01 07:00:00+00:00,77.50617647
2025-12-01 08:00:00+00:00,77.91617647
2025-12-01 09:00:00+00:00,77.66970588
2025-12-01 10:00:00+00:00,77.86
2025-12-01 11:00:00+00:00,77.45352941
2025-12-01 12:00:00+00:00,76.915
2025-12-01 13:00:00+00:00,76.57911765
2025-12-01 14:00:00+00:00,76.72941176
2025-12-01 15:00:00+00:00,75.63588235
2025-12-01 16:00:00+00:00,75.16441176
2025-12-01 17:00:00+00:00,75.615
2025-12-01 18:00:00+00:00,76.09441176
2025-12-01 19:00:00+00:00,76.03794118
2025-12-01 20:00:00+00:00,76.80117647
2025-12-01 21:00:00+00:00,77.33588235
2025-12-01 22:00:00+00:00,77.51058824
2025-12-01 23:00:00+00:00,77.55558824
2025-12-02 00:00:00+00:00,77.75558824
2025-12-02 01:00:00+00:00,77.59205882
2025-12-02 02:00:00+00:00,77.64
2025-12-02 03:00:00+00:00,77.86382353
2025-12-02 04:00:00+00:00,77.55411765
2025-12-02 05:00:00+00:00,77.50058824
2025-12-02 06:00:00+00:00,77.97588235
2025-12-02 07:00:00+00:00,78.04382353
2025-12-02 08:00:00+00:00,77.35558824
2025-12-02 09:00:00+00:00,77.88647059
2025-12-02 10:00:00+00:00,78.48735294
2025-12-02 11:00:00+00:00,78.62176471
2025-12-02 12:00:00+00:00,78.51117647
2025-12-02 13:00:00+00:00,79.35970588
2025-12-02 14:00:00+00:00,80.36294118
2025-12-02 15:00:00+00:00,82.47529412
2025-12-02 16:00:00+00:00,82.10617647
2025-12-02 17:00:00+00:00,82.18147059
2025-12-02 18:00:00+00:00,82.72235294
2025-12-02 19:00:00+00:00,82.77588235
2025-12-02 20:00:00+00:00,82.77794118
2025-12-02 21:00:00+00:00,83.105
2025-12-02 22:00:00+00:00,83.27441176
2025-12-02 23:00:00+00:00,82.79235294
2025-12-03 00:00:00+00:00,83.33441176
2025-12-03 01:00:00+00:00,83.22235294
2025-12-03 02:00:00+00:00,83.71294118
2025-12-03 03:00:00+00:00,84.00176471
2025-12-03 04:00:00+00:00,84.99058824
2025-12-03 05:00:00+00:00,85.10588235
2025-12-03 06:00:00+00:00,85.02176471
2025-12-03 07:00:00+00:00,85.17235294
2025-12-03 08:00:00+00:00,85.28294118
2025-12-03 09:00:00+00:00,85.24
2025-12-03 10:00:00+00:00,85.115
2025-12-03 11:00:00+00:00,85.47411765
2025-12-03 12:00:00+00:00,85.67911765
2025-12-03 13:00:00+00:00,85.14588235
2025-12-03 14:00:00+00:00,84.74205882
2025-12-03 15:00:00+00:00,85.15411765
2025-12-03 16:00:00+00:00,85.27205882
2025-12-03 17:00:00+00:00,85.46235294
2025-12-03 18:00:00+00:00,85.46558824
2025-12-03 19:00:00+00:00,85.76411765
2025-12-03 20:00:00+00:00,85.87647059
2025-12-03 21:00:00+00:00,86.58294118
2025-12-03 22:00:00+00:00,86.12235294
2025-12-03 23:00:00+00:00,85.84117647
2025-12-04 00:00:00+00:00,86.22852941
2025-12-04 01:00:00+00:00,86.08029412
2025-12-04 02:00:00+00:00,86.42117647
2025-12-04 03:00:00+00:00,86.16794118
2025-12-04 04:00:00+00:00,85.86529412
2025-12-04 05:00:00+00:00,85.98852941
2025-12-04 06:00:00+00:00,85.69735294
2025-12-04 07:00:00+00:00,85.6
2025-12-04 08:00:00+00:00,85.12
2025-12-04 09:00:00+00:00,84.92176471
2025-12-04 10:00:00+00:00,84.60676471
2025-12-04 11:00:00+00:00,84.05382353
2025-12-04 12:00:00+00:00,84.25911765
2025-12-04 13:00:00+00:00,84.06029412
2025-12-04 14:00:00+00:00,83.45911765
2025-12-04 15:00:00+00:00,84.48176471
2025-12-04 16:00:00+00:00,83.76
2025-12-04 17:00:00+00:00,83.72382353
2025-12-04 18:00:00+00:00,83.61470588
2025-12-04 19:00:00+00:00,83.32794118
2025-12-04 20:00:00+00:00,84.00705882
2025-12-04 21:00:00+00:00,83.57088235
2025-12-04 22:00:00+00:00,83.81794118
2025-12-04 23:00:00+00:00,83.53558824
2025-12-05 00:00:00+00:00,83.70882353
2025-12-05 01:00:00+00:00,83.67441176
2025-12-05 02:00:00+00:00,83.79970588
2025-12-05 03:00:00+00:00,83.42382353
2025-12-05 04:00:00+00:00,83.32882353
2025-12-05 05:00:00+00:00,83.32794118
2025-12-05 06:00:00+00:00,83.65735294
2025-12-05 07:00:00+00:00,83.61088235
2025-12-05 08:00:00+00:00,83.31903226
2025-12-05 09:00:00+00:00,82.14735294
2025-12-05 10:00:00+00:00,82.25882353
2025-12-05 11:00:00+00:00,82.22029412
2025-12-05 12:00:00+00:00,82.38058824
2025-12-05 13:00:00+00:00,82.11
2025-12-05 14:00:00+00:00,81.79941176
2025-12-05 15:00:00+00:00,81.99323529
2025-12-05 16:00:00+00:00,80.51470588
2025-12-05 17:00:00+00:00,80.52294118
2025-12-05 18:00:00+00:00,79.995
2025-12-05 19:00:00+00:00,80.41970588
2025-12-05 20:00:00+00:00,80.05529412
2025-12-05 21:00:00+00:00,80.00617647
2025-12-05 22:00:00+00:00,80.27205882
2025-12-05 23:00:00+00:00,80.39588235
2025-12-06 00:00:00+00:00,80.43588235
2025-12-06 01:00:00+00:00,80.29764706
2025-12-06 02:00:00+00:00,80.53676471
2025-12-06 03:00:00+00:00,80.65735294
2025-12-06 04:00:00+00:00,80.41941176
2025-12-06 05:00:00+00:00,80.29558824
2025-12-06 06:00:00+00:00,80.42588235
2025-12-06 07:00:00+00:00,80.16705882
2025-12-06 08:00:00+00:00,80.02470588
2025-12-06 09:00:00+00:00,80.50882353
2025-12-06 10:00:00+00:00,80.62029412
2025-12-06 11:00:00+00:00,81.11441176
2025-12-06 12:00:00+00:00,81.26029412
2025-12-06 13:00:00+00:00,81.55941176
2025-12-06 14:00:00+00:00,81.65058824
2025-12-06 15:00:00+00:00,80.89352941
2025-12-06 16:00:00+00:00,81.09470588
2025-12-06 17:00:00+00:00,81.65176471
2025-12-06 18:00:00+00:00,82.01029412
2025-12-06 19:00:00+00:00,81.65529412
2025-12-06 20:00:00+00:00,81.76676471
2025-12-06 21:00:00+00:00,81.85647059
2025-12-06 22:00:00+00:00,81.69882353
2025-12-06 23:00:00+00:00,81.68147059
2025-12-07 00:00:00+00:00,82.23029412
2025-12-07 01:00:00+00:00,82.03558824
2025-12-07 02:00:00+00:00,82.23323529
2025-12-07 03:00:00+00:00,82.17176471
2025-12-07 04:00:00+00:00,82.11382353
2025-12-07 05:00:00+00:00,82.10588235
2025-12-07 06:00:00+00:00,82.70411765
2025-12-07 07:00:00+00:00,82.37470588
2025-12-07 08:00:00+00:00,82.08382353
2025-12-07 09:00:00+00:00,81.58764706
2025-12-07 10:00:00+00:00,81.77029412
2025-12-07 11:00:00+00:00,81.68970588
2025-12-07 12:00:00+00:00,82.31470588
2025-12-07 13:00:00+00:00,81.72764706
2025-12-07 14:00:00+00:00,79.97617647
2025-12-07 15:00:00+00:00,81.64323529
2025-12-07 16:00:00+00:00,81.52294118
2025-12-07 17:00:00+00:00,83.05735294
2025-12-07 18:00:00+00:00,83.16470588
2025-12-07 19:00:00+00:00,83.23176471
2025-12-07 20:00:00+00:00,83.20058824
2025-12-07 21:00:00+00:00,81.64764706
2025-12-07 22:00:00+00:00,81.03029412
2025-12-07 23:00:00+00:00,81.43117647
2025-12-08 00:00:00+00:00,81.25382353
2025-12-08 01:00:00+00:00,82.09705882
2025-12-08 02:00:00+00:00,82.56764706
2025-12-08 03:00:00+00:00,82.43970588
2025-12-08 04:00:00+00:00,82.79705882
2025-12-08 05:00:00+00:00,83.30970588
2025-12-08 06:00:00+00:00,83.52764706
2025-12-08 07:00:00+00:00,83.22205882
2025-12-08 08:00:00+00:00,83.47117647
2025-12-08 09:00:00+00:00,83.80588235
2025-12-08 10:00:00+00:00,83.85147059
2025-12-08 11:00:00+00:00,83.59176471
2025-12-08 12:00:00+00:00,83.60147059
2025-12-08 13:00:00+00:00,83.49176471
2025-12-08 14:00:00+00:00,83.38970588
2025-12-08 15:00:00+00:00,83.35205882
2025-12-08 16:00:00+00:00,83.60176471
2025-12-08 17:00:00+00:00,83.89794118
2025-12-08 18:00:00+00:00,83.17882353
2025-12-08 19:00:00+00:00,83.23705882
2025-12-08 20:00:00+00:00,83.93029412
2025-12-08 21:00:00+00:00,84.32558824
2025-12-08 22:00:00+00:00,84.14294118
2025-12-08 23:00:00+00:00,83.88
2025-12-09 00:00:00+00:00,83.99735294
2025-12-09 01:00:00+00:00,83.49029412
2025-12-09 02:00:00+00:00,83.22205882
2025-12-09 03:00:00+00:00,83.53852941
2025-12-09 04:00:00+00:00,83.04058824
2025-12-09 05:00:00+00:00,82.89441176
2025-12-09 06:00:00+00:00,82.87441176
2025-12-09 07:00:00+00:00,83.42411765
2025-12-09 08:00:00+00:00,83.53176471
2025-12-09 09:00:00+00:00,83.35970588
2025-12-09 10:00:00+00:00,83.36852941
2025-12-09 11:00:00+00:00,83.32441176
2025-12-09 12:00:00+00:00,84.14470588
2025-12-09 13:00:00+00:00,84.52382353
2025-12-09 14:00:00+00:00,83.68088235
2025-12-09 15:00:00+00:00,85.82941176
2025-12-09 16:00:00+00:00,87.05588235
2025-12-09 17:00:00+00:00,86.64176471
2025-12-09 18:00:00+00:00,86.53205882
2025-12-09 19:00:00+00:00,86.39823529
2025-12-09 20:00:00+00:00,85.95382353
2025-12-09 21:00:00+00:00,85.43794118
2025-12-09 22:00:00+00:00,86.21470588
2025-12-09 23:00:00+00:00,85.845
2025-12-10 00:00:00+00:00,85.27529412
2025-12-10 01:00:00+00:00,85.13352941
2025-12-10 02:00:00+00:00,84.99352941
2025-12-10 03:00:00+00:00,84.70617647
2025-12-10 04:00:00+00:00,84.58735294
2025-12-10 05:00:00+00:00,84.52823529
2025-12-10 06:00:00+00:00,84.35
2025-12-10 07:00:00+00:00,84.23970588
2025-12-10 08:00:00+00:00,84.20470588
2025-12-10 09:00:00+00:00,84.65235294
2025-12-10 10:00:00+00:00,83.83941176
2025-12-10 11:00:00+00:00,84.16441176
2025-12-10 12:00:00+00:00,84.22823529
2025-12-10 13:00:00+00:00,84.39911765
2025-12-10 14:00:00+00:00,84.24852941
2025-12-10 15:00:00+00:00,84.20764706
2025-12-10 16:00:00+00:00,84.64411765
2025-12-10 17:00:00+00:00,84.83411765
2025-12-10 18:00:00+00:00,84.985
2025-12-10 19:00:00+00:00,85.66676471
2025-12-10 20:00:00+00:00,85.37235294
2025-12-10 21:00:00+00:00,84.89235294
2025-12-10 22:00:00+00:00,85.27882353
2025-12-10 23:00:00+00:00,84.31029412
2025-12-11 00:00:00+00:00,82.79
2025-12-11 01:00:00+00:00,81.55058824
2025-12-11 02:00:00+00:00,80.90882353
2025-12-11 03:00:00+00:00,80.66264706
2025-12-11 04:00:00+00:00,81.585
2025-12-11 05:00:00+00:00,81.57588235
2025-12-11 06:00:00+00:00,81.27147059
2025-12-11 07:00:00+00:00,80.89529412
2025-12-11 08:00:00+00:00,80.945
2025-12-11 09:00:00+00:00,80.985
2025-12-11 10:00:00+00:00,80.88529412
2025-12-11 11:00:00+00:00,80.99441176
2025-12-11 12:00:00+00:00,80.69176471
2025-12-11 13:00:00+00:00,80.96529412
2025-12-11 14:00:00+00:00,80.86617647
2025-12-11 15:00:00+00:00,81.05323529
2025-12-11 16:00:00+00:00,81.16382353
2025-12-11 17:00:00+00:00,81.37852941
2025-12-11 18:00:00+00:00,81.74970588
2025-12-11 19:00:00+00:00,81.66470588
2025-12-11 20:00:00+00:00,82.4
2025-12-11 21:00:00+00:00,83.23470588
2025-12-11 22:00:00+00:00,82.88323529
2025-12-11 23:00:00+00:00,82.93117647
2025-12-12 00:00:00+00:00,82.29205882
2025-12-12 01:00:00+00:00,82.84735294
2025-12-12 02:00:00+00:00,83.25852941
2025-12-12 03:00:00+00:00,82.93176471
2025-12-12 04:00:00+00:00,82.735
2025-12-12 05:00:00+00:00,83.16970588
2025-12-12 06:00:00+00:00,83.40764706
2025-12-12 07:00:00+00:00,83.39470588
2025-12-12 08:00:00+00:00,83.39235294
2025-12-12 09:00:00+00:00,83.94176471
2025-12-12 10:00:00+00:00,83.925
2025-12-12 11:00:00+00:00,84.06970588
2025-12-12 12:00:00+00:00,84.28882353
2025-12-12 13:00:00+00:00,84.06911765
2025-12-12 14:00:00+00:00,84.21941176
2025-12-12 15:00:00+00:00,81.36323529
2025-12-12 16:00:00+00:00,80.94382353
2025-12-12 17:00:00+00:00,81.53617647
2025-12-12 18:00:00+00:00,81.72676471
2025-12-12 19:00:00+00:00,81.31470588
2025-12-12 20:00:00+00:00,81.60058824
2025-12-12 21:00:00+00:00,81.81176471
2025-12-12 22:00:00+00:00,82.01529412
2025-12-12 23:00:00+00:00,81.94411765
2025-12-13 00:00:00+00:00,81.94647059
2025-12-13 01:00:00+00:00,82.10735294
2025-12-13 02:00:00+00:00,82.15029412
2025-12-13 03:00:00+00:00,82.35058824
2025-12-13 04:00:00+00:00,82.31764706
2025-12-13 05:00:00+00:00,82.21147059
2025-12-13 06:00:00+00:00,81.66558824
2025-12-13 07:00:00+00:00,81.83205882
2025-12-13 08:00:00+00:00,81.99264706
2025-12-13 09:00:00+00:00,81.84852941
2025-12-13 10:00:00+00:00,81.81029412
2025-12-13 11:00:00+00:00,81.62294118
2025-12-13 12:00:00+00:00,81.57852941
2025-12-13 13:00:00+00:00,81.39117647
2025-12-13 14:00:00+00:00,81.44441176
2025-12-13 15:00:00+00:00,81.74352941
2025-12-13 16:00:00+00:00,81.92323529
2025-12-13 17:00:00+00:00,81.59
2025-12-13 18:00:00+00:00,81.30823529
2025-12-13 19:00:00+00:00,81.39235294
2025-12-13 20:00:00+00:00,81.38235294
2025-12-13 21:00:00+00:00,81.26264706
2025-12-13 22:00:00+00:00,81.29823529
2025-12-13 23:00:00+00:00,81.45088235
2025-12-14 00:00:00+00:00,81.48617647
2025-12-14 01:00:00+00:00,81.51029412
2025-12-14 02:00:00+00:00,81.69882353
2025-12-14 03:00:00+00:00,81.50617647
2025-12-14 04:00:00+00:00,81.16941176
2025-12-14 05:00:00+00:00,81.06941176
2025-12-14 06:00:00+00:00,80.90264706
2025-12-14 07:00:00+00:00,81.05382353
2025-12-14 08:00:00+00:00,80.96882353
2025-12-14 09:00:00+00:00,80.90735294
2025-12-14 10:00:00+00:00,80.55588235
2025-12-14 11:00:00+00:00,80.00529412
2025-12-14 12:00:00+00:00,80.26176471
2025-12-14 13:00:00+00:00,80.29147059
2025-12-14 14:00:00+00:00,79.35411765
2025-12-14 15:00:00+00:00,78.91411765
2025-12-14 16:00:00+00:00,79.34882353
2025-12-14 17:00:00+00:00,78.93882353
2025-12-14 18:00:00+00:00,79.41441176
2025-12-14 19:00:00+00:00,79.13941176
2025-12-14 20:00:00+00:00,79.01529412
2025-12-14 21:00:00+00:00,78.23058824
2025-12-14 22:00:00+00:00,78.66764706
2025-12-14 23:00:00+00:00,78.95823529
2025-12-15 00:00:00+00:00,79.41823529
2025-12-15 01:00:00+00:00,80.37117647
2025-12-15 02:00:00+00:00,80.18323529
2025-12-15 03:00:00+00:00,80.38294118
2025-12-15 04:00:00+00:00,80.78735294
2025-12-15 05:00:00+00:00,81.16558824
2025-12-15 06:00:00+00:00,81.035
2025-12-15 07:00:00+00:00,80.785
2025-12-15 08:00:00+00:00,80.87205882
2025-12-15 09:00:00+00:00,81.01735294
2025-12-15 10:00:00+00:00,80.96941176
2025-12-15 11:00:00+00:00,81.05676471
2025-12-15 12:00:00+00:00,80.96264706
2025-12-15 13:00:00+00:00,80.61882353
2025-12-15 14:00:00+00:00,79.63764706
2025-12-15 15:00:00+00:00,77.84794118
2025-12-15 16:00:00+00:00,77.085
2025-12-15 17:00:00+00:00,76.46411765
2025-12-15 18:00:00+00:00,76.80911765
2025-12-15 19:00:00+00:00,76.99176471
2025-12-15 20:00:00+00:00,76.32705882
2025-12-15 21:00:00+00:00,77.01617647
2025-12-15 22:00:00+00:00,77.39117647
2025-12-15 23:00:00+00:00,77.51823529
2025-12-16 00:00:00+00:00,77.15588235
2025-12-16 01:00:00+00:00,77.20382353
2025-12-16 02:00:00+00:00,77.47852941
2025-12-16 03:00:00+00:00,77.85176471
2025-12-16 04:00:00+00:00,77.41529412
2025-12-16 05:00:00+00:00,77.36323529
2025-12-16 06:00:00+00:00,78.03441176
2025-12-16 07:00:00+00:00,77.17735294
2025-12-16 08:00:00+00:00,77.26205882
2025-12-16 09:00:00+00:00,77.585
2025-12-16 10:00:00+00:00,78.45382353
2025-12-16 11:00:00+00:00,78.98029412
2025-12-16 12:00:00+00:00,78.85
2025-12-16 13:00:00+00:00,77.67735294
2025-12-16 14:00:00+00:00,78.26205882
2025-12-16 15:00:00+00:00,79.42941176
2025-12-16 16:00:00+00:00,79.02205882
2025-12-16 17:00:00+00:00,78.77941176
2025-12-16 18:00:00+00:00,79.44588235
2025-12-16 19:00:00+00:00,79.20029412
2025-12-16 20:00:00+00:00,78.95941176
2025-12-16 21:00:00+00:00,79.31176471
2025-12-16 22:00:00+00:00,79.245
2025-12-16 23:00:00+00:00,79.07882353
2025-12-17 00:00:00+00:00,79.13411765
2025-12-17 01:00:00+00:00,79.25264706
2025-12-17 02:00:00+00:00,79.35911765
2025-12-17 03:00:00+00:00,79.14823529
2025-12-17 04:00:00+00:00,78.86588235
2025-12-17 05:00:00+00:00,79.22588235
2025-12-17 06:00:00+00:00,78.99794118
2025-12-17 07:00:00+00:00,78.86176471
2025-12-17 08:00:00+00:00,78.375
2025-12-17 09:00:00+00:00,78.12823529
2025-12-17 10:00:00+00:00,78.27235294
2025-12-17 11:00:00+00:00,78.80147059
2025-12-17 12:00:00+00:00,78.45235294
2025-12-17 13:00:00+00:00,79.25411765
2025-12-17 14:00:00+00:00,80.29411765
2025-12-17 15:00:00+00:00,78.24558824
2025-12-17 16:00:00+00:00,77.15941176
2025-12-17 17:00:00+00:00,76.40794118
2025-12-17 18:00:00+00:00,75.55764706
2025-12-17 19:00:00+00:00,76.19029412
2025-12-17 20:00:00+00:00,76.20470588
2025-12-17 21:00:00+00:00,75.57647059
2025-12-17 22:00:00+00:00,76.215
2025-12-17 23:00:00+00:00,76.01205882
2025-12-18 00:00:00+00:00,76.27117647
2025-12-18 01:00:00+00:00,75.68235294
2025-12-18 02:00:00+00:00,76.26558824
2025-12-18 03:00:00+00:00,75.77588235
2025-12-18 04:00:00+00:00,75.85147059
2025-12-18 05:00:00+00:00,74.95411765
2025-12-18 06:00:00+00:00,75.25323529
2025-12-18 07:00:00+00:00,75.35264706
2025-12-18 08:00:00+00:00,75.94352941
2025-12-18 09:00:00+00:00,75.97058824
2025-12-18 10:00:00+00:00,76.16411765
2025-12-18 11:00:00+00:00,76.21529412
2025-12-18 12:00:00+00:00,76.42088235
2025-12-18 13:00:00+00:00,78.13823529
2025-12-18 14:00:00+00:00,77.34441176
2025-12-18 15:00:00+00:00,77.66029412
2025-12-18 16:00:00+00:00,77.46088235
2025-12-18 17:00:00+00:00,75.13352941
2025-12-18 18:00:00+00:00,74.49058824
2025-12-18 19:00:00+00:00,72.76617647
2025-12-18 20:00:00+00:00,73.29470588
2025-12-18 21:00:00+00:00,74.53705882
2025-12-18 22:00:00+00:00,74.30588235
2025-12-18 23:00:00+00:00,74.28970588
2025-12-19 00:00:00+00:00,74.24058824
2025-12-19 01:00:00+00:00,73.88529412
2025-12-19 02:00:00+00:00,74.24117647
2025-12-19 03:00:00+00:00,75.73647059
2025-12-19 04:00:00+00:00,75.87676471
2025-12-19 05:00:00+00:00,75.59323529
2025-12-19 06:00:00+00:00,75.67411765
2025-12-19 07:00:00+00:00,75.86470588
2025-12-19 08:00:00+00:00,76.05529412
2025-12-19 09:00:00+00:00,76.09323529
2025-12-19 10:00:00+00:00,76.10852941
2025-12-19 11:00:00+00:00,76.23235294
2025-12-19 12:00:00+00:00,76.24088235
2025-12-19 13:00:00+00:00,76.19823529
2025-12-19 14:00:00+00:00,76.57735294
2025-12-19 15:00:00+00:00,76.25176471
2025-12-19 16:00:00+00:00,76.64205882
2025-12-19 17:00:00+00:00,76.04588235
2025-12-19 18:00:00+00:00,76.53941176
2025-12-19 19:00:00+00:00,77.67382353
2025-12-19 20:00:00+00:00,77.75411765
2025-12-19 21:00:00+00:00,77.38147059
2025-12-19 22:00:00+00:00,77.65117647
2025-12-19 23:00:00+00:00,77.48970588
2025-12-20 00:00:00+00:00,77.44558824
2025-12-20 01:00:00+00:00,77.29264706
2025-12-20 02:00:00+00:00,77.25588235
2025-12-20 03:00:00+00:00,76.93411765
2025-12-20 04:00:00+00:00,76.53558824
2025-12-20 05:00:00+00:00,76.75176471
2025-12-20 06:00:00+00:00,76.84088235
2025-12-20 07:00:00+00:00,77.11176471
2025-12-20 08:00:00+00:00,77.39705882
2025-12-20 09:00:00+00:00,77.51941176
2025-12-20 10:00:00+00:00,77.17529412
2025-12-20 11:00:00+00:00,77.38058824
2025-12-20 12:00:00+00:00,77.08411765
2025-12-20 13:00:00+00:00,77.01911765
2025-12-20 14:00:00+00:00,77.00411765
2025-12-20 15:00:00+00:00,76.70323529
2025-12-20 16:00:00+00:00,76.84852941
2025-12-20 17:00:00+00:00,76.95705882
2025-12-20 18:00:00+00:00,77.25558824
2025-12-20 19:00:00+00:00,77.31205882
2025-12-20 20:00:00+00:00,77.57558824
2025-12-20 21:00:00+00:00,77.89294118
2025-12-20 22:00:00+00:00,78.38676471
2025-12-20 23:00:00+00:00,77.84941176
2025-12-21 00:00:00+00:00,77.82382353
2025-12-21 01:00:00+00:00,77.24205882
2025-12-21 02:00:00+00:00,77.00970588
2025-12-21 03:00:00+00:00,77.22058824
2025-12-21 04:00:00+00:00,77.07411765
2025-12-21 05:00:00+00:00,77.11117647
2025-12-21 06:00:00+00:00,77.20029412
2025-12-21 07:00:00+00:00,77.185
2025-12-21 08:00:00+00:00,77.43411765
2025-12-21 09:00:00+00:00,77.66294118
2025-12-21 10:00:00+00:00,77.43735294
2025-12-21 11:00:00+00:00,77.41058824
2025-12-21 12:00:00+00:00,77.01
2025-12-21 13:00:00+00:00,75.66176471
2025-12-21 14:00:00+00:00,76.01176471
2025-12-21 15:00:00+00:00,75.96117647
2025-12-21 16:00:00+00:00,76.35294118
2025-12-21 17:00:00+00:00,76.25470588
2025-12-21 18:00:00+00:00,76.35911765
2025-12-21 19:00:00+00:00,76.61176471
2025-12-21 20:00:00+00:00,76.28323529
2025-12-21 21:00:00+00:00,76.04647059
2025-12-21 22:00:00+00:00,76.59941176
2025-12-21 23:00:00+00:00,76.77617647
2025-12-22 00:00:00+00:00,77.13294118
2025-12-22 01:00:00+00:00,77.20029412
2025-12-22 02:00:00+00:00,77.49676471
2025-12-22 03:00:00+00:00,77.98735294
2025-12-22 04:00:00+00:00,77.93411765
2025-12-22 05:00:00+00:00,77.61617647
2025-12-22 06:00:00+00:00,77.52941176
2025-12-22 07:00:00+00:00,77.81470588
2025-12-22 08:00:00+00:00,77.76823529
2025-12-22 09:00:00+00:00,77.89235294
2025-12-22 10:00:00+00:00,77.92647059
2025-12-22 11:00:00+00:00,77.92411765
2025-12-22 12:00:00+00:00,78.16411765
2025-12-22 13:00:00+00:00,78.09882353
2025-12-22 14:00:00+00:00,78.55117647
2025-12-22 15:00:00+00:00,79.30235294
2025-12-22 16:00:00+00:00,78.87382353
2025-12-22 17:00:00+00:00,78.53882353
2025-12-22 18:00:00+00:00,78.33882353
2025-12-22 19:00:00+00:00,77.08441176
2025-12-22 20:00:00+00:00,76.42
2025-12-22 21:00:00+00:00,76.72970588
2025-12-22 22:00:00+00:00,77.18823529
2025-12-22 23:00:00+00:00,77.02911765
2025-12-23 00:00:00+00:00,77.15294118
2025-12-23 01:00:00+00:00,76.89941176
2025-12-23 02:00:00+00:00,76.54176471
2025-12-23 03:00:00+00:00,76.78588235
2025-12-23 04:00:00+00:00,76.86617647
2025-12-23 05:00:00+00:00,76.98147059
2025-12-23 06:00:00+00:00,76.65764706
2025-12-23 07:00:00+00:00,76.78352941
2025-12-23 08:00:00+00:00,76.55088235
2025-12-23 09:00:00+00:00,76.60470588
2025-12-23 10:00:00+00:00,76.59058824
2025-12-23 11:00:00+00:00,76.93
2025-12-23 12:00:00+00:00,76.94676471
2025-12-23 13:00:00+00:00,76.39058824
2025-12-23 14:00:00+00:00,75.97352941
2025-12-23 15:00:00+00:00,76.69676471
2025-12-23 16:00:00+00:00,77.25588235
2025-12-23 17:00:00+00:00,76.50735294
2025-12-23 18:00:00+00:00,77.26352941
2025-12-23 19:00:00+00:00,77.23264706
2025-12-23 20:00:00+00:00,77.46764706
2025-12-23 21:00:00+00:00,77.09205882
2025-12-23 22:00:00+00:00,76.83294118
2025-12-23 23:00:00+00:00,77.01117647
2025-12-24 00:00:00+00:00,77.19
2025-12-24 01:00:00+00:00,77.10617647
2025-12-24 02:00:00+00:00,76.27352941
2025-12-24 03:00:00+00:00,76.62176471
2025-12-24 04:00:00+00:00,76.14235294
2025-12-24 05:00:00+00:00,75.81264706
2025-12-24 06:00:00+00:00,75.90794118
2025-12-24 07:00:00+00:00,75.685
2025-12-24 08:00:00+00:00,75.34382353
2025-12-24 09:00:00+00:00,75.79176471
2025-12-24 10:00:00+00:00,76.12029412
2025-12-24 11:00:00+00:00,76.15411765
2025-12-24 12:00:00+00:00,76.46764706
2025-12-24 13:00:00+00:00,76.54235294
2025-12-24 14:00:00+00:00,75.30029412
2025-12-24 15:00:00+00:00,75.93882353
2025-12-24 16:00:00+00:00,75.80911765
2025-12-24 17:00:00+00:00,75.59676471
2025-12-24 18:00:00+00:00,75.56735294
2025-12-24 19:00:00+00:00,75.77617647
2025-12-24 20:00:00+00:00,75.57441176
2025-12-24 21:00:00+00:00,75.54558824
2025-12-24 22:00:00+00:00,76.11235294
2025-12-24 23:00:00+00:00,75.79705882
2025-12-25 00:00:00+00:00,75.57823529
2025-12-25 01:00:00+00:00,75.995
2025-12-25 02:00:00+00:00,76.19764706
2025-12-25 03:00:00+00:00,76.25470588
2025-12-25 04:00:00+00:00,76.38382353
2025-12-25 05:00:00+00:00,76.31441176
2025-12-25 06:00:00+00:00,76.49235294
2025-12-25 07:00:00+00:00,76.95294118
2025-12-25 08:00:00+00:00,76.76235294
2025-12-25 09:00:00+00:00,76.85735294
2025-12-25 10:00:00+00:00,76.17529412
2025-12-25 11:00:00+00:00,76.18294118
2025-12-25 12:00:00+00:00,76.27147059
2025-12-25 13:00:00+00:00,76.26411765
2025-12-25 14:00:00+00:00,76.26852941
2025-12-25 15:00:00+00:00,76.98088235
2025-12-25 16:00:00+00:00,76.95382353
2025-12-25 17:00:00+00:00,77.14764706
2025-12-25 18:00:00+00:00,77.35058824
2025-12-25 19:00:00+00:00,77.40794118
2025-12-25 20:00:00+00:00,77.21441176
2025-12-25 21:00:00+00:00,77.05176471
2025-12-25 22:00:00+00:00,76.12941176
2025-12-25 23:00:00+00:00,75.70647059
2025-12-26 00:00:00+00:00,76.10676471
2025-12-26 01:00:00+00:00,76.34970588
2025-12-26 02:00:00+00:00,77.41
2025-12-26 03:00:00+00:00,77.54235294
2025-12-26 04:00:00+00:00,77.66205882
2025-12-26 05:00:00+00:00,77.88147059
2025-12-26 06:00:00+00:00,77.79529412
2025-12-26 07:00:00+00:00,77.23705882
2025-12-26 08:00:00+00:00,76.99647059
2025-12-26 09:00:00+00:00,77.22529412
2025-12-26 10:00:00+00:00,77.42264706
2025-12-26 11:00:00+00:00,77.095
2025-12-26 12:00:00+00:00,77.28852941
2025-12-26 13:00:00+00:00,77.39705882
2025-12-26 14:00:00+00:00,75.945
2025-12-26 15:00:00+00:00,76.63705882
2025-12-26 16:00:00+00:00,76.13470588
2025-12-26 17:00:00+00:00,76.505
2025-12-26 18:00:00+00:00,76.69352941
2025-12-26 19:00:00+00:00,76.82588235
2025-12-26 20:00:00+00:00,77.01823529
2025-12-26 21:00:00+00:00,76.73941176
2025-12-26 22:00:00+00:00,76.82558824
2025-12-26 23:00:00+00:00,76.88647059
2025-12-27 00:00:00+00:00,77.06647059
2025-12-27 01:00:00+00:00,77.02088235
2025-12-27 02:00:00+00:00,77.21441176
2025-12-27 03:00:00+00:00,77.545
2025-12-27 04:00:00+00:00,77.23
2025-12-27 05:00:00+00:00,77.32058824
2025-12-27 06:00:00+00:00,77.15088235
2025-12-27 07:00:00+00:00,77.06058824
2025-12-27 08:00:00+00:00,77.05529412
2025-12-27 09:00:00+00:00,77.33176471
2025-12-27 10:00:00+00:00,77.43
2025-12-27 11:00:00+00:00,77.87588235
2025-12-27 12:00:00+00:00,78.14647059
2025-12-27 13:00:00+00:00,78.17088235
2025-12-27 14:00:00+00:00,78.63147059
2025-12-27 15:00:00+00:00,78.67088235
2025-12-27 16:00:00+00:00,78.76323529
2025-12-27 17:00:00+00:00,78.93088235
2025-12-27 18:00:00+00:00,78.72647059
2025-12-27 19:00:00+00:00,79.15764706
2025-12-27 20:00:00+00:00,79.28411765
2025-12-27 21:00:00+00:00,79.53264706
2025-12-27 22:00:00+00:00,79.44676471
2025-12-27 23:00:00+00:00,80.31441176
2025-12-28 00:00:00+00:00,80.27735294
2025-12-28 01:00:00+00:00,79.87323529
2025-12-28 02:00:00+00:00,79.69382353
2025-12-28 03:00:00+00:00,79.38264706
2025-12-28 04:00:00+00:00,79.27794118
2025-12-28 05:00:00+00:00,79.13911765
2025-12-28 06:00:00+00:00,79.51764706
2025-12-28 07:00:00+00:00,79.67235294
2025-12-28 08:00:00+00:00,79.84852941
2025-12-28 09:00:00+00:00,79.33117647
2025-12-28 10:00:00+00:00,79.33764706
2025-12-28 11:00:00+00:00,79.26735294
2025-12-28 12:00:00+00:00,79.01882353
2025-12-28 13:00:00+00:00,79.02088235
2025-12-28 14:00:00+00:00,79.35470588
2025-12-28 15:00:00+00:00,79.36911765
2025-12-28 16:00:00+00:00,79.28882353
2025-12-28 17:00:00+00:00,79.44
2025-12-28 18:00:00+00:00,78.30617647
2025-12-28 19:00:00+00:00,78.29705882
2025-12-28 20:00:00+00:00,78.20470588
2025-12-28 21:00:00+00:00,78.14117647
2025-12-28 22:00:00+00:00,78.34705882
2025-12-28 23:00:00+00:00,78.71382353
2025-12-29 00:00:00+00:00,79.28411765
2025-12-29 01:00:00+00:00,79.28117647
2025-12-29 02:00:00+00:00,79.06647059
2025-12-29 03:00:00+00:00,80.12852941
2025-12-29 04:00:00+00:00,79.78588235
2025-12-29 05:00:00+00:00,79.55323529
2025-12-29 06:00:00+00:00,79.11088235
2025-12-29 07:00:00+00:00,79.23088235
2025-12-29 08:00:00+00:00,78.89117647
2025-12-29 09:00:00+00:00,78.16617647
2025-12-29 10:00:00+00:00,78.14264706
2025-12-29 11:00:00+00:00,77.85852941
2025-12-29 12:00:00+00:00,77.69941176
2025-12-29 13:00:00+00:00,77.43529412
2025-12-29 14:00:00+00:00,77.99176471
2025-12-29 15:00:00+00:00,78.25117647
2025-12-29 16:00:00+00:00,77.94323529
2025-12-29 17:00:00+00:00,78.25588235
2025-12-29 18:00:00+00:00,77.48352941
2025-12-29 19:00:00+00:00,77.93352941
2025-12-29 20:00:00+00:00,78.05176471
2025-12-29 21:00:00+00:00,78.31411765
2025-12-29 22:00:00+00:00,78.38058824
2025-12-29 23:00:00+00:00,78.35
2025-12-30 00:00:00+00:00,78.27147059
2025-12-30 01:00:00+00:00,78.345
2025-12-30 02:00:00+00:00,78.02647059
2025-12-30 03:00:00+00:00,78.20705882
2025-12-30 04:00:00+00:00,78.32
2025-12-30 05:00:00+00:00,78.17705882
2025-12-30 06:00:00+00:00,78.16882353
2025-12-30 07:00:00+00:00,78.27
2025-12-30 08:00:00+00:00,78.01235294
2025-12-30 09:00:00+00:00,78.12705882
2025-12-30 10:00:00+00:00,78.05294118
2025-12-30 11:00:00+00:00,78.03147059
2025-12-30 12:00:00+00:00,77.82235294
2025-12-30 13:00:00+00:00,78.23529412
2025-12-30 14:00:00+00:00,78.60970588
2025-12-30 15:00:00+00:00,78.68676471
2025-12-30 16:00:00+00:00,78.31911765
2025-12-30 17:00:00+00:00,78.06735294
2025-12-30 18:00:00+00:00,78.05735294
2025-12-30 19:00:00+00:00,78.17529412
2025-12-30 20:00:00+00:00,77.81205882
2025-12-30 21:00:00+00:00,77.98852941
2025-12-30 22:00:00+00:00,78.12088235
2025-12-30 23:00:00+00:00,78.89
2025-12-31 00:00:00+00:00,78.09264706
2025-12-31 01:00:00+00:00,78.20529412
2025-12-31 02:00:00+00:00,78.10470588
2025-12-31 03:00:00+00:00,78.10705882
2025-12-31 04:00:00+00:00,78.03823529
2025-12-31 05:00:00+00:00,78.165
2025-12-31 06:00:00+00:00,78.30647059
2025-12-31 07:00:00+00:00,78.22647059
2025-12-31 08:00:00+00:00,77.92529412
2025-12-31 09:00:00+00:00,78.04294118
2025-12-31 10:00:00+00:00,78.05647059
2025-12-31 11:00:00+00:00,78.25558824
2025-12-31 12:00:00+00:00,78.05
2025-12-31 13:00:00+00:00,78.22794118
2025-12-31 14:00:00+00:00,78.20764706
2025-12-31 15:00:00+00:00,77.62029412
2025-12-31 16:00:00+00:00,76.93176471
2025-12-31 17:00:00+00:00,76.44823529
2025-12-31 18:00:00+00:00,76.74529412
2025-12-31 19:00:00+00:00,76.58970588
2025-12-31 20:00:00+00:00,76.75970588
2025-12-31 21:00:00+00:00,76.85588235
2025-12-31 22:00:00+00:00,76.87294118
2025-12-31 23:00:00+00:00,76.85705882
2026-01-01 00:00:00+00:00,77.05264706
2026-01-01 01:00:00+00:00,77.29588235
2026-01-01 02:00:00+00:00,77.15823529
2026-01-01 03:00:00+00:00,76.88529412
2026-01-01 04:00:00+00:00,76.78382353
2026-01-01 05:00:00+00:00,77.20794118
2026-01-01 06:00:00+00:00,77.23794118
2026-01-01 07:00:00+00:00,77.16294118
2026-01-01 08:00:00+00:00,77.5
2026-01-01 09:00:00+00:00,77.60970588
2026-01-01 10:00:00+00:00,77.49029412
2026-01-01 11:00:00+00:00,77.79294118
2026-01-01 12:00:00+00:00,77.62088235
2026-01-01 13:00:00+00:00,78.02205882
2026-01-01 14:00:00+00:00,78.12411765
2026-01-01 15:00:00+00:00,78.84911765
2026-01-01 16:00:00+00:00,78.85882353
2026-01-01 17:00:00+00:00,78.96205882
2026-01-01 18:00:00+00:00,79.04647059
2026-01-01 19:00:00+00:00,79.42294118
2026-01-01 20:00:00+00:00,79.47970588
2026-01-01 21:00:00+00:00,79.64705882
2026-01-01 22:00:00+00:00,79.89617647
2026-01-01 23:00:00+00:00,79.96205882
2026-01-02 00:00:00+00:00,79.69147059
2026-01-02 01:00:00+00:00,79.38647059
2026-01-02 02:00:00+00:00,79.48647059
2026-01-02 03:00:00+00:00,80.14705882
2026-01-02 04:00:00+00:00,79.70882353
2026-01-02 05:00:00+00:00,79.85117647
2026-01-02 06:00:00+00:00,79.475
2026-01-02 07:00:00+00:00,79.32823529
2026-01-02 08:00:00+00:00,79.49705882
2026-01-02 09:00:00+00:00,80.25176471
2026-01-02 10:00:00+00:00,80.00735294
2026-01-02 11:00:00+00:00,79.69294118
2026-01-02 12:00:00+00:00,80.15176471
2026-01-02 13:00:00+00:00,80.06264706
2026-01-02 14:00:00+00:00,80.54058824
2026-01-02 15:00:00+00:00,80.52705882
2026-01-02 16:00:00+00:00,81.48117647
2026-01-02 17:00:00+00:00,81.27735294
2026-01-02 18:00:00+00:00,81.14205882
2026-01-02 19:00:00+00:00,81.30970588
2026-01-02 20:00:00+00:00,81.19205882
2026-01-02 21:00:00+00:00,81.81323529
2026-01-02 22:00:00+00:00,82.11529412
2026-01-02 23:00:00+00:00,81.92676471
2026-01-03 00:00:00+00:00,82.05411765
2026-01-03 01:00:00+00:00,82.54941176
2026-01-03 02:00:00+00:00,82.69235294
2026-01-03 03:00:00+00:00,82.67205882
2026-01-03 04:00:00+00:00,82.49529412
2026-01-03 05:00:00+00:00,82.64647059
2026-01-03 06:00:00+00:00,82.25794118
2026-01-03 07:00:00+00:00,81.36911765
2026-01-03 08:00:00+00:00,81.34558824
2026-01-03 09:00:00+00:00,81.41058824
2026-01-03 10:00:00+00:00,81.43970588
2026-01-03 11:00:00+00:00,81.39088235
2026-01-03 12:00:00+00:00,81.58147059
2026-01-03 13:00:00+00:00,81.83382353
2026-01-03 14:00:00+00:00,81.24558824
2026-01-03 15:00:00+00:00,81.28352941
2026-01-03 16:00:00+00:00,81.98852941
2026-01-03 17:00:00+00:00,82.25411765
2026-01-03 18:00:00+00:00,82.41029412
2026-01-03 19:00:00+00:00,82.23235294
2026-01-03 20:00:00+00:00,82.34852941
2026-01-03 21:00:00+00:00,82.17029412
2026-01-03 22:00:00+00:00,82.40470588
2026-01-03 23:00:00+00:00,82.08235294
2026-01-04 00:00:00+00:00,82.50911765
2026-01-04 01:00:00+00:00,82.27911765
2026-01-04 02:00:00+00:00,82.17352941
2026-01-04 03:00:00+00:00,82.53676471
2026-01-04 04:00:00+00:00,82.43470588
2026-01-04 05:00:00+00:00,82.56088235
2026-01-04 06:00:00+00:00,82.20794118
2026-01-04 07:00:00+00:00,82.21176471
2026-01-04 08:00:00+00:00,82.14941176
2026-01-04 09:00:00+00:00,82.54852941
2026-01-04 10:00:00+00:00,82.32970588
2026-01-04 11:00:00+00:00,82.53852941
2026-01-04 12:00:00+00:00,82.62558824
2026-01-04 13:00:00+00:00,82.675
2026-01-04 14:00:00+00:00,82.29176471
2026-01-04 15:00:00+00:00,82.68588235
2026-01-04 16:00:00+00:00,82.99676471
2026-01-04 17:00:00+00:00,82.91794118
2026-01-04 18:00:00+00:00,82.46352941
2026-01-04 19:00:00+00:00,82.15941176
2026-01-04 20:00:00+00:00,82.14176471
2026-01-04 21:00:00+00:00,81.95558824
2026-01-04 22:00:00+00:00,82.00764706
2026-01-04 23:00:00+00:00,82.27176471
2026-01-05 00:00:00+00:00,82.75411765
2026-01-05 01:00:00+00:00,83.26588235
2026-01-05 02:00:00+00:00,82.42705882
2026-01-05 03:00:00+00:00,82.61823529
2026-01-05 04:00:00+00:00,82.01441176
2026-01-05 05:00:00+00:00,81.76176471
2026-01-05 06:00:00+00:00,82.13588235
2026-01-05 07:00:00+00:00,82.40411765
2026-01-05 08:00:00+00:00,82.22235294
2026-01-05 09:00:00+00:00,81.875
2026-01-05 10:00:00+00:00,81.69911765
2026-01-05 11:00:00+00:00,82.02941176
2026-01-05 12:00:00+00:00,82.01823529
2026-01-05 13:00:00+00:00,81.90558824
2026-01-05 14:00:00+00:00,82.75558824
2026-01-05 15:00:00+00:00,83.42029412
2026-01-05 16:00:00+00:00,82.93088235
2026-01-05 17:00:00+00:00,83.31941176
2026-01-05 18:00:00+00:00,83.81588235
2026-01-05 19:00:00+00:00,83.67676471
2026-01-05 20:00:00+00:00,83.91558824
2026-01-05 21:00:00+00:00,83.69941176
2026-01-05 22:00:00+00:00,84.03441176
2026-01-05 23:00:00+00:00,83.46470588
2026-01-06 00:00:00+00:00,83.64735294
2026-01-06 01:00:00+00:00,83.34411765
2026-01-06 02:00:00+00:00,83.57588235
2026-01-06 03:00:00+00:00,83.83735294
2026-01-06 04:00:00+00:00,83.68823529
2026-01-06 05:00:00+00:00,83.40647059
2026-01-06 06:00:00+00:00,83.71205882
2026-01-06 07:00:00+00:00,83.08911765
2026-01-06 08:00:00+00:00,83.06323529
2026-01-06 09:00:00+00:00,83.08176471
2026-01-06 10:00:00+00:00,83.26441176
2026-01-06 11:00:00+00:00,83.80735294
2026-01-06 12:00:00+00:00,84.24705882
2026-01-06 13:00:00+00:00,83.91735294
2026-01-06 14:00:00+00:00,83.96147059
2026-01-06 15:00:00+00:00,83.515
2026-01-06 16:00:00+00:00,82.63264706
2026-01-06 17:00:00+00:00,81.42
2026-01-06 18:00:00+00:00,82.50794118
2026-01-06 19:00:00+00:00,82.46470588
2026-01-06 20:00:00+00:00,82.76264706
2026-01-06 21:00:00+00:00,83.77558824
2026-01-06 22:00:00+00:00,83.64411765
2026-01-06 23:00:00+00:00,83.96264706
2026-01-07 00:00:00+00:00,82.98294118
2026-01-07 01:00:00+00:00,82.88705882
2026-01-07 02:00:00+00:00,83.58970588
2026-01-07 03:00:00+00:00,83.32676471
2026-01-07 04:00:00+00:00,83.21176471
2026-01-07 05:00:00+00:00,82.99441176
2026-01-07 06:00:00+00:00,82.87264706
2026-01-07 07:00:00+00:00,83.475
2026-01-07 08:00:00+00:00,83.83647059
2026-01-07 09:00:00+00:00,82.83058824
2026-01-07 10:00:00+00:00,82.79558824
2026-01-07 11:00:00+00:00,82.78294118
2026-01-07 12:00:00+00:00,82.64029412
2026-01-07 13:00:00+00:00,82.48676471
2026-01-07 14:00:00+00:00,82.24588235
2026-01-07 15:00:00+00:00,81.55882353
2026-01-07 16:00:00+00:00,81.51117647
2026-01-07 17:00:00+00:00,81.46294118
2026-01-07 18:00:00+00:00,81.42352941
2026-01-07 19:00:00+00:00,81.46558824
2026-01-07 20:00:00+00:00,81.40764706
2026-01-07 21:00:00+00:00,81.53264706
2026-01-07 22:00:00+00:00,81.46558824
2026-01-07 23:00:00+00:00,81.69823529
2026-01-08 00:00:00+00:00,81.88411765
2026-01-08 01:00:00+00:00,82.14558824
2026-01-08 02:00:00+00:00,81.87117647
2026-01-08 03:00:00+00:00,81.30647059
2026-01-08 04:00:00+00:00,81.70117647
2026-01-08 05:00:00+00:00,81.70970588
2026-01-08 06:00:00+00:00,80.61205882
2026-01-08 07:00:00+00:00,81.31147059
2026-01-08 08:00:00+00:00,80.93529412
2026-01-08 09:00:00+00:00,80.605
2026-01-08 10:00:00+00:00,81.06941176
2026-01-08 11:00:00+00:00,80.92617647
2026-01-08 12:00:00+00:00,80.51794118
2026-01-08 13:00:00+00:00,80.67176471
2026-01-08 14:00:00+00:00,80.76352941
2026-01-08 15:00:00+00:00,81.39058824
2026-01-08 16:00:00+00:00,81.43470588
2026-01-08 17:00:00+00:00,81.61588235
2026-01-08 18:00:00+00:00,81.38382353
2026-01-08 19:00:00+00:00,81.03470588
2026-01-08 20:00:00+00:00,81.03088235
2026-01-08 21:00:00+00:00,81.35529412
2026-01-08 22:00:00+00:00,81.54676471
2026-01-08 23:00:00+00:00,81.30470588
2026-01-09 00:00:00+00:00,81.73617647
2026-01-09 01:00:00+00:00,81.38823529
2026-01-09 02:00:00+00:00,81.26117647
2026-01-09 03:00:00+00:00,81.85647059
2026-01-09 04:00:00+00:00,81.59735294
2026-01-09 05:00:00+00:00,81.61794118
2026-01-09 06:00:00+00:00,81.85794118
2026-01-09 07:00:00+00:00,81.54852941
2026-01-09 08:00:00+00:00,80.91323529
2026-01-09 09:00:00+00:00,81.04823529
2026-01-09 10:00:00+00:00,81.23911765
2026-01-09 11:00:00+00:00,81.19588235
2026-01-09 12:00:00+00:00,81.01470588
2026-01-09 13:00:00+00:00,80.98941176
2026-01-09 14:00:00+00:00,80.74911765
2026-01-09 15:00:00+00:00,81.33117647
2026-01-09 16:00:00+00:00,81.85441176
2026-01-09 17:00:00+00:00,81.84441176
2026-01-09 18:00:00+00:00,81.48147059
2026-01-09 19:00:00+00:00,81.01264706
2026-01-09 20:00:00+00:00,80.93970588
2026-01-09 21:00:00+00:00,81.41970588
2026-01-09 22:00:00+00:00,81.57647059
2026-01-09 23:00:00+00:00,81.49382353
2026-01-10 00:00:00+00:00,81.33970588
2026-01-10 01:00:00+00:00,81.55470588
2026-01-10 02:00:00+00:00,81.20794118
2026-01-10 03:00:00+00:00,81.14088235
2026-01-10 04:00:00+00:00,80.87441176
2026-01-10 05:00:00+00:00,81.01352941
2026-01-10 06:00:00+00:00,81.15882353
2026-01-10 07:00:00+00:00,81.60823529
2026-01-10 08:00:00+00:00,81.48088235
2026-01-10 09:00:00+00:00,81.67911765
2026-01-10 10:00:00+00:00,81.70352941
2026-01-10 11:00:00+00:00,81.81970588
2026-01-10 12:00:00+00:00,81.87794118
2026-01-10 13:00:00+00:00,82.12941176
2026-01-10 14:00:00+00:00,81.67794118
2026-01-10 15:00:00+00:00,81.55382353
2026-01-10 16:00:00+00:00,81.54794118
2026-01-10 17:00:00+00:00,81.07294118
2026-01-10 18:00:00+00:00,81.25794118
2026-01-10 19:00:00+00:00,81.36676471
2026-01-10 20:00:00+00:00,81.39235294
2026-01-10 21:00:00+00:00,81.07911765
2026-01-10 22:00:00+00:00,80.93794118
2026-01-10 23:00:00+00:00,81.19058824
2026-01-11 00:00:00+00:00,81.305
2026-01-11 01:00:00+00:00,81.42941176
2026-01-11 02:00:00+00:00,81.48823529
2026-01-11 03:00:00+00:00,81.74088235
2026-01-11 04:00:00+00:00,81.45294118
2026-01-11 05:00:00+00:00,81.43411765
2026-01-11 06:00:00+00:00,81.41470588
2026-01-11 07:00:00+00:00,81.26647059
2026-01-11 08:00:00+00:00,81.29441176
2026-01-11 09:00:00+00:00,81.28617647
2026-01-11 10:00:00+00:00,81.22735294
2026-01-11 11:00:00+00:00,81.01470588
2026-01-11 12:00:00+00:00,81.20558824
2026-01-11 13:00:00+00:00,80.90529412
2026-01-11 14:00:00+00:00,81.17323529
2026-01-11 15:00:00+00:00,80.545
2026-01-11 16:00:00+00:00,80.82882353
2026-01-11 17:00:00+00:00,80.67235294
2026-01-11 18:00:00+00:00,80.75882353
2026-01-11 19:00:00+00:00,80.30441176
2026-01-11 20:00:00+00:00,79.99147059
2026-01-11 21:00:00+00:00,79.345
2026-01-11 22:00:00+00:00,78.86823529
2026-01-11 23:00:00+00:00,78.78088235
2026-01-12 00:00:00+00:00,78.51382353
2026-01-12 01:00:00+00:00,78.67911765
2026-01-12 02:00:00+00:00,79.19
2026-01-12 03:00:00+00:00,79.25911765
2026-01-12 04:00:00+00:00,80.07588235
2026-01-12 05:00:00+00:00,80.02147059
2026-01-12 06:00:00+00:00,79.60382353
2026-01-12 07:00:00+00:00,78.62294118
2026-01-12 08:00:00+00:00,78.30470588
2026-01-12 09:00:00+00:00,78.16911765
2026-01-12 10:00:00+00:00,77.51970588
2026-01-12 11:00:00+00:00,77.61882353
2026-01-12 12:00:00+00:00,76.37147059
2026-01-12 13:00:00+00:00,76.19676471
2026-01-12 14:00:00+00:00,76.93264706
2026-01-12 15:00:00+00:00,77.19
2026-01-12 16:00:00+00:00,76.85705882
2026-01-12 17:00:00+00:00,77.00588235
2026-01-12 18:00:00+00:00,76.59382353
2026-01-12 19:00:00+00:00,76.21647059
2026-01-12 20:00:00+00:00,76.05382353
2026-01-12 21:00:00+00:00,76.29911765
2026-01-12 22:00:00+00:00,76.00823529
2026-01-12 23:00:00+00:00,76.12852941
2026-01-13 00:00:00+00:00,75.99323529
2026-01-13 01:00:00+00:00,76.24529412
2026-01-13 02:00:00+00:00,76.15235294
2026-01-13 03:00:00+00:00,76.21941176
2026-01-13 04:00:00+00:00,76.51735294
2026-01-13 05:00:00+00:00,76.49941176
2026-01-13 06:00:00+00:00,76.68264706
2026-01-13 07:00:00+00:00,76.79970588
2026-01-13 08:00:00+00:00,76.56323529
2026-01-13 09:00:00+00:00,76.14441176
2026-01-13 10:00:00+00:00,75.62764706
2026-01-13 11:00:00+00:00,76.33117647
2026-01-13 12:00:00+00:00,76.725
2026-01-13 13:00:00+00:00,76.36911765
2026-01-13 14:00:00+00:00,76.60941176
2026-01-13 15:00:00+00:00,77.05205882
2026-01-13 16:00:00+00:00,77.58
2026-01-13 17:00:00+00:00,76.70852941
2026-01-13 18:00:00+00:00,76.24764706
2026-01-13 19:00:00+00:00,77.24617647
2026-01-13 20:00:00+00:00,76.84
2026-01-13 21:00:00+00:00,77.18411765
2026-01-13 22:00:00+00:00,78.40088235
2026-01-13 23:00:00+00:00,78.18823529
2026-01-14 00:00:00+00:00,78.18058824
2026-01-14 01:00:00+00:00,78.11058824
2026-01-14 02:00:00+00:00,78.25264706
2026-01-14 03:00:00+00:00,79.32176471
2026-01-14 04:00:00+00:00,78.64970588
2026-01-14 05:00:00+00:00,78.65882353
2026-01-14 06:00:00+00:00,79.05264706
2026-01-14 07:00:00+00:00,79.07
2026-01-14 08:00:00+00:00,78.81911765
2026-01-14 09:00:00+00:00,78.70794118
2026-01-14 10:00:00+00:00,78.395
2026-01-14 11:00:00+00:00,77.88294118
2026-01-14 12:00:00+00:00,78.77411765
2026-01-14 13:00:00+00:00,78.60058824
2026-01-14 14:00:00+00:00,79.26441176
2026-01-14 15:00:00+00:00,79.72294118
2026-01-14 16:00:00+00:00,79.35147059
2026-01-14 17:00:00+00:00,78.25617647
2026-01-14 18:00:00+00:00,77.91470588
2026-01-14 19:00:00+00:00,77.51705882
2026-01-14 20:00:00+00:00,77.63352941
2026-01-14 21:00:00+00:00,77.62676471
2026-01-14 22:00:00+00:00,76.60735294
2026-01-14 23:00:00+00:00,76.68852941
2026-01-15 00:00:00+00:00,76.23470588
2026-01-15 01:00:00+00:00,75.99294118
2026-01-15 02:00:00+00:00,75.76382353
2026-01-15 03:00:00+00:00,73.97323529
2026-01-15 04:00:00+00:00,74.37
2026-01-15 05:00:00+00:00,74.68058824
2026-01-15 06:00:00+00:00,74.44823529
2026-01-15 07:00:00+00:00,74.53647059
2026-01-15 08:00:00+00:00,75.20176471
2026-01-15 09:00:00+00:00,76.01529412
2026-01-15 10:00:00+00:00,75.79
2026-01-15 11:00:00+00:00,75.62794118
2026-01-15 12:00:00+00:00,75.79823529
2026-01-15 13:00:00+00:00,75.71794118
2026-01-15 14:00:00+00:00,74.87735294
2026-01-15 15:00:00+00:00,72.33382353
2026-01-15 16:00:00+00:00,72.95176471
2026-01-15 17:00:00+00:00,72.59441176
2026-01-15 18:00:00+00:00,71.86735294
2026-01-15 19:00:00+00:00,72.03647059
2026-01-15 20:00:00+00:00,71.73323529
2026-01-15 21:00:00+00:00,72.15411765
2026-01-15 22:00:00+00:00,72.23852941
2026-01-15 23:00:00+00:00,72.20970588
2026-01-16 00:00:00+00:00,71.91941176
2026-01-16 01:00:00+00:00,71.97441176
2026-01-16 02:00:00+00:00,72.51088235
2026-01-16 03:00:00+00:00,72.36529412
2026-01-16 04:00:00+00:00,71.75705882
2026-01-16 05:00:00+00:00,72.09205882
2026-01-16 06:00:00+00:00,72.25911765
2026-01-16 07:00:00+00:00,72.19970588
2026-01-16 08:00:00+00:00,72.41176471
2026-01-16 09:00:00+00:00,72.17647059
2026-01-16 10:00:00+00:00,72.1
2026-01-16 11:00:00+00:00,72.86029412
2026-01-16 12:00:00+00:00,72.58
2026-01-16 13:00:00+00:00,72.50941176
2026-01-16 14:00:00+00:00,72.73088235
2026-01-16 15:00:00+00:00,71.98117647
2026-01-16 16:00:00+00:00,71.85029412
2026-01-16 17:00:00+00:00,72.57764706
2026-01-16 18:00:00+00:00,74.26705882
2026-01-16 19:00:00+00:00,74.25088235
2026-01-16 20:00:00+00:00,74.61117647
2026-01-16 21:00:00+00:00,75.07058824
2026-01-16 22:00:00+00:00,75.51264706
2026-01-16 23:00:00+00:00,75.21176471
2026-01-17 00:00:00+00:00,75.42676471
2026-01-17 01:00:00+00:00,74.79264706
2026-01-17 02:00:00+00:00,74.45147059
2026-01-17 03:00:00+00:00,74.35235294
2026-01-17 04:00:00+00:00,74.53264706
2026-01-17 05:00:00+00:00,74.69411765
2026-01-17 06:00:00+00:00,74.48264706
2026-01-17 07:00:00+00:00,74.76294118
2026-01-17 08:00:00+00:00,75.11205882
2026-01-17 09:00:00+00:00,74.845
2026-01-17 10:00:00+00:00,74.94235294
2026-01-17 11:00:00+00:00,74.52941176
2026-01-17 12:00:00+00:00,74.155
2026-01-17 13:00:00+00:00,74.495
2026-01-17 14:00:00+00:00,75.00382353
2026-01-17 15:00:00+00:00,74.90852941
2026-01-17 16:00:00+00:00,74.65029412
2026-01-17 17:00:00+00:00,74.66029412
2026-01-17 18:00:00+00:00,74.89647059
2026-01-17 19:00:00+00:00,75.13823529
2026-01-17 20:00:00+00:00,75.07411765
2026-01-17 21:00:00+00:00,75.01882353
2026-01-17 22:00:00+00:00,74.73941176
2026-01-17 23:00:00+00:00,74.91647059
2026-01-18 00:00:00+00:00,75.07941176
2026-01-18 01:00:00+00:00,74.49735294
2026-01-18 02:00:00+00:00,74.61
2026-01-18 03:00:00+00:00,74.96029412
2026-01-18 04:00:00+00:00,74.60705882
2026-01-18 05:00:00+00:00,75.01911765
2026-01-18 06:00:00+00:00,74.89764706
2026-01-18 07:00:00+00:00,74.95323529
2026-01-18 08:00:00+00:00,75.41470588
2026-01-18 09:00:00+00:00,75.72441176
2026-01-18 10:00:00+00:00,75.63588235
2026-01-18 11:00:00+00:00,75.48323529
2026-01-18 12:00:00+00:00,75.14382353
2026-01-18 13:00:00+00:00,74.84617647
2026-01-18 14:00:00+00:00,74.55058824
2026-01-18 15:00:00+00:00,74.88
2026-01-18 16:00:00+00:00,74.93147059
2026-01-18 17:00:00+00:00,75.21205882
2026-01-18 18:00:00+00:00,75.30588235
2026-01-18 19:00:00+00:00,75.09823529
2026-01-18 20:00:00+00:00,75.14294118
2026-01-18 21:00:00+00:00,75.11441176
2026-01-18 22:00:00+00:00,75.25323529
2026-01-18 23:00:00+00:00,72.28294118
2026-01-19 00:00:00+00:00,69.44117647
2026-01-19 01:00:00+00:00,69.56705882
2026-01-19 02:00:00+00:00,69.81352941
2026-01-19 03:00:00+00:00,70.25441176
2026-01-19 04:00:00+00:00,69.93882353
2026-01-19 05:00:00+00:00,70.22705882
2026-01-19 06:00:00+00:00,70.09088235
2026-01-19 07:00:00+00:00,70.58058824
2026-01-19 08:00:00+00:00,70.34147059
2026-01-19 09:00:00+00:00,70.12205882
2026-01-19 10:00:00+00:00,70.04117647
2026-01-19 11:00:00+00:00,70.21911765
2026-01-19 12:00:00+00:00,70.18441176
2026-01-19 13:00:00+00:00,70.03088235
2026-01-19 14:00:00+00:00,70.53794118
2026-01-19 15:00:00+00:00,70.69382353
2026-01-19 16:00:00+00:00,70.92617647
2026-01-19 17:00:00+00:00,71.12235294
2026-01-19 18:00:00+00:00,71.33294118
2026-01-19 19:00:00+00:00,71.57911765
2026-01-19 20:00:00+00:00,71.37352941
2026-01-19 21:00:00+00:00,71.17470588
2026-01-19 22:00:00+00:00,70.76205882
2026-01-19 23:00:00+00:00,70.79882353
2026-01-20 00:00:00+00:00,70.81
2026-01-20 01:00:00+00:00,70.54147059
2026-01-20 02:00:00+00:00,70.34764706
2026-01-20 03:00:00+00:00,70.24205882
2026-01-20 04:00:00+00:00,70.21176471
2026-01-20 05:00:00+00:00,70.52823529
2026-01-20 06:00:00+00:00,70.12
2026-01-20 07:00:00+00:00,69.50294118
2026-01-20 08:00:00+00:00,69.43147059
2026-01-20 09:00:00+00:00,69.55529412
2026-01-20 10:00:00+00:00,69.46117647
2026-01-20 11:00:00+00:00,69.43676471
2026-01-20 12:00:00+00:00,69.59735294
2026-01-20 13:00:00+00:00,68.995
2026-01-20 14:00:00+00:00,69.44088235
2026-01-20 15:00:00+00:00,68.67235294
2026-01-20 16:00:00+00:00,68.37647059
2026-01-20 17:00:00+00:00,68.105
2026-01-20 18:00:00+00:00,67.67882353
2026-01-20 19:00:00+00:00,67.55323529
2026-01-20 20:00:00+00:00,67.23470588
2026-01-20 21:00:00+00:00,67.20147059
2026-01-20 22:00:00+00:00,67.05882353
2026-01-20 23:00:00+00:00,67.12529412
2026-01-21 00:00:00+00:00,68.19882353
2026-01-21 01:00:00+00:00,68.42735294
2026-01-21 02:00:00+00:00,68.79794118
2026-01-21 03:00:00+00:00,68.85970588
2026-01-21 04:00:00+00:00,68.88705882
2026-01-21 05:00:00+00:00,69.17911765
2026-01-21 06:00:00+00:00,68.98852941
2026-01-21 07:00:00+00:00,68.94147059
2026-01-21 08:00:00+00:00,68.45176471
2026-01-21 09:00:00+00:00,68.56882353
2026-01-21 10:00:00+00:00,68.62823529
2026-01-21 11:00:00+00:00,68.03941176
2026-01-21 12:00:00+00:00,67.91088235
2026-01-21 13:00:00+00:00,67.61058824
2026-01-21 14:00:00+00:00,68.68470588
2026-01-21 15:00:00+00:00,69.13970588
2026-01-21 16:00:00+00:00,66.61617647
2026-01-21 17:00:00+00:00,66.60058824
2026-01-21 18:00:00+00:00,67.35823529
2026-01-21 19:00:00+00:00,69.19647059
2026-01-21 20:00:00+00:00,68.92941176
2026-01-21 21:00:00+00:00,69.26294118
2026-01-21 22:00:00+00:00,68.99029412
2026-01-21 23:00:00+00:00,68.47705882
2026-01-22 00:00:00+00:00,69.21794118
2026-01-22 01:00:00+00:00,69.49911765
2026-01-22 02:00:00+00:00,69.05117647
2026-01-22 03:00:00+00:00,68.64794118
2026-01-22 04:00:00+00:00,68.77176471
2026-01-22 05:00:00+00:00,68.65470588
2026-01-22 06:00:00+00:00,68.64147059
2026-01-22 07:00:00+00:00,68.42147059
2026-01-22 08:00:00+00:00,68.74058824
2026-01-22 09:00:00+00:00,68.92676471
2026-01-22 10:00:00+00:00,68.71441176
2026-01-22 11:00:00+00:00,68.43823529
2026-01-22 12:00:00+00:00,68.39411765
2026-01-22 13:00:00+00:00,68.53941176
2026-01-22 14:00:00+00:00,67.75647059
2026-01-22 15:00:00+00:00,68.04088235
2026-01-22 16:00:00+00:00,68.24117647
2026-01-22 17:00:00+00:00,68.33558824
2026-01-22 18:00:00+00:00,67.97794118
2026-01-22 19:00:00+00:00,68.32941176
2026-01-22 20:00:00+00:00,68.08764706
2026-01-22 21:00:00+00:00,67.98558824
2026-01-22 22:00:00+00:00,68.02882353
2026-01-22 23:00:00+00:00,68.19205882
2026-01-23 00:00:00+00:00,68.65676471
2026-01-23 01:00:00+00:00,69.49352941
2026-01-23 02:00:00+00:00,69.03852941
2026-01-23 03:00:00+00:00,69.33676471
2026-01-23 04:00:00+00:00,69.35823529
2026-01-23 05:00:00+00:00,69.01147059
2026-01-23 06:00:00+00:00,68.74617647
2026-01-23 07:00:00+00:00,68.83323529
2026-01-23 08:00:00+00:00,68.29352941
2026-01-23 09:00:00+00:00,68.29735294
2026-01-23 10:00:00+00:00,68.27117647
2026-01-23 11:00:00+00:00,68.525
2026-01-23 12:00:00+00:00,68.38382353
2026-01-23 13:00:00+00:00,67.99676471
2026-01-23 14:00:00+00:00,67.40117647
2026-01-23 15:00:00+00:00,68.22970588
2026-01-23 16:00:00+00:00,68.27852941
2026-01-23 17:00:00+00:00,68.60764706
2026-01-23 18:00:00+00:00,68.69205882
2026-01-23 19:00:00+00:00,67.93323529
2026-01-23 20:00:00+00:00,67.41735294
2026-01-23 21:00:00+00:00,67.49411765
2026-01-23 22:00:00+00:00,68.05352941
2026-01-23 23:00:00+00:00,68.07176471
2026-01-24 00:00:00+00:00,67.91529412
2026-01-24 01:00:00+00:00,68.10235294
2026-01-24 02:00:00+00:00,68.23088235
2026-01-24 03:00:00+00:00,68.61794118
2026-01-24 04:00:00+00:00,68.62970588
2026-01-24 05:00:00+00:00,68.67411765
2026-01-24 06:00:00+00:00,68.79911765
2026-01-24 07:00:00+00:00,68.52617647
2026-01-24 08:00:00+00:00,68.66088235
2026-01-24 09:00:00+00:00,68.53882353
2026-01-24 10:00:00+00:00,68.42294118
2026-01-24 11:00:00+00:00,68.50411765
2026-01-24 12:00:00+00:00,68.62941176
2026-01-24 13:00:00+00:00,68.68823529
2026-01-24 14:00:00+00:00,68.87941176
2026-01-24 15:00:00+00:00,68.31735294
2026-01-24 16:00:00+00:00,67.81411765
2026-01-24 17:00:00+00:00,68.08441176
2026-01-24 18:00:00+00:00,68.07294118
2026-01-24 19:00:00+00:00,67.835
2026-01-24 20:00:00+00:00,68.06352941
2026-01-24 21:00:00+00:00,68.02676471
2026-01-24 22:00:00+00:00,68.18470588
2026-01-24 23:00:00+00:00,68.19676471
2026-01-25 00:00:00+00:00,68.51911765
2026-01-25 01:00:00+00:00,68.20676471
2026-01-25 02:00:00+00:00,68.27
2026-01-25 03:00:00+00:00,68.14617647
2026-01-25 04:00:00+00:00,68.48352941
2026-01-25 05:00:00+00:00,68.71382353
2026-01-25 06:00:00+00:00,68.45529412
2026-01-25 07:00:00+00:00,68.66441176
2026-01-25 08:00:00+00:00,68.65647059
2026-01-25 09:00:00+00:00,69.15264706
2026-01-25 10:00:00+00:00,69.69705882
2026-01-25 11:00:00+00:00,70.01823529
2026-01-25 12:00:00+00:00,69.71352941
2026-01-25 13:00:00+00:00,70.22529412
2026-01-25 14:00:00+00:00,68.755
2026-01-25 15:00:00+00:00,69.51264706
2026-01-25 16:00:00+00:00,68.07117647
2026-01-25 17:00:00+00:00,67.64823529
2026-01-25 18:00:00+00:00,67.27411765
2026-01-25 19:00:00+00:00,66.01294118
2026-01-25 20:00:00+00:00,65.97352941
2026-01-25 21:00:00+00:00,66.70382353
2026-01-25 22:00:00+00:00,66.64264706
2026-01-25 23:00:00+00:00,67.29558824
2026-01-26 00:00:00+00:00,67.60470588
2026-01-26 01:00:00+00:00,67.97647059
2026-01-26 02:00:00+00:00,67.68205882
2026-01-26 03:00:00+00:00,67.39
2026-01-26 04:00:00+00:00,67.82088235
2026-01-26 05:00:00+00:00,67.72382353
2026-01-26 06:00:00+00:00,67.95441176
2026-01-26 07:00:00+00:00,68.37882353
2026-01-26 08:00:00+00:00,68.25882353
2026-01-26 09:00:00+00:00,67.95647059
2026-01-26 10:00:00+00:00,68.35735294
2026-01-26 11:00:00+00:00,68.25088235
2026-01-26 12:00:00+00:00,68.33352941
2026-01-26 13:00:00+00:00,68.425
2026-01-26 14:00:00+00:00,69.27470588
2026-01-26 15:00:00+00:00,69.05147059
2026-01-26 16:00:00+00:00,69.39529412
2026-01-26 17:00:00+00:00,69.16941176
2026-01-26 18:00:00+00:00,69.70764706
2026-01-26 19:00:00+00:00,69.13176471
2026-01-26 20:00:00+00:00,68.89647059
2026-01-26 21:00:00+00:00,69.44794118
2026-01-26 22:00:00+00:00,69.59529412
2026-01-26 23:00:00+00:00,69.72235294
2026-01-27 00:00:00+00:00,69.97205882
2026-01-27 01:00:00+00:00,69.88764706
2026-01-27 02:00:00+00:00,69.75382353
2026-01-27 03:00:00+00:00,69.57705882
2026-01-27 04:00:00+00:00,69.54941176
2026-01-27 05:00:00+00:00,69.625
2026-01-27 06:00:00+00:00,69.21764706
2026-01-27 07:00:00+00:00,69.13147059
2026-01-27 08:00:00+00:00,69.41176471
2026-01-27 09:00:00+00:00,69.25411765
2026-01-27 10:00:00+00:00,69.32
2026-01-27 11:00:00+00:00,69.02529412
2026-01-27 12:00:00+00:00,68.83441176
2026-01-27 13:00:00+00:00,68.95088235
2026-01-27 14:00:00+00:00,69.18735294
2026-01-27 15:00:00+00:00,69.93235294
2026-01-27 16:00:00+00:00,70.14588235
2026-01-27 17:00:00+00:00,69.29558824
2026-01-27 18:00:00+00:00,69.66647059
2026-01-27 19:00:00+00:00,69.66441176
2026-01-27 20:00:00+00:00,70.07911765
2026-01-27 21:00:00+00:00,70.07794118
2026-01-27 22:00:00+00:00,70.22411765
2026-01-27 23:00:00+00:00,70.02264706
2026-01-28 00:00:00+00:00,70.08588235
2026-01-28 01:00:00+00:00,69.875
2026-01-28 02:00:00+00:00,69.83970588
2026-01-28 03:00:00+00:00,69.54735294
2026-01-28 04:00:00+00:00,69.31852941
2026-01-28 05:00:00+00:00,69.66264706
2026-01-28 06:00:00+00:00,69.92323529
2026-01-28 07:00:00+00:00,69.63823529
2026-01-28 08:00:00+00:00,69.36911765
2026-01-28 09:00:00+00:00,69.80470588
2026-01-28 10:00:00+00:00,69.58176471
2026-01-28 11:00:00+00:00,69.96617647
2026-01-28 12:00:00+00:00,69.74176471
2026-01-28 13:00:00+00:00,69.78147059
2026-01-28 14:00:00+00:00,69.00705882
2026-01-28 15:00:00+00:00,69.01029412
2026-01-28 16:00:00+00:00,69.15
2026-01-28 17:00:00+00:00,69.69264706
2026-01-28 18:00:00+00:00,69.42705882
2026-01-28 19:00:00+00:00,69.52235294
2026-01-28 20:00:00+00:00,69.21676471
2026-01-28 21:00:00+00:00,69.42676471
2026-01-28 22:00:00+00:00,69.67
2026-01-28 23:00:00+00:00,69.42852941
2026-01-29 00:00:00+00:00,69.18411765
2026-01-29 01:00:00+00:00,68.77235294
2026-01-29 02:00:00+00:00,68.27382353
2026-01-29 03:00:00+00:00,68.01617647
2026-01-29 04:00:00+00:00,68.06235294
2026-01-29 05:00:00+00:00,68.02676471
2026-01-29 06:00:00+00:00,68.28382353
2026-01-29 07:00:00+00:00,68.16970588
2026-01-29 08:00:00+00:00,67.97911765
2026-01-29 09:00:00+00:00,67.95970588
2026-01-29 10:00:00+00:00,67.52411765
2026-01-29 11:00:00+00:00,67.50588235
2026-01-29 12:00:00+00:00,67.34029412
2026-01-29 13:00:00+00:00,67.51117647
2026-01-29 14:00:00+00:00,66.47117647
2026-01-29 15:00:00+00:00,65.45941176
2026-01-29 16:00:00+00:00,66.10176471
2026-01-29 17:00:00+00:00,65.67647059
2026-01-29 18:00:00+00:00,64.53235294
2026-01-29 19:00:00+00:00,65.06352941
2026-01-29 20:00:00+00:00,65.76176471
2026-01-29 21:00:00+00:00,66.07764706
2026-01-29 22:00:00+00:00,66.10588235
2026-01-29 23:00:00+00:00,66.22647059
2026-01-30 00:00:00+00:00,66.17970588
2026-01-30 01:00:00+00:00,64.805
2026-01-30 02:00:00+00:00,63.93970588
2026-01-30 03:00:00+00:00,64.00058824
2026-01-30 04:00:00+00:00,64.40764706
2026-01-30 05:00:00+00:00,64.51764706
2026-01-30 06:00:00+00:00,63.51029412
2026-01-30 07:00:00+00:00,64.31352941
2026-01-30 08:00:00+00:00,63.98411765
2026-01-30 09:00:00+00:00,64.08588235
2026-01-30 10:00:00+00:00,64.38588235
2026-01-30 11:00:00+00:00,64.97558824
2026-01-30 12:00:00+00:00,64.50470588
2026-01-30 13:00:00+00:00,64.20088235
2026-01-30 14:00:00+00:00,64.67411765
2026-01-30 15:00:00+00:00,64.82294118
2026-01-30 16:00:00+00:00,65.06205882
2026-01-30 17:00:00+00:00,65.27147059
2026-01-30 18:00:00+00:00,65.60411765
2026-01-30 19:00:00+00:00,65.74352941
2026-01-30 20:00:00+00:00,65.01735294
2026-01-30 21:00:00+00:00,65.49
2026-01-30 22:00:00+00:00,65.49588235
2026-01-30 23:00:00+00:00,65.47323529
2026-01-31 00:00:00+00:00,65.23705882
2026-01-31 01:00:00+00:00,65.17352941
2026-01-31 02:00:00+00:00,65.07088235
2026-01-31 03:00:00+00:00,64.95058824
2026-01-31 04:00:00+00:00,64.67911765
2026-01-31 05:00:00+00:00,64.56676471
2026-01-31 06:00:00+00:00,64.25941176
2026-01-31 07:00:00+00:00,63.90970588
2026-01-31 08:00:00+00:00,63.02529412
2026-01-31 09:00:00+00:00,63.24
2026-01-31 10:00:00+00:00,63.32294118
2026-01-31 11:00:00+00:00,63.05617647
2026-01-31 12:00:00+00:00,62.73205882
2026-01-31 13:00:00+00:00,62.33911765
2026-01-31 14:00:00+00:00,60.37735294
2026-01-31 15:00:00+00:00,60.17882353
2026-01-31 16:00:00+00:00,60.01058824
2026-01-31 17:00:00+00:00,58.19441176
2026-01-31 18:00:00+00:00,57.76470588
2026-01-31 19:00:00+00:00,58.12647059
2026-01-31 20:00:00+00:00,58.27264706
2026-01-31 21:00:00+00:00,58.82294118
2026-01-31 22:00:00+00:00,58.66323529
2026-01-31 23:00:00+00:00,59.52058824
2026-02-01 00:00:00+00:00,59.66617647
2026-02-01 01:00:00+00:00,59.50352941
2026-02-01 02:00:00+00:00,59.82676471
2026-02-01 03:00:00+00:00,59.67676471
2026-02-01 04:00:00+00:00,59.58441176
2026-02-01 05:00:00+00:00,59.22
2026-02-01 06:00:00+00:00,59.25029412
2026-02-01 07:00:00+00:00,59.38588235
2026-02-01 08:00:00+00:00,59.53441176
2026-02-01 09:00:00+00:00,59.68764706
2026-02-01 10:00:00+00:00,58.74911765
2026-02-01 11:00:00+00:00,59.31176471
2026-02-01 12:00:00+00:00,59.18705882
2026-02-01 13:00:00+00:00,59.34558824
2026-02-01 14:00:00+00:00,59.33088235
2026-02-01 15:00:00+00:00,58.42735294
2026-02-01 16:00:00+00:00,58.37676471
2026-02-01 17:00:00+00:00,58.65676471
2026-02-01 18:00:00+00:00,59.23823529
2026-02-01 19:00:00+00:00,58.76294118
2026-02-01 20:00:00+00:00,58.71676471
2026-02-01 21:00:00+00:00,58.44735294
2026-02-01 22:00:00+00:00,58.93058824
2026-02-01 23:00:00+00:00,58.49058824
2026-02-02 00:00:00+00:00,59.10823529
2026-02-02 01:00:00+00:00,59.29470588
2026-02-02 02:00:00+00:00,58.77941176
2026-02-02 03:00:00+00:00,58.32823529
2026-02-02 04:00:00+00:00,57.98117647
2026-02-02 05:00:00+00:00,57.19647059
2026-02-02 06:00:00+00:00,58.05088235
2026-02-02 07:00:00+00:00,58.24323529
2026-02-02 08:00:00+00:00,58.60205882
2026-02-02 09:00:00+00:00,59.165
2026-02-02 10:00:00+00:00,59.15852941
2026-02-02 11:00:00+00:00,59.11558824
2026-02-02 12:00:00+00:00,59.78588235
2026-02-02 13:00:00+00:00,59.78676471
2026-02-02 14:00:00+00:00,59.95323529
2026-02-02 15:00:00+00:00,61.04382353
2026-02-02 16:00:00+00:00,60.56470588
2026-02-02 17:00:00+00:00,60.325
2026-02-02 18:00:00+00:00,60.36235294
2026-02-02 19:00:00+00:00,59.97323529
2026-02-02 20:00:00+00:00,59.62588235
2026-02-02 21:00:00+00:00,59.82970588
2026-02-02 22:00:00+00:00,60.07882353
2026-02-02 23:00:00+00:00,60.01352941
2026-02-03 00:00:00+00:00,60.11735294
2026-02-03 01:00:00+00:00,59.96176471
2026-02-03 02:00:00+00:00,59.13588235
2026-02-03 03:00:00+00:00,59.97647059
2026-02-03 04:00:00+00:00,60.15470588
2026-02-03 05:00:00+00:00,59.73
2026-02-03 06:00:00+00:00,60.17970588
2026-02-03 07:00:00+00:00,60.25735294
2026-02-03 08:00:00+00:00,60.11294118
2026-02-03 09:00:00+00:00,59.73235294
2026-02-03 10:00:00+00:00,59.66882353
2026-02-03 11:00:00+00:00,59.855
2026-02-03 12:00:00+00:00,60.10147059
2026-02-03 13:00:00+00:00,60.18441176
2026-02-03 14:00:00+00:00,59.26941176
2026-02-03 15:00:00+00:00,60.375
2026-02-03 16:00:00+00:00,59.48117647
2026-02-03 17:00:00+00:00,58.18588235
2026-02-03 18:00:00+00:00,57.045
2026-02-03 19:00:00+00:00,59.32411765
2026-02-03 20:00:00+00:00,61.03323529
2026-02-03 21:00:00+00:00,60.12441176
2026-02-03 22:00:00+00:00,59.52
2026-02-03 23:00:00+00:00,59.47323529
2026-02-04 00:00:00+00:00,59.83147059
2026-02-04 01:00:00+00:00,60.28323529
2026-02-04 02:00:00+00:00,60.03294118
2026-02-04 03:00:00+00:00,60.74117647
2026-02-04 04:00:00+00:00,60.59
2026-02-04 05:00:00+00:00,60.19264706
2026-02-04 06:00:00+00:00,60.61705882
2026-02-04 07:00:00+00:00,60.79941176
2026-02-04 08:00:00+00:00,60.82676471
2026-02-04 09:00:00+00:00,60.42676471
2026-02-04 10:00:00+00:00,60.31176471
2026-02-04 11:00:00+00:00,60.09882353
2026-02-04 12:00:00+00:00,60.03676471
2026-02-04 13:00:00+00:00,59.25235294
2026-02-04 14:00:00+00:00,58.42882353
2026-02-04 15:00:00+00:00,58.18205882
2026-02-04 16:00:00+00:00,57.89911765
2026-02-04 17:00:00+00:00,57.78205882
2026-02-04 18:00:00+00:00,58.44588235
2026-02-04 19:00:00+00:00,59.46
2026-02-04 20:00:00+00:00,59.02264706
2026-02-04 21:00:00+00:00,58.68529412
2026-02-04 22:00:00+00:00,58.38970588
2026-02-04 23:00:00+00:00,58.87970588
2026-02-05 00:00:00+00:00,59.10882353
2026-02-05 01:00:00+00:00,58.93058824
2026-02-05 02:00:00+00:00,58.32088235
2026-02-05 03:00:00+00:00,58.22264706
2026-02-05 04:00:00+00:00,58.07588235
2026-02-05 05:00:00+00:00,58.18470588
2026-02-05 06:00:00+00:00,57.69529412
2026-02-05 07:00:00+00:00,57.62323529
2026-02-05 08:00:00+00:00,58.01529412
2026-02-05 09:00:00+00:00,58.11911765
2026-02-05 10:00:00+00:00,56.845
2026-02-05 11:00:00+00:00,56.49
2026-02-05 12:00:00+00:00,55.94411765
2026-02-05 13:00:00+00:00,55.73470588
2026-02-05 14:00:00+00:00,56.10058824
2026-02-05 15:00:00+00:00,53.92411765
2026-02-05 16:00:00+00:00,54.40911765
2026-02-05 17:00:00+00:00,53.08029412
2026-02-05 18:00:00+00:00,53.44558824
2026-02-05 19:00:00+00:00,52.43235294
2026-02-05 20:00:00+00:00,50.82588235
2026-02-05 21:00:00+00:00,51.01411765
2026-02-05 22:00:00+00:00,51.54911765
2026-02-05 23:00:00+00:00,50.78529412
2026-02-06 00:00:00+00:00,49.69676471
2026-02-06 01:00:00+00:00,50.90058824
2026-02-06 02:00:00+00:00,49.96029412
2026-02-06 03:00:00+00:00,50.06647059
2026-02-06 04:00:00+00:00,50.87323529
2026-02-06 05:00:00+00:00,52.30647059
2026-02-06 06:00:00+00:00,51.09705882
2026-02-06 07:00:00+00:00,50.96941176
2026-02-06 08:00:00+00:00,50.83029412
2026-02-06 09:00:00+00:00,51.76529412
2026-02-06 10:00:00+00:00,52.21529412
2026-02-06 11:00:00+00:00,52.55
2026-02-06 12:00:00+00:00,52.57941176
2026-02-06 13:00:00+00:00,53.39529412
2026-02-06 14:00:00+00:00,54.30264706
2026-02-06 15:00:00+00:00,54.36970588
2026-02-06 16:00:00+00:00,55.29735294
2026-02-06 17:00:00+00:00,55.60735294
2026-02-06 18:00:00+00:00,54.84970588
2026-02-06 19:00:00+00:00,55.20735294
2026-02-06 20:00:00+00:00,54.94823529
2026-02-06 21:00:00+00:00,55.05647059
2026-02-06 22:00:00+00:00,55.49911765
2026-02-06 23:00:00+00:00,55.02911765
2026-02-07 00:00:00+00:00,54.55823529
2026-02-07 01:00:00+00:00,54.83529412
2026-02-07 02:00:00+00:00,54.70470588
2026-02-07 03:00:00+00:00,54.90529412
2026-02-07 04:00:00+00:00,54.68411765
2026-02-07 05:00:00+00:00,54.58970588
2026-02-07 06:00:00+00:00,53.80147059
2026-02-07 07:00:00+00:00,53.63735294
2026-02-07 08:00:00+00:00,53.88647059
2026-02-07 09:00:00+00:00,53.27
2026-02-07 10:00:00+00:00,53.33029412
2026-02-07 11:00:00+00:00,53.24058824
2026-02-07 12:00:00+00:00,54.11617647
2026-02-07 13:00:00+00:00,54.06588235
2026-02-07 14:00:00+00:00,53.79588235
2026-02-07 15:00:00+00:00,54.37764706
2026-02-07 16:00:00+00:00,54.87617647
2026-02-07 17:00:00+00:00,55.10088235
2026-02-07 18:00:00+00:00,55.77235294
2026-02-07 19:00:00+00:00,55.44617647
2026-02-07 20:00:00+00:00,55.82676471
2026-02-07 21:00:00+00:00,55.50676471
2026-02-07 22:00:00+00:00,55.485
2026-02-07 23:00:00+00:00,55.21823529
2026-02-08 00:00:00+00:00,55.09
2026-02-08 01:00:00+00:00,55.33852941
2026-02-08 02:00:00+00:00,55.16205882
2026-02-08 03:00:00+00:00,55.03
2026-02-08 04:00:00+00:00,55.39058824
2026-02-08 05:00:00+00:00,55.215
2026-02-08 06:00:00+00:00,55.10588235
2026-02-08 07:00:00+00:00,55.01676471
2026-02-08 08:00:00+00:00,55.68911765
2026-02-08 09:00:00+00:00,55.32588235
2026-02-08 10:00:00+00:00,54.98470588
2026-02-08 11:00:00+00:00,55.475
2026-02-08 12:00:00+00:00,55.25735294
2026-02-08 13:00:00+00:00,55.30911765
2026-02-08 14:00:00+00:00,55.34411765
2026-02-08 15:00:00+00:00,54.88970588
2026-02-08 16:00:00+00:00,53.87794118
2026-02-08 17:00:00+00:00,54.42147059
2026-02-08 18:00:00+00:00,54.74764706
2026-02-08 19:00:00+00:00,54.94705882
2026-02-08 20:00:00+00:00,54.38941176
2026-02-08 21:00:00+00:00,54.10294118
2026-02-08 22:00:00+00:00,54.53176471
2026-02-08 23:00:00+00:00,54.52882353
2026-02-09 00:00:00+00:00,54.45705882
2026-02-09 01:00:00+00:00,54.39323529
2026-02-09 02:00:00+00:00,54.64205882
2026-02-09 03:00:00+00:00,54.94441176
2026-02-09 04:00:00+00:00,54.79235294
2026-02-09 05:00:00+00:00,54.90205882
2026-02-09 06:00:00+00:00,54.41588235
2026-02-09 07:00:00+00:00,54.07323529
2026-02-09 08:00:00+00:00,53.44647059
2026-02-09 09:00:00+00:00,53.24617647
2026-02-09 10:00:00+00:00,52.46647059
2026-02-09 11:00:00+00:00,52.99117647
2026-02-09 12:00:00+00:00,53.32058824
2026-02-09 13:00:00+00:00,53.23117647
2026-02-09 14:00:00+00:00,53.80176471
2026-02-09 15:00:00+00:00,54.39882353
2026-02-09 16:00:00+00:00,54.44529412
2026-02-09 17:00:00+00:00,54.88147059
2026-02-09 18:00:00+00:00,54.71441176
2026-02-09 19:00:00+00:00,54.95558824
2026-02-09 20:00:00+00:00,54.98205882
2026-02-09 21:00:00+00:00,54.80529412
2026-02-09 22:00:00+00:00,54.59470588
2026-02-09 23:00:00+00:00,54.45058824
2026-02-10 00:00:00+00:00,54.315
2026-02-10 01:00:00+00:00,54.50264706
2026-02-10 02:00:00+00:00,54.35441176
2026-02-10 03:00:00+00:00,53.95794118
2026-02-10 04:00:00+00:00,54.15735294
2026-02-10 05:00:00+00:00,53.75470588
2026-02-10 06:00:00+00:00,53.14088235
2026-02-10 07:00:00+00:00,53.17676471
2026-02-10 08:00:00+00:00,53.54764706
2026-02-10 09:00:00+00:00,53.43911765
2026-02-10 10:00:00+00:00,53.21882353
2026-02-10 11:00:00+00:00,53.09441176
2026-02-10 12:00:00+00:00,52.93176471
2026-02-10 13:00:00+00:00,53.37058824
2026-02-10 14:00:00+00:00,53.25852941
2026-02-10 15:00:00+00:00,53.37205882
2026-02-10 16:00:00+00:00,53.40882353
2026-02-10 17:00:00+00:00,53.74558824
2026-02-10 18:00:00+00:00,53.08411765
2026-02-10 19:00:00+00:00,53.28205882
2026-02-10 20:00:00+00:00,53.30176471
2026-02-10 21:00:00+00:00,53.15529412
2026-02-10 22:00:00+00:00,53.21617647
2026-02-10 23:00:00+00:00,53.36382353
2026-02-11 00:00:00+00:00,53.50147059
2026-02-11 01:00:00+00:00,53.49970588
2026-02-11 02:00:00+00:00,53.32411765
2026-02-11 03:00:00+00:00,53.13088235
2026-02-11 04:00:00+00:00,52.62705882
2026-02-11 05:00:00+00:00,52.51088235
2026-02-11 06:00:00+00:00,52.12
2026-02-11 07:00:00+00:00,52.06323529
2026-02-11 08:00:00+00:00,51.98705882
2026-02-11 09:00:00+00:00,52.08882353
2026-02-11 10:00:00+00:00,51.75411765
2026-02-11 11:00:00+00:00,52.13294118
2026-02-11 12:00:00+00:00,52.23558824
2026-02-11 13:00:00+00:00,52.52647059
2026-02-11 14:00:00+00:00,51.72794118
2026-02-11 15:00:00+00:00,51.235
2026-02-11 16:00:00+00:00,51.25823529
2026-02-11 17:00:00+00:00,51.66529412
2026-02-11 18:00:00+00:00,52.34705882
2026-02-11 19:00:00+00:00,52.24911765
2026-02-11 20:00:00+00:00,52.26382353
2026-02-11 21:00:00+00:00,52.66617647
2026-02-11 22:00:00+00:00,52.36617647
2026-02-11 23:00:00+00:00,52.31470588
2026-02-12 00:00:00+00:00,52.72147059
2026-02-12 01:00:00+00:00,52.84852941
2026-02-12 02:00:00+00:00,52.74176471
2026-02-12 03:00:00+00:00,52.86441176
2026-02-12 04:00:00+00:00,52.83529412
2026-02-12 05:00:00+00:00,52.94323529
2026-02-12 06:00:00+00:00,53.16411765
2026-02-12 07:00:00+00:00,53.33088235
2026-02-12 08:00:00+00:00,53.25264706
2026-02-12 09:00:00+00:00,53.51029412
2026-02-12 10:00:00+00:00,53.74
2026-02-12 11:00:00+00:00,53.41323529
2026-02-12 12:00:00+00:00,53.01117647
2026-02-12 13:00:00+00:00,53.31029412
2026-02-12 14:00:00+00:00,53.24205882
2026-02-12 15:00:00+00:00,52.85323529
2026-02-12 16:00:00+00:00,51.71323529
2026-02-12 17:00:00+00:00,51.63058824
2026-02-12 18:00:00+00:00,52.07
2026-02-12 19:00:00+00:00,52.37441176
2026-02-12 20:00:00+00:00,51.95647059
2026-02-12 21:00:00+00:00,52.31117647
2026-02-12 22:00:00+00:00,52.88941176
2026-02-12 23:00:00+00:00,53.14205882
2026-02-13 00:00:00+00:00,52.94647059
2026-02-13 01:00:00+00:00,53.11235294
2026-02-13 02:00:00+00:00,53.165
2026-02-13 03:00:00+00:00,53.04705882
2026-02-13 04:00:00+00:00,52.95911765
2026-02-13 05:00:00+00:00,52.61323529
2026-02-13 06:00:00+00:00,52.82411765
2026-02-13 07:00:00+00:00,52.84088235
2026-02-13 08:00:00+00:00,53.35558824
2026-02-13 09:00:00+00:00,53.26735294
2026-02-13 10:00:00+00:00,53.40852941
2026-02-13 11:00:00+00:00,53.55235294
2026-02-13 12:00:00+00:00,53.48588235
2026-02-13 13:00:00+00:00,53.67852941
2026-02-13 14:00:00+00:00,53.76470588
2026-02-13 15:00:00+00:00,54.34676471
2026-02-13 16:00:00+00:00,55.12264706
2026-02-13 17:00:00+00:00,54.81941176
2026-02-13 18:00:00+00:00,54.97088235
2026-02-13 19:00:00+00:00,55.11764706
2026-02-13 20:00:00+00:00,55.35970588
2026-02-13 21:00:00+00:00,55.57558824
2026-02-13 22:00:00+00:00,55.27441176
2026-02-13 23:00:00+00:00,55.065
2026-02-14 00:00:00+00:00,55.41264706
2026-02-14 01:00:00+00:00,55.35470588
2026-02-14 02:00:00+00:00,55.18470588
2026-02-14 03:00:00+00:00,55.33088235
2026-02-14 04:00:00+00:00,55.28058824
2026-02-14 05:00:00+00:00,55.18823529
2026-02-14 06:00:00+00:00,55.11117647
2026-02-14 07:00:00+00:00,55.31882353
2026-02-14 08:00:00+00:00,55.64705882
2026-02-14 09:00:00+00:00,55.63088235
2026-02-14 10:00:00+00:00,55.35676471
2026-02-14 11:00:00+00:00,55.77294118
2026-02-14 12:00:00+00:00,55.28970588
2026-02-14 13:00:00+00:00,55.37088235
2026-02-14 14:00:00+00:00,56.20235294
2026-02-14 15:00:00+00:00,56.11205882
2026-02-14 16:00:00+00:00,56.44264706
2026-02-14 17:00:00+00:00,55.96323529
2026-02-14 18:00:00+00:00,56.07117647
2026-02-14 19:00:00+00:00,56.34941176
2026-02-14 20:00:00+00:00,56.30676471
2026-02-14 21:00:00+00:00,56.20147059
2026-02-14 22:00:00+00:00,56.33382353
2026-02-14 23:00:00+00:00,55.98411765
2026-02-15 00:00:00+00:00,55.75588235
2026-02-15 01:00:00+00:00,55.89147059
2026-02-15 02:00:00+00:00,55.82764706
2026-02-15 03:00:00+00:00,55.865
2026-02-15 04:00:00+00:00,55.98852941
2026-02-15 05:00:00+00:00,56.25176471
2026-02-15 06:00:00+00:00,56.02529412
2026-02-15 07:00:00+00:00,56.51
2026-02-15 08:00:00+00:00,55.76294118
2026-02-15 09:00:00+00:00,56.20823529
2026-02-15 10:00:00+00:00,56.00558824
2026-02-15 11:00:00+00:00,55.90617647
2026-02-15 12:00:00+00:00,54.81794118
2026-02-15 13:00:00+00:00,54.45
2026-02-15 14:00:00+00:00,55.06911765
2026-02-15 15:00:00+00:00,55.06647059
2026-02-15 16:00:00+00:00,55.18794118
2026-02-15 17:00:00+00:00,54.76323529
2026-02-15 18:00:00+00:00,54.48147059
2026-02-15 19:00:00+00:00,54.51911765
2026-02-15 20:00:00+00:00,54.58088235
2026-02-15 21:00:00+00:00,54.80882353
2026-02-15 22:00:00+00:00,55.07558824
2026-02-15 23:00:00+00:00,55.07411765
2026-02-16 00:00:00+00:00,55.14176471
2026-02-16 01:00:00+00:00,55.11852941
2026-02-16 02:00:00+00:00,54.475
2026-02-16 03:00:00+00:00,54.48176471
2026-02-16 04:00:00+00:00,54.69588235
2026-02-16 05:00:00+00:00,53.90117647
2026-02-16 06:00:00+00:00,54.14058824
2026-02-16 07:00:00+00:00,54.19382353
2026-02-16 08:00:00+00:00,54.44352941
2026-02-16 09:00:00+00:00,54.54764706
2026-02-16 10:00:00+00:00,54.23441176
2026-02-16 11:00:00+00:00,53.92411765
2026-02-16 12:00:00+00:00,54.65852941
2026-02-16 13:00:00+00:00,53.90294118
2026-02-16 14:00:00+00:00,54.28705882
2026-02-16 15:00:00+00:00,53.615
2026-02-16 16:00:00+00:00,53.57352941
2026-02-16 17:00:00+00:00,53.73882353
2026-02-16 18:00:00+00:00,53.95058824
2026-02-16 19:00:00+00:00,54.22088235
2026-02-16 20:00:00+00:00,54.90117647
2026-02-16 21:00:00+00:00,55.52794118
2026-02-16 22:00:00+00:00,55.00705882
2026-02-16 23:00:00+00:00,55.12205882
2026-02-17 00:00:00+00:00,55.07794118
2026-02-17 01:00:00+00:00,54.885
2026-02-17 02:00:00+00:00,55.35676471
2026-02-17 03:00:00+00:00,55.13235294
2026-02-17 04:00:00+00:00,55.27911765
2026-02-17 05:00:00+00:00,55.07147059
2026-02-17 06:00:00+00:00,55.41941176
2026-02-17 07:00:00+00:00,55.53705882
2026-02-17 08:00:00+00:00,55.32558824
2026-02-17 09:00:00+00:00,55.07647059
2026-02-17 10:00:00+00:00,54.98617647
2026-02-17 11:00:00+00:00,55.00470588
2026-02-17 12:00:00+00:00,54.76323529
2026-02-17 13:00:00+00:00,55.03470588
2026-02-17 14:00:00+00:00,53.99176471
2026-02-17 15:00:00+00:00,53.78823529
2026-02-17 16:00:00+00:00,54.20264706
2026-02-17 17:00:00+00:00,53.98911765
2026-02-17 18:00:00+00:00,54.61
2026-02-17 19:00:00+00:00,54.25294118
2026-02-17 20:00:00+00:00,54.22029412
2026-02-17 21:00:00+00:00,54.46764706
2026-02-17 22:00:00+00:00,54.00088235
2026-02-17 23:00:00+00:00,53.95294118
2026-02-18 00:00:00+00:00,53.88764706
2026-02-18 01:00:00+00:00,53.88029412
2026-02-18 02:00:00+00:00,54.08382353
2026-02-18 03:00:00+00:00,54.29088235
2026-02-18 04:00:00+00:00,54.17911765
2026-02-18 05:00:00+00:00,54.24823529
2026-02-18 06:00:00+00:00,54.26441176
2026-02-18 07:00:00+00:00,54.45176471
2026-02-18 08:00:00+00:00,54.36764706
2026-02-18 09:00:00+00:00,54.27117647
2026-02-18 10:00:00+00:00,54.13
2026-02-18 11:00:00+00:00,53.91
2026-02-18 12:00:00+00:00,53.91911765
2026-02-18 13:00:00+00:00,53.81029412
2026-02-18 14:00:00+00:00,53.90970588
2026-02-18 15:00:00+00:00,54.49794118
2026-02-18 16:00:00+00:00,54.23470588
2026-02-18 17:00:00+00:00,53.99441176
2026-02-18 18:00:00+00:00,53.37088235
2026-02-18 19:00:00+00:00,53.23176471
2026-02-18 20:00:00+00:00,53.12235294
2026-02-18 21:00:00+00:00,53.16058824
2026-02-18 22:00:00+00:00,53.20147059
2026-02-18 23:00:00+00:00,53.32058824
2026-02-19 00:00:00+00:00,53.16970588
2026-02-19 01:00:00+00:00,53.60205882
2026-02-19 02:00:00+00:00,53.39235294
2026-02-19 03:00:00+00:00,53.57823529
2026-02-19 04:00:00+00:00,53.54911765
2026-02-19 05:00:00+00:00,53.32470588
2026-02-19 06:00:00+00:00,53.31323529
2026-02-19 07:00:00+00:00,53.37352941
2026-02-19 08:00:00+00:00,52.81147059
2026-02-19 09:00:00+00:00,52.81705882
2026-02-19 10:00:00+00:00,52.68294118
2026-02-19 11:00:00+00:00,52.56882353
2026-02-19 12:00:00+00:00,52.36735294
2026-02-19 13:00:00+00:00,51.91882353
2026-02-19 14:00:00+00:00,52.01882353
2026-02-19 15:00:00+00:00,51.82941176
2026-02-19 16:00:00+00:00,51.835
2026-02-19 17:00:00+00:00,51.99852941
2026-02-19 18:00:00+00:00,52.65941176
2026-02-19 19:00:00+00:00,52.63970588
2026-02-19 20:00:00+00:00,52.63529412
2026-02-19 21:00:00+00:00,52.49323529
2026-02-19 22:00:00+00:00,52.60411765
2026-02-19 23:00:00+00:00,52.69970588
2026-02-20 00:00:00+00:00,52.91294118
2026-02-20 01:00:00+00:00,53.07323529
2026-02-20 02:00:00+00:00,53.065
2026-02-20 03:00:00+00:00,53.23764706
2026-02-20 04:00:00+00:00,53.15705882
2026-02-20 05:00:00+00:00,53.43058824
2026-02-20 06:00:00+00:00,53.47764706
2026-02-20 07:00:00+00:00,53.50852941
2026-02-20 08:00:00+00:00,53.64411765
2026-02-20 09:00:00+00:00,54.05647059
2026-02-20 10:00:00+00:00,53.78970588
2026-02-20 11:00:00+00:00,53.58
2026-02-20 12:00:00+00:00,53.53235294
2026-02-20 13:00:00+00:00,53.02382353
2026-02-20 14:00:00+00:00,53.72588235
2026-02-20 15:00:00+00:00,54.88176471
2026-02-20 16:00:00+00:00,55.18529412
2026-02-20 17:00:00+00:00,55.23823529
2026-02-20 18:00:00+00:00,55.27176471
2026-02-20 19:00:00+00:00,54.955
2026-02-20 20:00:00+00:00,55.11823529
2026-02-20 21:00:00+00:00,55.25264706
2026-02-20 22:00:00+00:00,55.29470588
2026-02-20 23:00:00+00:00,55.19411765
2026-02-21 00:00:00+00:00,54.89205882
2026-02-21 01:00:00+00:00,55.07411765
2026-02-21 02:00:00+00:00,55.22764706
2026-02-21 03:00:00+00:00,55.06235294
2026-02-21 04:00:00+00:00,55.02
2026-02-21 05:00:00+00:00,55.15823529
2026-02-21 06:00:00+00:00,55.15852941
2026-02-21 07:00:00+00:00,55.05529412
2026-02-21 08:00:00+00:00,55.54294118
2026-02-21 09:00:00+00:00,55.09382353
2026-02-21 10:00:00+00:00,55.04676471
2026-02-21 11:00:00+00:00,55.07352941
2026-02-21 12:00:00+00:00,55.16088235
2026-02-21 13:00:00+00:00,55.39529412
2026-02-21 14:00:00+00:00,55.49941176
2026-02-21 15:00:00+00:00,55.69823529
2026-02-21 16:00:00+00:00,55.40705882
2026-02-21 17:00:00+00:00,55.31029412
2026-02-21 18:00:00+00:00,55.48264706
2026-02-21 19:00:00+00:00,55.25588235
2026-02-21 20:00:00+00:00,55.12294118
2026-02-21 21:00:00+00:00,55.09941176
2026-02-21 22:00:00+00:00,54.93941176
2026-02-21 23:00:00+00:00,54.91852941
2026-02-22 00:00:00+00:00,54.64676471
2026-02-22 01:00:00+00:00,54.70411765
2026-02-22 02:00:00+00:00,54.43617647
2026-02-22 03:00:00+00:00,54.51705882
2026-02-22 04:00:00+00:00,54.55323529
2026-02-22 05:00:00+00:00,54.36588235
2026-02-22 06:00:00+00:00,54.49911765
2026-02-22 07:00:00+00:00,54.72823529
2026-02-22 08:00:00+00:00,54.61382353
2026-02-22 09:00:00+00:00,54.69117647
2026-02-22 10:00:00+00:00,54.65382353
2026-02-22 11:00:00+00:00,54.66823529
2026-02-22 12:00:00+00:00,54.07676471
2026-02-22 13:00:00+00:00,53.56117647
2026-02-22 14:00:00+00:00,53.21588235
2026-02-22 15:00:00+00:00,53.32029412
2026-02-22 16:00:00+00:00,53.60794118
2026-02-22 17:00:00+00:00,53.26588235
2026-02-22 18:00:00+00:00,53.27617647
2026-02-22 19:00:00+00:00,53.21676471
2026-02-22 20:00:00+00:00,53.08088235
2026-02-22 21:00:00+00:00,53.37588235
2026-02-22 22:00:00+00:00,53.47264706
2026-02-22 23:00:00+00:00,53.47411765
2026-02-23 00:00:00+00:00,53.00911765
2026-02-23 01:00:00+00:00,51.02411765
2026-02-23 02:00:00+00:00,51.20470588
2026-02-23 03:00:00+00:00,51.37058824
2026-02-23 04:00:00+00:00,51.09647059
2026-02-23 05:00:00+00:00,51.40735294
2026-02-23 06:00:00+00:00,52.11235294
2026-02-23 07:00:00+00:00,52.05617647
2026-02-23 08:00:00+00:00,51.99735294
2026-02-23 09:00:00+00:00,52.88
2026-02-23 10:00:00+00:00,52.77264706
2026-02-23 11:00:00+00:00,52.64882353
2026-02-23 12:00:00+00:00,52.91529412
2026-02-23 13:00:00+00:00,52.72588235
2026-02-23 14:00:00+00:00,52.73147059
2026-02-23 15:00:00+00:00,52.13529412
2026-02-23 16:00:00+00:00,51.78676471
2026-02-23 17:00:00+00:00,51.36588235
2026-02-23 18:00:00+00:00,51.41088235
2026-02-23 19:00:00+00:00,51.23264706
2026-02-23 20:00:00+00:00,51.51852941
2026-02-23 21:00:00+00:00,51.68794118
2026-02-23 22:00:00+00:00,51.67058824
2026-02-23 23:00:00+00:00,51.35088235
2026-02-24 00:00:00+00:00,51.82852941
2026-02-24 01:00:00+00:00,51.49470588
2026-02-24 02:00:00+00:00,51.26470588
2026-02-24 03:00:00+00:00,50.97411765
2026-02-24 04:00:00+00:00,50.77647059
2026-02-24 05:00:00+00:00,50.30558824
2026-02-24 06:00:00+00:00,50.51794118
2026-02-24 07:00:00+00:00,50.76235294
2026-02-24 08:00:00+00:00,51.07176471
2026-02-24 09:00:00+00:00,50.94205882
2026-02-24 10:00:00+00:00,50.72676471
2026-02-24 11:00:00+00:00,50.795
2026-02-24 12:00:00+00:00,50.65676471
2026-02-24 13:00:00+00:00,50.63441176
2026-02-24 14:00:00+00:00,51.06823529
2026-02-24 15:00:00+00:00,51.26941176
2026-02-24 16:00:00+00:00,51.45970588
2026-02-24 17:00:00+00:00,51.52735294
2026-02-24 18:00:00+00:00,51.59441176
2026-02-24 19:00:00+00:00,51.68029412
2026-02-24 20:00:00+00:00,51.42
2026-02-24 21:00:00+00:00,51.25058824
2026-02-24 22:00:00+00:00,51.27764706
2026-02-24 23:00:00+00:00,51.15352941
2026-02-25 00:00:00+00:00,51.36794118
2026-02-25 01:00:00+00:00,52.59264706
2026-02-25 02:00:00+00:00,52.74352941
2026-02-25 03:00:00+00:00,52.40029412
2026-02-25 04:00:00+00:00,52.68117647
2026-02-25 05:00:00+00:00,52.29411765
2026-02-25 06:00:00+00:00,52.32294118
2026-02-25 07:00:00+00:00,52.72294118
2026-02-25 08:00:00+00:00,52.80911765
2026-02-25 09:00:00+00:00,53.03411765
2026-02-25 10:00:00+00:00,53.21764706
2026-02-25 11:00:00+00:00,53.30029412
2026-02-25 12:00:00+00:00,54.43176471
2026-02-25 13:00:00+00:00,55.13852941
2026-02-25 14:00:00+00:00,57.04794118
2026-02-25 15:00:00+00:00,57.79705882
2026-02-25 16:00:00+00:00,58.15852941
2026-02-25 17:00:00+00:00,58.36352941
2026-02-25 18:00:00+00:00,58.32176471
2026-02-25 19:00:00+00:00,58.26382353
2026-02-25 20:00:00+00:00,58.13911765
2026-02-25 21:00:00+00:00,58.27617647
2026-02-25 22:00:00+00:00,57.33882353
2026-02-25 23:00:00+00:00,56.75735294
2026-02-26 00:00:00+00:00,56.63
2026-02-26 01:00:00+00:00,56.535
2026-02-26 02:00:00+00:00,56.69323529
2026-02-26 03:00:00+00:00,56.475
2026-02-26 04:00:00+00:00,56.86588235
2026-02-26 05:00:00+00:00,56.48088235
2026-02-26 06:00:00+00:00,56.49411765
2026-02-26 07:00:00+00:00,56.22647059
2026-02-26 08:00:00+00:00,55.92529412
2026-02-26 09:00:00+00:00,56.36441176
2026-02-26 10:00:00+00:00,55.90088235
2026-02-26 11:00:00+00:00,55.84323529
2026-02-26 12:00:00+00:00,56.145
2026-02-26 13:00:00+00:00,56.13470588
2026-02-26 14:00:00+00:00,56.07411765
2026-02-26 15:00:00+00:00,55.79735294
2026-02-26 16:00:00+00:00,54.55117647
2026-02-26 17:00:00+00:00,54.64911765
2026-02-26 18:00:00+00:00,55.26676471
2026-02-26 19:00:00+00:00,55.73411765
2026-02-26 20:00:00+00:00,55.39647059
2026-02-26 21:00:00+00:00,55.22588235
2026-02-26 22:00:00+00:00,55.44970588
2026-02-26 23:00:00+00:00,55.61705882
2026-02-27 00:00:00+00:00,55.54352941
2026-02-27 01:00:00+00:00,55.73176471
2026-02-27 02:00:00+00:00,55.81352941
2026-02-27 03:00:00+00:00,55.97352941
2026-02-27 04:00:00+00:00,55.95147059
2026-02-27 05:00:00+00:00,56.05588235
2026-02-27 06:00:00+00:00,56.12088235
2026-02-27 07:00:00+00:00,55.90647059
2026-02-27 08:00:00+00:00,55.985
2026-02-27 09:00:00+00:00,55.66058824
2026-02-27 10:00:00+00:00,55.025
2026-02-27 11:00:00+00:00,54.65117647
2026-02-27 12:00:00+00:00,54.88794118
2026-02-27 13:00:00+00:00,54.97
2026-02-27 14:00:00+00:00,54.59088235
2026-02-27 15:00:00+00:00,54.74764706
2026-02-27 16:00:00+00:00,54.23705882
2026-02-27 17:00:00+00:00,54.39352941
2026-02-27 18:00:00+00:00,54.41147059
2026-02-27 19:00:00+00:00,54.15735294
2026-02-27 20:00:00+00:00,54.09852941
2026-02-27 21:00:00+00:00,54.05382353
2026-02-27 22:00:00+00:00,54.10529412
2026-02-27 23:00:00+00:00,54.56794118
2026-02-28 00:00:00+00:00,54.77764706
2026-02-28 01:00:00+00:00,54.70441176
2026-02-28 02:00:00+00:00,54.92970588
2026-02-28 03:00:00+00:00,54.63970588
2026-02-28 04:00:00+00:00,54.71176471
2026-02-28 05:00:00+00:00,54.52647059
2026-02-28 06:00:00+00:00,52.15088235
2026-02-28 07:00:00+00:00,52.43823529
2026-02-28 08:00:00+00:00,51.80588235
2026-02-28 09:00:00+00:00,51.78117647
2026-02-28 10:00:00+00:00,51.95676471
2026-02-28 11:00:00+00:00,51.66264706
2026-02-28 12:00:00+00:00,51.90029412
2026-02-28 13:00:00+00:00,52.95764706
2026-02-28 14:00:00+00:00,52.33029412
2026-02-28 15:00:00+00:00,52.58382353
2026-02-28 16:00:00+00:00,52.74441176
2026-02-28 17:00:00+00:00,53.12147059
2026-02-28 18:00:00+00:00,53.86323529
2026-02-28 19:00:00+00:00,54.07205882
2026-02-28 20:00:00+00:00,54.77647059
2026-02-28 21:00:00+00:00,54.27676471
2026-02-28 22:00:00+00:00,54.54441176
2026-02-28 23:00:00+00:00,54.41088235
2026-03-01 00:00:00+00:00,54.13882353
2026-03-01 01:00:00+00:00,54.86617647
2026-03-01 02:00:00+00:00,55.30794118
2026-03-01 03:00:00+00:00,54.87588235
2026-03-01 04:00:00+00:00,54.90558824
2026-03-01 05:00:00+00:00,54.83970588
2026-03-01 06:00:00+00:00,54.44970588
2026-03-01 07:00:00+00:00,54.59882353
2026-03-01 08:00:00+00:00,54.015
2026-03-01 09:00:00+00:00,53.95705882
2026-03-01 10:00:00+00:00,54.05411765
2026-03-01 11:00:00+00:00,53.94176471
2026-03-01 12:00:00+00:00,53.72911765
2026-03-01 13:00:00+00:00,54.37441176
2026-03-01 14:00:00+00:00,54.29323529
2026-03-01 15:00:00+00:00,54.25147059
2026-03-01 16:00:00+00:00,53.68558824
2026-03-01 17:00:00+00:00,53.45352941
2026-03-01 18:00:00+00:00,53.63588235
2026-03-01 19:00:00+00:00,53.24529412
2026-03-01 20:00:00+00:00,52.65235294
2026-03-01 21:00:00+00:00,53.04176471
2026-03-01 22:00:00+00:00,53.01470588
2026-03-01 23:00:00+00:00,53.23352941
2026-03-02 00:00:00+00:00,53.78088235
2026-03-02 01:00:00+00:00,53.945
2026-03-02 02:00:00+00:00,53.82382353
2026-03-02 03:00:00+00:00,54.14029412
2026-03-02 04:00:00+00:00,54.04117647
2026-03-02 05:00:00+00:00,53.905
2026-03-02 06:00:00+00:00,53.44852941
2026-03-02 07:00:00+00:00,53.33764706
2026-03-02 08:00:00+00:00,53.51647059
2026-03-02 09:00:00+00:00,53.54176471
2026-03-02 10:00:00+00:00,53.475
2026-03-02 11:00:00+00:00,53.33
2026-03-02 12:00:00+00:00,53.20235294
2026-03-02 13:00:00+00:00,53.08941176
2026-03-02 14:00:00+00:00,54.17
2026-03-02 15:00:00+00:00,55.02470588
2026-03-02 16:00:00+00:00,55.05705882
2026-03-02 17:00:00+00:00,54.63941176
2026-03-02 18:00:00+00:00,54.60970588
2026-03-02 19:00:00+00:00,54.87588235
2026-03-02 20:00:00+00:00,54.80411765
2026-03-02 21:00:00+00:00,55.06558824
2026-03-02 22:00:00+00:00,55.05676471
2026-03-02 23:00:00+00:00,54.59352941
2026-03-03 00:00:00+00:00,54.63411765
2026-03-03 01:00:00+00:00,54.44647059
2026-03-03 02:00:00+00:00,54.42176471
2026-03-03 03:00:00+00:00,54.27676471
2026-03-03 04:00:00+00:00,53.95235294
2026-03-03 05:00:00+00:00,53.95
2026-03-03 06:00:00+00:00,54.05941176
2026-03-03 07:00:00+00:00,54.09823529
2026-03-03 08:00:00+00:00,53.53882353
2026-03-03 09:00:00+00:00,53.18823529
2026-03-03 10:00:00+00:00,53.26176471
2026-03-03 11:00:00+00:00,53.46735294
2026-03-03 12:00:00+00:00,53.84735294
2026-03-03 13:00:00+00:00,53.77117647
2026-03-03 14:00:00+00:00,53.52441176
2026-03-03 15:00:00+00:00,54.04205882
2026-03-03 16:00:00+00:00,54.83676471
2026-03-03 17:00:00+00:00,54.89558824
2026-03-03 18:00:00+00:00,54.83705882
2026-03-03 19:00:00+00:00,54.68911765
2026-03-03 20:00:00+00:00,54.66705882
2026-03-03 21:00:00+00:00,54.52323529
2026-03-03 22:00:00+00:00,54.81823529
2026-03-03 23:00:00+00:00,54.76294118
2026-03-04 00:00:00+00:00,54.78088235
2026-03-04 01:00:00+00:00,55.02
2026-03-04 02:00:00+00:00,55.00647059
2026-03-04 03:00:00+00:00,54.66323529
2026-03-04 04:00:00+00:00,54.68176471
2026-03-04 05:00:00+00:00,54.81352941
2026-03-04 06:00:00+00:00,54.87176471
2026-03-04 07:00:00+00:00,55.30411765
2026-03-04 08:00:00+00:00,56.15382353
2026-03-04 09:00:00+00:00,56.19794118
2026-03-04 10:00:00+00:00,55.97617647
2026-03-04 11:00:00+00:00,55.77911765
2026-03-04 12:00:00+00:00,55.66735294
2026-03-04 13:00:00+00:00,56.01647059
2026-03-04 14:00:00+00:00,55.67441176
2026-03-04 15:00:00+00:00,56.94823529
2026-03-04 16:00:00+00:00,56.76
2026-03-04 17:00:00+00:00,56.855
2026-03-04 18:00:00+00:00,57.01352941
2026-03-04 19:00:00+00:00,57.56823529
2026-03-04 20:00:00+00:00,57.22235294
2026-03-04 21:00:00+00:00,57.21205882
2026-03-04 22:00:00+00:00,56.77264706
2026-03-04 23:00:00+00:00,56.77794118
2026-03-05 00:00:00+00:00,56.86058824
2026-03-05 01:00:00+00:00,56.52882353
2026-03-05 02:00:00+00:00,56.52205882
2026-03-05 03:00:00+00:00,56.47176471
2026-03-05 04:00:00+00:00,56.68352941
2026-03-05 05:00:00+00:00,56.26411765
2026-03-05 06:00:00+00:00,56.35911765
2026-03-05 07:00:00+00:00,55.96294118
2026-03-05 08:00:00+00:00,56.40911765
2026-03-05 09:00:00+00:00,56.65588235
2026-03-05 10:00:00+00:00,57.03176471
2026-03-05 11:00:00+00:00,56.02823529
2026-03-05 12:00:00+00:00,55.94941176
2026-03-05 13:00:00+00:00,55.95235294
2026-03-05 14:00:00+00:00,56.475
2026-03-05 15:00:00+00:00,55.885
2026-03-05 16:00:00+00:00,55.47529412
2026-03-05 17:00:00+00:00,55.15352941
2026-03-05 18:00:00+00:00,55.42264706
2026-03-05 19:00:00+00:00,55.24882353
2026-03-05 20:00:00+00:00,55.95294118
2026-03-05 21:00:00+00:00,55.71147059
2026-03-05 22:00:00+00:00,55.63264706
2026-03-05 23:00:00+00:00,55.46058824
2026-03-06 00:00:00+00:00,55.43382353
2026-03-06 01:00:00+00:00,55.77352941
2026-03-06 02:00:00+00:00,55.61941176
2026-03-06 03:00:00+00:00,55.64941176
2026-03-06 04:00:00+00:00,55.43382353
2026-03-06 05:00:00+00:00,55.40264706
2026-03-06 06:00:00+00:00,55.50764706
2026-03-06 07:00:00+00:00,55.60117647
2026-03-06 08:00:00+00:00,55.42352941
2026-03-06 09:00:00+00:00,55.29235294
2026-03-06 10:00:00+00:00,55.28794118
2026-03-06 11:00:00+00:00,54.90911765
2026-03-06 12:00:00+00:00,54.60970588
2026-03-06 13:00:00+00:00,54.11794118
2026-03-06 14:00:00+00:00,53.75970588
2026-03-06 15:00:00+00:00,53.67735294
2026-03-06 16:00:00+00:00,53.61882353
2026-03-06 17:00:00+00:00,53.35205882
2026-03-06 18:00:00+00:00,53.42764706
2026-03-06 19:00:00+00:00,53.54911765
2026-03-06 20:00:00+00:00,53.78647059
2026-03-06 21:00:00+00:00,54.02176471
2026-03-06 22:00:00+00:00,54.04941176
2026-03-06 23:00:00+00:00,53.80264706
2026-03-07 00:00:00+00:00,54.01147059
2026-03-07 01:00:00+00:00,53.88029412
2026-03-07 02:00:00+00:00,54.01529412
2026-03-07 03:00:00+00:00,53.84705882
2026-03-07 04:00:00+00:00,53.83941176
2026-03-07 05:00:00+00:00,53.82647059
2026-03-07 06:00:00+00:00,53.54147059
2026-03-07 07:00:00+00:00,53.72235294
2026-03-07 08:00:00+00:00,54.095
2026-03-07 09:00:00+00:00,54.03705882
2026-03-07 10:00:00+00:00,53.87441176
2026-03-07 11:00:00+00:00,54.01794118
2026-03-07 12:00:00+00:00,53.93676471
2026-03-07 13:00:00+00:00,53.97411765
2026-03-07 14:00:00+00:00,53.97235294
2026-03-07 15:00:00+00:00,53.76676471
2026-03-07 16:00:00+00:00,53.82705882
2026-03-07 17:00:00+00:00,53.93588235
2026-03-07 18:00:00+00:00,53.68058824
2026-03-07 19:00:00+00:00,53.36558824
2026-03-07 20:00:00+00:00,53.53911765
2026-03-07 21:00:00+00:00,53.64764706
2026-03-07 22:00:00+00:00,53.40058824
2026-03-07 23:00:00+00:00,53.57588235
2026-03-08 00:00:00+00:00,53.39088235
2026-03-08 01:00:00+00:00,53.615
2026-03-08 02:00:00+00:00,53.13676471
2026-03-08 03:00:00+00:00,53.205
2026-03-08 04:00:00+00:00,52.96823529
2026-03-08 05:00:00+00:00,53.35294118
2026-03-08 06:00:00+00:00,53.21588235
2026-03-08 07:00:00+00:00,53.13382353
2026-03-08 08:00:00+00:00,52.89088235
2026-03-08 09:00:00+00:00,53.34941176
2026-03-08 10:00:00+00:00,53.67794118
2026-03-08 11:00:00+00:00,53.56588235
2026-03-08 12:00:00+00:00,53.64911765
2026-03-08 13:00:00+00:00,53.25852941
2026-03-08 14:00:00+00:00,52.93352941
2026-03-08 15:00:00+00:00,52.70470588
2026-03-08 16:00:00+00:00,52.44676471
2026-03-08 17:00:00+00:00,52.59647059
2026-03-08 18:00:00+00:00,52.57235294
2026-03-08 19:00:00+00:00,53.10058824
2026-03-08 20:00:00+00:00,53.05764706
2026-03-08 21:00:00+00:00,52.93176471
2026-03-08 22:00:00+00:00,52.78058824
2026-03-08 23:00:00+00:00,52.59117647
2026-03-09 00:00:00+00:00,52.99411765
2026-03-09 01:00:00+00:00,52.65529412
2026-03-09 02:00:00+00:00,52.99852941
2026-03-09 03:00:00+00:00,53.28911765
2026-03-09 04:00:00+00:00,53.27323529
2026-03-09 05:00:00+00:00,53.81176471
2026-03-09 06:00:00+00:00,53.31029412
2026-03-09 07:00:00+00:00,53.31352941
2026-03-09 08:00:00+00:00,53.41676471
2026-03-09 09:00:00+00:00,53.48676471
2026-03-09 10:00:00+00:00,53.27323529
2026-03-09 11:00:00+00:00,53.38882353
2026-03-09 12:00:00+00:00,53.68705882
2026-03-09 13:00:00+00:00,54.20676471
2026-03-09 14:00:00+00:00,54.09323529
2026-03-09 15:00:00+00:00,53.93029412
2026-03-09 16:00:00+00:00,54.04323529
2026-03-09 17:00:00+00:00,54.05970588
2026-03-09 18:00:00+00:00,53.94176471
2026-03-09 19:00:00+00:00,54.20088235
2026-03-09 20:00:00+00:00,54.16382353
2026-03-09 21:00:00+00:00,54.12323529
2026-03-09 22:00:00+00:00,53.76
2026-03-09 23:00:00+00:00,53.77411765
2026-03-10 00:00:00+00:00,54.10764706
2026-03-10 01:00:00+00:00,54.08676471
2026-03-10 02:00:00+00:00,54.45117647
2026-03-10 03:00:00+00:00,54.02235294
2026-03-10 04:00:00+00:00,54.14470588
2026-03-10 05:00:00+00:00,53.89911765
2026-03-10 06:00:00+00:00,53.99058824
2026-03-10 07:00:00+00:00,54.05735294
2026-03-10 08:00:00+00:00,54.13882353
2026-03-10 09:00:00+00:00,54.445
2026-03-10 10:00:00+00:00,54.18794118
2026-03-10 11:00:00+00:00,54.10823529
2026-03-10 12:00:00+00:00,54.10235294
2026-03-10 13:00:00+00:00,54.045
2026-03-10 14:00:00+00:00,54.87529412
2026-03-10 15:00:00+00:00,54.76323529
2026-03-10 16:00:00+00:00,54.75
2026-03-10 17:00:00+00:00,54.63058824
2026-03-10 18:00:00+00:00,53.77117647
2026-03-10 19:00:00+00:00,53.78352941
2026-03-10 20:00:00+00:00,53.97705882
2026-03-10 21:00:00+00:00,53.61647059
2026-03-10 22:00:00+00:00,53.71676471
2026-03-10 23:00:00+00:00,53.86264706
2026-03-11 00:00:00+00:00,53.97117647
2026-03-11 01:00:00+00:00,53.96294118
2026-03-11 02:00:00+00:00,53.89735294
2026-03-11 03:00:00+00:00,53.815
2026-03-11 04:00:00+00:00,54.03970588
2026-03-11 05:00:00+00:00,53.63882353
2026-03-11 06:00:00+00:00,53.86647059
2026-03-11 07:00:00+00:00,53.85235294
2026-03-11 08:00:00+00:00,53.96823529
2026-03-11 09:00:00+00:00,53.67823529
2026-03-11 10:00:00+00:00,53.91882353
2026-03-11 11:00:00+00:00,53.86264706
2026-03-11 12:00:00+00:00,54.11470588
2026-03-11 13:00:00+00:00,54.60117647
2026-03-11 14:00:00+00:00,54.79558824
2026-03-11 15:00:00+00:00,54.55264706
2026-03-11 16:00:00+00:00,54.84323529
2026-03-11 17:00:00+00:00,54.91147059
2026-03-11 18:00:00+00:00,55.12941176
2026-03-11 19:00:00+00:00,55.04088235
2026-03-11 20:00:00+00:00,54.96176471
2026-03-11 21:00:00+00:00,55.12323529
2026-03-11 22:00:00+00:00,54.965
2026-03-11 23:00:00+00:00,54.79705882
2026-03-12 00:00:00+00:00,54.98088235
2026-03-12 01:00:00+00:00,54.64117647
2026-03-12 02:00:00+00:00,54.25588235
2026-03-12 03:00:00+00:00,54.14558824
2026-03-12 04:00:00+00:00,54.11088235
2026-03-12 05:00:00+00:00,54.12058824
2026-03-12 06:00:00+00:00,54.08294118
2026-03-12 07:00:00+00:00,54.28823529
2026-03-12 08:00:00+00:00,54.37970588
2026-03-12 09:00:00+00:00,54.42882353
2026-03-12 10:00:00+00:00,54.53117647
2026-03-12 11:00:00+00:00,54.31735294
2026-03-12 12:00:00+00:00,54.53117647
2026-03-12 13:00:00+00:00,54.38352941
2026-03-12 14:00:00+00:00,54.06676471
2026-03-12 15:00:00+00:00,54.32441176
2026-03-12 16:00:00+00:00,54.42088235
2026-03-12 17:00:00+00:00,54.23088235
2026-03-12 18:00:00+00:00,54.10382353
2026-03-12 19:00:00+00:00,54.30088235
2026-03-12 20:00:00+00:00,54.15558824
2026-03-12 21:00:00+00:00,54.46647059
2026-03-12 22:00:00+00:00,54.47441176
2026-03-12 23:00:00+00:00,54.56205882
2026-03-13 00:00:00+00:00,55.04588235
2026-03-13 01:00:00+00:00,55.275
2026-03-13 02:00:00+00:00,55.04147059
2026-03-13 03:00:00+00:00,55.26235294
2026-03-13 04:00:00+00:00,55.17647059
2026-03-13 05:00:00+00:00,55.27529412
2026-03-13 06:00:00+00:00,55.04794118
2026-03-13 07:00:00+00:00,55.05294118
2026-03-13 08:00:00+00:00,55.21676471
2026-03-13 09:00:00+00:00,55.44735294
2026-03-13 10:00:00+00:00,55.96235294
2026-03-13 11:00:00+00:00,55.91911765
2026-03-13 12:00:00+00:00,56.24970588
2026-03-13 13:00:00+00:00,56.48794118
2026-03-13 14:00:00+00:00,55.66411765
2026-03-13 15:00:00+00:00,55.31205882
2026-03-13 16:00:00+00:00,55.70529412
2026-03-13 17:00:00+00:00,55.34294118
2026-03-13 18:00:00+00:00,55.37588235
2026-03-13 19:00:00+00:00,55.62323529
2026-03-13 20:00:00+00:00,55.77764706
2026-03-13 21:00:00+00:00,55.63441176
2026-03-13 22:00:00+00:00,55.24470588
2026-03-13 23:00:00+00:00,55.305
2026-03-14 00:00:00+00:00,55.14382353
2026-03-14 01:00:00+00:00,55.44147059
2026-03-14 02:00:00+00:00,55.59147059
2026-03-14 03:00:00+00:00,55.70264706
2026-03-14 04:00:00+00:00,55.535
2026-03-14 05:00:00+00:00,55.28794118
2026-03-14 06:00:00+00:00,54.82264706
2026-03-14 07:00:00+00:00,54.71029412
2026-03-14 08:00:00+00:00,54.60823529
2026-03-14 09:00:00+00:00,54.50735294
2026-03-14 10:00:00+00:00,54.46764706
2026-03-14 11:00:00+00:00,54.70441176
2026-03-14 12:00:00+00:00,54.66352941
2026-03-14 13:00:00+00:00,54.66147059
2026-03-14 14:00:00+00:00,54.43029412
2026-03-14 15:00:00+00:00,54.46588235
2026-03-14 16:00:00+00:00,54.61147059
2026-03-14 17:00:00+00:00,54.59823529
2026-03-14 18:00:00+00:00,54.73705882
2026-03-14 19:00:00+00:00,54.66941176
2026-03-14 20:00:00+00:00,54.64823529
2026-03-14 21:00:00+00:00,54.69352941
2026-03-14 22:00:00+00:00,54.63
2026-03-14 23:00:00+00:00,54.99
2026-03-15 00:00:00+00:00,54.77764706
2026-03-15 01:00:00+00:00,54.87735294
2026-03-15 02:00:00+00:00,55.20558824
2026-03-15 03:00:00+00:00,55.15764706
2026-03-15 04:00:00+00:00,55.28088235
2026-03-15 05:00:00+00:00,55.215
2026-03-15 06:00:00+00:00,55.10941176
2026-03-15 07:00:00+00:00,55.245
2026-03-15 08:00:00+00:00,55.40911765
2026-03-15 09:00:00+00:00,55.34529412
2026-03-15 10:00:00+00:00,55.44911765
2026-03-15 11:00:00+00:00,55.40411765
2026-03-15 12:00:00+00:00,55.41529412
2026-03-15 13:00:00+00:00,55.30882353
2026-03-15 14:00:00+00:00,55.28088235
2026-03-15 15:00:00+00:00,55.09705882
2026-03-15 16:00:00+00:00,55.00970588
2026-03-15 17:00:00+00:00,55.22470588
2026-03-15 18:00:00+00:00,54.98970588
2026-03-15 19:00:00+00:00,55.23705882
2026-03-15 20:00:00+00:00,55.35558824
2026-03-15 21:00:00+00:00,55.72294118
2026-03-15 22:00:00+00:00,56.31852941
2026-03-15 23:00:00+00:00,56.26911765
2026-03-16 00:00:00+00:00,56.14235294
2026-03-16 01:00:00+00:00,56.20735294
2026-03-16 02:00:00+00:00,56.02911765
2026-03-16 03:00:00+00:00,56.65088235
2026-03-16 04:00:00+00:00,57.21205882
2026-03-16 05:00:00+00:00,57.46529412
2026-03-16 06:00:00+00:00,57.21735294
2026-03-16 07:00:00+00:00,57.40029412
2026-03-16 08:00:00+00:00,57.28323529
2026-03-16 09:00:00+00:00,57.48352941
2026-03-16 10:00:00+00:00,57.48088235
2026-03-16 11:00:00+00:00,57.365
2026-03-16 12:00:00+00:00,57.665
2026-03-16 13:00:00+00:00,57.94588235
2026-03-16 14:00:00+00:00,58.22029412
2026-03-16 15:00:00+00:00,57.83676471
2026-03-16 16:00:00+00:00,58.28117647
2026-03-16 17:00:00+00:00,58.37352941
2026-03-16 18:00:00+00:00,58.44058824
2026-03-16 19:00:00+00:00,58.43911765
2026-03-16 20:00:00+00:00,58.56441176
2026-03-16 21:00:00+00:00,58.69058824
2026-03-16 22:00:00+00:00,58.88176471
2026-03-16 23:00:00+00:00,58.69794118
2026-03-17 00:00:00+00:00,58.855
2026-03-17 01:00:00+00:00,58.70529412
2026-03-17 02:00:00+00:00,58.74352941
2026-03-17 03:00:00+00:00,58.06529412
2026-03-17 04:00:00+00:00,57.70529412
2026-03-17 05:00:00+00:00,57.65911765
2026-03-17 06:00:00+00:00,57.70705882
2026-03-17 07:00:00+00:00,57.895
2026-03-17 08:00:00+00:00,57.83470588
2026-03-17 09:00:00+00:00,57.81
2026-03-17 10:00:00+00:00,57.66676471
2026-03-17 11:00:00+00:00,57.68029412
2026-03-17 12:00:00+00:00,57.42735294
2026-03-17 13:00:00+00:00,57.74323529
2026-03-17 14:00:00+00:00,58.06088235
2026-03-17 15:00:00+00:00,58.06470588
2026-03-17 16:00:00+00:00,58.10794118
2026-03-17 17:00:00+00:00,58.51676471
2026-03-17 18:00:00+00:00,58.51382353
2026-03-17 19:00:00+00:00,58.18088235
2026-03-17 20:00:00+00:00,58.30470588
2026-03-17 21:00:00+00:00,58.6
2026-03-17 22:00:00+00:00,58.35470588
2026-03-17 23:00:00+00:00,58.08852941
2026-03-18 00:00:00+00:00,58.18323529
2026-03-18 01:00:00+00:00,58.245
2026-03-18 02:00:00+00:00,58.39117647
2026-03-18 03:00:00+00:00,58.37764706
2026-03-18 04:00:00+00:00,58.08529412
2026-03-18 05:00:00+00:00,57.96264706
2026-03-18 06:00:00+00:00,57.94794118
2026-03-18 07:00:00+00:00,57.835
2026-03-18 08:00:00+00:00,57.51764706
2026-03-18 09:00:00+00:00,57.80382353
2026-03-18 10:00:00+00:00,57.63441176
2026-03-18 11:00:00+00:00,56.56911765
2026-03-18 12:00:00+00:00,56.05882353
2026-03-18 13:00:00+00:00,56.23205882
2026-03-18 14:00:00+00:00,55.58588235
2026-03-18 15:00:00+00:00,55.53470588
2026-03-18 16:00:00+00:00,55.53705882
2026-03-18 17:00:00+00:00,55.90882353
2026-03-18 18:00:00+00:00,55.72382353
2026-03-18 19:00:00+00:00,55.77882353
2026-03-18 20:00:00+00:00,56.02147059
2026-03-18 21:00:00+00:00,56.25382353
2026-03-18 22:00:00+00:00,55.88441176
2026-03-18 23:00:00+00:00,56.07823529
2026-03-19 00:00:00+00:00,55.81794118
2026-03-19 01:00:00+00:00,55.97
2026-03-19 02:00:00+00:00,55.76058824
2026-03-19 03:00:00+00:00,55.98205882
2026-03-19 04:00:00+00:00,55.66352941
2026-03-19 05:00:00+00:00,55.59588235
2026-03-19 06:00:00+00:00,55.52235294
2026-03-19 07:00:00+00:00,55.17764706
2026-03-19 08:00:00+00:00,55.15117647
2026-03-19 09:00:00+00:00,55.63117647
2026-03-19 10:00:00+00:00,55.40794118
2026-03-19 11:00:00+00:00,55.37558824
2026-03-19 12:00:00+00:00,54.90235294
2026-03-19 13:00:00+00:00,55.17235294
2026-03-19 14:00:00+00:00,55.16264706
2026-03-19 15:00:00+00:00,55.02
2026-03-19 16:00:00+00:00,54.92764706
2026-03-19 17:00:00+00:00,55.25764706
2026-03-19 18:00:00+00:00,55.30235294
2026-03-19 19:00:00+00:00,55.64205882
2026-03-19 20:00:00+00:00,55.82529412
2026-03-19 21:00:00+00:00,55.70794118
2026-03-19 22:00:00+00:00,55.51705882
2026-03-19 23:00:00+00:00,55.53970588
2026-03-20 00:00:00+00:00,55.76382353
2026-03-20 01:00:00+00:00,55.82529412
2026-03-20 02:00:00+00:00,55.73441176
2026-03-20 03:00:00+00:00,55.88323529
2026-03-20 04:00:00+00:00,55.98029412
2026-03-20 05:00:00+00:00,55.92088235
2026-03-20 06:00:00+00:00,55.90882353
2026-03-20 07:00:00+00:00,55.99294118
2026-03-20 08:00:00+00:00,56.00058824
2026-03-20 09:00:00+00:00,55.61470588
2026-03-20 10:00:00+00:00,55.64647059
2026-03-20 11:00:00+00:00,55.43676471
2026-03-20 12:00:00+00:00,55.37235294
2026-03-20 13:00:00+00:00,55.34823529
2026-03-20 14:00:00+00:00,55.37
2026-03-20 15:00:00+00:00,55.59852941
2026-03-20 16:00:00+00:00,55.51441176
2026-03-20 17:00:00+00:00,55.68117647
2026-03-20 18:00:00+00:00,55.45735294
2026-03-20 19:00:00+00:00,55.65529412
2026-03-20 20:00:00+00:00,55.75088235
2026-03-20 21:00:00+00:00,56.11529412
2026-03-20 22:00:00+00:00,56.20176471
2026-03-20 23:00:00+00:00,56.17558824
2026-03-21 00:00:00+00:00,56.41529412
2026-03-21 01:00:00+00:00,56.15588235
2026-03-21 02:00:00+00:00,56.30794118
2026-03-21 03:00:00+00:00,56.19029412
2026-03-21 04:00:00+00:00,56.20205882
2026-03-21 05:00:00+00:00,56.24911765
2026-03-21 06:00:00+00:00,56.26029412
2026-03-21 07:00:00+00:00,56.31823529
2026-03-21 08:00:00+00:00,56.39441176
2026-03-21 09:00:00+00:00,56.30882353
2026-03-21 10:00:00+00:00,56.10411765
2026-03-21 11:00:00+00:00,56.02911765
2026-03-21 12:00:00+00:00,55.96058824
2026-03-21 13:00:00+00:00,55.79823529
2026-03-21 14:00:00+00:00,55.64911765
2026-03-21 15:00:00+00:00,55.75205882
2026-03-21 16:00:00+00:00,55.70911765
2026-03-21 17:00:00+00:00,55.74382353
2026-03-21 18:00:00+00:00,55.99529412
2026-03-21 19:00:00+00:00,55.85176471
2026-03-21 20:00:00+00:00,55.99764706
2026-03-21 21:00:00+00:00,55.86235294
2026-03-21 22:00:00+00:00,55.72735294
2026-03-21 23:00:00+00:00,54.80029412
2026-03-22 00:00:00+00:00,54.64970588
2026-03-22 01:00:00+00:00,54.60676471
2026-03-22 02:00:00+00:00,54.78088235
2026-03-22 03:00:00+00:00,54.73323529
2026-03-22 04:00:00+00:00,54.76205882
2026-03-22 05:00:00+00:00,54.56117647
2026-03-22 06:00:00+00:00,54.63470588
2026-03-22 07:00:00+00:00,54.39235294
2026-03-22 08:00:00+00:00,54.24441176
2026-03-22 09:00:00+00:00,54.22735294
2026-03-22 10:00:00+00:00,53.99
2026-03-22 11:00:00+00:00,53.92882353
2026-03-22 12:00:00+00:00,54.05235294
2026-03-22 13:00:00+00:00,54.15735294
2026-03-22 14:00:00+00:00,54.12941176
2026-03-22 15:00:00+00:00,54.23529412
2026-03-22 16:00:00+00:00,54.11058824
2026-03-22 17:00:00+00:00,54.09794118
2026-03-22 18:00:00+00:00,54.005
2026-03-22 19:00:00+00:00,53.76147059
2026-03-22 20:00:00+00:00,53.57352941
2026-03-22 21:00:00+00:00,53.34941176
2026-03-22 22:00:00+00:00,53.69558824
2026-03-22 23:00:00+00:00,53.50911765
2026-03-23 00:00:00+00:00,53.63264706
2026-03-23 01:00:00+00:00,53.67323529
2026-03-23 02:00:00+00:00,53.92117647
2026-03-23 03:00:00+00:00,53.92823529
2026-03-23 04:00:00+00:00,54.15088235
2026-03-23 05:00:00+00:00,54.12647059
2026-03-23 06:00:00+00:00,53.59647059
2026-03-23 07:00:00+00:00,53.64617647
2026-03-23 08:00:00+00:00,53.61058824
2026-03-23 09:00:00+00:00,53.82558824
2026-03-23 10:00:00+00:00,53.83617647
2026-03-23 11:00:00+00:00,54.91941176
2026-03-23 12:00:00+00:00,55.43147059
2026-03-23 13:00:00+00:00,55.79
2026-03-23 14:00:00+00:00,55.78794118
2026-03-23 15:00:00+00:00,55.08470588
2026-03-23 16:00:00+00:00,55.32117647
2026-03-23 17:00:00+00:00,55.48882353
2026-03-23 18:00:00+00:00,55.63882353
2026-03-23 19:00:00+00:00,55.33647059
2026-03-23 20:00:00+00:00,55.67617647
2026-03-23 21:00:00+00:00,55.77117647
2026-03-23 22:00:00+00:00,55.66676471
2026-03-23 23:00:00+00:00,55.72205882
2026-03-24 00:00:00+00:00,55.45176471
2026-03-24 01:00:00+00:00,55.23264706
2026-03-24 02:00:00+00:00,55.25911765
2026-03-24 03:00:00+00:00,55.57088235
2026-03-24 04:00:00+00:00,55.45117647
2026-03-24 05:00:00+00:00,55.49352941
2026-03-24 06:00:00+00:00,55.63352941
2026-03-24 07:00:00+00:00,55.95852941
2026-03-24 08:00:00+00:00,55.79117647
2026-03-24 09:00:00+00:00,55.92088235
2026-03-24 10:00:00+00:00,55.80558824
2026-03-24 11:00:00+00:00,55.71735294
2026-03-24 12:00:00+00:00,55.64647059
2026-03-24 13:00:00+00:00,55.40264706
2026-03-24 14:00:00+00:00,55.54529412
2026-03-24 15:00:00+00:00,55.68529412
2026-03-24 16:00:00+00:00,55.71235294
2026-03-24 17:00:00+00:00,55.43205882
2026-03-24 18:00:00+00:00,55.65529412
2026-03-24 19:00:00+00:00,55.72764706
2026-03-24 20:00:00+00:00,56.18088235
2026-03-24 21:00:00+00:00,56.07794118
2026-03-24 22:00:00+00:00,56.08911765
2026-03-24 23:00:00+00:00,56.38794118
2026-03-25 00:00:00+00:00,56.41941176
2026-03-25 01:00:00+00:00,56.34852941
2026-03-25 02:00:00+00:00,56.14558824
2026-03-25 03:00:00+00:00,56.27705882
2026-03-25 04:00:00+00:00,56.39647059
2026-03-25 05:00:00+00:00,56.42823529
2026-03-25 06:00:00+00:00,56.40941176
2026-03-25 07:00:00+00:00,56.40441176
2026-03-25 08:00:00+00:00,56.48764706
2026-03-25 09:00:00+00:00,56.41852941
2026-03-25 10:00:00+00:00,56.47735294
2026-03-25 11:00:00+00:00,56.42205882
2026-03-25 12:00:00+00:00,56.53411765
2026-03-25 13:00:00+00:00,56.61205882
2026-03-25 14:00:00+00:00,56.60088235
2026-03-25 15:00:00+00:00,56.02323529
2026-03-25 16:00:00+00:00,56.295
2026-03-25 17:00:00+00:00,56.33588235
2026-03-25 18:00:00+00:00,56.31
2026-03-25 19:00:00+00:00,56.31029412
2026-03-25 20:00:00+00:00,56.3
2026-03-25 21:00:00+00:00,56.35588235
2026-03-25 22:00:00+00:00,56.66676471
2026-03-25 23:00:00+00:00,56.65029412
2026-03-26 00:00:00+00:00,56.43588235
2026-03-26 01:00:00+00:00,56.33735294
2026-03-26 02:00:00+00:00,56.03352941
2026-03-26 03:00:00+00:00,55.95235294
2026-03-26 04:00:00+00:00,55.89088235
2026-03-26 05:00:00+00:00,55.36617647
2026-03-26 06:00:00+00:00,55.38176471
2026-03-26 07:00:00+00:00,55.27588235
2026-03-26 08:00:00+00:00,55.25088235
2026-03-26 09:00:00+00:00,54.90647059
2026-03-26 10:00:00+00:00,54.75294118
2026-03-26 11:00:00+00:00,54.61411765
2026-03-26 12:00:00+00:00,54.7
2026-03-26 13:00:00+00:00,55.05294118
2026-03-26 14:00:00+00:00,55.00411765
2026-03-26 15:00:00+00:00,54.71205882
2026-03-26 16:00:00+00:00,54.65411765
2026-03-26 17:00:00+00:00,54.32882353
2026-03-26 18:00:00+00:00,54.38294118
2026-03-26 19:00:00+00:00,54.29558824
2026-03-26 20:00:00+00:00,54.75676471
2026-03-26 21:00:00+00:00,54.86823529
2026-03-26 22:00:00+00:00,54.75794118
2026-03-26 23:00:00+00:00,54.59176471
2026-03-27 00:00:00+00:00,54.61676471
2026-03-27 01:00:00+00:00,55.01264706
2026-03-27 02:00:00+00:00,54.91529412
2026-03-27 03:00:00+00:00,54.94647059
2026-03-27 04:00:00+00:00,54.98352941
2026-03-27 05:00:00+00:00,54.88235294
2026-03-27 06:00:00+00:00,54.97441176
2026-03-27 07:00:00+00:00,54.91705882
2026-03-27 08:00:00+00:00,54.69441176
2026-03-27 09:00:00+00:00,54.55794118
2026-03-27 10:00:00+00:00,53.59441176
2026-03-27 11:00:00+00:00,53.82823529
2026-03-27 12:00:00+00:00,53.82
2026-03-27 13:00:00+00:00,53.93058824
2026-03-27 14:00:00+00:00,54.05911765
2026-03-27 15:00:00+00:00,54.31705882
2026-03-27 16:00:00+00:00,54.24264706
2026-03-27 17:00:00+00:00,53.89588235
2026-03-27 18:00:00+00:00,53.76382353
2026-03-27 19:00:00+00:00,53.70382353
2026-03-27 20:00:00+00:00,53.52529412
2026-03-27 21:00:00+00:00,53.67117647
2026-03-27 22:00:00+00:00,53.54647059
2026-03-27 23:00:00+00:00,53.71235294
2026-03-28 00:00:00+00:00,53.70088235
2026-03-28 01:00:00+00:00,53.49411765
2026-03-28 02:00:00+00:00,53.41323529
2026-03-28 03:00:00+00:00,53.56852941
2026-03-28 04:00:00+00:00,53.62382353
2026-03-28 05:00:00+00:00,53.73852941
2026-03-28 06:00:00+00:00,53.82970588
2026-03-28 07:00:00+00:00,53.88176471
2026-03-28 08:00:00+00:00,53.84911765
2026-03-28 09:00:00+00:00,53.76264706
2026-03-28 10:00:00+00:00,53.93176471
2026-03-28 11:00:00+00:00,54.05264706
2026-03-28 12:00:00+00:00,54.02088235
2026-03-28 13:00:00+00:00,54.61
2026-03-28 14:00:00+00:00,54.55235294
2026-03-28 15:00:00+00:00,54.54323529
2026-03-28 16:00:00+00:00,54.70941176
2026-03-28 17:00:00+00:00,54.10558824
2026-03-28 18:00:00+00:00,54.13441176
2026-03-28 19:00:00+00:00,54.15264706
2026-03-28 20:00:00+00:00,54.17176471
2026-03-28 21:00:00+00:00,54.09823529
2026-03-28 22:00:00+00:00,54.02588235
2026-03-28 23:00:00+00:00,53.85470588
2026-03-29 00:00:00+00:00,53.91882353
2026-03-29 01:00:00+00:00,54.01352941
2026-03-29 02:00:00+00:00,54.13
2026-03-29 03:00:00+00:00,54.29205882
2026-03-29 04:00:00+00:00,54.18852941
2026-03-29 05:00:00+00:00,54.17823529
2026-03-29 06:00:00+00:00,54.22323529
2026-03-29 07:00:00+00:00,54.07676471
2026-03-29 08:00:00+00:00,54.08470588
2026-03-29 09:00:00+00:00,54.055
2026-03-29 10:00:00+00:00,53.715
2026-03-29 11:00:00+00:00,53.88294118
2026-03-29 12:00:00+00:00,53.90294118
2026-03-29 13:00:00+00:00,53.63294118
2026-03-29 14:00:00+00:00,53.73441176
2026-03-29 15:00:00+00:00,53.52147059
2026-03-29 16:00:00+00:00,53.36088235
2026-03-29 17:00:00+00:00,53.28705882
2026-03-29 18:00:00+00:00,53.42647059
2026-03-29 19:00:00+00:00,53.36647059
2026-03-29 20:00:00+00:00,53.65117647
2026-03-29 21:00:00+00:00,53.79735294
2026-03-29 22:00:00+00:00,53.12764706
2026-03-29 23:00:00+00:00,53.32264706
2026-03-30 00:00:00+00:00,53.65323529
2026-03-30 01:00:00+00:00,53.86941176
2026-03-30 02:00:00+00:00,54.09235294
2026-03-30 03:00:00+00:00,54.05176471
2026-03-30 04:00:00+00:00,54.16794118
2026-03-30 05:00:00+00:00,53.70882353
2026-03-30 06:00:00+00:00,53.62647059
2026-03-30 07:00:00+00:00,54.13352941
2026-03-30 08:00:00+00:00,54.15911765
2026-03-30 09:00:00+00:00,53.90441176
2026-03-30 10:00:00+00:00,53.87176471
2026-03-30 11:00:00+00:00,53.74058824
2026-03-30 12:00:00+00:00,53.95382353
2026-03-30 13:00:00+00:00,53.76088235
2026-03-30 14:00:00+00:00,53.94058824
2026-03-30 15:00:00+00:00,53.92647059
2026-03-30 16:00:00+00:00,53.91764706
2026-03-30 17:00:00+00:00,53.53558824
2026-03-30 18:00:00+00:00,53.35176471
2026-03-30 19:00:00+00:00,53.35676471
2026-03-30 20:00:00+00:00,53.32382353
2026-03-30 21:00:00+00:00,53.53058824
2026-03-30 22:00:00+00:00,53.45970588
2026-03-30 23:00:00+00:00,53.32911765
2026-03-31 00:00:00+00:00,53.47911765
2026-03-31 01:00:00+00:00,53.96382353
2026-03-31 02:00:00+00:00,53.85794118
2026-03-31 03:00:00+00:00,53.73764706
2026-03-31 04:00:00+00:00,53.69411765
2026-03-31 05:00:00+00:00,53.88058824
2026-03-31 06:00:00+00:00,53.89647059
2026-03-31 07:00:00+00:00,53.84117647
2026-03-31 08:00:00+00:00,53.63294118
2026-03-31 09:00:00+00:00,53.27588235
2026-03-31 10:00:00+00:00,53.25264706
2026-03-31 11:00:00+00:00,53.51764706
2026-03-31 12:00:00+00:00,53.36470588
2026-03-31 13:00:00+00:00,53.91794118
2026-03-31 14:00:00+00:00,53.50382353
2026-03-31 15:00:00+00:00,53.41147059
2026-03-31 16:00:00+00:00,53.81970588
2026-03-31 17:00:00+00:00,53.925
2026-03-31 18:00:00+00:00,54.08882353
2026-03-31 19:00:00+00:00,54.06970588
2026-03-31 20:00:00+00:00,54.15117647
2026-03-31 21:00:00+00:00,53.94147059
2026-03-31 22:00:00+00:00,53.91882353
2026-03-31 23:00:00+00:00,53.95088235
2026-04-01 00:00:00+00:00,54.12676471
2026-04-01 01:00:00+00:00,53.93323529
2026-04-01 02:00:00+00:00,53.86176471
2026-04-01 03:00:00+00:00,54.10029412
2026-04-01 04:00:00+00:00,54.04823529
2026-04-01 05:00:00+00:00,54.38294118
2026-04-01 06:00:00+00:00,54.60588235
2026-04-01 07:00:00+00:00,54.30323529
2026-04-01 08:00:00+00:00,54.23294118
2026-04-01 09:00:00+00:00,54.04558824
2026-04-01 10:00:00+00:00,54.09823529
2026-04-01 11:00:00+00:00,54.06676471
2026-04-01 12:00:00+00:00,54.21058824
2026-04-01 13:00:00+00:00,53.90617647
2026-04-01 14:00:00+00:00,54.17176471
2026-04-01 15:00:00+00:00,54.255
2026-04-01 16:00:00+00:00,54.32558824
2026-04-01 17:00:00+00:00,54.25558824
2026-04-01 18:00:00+00:00,54.11617647
2026-04-01 19:00:00+00:00,54.19441176
2026-04-01 20:00:00+00:00,54.12970588
2026-04-01 21:00:00+00:00,54.35352941
2026-04-01 22:00:00+00:00,53.97823529
2026-04-01 23:00:00+00:00,53.81735294
2026-04-02 00:00:00+00:00,54.10205882
2026-04-02 01:00:00+00:00,53.15970588
2026-04-02 02:00:00+00:00,52.68352941
2026-04-02 03:00:00+00:00,52.46794118
2026-04-02 04:00:00+00:00,52.25058824
2026-04-02 05:00:00+00:00,52.31823529
2026-04-02 06:00:00+00:00,52.52882353
2026-04-02 07:00:00+00:00,52.45205882
2026-04-02 08:00:00+00:00,52.07029412
2026-04-02 09:00:00+00:00,52.04676471
2026-04-02 10:00:00+00:00,51.88058824
2026-04-02 11:00:00+00:00,51.70823529
2026-04-02 12:00:00+00:00,51.65794118
2026-04-02 13:00:00+00:00,51.77852941
2026-04-02 14:00:00+00:00,52.09470588
2026-04-02 15:00:00+00:00,51.97088235
2026-04-02 16:00:00+00:00,52.12441176
2026-04-02 17:00:00+00:00,51.64235294
2026-04-02 18:00:00+00:00,52.03147059
2026-04-02 19:00:00+00:00,52.05588235
2026-04-02 20:00:00+00:00,52.085
2026-04-02 21:00:00+00:00,52.07941176
2026-04-02 22:00:00+00:00,52.09764706
2026-04-02 23:00:00+00:00,52.28705882
2026-04-03 00:00:00+00:00,52.42764706
2026-04-03 01:00:00+00:00,52.34205882
2026-04-03 02:00:00+00:00,52.27647059
2026-04-03 03:00:00+00:00,52.52852941
2026-04-03 04:00:00+00:00,52.67382353
2026-04-03 05:00:00+00:00,52.87470588
2026-04-03 06:00:00+00:00,52.86823529
2026-04-03 07:00:00+00:00,52.83970588
2026-04-03 08:00:00+00:00,52.99941176
2026-04-03 09:00:00+00:00,52.90676471
2026-04-03 10:00:00+00:00,52.96676471
2026-04-03 11:00:00+00:00,52.98176471
2026-04-03 12:00:00+00:00,52.99323529
2026-04-03 13:00:00+00:00,52.89852941
2026-04-03 14:00:00+00:00,53.04352941
2026-04-03 15:00:00+00:00,52.93058824
2026-04-03 16:00:00+00:00,53.17147059
2026-04-03 17:00:00+00:00,53.11941176
2026-04-03 18:00:00+00:00,53.17
2026-04-03 19:00:00+00:00,53.13
2026-04-03 20:00:00+00:00,53.19676471
2026-04-03 21:00:00+00:00,53.42470588
2026-04-03 22:00:00+00:00,53.24147059
2026-04-03 23:00:00+00:00,53.23088235
2026-04-04 00:00:00+00:00,53.25794118
2026-04-04 01:00:00+00:00,53.32058824
2026-04-04 02:00:00+00:00,53.17588235
2026-04-04 03:00:00+00:00,53.22382353
2026-04-04 04:00:00+00:00,53.15205882
2026-04-04 05:00:00+00:00,53.05352941
2026-04-04 06:00:00+00:00,53.28
2026-04-04 07:00:00+00:00,53.19676471
2026-04-04 08:00:00+00:00,53.19529412
2026-04-04 09:00:00+00:00,53.11470588
2026-04-04 10:00:00+00:00,53.28705882
2026-04-04 11:00:00+00:00,53.36352941
2026-04-04 12:00:00+00:00,53.39823529
2026-04-04 13:00:00+00:00,53.39205882
2026-04-04 14:00:00+00:00,53.45941176
2026-04-04 15:00:00+00:00,53.47294118
2026-04-04 16:00:00+00:00,53.44470588
2026-04-04 17:00:00+00:00,53.66264706
2026-04-04 18:00:00+00:00,53.60588235
2026-04-04 19:00:00+00:00,53.55323529
2026-04-04 20:00:00+00:00,53.47823529
2026-04-04 21:00:00+00:00,53.52205882
2026-04-04 22:00:00+00:00,53.54323529
2026-04-04 23:00:00+00:00,53.58176471
2026-04-05 00:00:00+00:00,53.615
2026-04-05 01:00:00+00:00,53.52970588
2026-04-05 02:00:00+00:00,53.53176471
2026-04-05 03:00:00+00:00,53.36382353
2026-04-05 04:00:00+00:00,53.19294118
2026-04-05 05:00:00+00:00,52.97147059
2026-04-05 06:00:00+00:00,52.87235294
2026-04-05 07:00:00+00:00,52.73323529
2026-04-05 08:00:00+00:00,52.82205882
2026-04-05 09:00:00+00:00,52.87235294
2026-04-05 10:00:00+00:00,52.83470588
2026-04-05 11:00:00+00:00,52.89558824
2026-04-05 12:00:00+00:00,52.73911765
2026-04-05 13:00:00+00:00,52.91088235
2026-04-05 14:00:00+00:00,52.90176471
2026-04-05 15:00:00+00:00,53.22441176
2026-04-05 16:00:00+00:00,53.13823529
2026-04-05 17:00:00+00:00,53.38617647
2026-04-05 18:00:00+00:00,53.41647059
2026-04-05 19:00:00+00:00,53.48941176
2026-04-05 20:00:00+00:00,53.65382353
2026-04-05 21:00:00+00:00,53.56294118
2026-04-05 22:00:00+00:00,53.77529412
2026-04-05 23:00:00+00:00,54.11794118
2026-04-06 00:00:00+00:00,54.16794118
2026-04-06 01:00:00+00:00,54.04411765
2026-04-06 02:00:00+00:00,54.33970588
2026-04-06 03:00:00+00:00,54.27470588
2026-04-06 04:00:00+00:00,54.31235294
2026-04-06 05:00:00+00:00,54.32205882
2026-04-06 06:00:00+00:00,54.19764706
2026-04-06 07:00:00+00:00,54.06558824
2026-04-06 08:00:00+00:00,54.19617647
2026-04-06 09:00:00+00:00,54.39823529
2026-04-06 10:00:00+00:00,54.33352941
2026-04-06 11:00:00+00:00,54.34382353
2026-04-06 12:00:00+00:00,54.18264706
2026-04-06 13:00:00+00:00,54.16588235
2026-04-06 14:00:00+00:00,54.29970588
2026-04-06 15:00:00+00:00,54.28441176
2026-04-06 16:00:00+00:00,54.10852941
2026-04-06 17:00:00+00:00,53.99911765
2026-04-06 18:00:00+00:00,54.03558824
2026-04-06 19:00:00+00:00,54.02382353
2026-04-06 20:00:00+00:00,53.96647059
2026-04-06 21:00:00+00:00,53.84323529
2026-04-06 22:00:00+00:00,53.49441176
2026-04-06 23:00:00+00:00,53.53058824
2026-04-07 00:00:00+00:00,53.53647059
2026-04-07 01:00:00+00:00,53.40970588
2026-04-07 02:00:00+00:00,53.54235294
2026-04-07 03:00:00+00:00,53.51264706
2026-04-07 04:00:00+00:00,53.50882353
2026-04-07 05:00:00+00:00,53.26705882
2026-04-07 06:00:00+00:00,53.29441176
2026-04-07 07:00:00+00:00,53.32470588
2026-04-07 08:00:00+00:00,53.45735294
2026-04-07 09:00:00+00:00,53.45941176
2026-04-07 10:00:00+00:00,53.08411765
2026-04-07 11:00:00+00:00,53.21647059
2026-04-07 12:00:00+00:00,53.31205882
2026-04-07 13:00:00+00:00,53.50823529
2026-04-07 14:00:00+00:00,53.19088235
2026-04-07 15:00:00+00:00,53.41235294
2026-04-07 16:00:00+00:00,53.60558824
2026-04-07 17:00:00+00:00,53.67058824
2026-04-07 18:00:00+00:00,53.34558824
2026-04-07 19:00:00+00:00,53.75823529
2026-04-07 20:00:00+00:00,53.755
2026-04-07 21:00:00+00:00,54.14617647
2026-04-07 22:00:00+00:00,55.00764706
2026-04-07 23:00:00+00:00,55.36911765
2026-04-08 00:00:00+00:00,55.14647059
2026-04-08 01:00:00+00:00,55.02735294
2026-04-08 02:00:00+00:00,55.07529412
2026-04-08 03:00:00+00:00,54.99705882
2026-04-08 04:00:00+00:00,55.03323529
2026-04-08 05:00:00+00:00,55.12588235
2026-04-08 06:00:00+00:00,55.08764706
2026-04-08 07:00:00+00:00,55.12147059
2026-04-08 08:00:00+00:00,55.21147059
2026-04-08 09:00:00+00:00,55.13
2026-04-08 10:00:00+00:00,55.08058824
2026-04-08 11:00:00+00:00,55.07676471
2026-04-08 12:00:00+00:00,55.08647059
2026-04-08 13:00:00+00:00,55.19382353
2026-04-08 14:00:00+00:00,54.50794118
2026-04-08 15:00:00+00:00,54.64911765
2026-04-08 16:00:00+00:00,54.54794118
2026-04-08 17:00:00+00:00,54.72235294
2026-04-08 18:00:00+00:00,54.16411765
2026-04-08 19:00:00+00:00,54.30029412
2026-04-08 20:00:00+00:00,54.31294118
2026-04-08 21:00:00+00:00,54.42794118
2026-04-08 22:00:00+00:00,54.07647059
2026-04-08 23:00:00+00:00,53.95088235
2026-04-09 00:00:00+00:00,53.87794118
2026-04-09 01:00:00+00:00,53.94352941
2026-04-09 02:00:00+00:00,54.06529412
2026-04-09 03:00:00+00:00,53.97764706
2026-04-09 04:00:00+00:00,53.90735294
2026-04-09 05:00:00+00:00,53.85264706
2026-04-09 06:00:00+00:00,53.95588235
2026-04-09 07:00:00+00:00,53.97382353
2026-04-09 08:00:00+00:00,53.96588235
2026-04-09 09:00:00+00:00,53.98088235
2026-04-09 10:00:00+00:00,53.80941176
2026-04-09 11:00:00+00:00,53.77058824
2026-04-09 12:00:00+00:00,53.98117647
2026-04-09 13:00:00+00:00,53.89970588
2026-04-09 14:00:00+00:00,54.13088235
2026-04-09 15:00:00+00:00,54.70705882
2026-04-09 16:00:00+00:00,54.57823529
2026-04-09 17:00:00+00:00,54.63794118
2026-04-09 18:00:00+00:00,54.63823529
2026-04-09 19:00:00+00:00,54.77294118
2026-04-09 20:00:00+00:00,54.89764706
2026-04-09 21:00:00+00:00,54.77764706
2026-04-09 22:00:00+00:00,54.73235294
2026-04-09 23:00:00+00:00,54.54147059
2026-04-10 00:00:00+00:00,54.49441176
2026-04-10 01:00:00+00:00,54.44294118
2026-04-10 02:00:00+00:00,54.43088235
2026-04-10 03:00:00+00:00,54.42852941
2026-04-10 04:00:00+00:00,54.56588235
2026-04-10 05:00:00+00:00,54.63470588
2026-04-10 06:00:00+00:00,54.47088235
2026-04-10 07:00:00+00:00,54.33088235
2026-04-10 08:00:00+00:00,54.41382353
2026-04-10 09:00:00+00:00,54.56617647
2026-04-10 10:00:00+00:00,54.49
2026-04-10 11:00:00+00:00,54.67117647
2026-04-10 12:00:00+00:00,54.98058824
2026-04-10 13:00:00+00:00,54.90764706
2026-04-10 14:00:00+00:00,55.3
2026-04-10 15:00:00+00:00,54.90941176
2026-04-10 16:00:00+00:00,55.13558824
2026-04-10 17:00:00+00:00,55.04705882
2026-04-10 18:00:00+00:00,55.13117647
2026-04-10 19:00:00+00:00,55.25147059
2026-04-10 20:00:00+00:00,55.36294118
2026-04-10 21:00:00+00:00,55.17058824
2026-04-10 22:00:00+00:00,54.99911765
2026-04-10 23:00:00+00:00,54.96088235
2026-04-11 00:00:00+00:00,54.72147059
2026-04-11 01:00:00+00:00,54.81794118
2026-04-11 02:00:00+00:00,54.67941176
2026-04-11 03:00:00+00:00,54.73147059
2026-04-11 04:00:00+00:00,54.66382353
2026-04-11 05:00:00+00:00,54.52058824
2026-04-11 06:00:00+00:00,54.57705882
2026-04-11 07:00:00+00:00,54.58764706
2026-04-11 08:00:00+00:00,54.59441176
2026-04-11 09:00:00+00:00,54.66941176
2026-04-11 10:00:00+00:00,54.57970588
2026-04-11 11:00:00+00:00,54.54558824
2026-04-11 12:00:00+00:00,54.63323529
2026-04-11 13:00:00+00:00,54.43294118
2026-04-11 14:00:00+00:00,54.52823529
2026-04-11 15:00:00+00:00,54.58617647
2026-04-11 16:00:00+00:00,54.91735294
2026-04-11 17:00:00+00:00,54.97176471
2026-04-11 18:00:00+00:00,55.46117647
2026-04-11 19:00:00+00:00,55.63147059
2026-04-11 20:00:00+00:00,55.28264706
2026-04-11 21:00:00+00:00,55.31029412
2026-04-11 22:00:00+00:00,55.26764706
2026-04-11 23:00:00+00:00,55.05029412
2026-04-12 00:00:00+00:00,54.96735294
2026-04-12 01:00:00+00:00,53.95647059
2026-04-12 02:00:00+00:00,54.175
2026-04-12 03:00:00+00:00,54.03264706
2026-04-12 04:00:00+00:00,54.01029412
2026-04-12 05:00:00+00:00,53.98558824
2026-04-12 06:00:00+00:00,53.85676471
2026-04-12 07:00:00+00:00,53.83088235
2026-04-12 08:00:00+00:00,53.84117647
2026-04-12 09:00:00+00:00,53.74529412
2026-04-12 10:00:00+00:00,53.69852941
2026-04-12 11:00:00+00:00,53.87911765
2026-04-12 12:00:00+00:00,53.73588235
2026-04-12 13:00:00+00:00,53.60029412
2026-04-12 14:00:00+00:00,53.60735294
2026-04-12 15:00:00+00:00,53.55882353
2026-04-12 16:00:00+00:00,53.61088235
2026-04-12 17:00:00+00:00,53.83205882
2026-04-12 18:00:00+00:00,53.805
2026-04-12 19:00:00+00:00,53.72352941
2026-04-12 20:00:00+00:00,53.89911765
2026-04-12 21:00:00+00:00,53.805
2026-04-12 22:00:00+00:00,53.60147059
2026-04-12 23:00:00+00:00,53.49117647
2026-04-13 00:00:00+00:00,53.74794118
2026-04-13 01:00:00+00:00,53.83
2026-04-13 02:00:00+00:00,53.74470588
2026-04-13 03:00:00+00:00,53.72029412
2026-04-13 04:00:00+00:00,53.56029412
2026-04-13 05:00:00+00:00,53.68588235
2026-04-13 06:00:00+00:00,53.61117647
2026-04-13 07:00:00+00:00,53.17852941
2026-04-13 08:00:00+00:00,53.07
2026-04-13 09:00:00+00:00,52.93117647
2026-04-13 10:00:00+00:00,52.845
2026-04-13 11:00:00+00:00,52.81058824
2026-04-13 12:00:00+00:00,52.94029412
2026-04-13 13:00:00+00:00,53.15588235
2026-04-13 14:00:00+00:00,53.41
2026-04-13 15:00:00+00:00,52.94617647
2026-04-13 16:00:00+00:00,53.11852941
2026-04-13 17:00:00+00:00,53.04911765
2026-04-13 18:00:00+00:00,53.04617647
2026-04-13 19:00:00+00:00,53.72911765
2026-04-13 20:00:00+00:00,53.42794118
2026-04-13 21:00:00+00:00,53.60205882
2026-04-13 22:00:00+00:00,54.52323529
2026-04-13 23:00:00+00:00,54.61941176
2026-04-14 00:00:00+00:00,54.24411765
2026-04-14 01:00:00+00:00,54.38176471
2026-04-14 02:00:00+00:00,54.24735294
2026-04-14 03:00:00+00:00,54.19852941
2026-04-14 04:00:00+00:00,54.28941176
2026-04-14 05:00:00+00:00,54.04088235
2026-04-14 06:00:00+00:00,54.21735294
2026-04-14 07:00:00+00:00,54.36911765
2026-04-14 08:00:00+00:00,54.7
2026-04-14 09:00:00+00:00,54.73529412
2026-04-14 10:00:00+00:00,54.54441176
2026-04-14 11:00:00+00:00,54.54147059
2026-04-14 12:00:00+00:00,54.43970588
2026-04-14 13:00:00+00:00,55.18352941
2026-04-14 14:00:00+00:00,54.86294118
2026-04-14 15:00:00+00:00,54.71941176
2026-04-14 16:00:00+00:00,54.60235294
2026-04-14 17:00:00+00:00,54.77
2026-04-14 18:00:00+00:00,54.30558824
2026-04-14 19:00:00+00:00,54.51264706
2026-04-14 20:00:00+00:00,54.32029412
2026-04-14 21:00:00+00:00,54.61470588
2026-04-14 22:00:00+00:00,54.26176471
2026-04-14 23:00:00+00:00,54.27588235
2026-04-15 00:00:00+00:00,54.39470588
2026-04-15 01:00:00+00:00,54.34470588
2026-04-15 02:00:00+00:00,54.12147059
2026-04-15 03:00:00+00:00,54.07617647
2026-04-15 04:00:00+00:00,54.17588235
2026-04-15 05:00:00+00:00,54.03264706
2026-04-15 06:00:00+00:00,53.93676471
2026-04-15 07:00:00+00:00,54.02323529
2026-04-15 08:00:00+00:00,54.36970588
2026-04-15 09:00:00+00:00,54.23294118
2026-04-15 10:00:00+00:00,54.34617647
2026-04-15 11:00:00+00:00,54.51823529
2026-04-15 12:00:00+00:00,54.62647059
2026-04-15 13:00:00+00:00,54.85323529
2026-04-15 14:00:00+00:00,55.09205882
2026-04-15 15:00:00+00:00,55.07411765
2026-04-15 16:00:00+00:00,55.02823529
2026-04-15 17:00:00+00:00,55.15264706
2026-04-15 18:00:00+00:00,55.19764706
2026-04-15 19:00:00+00:00,55.52617647
2026-04-15 20:00:00+00:00,55.25029412
2026-04-15 21:00:00+00:00,55.26941176
2026-04-15 22:00:00+00:00,55.23117647
2026-04-15 23:00:00+00:00,55.14882353
2026-04-16 00:00:00+00:00,55.06088235
2026-04-16 01:00:00+00:00,54.95558824
2026-04-16 02:00:00+00:00,55.235
2026-04-16 03:00:00+00:00,55.31588235
2026-04-16 04:00:00+00:00,55.46676471
2026-04-16 05:00:00+00:00,55.48941176
2026-04-16 06:00:00+00:00,55.57588235
2026-04-16 07:00:00+00:00,55.56735294
2026-04-16 08:00:00+00:00,55.46323529
2026-04-16 09:00:00+00:00,55.46558824
2026-04-16 10:00:00+00:00,55.31911765
2026-04-16 11:00:00+00:00,55.29352941
2026-04-16 12:00:00+00:00,55.44382353
2026-04-16 13:00:00+00:00,55.13294118
2026-04-16 14:00:00+00:00,55.01088235
2026-04-16 15:00:00+00:00,55.86941176
2026-04-16 16:00:00+00:00,55.44911765
2026-04-16 17:00:00+00:00,55.82617647
2026-04-16 18:00:00+00:00,56.45705882
2026-04-16 19:00:00+00:00,56.53058824
2026-04-16 20:00:00+00:00,56.09117647
2026-04-16 21:00:00+00:00,55.98294118
2026-04-16 22:00:00+00:00,56.195
2026-04-16 23:00:00+00:00,56.36029412
2026-04-17 00:00:00+00:00,56.14088235
2026-04-17 01:00:00+00:00,55.97441176
2026-04-17 02:00:00+00:00,55.79588235
2026-04-17 03:00:00+00:00,55.59323529
2026-04-17 04:00:00+00:00,55.67294118
2026-04-17 05:00:00+00:00,55.42617647
2026-04-17 06:00:00+00:00,55.80617647
2026-04-17 07:00:00+00:00,55.97588235
2026-04-17 08:00:00+00:00,56.16
2026-04-17 09:00:00+00:00,56.16676471
2026-04-17 10:00:00+00:00,55.98647059
2026-04-17 11:00:00+00:00,56.2
2026-04-17 12:00:00+00:00,56.63617647
2026-04-17 13:00:00+00:00,57.27029412
2026-04-17 14:00:00+00:00,57.01882353
2026-04-17 15:00:00+00:00,56.54529412
2026-04-17 16:00:00+00:00,57.11176471
2026-04-17 17:00:00+00:00,56.66823529
2026-04-17 18:00:00+00:00,56.64676471
2026-04-17 19:00:00+00:00,56.79088235
2026-04-17 20:00:00+00:00,56.63764706
2026-04-17 21:00:00+00:00,56.68176471
2026-04-17 22:00:00+00:00,56.57852941
2026-04-17 23:00:00+00:00,56.41470588
2026-04-18 00:00:00+00:00,56.44852941
2026-04-18 01:00:00+00:00,56.34294118
2026-04-18 02:00:00+00:00,56.44411765
2026-04-18 03:00:00+00:00,56.24205882
2026-04-18 04:00:00+00:00,56.19705882
2026-04-18 05:00:00+00:00,56.305
2026-04-18 06:00:00+00:00,56.37264706
2026-04-18 07:00:00+00:00,56.60352941
2026-04-18 08:00:00+00:00,56.35235294
2026-04-18 09:00:00+00:00,56.26852941
2026-04-18 10:00:00+00:00,56.16470588
2026-04-18 11:00:00+00:00,56.00911765
2026-04-18 12:00:00+00:00,56.02970588
2026-04-18 13:00:00+00:00,55.86647059
2026-04-18 14:00:00+00:00,55.96705882
2026-04-18 15:00:00+00:00,55.84264706
2026-04-18 16:00:00+00:00,55.81588235
2026-04-18 17:00:00+00:00,55.855
2026-04-18 18:00:00+00:00,55.26588235
2026-04-18 19:00:00+00:00,55.42088235
2026-04-18 20:00:00+00:00,55.50117647
2026-04-18 21:00:00+00:00,55.64735294
2026-04-18 22:00:00+00:00,55.72735294
2026-04-18 23:00:00+00:00,55.64088235
2026-04-19 00:00:00+00:00,55.66088235
2026-04-19 01:00:00+00:00,55.57
2026-04-19 02:00:00+00:00,55.48088235
2026-04-19 03:00:00+00:00,55.49235294
2026-04-19 04:00:00+00:00,55.64529412
2026-04-19 05:00:00+00:00,55.69882353
2026-04-19 06:00:00+00:00,55.55764706
2026-04-19 07:00:00+00:00,55.11441176
2026-04-19 08:00:00+00:00,55.11441176
2026-04-19 09:00:00+00:00,55.02735294
2026-04-19 10:00:00+00:00,54.99558824
2026-04-19 11:00:00+00:00,55.21294118
2026-04-19 12:00:00+00:00,55.28852941
2026-04-19 13:00:00+00:00,55.47088235
2026-04-19 14:00:00+00:00,55.56
2026-04-19 15:00:00+00:00,55.46205882
2026-04-19 16:00:00+00:00,55.28647059
2026-04-19 17:00:00+00:00,54.64852941
2026-04-19 18:00:00+00:00,54.63058824
2026-04-19 19:00:00+00:00,54.72823529
2026-04-19 20:00:00+00:00,54.53
2026-04-19 21:00:00+00:00,54.58588235
2026-04-19 22:00:00+00:00,54.14852941
2026-04-19 23:00:00+00:00,54.05794118
2026-04-20 00:00:00+00:00,54.39823529
2026-04-20 01:00:00+00:00,54.45911765
2026-04-20 02:00:00+00:00,54.49558824
2026-04-20 03:00:00+00:00,54.64794118
2026-04-20 04:00:00+00:00,54.79411765
2026-04-20 05:00:00+00:00,54.61205882
2026-04-20 06:00:00+00:00,54.86029412
2026-04-20 07:00:00+00:00,54.95382353
2026-04-20 08:00:00+00:00,54.81411765
2026-04-20 09:00:00+00:00,55.08823529
2026-04-20 10:00:00+00:00,55.02970588
2026-04-20 11:00:00+00:00,54.88029412
2026-04-20 12:00:00+00:00,55.05617647
2026-04-20 13:00:00+00:00,55.12441176
2026-04-20 14:00:00+00:00,54.87029412
2026-04-20 15:00:00+00:00,55.13882353
2026-04-20 16:00:00+00:00,54.88529412
2026-04-20 17:00:00+00:00,55.15764706
2026-04-20 18:00:00+00:00,55.34029412
2026-04-20 19:00:00+00:00,55.19941176
2026-04-20 20:00:00+00:00,55.22911765
2026-04-20 21:00:00+00:00,55.19235294
2026-04-20 22:00:00+00:00,55.02882353
2026-04-20 23:00:00+00:00,55.03
2026-04-21 00:00:00+00:00,55.14
2026-04-21 01:00:00+00:00,54.99176471
2026-04-21 02:00:00+00:00,54.83323529
2026-04-21 03:00:00+00:00,54.80088235
2026-04-21 04:00:00+00:00,54.98941176
2026-04-21 05:00:00+00:00,54.99176471
2026-04-21 06:00:00+00:00,55.09441176
2026-04-21 07:00:00+00:00,55.30352941
2026-04-21 08:00:00+00:00,55.25058824
2026-04-21 09:00:00+00:00,55.48647059
2026-04-21 10:00:00+00:00,55.54147059
2026-04-21 11:00:00+00:00,55.45235294
2026-04-21 12:00:00+00:00,55.385
2026-04-21 13:00:00+00:00,55.44294118
2026-04-21 14:00:00+00:00,55.44676471
2026-04-21 15:00:00+00:00,55.36264706
2026-04-21 16:00:00+00:00,55.05382353
2026-04-21 17:00:00+00:00,55.16823529
2026-04-21 18:00:00+00:00,55.13352941
2026-04-21 19:00:00+00:00,54.85470588
2026-04-21 20:00:00+00:00,55.13764706
2026-04-21 21:00:00+00:00,55.15647059
2026-04-21 22:00:00+00:00,55.12529412
2026-04-21 23:00:00+00:00,55.55882353
2026-04-22 00:00:00+00:00,55.69147059
2026-04-22 01:00:00+00:00,55.61264706
2026-04-22 02:00:00+00:00,55.93823529
2026-04-22 03:00:00+00:00,55.84029412
2026-04-22 04:00:00+00:00,55.94088235
2026-04-22 05:00:00+00:00,56.29558824
2026-04-22 06:00:00+00:00,56.28529412
2026-04-22 07:00:00+00:00,56.18
2026-04-22 08:00:00+00:00,56.23882353
2026-04-22 09:00:00+00:00,56.02705882
2026-04-22 10:00:00+00:00,56.20970588
2026-04-22 11:00:00+00:00,56.23647059
2026-04-22 12:00:00+00:00,56.12117647
2026-04-22 13:00:00+00:00,56.23794118
2026-04-22 14:00:00+00:00,56.45941176
2026-04-22 15:00:00+00:00,56.46911765
2026-04-22 16:00:00+00:00,56.04852941
2026-04-22 17:00:00+00:00,56.11852941
2026-04-22 18:00:00+00:00,56.14970588
2026-04-22 19:00:00+00:00,55.98294118
2026-04-22 20:00:00+00:00,55.78352941
2026-04-22 21:00:00+00:00,56.02764706
2026-04-22 22:00:00+00:00,55.85323529
2026-04-22 23:00:00+00:00,55.49882353
2026-04-23 00:00:00+00:00,55.58588235
2026-04-23 01:00:00+00:00,55.66147059
2026-04-23 02:00:00+00:00,55.17470588
2026-04-23 03:00:00+00:00,55.14441176
2026-04-23 04:00:00+00:00,55.12764706
2026-04-23 05:00:00+00:00,55.19
2026-04-23 06:00:00+00:00,55.25235294
2026-04-23 07:00:00+00:00,55.17205882
2026-04-23 08:00:00+00:00,55.22617647
2026-04-23 09:00:00+00:00,55.14
2026-04-23 10:00:00+00:00,55.14441176
2026-04-23 11:00:00+00:00,55.45852941
2026-04-23 12:00:00+00:00,55.60411765
2026-04-23 13:00:00+00:00,55.55852941
2026-04-23 14:00:00+00:00,55.71941176
2026-04-23 15:00:00+00:00,55.86647059
2026-04-23 16:00:00+00:00,55.59029412
2026-04-23 17:00:00+00:00,55.50205882
2026-04-23 18:00:00+00:00,55.35029412
2026-04-23 19:00:00+00:00,55.49264706
2026-04-23 20:00:00+00:00,55.77647059
2026-04-23 21:00:00+00:00,55.81764706
2026-04-23 22:00:00+00:00,56.10823529
2026-04-23 23:00:00+00:00,56.21294118
2026-04-24 00:00:00+00:00,56.11264706
2026-04-24 01:00:00+00:00,56.09264706
2026-04-24 02:00:00+00:00,56.05088235
2026-04-24 03:00:00+00:00,55.87411765
2026-04-24 04:00:00+00:00,55.87411765
2026-04-24 05:00:00+00:00,56.04647059
2026-04-24 06:00:00+00:00,56.00470588
2026-04-24 07:00:00+00:00,56.11058824
2026-04-24 08:00:00+00:00,56.06558824
2026-04-24 09:00:00+00:00,56.07941176
2026-04-24 10:00:00+00:00,56.17558824
2026-04-24 11:00:00+00:00,56.40588235
2026-04-24 12:00:00+00:00,56.16323529
2026-04-24 13:00:00+00:00,56.23764706
2026-04-24 14:00:00+00:00,56.255
2026-04-24 15:00:00+00:00,56.58764706
2026-04-24 16:00:00+00:00,56.56647059
2026-04-24 17:00:00+00:00,56.495
2026-04-24 18:00:00+00:00,56.58470588
2026-04-24 19:00:00+00:00,56.72
2026-04-24 20:00:00+00:00,56.66
2026-04-24 21:00:00+00:00,56.59323529
2026-04-24 22:00:00+00:00,56.45058824
2026-04-24 23:00:00+00:00,56.54323529
2026-04-25 00:00:00+00:00,56.43088235
2026-04-25 01:00:00+00:00,56.55088235
2026-04-25 02:00:00+00:00,56.67529412
2026-04-25 03:00:00+00:00,56.68735294
2026-04-25 04:00:00+00:00,56.53235294
2026-04-25 05:00:00+00:00,56.45088235
2026-04-25 06:00:00+00:00,56.36441176
2026-04-25 07:00:00+00:00,56.45088235
2026-04-25 08:00:00+00:00,56.45029412
2026-04-25 09:00:00+00:00,56.51117647
2026-04-25 10:00:00+00:00,56.44647059
2026-04-25 11:00:00+00:00,56.27352941
2026-04-25 12:00:00+00:00,56.27558824
2026-04-25 13:00:00+00:00,56.385
2026-04-25 14:00:00+00:00,56.37058824
2026-04-25 15:00:00+00:00,56.44764706
2026-04-25 16:00:00+00:00,56.43529412
2026-04-25 17:00:00+00:00,56.19588235
2026-04-25 18:00:00+00:00,56.01441176
2026-04-25 19:00:00+00:00,56.06911765
2026-04-25 20:00:00+00:00,55.97794118
2026-04-25 21:00:00+00:00,55.97647059
2026-04-25 22:00:00+00:00,56.01088235
2026-04-25 23:00:00+00:00,56.05029412
2026-04-26 00:00:00+00:00,55.95970588
2026-04-26 01:00:00+00:00,55.88941176
2026-04-26 02:00:00+00:00,55.89852941
2026-04-26 03:00:00+00:00,55.85147059
2026-04-26 04:00:00+00:00,55.895
2026-04-26 05:00:00+00:00,56.05558824
2026-04-26 06:00:00+00:00,56.19323529
2026-04-26 07:00:00+00:00,56.3
2026-04-26 08:00:00+00:00,56.24970588
2026-04-26 09:00:00+00:00,56.21470588
2026-04-26 10:00:00+00:00,56.23764706
2026-04-26 11:00:00+00:00,56.28264706
2026-04-26 12:00:00+00:00,56.12264706
2026-04-26 13:00:00+00:00,55.97558824
2026-04-26 14:00:00+00:00,55.98735294
2026-04-26 15:00:00+00:00,56.05058824
2026-04-26 16:00:00+00:00,55.87029412
2026-04-26 17:00:00+00:00,55.96088235
2026-04-26 18:00:00+00:00,56.21676471
2026-04-26 19:00:00+00:00,56.31176471
2026-04-26 20:00:00+00:00,56.18323529
2026-04-26 21:00:00+00:00,56.26235294
2026-04-26 22:00:00+00:00,56.21941176
2026-04-26 23:00:00+00:00,56.27911765
2026-04-27 00:00:00+00:00,56.43911765
2026-04-27 01:00:00+00:00,56.64970588
2026-04-27 02:00:00+00:00,56.59029412
2026-04-27 03:00:00+00:00,56.64411765
2026-04-27 04:00:00+00:00,56.45823529
2026-04-27 05:00:00+00:00,55.51058824
2026-04-27 06:00:00+00:00,55.48852941
2026-04-27 07:00:00+00:00,55.29088235
2026-04-27 08:00:00+00:00,55.42823529
2026-04-27 09:00:00+00:00,55.43088235
2026-04-27 10:00:00+00:00,55.35882353
2026-04-27 11:00:00+00:00,55.42911765
2026-04-27 12:00:00+00:00,55.45852941
2026-04-27 13:00:00+00:00,55.69529412
2026-04-27 14:00:00+00:00,55.73852941
2026-04-27 15:00:00+00:00,55.18058824
2026-04-27 16:00:00+00:00,55.27970588
2026-04-27 17:00:00+00:00,55.33323529
2026-04-27 18:00:00+00:00,55.36735294
2026-04-27 19:00:00+00:00,55.32647059
2026-04-27 20:00:00+00:00,55.41058824
2026-04-27 21:00:00+00:00,55.30176471
2026-04-27 22:00:00+00:00,55.41764706
2026-04-27 23:00:00+00:00,55.56794118
2026-04-28 00:00:00+00:00,55.46294118
2026-04-28 01:00:00+00:00,55.47588235
2026-04-28 02:00:00+00:00,55.44676471
2026-04-28 03:00:00+00:00,55.40911765
2026-04-28 04:00:00+00:00,55.39264706
2026-04-28 05:00:00+00:00,55.29529412
2026-04-28 06:00:00+00:00,55.2
2026-04-28 07:00:00+00:00,55.22676471
2026-04-28 08:00:00+00:00,55.23558824
2026-04-28 09:00:00+00:00,55.11617647
2026-04-28 10:00:00+00:00,55.07235294
2026-04-28 11:00:00+00:00,54.96970588
2026-04-28 12:00:00+00:00,55.09147059
2026-04-28 13:00:00+00:00,54.99117647
2026-04-28 14:00:00+00:00,54.915
2026-04-28 15:00:00+00:00,55.06852941
2026-04-28 16:00:00+00:00,55.09147059
2026-04-28 17:00:00+00:00,55.17441176
2026-04-28 18:00:00+00:00,55.28
2026-04-28 19:00:00+00:00,55.43676471
2026-04-28 20:00:00+00:00,55.52382353
2026-04-28 21:00:00+00:00,55.54558824
2026-04-28 22:00:00+00:00,55.44911765
2026-04-28 23:00:00+00:00,55.68970588
2026-04-29 00:00:00+00:00,55.67411765
2026-04-29 01:00:00+00:00,55.66823529
2026-04-29 02:00:00+00:00,55.57588235
2026-04-29 03:00:00+00:00,55.92588235
2026-04-29 04:00:00+00:00,55.98941176
2026-04-29 05:00:00+00:00,55.94970588
2026-04-29 06:00:00+00:00,55.91470588
2026-04-29 07:00:00+00:00,56.01088235
2026-04-29 08:00:00+00:00,55.90264706
2026-04-29 09:00:00+00:00,57.28470588
2026-04-29 10:00:00+00:00,57.18411765
2026-04-29 11:00:00+00:00,56.8
2026-04-29 12:00:00+00:00,56.95617647
2026-04-29 13:00:00+00:00,56.22911765
2026-04-29 14:00:00+00:00,56.13088235
2026-04-29 15:00:00+00:00,55.195
2026-04-29 16:00:00+00:00,55.24970588
2026-04-29 17:00:00+00:00,55.53705882
2026-04-29 18:00:00+00:00,54.90205882
2026-04-29 19:00:00+00:00,54.77588235
2026-04-29 20:00:00+00:00,54.96176471
2026-04-29 21:00:00+00:00,55.19411765
2026-04-29 22:00:00+00:00,55.26735294
2026-04-29 23:00:00+00:00,55.32117647
2026-04-30 00:00:00+00:00,55.66647059
2026-04-30 01:00:00+00:00,55.61911765
2026-04-30 02:00:00+00:00,55.25411765
2026-04-30 03:00:00+00:00,55.34470588
2026-04-30 04:00:00+00:00,55.01147059
2026-04-30 05:00:00+00:00,55.16176471
2026-04-30 06:00:00+00:00,55.33911765
2026-04-30 07:00:00+00:00,55.61147059
2026-04-30 08:00:00+00:00,55.61
2026-04-30 09:00:00+00:00,55.79205882
2026-04-30 10:00:00+00:00,55.71529412
2026-04-30 11:00:00+00:00,55.71764706
2026-04-30 12:00:00+00:00,55.64411765
2026-04-30 13:00:00+00:00,55.71264706
2026-04-30 14:00:00+00:00,55.65852941
2026-04-30 15:00:00+00:00,55.61352941
2026-04-30 16:00:00+00:00,55.57411765
2026-04-30 17:00:00+00:00,55.48911765
2026-04-30 18:00:00+00:00,55.48411765
2026-04-30 19:00:00+00:00,55.30852941
2026-04-30 20:00:00+00:00,55.26382353
2026-04-30 21:00:00+00:00,55.08205882
2026-04-30 22:00:00+00:00,55.08882353
2026-04-30 23:00:00+00:00,55.185
2026-05-01 00:00:00+00:00,55.20911765
2026-05-01 01:00:00+00:00,55.31088235
2026-05-01 02:00:00+00:00,55.31852941
2026-05-01 03:00:00+00:00,55.41970588
2026-05-01 04:00:00+00:00,55.23941176
2026-05-01 05:00:00+00:00,55.30235294
2026-05-01 06:00:00+00:00,55.24647059
2026-05-01 07:00:00+00:00,55.30411765
2026-05-01 08:00:00+00:00,55.29058824
2026-05-01 09:00:00+00:00,55.04352941
2026-05-01 10:00:00+00:00,55.20705882
2026-05-01 11:00:00+00:00,55.15441176
2026-05-01 12:00:00+00:00,55.27323529
2026-05-01 13:00:00+00:00,55.54411765
2026-05-01 14:00:00+00:00,55.64176471
2026-05-01 15:00:00+00:00,55.65470588
2026-05-01 16:00:00+00:00,55.68235294
2026-05-01 17:00:00+00:00,55.80235294
2026-05-01 18:00:00+00:00,55.90735294
2026-05-01 19:00:00+00:00,55.74294118
2026-05-01 20:00:00+00:00,55.59176471
2026-05-01 21:00:00+00:00,55.55147059
2026-05-01 22:00:00+00:00,55.47088235
2026-05-01 23:00:00+00:00,55.39852941
2026-05-02 00:00:00+00:00,55.52882353
2026-05-02 01:00:00+00:00,55.56823529
2026-05-02 02:00:00+00:00,55.57970588
2026-05-02 03:00:00+00:00,55.63970588
2026-05-02 04:00:00+00:00,55.35382353
2026-05-02 05:00:00+00:00,55.34411765
2026-05-02 06:00:00+00:00,55.46941176
2026-05-02 07:00:00+00:00,55.40647059
2026-05-02 08:00:00+00:00,55.39823529
2026-05-02 09:00:00+00:00,55.445
2026-05-02 10:00:00+00:00,55.40382353
2026-05-02 11:00:00+00:00,55.23058824
2026-05-02 12:00:00+00:00,55.21852941
2026-05-02 13:00:00+00:00,55.34176471
2026-05-02 14:00:00+00:00,55.35029412
2026-05-02 15:00:00+00:00,55.37852941
2026-05-02 16:00:00+00:00,55.41941176
2026-05-02 17:00:00+00:00,55.24441176
2026-05-02 18:00:00+00:00,55.22323529
2026-05-02 19:00:00+00:00,55.30676471
2026-05-02 20:00:00+00:00,55.12147059
2026-05-02 21:00:00+00:00,55.29441176
2026-05-02 22:00:00+00:00,55.28058824
2026-05-02 23:00:00+00:00,55.37823529
2026-05-03 00:00:00+00:00,55.24147059
2026-05-03 01:00:00+00:00,55.05029412
2026-05-03 02:00:00+00:00,54.93941176
2026-05-03 03:00:00+00:00,55.05882353
2026-05-03 04:00:00+00:00,55.06117647
2026-05-03 05:00:00+00:00,54.96323529
2026-05-03 06:00:00+00:00,54.99176471
2026-05-03 07:00:00+00:00,55.02852941
2026-05-03 08:00:00+00:00,54.94970588
2026-05-03 09:00:00+00:00,55.08176471
2026-05-03 10:00:00+00:00,54.91382353
2026-05-03 11:00:00+00:00,55.17911765
2026-05-03 12:00:00+00:00,55.23176471
2026-05-03 13:00:00+00:00,55.19735294
2026-05-03 14:00:00+00:00,55.30235294
2026-05-03 15:00:00+00:00,55.34235294
2026-05-03 16:00:00+00:00,55.35529412
2026-05-03 17:00:00+00:00,55.30411765
2026-05-03 18:00:00+00:00,55.31911765
2026-05-03 19:00:00+00:00,55.43176471
2026-05-03 20:00:00+00:00,55.49323529
2026-05-03 21:00:00+00:00,55.43558824
2026-05-03 22:00:00+00:00,55.62323529
2026-05-03 23:00:00+00:00,55.28441176
2026-05-04 00:00:00+00:00,55.18882353
2026-05-04 01:00:00+00:00,55.71264706
2026-05-04 02:00:00+00:00,56.105
2026-05-04 03:00:00+00:00,56.11764706
2026-05-04 04:00:00+00:00,56.20676471
2026-05-04 05:00:00+00:00,56.15911765
2026-05-04 06:00:00+00:00,56.10794118
2026-05-04 07:00:00+00:00,55.89764706
2026-05-04 08:00:00+00:00,55.78794118
2026-05-04 09:00:00+00:00,55.91088235
2026-05-04 10:00:00+00:00,55.26794118
2026-05-04 11:00:00+00:00,55.24323529
2026-05-04 12:00:00+00:00,55.25117647
2026-05-04 13:00:00+00:00,55.10735294
2026-05-04 14:00:00+00:00,55.625
2026-05-04 15:00:00+00:00,55.25941176
2026-05-04 16:00:00+00:00,55.16029412
2026-05-04 17:00:00+00:00,55.31588235
2026-05-04 18:00:00+00:00,55.27
2026-05-04 19:00:00+00:00,55.20147059
2026-05-04 20:00:00+00:00,55.13147059
2026-05-04 21:00:00+00:00,55.26205882
2026-05-04 22:00:00+00:00,55.05205882
2026-05-04 23:00:00+00:00,54.96558824
2026-05-05 00:00:00+00:00,55.09676471
2026-05-05 01:00:00+00:00,55.05235294
2026-05-05 02:00:00+00:00,55.08058824
2026-05-05 03:00:00+00:00,55.11176471
2026-05-05 04:00:00+00:00,55.10911765
2026-05-05 05:00:00+00:00,55.18823529
2026-05-05 06:00:00+00:00,55.16411765
2026-05-05 07:00:00+00:00,55.3
2026-05-05 08:00:00+00:00,55.37941176
2026-05-05 09:00:00+00:00,55.26323529
2026-05-05 10:00:00+00:00,55.43176471
2026-05-05 11:00:00+00:00,55.54352941
2026-05-05 12:00:00+00:00,55.61
2026-05-05 13:00:00+00:00,55.80088235
2026-05-05 14:00:00+00:00,55.62441176
2026-05-05 15:00:00+00:00,55.62
2026-05-05 16:00:00+00:00,55.58088235
2026-05-05 17:00:00+00:00,55.59323529
2026-05-05 18:00:00+00:00,55.71441176
2026-05-05 19:00:00+00:00,56.07323529
2026-05-05 20:00:00+00:00,56.36735294
2026-05-05 21:00:00+00:00,56.46294118
2026-05-05 22:00:00+00:00,56.43147059
2026-05-05 23:00:00+00:00,56.35823529
2026-05-06 00:00:00+00:00,56.25176471
2026-05-06 01:00:00+00:00,56.59911765
2026-05-06 02:00:00+00:00,56.57147059
2026-05-06 03:00:00+00:00,56.75117647
2026-05-06 04:00:00+00:00,56.78470588
2026-05-06 05:00:00+00:00,56.82705882
2026-05-06 06:00:00+00:00,56.90029412
2026-05-06 07:00:00+00:00,57.15882353
2026-05-06 08:00:00+00:00,57.84323529
2026-05-06 09:00:00+00:00,57.80382353
2026-05-06 10:00:00+00:00,57.71235294
2026-05-06 11:00:00+00:00,57.69558824
2026-05-06 12:00:00+00:00,57.79735294
2026-05-06 13:00:00+00:00,56.95382353
2026-05-06 14:00:00+00:00,56.83823529
2026-05-06 15:00:00+00:00,57.08970588
2026-05-06 16:00:00+00:00,57.01529412
2026-05-06 17:00:00+00:00,56.91911765
2026-05-06 18:00:00+00:00,56.82588235
2026-05-06 19:00:00+00:00,56.95470588
2026-05-06 20:00:00+00:00,56.91794118
2026-05-06 21:00:00+00:00,57.025
2026-05-06 22:00:00+00:00,56.73264706
2026-05-06 23:00:00+00:00,56.73323529
2026-05-07 00:00:00+00:00,56.46323529
2026-05-07 01:00:00+00:00,56.26882353
2026-05-07 02:00:00+00:00,56.37676471
2026-05-07 03:00:00+00:00,56.20088235
2026-05-07 04:00:00+00:00,56.50970588
2026-05-07 05:00:00+00:00,56.69382353
2026-05-07 06:00:00+00:00,57.01441176
2026-05-07 07:00:00+00:00,57.12705882
2026-05-07 08:00:00+00:00,56.95441176
2026-05-07 09:00:00+00:00,56.825
2026-05-07 10:00:00+00:00,56.92352941
2026-05-07 11:00:00+00:00,57.12264706
2026-05-07 12:00:00+00:00,57.37411765
2026-05-07 13:00:00+00:00,56.99882353
2026-05-07 14:00:00+00:00,56.54058824
2026-05-07 15:00:00+00:00,56.23176471
2026-05-07 16:00:00+00:00,56.24323529
2026-05-07 17:00:00+00:00,56.62058824
2026-05-07 18:00:00+00:00,56.59529412
2026-05-07 19:00:00+00:00,56.46058824
2026-05-07 20:00:00+00:00,56.36088235
2026-05-07 21:00:00+00:00,56.375
2026-05-07 22:00:00+00:00,56.37882353
2026-05-07 23:00:00+00:00,56.42588235
2026-05-08 00:00:00+00:00,56.57794118
2026-05-08 01:00:00+00:00,56.46705882
2026-05-08 02:00:00+00:00,56.28617647
2026-05-08 03:00:00+00:00,56.41676471
2026-05-08 04:00:00+00:00,56.53852941
2026-05-08 05:00:00+00:00,56.48529412
2026-05-08 06:00:00+00:00,56.36735294
2026-05-08 07:00:00+00:00,56.54088235
2026-05-08 08:00:00+00:00,56.54264706
2026-05-08 09:00:00+00:00,56.49852941
2026-05-08 10:00:00+00:00,56.49088235
2026-05-08 11:00:00+00:00,56.58058824
2026-05-08 12:00:00+00:00,56.72176471
2026-05-08 13:00:00+00:00,56.54588235
2026-05-08 14:00:00+00:00,57.21617647
2026-05-08 15:00:00+00:00,57.82
2026-05-08 16:00:00+00:00,57.65
2026-05-08 17:00:00+00:00,58.23558824
2026-05-08 18:00:00+00:00,58.53
2026-05-08 19:00:00+00:00,58.46470588
2026-05-08 20:00:00+00:00,58.05411765
2026-05-08 21:00:00+00:00,58.34176471
2026-05-08 22:00:00+00:00,58.365
2026-05-08 23:00:00+00:00,58.32147059
2026-05-09 00:00:00+00:00,58.59029412
2026-05-09 01:00:00+00:00,58.98941176
2026-05-09 02:00:00+00:00,58.83
2026-05-09 03:00:00+00:00,58.68735294
2026-05-09 04:00:00+00:00,58.63764706
2026-05-09 05:00:00+00:00,58.685
2026-05-09 06:00:00+00:00,58.51970588
2026-05-09 07:00:00+00:00,58.53558824
2026-05-09 08:00:00+00:00,58.70558824
2026-05-09 09:00:00+00:00,58.23794118
2026-05-09 10:00:00+00:00,58.27147059
2026-05-09 11:00:00+00:00,58.26588235
2026-05-09 12:00:00+00:00,58.21323529
2026-05-09 13:00:00+00:00,58.07588235
2026-05-09 14:00:00+00:00,57.80058824
2026-05-09 15:00:00+00:00,57.77205882
2026-05-09 16:00:00+00:00,57.88558824
2026-05-09 17:00:00+00:00,58.06
2026-05-09 18:00:00+00:00,58.15470588
2026-05-09 19:00:00+00:00,58.14176471
2026-05-09 20:00:00+00:00,58.11676471
2026-05-09 21:00:00+00:00,58.21441176
2026-05-09 22:00:00+00:00,58.215
2026-05-09 23:00:00+00:00,57.99470588
2026-05-10 00:00:00+00:00,57.97794118
2026-05-10 01:00:00+00:00,57.79029412
2026-05-10 02:00:00+00:00,57.92882353
2026-05-10 03:00:00+00:00,57.93617647
2026-05-10 04:00:00+00:00,57.99852941
2026-05-10 05:00:00+00:00,58.00852941
2026-05-10 06:00:00+00:00,58.10764706
2026-05-10 07:00:00+00:00,58.32852941
2026-05-10 08:00:00+00:00,58.54911765
2026-05-10 09:00:00+00:00,58.47676471
2026-05-10 10:00:00+00:00,58.42529412
2026-05-10 11:00:00+00:00,58.40058824
2026-05-10 12:00:00+00:00,58.495
2026-05-10 13:00:00+00:00,58.78382353
2026-05-10 14:00:00+00:00,58.66823529
2026-05-10 15:00:00+00:00,59.03088235
2026-05-10 16:00:00+00:00,59.42764706
2026-05-10 17:00:00+00:00,59.67852941
2026-05-10 18:00:00+00:00,59.84088235
2026-05-10 19:00:00+00:00,59.71470588
2026-05-10 20:00:00+00:00,58.39852941
2026-05-10 21:00:00+00:00,58.62294118
2026-05-10 22:00:00+00:00,59.95
2026-05-10 23:00:00+00:00,60.39029412
2026-05-11 00:00:00+00:00,59.58647059
2026-05-11 01:00:00+00:00,59.56735294
2026-05-11 02:00:00+00:00,58.98176471
2026-05-11 03:00:00+00:00,58.72411765
2026-05-11 04:00:00+00:00,58.72117647
2026-05-11 05:00:00+00:00,58.92970588
2026-05-11 06:00:00+00:00,58.80382353
2026-05-11 07:00:00+00:00,58.87
2026-05-11 08:00:00+00:00,58.65764706
2026-05-11 09:00:00+00:00,58.71764706
2026-05-11 10:00:00+00:00,58.51147059
2026-05-11 11:00:00+00:00,58.71852941
2026-05-11 12:00:00+00:00,58.50205882
2026-05-11 13:00:00+00:00,58.46852941
2026-05-11 14:00:00+00:00,58.46382353
2026-05-11 15:00:00+00:00,59.005
2026-05-11 16:00:00+00:00,58.89617647
2026-05-11 17:00:00+00:00,59.09764706
2026-05-11 18:00:00+00:00,58.86029412
2026-05-11 19:00:00+00:00,58.96764706
2026-05-11 20:00:00+00:00,58.79647059
2026-05-11 21:00:00+00:00,58.675
2026-05-11 22:00:00+00:00,58.61588235
2026-05-11 23:00:00+00:00,58.52294118
2026-05-12 00:00:00+00:00,58.41735294
2026-05-12 01:00:00+00:00,57.90147059
2026-05-12 02:00:00+00:00,58.21558824
2026-05-12 03:00:00+00:00,58.05411765
2026-05-12 04:00:00+00:00,58.22411765
2026-05-12 05:00:00+00:00,58.29029412
2026-05-12 06:00:00+00:00,58.26029412
2026-05-12 07:00:00+00:00,58.41205882
2026-05-12 08:00:00+00:00,58.14411765
2026-05-12 09:00:00+00:00,58.24294118
2026-05-12 10:00:00+00:00,57.98058824
2026-05-12 11:00:00+00:00,57.86647059
2026-05-12 12:00:00+00:00,57.80411765
2026-05-12 13:00:00+00:00,57.31970588
2026-05-12 14:00:00+00:00,57.22058824
2026-05-12 15:00:00+00:00,57.27970588
2026-05-12 16:00:00+00:00,57.16588235
2026-05-12 17:00:00+00:00,57.54588235
2026-05-12 18:00:00+00:00,57.54529412
2026-05-12 19:00:00+00:00,57.76941176
2026-05-12 20:00:00+00:00,57.86352941
2026-05-12 21:00:00+00:00,58.19088235
2026-05-12 22:00:00+00:00,57.92558824
2026-05-12 23:00:00+00:00,58.11088235
2026-05-13 00:00:00+00:00,57.94294118
2026-05-13 01:00:00+00:00,58.21294118
2026-05-13 02:00:00+00:00,58.27823529
2026-05-13 03:00:00+00:00,58.53117647
2026-05-13 04:00:00+00:00,58.43264706
2026-05-13 05:00:00+00:00,58.14411765
2026-05-13 06:00:00+00:00,58.22176471
2026-05-13 07:00:00+00:00,58.47558824
2026-05-13 08:00:00+00:00,58.69176471
2026-05-13 09:00:00+00:00,58.93647059
2026-05-13 10:00:00+00:00,58.60764706
2026-05-13 11:00:00+00:00,58.14676471
2026-05-13 12:00:00+00:00,57.76352941
2026-05-13 13:00:00+00:00,57.22029412
2026-05-13 14:00:00+00:00,57.31647059
2026-05-13 15:00:00+00:00,56.34235294
2026-05-13 16:00:00+00:00,56.88235294
2026-05-13 17:00:00+00:00,56.92588235
2026-05-13 18:00:00+00:00,56.99411765
2026-05-13 19:00:00+00:00,56.78647059
2026-05-13 20:00:00+00:00,56.87558824
2026-05-13 21:00:00+00:00,56.62235294
2026-05-13 22:00:00+00:00,57.01911765
2026-05-13 23:00:00+00:00,57.00470588
2026-05-14 00:00:00+00:00,57.14794118
2026-05-14 01:00:00+00:00,57.14558824
2026-05-14 02:00:00+00:00,56.97764706
2026-05-14 03:00:00+00:00,56.70058824
2026-05-14 04:00:00+00:00,56.96117647
2026-05-14 05:00:00+00:00,57.28088235
2026-05-14 06:00:00+00:00,57.21058824
2026-05-14 07:00:00+00:00,57.09411765
2026-05-14 08:00:00+00:00,57.10470588
2026-05-14 09:00:00+00:00,56.97470588
2026-05-14 10:00:00+00:00,57.11294118
2026-05-14 11:00:00+00:00,56.94323529
2026-05-14 12:00:00+00:00,57.29029412
2026-05-14 13:00:00+00:00,57.49088235
2026-05-14 14:00:00+00:00,58.20352941
2026-05-14 15:00:00+00:00,58.10970588
2026-05-14 16:00:00+00:00,58.33235294
2026-05-14 17:00:00+00:00,58.42588235
2026-05-14 18:00:00+00:00,59.20529412
2026-05-14 19:00:00+00:00,58.92088235
2026-05-14 20:00:00+00:00,58.59941176
2026-05-14 21:00:00+00:00,58.58794118
2026-05-14 22:00:00+00:00,58.55176471
2026-05-14 23:00:00+00:00,58.20852941
2026-05-15 00:00:00+00:00,58.31764706
2026-05-15 01:00:00+00:00,57.98382353
2026-05-15 02:00:00+00:00,58.29676471
2026-05-15 03:00:00+00:00,58.09323529
2026-05-15 04:00:00+00:00,57.70911765
2026-05-15 05:00:00+00:00,57.37352941
2026-05-15 06:00:00+00:00,57.975
2026-05-15 07:00:00+00:00,58.26
2026-05-15 08:00:00+00:00,58.45647059
2026-05-15 09:00:00+00:00,58.15647059
2026-05-15 10:00:00+00:00,58.30647059
2026-05-15 11:00:00+00:00,58.10147059
2026-05-15 12:00:00+00:00,57.90676471
2026-05-15 13:00:00+00:00,56.55205882
2026-05-15 14:00:00+00:00,56.87294118
2026-05-15 15:00:00+00:00,56.93294118
2026-05-15 16:00:00+00:00,57.38970588
2026-05-15 17:00:00+00:00,57.40411765
2026-05-15 18:00:00+00:00,57.37264706
2026-05-15 19:00:00+00:00,57.26852941
2026-05-15 20:00:00+00:00,57.28176471
2026-05-15 21:00:00+00:00,57.17558824
2026-05-15 22:00:00+00:00,57.49235294
2026-05-15 23:00:00+00:00,57.51
2026-05-16 00:00:00+00:00,57.58235294
2026-05-16 01:00:00+00:00,57.33735294
2026-05-16 02:00:00+00:00,57.15941176
2026-05-16 03:00:00+00:00,57.15323529
2026-05-16 04:00:00+00:00,56.86264706
2026-05-16 05:00:00+00:00,56.84
2026-05-16 06:00:00+00:00,56.29
2026-05-16 07:00:00+00:00,56.125
2026-05-16 08:00:00+00:00,56.15588235
2026-05-16 09:00:00+00:00,55.73764706
2026-05-16 10:00:00+00:00,55.83352941
2026-05-16 11:00:00+00:00,55.93764706
2026-05-16 12:00:00+00:00,56.04029412
2026-05-16 13:00:00+00:00,56.03676471
2026-05-16 14:00:00+00:00,56.19
2026-05-16 15:00:00+00:00,56.23058824
2026-05-16 16:00:00+00:00,56.17058824
2026-05-16 17:00:00+00:00,56.25
2026-05-16 18:00:00+00:00,56.19264706
2026-05-16 19:00:00+00:00,56.13911765
2026-05-16 20:00:00+00:00,56.19029412
2026-05-16 21:00:00+00:00,56.16676471
2026-05-16 22:00:00+00:00,56.055
2026-05-16 23:00:00+00:00,56.13823529
2026-05-17 00:00:00+00:00,56.02
2026-05-17 01:00:00+00:00,55.82205882
2026-05-17 02:00:00+00:00,55.95323529
2026-05-17 03:00:00+00:00,56.19647059
2026-05-17 04:00:00+00:00,56.28088235
2026-05-17 05:00:00+00:00,56.22470588
2026-05-17 06:00:00+00:00,56.20911765
2026-05-17 07:00:00+00:00,56.34558824
2026-05-17 08:00:00+00:00,56.24205882
2026-05-17 09:00:00+00:00,56.30558824
2026-05-17 10:00:00+00:00,56.41882353
2026-05-17 11:00:00+00:00,56.35529412
2026-05-17 12:00:00+00:00,56.29823529
2026-05-17 13:00:00+00:00,56.09
2026-05-17 14:00:00+00:00,55.90176471
2026-05-17 15:00:00+00:00,55.99411765
2026-05-17 16:00:00+00:00,55.86176471
2026-05-17 17:00:00+00:00,55.88411765
2026-05-17 18:00:00+00:00,55.94676471
2026-05-17 19:00:00+00:00,56.06647059
2026-05-17 20:00:00+00:00,56.06264706
2026-05-17 21:00:00+00:00,56.18676471
2026-05-17 22:00:00+00:00,55.86617647
2026-05-17 23:00:00+00:00,54.57882353
2026-05-18 00:00:00+00:00,54.32088235
2026-05-18 01:00:00+00:00,54.05647059
2026-05-18 02:00:00+00:00,54.20588235
2026-05-18 03:00:00+00:00,54.17735294
2026-05-18 04:00:00+00:00,54.26647059
2026-05-18 05:00:00+00:00,54.04970588
2026-05-18 06:00:00+00:00,53.83970588
2026-05-18 07:00:00+00:00,53.72941176
2026-05-18 08:00:00+00:00,53.78029412
2026-05-18 09:00:00+00:00,53.59205882
2026-05-18 10:00:00+00:00,53.49470588
2026-05-18 11:00:00+00:00,53.83676471
2026-05-18 12:00:00+00:00,54.04970588
2026-05-18 13:00:00+00:00,53.82323529
2026-05-18 14:00:00+00:00,53.56323529
2026-05-18 15:00:00+00:00,53.54205882
2026-05-18 16:00:00+00:00,53.62676471
2026-05-18 17:00:00+00:00,53.77852941
2026-05-18 18:00:00+00:00,53.61323529
2026-05-18 19:00:00+00:00,54.21676471
2026-05-18 20:00:00+00:00,54.17411765
2026-05-18 21:00:00+00:00,54.44176471
2026-05-18 22:00:00+00:00,54.49617647
2026-05-18 23:00:00+00:00,54.36852941
2026-05-19 00:00:00+00:00,54.36205882
2026-05-19 01:00:00+00:00,54.24058824
2026-05-19 02:00:00+00:00,54.19235294
2026-05-19 03:00:00+00:00,54.31941176
2026-05-19 04:00:00+00:00,54.41323529
2026-05-19 05:00:00+00:00,54.35911765
2026-05-19 06:00:00+00:00,54.47058824
2026-05-19 07:00:00+00:00,54.475
2026-05-19 08:00:00+00:00,54.23676471
2026-05-19 09:00:00+00:00,54.18294118
2026-05-19 10:00:00+00:00,54.26882353
2026-05-19 11:00:00+00:00,53.94882353
2026-05-19 12:00:00+00:00,54.18676471
2026-05-19 13:00:00+00:00,54.20529412
2026-05-19 14:00:00+00:00,53.71147059
2026-05-19 15:00:00+00:00,53.82
2026-05-19 16:00:00+00:00,54.13411765
2026-05-19 17:00:00+00:00,54.145
2026-05-19 18:00:00+00:00,54.03911765
2026-05-19 19:00:00+00:00,54.07441176
2026-05-19 20:00:00+00:00,54.185
2026-05-19 21:00:00+00:00,54.24411765
2026-05-19 22:00:00+00:00,54.27823529
2026-05-19 23:00:00+00:00,54.49558824
2026-05-20 00:00:00+00:00,53.77411765
2026-05-20 01:00:00+00:00,53.65176471
2026-05-20 02:00:00+00:00,53.66852941
2026-05-20 03:00:00+00:00,53.815
2026-05-20 04:00:00+00:00,53.88411765
2026-05-20 05:00:00+00:00,54.14823529
2026-05-20 06:00:00+00:00,54.25352941
2026-05-20 07:00:00+00:00,54.15117647
2026-05-20 08:00:00+00:00,54.19411765
2026-05-20 09:00:00+00:00,54.09941176
2026-05-20 10:00:00+00:00,54.05705882
2026-05-20 11:00:00+00:00,53.85
2026-05-20 12:00:00+00:00,54.27588235
2026-05-20 13:00:00+00:00,53.83823529
2026-05-20 14:00:00+00:00,54.26764706
2026-05-20 15:00:00+00:00,54.26705882
2026-05-20 16:00:00+00:00,54.23235294
2026-05-20 17:00:00+00:00,54.33735294
2026-05-20 18:00:00+00:00,54.19647059
2026-05-20 19:00:00+00:00,54.22
2026-05-20 20:00:00+00:00,54.14764706
2026-05-20 21:00:00+00:00,54.04647059
2026-05-20 22:00:00+00:00,54.03088235
2026-05-20 23:00:00+00:00,53.96088235
2026-05-21 00:00:00+00:00,54.14529412
2026-05-21 01:00:00+00:00,54.26058824
2026-05-21 02:00:00+00:00,54.33117647
2026-05-21 03:00:00+00:00,54.46852941
2026-05-21 04:00:00+00:00,54.435
2026-05-21 05:00:00+00:00,54.36676471
2026-05-21 06:00:00+00:00,54.25647059
2026-05-21 07:00:00+00:00,54.46735294
2026-05-21 08:00:00+00:00,54.38411765
2026-05-21 09:00:00+00:00,54.03
2026-05-21 10:00:00+00:00,53.42705882
2026-05-21 11:00:00+00:00,53.51441176
2026-05-21 12:00:00+00:00,53.72264706
2026-05-21 13:00:00+00:00,53.86470588
2026-05-21 14:00:00+00:00,53.84117647
2026-05-21 15:00:00+00:00,53.95470588
2026-05-21 16:00:00+00:00,53.78941176
2026-05-21 17:00:00+00:00,54.23029412
2026-05-21 18:00:00+00:00,54.10558824
2026-05-21 19:00:00+00:00,54.23
2026-05-21 20:00:00+00:00,54.22558824
2026-05-21 21:00:00+00:00,54.24852941
2026-05-21 22:00:00+00:00,54.18294118
2026-05-21 23:00:00+00:00,54.17647059
2026-05-22 00:00:00+00:00,54.21823529
2026-05-22 01:00:00+00:00,54.28911765
2026-05-22 02:00:00+00:00,54.36558824
2026-05-22 03:00:00+00:00,54.34735294
2026-05-22 04:00:00+00:00,54.28470588
2026-05-22 05:00:00+00:00,54.30058824
2026-05-22 06:00:00+00:00,54.13
2026-05-22 07:00:00+00:00,54.37382353
2026-05-22 08:00:00+00:00,54.28558824
2026-05-22 09:00:00+00:00,54.13176471
2026-05-22 10:00:00+00:00,54.08323529
2026-05-22 11:00:00+00:00,54.24676471
2026-05-22 12:00:00+00:00,54.21411765
2026-05-22 13:00:00+00:00,54.32
2026-05-22 14:00:00+00:00,53.79764706
2026-05-22 15:00:00+00:00,54.025
2026-05-22 16:00:00+00:00,54.23
2026-05-22 17:00:00+00:00,54.19941176
2026-05-22 18:00:00+00:00,53.665
2026-05-22 19:00:00+00:00,53.23529412
2026-05-22 20:00:00+00:00,53.25147059
2026-05-22 21:00:00+00:00,53.40058824
2026-05-22 22:00:00+00:00,53.36647059
2026-05-22 23:00:00+00:00,52.65323529
2026-05-23 00:00:00+00:00,52.68029412
2026-05-23 01:00:00+00:00,52.86
2026-05-23 02:00:00+00:00,52.94117647
2026-05-23 03:00:00+00:00,52.95411765
2026-05-23 04:00:00+00:00,52.79294118
2026-05-23 05:00:00+00:00,52.73411765
2026-05-23 06:00:00+00:00,52.71411765
2026-05-23 07:00:00+00:00,51.91794118
2026-05-23 08:00:00+00:00,52.08470588
2026-05-23 09:00:00+00:00,51.99176471
2026-05-23 10:00:00+00:00,52.12088235
2026-05-23 11:00:00+00:00,51.97823529
2026-05-23 12:00:00+00:00,52.16323529
2026-05-23 13:00:00+00:00,52.52882353
2026-05-23 14:00:00+00:00,52.74
2026-05-23 15:00:00+00:00,52.87029412
2026-05-23 16:00:00+00:00,52.80676471
2026-05-23 17:00:00+00:00,52.885
2026-05-23 18:00:00+00:00,53.26764706
2026-05-23 19:00:00+00:00,53.34088235
2026-05-23 20:00:00+00:00,54.16088235
2026-05-23 21:00:00+00:00,53.74705882
2026-05-23 22:00:00+00:00,53.47970588
2026-05-23 23:00:00+00:00,53.48117647
2026-05-24 00:00:00+00:00,53.525
2026-05-24 01:00:00+00:00,53.495
2026-05-24 02:00:00+00:00,53.41147059
2026-05-24 03:00:00+00:00,53.38117647
2026-05-24 04:00:00+00:00,53.41911765
2026-05-24 05:00:00+00:00,53.39852941
2026-05-24 06:00:00+00:00,53.53852941
2026-05-24 07:00:00+00:00,53.38735294
2026-05-24 08:00:00+00:00,53.48676471
2026-05-24 09:00:00+00:00,53.52235294
2026-05-24 10:00:00+00:00,53.49382353
2026-05-24 11:00:00+00:00,53.62852941
2026-05-24 12:00:00+00:00,53.47705882
2026-05-24 13:00:00+00:00,53.18735294
2026-05-24 14:00:00+00:00,52.87882353
2026-05-24 15:00:00+00:00,52.79823529
2026-05-24 16:00:00+00:00,52.84352941
2026-05-24 17:00:00+00:00,52.90235294
2026-05-24 18:00:00+00:00,52.81970588
2026-05-24 19:00:00+00:00,52.82882353
2026-05-24 20:00:00+00:00,52.62617647
2026-05-24 21:00:00+00:00,52.14029412
2026-05-24 22:00:00+00:00,52.61176471
2026-05-24 23:00:00+00:00,52.755
2026-05-25 00:00:00+00:00,52.84264706
2026-05-25 01:00:00+00:00,52.55676471
2026-05-25 02:00:00+00:00,52.61294118
2026-05-25 03:00:00+00:00,52.58823529
2026-05-25 04:00:00+00:00,52.76735294
2026-05-25 05:00:00+00:00,52.91205882
2026-05-25 06:00:00+00:00,52.90970588
2026-05-25 07:00:00+00:00,52.96441176
2026-05-25 08:00:00+00:00,53.02
2026-05-25 09:00:00+00:00,52.96235294
2026-05-25 10:00:00+00:00,52.84147059
2026-05-25 11:00:00+00:00,52.68411765
2026-05-25 12:00:00+00:00,52.76529412
2026-05-25 13:00:00+00:00,52.79705882
2026-05-25 14:00:00+00:00,52.89588235
2026-05-25 15:00:00+00:00,52.74088235
2026-05-25 16:00:00+00:00,53.10411765
2026-05-25 17:00:00+00:00,52.96911765
2026-05-25 18:00:00+00:00,52.96852941
2026-05-25 19:00:00+00:00,52.87088235
2026-05-25 20:00:00+00:00,52.77617647
2026-05-25 21:00:00+00:00,52.79676471
2026-05-25 22:00:00+00:00,52.51735294
2026-05-25 23:00:00+00:00,52.73205882
2026-05-26 00:00:00+00:00,52.52352941
2026-05-26 01:00:00+00:00,52.26764706
2026-05-26 02:00:00+00:00,52.24058824
2026-05-26 03:00:00+00:00,52.30941176
2026-05-26 04:00:00+00:00,52.46941176
2026-05-26 05:00:00+00:00,52.61294118
2026-05-26 06:00:00+00:00,52.54588235
2026-05-26 07:00:00+00:00,52.35323529
2026-05-26 08:00:00+00:00,52.36117647
2026-05-26 09:00:00+00:00,52.31323529
2026-05-26 10:00:00+00:00,52.85235294
2026-05-26 11:00:00+00:00,52.78647059
2026-05-26 12:00:00+00:00,52.84
2026-05-26 13:00:00+00:00,52.75764706
2026-05-26 14:00:00+00:00,52.67029412
2026-05-26 15:00:00+00:00,52.39441176
2026-05-26 16:00:00+00:00,52.16882353
2026-05-26 17:00:00+00:00,51.81117647
2026-05-26 18:00:00+00:00,51.84058824
2026-05-26 19:00:00+00:00,51.93205882
2026-05-26 20:00:00+00:00,52.00676471
2026-05-26 21:00:00+00:00,51.97764706
2026-05-26 22:00:00+00:00,51.99176471
2026-05-26 23:00:00+00:00,51.92088235
2026-05-27 00:00:00+00:00,52.18911765
2026-05-27 01:00:00+00:00,52.07147059
2026-05-27 02:00:00+00:00,52.14882353
2026-05-27 03:00:00+00:00,52.03235294
2026-05-27 04:00:00+00:00,52.17029412
2026-05-27 05:00:00+00:00,52.26294118
2026-05-27 06:00:00+00:00,52.30882353
2026-05-27 07:00:00+00:00,52.38147059
2026-05-27 08:00:00+00:00,52.26529412
2026-05-27 09:00:00+00:00,52.26176471
2026-05-27 10:00:00+00:00,52.31352941
2026-05-27 11:00:00+00:00,52.19617647
2026-05-27 12:00:00+00:00,52.38676471
2026-05-27 13:00:00+00:00,52.27470588
2026-05-27 14:00:00+00:00,52.39088235
2026-05-27 15:00:00+00:00,52.67
2026-05-27 16:00:00+00:00,52.46147059
2026-05-27 17:00:00+00:00,52.13264706
2026-05-27 18:00:00+00:00,52.35352941
2026-05-27 19:00:00+00:00,52.45647059
2026-05-27 20:00:00+00:00,52.54411765
2026-05-27 21:00:00+00:00,51.915
2026-05-27 22:00:00+00:00,51.89970588
2026-05-27 23:00:00+00:00,51.97323529
2026-05-28 00:00:00+00:00,52.02382353
2026-05-28 01:00:00+00:00,51.805
2026-05-28 02:00:00+00:00,51.83852941
2026-05-28 03:00:00+00:00,51.01617647
2026-05-28 04:00:00+00:00,50.81352941
2026-05-28 05:00:00+00:00,50.45882353
2026-05-28 06:00:00+00:00,50.62264706
2026-05-28 07:00:00+00:00,50.84705882
2026-05-28 08:00:00+00:00,50.71735294
2026-05-28 09:00:00+00:00,50.92058824
2026-05-28 10:00:00+00:00,50.75764706
2026-05-28 11:00:00+00:00,50.73617647
2026-05-28 12:00:00+00:00,50.94382353
2026-05-28 13:00:00+00:00,50.99470588
2026-05-28 14:00:00+00:00,51.12029412
2026-05-28 15:00:00+00:00,51.42735294
2026-05-28 16:00:00+00:00,51.92117647
2026-05-28 17:00:00+00:00,52.04735294
2026-05-28 18:00:00+00:00,51.965
2026-05-28 19:00:00+00:00,51.75176471
2026-05-28 20:00:00+00:00,51.90911765
2026-05-28 21:00:00+00:00,51.84029412
2026-05-28 22:00:00+00:00,51.69147059
2026-05-28 23:00:00+00:00,51.66970588
2026-05-29 00:00:00+00:00,51.70147059
2026-05-29 01:00:00+00:00,51.72058824
2026-05-29 02:00:00+00:00,51.58352941
2026-05-29 03:00:00+00:00,51.67941176
2026-05-29 04:00:00+00:00,51.63852941
2026-05-29 05:00:00+00:00,51.73117647
2026-05-29 06:00:00+00:00,51.84352941
2026-05-29 07:00:00+00:00,51.71941176
2026-05-29 08:00:00+00:00,51.74352941
2026-05-29 09:00:00+00:00,51.81235294
2026-05-29 10:00:00+00:00,51.80205882
2026-05-29 11:00:00+00:00,51.66441176
2026-05-29 12:00:00+00:00,51.61058824
2026-05-29 13:00:00+00:00,51.74029412
2026-05-29 14:00:00+00:00,51.58029412
2026-05-29 15:00:00+00:00,52.21
2026-05-29 16:00:00+00:00,52.16323529
2026-05-29 17:00:00+00:00,52.10676471
2026-05-29 18:00:00+00:00,51.83735294
2026-05-29 19:00:00+00:00,51.90911765
2026-05-29 20:00:00+00:00,51.91382353
2026-05-29 21:00:00+00:00,51.72058824
2026-05-29 22:00:00+00:00,51.85117647
2026-05-29 23:00:00+00:00,51.90058824
2026-05-30 00:00:00+00:00,52.15205882
2026-05-30 01:00:00+00:00,52.38823529
2026-05-30 02:00:00+00:00,52.47470588
2026-05-30 03:00:00+00:00,52.45088235
2026-05-30 04:00:00+00:00,52.26529412
2026-05-30 05:00:00+00:00,52.42764706
2026-05-30 06:00:00+00:00,52.42352941
2026-05-30 07:00:00+00:00,52.44470588
2026-05-30 08:00:00+00:00,52.50441176
2026-05-30 09:00:00+00:00,52.70029412
2026-05-30 10:00:00+00:00,52.60117647
2026-05-30 11:00:00+00:00,52.51147059
2026-05-30 12:00:00+00:00,52.65176471
2026-05-30 13:00:00+00:00,52.73235294
2026-05-30 14:00:00+00:00,52.53558824
2026-05-30 15:00:00+00:00,52.39441176
2026-05-30 16:00:00+00:00,52.36088235
2026-05-30 17:00:00+00:00,52.39588235
2026-05-30 18:00:00+00:00,52.46352941
2026-05-30 19:00:00+00:00,52.53058824
2026-05-30 20:00:00+00:00,52.53735294
2026-05-30 21:00:00+00:00,52.57029412
2026-05-30 22:00:00+00:00,52.42147059
2026-05-30 23:00:00+00:00,52.455
2026-05-31 00:00:00+00:00,52.48735294
2026-05-31 01:00:00+00:00,52.59294118
2026-05-31 02:00:00+00:00,52.66470588
2026-05-31 03:00:00+00:00,52.65970588
2026-05-31 04:00:00+00:00,52.63764706
2026-05-31 05:00:00+00:00,52.50882353
2026-05-31 06:00:00+00:00,52.48147059
2026-05-31 07:00:00+00:00,52.33
2026-05-31 08:00:00+00:00,52.45617647
2026-05-31 09:00:00+00:00,52.39647059
2026-05-31 10:00:00+00:00,52.36441176
2026-05-31 11:00:00+00:00,52.33117647
2026-05-31 12:00:00+00:00,52.40970588
2026-05-31 13:00:00+00:00,52.45029412
2026-05-31 14:00:00+00:00,51.95970588
2026-05-31 15:00:00+00:00,51.94882353
2026-05-31 16:00:00+00:00,51.60205882
2026-05-31 17:00:00+00:00,51.70970588
2026-05-31 18:00:00+00:00,51.62323529
2026-05-31 19:00:00+00:00,51.62852941
2026-05-31 20:00:00+00:00,51.83852941
2026-05-31 21:00:00+00:00,52.01676471
2026-05-31 22:00:00+00:00,52.18205882
2026-05-31 23:00:00+00:00,52.07647059
2026-06-01 00:00:00+00:00,52.23117647
2026-06-01 01:00:00+00:00,51.45647059
2026-06-01 02:00:00+00:00,52.02558824
2026-06-01 03:00:00+00:00,51.98205882
2026-06-01 04:00:00+00:00,51.70147059
2026-06-01 05:00:00+00:00,51.57852941
2026-06-01 06:00:00+00:00,51.33058824
2026-06-01 07:00:00+00:00,51.00441176
2026-06-01 08:00:00+00:00,51.04647059
2026-06-01 09:00:00+00:00,51.20588235
2026-06-01 10:00:00+00:00,51.07294118
2026-06-01 11:00:00+00:00,51.00117647
2026-06-01 12:00:00+00:00,51.10235294
2026-06-01 13:00:00+00:00,50.93676471
2026-06-01 14:00:00+00:00,50.61705882
2026-06-01 15:00:00+00:00,50.40411765
2026-06-01 16:00:00+00:00,50.685
2026-06-01 17:00:00+00:00,50.96058824
2026-06-01 18:00:00+00:00,50.79117647
2026-06-01 19:00:00+00:00,50.88323529
2026-06-01 20:00:00+00:00,50.99676471
2026-06-01 21:00:00+00:00,50.69058824
2026-06-01 22:00:00+00:00,50.80529412
2026-06-01 23:00:00+00:00,50.79411765
2026-06-02 00:00:00+00:00,50.61676471
2026-06-02 01:00:00+00:00,50.28617647
2026-06-02 02:00:00+00:00,50.13823529
2026-06-02 03:00:00+00:00,50.27088235
2026-06-02 04:00:00+00:00,49.86970588
2026-06-02 05:00:00+00:00,49.40294118
2026-06-02 06:00:00+00:00,49.39823529
2026-06-02 07:00:00+00:00,49.46882353
2026-06-02 08:00:00+00:00,49.41029412
2026-06-02 09:00:00+00:00,49.33558824
2026-06-02 10:00:00+00:00,49.61735294
2026-06-02 11:00:00+00:00,49.36323529
2026-06-02 12:00:00+00:00,49.47852941
2026-06-02 13:00:00+00:00,49.24941176
2026-06-02 14:00:00+00:00,48.38705882
2026-06-02 15:00:00+00:00,47.82558824
2026-06-02 16:00:00+00:00,48.21764706
2026-06-02 17:00:00+00:00,48.42735294
2026-06-02 18:00:00+00:00,48.36911765
2026-06-02 19:00:00+00:00,48.11647059
2026-06-02 20:00:00+00:00,48.30264706
2026-06-02 21:00:00+00:00,48.15794118
2026-06-02 22:00:00+00:00,46.725
2026-06-02 23:00:00+00:00,46.90029412
2026-06-03 00:00:00+00:00,47.36411765
2026-06-03 01:00:00+00:00,47.57647059
2026-06-03 02:00:00+00:00,47.64470588
2026-06-03 03:00:00+00:00,47.02970588
2026-06-03 04:00:00+00:00,47.78676471
2026-06-03 05:00:00+00:00,48.10441176
2026-06-03 06:00:00+00:00,48.23882353
2026-06-03 07:00:00+00:00,48.40147059
2026-06-03 08:00:00+00:00,48.33323529
2026-06-03 09:00:00+00:00,48.14558824
2026-06-03 10:00:00+00:00,48.34147059
2026-06-03 11:00:00+00:00,48.21147059
2026-06-03 12:00:00+00:00,48.23735294
2026-06-03 13:00:00+00:00,48.01029412
2026-06-03 14:00:00+00:00,47.88
2026-06-03 15:00:00+00:00,47.65294118
2026-06-03 16:00:00+00:00,47.57205882
2026-06-03 17:00:00+00:00,47.72323529
2026-06-03 18:00:00+00:00,47.44352941
2026-06-03 19:00:00+00:00,47.30735294
2026-06-03 20:00:00+00:00,47.00911765
2026-06-03 21:00:00+00:00,47.92029412
2026-06-03 22:00:00+00:00,47.64470588
2026-06-03 23:00:00+00:00,47.13970588
2026-06-04 00:00:00+00:00,46.79647059
2026-06-04 01:00:00+00:00,45.31676471
2026-06-04 02:00:00+00:00,45.81176471
2026-06-04 03:00:00+00:00,46.81558824
2026-06-04 04:00:00+00:00,46.49970588
2026-06-04 05:00:00+00:00,46.25911765
2026-06-04 06:00:00+00:00,46.595
2026-06-04 07:00:00+00:00,46.215
2026-06-04 08:00:00+00:00,46.41558824
2026-06-04 09:00:00+00:00,46.03264706
2026-06-04 10:00:00+00:00,45.25411765
2026-06-04 11:00:00+00:00,45.62470588
2026-06-04 12:00:00+00:00,46.59852941
2026-06-04 13:00:00+00:00,46.85088235
2026-06-04 14:00:00+00:00,46.345
2026-06-04 15:00:00+00:00,46.35676471
2026-06-04 16:00:00+00:00,46.34294118
2026-06-04 17:00:00+00:00,46.20176471
2026-06-04 18:00:00+00:00,46.51911765
2026-06-04 19:00:00+00:00,46.28823529
2026-06-04 20:00:00+00:00,46.07823529
2026-06-04 21:00:00+00:00,45.14705882
2026-06-04 22:00:00+00:00,45.71647059
2026-06-04 23:00:00+00:00,45.63882353
2026-06-05 00:00:00+00:00,45.42470588
2026-06-05 01:00:00+00:00,45.65911765
2026-06-05 02:00:00+00:00,44.89882353
2026-06-05 03:00:00+00:00,44.84823529
2026-06-05 04:00:00+00:00,45.40411765
2026-06-05 05:00:00+00:00,44.33617647
2026-06-05 06:00:00+00:00,43.35911765
2026-06-05 07:00:00+00:00,44.17764706
2026-06-05 08:00:00+00:00,43.835
2026-06-05 09:00:00+00:00,44.56676471
2026-06-05 10:00:00+00:00,44.26735294
2026-06-05 11:00:00+00:00,44.05823529
2026-06-05 12:00:00+00:00,44.02205882
2026-06-05 13:00:00+00:00,43.27029412
2026-06-05 14:00:00+00:00,43.39235294
2026-06-05 15:00:00+00:00,43.22411765
2026-06-05 16:00:00+00:00,43.93647059
2026-06-05 17:00:00+00:00,43.68970588
2026-06-05 18:00:00+00:00,42.71647059
2026-06-05 19:00:00+00:00,43.02264706
2026-06-05 20:00:00+00:00,43.63117647
2026-06-05 21:00:00+00:00,43.93117647
2026-06-05 22:00:00+00:00,43.59470588
2026-06-05 23:00:00+00:00,43.32441176
2026-06-06 00:00:00+00:00,43.85617647
2026-06-06 01:00:00+00:00,43.52382353
2026-06-06 02:00:00+00:00,43.24529412
2026-06-06 03:00:00+00:00,42.68
2026-06-06 04:00:00+00:00,40.98705882
2026-06-06 05:00:00+00:00,42.07941176
2026-06-06 06:00:00+00:00,42.28852941
2026-06-06 07:00:00+00:00,42.82117647
2026-06-06 08:00:00+00:00,43.23882353
2026-06-06 09:00:00+00:00,43.02058824
2026-06-06 10:00:00+00:00,42.62352941
2026-06-06 11:00:00+00:00,42.78617647
2026-06-06 12:00:00+00:00,42.89176471
2026-06-06 13:00:00+00:00,42.74941176
2026-06-06 14:00:00+00:00,42.51176471
2026-06-06 15:00:00+00:00,42.35794118
2026-06-06 16:00:00+00:00,41.93294118
2026-06-06 17:00:00+00:00,42.06764706
2026-06-06 18:00:00+00:00,42.22470588
2026-06-06 19:00:00+00:00,41.14941176
2026-06-06 20:00:00+00:00,41.18088235
2026-06-06 21:00:00+00:00,41.63441176
2026-06-06 22:00:00+00:00,41.05911765
2026-06-06 23:00:00+00:00,41.39088235
2026-06-07 00:00:00+00:00,41.29911765
2026-06-07 01:00:00+00:00,42.06588235
2026-06-07 02:00:00+00:00,41.79235294
2026-06-07 03:00:00+00:00,41.93411765
2026-06-07 04:00:00+00:00,41.73088235
2026-06-07 05:00:00+00:00,41.62382353
2026-06-07 06:00:00+00:00,41.97117647
2026-06-07 07:00:00+00:00,41.94647059
2026-06-07 08:00:00+00:00,42.51323529
2026-06-07 09:00:00+00:00,42.31941176
2026-06-07 10:00:00+00:00,42.22441176
2026-06-07 11:00:00+00:00,42.37352941
2026-06-07 12:00:00+00:00,41.86323529
2026-06-07 13:00:00+00:00,42.06676471
2026-06-07 14:00:00+00:00,42.27735294
2026-06-07 15:00:00+00:00,42.08441176
2026-06-07 16:00:00+00:00,41.88058824
2026-06-07 17:00:00+00:00,42.03735294
2026-06-07 18:00:00+00:00,41.90294118
2026-06-07 19:00:00+00:00,41.365
2026-06-07 20:00:00+00:00,41.62794118
2026-06-07 21:00:00+00:00,41.57147059
2026-06-07 22:00:00+00:00,42.74794118
2026-06-07 23:00:00+00:00,42.83
2026-06-08 00:00:00+00:00,43.01882353
2026-06-08 01:00:00+00:00,42.37470588
2026-06-08 02:00:00+00:00,42.42588235
2026-06-08 03:00:00+00:00,42.52
2026-06-08 04:00:00+00:00,42.19088235
2026-06-08 05:00:00+00:00,42.35117647
2026-06-08 06:00:00+00:00,42.57294118
2026-06-08 07:00:00+00:00,42.83941176
2026-06-08 08:00:00+00:00,42.55117647
2026-06-08 09:00:00+00:00,43.02852941
2026-06-08 10:00:00+00:00,42.90470588
2026-06-08 11:00:00+00:00,43.15088235
2026-06-08 12:00:00+00:00,43.32441176
2026-06-08 13:00:00+00:00,42.95676471
2026-06-08 14:00:00+00:00,43.24941176
2026-06-08 15:00:00+00:00,43.11558824
2026-06-08 16:00:00+00:00,43.02382353
2026-06-08 17:00:00+00:00,43.33058824
2026-06-08 18:00:00+00:00,43.33558824
2026-06-08 19:00:00+00:00,43.39911765
2026-06-08 20:00:00+00:00,43.34117647
2026-06-08 21:00:00+00:00,43.60117647
2026-06-08 22:00:00+00:00,43.38235294
2026-06-08 23:00:00+00:00,43.025
2026-06-09 00:00:00+00:00,42.35205882
2026-06-09 01:00:00+00:00,42.51588235
2026-06-09 02:00:00+00:00,42.62470588
2026-06-09 03:00:00+00:00,42.51647059
2026-06-09 04:00:00+00:00,42.86029412
2026-06-09 05:00:00+00:00,42.92176471
2026-06-09 06:00:00+00:00,42.92735294
2026-06-09 07:00:00+00:00,42.89735294
2026-06-09 08:00:00+00:00,42.725
2026-06-09 09:00:00+00:00,42.455
2026-06-09 10:00:00+00:00,42.47794118
2026-06-09 11:00:00+00:00,42.49705882
2026-06-09 12:00:00+00:00,42.69558824
2026-06-09 13:00:00+00:00,42.65558824
2026-06-09 14:00:00+00:00,42.37647059
2026-06-09 15:00:00+00:00,41.98088235
2026-06-09 16:00:00+00:00,42.29294118
2026-06-09 17:00:00+00:00,42.76088235
2026-06-09 18:00:00+00:00,43.08941176
2026-06-09 19:00:00+00:00,43.40705882
2026-06-09 20:00:00+00:00,43.455
2026-06-09 21:00:00+00:00,43.24323529
2026-06-09 22:00:00+00:00,42.99
2026-06-09 23:00:00+00:00,43.02676471
2026-06-10 00:00:00+00:00,43.17911765
2026-06-10 01:00:00+00:00,42.88882353
2026-06-10 02:00:00+00:00,42.57558824
2026-06-10 03:00:00+00:00,42.675
2026-06-10 04:00:00+00:00,42.39205882
2026-06-10 05:00:00+00:00,42.49882353
2026-06-10 06:00:00+00:00,42.39735294
2026-06-10 07:00:00+00:00,42.57
2026-06-10 08:00:00+00:00,42.32647059
2026-06-10 09:00:00+00:00,42.27823529
2026-06-10 10:00:00+00:00,42.20911765
2026-06-10 11:00:00+00:00,42.10117647
2026-06-10 12:00:00+00:00,42.55676471
2026-06-10 13:00:00+00:00,42.76470588
2026-06-10 14:00:00+00:00,42.55794118
2026-06-10 15:00:00+00:00,42.84529412
2026-06-10 16:00:00+00:00,42.41794118
2026-06-10 17:00:00+00:00,41.95176471
2026-06-10 18:00:00+00:00,41.96529412
2026-06-10 19:00:00+00:00,41.63941176
2026-06-10 20:00:00+00:00,41.68882353
2026-06-10 21:00:00+00:00,41.39529412
2026-06-10 22:00:00+00:00,41.52558824
2026-06-10 23:00:00+00:00,41.74088235
2026-06-11 00:00:00+00:00,41.89735294
2026-06-11 01:00:00+00:00,42.30117647
2026-06-11 02:00:00+00:00,42.26294118
2026-06-11 03:00:00+00:00,42.79764706
2026-06-11 04:00:00+00:00,42.77176471
2026-06-11 05:00:00+00:00,42.60323529
2026-06-11 06:00:00+00:00,42.55382353
2026-06-11 07:00:00+00:00,42.54705882
2026-06-11 08:00:00+00:00,42.68029412
2026-06-11 09:00:00+00:00,42.53
2026-06-11 10:00:00+00:00,42.63735294
2026-06-11 11:00:00+00:00,42.65235294
2026-06-11 12:00:00+00:00,42.545
2026-06-11 13:00:00+00:00,42.55588235
2026-06-11 14:00:00+00:00,42.38029412
2026-06-11 15:00:00+00:00,42.10588235
2026-06-11 16:00:00+00:00,42.13970588
2026-06-11 17:00:00+00:00,42.80352941
2026-06-11 18:00:00+00:00,42.66235294
2026-06-11 19:00:00+00:00,42.63529412
2026-06-11 20:00:00+00:00,42.43941176
2026-06-11 21:00:00+00:00,42.62205882
2026-06-11 22:00:00+00:00,42.64764706
2026-06-11 23:00:00+00:00,42.47264706
2026-06-12 00:00:00+00:00,42.50823529
2026-06-12 01:00:00+00:00,42.56470588
2026-06-12 02:00:00+00:00,42.55470588
2026-06-12 03:00:00+00:00,42.66352941
2026-06-12 04:00:00+00:00,42.72117647
2026-06-12 05:00:00+00:00,42.57882353
2026-06-12 06:00:00+00:00,42.34382353
2026-06-12 07:00:00+00:00,42.59
2026-06-12 08:00:00+00:00,42.82764706
2026-06-12 09:00:00+00:00,43.11705882
2026-06-12 10:00:00+00:00,42.98029412
2026-06-12 11:00:00+00:00,43.02088235
2026-06-12 12:00:00+00:00,43.07382353
2026-06-12 13:00:00+00:00,42.81911765
2026-06-12 14:00:00+00:00,43.39794118
2026-06-12 15:00:00+00:00,42.83764706
2026-06-12 16:00:00+00:00,43.235
2026-06-12 17:00:00+00:00,43.02205882
2026-06-12 18:00:00+00:00,42.92882353
2026-06-12 19:00:00+00:00,42.98764706
2026-06-12 20:00:00+00:00,42.91441176
2026-06-12 21:00:00+00:00,42.93176471
2026-06-12 22:00:00+00:00,42.98029412
2026-06-12 23:00:00+00:00,43.08
2026-06-13 00:00:00+00:00,43.31205882
2026-06-13 01:00:00+00:00,43.46029412
2026-06-13 02:00:00+00:00,43.27147059
2026-06-13 03:00:00+00:00,43.37441176
2026-06-13 04:00:00+00:00,43.23823529
2026-06-13 05:00:00+00:00,43.17352941
2026-06-13 06:00:00+00:00,43.33970588
2026-06-13 07:00:00+00:00,43.49823529
2026-06-13 08:00:00+00:00,43.65794118
2026-06-13 09:00:00+00:00,43.58147059
2026-06-13 10:00:00+00:00,43.76735294
2026-06-13 11:00:00+00:00,43.77647059
2026-06-13 12:00:00+00:00,43.94941176
2026-06-13 13:00:00+00:00,43.91411765
2026-06-13 14:00:00+00:00,43.88970588
2026-06-13 15:00:00+00:00,44.06
2026-06-13 16:00:00+00:00,43.83411765
2026-06-13 17:00:00+00:00,43.63058824
2026-06-13 18:00:00+00:00,43.69764706
2026-06-13 19:00:00+00:00,43.81382353
2026-06-13 20:00:00+00:00,43.89676471
2026-06-13 21:00:00+00:00,44.24764706
2026-06-13 22:00:00+00:00,44.33323529
2026-06-13 23:00:00+00:00,44.32264706
2026-06-14 00:00:00+00:00,44.43647059
2026-06-14 01:00:00+00:00,44.41588235
2026-06-14 02:00:00+00:00,44.37764706
2026-06-14 03:00:00+00:00,44.45676471
2026-06-14 04:00:00+00:00,44.15382353
2026-06-14 05:00:00+00:00,44.16235294
2026-06-14 06:00:00+00:00,44.13323529
2026-06-14 07:00:00+00:00,44.06558824
2026-06-14 08:00:00+00:00,44.15235294
2026-06-14 09:00:00+00:00,44.24323529
2026-06-14 10:00:00+00:00,44.07970588
2026-06-14 11:00:00+00:00,44.07911765
2026-06-14 12:00:00+00:00,43.98941176
2026-06-14 13:00:00+00:00,43.97088235
2026-06-14 14:00:00+00:00,43.94529412
2026-06-14 15:00:00+00:00,44.03411765
2026-06-14 16:00:00+00:00,44.07470588
2026-06-14 17:00:00+00:00,43.95558824
2026-06-14 18:00:00+00:00,44.06823529
2026-06-14 19:00:00+00:00,44.20794118
2026-06-14 20:00:00+00:00,44.43852941
2026-06-14 21:00:00+00:00,44.86323529
2026-06-14 22:00:00+00:00,45.13705882
2026-06-14 23:00:00+00:00,45.40205882
2026-06-15 00:00:00+00:00,45.25411765
2026-06-15 01:00:00+00:00,45.12147059
2026-06-15 02:00:00+00:00,45.26029412
2026-06-15 03:00:00+00:00,45.30852941
2026-06-15 04:00:00+00:00,45.11235294
2026-06-15 05:00:00+00:00,45.53588235
2026-06-15 06:00:00+00:00,45.31558824
2026-06-15 07:00:00+00:00,45.08911765
2026-06-15 08:00:00+00:00,45.15647059
2026-06-15 09:00:00+00:00,44.94235294
2026-06-15 10:00:00+00:00,45.67323529
2026-06-15 11:00:00+00:00,45.80323529
2026-06-15 12:00:00+00:00,45.87735294
2026-06-15 13:00:00+00:00,46.12735294
2026-06-15 14:00:00+00:00,45.82558824
2026-06-15 15:00:00+00:00,46.07852941
2026-06-15 16:00:00+00:00,46.12558824
2026-06-15 17:00:00+00:00,45.98323529
2026-06-15 18:00:00+00:00,45.78529412
2026-06-15 19:00:00+00:00,45.62558824
2026-06-15 20:00:00+00:00,45.65676471
2026-06-15 21:00:00+00:00,45.74470588
2026-06-15 22:00:00+00:00,45.65
2026-06-15 23:00:00+00:00,45.76117647
2026-06-16 00:00:00+00:00,45.65088235
2026-06-16 01:00:00+00:00,45.80852941
2026-06-16 02:00:00+00:00,45.52
2026-06-16 03:00:00+00:00,45.85088235
2026-06-16 04:00:00+00:00,45.47941176
2026-06-16 05:00:00+00:00,45.54647059
2026-06-16 06:00:00+00:00,45.64205882
2026-06-16 07:00:00+00:00,45.81176471
2026-06-16 08:00:00+00:00,46.27088235
2026-06-16 09:00:00+00:00,45.57235294
2026-06-16 10:00:00+00:00,45.52647059
2026-06-16 11:00:00+00:00,45.53235294
2026-06-16 12:00:00+00:00,45.58470588
2026-06-16 13:00:00+00:00,45.09411765
2026-06-16 14:00:00+00:00,44.79852941
2026-06-16 15:00:00+00:00,44.91735294
2026-06-16 16:00:00+00:00,44.98823529
2026-06-16 17:00:00+00:00,45.46323529
2026-06-16 18:00:00+00:00,45.65176471
2026-06-16 19:00:00+00:00,45.46617647
2026-06-16 20:00:00+00:00,45.69911765
2026-06-16 21:00:00+00:00,45.81117647
2026-06-16 22:00:00+00:00,45.89705882
2026-06-16 23:00:00+00:00,45.69058824
2026-06-17 00:00:00+00:00,45.69058824
2026-06-17 01:00:00+00:00,45.78117647
2026-06-17 02:00:00+00:00,45.75088235
2026-06-17 03:00:00+00:00,45.68911765
2026-06-17 04:00:00+00:00,45.72323529
2026-06-17 05:00:00+00:00,45.63911765
2026-06-17 06:00:00+00:00,45.58558824
2026-06-17 07:00:00+00:00,45.55558824
2026-06-17 08:00:00+00:00,45.36676471
2026-06-17 09:00:00+00:00,45.34970588
2026-06-17 10:00:00+00:00,45.14058824
2026-06-17 11:00:00+00:00,45.07676471
2026-06-17 12:00:00+00:00,45.34058824
2026-06-17 13:00:00+00:00,45.25705882
2026-06-17 14:00:00+00:00,45.14352941
2026-06-17 15:00:00+00:00,45.69411765
2026-06-17 16:00:00+00:00,45.57411765
2026-06-17 17:00:00+00:00,45.77911765
2026-06-17 18:00:00+00:00,45.57441176
2026-06-17 19:00:00+00:00,44.80470588
2026-06-17 20:00:00+00:00,45.04588235
2026-06-17 21:00:00+00:00,44.76558824
2026-06-17 22:00:00+00:00,44.83705882
2026-06-17 23:00:00+00:00,44.91941176
2026-06-18 00:00:00+00:00,44.79088235
2026-06-18 01:00:00+00:00,44.93735294
2026-06-18 02:00:00+00:00,44.88058824
2026-06-18 03:00:00+00:00,44.49117647
2026-06-18 04:00:00+00:00,44.27470588
2026-06-18 05:00:00+00:00,44.32852941
2026-06-18 06:00:00+00:00,44.44176471
2026-06-18 07:00:00+00:00,44.51852941
2026-06-18 08:00:00+00:00,44.46
2026-06-18 09:00:00+00:00,44.29558824
2026-06-18 10:00:00+00:00,44.17441176
2026-06-18 11:00:00+00:00,44.015
2026-06-18 12:00:00+00:00,44.11970588
2026-06-18 13:00:00+00:00,44.03411765
2026-06-18 14:00:00+00:00,44.00205882
2026-06-18 15:00:00+00:00,43.09823529
2026-06-18 16:00:00+00:00,43.36911765
2026-06-18 17:00:00+00:00,43.25823529
2026-06-18 18:00:00+00:00,43.27911765
2026-06-18 19:00:00+00:00,43.52088235
2026-06-18 20:00:00+00:00,43.69323529
2026-06-18 21:00:00+00:00,43.755
2026-06-18 22:00:00+00:00,43.83676471
2026-06-18 23:00:00+00:00,43.85970588
2026-06-19 00:00:00+00:00,43.85470588
2026-06-19 01:00:00+00:00,43.97970588
2026-06-19 02:00:00+00:00,43.83852941
2026-06-19 03:00:00+00:00,43.58911765
2026-06-19 04:00:00+00:00,43.27058824
2026-06-19 05:00:00+00:00,43.51029412
2026-06-19 06:00:00+00:00,43.56676471
2026-06-19 07:00:00+00:00,43.45823529
2026-06-19 08:00:00+00:00,43.49088235
2026-06-19 09:00:00+00:00,43.41176471
2026-06-19 10:00:00+00:00,43.45117647
2026-06-19 11:00:00+00:00,43.48323529
2026-06-19 12:00:00+00:00,43.74852941
2026-06-19 13:00:00+00:00,44.03852941
2026-06-19 14:00:00+00:00,44.10294118
2026-06-19 15:00:00+00:00,44.45
2026-06-19 16:00:00+00:00,44.3
2026-06-19 17:00:00+00:00,44.14176471
2026-06-19 18:00:00+00:00,44.18294118
2026-06-19 19:00:00+00:00,43.93735294
2026-06-19 20:00:00+00:00,44.09735294
2026-06-19 21:00:00+00:00,43.80176471
2026-06-19 22:00:00+00:00,43.83558824
2026-06-19 23:00:00+00:00,44.06764706
2026-06-20 00:00:00+00:00,43.92911765
2026-06-20 01:00:00+00:00,43.96205882
2026-06-20 02:00:00+00:00,43.88970588
2026-06-20 03:00:00+00:00,43.91911765
2026-06-20 04:00:00+00:00,43.99058824
2026-06-20 05:00:00+00:00,44.19882353
2026-06-20 06:00:00+00:00,44.37852941
2026-06-20 07:00:00+00:00,44.13794118
2026-06-20 08:00:00+00:00,44.11941176
2026-06-20 09:00:00+00:00,44.29382353
2026-06-20 10:00:00+00:00,44.29323529
2026-06-20 11:00:00+00:00,44.25911765
2026-06-20 12:00:00+00:00,44.29911765
2026-06-20 13:00:00+00:00,44.095
2026-06-20 14:00:00+00:00,44.17705882
2026-06-20 15:00:00+00:00,44.32147059
2026-06-20 16:00:00+00:00,44.32088235
2026-06-20 17:00:00+00:00,44.02794118
2026-06-20 18:00:00+00:00,44.10941176
2026-06-20 19:00:00+00:00,44.13176471
2026-06-20 20:00:00+00:00,44.17
2026-06-20 21:00:00+00:00,44.36176471
2026-06-20 22:00:00+00:00,44.52441176
2026-06-20 23:00:00+00:00,44.53058824
2026-06-21 00:00:00+00:00,44.57058824
2026-06-21 01:00:00+00:00,44.595
2026-06-21 02:00:00+00:00,44.55529412
2026-06-21 03:00:00+00:00,44.51705882
2026-06-21 04:00:00+00:00,44.50147059
2026-06-21 05:00:00+00:00,44.48617647
2026-06-21 06:00:00+00:00,44.75
2026-06-21 07:00:00+00:00,44.82382353
2026-06-21 08:00:00+00:00,44.82823529
2026-06-21 09:00:00+00:00,44.985
2026-06-21 10:00:00+00:00,45.10029412
2026-06-21 11:00:00+00:00,45.00823529
2026-06-21 12:00:00+00:00,45.12470588
2026-06-21 13:00:00+00:00,45.12058824
2026-06-21 14:00:00+00:00,45.36970588
2026-06-21 15:00:00+00:00,45.93294118
2026-06-21 16:00:00+00:00,45.36058824
2026-06-21 17:00:00+00:00,45.18676471
2026-06-21 18:00:00+00:00,45.12294118
2026-06-21 19:00:00+00:00,45.28323529
2026-06-21 20:00:00+00:00,45.05029412
2026-06-21 21:00:00+00:00,44.92911765
2026-06-21 22:00:00+00:00,44.79941176
2026-06-21 23:00:00+00:00,44.47294118
2026-06-22 00:00:00+00:00,44.91058824
2026-06-22 01:00:00+00:00,45.22882353
2026-06-22 02:00:00+00:00,45.03294118
2026-06-22 03:00:00+00:00,44.92911765
2026-06-22 04:00:00+00:00,44.94411765
2026-06-22 05:00:00+00:00,44.97205882
2026-06-22 06:00:00+00:00,44.85852941
2026-06-22 07:00:00+00:00,44.99911765
2026-06-22 08:00:00+00:00,44.87
2026-06-22 09:00:00+00:00,44.85382353
2026-06-22 10:00:00+00:00,44.78794118
2026-06-22 11:00:00+00:00,45.255
2026-06-22 12:00:00+00:00,45.54205882
2026-06-22 13:00:00+00:00,45.69264706
2026-06-22 14:00:00+00:00,45.205
2026-06-22 15:00:00+00:00,45.14323529
2026-06-22 16:00:00+00:00,45.08323529
2026-06-22 17:00:00+00:00,44.93823529
2026-06-22 18:00:00+00:00,44.72382353
2026-06-22 19:00:00+00:00,44.65176471
2026-06-22 20:00:00+00:00,44.55852941
2026-06-22 21:00:00+00:00,44.67941176
2026-06-22 22:00:00+00:00,44.53735294
2026-06-22 23:00:00+00:00,44.56411765
2026-06-23 00:00:00+00:00,44.57529412
2026-06-23 01:00:00+00:00,44.57794118
2026-06-23 02:00:00+00:00,44.59264706
2026-06-23 03:00:00+00:00,44.59352941
2026-06-23 04:00:00+00:00,44.42676471
2026-06-23 05:00:00+00:00,44.34676471
2026-06-23 06:00:00+00:00,43.95352941
2026-06-23 07:00:00+00:00,43.79852941
2026-06-23 08:00:00+00:00,43.315
2026-06-23 09:00:00+00:00,43.36588235
2026-06-23 10:00:00+00:00,43.38735294
2026-06-23 11:00:00+00:00,43.48029412
2026-06-23 12:00:00+00:00,43.22941176
2026-06-23 13:00:00+00:00,43.365
2026-06-23 14:00:00+00:00,42.60382353
2026-06-23 15:00:00+00:00,41.95264706
2026-06-23 16:00:00+00:00,42.06705882
2026-06-23 17:00:00+00:00,42.08941176
2026-06-23 18:00:00+00:00,41.99941176
2026-06-23 19:00:00+00:00,41.91823529
2026-06-23 20:00:00+00:00,41.88647059
2026-06-23 21:00:00+00:00,41.98823529
2026-06-23 22:00:00+00:00,42.03764706
2026-06-23 23:00:00+00:00,42.17470588
2026-06-24 00:00:00+00:00,42.28411765
2026-06-24 01:00:00+00:00,42.23264706
2026-06-24 02:00:00+00:00,41.98764706
2026-06-24 03:00:00+00:00,41.76588235
2026-06-24 04:00:00+00:00,41.78441176
2026-06-24 05:00:00+00:00,42.06588235
2026-06-24 06:00:00+00:00,42.13970588
2026-06-24 07:00:00+00:00,42.06823529
2026-06-24 08:00:00+00:00,42.18029412
2026-06-24 09:00:00+00:00,42.10382353
2026-06-24 10:00:00+00:00,41.88911765
2026-06-24 11:00:00+00:00,42.22882353
2026-06-24 12:00:00+00:00,42.18411765
2026-06-24 13:00:00+00:00,41.61323529
2026-06-24 14:00:00+00:00,41.69588235
2026-06-24 15:00:00+00:00,40.70911765
2026-06-24 16:00:00+00:00,40.29647059
2026-06-24 17:00:00+00:00,39.46676471
2026-06-24 18:00:00+00:00,39.79470588
2026-06-24 19:00:00+00:00,40.10264706
2026-06-24 20:00:00+00:00,40.77676471
2026-06-24 21:00:00+00:00,40.95970588
2026-06-24 22:00:00+00:00,40.97911765
2026-06-24 23:00:00+00:00,41.18705882
2026-06-25 00:00:00+00:00,41.12588235
2026-06-25 01:00:00+00:00,41.19941176
2026-06-25 02:00:00+00:00,41.24
2026-06-25 03:00:00+00:00,41.28941176
2026-06-25 04:00:00+00:00,41.62088235
2026-06-25 05:00:00+00:00,41.90647059
2026-06-25 06:00:00+00:00,41.79235294
2026-06-25 07:00:00+00:00,41.75676471
2026-06-25 08:00:00+00:00,41.75676471
2026-06-25 09:00:00+00:00,41.86117647
2026-06-25 10:00:00+00:00,41.54647059
2026-06-25 11:00:00+00:00,41.36823529
2026-06-25 12:00:00+00:00,41.45941176
2026-06-25 13:00:00+00:00,39.39735294
2026-06-25 14:00:00+00:00,40.34588235
2026-06-25 15:00:00+00:00,40.44323529
2026-06-25 16:00:00+00:00,40.39205882
2026-06-25 17:00:00+00:00,41.02882353
2026-06-25 18:00:00+00:00,40.68411765
2026-06-25 19:00:00+00:00,40.69323529
2026-06-25 20:00:00+00:00,40.78735294
2026-06-25 21:00:00+00:00,41.22794118
2026-06-25 22:00:00+00:00,41.02352941
2026-06-25 23:00:00+00:00,40.92029412
2026-06-26 00:00:00+00:00,41.02764706
2026-06-26 01:00:00+00:00,40.89264706
2026-06-26 02:00:00+00:00,40.22882353
2026-06-26 03:00:00+00:00,41.21676471
2026-06-26 04:00:00+00:00,41.16294118
2026-06-26 05:00:00+00:00,41.29882353
2026-06-26 06:00:00+00:00,41.73764706
2026-06-26 07:00:00+00:00,41.89647059
2026-06-26 08:00:00+00:00,41.56176471
2026-06-26 09:00:00+00:00,41.30470588
2026-06-26 10:00:00+00:00,41.23823529
2026-06-26 11:00:00+00:00,40.90911765
2026-06-26 12:00:00+00:00,40.52676471
2026-06-26 13:00:00+00:00,41.30382353
2026-06-26 14:00:00+00:00,41.03
2026-06-26 15:00:00+00:00,41.38294118
2026-06-26 16:00:00+00:00,41.62970588
2026-06-26 17:00:00+00:00,41.90029412
2026-06-26 18:00:00+00:00,41.66176471
2026-06-26 19:00:00+00:00,41.78617647
2026-06-26 20:00:00+00:00,41.70911765
2026-06-26 21:00:00+00:00,41.85794118
2026-06-26 22:00:00+00:00,41.96911765
2026-06-26 23:00:00+00:00,41.90705882
2026-06-27 00:00:00+00:00,41.90058824
2026-06-27 01:00:00+00:00,42.07088235
2026-06-27 02:00:00+00:00,42.33794118
2026-06-27 03:00:00+00:00,42.295
2026-06-27 04:00:00+00:00,42.26323529
2026-06-27 05:00:00+00:00,42.33323529
2026-06-27 06:00:00+00:00,42.21058824
2026-06-27 07:00:00+00:00,42.44558824
2026-06-27 08:00:00+00:00,42.72676471
2026-06-27 09:00:00+00:00,42.65264706
2026-06-27 10:00:00+00:00,42.73147059
2026-06-27 11:00:00+00:00,42.50294118
2026-06-27 12:00:00+00:00,42.79794118
2026-06-27 13:00:00+00:00,43.06352941
2026-06-27 14:00:00+00:00,42.89352941
2026-06-27 15:00:00+00:00,43.11558824
2026-06-27 16:00:00+00:00,43.15294118
2026-06-27 17:00:00+00:00,42.83794118
2026-06-27 18:00:00+00:00,42.74264706
2026-06-27 19:00:00+00:00,42.31911765
2026-06-27 20:00:00+00:00,42.41441176
2026-06-27 21:00:00+00:00,42.23617647
2026-06-27 22:00:00+00:00,42.30352941
2026-06-27 23:00:00+00:00,42.17764706
2026-06-28 00:00:00+00:00,42.23323529
2026-06-28 01:00:00+00:00,42.19264706
2026-06-28 02:00:00+00:00,42.07323529
2026-06-28 03:00:00+00:00,42.25264706
2026-06-28 04:00:00+00:00,42.29441176
2026-06-28 05:00:00+00:00,42.30382353
2026-06-28 06:00:00+00:00,42.37911765
2026-06-28 07:00:00+00:00,42.53264706
2026-06-28 08:00:00+00:00,42.97147059
2026-06-28 09:00:00+00:00,42.77852941
2026-06-28 10:00:00+00:00,42.85352941
2026-06-28 11:00:00+00:00,43.32764706
2026-06-28 12:00:00+00:00,43.14088235
2026-06-28 13:00:00+00:00,42.98117647
2026-06-28 14:00:00+00:00,43.05882353
2026-06-28 15:00:00+00:00,42.92294118
2026-06-28 16:00:00+00:00,42.89941176
2026-06-28 17:00:00+00:00,42.82117647
2026-06-28 18:00:00+00:00,42.65264706
2026-06-28 19:00:00+00:00,42.55294118
2026-06-28 20:00:00+00:00,42.64264706
2026-06-28 21:00:00+00:00,42.14058824
2026-06-28 22:00:00+00:00,42.12764706
2026-06-28 23:00:00+00:00,42.51823529
2026-06-29 00:00:00+00:00,42.92382353
2026-06-29 01:00:00+00:00,42.90911765
2026-06-29 02:00:00+00:00,42.95617647
2026-06-29 03:00:00+00:00,43.25558824
2026-06-29 04:00:00+00:00,42.98088235
2026-06-29 05:00:00+00:00,42.93588235
2026-06-29 06:00:00+00:00,42.79852941
2026-06-29 07:00:00+00:00,42.66588235
2026-06-29 08:00:00+00:00,42.35735294
2026-06-29 09:00:00+00:00,42.47235294
2026-06-29 10:00:00+00:00,42.33529412
2026-06-29 11:00:00+00:00,42.31176471
2026-06-29 12:00:00+00:00,42.52117647
2026-06-29 13:00:00+00:00,42.59764706
2026-06-29 14:00:00+00:00,42.49911765
2026-06-29 15:00:00+00:00,42.51558824
2026-06-29 16:00:00+00:00,42.6
2026-06-29 17:00:00+00:00,43.13
2026-06-29 18:00:00+00:00,43.29676471
2026-06-29 19:00:00+00:00,43.40823529
2026-06-29 20:00:00+00:00,43.36235294
2026-06-29 21:00:00+00:00,43.37
2026-06-29 22:00:00+00:00,43.17911765
2026-06-29 23:00:00+00:00,43.19235294
2026-06-30 00:00:00+00:00,42.81235294
2026-06-30 01:00:00+00:00,42.61235294
2026-06-30 02:00:00+00:00,42.65
2026-06-30 03:00:00+00:00,42.50147059
2026-06-30 04:00:00+00:00,42.55676471
2026-06-30 05:00:00+00:00,42.61676471
2026-06-30 06:00:00+00:00,42.78
2026-06-30 07:00:00+00:00,42.60176471
2026-06-30 08:00:00+00:00,42.47588235
2026-06-30 09:00:00+00:00,42.49735294
2026-06-30 10:00:00+00:00,42.35029412
2026-06-30 11:00:00+00:00,42.40941176
2026-06-30 12:00:00+00:00,41.93823529
2026-06-30 13:00:00+00:00,42.19294118
2026-06-30 14:00:00+00:00,41.74235294
2026-06-30 15:00:00+00:00,41.71764706
2026-06-30 16:00:00+00:00,41.85647059
2026-06-30 17:00:00+00:00,41.82647059
2026-06-30 18:00:00+00:00,41.83676471
2026-06-30 19:00:00+00:00,41.85970588
2026-06-30 20:00:00+00:00,41.72588235
2026-06-30 21:00:00+00:00,41.91411765
2026-06-30 22:00:00+00:00,41.83411765
2026-06-30 23:00:00+00:00,41.93588235
2026-07-01 00:00:00+00:00,41.87382353
2026-07-01 01:00:00+00:00,42.14088235
2026-07-01 02:00:00+00:00,42.62147059
2026-07-01 03:00:00+00:00,42.84882353
2026-07-01 04:00:00+00:00,42.85882353
2026-07-01 05:00:00+00:00,42.69
2026-07-01 06:00:00+00:00,42.38852941
2026-07-01 07:00:00+00:00,42.21470588
2026-07-01 08:00:00+00:00,42.29411765
2026-07-01 09:00:00+00:00,42.23
2026-07-01 10:00:00+00:00,41.89176471
2026-07-01 11:00:00+00:00,41.78970588
2026-07-01 12:00:00+00:00,41.27294118
2026-07-01 13:00:00+00:00,41.87
2026-07-01 14:00:00+00:00,42.09029412
2026-07-01 15:00:00+00:00,42.51588235
2026-07-01 16:00:00+00:00,42.37852941
2026-07-01 17:00:00+00:00,42.51852941
2026-07-01 18:00:00+00:00,42.41088235
2026-07-01 19:00:00+00:00,42.47088235
2026-07-01 20:00:00+00:00,42.59823529
2026-07-01 21:00:00+00:00,43.44
2026-07-01 22:00:00+00:00,43.01558824
2026-07-01 23:00:00+00:00,42.70411765
2026-07-02 00:00:00+00:00,42.54705882
2026-07-02 01:00:00+00:00,42.81911765
2026-07-02 02:00:00+00:00,42.81117647
2026-07-02 03:00:00+00:00,43.26911765
2026-07-02 04:00:00+00:00,43.155
2026-07-02 05:00:00+00:00,42.88264706
2026-07-02 06:00:00+00:00,42.65147059
2026-07-02 07:00:00+00:00,42.70147059
2026-07-02 08:00:00+00:00,42.95058824
2026-07-02 09:00:00+00:00,43.25088235
2026-07-02 10:00:00+00:00,43.28852941
2026-07-02 11:00:00+00:00,43.01911765
2026-07-02 12:00:00+00:00,43.23764706
2026-07-02 13:00:00+00:00,43.61823529
2026-07-02 14:00:00+00:00,43.54558824
2026-07-02 15:00:00+00:00,43.39235294
2026-07-02 16:00:00+00:00,43.42882353
2026-07-02 17:00:00+00:00,43.42588235
2026-07-02 18:00:00+00:00,43.69205882
2026-07-02 19:00:00+00:00,43.42205882
2026-07-02 20:00:00+00:00,43.42029412
2026-07-02 21:00:00+00:00,43.42647059
2026-07-02 22:00:00+00:00,43.49205882
2026-07-02 23:00:00+00:00,43.54029412
2026-07-03 00:00:00+00:00,43.54852941
2026-07-03 01:00:00+00:00,43.66352941
2026-07-03 02:00:00+00:00,43.55205882
2026-07-03 03:00:00+00:00,43.22294118
2026-07-03 04:00:00+00:00,43.19647059
2026-07-03 05:00:00+00:00,43.29735294
2026-07-03 06:00:00+00:00,43.29617647
2026-07-03 07:00:00+00:00,43.23705882
2026-07-03 08:00:00+00:00,43.24941176
2026-07-03 09:00:00+00:00,43.37
2026-07-03 10:00:00+00:00,43.57352941
2026-07-03 11:00:00+00:00,43.63588235
2026-07-03 12:00:00+00:00,43.55176471
2026-07-03 13:00:00+00:00,43.71058824
2026-07-03 14:00:00+00:00,43.59676471
2026-07-03 15:00:00+00:00,43.60470588
2026-07-03 16:00:00+00:00,43.77088235
2026-07-03 17:00:00+00:00,44.06882353
2026-07-03 18:00:00+00:00,44.14205882
2026-07-03 19:00:00+00:00,44.29352941
2026-07-03 20:00:00+00:00,45.21382353
2026-07-03 21:00:00+00:00,45.28352941
2026-07-03 22:00:00+00:00,44.91970588
2026-07-03 23:00:00+00:00,44.84029412
2026-07-04 00:00:00+00:00,44.66852941
2026-07-04 01:00:00+00:00,44.245
2026-07-04 02:00:00+00:00,44.31294118
2026-07-04 03:00:00+00:00,44.35911765
2026-07-04 04:00:00+00:00,44.53
2026-07-04 05:00:00+00:00,44.48823529
2026-07-04 06:00:00+00:00,44.21529412
2026-07-04 07:00:00+00:00,44.25205882
2026-07-04 08:00:00+00:00,44.49529412
2026-07-04 09:00:00+00:00,44.29029412
2026-07-04 10:00:00+00:00,44.35617647
2026-07-04 11:00:00+00:00,44.38352941
2026-07-04 12:00:00+00:00,44.53352941
2026-07-04 13:00:00+00:00,44.34852941
2026-07-04 14:00:00+00:00,44.80088235
2026-07-04 15:00:00+00:00,45.18058824
2026-07-04 16:00:00+00:00,45.36323529
2026-07-04 17:00:00+00:00,45.59205882
2026-07-04 18:00:00+00:00,45.36647059
2026-07-04 19:00:00+00:00,45.17294118
2026-07-04 20:00:00+00:00,45.04117647
2026-07-04 21:00:00+00:00,45.15088235
2026-07-04 22:00:00+00:00,45.06882353
2026-07-04 23:00:00+00:00,44.85
2026-07-05 00:00:00+00:00,44.40735294
2026-07-05 01:00:00+00:00,44.39558824
2026-07-05 02:00:00+00:00,44.26558824
2026-07-05 03:00:00+00:00,44.29794118
2026-07-05 04:00:00+00:00,44.26676471
2026-07-05 05:00:00+00:00,44.19617647
2026-07-05 06:00:00+00:00,44.28029412
2026-07-05 07:00:00+00:00,44.42852941
2026-07-05 08:00:00+00:00,44.47470588
2026-07-05 09:00:00+00:00,44.19941176
2026-07-05 10:00:00+00:00,44.67117647
2026-07-05 11:00:00+00:00,44.77147059
2026-07-05 12:00:00+00:00,44.75823529
2026-07-05 13:00:00+00:00,44.91117647
2026-07-05 14:00:00+00:00,45.18235294
2026-07-05 15:00:00+00:00,45.43323529
2026-07-05 16:00:00+00:00,45.09294118
2026-07-05 17:00:00+00:00,45.47588235
2026-07-05 18:00:00+00:00,45.80823529
2026-07-05 19:00:00+00:00,45.67352941
2026-07-05 20:00:00+00:00,45.53147059
2026-07-05 21:00:00+00:00,45.63382353
2026-07-05 22:00:00+00:00,45.92176471
2026-07-05 23:00:00+00:00,45.80882353
2026-07-06 00:00:00+00:00,45.97323529
2026-07-06 01:00:00+00:00,45.47235294
2026-07-06 02:00:00+00:00,45.33735294
2026-07-06 03:00:00+00:00,45.25029412
2026-07-06 04:00:00+00:00,45.17441176
2026-07-06 05:00:00+00:00,44.96911765
2026-07-06 06:00:00+00:00,44.98558824
2026-07-06 07:00:00+00:00,44.89529412
2026-07-06 08:00:00+00:00,44.79382353
2026-07-06 09:00:00+00:00,44.54029412
2026-07-06 10:00:00+00:00,44.75029412
2026-07-06 11:00:00+00:00,44.45352941
2026-07-06 12:00:00+00:00,44.13029412
2026-07-06 13:00:00+00:00,44.27294118
2026-07-06 14:00:00+00:00,44.31
2026-07-06 15:00:00+00:00,44.995
2026-07-06 16:00:00+00:00,45.17058824
2026-07-06 17:00:00+00:00,45.11029412
2026-07-06 18:00:00+00:00,45.18470588
2026-07-06 19:00:00+00:00,45.18411765
2026-07-06 20:00:00+00:00,45.00911765
2026-07-06 21:00:00+00:00,45.48911765
2026-07-06 22:00:00+00:00,45.19147059
2026-07-06 23:00:00+00:00,44.82852941
2026-07-07 00:00:00+00:00,44.96735294
2026-07-07 01:00:00+00:00,44.70911765
2026-07-07 02:00:00+00:00,44.34176471
2026-07-07 03:00:00+00:00,44.12823529
2026-07-07 04:00:00+00:00,44.02088235
2026-07-07 05:00:00+00:00,44.08852941
2026-07-07 06:00:00+00:00,44.19382353
2026-07-07 07:00:00+00:00,44.03735294
2026-07-07 08:00:00+00:00,44.03529412
2026-07-07 09:00:00+00:00,44.07823529
2026-07-07 10:00:00+00:00,43.92235294
2026-07-07 11:00:00+00:00,44.16029412
2026-07-07 12:00:00+00:00,44.02235294
2026-07-07 13:00:00+00:00,43.88647059
2026-07-07 14:00:00+00:00,44.30470588
2026-07-07 15:00:00+00:00,44.70705882
2026-07-07 16:00:00+00:00,44.73470588
2026-07-07 17:00:00+00:00,44.55970588
2026-07-07 18:00:00+00:00,44.06617647
2026-07-07 19:00:00+00:00,44.01117647
2026-07-07 20:00:00+00:00,44.04558824
2026-07-07 21:00:00+00:00,43.85911765
2026-07-07 22:00:00+00:00,43.96735294
2026-07-07 23:00:00+00:00,43.90352941
2026-07-08 00:00:00+00:00,43.88794118
2026-07-08 01:00:00+00:00,43.79529412
2026-07-08 02:00:00+00:00,43.64911765
2026-07-08 03:00:00+00:00,43.46382353
2026-07-08 04:00:00+00:00,43.62764706
2026-07-08 05:00:00+00:00,43.67647059
2026-07-08 06:00:00+00:00,43.57588235
2026-07-08 07:00:00+00:00,43.86323529
2026-07-08 08:00:00+00:00,43.44294118
2026-07-08 09:00:00+00:00,43.35970588
2026-07-08 10:00:00+00:00,43.41588235
2026-07-08 11:00:00+00:00,43.67911765
2026-07-08 12:00:00+00:00,43.64588235
2026-07-08 13:00:00+00:00,43.57647059
2026-07-08 14:00:00+00:00,43.66558824
2026-07-08 15:00:00+00:00,43.35382353
2026-07-08 16:00:00+00:00,43.60029412
2026-07-08 17:00:00+00:00,43.46705882
2026-07-08 18:00:00+00:00,43.57382353
2026-07-08 19:00:00+00:00,43.43205882
2026-07-08 20:00:00+00:00,43.365
2026-07-08 21:00:00+00:00,43.48647059
2026-07-08 22:00:00+00:00,43.53235294
2026-07-08 23:00:00+00:00,43.66323529
2026-07-09 00:00:00+00:00,43.67411765
2026-07-09 01:00:00+00:00,43.65088235
2026-07-09 02:00:00+00:00,43.46058824
2026-07-09 03:00:00+00:00,43.71323529
2026-07-09 04:00:00+00:00,43.99911765
2026-07-09 05:00:00+00:00,44.18176471
2026-07-09 06:00:00+00:00,44.24058824
2026-07-09 07:00:00+00:00,44.04676471
2026-07-09 08:00:00+00:00,43.95588235
2026-07-09 09:00:00+00:00,43.96147059
2026-07-09 10:00:00+00:00,43.78294118
2026-07-09 11:00:00+00:00,43.87323529
2026-07-09 12:00:00+00:00,43.94647059
2026-07-09 13:00:00+00:00,44.19235294
2026-07-09 14:00:00+00:00,43.83205882
2026-07-09 15:00:00+00:00,43.98705882
2026-07-09 16:00:00+00:00,43.89882353
2026-07-09 17:00:00+00:00,44.00911765
2026-07-09 18:00:00+00:00,44.10176471
2026-07-09 19:00:00+00:00,43.975
2026-07-09 20:00:00+00:00,43.93294118
2026-07-09 21:00:00+00:00,43.91852941
2026-07-09 22:00:00+00:00,43.94823529
2026-07-09 23:00:00+00:00,43.79911765
2026-07-10 00:00:00+00:00,43.69558824
2026-07-10 01:00:00+00:00,44.18588235
2026-07-10 02:00:00+00:00,44.39
2026-07-10 03:00:00+00:00,44.36852941
2026-07-10 04:00:00+00:00,44.39941176
2026-07-10 05:00:00+00:00,44.40235294
2026-07-10 06:00:00+00:00,44.33823529
2026-07-10 07:00:00+00:00,44.30411765
2026-07-10 08:00:00+00:00,44.50235294
2026-07-10 09:00:00+00:00,44.55852941
2026-07-10 10:00:00+00:00,44.59970588
2026-07-10 11:00:00+00:00,44.59235294
2026-07-10 12:00:00+00:00,44.54852941
2026-07-10 13:00:00+00:00,44.67411765
2026-07-10 14:00:00+00:00,44.41
2026-07-10 15:00:00+00:00,44.73441176
2026-07-10 16:00:00+00:00,44.72911765
2026-07-10 17:00:00+00:00,44.54735294
2026-07-10 18:00:00+00:00,44.48235294
2026-07-10 19:00:00+00:00,44.63
2026-07-10 20:00:00+00:00,44.55764706
2026-07-10 21:00:00+00:00,44.66176471
2026-07-10 22:00:00+00:00,44.75852941
2026-07-10 23:00:00+00:00,44.77794118
2026-07-11 00:00:00+00:00,44.77147059
2026-07-11 01:00:00+00:00,44.73
2026-07-11 02:00:00+00:00,44.73
2026-07-11 03:00:00+00:00,44.75588235
2026-07-11 04:00:00+00:00,44.78117647
2026-07-11 05:00:00+00:00,44.95558824
2026-07-11 06:00:00+00:00,44.96029412
2026-07-11 07:00:00+00:00,45.01411765
2026-07-11 08:00:00+00:00,45.07617647
2026-07-11 09:00:00+00:00,44.99147059
2026-07-11 10:00:00+00:00,45.04588235
2026-07-11 11:00:00+00:00,45.12411765
2026-07-11 12:00:00+00:00,45.14970588
2026-07-11 13:00:00+00:00,44.95676471
2026-07-11 14:00:00+00:00,45.17176471
2026-07-11 15:00:00+00:00,45.15088235
2026-07-11 16:00:00+00:00,45.08294118
2026-07-11 17:00:00+00:00,45.12176471
2026-07-11 18:00:00+00:00,45.26
2026-07-11 19:00:00+00:00,45.40647059
2026-07-11 20:00:00+00:00,45.42705882
2026-07-11 21:00:00+00:00,45.37323529
2026-07-11 22:00:00+00:00,45.16764706
2026-07-11 23:00:00+00:00,44.64852941
2026-07-12 00:00:00+00:00,44.49617647
2026-07-12 01:00:00+00:00,44.76029412
2026-07-12 02:00:00+00:00,44.66441176
2026-07-12 03:00:00+00:00,44.77882353
2026-07-12 04:00:00+00:00,44.61088235
2026-07-12 05:00:00+00:00,44.63882353
2026-07-12 06:00:00+00:00,44.48823529
2026-07-12 07:00:00+00:00,44.52029412
2026-07-12 08:00:00+00:00,44.60882353
2026-07-12 09:00:00+00:00,44.56852941
2026-07-12 10:00:00+00:00,44.51470588
2026-07-12 11:00:00+00:00,44.69852941
2026-07-12 12:00:00+00:00,44.76588235
2026-07-12 13:00:00+00:00,44.61852941
2026-07-12 14:00:00+00:00,44.82529412
2026-07-12 15:00:00+00:00,44.79970588
2026-07-12 16:00:00+00:00,44.80823529
2026-07-12 17:00:00+00:00,44.54029412
2026-07-12 18:00:00+00:00,44.61352941
2026-07-12 19:00:00+00:00,44.65794118
2026-07-12 20:00:00+00:00,44.60029412
2026-07-12 21:00:00+00:00,44.37676471
2026-07-12 22:00:00+00:00,44.19088235
2026-07-12 23:00:00+00:00,44.01147059
2026-07-13 00:00:00+00:00,44.21764706
2026-07-13 01:00:00+00:00,43.91352941
2026-07-13 02:00:00+00:00,43.86823529
2026-07-13 03:00:00+00:00,43.53352941
2026-07-13 04:00:00+00:00,43.48794118
2026-07-13 05:00:00+00:00,43.79852941
2026-07-13 06:00:00+00:00,43.81852941
2026-07-13 07:00:00+00:00,43.91088235
2026-07-13 08:00:00+00:00,43.92411765
2026-07-13 09:00:00+00:00,43.87088235
2026-07-13 10:00:00+00:00,43.71823529
2026-07-13 11:00:00+00:00,43.38676471
2026-07-13 12:00:00+00:00,43.39323529
2026-07-13 13:00:00+00:00,43.23823529
2026-07-13 14:00:00+00:00,43.58029412
2026-07-13 15:00:00+00:00,43.48882353
2026-07-13 16:00:00+00:00,43.32323529
2026-07-13 17:00:00+00:00,43.01382353
2026-07-13 18:00:00+00:00,43.11852941
2026-07-13 19:00:00+00:00,43.32588235
2026-07-13 20:00:00+00:00,43.27411765
2026-07-13 21:00:00+00:00,43.20676471
2026-07-13 22:00:00+00:00,43.31647059
2026-07-13 23:00:00+00:00,43.565
2026-07-14 00:00:00+00:00,43.80176471
2026-07-14 01:00:00+00:00,43.665
2026-07-14 02:00:00+00:00,43.58029412
2026-07-14 03:00:00+00:00,43.70411765
2026-07-14 04:00:00+00:00,43.70411765
2026-07-14 05:00:00+00:00,43.83852941
2026-07-14 06:00:00+00:00,43.74352941
2026-07-14 07:00:00+00:00,43.59441176
2026-07-14 08:00:00+00:00,43.65676471
2026-07-14 09:00:00+00:00,43.74470588
2026-07-14 10:00:00+00:00,43.745
2026-07-14 11:00:00+00:00,43.69823529
2026-07-14 12:00:00+00:00,44.54235294
2026-07-14 13:00:00+00:00,44.68794118
2026-07-14 14:00:00+00:00,44.695
2026-07-14 15:00:00+00:00,44.78117647
2026-07-14 16:00:00+00:00,44.61911765
2026-07-14 17:00:00+00:00,44.66058824
2026-07-14 18:00:00+00:00,44.75058824
2026-07-14 19:00:00+00:00,44.95617647
2026-07-14 20:00:00+00:00,45.00735294
2026-07-14 21:00:00+00:00,45.10382353
2026-07-14 22:00:00+00:00,45.16441176
2026-07-14 23:00:00+00:00,45.40147059
2026-07-15 00:00:00+00:00,45.29764706
2026-07-15 01:00:00+00:00,44.99588235
2026-07-15 02:00:00+00:00,44.83323529
2026-07-15 03:00:00+00:00,44.93411765
2026-07-15 04:00:00+00:00,44.77352941
2026-07-15 05:00:00+00:00,44.92794118
2026-07-15 06:00:00+00:00,45.01058824
2026-07-15 07:00:00+00:00,45.15823529
2026-07-15 08:00:00+00:00,45.32
2026-07-15 09:00:00+00:00,45.81882353
2026-07-15 10:00:00+00:00,45.50558824
2026-07-15 11:00:00+00:00,45.41235294
2026-07-15 12:00:00+00:00,45.66911765
2026-07-15 13:00:00+00:00,45.46617647
2026-07-15 14:00:00+00:00,45.59029412
2026-07-15 15:00:00+00:00,45.72676471
2026-07-15 16:00:00+00:00,45.16
2026-07-15 17:00:00+00:00,45.25411765
2026-07-15 18:00:00+00:00,45.03352941
2026-07-15 19:00:00+00:00,44.93235294
2026-07-15 20:00:00+00:00,45.10058824
2026-07-15 21:00:00+00:00,45.00294118
2026-07-15 22:00:00+00:00,45.12264706
2026-07-15 23:00:00+00:00,45.17264706
2026-07-16 00:00:00+00:00,45.07117647
2026-07-16 01:00:00+00:00,45.22764706
2026-07-16 02:00:00+00:00,45.32
2026-07-16 03:00:00+00:00,45.19264706
2026-07-16 04:00:00+00:00,45.23264706
2026-07-16 05:00:00+00:00,45.28911765
2026-07-16 06:00:00+00:00,45.17852941
2026-07-16 07:00:00+00:00,44.88
2026-07-16 08:00:00+00:00,44.74147059
2026-07-16 09:00:00+00:00,44.67264706
2026-07-16 10:00:00+00:00,44.67352941
2026-07-16 11:00:00+00:00,44.57088235
2026-07-16 12:00:00+00:00,44.50117647
2026-07-16 13:00:00+00:00,44.74470588
2026-07-16 14:00:00+00:00,44.96323529
2026-07-16 15:00:00+00:00,45.22
2026-07-16 16:00:00+00:00,45.26441176
2026-07-16 17:00:00+00:00,45.09823529
2026-07-16 18:00:00+00:00,45.25794118
2026-07-16 19:00:00+00:00,45.24794118
2026-07-16 20:00:00+00:00,45.08264706
2026-07-16 21:00:00+00:00,45.27941176
2026-07-16 22:00:00+00:00,45.04823529
2026-07-16 23:00:00+00:00,44.95294118
2026-07-17 00:00:00+00:00,45.29647059
2026-07-17 01:00:00+00:00,44.98029412
2026-07-17 02:00:00+00:00,44.99647059
2026-07-17 03:00:00+00:00,45.56294118
2026-07-17 04:00:00+00:00,45.52882353
2026-07-17 05:00:00+00:00,45.13970588
2026-07-17 06:00:00+00:00,44.87823529
2026-07-17 07:00:00+00:00,44.75705882
2026-07-17 08:00:00+00:00,44.33294118
2026-07-17 09:00:00+00:00,44.62352941
2026-07-17 10:00:00+00:00,44.55911765
2026-07-17 11:00:00+00:00,44.39970588
2026-07-17 12:00:00+00:00,44.36911765
2026-07-17 13:00:00+00:00,44.57176471
2026-07-17 14:00:00+00:00,44.53323529
2026-07-17 15:00:00+00:00,44.74676471
2026-07-17 16:00:00+00:00,44.88088235
2026-07-17 17:00:00+00:00,44.935
2026-07-17 18:00:00+00:00,45.01264706
2026-07-17 19:00:00+00:00,45.12
2026-07-17 20:00:00+00:00,45.06735294
2026-07-17 21:00:00+00:00,45.02882353
2026-07-17 22:00:00+00:00,45.07764706
2026-07-17 23:00:00+00:00,45.16588235
2026-07-18 00:00:00+00:00,45.12029412
2026-07-18 01:00:00+00:00,45.37823529
2026-07-18 02:00:00+00:00,45.57264706
2026-07-18 03:00:00+00:00,45.57176471
2026-07-18 04:00:00+00:00,45.50735294
2026-07-18 05:00:00+00:00,45.42147059
2026-07-18 06:00:00+00:00,45.45
2026-07-18 07:00:00+00:00,45.50411765
2026-07-18 08:00:00+00:00,45.44
2026-07-18 09:00:00+00:00,45.43735294
2026-07-18 10:00:00+00:00,45.39588235
2026-07-18 11:00:00+00:00,45.53558824
2026-07-18 12:00:00+00:00,45.70205882
2026-07-18 13:00:00+00:00,45.78882353
2026-07-18 14:00:00+00:00,46.33382353
2026-07-18 15:00:00+00:00,46.26
2026-07-18 16:00:00+00:00,47.18529412
2026-07-18 17:00:00+00:00,47.46676471
2026-07-18 18:00:00+00:00,47.13323529
2026-07-18 19:00:00+00:00,46.87029412
2026-07-18 20:00:00+00:00,47.02176471
2026-07-18 21:00:00+00:00,46.81264706
2026-07-18 22:00:00+00:00,47.02147059
2026-07-18 23:00:00+00:00,47.00911765
2026-07-19 00:00:00+00:00,46.97147059
2026-07-19 01:00:00+00:00,46.80882353
2026-07-19 02:00:00+00:00,47.22676471
2026-07-19 03:00:00+00:00,46.90529412
2026-07-19 04:00:00+00:00,46.88411765
2026-07-19 05:00:00+00:00,46.79
2026-07-19 06:00:00+00:00,46.86058824
2026-07-19 07:00:00+00:00,47.06558824
2026-07-19 08:00:00+00:00,46.89588235
2026-07-19 09:00:00+00:00,46.82676471
2026-07-19 10:00:00+00:00,47.06117647
2026-07-19 11:00:00+00:00,46.975
2026-07-19 12:00:00+00:00,47.10323529
2026-07-19 13:00:00+00:00,47.35823529
2026-07-19 14:00:00+00:00,47.31676471
2026-07-19 15:00:00+00:00,47.19588235
2026-07-19 16:00:00+00:00,47.17588235
2026-07-19 17:00:00+00:00,47.49617647
2026-07-19 18:00:00+00:00,47.47411765
2026-07-19 19:00:00+00:00,47.66647059
2026-07-19 20:00:00+00:00,47.56676471
2026-07-19 21:00:00+00:00,47.65352941
2026-07-19 22:00:00+00:00,47.42470588
2026-07-19 23:00:00+00:00,47.07
2026-07-20 00:00:00+00:00,47.41852941
2026-07-20 01:00:00+00:00,47.12382353
2026-07-20 02:00:00+00:00,47.22264706
2026-07-20 03:00:00+00:00,47.17647059
2026-07-20 04:00:00+00:00,47.015
2026-07-20 05:00:00+00:00,47.00794118
2026-07-20 06:00:00+00:00,46.795
2026-07-20 07:00:00+00:00,46.99647059
2026-07-20 08:00:00+00:00,46.49235294
2026-07-20 09:00:00+00:00,46.73911765
2026-07-20 10:00:00+00:00,47.05764706
2026-07-20 11:00:00+00:00,47.44676471
2026-07-20 12:00:00+00:00,46.925
2026-07-20 13:00:00+00:00,46.68411765
2026-07-20 14:00:00+00:00,46.68647059
2026-07-20 15:00:00+00:00,47.48647059
2026-07-20 16:00:00+00:00,47.37411765
2026-07-20 17:00:00+00:00,47.32558824
2026-07-20 18:00:00+00:00,47.035
2026-07-20 19:00:00+00:00,47.06911765
2026-07-20 20:00:00+00:00,47.42470588
2026-07-20 21:00:00+00:00,47.53235294
2026-07-20 22:00:00+00:00,47.305
2026-07-20 23:00:00+00:00,47.36735294
2026-07-21 00:00:00+00:00,47.39588235
2026-07-21 01:00:00+00:00,47.26558824
2026-07-21 02:00:00+00:00,47.32235294
2026-07-21 03:00:00+00:00,47.31264706
2026-07-21 04:00:00+00:00,47.29323529
2026-07-21 05:00:00+00:00,47.44794118
2026-07-21 06:00:00+00:00,47.57176471
2026-07-21 07:00:00+00:00,47.55882353
2026-07-21 08:00:00+00:00,47.60323529
2026-07-21 09:00:00+00:00,47.67176471
2026-07-21 10:00:00+00:00,47.31411765
2026-07-21 11:00:00+00:00,47.38588235
2026-07-21 12:00:00+00:00,47.505
2026-07-21 13:00:00+00:00,47.90117647
2026-07-21 14:00:00+00:00,47.81852941
2026-07-21 15:00:00+00:00,47.88382353
2026-07-21 16:00:00+00:00,47.67147059
2026-07-21 17:00:00+00:00,47.28647059
2026-07-21 18:00:00+00:00,47.41882353
2026-07-21 19:00:00+00:00,47.17264706
2026-07-21 20:00:00+00:00,46.91147059
2026-07-21 21:00:00+00:00,46.94823529
2026-07-21 22:00:00+00:00,46.88029412
2026-07-21 23:00:00+00:00,46.86676471
2026-07-22 00:00:00+00:00,46.86647059
2026-07-22 01:00:00+00:00,46.835
2026-07-22 02:00:00+00:00,46.62558824
2026-07-22 03:00:00+00:00,46.60235294
2026-07-22 04:00:00+00:00,46.66794118
2026-07-22 05:00:00+00:00,46.41941176
2026-07-22 06:00:00+00:00,46.45911765
2026-07-22 07:00:00+00:00,46.42852941
2026-07-22 08:00:00+00:00,46.44588235
2026-07-22 09:00:00+00:00,46.52029412
2026-07-22 10:00:00+00:00,46.57264706
2026-07-22 11:00:00+00:00,46.55617647
2026-07-22 12:00:00+00:00,46.73323529
2026-07-22 13:00:00+00:00,46.86382353
2026-07-22 14:00:00+00:00,46.77794118
2026-07-22 15:00:00+00:00,46.83941176
2026-07-22 16:00:00+00:00,46.99735294
2026-07-22 17:00:00+00:00,47.06147059
2026-07-22 18:00:00+00:00,47.15441176
2026-07-22 19:00:00+00:00,47.16823529
2026-07-22 20:00:00+00:00,47.29117647
2026-07-22 21:00:00+00:00,47.53147059
2026-07-22 22:00:00+00:00,47.13117647
2026-07-22 23:00:00+00:00,47.13970588
2026-07-23 00:00:00+00:00,47.28029412
2026-07-23 01:00:00+00:00,47.21029412
2026-07-23 02:00:00+00:00,47.29441176
2026-07-23 03:00:00+00:00,47.29176471
2026-07-23 04:00:00+00:00,47.18029412
2026-07-23 05:00:00+00:00,47.06823529
2026-07-23 06:00:00+00:00,47.24647059
2026-07-23 07:00:00+00:00,46.93735294
2026-07-23 08:00:00+00:00,47.19088235
2026-07-23 09:00:00+00:00,46.97176471
2026-07-23 10:00:00+00:00,46.79176471
2026-07-23 11:00:00+00:00,46.94411765
2026-07-23 12:00:00+00:00,46.97147059
2026-07-23 13:00:00+00:00,46.73470588
2026-07-23 14:00:00+00:00,46.59411765
2026-07-23 15:00:00+00:00,46.39588235
2026-07-23 16:00:00+00:00,46.54441176
2026-07-23 17:00:00+00:00,46.45911765
2026-07-23 18:00:00+00:00,46.81176471
2026-07-23 19:00:00+00:00,46.94735294
2026-07-23 20:00:00+00:00,47.39558824
2026-07-23 21:00:00+00:00,47.16352941
2026-07-23 22:00:00+00:00,47.21676471
2026-07-23 23:00:00+00:00,46.96294118
2026-07-24 00:00:00+00:00,47.11823529
2026-07-24 01:00:00+00:00,46.97617647
2026-07-24 02:00:00+00:00,46.66970588
2026-07-24 03:00:00+00:00,46.78058824
2026-07-24 04:00:00+00:00,46.70088235
2026-07-24 05:00:00+00:00,46.70411765
2026-07-24 06:00:00+00:00,47.01088235
2026-07-24 07:00:00+00:00,46.985
2026-07-24 08:00:00+00:00,46.85147059
2026-07-24 09:00:00+00:00,46.73411765
2026-07-24 10:00:00+00:00,46.22176471
2026-07-24 11:00:00+00:00,46.34735294
2026-07-24 12:00:00+00:00,46.26852941
2026-07-24 13:00:00+00:00,46.21323529
2026-07-24 14:00:00+00:00,46.28352941
2026-07-24 15:00:00+00:00,46.37911765
2026-07-24 16:00:00+00:00,46.28176471
2026-07-24 17:00:00+00:00,46.32941176
2026-07-24 18:00:00+00:00,46.20088235
2026-07-24 19:00:00+00:00,46.21441176
2026-07-24 20:00:00+00:00,46.22323529
2026-07-24 21:00:00+00:00,46.12970588
2026-07-24 22:00:00+00:00,46.26382353
2026-07-24 23:00:00+00:00,46.36823529
2026-07-25 00:00:00+00:00,46.30235294
2026-07-25 01:00:00+00:00,46.31088235
2026-07-25 02:00:00+00:00,46.42117647
2026-07-25 03:00:00+00:00,46.28352941
2026-07-25 04:00:00+00:00,46.34735294
2026-07-25 05:00:00+00:00,46.21647059
2026-07-25 06:00:00+00:00,46.12294118
2026-07-25 07:00:00+00:00,46.075
2026-07-25 08:00:00+00:00,45.87235294
2026-07-25 09:00:00+00:00,45.94147059
2026-07-25 10:00:00+00:00,45.92176471
2026-07-25 11:00:00+00:00,45.92588235
2026-07-25 12:00:00+00:00,46.02088235
2026-07-25 13:00:00+00:00,46.03676471
2026-07-25 14:00:00+00:00,45.96294118
2026-07-25 15:00:00+00:00,46.08588235
2026-07-25 16:00:00+00:00,46.17323529
2026-07-25 17:00:00+00:00,46.24617647
2026-07-25 18:00:00+00:00,46.29558824
2026-07-25 19:00:00+00:00,46.48117647
2026-07-25 20:00:00+00:00,46.51735294
2026-07-25 21:00:00+00:00,46.55205882
2026-07-25 22:00:00+00:00,46.55382353
2026-07-25 23:00:00+00:00,46.55647059
2026-07-26 00:00:00+00:00,46.56882353
2026-07-26 01:00:00+00:00,46.67323529
2026-07-26 02:00:00+00:00,46.74294118
2026-07-26 03:00:00+00:00,46.76823529
2026-07-26 04:00:00+00:00,46.77852941
2026-07-26 05:00:00+00:00,46.77852941
2026-07-26 06:00:00+00:00,46.89764706
2026-07-26 07:00:00+00:00,46.96911765
2026-07-26 08:00:00+00:00,47.11058824
2026-07-26 09:00:00+00:00,47.19617647
2026-07-26 10:00:00+00:00,47.21617647
2026-07-26 11:00:00+00:00,47.18617647
2026-07-26 12:00:00+00:00,47.345
2026-07-26 13:00:00+00:00,47.07235294
2026-07-26 14:00:00+00:00,47.06647059
2026-07-26 15:00:00+00:00,47.76088235
2026-07-26 16:00:00+00:00,47.99676471
2026-07-26 17:00:00+00:00,47.78970588
2026-07-26 18:00:00+00:00,47.94558824
2026-07-26 19:00:00+00:00,47.87
2026-07-26 20:00:00+00:00,47.70676471
2026-07-26 21:00:00+00:00,47.65029412
2026-07-26 22:00:00+00:00,48.02676471
2026-07-26 23:00:00+00:00,47.84
2026-07-27 00:00:00+00:00,47.45764706
2026-07-27 01:00:00+00:00,47.40558824
2026-07-27 02:00:00+00:00,47.35117647
2026-07-27 03:00:00+00:00,47.40735294
2026-07-27 04:00:00+00:00,47.45970588
2026-07-27 05:00:00+00:00,47.37970588
2026-07-27 06:00:00+00:00,47.38823529
2026-07-27 07:00:00+00:00,47.32294118
2026-07-27 08:00:00+00:00,47.04823529
2026-07-27 09:00:00+00:00,46.97735294
2026-07-27 10:00:00+00:00,47.05205882
2026-07-27 11:00:00+00:00,47.03794118
2026-07-27 12:00:00+00:00,47.00676471
2026-07-27 13:00:00+00:00,47.20705882
2026-07-27 14:00:00+00:00,46.44911765
2026-07-27 15:00:00+00:00,46.37205882
2026-07-27 16:00:00+00:00,46.53705882
2026-07-27 17:00:00+00:00,46.50058824
2026-07-27 18:00:00+00:00,46.4
2026-07-27 19:00:00+00:00,46.57176471
2026-07-27 20:00:00+00:00,46.77352941
2026-07-27 21:00:00+00:00,46.60352941
2026-07-27 22:00:00+00:00,46.11882353
2026-07-27 23:00:00+00:00,46.05441176
2026-07-28 00:00:00+00:00,46.02647059
2026-07-28 01:00:00+00:00,46.16852941
2026-07-28 02:00:00+00:00,46.29088235
2026-07-28 03:00:00+00:00,46.29735294
2026-07-28 04:00:00+00:00,46.31970588
2026-07-28 05:00:00+00:00,46.23794118
2026-07-28 06:00:00+00:00,46.43647059
2026-07-28 07:00:00+00:00,46.44852941
2026-07-28 08:00:00+00:00,46.25323529
2026-07-28 09:00:00+00:00,46.48735294
2026-07-28 10:00:00+00:00,46.53235294
2026-07-28 11:00:00+00:00,46.59264706
2026-07-28 12:00:00+00:00,46.67235294
2026-07-28 13:00:00+00:00,46.14911765
2026-07-28 14:00:00+00:00,46.19676471
2026-07-28 15:00:00+00:00,46.58
2026-07-28 16:00:00+00:00,46.55941176
2026-07-28 17:00:00+00:00,46.32058824
2026-07-28 18:00:00+00:00,46.29235294
2026-07-28 19:00:00+00:00,46.49147059
2026-07-28 20:00:00+00:00,46.48323529
2026-07-28 21:00:00+00:00,46.40323529
2026-07-28 22:00:00+00:00,46.00411765
2026-07-28 23:00:00+00:00,46.20764706
2026-07-29 00:00:00+00:00,46.32029412
2026-07-29 01:00:00+00:00,46.02647059
2026-07-29 02:00:00+00:00,46.22970588
2026-07-29 03:00:00+00:00,45.32058824
2026-07-29 04:00:00+00:00,45.16029412
2026-07-29 05:00:00+00:00,45.30382353
2026-07-29 06:00:00+00:00,45.28058824
2026-07-29 07:00:00+00:00,45.25588235
2026-07-29 08:00:00+00:00,45.14911765
2026-07-29 09:00:00+00:00,45.43970588
2026-07-29 10:00:00+00:00,45.21676471
2026-07-29 11:00:00+00:00,45.34617647
2026-07-29 12:00:00+00:00,45.315
2026-07-29 13:00:00+00:00,45.40235294
2026-07-29 14:00:00+00:00,44.96764706
2026-07-29 15:00:00+00:00,44.99264706
2026-07-29 16:00:00+00:00,45.21941176
2026-07-29 17:00:00+00:00,45.48852941
2026-07-29 18:00:00+00:00,45.58970588
2026-07-29 19:00:00+00:00,44.96529412
2026-07-29 20:00:00+00:00,44.48235294
2026-07-29 21:00:00+00:00,44.83
2026-07-29 22:00:00+00:00,45.22176471
2026-07-29 23:00:00+00:00,45.44588235
2026-07-30 00:00:00+00:00,45.09205882
2026-07-30 01:00:00+00:00,45.40852941
2026-07-30 02:00:00+00:00,45.30411765
2026-07-30 03:00:00+00:00,45.43352941
2026-07-30 04:00:00+00:00,45.365
2026-07-30 05:00:00+00:00,45.475
2026-07-30 06:00:00+00:00,45.50441176
2026-07-30 07:00:00+00:00,45.34823529
2026-07-30 08:00:00+00:00,45.37147059
2026-07-30 09:00:00+00:00,45.155
2026-07-30 10:00:00+00:00,45.20382353
2026-07-30 11:00:00+00:00,45.47735294
2026-07-30 12:00:00+00:00,45.26764706
2026-07-30 13:00:00+00:00,45.45676471
2026-07-30 14:00:00+00:00,45.25147059
2026-07-30 15:00:00+00:00,45.15205882
2026-07-30 16:00:00+00:00,45.39705882
2026-07-30 17:00:00+00:00,45.385
2026-07-30 18:00:00+00:00,45.31764706
2026-07-30 19:00:00+00:00,45.435
2026-07-30 20:00:00+00:00,45.68058824
2026-07-30 21:00:00+00:00,45.80647059
2026-07-30 22:00:00+00:00,45.695
2026-07-30 23:00:00+00:00,45.57911765
2026-07-31 00:00:00+00:00,45.66882353
2026-07-31 01:00:00+00:00,45.58970588
2026-07-31 02:00:00+00:00,45.32529412
2026-07-31 03:00:00+00:00,45.40647059
2026-07-31 04:00:00+00:00,45.37941176
2026-07-31 05:00:00+00:00,45.43823529
2026-07-31 06:00:00+00:00,45.35352941
2026-07-31 07:00:00+00:00,45.37852941
2026-07-31 08:00:00+00:00,45.23647059
2026-07-31 09:00:00+00:00,45.01176471
2026-07-31 10:00:00+00:00,45.08058824
2026-07-31 11:00:00+00:00,44.88588235
2026-07-31 12:00:00+00:00,45.16352941
2026-07-31 13:00:00+00:00,45.01794118
2026-07-31 14:00:00+00:00,44.87176471
2026-07-31 15:00:00+00:00,44.91441176
2026-07-31 16:00:00+00:00,44.80264706
2026-07-31 17:00:00+00:00,44.97029412
2026-07-31 18:00:00+00:00,44.935
2026-07-31 19:00:00+00:00,44.87529412
2026-07-31 20:00:00+00:00,44.65941176
2026-07-31 21:00:00+00:00,44.65676471
2026-07-31 22:00:00+00:00,44.23323529
2026-07-31 23:00:00+00:00,44.30941176
2026-08-01 00:00:00+00:00,44.29323529
2026-08-01 01:00:00+00:00,44.27088235
2026-08-01 02:00:00+00:00,44.52735294
2026-08-01 03:00:00+00:00,44.60088235
2026-08-01 04:00:00+00:00,44.73852941
2026-08-01 05:00:00+00:00,44.45294118
2026-08-01 06:00:00+00:00,44.58882353
2026-08-01 07:00:00+00:00,44.52823529
2026-08-01 08:00:00+00:00,44.46147059
2026-08-01 09:00:00+00:00,44.37588235
2026-08-01 10:00:00+00:00,44.32294118
2026-08-01 11:00:00+00:00,44.34852941
2026-08-01 12:00:00+00:00,44.38382353
2026-08-01 13:00:00+00:00,44.31
2026-08-01 14:00:00+00:00,44.19647059
2026-08-01 15:00:00+00:00,44.10264706
2026-08-01 16:00:00+00:00,44.06852941
2026-08-01 17:00:00+00:00,44.00029412
2026-08-01 18:00:00+00:00,43.89235294
2026-08-01 19:00:00+00:00,44.02088235
2026-08-01 20:00:00+00:00,44.05
2026-08-01 21:00:00+00:00,44.16617647
2026-08-01 22:00:00+00:00,44.21764706
2026-08-01 23:00:00+00:00,44.24676471
2026-08-02 00:00:00+00:00,44.21529412
2026-08-02 01:00:00+00:00,44.57676471
2026-08-02 02:00:00+00:00,44.63941176
2026-08-02 03:00:00+00:00,44.65823529
2026-08-02 04:00:00+00:00,44.60735294
2026-08-02 05:00:00+00:00,44.68647059
2026-08-02 06:00:00+00:00,44.83617647
2026-08-02 07:00:00+00:00,44.83588235
2026-08-02 08:00:00+00:00,44.71941176
2026-08-02 09:00:00+00:00,44.835
2026-08-02 10:00:00+00:00,44.68264706
2026-08-02 11:00:00+00:00,44.64147059
2026-08-02 12:00:00+00:00,44.69235294
2026-08-02 13:00:00+00:00,44.69205882
2026-08-02 14:00:00+00:00,44.67764706
2026-08-02 15:00:00+00:00,44.75058824
2026-08-02 16:00:00+00:00,44.84911765
2026-08-02 17:00:00+00:00,44.98558824
2026-08-02 18:00:00+00:00,44.94588235
2026-08-02 19:00:00+00:00,45.04764706
2026-08-02 20:00:00+00:00,44.87323529
2026-08-02 21:00:00+00:00,44.93352941
2026-08-02 22:00:00+00:00,44.80647059
2026-08-02 23:00:00+00:00,44.69058824
2026-08-03 00:00:00+00:00,44.73735294
2026-08-03 01:00:00+00:00,44.63823529
2026-08-03 02:00:00+00:00,44.57264706
2026-08-03 03:00:00+00:00,44.44617647
2026-08-03 04:00:00+00:00,44.41411765
2026-08-03 05:00:00+00:00,44.55529412
2026-08-03 06:00:00+00:00,44.38147059
2026-08-03 07:00:00+00:00,44.15176471
2026-08-03 08:00:00+00:00,44.09
2026-08-03 09:00:00+00:00,44.40323529
2026-08-03 10:00:00+00:00,44.26088235
2026-08-03 11:00:00+00:00,44.10705882
2026-08-03 12:00:00+00:00,44.09647059
2026-08-03 13:00:00+00:00,44.42264706
2026-08-03 14:00:00+00:00,44.45676471
2026-08-03 15:00:00+00:00,44.275
2026-08-03 16:00:00+00:00,44.24176471
2026-08-03 17:00:00+00:00,44.15941176
2026-08-03 18:00:00+00:00,44.23558824
2026-08-03 19:00:00+00:00,44.32058824
2026-08-03 20:00:00+00:00,44.49558824
2026-08-03 21:00:00+00:00,44.34235294
2026-08-03 22:00:00+00:00,44.20352941
2026-08-03 23:00:00+00:00,44.29911765
2026-08-04 00:00:00+00:00,44.16823529
2026-08-04 01:00:00+00:00,44.35941176
2026-08-04 02:00:00+00:00,44.35235294
2026-08-04 03:00:00+00:00,44.37
2026-08-04 04:00:00+00:00,44.44911765
2026-08-04 05:00:00+00:00,44.49676471
2026-08-04 06:00:00+00:00,44.335
2026-08-04 07:00:00+00:00,44.295
2026-08-04 08:00:00+00:00,44.20794118
2026-08-04 09:00:00+00:00,44.29352941
2026-08-04 10:00:00+00:00,44.29352941
2026-08-04 11:00:00+00:00,44.35529412
2026-08-04 12:00:00+00:00,44.27823529
2026-08-04 13:00:00+00:00,44.20823529
2026-08-04 14:00:00+00:00,44.49617647
2026-08-04 15:00:00+00:00,44.37794118
2026-08-04 16:00:00+00:00,44.63735294
2026-08-04 17:00:00+00:00,44.52764706
2026-08-04 18:00:00+00:00,44.74676471
2026-08-04 19:00:00+00:00,44.69294118
2026-08-04 20:00:00+00:00,44.875
2026-08-04 21:00:00+00:00,44.95294118
2026-08-04 22:00:00+00:00,44.955
2026-08-04 23:00:00+00:00,44.84558824
2026-08-05 00:00:00+00:00,45.10294118
2026-08-05 01:00:00+00:00,45.25147059
2026-08-05 02:00:00+00:00,45.28735294
2026-08-05 03:00:00+00:00,44.83029412
2026-08-05 04:00:00+00:00,44.86911765
2026-08-05 05:00:00+00:00,45.00852941
2026-08-05 06:00:00+00:00,44.89647059
2026-08-05 07:00:00+00:00,44.89176471
2026-08-05 08:00:00+00:00,44.87617647
2026-08-05 09:00:00+00:00,44.91735294
2026-08-05 10:00:00+00:00,44.78764706
2026-08-05 11:00:00+00:00,44.75911765
2026-08-05 12:00:00+00:00,45.00235294
2026-08-05 13:00:00+00:00,45.03705882
2026-08-05 14:00:00+00:00,45.19058824
2026-08-05 15:00:00+00:00,45.00794118
2026-08-05 16:00:00+00:00,45.18852941
2026-08-05 17:00:00+00:00,45.37235294
2026-08-05 18:00:00+00:00,45.35970588
2026-08-05 19:00:00+00:00,45.26676471
2026-08-05 20:00:00+00:00,45.32852941
2026-08-05 21:00:00+00:00,45.26794118
2026-08-05 22:00:00+00:00,45.25235294
2026-08-05 23:00:00+00:00,45.32470588
2026-08-06 00:00:00+00:00,45.38
2026-08-06 01:00:00+00:00,45.25176471
2026-08-06 02:00:00+00:00,44.99235294
2026-08-06 03:00:00+00:00,44.95294118
2026-08-06 04:00:00+00:00,45.09735294
2026-08-06 05:00:00+00:00,45.07529412
2026-08-06 06:00:00+00:00,45.07911765
2026-08-06 07:00:00+00:00,45.02911765
2026-08-06 08:00:00+00:00,45.10852941
2026-08-06 09:00:00+00:00,44.97411765
2026-08-06 10:00:00+00:00,44.90029412
2026-08-06 11:00:00+00:00,45.05676471
2026-08-06 12:00:00+00:00,45.18705882
2026-08-06 13:00:00+00:00,45.49264706
2026-08-06 14:00:00+00:00,45.55676471
2026-08-06 15:00:00+00:00,45.70735294
2026-08-06 16:00:00+00:00,45.74323529
2026-08-06 17:00:00+00:00,45.66705882
2026-08-06 18:00:00+00:00,45.51764706
2026-08-06 19:00:00+00:00,45.39235294
2026-08-06 20:00:00+00:00,45.51882353
2026-08-06 21:00:00+00:00,45.53705882
2026-08-06 22:00:00+00:00,45.46470588
2026-08-06 23:00:00+00:00,45.44794118
2026-08-07 00:00:00+00:00,45.56264706
2026-08-07 01:00:00+00:00,45.62558824
2026-08-07 02:00:00+00:00,45.53205882
2026-08-07 03:00:00+00:00,45.49058824
2026-08-07 04:00:00+00:00,45.42
2026-08-07 05:00:00+00:00,45.48411765
2026-08-07 06:00:00+00:00,45.57294118
2026-08-07 07:00:00+00:00,45.58294118
2026-08-07 08:00:00+00:00,45.83764706
2026-08-07 09:00:00+00:00,45.74588235
2026-08-07 10:00:00+00:00,45.70617647
2026-08-07 11:00:00+00:00,45.70676471
2026-08-07 12:00:00+00:00,45.79911765
2026-08-07 13:00:00+00:00,45.72264706
2026-08-07 14:00:00+00:00,45.64235294
2026-08-07 15:00:00+00:00,45.95352941
2026-08-07 16:00:00+00:00,45.85647059
2026-08-07 17:00:00+00:00,45.46735294
2026-08-07 18:00:00+00:00,45.44588235
2026-08-07 19:00:00+00:00,45.39205882
2026-08-07 20:00:00+00:00,45.53941176
2026-08-07 21:00:00+00:00,45.48
2026-08-07 22:00:00+00:00,45.45205882
2026-08-07 23:00:00+00:00,45.54323529
2026-08-08 00:00:00+00:00,45.49558824
2026-08-08 01:00:00+00:00,45.55176471
2026-08-08 02:00:00+00:00,45.56764706
2026-08-08 03:00:00+00:00,45.58882353
2026-08-08 04:00:00+00:00,45.52588235
2026-08-08 05:00:00+00:00,45.50235294
2026-08-08 06:00:00+00:00,45.56676471
2026-08-08 07:00:00+00:00,45.53764706
2026-08-08 08:00:00+00:00,45.57882353
2026-08-08 09:00:00+00:00,45.59235294
2026-08-08 10:00:00+00:00,45.63235294
2026-08-08 11:00:00+00:00,45.57264706
2026-08-08 12:00:00+00:00,45.63117647
2026-08-08 13:00:00+00:00,45.65264706
2026-08-08 14:00:00+00:00,45.79176471
2026-08-08 15:00:00+00:00,45.88852941
2026-08-08 16:00:00+00:00,45.82176471
2026-08-08 17:00:00+00:00,45.87558824
2026-08-08 18:00:00+00:00,45.95852941
2026-08-08 19:00:00+00:00,45.98676471
2026-08-08 20:00:00+00:00,46.08088235
2026-08-08 21:00:00+00:00,46.07911765
2026-08-08 22:00:00+00:00,46.00970588
2026-08-08 23:00:00+00:00,46.01352941
2026-08-09 00:00:00+00:00,46.11764706
2026-08-09 01:00:00+00:00,46.08882353
2026-08-09 02:00:00+00:00,45.92676471
2026-08-09 03:00:00+00:00,45.95411765
2026-08-09 04:00:00+00:00,45.94970588
2026-08-09 05:00:00+00:00,45.97029412
2026-08-09 06:00:00+00:00,46.08764706
2026-08-09 07:00:00+00:00,46.17294118
2026-08-09 08:00:00+00:00,46.26352941
2026-08-09 09:00:00+00:00,46.22470588
2026-08-09 10:00:00+00:00,46.11764706
2026-08-09 11:00:00+00:00,46.27352941
2026-08-09 12:00:00+00:00,46.19588235
2026-08-09 13:00:00+00:00,46.36029412
2026-08-09 14:00:00+00:00,46.40058824
2026-08-09 15:00:00+00:00,46.44823529
2026-08-09 16:00:00+00:00,46.31676471
2026-08-09 17:00:00+00:00,46.20882353
2026-08-09 18:00:00+00:00,46.24352941
2026-08-09 19:00:00+00:00,46.14764706
2026-08-09 20:00:00+00:00,46.09705882
2026-08-09 21:00:00+00:00,46.10382353
2026-08-09 22:00:00+00:00,45.67117647
2026-08-09 23:00:00+00:00,45.46176471
2026-08-10 00:00:00+00:00,45.51176471
2026-08-10 01:00:00+00:00,45.63764706
2026-08-10 02:00:00+00:00,45.50647059
2026-08-10 03:00:00+00:00,45.34352941
2026-08-10 04:00:00+00:00,45.30117647
2026-08-10 05:00:00+00:00,45.46764706
2026-08-10 06:00:00+00:00,45.57264706
2026-08-10 07:00:00+00:00,45.56764706
2026-08-10 08:00:00+00:00,45.45029412
2026-08-10 09:00:00+00:00,45.45764706
2026-08-10 10:00:00+00:00,45.40352941
2026-08-10 11:00:00+00:00,45.39470588
2026-08-10 12:00:00+00:00,45.41029412
2026-08-10 13:00:00+00:00,45.34647059
2026-08-10 14:00:00+00:00,45.42470588
2026-08-10 15:00:00+00:00,45.23264706
2026-08-10 16:00:00+00:00,45.13558824
2026-08-10 17:00:00+00:00,45.07852941
2026-08-10 18:00:00+00:00,45.07647059
2026-08-10 19:00:00+00:00,45.13411765
2026-08-10 20:00:00+00:00,45.05676471
2026-08-10 21:00:00+00:00,45.08735294
2026-08-10 22:00:00+00:00,45.18735294
2026-08-10 23:00:00+00:00,45.13441176
2026-08-11 00:00:00+00:00,45.16088235
2026-08-11 01:00:00+00:00,45.275
2026-08-11 02:00:00+00:00,45.215
2026-08-11 03:00:00+00:00,45.23147059
2026-08-11 04:00:00+00:00,45.16323529
2026-08-11 05:00:00+00:00,45.10617647
2026-08-11 06:00:00+00:00,45.10676471
2026-08-11 07:00:00+00:00,45.16470588
2026-08-11 08:00:00+00:00,45.27705882
2026-08-11 09:00:00+00:00,45.57588235
2026-08-11 10:00:00+00:00,45.46264706
2026-08-11 11:00:00+00:00,45.48147059
2026-08-11 12:00:00+00:00,45.36264706
2026-08-11 13:00:00+00:00,45.03705882
2026-08-11 14:00:00+00:00,45.035
2026-08-11 15:00:00+00:00,45.03823529
2026-08-11 16:00:00+00:00,45.04882353
2026-08-11 17:00:00+00:00,45.275
2026-08-11 18:00:00+00:00,45.38882353
2026-08-11 19:00:00+00:00,45.5
2026-08-11 20:00:00+00:00,45.48970588
2026-08-11 21:00:00+00:00,45.50970588
2026-08-11 22:00:00+00:00,45.48
2026-08-11 23:00:00+00:00,45.50058824
2026-08-12 00:00:00+00:00,45.54588235
2026-08-12 01:00:00+00:00,45.45058824
2026-08-12 02:00:00+00:00,45.44176471
2026-08-12 03:00:00+00:00,45.38029412
2026-08-12 04:00:00+00:00,45.40676471
2026-08-12 05:00:00+00:00,45.31911765
2026-08-12 06:00:00+00:00,45.30647059
2026-08-12 07:00:00+00:00,45.29176471
2026-08-12 08:00:00+00:00,45.29
2026-08-12 09:00:00+00:00,45.46676471
2026-08-12 10:00:00+00:00,45.42235294
2026-08-12 11:00:00+00:00,45.45147059
2026-08-12 12:00:00+00:00,45.49294118
2026-08-12 13:00:00+00:00,45.59647059
2026-08-12 14:00:00+00:00,45.01029412
2026-08-12 15:00:00+00:00,45.07382353
2026-08-12 16:00:00+00:00,45.14882353
2026-08-12 17:00:00+00:00,45.18029412
2026-08-12 18:00:00+00:00,45.09676471
2026-08-12 19:00:00+00:00,44.78941176
2026-08-12 20:00:00+00:00,44.83264706
2026-08-12 21:00:00+00:00,44.84
2026-08-12 22:00:00+00:00,44.86852941
2026-08-12 23:00:00+00:00,44.88823529
2026-08-13 00:00:00+00:00,44.82970588
2026-08-13 01:00:00+00:00,44.86764706
2026-08-13 02:00:00+00:00,44.89764706
2026-08-13 03:00:00+00:00,44.96735294
2026-08-13 04:00:00+00:00,44.91735294
2026-08-13 05:00:00+00:00,45.055
2026-08-13 06:00:00+00:00,45.02558824
2026-08-13 07:00:00+00:00,44.885
2026-08-13 08:00:00+00:00,44.875
2026-08-13 09:00:00+00:00,44.96058824
2026-08-13 10:00:00+00:00,44.86058824
2026-08-13 11:00:00+00:00,44.69911765
2026-08-13 12:00:00+00:00,44.88794118
2026-08-13 13:00:00+00:00,44.74058824
2026-08-13 14:00:00+00:00,44.88617647
2026-08-13 15:00:00+00:00,44.72882353
2026-08-13 16:00:00+00:00,44.76147059
2026-08-13 17:00:00+00:00,44.75794118
2026-08-13 18:00:00+00:00,44.71764706
2026-08-13 19:00:00+00:00,44.77441176
2026-08-13 20:00:00+00:00,44.76
2026-08-13 21:00:00+00:00,44.72029412
2026-08-13 22:00:00+00:00,44.84588235
2026-08-13 23:00:00+00:00,44.82705882
2026-08-14 00:00:00+00:00,44.73911765
2026-08-14 01:00:00+00:00,44.78911765
2026-08-14 02:00:00+00:00,44.85264706
2026-08-14 03:00:00+00:00,44.81764706
2026-08-14 04:00:00+00:00,44.76470588
2026-08-14 05:00:00+00:00,44.79911765
2026-08-14 06:00:00+00:00,44.72941176
2026-08-14 07:00:00+00:00,44.65117647
2026-08-14 08:00:00+00:00,44.62382353
2026-08-14 09:00:00+00:00,44.67176471
2026-08-14 10:00:00+00:00,44.55058824
2026-08-14 11:00:00+00:00,44.56235294
2026-08-14 12:00:00+00:00,44.40264706
2026-08-14 13:00:00+00:00,44.21117647
2026-08-14 14:00:00+00:00,43.99470588
2026-08-14 15:00:00+00:00,43.93441176
2026-08-14 16:00:00+00:00,44.07588235
2026-08-14 17:00:00+00:00,43.84117647
2026-08-14 18:00:00+00:00,43.72323529
2026-08-14 19:00:00+00:00,43.63617647
2026-08-14 20:00:00+00:00,43.54823529
2026-08-14 21:00:00+00:00,43.58882353
2026-08-14 22:00:00+00:00,43.62029412
2026-08-14 23:00:00+00:00,43.85882353
2026-08-15 00:00:00+00:00,43.69235294
2026-08-15 01:00:00+00:00,43.86117647
2026-08-15 02:00:00+00:00,44.02705882
2026-08-15 03:00:00+00:00,44.00147059
2026-08-15 04:00:00+00:00,44.02558824
2026-08-15 05:00:00+00:00,44.00147059
2026-08-15 06:00:00+00:00,44.08911765
2026-08-15 07:00:00+00:00,44.01117647
2026-08-15 08:00:00+00:00,43.97911765
2026-08-15 09:00:00+00:00,44.06529412
2026-08-15 10:00:00+00:00,44.07558824
2026-08-15 11:00:00+00:00,44.05382353
2026-08-15 12:00:00+00:00,44.13617647
2026-08-15 13:00:00+00:00,44.15647059
2026-08-15 14:00:00+00:00,44.12882353
2026-08-15 15:00:00+00:00,44.26294118
2026-08-15 16:00:00+00:00,44.15735294
2026-08-15 17:00:00+00:00,44.22617647
2026-08-15 18:00:00+00:00,44.26764706
2026-08-15 19:00:00+00:00,44.24764706
2026-08-15 20:00:00+00:00,44.19558824
2026-08-15 21:00:00+00:00,44.09735294
2026-08-15 22:00:00+00:00,44.15764706
2026-08-15 23:00:00+00:00,44.115
2026-08-16 00:00:00+00:00,44.20970588
2026-08-16 01:00:00+00:00,44.23441176
2026-08-16 02:00:00+00:00,44.27794118
2026-08-16 03:00:00+00:00,44.25029412
2026-08-16 04:00:00+00:00,44.25411765
2026-08-16 05:00:00+00:00,44.16882353
2026-08-16 06:00:00+00:00,44.22558824
2026-08-16 07:00:00+00:00,44.30352941
2026-08-16 08:00:00+00:00,44.39323529
2026-08-16 09:00:00+00:00,44.40352941
2026-08-16 10:00:00+00:00,44.36235294
2026-08-16 11:00:00+00:00,44.41529412
2026-08-16 12:00:00+00:00,44.31735294
2026-08-16 13:00:00+00:00,44.31647059
2026-08-16 14:00:00+00:00,44.365
2026-08-16 15:00:00+00:00,44.71147059
2026-08-16 16:00:00+00:00,44.56294118
2026-08-16 17:00:00+00:00,44.51470588
2026-08-16 18:00:00+00:00,44.48823529
2026-08-16 19:00:00+00:00,44.55323529
2026-08-16 20:00:00+00:00,44.46705882
2026-08-16 21:00:00+00:00,44.17147059
2026-08-16 22:00:00+00:00,44.12941176
2026-08-16 23:00:00+00:00,44.15176471
2026-08-17 00:00:00+00:00,44.155
2026-08-17 01:00:00+00:00,44.32411765
2026-08-17 02:00:00+00:00,44.42764706
2026-08-17 03:00:00+00:00,44.25676471
2026-08-17 04:00:00+00:00,44.26411765
2026-08-17 05:00:00+00:00,44.25323529
2026-08-17 06:00:00+00:00,44.19764706
2026-08-17 07:00:00+00:00,44.13205882
2026-08-17 08:00:00+00:00,43.88147059
2026-08-17 09:00:00+00:00,44.01735294
2026-08-17 10:00:00+00:00,44.17911765
2026-08-17 11:00:00+00:00,44.215
2026-08-17 12:00:00+00:00,44.19205882
2026-08-17 13:00:00+00:00,44.28176471
2026-08-17 14:00:00+00:00,44.49647059
2026-08-17 15:00:00+00:00,44.35323529
2026-08-17 16:00:00+00:00,44.52264706
2026-08-17 17:00:00+00:00,44.54382353
2026-08-17 18:00:00+00:00,44.63764706
2026-08-17 19:00:00+00:00,44.49676471
2026-08-17 20:00:00+00:00,44.56823529
2026-08-17 21:00:00+00:00,44.57
2026-08-17 22:00:00+00:00,44.45147059
2026-08-17 23:00:00+00:00,44.56764706
2026-08-18 00:00:00+00:00,44.63352941
2026-08-18 01:00:00+00:00,44.44794118
2026-08-18 02:00:00+00:00,44.19029412
2026-08-18 03:00:00+00:00,44.32794118
2026-08-18 04:00:00+00:00,44.32941176
2026-08-18 05:00:00+00:00,44.27117647
2026-08-18 06:00:00+00:00,44.545
2026-08-18 07:00:00+00:00,44.53676471
2026-08-18 08:00:00+00:00,44.59529412
2026-08-18 09:00:00+00:00,44.60470588
2026-08-18 10:00:00+00:00,44.49911765
2026-08-18 11:00:00+00:00,44.56117647
2026-08-18 12:00:00+00:00,44.54617647
2026-08-18 13:00:00+00:00,44.45
2026-08-18 14:00:00+00:00,44.39705882
2026-08-18 15:00:00+00:00,44.21176471
2026-08-18 16:00:00+00:00,44.42970588
2026-08-18 17:00:00+00:00,44.31676471
2026-08-18 18:00:00+00:00,44.53823529
2026-08-18 19:00:00+00:00,44.53852941
2026-08-18 20:00:00+00:00,44.59205882
2026-08-18 21:00:00+00:00,44.48264706
2026-08-18 22:00:00+00:00,44.36647059
2026-08-18 23:00:00+00:00,44.38352941
2026-08-19 00:00:00+00:00,44.37735294
2026-08-19 01:00:00+00:00,44.44205882
2026-08-19 02:00:00+00:00,44.39911765
2026-08-19 03:00:00+00:00,44.39411765
2026-08-19 04:00:00+00:00,44.39823529
2026-08-19 05:00:00+00:00,44.41529412
2026-08-19 06:00:00+00:00,44.52617647
2026-08-19 07:00:00+00:00,44.52441176
2026-08-19 08:00:00+00:00,44.96205882
2026-08-19 09:00:00+00:00,44.89088235
2026-08-19 10:00:00+00:00,44.88794118
2026-08-19 11:00:00+00:00,44.82617647
2026-08-19 12:00:00+00:00,44.92029412
2026-08-19 13:00:00+00:00,44.95029412
2026-08-19 14:00:00+00:00,45.305
2026-08-19 15:00:00+00:00,45.69911765
2026-08-19 16:00:00+00:00,45.83264706
2026-08-19 17:00:00+00:00,45.74705882
2026-08-19 18:00:00+00:00,45.88676471
2026-08-19 19:00:00+00:00,46.03882353
2026-08-19 20:00:00+00:00,46.63117647
2026-08-19 21:00:00+00:00,47.14294118
2026-08-19 22:00:00+00:00,46.63235294
2026-08-19 23:00:00+00:00,46.79588235
2026-08-20 00:00:00+00:00,47.08705882
2026-08-20 01:00:00+00:00,47.10058824
2026-08-20 02:00:00+00:00,46.78647059
2026-08-20 03:00:00+00:00,46.75882353
2026-08-20 04:00:00+00:00,46.88764706
2026-08-20 05:00:00+00:00,46.80882353
2026-08-20 06:00:00+00:00,46.98558824
2026-08-20 07:00:00+00:00,46.83764706
2026-08-20 08:00:00+00:00,47.55
2026-08-20 09:00:00+00:00,47.19941176
2026-08-20 10:00:00+00:00,47.37852941
2026-08-20 11:00:00+00:00,47.36823529
2026-08-20 12:00:00+00:00,47.46676471
2026-08-20 13:00:00+00:00,47.39647059
2026-08-20 14:00:00+00:00,47.78970588
2026-08-20 15:00:00+00:00,48.03147059
2026-08-20 16:00:00+00:00,48.505
2026-08-20 17:00:00+00:00,48.31970588
2026-08-20 18:00:00+00:00,48.03294118
2026-08-20 19:00:00+00:00,47.83088235
2026-08-20 20:00:00+00:00,48.09264706
2026-08-20 21:00:00+00:00,48.12647059
2026-08-20 22:00:00+00:00,47.82852941
2026-08-20 23:00:00+00:00,47.81264706
2026-08-21 00:00:00+00:00,47.96323529
2026-08-21 01:00:00+00:00,48.40058824
2026-08-21 02:00:00+00:00,48.09058824
2026-08-21 03:00:00+00:00,48.31970588
2026-08-21 04:00:00+00:00,48.73235294
2026-08-21 05:00:00+00:00,48.65617647
2026-08-21 06:00:00+00:00,48.86029412
2026-08-21 07:00:00+00:00,49.64794118
2026-08-21 08:00:00+00:00,51.47294118
2026-08-21 09:00:00+00:00,50.69617647
2026-08-21 10:00:00+00:00,50.88411765
2026-08-21 11:00:00+00:00,50.21852941
2026-08-21 12:00:00+00:00,50.57529412
2026-08-21 13:00:00+00:00,50.92117647
2026-08-21 14:00:00+00:00,51.49235294
2026-08-21 15:00:00+00:00,51.83852941
2026-08-21 16:00:00+00:00,51.84470588
2026-08-21 17:00:00+00:00,51.89264706
2026-08-21 18:00:00+00:00,51.63088235
2026-08-21 19:00:00+00:00,51.64176471
2026-08-21 20:00:00+00:00,52.36882353
2026-08-21 21:00:00+00:00,52.68176471
2026-08-21 22:00:00+00:00,53.79
2026-08-21 23:00:00+00:00,53.17147059
2026-08-22 00:00:00+00:00,53.86352941
2026-08-22 01:00:00+00:00,53.20764706
2026-08-22 02:00:00+00:00,54.51352941
2026-08-22 03:00:00+00:00,54.25323529
2026-08-22 04:00:00+00:00,54.92235294
2026-08-22 05:00:00+00:00,52.01147059
2026-08-22 06:00:00+00:00,52.02882353
2026-08-22 07:00:00+00:00,51.93823529
2026-08-22 08:00:00+00:00,51.36323529
2026-08-22 09:00:00+00:00,51.67764706
2026-08-22 10:00:00+00:00,51.31029412
2026-08-22 11:00:00+00:00,51.40470588
2026-08-22 12:00:00+00:00,51.66235294
2026-08-22 13:00:00+00:00,52.20147059
2026-08-22 14:00:00+00:00,51.89117647
2026-08-22 15:00:00+00:00,51.94205882
2026-08-22 16:00:00+00:00,52.30588235
2026-08-22 17:00:00+00:00,52.62735294
2026-08-22 18:00:00+00:00,52.94852941
2026-08-22 19:00:00+00:00,53.20441176
2026-08-22 20:00:00+00:00,52.93794118
2026-08-22 21:00:00+00:00,51.975
2026-08-22 22:00:00+00:00,52.57852941
2026-08-22 23:00:00+00:00,52.46029412
2026-08-23 00:00:00+00:00,52.77764706
2026-08-23 01:00:00+00:00,52.04470588
2026-08-23 02:00:00+00:00,51.55441176
2026-08-23 03:00:00+00:00,51.21617647
2026-08-23 04:00:00+00:00,51.13411765
2026-08-23 05:00:00+00:00,50.77117647
2026-08-23 06:00:00+00:00,51.19529412
2026-08-23 07:00:00+00:00,51.23882353
2026-08-23 08:00:00+00:00,51.74735294
2026-08-23 09:00:00+00:00,51.82588235
2026-08-23 10:00:00+00:00,52.13117647
2026-08-23 11:00:00+00:00,52.295
2026-08-23 12:00:00+00:00,52.52735294
2026-08-23 13:00:00+00:00,53.00323529
2026-08-23 14:00:00+00:00,52.12882353
2026-08-23 15:00:00+00:00,52.02411765
2026-08-23 16:00:00+00:00,52.26823529
2026-08-23 17:00:00+00:00,52.34882353
2026-08-23 18:00:00+00:00,52.42558824
2026-08-23 19:00:00+00:00,52.30352941
2026-08-23 20:00:00+00:00,52.37
2026-08-23 21:00:00+00:00,52.44941176
2026-08-23 22:00:00+00:00,52.34117647
2026-08-23 23:00:00+00:00,52.27470588
2026-08-24 00:00:00+00:00,52.13117647
2026-08-24 01:00:00+00:00,51.42617647
2026-08-24 02:00:00+00:00,51.89676471
2026-08-24 03:00:00+00:00,51.70323529
2026-08-24 04:00:00+00:00,51.98147059
2026-08-24 05:00:00+00:00,52.07323529
2026-08-24 06:00:00+00:00,52.15147059
2026-08-24 07:00:00+00:00,52.13382353
2026-08-24 08:00:00+00:00,51.96852941
2026-08-24 09:00:00+00:00,53.18794118
2026-08-24 10:00:00+00:00,52.56235294
2026-08-24 11:00:00+00:00,53.00941176
2026-08-24 12:00:00+00:00,53.45794118
2026-08-24 13:00:00+00:00,52.07764706
2026-08-24 14:00:00+00:00,52.63205882
2026-08-24 15:00:00+00:00,52.36
2026-08-24 16:00:00+00:00,52.42117647
2026-08-24 17:00:00+00:00,51.82852941
2026-08-24 18:00:00+00:00,51.91323529
2026-08-24 19:00:00+00:00,51.60676471
2026-08-24 20:00:00+00:00,51.75823529
2026-08-24 21:00:00+00:00,51.85529412
2026-08-24 22:00:00+00:00,51.54088235
2026-08-24 23:00:00+00:00,51.66235294
2026-08-25 00:00:00+00:00,52.13676471
2026-08-25 01:00:00+00:00,52.32882353
2026-08-25 02:00:00+00:00,52.51764706
2026-08-25 03:00:00+00:00,52.33176471
2026-08-25 04:00:00+00:00,52.4
2026-08-25 05:00:00+00:00,52.63029412
2026-08-25 06:00:00+00:00,52.02088235
2026-08-25 07:00:00+00:00,51.68470588
2026-08-25 08:00:00+00:00,51.66676471
2026-08-25 09:00:00+00:00,51.31264706
2026-08-25 10:00:00+00:00,51.43823529
2026-08-25 11:00:00+00:00,51.08852941
2026-08-25 12:00:00+00:00,51.33588235
2026-08-25 13:00:00+00:00,50.76029412
2026-08-25 14:00:00+00:00,50.91911765
2026-08-25 15:00:00+00:00,51.18735294
2026-08-25 16:00:00+00:00,51.04294118
2026-08-25 17:00:00+00:00,51.03117647
2026-08-25 18:00:00+00:00,51.12088235
2026-08-25 19:00:00+00:00,50.83970588
2026-08-25 20:00:00+00:00,50.08705882
2026-08-25 21:00:00+00:00,50.33617647
2026-08-25 22:00:00+00:00,50.51617647
2026-08-25 23:00:00+00:00,49.95088235
2026-08-26 00:00:00+00:00,50.23058824
2026-08-26 01:00:00+00:00,50.31411765
2026-08-26 02:00:00+00:00,50.44470588
2026-08-26 03:00:00+00:00,50.32705882
2026-08-26 04:00:00+00:00,50.00823529
2026-08-26 05:00:00+00:00,50.365
2026-08-26 06:00:00+00:00,50.15588235
2026-08-26 07:00:00+00:00,50.18911765
2026-08-26 08:00:00+00:00,50.21470588
2026-08-26 09:00:00+00:00,50.13823529
2026-08-26 10:00:00+00:00,50.69970588
2026-08-26 11:00:00+00:00,50.56176471
2026-08-26 12:00:00+00:00,50.45647059
2026-08-26 13:00:00+00:00,50.19294118
2026-08-26 14:00:00+00:00,49.51588235
2026-08-26 15:00:00+00:00,49.54823529
2026-08-26 16:00:00+00:00,49.77470588
2026-08-26 17:00:00+00:00,49.94
2026-08-26 18:00:00+00:00,49.93029412
2026-08-26 19:00:00+00:00,49.83411765
2026-08-26 20:00:00+00:00,49.89764706
2026-08-26 21:00:00+00:00,50.11352941
2026-08-26 22:00:00+00:00,50.08382353
2026-08-26 23:00:00+00:00,50.51088235
2026-08-27 00:00:00+00:00,49.89235294
2026-08-27 01:00:00+00:00,49.97264706
2026-08-27 02:00:00+00:00,49.915
2026-08-27 03:00:00+00:00,49.95529412
2026-08-27 04:00:00+00:00,49.72176471
2026-08-27 05:00:00+00:00,49.76294118
2026-08-27 06:00:00+00:00,49.75088235
2026-08-27 07:00:00+00:00,49.79147059
2026-08-27 08:00:00+00:00,50.21029412
2026-08-27 09:00:00+00:00,50.25941176
2026-08-27 10:00:00+00:00,49.91558824
2026-08-27 11:00:00+00:00,49.85823529
2026-08-27 12:00:00+00:00,49.66676471
2026-08-27 13:00:00+00:00,50.07323529
2026-08-27 14:00:00+00:00,50.25
2026-08-27 15:00:00+00:00,50.18911765
2026-08-27 16:00:00+00:00,50.24911765
2026-08-27 17:00:00+00:00,50.17264706
2026-08-27 18:00:00+00:00,49.96941176
2026-08-27 19:00:00+00:00,49.98823529
2026-08-27 20:00:00+00:00,49.99088235
2026-08-27 21:00:00+00:00,49.99911765
2026-08-27 22:00:00+00:00,49.98882353
2026-08-27 23:00:00+00:00,49.91794118
2026-08-28 00:00:00+00:00,50.07323529
2026-08-28 01:00:00+00:00,49.97911765
2026-08-28 02:00:00+00:00,49.34823529
2026-08-28 03:00:00+00:00,49.36117647
2026-08-28 04:00:00+00:00,49.25
2026-08-28 05:00:00+00:00,49.19029412
2026-08-28 06:00:00+00:00,49.39176471
2026-08-28 07:00:00+00:00,49.18617647
2026-08-28 08:00:00+00:00,48.99264706
2026-08-28 09:00:00+00:00,48.94352941
2026-08-28 10:00:00+00:00,49.07852941
2026-08-28 11:00:00+00:00,49.11
2026-08-28 12:00:00+00:00,49.05411765
2026-08-28 13:00:00+00:00,49.10794118
2026-08-28 14:00:00+00:00,49.34
2026-08-28 15:00:00+00:00,48.57147059
2026-08-28 16:00:00+00:00,48.86676471
2026-08-28 17:00:00+00:00,49.06264706
2026-08-28 18:00:00+00:00,48.88176471
2026-08-28 19:00:00+00:00,49.20764706
2026-08-28 20:00:00+00:00,49.56264706
2026-08-28 21:00:00+00:00,49.24058824
2026-08-28 22:00:00+00:00,49.32970588
2026-08-28 23:00:00+00:00,49.32941176
2026-08-29 00:00:00+00:00,49.19470588
2026-08-29 01:00:00+00:00,49.19
2026-08-29 02:00:00+00:00,48.99294118
2026-08-29 03:00:00+00:00,48.91205882
2026-08-29 04:00:00+00:00,49.09676471
2026-08-29 05:00:00+00:00,49.19176471
2026-08-29 06:00:00+00:00,49.30617647
2026-08-29 07:00:00+00:00,49.24705882
2026-08-29 08:00:00+00:00,49.05794118
2026-08-29 09:00:00+00:00,48.87676471
2026-08-29 10:00:00+00:00,48.81558824
2026-08-29 11:00:00+00:00,48.72676471
2026-08-29 12:00:00+00:00,48.79588235
2026-08-29 13:00:00+00:00,48.94323529
2026-08-29 14:00:00+00:00,49.16735294
2026-08-29 15:00:00+00:00,49.08558824
2026-08-29 16:00:00+00:00,48.88352941
2026-08-29 17:00:00+00:00,48.77176471
2026-08-29 18:00:00+00:00,48.77058824
2026-08-29 19:00:00+00:00,48.88647059
2026-08-29 20:00:00+00:00,48.92911765
2026-08-29 21:00:00+00:00,48.92235294
2026-08-29 22:00:00+00:00,48.95764706
2026-08-29 23:00:00+00:00,49.01941176
2026-08-30 00:00:00+00:00,48.79235294
2026-08-30 01:00:00+00:00,48.81764706
2026-08-30 02:00:00+00:00,48.91882353
2026-08-30 03:00:00+00:00,48.895
2026-08-30 04:00:00+00:00,48.83088235
2026-08-30 05:00:00+00:00,48.96176471
2026-08-30 06:00:00+00:00,49.05588235
2026-08-30 07:00:00+00:00,48.91029412
2026-08-30 08:00:00+00:00,49.02852941
2026-08-30 09:00:00+00:00,49.11029412
2026-08-30 10:00:00+00:00,49.25647059
2026-08-30 11:00:00+00:00,49.35764706
2026-08-30 12:00:00+00:00,49.69029412
2026-08-30 13:00:00+00:00,49.67088235
2026-08-30 14:00:00+00:00,49.88911765
2026-08-30 15:00:00+00:00,50.02205882
2026-08-30 16:00:00+00:00,50.05558824
2026-08-30 17:00:00+00:00,49.91264706
2026-08-30 18:00:00+00:00,49.93852941
2026-08-30 19:00:00+00:00,49.70970588
2026-08-30 20:00:00+00:00,49.29176471
2026-08-30 21:00:00+00:00,49.14323529
2026-08-30 22:00:00+00:00,48.80588235
2026-08-30 23:00:00+00:00,47.95735294
2026-08-31 00:00:00+00:00,48.32529412
2026-08-31 01:00:00+00:00,47.97882353
2026-08-31 02:00:00+00:00,48.13117647
2026-08-31 03:00:00+00:00,48.43735294
2026-08-31 04:00:00+00:00,48.30970588
2026-08-31 05:00:00+00:00,48.58970588
2026-08-31 06:00:00+00:00,48.66088235
2026-08-31 07:00:00+00:00,48.62411765
2026-08-31 08:00:00+00:00,48.76735294
2026-08-31 09:00:00+00:00,48.59882353
2026-08-31 10:00:00+00:00,48.57647059
2026-08-31 11:00:00+00:00,48.34911765
2026-08-31 12:00:00+00:00,48.51735294
2026-08-31 13:00:00+00:00,48.21970588
2026-08-31 14:00:00+00:00,48.43705882
2026-08-31 15:00:00+00:00,48.53735294
2026-08-31 16:00:00+00:00,48.36323529
2026-08-31 17:00:00+00:00,48.57588235
2026-08-31 18:00:00+00:00,48.89323529
2026-08-31 19:00:00+00:00,48.94676471
2026-08-31 20:00:00+00:00,48.87441176
2026-08-31 21:00:00+00:00,48.64147059
2026-08-31 22:00:00+00:00,48.57852941
2026-08-31 23:00:00+00:00,48.55029412
