timestamp,open,high,low,close,volume
2025-01-01 00:00:00+00:00,0.845,0.8608,0.8438,0.8596,3433981.2
2025-01-01 01:00:00+00:00,0.8595,0.8596,0.8524,0.8529,2230725.2
2025-01-01 02:00:00+00:00,0.8528,0.8582,0.8522,0.8571,1902153.5
2025-01-01 03:00:00+00:00,0.8571,0.8573,0.8511,0.8522,1959686.0
2025-01-01 04:00:00+00:00,0.8522,0.8547,0.849,0.8491,3011071.8
2025-01-01 05:00:00+00:00,0.849,0.8592,0.8485,0.8561,3184472.4
2025-01-01 06:00:00+00:00,0.8561,0.858,0.8527,0.8574,1693306.1
2025-01-01 07:00:00+00:00,0.8573,0.8595,0.8511,0.8518,3288249.7
2025-01-01 08:00:00+00:00,0.8519,0.8552,0.8461,0.8467,2417880.2
2025-01-01 09:00:00+00:00,0.8468,0.8496,0.838,0.8462,6319431.5
2025-01-01 10:00:00+00:00,0.8462,0.8503,0.8437,0.8441,2079091.7
2025-01-01 11:00:00+00:00,0.8441,0.8565,0.8416,0.8532,4254130.0
2025-01-01 12:00:00+00:00,0.8532,0.8679,0.8529,0.8657,6048971.7
2025-01-01 13:00:00+00:00,0.8656,0.8707,0.8614,0.8649,5169998.2
2025-01-01 14:00:00+00:00,0.865,0.8714,0.859,0.8648,5161618.2
2025-01-01 15:00:00+00:00,0.8648,0.8787,0.8612,0.877,6301928.5
2025-01-01 16:00:00+00:00,0.877,0.8932,0.876,0.8893,20038457.3
2025-01-01 17:00:00+00:00,0.8894,0.892,0.8772,0.8887,8289525.0
2025-01-01 18:00:00+00:00,0.8888,0.9248,0.8837,0.9218,15912418.3
2025-01-01 19:00:00+00:00,0.9217,0.9355,0.9093,0.9172,20980105.9
2025-01-01 20:00:00+00:00,0.9173,0.9324,0.9173,0.9205,16549202.2
2025-01-01 21:00:00+00:00,0.9206,0.9253,0.915,0.919,16976316.9
2025-01-01 22:00:00+00:00,0.9189,0.9246,0.9112,0.9213,10512086.0
2025-01-01 23:00:00+00:00,0.9213,0.9234,0.914,0.9222,4146509.8
2025-01-02 00:00:00+00:00,0.9222,0.9543,0.9222,0.9456,19710573.4
2025-01-02 01:00:00+00:00,0.9455,0.9555,0.9436,0.9466,11166535.2
2025-01-02 02:00:00+00:00,0.9466,0.9471,0.9386,0.9419,6054349.1
2025-01-02 03:00:00+00:00,0.942,0.9448,0.9398,0.9421,2945809.2
2025-01-02 04:00:00+00:00,0.9421,0.9495,0.9358,0.9447,5296612.4
2025-01-02 05:00:00+00:00,0.9448,0.945,0.9303,0.9327,4520973.7
2025-01-02 06:00:00+00:00,0.9327,0.9347,0.9245,0.9273,7346614.7
2025-01-02 07:00:00+00:00,0.9272,0.9351,0.9252,0.9335,5071060.0
2025-01-02 08:00:00+00:00,0.9335,0.9369,0.9288,0.9361,3836409.9
2025-01-02 09:00:00+00:00,0.9361,0.9499,0.9349,0.949,9912051.2
2025-01-02 10:00:00+00:00,0.949,0.9721,0.9477,0.9666,23527443.7
2025-01-02 11:00:00+00:00,0.9666,0.9729,0.9571,0.9709,11320322.3
2025-01-02 12:00:00+00:00,0.971,0.9828,0.9673,0.973,14269770.6
2025-01-02 13:00:00+00:00,0.9729,0.9738,0.9608,0.9635,6774986.1
2025-01-02 14:00:00+00:00,0.9636,0.9758,0.9544,0.965,15311790.8
2025-01-02 15:00:00+00:00,0.965,0.9655,0.9494,0.955,10142238.9
2025-01-02 16:00:00+00:00,0.9551,0.9655,0.951,0.9614,9301533.3
2025-01-02 17:00:00+00:00,0.9615,0.9653,0.945,0.9529,8095890.4
2025-01-02 18:00:00+00:00,0.9528,0.9621,0.9511,0.9615,3188439.2
2025-01-02 19:00:00+00:00,0.9616,0.963,0.9551,0.9571,3326998.2
2025-01-02 20:00:00+00:00,0.9571,0.966,0.9555,0.9601,5136892.1
2025-01-02 21:00:00+00:00,0.9602,0.9675,0.9572,0.9663,2815998.8
2025-01-02 22:00:00+00:00,0.9662,0.9679,0.958,0.9622,3721486.0
2025-01-02 23:00:00+00:00,0.9621,0.9658,0.9586,0.9612,2187409.3
2025-01-03 00:00:00+00:00,0.9612,0.9713,0.9612,0.9631,4537384.7
2025-01-03 01:00:00+00:00,0.9631,0.9771,0.9569,0.9745,6173148.7
2025-01-03 02:00:00+00:00,0.9745,0.9974,0.9743,0.9878,15816655.2
2025-01-03 03:00:00+00:00,0.9879,1.031,0.9866,1.027,21308771.0
2025-01-03 04:00:00+00:00,1.0269,1.027,1.0107,1.0146,11726074.6
2025-01-03 05:00:00+00:00,1.0147,1.0222,1.0059,1.0212,10472118.4
2025-01-03 06:00:00+00:00,1.0212,1.0421,1.0212,1.0398,18653151.4
2025-01-03 07:00:00+00:00,1.0398,1.0472,1.024,1.0358,24497501.0
2025-01-03 08:00:00+00:00,1.0359,1.0658,1.0346,1.0412,30863241.3
2025-01-03 09:00:00+00:00,1.0412,1.0606,1.0408,1.0539,12986958.1
2025-01-03 10:00:00+00:00,1.0538,1.0722,1.0453,1.0602,16667605.1
2025-01-03 11:00:00+00:00,1.0602,1.0877,1.0602,1.0737,20002375.6
2025-01-03 12:00:00+00:00,1.0737,1.1014,1.0737,1.09,21926821.3
2025-01-03 13:00:00+00:00,1.0899,1.0974,1.0545,1.0716,34442701.4
2025-01-03 14:00:00+00:00,1.0717,1.0935,1.0717,1.0917,14124945.7
2025-01-03 15:00:00+00:00,1.0917,1.1013,1.0791,1.086,15411508.5
2025-01-03 16:00:00+00:00,1.086,1.1153,1.0805,1.0909,24384784.9
2025-01-03 17:00:00+00:00,1.0909,1.0997,1.078,1.0841,13975030.6
2025-01-03 18:00:00+00:00,1.0842,1.0878,1.0797,1.0815,10028316.5
2025-01-03 19:00:00+00:00,1.0816,1.0993,1.0807,1.0966,11984410.3
2025-01-03 20:00:00+00:00,1.0965,1.1194,1.0918,1.1156,21141270.3
2025-01-03 21:00:00+00:00,1.1157,1.1171,1.0862,1.0896,11815650.2
2025-01-03 22:00:00+00:00,1.0897,1.0998,1.085,1.0975,7126148.7
2025-01-03 23:00:00+00:00,1.0975,1.1063,1.0885,1.0894,8360827.4
2025-01-04 00:00:00+00:00,1.0894,1.1061,1.0829,1.0857,11300178.2
2025-01-04 01:00:00+00:00,1.0857,1.1079,1.0766,1.1057,10939670.5
2025-01-04 02:00:00+00:00,1.1058,1.1144,1.0905,1.0941,11163668.7
2025-01-04 03:00:00+00:00,1.0942,1.101,1.0887,1.0922,6009770.3
2025-01-04 04:00:00+00:00,1.0922,1.0969,1.081,1.0881,6362146.6
2025-01-04 05:00:00+00:00,1.0881,1.0959,1.0823,1.0848,4263587.6
2025-01-04 06:00:00+00:00,1.0847,1.0906,1.0811,1.0856,3873026.0
2025-01-04 07:00:00+00:00,1.0855,1.0875,1.0734,1.0739,7654374.4
2025-01-04 08:00:00+00:00,1.0739,1.0766,1.0583,1.0629,16579867.7
2025-01-04 09:00:00+00:00,1.063,1.0698,1.0626,1.0626,7067337.2
2025-01-04 10:00:00+00:00,1.0626,1.065,1.0565,1.0607,8332583.5
2025-01-04 11:00:00+00:00,1.0607,1.0653,1.0598,1.0614,3725636.0
2025-01-04 12:00:00+00:00,1.0614,1.0721,1.0605,1.0698,7428449.0
2025-01-04 13:00:00+00:00,1.0698,1.0824,1.0684,1.0796,11001913.7
2025-01-04 14:00:00+00:00,1.0796,1.093,1.0749,1.0889,8485204.2
2025-01-04 15:00:00+00:00,1.089,1.0897,1.0587,1.0653,16687302.7
2025-01-04 16:00:00+00:00,1.0652,1.0788,1.063,1.0762,8142769.4
2025-01-04 17:00:00+00:00,1.0763,1.0766,1.0691,1.0734,3309694.2
2025-01-04 18:00:00+00:00,1.0734,1.076,1.0665,1.0676,2922254.6
2025-01-04 19:00:00+00:00,1.0676,1.075,1.067,1.0728,2802704.5
2025-01-04 20:00:00+00:00,1.0728,1.0788,1.0715,1.0782,3001895.0
2025-01-04 21:00:00+00:00,1.0783,1.0824,1.0733,1.0762,3091686.0
2025-01-04 22:00:00+00:00,1.0762,1.0765,1.0711,1.0745,2678784.2
2025-01-04 23:00:00+00:00,1.0744,1.0756,1.0687,1.0707,2144498.4
2025-01-05 00:00:00+00:00,1.0707,1.0764,1.0631,1.0637,4307063.9
2025-01-05 01:00:00+00:00,1.0637,1.0662,1.0549,1.061,4296898.8
2025-01-05 02:00:00+00:00,1.0611,1.0644,1.0585,1.0621,2790193.9
2025-01-05 03:00:00+00:00,1.0622,1.0625,1.0521,1.0583,3649877.3
2025-01-05 04:00:00+00:00,1.0582,1.0707,1.0578,1.0706,3716254.3
2025-01-05 05:00:00+00:00,1.0706,1.0802,1.067,1.0756,6074070.4
2025-01-05 06:00:00+00:00,1.0755,1.091,1.0697,1.0896,6932292.7
2025-01-05 07:00:00+00:00,1.0896,1.115,1.0882,1.0934,22596003.9
2025-01-05 08:00:00+00:00,1.0934,1.096,1.072,1.0859,12234804.8
2025-01-05 09:00:00+00:00,1.0857,1.0935,1.0788,1.0788,6110880.4
2025-01-05 10:00:00+00:00,1.0789,1.0862,1.072,1.0788,7441865.3
2025-01-05 11:00:00+00:00,1.0788,1.0829,1.0732,1.0734,5077941.7
2025-01-05 12:00:00+00:00,1.0735,1.0813,1.068,1.0782,5194303.7
2025-01-05 13:00:00+00:00,1.0783,1.0988,1.0748,1.0923,12224254.0
2025-01-05 14:00:00+00:00,1.0924,1.1025,1.0714,1.0952,14215501.9
2025-01-05 15:00:00+00:00,1.0951,1.0997,1.0822,1.0902,10136119.2
2025-01-05 16:00:00+00:00,1.0903,1.0937,1.0774,1.0821,6336017.9
2025-01-05 17:00:00+00:00,1.0821,1.098,1.0813,1.0879,7245757.1
2025-01-05 18:00:00+00:00,1.0878,1.0938,1.0801,1.0927,6759311.5
2025-01-05 19:00:00+00:00,1.0927,1.0976,1.09,1.0918,4989810.7
2025-01-05 20:00:00+00:00,1.0918,1.0995,1.0865,1.0889,6178022.7
2025-01-05 21:00:00+00:00,1.0889,1.0928,1.0851,1.0882,3024214.5
2025-01-05 22:00:00+00:00,1.0882,1.0977,1.0821,1.0964,3220158.2
2025-01-05 23:00:00+00:00,1.0963,1.1049,1.0905,1.0911,6879216.5
2025-01-06 00:00:00+00:00,1.0911,1.0953,1.0753,1.0766,8645566.8
2025-01-06 01:00:00+00:00,1.0767,1.0963,1.0758,1.0949,5416321.3
2025-01-06 02:00:00+00:00,1.0948,1.1078,1.0834,1.0842,13554064.4
2025-01-06 03:00:00+00:00,1.0842,1.0916,1.0834,1.0901,3139988.0
2025-01-06 04:00:00+00:00,1.0901,1.0944,1.0857,1.0902,2974875.7
2025-01-06 05:00:00+00:00,1.0903,1.0936,1.0851,1.0875,4331849.9
2025-01-06 06:00:00+00:00,1.0876,1.0882,1.0781,1.0821,4751519.2
2025-01-06 07:00:00+00:00,1.0822,1.0864,1.0757,1.0784,9147329.6
2025-01-06 08:00:00+00:00,1.0784,1.0867,1.0763,1.0767,8476690.8
2025-01-06 09:00:00+00:00,1.0768,1.0811,1.0731,1.0798,5941068.7
2025-01-06 10:00:00+00:00,1.0798,1.0827,1.0717,1.0787,3691981.0
2025-01-06 11:00:00+00:00,1.0788,1.0855,1.077,1.0848,4124904.5
2025-01-06 12:00:00+00:00,1.0848,1.085,1.0762,1.0769,3311602.9
2025-01-06 13:00:00+00:00,1.0768,1.0797,1.0575,1.0776,15784100.7
2025-01-06 14:00:00+00:00,1.0776,1.0988,1.0645,1.0915,15718655.6
2025-01-06 15:00:00+00:00,1.0914,1.103,1.0852,1.0954,16330656.7
2025-01-06 16:00:00+00:00,1.0955,1.1162,1.0934,1.1058,19465229.4
2025-01-06 17:00:00+00:00,1.1059,1.1068,1.0876,1.0936,8022412.1
2025-01-06 18:00:00+00:00,1.0937,1.1075,1.089,1.1038,5854582.3
2025-01-06 19:00:00+00:00,1.1038,1.1125,1.102,1.107,7069121.6
2025-01-06 20:00:00+00:00,1.107,1.1128,1.1016,1.1062,4747759.8
2025-01-06 21:00:00+00:00,1.1061,1.1075,1.0965,1.1,4547833.3
2025-01-06 22:00:00+00:00,1.1,1.105,1.0978,1.099,3064669.6
2025-01-06 23:00:00+00:00,1.099,1.1005,1.091,1.0934,3283135.0
2025-01-07 00:00:00+00:00,1.0934,1.1009,1.0884,1.0891,4309607.8
2025-01-07 01:00:00+00:00,1.089,1.0992,1.0853,1.0919,5229338.6
2025-01-07 02:00:00+00:00,1.0918,1.0946,1.081,1.0816,3570775.8
2025-01-07 03:00:00+00:00,1.0816,1.0907,1.0813,1.0874,2662013.8
2025-01-07 04:00:00+00:00,1.0874,1.091,1.0845,1.0875,1819049.1
2025-01-07 05:00:00+00:00,1.0876,1.0903,1.0841,1.0877,3190481.9
2025-01-07 06:00:00+00:00,1.0877,1.0999,1.0848,1.0989,4980231.7
2025-01-07 07:00:00+00:00,1.0988,1.1039,1.0941,1.1025,4431970.1
2025-01-07 08:00:00+00:00,1.1026,1.1394,1.1026,1.1391,26958044.5
2025-01-07 09:00:00+00:00,1.1391,1.1463,1.1278,1.1394,19174288.4
2025-01-07 10:00:00+00:00,1.1394,1.1451,1.1303,1.1398,11051274.4
2025-01-07 11:00:00+00:00,1.1397,1.1519,1.1206,1.1341,23324757.0
2025-01-07 12:00:00+00:00,1.1341,1.1415,1.1283,1.1321,12854152.0
2025-01-07 13:00:00+00:00,1.1321,1.1397,1.1255,1.1316,7945786.8
2025-01-07 14:00:00+00:00,1.1317,1.1358,1.1053,1.1139,13873059.6
2025-01-07 15:00:00+00:00,1.1139,1.1181,1.0276,1.0452,88147630.4
2025-01-07 16:00:00+00:00,1.0451,1.0644,1.0331,1.0428,25540284.6
2025-01-07 17:00:00+00:00,1.0429,1.048,1.0225,1.0292,19087140.5
2025-01-07 18:00:00+00:00,1.0291,1.0402,1.0081,1.009,21761930.0
2025-01-07 19:00:00+00:00,1.0089,1.0188,1.0035,1.0092,12456880.5
2025-01-07 20:00:00+00:00,1.0092,1.0138,0.9935,1.0066,16763985.1
2025-01-07 21:00:00+00:00,1.0066,1.0187,0.9917,0.9918,14464202.6
2025-01-07 22:00:00+00:00,0.9917,1.0082,0.988,1.0049,12496411.4
2025-01-07 23:00:00+00:00,1.0048,1.0048,0.9888,0.9892,9469542.6
2025-01-08 00:00:00+00:00,0.9893,1.0242,0.9854,1.0178,20545895.6
2025-01-08 01:00:00+00:00,1.0179,1.0182,0.9943,1.0072,10495380.1
2025-01-08 02:00:00+00:00,1.0073,1.0164,1.0007,1.0016,8059102.4
2025-01-08 03:00:00+00:00,1.0016,1.0046,0.9877,0.9978,9482014.1
2025-01-08 04:00:00+00:00,0.9979,1.0013,0.9845,0.9901,8156565.7
2025-01-08 05:00:00+00:00,0.9902,1.0011,0.982,0.9882,7924718.0
2025-01-08 06:00:00+00:00,0.9882,0.9939,0.9618,0.9625,18132736.3
2025-01-08 07:00:00+00:00,0.9624,0.9849,0.962,0.9828,8491964.5
2025-01-08 08:00:00+00:00,0.9828,1.0083,0.9828,0.9981,13866965.5
2025-01-08 09:00:00+00:00,0.998,1.0023,0.9839,0.9844,6575115.9
2025-01-08 10:00:00+00:00,0.9844,0.997,0.9824,0.9955,5043214.6
2025-01-08 11:00:00+00:00,0.9955,0.9959,0.9743,0.9833,9290925.1
2025-01-08 12:00:00+00:00,0.9834,0.9999,0.9781,0.9782,9152370.1
2025-01-08 13:00:00+00:00,0.9783,0.9925,0.9627,0.9678,23247578.8
2025-01-08 14:00:00+00:00,0.9677,0.9892,0.9676,0.9785,9280407.5
2025-01-08 15:00:00+00:00,0.9784,0.9894,0.9607,0.9746,12661946.1
2025-01-08 16:00:00+00:00,0.9746,0.9787,0.947,0.9473,12882415.3
2025-01-08 17:00:00+00:00,0.9475,0.952,0.9115,0.9434,48553295.6
2025-01-08 18:00:00+00:00,0.9434,0.9636,0.9248,0.9357,31885852.1
2025-01-08 19:00:00+00:00,0.9357,0.9489,0.9079,0.9127,44319248.7
2025-01-08 20:00:00+00:00,0.9126,0.9287,0.9085,0.9244,18499229.9
2025-01-08 21:00:00+00:00,0.9245,0.9332,0.9151,0.9294,11449691.9
2025-01-08 22:00:00+00:00,0.9293,0.9533,0.9289,0.953,14646842.6
2025-01-08 23:00:00+00:00,0.953,0.9533,0.9436,0.9468,7157899.5
2025-01-09 00:00:00+00:00,0.9467,0.9494,0.9382,0.9491,8836049.2
2025-01-09 01:00:00+00:00,0.949,0.9604,0.947,0.9488,8826506.9
2025-01-09 02:00:00+00:00,0.9489,0.9533,0.9336,0.9454,9997910.8
2025-01-09 03:00:00+00:00,0.9456,0.9465,0.9337,0.9363,3352181.9
2025-01-09 04:00:00+00:00,0.9362,0.9421,0.9281,0.9415,10213810.6
2025-01-09 05:00:00+00:00,0.9414,0.9419,0.9323,0.9344,2465115.8
2025-01-09 06:00:00+00:00,0.9344,0.9369,0.9265,0.927,4627597.6
2025-01-09 07:00:00+00:00,0.927,0.9307,0.909,0.9146,11671716.4
2025-01-09 08:00:00+00:00,0.9146,0.9259,0.9098,0.9185,8494074.1
2025-01-09 09:00:00+00:00,0.9185,0.9271,0.915,0.9171,5986171.4
2025-01-09 10:00:00+00:00,0.9171,0.921,0.8968,0.9088,15585250.5
2025-01-09 11:00:00+00:00,0.9087,0.92,0.9034,0.912,9168515.7
2025-01-09 12:00:00+00:00,0.9119,0.9177,0.906,0.9104,7044496.3
2025-01-09 13:00:00+00:00,0.9105,0.9137,0.8814,0.8823,21462740.4
2025-01-09 14:00:00+00:00,0.8822,0.9025,0.8798,0.8977,17871720.5
2025-01-09 15:00:00+00:00,0.8977,0.9366,0.8923,0.9292,24455560.6
2025-01-09 16:00:00+00:00,0.9292,0.9368,0.9174,0.9266,13994995.8
2025-01-09 17:00:00+00:00,0.9266,0.9288,0.9059,0.912,10334129.2
2025-01-09 18:00:00+00:00,0.9121,0.924,0.9093,0.9179,6350463.1
2025-01-09 19:00:00+00:00,0.9179,0.9191,0.8949,0.8969,8002992.2
2025-01-09 20:00:00+00:00,0.8968,0.9025,0.8835,0.8984,15233032.4
2025-01-09 21:00:00+00:00,0.8983,0.9065,0.8924,0.8963,7614778.1
2025-01-09 22:00:00+00:00,0.8963,0.9155,0.8946,0.9093,4936829.6
2025-01-09 23:00:00+00:00,0.9091,0.9108,0.9035,0.9045,2831700.8
2025-01-10 00:00:00+00:00,0.9045,0.9166,0.904,0.9122,4338532.6
2025-01-10 01:00:00+00:00,0.9122,0.9188,0.9075,0.9161,4052850.5
2025-01-10 02:00:00+00:00,0.916,0.9269,0.9157,0.9188,6124262.1
2025-01-10 03:00:00+00:00,0.9189,0.9235,0.9169,0.9212,2907278.1
2025-01-10 04:00:00+00:00,0.9211,0.9243,0.9159,0.9187,2738900.1
2025-01-10 05:00:00+00:00,0.9188,0.9317,0.9143,0.9257,3907442.8
2025-01-10 06:00:00+00:00,0.9256,0.949,0.9238,0.9485,8853900.1
2025-01-10 07:00:00+00:00,0.9484,0.9713,0.9427,0.9633,17198088.4
2025-01-10 08:00:00+00:00,0.9632,0.974,0.957,0.9575,12255805.2
2025-01-10 09:00:00+00:00,0.9574,0.9641,0.9506,0.9567,8417350.0
2025-01-10 10:00:00+00:00,0.9568,0.9624,0.9506,0.96,5534642.8
2025-01-10 11:00:00+00:00,0.96,0.962,0.9489,0.9549,7945316.0
2025-01-10 12:00:00+00:00,0.9549,0.9574,0.939,0.9538,8386319.3
2025-01-10 13:00:00+00:00,0.9538,0.9597,0.9043,0.9212,42493932.0
2025-01-10 14:00:00+00:00,0.9212,0.9446,0.9193,0.9303,13984501.9
2025-01-10 15:00:00+00:00,0.9303,0.9397,0.9102,0.929,13313442.1
2025-01-10 16:00:00+00:00,0.9291,0.9341,0.9167,0.9189,9072306.2
2025-01-10 17:00:00+00:00,0.9189,0.9575,0.9154,0.9559,10741639.4
2025-01-10 18:00:00+00:00,0.9558,0.9559,0.936,0.9387,9588413.6
2025-01-10 19:00:00+00:00,0.9387,0.944,0.932,0.9425,5018814.7
2025-01-10 20:00:00+00:00,0.9425,0.9434,0.9283,0.9329,3746639.5
2025-01-10 21:00:00+00:00,0.933,0.9363,0.9285,0.9286,2583978.7
2025-01-10 22:00:00+00:00,0.9286,0.9345,0.9252,0.933,2615367.8
2025-01-10 23:00:00+00:00,0.9331,0.9362,0.9295,0.9303,2439904.4
2025-01-11 00:00:00+00:00,0.9303,0.9322,0.9237,0.9286,2533608.2
2025-01-11 01:00:00+00:00,0.9286,0.931,0.9195,0.9228,2749715.1
2025-01-11 02:00:00+00:00,0.9228,0.9265,0.9187,0.9225,2413180.3
2025-01-11 03:00:00+00:00,0.9225,0.9225,0.9176,0.9186,2486539.7
2025-01-11 04:00:00+00:00,0.9186,0.9234,0.916,0.9199,2391582.1
2025-01-11 05:00:00+00:00,0.9199,0.9261,0.918,0.9242,2860599.9
2025-01-11 06:00:00+00:00,0.9241,0.9292,0.9206,0.9206,2279229.3
2025-01-11 07:00:00+00:00,0.9207,0.9246,0.9156,0.9204,3249925.6
2025-01-11 08:00:00+00:00,0.9204,0.9245,0.9134,0.9168,2193612.3
2025-01-11 09:00:00+00:00,0.9167,0.9228,0.9166,0.9228,2230137.1
2025-01-11 10:00:00+00:00,0.9229,0.9405,0.9227,0.9386,6091231.4
2025-01-11 11:00:00+00:00,0.9386,0.9504,0.9346,0.9439,6429029.2
2025-01-11 12:00:00+00:00,0.9439,0.946,0.9373,0.9396,3453872.7
2025-01-11 13:00:00+00:00,0.9397,0.9414,0.93,0.9325,5077832.2
2025-01-11 14:00:00+00:00,0.9326,0.9431,0.931,0.9427,5668167.9
2025-01-11 15:00:00+00:00,0.9426,0.9428,0.9354,0.9373,2481572.5
2025-01-11 16:00:00+00:00,0.9372,0.9545,0.932,0.9494,7326396.5
2025-01-11 17:00:00+00:00,0.9493,0.9504,0.9379,0.9461,7972505.4
2025-01-11 18:00:00+00:00,0.9462,0.956,0.9431,0.9545,5380259.7
2025-01-11 19:00:00+00:00,0.9545,0.9572,0.9463,0.9558,3609564.6
2025-01-11 20:00:00+00:00,0.9559,0.9884,0.9524,0.9884,15391246.7
2025-01-11 21:00:00+00:00,0.9883,1.0127,0.9835,1.0086,21972242.5
2025-01-11 22:00:00+00:00,1.0086,1.0176,0.997,1.0048,21628424.1
2025-01-11 23:00:00+00:00,1.0049,1.0095,0.9934,0.9955,8621135.6
2025-01-12 00:00:00+00:00,0.9955,1.0183,0.9857,1.0161,27572013.0
2025-01-12 01:00:00+00:00,1.0161,1.0369,1.0081,1.0368,29432626.7
2025-01-12 02:00:00+00:00,1.0368,1.0369,1.0166,1.0218,10496629.7
2025-01-12 03:00:00+00:00,1.0219,1.0274,1.0127,1.0256,8241598.5
2025-01-12 04:00:00+00:00,1.0256,1.027,1.0162,1.0195,7243771.5
2025-01-12 05:00:00+00:00,1.0196,1.0204,1.0065,1.0097,5443048.4
2025-01-12 06:00:00+00:00,1.0097,1.0131,1.0021,1.0025,5021572.1
2025-01-12 07:00:00+00:00,1.0026,1.005,0.9965,1.003,6855979.1
2025-01-12 08:00:00+00:00,1.003,1.0089,0.9948,0.9973,6224874.7
2025-01-12 09:00:00+00:00,0.9973,1.0011,0.987,0.9901,8883364.8
2025-01-12 10:00:00+00:00,0.9901,0.9945,0.9758,0.9819,10799157.0
2025-01-12 11:00:00+00:00,0.9819,0.9938,0.9804,0.9886,4588210.0
2025-01-12 12:00:00+00:00,0.9886,1.001,0.9833,0.9906,7047273.8
2025-01-12 13:00:00+00:00,0.9907,1.0013,0.9882,1.0003,5070971.2
2025-01-12 14:00:00+00:00,1.0003,1.0011,0.9879,0.992,6262887.0
2025-01-12 15:00:00+00:00,0.992,1.0047,0.9888,0.9933,6732454.3
2025-01-12 16:00:00+00:00,0.9934,0.9968,0.9854,0.9925,4377019.4
2025-01-12 17:00:00+00:00,0.9925,0.9969,0.9848,0.9901,4024349.6
2025-01-12 18:00:00+00:00,0.99,0.9983,0.9863,0.9873,4059231.8
2025-01-12 19:00:00+00:00,0.9873,0.9905,0.9812,0.9858,4762418.5
2025-01-12 20:00:00+00:00,0.9859,0.9867,0.9775,0.9817,3523000.7
2025-01-12 21:00:00+00:00,0.9817,0.9832,0.9725,0.9747,5474993.7
2025-01-12 22:00:00+00:00,0.9746,0.9753,0.9613,0.9636,9424081.7
2025-01-12 23:00:00+00:00,0.9636,0.9709,0.9619,0.9677,4980608.8
2025-01-13 00:00:00+00:00,0.9676,0.9938,0.9639,0.981,11464502.1
2025-01-13 01:00:00+00:00,0.9809,0.9812,0.962,0.9661,7784505.1
2025-01-13 02:00:00+00:00,0.9661,0.9688,0.9492,0.9546,8366201.7
2025-01-13 03:00:00+00:00,0.9545,0.9592,0.9431,0.9481,5142414.8
2025-01-13 04:00:00+00:00,0.948,0.9619,0.946,0.9557,4541788.8
2025-01-13 05:00:00+00:00,0.9557,0.956,0.942,0.9443,3328878.5
2025-01-13 06:00:00+00:00,0.9444,0.9497,0.9287,0.9334,8258821.5
2025-01-13 07:00:00+00:00,0.9335,0.9419,0.9286,0.9363,6825702.4
2025-01-13 08:00:00+00:00,0.9364,0.9368,0.9205,0.926,10501782.8
2025-01-13 09:00:00+00:00,0.926,0.9288,0.9168,0.9252,10101032.9
2025-01-13 10:00:00+00:00,0.9252,0.9255,0.9104,0.9153,15347555.3
2025-01-13 11:00:00+00:00,0.9153,0.9155,0.8933,0.8937,15582240.2
2025-01-13 12:00:00+00:00,0.8937,0.9069,0.8886,0.8987,20624119.5
2025-01-13 13:00:00+00:00,0.8988,0.923,0.8944,0.9066,22928789.6
2025-01-13 14:00:00+00:00,0.9068,0.93,0.8758,0.9194,41687633.8
2025-01-13 15:00:00+00:00,0.9196,0.9416,0.9136,0.9258,23263532.4
2025-01-13 16:00:00+00:00,0.9259,0.931,0.9125,0.9133,10971258.2
2025-01-13 17:00:00+00:00,0.9133,0.9241,0.9074,0.9131,8165844.4
2025-01-13 18:00:00+00:00,0.913,0.9193,0.9012,0.9083,10162312.6
2025-01-13 19:00:00+00:00,0.9084,0.9191,0.9029,0.9122,8821219.3
2025-01-13 20:00:00+00:00,0.9121,0.9402,0.9072,0.9356,9912418.4
2025-01-13 21:00:00+00:00,0.9357,0.9469,0.9287,0.9437,11271320.9
2025-01-13 22:00:00+00:00,0.9438,0.9549,0.9417,0.9522,9377519.9
2025-01-13 23:00:00+00:00,0.9522,0.9525,0.9422,0.9444,4246584.0
2025-01-14 00:00:00+00:00,0.9444,0.9484,0.938,0.9434,5522279.1
2025-01-14 01:00:00+00:00,0.9433,0.9553,0.9419,0.9454,4926180.6
2025-01-14 02:00:00+00:00,0.9453,0.9555,0.944,0.9498,3753035.1
2025-01-14 03:00:00+00:00,0.9497,0.9553,0.9475,0.95,3694814.3
2025-01-14 04:00:00+00:00,0.95,0.959,0.95,0.9574,3383568.7
2025-01-14 05:00:00+00:00,0.9574,0.9642,0.947,0.9475,6041165.4
2025-01-14 06:00:00+00:00,0.9475,0.9598,0.944,0.9596,7239077.2
2025-01-14 07:00:00+00:00,0.9597,0.9657,0.955,0.9556,5548996.6
2025-01-14 08:00:00+00:00,0.9556,0.9703,0.9556,0.9648,9404518.5
2025-01-14 09:00:00+00:00,0.9648,0.9903,0.9633,0.9842,10752129.7
2025-01-14 10:00:00+00:00,0.9842,0.9855,0.9692,0.9714,7498583.7
2025-01-14 11:00:00+00:00,0.9715,0.9722,0.9615,0.9657,6111970.1
2025-01-14 12:00:00+00:00,0.9657,0.9688,0.9572,0.9596,8334527.8
2025-01-14 13:00:00+00:00,0.9597,0.9787,0.9555,0.9722,12773480.7
2025-01-14 14:00:00+00:00,0.9722,0.9972,0.9657,0.9774,18456271.3
2025-01-14 15:00:00+00:00,0.9775,0.9908,0.9756,0.9819,7720164.2
2025-01-14 16:00:00+00:00,0.9818,0.9826,0.9692,0.9763,10406460.5
2025-01-14 17:00:00+00:00,0.9762,0.9959,0.9708,0.9917,10661288.5
2025-01-14 18:00:00+00:00,0.9917,1.0109,0.9911,1.0031,14983357.0
2025-01-14 19:00:00+00:00,1.0031,1.0054,0.995,0.9962,8080033.4
2025-01-14 20:00:00+00:00,0.9961,0.9994,0.9866,0.9966,11191954.6
2025-01-14 21:00:00+00:00,0.9965,0.999,0.9897,0.9944,3823657.9
2025-01-14 22:00:00+00:00,0.9945,0.9978,0.9912,0.9969,3139508.0
2025-01-14 23:00:00+00:00,0.997,0.9999,0.9926,0.9972,3721490.1
2025-01-15 00:00:00+00:00,0.9972,1.0032,0.992,0.996,7010670.1
2025-01-15 01:00:00+00:00,0.9959,1.0248,0.9879,1.0174,18701349.5
2025-01-15 02:00:00+00:00,1.0174,1.0344,1.0082,1.0266,17213057.3
2025-01-15 03:00:00+00:00,1.0266,1.0294,1.0113,1.0229,8713152.4
2025-01-15 04:00:00+00:00,1.023,1.035,1.0125,1.0186,8327193.4
2025-01-15 05:00:00+00:00,1.0185,1.024,1.0126,1.0215,5807383.8
2025-01-15 06:00:00+00:00,1.0214,1.0319,1.013,1.0281,6568115.3
2025-01-15 07:00:00+00:00,1.0281,1.0563,1.0266,1.0504,22734036.0
2025-01-15 08:00:00+00:00,1.0503,1.0583,1.0415,1.0442,12198809.6
2025-01-15 09:00:00+00:00,1.0442,1.0472,1.0105,1.0141,19994418.2
2025-01-15 10:00:00+00:00,1.0141,1.0231,1.0112,1.0139,10982933.4
2025-01-15 11:00:00+00:00,1.0138,1.0147,0.9933,1.0025,20682266.7
2025-01-15 12:00:00+00:00,1.0025,1.005,0.9923,0.9997,9828880.9
2025-01-15 13:00:00+00:00,0.9997,1.0694,0.9995,1.0499,52695953.8
2025-01-15 14:00:00+00:00,1.0498,1.0566,1.0351,1.0511,23946131.2
2025-01-15 15:00:00+00:00,1.0511,1.0769,1.0468,1.0644,36828110.5
2025-01-15 16:00:00+00:00,1.0644,1.0825,1.0512,1.0539,28689524.2
2025-01-15 17:00:00+00:00,1.0539,1.0618,1.0501,1.0516,10377879.2
2025-01-15 18:00:00+00:00,1.0516,1.0675,1.0516,1.0658,7318343.0
2025-01-15 19:00:00+00:00,1.0658,1.068,1.0571,1.0629,6530798.0
2025-01-15 20:00:00+00:00,1.063,1.0707,1.0503,1.0562,9937048.7
2025-01-15 21:00:00+00:00,1.0562,1.0636,1.051,1.0578,7786537.9
2025-01-15 22:00:00+00:00,1.0577,1.0707,1.0541,1.0678,10821753.0
2025-01-15 23:00:00+00:00,1.0678,1.09,1.0648,1.0755,20523459.2
2025-01-16 00:00:00+00:00,1.0755,1.0785,1.0369,1.0462,24949536.5
2025-01-16 01:00:00+00:00,1.0462,1.0605,1.0459,1.0571,8742142.6
2025-01-16 02:00:00+00:00,1.057,1.0583,1.0485,1.0514,7398945.9
2025-01-16 03:00:00+00:00,1.0514,1.0571,1.0428,1.0513,7328879.3
2025-01-16 04:00:00+00:00,1.0513,1.0597,1.0506,1.0593,3820522.9
2025-01-16 05:00:00+00:00,1.0593,1.0594,1.0506,1.0518,3720616.0
2025-01-16 06:00:00+00:00,1.0518,1.0605,1.0489,1.0592,5194650.4
2025-01-16 07:00:00+00:00,1.0593,1.0658,1.0563,1.0565,6527308.3
2025-01-16 08:00:00+00:00,1.0565,1.0602,1.0275,1.0346,17422704.5
2025-01-16 09:00:00+00:00,1.0347,1.0448,1.0273,1.0447,11465680.9
2025-01-16 10:00:00+00:00,1.0448,1.0481,1.0385,1.0448,6424024.7
2025-01-16 11:00:00+00:00,1.0449,1.067,1.0383,1.0666,18615260.1
2025-01-16 12:00:00+00:00,1.0666,1.1097,1.0572,1.1063,36072483.4
2025-01-16 13:00:00+00:00,1.1062,1.115,1.0784,1.0889,35648388.6
2025-01-16 14:00:00+00:00,1.0889,1.1042,1.0549,1.0668,37042291.1
2025-01-16 15:00:00+00:00,1.0668,1.1053,1.0659,1.1023,25412844.2
2025-01-16 16:00:00+00:00,1.1023,1.145,1.1018,1.1239,46204020.8
2025-01-16 17:00:00+00:00,1.1238,1.1434,1.1162,1.1282,18030920.0
2025-01-16 18:00:00+00:00,1.1283,1.1319,1.1192,1.1242,12433520.7
2025-01-16 19:00:00+00:00,1.1242,1.1389,1.1218,1.1365,9264069.2
2025-01-16 20:00:00+00:00,1.1364,1.1396,1.122,1.125,10179715.8
2025-01-16 21:00:00+00:00,1.125,1.1266,1.1135,1.1213,8937865.0
2025-01-16 22:00:00+00:00,1.1213,1.1229,1.0826,1.0917,15248104.3
2025-01-16 23:00:00+00:00,1.0917,1.0953,1.0805,1.0892,7165144.2
2025-01-17 00:00:00+00:00,1.0893,1.1022,1.0854,1.1003,9724011.7
2025-01-17 01:00:00+00:00,1.1002,1.1141,1.0916,1.1073,16178604.2
2025-01-17 02:00:00+00:00,1.1073,1.1272,1.1034,1.1109,14445451.0
2025-01-17 03:00:00+00:00,1.1109,1.1193,1.1064,1.1173,6448343.6
2025-01-17 04:00:00+00:00,1.1172,1.13,1.108,1.1278,6949392.9
2025-01-17 05:00:00+00:00,1.1279,1.1346,1.1248,1.1305,9225876.3
2025-01-17 06:00:00+00:00,1.1305,1.1348,1.1217,1.1278,7968637.0
2025-01-17 07:00:00+00:00,1.1278,1.1278,1.1125,1.1153,7277899.9
2025-01-17 08:00:00+00:00,1.1152,1.1252,1.1071,1.1235,12682383.4
2025-01-17 09:00:00+00:00,1.1236,1.127,1.1098,1.1147,9088983.8
2025-01-17 10:00:00+00:00,1.1147,1.1291,1.1135,1.124,12079644.8
2025-01-17 11:00:00+00:00,1.124,1.1334,1.1197,1.1247,8556794.1
2025-01-17 12:00:00+00:00,1.1247,1.1275,1.1085,1.1117,11315337.0
2025-01-17 13:00:00+00:00,1.1116,1.1194,1.0972,1.1054,10538241.7
2025-01-17 14:00:00+00:00,1.1055,1.1195,1.1042,1.1174,10358905.6
2025-01-17 15:00:00+00:00,1.1176,1.1296,1.1035,1.1104,15331839.3
2025-01-17 16:00:00+00:00,1.1104,1.1347,1.1069,1.1313,12014878.4
2025-01-17 17:00:00+00:00,1.1312,1.1498,1.1123,1.1136,21636212.4
2025-01-17 18:00:00+00:00,1.1136,1.1298,1.1123,1.1186,8246404.1
2025-01-17 19:00:00+00:00,1.1186,1.1405,1.1185,1.1378,7943956.2
2025-01-17 20:00:00+00:00,1.1378,1.162,1.1346,1.1565,27041845.7
2025-01-17 21:00:00+00:00,1.1564,1.1662,1.1432,1.1477,15607088.4
2025-01-17 22:00:00+00:00,1.1476,1.1529,1.136,1.1367,6979601.3
2025-01-17 23:00:00+00:00,1.1367,1.1409,1.1252,1.133,8890581.6
2025-01-18 00:00:00+00:00,1.1331,1.1466,1.1331,1.1378,7416561.5
2025-01-18 01:00:00+00:00,1.1378,1.1379,1.1195,1.1258,8422987.5
2025-01-18 02:00:00+00:00,1.1258,1.1307,1.12,1.1227,4138088.1
2025-01-18 03:00:00+00:00,1.1227,1.1268,1.0967,1.1056,17161998.6
2025-01-18 04:00:00+00:00,1.1055,1.111,1.085,1.096,15900298.1
2025-01-18 05:00:00+00:00,1.0961,1.1029,1.058,1.0601,31978022.4
2025-01-18 06:00:00+00:00,1.06,1.0823,1.0595,1.0771,12529607.7
2025-01-18 07:00:00+00:00,1.077,1.0785,1.0628,1.0646,9882071.7
2025-01-18 08:00:00+00:00,1.0647,1.075,1.0482,1.0725,18815940.7
2025-01-18 09:00:00+00:00,1.0726,1.074,1.0615,1.0702,7477899.5
2025-01-18 10:00:00+00:00,1.0703,1.0733,1.0501,1.0591,13076891.4
2025-01-18 11:00:00+00:00,1.059,1.0743,1.0545,1.071,8205784.9
2025-01-18 12:00:00+00:00,1.071,1.0728,1.0619,1.066,6518432.0
2025-01-18 13:00:00+00:00,1.0659,1.095,1.0609,1.095,13075673.0
2025-01-18 14:00:00+00:00,1.095,1.0952,1.07,1.0719,11246995.9
2025-01-18 15:00:00+00:00,1.072,1.0855,1.0617,1.0714,10170674.0
2025-01-18 16:00:00+00:00,1.0714,1.0766,1.054,1.0544,16839094.4
2025-01-18 17:00:00+00:00,1.0545,1.0672,1.0512,1.0554,7516739.5
2025-01-18 18:00:00+00:00,1.0553,1.0665,1.0506,1.058,6602017.2
2025-01-18 19:00:00+00:00,1.0579,1.0764,1.0578,1.0729,7086935.0
2025-01-18 20:00:00+00:00,1.073,1.0743,1.0566,1.0622,5020539.8
2025-01-18 21:00:00+00:00,1.0622,1.072,1.0616,1.0665,3403743.0
2025-01-18 22:00:00+00:00,1.0665,1.0797,1.0651,1.0739,2916131.5
2025-01-18 23:00:00+00:00,1.0739,1.1057,1.0707,1.1045,11378853.5
2025-01-19 00:00:00+00:00,1.1044,1.135,1.0965,1.1208,21238934.7
2025-01-19 01:00:00+00:00,1.1208,1.152,1.1178,1.1372,33686358.3
2025-01-19 02:00:00+00:00,1.1372,1.1409,1.1151,1.116,25381039.7
2025-01-19 03:00:00+00:00,1.116,1.1204,1.0844,1.0886,31816166.1
2025-01-19 04:00:00+00:00,1.0886,1.094,1.0712,1.0728,14933959.5
2025-01-19 05:00:00+00:00,1.0728,1.0796,1.067,1.0795,9213996.7
2025-01-19 06:00:00+00:00,1.0795,1.0867,1.0661,1.0676,17778081.2
2025-01-19 07:00:00+00:00,1.0676,1.0725,1.0594,1.0669,9163955.0
2025-01-19 08:00:00+00:00,1.0669,1.067,1.0371,1.0397,18260116.1
2025-01-19 09:00:00+00:00,1.0398,1.0479,1.0061,1.0443,56514915.3
2025-01-19 10:00:00+00:00,1.0444,1.0497,1.0281,1.0405,16201646.3
2025-01-19 11:00:00+00:00,1.0405,1.0424,1.0157,1.0198,19020442.5
2025-01-19 12:00:00+00:00,1.0199,1.0478,1.0187,1.0452,15663661.7
2025-01-19 13:00:00+00:00,1.0452,1.0596,1.0389,1.0595,13728832.4
2025-01-19 14:00:00+00:00,1.0595,1.0856,1.0542,1.0839,26878452.3
2025-01-19 15:00:00+00:00,1.0838,1.0912,1.0674,1.074,15493826.7
2025-01-19 16:00:00+00:00,1.074,1.0805,1.0666,1.0713,8010137.7
2025-01-19 17:00:00+00:00,1.0714,1.0869,1.0675,1.0864,7811833.4
2025-01-19 18:00:00+00:00,1.0864,1.0885,1.0788,1.0865,10832170.3
2025-01-19 19:00:00+00:00,1.0864,1.088,1.0722,1.0809,7062581.6
2025-01-19 20:00:00+00:00,1.081,1.0894,1.0621,1.066,13655069.0
2025-01-19 21:00:00+00:00,1.066,1.0682,1.0159,1.0163,50995126.6
2025-01-19 22:00:00+00:00,1.0162,1.0384,0.9732,1.0153,56945803.0
2025-01-19 23:00:00+00:00,1.0153,1.0154,0.9636,0.993,60533487.5
2025-01-20 00:00:00+00:00,0.993,0.9946,0.9594,0.9621,59054572.6
2025-01-20 01:00:00+00:00,0.9621,0.9919,0.9621,0.9822,24036629.8
2025-01-20 02:00:00+00:00,0.9822,1.012,0.9805,0.9957,19476691.3
2025-01-20 03:00:00+00:00,0.9957,1.0099,0.9893,1.0072,8018810.1
2025-01-20 04:00:00+00:00,1.0071,1.0154,0.9934,1.0046,7086562.7
2025-01-20 05:00:00+00:00,1.0047,1.0205,1.0013,1.0094,9192217.5
2025-01-20 06:00:00+00:00,1.0095,1.075,1.0092,1.0605,26318002.5
2025-01-20 07:00:00+00:00,1.0602,1.0897,1.0583,1.0777,47415396.4
2025-01-20 08:00:00+00:00,1.0777,1.1014,1.0773,1.0965,20226287.9
2025-01-20 09:00:00+00:00,1.0965,1.0977,1.0659,1.0678,16388973.1
2025-01-20 10:00:00+00:00,1.0678,1.085,1.0677,1.0774,10844483.1
2025-01-20 11:00:00+00:00,1.0773,1.0842,1.068,1.0825,8168254.2
2025-01-20 12:00:00+00:00,1.0825,1.0871,1.0365,1.053,27797736.4
2025-01-20 13:00:00+00:00,1.0531,1.0659,1.0499,1.0658,12455338.2
2025-01-20 14:00:00+00:00,1.0657,1.0757,1.0624,1.0726,10666173.9
2025-01-20 15:00:00+00:00,1.0725,1.0742,1.0432,1.0473,17341682.4
2025-01-20 16:00:00+00:00,1.0473,1.0612,1.0261,1.0593,14883949.4
2025-01-20 17:00:00+00:00,1.0593,1.0606,0.97,1.0075,66568968.5
2025-01-20 18:00:00+00:00,1.0074,1.0446,1.0063,1.0394,20446601.0
2025-01-20 19:00:00+00:00,1.0394,1.0412,1.0288,1.0336,7967412.7
2025-01-20 20:00:00+00:00,1.0337,1.0341,1.0225,1.0271,5530064.5
2025-01-20 21:00:00+00:00,1.027,1.0322,1.0057,1.0079,7707674.7
2025-01-20 22:00:00+00:00,1.0079,1.0249,0.9963,1.0217,8987444.8
2025-01-20 23:00:00+00:00,1.0217,1.0228,1.0029,1.0094,7718040.7
2025-01-21 00:00:00+00:00,1.0095,1.014,0.9919,0.9931,12119493.3
2025-01-21 01:00:00+00:00,0.9932,1.007,0.9853,0.9936,13897973.1
2025-01-21 02:00:00+00:00,0.9936,1.0025,0.9808,0.9963,12540644.4
2025-01-21 03:00:00+00:00,0.9962,1.0014,0.9883,0.9949,6387371.3
2025-01-21 04:00:00+00:00,0.995,0.995,0.9746,0.9944,10973769.1
2025-01-21 05:00:00+00:00,0.9944,0.9961,0.9706,0.9747,13042660.4
2025-01-21 06:00:00+00:00,0.9748,0.9825,0.9658,0.975,13390484.8
2025-01-21 07:00:00+00:00,0.975,0.9827,0.969,0.9765,17184100.6
2025-01-21 08:00:00+00:00,0.9764,0.9784,0.9508,0.9585,41118157.7
2025-01-21 09:00:00+00:00,0.9585,0.9741,0.9556,0.9707,22978633.1
2025-01-21 10:00:00+00:00,0.9706,0.9915,0.964,0.9903,14735766.0
2025-01-21 11:00:00+00:00,0.9903,1.0025,0.9863,1.0002,17236386.4
2025-01-21 12:00:00+00:00,1.0003,1.0099,0.9955,1.0,12646371.0
2025-01-21 13:00:00+00:00,1.0,1.0024,0.9899,0.995,9354812.9
2025-01-21 14:00:00+00:00,0.995,1.0063,0.9811,0.9849,13884019.9
2025-01-21 15:00:00+00:00,0.9849,0.9943,0.9778,0.9939,11790152.0
2025-01-21 16:00:00+00:00,0.9938,1.018,0.9913,0.9999,13525602.4
2025-01-21 17:00:00+00:00,0.9999,1.0202,0.9987,1.0178,7270342.6
2025-01-21 18:00:00+00:00,1.0178,1.0288,1.0125,1.0252,8950387.2
2025-01-21 19:00:00+00:00,1.0252,1.0258,1.0055,1.0147,8561457.3
2025-01-21 20:00:00+00:00,1.0147,1.016,1.0007,1.0087,5267756.4
2025-01-21 21:00:00+00:00,1.0088,1.0108,1.0002,1.0083,4392259.6
2025-01-21 22:00:00+00:00,1.0083,1.0174,1.0053,1.007,5364298.0
2025-01-21 23:00:00+00:00,1.007,1.0075,0.9973,1.0058,6724950.7
2025-01-22 00:00:00+00:00,1.0059,1.0198,1.0007,1.018,5094882.9
2025-01-22 01:00:00+00:00,1.0179,1.0188,1.002,1.0029,6501967.4
2025-01-22 02:00:00+00:00,1.0028,1.0091,0.9987,1.0064,3564060.2
2025-01-22 03:00:00+00:00,1.0064,1.0089,1.0007,1.0028,2795788.9
2025-01-22 04:00:00+00:00,1.0028,1.0069,0.9942,0.9998,5010517.4
2025-01-22 05:00:00+00:00,0.9999,1.0038,0.9973,0.9976,3239786.6
2025-01-22 06:00:00+00:00,0.9976,1.0014,0.9935,1.0,4036970.1
2025-01-22 07:00:00+00:00,1.0,1.0,0.987,0.9904,8713922.8
2025-01-22 08:00:00+00:00,0.9903,0.9942,0.9783,0.9935,7139804.6
2025-01-22 09:00:00+00:00,0.9935,0.9976,0.9896,0.9956,3522109.0
2025-01-22 10:00:00+00:00,0.9956,1.0042,0.9898,1.0042,5174925.0
2025-01-22 11:00:00+00:00,1.0042,1.0156,1.0013,1.0143,10784857.2
2025-01-22 12:00:00+00:00,1.0144,1.0199,1.0086,1.0088,8530135.5
2025-01-22 13:00:00+00:00,1.0088,1.0088,0.9883,0.9929,9895676.7
2025-01-22 14:00:00+00:00,0.9929,1.0,0.9834,0.9924,11600407.2
2025-01-22 15:00:00+00:00,0.9924,1.0,0.9866,0.9907,10120415.9
2025-01-22 16:00:00+00:00,0.9908,0.9979,0.9837,0.9966,9031732.6
2025-01-22 17:00:00+00:00,0.9967,1.0037,0.9951,1.0004,4593721.5
2025-01-22 18:00:00+00:00,1.0004,1.0029,0.9781,0.981,5205824.1
2025-01-22 19:00:00+00:00,0.981,1.0032,0.9808,0.9959,6674906.0
2025-01-22 20:00:00+00:00,0.996,1.0054,0.9946,0.9953,5395529.5
2025-01-22 21:00:00+00:00,0.9953,0.9967,0.9864,0.9897,3697897.4
2025-01-22 22:00:00+00:00,0.9896,0.9955,0.9809,0.9818,3149289.0
2025-01-22 23:00:00+00:00,0.9818,0.985,0.9759,0.9827,4411192.3
2025-01-23 00:00:00+00:00,0.9827,0.9869,0.9777,0.9799,7714263.9
2025-01-23 01:00:00+00:00,0.9798,0.9836,0.9684,0.9697,6522124.7
2025-01-23 02:00:00+00:00,0.9697,0.9721,0.9609,0.971,4851876.8
2025-01-23 03:00:00+00:00,0.971,0.9887,0.9691,0.9742,6999765.5
2025-01-23 04:00:00+00:00,0.9742,0.9749,0.9601,0.9639,7563477.1
2025-01-23 05:00:00+00:00,0.9638,0.9727,0.9636,0.9702,3410536.6
2025-01-23 06:00:00+00:00,0.9701,0.9755,0.9648,0.9673,3127321.6
2025-01-23 07:00:00+00:00,0.9673,0.9733,0.9616,0.9719,4663223.9
2025-01-23 08:00:00+00:00,0.9718,0.9737,0.9614,0.9627,3609118.1
2025-01-23 09:00:00+00:00,0.9627,0.9661,0.9541,0.9576,7340544.1
2025-01-23 10:00:00+00:00,0.9576,0.962,0.9522,0.9564,6736107.2
2025-01-23 11:00:00+00:00,0.9565,0.967,0.9512,0.9665,5621829.3
2025-01-23 12:00:00+00:00,0.9666,0.9674,0.9542,0.9573,4436825.7
2025-01-23 13:00:00+00:00,0.9573,0.9782,0.9534,0.9734,7763117.8
2025-01-23 14:00:00+00:00,0.9733,0.999,0.9659,0.9937,16102938.6
2025-01-23 15:00:00+00:00,0.9938,1.0016,0.9769,0.9949,21603724.5
2025-01-23 16:00:00+00:00,0.9949,1.0118,0.9912,0.9914,13875671.3
2025-01-23 17:00:00+00:00,0.9914,0.995,0.9805,0.9907,6754444.7
2025-01-23 18:00:00+00:00,0.9908,0.9934,0.9763,0.9768,4695515.3
2025-01-23 19:00:00+00:00,0.9769,0.9779,0.9646,0.9693,5516499.6
2025-01-23 20:00:00+00:00,0.9692,1.0036,0.9673,0.9811,26152795.1
2025-01-23 21:00:00+00:00,0.9812,0.984,0.9622,0.9687,7575582.7
2025-01-23 22:00:00+00:00,0.9687,0.992,0.9667,0.989,5663376.3
2025-01-23 23:00:00+00:00,0.9889,0.9945,0.9837,0.9867,4268674.1
2025-01-24 00:00:00+00:00,0.9867,0.9902,0.9687,0.9695,3900131.3
2025-01-24 01:00:00+00:00,0.9695,0.9786,0.966,0.9687,3672827.8
2025-01-24 02:00:00+00:00,0.9688,0.9735,0.9636,0.9673,3059698.8
2025-01-24 03:00:00+00:00,0.9674,0.9883,0.9665,0.9836,9999294.0
2025-01-24 04:00:00+00:00,0.9837,0.9987,0.9763,0.9965,8836732.7
2025-01-24 05:00:00+00:00,0.9964,1.0077,0.995,1.0074,7659719.4
2025-01-24 06:00:00+00:00,1.0075,1.01,0.9951,0.9988,6337863.4
2025-01-24 07:00:00+00:00,0.9989,1.0027,0.9929,0.9978,3824411.3
2025-01-24 08:00:00+00:00,0.9978,1.0035,0.9935,1.0014,5011844.5
2025-01-24 09:00:00+00:00,1.0013,1.0057,0.9952,1.0013,6694652.2
2025-01-24 10:00:00+00:00,1.0012,1.0039,0.9972,1.0032,5099256.2
2025-01-24 11:00:00+00:00,1.0032,1.0042,0.9992,0.9998,4357764.9
2025-01-24 12:00:00+00:00,0.9997,1.004,0.9977,1.004,3881878.7
2025-01-24 13:00:00+00:00,1.004,1.007,0.9975,1.0003,5051729.3
2025-01-24 14:00:00+00:00,1.0003,1.0069,0.9927,1.0018,9920679.9
2025-01-24 15:00:00+00:00,1.0018,1.0049,0.9867,0.995,5844779.0
2025-01-24 16:00:00+00:00,0.995,0.997,0.9858,0.9865,3871745.0
2025-01-24 17:00:00+00:00,0.9865,0.9985,0.984,0.9942,3765604.9
2025-01-24 18:00:00+00:00,0.9942,0.9993,0.9913,0.9934,3157101.6
2025-01-24 19:00:00+00:00,0.9934,0.9958,0.9867,0.9879,2750829.2
2025-01-24 20:00:00+00:00,0.9878,0.991,0.972,0.9723,5206418.8
2025-01-24 21:00:00+00:00,0.9724,0.9808,0.9711,0.9753,5753435.0
2025-01-24 22:00:00+00:00,0.9753,0.9798,0.969,0.9701,3525117.8
2025-01-24 23:00:00+00:00,0.9701,0.9725,0.967,0.9712,3243412.6
2025-01-25 00:00:00+00:00,0.9712,0.9741,0.9643,0.9645,4022741.7
2025-01-25 01:00:00+00:00,0.9645,0.9812,0.9642,0.9759,4148683.6
2025-01-25 02:00:00+00:00,0.9758,0.9784,0.9729,0.9774,1504691.3
2025-01-25 03:00:00+00:00,0.9773,0.9881,0.9742,0.9876,3203871.1
2025-01-25 04:00:00+00:00,0.9876,0.9897,0.9796,0.9815,2100386.1
2025-01-25 05:00:00+00:00,0.9816,0.9833,0.9766,0.9784,1972923.9
2025-01-25 06:00:00+00:00,0.9784,0.9799,0.9704,0.9728,2416402.6
2025-01-25 07:00:00+00:00,0.9728,0.9775,0.9713,0.9764,1585810.7
2025-01-25 08:00:00+00:00,0.9764,0.9798,0.9734,0.9754,2198061.4
2025-01-25 09:00:00+00:00,0.9754,0.9773,0.9701,0.9733,2480268.6
2025-01-25 10:00:00+00:00,0.9732,0.9765,0.9683,0.9761,2375485.2
2025-01-25 11:00:00+00:00,0.9761,0.9811,0.974,0.9797,1813799.7
2025-01-25 12:00:00+00:00,0.9796,0.9807,0.9758,0.9794,1637699.2
2025-01-25 13:00:00+00:00,0.9794,0.9835,0.9764,0.9775,3023261.5
2025-01-25 14:00:00+00:00,0.9775,0.9809,0.9722,0.9807,2068073.9
2025-01-25 15:00:00+00:00,0.9807,0.9891,0.9798,0.9871,4348293.8
2025-01-25 16:00:00+00:00,0.9872,0.9919,0.9828,0.9854,2927049.3
2025-01-25 17:00:00+00:00,0.9854,0.9856,0.9771,0.9832,2813565.2
2025-01-25 18:00:00+00:00,0.9832,0.9856,0.9796,0.9838,1951250.2
2025-01-25 19:00:00+00:00,0.9838,0.9887,0.9824,0.9844,1695839.3
2025-01-25 20:00:00+00:00,0.9844,0.9879,0.9816,0.9817,1604329.8
2025-01-25 21:00:00+00:00,0.9817,0.9833,0.9783,0.9819,1603486.9
2025-01-25 22:00:00+00:00,0.9819,0.9871,0.9812,0.9822,1505095.4
2025-01-25 23:00:00+00:00,0.9821,0.9836,0.9749,0.9766,1720586.4
2025-01-26 00:00:00+00:00,0.9766,0.9817,0.9745,0.9787,1629681.4
2025-01-26 01:00:00+00:00,0.9786,0.9816,0.9755,0.9776,2070952.3
2025-01-26 02:00:00+00:00,0.9776,0.9792,0.9739,0.9776,1457411.6
2025-01-26 03:00:00+00:00,0.9776,0.9867,0.9773,0.9835,3037012.9
2025-01-26 04:00:00+00:00,0.9836,0.988,0.9817,0.984,3272663.3
2025-01-26 05:00:00+00:00,0.984,0.9892,0.9816,0.9872,2298880.2
2025-01-26 06:00:00+00:00,0.9873,0.988,0.9849,0.9869,1383963.2
2025-01-26 07:00:00+00:00,0.9869,0.9928,0.9869,0.9926,2671978.2
2025-01-26 08:00:00+00:00,0.9927,0.9945,0.9885,0.9933,3212810.3
2025-01-26 09:00:00+00:00,0.9932,0.9935,0.9791,0.9825,2821078.8
2025-01-26 10:00:00+00:00,0.9826,0.9873,0.9796,0.9871,1907951.5
2025-01-26 11:00:00+00:00,0.9872,0.9896,0.9852,0.9865,2521365.3
2025-01-26 12:00:00+00:00,0.9865,0.9908,0.9843,0.9907,1716838.2
2025-01-26 13:00:00+00:00,0.9907,0.9948,0.988,0.9902,3343532.4
2025-01-26 14:00:00+00:00,0.9902,0.9931,0.9868,0.9916,2172103.9
2025-01-26 15:00:00+00:00,0.9916,0.994,0.9905,0.9924,2230408.3
2025-01-26 16:00:00+00:00,0.9923,0.9937,0.988,0.9933,2643691.3
2025-01-26 17:00:00+00:00,0.9933,0.9962,0.9904,0.9939,2978763.6
2025-01-26 18:00:00+00:00,0.994,1.0003,0.9922,0.9952,3836329.7
2025-01-26 19:00:00+00:00,0.9952,1.0001,0.9942,0.9991,2035516.6
2025-01-26 20:00:00+00:00,0.9991,0.9996,0.9885,0.9895,3123170.4
2025-01-26 21:00:00+00:00,0.9896,0.991,0.9815,0.9816,3761680.1
2025-01-26 22:00:00+00:00,0.9815,0.9817,0.9691,0.9718,5508671.8
2025-01-26 23:00:00+00:00,0.9718,0.9718,0.9515,0.953,11561464.0
2025-01-27 00:00:00+00:00,0.953,0.9587,0.9371,0.9392,12888256.2
2025-01-27 01:00:00+00:00,0.9392,0.9436,0.9236,0.9271,12795106.2
2025-01-27 02:00:00+00:00,0.927,0.9291,0.9157,0.9177,12037109.6
2025-01-27 03:00:00+00:00,0.9178,0.9334,0.915,0.9289,7045173.6
2025-01-27 04:00:00+00:00,0.929,0.929,0.9108,0.9113,7684794.7
2025-01-27 05:00:00+00:00,0.9112,0.9152,0.8982,0.9082,12544418.8
2025-01-27 06:00:00+00:00,0.9082,0.914,0.8888,0.8933,16239438.3
2025-01-27 07:00:00+00:00,0.8933,0.8985,0.8568,0.8875,40652485.3
2025-01-27 08:00:00+00:00,0.8875,0.8879,0.8666,0.8808,17914478.2
2025-01-27 09:00:00+00:00,0.8808,0.8928,0.8768,0.89,11918713.9
2025-01-27 10:00:00+00:00,0.89,0.89,0.8696,0.8724,10831734.4
2025-01-27 11:00:00+00:00,0.8723,0.89,0.872,0.8809,6528262.7
2025-01-27 12:00:00+00:00,0.8809,0.9144,0.8802,0.9096,10174859.6
2025-01-27 13:00:00+00:00,0.9095,0.9247,0.9026,0.9067,14820453.1
2025-01-27 14:00:00+00:00,0.9067,0.9269,0.9021,0.9241,10069598.4
2025-01-27 15:00:00+00:00,0.924,0.9279,0.9154,0.9186,7636101.4
2025-01-27 16:00:00+00:00,0.9187,0.928,0.9055,0.9082,8316663.2
2025-01-27 17:00:00+00:00,0.9082,0.9147,0.9001,0.9026,6485522.5
2025-01-27 18:00:00+00:00,0.9027,0.909,0.8941,0.8979,4967083.2
2025-01-27 19:00:00+00:00,0.8979,0.9104,0.8979,0.9053,4980635.4
2025-01-27 20:00:00+00:00,0.9053,0.935,0.9053,0.9319,6204678.3
2025-01-27 21:00:00+00:00,0.9318,0.9468,0.9256,0.9291,8673167.3
2025-01-27 22:00:00+00:00,0.9292,0.9345,0.9232,0.9301,4246298.6
2025-01-27 23:00:00+00:00,0.9302,0.9352,0.9279,0.9345,2295382.9
2025-01-28 00:00:00+00:00,0.9346,0.9431,0.9281,0.9298,4665213.2
2025-01-28 01:00:00+00:00,0.9299,0.9317,0.9246,0.9279,2188107.6
2025-01-28 02:00:00+00:00,0.9278,0.9387,0.9275,0.9378,2502825.0
2025-01-28 03:00:00+00:00,0.9378,0.944,0.9317,0.942,3748141.0
2025-01-28 04:00:00+00:00,0.942,0.9554,0.9411,0.9503,5552949.2
2025-01-28 05:00:00+00:00,0.9503,0.9639,0.9492,0.9585,5265566.7
2025-01-28 06:00:00+00:00,0.9585,0.9612,0.9511,0.9516,4579514.3
2025-01-28 07:00:00+00:00,0.9516,0.9614,0.9495,0.9574,3920108.0
2025-01-28 08:00:00+00:00,0.9574,0.9594,0.9497,0.9553,3879340.1
2025-01-28 09:00:00+00:00,0.9552,0.9568,0.9444,0.9521,4000214.0
2025-01-28 10:00:00+00:00,0.9522,0.9618,0.9507,0.9614,4029991.0
2025-01-28 11:00:00+00:00,0.9614,0.9684,0.9537,0.9612,5183740.6
2025-01-28 12:00:00+00:00,0.9611,0.9669,0.9541,0.9584,5733024.0
2025-01-28 13:00:00+00:00,0.9584,0.968,0.9544,0.9573,4499643.9
2025-01-28 14:00:00+00:00,0.9573,0.958,0.9451,0.9533,9026693.3
2025-01-28 15:00:00+00:00,0.9533,0.968,0.9527,0.959,9572748.8
2025-01-28 16:00:00+00:00,0.9589,0.9608,0.9383,0.944,9226614.4
2025-01-28 17:00:00+00:00,0.944,0.9534,0.9419,0.944,5308541.8
2025-01-28 18:00:00+00:00,0.944,0.9483,0.9313,0.9322,5221635.0
2025-01-28 19:00:00+00:00,0.9321,0.9377,0.9293,0.9348,4850855.5
2025-01-28 20:00:00+00:00,0.9349,0.9364,0.9177,0.9189,6326829.4
2025-01-28 21:00:00+00:00,0.9188,0.9258,0.9048,0.9053,5994551.6
2025-01-28 22:00:00+00:00,0.9052,0.9187,0.9031,0.9176,5275014.4
2025-01-28 23:00:00+00:00,0.9176,0.9208,0.9075,0.9169,4155360.1
2025-01-29 00:00:00+00:00,0.9168,0.9284,0.9156,0.9242,3979988.1
2025-01-29 01:00:00+00:00,0.9243,0.9282,0.9203,0.924,3329555.9
2025-01-29 02:00:00+00:00,0.924,0.9349,0.9232,0.9242,3292507.9
2025-01-29 03:00:00+00:00,0.9242,0.9416,0.9229,0.9399,4046740.2
2025-01-29 04:00:00+00:00,0.9399,0.9503,0.9359,0.9425,4717740.5
2025-01-29 05:00:00+00:00,0.9425,0.9455,0.938,0.9439,3250913.7
2025-01-29 06:00:00+00:00,0.9439,0.9485,0.9425,0.9451,3373896.4
2025-01-29 07:00:00+00:00,0.9451,0.9452,0.9391,0.9438,2099497.4
2025-01-29 08:00:00+00:00,0.9437,0.9467,0.9372,0.9385,2876945.3
2025-01-29 09:00:00+00:00,0.9385,0.9386,0.9257,0.9289,5562732.7
2025-01-29 10:00:00+00:00,0.9289,0.9369,0.9256,0.9338,3182898.4
2025-01-29 11:00:00+00:00,0.9339,0.9373,0.9295,0.9331,3586339.0
2025-01-29 12:00:00+00:00,0.9331,0.9347,0.9238,0.9241,2878877.1
2025-01-29 13:00:00+00:00,0.9241,0.9258,0.9129,0.9193,6219208.3
2025-01-29 14:00:00+00:00,0.9193,0.9232,0.912,0.9169,4416407.9
2025-01-29 15:00:00+00:00,0.917,0.9248,0.9157,0.9224,4931856.9
2025-01-29 16:00:00+00:00,0.9223,0.9225,0.9144,0.9216,3438579.1
2025-01-29 17:00:00+00:00,0.9215,0.9299,0.9175,0.924,5234870.3
2025-01-29 18:00:00+00:00,0.924,0.9358,0.9162,0.9326,4464093.4
2025-01-29 19:00:00+00:00,0.9326,0.9512,0.9018,0.9356,28949286.2
2025-01-29 20:00:00+00:00,0.9356,0.9603,0.9249,0.9509,16662886.3
2025-01-29 21:00:00+00:00,0.9509,0.9601,0.9423,0.9538,5756303.3
2025-01-29 22:00:00+00:00,0.9539,0.9558,0.9422,0.9454,3957041.2
2025-01-29 23:00:00+00:00,0.9453,0.9534,0.9388,0.9399,4933124.2
2025-01-30 00:00:00+00:00,0.9398,0.951,0.9363,0.9499,3322433.5
2025-01-30 01:00:00+00:00,0.9499,0.9644,0.9474,0.9573,4117130.3
2025-01-30 02:00:00+00:00,0.9573,0.9634,0.9539,0.9632,2203022.2
2025-01-30 03:00:00+00:00,0.9633,0.9684,0.9613,0.9675,2785343.7
2025-01-30 04:00:00+00:00,0.9674,0.9712,0.9633,0.9673,4431762.6
2025-01-30 05:00:00+00:00,0.9674,0.9684,0.9546,0.9603,4328865.0
2025-01-30 06:00:00+00:00,0.9603,0.9645,0.9597,0.9608,2146846.6
2025-01-30 07:00:00+00:00,0.9608,0.964,0.9577,0.9618,1614919.0
2025-01-30 08:00:00+00:00,0.9619,0.9652,0.956,0.9581,2821245.7
2025-01-30 09:00:00+00:00,0.9581,0.9673,0.9575,0.9635,2356656.1
2025-01-30 10:00:00+00:00,0.9634,0.9637,0.9587,0.9622,2652683.1
2025-01-30 11:00:00+00:00,0.9621,0.9654,0.9585,0.9638,2121926.2
2025-01-30 12:00:00+00:00,0.9638,0.9647,0.9528,0.9555,2630299.0
2025-01-30 13:00:00+00:00,0.9554,0.9643,0.9508,0.9608,4051113.4
2025-01-30 14:00:00+00:00,0.9607,0.9798,0.9587,0.978,8793310.6
2025-01-30 15:00:00+00:00,0.978,0.9886,0.9751,0.9761,11751263.7
2025-01-30 16:00:00+00:00,0.9762,0.9806,0.9707,0.9712,4659464.6
2025-01-30 17:00:00+00:00,0.9713,0.9723,0.966,0.9687,3694483.2
2025-01-30 18:00:00+00:00,0.9687,0.9746,0.9642,0.9692,4868507.6
2025-01-30 19:00:00+00:00,0.9693,0.9701,0.9618,0.9685,2660558.0
2025-01-30 20:00:00+00:00,0.9685,0.9704,0.959,0.9614,3009672.4
2025-01-30 21:00:00+00:00,0.9615,0.9662,0.9611,0.9632,1885654.6
2025-01-30 22:00:00+00:00,0.9631,0.9689,0.9605,0.966,2034652.4
2025-01-30 23:00:00+00:00,0.966,0.9692,0.9593,0.9595,1779325.4
2025-01-31 00:00:00+00:00,0.9595,0.9622,0.9517,0.9559,3987603.8
2025-01-31 01:00:00+00:00,0.9559,0.958,0.9472,0.9521,2963627.4
2025-01-31 02:00:00+00:00,0.9522,0.9524,0.9434,0.9443,3708388.5
2025-01-31 03:00:00+00:00,0.9442,0.9445,0.9383,0.9436,3363123.6
2025-01-31 04:00:00+00:00,0.9436,0.9436,0.936,0.937,2182750.4
2025-01-31 05:00:00+00:00,0.937,0.9477,0.9366,0.9466,2720118.6
2025-01-31 06:00:00+00:00,0.9465,0.9563,0.9456,0.9559,3432266.2
2025-01-31 07:00:00+00:00,0.9559,0.9646,0.9503,0.9512,4810234.6
2025-01-31 08:00:00+00:00,0.9512,0.9521,0.9439,0.947,2618942.3
2025-01-31 09:00:00+00:00,0.9471,0.9577,0.9457,0.9565,3508024.3
2025-01-31 10:00:00+00:00,0.9564,0.9584,0.9503,0.9544,1955125.3
2025-01-31 11:00:00+00:00,0.9544,0.9762,0.9537,0.9742,7994261.4
2025-01-31 12:00:00+00:00,0.9741,0.9798,0.9716,0.9758,6940950.8
2025-01-31 13:00:00+00:00,0.9759,0.9812,0.9681,0.9704,8056850.6
2025-01-31 14:00:00+00:00,0.9705,0.977,0.9635,0.9685,5705857.5
2025-01-31 15:00:00+00:00,0.9686,0.9837,0.9684,0.9792,8623126.9
2025-01-31 16:00:00+00:00,0.9791,0.9834,0.9673,0.973,5544403.8
2025-01-31 17:00:00+00:00,0.9731,0.9733,0.9614,0.9641,3525746.1
2025-01-31 18:00:00+00:00,0.9641,0.9686,0.9435,0.949,8071358.8
2025-01-31 19:00:00+00:00,0.949,0.9585,0.9448,0.9459,7385220.5
2025-01-31 20:00:00+00:00,0.9458,0.9475,0.9347,0.943,7250354.9
2025-01-31 21:00:00+00:00,0.9429,0.9481,0.935,0.9481,3743465.4
2025-01-31 22:00:00+00:00,0.948,0.9507,0.9415,0.9434,3452309.2
2025-01-31 23:00:00+00:00,0.9434,0.9442,0.9387,0.9429,2274654.3
2025-02-01 00:00:00+00:00,0.9428,0.949,0.9391,0.9489,2745923.3
2025-02-01 01:00:00+00:00,0.9489,0.9553,0.9484,0.9501,4074004.7
2025-02-01 02:00:00+00:00,0.9501,0.9576,0.9481,0.9564,2312481.0
2025-02-01 03:00:00+00:00,0.9564,0.9573,0.9432,0.9454,1887018.8
2025-02-01 04:00:00+00:00,0.9454,0.9496,0.9436,0.9459,2446742.0
2025-02-01 05:00:00+00:00,0.9458,0.9554,0.9449,0.9526,2180449.0
2025-02-01 06:00:00+00:00,0.9526,0.9526,0.941,0.9456,2077833.1
2025-02-01 07:00:00+00:00,0.9456,0.9482,0.9363,0.9375,2889270.7
2025-02-01 08:00:00+00:00,0.9374,0.9397,0.9291,0.9348,6294860.2
2025-02-01 09:00:00+00:00,0.9347,0.935,0.919,0.9235,5086142.3
2025-02-01 10:00:00+00:00,0.9235,0.9308,0.9226,0.9239,3146537.8
2025-02-01 11:00:00+00:00,0.9238,0.9331,0.9228,0.9329,2612960.7
2025-02-01 12:00:00+00:00,0.9329,0.9366,0.93,0.9342,2369599.5
2025-02-01 13:00:00+00:00,0.9342,0.9365,0.9232,0.9243,2464553.9
2025-02-01 14:00:00+00:00,0.9243,0.931,0.9226,0.9233,3365425.5
2025-02-01 15:00:00+00:00,0.9233,0.9296,0.9178,0.927,3764321.3
2025-02-01 16:00:00+00:00,0.9271,0.9319,0.9225,0.9231,2188906.6
2025-02-01 17:00:00+00:00,0.9232,0.9331,0.9232,0.9304,2044337.9
2025-02-01 18:00:00+00:00,0.9305,0.9308,0.9199,0.9208,3491748.3
2025-02-01 19:00:00+00:00,0.9209,0.9213,0.9082,0.9144,7549397.0
2025-02-01 20:00:00+00:00,0.9143,0.915,0.9034,0.9121,5624661.8
2025-02-01 21:00:00+00:00,0.9121,0.919,0.9056,0.9082,3605881.3
2025-02-01 22:00:00+00:00,0.9082,0.9118,0.8989,0.9032,6338888.1
2025-02-01 23:00:00+00:00,0.9032,0.9037,0.8875,0.8948,7822841.0
2025-02-02 00:00:00+00:00,0.8947,0.9112,0.8933,0.9078,4431589.6
2025-02-02 01:00:00+00:00,0.9079,0.9113,0.9053,0.9069,2731028.1
2025-02-02 02:00:00+00:00,0.9068,0.9069,0.8859,0.8871,5588981.3
2025-02-02 03:00:00+00:00,0.8871,0.892,0.8661,0.8681,15813920.0
2025-02-02 04:00:00+00:00,0.8681,0.881,0.8657,0.8754,6617980.9
2025-02-02 05:00:00+00:00,0.8755,0.8915,0.8747,0.8896,4797638.4
2025-02-02 06:00:00+00:00,0.8895,0.8958,0.8872,0.8908,4809685.2
2025-02-02 07:00:00+00:00,0.8909,0.891,0.8752,0.88,4520960.3
2025-02-02 08:00:00+00:00,0.8799,0.8975,0.8779,0.8917,3819970.1
2025-02-02 09:00:00+00:00,0.8916,0.8958,0.8867,0.8952,3391197.1
2025-02-02 10:00:00+00:00,0.8952,0.8954,0.8813,0.8865,2941590.2
2025-02-02 11:00:00+00:00,0.8864,0.8893,0.8638,0.8693,8728441.7
2025-02-02 12:00:00+00:00,0.8693,0.8788,0.858,0.8585,9352296.3
2025-02-02 13:00:00+00:00,0.8585,0.8767,0.8579,0.8766,8790309.4
2025-02-02 14:00:00+00:00,0.8766,0.8829,0.873,0.8733,5664469.3
2025-02-02 15:00:00+00:00,0.8733,0.8733,0.8585,0.8704,6126121.7
2025-02-02 16:00:00+00:00,0.8704,0.871,0.8291,0.8349,23999433.0
2025-02-02 17:00:00+00:00,0.835,0.8391,0.7942,0.8027,46203129.4
2025-02-02 18:00:00+00:00,0.8028,0.8221,0.7929,0.7965,38731701.2
2025-02-02 19:00:00+00:00,0.7965,0.8253,0.786,0.8159,28438181.1
2025-02-02 20:00:00+00:00,0.8159,0.8273,0.8067,0.8109,9519320.0
2025-02-02 21:00:00+00:00,0.8109,0.814,0.7889,0.793,12555487.1
2025-02-02 22:00:00+00:00,0.793,0.8097,0.7513,0.7942,36554711.2
2025-02-02 23:00:00+00:00,0.7941,0.8052,0.7617,0.8052,46395584.0
2025-02-03 00:00:00+00:00,0.8051,0.8053,0.7302,0.7649,77804463.0
2025-02-03 01:00:00+00:00,0.765,0.7739,0.6,0.6254,128267984.4
2025-02-03 02:00:00+00:00,0.6257,0.6387,0.506,0.6235,303190018.7
2025-02-03 03:00:00+00:00,0.6236,0.6752,0.6217,0.6598,101086590.6
2025-02-03 04:00:00+00:00,0.6599,0.6739,0.626,0.6304,49632022.3
2025-02-03 05:00:00+00:00,0.6305,0.683,0.6297,0.6828,38379752.9
2025-02-03 06:00:00+00:00,0.6828,0.6925,0.6675,0.6866,40232928.2
2025-02-03 07:00:00+00:00,0.6865,0.721,0.6829,0.7186,41753764.7
2025-02-03 08:00:00+00:00,0.7186,0.7186,0.6831,0.6974,40175240.6
2025-02-03 09:00:00+00:00,0.6975,0.7125,0.6821,0.6913,50639712.3
2025-02-03 10:00:00+00:00,0.6913,0.7193,0.6906,0.7163,23404372.2
2025-02-03 11:00:00+00:00,0.7163,0.7192,0.7032,0.7125,19013926.3
2025-02-03 12:00:00+00:00,0.7125,0.7272,0.7064,0.7074,25463248.2
2025-02-03 13:00:00+00:00,0.7075,0.7145,0.6898,0.697,20474426.7
2025-02-03 14:00:00+00:00,0.6971,0.7284,0.6726,0.723,101644719.8
2025-02-03 15:00:00+00:00,0.723,0.7752,0.7133,0.7654,80512136.3
2025-02-03 16:00:00+00:00,0.7653,0.778,0.7555,0.7639,42834039.7
2025-02-03 17:00:00+00:00,0.7638,0.7823,0.7568,0.7781,39974555.5
2025-02-03 18:00:00+00:00,0.7781,0.7857,0.7659,0.7852,28088718.4
2025-02-03 19:00:00+00:00,0.7852,0.8043,0.7829,0.801,29264675.3
2025-02-03 20:00:00+00:00,0.8009,0.801,0.7753,0.7818,19710204.8
2025-02-03 21:00:00+00:00,0.7817,0.808,0.7816,0.8025,9507676.2
2025-02-03 22:00:00+00:00,0.8026,0.8245,0.802,0.8185,16804163.0
2025-02-03 23:00:00+00:00,0.8186,0.823,0.803,0.812,9091889.4
2025-02-04 00:00:00+00:00,0.8121,0.8198,0.8026,0.8036,9694930.6
2025-02-04 01:00:00+00:00,0.8036,0.8186,0.8012,0.8148,9899968.3
2025-02-04 02:00:00+00:00,0.8147,0.8164,0.7927,0.7944,9238639.2
2025-02-04 03:00:00+00:00,0.7945,0.7977,0.7856,0.7922,7649568.7
2025-02-04 04:00:00+00:00,0.7921,0.7948,0.7774,0.7794,11648505.6
2025-02-04 05:00:00+00:00,0.7795,0.7799,0.7398,0.7455,35020893.0
2025-02-04 06:00:00+00:00,0.7456,0.7588,0.7452,0.7528,10728296.1
2025-02-04 07:00:00+00:00,0.7528,0.7533,0.715,0.7165,15461721.0
2025-02-04 08:00:00+00:00,0.7165,0.7351,0.7165,0.7265,15903963.1
2025-02-04 09:00:00+00:00,0.7264,0.7427,0.726,0.7349,9708048.3
2025-02-04 10:00:00+00:00,0.7348,0.7527,0.7342,0.7463,9683135.0
2025-02-04 11:00:00+00:00,0.7462,0.7589,0.745,0.7469,10159533.6
2025-02-04 12:00:00+00:00,0.7469,0.7673,0.7464,0.7605,13614243.8
2025-02-04 13:00:00+00:00,0.7605,0.7675,0.75,0.7533,11651749.7
2025-02-04 14:00:00+00:00,0.7533,0.7782,0.747,0.7711,25028081.8
2025-02-04 15:00:00+00:00,0.7711,0.7751,0.7479,0.7582,17648270.1
2025-02-04 16:00:00+00:00,0.7583,0.7699,0.7552,0.7585,7350476.9
2025-02-04 17:00:00+00:00,0.7586,0.7668,0.7498,0.7561,10196995.7
2025-02-04 18:00:00+00:00,0.7561,0.7666,0.7527,0.7635,5871599.1
2025-02-04 19:00:00+00:00,0.7635,0.7897,0.752,0.752,22946344.3
2025-02-04 20:00:00+00:00,0.7521,0.7618,0.7391,0.7468,24067183.3
2025-02-04 21:00:00+00:00,0.7468,0.7473,0.7217,0.7248,23572255.4
2025-02-04 22:00:00+00:00,0.7248,0.7417,0.7239,0.7401,11844217.9
2025-02-04 23:00:00+00:00,0.7402,0.7494,0.7366,0.7439,7614100.3
2025-02-05 00:00:00+00:00,0.744,0.75,0.7386,0.7426,6391895.1
2025-02-05 01:00:00+00:00,0.7425,0.7545,0.7424,0.7448,5929172.6
2025-02-05 02:00:00+00:00,0.7448,0.7591,0.7387,0.7547,8394240.7
2025-02-05 03:00:00+00:00,0.7546,0.7594,0.7492,0.7533,6184743.4
2025-02-05 04:00:00+00:00,0.7533,0.7554,0.7472,0.7492,3141736.2
2025-02-05 05:00:00+00:00,0.7493,0.7591,0.7409,0.756,6937756.0
2025-02-05 06:00:00+00:00,0.756,0.756,0.7415,0.7459,5938611.6
2025-02-05 07:00:00+00:00,0.7459,0.7551,0.7422,0.7513,7289258.0
2025-02-05 08:00:00+00:00,0.7513,0.7546,0.7459,0.7518,3698312.3
2025-02-05 09:00:00+00:00,0.7518,0.759,0.7462,0.7491,5160372.5
2025-02-05 10:00:00+00:00,0.749,0.7574,0.7483,0.7539,3449916.8
2025-02-05 11:00:00+00:00,0.7539,0.7698,0.7539,0.7686,7116285.7
2025-02-05 12:00:00+00:00,0.7686,0.7734,0.7599,0.7623,6398219.0
2025-02-05 13:00:00+00:00,0.7623,0.7721,0.7601,0.7707,6373189.7
2025-02-05 14:00:00+00:00,0.7706,0.7764,0.7617,0.7635,7991847.7
2025-02-05 15:00:00+00:00,0.7635,0.773,0.7534,0.7629,11258531.7
2025-02-05 16:00:00+00:00,0.7628,0.7656,0.7419,0.7528,16329242.4
2025-02-05 17:00:00+00:00,0.7529,0.7565,0.7322,0.7364,11516480.5
2025-02-05 18:00:00+00:00,0.7364,0.7449,0.7281,0.7333,11153883.2
2025-02-05 19:00:00+00:00,0.7332,0.7498,0.7302,0.7486,9674009.8
2025-02-05 20:00:00+00:00,0.7486,0.7529,0.7334,0.7414,6631283.0
2025-02-05 21:00:00+00:00,0.7414,0.7453,0.735,0.7381,5096765.2
2025-02-05 22:00:00+00:00,0.738,0.7426,0.7251,0.7296,8449307.7
2025-02-05 23:00:00+00:00,0.7296,0.737,0.7283,0.7325,4212813.5
2025-02-06 00:00:00+00:00,0.7325,0.7422,0.7311,0.7352,3463270.3
2025-02-06 01:00:00+00:00,0.7353,0.749,0.7321,0.743,4795851.1
2025-02-06 02:00:00+00:00,0.743,0.7522,0.7419,0.7477,3470739.6
2025-02-06 03:00:00+00:00,0.7477,0.7529,0.7439,0.7496,2542119.3
2025-02-06 04:00:00+00:00,0.7496,0.7572,0.7482,0.7562,3687283.6
2025-02-06 05:00:00+00:00,0.7563,0.7577,0.7513,0.7536,3901068.0
2025-02-06 06:00:00+00:00,0.7537,0.766,0.7501,0.7653,5267911.5
2025-02-06 07:00:00+00:00,0.7652,0.7652,0.7577,0.7599,3646369.4
2025-02-06 08:00:00+00:00,0.76,0.7618,0.7534,0.7544,5210826.0
2025-02-06 09:00:00+00:00,0.7544,0.765,0.7519,0.7615,6155250.3
2025-02-06 10:00:00+00:00,0.7616,0.7658,0.7557,0.7616,5447143.9
2025-02-06 11:00:00+00:00,0.7615,0.7628,0.7483,0.7555,5330837.5
2025-02-06 12:00:00+00:00,0.7556,0.757,0.738,0.741,7543267.6
2025-02-06 13:00:00+00:00,0.741,0.7516,0.7394,0.748,8950764.5
2025-02-06 14:00:00+00:00,0.7481,0.7497,0.728,0.7312,14105179.9
2025-02-06 15:00:00+00:00,0.7313,0.7345,0.7034,0.711,26693031.7
2025-02-06 16:00:00+00:00,0.711,0.7181,0.7028,0.7071,15380496.0
2025-02-06 17:00:00+00:00,0.707,0.7248,0.7028,0.7126,9545101.4
2025-02-06 18:00:00+00:00,0.7127,0.7168,0.7054,0.7055,9195594.1
2025-02-06 19:00:00+00:00,0.7054,0.7161,0.6978,0.702,14469221.5
2025-02-06 20:00:00+00:00,0.7021,0.7213,0.7004,0.72,9971534.7
2025-02-06 21:00:00+00:00,0.7201,0.7217,0.7016,0.7135,9993083.6
2025-02-06 22:00:00+00:00,0.7135,0.7136,0.7023,0.7123,5145993.5
2025-02-06 23:00:00+00:00,0.7123,0.7135,0.6981,0.7052,3666708.3
2025-02-07 00:00:00+00:00,0.7052,0.7211,0.7041,0.7132,7403567.2
2025-02-07 01:00:00+00:00,0.7133,0.733,0.713,0.7267,7234886.0
2025-02-07 02:00:00+00:00,0.7266,0.7321,0.7239,0.7266,4551593.9
2025-02-07 03:00:00+00:00,0.7266,0.73,0.718,0.723,3345625.8
2025-02-07 04:00:00+00:00,0.7231,0.7289,0.7209,0.7223,2356482.3
2025-02-07 05:00:00+00:00,0.7223,0.7241,0.7132,0.7176,3793111.3
2025-02-07 06:00:00+00:00,0.7176,0.7185,0.703,0.7104,6159812.9
2025-02-07 07:00:00+00:00,0.7104,0.7222,0.7103,0.7138,5909237.7
2025-02-07 08:00:00+00:00,0.7139,0.725,0.7107,0.7202,5017045.3
2025-02-07 09:00:00+00:00,0.7202,0.7304,0.7186,0.73,6519856.8
2025-02-07 10:00:00+00:00,0.7299,0.7344,0.727,0.7298,6404938.9
2025-02-07 11:00:00+00:00,0.7299,0.7378,0.7283,0.7332,9393040.1
2025-02-07 12:00:00+00:00,0.7331,0.735,0.7265,0.7305,11284669.5
2025-02-07 13:00:00+00:00,0.7306,0.7465,0.7205,0.7438,19128705.4
2025-02-07 14:00:00+00:00,0.7439,0.7532,0.7397,0.747,18569118.3
2025-02-07 15:00:00+00:00,0.747,0.7473,0.7232,0.731,23093121.6
2025-02-07 16:00:00+00:00,0.7311,0.7349,0.7223,0.7256,9604917.4
2025-02-07 17:00:00+00:00,0.7256,0.728,0.7154,0.7189,8953866.9
2025-02-07 18:00:00+00:00,0.719,0.7312,0.7177,0.7249,5463324.1
2025-02-07 19:00:00+00:00,0.7249,0.7256,0.7145,0.7148,5553814.5
2025-02-07 20:00:00+00:00,0.7148,0.7158,0.6947,0.6968,16263464.5
2025-02-07 21:00:00+00:00,0.6969,0.7063,0.6966,0.6991,7008085.0
2025-02-07 22:00:00+00:00,0.6992,0.6993,0.6902,0.6969,8313674.9
2025-02-07 23:00:00+00:00,0.697,0.7077,0.6951,0.7072,4864225.6
2025-02-08 00:00:00+00:00,0.7072,0.718,0.7048,0.7128,5977824.6
2025-02-08 01:00:00+00:00,0.7128,0.7128,0.7025,0.7033,4535636.0
2025-02-08 02:00:00+00:00,0.7034,0.7053,0.6985,0.7031,3573418.3
2025-02-08 03:00:00+00:00,0.703,0.7084,0.6985,0.7011,4703412.4
2025-02-08 04:00:00+00:00,0.7011,0.7018,0.6943,0.6956,3825279.8
2025-02-08 05:00:00+00:00,0.6956,0.6962,0.6903,0.6936,3957100.3
2025-02-08 06:00:00+00:00,0.6936,0.6985,0.6916,0.6944,3977945.6
2025-02-08 07:00:00+00:00,0.6943,0.7034,0.6874,0.6993,7097928.8
2025-02-08 08:00:00+00:00,0.6993,0.7014,0.6906,0.6907,2716349.6
2025-02-08 09:00:00+00:00,0.6907,0.6965,0.6905,0.6933,3093286.5
2025-02-08 10:00:00+00:00,0.6934,0.6959,0.6864,0.6895,4977470.9
2025-02-08 11:00:00+00:00,0.6895,0.6923,0.6847,0.6909,3671177.0
2025-02-08 12:00:00+00:00,0.6909,0.6934,0.6855,0.6897,5189644.4
2025-02-08 13:00:00+00:00,0.6897,0.7001,0.689,0.6948,6461343.6
2025-02-08 14:00:00+00:00,0.6948,0.6958,0.6862,0.693,5220213.5
2025-02-08 15:00:00+00:00,0.693,0.6974,0.6853,0.6891,5339883.2
2025-02-08 16:00:00+00:00,0.6891,0.6938,0.6815,0.6926,6850110.2
2025-02-08 17:00:00+00:00,0.6926,0.7015,0.6925,0.6992,7463229.0
2025-02-08 18:00:00+00:00,0.6993,0.7045,0.6941,0.6995,3747835.5
2025-02-08 19:00:00+00:00,0.6994,0.7034,0.6967,0.6996,3837358.9
2025-02-08 20:00:00+00:00,0.6996,0.7015,0.6964,0.7004,2871846.8
2025-02-08 21:00:00+00:00,0.7003,0.7039,0.6977,0.701,2377088.6
2025-02-08 22:00:00+00:00,0.7009,0.7032,0.6954,0.6985,2198967.6
2025-02-08 23:00:00+00:00,0.6985,0.7062,0.6982,0.7005,2775660.0
2025-02-09 00:00:00+00:00,0.7006,0.7013,0.6958,0.6988,3039216.3
2025-02-09 01:00:00+00:00,0.6988,0.7081,0.6974,0.7049,4619565.8
2025-02-09 02:00:00+00:00,0.7048,0.7054,0.6984,0.6985,3503742.9
2025-02-09 03:00:00+00:00,0.6984,0.716,0.6968,0.7126,7641587.8
2025-02-09 04:00:00+00:00,0.7125,0.7128,0.7047,0.7099,4403828.2
2025-02-09 05:00:00+00:00,0.7099,0.7103,0.7033,0.7047,3330458.1
2025-02-09 06:00:00+00:00,0.7048,0.7052,0.6988,0.7046,4042093.9
2025-02-09 07:00:00+00:00,0.7046,0.7069,0.7016,0.7044,2759148.1
2025-02-09 08:00:00+00:00,0.7044,0.7078,0.7023,0.705,4518743.7
2025-02-09 09:00:00+00:00,0.705,0.7055,0.6976,0.7004,3315617.0
2025-02-09 10:00:00+00:00,0.7003,0.7039,0.6981,0.7005,2932077.6
2025-02-09 11:00:00+00:00,0.7005,0.7025,0.6964,0.6975,3083847.4
2025-02-09 12:00:00+00:00,0.6975,0.7004,0.6918,0.6958,4264352.6
2025-02-09 13:00:00+00:00,0.6958,0.6962,0.6771,0.6804,11294797.1
2025-02-09 14:00:00+00:00,0.6805,0.6887,0.679,0.6845,6884343.9
2025-02-09 15:00:00+00:00,0.6844,0.6948,0.684,0.6941,4928823.7
2025-02-09 16:00:00+00:00,0.6941,0.6985,0.6916,0.6959,3394959.1
2025-02-09 17:00:00+00:00,0.6958,0.698,0.6873,0.6882,2701327.5
2025-02-09 18:00:00+00:00,0.6881,0.691,0.6857,0.6886,2066105.1
2025-02-09 19:00:00+00:00,0.6886,0.6898,0.6786,0.6818,5462678.9
2025-02-09 20:00:00+00:00,0.6817,0.6891,0.6807,0.6832,4790487.7
2025-02-09 21:00:00+00:00,0.6831,0.6836,0.6506,0.6562,25615728.9
2025-02-09 22:00:00+00:00,0.6562,0.6788,0.6503,0.6682,20287870.1
2025-02-09 23:00:00+00:00,0.6681,0.685,0.6655,0.6814,7091242.1
2025-02-10 00:00:00+00:00,0.6815,0.6975,0.6806,0.6931,9687979.2
2025-02-10 01:00:00+00:00,0.6932,0.6939,0.6656,0.6689,8393160.6
2025-02-10 02:00:00+00:00,0.6689,0.6734,0.6632,0.6686,8797472.2
2025-02-10 03:00:00+00:00,0.6686,0.697,0.6648,0.6875,12382851.0
2025-02-10 04:00:00+00:00,0.6875,0.6951,0.6836,0.6883,4984580.5
2025-02-10 05:00:00+00:00,0.6884,0.7003,0.6862,0.693,5856845.6
2025-02-10 06:00:00+00:00,0.6931,0.6951,0.6874,0.6923,3431170.7
2025-02-10 07:00:00+00:00,0.6923,0.6973,0.6907,0.6962,3404246.9
2025-02-10 08:00:00+00:00,0.6961,0.7058,0.6946,0.7033,7407929.1
2025-02-10 09:00:00+00:00,0.7033,0.7059,0.6977,0.7011,5893572.7
2025-02-10 10:00:00+00:00,0.701,0.7032,0.6958,0.6984,4210200.0
2025-02-10 11:00:00+00:00,0.6983,0.7033,0.6958,0.7006,3906409.0
2025-02-10 12:00:00+00:00,0.7006,0.7029,0.6922,0.694,7547263.3
2025-02-10 13:00:00+00:00,0.6941,0.7177,0.693,0.7131,11311644.6
2025-02-10 14:00:00+00:00,0.7131,0.7154,0.6998,0.7029,12955162.4
2025-02-10 15:00:00+00:00,0.7029,0.7068,0.6947,0.699,7575078.6
2025-02-10 16:00:00+00:00,0.699,0.706,0.6973,0.7017,3951652.2
2025-02-10 17:00:00+00:00,0.7018,0.7058,0.6969,0.7037,4407778.0
2025-02-10 18:00:00+00:00,0.7037,0.7066,0.7005,0.7054,3608177.3
2025-02-10 19:00:00+00:00,0.7054,0.706,0.6984,0.6999,3756125.2
2025-02-10 20:00:00+00:00,0.6999,0.7074,0.6989,0.7067,4423376.0
2025-02-10 21:00:00+00:00,0.7067,0.7068,0.7,0.702,3153849.2
2025-02-10 22:00:00+00:00,0.7019,0.7245,0.6985,0.7068,23087945.7
2025-02-10 23:00:00+00:00,0.7068,0.7124,0.7028,0.7121,4647455.4
2025-02-11 00:00:00+00:00,0.7121,0.7428,0.7101,0.7426,15343086.7
2025-02-11 01:00:00+00:00,0.7425,0.7513,0.7345,0.746,17914640.3
2025-02-11 02:00:00+00:00,0.746,0.7502,0.7355,0.7448,8908786.1
2025-02-11 03:00:00+00:00,0.7447,0.759,0.74,0.7509,9977006.9
2025-02-11 04:00:00+00:00,0.7509,0.8026,0.7462,0.7903,25994194.8
2025-02-11 05:00:00+00:00,0.7904,0.8143,0.777,0.8049,33198480.3
2025-02-11 06:00:00+00:00,0.8048,0.807,0.7893,0.7961,13511724.9
2025-02-11 07:00:00+00:00,0.7962,0.8036,0.7925,0.802,8717542.7
2025-02-11 08:00:00+00:00,0.8019,0.8213,0.8008,0.8064,20159417.7
2025-02-11 09:00:00+00:00,0.8063,0.8134,0.7951,0.7979,12420890.7
2025-02-11 10:00:00+00:00,0.7978,0.8037,0.7917,0.7962,14339630.4
2025-02-11 11:00:00+00:00,0.7963,0.8094,0.7945,0.8078,6364154.6
2025-02-11 12:00:00+00:00,0.8078,0.8188,0.7929,0.8098,14037278.4
2025-02-11 13:00:00+00:00,0.8098,0.816,0.7797,0.7856,25595182.6
2025-02-11 14:00:00+00:00,0.7857,0.8018,0.7855,0.7916,12834025.8
2025-02-11 15:00:00+00:00,0.7915,0.8009,0.7834,0.7962,13404102.7
2025-02-11 16:00:00+00:00,0.7962,0.8032,0.7816,0.7834,9248080.7
2025-02-11 17:00:00+00:00,0.7834,0.7843,0.7656,0.7681,15984803.6
2025-02-11 18:00:00+00:00,0.7681,0.769,0.7536,0.7563,17802946.0
2025-02-11 19:00:00+00:00,0.7561,0.7664,0.7513,0.7645,12434670.8
2025-02-11 20:00:00+00:00,0.7646,0.7793,0.7591,0.7771,19388717.3
2025-02-11 21:00:00+00:00,0.777,0.7946,0.7743,0.7876,18978761.4
2025-02-11 22:00:00+00:00,0.7876,0.7977,0.7722,0.7749,11016476.4
2025-02-11 23:00:00+00:00,0.7751,0.7871,0.7751,0.7781,6454910.9
2025-02-12 00:00:00+00:00,0.7782,0.7874,0.7734,0.7817,8166506.3
2025-02-12 01:00:00+00:00,0.7817,0.7836,0.7681,0.7754,6456591.5
2025-02-12 02:00:00+00:00,0.7755,0.778,0.757,0.7591,9436707.0
2025-02-12 03:00:00+00:00,0.7591,0.7678,0.756,0.7636,5679092.4
2025-02-12 04:00:00+00:00,0.7636,0.7664,0.7538,0.7588,5122969.4
2025-02-12 05:00:00+00:00,0.7588,0.7709,0.7562,0.7668,3938400.5
2025-02-12 06:00:00+00:00,0.7668,0.7684,0.7569,0.7591,3967954.9
2025-02-12 07:00:00+00:00,0.7591,0.7744,0.7586,0.7698,5345832.6
2025-02-12 08:00:00+00:00,0.7698,0.7773,0.7693,0.771,6059625.1
2025-02-12 09:00:00+00:00,0.771,0.7947,0.7665,0.7887,14476993.9
2025-02-12 10:00:00+00:00,0.7887,0.7942,0.7821,0.7928,13597962.4
2025-02-12 11:00:00+00:00,0.7929,0.8006,0.7838,0.7866,9126372.2
2025-02-12 12:00:00+00:00,0.7866,0.799,0.7847,0.7854,6910527.6
2025-02-12 13:00:00+00:00,0.7854,0.7992,0.7448,0.7692,76202030.1
2025-02-12 14:00:00+00:00,0.7691,0.7787,0.7552,0.7716,19792693.0
2025-02-12 15:00:00+00:00,0.7717,0.78,0.7584,0.7713,19322463.1
2025-02-12 16:00:00+00:00,0.7714,0.7886,0.759,0.7855,10913726.7
2025-02-12 17:00:00+00:00,0.7855,0.7928,0.7827,0.7886,10882092.7
2025-02-12 18:00:00+00:00,0.7887,0.7899,0.7784,0.7846,5903941.8
2025-02-12 19:00:00+00:00,0.7846,0.7908,0.7744,0.7879,6333782.5
2025-02-12 20:00:00+00:00,0.788,0.7952,0.7839,0.7915,5714036.3
2025-02-12 21:00:00+00:00,0.7916,0.7957,0.7862,0.7919,4332301.0
2025-02-12 22:00:00+00:00,0.792,0.8079,0.7886,0.7965,9587821.2
2025-02-12 23:00:00+00:00,0.7964,0.801,0.7918,0.7997,4064585.1
2025-02-13 00:00:00+00:00,0.7998,0.8004,0.7895,0.7935,4284143.3
2025-02-13 01:00:00+00:00,0.7935,0.8039,0.7915,0.8009,3970183.1
2025-02-13 02:00:00+00:00,0.8008,0.8012,0.7882,0.7896,4462837.7
2025-02-13 03:00:00+00:00,0.7897,0.7924,0.7855,0.7882,3262294.0
2025-02-13 04:00:00+00:00,0.7883,0.789,0.7747,0.7774,5871277.1
2025-02-13 05:00:00+00:00,0.7775,0.7823,0.7706,0.7823,6830708.7
2025-02-13 06:00:00+00:00,0.7823,0.7839,0.7693,0.7749,5923246.9
2025-02-13 07:00:00+00:00,0.7748,0.7872,0.7704,0.7846,7618990.1
2025-02-13 08:00:00+00:00,0.7846,0.7885,0.7732,0.7757,6147306.4
2025-02-13 09:00:00+00:00,0.7756,0.7841,0.7733,0.7826,4071868.0
2025-02-13 10:00:00+00:00,0.7825,0.783,0.777,0.7802,2152575.5
2025-02-13 11:00:00+00:00,0.7802,0.7856,0.7773,0.7829,3769265.0
2025-02-13 12:00:00+00:00,0.7829,0.788,0.7779,0.78,4037619.4
2025-02-13 13:00:00+00:00,0.7801,0.7879,0.7766,0.7821,7008350.2
2025-02-13 14:00:00+00:00,0.7821,0.7831,0.7704,0.7789,8017410.2
2025-02-13 15:00:00+00:00,0.7789,0.7927,0.7745,0.7882,7283458.8
2025-02-13 16:00:00+00:00,0.7881,0.7949,0.775,0.7776,8826072.2
2025-02-13 17:00:00+00:00,0.7777,0.7866,0.7757,0.784,3888191.3
2025-02-13 18:00:00+00:00,0.784,0.7999,0.7827,0.7994,6841390.5
2025-02-13 19:00:00+00:00,0.7994,0.8127,0.7941,0.7984,14178467.4
2025-02-13 20:00:00+00:00,0.7984,0.8111,0.7971,0.8078,5106890.9
2025-02-13 21:00:00+00:00,0.8077,0.825,0.8074,0.8151,9833365.3
2025-02-13 22:00:00+00:00,0.815,0.8309,0.8088,0.8109,9741052.3
2025-02-13 23:00:00+00:00,0.8109,0.8129,0.8041,0.8107,5281768.7
2025-02-14 00:00:00+00:00,0.8107,0.8146,0.7993,0.8037,5389811.3
2025-02-14 01:00:00+00:00,0.8038,0.8058,0.7965,0.8007,3041151.9
2025-02-14 02:00:00+00:00,0.8007,0.8054,0.7993,0.8006,1995116.7
2025-02-14 03:00:00+00:00,0.8006,0.8142,0.7987,0.8129,3335185.7
2025-02-14 04:00:00+00:00,0.8129,0.8153,0.8044,0.805,3413694.8
2025-02-14 05:00:00+00:00,0.805,0.8059,0.7978,0.7981,3292883.4
2025-02-14 06:00:00+00:00,0.7981,0.801,0.7949,0.7974,4408477.5
2025-02-14 07:00:00+00:00,0.7975,0.8015,0.7966,0.7992,2963948.1
2025-02-14 08:00:00+00:00,0.7993,0.8227,0.7984,0.8128,12896398.5
2025-02-14 09:00:00+00:00,0.8128,0.828,0.8108,0.82,10856800.4
2025-02-14 10:00:00+00:00,0.82,0.8216,0.8106,0.8121,5557618.7
2025-02-14 11:00:00+00:00,0.812,0.8154,0.8024,0.8065,6799064.7
2025-02-14 12:00:00+00:00,0.8064,0.8064,0.7964,0.8006,7719673.0
2025-02-14 13:00:00+00:00,0.8006,0.8096,0.798,0.8064,5421618.8
2025-02-14 14:00:00+00:00,0.8064,0.8184,0.8007,0.8136,7364919.1
2025-02-14 15:00:00+00:00,0.8137,0.815,0.798,0.8074,6688089.8
2025-02-14 16:00:00+00:00,0.8074,0.8105,0.7997,0.8105,4954783.9
2025-02-14 17:00:00+00:00,0.8104,0.8274,0.8039,0.8227,9477175.2
2025-02-14 18:00:00+00:00,0.8227,0.8293,0.814,0.8164,12962952.4
2025-02-14 19:00:00+00:00,0.8165,0.8275,0.812,0.8172,6415485.1
2025-02-14 20:00:00+00:00,0.8172,0.8204,0.8015,0.805,5191351.7
2025-02-14 21:00:00+00:00,0.805,0.8095,0.7979,0.8063,5545405.8
2025-02-14 22:00:00+00:00,0.8063,0.8078,0.7891,0.7951,5689818.8
2025-02-14 23:00:00+00:00,0.7951,0.8016,0.7928,0.7998,3498918.2
2025-02-15 00:00:00+00:00,0.7997,0.8001,0.7906,0.7947,3437094.9
2025-02-15 01:00:00+00:00,0.7947,0.8059,0.7941,0.8051,3975439.6
2025-02-15 02:00:00+00:00,0.805,0.8138,0.8048,0.8133,5834069.8
2025-02-15 03:00:00+00:00,0.8133,0.8136,0.8061,0.8078,2901143.5
2025-02-15 04:00:00+00:00,0.8078,0.8141,0.8063,0.8095,2717726.7
2025-02-15 05:00:00+00:00,0.8095,0.8102,0.805,0.8056,2243049.0
2025-02-15 06:00:00+00:00,0.8057,0.8057,0.7949,0.796,3592911.2
2025-02-15 07:00:00+00:00,0.796,0.8008,0.7929,0.7963,3221699.9
2025-02-15 08:00:00+00:00,0.7962,0.8044,0.7962,0.8002,2538695.4
2025-02-15 09:00:00+00:00,0.8002,0.8036,0.7972,0.7977,1983081.9
2025-02-15 10:00:00+00:00,0.7977,0.801,0.7935,0.7982,2765444.3
2025-02-15 11:00:00+00:00,0.7983,0.7998,0.7896,0.7937,2580057.4
2025-02-15 12:00:00+00:00,0.7939,0.797,0.7915,0.7936,2515227.3
2025-02-15 13:00:00+00:00,0.7936,0.7961,0.7904,0.7917,2191661.8
2025-02-15 14:00:00+00:00,0.7918,0.7922,0.7798,0.7879,7917842.9
2025-02-15 15:00:00+00:00,0.7879,0.7917,0.7833,0.7867,2633073.1
2025-02-15 16:00:00+00:00,0.7867,0.7886,0.782,0.7844,2395163.4
2025-02-15 17:00:00+00:00,0.7844,0.7872,0.7807,0.7832,2137736.9
2025-02-15 18:00:00+00:00,0.7832,0.7913,0.7828,0.7887,1985221.7
2025-02-15 19:00:00+00:00,0.7887,0.7898,0.7827,0.7839,2931310.8
2025-02-15 20:00:00+00:00,0.7839,0.7858,0.7745,0.7789,3685467.8
2025-02-15 21:00:00+00:00,0.7789,0.782,0.7779,0.7808,1784211.5
2025-02-15 22:00:00+00:00,0.7808,0.7849,0.7753,0.7802,2203103.4
2025-02-15 23:00:00+00:00,0.7802,0.7838,0.7785,0.7811,2479005.6
2025-02-16 00:00:00+00:00,0.7811,0.7893,0.7794,0.7803,2639588.2
2025-02-16 01:00:00+00:00,0.7804,0.7818,0.7764,0.7806,2571511.5
2025-02-16 02:00:00+00:00,0.7806,0.782,0.773,0.7748,2527773.2
2025-02-16 03:00:00+00:00,0.7747,0.7767,0.7719,0.7767,2787294.6
2025-02-16 04:00:00+00:00,0.7768,0.7847,0.7753,0.7845,1762918.0
2025-02-16 05:00:00+00:00,0.7844,0.7891,0.7817,0.7857,2454633.9
2025-02-16 06:00:00+00:00,0.7856,0.7868,0.7819,0.7845,2655066.9
2025-02-16 07:00:00+00:00,0.7845,0.7845,0.7762,0.7781,2469030.1
2025-02-16 08:00:00+00:00,0.7781,0.781,0.7764,0.778,1973781.1
2025-02-16 09:00:00+00:00,0.7779,0.7827,0.7721,0.7807,2873965.1
2025-02-16 10:00:00+00:00,0.7806,0.7819,0.7772,0.7776,1534611.3
2025-02-16 11:00:00+00:00,0.7776,0.784,0.7762,0.7834,1503379.6
2025-02-16 12:00:00+00:00,0.7834,0.7847,0.7778,0.7793,2358019.3
2025-02-16 13:00:00+00:00,0.7793,0.7803,0.7675,0.7684,4348894.7
2025-02-16 14:00:00+00:00,0.7683,0.7743,0.7615,0.7712,7777764.1
2025-02-16 15:00:00+00:00,0.7712,0.7749,0.7692,0.7705,2145272.3
2025-02-16 16:00:00+00:00,0.7705,0.7764,0.7687,0.7732,1600395.5
2025-02-16 17:00:00+00:00,0.7732,0.7774,0.7714,0.7727,1596381.9
2025-02-16 18:00:00+00:00,0.7727,0.7728,0.7634,0.7703,2930922.1
2025-02-16 19:00:00+00:00,0.7703,0.7728,0.766,0.7718,2122141.1
2025-02-16 20:00:00+00:00,0.7717,0.7758,0.7705,0.7713,1395303.2
2025-02-16 21:00:00+00:00,0.7712,0.781,0.7685,0.7791,2472288.2
2025-02-16 22:00:00+00:00,0.7792,0.7844,0.7776,0.7814,2645193.6
2025-02-16 23:00:00+00:00,0.7815,0.7817,0.7691,0.7714,3505244.0
2025-02-17 00:00:00+00:00,0.7714,0.7873,0.7705,0.7817,5846178.2
2025-02-17 01:00:00+00:00,0.7817,0.7964,0.7805,0.7962,5529993.6
2025-02-17 02:00:00+00:00,0.7961,0.7988,0.7911,0.792,3741998.2
2025-02-17 03:00:00+00:00,0.792,0.796,0.7845,0.7947,4661374.9
2025-02-17 04:00:00+00:00,0.7947,0.812,0.7892,0.8064,13826852.9
2025-02-17 05:00:00+00:00,0.8064,0.8176,0.7954,0.8019,16392355.7
2025-02-17 06:00:00+00:00,0.802,0.8146,0.8016,0.8073,7444618.8
2025-02-17 07:00:00+00:00,0.8073,0.813,0.7875,0.7943,12139065.7
2025-02-17 08:00:00+00:00,0.7943,0.8034,0.7913,0.7967,7648905.1
2025-02-17 09:00:00+00:00,0.7967,0.7999,0.7927,0.7963,2703655.7
2025-02-17 10:00:00+00:00,0.7963,0.805,0.7955,0.7976,4298029.2
2025-02-17 11:00:00+00:00,0.7977,0.8097,0.7962,0.8005,7782319.0
2025-02-17 12:00:00+00:00,0.8005,0.8097,0.8001,0.808,5000445.3
2025-02-17 13:00:00+00:00,0.8079,0.8162,0.8045,0.8128,5699249.8
2025-02-17 14:00:00+00:00,0.8128,0.8272,0.8109,0.823,14956636.1
2025-02-17 15:00:00+00:00,0.823,0.8291,0.8041,0.8097,20489988.6
2025-02-17 16:00:00+00:00,0.8096,0.8145,0.7921,0.7966,13296449.2
2025-02-17 17:00:00+00:00,0.7965,0.8034,0.7923,0.7952,5887316.2
2025-02-17 18:00:00+00:00,0.7953,0.8001,0.7859,0.7879,9475877.8
2025-02-17 19:00:00+00:00,0.7878,0.8084,0.7831,0.8067,5521751.9
2025-02-17 20:00:00+00:00,0.8066,0.8117,0.7979,0.8005,4919366.0
2025-02-17 21:00:00+00:00,0.8004,0.8181,0.7989,0.8173,8221107.8
2025-02-17 22:00:00+00:00,0.8172,0.8181,0.8024,0.8024,4482615.8
2025-02-17 23:00:00+00:00,0.8024,0.8091,0.8024,0.8089,3714851.8
2025-02-18 00:00:00+00:00,0.8089,0.8125,0.7908,0.7917,8499132.2
2025-02-18 01:00:00+00:00,0.7918,0.8037,0.7902,0.8035,2577922.3
2025-02-18 02:00:00+00:00,0.8035,0.8055,0.7949,0.7969,2670758.1
2025-02-18 03:00:00+00:00,0.7969,0.8133,0.7956,0.8077,5670803.9
2025-02-18 04:00:00+00:00,0.8077,0.814,0.8018,0.8053,4336375.6
2025-02-18 05:00:00+00:00,0.8053,0.8056,0.7864,0.7893,7154583.3
2025-02-18 06:00:00+00:00,0.7893,0.7908,0.7758,0.7793,10749435.2
2025-02-18 07:00:00+00:00,0.7793,0.7873,0.7736,0.7771,5624209.4
2025-02-18 08:00:00+00:00,0.7772,0.781,0.7673,0.7701,6831637.2
2025-02-18 09:00:00+00:00,0.7701,0.7864,0.7657,0.7843,6327668.6
2025-02-18 10:00:00+00:00,0.7842,0.7874,0.7761,0.7766,3643142.0
2025-02-18 11:00:00+00:00,0.7766,0.7771,0.7687,0.7735,6073095.5
2025-02-18 12:00:00+00:00,0.7734,0.7908,0.7718,0.7904,6315882.4
2025-02-18 13:00:00+00:00,0.7904,0.7942,0.7856,0.7881,6358961.2
2025-02-18 14:00:00+00:00,0.7882,0.7983,0.7714,0.7756,10913483.0
2025-02-18 15:00:00+00:00,0.7756,0.7779,0.7472,0.7552,14551006.8
2025-02-18 16:00:00+00:00,0.7553,0.7605,0.7376,0.7395,15597798.2
2025-02-18 17:00:00+00:00,0.7395,0.7507,0.7351,0.7501,11753380.7
2025-02-18 18:00:00+00:00,0.7501,0.7511,0.7405,0.7429,12033063.6
2025-02-18 19:00:00+00:00,0.7429,0.7508,0.7385,0.748,4323713.9
2025-02-18 20:00:00+00:00,0.7481,0.7537,0.7404,0.7431,4850191.0
2025-02-18 21:00:00+00:00,0.7431,0.7563,0.7418,0.7466,6598770.9
2025-02-18 22:00:00+00:00,0.7467,0.7547,0.7425,0.7482,4341477.9
2025-02-18 23:00:00+00:00,0.7481,0.759,0.7463,0.7541,5272262.9
2025-02-19 00:00:00+00:00,0.7542,0.7583,0.7488,0.7499,5350527.9
2025-02-19 01:00:00+00:00,0.75,0.7506,0.74,0.7437,5962631.8
2025-02-19 02:00:00+00:00,0.7437,0.7582,0.7435,0.7556,6156917.8
2025-02-19 03:00:00+00:00,0.7556,0.7558,0.7484,0.7526,4472457.5
2025-02-19 04:00:00+00:00,0.7525,0.7535,0.736,0.736,3404952.4
2025-02-19 05:00:00+00:00,0.7359,0.7441,0.7328,0.7421,3316577.4
2025-02-19 06:00:00+00:00,0.7421,0.7527,0.7418,0.7512,4775538.4
2025-02-19 07:00:00+00:00,0.7512,0.77,0.75,0.7631,9686688.5
2025-02-19 08:00:00+00:00,0.763,0.7705,0.756,0.7568,6653107.0
2025-02-19 09:00:00+00:00,0.7569,0.7659,0.7558,0.7636,4458912.3
2025-02-19 10:00:00+00:00,0.7637,0.7707,0.763,0.7657,5650640.9
2025-02-19 11:00:00+00:00,0.7657,0.7761,0.7641,0.7746,5784598.1
2025-02-19 12:00:00+00:00,0.7747,0.775,0.7608,0.7612,5313637.1
2025-02-19 13:00:00+00:00,0.7612,0.7689,0.7612,0.7672,2753520.6
2025-02-19 14:00:00+00:00,0.7671,0.7705,0.7516,0.7524,7923128.4
2025-02-19 15:00:00+00:00,0.7525,0.7656,0.7503,0.7592,6698864.6
2025-02-19 16:00:00+00:00,0.7591,0.7706,0.759,0.7678,3874887.5
2025-02-19 17:00:00+00:00,0.7679,0.7707,0.7627,0.7665,2950902.5
2025-02-19 18:00:00+00:00,0.7665,0.7674,0.7559,0.7563,4673861.3
2025-02-19 19:00:00+00:00,0.7563,0.766,0.752,0.7605,4857602.7
2025-02-19 20:00:00+00:00,0.7605,0.7648,0.7582,0.7587,2348673.8
2025-02-19 21:00:00+00:00,0.7587,0.765,0.7556,0.7579,2254197.6
2025-02-19 22:00:00+00:00,0.7578,0.7683,0.7565,0.7647,3032084.3
2025-02-19 23:00:00+00:00,0.7648,0.7759,0.7648,0.7738,6205331.4
2025-02-20 00:00:00+00:00,0.7737,0.7819,0.7703,0.7784,3598275.1
2025-02-20 01:00:00+00:00,0.7784,0.7809,0.7719,0.7759,2854267.4
2025-02-20 02:00:00+00:00,0.7758,0.7874,0.7748,0.7841,5228567.0
2025-02-20 03:00:00+00:00,0.7842,0.7881,0.7791,0.7826,3471602.7
2025-02-20 04:00:00+00:00,0.7825,0.7855,0.778,0.7789,3286549.1
2025-02-20 05:00:00+00:00,0.779,0.781,0.7764,0.7768,3276899.6
2025-02-20 06:00:00+00:00,0.7769,0.7828,0.776,0.7826,4004278.2
2025-02-20 07:00:00+00:00,0.7827,0.785,0.779,0.7809,2333309.6
2025-02-20 08:00:00+00:00,0.781,0.7879,0.7809,0.7878,4815808.5
2025-02-20 09:00:00+00:00,0.7878,0.7898,0.784,0.7858,3520438.7
2025-02-20 10:00:00+00:00,0.7857,0.7928,0.7795,0.7923,18745992.7
2025-02-20 11:00:00+00:00,0.7923,0.7952,0.7894,0.7914,5897882.0
2025-02-20 12:00:00+00:00,0.7914,0.794,0.7854,0.786,2954307.7
2025-02-20 13:00:00+00:00,0.786,0.7912,0.7856,0.7894,3454793.1
2025-02-20 14:00:00+00:00,0.7895,0.7999,0.784,0.7868,10238626.4
2025-02-20 15:00:00+00:00,0.7869,0.7917,0.7829,0.7841,6145963.0
2025-02-20 16:00:00+00:00,0.7841,0.7997,0.783,0.7943,7317905.1
2025-02-20 17:00:00+00:00,0.7943,0.8017,0.7941,0.8005,5664268.1
2025-02-20 18:00:00+00:00,0.8005,0.807,0.8005,0.8059,5187125.1
2025-02-20 19:00:00+00:00,0.8058,0.8111,0.8056,0.8107,4627368.9
2025-02-20 20:00:00+00:00,0.8107,0.811,0.8041,0.8057,4771442.9
2025-02-20 21:00:00+00:00,0.8057,0.8073,0.8013,0.8025,5364163.3
2025-02-20 22:00:00+00:00,0.8024,0.8046,0.7982,0.8016,4269251.1
2025-02-20 23:00:00+00:00,0.8015,0.8066,0.7999,0.8036,1984513.0
2025-02-21 00:00:00+00:00,0.8036,0.8049,0.7971,0.7982,3422469.4
2025-02-21 01:00:00+00:00,0.7983,0.8029,0.7967,0.8021,2567203.4
2025-02-21 02:00:00+00:00,0.8021,0.807,0.7997,0.8034,3158416.1
2025-02-21 03:00:00+00:00,0.8035,0.8038,0.7983,0.7993,2348578.9
2025-02-21 04:00:00+00:00,0.7992,0.8035,0.799,0.8035,2383449.0
2025-02-21 05:00:00+00:00,0.8035,0.805,0.8016,0.8021,2992364.7
2025-02-21 06:00:00+00:00,0.8021,0.8024,0.7957,0.7967,4193233.6
2025-02-21 07:00:00+00:00,0.7968,0.8016,0.7958,0.7973,3156626.8
2025-02-21 08:00:00+00:00,0.7973,0.8046,0.7945,0.801,2222661.6
2025-02-21 09:00:00+00:00,0.8011,0.8136,0.8005,0.8025,8446573.5
2025-02-21 10:00:00+00:00,0.8025,0.8078,0.8012,0.8055,2762708.7
2025-02-21 11:00:00+00:00,0.8055,0.8068,0.798,0.7983,2530405.0
2025-02-21 12:00:00+00:00,0.7982,0.8023,0.7961,0.8009,2759191.4
2025-02-21 13:00:00+00:00,0.8009,0.8187,0.8006,0.8161,9919365.3
2025-02-21 14:00:00+00:00,0.816,0.8173,0.7985,0.8059,9364327.7
2025-02-21 15:00:00+00:00,0.8059,0.8162,0.7796,0.8002,30053189.9
2025-02-21 16:00:00+00:00,0.8001,0.8115,0.793,0.794,12424619.4
2025-02-21 17:00:00+00:00,0.7939,0.7957,0.7687,0.7697,16113282.0
2025-02-21 18:00:00+00:00,0.7696,0.7833,0.7651,0.774,11678443.6
2025-02-21 19:00:00+00:00,0.7741,0.7765,0.7516,0.7539,13895977.8
2025-02-21 20:00:00+00:00,0.7538,0.7629,0.7526,0.7559,8659920.2
2025-02-21 21:00:00+00:00,0.7558,0.7593,0.7501,0.7557,8515512.5
2025-02-21 22:00:00+00:00,0.7557,0.7655,0.7531,0.7626,8738540.7
2025-02-21 23:00:00+00:00,0.7626,0.7643,0.7572,0.7621,3822460.4
2025-02-22 00:00:00+00:00,0.7622,0.7773,0.7571,0.7748,8743356.1
2025-02-22 01:00:00+00:00,0.7747,0.7767,0.7702,0.7739,4313402.4
2025-02-22 02:00:00+00:00,0.774,0.774,0.7644,0.7661,3827874.1
2025-02-22 03:00:00+00:00,0.7662,0.7687,0.7618,0.7651,2090749.5
2025-02-22 04:00:00+00:00,0.765,0.7719,0.7636,0.7719,1562311.4
2025-02-22 05:00:00+00:00,0.7719,0.7732,0.7683,0.7702,2464545.8
2025-02-22 06:00:00+00:00,0.7703,0.771,0.765,0.7661,1478612.4
2025-02-22 07:00:00+00:00,0.7662,0.7709,0.7629,0.7629,2450402.8
2025-02-22 08:00:00+00:00,0.763,0.7641,0.7584,0.7605,4110823.0
2025-02-22 09:00:00+00:00,0.7606,0.7665,0.7605,0.766,2196165.3
2025-02-22 10:00:00+00:00,0.7661,0.7745,0.765,0.767,4668749.7
2025-02-22 11:00:00+00:00,0.767,0.7706,0.7643,0.7687,2263770.3
2025-02-22 12:00:00+00:00,0.7687,0.7722,0.7663,0.7711,2313470.8
2025-02-22 13:00:00+00:00,0.7712,0.774,0.769,0.7702,2312284.4
2025-02-22 14:00:00+00:00,0.7703,0.7716,0.7665,0.7675,1540411.3
2025-02-22 15:00:00+00:00,0.7676,0.7761,0.7676,0.7737,4640655.5
2025-02-22 16:00:00+00:00,0.7736,0.7786,0.7718,0.7738,3643251.9
2025-02-22 17:00:00+00:00,0.7738,0.783,0.7724,0.782,4365803.5
2025-02-22 18:00:00+00:00,0.7821,0.7845,0.7787,0.7812,2783864.6
2025-02-22 19:00:00+00:00,0.7811,0.7818,0.7772,0.7802,1568572.2
2025-02-22 20:00:00+00:00,0.7803,0.7814,0.7733,0.7755,1565949.1
2025-02-22 21:00:00+00:00,0.7755,0.7796,0.775,0.7784,1303535.8
2025-02-22 22:00:00+00:00,0.7784,0.7784,0.7739,0.7751,2500319.6
2025-02-22 23:00:00+00:00,0.775,0.7769,0.7722,0.7734,1339943.1
2025-02-23 00:00:00+00:00,0.7733,0.7784,0.7718,0.7765,2747047.8
2025-02-23 01:00:00+00:00,0.7765,0.7774,0.7706,0.773,1163763.6
2025-02-23 02:00:00+00:00,0.7729,0.7744,0.7688,0.7691,1290012.5
2025-02-23 03:00:00+00:00,0.7692,0.7707,0.7667,0.7693,2758900.4
2025-02-23 04:00:00+00:00,0.7693,0.7713,0.7642,0.7675,10468759.1
2025-02-23 05:00:00+00:00,0.7675,0.7734,0.7662,0.7721,2654772.2
2025-02-23 06:00:00+00:00,0.7722,0.7754,0.7714,0.7748,1600129.8
2025-02-23 07:00:00+00:00,0.7748,0.7879,0.7741,0.7872,4284536.2
2025-02-23 08:00:00+00:00,0.7873,0.7883,0.7804,0.7817,3263174.7
2025-02-23 09:00:00+00:00,0.7817,0.7818,0.7749,0.7803,3589060.1
2025-02-23 10:00:00+00:00,0.7803,0.7805,0.776,0.7774,1182782.2
2025-02-23 11:00:00+00:00,0.7775,0.7776,0.7713,0.7728,1422933.2
2025-02-23 12:00:00+00:00,0.7727,0.7754,0.7679,0.7713,3242208.4
2025-02-23 13:00:00+00:00,0.7713,0.7796,0.7708,0.7772,2089115.4
2025-02-23 14:00:00+00:00,0.7772,0.7782,0.7685,0.7699,2391112.2
2025-02-23 15:00:00+00:00,0.7699,0.7727,0.7596,0.7617,5613218.0
2025-02-23 16:00:00+00:00,0.7616,0.767,0.7606,0.763,3400879.4
2025-02-23 17:00:00+00:00,0.763,0.7685,0.7626,0.7662,2597860.5
2025-02-23 18:00:00+00:00,0.7662,0.7693,0.7638,0.7644,1274696.1
2025-02-23 19:00:00+00:00,0.7644,0.7662,0.7638,0.7655,1027635.6
2025-02-23 20:00:00+00:00,0.7655,0.7676,0.7633,0.7676,1645766.4
2025-02-23 21:00:00+00:00,0.7676,0.7702,0.7656,0.7691,1413005.3
2025-02-23 22:00:00+00:00,0.7691,0.7692,0.7611,0.7652,3453076.8
2025-02-23 23:00:00+00:00,0.7653,0.7738,0.7653,0.7697,3492023.7
2025-02-24 00:00:00+00:00,0.7698,0.7774,0.7696,0.7713,3144215.4
2025-02-24 01:00:00+00:00,0.7713,0.7725,0.7621,0.765,2061590.5
2025-02-24 02:00:00+00:00,0.765,0.7675,0.7558,0.7562,4313321.7
2025-02-24 03:00:00+00:00,0.7561,0.7561,0.738,0.7384,11768438.9
2025-02-24 04:00:00+00:00,0.7384,0.7405,0.7258,0.7363,9204404.4
2025-02-24 05:00:00+00:00,0.7363,0.7465,0.7327,0.7437,4907982.2
2025-02-24 06:00:00+00:00,0.7437,0.7467,0.7394,0.7454,2473619.7
2025-02-24 07:00:00+00:00,0.7454,0.7484,0.7424,0.7453,2715510.1
2025-02-24 08:00:00+00:00,0.7454,0.7456,0.7278,0.7315,9089567.9
2025-02-24 09:00:00+00:00,0.7315,0.7429,0.7303,0.7356,3128950.7
2025-02-24 10:00:00+00:00,0.7356,0.7371,0.7257,0.7338,4809407.9
2025-02-24 11:00:00+00:00,0.7339,0.7369,0.7271,0.7354,4269742.3
2025-02-24 12:00:00+00:00,0.7354,0.7366,0.731,0.7338,3957450.7
2025-02-24 13:00:00+00:00,0.7338,0.7417,0.7285,0.7309,5431614.2
2025-02-24 14:00:00+00:00,0.7309,0.7334,0.7132,0.7151,9534915.6
2025-02-24 15:00:00+00:00,0.7152,0.7231,0.7077,0.7186,17921594.6
2025-02-24 16:00:00+00:00,0.7186,0.7264,0.7161,0.7204,4593392.5
2025-02-24 17:00:00+00:00,0.7204,0.7345,0.7199,0.7291,6006838.6
2025-02-24 18:00:00+00:00,0.729,0.7341,0.7245,0.7246,3221559.9
2025-02-24 19:00:00+00:00,0.7246,0.7275,0.7094,0.7161,5099708.4
2025-02-24 20:00:00+00:00,0.7162,0.725,0.7142,0.7166,2982782.3
2025-02-24 21:00:00+00:00,0.7166,0.7272,0.7109,0.7137,8590581.7
2025-02-24 22:00:00+00:00,0.7137,0.7139,0.67,0.6799,46084827.6
2025-02-24 23:00:00+00:00,0.6799,0.6934,0.6756,0.6816,12540750.4
2025-02-25 00:00:00+00:00,0.6816,0.6941,0.6652,0.6847,17933120.3
2025-02-25 01:00:00+00:00,0.6847,0.6919,0.674,0.6825,8477703.5
2025-02-25 02:00:00+00:00,0.6824,0.692,0.6736,0.6891,6946681.9
2025-02-25 03:00:00+00:00,0.6892,0.6906,0.6787,0.6813,5208846.2
2025-02-25 04:00:00+00:00,0.6813,0.6857,0.6724,0.6769,8705358.3
2025-02-25 05:00:00+00:00,0.6768,0.6899,0.6732,0.6893,5422865.4
2025-02-25 06:00:00+00:00,0.6892,0.6905,0.6741,0.6745,6617832.3
2025-02-25 07:00:00+00:00,0.6745,0.6764,0.64,0.6595,58913117.9
2025-02-25 08:00:00+00:00,0.6596,0.6731,0.6561,0.6617,12710765.1
2025-02-25 09:00:00+00:00,0.6617,0.6641,0.6449,0.647,14389914.9
2025-02-25 10:00:00+00:00,0.647,0.6543,0.6302,0.6453,27317272.6
2025-02-25 11:00:00+00:00,0.6453,0.6631,0.632,0.6601,18048500.2
2025-02-25 12:00:00+00:00,0.6602,0.6658,0.6543,0.6658,13179797.7
2025-02-25 13:00:00+00:00,0.6658,0.6669,0.6526,0.6547,8703662.7
2025-02-25 14:00:00+00:00,0.6547,0.6608,0.6411,0.6437,12214681.2
2025-02-25 15:00:00+00:00,0.6437,0.6581,0.6346,0.6542,18499873.9
2025-02-25 16:00:00+00:00,0.6543,0.6659,0.6427,0.6594,11955114.1
2025-02-25 17:00:00+00:00,0.6594,0.6673,0.6545,0.662,7754998.8
2025-02-25 18:00:00+00:00,0.662,0.6684,0.6561,0.6605,6078113.8
2025-02-25 19:00:00+00:00,0.6605,0.6767,0.6546,0.6754,7507909.8
2025-02-25 20:00:00+00:00,0.6753,0.686,0.6693,0.6793,11734542.1
2025-02-25 21:00:00+00:00,0.6793,0.686,0.6744,0.6855,12088116.5
2025-02-25 22:00:00+00:00,0.6855,0.6941,0.6823,0.692,7707780.0
2025-02-25 23:00:00+00:00,0.692,0.695,0.6808,0.6832,6503379.5
2025-02-26 00:00:00+00:00,0.6832,0.6861,0.676,0.6762,8027749.8
2025-02-26 01:00:00+00:00,0.6761,0.683,0.676,0.6808,5478636.8
2025-02-26 02:00:00+00:00,0.6809,0.6905,0.677,0.6885,2285615.6
2025-02-26 03:00:00+00:00,0.6885,0.6954,0.6881,0.6898,4505077.4
2025-02-26 04:00:00+00:00,0.6897,0.6944,0.6869,0.688,3063667.2
2025-02-26 05:00:00+00:00,0.6881,0.6893,0.6801,0.6806,3539674.0
2025-02-26 06:00:00+00:00,0.6807,0.6874,0.6802,0.6873,3327372.3
2025-02-26 07:00:00+00:00,0.6872,0.6888,0.6765,0.682,4059479.3
2025-02-26 08:00:00+00:00,0.682,0.6831,0.6737,0.6782,4952588.7
2025-02-26 09:00:00+00:00,0.6784,0.6898,0.6768,0.6888,7290176.1
2025-02-26 10:00:00+00:00,0.6887,0.6899,0.681,0.6887,4185882.7
2025-02-26 11:00:00+00:00,0.6886,0.6906,0.6797,0.6803,4129436.0
2025-02-26 12:00:00+00:00,0.6804,0.6812,0.6638,0.6683,6925346.9
2025-02-26 13:00:00+00:00,0.6682,0.672,0.6638,0.6652,6814182.6
2025-02-26 14:00:00+00:00,0.6653,0.6807,0.6553,0.6773,18610887.2
2025-02-26 15:00:00+00:00,0.6774,0.6877,0.6764,0.6772,16277359.0
2025-02-26 16:00:00+00:00,0.6772,0.6793,0.6647,0.6719,9846064.6
2025-02-26 17:00:00+00:00,0.672,0.6742,0.6535,0.6574,7418197.6
2025-02-26 18:00:00+00:00,0.6574,0.6618,0.6373,0.6416,23661471.3
2025-02-26 19:00:00+00:00,0.6416,0.6479,0.6364,0.6403,9180264.6
2025-02-26 20:00:00+00:00,0.6402,0.6569,0.6312,0.6547,13891594.8
2025-02-26 21:00:00+00:00,0.6547,0.6582,0.6447,0.653,11967904.8
2025-02-26 22:00:00+00:00,0.6531,0.6634,0.6501,0.6516,6053743.4
2025-02-26 23:00:00+00:00,0.6515,0.656,0.6445,0.6474,3190687.5
2025-02-27 00:00:00+00:00,0.6475,0.6517,0.6415,0.6467,6038553.6
2025-02-27 01:00:00+00:00,0.6466,0.6579,0.6413,0.6529,5114229.2
2025-02-27 02:00:00+00:00,0.6528,0.663,0.6507,0.6531,5023317.1
2025-02-27 03:00:00+00:00,0.6531,0.6599,0.6516,0.6582,3396480.3
2025-02-27 04:00:00+00:00,0.6581,0.6619,0.6519,0.6562,2813079.4
2025-02-27 05:00:00+00:00,0.6561,0.6644,0.6556,0.663,2459863.6
2025-02-27 06:00:00+00:00,0.6631,0.6703,0.6613,0.6686,4591276.5
2025-02-27 07:00:00+00:00,0.6687,0.6722,0.6661,0.6687,4348946.9
2025-02-27 08:00:00+00:00,0.6687,0.6693,0.6617,0.6651,2814343.6
2025-02-27 09:00:00+00:00,0.6651,0.6717,0.665,0.6691,2728996.1
2025-02-27 10:00:00+00:00,0.6692,0.6782,0.668,0.678,4605026.5
2025-02-27 11:00:00+00:00,0.678,0.6787,0.6717,0.6756,3924172.9
2025-02-27 12:00:00+00:00,0.6756,0.6798,0.671,0.6737,3806907.3
2025-02-27 13:00:00+00:00,0.6736,0.6781,0.6691,0.6714,6114443.3
2025-02-27 14:00:00+00:00,0.6713,0.6761,0.6619,0.6623,7297043.0
2025-02-27 15:00:00+00:00,0.6623,0.6696,0.6578,0.6661,6024732.7
2025-02-27 16:00:00+00:00,0.6661,0.6689,0.6548,0.6559,4912015.1
2025-02-27 17:00:00+00:00,0.6559,0.6582,0.6498,0.6551,3771378.4
2025-02-27 18:00:00+00:00,0.6551,0.661,0.6544,0.6564,3417002.4
2025-02-27 19:00:00+00:00,0.6564,0.6564,0.6439,0.6467,4386161.2
2025-02-27 20:00:00+00:00,0.6468,0.6475,0.6291,0.6337,12655318.0
2025-02-27 21:00:00+00:00,0.6337,0.6434,0.6263,0.6421,10914616.0
2025-02-27 22:00:00+00:00,0.6421,0.6489,0.6355,0.648,4305282.9
2025-02-27 23:00:00+00:00,0.648,0.6488,0.643,0.6451,3874909.8
2025-02-28 00:00:00+00:00,0.6451,0.6466,0.6378,0.6378,6067538.5
2025-02-28 01:00:00+00:00,0.6378,0.6401,0.6107,0.6128,29896587.7
2025-02-28 02:00:00+00:00,0.6128,0.6215,0.6011,0.6087,26576555.4
2025-02-28 03:00:00+00:00,0.6088,0.6164,0.6,0.6025,12417273.8
2025-02-28 04:00:00+00:00,0.6026,0.6033,0.5902,0.5984,18897716.1
2025-02-28 05:00:00+00:00,0.5983,0.6008,0.5871,0.5957,10169272.3
2025-02-28 06:00:00+00:00,0.5958,0.5977,0.5812,0.5886,20242975.4
2025-02-28 07:00:00+00:00,0.5885,0.5981,0.5881,0.5929,8548907.2
2025-02-28 08:00:00+00:00,0.5929,0.5964,0.5801,0.5955,11847379.8
2025-02-28 09:00:00+00:00,0.5955,0.6082,0.5938,0.6056,8918772.2
2025-02-28 10:00:00+00:00,0.6057,0.6068,0.5932,0.5949,8177503.0
2025-02-28 11:00:00+00:00,0.5948,0.6049,0.5939,0.5994,5309763.4
2025-02-28 12:00:00+00:00,0.5993,0.6036,0.5944,0.6027,5207534.9
2025-02-28 13:00:00+00:00,0.6026,0.6194,0.6019,0.6144,15792683.3
2025-02-28 14:00:00+00:00,0.6144,0.627,0.6128,0.6189,15228003.7
2025-02-28 15:00:00+00:00,0.6188,0.6372,0.6183,0.6314,10904941.2
2025-02-28 16:00:00+00:00,0.6314,0.6371,0.6245,0.632,9275658.4
2025-02-28 17:00:00+00:00,0.6321,0.6341,0.626,0.6266,4785743.5
2025-02-28 18:00:00+00:00,0.6266,0.6393,0.6254,0.6334,5910027.7
2025-02-28 19:00:00+00:00,0.6334,0.6375,0.6303,0.6347,3167138.1
2025-02-28 20:00:00+00:00,0.6347,0.6358,0.6267,0.6313,5785960.2
2025-02-28 21:00:00+00:00,0.6313,0.6369,0.6294,0.6317,7002123.5
2025-02-28 22:00:00+00:00,0.6317,0.6337,0.6269,0.6293,5534435.8
2025-02-28 23:00:00+00:00,0.6293,0.6356,0.6283,0.6328,2445937.7
2025-03-01 00:00:00+00:00,0.6328,0.6366,0.6286,0.6295,2747564.1
2025-03-01 01:00:00+00:00,0.6295,0.644,0.629,0.6436,3766931.1
2025-03-01 02:00:00+00:00,0.6435,0.6493,0.6387,0.6453,6552312.6
2025-03-01 03:00:00+00:00,0.6453,0.6475,0.6421,0.6452,3196498.6
2025-03-01 04:00:00+00:00,0.6452,0.6549,0.6439,0.6536,5527296.2
2025-03-01 05:00:00+00:00,0.6537,0.6539,0.6488,0.6503,3047322.3
2025-03-01 06:00:00+00:00,0.6503,0.6516,0.6441,0.6468,4993936.2
2025-03-01 07:00:00+00:00,0.6468,0.6473,0.6389,0.6393,3356382.4
2025-03-01 08:00:00+00:00,0.6394,0.6466,0.6393,0.6448,2854716.1
2025-03-01 09:00:00+00:00,0.6448,0.6499,0.6415,0.6446,5422021.5
2025-03-01 10:00:00+00:00,0.6445,0.6446,0.6359,0.6377,4906931.9
2025-03-01 11:00:00+00:00,0.6377,0.6384,0.6306,0.6361,5031210.6
2025-03-01 12:00:00+00:00,0.6362,0.6374,0.6317,0.6349,3419668.8
2025-03-01 13:00:00+00:00,0.635,0.6376,0.6252,0.629,4129080.9
2025-03-01 14:00:00+00:00,0.629,0.6341,0.6281,0.631,4036539.3
2025-03-01 15:00:00+00:00,0.6311,0.6359,0.6295,0.6349,1824622.6
2025-03-01 16:00:00+00:00,0.635,0.6379,0.6304,0.6357,2390502.6
2025-03-01 17:00:00+00:00,0.6357,0.6357,0.6312,0.6334,2002297.7
2025-03-01 18:00:00+00:00,0.6333,0.6389,0.6309,0.6373,1793139.9
2025-03-01 19:00:00+00:00,0.6373,0.645,0.6361,0.6442,3530056.8
2025-03-01 20:00:00+00:00,0.6441,0.6481,0.6409,0.648,2803508.3
2025-03-01 21:00:00+00:00,0.6481,0.6718,0.6467,0.6681,9721379.9
2025-03-01 22:00:00+00:00,0.6682,0.677,0.66,0.6675,9958075.9
2025-03-01 23:00:00+00:00,0.6675,0.6689,0.6553,0.6593,4833322.0
2025-03-02 00:00:00+00:00,0.6593,0.6609,0.6541,0.6567,4271375.2
2025-03-02 01:00:00+00:00,0.6567,0.6624,0.6552,0.6608,2499111.2
2025-03-02 02:00:00+00:00,0.6609,0.6717,0.6601,0.6705,8579630.4
2025-03-02 03:00:00+00:00,0.6705,0.6761,0.6679,0.6722,4538443.5
2025-03-02 04:00:00+00:00,0.6722,0.6743,0.6611,0.6623,8148590.1
2025-03-02 05:00:00+00:00,0.6623,0.6646,0.6601,0.6625,4121362.3
2025-03-02 06:00:00+00:00,0.6625,0.669,0.6598,0.6653,3196477.7
2025-03-02 07:00:00+00:00,0.6653,0.6692,0.6626,0.663,2146384.9
2025-03-02 08:00:00+00:00,0.663,0.6643,0.66,0.6621,1869344.2
2025-03-02 09:00:00+00:00,0.662,0.6681,0.6607,0.666,1797690.3
2025-03-02 10:00:00+00:00,0.666,0.668,0.6617,0.6637,2913686.8
2025-03-02 11:00:00+00:00,0.6637,0.6652,0.6603,0.6629,2317472.3
2025-03-02 12:00:00+00:00,0.6629,0.6631,0.6565,0.6601,3370550.4
2025-03-02 13:00:00+00:00,0.6601,0.6604,0.6519,0.655,3394785.1
2025-03-02 14:00:00+00:00,0.655,0.6561,0.6462,0.6476,5132259.5
2025-03-02 15:00:00+00:00,0.6476,0.8994,0.645,0.8659,323928133.5
2025-03-02 16:00:00+00:00,0.8662,1.1488,0.8657,1.0371,442645160.0
2025-03-02 17:00:00+00:00,1.0371,1.105,0.9983,1.0316,196939843.3
2025-03-02 18:00:00+00:00,1.0317,1.0441,0.9817,1.0142,121301490.8
2025-03-02 19:00:00+00:00,1.0144,1.0487,1.0079,1.0402,64980577.5
2025-03-02 20:00:00+00:00,1.0401,1.046,1.018,1.0308,43384661.2
2025-03-02 21:00:00+00:00,1.0308,1.0926,1.0283,1.0516,76794908.5
2025-03-02 22:00:00+00:00,1.0514,1.0721,1.0327,1.0695,33088852.3
2025-03-02 23:00:00+00:00,1.0694,1.1445,1.0682,1.135,100666618.9
2025-03-03 00:00:00+00:00,1.1349,1.1747,1.0815,1.0863,114602560.5
2025-03-03 01:00:00+00:00,1.0863,1.1067,1.0507,1.0827,49636740.4
2025-03-03 02:00:00+00:00,1.0827,1.0854,1.0421,1.0765,38089697.9
2025-03-03 03:00:00+00:00,1.0764,1.0792,1.05,1.0705,32239578.6
2025-03-03 04:00:00+00:00,1.0704,1.08,1.0542,1.0726,19775407.2
2025-03-03 05:00:00+00:00,1.0727,1.0759,1.055,1.0607,19627455.0
2025-03-03 06:00:00+00:00,1.0606,1.0609,0.9929,1.0071,68109784.4
2025-03-03 07:00:00+00:00,1.0071,1.0197,0.986,1.0141,55174487.6
2025-03-03 08:00:00+00:00,1.0141,1.0168,0.934,0.9415,86287899.1
2025-03-03 09:00:00+00:00,0.9415,0.9682,0.9265,0.9529,72661749.3
2025-03-03 10:00:00+00:00,0.9528,0.9866,0.949,0.9841,48325467.0
2025-03-03 11:00:00+00:00,0.984,0.9858,0.9587,0.9644,34147928.5
2025-03-03 12:00:00+00:00,0.9644,1.033,0.9631,0.9867,83291586.5
2025-03-03 13:00:00+00:00,0.9868,1.02,0.983,1.0054,46227008.8
2025-03-03 14:00:00+00:00,1.0054,1.01,0.9265,0.9365,101236452.4
2025-03-03 15:00:00+00:00,0.9364,0.9739,0.9337,0.9577,67331392.4
2025-03-03 16:00:00+00:00,0.9578,0.9789,0.9568,0.9703,30597537.2
2025-03-03 17:00:00+00:00,0.9702,0.9884,0.9621,0.9691,22093609.4
2025-03-03 18:00:00+00:00,0.9691,0.9723,0.8863,0.901,103900842.4
2025-03-03 19:00:00+00:00,0.901,0.9097,0.8228,0.8367,144099461.3
2025-03-03 20:00:00+00:00,0.8367,0.8807,0.835,0.8751,92171123.2
2025-03-03 21:00:00+00:00,0.8751,0.8784,0.832,0.8367,35694173.6
2025-03-03 22:00:00+00:00,0.8367,0.8687,0.8367,0.8599,27154611.1
2025-03-03 23:00:00+00:00,0.86,0.8706,0.8537,0.8578,17869912.8
2025-03-04 00:00:00+00:00,0.8577,0.8635,0.822,0.8253,43609166.1
2025-03-04 01:00:00+00:00,0.8254,0.8303,0.7729,0.7849,100127260.9
2025-03-04 02:00:00+00:00,0.7849,0.8021,0.7576,0.7914,81242886.0
2025-03-04 03:00:00+00:00,0.7914,0.8131,0.783,0.8006,32839681.4
2025-03-04 04:00:00+00:00,0.8007,0.8086,0.7929,0.7969,22519126.0
2025-03-04 05:00:00+00:00,0.7969,0.8338,0.7949,0.8234,43871767.2
2025-03-04 06:00:00+00:00,0.8235,0.832,0.8053,0.8099,29678218.3
2025-03-04 07:00:00+00:00,0.8099,0.8219,0.8009,0.8085,17792281.2
2025-03-04 08:00:00+00:00,0.8084,0.8277,0.8007,0.8151,25497897.7
2025-03-04 09:00:00+00:00,0.8153,0.8169,0.7964,0.8071,18527646.9
2025-03-04 10:00:00+00:00,0.8071,0.827,0.8005,0.8212,17188131.8
2025-03-04 11:00:00+00:00,0.8212,0.8353,0.8121,0.8133,21813024.0
2025-03-04 12:00:00+00:00,0.8132,0.8174,0.8024,0.8058,22538761.2
2025-03-04 13:00:00+00:00,0.8058,0.8068,0.7815,0.797,39048627.6
2025-03-04 14:00:00+00:00,0.7971,0.9108,0.7924,0.8206,137189635.7
2025-03-04 15:00:00+00:00,0.8207,0.855,0.7941,0.8544,78922635.1
2025-03-04 16:00:00+00:00,0.8544,0.8798,0.8226,0.8734,63637806.8
2025-03-04 17:00:00+00:00,0.8734,0.9528,0.865,0.9263,99844857.6
2025-03-04 18:00:00+00:00,0.9263,0.9451,0.9036,0.9399,43948476.7
2025-03-04 19:00:00+00:00,0.94,0.9562,0.919,0.9257,56160861.5
2025-03-04 20:00:00+00:00,0.9257,0.937,0.9025,0.9077,31402199.7
2025-03-04 21:00:00+00:00,0.9077,0.9547,0.9059,0.9443,30456719.7
2025-03-04 22:00:00+00:00,0.9444,0.9557,0.9254,0.9287,27460158.8
2025-03-04 23:00:00+00:00,0.9287,0.9499,0.9273,0.9409,17715949.7
2025-03-05 00:00:00+00:00,0.9409,0.9726,0.9213,0.9291,38389363.4
2025-03-05 01:00:00+00:00,0.929,0.9639,0.9136,0.963,25648081.3
2025-03-05 02:00:00+00:00,0.9631,0.984,0.9498,0.9707,34627673.6
2025-03-05 03:00:00+00:00,0.9705,0.9752,0.9267,0.9277,27611149.7
2025-03-05 04:00:00+00:00,0.9278,0.943,0.927,0.9342,18516992.4
2025-03-05 05:00:00+00:00,0.9343,0.9358,0.9189,0.9231,15430669.4
2025-03-05 06:00:00+00:00,0.923,0.9385,0.9156,0.9358,15498421.3
2025-03-05 07:00:00+00:00,0.9357,0.9434,0.9269,0.9395,22206859.5
2025-03-05 08:00:00+00:00,0.9396,0.9553,0.9377,0.9472,16211505.4
2025-03-05 09:00:00+00:00,0.9472,0.9692,0.9428,0.9566,24278850.5
2025-03-05 10:00:00+00:00,0.9566,1.0278,0.9537,1.001,71686355.5
2025-03-05 11:00:00+00:00,1.0011,1.0074,0.977,0.9813,35652122.8
2025-03-05 12:00:00+00:00,0.9812,1.0109,0.98,0.9891,30279466.2
2025-03-05 13:00:00+00:00,0.9892,0.9942,0.9572,0.9603,53199796.9
2025-03-05 14:00:00+00:00,0.9603,0.9737,0.9472,0.9505,36945317.9
2025-03-05 15:00:00+00:00,0.9504,0.971,0.9296,0.9413,46949395.0
2025-03-05 16:00:00+00:00,0.9412,0.9622,0.9313,0.9563,38307049.9
2025-03-05 17:00:00+00:00,0.9562,0.9718,0.9531,0.9646,30494035.9
2025-03-05 18:00:00+00:00,0.9647,0.9877,0.9637,0.9785,24677246.3
2025-03-05 19:00:00+00:00,0.9785,0.998,0.9772,0.9916,21416914.2
2025-03-05 20:00:00+00:00,0.9917,0.9993,0.98,0.986,20181310.7
2025-03-05 21:00:00+00:00,0.9861,0.99,0.973,0.982,16088369.8
2025-03-05 22:00:00+00:00,0.9821,0.9884,0.9763,0.9853,8881874.9
2025-03-05 23:00:00+00:00,0.9853,0.9911,0.9716,0.9741,11364074.7
2025-03-06 00:00:00+00:00,0.9741,0.9818,0.9488,0.9507,21813450.3
2025-03-06 01:00:00+00:00,0.9508,0.9886,0.9507,0.9731,21043682.1
2025-03-06 02:00:00+00:00,0.973,0.977,0.959,0.9684,17781686.5
2025-03-06 03:00:00+00:00,0.9685,0.9723,0.9541,0.9592,13995084.7
2025-03-06 04:00:00+00:00,0.9592,0.9684,0.9523,0.9647,11304154.8
2025-03-06 05:00:00+00:00,0.9647,0.9656,0.9338,0.9426,24469991.3
2025-03-06 06:00:00+00:00,0.9426,0.945,0.9343,0.941,12617909.9
2025-03-06 07:00:00+00:00,0.9411,0.9482,0.9359,0.9388,9164810.9
2025-03-06 08:00:00+00:00,0.9388,0.9609,0.938,0.9499,16795210.0
2025-03-06 09:00:00+00:00,0.9498,0.9552,0.938,0.95,12404886.4
2025-03-06 10:00:00+00:00,0.9501,0.9702,0.9473,0.9593,24095475.4
2025-03-06 11:00:00+00:00,0.9593,0.9615,0.9498,0.9524,10317405.5
2025-03-06 12:00:00+00:00,0.9524,0.9526,0.9241,0.9294,24411095.9
2025-03-06 13:00:00+00:00,0.9295,0.9415,0.9228,0.9307,19669898.6
2025-03-06 14:00:00+00:00,0.9307,0.9364,0.9,0.9182,37364285.0
2025-03-06 15:00:00+00:00,0.9182,0.9421,0.9162,0.9325,22958970.1
2025-03-06 16:00:00+00:00,0.9325,0.9368,0.9004,0.9019,20252274.8
2025-03-06 17:00:00+00:00,0.9019,0.9048,0.8854,0.894,31754190.1
2025-03-06 18:00:00+00:00,0.894,0.9001,0.8863,0.8936,15310127.8
2025-03-06 19:00:00+00:00,0.8936,0.9101,0.8887,0.903,13767467.9
2025-03-06 20:00:00+00:00,0.903,0.9104,0.8993,0.9076,9545195.6
2025-03-06 21:00:00+00:00,0.9076,0.9236,0.907,0.9201,14523248.0
2025-03-06 22:00:00+00:00,0.9202,0.9286,0.9039,0.9073,15392391.2
2025-03-06 23:00:00+00:00,0.9073,0.9152,0.9044,0.9065,5956245.3
2025-03-07 00:00:00+00:00,0.9065,0.9206,0.8165,0.8304,127018416.5
2025-03-07 01:00:00+00:00,0.8304,0.8696,0.8272,0.8603,60124473.7
2025-03-07 02:00:00+00:00,0.8603,0.8684,0.8472,0.8519,23931139.8
2025-03-07 03:00:00+00:00,0.8519,0.8612,0.8501,0.8529,10623066.9
2025-03-07 04:00:00+00:00,0.8529,0.8699,0.8513,0.8656,12690135.7
2025-03-07 05:00:00+00:00,0.8657,0.8824,0.8649,0.8746,15652928.7
2025-03-07 06:00:00+00:00,0.8746,0.8779,0.8673,0.8726,12152086.9
2025-03-07 07:00:00+00:00,0.8725,0.878,0.8701,0.8753,10339704.3
2025-03-07 08:00:00+00:00,0.8754,0.8754,0.865,0.8719,13615416.2
2025-03-07 09:00:00+00:00,0.8719,0.8891,0.8709,0.878,23798190.9
2025-03-07 10:00:00+00:00,0.8781,0.8841,0.8711,0.8823,23176322.0
2025-03-07 11:00:00+00:00,0.8824,0.8899,0.876,0.8797,23743457.5
2025-03-07 12:00:00+00:00,0.8797,0.8809,0.8595,0.8689,24416421.1
2025-03-07 13:00:00+00:00,0.8688,0.8979,0.8679,0.8727,34095276.6
2025-03-07 14:00:00+00:00,0.8727,0.89,0.8599,0.8768,35583819.6
2025-03-07 15:00:00+00:00,0.8768,0.8845,0.8441,0.8582,49763681.3
2025-03-07 16:00:00+00:00,0.8581,0.8634,0.8101,0.8296,88630051.6
2025-03-07 17:00:00+00:00,0.8295,0.8525,0.824,0.8409,32232160.7
2025-03-07 18:00:00+00:00,0.8409,0.8647,0.838,0.8602,19969826.9
2025-03-07 19:00:00+00:00,0.8602,0.8668,0.847,0.853,18761011.1
2025-03-07 20:00:00+00:00,0.8528,0.8647,0.8325,0.843,34903082.5
2025-03-07 21:00:00+00:00,0.8429,0.8453,0.8064,0.8217,60228213.3
2025-03-07 22:00:00+00:00,0.8216,0.8265,0.8069,0.8213,24063155.2
2025-03-07 23:00:00+00:00,0.8213,0.8234,0.8083,0.8181,10279924.0
2025-03-08 00:00:00+00:00,0.818,0.8352,0.812,0.8345,11760621.7
2025-03-08 01:00:00+00:00,0.8346,0.8392,0.8167,0.8296,12728155.2
2025-03-08 02:00:00+00:00,0.8296,0.8319,0.8214,0.8239,5736553.5
2025-03-08 03:00:00+00:00,0.8239,0.826,0.8138,0.8221,9361394.0
2025-03-08 04:00:00+00:00,0.8222,0.8298,0.8167,0.827,6902547.4
2025-03-08 05:00:00+00:00,0.827,0.8276,0.8145,0.8169,5387310.1
2025-03-08 06:00:00+00:00,0.8169,0.8298,0.8161,0.8248,9350924.8
2025-03-08 07:00:00+00:00,0.8247,0.8319,0.8218,0.8242,6345884.4
2025-03-08 08:00:00+00:00,0.8243,0.8262,0.8131,0.8148,7965148.7
2025-03-08 09:00:00+00:00,0.8147,0.8219,0.8019,0.8037,10101318.4
2025-03-08 10:00:00+00:00,0.8037,0.814,0.8034,0.808,6510620.4
2025-03-08 11:00:00+00:00,0.8081,0.8082,0.7931,0.8006,16528961.6
2025-03-08 12:00:00+00:00,0.8006,0.8144,0.7981,0.8119,13316811.3
2025-03-08 13:00:00+00:00,0.8119,0.8242,0.8108,0.8184,12070433.0
2025-03-08 14:00:00+00:00,0.8185,0.8254,0.8167,0.8171,7355172.0
2025-03-08 15:00:00+00:00,0.817,0.8233,0.8127,0.8166,6864655.7
2025-03-08 16:00:00+00:00,0.8165,0.8188,0.8043,0.8128,7944765.9
2025-03-08 17:00:00+00:00,0.8129,0.8131,0.7934,0.8087,10291125.2
2025-03-08 18:00:00+00:00,0.8086,0.8135,0.8052,0.8105,4163942.9
2025-03-08 19:00:00+00:00,0.8106,0.8233,0.8065,0.8202,7253079.4
2025-03-08 20:00:00+00:00,0.8202,0.8215,0.8124,0.813,4719551.2
2025-03-08 21:00:00+00:00,0.813,0.8211,0.8126,0.8127,3525506.0
2025-03-08 22:00:00+00:00,0.8126,0.8139,0.8034,0.8086,5369415.7
2025-03-08 23:00:00+00:00,0.8085,0.8116,0.8009,0.8052,4210015.1
2025-03-09 00:00:00+00:00,0.8052,0.817,0.7997,0.8123,5114334.9
2025-03-09 01:00:00+00:00,0.8123,0.817,0.8044,0.8048,4359264.9
2025-03-09 02:00:00+00:00,0.8048,0.8078,0.7934,0.7954,11111418.8
2025-03-09 03:00:00+00:00,0.7955,0.8046,0.7937,0.8012,5131037.3
2025-03-09 04:00:00+00:00,0.8012,0.805,0.7978,0.8001,9389045.5
2025-03-09 05:00:00+00:00,0.8001,0.8121,0.7993,0.8106,13471571.2
2025-03-09 06:00:00+00:00,0.8106,0.8145,0.8026,0.809,8005505.7
2025-03-09 07:00:00+00:00,0.8089,0.8176,0.8082,0.8142,8118975.3
2025-03-09 08:00:00+00:00,0.8142,0.8155,0.8066,0.808,7206071.0
2025-03-09 09:00:00+00:00,0.808,0.8127,0.7996,0.8008,10433769.6
2025-03-09 10:00:00+00:00,0.8008,0.8019,0.7707,0.7749,27736087.9
2025-03-09 11:00:00+00:00,0.775,0.7829,0.7735,0.7808,10155147.1
2025-03-09 12:00:00+00:00,0.7808,0.781,0.7677,0.7776,10890335.1
2025-03-09 13:00:00+00:00,0.7777,0.78,0.7586,0.7592,18073860.8
2025-03-09 14:00:00+00:00,0.7593,0.773,0.7579,0.7683,21999616.6
2025-03-09 15:00:00+00:00,0.7683,0.7715,0.7508,0.7562,16371995.9
2025-03-09 16:00:00+00:00,0.7561,0.7616,0.7344,0.738,30630918.4
2025-03-09 17:00:00+00:00,0.738,0.7473,0.7233,0.7244,21109614.9
2025-03-09 18:00:00+00:00,0.7244,0.7389,0.711,0.7215,28827056.6
2025-03-09 19:00:00+00:00,0.7216,0.7351,0.7179,0.7313,16852209.3
2025-03-09 20:00:00+00:00,0.7313,0.7417,0.7285,0.7386,17676658.0
2025-03-09 21:00:00+00:00,0.7386,0.7417,0.7225,0.7255,8976538.2
2025-03-09 22:00:00+00:00,0.7255,0.7259,0.7125,0.7148,15481819.9
2025-03-09 23:00:00+00:00,0.7147,0.7241,0.709,0.7215,14461517.0
2025-03-10 00:00:00+00:00,0.7216,0.7365,0.7024,0.7318,37850718.9
2025-03-10 01:00:00+00:00,0.7318,0.7424,0.7224,0.7354,22203315.2
2025-03-10 02:00:00+00:00,0.7354,0.753,0.7332,0.7445,15983316.9
2025-03-10 03:00:00+00:00,0.7445,0.7472,0.7358,0.741,7394517.6
2025-03-10 04:00:00+00:00,0.741,0.7511,0.7401,0.7454,9899778.2
2025-03-10 05:00:00+00:00,0.7454,0.7486,0.7397,0.7412,7074201.8
2025-03-10 06:00:00+00:00,0.7412,0.7429,0.7362,0.7402,8045666.2
2025-03-10 07:00:00+00:00,0.7402,0.7478,0.7386,0.7461,7146384.4
2025-03-10 08:00:00+00:00,0.7461,0.7474,0.7298,0.7319,12128237.4
2025-03-10 09:00:00+00:00,0.7319,0.7786,0.7314,0.7488,43698164.2
2025-03-10 10:00:00+00:00,0.7488,0.7517,0.7381,0.7445,9743980.9
2025-03-10 11:00:00+00:00,0.7446,0.7604,0.7412,0.7571,12393426.4
2025-03-10 12:00:00+00:00,0.7571,0.7631,0.7433,0.7498,14468867.5
2025-03-10 13:00:00+00:00,0.7497,0.7514,0.7151,0.7193,26218204.6
2025-03-10 14:00:00+00:00,0.7192,0.7192,0.6852,0.6936,48242082.2
2025-03-10 15:00:00+00:00,0.6937,0.7131,0.6903,0.7013,23365353.6
2025-03-10 16:00:00+00:00,0.7012,0.7047,0.6851,0.6914,18832732.3
2025-03-10 17:00:00+00:00,0.6914,0.6945,0.6708,0.6758,30365217.9
2025-03-10 18:00:00+00:00,0.6758,0.6869,0.6588,0.6593,27109222.2
2025-03-10 19:00:00+00:00,0.6593,0.6957,0.6582,0.6891,29571595.7
2025-03-10 20:00:00+00:00,0.6891,0.692,0.6794,0.6867,11119540.6
2025-03-10 21:00:00+00:00,0.6866,0.6934,0.6832,0.6874,9330504.1
2025-03-10 22:00:00+00:00,0.6873,0.6897,0.6758,0.6816,8107618.5
2025-03-10 23:00:00+00:00,0.6816,0.6869,0.6688,0.6712,11837881.8
2025-03-11 00:00:00+00:00,0.6711,0.6819,0.6471,0.6657,45924153.4
2025-03-11 01:00:00+00:00,0.6657,0.6931,0.65,0.6924,31489768.2
2025-03-11 02:00:00+00:00,0.6924,0.6987,0.6866,0.6938,17544588.4
2025-03-11 03:00:00+00:00,0.6937,0.7049,0.6927,0.7011,11744809.7
2025-03-11 04:00:00+00:00,0.7011,0.7147,0.6983,0.7079,10730100.1
2025-03-11 05:00:00+00:00,0.7079,0.7269,0.7072,0.722,17006483.3
2025-03-11 06:00:00+00:00,0.722,0.7335,0.7147,0.7157,17004438.1
2025-03-11 07:00:00+00:00,0.7158,0.7269,0.7153,0.7195,19206784.7
2025-03-11 08:00:00+00:00,0.7195,0.7321,0.7165,0.7277,11711355.1
2025-03-11 09:00:00+00:00,0.7276,0.7387,0.725,0.73,18400960.3
2025-03-11 10:00:00+00:00,0.7301,0.734,0.727,0.7312,9371936.1
2025-03-11 11:00:00+00:00,0.7312,0.7344,0.7244,0.7311,11793105.0
2025-03-11 12:00:00+00:00,0.7312,0.7325,0.7148,0.7169,15110176.0
2025-03-11 13:00:00+00:00,0.7169,0.7349,0.7083,0.7189,34323338.9
2025-03-11 14:00:00+00:00,0.7189,0.7267,0.6972,0.7035,45477663.3
2025-03-11 15:00:00+00:00,0.7035,0.7301,0.7013,0.7267,25430879.2
2025-03-11 16:00:00+00:00,0.7267,0.729,0.7155,0.7187,11111266.9
2025-03-11 17:00:00+00:00,0.7186,0.723,0.7076,0.7115,8199819.1
2025-03-11 18:00:00+00:00,0.7115,0.7444,0.7114,0.7387,23147282.2
2025-03-11 19:00:00+00:00,0.7387,0.7412,0.7272,0.732,11896399.2
2025-03-11 20:00:00+00:00,0.7319,0.7331,0.724,0.7256,5530864.9
2025-03-11 21:00:00+00:00,0.7257,0.7329,0.7254,0.7282,5093362.9
2025-03-11 22:00:00+00:00,0.7281,0.7346,0.7276,0.7322,5117880.1
2025-03-11 23:00:00+00:00,0.7322,0.7331,0.7195,0.7241,6001062.6
2025-03-12 00:00:00+00:00,0.724,0.7331,0.7208,0.7268,8624182.4
2025-03-12 01:00:00+00:00,0.7269,0.7471,0.7256,0.7416,15606572.7
2025-03-12 02:00:00+00:00,0.7416,0.7429,0.7232,0.7284,12317008.7
2025-03-12 03:00:00+00:00,0.7284,0.7324,0.7159,0.7167,9666544.3
2025-03-12 04:00:00+00:00,0.7168,0.7188,0.7111,0.7169,8076908.4
2025-03-12 05:00:00+00:00,0.717,0.7254,0.7139,0.7242,6134843.8
2025-03-12 06:00:00+00:00,0.7242,0.7265,0.7142,0.7197,6927946.4
2025-03-12 07:00:00+00:00,0.7198,0.7369,0.7191,0.7345,9583660.9
2025-03-12 08:00:00+00:00,0.7346,0.7506,0.7329,0.7385,23360229.4
2025-03-12 09:00:00+00:00,0.7386,0.744,0.7279,0.7349,12691628.9
2025-03-12 10:00:00+00:00,0.735,0.7377,0.7279,0.7336,5447464.2
2025-03-12 11:00:00+00:00,0.7337,0.7435,0.7337,0.7424,6686887.7
2025-03-12 12:00:00+00:00,0.7424,0.77,0.7373,0.7605,32944062.2
2025-03-12 13:00:00+00:00,0.7605,0.7649,0.7318,0.7353,24850397.7
2025-03-12 14:00:00+00:00,0.7353,0.7381,0.7203,0.7243,19897812.0
2025-03-12 15:00:00+00:00,0.7244,0.7316,0.7124,0.7298,18965999.9
2025-03-12 16:00:00+00:00,0.7297,0.7359,0.7236,0.7247,11189855.4
2025-03-12 17:00:00+00:00,0.7247,0.7331,0.7174,0.7184,7897883.9
2025-03-12 18:00:00+00:00,0.7184,0.7349,0.7173,0.7303,6787141.9
2025-03-12 19:00:00+00:00,0.7303,0.7343,0.7265,0.7297,4752372.7
2025-03-12 20:00:00+00:00,0.7297,0.7309,0.7249,0.7296,2916373.3
2025-03-12 21:00:00+00:00,0.7296,0.7354,0.7263,0.729,4118305.9
2025-03-12 22:00:00+00:00,0.729,0.7345,0.728,0.7326,3390678.6
2025-03-12 23:00:00+00:00,0.7326,0.737,0.7296,0.736,9572236.8
2025-03-13 00:00:00+00:00,0.736,0.739,0.7289,0.7296,11305230.4
2025-03-13 01:00:00+00:00,0.7295,0.7369,0.7254,0.7359,7429119.3
2025-03-13 02:00:00+00:00,0.736,0.74,0.7276,0.7284,5345924.0
2025-03-13 03:00:00+00:00,0.7284,0.7325,0.7236,0.7273,7967527.5
2025-03-13 04:00:00+00:00,0.7272,0.7297,0.7178,0.7213,5819373.5
2025-03-13 05:00:00+00:00,0.7214,0.7267,0.7191,0.7206,4037691.4
2025-03-13 06:00:00+00:00,0.7206,0.7233,0.7142,0.716,12488197.3
2025-03-13 07:00:00+00:00,0.7161,0.7218,0.7152,0.7176,4763032.9
2025-03-13 08:00:00+00:00,0.7175,0.7195,0.7088,0.7146,8062314.0
2025-03-13 09:00:00+00:00,0.7146,0.7338,0.7136,0.732,15648595.0
2025-03-13 10:00:00+00:00,0.7319,0.7325,0.7227,0.7258,10595598.8
2025-03-13 11:00:00+00:00,0.7257,0.7285,0.7209,0.7283,5761085.4
2025-03-13 12:00:00+00:00,0.7282,0.742,0.7213,0.7239,22043841.1
2025-03-13 13:00:00+00:00,0.7239,0.7347,0.7103,0.7142,20994794.8
2025-03-13 14:00:00+00:00,0.7141,0.7212,0.7115,0.7177,16832061.4
2025-03-13 15:00:00+00:00,0.7177,0.7204,0.7026,0.7065,21094703.0
2025-03-13 16:00:00+00:00,0.7065,0.7103,0.7,0.7025,13325101.4
2025-03-13 17:00:00+00:00,0.7025,0.7066,0.6957,0.6986,27300454.4
2025-03-13 18:00:00+00:00,0.6987,0.7072,0.6979,0.7041,12166372.7
2025-03-13 19:00:00+00:00,0.7042,0.7059,0.6957,0.6979,3873834.6
2025-03-13 20:00:00+00:00,0.698,0.7032,0.6915,0.6921,5117587.2
2025-03-13 21:00:00+00:00,0.6921,0.6983,0.6909,0.6982,6724421.8
2025-03-13 22:00:00+00:00,0.6982,0.7081,0.6971,0.7079,8141456.8
2025-03-13 23:00:00+00:00,0.7078,0.7104,0.7002,0.703,8045116.5
2025-03-14 00:00:00+00:00,0.703,0.7072,0.6963,0.704,10906080.7
2025-03-14 01:00:00+00:00,0.7041,0.7077,0.6994,0.7029,2235578.3
2025-03-14 02:00:00+00:00,0.7028,0.7095,0.702,0.709,4424256.2
2025-03-14 03:00:00+00:00,0.709,0.7109,0.7035,0.7061,10045989.0
2025-03-14 04:00:00+00:00,0.7061,0.7103,0.7054,0.7088,4593886.3
2025-03-14 05:00:00+00:00,0.7088,0.7138,0.7055,0.7138,5590458.2
2025-03-14 06:00:00+00:00,0.7138,0.7178,0.7072,0.7105,8455285.9
2025-03-14 07:00:00+00:00,0.7104,0.7148,0.7067,0.7114,5282229.3
2025-03-14 08:00:00+00:00,0.7115,0.72,0.7095,0.7184,8052528.8
2025-03-14 09:00:00+00:00,0.7184,0.7242,0.7179,0.72,6572999.5
2025-03-14 10:00:00+00:00,0.72,0.7227,0.7157,0.7173,6599033.4
2025-03-14 11:00:00+00:00,0.7173,0.7211,0.7167,0.719,3856268.9
2025-03-14 12:00:00+00:00,0.719,0.7225,0.7144,0.7197,4457448.9
2025-03-14 13:00:00+00:00,0.7196,0.7299,0.7175,0.7261,12583879.0
2025-03-14 14:00:00+00:00,0.7261,0.7334,0.7193,0.7305,16373961.8
2025-03-14 15:00:00+00:00,0.7306,0.7514,0.7299,0.7398,30077266.2
2025-03-14 16:00:00+00:00,0.7399,0.7448,0.7342,0.7433,17474371.2
2025-03-14 17:00:00+00:00,0.7432,0.7457,0.7322,0.7335,7790396.9
2025-03-14 18:00:00+00:00,0.7336,0.7392,0.7335,0.7363,5211625.3
2025-03-14 19:00:00+00:00,0.7362,0.7424,0.7339,0.7366,4744397.9
2025-03-14 20:00:00+00:00,0.7366,0.7375,0.7285,0.7356,8966225.9
2025-03-14 21:00:00+00:00,0.7357,0.738,0.7325,0.7375,3507034.6
2025-03-14 22:00:00+00:00,0.7375,0.7472,0.7356,0.7451,4052976.0
2025-03-14 23:00:00+00:00,0.7451,0.7456,0.736,0.7373,8868834.1
2025-03-15 00:00:00+00:00,0.7372,0.7453,0.7346,0.7437,5672851.9
2025-03-15 01:00:00+00:00,0.7438,0.7464,0.7376,0.7404,3618223.3
2025-03-15 02:00:00+00:00,0.7403,0.75,0.7395,0.7485,5485699.6
2025-03-15 03:00:00+00:00,0.7485,0.7543,0.747,0.7491,6185316.0
2025-03-15 04:00:00+00:00,0.7491,0.7575,0.745,0.7533,6048034.1
2025-03-15 05:00:00+00:00,0.7533,0.7537,0.7445,0.7446,3961371.7
2025-03-15 06:00:00+00:00,0.7446,0.7456,0.7406,0.7421,5065159.3
2025-03-15 07:00:00+00:00,0.7422,0.7425,0.7313,0.7339,11590890.3
2025-03-15 08:00:00+00:00,0.7339,0.7407,0.7309,0.7398,6026819.3
2025-03-15 09:00:00+00:00,0.7397,0.742,0.7357,0.7412,5885946.2
2025-03-15 10:00:00+00:00,0.7412,0.7436,0.7355,0.7405,7180050.7
2025-03-15 11:00:00+00:00,0.7404,0.744,0.7381,0.7434,5850984.8
2025-03-15 12:00:00+00:00,0.7435,0.7494,0.7423,0.744,6697009.1
2025-03-15 13:00:00+00:00,0.7441,0.7534,0.7435,0.7503,8468374.3
2025-03-15 14:00:00+00:00,0.7502,0.7503,0.7428,0.7454,10710549.6
2025-03-15 15:00:00+00:00,0.7455,0.7509,0.7455,0.7494,4236388.3
2025-03-15 16:00:00+00:00,0.7494,0.754,0.7472,0.7502,3531474.4
2025-03-15 17:00:00+00:00,0.7502,0.7563,0.7495,0.7522,6041524.9
2025-03-15 18:00:00+00:00,0.7521,0.7538,0.7461,0.7483,3883643.5
2025-03-15 19:00:00+00:00,0.7483,0.7487,0.744,0.7487,3128369.9
2025-03-15 20:00:00+00:00,0.7487,0.7547,0.7487,0.7525,3278360.9
2025-03-15 21:00:00+00:00,0.7525,0.7594,0.7521,0.7567,5368957.8
2025-03-15 22:00:00+00:00,0.7568,0.7572,0.749,0.75,3819943.0
2025-03-15 23:00:00+00:00,0.75,0.7526,0.7465,0.7468,2902580.3
2025-03-16 00:00:00+00:00,0.7468,0.7473,0.7407,0.744,4253746.3
2025-03-16 01:00:00+00:00,0.7441,0.746,0.7362,0.7369,4322234.1
2025-03-16 02:00:00+00:00,0.7368,0.7391,0.733,0.736,4803620.2
2025-03-16 03:00:00+00:00,0.7361,0.7436,0.7351,0.7424,2320178.5
2025-03-16 04:00:00+00:00,0.7425,0.7431,0.7395,0.7418,4346826.5
2025-03-16 05:00:00+00:00,0.7418,0.7449,0.7412,0.744,1816954.0
2025-03-16 06:00:00+00:00,0.744,0.7441,0.7396,0.7397,1887386.6
2025-03-16 07:00:00+00:00,0.7397,0.7411,0.7352,0.7391,3082680.0
2025-03-16 08:00:00+00:00,0.7391,0.7408,0.7335,0.7352,6256899.3
2025-03-16 09:00:00+00:00,0.7352,0.7356,0.7247,0.7276,7987598.5
2025-03-16 10:00:00+00:00,0.7276,0.7296,0.7227,0.7236,4579753.0
2025-03-16 11:00:00+00:00,0.7236,0.7239,0.7043,0.7058,17462282.6
2025-03-16 12:00:00+00:00,0.7058,0.7126,0.705,0.7067,9716448.2
2025-03-16 13:00:00+00:00,0.7066,0.7112,0.6973,0.6979,12966030.6
2025-03-16 14:00:00+00:00,0.6978,0.7064,0.6969,0.7062,11118136.7
2025-03-16 15:00:00+00:00,0.7062,0.7073,0.6994,0.7044,6438391.4
2025-03-16 16:00:00+00:00,0.7044,0.7169,0.7024,0.7039,24161399.4
2025-03-16 17:00:00+00:00,0.7039,0.7094,0.7011,0.7062,5058631.6
2025-03-16 18:00:00+00:00,0.7062,0.7098,0.7019,0.7072,4056552.6
2025-03-16 19:00:00+00:00,0.7072,0.7078,0.6936,0.6991,10754661.8
2025-03-16 20:00:00+00:00,0.6992,0.703,0.6983,0.7029,5157298.6
2025-03-16 21:00:00+00:00,0.7029,0.7035,0.6997,0.7013,3282624.9
2025-03-16 22:00:00+00:00,0.7012,0.7066,0.6955,0.6998,5685483.5
2025-03-16 23:00:00+00:00,0.6997,0.7079,0.6971,0.7049,4788230.5
2025-03-17 00:00:00+00:00,0.7049,0.7159,0.7041,0.715,4667297.2
2025-03-17 01:00:00+00:00,0.7151,0.72,0.7108,0.7135,6652082.7
2025-03-17 02:00:00+00:00,0.7135,0.7155,0.7104,0.7128,3021566.0
2025-03-17 03:00:00+00:00,0.7129,0.7172,0.712,0.7156,3602093.9
2025-03-17 04:00:00+00:00,0.7156,0.7194,0.7125,0.7142,3520394.0
2025-03-17 05:00:00+00:00,0.7141,0.7171,0.7105,0.7105,4768727.5
2025-03-17 06:00:00+00:00,0.7105,0.7146,0.7024,0.7135,5688880.1
2025-03-17 07:00:00+00:00,0.7136,0.7234,0.7132,0.7209,8434791.1
2025-03-17 08:00:00+00:00,0.7209,0.7285,0.718,0.7271,7786870.4
2025-03-17 09:00:00+00:00,0.727,0.7296,0.723,0.7253,5665656.9
2025-03-17 10:00:00+00:00,0.7254,0.7266,0.7197,0.721,4459852.4
2025-03-17 11:00:00+00:00,0.7211,0.7273,0.7186,0.7236,5126578.1
2025-03-17 12:00:00+00:00,0.7237,0.732,0.7181,0.7186,11157528.0
2025-03-17 13:00:00+00:00,0.7185,0.7255,0.715,0.7183,5586769.9
2025-03-17 14:00:00+00:00,0.7182,0.7235,0.7134,0.7186,6232701.1
2025-03-17 15:00:00+00:00,0.7187,0.7259,0.7162,0.7244,11260131.0
2025-03-17 16:00:00+00:00,0.7244,0.7272,0.7171,0.7198,4055058.1
2025-03-17 17:00:00+00:00,0.7197,0.7254,0.7181,0.7233,3614755.5
2025-03-17 18:00:00+00:00,0.7233,0.73,0.7209,0.728,4355162.7
2025-03-17 19:00:00+00:00,0.7281,0.7295,0.724,0.7255,3686877.0
2025-03-17 20:00:00+00:00,0.7256,0.7263,0.717,0.7184,4271528.2
2025-03-17 21:00:00+00:00,0.7184,0.7227,0.7182,0.7196,2781914.5
2025-03-17 22:00:00+00:00,0.7196,0.7223,0.7183,0.72,1621987.7
2025-03-17 23:00:00+00:00,0.7201,0.7207,0.7149,0.7175,2773990.3
2025-03-18 00:00:00+00:00,0.7175,0.7184,0.7094,0.714,4110510.4
2025-03-18 01:00:00+00:00,0.714,0.7154,0.7045,0.7066,4820238.2
2025-03-18 02:00:00+00:00,0.7066,0.7114,0.7056,0.7082,4308549.3
2025-03-18 03:00:00+00:00,0.7081,0.7081,0.7025,0.7048,3158091.6
2025-03-18 04:00:00+00:00,0.7047,0.7081,0.7028,0.7044,4128081.7
2025-03-18 05:00:00+00:00,0.7045,0.71,0.7042,0.709,3158748.1
2025-03-18 06:00:00+00:00,0.709,0.7107,0.699,0.7007,7091967.2
2025-03-18 07:00:00+00:00,0.7007,0.7096,0.6997,0.7088,6123455.9
2025-03-18 08:00:00+00:00,0.7088,0.7128,0.7065,0.7105,3507906.6
2025-03-18 09:00:00+00:00,0.7106,0.7124,0.7053,0.706,3308895.5
2025-03-18 10:00:00+00:00,0.706,0.7081,0.7022,0.7047,4078704.9
2025-03-18 11:00:00+00:00,0.7048,0.7057,0.701,0.7016,3135030.9
2025-03-18 12:00:00+00:00,0.7015,0.7044,0.6993,0.7002,5896325.5
2025-03-18 13:00:00+00:00,0.7003,0.7039,0.6816,0.6858,19757035.6
2025-03-18 14:00:00+00:00,0.6857,0.6982,0.6828,0.6954,12065031.3
2025-03-18 15:00:00+00:00,0.6953,0.6954,0.6861,0.6871,5853269.5
2025-03-18 16:00:00+00:00,0.6871,0.6938,0.685,0.6892,5122962.4
2025-03-18 17:00:00+00:00,0.6891,0.6898,0.6818,0.6855,6693205.5
2025-03-18 18:00:00+00:00,0.6856,0.6941,0.6849,0.6916,3744078.9
2025-03-18 19:00:00+00:00,0.6916,0.6975,0.6912,0.696,3130402.3
2025-03-18 20:00:00+00:00,0.696,0.6971,0.6908,0.6942,2868755.1
2025-03-18 21:00:00+00:00,0.6941,0.6952,0.6909,0.693,1727941.9
2025-03-18 22:00:00+00:00,0.6929,0.7006,0.6917,0.6991,3110830.0
2025-03-18 23:00:00+00:00,0.6992,0.7058,0.6992,0.7017,3287030.8
2025-03-19 00:00:00+00:00,0.7017,0.7104,0.7003,0.7067,3772120.0
2025-03-19 01:00:00+00:00,0.7066,0.7089,0.7013,0.7013,2647123.6
2025-03-19 02:00:00+00:00,0.7014,0.7057,0.7006,0.7054,2481204.2
2025-03-19 03:00:00+00:00,0.7054,0.7128,0.7034,0.712,3734467.8
2025-03-19 04:00:00+00:00,0.7121,0.7125,0.7062,0.7083,2775267.2
2025-03-19 05:00:00+00:00,0.7083,0.7123,0.7079,0.7109,3254702.2
2025-03-19 06:00:00+00:00,0.711,0.712,0.7073,0.7096,2796936.9
2025-03-19 07:00:00+00:00,0.7096,0.7126,0.7073,0.7083,3473117.1
2025-03-19 08:00:00+00:00,0.7083,0.7138,0.7082,0.713,3552502.6
2025-03-19 09:00:00+00:00,0.7129,0.717,0.7115,0.7151,4221345.1
2025-03-19 10:00:00+00:00,0.7151,0.7204,0.7135,0.7175,5516645.2
2025-03-19 11:00:00+00:00,0.7174,0.7271,0.7154,0.7237,11157238.0
2025-03-19 12:00:00+00:00,0.7238,0.725,0.7161,0.7185,5136173.9
2025-03-19 13:00:00+00:00,0.7185,0.7414,0.7163,0.7355,34988620.2
2025-03-19 14:00:00+00:00,0.7355,0.7458,0.7306,0.7401,23027568.4
2025-03-19 15:00:00+00:00,0.7401,0.7439,0.7362,0.7405,10017367.8
2025-03-19 16:00:00+00:00,0.7406,0.7432,0.7297,0.7325,14498818.6
2025-03-19 17:00:00+00:00,0.7326,0.735,0.7214,0.7266,15672388.8
2025-03-19 18:00:00+00:00,0.7266,0.7394,0.7188,0.7359,20053632.9
2025-03-19 19:00:00+00:00,0.7359,0.7404,0.7275,0.7311,10483995.8
2025-03-19 20:00:00+00:00,0.7312,0.7357,0.726,0.7281,4037852.8
2025-03-19 21:00:00+00:00,0.728,0.7349,0.7277,0.7334,3772302.6
2025-03-19 22:00:00+00:00,0.7334,0.7433,0.7333,0.7382,5866227.1
2025-03-19 23:00:00+00:00,0.7383,0.747,0.7377,0.7436,6396008.5
2025-03-20 00:00:00+00:00,0.7436,0.7473,0.7319,0.7322,9683081.3
2025-03-20 01:00:00+00:00,0.7323,0.7362,0.7288,0.7299,5028469.7
2025-03-20 02:00:00+00:00,0.7299,0.7348,0.7267,0.7329,3853588.8
2025-03-20 03:00:00+00:00,0.7329,0.7337,0.7294,0.7307,1659185.4
2025-03-20 04:00:00+00:00,0.7307,0.731,0.726,0.7291,6810940.0
2025-03-20 05:00:00+00:00,0.7291,0.7296,0.7243,0.7285,3490876.3
2025-03-20 06:00:00+00:00,0.7284,0.7321,0.7269,0.7312,3627959.0
2025-03-20 07:00:00+00:00,0.7312,0.7324,0.7285,0.7307,2758193.4
2025-03-20 08:00:00+00:00,0.7306,0.7366,0.7276,0.7355,5634047.4
2025-03-20 09:00:00+00:00,0.7354,0.7359,0.7308,0.7333,3108047.2
2025-03-20 10:00:00+00:00,0.7333,0.7349,0.7199,0.7238,7599661.5
2025-03-20 11:00:00+00:00,0.7238,0.7288,0.7233,0.7278,3003432.9
2025-03-20 12:00:00+00:00,0.7278,0.7341,0.7246,0.7331,3501488.2
2025-03-20 13:00:00+00:00,0.7331,0.7405,0.7289,0.7386,8275532.2
2025-03-20 14:00:00+00:00,0.7386,0.7554,0.7383,0.754,22566144.4
2025-03-20 15:00:00+00:00,0.754,0.7543,0.7243,0.7257,29149222.1
2025-03-20 16:00:00+00:00,0.7256,0.7311,0.712,0.7145,13651685.7
2025-03-20 17:00:00+00:00,0.7145,0.7213,0.7137,0.7178,8900041.1
2025-03-20 18:00:00+00:00,0.7178,0.7228,0.7165,0.7168,5114425.5
2025-03-20 19:00:00+00:00,0.7168,0.7216,0.7152,0.7192,3502979.6
2025-03-20 20:00:00+00:00,0.7193,0.7247,0.7175,0.7211,3739370.5
2025-03-20 21:00:00+00:00,0.7211,0.723,0.7181,0.7183,2620532.7
2025-03-20 22:00:00+00:00,0.7182,0.7197,0.7142,0.7155,3556887.5
2025-03-20 23:00:00+00:00,0.7155,0.7188,0.713,0.718,2952177.5
2025-03-21 00:00:00+00:00,0.7179,0.7233,0.7165,0.7228,4260500.2
2025-03-21 01:00:00+00:00,0.7228,0.7274,0.7185,0.726,5202156.4
2025-03-21 02:00:00+00:00,0.7259,0.7277,0.7207,0.7227,4099212.3
2025-03-21 03:00:00+00:00,0.7228,0.7229,0.7151,0.7173,2522961.3
2025-03-21 04:00:00+00:00,0.7173,0.7223,0.7173,0.7201,1762797.5
2025-03-21 05:00:00+00:00,0.7202,0.7203,0.7153,0.7194,2396972.5
2025-03-21 06:00:00+00:00,0.7194,0.7211,0.7166,0.718,2465100.7
2025-03-21 07:00:00+00:00,0.718,0.7185,0.7108,0.7141,5147651.0
2025-03-21 08:00:00+00:00,0.714,0.7162,0.7075,0.7113,5902158.1
2025-03-21 09:00:00+00:00,0.7112,0.7152,0.7077,0.7106,4331253.3
2025-03-21 10:00:00+00:00,0.7105,0.7115,0.7008,0.7051,7170128.7
2025-03-21 11:00:00+00:00,0.7052,0.7085,0.7012,0.7074,4523273.1
2025-03-21 12:00:00+00:00,0.7073,0.7136,0.7058,0.7079,5994025.0
2025-03-21 13:00:00+00:00,0.7078,0.7104,0.7012,0.7095,5305120.3
2025-03-21 14:00:00+00:00,0.7096,0.7111,0.7035,0.7099,4842173.6
2025-03-21 15:00:00+00:00,0.71,0.7104,0.7024,0.7038,4799249.0
2025-03-21 16:00:00+00:00,0.7037,0.7102,0.7006,0.71,5817780.3
2025-03-21 17:00:00+00:00,0.7099,0.7183,0.7078,0.7136,5445744.1
2025-03-21 18:00:00+00:00,0.7137,0.7167,0.7105,0.7124,4665299.3
2025-03-21 19:00:00+00:00,0.7125,0.7151,0.709,0.7106,2462391.3
2025-03-21 20:00:00+00:00,0.7106,0.7143,0.7092,0.7132,2390527.9
2025-03-21 21:00:00+00:00,0.7131,0.7165,0.7101,0.7107,2586654.6
2025-03-21 22:00:00+00:00,0.7106,0.711,0.705,0.7065,3712104.5
2025-03-21 23:00:00+00:00,0.7064,0.7079,0.7034,0.705,1532342.7
2025-03-22 00:00:00+00:00,0.705,0.7097,0.7042,0.7084,2271859.4
2025-03-22 01:00:00+00:00,0.7084,0.7117,0.7038,0.7052,2365873.9
2025-03-22 02:00:00+00:00,0.7052,0.7087,0.7036,0.707,1830448.6
2025-03-22 03:00:00+00:00,0.707,0.7109,0.7056,0.7092,2277897.4
2025-03-22 04:00:00+00:00,0.7093,0.7119,0.7081,0.7116,1631310.3
2025-03-22 05:00:00+00:00,0.7116,0.712,0.7089,0.7105,1442108.1
2025-03-22 06:00:00+00:00,0.7104,0.7123,0.709,0.7116,1416253.9
2025-03-22 07:00:00+00:00,0.7117,0.7154,0.7107,0.7111,1832970.3
2025-03-22 08:00:00+00:00,0.7112,0.7137,0.7097,0.7131,1709579.5
2025-03-22 09:00:00+00:00,0.7131,0.7161,0.7126,0.7128,2198117.9
2025-03-22 10:00:00+00:00,0.7129,0.7161,0.7125,0.7142,1747353.4
2025-03-22 11:00:00+00:00,0.7143,0.7146,0.7102,0.7115,1790463.8
2025-03-22 12:00:00+00:00,0.7115,0.7117,0.7062,0.7094,2761084.5
2025-03-22 13:00:00+00:00,0.7093,0.7101,0.7053,0.7086,2010390.8
2025-03-22 14:00:00+00:00,0.7086,0.7086,0.7007,0.7011,5059460.2
2025-03-22 15:00:00+00:00,0.7011,0.7054,0.7,0.7035,4014283.6
2025-03-22 16:00:00+00:00,0.7034,0.7052,0.7013,0.7026,2516746.8
2025-03-22 17:00:00+00:00,0.7026,0.706,0.7023,0.7057,2537074.9
2025-03-22 18:00:00+00:00,0.7058,0.7076,0.7044,0.707,2361511.5
2025-03-22 19:00:00+00:00,0.7071,0.7095,0.7058,0.7074,2211241.2
2025-03-22 20:00:00+00:00,0.7073,0.7085,0.7037,0.7037,1997617.1
2025-03-22 21:00:00+00:00,0.7037,0.7059,0.7015,0.7035,2375501.5
2025-03-22 22:00:00+00:00,0.7035,0.7056,0.7015,0.7019,1757218.4
2025-03-22 23:00:00+00:00,0.7019,0.7021,0.6971,0.7014,5898299.0
2025-03-23 00:00:00+00:00,0.7015,0.707,0.7009,0.7029,3072681.3
2025-03-23 01:00:00+00:00,0.7029,0.7085,0.7006,0.7074,2853115.8
2025-03-23 02:00:00+00:00,0.7073,0.7104,0.7056,0.7099,2766946.3
2025-03-23 03:00:00+00:00,0.7099,0.7129,0.7087,0.712,2521529.2
2025-03-23 04:00:00+00:00,0.712,0.7125,0.7095,0.7114,2316723.1
2025-03-23 05:00:00+00:00,0.7114,0.7127,0.7087,0.7119,2735829.4
2025-03-23 06:00:00+00:00,0.7119,0.7143,0.7105,0.7136,2147377.8
2025-03-23 07:00:00+00:00,0.7136,0.7152,0.7121,0.7127,2810358.2
2025-03-23 08:00:00+00:00,0.7127,0.714,0.7104,0.7118,3921267.5
2025-03-23 09:00:00+00:00,0.7118,0.7123,0.7095,0.7099,2051152.9
2025-03-23 10:00:00+00:00,0.7099,0.7119,0.7086,0.7102,3086223.2
2025-03-23 11:00:00+00:00,0.7102,0.716,0.7099,0.7115,4498058.5
2025-03-23 12:00:00+00:00,0.7116,0.7137,0.7084,0.7094,2596137.9
2025-03-23 13:00:00+00:00,0.7094,0.7127,0.7059,0.7122,4492961.3
2025-03-23 14:00:00+00:00,0.7122,0.7131,0.7077,0.7078,2725133.7
2025-03-23 15:00:00+00:00,0.7078,0.7115,0.7074,0.7089,2564000.3
2025-03-23 16:00:00+00:00,0.709,0.7123,0.7064,0.708,2952613.0
2025-03-23 17:00:00+00:00,0.708,0.7099,0.702,0.7043,3198475.5
2025-03-23 18:00:00+00:00,0.7043,0.7043,0.6939,0.6942,10338392.6
2025-03-23 19:00:00+00:00,0.6942,0.7026,0.6917,0.6992,7832203.9
2025-03-23 20:00:00+00:00,0.6992,0.7033,0.6988,0.7002,1849949.2
2025-03-23 21:00:00+00:00,0.7002,0.7043,0.6979,0.7033,3019653.1
2025-03-23 22:00:00+00:00,0.7033,0.7065,0.7018,0.7039,2694495.8
2025-03-23 23:00:00+00:00,0.704,0.7108,0.7039,0.7107,4746467.7
2025-03-24 00:00:00+00:00,0.7106,0.7183,0.7079,0.7124,8232889.8
2025-03-24 01:00:00+00:00,0.7124,0.713,0.706,0.7063,3706679.7
2025-03-24 02:00:00+00:00,0.7062,0.7104,0.7055,0.7083,2830938.3
2025-03-24 03:00:00+00:00,0.7082,0.7209,0.7081,0.7193,11180953.6
2025-03-24 04:00:00+00:00,0.7194,0.7247,0.7193,0.7238,10657699.4
2025-03-24 05:00:00+00:00,0.7238,0.7273,0.7217,0.7223,9853066.6
2025-03-24 06:00:00+00:00,0.7223,0.7281,0.7222,0.7272,5959544.6
2025-03-24 07:00:00+00:00,0.7273,0.7288,0.7214,0.7223,7452603.9
2025-03-24 08:00:00+00:00,0.7223,0.7294,0.7223,0.7275,5883926.6
2025-03-24 09:00:00+00:00,0.7274,0.73,0.7266,0.7299,5386884.9
2025-03-24 10:00:00+00:00,0.7298,0.7345,0.7292,0.7334,5166184.5
2025-03-24 11:00:00+00:00,0.7334,0.7345,0.7276,0.7318,5369704.5
2025-03-24 12:00:00+00:00,0.7319,0.7334,0.7287,0.7308,5110410.9
2025-03-24 13:00:00+00:00,0.7309,0.7322,0.7248,0.732,8899016.8
2025-03-24 14:00:00+00:00,0.732,0.742,0.7304,0.7311,12656075.1
2025-03-24 15:00:00+00:00,0.7311,0.7351,0.7291,0.7329,5516215.7
2025-03-24 16:00:00+00:00,0.7328,0.7352,0.7259,0.7283,5418434.5
2025-03-24 17:00:00+00:00,0.7283,0.7391,0.7268,0.7356,13358152.4
2025-03-24 18:00:00+00:00,0.7356,0.7377,0.7302,0.7373,3175542.6
2025-03-24 19:00:00+00:00,0.7373,0.7416,0.7353,0.7364,5058098.0
2025-03-24 20:00:00+00:00,0.7364,0.7452,0.7343,0.7354,8620078.8
2025-03-24 21:00:00+00:00,0.7354,0.7406,0.7346,0.7358,4588648.9
2025-03-24 22:00:00+00:00,0.7359,0.7372,0.7292,0.7299,5106655.1
2025-03-24 23:00:00+00:00,0.7299,0.7326,0.725,0.732,5703131.3
2025-03-25 00:00:00+00:00,0.732,0.7382,0.7291,0.7377,4739293.3
2025-03-25 01:00:00+00:00,0.7377,0.7377,0.7287,0.7332,7275492.6
2025-03-25 02:00:00+00:00,0.7331,0.7351,0.7294,0.7303,4181869.7
2025-03-25 03:00:00+00:00,0.7303,0.7317,0.7213,0.723,6353722.6
2025-03-25 04:00:00+00:00,0.723,0.7268,0.7209,0.7258,5055650.1
2025-03-25 05:00:00+00:00,0.7258,0.7424,0.725,0.7414,9798949.5
2025-03-25 06:00:00+00:00,0.7414,0.7491,0.7346,0.7356,12420363.6
2025-03-25 07:00:00+00:00,0.7357,0.7413,0.7338,0.7348,5527997.7
2025-03-25 08:00:00+00:00,0.7349,0.7498,0.7348,0.748,7860610.0
2025-03-25 09:00:00+00:00,0.748,0.754,0.7437,0.7523,8775735.7
2025-03-25 10:00:00+00:00,0.7523,0.763,0.749,0.7586,11893653.4
2025-03-25 11:00:00+00:00,0.7587,0.7629,0.755,0.7572,8721408.3
2025-03-25 12:00:00+00:00,0.7572,0.7638,0.7473,0.7493,19717028.3
2025-03-25 13:00:00+00:00,0.7493,0.7614,0.748,0.7535,12988926.7
2025-03-25 14:00:00+00:00,0.7536,0.7636,0.7506,0.7606,10678116.1
2025-03-25 15:00:00+00:00,0.7606,0.7666,0.7543,0.7566,9824309.7
2025-03-25 16:00:00+00:00,0.7566,0.7607,0.7499,0.7522,10175235.6
2025-03-25 17:00:00+00:00,0.7522,0.7572,0.7504,0.7519,4474456.6
2025-03-25 18:00:00+00:00,0.7519,0.7546,0.747,0.7493,5947803.4
2025-03-25 19:00:00+00:00,0.7493,0.7518,0.745,0.7491,4710199.5
2025-03-25 20:00:00+00:00,0.749,0.7523,0.7432,0.746,8374408.1
2025-03-25 21:00:00+00:00,0.746,0.7521,0.7453,0.7457,2763193.3
2025-03-25 22:00:00+00:00,0.7457,0.746,0.7408,0.744,4393101.9
2025-03-25 23:00:00+00:00,0.744,0.7461,0.7396,0.7448,5055703.4
2025-03-26 00:00:00+00:00,0.7447,0.7524,0.7414,0.7494,5293548.2
2025-03-26 01:00:00+00:00,0.7494,0.7549,0.7475,0.7538,5982355.9
2025-03-26 02:00:00+00:00,0.7537,0.7541,0.7415,0.7423,5229077.3
2025-03-26 03:00:00+00:00,0.7422,0.7444,0.7386,0.7422,5279847.2
2025-03-26 04:00:00+00:00,0.7422,0.7482,0.7409,0.7478,2796512.0
2025-03-26 05:00:00+00:00,0.7477,0.7511,0.7432,0.7501,3749539.5
2025-03-26 06:00:00+00:00,0.7501,0.7543,0.7476,0.7532,3693683.5
2025-03-26 07:00:00+00:00,0.7533,0.77,0.7525,0.768,10228499.0
2025-03-26 08:00:00+00:00,0.768,0.7744,0.7645,0.767,9313035.9
2025-03-26 09:00:00+00:00,0.7669,0.7724,0.7635,0.7654,6848497.5
2025-03-26 10:00:00+00:00,0.7654,0.7731,0.7647,0.7705,15109049.6
2025-03-26 11:00:00+00:00,0.7705,0.7734,0.7674,0.7686,5890920.9
2025-03-26 12:00:00+00:00,0.7687,0.7716,0.7637,0.7683,5623761.3
2025-03-26 13:00:00+00:00,0.7683,0.7689,0.7469,0.7477,11407346.4
2025-03-26 14:00:00+00:00,0.7476,0.7539,0.7364,0.7414,16222546.6
2025-03-26 15:00:00+00:00,0.7413,0.7457,0.7392,0.7403,7883029.4
2025-03-26 16:00:00+00:00,0.7403,0.7434,0.737,0.7383,5677676.9
2025-03-26 17:00:00+00:00,0.7382,0.74,0.7276,0.7301,10195336.1
2025-03-26 18:00:00+00:00,0.7302,0.7333,0.7237,0.7254,4569753.0
2025-03-26 19:00:00+00:00,0.7254,0.7313,0.7197,0.7273,7678158.5
2025-03-26 20:00:00+00:00,0.7272,0.7346,0.726,0.7319,6500394.3
2025-03-26 21:00:00+00:00,0.7318,0.7323,0.7215,0.729,4977604.8
2025-03-26 22:00:00+00:00,0.7289,0.7291,0.7215,0.7248,2524324.8
2025-03-26 23:00:00+00:00,0.7249,0.7289,0.7208,0.7287,4199391.0
2025-03-27 00:00:00+00:00,0.7288,0.735,0.7261,0.7348,4950250.1
2025-03-27 01:00:00+00:00,0.7348,0.737,0.731,0.7359,4064596.8
2025-03-27 02:00:00+00:00,0.736,0.7432,0.735,0.7411,4033787.1
2025-03-27 03:00:00+00:00,0.741,0.7444,0.7375,0.7424,2236455.1
2025-03-27 04:00:00+00:00,0.7424,0.7426,0.7381,0.7404,1741667.0
2025-03-27 05:00:00+00:00,0.7404,0.7404,0.7341,0.7351,2254926.8
2025-03-27 06:00:00+00:00,0.7351,0.7414,0.7347,0.739,2523422.1
2025-03-27 07:00:00+00:00,0.7391,0.7416,0.7361,0.738,2972986.2
2025-03-27 08:00:00+00:00,0.738,0.7432,0.7352,0.7385,3637858.1
2025-03-27 09:00:00+00:00,0.7385,0.7406,0.7366,0.7381,2467656.3
2025-03-27 10:00:00+00:00,0.7382,0.7419,0.7347,0.7353,2663413.1
2025-03-27 11:00:00+00:00,0.7353,0.7391,0.7305,0.7321,2927353.3
2025-03-27 12:00:00+00:00,0.732,0.7357,0.7289,0.7315,3785125.6
2025-03-27 13:00:00+00:00,0.7314,0.7345,0.7209,0.7285,9428932.1
2025-03-27 14:00:00+00:00,0.7285,0.7416,0.7275,0.7409,5614848.8
2025-03-27 15:00:00+00:00,0.7409,0.741,0.7311,0.7336,3998482.3
2025-03-27 16:00:00+00:00,0.7336,0.7393,0.7322,0.7325,1997579.0
2025-03-27 17:00:00+00:00,0.7326,0.7358,0.7297,0.7301,2595339.7
2025-03-27 18:00:00+00:00,0.7301,0.7378,0.7296,0.7354,2909599.3
2025-03-27 19:00:00+00:00,0.7354,0.7384,0.7341,0.7345,1881920.0
2025-03-27 20:00:00+00:00,0.7345,0.7377,0.7326,0.7369,1684383.0
2025-03-27 21:00:00+00:00,0.7369,0.7432,0.7344,0.7422,3158168.1
2025-03-27 22:00:00+00:00,0.7422,0.7429,0.7391,0.7401,3104745.1
2025-03-27 23:00:00+00:00,0.7401,0.7408,0.7366,0.7381,1740667.9
2025-03-28 00:00:00+00:00,0.7381,0.7406,0.7313,0.7394,4866100.8
2025-03-28 01:00:00+00:00,0.7395,0.7465,0.7359,0.7402,4927559.1
2025-03-28 02:00:00+00:00,0.7402,0.7436,0.7346,0.7358,3663586.6
2025-03-28 03:00:00+00:00,0.7358,0.7367,0.7287,0.7319,4630593.1
2025-03-28 04:00:00+00:00,0.7319,0.7324,0.7121,0.7176,19593903.2
2025-03-28 05:00:00+00:00,0.7176,0.7177,0.7064,0.7085,7825516.1
2025-03-28 06:00:00+00:00,0.7084,0.714,0.7051,0.7058,7164536.3
2025-03-28 07:00:00+00:00,0.7058,0.7083,0.7004,0.7015,8053521.3
2025-03-28 08:00:00+00:00,0.7015,0.7055,0.6993,0.7017,9342785.8
2025-03-28 09:00:00+00:00,0.7017,0.7029,0.6963,0.6993,5421774.3
2025-03-28 10:00:00+00:00,0.6994,0.7011,0.697,0.6979,5493890.3
2025-03-28 11:00:00+00:00,0.6978,0.7044,0.6942,0.7042,8666149.9
2025-03-28 12:00:00+00:00,0.7041,0.7083,0.6976,0.6985,7961567.7
2025-03-28 13:00:00+00:00,0.6985,0.7055,0.6952,0.6992,7152301.5
2025-03-28 14:00:00+00:00,0.6993,0.7033,0.6949,0.6998,6574035.0
2025-03-28 15:00:00+00:00,0.6998,0.702,0.6981,0.699,3347540.1
2025-03-28 16:00:00+00:00,0.6991,0.7016,0.6895,0.6927,7619687.4
2025-03-28 17:00:00+00:00,0.6926,0.6978,0.6915,0.6973,3105188.2
2025-03-28 18:00:00+00:00,0.6973,0.6996,0.6946,0.6987,1873679.2
2025-03-28 19:00:00+00:00,0.6986,0.6993,0.694,0.6961,1922371.1
2025-03-28 20:00:00+00:00,0.6961,0.7041,0.6958,0.6983,3919544.9
2025-03-28 21:00:00+00:00,0.6984,0.7027,0.6961,0.7022,2427508.8
2025-03-28 22:00:00+00:00,0.7022,0.7084,0.7018,0.7077,3528529.2
2025-03-28 23:00:00+00:00,0.7078,0.7092,0.7043,0.7062,1860875.7
2025-03-29 00:00:00+00:00,0.7062,0.7122,0.7046,0.7084,2889024.1
2025-03-29 01:00:00+00:00,0.7085,0.7111,0.7012,0.7043,2975453.6
2025-03-29 02:00:00+00:00,0.7043,0.706,0.6951,0.6951,2262334.5
2025-03-29 03:00:00+00:00,0.6952,0.7031,0.69,0.7019,3969856.2
2025-03-29 04:00:00+00:00,0.7018,0.7034,0.6963,0.6977,1561451.4
2025-03-29 05:00:00+00:00,0.6978,0.6981,0.6908,0.6948,1650822.6
2025-03-29 06:00:00+00:00,0.6948,0.6948,0.6827,0.6889,6324355.3
2025-03-29 07:00:00+00:00,0.6889,0.6896,0.6777,0.6834,6667571.8
2025-03-29 08:00:00+00:00,0.6834,0.6879,0.68,0.6851,7123504.2
2025-03-29 09:00:00+00:00,0.6851,0.6854,0.6727,0.6793,8143687.3
2025-03-29 10:00:00+00:00,0.6793,0.68,0.6705,0.6708,5172765.8
2025-03-29 11:00:00+00:00,0.6708,0.6736,0.6607,0.667,14862415.6
2025-03-29 12:00:00+00:00,0.6671,0.6736,0.6652,0.6711,5890095.0
2025-03-29 13:00:00+00:00,0.6711,0.6776,0.6709,0.6775,4783375.3
2025-03-29 14:00:00+00:00,0.6775,0.6775,0.6701,0.6704,2679541.2
2025-03-29 15:00:00+00:00,0.6704,0.6756,0.6696,0.6714,1858022.5
2025-03-29 16:00:00+00:00,0.6715,0.6734,0.6648,0.6658,3437062.5
2025-03-29 17:00:00+00:00,0.6657,0.6748,0.6588,0.6678,7185037.9
2025-03-29 18:00:00+00:00,0.6677,0.6727,0.6665,0.6686,3644350.7
2025-03-29 19:00:00+00:00,0.6687,0.6735,0.6668,0.6733,2452874.0
2025-03-29 20:00:00+00:00,0.6734,0.6734,0.6654,0.6666,1964106.8
2025-03-29 21:00:00+00:00,0.6665,0.672,0.6652,0.6681,2125273.4
2025-03-29 22:00:00+00:00,0.6682,0.6707,0.6656,0.6681,1930873.1
2025-03-29 23:00:00+00:00,0.6682,0.6749,0.6675,0.6732,2799610.4
2025-03-30 00:00:00+00:00,0.6733,0.6748,0.6675,0.6726,3052540.2
2025-03-30 01:00:00+00:00,0.6726,0.6798,0.6724,0.6771,3098578.7
2025-03-30 02:00:00+00:00,0.6771,0.6831,0.6765,0.6813,3326848.3
2025-03-30 03:00:00+00:00,0.6814,0.685,0.6779,0.6783,3785358.0
2025-03-30 04:00:00+00:00,0.6783,0.6843,0.6783,0.6814,2270042.9
2025-03-30 05:00:00+00:00,0.6815,0.6837,0.6793,0.6802,1623711.7
2025-03-30 06:00:00+00:00,0.6802,0.6832,0.6778,0.6822,1556714.8
2025-03-30 07:00:00+00:00,0.6823,0.6849,0.6805,0.6812,1906647.5
2025-03-30 08:00:00+00:00,0.6811,0.687,0.6811,0.6869,1823097.9
2025-03-30 09:00:00+00:00,0.687,0.6877,0.6826,0.6834,2310513.6
2025-03-30 10:00:00+00:00,0.6834,0.6849,0.6748,0.6765,3739783.2
2025-03-30 11:00:00+00:00,0.6765,0.6806,0.6735,0.6758,1962410.6
2025-03-30 12:00:00+00:00,0.6757,0.6774,0.6726,0.675,2279365.9
2025-03-30 13:00:00+00:00,0.675,0.6767,0.6674,0.6679,4006745.9
2025-03-30 14:00:00+00:00,0.6679,0.6722,0.666,0.6703,2639394.4
2025-03-30 15:00:00+00:00,0.6703,0.6759,0.6692,0.6697,1614821.9
2025-03-30 16:00:00+00:00,0.6697,0.6706,0.6562,0.6594,6449893.1
2025-03-30 17:00:00+00:00,0.6595,0.666,0.6562,0.6651,3941826.2
2025-03-30 18:00:00+00:00,0.6651,0.6739,0.6648,0.6736,3592379.3
2025-03-30 19:00:00+00:00,0.6737,0.6752,0.6671,0.6677,3360083.2
2025-03-30 20:00:00+00:00,0.6676,0.6677,0.6631,0.666,1987824.5
2025-03-30 21:00:00+00:00,0.666,0.671,0.6606,0.6634,2284158.4
2025-03-30 22:00:00+00:00,0.6633,0.668,0.6512,0.6631,7636565.3
2025-03-30 23:00:00+00:00,0.6631,0.6635,0.6552,0.6612,3524925.1
2025-03-31 00:00:00+00:00,0.6613,0.6623,0.647,0.6501,8268695.4
2025-03-31 01:00:00+00:00,0.6502,0.6603,0.6491,0.6591,4155525.5
2025-03-31 02:00:00+00:00,0.659,0.6616,0.6536,0.6569,2313056.9
2025-03-31 03:00:00+00:00,0.6569,0.6597,0.6483,0.6499,3647107.5
2025-03-31 04:00:00+00:00,0.6499,0.6562,0.6483,0.6542,1943642.2
2025-03-31 05:00:00+00:00,0.6543,0.6617,0.6539,0.6576,2785591.8
2025-03-31 06:00:00+00:00,0.6577,0.6595,0.6519,0.6534,2142333.0
2025-03-31 07:00:00+00:00,0.6534,0.6572,0.6413,0.6457,7501190.7
2025-03-31 08:00:00+00:00,0.6458,0.6516,0.64,0.6401,4393714.1
2025-03-31 09:00:00+00:00,0.6402,0.6432,0.632,0.6343,8970567.1
2025-03-31 10:00:00+00:00,0.6343,0.6448,0.6296,0.643,5682966.9
2025-03-31 11:00:00+00:00,0.643,0.6464,0.6351,0.6442,4870654.3
2025-03-31 12:00:00+00:00,0.6441,0.6557,0.6406,0.6511,5397017.9
2025-03-31 13:00:00+00:00,0.6511,0.6523,0.6347,0.6426,8722105.6
2025-03-31 14:00:00+00:00,0.6426,0.6607,0.6424,0.6562,10992444.9
2025-03-31 15:00:00+00:00,0.6563,0.6631,0.6561,0.6568,7767807.0
2025-03-31 16:00:00+00:00,0.6569,0.661,0.6538,0.6577,5672121.9
2025-03-31 17:00:00+00:00,0.6577,0.664,0.6503,0.6548,9355010.5
2025-03-31 18:00:00+00:00,0.6548,0.6655,0.6548,0.6611,3952118.9
2025-03-31 19:00:00+00:00,0.661,0.6647,0.6547,0.6554,4490559.9
2025-03-31 20:00:00+00:00,0.6554,0.6608,0.6545,0.6564,2499358.2
2025-03-31 21:00:00+00:00,0.6563,0.6627,0.6548,0.6575,2230860.3
2025-03-31 22:00:00+00:00,0.6574,0.659,0.6552,0.6586,3666106.8
2025-03-31 23:00:00+00:00,0.6586,0.6643,0.6583,0.6618,5139421.6
2025-04-01 00:00:00+00:00,0.6618,0.668,0.6599,0.6626,5694518.7
2025-04-01 01:00:00+00:00,0.6625,0.6633,0.6577,0.6602,3892829.2
2025-04-01 02:00:00+00:00,0.6601,0.6704,0.6598,0.67,3557490.2
2025-04-01 03:00:00+00:00,0.6701,0.6728,0.6666,0.6682,3264121.9
2025-04-01 04:00:00+00:00,0.6683,0.6712,0.6663,0.67,1926438.5
2025-04-01 05:00:00+00:00,0.67,0.6751,0.6684,0.6684,3441610.0
2025-04-01 06:00:00+00:00,0.6685,0.6759,0.6675,0.6739,2829877.3
2025-04-01 07:00:00+00:00,0.6739,0.6761,0.668,0.6692,4475870.8
2025-04-01 08:00:00+00:00,0.6691,0.6832,0.6683,0.6808,7160272.5
2025-04-01 09:00:00+00:00,0.6808,0.6845,0.6788,0.6819,4010175.2
2025-04-01 10:00:00+00:00,0.682,0.6824,0.6758,0.6763,4419104.2
2025-04-01 11:00:00+00:00,0.6762,0.6774,0.6704,0.6734,5495784.6
2025-04-01 12:00:00+00:00,0.6735,0.6784,0.6706,0.6739,4186256.1
2025-04-01 13:00:00+00:00,0.674,0.6827,0.6725,0.6789,5732272.5
2025-04-01 14:00:00+00:00,0.6788,0.6865,0.6669,0.6826,12862879.1
2025-04-01 15:00:00+00:00,0.6826,0.6949,0.682,0.6916,13384956.3
2025-04-01 16:00:00+00:00,0.6917,0.6938,0.6862,0.6877,5426885.2
2025-04-01 17:00:00+00:00,0.6876,0.6888,0.6824,0.6828,2157221.1
2025-04-01 18:00:00+00:00,0.6829,0.6829,0.6754,0.678,3555374.4
2025-04-01 19:00:00+00:00,0.678,0.6808,0.6754,0.6783,1760686.9
2025-04-01 20:00:00+00:00,0.6782,0.6812,0.6733,0.6806,2021098.1
2025-04-01 21:00:00+00:00,0.6807,0.6842,0.6796,0.6801,1742206.2
2025-04-01 22:00:00+00:00,0.6801,0.6828,0.6783,0.6802,1633964.9
2025-04-01 23:00:00+00:00,0.6802,0.6822,0.6756,0.677,1732427.6
2025-04-02 00:00:00+00:00,0.6771,0.6775,0.6725,0.6737,2233692.6
2025-04-02 01:00:00+00:00,0.6738,0.6752,0.6705,0.6723,2630240.3
2025-04-02 02:00:00+00:00,0.6723,0.6725,0.6644,0.6686,4762832.4
2025-04-02 03:00:00+00:00,0.6686,0.6743,0.6683,0.673,3249078.7
2025-04-02 04:00:00+00:00,0.6729,0.6766,0.6721,0.6747,1868761.5
2025-04-02 05:00:00+00:00,0.6748,0.6748,0.6638,0.6643,3424265.2
2025-04-02 06:00:00+00:00,0.6642,0.6686,0.6632,0.6635,2711511.4
2025-04-02 07:00:00+00:00,0.6635,0.6741,0.6632,0.6718,3838980.1
2025-04-02 08:00:00+00:00,0.6718,0.676,0.6681,0.6731,2864777.6
2025-04-02 09:00:00+00:00,0.673,0.6835,0.6727,0.6817,5156635.8
2025-04-02 10:00:00+00:00,0.6817,0.6845,0.6783,0.6789,4197791.5
2025-04-02 11:00:00+00:00,0.6788,0.6814,0.6765,0.6767,2350253.2
2025-04-02 12:00:00+00:00,0.6767,0.6857,0.6746,0.685,5512269.4
2025-04-02 13:00:00+00:00,0.6851,0.6906,0.6749,0.6819,7912047.2
2025-04-02 14:00:00+00:00,0.6819,0.6876,0.68,0.6865,4978150.6
2025-04-02 15:00:00+00:00,0.6865,0.6987,0.6859,0.6922,24998593.3
2025-04-02 16:00:00+00:00,0.6922,0.6966,0.6883,0.6898,5744508.5
2025-04-02 17:00:00+00:00,0.6898,0.6935,0.6811,0.6837,5372743.5
2025-04-02 18:00:00+00:00,0.6837,0.6886,0.6826,0.6856,1714707.8
2025-04-02 19:00:00+00:00,0.6856,0.6911,0.6844,0.6897,2124274.6
2025-04-02 20:00:00+00:00,0.6898,0.7098,0.6723,0.6803,35807559.4
2025-04-02 21:00:00+00:00,0.6803,0.6808,0.6637,0.6726,8526903.6
2025-04-02 22:00:00+00:00,0.6725,0.6725,0.6354,0.6399,16781632.3
2025-04-02 23:00:00+00:00,0.6398,0.6447,0.6348,0.64,9384158.1
2025-04-03 00:00:00+00:00,0.64,0.6515,0.6355,0.6505,11323137.9
2025-04-03 01:00:00+00:00,0.6506,0.6559,0.6485,0.6538,5094815.4
2025-04-03 02:00:00+00:00,0.6538,0.6576,0.6504,0.656,2690326.4
2025-04-03 03:00:00+00:00,0.6559,0.6564,0.6503,0.6518,2382402.1
2025-04-03 04:00:00+00:00,0.6519,0.6567,0.65,0.6559,1971486.5
2025-04-03 05:00:00+00:00,0.656,0.657,0.6503,0.6504,1607907.6
2025-04-03 06:00:00+00:00,0.6504,0.6519,0.6457,0.6465,2928272.7
2025-04-03 07:00:00+00:00,0.6466,0.6502,0.6437,0.6494,4232626.8
2025-04-03 08:00:00+00:00,0.6493,0.6543,0.6492,0.6526,2977026.7
2025-04-03 09:00:00+00:00,0.6526,0.654,0.647,0.6479,3355733.3
2025-04-03 10:00:00+00:00,0.6478,0.6501,0.64,0.6403,5000100.4
2025-04-03 11:00:00+00:00,0.6403,0.6449,0.6379,0.6431,3533166.3
2025-04-03 12:00:00+00:00,0.6432,0.6442,0.6206,0.6217,12286043.1
2025-04-03 13:00:00+00:00,0.6217,0.6335,0.618,0.6295,11257027.0
2025-04-03 14:00:00+00:00,0.6294,0.6295,0.613,0.6147,11702810.9
2025-04-03 15:00:00+00:00,0.6146,0.6296,0.6143,0.6283,8073628.9
2025-04-03 16:00:00+00:00,0.6284,0.6328,0.6256,0.6268,5160613.0
2025-04-03 17:00:00+00:00,0.6268,0.6319,0.6257,0.6317,2489253.6
2025-04-03 18:00:00+00:00,0.6317,0.6409,0.6282,0.6387,2843807.9
2025-04-03 19:00:00+00:00,0.6388,0.6434,0.6373,0.6382,3365352.1
2025-04-03 20:00:00+00:00,0.6383,0.6476,0.6375,0.646,3312052.0
2025-04-03 21:00:00+00:00,0.646,0.6528,0.6455,0.6509,2285011.1
2025-04-03 22:00:00+00:00,0.6508,0.6517,0.6465,0.6491,2357416.1
2025-04-03 23:00:00+00:00,0.649,0.6525,0.6451,0.6508,1989056.0
2025-04-04 00:00:00+00:00,0.6509,0.6534,0.6468,0.6474,3013189.8
2025-04-04 01:00:00+00:00,0.6475,0.6521,0.6424,0.6439,2044674.4
2025-04-04 02:00:00+00:00,0.6439,0.6528,0.6439,0.6495,1500327.9
2025-04-04 03:00:00+00:00,0.6496,0.652,0.6465,0.6517,1660973.0
2025-04-04 04:00:00+00:00,0.6518,0.6527,0.6459,0.6478,1957523.4
2025-04-04 05:00:00+00:00,0.6478,0.6556,0.6458,0.6556,2555377.8
2025-04-04 06:00:00+00:00,0.6556,0.6567,0.6513,0.6515,1945640.9
2025-04-04 07:00:00+00:00,0.6516,0.6636,0.6516,0.663,5590324.0
2025-04-04 08:00:00+00:00,0.663,0.6665,0.659,0.6596,5854714.0
2025-04-04 09:00:00+00:00,0.6596,0.6618,0.6575,0.6605,4966240.8
2025-04-04 10:00:00+00:00,0.6606,0.6617,0.6404,0.6411,10009786.9
2025-04-04 11:00:00+00:00,0.6411,0.643,0.6275,0.6361,9334969.3
2025-04-04 12:00:00+00:00,0.636,0.6418,0.6294,0.6418,9872788.5
2025-04-04 13:00:00+00:00,0.6418,0.6507,0.6309,0.6477,8538294.9
2025-04-04 14:00:00+00:00,0.6476,0.6569,0.6405,0.6542,10402437.6
2025-04-04 15:00:00+00:00,0.6542,0.6717,0.6537,0.6568,20509760.6
2025-04-04 16:00:00+00:00,0.6568,0.6612,0.6506,0.6571,6298926.3
2025-04-04 17:00:00+00:00,0.657,0.6668,0.6532,0.6651,5242772.0
2025-04-04 18:00:00+00:00,0.6651,0.666,0.658,0.6587,2990624.4
2025-04-04 19:00:00+00:00,0.6587,0.6642,0.6572,0.6608,2460388.0
2025-04-04 20:00:00+00:00,0.6608,0.6632,0.6561,0.6623,2326365.5
2025-04-04 21:00:00+00:00,0.6623,0.6686,0.6607,0.6631,3146375.6
2025-04-04 22:00:00+00:00,0.6632,0.6672,0.6621,0.6622,1877340.3
2025-04-04 23:00:00+00:00,0.6621,0.6627,0.6587,0.6603,2346217.6
2025-04-05 00:00:00+00:00,0.6603,0.6647,0.6581,0.6643,2576473.1
2025-04-05 01:00:00+00:00,0.6643,0.6675,0.6623,0.6624,1851465.6
2025-04-05 02:00:00+00:00,0.6624,0.6636,0.6603,0.6617,1203143.9
2025-04-05 03:00:00+00:00,0.6618,0.662,0.6575,0.6576,1508106.5
2025-04-05 04:00:00+00:00,0.6576,0.6602,0.6555,0.6562,1868738.7
2025-04-05 05:00:00+00:00,0.6562,0.6587,0.6555,0.6565,1325866.1
2025-04-05 06:00:00+00:00,0.6565,0.6585,0.6527,0.6551,1731062.9
2025-04-05 07:00:00+00:00,0.6551,0.6582,0.6533,0.6566,1405618.7
2025-04-05 08:00:00+00:00,0.6566,0.6585,0.6545,0.6581,1421940.1
2025-04-05 09:00:00+00:00,0.6582,0.663,0.6582,0.6619,1878400.2
2025-04-05 10:00:00+00:00,0.6619,0.6645,0.6599,0.6609,1651489.4
2025-04-05 11:00:00+00:00,0.6608,0.6636,0.6593,0.6611,1798208.7
2025-04-05 12:00:00+00:00,0.6612,0.6627,0.6546,0.6572,2363471.8
2025-04-05 13:00:00+00:00,0.6573,0.6579,0.6467,0.6491,4210743.3
2025-04-05 14:00:00+00:00,0.6491,0.6548,0.6488,0.6509,3252275.9
2025-04-05 15:00:00+00:00,0.6509,0.6512,0.6448,0.6478,2098583.0
2025-04-05 16:00:00+00:00,0.6477,0.6502,0.6468,0.649,1574893.2
2025-04-05 17:00:00+00:00,0.6491,0.6526,0.6471,0.6502,962679.4
2025-04-05 18:00:00+00:00,0.6502,0.6536,0.65,0.6521,800407.6
2025-04-05 19:00:00+00:00,0.6522,0.6529,0.6458,0.6467,1465504.1
2025-04-05 20:00:00+00:00,0.6467,0.6496,0.6453,0.6484,1046269.0
2025-04-05 21:00:00+00:00,0.6485,0.6505,0.6474,0.6474,1036999.8
2025-04-05 22:00:00+00:00,0.6474,0.6547,0.6473,0.6541,3156326.1
2025-04-05 23:00:00+00:00,0.6541,0.6564,0.6519,0.6547,1574251.5
2025-04-06 00:00:00+00:00,0.6547,0.6553,0.6524,0.6531,899838.2
2025-04-06 01:00:00+00:00,0.6532,0.6549,0.6502,0.6506,1368193.5
2025-04-06 02:00:00+00:00,0.6506,0.6511,0.6468,0.6476,1679114.2
2025-04-06 03:00:00+00:00,0.6477,0.6481,0.6442,0.6467,1777489.0
2025-04-06 04:00:00+00:00,0.6468,0.6469,0.6429,0.6469,2308153.8
2025-04-06 05:00:00+00:00,0.6468,0.6487,0.6453,0.6478,1617051.3
2025-04-06 06:00:00+00:00,0.6478,0.6482,0.6406,0.6406,1622369.0
2025-04-06 07:00:00+00:00,0.6407,0.641,0.6374,0.6385,3716236.3
2025-04-06 08:00:00+00:00,0.6384,0.6401,0.6364,0.6396,3884613.3
2025-04-06 09:00:00+00:00,0.6395,0.6419,0.6387,0.6398,1474236.7
2025-04-06 10:00:00+00:00,0.6397,0.6399,0.6355,0.6381,2018317.8
2025-04-06 11:00:00+00:00,0.638,0.6393,0.6357,0.6384,2460280.9
2025-04-06 12:00:00+00:00,0.6383,0.6391,0.6309,0.6315,3062399.2
2025-04-06 13:00:00+00:00,0.6315,0.6325,0.6192,0.62,10760698.4
2025-04-06 14:00:00+00:00,0.6199,0.6312,0.6186,0.631,7623976.8
2025-04-06 15:00:00+00:00,0.6309,0.6311,0.6243,0.6273,3773411.3
2025-04-06 16:00:00+00:00,0.6273,0.6283,0.6218,0.6226,4856145.7
2025-04-06 17:00:00+00:00,0.6226,0.6239,0.6086,0.609,11349223.7
2025-04-06 18:00:00+00:00,0.609,0.6094,0.5831,0.5866,28495785.4
2025-04-06 19:00:00+00:00,0.5865,0.5941,0.5826,0.5893,16314310.7
2025-04-06 20:00:00+00:00,0.5893,0.5912,0.5694,0.5728,18824765.5
2025-04-06 21:00:00+00:00,0.5728,0.5851,0.5716,0.579,7416422.6
2025-04-06 22:00:00+00:00,0.579,0.5843,0.5667,0.5698,13774117.1
2025-04-06 23:00:00+00:00,0.5698,0.5769,0.5597,0.5737,15139319.5
2025-04-07 00:00:00+00:00,0.5737,0.5756,0.564,0.5712,7853212.6
2025-04-07 01:00:00+00:00,0.5712,0.5863,0.5712,0.5803,10596265.0
2025-04-07 02:00:00+00:00,0.5802,0.5815,0.5716,0.5723,4528061.6
2025-04-07 03:00:00+00:00,0.5723,0.5733,0.5481,0.557,14596282.3
2025-04-07 04:00:00+00:00,0.5569,0.5646,0.5495,0.5551,11181623.3
2025-04-07 05:00:00+00:00,0.5551,0.5602,0.5447,0.5483,10750374.6
2025-04-07 06:00:00+00:00,0.5483,0.5551,0.511,0.5161,56951509.6
2025-04-07 07:00:00+00:00,0.5162,0.5301,0.5155,0.5204,20895581.3
2025-04-07 08:00:00+00:00,0.5203,0.5498,0.5189,0.5457,23798603.9
2025-04-07 09:00:00+00:00,0.5457,0.5556,0.5377,0.5448,14246085.9
2025-04-07 10:00:00+00:00,0.5448,0.5603,0.5444,0.5511,12381534.4
2025-04-07 11:00:00+00:00,0.551,0.5572,0.5408,0.5423,9521939.3
2025-04-07 12:00:00+00:00,0.5423,0.5587,0.5384,0.5502,19860846.6
2025-04-07 13:00:00+00:00,0.5501,0.573,0.5351,0.5683,36510154.0
2025-04-07 14:00:00+00:00,0.5682,0.6055,0.5639,0.5793,79991523.3
2025-04-07 15:00:00+00:00,0.5793,0.5849,0.5648,0.574,23846768.4
2025-04-07 16:00:00+00:00,0.5739,0.5747,0.5595,0.5622,10624695.8
2025-04-07 17:00:00+00:00,0.5622,0.5847,0.5621,0.5822,13268263.2
2025-04-07 18:00:00+00:00,0.5823,0.5847,0.5758,0.5765,7724793.6
2025-04-07 19:00:00+00:00,0.5766,0.5833,0.5738,0.577,9604784.2
2025-04-07 20:00:00+00:00,0.5769,0.5925,0.5769,0.5885,6470485.4
2025-04-07 21:00:00+00:00,0.5884,0.5926,0.5812,0.5875,5793901.0
2025-04-07 22:00:00+00:00,0.5876,0.595,0.5864,0.5916,3981101.8
2025-04-07 23:00:00+00:00,0.5915,0.5931,0.5832,0.5864,4091596.8
2025-04-08 00:00:00+00:00,0.5863,0.592,0.5811,0.5818,4613635.0
2025-04-08 01:00:00+00:00,0.5818,0.6016,0.5797,0.5983,6006252.2
2025-04-08 02:00:00+00:00,0.5983,0.6048,0.5964,0.5973,5133665.8
2025-04-08 03:00:00+00:00,0.5973,0.5998,0.5921,0.5932,2717799.1
2025-04-08 04:00:00+00:00,0.5932,0.5988,0.5904,0.5987,3886404.4
2025-04-08 05:00:00+00:00,0.5986,0.5994,0.5891,0.5903,4483214.5
2025-04-08 06:00:00+00:00,0.5904,0.5913,0.5826,0.5833,7155932.9
2025-04-08 07:00:00+00:00,0.5833,0.5856,0.5803,0.5851,4100538.4
2025-04-08 08:00:00+00:00,0.5852,0.5853,0.5774,0.5819,5297071.3
2025-04-08 09:00:00+00:00,0.5819,0.5889,0.5795,0.5832,3827840.2
2025-04-08 10:00:00+00:00,0.5831,0.5903,0.5822,0.588,2784233.1
2025-04-08 11:00:00+00:00,0.588,0.6076,0.5861,0.6057,12962493.0
2025-04-08 12:00:00+00:00,0.6058,0.6113,0.598,0.602,36797923.9
2025-04-08 13:00:00+00:00,0.602,0.6176,0.6006,0.6123,21868038.9
2025-04-08 14:00:00+00:00,0.6123,0.6201,0.5957,0.5959,16466146.4
2025-04-08 15:00:00+00:00,0.596,0.6005,0.5904,0.5926,9247832.4
2025-04-08 16:00:00+00:00,0.5925,0.5941,0.5712,0.5741,11043419.3
2025-04-08 17:00:00+00:00,0.5741,0.5778,0.561,0.5739,16160463.3
2025-04-08 18:00:00+00:00,0.5739,0.5826,0.569,0.5719,19015577.4
2025-04-08 19:00:00+00:00,0.572,0.574,0.5575,0.5602,26737028.6
2025-04-08 20:00:00+00:00,0.5602,0.5672,0.5575,0.5641,5770622.5
2025-04-08 21:00:00+00:00,0.5642,0.5659,0.556,0.5637,5033931.7
2025-04-08 22:00:00+00:00,0.5636,0.5638,0.5528,0.5602,4475203.2
2025-04-08 23:00:00+00:00,0.5602,0.561,0.5545,0.5583,3392620.9
2025-04-09 00:00:00+00:00,0.5583,0.5648,0.5535,0.5564,7531151.2
2025-04-09 01:00:00+00:00,0.5565,0.5579,0.5366,0.5551,22978335.1
2025-04-09 02:00:00+00:00,0.5552,0.5627,0.5527,0.5536,9233228.0
2025-04-09 03:00:00+00:00,0.5536,0.5566,0.5483,0.5484,11827735.5
2025-04-09 04:00:00+00:00,0.5484,0.5657,0.548,0.5594,24176966.0
2025-04-09 05:00:00+00:00,0.5595,0.5698,0.5595,0.5657,6621275.2
2025-04-09 06:00:00+00:00,0.5657,0.5743,0.565,0.5664,4017385.9
2025-04-09 07:00:00+00:00,0.5664,0.5784,0.5662,0.5757,8348633.4
2025-04-09 08:00:00+00:00,0.5757,0.5778,0.5718,0.5752,3388286.5
2025-04-09 09:00:00+00:00,0.5753,0.5768,0.5681,0.5697,3826955.2
2025-04-09 10:00:00+00:00,0.5697,0.5738,0.5657,0.5709,5524721.2
2025-04-09 11:00:00+00:00,0.5709,0.571,0.5551,0.559,17460298.8
2025-04-09 12:00:00+00:00,0.559,0.5661,0.5547,0.5617,8019422.0
2025-04-09 13:00:00+00:00,0.5617,0.5759,0.5582,0.5697,16395035.9
2025-04-09 14:00:00+00:00,0.5697,0.5756,0.5653,0.5657,11019963.9
2025-04-09 15:00:00+00:00,0.5657,0.5745,0.5655,0.5701,5208766.5
2025-04-09 16:00:00+00:00,0.5701,0.5796,0.5691,0.5795,6048608.9
2025-04-09 17:00:00+00:00,0.5796,0.638,0.5739,0.6369,76841596.5
2025-04-09 18:00:00+00:00,0.6368,0.6459,0.6264,0.6266,36814722.7
2025-04-09 19:00:00+00:00,0.6267,0.6359,0.6258,0.6324,10154686.8
2025-04-09 20:00:00+00:00,0.6325,0.6414,0.6256,0.6406,12166322.4
2025-04-09 21:00:00+00:00,0.6406,0.6464,0.6358,0.6432,9455218.4
2025-04-09 22:00:00+00:00,0.6432,0.6445,0.637,0.6388,5226394.3
2025-04-09 23:00:00+00:00,0.6389,0.6403,0.6309,0.6315,5229354.3
2025-04-10 00:00:00+00:00,0.6315,0.6338,0.6192,0.6238,7825558.2
2025-04-10 01:00:00+00:00,0.6238,0.6258,0.6175,0.6214,5768492.4
2025-04-10 02:00:00+00:00,0.6213,0.6249,0.6183,0.6198,9956002.7
2025-04-10 03:00:00+00:00,0.6198,0.6203,0.6061,0.6147,7211984.8
2025-04-10 04:00:00+00:00,0.6147,0.6165,0.6081,0.6165,3892673.0
2025-04-10 05:00:00+00:00,0.6165,0.6251,0.6158,0.6238,5419737.2
2025-04-10 06:00:00+00:00,0.6238,0.6272,0.6211,0.6248,3557712.0
2025-04-10 07:00:00+00:00,0.6247,0.6275,0.616,0.62,5013115.3
2025-04-10 08:00:00+00:00,0.6201,0.6237,0.6157,0.6214,8259656.1
2025-04-10 09:00:00+00:00,0.6214,0.6272,0.6184,0.6262,4089884.1
2025-04-10 10:00:00+00:00,0.6261,0.6332,0.62,0.6247,9051148.2
2025-04-10 11:00:00+00:00,0.6247,0.6257,0.6169,0.6209,5567890.2
2025-04-10 12:00:00+00:00,0.6208,0.6313,0.6167,0.6205,12946071.2
2025-04-10 13:00:00+00:00,0.6205,0.6241,0.6105,0.6121,8752401.3
2025-04-10 14:00:00+00:00,0.6121,0.6213,0.6092,0.6127,6227738.5
2025-04-10 15:00:00+00:00,0.6127,0.6133,0.5867,0.59,16182194.1
2025-04-10 16:00:00+00:00,0.59,0.5968,0.5857,0.5929,13002288.3
2025-04-10 17:00:00+00:00,0.5929,0.5962,0.5878,0.5931,5776495.7
2025-04-10 18:00:00+00:00,0.593,0.5987,0.5915,0.5973,4220159.5
2025-04-10 19:00:00+00:00,0.5973,0.6019,0.5964,0.5987,4275992.3
2025-04-10 20:00:00+00:00,0.5986,0.6077,0.5982,0.6059,5010113.3
2025-04-10 21:00:00+00:00,0.6059,0.6098,0.6012,0.6026,2457810.2
2025-04-10 22:00:00+00:00,0.6027,0.6091,0.6012,0.6069,2803188.2
2025-04-10 23:00:00+00:00,0.6068,0.6117,0.6047,0.6094,2331460.2
2025-04-11 00:00:00+00:00,0.6094,0.6131,0.6059,0.6068,4025415.8
2025-04-11 01:00:00+00:00,0.6069,0.6223,0.6065,0.6212,7089594.9
2025-04-11 02:00:00+00:00,0.6212,0.6267,0.6175,0.6187,4563530.2
2025-04-11 03:00:00+00:00,0.6187,0.624,0.6187,0.6236,3876145.9
2025-04-11 04:00:00+00:00,0.6235,0.6275,0.6221,0.6258,4052903.4
2025-04-11 05:00:00+00:00,0.6259,0.6297,0.6219,0.6289,4139553.9
2025-04-11 06:00:00+00:00,0.6289,0.6366,0.628,0.6294,9761182.3
2025-04-11 07:00:00+00:00,0.6295,0.6319,0.6262,0.6275,3344704.1
2025-04-11 08:00:00+00:00,0.6276,0.6331,0.6214,0.6264,12464330.0
2025-04-11 09:00:00+00:00,0.6264,0.6336,0.6235,0.6324,5714005.5
2025-04-11 10:00:00+00:00,0.6323,0.645,0.6286,0.633,19131426.8
2025-04-11 11:00:00+00:00,0.633,0.6337,0.622,0.6232,16964027.5
2025-04-11 12:00:00+00:00,0.6232,0.6276,0.6208,0.6234,4938515.3
2025-04-11 13:00:00+00:00,0.6233,0.6323,0.6188,0.6262,10092122.4
2025-04-11 14:00:00+00:00,0.6261,0.6261,0.6149,0.6188,8841923.4
2025-04-11 15:00:00+00:00,0.6188,0.6228,0.6164,0.6214,5891562.2
2025-04-11 16:00:00+00:00,0.6215,0.6257,0.617,0.622,3430256.8
2025-04-11 17:00:00+00:00,0.6221,0.6327,0.6206,0.6307,7651497.4
2025-04-11 18:00:00+00:00,0.6308,0.6334,0.6269,0.6271,4652743.2
2025-04-11 19:00:00+00:00,0.6271,0.6307,0.6268,0.6279,2089941.1
2025-04-11 20:00:00+00:00,0.6279,0.631,0.6255,0.6297,2839932.1
2025-04-11 21:00:00+00:00,0.6297,0.6338,0.6265,0.628,2422129.6
2025-04-11 22:00:00+00:00,0.628,0.629,0.6259,0.6261,2348720.5
2025-04-11 23:00:00+00:00,0.626,0.626,0.6222,0.6239,2401200.5
2025-04-12 00:00:00+00:00,0.6239,0.6254,0.6216,0.622,2278272.0
2025-04-12 01:00:00+00:00,0.622,0.6229,0.6196,0.621,1643440.2
2025-04-12 02:00:00+00:00,0.6209,0.6219,0.6173,0.6174,2301335.3
2025-04-12 03:00:00+00:00,0.6173,0.6228,0.617,0.6219,1661751.9
2025-04-12 04:00:00+00:00,0.6219,0.6305,0.6217,0.6264,3139645.7
2025-04-12 05:00:00+00:00,0.6265,0.6295,0.6249,0.6289,2241039.9
2025-04-12 06:00:00+00:00,0.6289,0.6356,0.6289,0.6332,4574544.5
2025-04-12 07:00:00+00:00,0.6332,0.636,0.6319,0.6327,3676103.4
2025-04-12 08:00:00+00:00,0.6327,0.6399,0.6298,0.6306,6311295.0
2025-04-12 09:00:00+00:00,0.6306,0.6347,0.6296,0.6338,2876419.2
2025-04-12 10:00:00+00:00,0.6338,0.6361,0.6313,0.6342,3775966.5
2025-04-12 11:00:00+00:00,0.6342,0.6412,0.6342,0.6369,4772294.8
2025-04-12 12:00:00+00:00,0.6369,0.6402,0.6354,0.6382,2987553.7
2025-04-12 13:00:00+00:00,0.6382,0.6578,0.6378,0.6539,13621929.9
2025-04-12 14:00:00+00:00,0.654,0.6675,0.6526,0.6602,15581786.6
2025-04-12 15:00:00+00:00,0.6602,0.6668,0.6564,0.66,7968137.7
2025-04-12 16:00:00+00:00,0.66,0.6641,0.6525,0.6546,6960610.1
2025-04-12 17:00:00+00:00,0.6546,0.6554,0.647,0.6488,6896285.4
2025-04-12 18:00:00+00:00,0.6489,0.6567,0.6475,0.6561,4338586.2
2025-04-12 19:00:00+00:00,0.6561,0.6563,0.6516,0.6547,3501167.8
2025-04-12 20:00:00+00:00,0.6547,0.6628,0.6539,0.6582,3314941.5
2025-04-12 21:00:00+00:00,0.6581,0.6605,0.6561,0.6567,3191146.7
2025-04-12 22:00:00+00:00,0.6567,0.6636,0.6567,0.6629,2301025.3
2025-04-12 23:00:00+00:00,0.6629,0.6653,0.657,0.6595,5959141.0
2025-04-13 00:00:00+00:00,0.6596,0.6635,0.6549,0.6605,3576905.7
2025-04-13 01:00:00+00:00,0.6605,0.6615,0.6512,0.6526,4655988.6
2025-04-13 02:00:00+00:00,0.6527,0.6545,0.6473,0.6521,3042308.8
2025-04-13 03:00:00+00:00,0.6521,0.6533,0.6474,0.651,3179366.5
2025-04-13 04:00:00+00:00,0.651,0.6512,0.6436,0.6445,3475074.2
2025-04-13 05:00:00+00:00,0.6445,0.6457,0.6411,0.6445,4172585.2
2025-04-13 06:00:00+00:00,0.6445,0.6486,0.6442,0.6452,2520043.1
2025-04-13 07:00:00+00:00,0.6451,0.6472,0.6431,0.6436,1265181.4
2025-04-13 08:00:00+00:00,0.6437,0.6482,0.6406,0.6475,2515984.9
2025-04-13 09:00:00+00:00,0.6476,0.667,0.647,0.666,6898285.9
2025-04-13 10:00:00+00:00,0.666,0.6687,0.6521,0.6591,7248537.3
2025-04-13 11:00:00+00:00,0.6591,0.6605,0.6482,0.6517,4889290.4
2025-04-13 12:00:00+00:00,0.6517,0.6549,0.6469,0.6503,4673736.4
2025-04-13 13:00:00+00:00,0.6503,0.6522,0.637,0.6396,5644347.0
2025-04-13 14:00:00+00:00,0.6397,0.6453,0.6377,0.6439,4486536.3
2025-04-13 15:00:00+00:00,0.644,0.6443,0.6391,0.6442,3336708.4
2025-04-13 16:00:00+00:00,0.6441,0.6508,0.644,0.6494,3156218.9
2025-04-13 17:00:00+00:00,0.6494,0.6609,0.6479,0.6581,6255333.6
2025-04-13 18:00:00+00:00,0.6581,0.662,0.6552,0.6568,3532396.0
2025-04-13 19:00:00+00:00,0.6568,0.6573,0.6322,0.6416,10080841.4
2025-04-13 20:00:00+00:00,0.6416,0.6482,0.6364,0.6376,4187019.9
2025-04-13 21:00:00+00:00,0.6375,0.6408,0.6301,0.6387,3990873.9
2025-04-13 22:00:00+00:00,0.6388,0.6421,0.6308,0.6329,4115012.4
2025-04-13 23:00:00+00:00,0.6328,0.6394,0.6308,0.6383,3512140.4
2025-04-14 00:00:00+00:00,0.6383,0.6512,0.6357,0.6423,6812938.6
2025-04-14 01:00:00+00:00,0.6423,0.6436,0.6364,0.6388,4082667.7
2025-04-14 02:00:00+00:00,0.6389,0.6575,0.6365,0.6476,5896368.7
2025-04-14 03:00:00+00:00,0.6475,0.6483,0.6421,0.6435,2758951.8
2025-04-14 04:00:00+00:00,0.6435,0.6533,0.6429,0.651,6111434.1
2025-04-14 05:00:00+00:00,0.651,0.653,0.6425,0.6455,2412257.3
2025-04-14 06:00:00+00:00,0.6454,0.6456,0.6387,0.6392,2380386.1
2025-04-14 07:00:00+00:00,0.6392,0.6418,0.634,0.6417,4481653.1
2025-04-14 08:00:00+00:00,0.6418,0.6466,0.6397,0.6424,2525300.9
2025-04-14 09:00:00+00:00,0.6425,0.6434,0.6351,0.6388,3093670.6
2025-04-14 10:00:00+00:00,0.6387,0.6498,0.6387,0.6481,10446784.9
2025-04-14 11:00:00+00:00,0.6482,0.6506,0.6458,0.6497,5247839.7
2025-04-14 12:00:00+00:00,0.6498,0.6538,0.6481,0.6524,3628166.8
2025-04-14 13:00:00+00:00,0.6525,0.6548,0.6396,0.643,5770321.9
2025-04-14 14:00:00+00:00,0.643,0.6571,0.6413,0.6524,8543959.8
2025-04-14 15:00:00+00:00,0.6524,0.6532,0.6307,0.6334,12927337.3
2025-04-14 16:00:00+00:00,0.6333,0.638,0.6277,0.6335,12267224.8
2025-04-14 17:00:00+00:00,0.6334,0.6412,0.6332,0.6401,4542592.1
2025-04-14 18:00:00+00:00,0.6402,0.6434,0.6355,0.6393,2608126.5
2025-04-14 19:00:00+00:00,0.6392,0.6436,0.6382,0.6401,2978437.5
2025-04-14 20:00:00+00:00,0.6402,0.6407,0.6334,0.635,2241352.7
2025-04-14 21:00:00+00:00,0.6351,0.6381,0.6306,0.636,2926834.1
2025-04-14 22:00:00+00:00,0.6361,0.6375,0.6328,0.6333,1676430.2
2025-04-14 23:00:00+00:00,0.6333,0.6376,0.6328,0.6353,1338736.3
2025-04-15 00:00:00+00:00,0.6353,0.6377,0.6313,0.637,2291985.7
2025-04-15 01:00:00+00:00,0.6369,0.6403,0.6314,0.639,2122755.0
2025-04-15 02:00:00+00:00,0.639,0.6414,0.632,0.6376,2237983.5
2025-04-15 03:00:00+00:00,0.6377,0.6454,0.6356,0.6446,13620369.8
2025-04-15 04:00:00+00:00,0.6445,0.6457,0.6405,0.644,2778473.1
2025-04-15 05:00:00+00:00,0.6439,0.6457,0.6403,0.6417,6003738.3
2025-04-15 06:00:00+00:00,0.6417,0.6435,0.6389,0.6393,1971066.9
2025-04-15 07:00:00+00:00,0.6393,0.6457,0.6393,0.6455,2351582.0
2025-04-15 08:00:00+00:00,0.6455,0.648,0.6443,0.6451,3265160.5
2025-04-15 09:00:00+00:00,0.6451,0.6486,0.6425,0.6454,4475287.8
2025-04-15 10:00:00+00:00,0.6454,0.6468,0.636,0.6385,5069592.6
2025-04-15 11:00:00+00:00,0.6386,0.6401,0.6343,0.6374,4384958.3
2025-04-15 12:00:00+00:00,0.6374,0.6404,0.6329,0.6361,4551976.5
2025-04-15 13:00:00+00:00,0.6362,0.6461,0.6334,0.6372,11488545.5
2025-04-15 14:00:00+00:00,0.6372,0.6403,0.6243,0.6282,13061895.3
2025-04-15 15:00:00+00:00,0.6282,0.6308,0.6191,0.6233,22232973.2
2025-04-15 16:00:00+00:00,0.6234,0.6261,0.621,0.6216,5666992.2
2025-04-15 17:00:00+00:00,0.6217,0.6237,0.6177,0.6191,6486423.3
2025-04-15 18:00:00+00:00,0.6192,0.6224,0.6156,0.6192,7042156.1
2025-04-15 19:00:00+00:00,0.6191,0.6206,0.6171,0.6185,3905685.8
2025-04-15 20:00:00+00:00,0.6185,0.6213,0.615,0.6175,5367796.8
2025-04-15 21:00:00+00:00,0.6175,0.6191,0.615,0.6171,3633817.9
2025-04-15 22:00:00+00:00,0.6171,0.6171,0.608,0.6107,4875569.6
2025-04-15 23:00:00+00:00,0.6106,0.6111,0.607,0.6091,5012071.1
2025-04-16 00:00:00+00:00,0.609,0.6127,0.6042,0.6083,7236120.1
2025-04-16 01:00:00+00:00,0.6082,0.6178,0.6077,0.6149,5048713.5
2025-04-16 02:00:00+00:00,0.615,0.6169,0.6117,0.614,3898811.1
2025-04-16 03:00:00+00:00,0.614,0.6165,0.6114,0.6116,2252846.4
2025-04-16 04:00:00+00:00,0.6115,0.612,0.6063,0.6097,4117929.9
2025-04-16 05:00:00+00:00,0.6098,0.6119,0.6028,0.6055,5828686.3
2025-04-16 06:00:00+00:00,0.6054,0.6087,0.6046,0.6081,2835731.7
2025-04-16 07:00:00+00:00,0.6082,0.6089,0.602,0.6035,3943537.9
2025-04-16 08:00:00+00:00,0.6035,0.6115,0.6,0.6086,6077257.9
2025-04-16 09:00:00+00:00,0.6086,0.6101,0.6021,0.6021,3421573.6
2025-04-16 10:00:00+00:00,0.6022,0.6084,0.602,0.6065,2885952.8
2025-04-16 11:00:00+00:00,0.6065,0.6078,0.6036,0.607,3047911.1
2025-04-16 12:00:00+00:00,0.607,0.6092,0.6032,0.6036,3580595.5
2025-04-16 13:00:00+00:00,0.6036,0.6084,0.6012,0.6025,5562076.9
2025-04-16 14:00:00+00:00,0.6024,0.6141,0.6022,0.6116,6577231.2
2025-04-16 15:00:00+00:00,0.6116,0.6183,0.6095,0.6099,6214368.9
2025-04-16 16:00:00+00:00,0.61,0.6132,0.6049,0.6101,4976341.3
2025-04-16 17:00:00+00:00,0.61,0.6178,0.5946,0.596,15824836.2
2025-04-16 18:00:00+00:00,0.596,0.6116,0.5958,0.6057,10657526.9
2025-04-16 19:00:00+00:00,0.6057,0.6174,0.6017,0.6151,8804660.9
2025-04-16 20:00:00+00:00,0.615,0.6245,0.6111,0.6121,6599797.0
2025-04-16 21:00:00+00:00,0.6121,0.6194,0.6104,0.6152,3846024.6
2025-04-16 22:00:00+00:00,0.6153,0.6166,0.6132,0.6155,1585367.9
2025-04-16 23:00:00+00:00,0.6156,0.6157,0.6079,0.6105,1950267.6
2025-04-17 00:00:00+00:00,0.6106,0.6131,0.6088,0.6117,1931122.4
2025-04-17 01:00:00+00:00,0.6117,0.6172,0.6095,0.6155,1785889.9
2025-04-17 02:00:00+00:00,0.6154,0.6154,0.6103,0.6135,1480171.3
2025-04-17 03:00:00+00:00,0.6135,0.6151,0.61,0.6132,2035770.1
2025-04-17 04:00:00+00:00,0.6131,0.6151,0.6106,0.6142,1241391.0
2025-04-17 05:00:00+00:00,0.6142,0.6209,0.6142,0.6189,2954335.6
2025-04-17 06:00:00+00:00,0.6189,0.6237,0.6177,0.6218,3925731.9
2025-04-17 07:00:00+00:00,0.6219,0.6239,0.6191,0.6194,2759540.0
2025-04-17 08:00:00+00:00,0.6194,0.6217,0.6158,0.6159,3221152.4
2025-04-17 09:00:00+00:00,0.6159,0.6176,0.6142,0.6165,1781498.8
2025-04-17 10:00:00+00:00,0.6164,0.6168,0.6128,0.6155,1754142.7
2025-04-17 11:00:00+00:00,0.6156,0.6195,0.6146,0.6189,1333873.9
2025-04-17 12:00:00+00:00,0.619,0.6228,0.6186,0.6219,4551469.5
2025-04-17 13:00:00+00:00,0.622,0.6221,0.6175,0.6203,3181880.9
2025-04-17 14:00:00+00:00,0.6202,0.6206,0.61,0.6137,6075659.7
2025-04-17 15:00:00+00:00,0.6138,0.6218,0.6138,0.6194,4282530.3
2025-04-17 16:00:00+00:00,0.6195,0.6291,0.6176,0.6268,7992890.8
2025-04-17 17:00:00+00:00,0.6268,0.6299,0.6258,0.6276,4625632.4
2025-04-17 18:00:00+00:00,0.6276,0.6293,0.6226,0.6227,3844801.4
2025-04-17 19:00:00+00:00,0.6227,0.624,0.6148,0.6192,3861131.6
2025-04-17 20:00:00+00:00,0.6191,0.6231,0.6191,0.6224,2112538.9
2025-04-17 21:00:00+00:00,0.6224,0.6242,0.6205,0.6209,1419063.5
2025-04-17 22:00:00+00:00,0.6208,0.6234,0.6165,0.6167,1007932.9
2025-04-17 23:00:00+00:00,0.6167,0.6199,0.6159,0.6167,982621.5
2025-04-18 00:00:00+00:00,0.6169,0.6174,0.6127,0.613,1843470.6
2025-04-18 01:00:00+00:00,0.613,0.6177,0.6119,0.6146,1945871.6
2025-04-18 02:00:00+00:00,0.6146,0.6162,0.6129,0.6135,1221289.1
2025-04-18 03:00:00+00:00,0.6134,0.6137,0.6109,0.6131,1196682.4
2025-04-18 04:00:00+00:00,0.6131,0.6149,0.6104,0.6144,1141588.0
2025-04-18 05:00:00+00:00,0.6143,0.615,0.611,0.615,1055524.6
2025-04-18 06:00:00+00:00,0.6149,0.6157,0.613,0.6148,2705167.8
2025-04-18 07:00:00+00:00,0.6149,0.616,0.6121,0.6147,1743069.4
2025-04-18 08:00:00+00:00,0.6146,0.6186,0.6135,0.6163,2082462.2
2025-04-18 09:00:00+00:00,0.6164,0.6169,0.6142,0.6154,1284834.8
2025-04-18 10:00:00+00:00,0.6154,0.6155,0.6114,0.6124,1672185.6
2025-04-18 11:00:00+00:00,0.6123,0.6165,0.612,0.6162,1923261.0
2025-04-18 12:00:00+00:00,0.6162,0.6181,0.6146,0.6172,1593280.6
2025-04-18 13:00:00+00:00,0.6171,0.6185,0.615,0.618,1178920.0
2025-04-18 14:00:00+00:00,0.6179,0.6205,0.6155,0.6173,2111429.2
2025-04-18 15:00:00+00:00,0.6173,0.618,0.6134,0.6162,3114184.9
2025-04-18 16:00:00+00:00,0.6162,0.6199,0.6156,0.6199,2463807.4
2025-04-18 17:00:00+00:00,0.6199,0.6266,0.6197,0.6261,3392016.3
2025-04-18 18:00:00+00:00,0.6262,0.6292,0.6248,0.627,3811821.5
2025-04-18 19:00:00+00:00,0.6269,0.6285,0.6253,0.6274,1910694.5
2025-04-18 20:00:00+00:00,0.6273,0.6287,0.6256,0.6281,2539948.4
2025-04-18 21:00:00+00:00,0.6281,0.6318,0.6262,0.631,6388871.8
2025-04-18 22:00:00+00:00,0.6311,0.632,0.6273,0.6276,4332621.8
2025-04-18 23:00:00+00:00,0.6277,0.6283,0.6253,0.6275,3021801.4
2025-04-19 00:00:00+00:00,0.6276,0.631,0.6275,0.6288,2293020.1
2025-04-19 01:00:00+00:00,0.6289,0.6338,0.6281,0.6303,3272087.3
2025-04-19 02:00:00+00:00,0.6303,0.6349,0.6293,0.6328,2146381.8
2025-04-19 03:00:00+00:00,0.6329,0.6345,0.6307,0.6321,2213957.1
2025-04-19 04:00:00+00:00,0.6321,0.6344,0.6314,0.6321,1893404.0
2025-04-19 05:00:00+00:00,0.6322,0.6349,0.6312,0.6313,1268836.6
2025-04-19 06:00:00+00:00,0.6313,0.6318,0.6282,0.6291,1753369.8
2025-04-19 07:00:00+00:00,0.6292,0.6319,0.6278,0.6306,1447244.4
2025-04-19 08:00:00+00:00,0.6306,0.6312,0.6289,0.631,841634.5
2025-04-19 09:00:00+00:00,0.6309,0.6324,0.6287,0.6288,1648188.4
2025-04-19 10:00:00+00:00,0.6288,0.629,0.6269,0.6277,1790602.4
2025-04-19 11:00:00+00:00,0.6276,0.6278,0.6261,0.6272,993091.4
2025-04-19 12:00:00+00:00,0.6272,0.6283,0.6264,0.6274,1479790.0
2025-04-19 13:00:00+00:00,0.6274,0.6281,0.6261,0.6277,965443.4
2025-04-19 14:00:00+00:00,0.6277,0.628,0.6237,0.6241,2043033.1
2025-04-19 15:00:00+00:00,0.6241,0.6268,0.6217,0.6223,2625683.0
2025-04-19 16:00:00+00:00,0.6223,0.6235,0.6191,0.62,2932769.6
2025-04-19 17:00:00+00:00,0.62,0.6258,0.6196,0.625,1978922.3
2025-04-19 18:00:00+00:00,0.625,0.6295,0.6249,0.6257,2918529.8
2025-04-19 19:00:00+00:00,0.6257,0.6281,0.6251,0.6275,1253212.3
2025-04-19 20:00:00+00:00,0.6274,0.6295,0.6265,0.6291,1098633.2
2025-04-19 21:00:00+00:00,0.6291,0.6317,0.6291,0.6299,1476218.7
2025-04-19 22:00:00+00:00,0.63,0.6318,0.6295,0.6303,955685.8
2025-04-19 23:00:00+00:00,0.6303,0.6315,0.6278,0.6282,1329819.8
2025-04-20 00:00:00+00:00,0.6282,0.6315,0.6282,0.6294,1709481.9
2025-04-20 01:00:00+00:00,0.6293,0.6343,0.6291,0.6343,2228078.8
2025-04-20 02:00:00+00:00,0.6342,0.6348,0.6325,0.6328,1346564.0
2025-04-20 03:00:00+00:00,0.6329,0.6333,0.6299,0.6312,1171557.2
2025-04-20 04:00:00+00:00,0.6312,0.6332,0.6294,0.6316,1283749.6
2025-04-20 05:00:00+00:00,0.6316,0.6327,0.6306,0.6307,1643297.9
2025-04-20 06:00:00+00:00,0.6307,0.6316,0.626,0.6272,2670108.8
2025-04-20 07:00:00+00:00,0.6272,0.6272,0.6224,0.6251,2827427.2
2025-04-20 08:00:00+00:00,0.6251,0.6257,0.6216,0.6225,1230719.4
2025-04-20 09:00:00+00:00,0.6225,0.6237,0.6201,0.621,1875922.4
2025-04-20 10:00:00+00:00,0.6209,0.6211,0.612,0.6135,5806174.5
2025-04-20 11:00:00+00:00,0.6134,0.6153,0.6121,0.615,2836216.7
2025-04-20 12:00:00+00:00,0.6149,0.6174,0.6138,0.6161,2637618.8
2025-04-20 13:00:00+00:00,0.6161,0.6163,0.613,0.6154,1288951.7
2025-04-20 14:00:00+00:00,0.6153,0.6182,0.6143,0.6163,2806490.0
2025-04-20 15:00:00+00:00,0.6162,0.6163,0.6106,0.6116,3349393.4
2025-04-20 16:00:00+00:00,0.6117,0.6157,0.6095,0.6156,2754726.7
2025-04-20 17:00:00+00:00,0.6157,0.6168,0.6135,0.6159,1474759.2
2025-04-20 18:00:00+00:00,0.6158,0.6173,0.6141,0.6161,1079559.5
2025-04-20 19:00:00+00:00,0.6162,0.6195,0.6146,0.6194,1462959.7
2025-04-20 20:00:00+00:00,0.6194,0.626,0.6187,0.6212,2919988.2
2025-04-20 21:00:00+00:00,0.6211,0.6221,0.6194,0.6209,931338.3
2025-04-20 22:00:00+00:00,0.6208,0.6209,0.6155,0.6186,1553866.1
2025-04-20 23:00:00+00:00,0.6186,0.6222,0.6185,0.6202,1357885.4
2025-04-21 00:00:00+00:00,0.6203,0.64,0.6201,0.6337,9772263.4
2025-04-21 01:00:00+00:00,0.6338,0.6399,0.6329,0.6389,5863576.7
2025-04-21 02:00:00+00:00,0.6388,0.6409,0.6344,0.6367,5181241.7
2025-04-21 03:00:00+00:00,0.6367,0.6393,0.6353,0.6369,3813860.9
2025-04-21 04:00:00+00:00,0.6369,0.642,0.6366,0.6407,3897440.8
2025-04-21 05:00:00+00:00,0.6407,0.6452,0.6392,0.6433,4488092.6
2025-04-21 06:00:00+00:00,0.6434,0.6488,0.6424,0.643,5113105.3
2025-04-21 07:00:00+00:00,0.6429,0.6455,0.6421,0.6432,3654997.7
2025-04-21 08:00:00+00:00,0.6432,0.6471,0.6432,0.6467,3530893.8
2025-04-21 09:00:00+00:00,0.6467,0.6491,0.644,0.648,3421969.6
2025-04-21 10:00:00+00:00,0.6481,0.6485,0.6435,0.6451,3084057.1
2025-04-21 11:00:00+00:00,0.645,0.6453,0.6369,0.6389,8134304.7
2025-04-21 12:00:00+00:00,0.6388,0.6444,0.6387,0.6411,3052795.5
2025-04-21 13:00:00+00:00,0.6411,0.6445,0.6385,0.6395,3580470.3
2025-04-21 14:00:00+00:00,0.6394,0.6507,0.6383,0.6439,8391358.0
2025-04-21 15:00:00+00:00,0.6438,0.6442,0.6343,0.6358,4401744.8
2025-04-21 16:00:00+00:00,0.6358,0.6364,0.6229,0.624,6771734.0
2025-04-21 17:00:00+00:00,0.624,0.6245,0.6159,0.6211,10123999.2
2025-04-21 18:00:00+00:00,0.621,0.6219,0.6183,0.6191,5999141.5
2025-04-21 19:00:00+00:00,0.619,0.6243,0.6183,0.6238,3246314.5
2025-04-21 20:00:00+00:00,0.6238,0.6239,0.6195,0.6229,1688874.5
2025-04-21 21:00:00+00:00,0.623,0.623,0.6189,0.6206,2341199.6
2025-04-21 22:00:00+00:00,0.6206,0.6215,0.6182,0.6209,2148262.6
2025-04-21 23:00:00+00:00,0.6208,0.6249,0.6189,0.6242,2020984.5
2025-04-22 00:00:00+00:00,0.6241,0.6245,0.6153,0.6226,3528322.4
2025-04-22 01:00:00+00:00,0.6226,0.6314,0.6211,0.6296,4622971.3
2025-04-22 02:00:00+00:00,0.6295,0.631,0.6218,0.6239,2525458.6
2025-04-22 03:00:00+00:00,0.6239,0.625,0.6207,0.624,1795558.2
2025-04-22 04:00:00+00:00,0.624,0.6267,0.6219,0.6222,1919912.7
2025-04-22 05:00:00+00:00,0.6221,0.6266,0.6217,0.6263,1297941.4
2025-04-22 06:00:00+00:00,0.6262,0.6282,0.6223,0.6263,1892037.0
2025-04-22 07:00:00+00:00,0.6263,0.635,0.6255,0.6328,4260673.5
2025-04-22 08:00:00+00:00,0.6328,0.6393,0.6323,0.6365,7557052.1
2025-04-22 09:00:00+00:00,0.6366,0.6425,0.6363,0.6388,4650337.0
2025-04-22 10:00:00+00:00,0.6388,0.6413,0.6364,0.6398,2735827.7
2025-04-22 11:00:00+00:00,0.6398,0.6436,0.6389,0.6405,5723829.0
2025-04-22 12:00:00+00:00,0.6405,0.6421,0.6369,0.6407,4609028.2
2025-04-22 13:00:00+00:00,0.6406,0.6517,0.6405,0.6497,12412409.5
2025-04-22 14:00:00+00:00,0.6498,0.66,0.6495,0.6591,15938924.0
2025-04-22 15:00:00+00:00,0.6591,0.6668,0.6516,0.6564,17818126.5
2025-04-22 16:00:00+00:00,0.6564,0.6589,0.6522,0.6542,4420255.4
2025-04-22 17:00:00+00:00,0.6541,0.6589,0.6541,0.6574,3540497.7
2025-04-22 18:00:00+00:00,0.6574,0.6596,0.6539,0.658,3598452.4
2025-04-22 19:00:00+00:00,0.658,0.6585,0.6529,0.6567,2404312.3
2025-04-22 20:00:00+00:00,0.6567,0.6572,0.6538,0.6549,1270761.9
2025-04-22 21:00:00+00:00,0.6548,0.6764,0.6535,0.6732,12463044.0
2025-04-22 22:00:00+00:00,0.6733,0.6778,0.6674,0.6731,12116988.3
2025-04-22 23:00:00+00:00,0.6732,0.685,0.6732,0.6794,10238634.4
2025-04-23 00:00:00+00:00,0.6794,0.6873,0.6775,0.6785,8102058.8
2025-04-23 01:00:00+00:00,0.6786,0.6859,0.6774,0.6778,6038721.7
2025-04-23 02:00:00+00:00,0.6777,0.6924,0.6776,0.6902,7825505.5
2025-04-23 03:00:00+00:00,0.6901,0.6939,0.6864,0.6938,4187089.5
2025-04-23 04:00:00+00:00,0.6938,0.6999,0.689,0.6998,6282482.9
2025-04-23 05:00:00+00:00,0.6997,0.7009,0.6927,0.693,6404014.7
2025-04-23 06:00:00+00:00,0.693,0.6981,0.691,0.6954,4128902.0
2025-04-23 07:00:00+00:00,0.6953,0.7013,0.692,0.701,3969204.8
2025-04-23 08:00:00+00:00,0.701,0.7071,0.6972,0.7044,7594888.8
2025-04-23 09:00:00+00:00,0.7043,0.7108,0.7043,0.7053,7803720.2
2025-04-23 10:00:00+00:00,0.7053,0.7055,0.6959,0.7032,10581812.8
2025-04-23 11:00:00+00:00,0.7031,0.7071,0.6999,0.7014,4493152.6
2025-04-23 12:00:00+00:00,0.7014,0.7092,0.7003,0.7086,4548913.6
2025-04-23 13:00:00+00:00,0.7085,0.7183,0.6992,0.7008,17072733.1
2025-04-23 14:00:00+00:00,0.7009,0.7079,0.6934,0.6976,12940326.1
2025-04-23 15:00:00+00:00,0.6976,0.7005,0.6842,0.6984,16823200.9
2025-04-23 16:00:00+00:00,0.6985,0.7103,0.695,0.7042,9610671.9
2025-04-23 17:00:00+00:00,0.7041,0.7085,0.7011,0.7059,4357010.8
2025-04-23 18:00:00+00:00,0.7058,0.7103,0.704,0.7046,2820080.1
2025-04-23 19:00:00+00:00,0.7045,0.7052,0.6946,0.6982,4393623.5
2025-04-23 20:00:00+00:00,0.6982,0.702,0.6963,0.7007,2897170.4
2025-04-23 21:00:00+00:00,0.7007,0.701,0.6949,0.6972,2017460.2
2025-04-23 22:00:00+00:00,0.6973,0.7016,0.6945,0.7015,2643789.8
2025-04-23 23:00:00+00:00,0.7015,0.7015,0.6956,0.6977,2077691.3
2025-04-24 00:00:00+00:00,0.6978,0.6998,0.6915,0.6938,2705060.5
2025-04-24 01:00:00+00:00,0.6939,0.696,0.6884,0.6937,3320188.8
2025-04-24 02:00:00+00:00,0.6938,0.6963,0.686,0.6861,2850315.3
2025-04-24 03:00:00+00:00,0.686,0.691,0.6802,0.6805,4829894.4
2025-04-24 04:00:00+00:00,0.6804,0.685,0.6796,0.6828,4964259.2
2025-04-24 05:00:00+00:00,0.6829,0.6874,0.6815,0.6862,3418153.4
2025-04-24 06:00:00+00:00,0.6861,0.6894,0.6822,0.684,2357693.2
2025-04-24 07:00:00+00:00,0.684,0.6872,0.6775,0.6785,4250117.0
2025-04-24 08:00:00+00:00,0.6786,0.6818,0.6701,0.6733,9328235.6
2025-04-24 09:00:00+00:00,0.6734,0.6832,0.6729,0.683,4327306.1
2025-04-24 10:00:00+00:00,0.683,0.691,0.6829,0.6908,3460142.1
2025-04-24 11:00:00+00:00,0.6908,0.6909,0.6836,0.6875,3058785.1
2025-04-24 12:00:00+00:00,0.6875,0.6947,0.6848,0.6947,2868029.4
2025-04-24 13:00:00+00:00,0.6946,0.7045,0.6926,0.6969,9014669.2
2025-04-24 14:00:00+00:00,0.6969,0.7149,0.6964,0.7121,13713588.6
2025-04-24 15:00:00+00:00,0.7122,0.7452,0.7104,0.7261,44172507.0
2025-04-24 16:00:00+00:00,0.7262,0.746,0.7262,0.7321,16539479.3
2025-04-24 17:00:00+00:00,0.7322,0.7386,0.7168,0.7229,12471280.3
2025-04-24 18:00:00+00:00,0.7229,0.7317,0.7228,0.7282,4809976.0
2025-04-24 19:00:00+00:00,0.7282,0.7301,0.7218,0.7281,4308614.0
2025-04-24 20:00:00+00:00,0.7281,0.7314,0.7205,0.7206,3467770.2
2025-04-24 21:00:00+00:00,0.7206,0.7216,0.7127,0.7184,4329705.7
2025-04-24 22:00:00+00:00,0.7184,0.7193,0.7131,0.7146,2187804.1
2025-04-24 23:00:00+00:00,0.7146,0.7249,0.714,0.7219,4936745.3
2025-04-25 00:00:00+00:00,0.722,0.7236,0.7171,0.7194,3745013.6
2025-04-25 01:00:00+00:00,0.7194,0.7261,0.7149,0.7152,4278950.5
2025-04-25 02:00:00+00:00,0.7153,0.717,0.7019,0.7044,8157807.2
2025-04-25 03:00:00+00:00,0.7045,0.7133,0.7022,0.7115,3373723.2
2025-04-25 04:00:00+00:00,0.7114,0.713,0.7064,0.7094,2128504.6
2025-04-25 05:00:00+00:00,0.7095,0.7154,0.7086,0.7137,3934732.8
2025-04-25 06:00:00+00:00,0.7137,0.7215,0.7114,0.72,6362509.8
2025-04-25 07:00:00+00:00,0.7201,0.7237,0.715,0.7222,6225128.5
2025-04-25 08:00:00+00:00,0.7221,0.7233,0.7179,0.7224,3583386.8
2025-04-25 09:00:00+00:00,0.7224,0.7229,0.7163,0.721,4891590.0
2025-04-25 10:00:00+00:00,0.7209,0.7212,0.711,0.7128,5846016.3
2025-04-25 11:00:00+00:00,0.7129,0.7216,0.7129,0.7212,6033804.1
2025-04-25 12:00:00+00:00,0.7212,0.7283,0.7139,0.7146,10434353.6
2025-04-25 13:00:00+00:00,0.7147,0.7176,0.7052,0.7096,7196576.1
2025-04-25 14:00:00+00:00,0.7095,0.7255,0.7093,0.7236,11706727.4
2025-04-25 15:00:00+00:00,0.7237,0.729,0.718,0.7195,10992918.3
2025-04-25 16:00:00+00:00,0.7195,0.726,0.7117,0.7251,11483864.4
2025-04-25 17:00:00+00:00,0.7251,0.7284,0.7132,0.7164,6400769.9
2025-04-25 18:00:00+00:00,0.7165,0.7331,0.7116,0.7174,16753843.8
2025-04-25 19:00:00+00:00,0.7174,0.7206,0.7102,0.717,4795752.3
2025-04-25 20:00:00+00:00,0.717,0.718,0.7128,0.7129,1863271.0
2025-04-25 21:00:00+00:00,0.7129,0.7179,0.7068,0.7078,3559120.0
2025-04-25 22:00:00+00:00,0.7078,0.7161,0.7078,0.7147,2428402.3
2025-04-25 23:00:00+00:00,0.7147,0.7161,0.71,0.7135,4687639.5
2025-04-26 00:00:00+00:00,0.7135,0.7215,0.7135,0.7209,3999805.1
2025-04-26 01:00:00+00:00,0.7209,0.7264,0.7167,0.7256,6513198.7
2025-04-26 02:00:00+00:00,0.7256,0.7267,0.7197,0.7233,3922876.4
2025-04-26 03:00:00+00:00,0.7234,0.7265,0.7193,0.7212,5282825.6
2025-04-26 04:00:00+00:00,0.7212,0.7215,0.7138,0.7144,2629255.0
2025-04-26 05:00:00+00:00,0.7143,0.72,0.7121,0.7188,2230326.1
2025-04-26 06:00:00+00:00,0.7189,0.728,0.7182,0.7263,4840311.1
2025-04-26 07:00:00+00:00,0.7262,0.7335,0.7257,0.7258,6109826.5
2025-04-26 08:00:00+00:00,0.7259,0.7344,0.7217,0.7226,11262004.8
2025-04-26 09:00:00+00:00,0.7226,0.7236,0.7144,0.718,4834881.0
2025-04-26 10:00:00+00:00,0.7181,0.7215,0.7165,0.7173,2638981.5
2025-04-26 11:00:00+00:00,0.7172,0.7187,0.7048,0.7075,7327753.2
2025-04-26 12:00:00+00:00,0.7075,0.7123,0.7066,0.7076,4679259.8
2025-04-26 13:00:00+00:00,0.7076,0.71,0.6996,0.705,6001061.1
2025-04-26 14:00:00+00:00,0.7049,0.7102,0.7017,0.7076,6866024.8
2025-04-26 15:00:00+00:00,0.7076,0.7128,0.7068,0.7098,3134071.6
2025-04-26 16:00:00+00:00,0.7097,0.7104,0.7034,0.7073,2242876.8
2025-04-26 17:00:00+00:00,0.7072,0.7099,0.7056,0.7078,1752914.8
2025-04-26 18:00:00+00:00,0.7078,0.7089,0.7045,0.7046,2176772.6
2025-04-26 19:00:00+00:00,0.7045,0.7075,0.704,0.7072,1104724.7
2025-04-26 20:00:00+00:00,0.7072,0.7097,0.703,0.703,1233426.4
2025-04-26 21:00:00+00:00,0.703,0.7075,0.703,0.7044,1517182.7
2025-04-26 22:00:00+00:00,0.7044,0.7147,0.7043,0.7083,4618227.7
2025-04-26 23:00:00+00:00,0.7083,0.7096,0.706,0.707,1648568.4
2025-04-27 00:00:00+00:00,0.707,0.7185,0.7046,0.7151,6498891.2
2025-04-27 01:00:00+00:00,0.7152,0.7179,0.6964,0.6972,5768079.7
2025-04-27 02:00:00+00:00,0.6973,0.7048,0.695,0.7008,2933026.9
2025-04-27 03:00:00+00:00,0.7008,0.7061,0.7005,0.704,1640746.9
2025-04-27 04:00:00+00:00,0.704,0.7045,0.6947,0.6967,1903990.2
2025-04-27 05:00:00+00:00,0.6966,0.6997,0.6918,0.6947,3622166.6
2025-04-27 06:00:00+00:00,0.6947,0.7,0.6944,0.6995,1629490.7
2025-04-27 07:00:00+00:00,0.6996,0.7006,0.6964,0.6999,2188891.5
2025-04-27 08:00:00+00:00,0.7,0.7034,0.6987,0.7003,1852362.7
2025-04-27 09:00:00+00:00,0.7002,0.7012,0.698,0.6996,1189981.8
2025-04-27 10:00:00+00:00,0.6997,0.7002,0.6972,0.6993,1578120.0
2025-04-27 11:00:00+00:00,0.6993,0.6997,0.6967,0.6968,1295156.2
2025-04-27 12:00:00+00:00,0.6967,0.7087,0.6911,0.6972,8766735.0
2025-04-27 13:00:00+00:00,0.6972,0.7029,0.6913,0.7004,10149162.1
2025-04-27 14:00:00+00:00,0.7004,0.7023,0.6977,0.6991,2708352.9
2025-04-27 15:00:00+00:00,0.6991,0.6994,0.6915,0.696,3041640.3
2025-04-27 16:00:00+00:00,0.6959,0.6968,0.6907,0.6948,5589936.3
2025-04-27 17:00:00+00:00,0.6947,0.6989,0.6925,0.6986,1499120.9
2025-04-27 18:00:00+00:00,0.6986,0.7055,0.6984,0.7042,2657485.8
2025-04-27 19:00:00+00:00,0.7042,0.7159,0.7042,0.7159,4030885.7
2025-04-27 20:00:00+00:00,0.7159,0.7168,0.7099,0.7125,4121398.6
2025-04-27 21:00:00+00:00,0.7124,0.7161,0.7101,0.7138,2405804.0
2025-04-27 22:00:00+00:00,0.7138,0.7142,0.7074,0.7107,2882569.3
2025-04-27 23:00:00+00:00,0.7106,0.7106,0.7024,0.7032,2181360.6
2025-04-28 00:00:00+00:00,0.7033,0.7043,0.6952,0.7,3441277.5
2025-04-28 01:00:00+00:00,0.7001,0.702,0.6823,0.684,8954901.7
2025-04-28 02:00:00+00:00,0.684,0.696,0.6821,0.6956,4915940.3
2025-04-28 03:00:00+00:00,0.6956,0.709,0.6925,0.7071,4103658.0
2025-04-28 04:00:00+00:00,0.7071,0.7183,0.7063,0.7115,7940798.9
2025-04-28 05:00:00+00:00,0.7115,0.714,0.7089,0.7134,3208869.8
2025-04-28 06:00:00+00:00,0.7135,0.7193,0.7116,0.7179,3982205.5
2025-04-28 07:00:00+00:00,0.7179,0.7258,0.7149,0.7251,5661208.6
2025-04-28 08:00:00+00:00,0.7252,0.729,0.7212,0.7225,7740787.2
2025-04-28 09:00:00+00:00,0.7225,0.7266,0.7184,0.719,3643916.4
2025-04-28 10:00:00+00:00,0.7189,0.7246,0.7128,0.7211,7217018.0
2025-04-28 11:00:00+00:00,0.7212,0.725,0.719,0.7224,4170763.2
2025-04-28 12:00:00+00:00,0.7224,0.7231,0.713,0.7139,5236492.6
2025-04-28 13:00:00+00:00,0.7138,0.7165,0.7046,0.7051,4174160.4
2025-04-28 14:00:00+00:00,0.7052,0.7139,0.7013,0.7025,8297277.6
2025-04-28 15:00:00+00:00,0.7025,0.7042,0.6845,0.69,24517238.8
2025-04-28 16:00:00+00:00,0.69,0.6958,0.6847,0.6889,18267580.2
2025-04-28 17:00:00+00:00,0.6888,0.699,0.6881,0.6989,6675457.5
2025-04-28 18:00:00+00:00,0.6989,0.7017,0.6951,0.6989,4325896.3
2025-04-28 19:00:00+00:00,0.6988,0.7099,0.6986,0.7067,3997230.4
2025-04-28 20:00:00+00:00,0.7066,0.7069,0.698,0.6982,2199879.6
2025-04-28 21:00:00+00:00,0.6983,0.7007,0.6956,0.7007,1746709.0
2025-04-28 22:00:00+00:00,0.7007,0.7034,0.6988,0.7031,1658193.8
2025-04-28 23:00:00+00:00,0.7031,0.7059,0.7014,0.7056,2225724.5
2025-04-29 00:00:00+00:00,0.7057,0.7088,0.7009,0.7076,2165072.7
2025-04-29 01:00:00+00:00,0.7076,0.7102,0.7026,0.7042,2863098.5
2025-04-29 02:00:00+00:00,0.7042,0.7046,0.6974,0.7002,3031153.7
2025-04-29 03:00:00+00:00,0.7002,0.705,0.7002,0.7035,1411175.2
2025-04-29 04:00:00+00:00,0.7034,0.7067,0.6968,0.6978,3295899.8
2025-04-29 05:00:00+00:00,0.6979,0.7023,0.6975,0.7005,2953306.5
2025-04-29 06:00:00+00:00,0.7004,0.7137,0.7001,0.7128,8081209.3
2025-04-29 07:00:00+00:00,0.7128,0.715,0.7097,0.7119,5738180.4
2025-04-29 08:00:00+00:00,0.7118,0.715,0.7094,0.7132,6790395.7
2025-04-29 09:00:00+00:00,0.7132,0.7153,0.7106,0.7131,6176095.7
2025-04-29 10:00:00+00:00,0.7132,0.7169,0.7097,0.7099,6922991.1
2025-04-29 11:00:00+00:00,0.7098,0.7171,0.7097,0.7143,5994129.5
2025-04-29 12:00:00+00:00,0.7143,0.7164,0.7086,0.7099,7575460.7
2025-04-29 13:00:00+00:00,0.7099,0.7111,0.704,0.7084,8165104.9
2025-04-29 14:00:00+00:00,0.7084,0.7181,0.7056,0.7155,10846617.7
2025-04-29 15:00:00+00:00,0.7155,0.7163,0.7077,0.7085,6952816.8
2025-04-29 16:00:00+00:00,0.7084,0.7179,0.7073,0.7132,10302112.6
2025-04-29 17:00:00+00:00,0.7133,0.7141,0.7084,0.712,7746770.2
2025-04-29 18:00:00+00:00,0.7121,0.7135,0.7093,0.7129,5827154.6
2025-04-29 19:00:00+00:00,0.7129,0.7134,0.7078,0.7083,5136869.7
2025-04-29 20:00:00+00:00,0.7084,0.7096,0.703,0.7045,5361670.2
2025-04-29 21:00:00+00:00,0.7044,0.7056,0.6933,0.7001,8529539.7
2025-04-29 22:00:00+00:00,0.7001,0.7001,0.6923,0.6941,7011146.3
2025-04-29 23:00:00+00:00,0.694,0.6967,0.6888,0.6958,5803692.7
2025-04-30 00:00:00+00:00,0.6957,0.7013,0.6939,0.6974,4672237.0
2025-04-30 01:00:00+00:00,0.6975,0.698,0.6914,0.6959,2244709.7
2025-04-30 02:00:00+00:00,0.6958,0.7002,0.6939,0.6988,2178358.1
2025-04-30 03:00:00+00:00,0.6989,0.7037,0.6968,0.7027,1986686.8
2025-04-30 04:00:00+00:00,0.7027,0.7037,0.6993,0.7022,1457082.1
2025-04-30 05:00:00+00:00,0.7022,0.7023,0.6979,0.6982,1319992.1
2025-04-30 06:00:00+00:00,0.6983,0.7,0.6961,0.6977,1684604.8
2025-04-30 07:00:00+00:00,0.6977,0.6983,0.6924,0.6947,3191392.6
2025-04-30 08:00:00+00:00,0.6947,0.6969,0.6924,0.695,1976758.1
2025-04-30 09:00:00+00:00,0.6951,0.7,0.695,0.6971,1762697.9
2025-04-30 10:00:00+00:00,0.6971,0.6995,0.696,0.6989,1172415.0
2025-04-30 11:00:00+00:00,0.699,0.7007,0.6983,0.6998,2077866.2
2025-04-30 12:00:00+00:00,0.6999,0.7004,0.6821,0.6871,10262723.6
2025-04-30 13:00:00+00:00,0.6872,0.6873,0.6651,0.6661,19170327.3
2025-04-30 14:00:00+00:00,0.6661,0.6823,0.6647,0.676,12730878.1
2025-04-30 15:00:00+00:00,0.676,0.6802,0.6755,0.6765,3828022.6
2025-04-30 16:00:00+00:00,0.6764,0.6804,0.6739,0.6785,5290212.5
2025-04-30 17:00:00+00:00,0.6784,0.6835,0.6743,0.6829,3343967.5
2025-04-30 18:00:00+00:00,0.683,0.6884,0.6801,0.6806,4355622.8
2025-04-30 19:00:00+00:00,0.6807,0.6849,0.6765,0.6828,2374082.7
2025-04-30 20:00:00+00:00,0.6828,0.6908,0.6818,0.6842,5493459.2
2025-04-30 21:00:00+00:00,0.6842,0.6872,0.6821,0.6831,1485734.6
2025-04-30 22:00:00+00:00,0.6832,0.6863,0.6791,0.6809,1964954.8
2025-04-30 23:00:00+00:00,0.6809,0.6837,0.6796,0.6816,1452355.9
2025-05-01 00:00:00+00:00,0.6816,0.6872,0.6814,0.6857,1700834.9
2025-05-01 01:00:00+00:00,0.6858,0.6894,0.6856,0.6892,2337241.7
2025-05-01 02:00:00+00:00,0.6891,0.6932,0.6875,0.6877,3698750.6
2025-05-01 03:00:00+00:00,0.6877,0.6927,0.6874,0.6888,2173056.0
2025-05-01 04:00:00+00:00,0.6888,0.6892,0.6848,0.6878,1475779.8
2025-05-01 05:00:00+00:00,0.6879,0.6936,0.6868,0.6928,1983553.4
2025-05-01 06:00:00+00:00,0.6927,0.6929,0.6888,0.6904,1487132.2
2025-05-01 07:00:00+00:00,0.6903,0.6938,0.6888,0.6916,1813347.8
2025-05-01 08:00:00+00:00,0.6917,0.6994,0.6912,0.699,4302461.3
2025-05-01 09:00:00+00:00,0.6991,0.7035,0.6966,0.7001,4698461.8
2025-05-01 10:00:00+00:00,0.7001,0.709,0.6991,0.7064,4534654.7
2025-05-01 11:00:00+00:00,0.7064,0.709,0.7028,0.7069,3839988.8
2025-05-01 12:00:00+00:00,0.7068,0.7085,0.7042,0.7042,3745588.9
2025-05-01 13:00:00+00:00,0.7043,0.7065,0.6944,0.6947,6984941.1
2025-05-01 14:00:00+00:00,0.6947,0.7063,0.6947,0.7061,4805348.1
2025-05-01 15:00:00+00:00,0.7061,0.71,0.7003,0.7015,8785953.6
2025-05-01 16:00:00+00:00,0.7015,0.7097,0.7015,0.706,4784557.2
2025-05-01 17:00:00+00:00,0.7061,0.7095,0.7029,0.7043,3339565.6
2025-05-01 18:00:00+00:00,0.7044,0.7064,0.6997,0.7062,2602660.6
2025-05-01 19:00:00+00:00,0.7061,0.7084,0.7038,0.7052,2455499.8
2025-05-01 20:00:00+00:00,0.7051,0.7074,0.7028,0.7058,2333319.1
2025-05-01 21:00:00+00:00,0.7057,0.7146,0.7056,0.7115,4692815.3
2025-05-01 22:00:00+00:00,0.7115,0.714,0.7097,0.7099,3323016.2
2025-05-01 23:00:00+00:00,0.7099,0.7108,0.7023,0.705,4032143.8
2025-05-02 00:00:00+00:00,0.705,0.7116,0.7012,0.7106,4762798.6
2025-05-02 01:00:00+00:00,0.7106,0.7124,0.7051,0.7075,2333042.6
2025-05-02 02:00:00+00:00,0.7074,0.7198,0.706,0.7194,6843990.6
2025-05-02 03:00:00+00:00,0.7195,0.7255,0.713,0.7137,8661494.4
2025-05-02 04:00:00+00:00,0.7137,0.7161,0.7081,0.7106,3005053.3
2025-05-02 05:00:00+00:00,0.7106,0.7129,0.7081,0.7097,4043507.2
2025-05-02 06:00:00+00:00,0.7097,0.7145,0.7082,0.7116,2151509.8
2025-05-02 07:00:00+00:00,0.7116,0.7127,0.7009,0.7009,3846444.0
2025-05-02 08:00:00+00:00,0.701,0.7055,0.7006,0.7043,2997273.2
2025-05-02 09:00:00+00:00,0.7043,0.7078,0.703,0.7046,2878388.2
2025-05-02 10:00:00+00:00,0.7046,0.7083,0.7044,0.7058,2468258.3
2025-05-02 11:00:00+00:00,0.7058,0.7105,0.7054,0.7057,2475561.1
2025-05-02 12:00:00+00:00,0.7057,0.7133,0.7029,0.7132,6488334.0
2025-05-02 13:00:00+00:00,0.7132,0.7157,0.7068,0.7077,4631085.0
2025-05-02 14:00:00+00:00,0.7078,0.7158,0.7077,0.7144,5882659.4
2025-05-02 15:00:00+00:00,0.7145,0.7152,0.7043,0.7057,4719013.6
2025-05-02 16:00:00+00:00,0.7058,0.7142,0.7058,0.7081,3315538.6
2025-05-02 17:00:00+00:00,0.7082,0.7084,0.7015,0.7023,4571329.8
2025-05-02 18:00:00+00:00,0.7023,0.7041,0.6968,0.699,5104029.2
2025-05-02 19:00:00+00:00,0.6989,0.6989,0.689,0.6908,6415985.7
2025-05-02 20:00:00+00:00,0.6908,0.6966,0.6888,0.6959,4850707.6
2025-05-02 21:00:00+00:00,0.6959,0.7001,0.692,0.6935,3383131.2
2025-05-02 22:00:00+00:00,0.6936,0.6953,0.692,0.694,2152029.7
2025-05-02 23:00:00+00:00,0.694,0.6989,0.6934,0.6981,1636013.3
2025-05-03 00:00:00+00:00,0.6982,0.699,0.6936,0.695,1901410.4
2025-05-03 01:00:00+00:00,0.6951,0.6955,0.6917,0.6936,1846491.0
2025-05-03 02:00:00+00:00,0.6936,0.6988,0.6933,0.698,1128004.8
2025-05-03 03:00:00+00:00,0.698,0.6997,0.696,0.698,2053131.2
2025-05-03 04:00:00+00:00,0.6979,0.7021,0.697,0.7015,1433195.0
2025-05-03 05:00:00+00:00,0.7014,0.7021,0.6987,0.7001,2082341.0
2025-05-03 06:00:00+00:00,0.7002,0.7002,0.695,0.6971,1844477.7
2025-05-03 07:00:00+00:00,0.697,0.6996,0.6952,0.6992,1229276.8
2025-05-03 08:00:00+00:00,0.6992,0.704,0.6964,0.7028,2784826.9
2025-05-03 09:00:00+00:00,0.7028,0.7039,0.6987,0.7004,2080927.1
2025-05-03 10:00:00+00:00,0.7003,0.7031,0.6939,0.6948,2379262.6
2025-05-03 11:00:00+00:00,0.6948,0.6998,0.6941,0.6959,2783909.5
2025-05-03 12:00:00+00:00,0.6959,0.7035,0.6959,0.7026,3541745.7
2025-05-03 13:00:00+00:00,0.7026,0.7109,0.7023,0.7108,6124438.3
2025-05-03 14:00:00+00:00,0.7108,0.7272,0.7105,0.7188,17419328.5
2025-05-03 15:00:00+00:00,0.7188,0.7297,0.7166,0.7217,27581093.2
2025-05-03 16:00:00+00:00,0.7217,0.7249,0.7124,0.7176,13372236.2
2025-05-03 17:00:00+00:00,0.7176,0.7178,0.7037,0.7151,11341802.5
2025-05-03 18:00:00+00:00,0.7151,0.7214,0.7065,0.7077,4550297.9
2025-05-03 19:00:00+00:00,0.7077,0.7139,0.7064,0.7132,3059734.8
2025-05-03 20:00:00+00:00,0.7133,0.715,0.707,0.7078,3121967.2
2025-05-03 21:00:00+00:00,0.7078,0.7092,0.7022,0.7058,4248113.8
2025-05-03 22:00:00+00:00,0.7059,0.7076,0.7017,0.7052,3745173.9
2025-05-03 23:00:00+00:00,0.7052,0.7055,0.6988,0.6995,4010862.1
2025-05-04 00:00:00+00:00,0.6995,0.7041,0.6935,0.6987,9233755.5
2025-05-04 01:00:00+00:00,0.6987,0.7084,0.6964,0.7073,5118533.6
2025-05-04 02:00:00+00:00,0.7073,0.7147,0.7035,0.7055,4316330.0
2025-05-04 03:00:00+00:00,0.7055,0.7055,0.697,0.6979,4436533.6
2025-05-04 04:00:00+00:00,0.6979,0.701,0.6935,0.6959,8855802.7
2025-05-04 05:00:00+00:00,0.696,0.7056,0.6953,0.704,4013733.8
2025-05-04 06:00:00+00:00,0.7041,0.7064,0.6962,0.7011,3232082.4
2025-05-04 07:00:00+00:00,0.7012,0.7019,0.6954,0.6987,3065526.8
2025-05-04 08:00:00+00:00,0.6987,0.699,0.6909,0.6919,4008122.5
2025-05-04 09:00:00+00:00,0.6919,0.6919,0.6875,0.6894,5086798.5
2025-05-04 10:00:00+00:00,0.6894,0.6939,0.6871,0.6915,4500755.5
2025-05-04 11:00:00+00:00,0.6915,0.6924,0.688,0.69,2696178.6
2025-05-04 12:00:00+00:00,0.6901,0.6928,0.6886,0.6891,2021603.9
2025-05-04 13:00:00+00:00,0.6892,0.6913,0.6824,0.6851,4688029.6
2025-05-04 14:00:00+00:00,0.6851,0.6913,0.6845,0.6907,3498204.5
2025-05-04 15:00:00+00:00,0.6907,0.6938,0.6878,0.6905,3853402.6
2025-05-04 16:00:00+00:00,0.6904,0.694,0.6834,0.6847,7987845.3
2025-05-04 17:00:00+00:00,0.6848,0.6873,0.6801,0.6848,5365758.7
2025-05-04 18:00:00+00:00,0.6848,0.6875,0.6814,0.6829,2666158.7
2025-05-04 19:00:00+00:00,0.6828,0.6873,0.6809,0.6857,2031283.6
2025-05-04 20:00:00+00:00,0.6858,0.6898,0.685,0.6884,1468418.4
2025-05-04 21:00:00+00:00,0.6885,0.6886,0.6833,0.6882,1941236.7
2025-05-04 22:00:00+00:00,0.6881,0.6881,0.6754,0.6779,11559358.5
2025-05-04 23:00:00+00:00,0.6778,0.6798,0.6718,0.6762,8184968.1
2025-05-05 00:00:00+00:00,0.6762,0.6803,0.6736,0.6794,7271894.8
2025-05-05 01:00:00+00:00,0.6793,0.6797,0.6676,0.6712,7805387.7
2025-05-05 02:00:00+00:00,0.6712,0.6789,0.6664,0.6764,5685655.6
2025-05-05 03:00:00+00:00,0.6764,0.6775,0.6726,0.673,1571221.2
2025-05-05 04:00:00+00:00,0.673,0.6807,0.6725,0.6807,3042237.6
2025-05-05 05:00:00+00:00,0.6807,0.6897,0.6794,0.6894,3640274.7
2025-05-05 06:00:00+00:00,0.6895,0.692,0.6863,0.687,3146737.7
2025-05-05 07:00:00+00:00,0.687,0.6877,0.6835,0.6859,2476587.6
2025-05-05 08:00:00+00:00,0.6858,0.6894,0.6827,0.6839,3879188.0
2025-05-05 09:00:00+00:00,0.6839,0.6859,0.6817,0.6822,2056162.5
2025-05-05 10:00:00+00:00,0.6823,0.6825,0.6693,0.6715,5048319.0
2025-05-05 11:00:00+00:00,0.6715,0.6734,0.6625,0.6636,10618611.6
2025-05-05 12:00:00+00:00,0.6636,0.6688,0.6588,0.6659,15921553.5
2025-05-05 13:00:00+00:00,0.6659,0.6679,0.6553,0.6637,9607118.6
2025-05-05 14:00:00+00:00,0.6638,0.667,0.6589,0.66,6234057.1
2025-05-05 15:00:00+00:00,0.6599,0.6616,0.6546,0.6581,4918012.2
2025-05-05 16:00:00+00:00,0.658,0.6635,0.6567,0.6618,4403892.9
2025-05-05 17:00:00+00:00,0.6617,0.6655,0.6592,0.6655,3187894.7
2025-05-05 18:00:00+00:00,0.6654,0.6724,0.6643,0.67,2729467.3
2025-05-05 19:00:00+00:00,0.6699,0.6728,0.6626,0.6636,2568421.6
2025-05-05 20:00:00+00:00,0.6636,0.6636,0.6541,0.6588,3499058.9
2025-05-05 21:00:00+00:00,0.6589,0.664,0.6581,0.6626,1767045.8
2025-05-05 22:00:00+00:00,0.6626,0.6697,0.6624,0.6677,2598598.0
2025-05-05 23:00:00+00:00,0.6676,0.668,0.6622,0.6622,1949750.4
2025-05-06 00:00:00+00:00,0.6621,0.6663,0.6587,0.6612,5078961.2
2025-05-06 01:00:00+00:00,0.6613,0.6657,0.6583,0.6589,2379813.5
2025-05-06 02:00:00+00:00,0.6589,0.6607,0.6529,0.6594,4484208.6
2025-05-06 03:00:00+00:00,0.6594,0.6625,0.6559,0.6616,1898994.5
2025-05-06 04:00:00+00:00,0.6616,0.6641,0.6603,0.6633,1744771.4
2025-05-06 05:00:00+00:00,0.6632,0.6644,0.6577,0.658,1928512.6
2025-05-06 06:00:00+00:00,0.658,0.663,0.6579,0.6629,1488236.9
2025-05-06 07:00:00+00:00,0.663,0.6674,0.6601,0.6616,3039617.0
2025-05-06 08:00:00+00:00,0.6617,0.6622,0.6533,0.6604,2892802.6
2025-05-06 09:00:00+00:00,0.6603,0.6607,0.6552,0.66,2504965.2
2025-05-06 10:00:00+00:00,0.66,0.6601,0.6511,0.6521,4912221.5
2025-05-06 11:00:00+00:00,0.652,0.6544,0.644,0.648,4728656.1
2025-05-06 12:00:00+00:00,0.648,0.6544,0.6455,0.6531,2720065.1
2025-05-06 13:00:00+00:00,0.6532,0.6536,0.6426,0.6459,4485794.5
2025-05-06 14:00:00+00:00,0.6459,0.6578,0.6459,0.651,5038870.9
2025-05-06 15:00:00+00:00,0.6509,0.6565,0.6469,0.6522,2699300.8
2025-05-06 16:00:00+00:00,0.6522,0.6546,0.6461,0.6463,3343860.0
2025-05-06 17:00:00+00:00,0.6463,0.6571,0.6458,0.6523,2976668.5
2025-05-06 18:00:00+00:00,0.6524,0.6642,0.652,0.6639,2765048.7
2025-05-06 19:00:00+00:00,0.6638,0.6656,0.6619,0.6641,2518136.5
2025-05-06 20:00:00+00:00,0.6642,0.668,0.6586,0.662,2211952.8
2025-05-06 21:00:00+00:00,0.662,0.6652,0.6532,0.6604,2436695.7
2025-05-06 22:00:00+00:00,0.6603,0.6732,0.6602,0.6728,5385742.0
2025-05-06 23:00:00+00:00,0.6728,0.6807,0.669,0.6789,7755726.7
2025-05-07 00:00:00+00:00,0.6789,0.6865,0.676,0.6858,5503806.2
2025-05-07 01:00:00+00:00,0.6857,0.6892,0.6824,0.6834,4049856.1
2025-05-07 02:00:00+00:00,0.6834,0.685,0.6766,0.6779,6770531.4
2025-05-07 03:00:00+00:00,0.678,0.6786,0.6716,0.6781,2904001.6
2025-05-07 04:00:00+00:00,0.678,0.6815,0.6777,0.6793,2572073.3
2025-05-07 05:00:00+00:00,0.6793,0.6794,0.6731,0.674,3153253.0
2025-05-07 06:00:00+00:00,0.674,0.6774,0.6738,0.6765,2133157.3
2025-05-07 07:00:00+00:00,0.6764,0.6833,0.6763,0.6824,3094460.7
2025-05-07 08:00:00+00:00,0.6823,0.6848,0.6795,0.6843,2453344.7
2025-05-07 09:00:00+00:00,0.6844,0.6873,0.6828,0.6864,3359774.8
2025-05-07 10:00:00+00:00,0.6864,0.6871,0.6811,0.6836,2242617.7
2025-05-07 11:00:00+00:00,0.6837,0.6841,0.6808,0.6829,1880610.4
2025-05-07 12:00:00+00:00,0.683,0.6837,0.6755,0.676,5421115.5
2025-05-07 13:00:00+00:00,0.676,0.6772,0.6702,0.673,6185695.4
2025-05-07 14:00:00+00:00,0.6731,0.6765,0.6667,0.6689,4283926.7
2025-05-07 15:00:00+00:00,0.669,0.6701,0.6643,0.6653,3232084.9
2025-05-07 16:00:00+00:00,0.6653,0.6662,0.659,0.6661,4383851.2
2025-05-07 17:00:00+00:00,0.6661,0.6668,0.6568,0.6594,3129395.3
2025-05-07 18:00:00+00:00,0.6594,0.6702,0.655,0.6657,10227076.7
2025-05-07 19:00:00+00:00,0.6656,0.6659,0.6566,0.6593,3549115.9
2025-05-07 20:00:00+00:00,0.6593,0.6617,0.6555,0.6616,2138932.0
2025-05-07 21:00:00+00:00,0.6617,0.6679,0.66,0.6661,2409241.4
2025-05-07 22:00:00+00:00,0.6662,0.6717,0.6653,0.6701,1953165.6
2025-05-07 23:00:00+00:00,0.67,0.6754,0.6694,0.6715,2466838.8
2025-05-08 00:00:00+00:00,0.6716,0.6775,0.67,0.6768,1874095.2
2025-05-08 01:00:00+00:00,0.6767,0.6839,0.6765,0.6796,6647212.0
2025-05-08 02:00:00+00:00,0.6796,0.6987,0.6796,0.6966,17438259.4
2025-05-08 03:00:00+00:00,0.6967,0.7042,0.6964,0.7028,10743140.5
2025-05-08 04:00:00+00:00,0.7029,0.7099,0.6996,0.7005,9929821.0
2025-05-08 05:00:00+00:00,0.7006,0.7042,0.6986,0.6991,6338471.7
2025-05-08 06:00:00+00:00,0.6991,0.7076,0.6991,0.7062,7479740.5
2025-05-08 07:00:00+00:00,0.7063,0.7118,0.7063,0.7079,9284078.4
2025-05-08 08:00:00+00:00,0.7078,0.715,0.7077,0.7124,6112763.9
2025-05-08 09:00:00+00:00,0.7124,0.719,0.7122,0.7187,6495061.2
2025-05-08 10:00:00+00:00,0.7187,0.7243,0.7175,0.723,13071366.3
2025-05-08 11:00:00+00:00,0.7229,0.7233,0.7166,0.7192,7743668.9
2025-05-08 12:00:00+00:00,0.7193,0.7241,0.7193,0.7204,8542610.1
2025-05-08 13:00:00+00:00,0.7204,0.7233,0.7152,0.7194,7094718.0
2025-05-08 14:00:00+00:00,0.7193,0.7286,0.7169,0.7225,9927697.1
2025-05-08 15:00:00+00:00,0.7226,0.7438,0.7215,0.7315,20545869.6
2025-05-08 16:00:00+00:00,0.7315,0.7374,0.7283,0.733,9549819.6
2025-05-08 17:00:00+00:00,0.7329,0.741,0.7281,0.732,15358876.7
2025-05-08 18:00:00+00:00,0.732,0.7368,0.7304,0.7354,6158127.7
2025-05-08 19:00:00+00:00,0.7354,0.7413,0.7324,0.7404,7379394.8
2025-05-08 20:00:00+00:00,0.7405,0.7639,0.7366,0.7603,15721682.0
2025-05-08 21:00:00+00:00,0.7602,0.771,0.7527,0.7551,15722773.8
2025-05-08 22:00:00+00:00,0.7552,0.7594,0.7486,0.7592,11147639.8
2025-05-08 23:00:00+00:00,0.7593,0.7701,0.7572,0.7693,8683144.7
2025-05-09 00:00:00+00:00,0.7694,0.7704,0.7577,0.7633,8747586.7
2025-05-09 01:00:00+00:00,0.7632,0.7719,0.7614,0.7717,8122260.4
2025-05-09 02:00:00+00:00,0.7717,0.7752,0.7662,0.7688,12639653.1
2025-05-09 03:00:00+00:00,0.7688,0.7755,0.7532,0.7556,8709185.8
2025-05-09 04:00:00+00:00,0.7555,0.761,0.7544,0.7585,6082213.2
2025-05-09 05:00:00+00:00,0.7584,0.7625,0.7562,0.7609,2978751.8
2025-05-09 06:00:00+00:00,0.761,0.7727,0.7601,0.772,5736460.2
2025-05-09 07:00:00+00:00,0.7721,0.7969,0.7715,0.7941,17547630.8
2025-05-09 08:00:00+00:00,0.7941,0.818,0.7792,0.7898,38292190.9
2025-05-09 09:00:00+00:00,0.7899,0.7987,0.7743,0.7816,18637786.7
2025-05-09 10:00:00+00:00,0.7817,0.7978,0.7789,0.7963,12277009.9
2025-05-09 11:00:00+00:00,0.7963,0.807,0.7836,0.7942,19482336.0
2025-05-09 12:00:00+00:00,0.794,0.7967,0.7856,0.7921,5471654.1
2025-05-09 13:00:00+00:00,0.7922,0.7998,0.7853,0.7947,7662704.6
2025-05-09 14:00:00+00:00,0.7946,0.7946,0.772,0.7817,13916797.2
2025-05-09 15:00:00+00:00,0.7817,0.7861,0.7752,0.7816,8023356.5
2025-05-09 16:00:00+00:00,0.7816,0.7832,0.7723,0.7752,5932767.6
2025-05-09 17:00:00+00:00,0.7752,0.7899,0.774,0.7898,6945205.4
2025-05-09 18:00:00+00:00,0.7898,0.79,0.7836,0.7839,2652152.3
2025-05-09 19:00:00+00:00,0.7838,0.7844,0.7777,0.7813,2692700.6
2025-05-09 20:00:00+00:00,0.7814,0.7827,0.7788,0.7821,2608257.0
2025-05-09 21:00:00+00:00,0.7822,0.7839,0.7752,0.7793,3027010.8
2025-05-09 22:00:00+00:00,0.7794,0.7811,0.7735,0.7737,2438801.9
2025-05-09 23:00:00+00:00,0.7737,0.7791,0.7724,0.7774,3108753.5
2025-05-10 00:00:00+00:00,0.7773,0.7913,0.7704,0.7733,7740957.1
2025-05-10 01:00:00+00:00,0.7733,0.784,0.7727,0.7773,3703098.6
2025-05-10 02:00:00+00:00,0.7774,0.7888,0.7755,0.7842,3498784.1
2025-05-10 03:00:00+00:00,0.7841,0.7856,0.7789,0.7807,3037873.2
2025-05-10 04:00:00+00:00,0.7807,0.7809,0.7749,0.7805,3392178.8
2025-05-10 05:00:00+00:00,0.7805,0.7858,0.7755,0.7851,2937656.6
2025-05-10 06:00:00+00:00,0.7852,0.7954,0.7845,0.7952,7282446.2
2025-05-10 07:00:00+00:00,0.7952,0.8021,0.7904,0.8005,14259794.2
2025-05-10 08:00:00+00:00,0.8006,0.8076,0.7904,0.7943,10020934.3
2025-05-10 09:00:00+00:00,0.7944,0.8038,0.7875,0.8017,4763019.9
2025-05-10 10:00:00+00:00,0.8018,0.813,0.794,0.7941,9159743.6
2025-05-10 11:00:00+00:00,0.7942,0.8024,0.7876,0.7889,6551447.9
2025-05-10 12:00:00+00:00,0.7888,0.8017,0.7888,0.801,4662506.8
2025-05-10 13:00:00+00:00,0.801,0.8128,0.8009,0.8097,9629725.5
2025-05-10 14:00:00+00:00,0.8097,0.814,0.8047,0.8089,5978269.0
2025-05-10 15:00:00+00:00,0.8089,0.8104,0.7971,0.8014,6704742.6
2025-05-10 16:00:00+00:00,0.8015,0.815,0.8013,0.8141,7098124.5
2025-05-10 17:00:00+00:00,0.8141,0.8399,0.8132,0.8194,25659484.0
2025-05-10 18:00:00+00:00,0.8194,0.8253,0.8106,0.8155,6793123.8
2025-05-10 19:00:00+00:00,0.8155,0.8178,0.8083,0.8126,5070864.1
2025-05-10 20:00:00+00:00,0.8126,0.8177,0.805,0.8167,6589366.7
2025-05-10 21:00:00+00:00,0.8168,0.8254,0.8127,0.8229,5134968.2
2025-05-10 22:00:00+00:00,0.8228,0.8296,0.8183,0.8292,5032182.6
2025-05-10 23:00:00+00:00,0.8291,0.8435,0.8278,0.8406,12949746.6
2025-05-11 00:00:00+00:00,0.8406,0.8466,0.8112,0.8225,16091239.3
2025-05-11 01:00:00+00:00,0.8225,0.826,0.8095,0.8154,5938309.6
2025-05-11 02:00:00+00:00,0.8154,0.8217,0.8065,0.8121,5920354.7
2025-05-11 03:00:00+00:00,0.8121,0.8227,0.8077,0.8163,4621479.0
2025-05-11 04:00:00+00:00,0.8163,0.8221,0.8155,0.8205,3311850.4
2025-05-11 05:00:00+00:00,0.8205,0.8205,0.8116,0.8122,2639028.3
2025-05-11 06:00:00+00:00,0.8121,0.8125,0.7966,0.8023,9010143.5
2025-05-11 07:00:00+00:00,0.8024,0.8024,0.7837,0.7917,11500950.1
2025-05-11 08:00:00+00:00,0.7917,0.7976,0.7871,0.7893,5072482.7
2025-05-11 09:00:00+00:00,0.7893,0.8011,0.7892,0.7988,4425866.2
2025-05-11 10:00:00+00:00,0.7988,0.8039,0.7944,0.8002,4583692.0
2025-05-11 11:00:00+00:00,0.8001,0.8042,0.798,0.8039,3362583.5
2025-05-11 12:00:00+00:00,0.8039,0.806,0.7988,0.8008,3911168.4
2025-05-11 13:00:00+00:00,0.8009,0.8054,0.7865,0.7877,8185478.0
2025-05-11 14:00:00+00:00,0.7877,0.7953,0.7877,0.7939,4278088.6
2025-05-11 15:00:00+00:00,0.7939,0.8006,0.7845,0.7902,5441894.8
2025-05-11 16:00:00+00:00,0.7901,0.7941,0.7813,0.7917,4896819.5
2025-05-11 17:00:00+00:00,0.7916,0.8015,0.7888,0.8002,5700192.1
2025-05-11 18:00:00+00:00,0.8002,0.8164,0.7963,0.8134,5448320.0
2025-05-11 19:00:00+00:00,0.8134,0.8163,0.8087,0.8091,4033468.1
2025-05-11 20:00:00+00:00,0.8091,0.8104,0.8037,0.8059,3109959.7
2025-05-11 21:00:00+00:00,0.8059,0.8115,0.8018,0.8104,2915398.7
2025-05-11 22:00:00+00:00,0.8105,0.814,0.8003,0.8055,4682581.4
2025-05-11 23:00:00+00:00,0.8056,0.8097,0.8018,0.8053,2326604.9
2025-05-12 00:00:00+00:00,0.8054,0.8171,0.8043,0.8157,5883001.5
2025-05-12 01:00:00+00:00,0.8157,0.822,0.7963,0.8052,8428147.4
2025-05-12 02:00:00+00:00,0.8053,0.8163,0.8046,0.8119,4572677.6
2025-05-12 03:00:00+00:00,0.812,0.8207,0.8061,0.8197,6256668.5
2025-05-12 04:00:00+00:00,0.8197,0.8227,0.8141,0.8203,5341792.9
2025-05-12 05:00:00+00:00,0.8203,0.8219,0.807,0.812,3993427.1
2025-05-12 06:00:00+00:00,0.812,0.8191,0.8078,0.8189,3987737.1
2025-05-12 07:00:00+00:00,0.8189,0.8449,0.8172,0.8248,24333114.3
2025-05-12 08:00:00+00:00,0.8249,0.8337,0.8138,0.8319,9908994.0
2025-05-12 09:00:00+00:00,0.8319,0.8356,0.8243,0.8247,6999169.3
2025-05-12 10:00:00+00:00,0.8247,0.8297,0.8188,0.8282,5929145.7
2025-05-12 11:00:00+00:00,0.8281,0.8377,0.8212,0.8245,10817656.3
2025-05-12 12:00:00+00:00,0.8244,0.8532,0.8239,0.8447,23391675.7
2025-05-12 13:00:00+00:00,0.8447,0.8643,0.833,0.8464,29021031.5
2025-05-12 14:00:00+00:00,0.8464,0.8477,0.8158,0.8192,21528520.6
2025-05-12 15:00:00+00:00,0.8193,0.8279,0.809,0.822,18503730.3
2025-05-12 16:00:00+00:00,0.8219,0.8341,0.8157,0.829,7516884.8
2025-05-12 17:00:00+00:00,0.829,0.8331,0.8106,0.8136,9363243.7
2025-05-12 18:00:00+00:00,0.8137,0.817,0.7802,0.7937,20583833.2
2025-05-12 19:00:00+00:00,0.7937,0.8079,0.7921,0.8075,8486324.6
2025-05-12 20:00:00+00:00,0.8074,0.8209,0.8003,0.8159,5396254.1
2025-05-12 21:00:00+00:00,0.816,0.8203,0.8104,0.8185,3016201.8
2025-05-12 22:00:00+00:00,0.8186,0.8246,0.8159,0.8201,3862392.2
2025-05-12 23:00:00+00:00,0.8201,0.8236,0.8162,0.817,3065363.6
2025-05-13 00:00:00+00:00,0.8169,0.8174,0.8021,0.8035,5440008.0
2025-05-13 01:00:00+00:00,0.8035,0.8071,0.7901,0.7937,5528038.9
2025-05-13 02:00:00+00:00,0.7938,0.7979,0.7788,0.7865,12307141.8
2025-05-13 03:00:00+00:00,0.7865,0.7906,0.7741,0.7741,7312225.7
2025-05-13 04:00:00+00:00,0.7741,0.7917,0.7716,0.7913,6834107.0
2025-05-13 05:00:00+00:00,0.7913,0.7913,0.7827,0.7864,3623879.2
2025-05-13 06:00:00+00:00,0.7864,0.7936,0.7864,0.7904,2869340.8
2025-05-13 07:00:00+00:00,0.7904,0.7976,0.7895,0.7916,2708528.2
2025-05-13 08:00:00+00:00,0.7917,0.7959,0.7867,0.7895,3003535.9
2025-05-13 09:00:00+00:00,0.7895,0.803,0.7894,0.8016,5676395.2
2025-05-13 10:00:00+00:00,0.8017,0.8029,0.7951,0.7996,3402819.2
2025-05-13 11:00:00+00:00,0.7995,0.8045,0.7962,0.7988,5643500.9
2025-05-13 12:00:00+00:00,0.7988,0.8089,0.7928,0.8042,15182571.1
2025-05-13 13:00:00+00:00,0.8043,0.8089,0.7998,0.8026,7642324.8
2025-05-13 14:00:00+00:00,0.8027,0.8037,0.7905,0.7951,6322774.0
2025-05-13 15:00:00+00:00,0.7951,0.8067,0.794,0.8058,5328038.7
2025-05-13 16:00:00+00:00,0.8059,0.8237,0.8048,0.813,17976495.5
2025-05-13 17:00:00+00:00,0.813,0.8235,0.8129,0.8194,7886630.6
2025-05-13 18:00:00+00:00,0.8194,0.828,0.8186,0.8277,7080289.7
2025-05-13 19:00:00+00:00,0.8278,0.8419,0.8208,0.8348,16203251.2
2025-05-13 20:00:00+00:00,0.8347,0.8362,0.8259,0.8322,8645132.6
2025-05-13 21:00:00+00:00,0.8322,0.8334,0.8246,0.8272,4148880.0
2025-05-13 22:00:00+00:00,0.8273,0.8343,0.8248,0.8302,4823901.4
2025-05-13 23:00:00+00:00,0.8302,0.8345,0.8253,0.8299,5186909.9
2025-05-14 00:00:00+00:00,0.83,0.8324,0.8223,0.8238,5963213.4
2025-05-14 01:00:00+00:00,0.8238,0.8337,0.8203,0.8221,6552959.0
2025-05-14 02:00:00+00:00,0.8222,0.8225,0.8126,0.8193,6754771.4
2025-05-14 03:00:00+00:00,0.8192,0.821,0.8124,0.8168,3349254.5
2025-05-14 04:00:00+00:00,0.8168,0.8262,0.8126,0.8261,2843719.3
2025-05-14 05:00:00+00:00,0.8262,0.8319,0.8239,0.829,3845159.2
2025-05-14 06:00:00+00:00,0.8289,0.831,0.8238,0.8288,3131937.2
2025-05-14 07:00:00+00:00,0.8289,0.8291,0.8164,0.8243,4856697.2
2025-05-14 08:00:00+00:00,0.8244,0.8296,0.8026,0.8028,11414291.1
2025-05-14 09:00:00+00:00,0.8029,0.8184,0.7989,0.8156,18914981.6
2025-05-14 10:00:00+00:00,0.8156,0.821,0.8127,0.8132,6981526.2
2025-05-14 11:00:00+00:00,0.8133,0.8238,0.8133,0.8209,2350959.4
2025-05-14 12:00:00+00:00,0.8209,0.8275,0.817,0.8186,6120379.4
2025-05-14 13:00:00+00:00,0.8185,0.829,0.8074,0.8158,9582619.7
2025-05-14 14:00:00+00:00,0.8158,0.8158,0.8,0.8041,8108370.4
2025-05-14 15:00:00+00:00,0.8041,0.8075,0.798,0.8074,10227599.1
2025-05-14 16:00:00+00:00,0.8073,0.8103,0.7977,0.8027,5255199.4
2025-05-14 17:00:00+00:00,0.8028,0.8036,0.7887,0.7997,6110990.9
2025-05-14 18:00:00+00:00,0.7997,0.8047,0.7955,0.8009,2992888.9
2025-05-14 19:00:00+00:00,0.8009,0.804,0.7988,0.8014,2308934.8
2025-05-14 20:00:00+00:00,0.8015,0.8029,0.799,0.8006,3686377.0
2025-05-14 21:00:00+00:00,0.8006,0.8032,0.7948,0.8018,2076604.8
2025-05-14 22:00:00+00:00,0.8017,0.8035,0.7946,0.7961,1759023.3
2025-05-14 23:00:00+00:00,0.7961,0.8003,0.7916,0.7986,2040384.3
2025-05-15 00:00:00+00:00,0.7987,0.8102,0.7983,0.8074,3578421.5
2025-05-15 01:00:00+00:00,0.8073,0.8085,0.7852,0.7883,7761698.7
2025-05-15 02:00:00+00:00,0.7883,0.7967,0.7872,0.794,4862920.2
2025-05-15 03:00:00+00:00,0.7941,0.8011,0.7911,0.7922,3957706.0
2025-05-15 04:00:00+00:00,0.7922,0.7959,0.7909,0.7954,3271212.5
2025-05-15 05:00:00+00:00,0.7953,0.7966,0.7825,0.784,5891341.6
2025-05-15 06:00:00+00:00,0.784,0.7899,0.7801,0.7858,4528422.6
2025-05-15 07:00:00+00:00,0.7856,0.787,0.7659,0.7676,10206097.4
2025-05-15 08:00:00+00:00,0.7676,0.7839,0.7674,0.7835,7133230.0
2025-05-15 09:00:00+00:00,0.7834,0.7834,0.7633,0.7698,6838510.2
2025-05-15 10:00:00+00:00,0.7699,0.7716,0.7592,0.7656,8034636.7
2025-05-15 11:00:00+00:00,0.7657,0.773,0.7647,0.772,5867538.0
2025-05-15 12:00:00+00:00,0.7719,0.7789,0.7672,0.7708,8986193.4
2025-05-15 13:00:00+00:00,0.7709,0.7748,0.7556,0.7622,8990877.1
2025-05-15 14:00:00+00:00,0.7621,0.7648,0.7445,0.755,17154703.5
2025-05-15 15:00:00+00:00,0.755,0.7762,0.7526,0.7757,11966304.3
2025-05-15 16:00:00+00:00,0.7757,0.7879,0.7669,0.7879,13069490.0
2025-05-15 17:00:00+00:00,0.7879,0.7924,0.7828,0.7854,6482198.3
2025-05-15 18:00:00+00:00,0.7853,0.7873,0.7603,0.7621,11944609.6
2025-05-15 19:00:00+00:00,0.7622,0.7718,0.7587,0.7698,6827370.1
2025-05-15 20:00:00+00:00,0.7698,0.7774,0.7616,0.7651,8432832.2
2025-05-15 21:00:00+00:00,0.765,0.7675,0.7515,0.7658,4779696.8
2025-05-15 22:00:00+00:00,0.7658,0.7702,0.7586,0.7588,3593087.1
2025-05-15 23:00:00+00:00,0.7587,0.7629,0.7487,0.7624,7314981.1
2025-05-16 00:00:00+00:00,0.7624,0.7726,0.7601,0.7672,3925068.9
2025-05-16 01:00:00+00:00,0.7672,0.7738,0.7596,0.773,4999200.3
2025-05-16 02:00:00+00:00,0.773,0.7821,0.7709,0.7783,7732900.5
2025-05-16 03:00:00+00:00,0.7783,0.7835,0.7769,0.7814,3325579.2
2025-05-16 04:00:00+00:00,0.7815,0.7848,0.773,0.7766,4279919.0
2025-05-16 05:00:00+00:00,0.7766,0.7859,0.7766,0.7833,2639954.6
2025-05-16 06:00:00+00:00,0.7834,0.7858,0.7806,0.7831,2071684.8
2025-05-16 07:00:00+00:00,0.7832,0.7853,0.7755,0.7783,3933689.5
2025-05-16 08:00:00+00:00,0.7783,0.7793,0.7633,0.7698,5558476.2
2025-05-16 09:00:00+00:00,0.7699,0.78,0.7692,0.7792,4125605.3
2025-05-16 10:00:00+00:00,0.7793,0.7834,0.7763,0.7829,3003543.3
2025-05-16 11:00:00+00:00,0.7829,0.7854,0.7768,0.7791,3834958.1
2025-05-16 12:00:00+00:00,0.7791,0.7816,0.7748,0.7759,2426801.0
2025-05-16 13:00:00+00:00,0.7758,0.7851,0.7747,0.7835,3613099.2
2025-05-16 14:00:00+00:00,0.7834,0.7834,0.7686,0.7721,7409365.2
2025-05-16 15:00:00+00:00,0.7723,0.7798,0.7721,0.7788,3938483.8
2025-05-16 16:00:00+00:00,0.7788,0.7828,0.7688,0.776,3430191.6
2025-05-16 17:00:00+00:00,0.7759,0.7785,0.7682,0.7707,2028792.4
2025-05-16 18:00:00+00:00,0.7706,0.7746,0.7679,0.7693,1758003.6
2025-05-16 19:00:00+00:00,0.7693,0.7734,0.7667,0.773,1917279.9
2025-05-16 20:00:00+00:00,0.7729,0.7729,0.7597,0.7653,3924006.5
2025-05-16 21:00:00+00:00,0.7652,0.7694,0.7616,0.7641,1460761.1
2025-05-16 22:00:00+00:00,0.764,0.7645,0.7505,0.7552,5822511.7
2025-05-16 23:00:00+00:00,0.7552,0.7632,0.7552,0.7588,2269025.4
2025-05-17 00:00:00+00:00,0.7588,0.7614,0.7469,0.7514,7061455.9
2025-05-17 01:00:00+00:00,0.7513,0.7513,0.7353,0.7416,9020848.1
2025-05-17 02:00:00+00:00,0.7416,0.7494,0.7352,0.7472,6194387.6
2025-05-17 03:00:00+00:00,0.7472,0.7558,0.7393,0.7556,3202490.7
2025-05-17 04:00:00+00:00,0.7557,0.7639,0.754,0.7623,3147659.4
2025-05-17 05:00:00+00:00,0.7622,0.7665,0.7566,0.7575,3808278.6
2025-05-17 06:00:00+00:00,0.7577,0.7682,0.7577,0.7682,3603453.0
2025-05-17 07:00:00+00:00,0.7682,0.7814,0.7674,0.7761,10105225.0
2025-05-17 08:00:00+00:00,0.776,0.777,0.768,0.7701,4674446.9
2025-05-17 09:00:00+00:00,0.7702,0.7725,0.7629,0.7653,5142476.6
2025-05-17 10:00:00+00:00,0.7652,0.7691,0.762,0.7652,2545439.5
2025-05-17 11:00:00+00:00,0.7651,0.7672,0.7566,0.76,3584083.9
2025-05-17 12:00:00+00:00,0.76,0.7619,0.7568,0.7571,1869934.8
2025-05-17 13:00:00+00:00,0.7571,0.761,0.7456,0.7498,7393994.4
2025-05-17 14:00:00+00:00,0.7498,0.7582,0.7492,0.7562,4932139.9
2025-05-17 15:00:00+00:00,0.7561,0.7578,0.7504,0.7504,2274956.6
2025-05-17 16:00:00+00:00,0.7505,0.7511,0.7267,0.7367,16619116.2
2025-05-17 17:00:00+00:00,0.7367,0.7445,0.7338,0.7363,7635816.1
2025-05-17 18:00:00+00:00,0.7363,0.747,0.7351,0.7361,7040736.0
2025-05-17 19:00:00+00:00,0.7361,0.7408,0.7329,0.735,2168590.4
2025-05-17 20:00:00+00:00,0.7349,0.7537,0.7327,0.7512,5266694.8
2025-05-17 21:00:00+00:00,0.7513,0.7537,0.7419,0.7467,2116134.4
2025-05-17 22:00:00+00:00,0.7466,0.7469,0.7328,0.7378,5536998.8
2025-05-17 23:00:00+00:00,0.7379,0.7443,0.7361,0.7427,2423797.3
2025-05-18 00:00:00+00:00,0.7428,0.7448,0.7371,0.744,2649567.1
2025-05-18 01:00:00+00:00,0.744,0.746,0.7391,0.7445,1198982.5
2025-05-18 02:00:00+00:00,0.7444,0.7454,0.7404,0.7419,1124444.9
2025-05-18 03:00:00+00:00,0.7419,0.745,0.7355,0.738,3903483.6
2025-05-18 04:00:00+00:00,0.738,0.7473,0.7378,0.7453,1808969.5
2025-05-18 05:00:00+00:00,0.7453,0.757,0.745,0.7561,3447819.8
2025-05-18 06:00:00+00:00,0.7561,0.7584,0.7508,0.7523,3884469.3
2025-05-18 07:00:00+00:00,0.7522,0.7606,0.7516,0.7594,3075258.4
2025-05-18 08:00:00+00:00,0.7594,0.7664,0.7594,0.761,5472929.4
2025-05-18 09:00:00+00:00,0.7609,0.7634,0.7554,0.7573,3433778.5
2025-05-18 10:00:00+00:00,0.7573,0.7595,0.7554,0.7578,1561255.5
2025-05-18 11:00:00+00:00,0.7578,0.763,0.7551,0.7557,2783280.9
2025-05-18 12:00:00+00:00,0.7556,0.7573,0.751,0.757,1958144.6
2025-05-18 13:00:00+00:00,0.757,0.765,0.7547,0.7646,4124258.2
2025-05-18 14:00:00+00:00,0.7645,0.7742,0.7606,0.772,10285582.8
2025-05-18 15:00:00+00:00,0.7719,0.7767,0.7659,0.774,6735236.2
2025-05-18 16:00:00+00:00,0.7741,0.7762,0.7676,0.7722,9052878.7
2025-05-18 17:00:00+00:00,0.7723,0.7724,0.7535,0.7545,8842998.9
2025-05-18 18:00:00+00:00,0.7545,0.7553,0.7384,0.746,13487035.0
2025-05-18 19:00:00+00:00,0.7459,0.7495,0.7302,0.7304,8820852.2
2025-05-18 20:00:00+00:00,0.7305,0.7373,0.7171,0.7362,21343230.4
2025-05-18 21:00:00+00:00,0.7362,0.745,0.7356,0.7385,4277685.5
2025-05-18 22:00:00+00:00,0.7384,0.7509,0.7316,0.7502,7998421.9
2025-05-18 23:00:00+00:00,0.7502,0.7626,0.7456,0.7596,5772794.0
2025-05-19 00:00:00+00:00,0.7597,0.765,0.743,0.745,6530498.7
2025-05-19 01:00:00+00:00,0.745,0.7478,0.7387,0.7437,3031829.0
2025-05-19 02:00:00+00:00,0.7436,0.7448,0.7353,0.7372,8727474.4
2025-05-19 03:00:00+00:00,0.7372,0.7372,0.7266,0.7282,4623300.7
2025-05-19 04:00:00+00:00,0.7283,0.7313,0.7176,0.7214,8422731.8
2025-05-19 05:00:00+00:00,0.7215,0.7242,0.7166,0.7225,8551671.2
2025-05-19 06:00:00+00:00,0.7224,0.7274,0.7105,0.7108,6843251.7
2025-05-19 07:00:00+00:00,0.7108,0.7255,0.71,0.7237,6600834.3
2025-05-19 08:00:00+00:00,0.7236,0.7246,0.7163,0.7218,4061131.1
2025-05-19 09:00:00+00:00,0.7217,0.7255,0.7177,0.7227,5995616.0
2025-05-19 10:00:00+00:00,0.7226,0.7275,0.7185,0.7246,2844470.7
2025-05-19 11:00:00+00:00,0.7246,0.73,0.7245,0.7282,3101734.4
2025-05-19 12:00:00+00:00,0.7282,0.7286,0.7173,0.7208,4763292.7
2025-05-19 13:00:00+00:00,0.7208,0.7333,0.7194,0.729,6263421.4
2025-05-19 14:00:00+00:00,0.729,0.7349,0.7268,0.7329,5919528.1
2025-05-19 15:00:00+00:00,0.7329,0.7396,0.7309,0.7362,6039485.0
2025-05-19 16:00:00+00:00,0.7363,0.7417,0.7305,0.7413,5181275.0
2025-05-19 17:00:00+00:00,0.7413,0.7479,0.736,0.7394,6424630.9
2025-05-19 18:00:00+00:00,0.7394,0.7433,0.7315,0.7355,4624403.7
2025-05-19 19:00:00+00:00,0.7355,0.7425,0.7339,0.7421,4169900.1
2025-05-19 20:00:00+00:00,0.742,0.7447,0.7387,0.7427,2385434.8
2025-05-19 21:00:00+00:00,0.7427,0.743,0.7377,0.742,1435724.1
2025-05-19 22:00:00+00:00,0.7419,0.7431,0.7373,0.7409,3117715.3
2025-05-19 23:00:00+00:00,0.7409,0.7449,0.7397,0.7425,2077390.5
2025-05-20 00:00:00+00:00,0.7426,0.7503,0.7402,0.7412,4627620.5
2025-05-20 01:00:00+00:00,0.7412,0.7525,0.7403,0.7484,5268220.5
2025-05-20 02:00:00+00:00,0.7485,0.7538,0.7456,0.7467,5613502.9
2025-05-20 03:00:00+00:00,0.7468,0.7478,0.7403,0.7431,5082263.2
2025-05-20 04:00:00+00:00,0.7431,0.7452,0.7391,0.7445,2899356.2
2025-05-20 05:00:00+00:00,0.7445,0.7468,0.7423,0.743,2811531.7
2025-05-20 06:00:00+00:00,0.7429,0.7442,0.735,0.7382,3754201.4
2025-05-20 07:00:00+00:00,0.7381,0.7389,0.7312,0.733,3665717.0
2025-05-20 08:00:00+00:00,0.733,0.7356,0.7286,0.7343,4263830.1
2025-05-20 09:00:00+00:00,0.7343,0.7367,0.7313,0.7322,4502178.5
2025-05-20 10:00:00+00:00,0.7322,0.7347,0.7265,0.7287,3042467.7
2025-05-20 11:00:00+00:00,0.7288,0.7313,0.724,0.7289,3851424.4
2025-05-20 12:00:00+00:00,0.7289,0.7291,0.7224,0.7268,2965023.7
2025-05-20 13:00:00+00:00,0.7268,0.7307,0.7234,0.7252,3691106.0
2025-05-20 14:00:00+00:00,0.7251,0.7298,0.7237,0.726,3033342.9
2025-05-20 15:00:00+00:00,0.726,0.7337,0.7256,0.7321,3684804.1
2025-05-20 16:00:00+00:00,0.7321,0.7343,0.7275,0.7283,2201133.7
2025-05-20 17:00:00+00:00,0.7283,0.7384,0.7279,0.7367,5101019.4
2025-05-20 18:00:00+00:00,0.7367,0.7386,0.7248,0.7259,3834520.1
2025-05-20 19:00:00+00:00,0.7259,0.7415,0.7248,0.7393,3239771.9
2025-05-20 20:00:00+00:00,0.7393,0.7451,0.736,0.7431,3831177.6
2025-05-20 21:00:00+00:00,0.7431,0.7478,0.7394,0.7454,3659268.0
2025-05-20 22:00:00+00:00,0.7454,0.7476,0.7396,0.7443,2975960.1
2025-05-20 23:00:00+00:00,0.7443,0.75,0.7429,0.746,6860989.8
2025-05-21 00:00:00+00:00,0.7461,0.7493,0.7415,0.7431,3730978.9
2025-05-21 01:00:00+00:00,0.7431,0.7471,0.7413,0.7417,1874223.5
2025-05-21 02:00:00+00:00,0.7418,0.7466,0.7366,0.7466,4838496.7
2025-05-21 03:00:00+00:00,0.7466,0.7549,0.7466,0.7519,6542783.3
2025-05-21 04:00:00+00:00,0.752,0.7606,0.7514,0.7558,6759483.8
2025-05-21 05:00:00+00:00,0.7557,0.7635,0.7556,0.7602,5492335.1
2025-05-21 06:00:00+00:00,0.7603,0.7665,0.757,0.7637,4794904.6
2025-05-21 07:00:00+00:00,0.7638,0.7656,0.7506,0.7528,8020556.1
2025-05-21 08:00:00+00:00,0.7529,0.7568,0.7503,0.7505,3165578.6
2025-05-21 09:00:00+00:00,0.7504,0.7514,0.7454,0.7466,3544719.3
2025-05-21 10:00:00+00:00,0.7467,0.7574,0.7448,0.7562,3384641.8
2025-05-21 11:00:00+00:00,0.7563,0.767,0.7543,0.7553,5930615.1
2025-05-21 12:00:00+00:00,0.7553,0.7589,0.7513,0.7531,2670788.8
2025-05-21 13:00:00+00:00,0.753,0.7594,0.748,0.7563,6000083.1
2025-05-21 14:00:00+00:00,0.7564,0.7659,0.7526,0.7657,4815571.6
2025-05-21 15:00:00+00:00,0.7656,0.7684,0.7592,0.7655,12072739.9
2025-05-21 16:00:00+00:00,0.7655,0.7839,0.7626,0.7764,11037016.4
2025-05-21 17:00:00+00:00,0.7764,0.7786,0.7423,0.748,27586189.0
2025-05-21 18:00:00+00:00,0.7481,0.7593,0.7455,0.7514,7072916.4
2025-05-21 19:00:00+00:00,0.7514,0.7622,0.7488,0.7612,4687057.8
2025-05-21 20:00:00+00:00,0.7611,0.7632,0.7574,0.7624,3155004.1
2025-05-21 21:00:00+00:00,0.7624,0.7643,0.7574,0.7578,2186835.0
2025-05-21 22:00:00+00:00,0.7578,0.773,0.7571,0.7704,5072288.8
2025-05-21 23:00:00+00:00,0.7704,0.7786,0.7672,0.7693,7726098.9
2025-05-22 00:00:00+00:00,0.7693,0.777,0.7688,0.7765,5453918.8
2025-05-22 01:00:00+00:00,0.7766,0.7796,0.7704,0.7723,6165037.1
2025-05-22 02:00:00+00:00,0.7724,0.7839,0.772,0.7811,5991791.4
2025-05-22 03:00:00+00:00,0.781,0.7923,0.7785,0.7887,11141949.5
2025-05-22 04:00:00+00:00,0.7887,0.7932,0.7878,0.7929,7112015.2
2025-05-22 05:00:00+00:00,0.7928,0.7948,0.7836,0.7841,6390069.7
2025-05-22 06:00:00+00:00,0.7841,0.7902,0.7834,0.7868,6447380.0
2025-05-22 07:00:00+00:00,0.7869,0.7944,0.785,0.7941,6264616.8
2025-05-22 08:00:00+00:00,0.794,0.8019,0.7926,0.7995,8179814.3
2025-05-22 09:00:00+00:00,0.7996,0.8108,0.7985,0.8029,10455057.7
2025-05-22 10:00:00+00:00,0.8028,0.804,0.7975,0.7989,5708071.0
2025-05-22 11:00:00+00:00,0.7988,0.8062,0.796,0.8024,4732343.6
2025-05-22 12:00:00+00:00,0.8024,0.809,0.8005,0.805,5510517.0
2025-05-22 13:00:00+00:00,0.8051,0.8054,0.7955,0.7976,7205163.4
2025-05-22 14:00:00+00:00,0.7977,0.8086,0.7975,0.8027,7991879.1
2025-05-22 15:00:00+00:00,0.8028,0.8049,0.802,0.8032,5769753.6
2025-05-22 16:00:00+00:00,0.8033,0.8087,0.8002,0.8018,3941633.7
2025-05-22 17:00:00+00:00,0.8017,0.8062,0.7999,0.8042,2458926.8
2025-05-22 18:00:00+00:00,0.8041,0.8078,0.8009,0.8053,3610098.1
2025-05-22 19:00:00+00:00,0.8054,0.8061,0.7992,0.8021,3640408.7
2025-05-22 20:00:00+00:00,0.8022,0.8053,0.7991,0.8004,3178190.8
2025-05-22 21:00:00+00:00,0.8004,0.8024,0.7973,0.8008,3336512.6
2025-05-22 22:00:00+00:00,0.8009,0.8067,0.8009,0.8025,2749271.3
2025-05-22 23:00:00+00:00,0.8025,0.8095,0.8025,0.8093,2637018.7
2025-05-23 00:00:00+00:00,0.8093,0.8143,0.8067,0.8109,5432462.8
2025-05-23 01:00:00+00:00,0.8109,0.8194,0.8071,0.8164,6135229.3
2025-05-23 02:00:00+00:00,0.8165,0.8319,0.8156,0.8265,12201871.4
2025-05-23 03:00:00+00:00,0.8265,0.8395,0.8253,0.8381,8831064.0
2025-05-23 04:00:00+00:00,0.8381,0.8414,0.8167,0.8286,16168163.5
2025-05-23 05:00:00+00:00,0.8285,0.8298,0.8179,0.8224,7687713.9
2025-05-23 06:00:00+00:00,0.8225,0.8247,0.804,0.8077,10834164.0
2025-05-23 07:00:00+00:00,0.8077,0.8162,0.8041,0.8086,6481468.5
2025-05-23 08:00:00+00:00,0.8086,0.8186,0.8081,0.8168,4595637.0
2025-05-23 09:00:00+00:00,0.8168,0.8249,0.8147,0.8229,4040326.1
2025-05-23 10:00:00+00:00,0.8229,0.8236,0.8133,0.8161,4271908.1
2025-05-23 11:00:00+00:00,0.8161,0.8162,0.7778,0.7818,26081017.8
2025-05-23 12:00:00+00:00,0.7819,0.7824,0.7601,0.7737,31221207.9
2025-05-23 13:00:00+00:00,0.7737,0.7876,0.7682,0.7867,17066841.5
2025-05-23 14:00:00+00:00,0.7867,0.7907,0.783,0.7861,8403846.6
2025-05-23 15:00:00+00:00,0.786,0.7887,0.7772,0.7776,6881305.9
2025-05-23 16:00:00+00:00,0.7776,0.7807,0.7704,0.7787,8564935.2
2025-05-23 17:00:00+00:00,0.7786,0.7851,0.7777,0.7812,4705760.4
2025-05-23 18:00:00+00:00,0.7811,0.783,0.7723,0.7736,5145500.4
2025-05-23 19:00:00+00:00,0.7735,0.7786,0.7722,0.7734,3219980.2
2025-05-23 20:00:00+00:00,0.7734,0.7735,0.7642,0.7648,5725390.8
2025-05-23 21:00:00+00:00,0.7649,0.7685,0.7585,0.7625,5576955.0
2025-05-23 22:00:00+00:00,0.7625,0.766,0.7556,0.7571,4048459.7
2025-05-23 23:00:00+00:00,0.7571,0.7583,0.743,0.7471,15002200.0
2025-05-24 00:00:00+00:00,0.7472,0.7543,0.7429,0.7442,8322947.5
2025-05-24 01:00:00+00:00,0.7441,0.7528,0.7434,0.7489,5156076.2
2025-05-24 02:00:00+00:00,0.7489,0.7554,0.7466,0.755,3616571.4
2025-05-24 03:00:00+00:00,0.7549,0.763,0.7538,0.7617,4190829.9
2025-05-24 04:00:00+00:00,0.7617,0.7668,0.7596,0.7649,3164159.1
2025-05-24 05:00:00+00:00,0.7648,0.7659,0.7575,0.76,3861500.0
2025-05-24 06:00:00+00:00,0.76,0.7628,0.7549,0.7585,3047806.7
2025-05-24 07:00:00+00:00,0.7586,0.7633,0.7563,0.7573,2609951.5
2025-05-24 08:00:00+00:00,0.7574,0.7604,0.7534,0.7594,2357178.6
2025-05-24 09:00:00+00:00,0.7595,0.7606,0.7555,0.7561,2197845.5
2025-05-24 10:00:00+00:00,0.7562,0.7658,0.7553,0.7632,3093041.6
2025-05-24 11:00:00+00:00,0.7632,0.7646,0.76,0.761,2870536.7
2025-05-24 12:00:00+00:00,0.761,0.7618,0.757,0.7594,2147560.8
2025-05-24 13:00:00+00:00,0.7595,0.7602,0.7551,0.7562,3041633.7
2025-05-24 14:00:00+00:00,0.7562,0.7621,0.7553,0.761,1823127.3
2025-05-24 15:00:00+00:00,0.761,0.7619,0.756,0.7584,2022662.0
2025-05-24 16:00:00+00:00,0.7584,0.7606,0.7531,0.7588,3664037.9
2025-05-24 17:00:00+00:00,0.7588,0.7623,0.7548,0.7568,1915974.4
2025-05-24 18:00:00+00:00,0.7568,0.7606,0.7543,0.7553,1325182.3
2025-05-24 19:00:00+00:00,0.7552,0.7565,0.752,0.7548,2362956.7
2025-05-24 20:00:00+00:00,0.7548,0.7548,0.7508,0.7522,1661399.0
2025-05-24 21:00:00+00:00,0.7523,0.7524,0.745,0.7509,2841895.4
2025-05-24 22:00:00+00:00,0.751,0.751,0.7449,0.746,2419776.3
2025-05-24 23:00:00+00:00,0.746,0.748,0.7409,0.7467,3643053.2
2025-05-25 00:00:00+00:00,0.7467,0.7492,0.7335,0.7364,8119087.6
2025-05-25 01:00:00+00:00,0.7365,0.7406,0.7313,0.7371,6036315.4
2025-05-25 02:00:00+00:00,0.7372,0.7423,0.7337,0.7415,3238100.4
2025-05-25 03:00:00+00:00,0.7415,0.7465,0.7404,0.7442,1938178.3
2025-05-25 04:00:00+00:00,0.7441,0.7441,0.7399,0.7435,1624741.7
2025-05-25 05:00:00+00:00,0.7434,0.7443,0.74,0.7424,931129.2
2025-05-25 06:00:00+00:00,0.7424,0.7425,0.7381,0.7403,1268237.2
2025-05-25 07:00:00+00:00,0.7404,0.7405,0.7344,0.7386,2647288.7
2025-05-25 08:00:00+00:00,0.7387,0.7391,0.7277,0.7307,4447834.5
2025-05-25 09:00:00+00:00,0.7306,0.7349,0.7284,0.7348,3566024.5
2025-05-25 10:00:00+00:00,0.7348,0.7375,0.732,0.733,2161746.6
2025-05-25 11:00:00+00:00,0.733,0.7398,0.732,0.739,1839409.4
2025-05-25 12:00:00+00:00,0.739,0.7444,0.7375,0.7441,2234135.0
2025-05-25 13:00:00+00:00,0.7441,0.7522,0.7423,0.7493,4989664.6
2025-05-25 14:00:00+00:00,0.7494,0.7518,0.7401,0.7436,4075321.7
2025-05-25 15:00:00+00:00,0.7436,0.7446,0.7308,0.74,6527461.2
2025-05-25 16:00:00+00:00,0.74,0.7442,0.7347,0.7424,2469308.7
2025-05-25 17:00:00+00:00,0.7424,0.7457,0.7412,0.7436,2390956.4
2025-05-25 18:00:00+00:00,0.7437,0.7499,0.7425,0.7462,2464337.0
2025-05-25 19:00:00+00:00,0.7462,0.7512,0.7457,0.7483,2085259.4
2025-05-25 20:00:00+00:00,0.7483,0.7496,0.7443,0.7463,1854787.6
2025-05-25 21:00:00+00:00,0.7463,0.75,0.7412,0.7441,2136232.4
2025-05-25 22:00:00+00:00,0.7441,0.7595,0.7431,0.7589,6793260.4
2025-05-25 23:00:00+00:00,0.7589,0.7604,0.7536,0.7598,4831971.6
2025-05-26 00:00:00+00:00,0.7598,0.765,0.7548,0.7645,3776686.0
2025-05-26 01:00:00+00:00,0.7646,0.7655,0.759,0.762,3525217.7
2025-05-26 02:00:00+00:00,0.762,0.7621,0.7566,0.7601,3546422.9
2025-05-26 03:00:00+00:00,0.76,0.7641,0.7573,0.763,2172977.4
2025-05-26 04:00:00+00:00,0.763,0.7642,0.7607,0.7617,2371949.5
2025-05-26 05:00:00+00:00,0.7617,0.7666,0.7604,0.7661,2867168.2
2025-05-26 06:00:00+00:00,0.766,0.7693,0.764,0.7683,3392983.4
2025-05-26 07:00:00+00:00,0.7684,0.7754,0.7681,0.7753,5547832.0
2025-05-26 08:00:00+00:00,0.7753,0.7771,0.7675,0.7691,4787837.6
2025-05-26 09:00:00+00:00,0.7692,0.7719,0.764,0.7662,3869088.4
2025-05-26 10:00:00+00:00,0.7663,0.769,0.7616,0.7643,2432616.2
2025-05-26 11:00:00+00:00,0.7643,0.7678,0.762,0.767,2359730.3
2025-05-26 12:00:00+00:00,0.767,0.7721,0.765,0.7705,3012720.7
2025-05-26 13:00:00+00:00,0.7704,0.7726,0.7605,0.7622,9637655.6
2025-05-26 14:00:00+00:00,0.7621,0.7637,0.7572,0.7613,3495516.9
2025-05-26 15:00:00+00:00,0.7613,0.771,0.7589,0.7686,4150050.0
2025-05-26 16:00:00+00:00,0.7687,0.7698,0.756,0.7596,5359378.0
2025-05-26 17:00:00+00:00,0.7595,0.7618,0.7525,0.7535,3396155.3
2025-05-26 18:00:00+00:00,0.7535,0.7585,0.7516,0.7547,1382932.7
2025-05-26 19:00:00+00:00,0.7547,0.7571,0.7525,0.7543,1934116.8
2025-05-26 20:00:00+00:00,0.7542,0.7577,0.751,0.7576,1922627.4
2025-05-26 21:00:00+00:00,0.7575,0.7586,0.7541,0.7576,1413515.1
2025-05-26 22:00:00+00:00,0.7576,0.763,0.755,0.7551,2159497.0
2025-05-26 23:00:00+00:00,0.7551,0.7607,0.7536,0.7604,1108787.9
2025-05-27 00:00:00+00:00,0.7604,0.7636,0.7544,0.7551,2279432.3
2025-05-27 01:00:00+00:00,0.7552,0.7552,0.7434,0.7505,5813212.9
2025-05-27 02:00:00+00:00,0.7505,0.7553,0.7499,0.7517,2689897.1
2025-05-27 03:00:00+00:00,0.7516,0.7577,0.7512,0.7539,3146252.4
2025-05-27 04:00:00+00:00,0.754,0.7593,0.7533,0.755,1587745.9
2025-05-27 05:00:00+00:00,0.755,0.7568,0.7505,0.7555,1358495.6
2025-05-27 06:00:00+00:00,0.7554,0.7637,0.7554,0.7563,5439254.3
2025-05-27 07:00:00+00:00,0.7564,0.7666,0.7564,0.7649,3421365.4
2025-05-27 08:00:00+00:00,0.7648,0.772,0.7648,0.77,5306286.3
2025-05-27 09:00:00+00:00,0.77,0.7732,0.7657,0.7678,5403724.1
2025-05-27 10:00:00+00:00,0.7678,0.7704,0.7664,0.7695,3252372.7
2025-05-27 11:00:00+00:00,0.7694,0.7716,0.7666,0.7694,2728133.8
2025-05-27 12:00:00+00:00,0.7694,0.7711,0.7652,0.768,3959297.3
2025-05-27 13:00:00+00:00,0.768,0.7756,0.7649,0.7654,8940897.3
2025-05-27 14:00:00+00:00,0.7654,0.7691,0.7559,0.7625,7932494.2
2025-05-27 15:00:00+00:00,0.7626,0.7695,0.7602,0.7676,3830847.6
2025-05-27 16:00:00+00:00,0.7678,0.7717,0.7651,0.7687,4065901.1
2025-05-27 17:00:00+00:00,0.7688,0.7749,0.7672,0.771,3544758.7
2025-05-27 18:00:00+00:00,0.771,0.7731,0.7646,0.7651,3805188.2
2025-05-27 19:00:00+00:00,0.7651,0.7659,0.7626,0.7638,2068351.7
2025-05-27 20:00:00+00:00,0.7639,0.7665,0.763,0.7641,1737559.9
2025-05-27 21:00:00+00:00,0.7641,0.7661,0.7597,0.761,2803531.6
2025-05-27 22:00:00+00:00,0.7611,0.7622,0.7562,0.7592,3028222.5
2025-05-27 23:00:00+00:00,0.7591,0.7598,0.7553,0.7583,2993974.2
2025-05-28 00:00:00+00:00,0.7584,0.7597,0.7531,0.7593,3884319.6
2025-05-28 01:00:00+00:00,0.7592,0.7605,0.7552,0.7564,3247372.2
2025-05-28 02:00:00+00:00,0.7563,0.7564,0.7501,0.7531,3065161.0
2025-05-28 03:00:00+00:00,0.7531,0.7554,0.7506,0.7546,2408071.4
2025-05-28 04:00:00+00:00,0.7546,0.7588,0.7507,0.7562,3225604.0
2025-05-28 05:00:00+00:00,0.7561,0.7563,0.751,0.7524,2259688.3
2025-05-28 06:00:00+00:00,0.7524,0.7524,0.746,0.747,4287667.4
2025-05-28 07:00:00+00:00,0.7471,0.7534,0.7456,0.7508,2487991.3
2025-05-28 08:00:00+00:00,0.7508,0.7544,0.7487,0.7533,2058648.0
2025-05-28 09:00:00+00:00,0.7533,0.7545,0.7475,0.7512,1820411.7
2025-05-28 10:00:00+00:00,0.7513,0.758,0.7479,0.7577,3736252.5
2025-05-28 11:00:00+00:00,0.7578,0.76,0.756,0.7589,2765421.8
2025-05-28 12:00:00+00:00,0.7589,0.7614,0.7567,0.7578,3363079.8
2025-05-28 13:00:00+00:00,0.7578,0.7603,0.7495,0.7496,3913153.8
2025-05-28 14:00:00+00:00,0.7496,0.7512,0.7459,0.7467,6405141.5
2025-05-28 15:00:00+00:00,0.7466,0.7497,0.7404,0.7415,4891735.5
2025-05-28 16:00:00+00:00,0.7415,0.7475,0.7411,0.7461,2619237.5
2025-05-28 17:00:00+00:00,0.7461,0.7511,0.7436,0.7466,2324114.0
2025-05-28 18:00:00+00:00,0.7465,0.7497,0.7407,0.7412,2624608.7
2025-05-28 19:00:00+00:00,0.7412,0.7448,0.7327,0.7329,4549861.1
2025-05-28 20:00:00+00:00,0.7329,0.7399,0.7324,0.7397,2124977.1
2025-05-28 21:00:00+00:00,0.7396,0.7436,0.7375,0.7427,2034692.6
2025-05-28 22:00:00+00:00,0.7426,0.7432,0.7375,0.741,1936946.3
2025-05-28 23:00:00+00:00,0.741,0.7481,0.7404,0.7476,3322133.4
2025-05-29 00:00:00+00:00,0.7476,0.7571,0.7438,0.757,4725395.2
2025-05-29 01:00:00+00:00,0.7569,0.7574,0.7508,0.755,4563074.9
2025-05-29 02:00:00+00:00,0.755,0.7649,0.751,0.7647,7839381.0
2025-05-29 03:00:00+00:00,0.7647,0.7652,0.7572,0.758,7137022.0
2025-05-29 04:00:00+00:00,0.758,0.7602,0.7446,0.7507,6238255.1
2025-05-29 05:00:00+00:00,0.7508,0.7528,0.7482,0.7494,4506687.2
2025-05-29 06:00:00+00:00,0.7493,0.7539,0.7476,0.7525,2310716.4
2025-05-29 07:00:00+00:00,0.7524,0.7532,0.7484,0.7506,1482334.5
2025-05-29 08:00:00+00:00,0.7506,0.7537,0.7466,0.7528,3028132.2
2025-05-29 09:00:00+00:00,0.7527,0.7537,0.7502,0.7518,2349540.4
2025-05-29 10:00:00+00:00,0.7519,0.7535,0.7498,0.753,2367774.0
2025-05-29 11:00:00+00:00,0.753,0.7566,0.7525,0.7561,2355057.0
2025-05-29 12:00:00+00:00,0.7561,0.7564,0.7478,0.7495,3365666.3
2025-05-29 13:00:00+00:00,0.7494,0.7535,0.7416,0.743,4087711.7
2025-05-29 14:00:00+00:00,0.743,0.7445,0.7336,0.743,9516177.9
2025-05-29 15:00:00+00:00,0.743,0.7437,0.7368,0.7376,2659136.7
2025-05-29 16:00:00+00:00,0.7377,0.7398,0.7338,0.7341,2971078.6
2025-05-29 17:00:00+00:00,0.734,0.7403,0.733,0.7377,3679936.1
2025-05-29 18:00:00+00:00,0.7377,0.7399,0.7302,0.7302,4385516.4
2025-05-29 19:00:00+00:00,0.7301,0.7307,0.723,0.7274,10197253.0
2025-05-29 20:00:00+00:00,0.7273,0.7315,0.7269,0.7291,4133004.5
2025-05-29 21:00:00+00:00,0.729,0.7363,0.7289,0.7359,2036547.6
2025-05-29 22:00:00+00:00,0.7359,0.7359,0.7261,0.7264,2524565.6
2025-05-29 23:00:00+00:00,0.7264,0.7289,0.7194,0.7221,6011209.7
2025-05-30 00:00:00+00:00,0.7221,0.7281,0.6845,0.6922,41090559.8
2025-05-30 01:00:00+00:00,0.6924,0.7096,0.6906,0.7049,18874347.2
2025-05-30 02:00:00+00:00,0.705,0.7127,0.7045,0.7091,6781422.9
2025-05-30 03:00:00+00:00,0.709,0.7123,0.7075,0.7092,3248749.0
2025-05-30 04:00:00+00:00,0.7091,0.711,0.7055,0.7102,3342476.3
2025-05-30 05:00:00+00:00,0.7102,0.713,0.7084,0.7112,2400505.8
2025-05-30 06:00:00+00:00,0.7112,0.7116,0.6965,0.7006,5842345.3
2025-05-30 07:00:00+00:00,0.7006,0.7055,0.6973,0.6998,6723310.5
2025-05-30 08:00:00+00:00,0.6999,0.7044,0.6954,0.7008,4694358.7
2025-05-30 09:00:00+00:00,0.7007,0.7033,0.6941,0.7025,6434844.5
2025-05-30 10:00:00+00:00,0.7024,0.7088,0.6993,0.708,2984987.7
2025-05-30 11:00:00+00:00,0.708,0.7104,0.7061,0.709,3612334.8
2025-05-30 12:00:00+00:00,0.7091,0.7116,0.7005,0.7074,3967168.5
2025-05-30 13:00:00+00:00,0.7076,0.7105,0.6975,0.6984,5554124.0
2025-05-30 14:00:00+00:00,0.6985,0.7042,0.6963,0.7014,5516656.6
2025-05-30 15:00:00+00:00,0.7013,0.7085,0.7011,0.7019,3721240.4
2025-05-30 16:00:00+00:00,0.702,0.7051,0.6821,0.691,16395511.7
2025-05-30 17:00:00+00:00,0.691,0.6984,0.6906,0.6973,5999981.4
2025-05-30 18:00:00+00:00,0.6974,0.7084,0.6969,0.7079,5344781.6
2025-05-30 19:00:00+00:00,0.7079,0.7153,0.7068,0.7114,5688930.5
2025-05-30 20:00:00+00:00,0.7115,0.7125,0.7066,0.7072,3959706.8
2025-05-30 21:00:00+00:00,0.7072,0.7085,0.7038,0.7052,2345354.2
2025-05-30 22:00:00+00:00,0.7053,0.7068,0.6898,0.69,4368070.0
2025-05-30 23:00:00+00:00,0.69,0.6929,0.6829,0.6889,5625415.4
2025-05-31 00:00:00+00:00,0.689,0.6912,0.6689,0.6753,9372316.5
2025-05-31 01:00:00+00:00,0.6754,0.682,0.6657,0.6739,11220504.2
2025-05-31 02:00:00+00:00,0.6738,0.6803,0.6657,0.6659,6267723.9
2025-05-31 03:00:00+00:00,0.6659,0.6675,0.6592,0.6617,9562277.6
2025-05-31 04:00:00+00:00,0.6618,0.6699,0.6561,0.6697,8211506.1
2025-05-31 05:00:00+00:00,0.6696,0.6714,0.6656,0.666,3804583.6
2025-05-31 06:00:00+00:00,0.666,0.6709,0.6651,0.6691,2783291.3
2025-05-31 07:00:00+00:00,0.669,0.6691,0.6636,0.6657,3556311.5
2025-05-31 08:00:00+00:00,0.6657,0.6718,0.6642,0.6705,7384708.0
2025-05-31 09:00:00+00:00,0.6705,0.6714,0.6642,0.6675,3737308.7
2025-05-31 10:00:00+00:00,0.6675,0.6723,0.6636,0.6666,4026248.1
2025-05-31 11:00:00+00:00,0.6665,0.6675,0.6628,0.664,1879419.1
2025-05-31 12:00:00+00:00,0.664,0.6757,0.6632,0.6757,3820551.1
2025-05-31 13:00:00+00:00,0.6757,0.6803,0.6735,0.6758,4560911.4
2025-05-31 14:00:00+00:00,0.6759,0.6819,0.6754,0.6799,2933135.1
2025-05-31 15:00:00+00:00,0.68,0.6866,0.6785,0.6799,4443470.0
2025-05-31 16:00:00+00:00,0.6798,0.6883,0.6793,0.6875,3375492.5
2025-05-31 17:00:00+00:00,0.6875,0.6885,0.6807,0.6816,3421706.1
2025-05-31 18:00:00+00:00,0.6815,0.687,0.6812,0.686,1770323.8
2025-05-31 19:00:00+00:00,0.6861,0.6937,0.6861,0.6891,2785167.9
2025-05-31 20:00:00+00:00,0.6891,0.6918,0.6873,0.6899,2681764.8
2025-05-31 21:00:00+00:00,0.69,0.6952,0.6899,0.6915,3499339.2
2025-05-31 22:00:00+00:00,0.6916,0.6926,0.6852,0.6854,2482518.6
2025-05-31 23:00:00+00:00,0.6854,0.6903,0.6841,0.6858,3698031.8
2025-06-01 00:00:00+00:00,0.6858,0.6861,0.6795,0.6816,3151722.3
2025-06-01 01:00:00+00:00,0.6816,0.6838,0.6748,0.6772,2124495.5
2025-06-01 02:00:00+00:00,0.6771,0.6793,0.672,0.6774,2794395.9
2025-06-01 03:00:00+00:00,0.6775,0.6792,0.6719,0.6781,1785959.5
2025-06-01 04:00:00+00:00,0.6781,0.6847,0.6763,0.6825,1432549.1
2025-06-01 05:00:00+00:00,0.6825,0.6831,0.6782,0.6796,1622340.1
2025-06-01 06:00:00+00:00,0.6796,0.6798,0.6737,0.6745,3402559.5
2025-06-01 07:00:00+00:00,0.6745,0.6746,0.6707,0.6733,2714936.5
2025-06-01 08:00:00+00:00,0.6732,0.6733,0.666,0.6687,4005975.2
2025-06-01 09:00:00+00:00,0.6688,0.6698,0.6541,0.6579,11806169.3
2025-06-01 10:00:00+00:00,0.6578,0.6621,0.6552,0.6618,5807776.2
2025-06-01 11:00:00+00:00,0.6617,0.6648,0.6576,0.6637,4941095.9
2025-06-01 12:00:00+00:00,0.6638,0.6646,0.6571,0.6596,7693738.6
2025-06-01 13:00:00+00:00,0.6595,0.6659,0.6591,0.6635,2811059.0
2025-06-01 14:00:00+00:00,0.6635,0.6732,0.6635,0.6702,4469112.7
2025-06-01 15:00:00+00:00,0.6702,0.6758,0.6694,0.6751,3235105.2
2025-06-01 16:00:00+00:00,0.675,0.6854,0.675,0.6826,7182480.5
2025-06-01 17:00:00+00:00,0.6826,0.6843,0.6801,0.6824,2322571.3
2025-06-01 18:00:00+00:00,0.6823,0.6849,0.6699,0.6758,7057619.1
2025-06-01 19:00:00+00:00,0.6758,0.679,0.675,0.6787,1878348.3
2025-06-01 20:00:00+00:00,0.6788,0.6808,0.6762,0.677,2356583.7
2025-06-01 21:00:00+00:00,0.677,0.6835,0.6766,0.6825,2176759.6
2025-06-01 22:00:00+00:00,0.6825,0.6873,0.6806,0.6813,2980989.4
2025-06-01 23:00:00+00:00,0.6814,0.688,0.6814,0.6855,2402600.6
2025-06-02 00:00:00+00:00,0.6854,0.6896,0.6821,0.6845,3975918.9
2025-06-02 01:00:00+00:00,0.6845,0.6898,0.6823,0.6824,3595795.5
2025-06-02 02:00:00+00:00,0.6825,0.6842,0.6783,0.679,3139410.4
2025-06-02 03:00:00+00:00,0.679,0.6797,0.6741,0.6772,4905629.0
2025-06-02 04:00:00+00:00,0.6771,0.6811,0.6759,0.6781,1499813.5
2025-06-02 05:00:00+00:00,0.6781,0.6824,0.6758,0.6786,1468741.5
2025-06-02 06:00:00+00:00,0.6787,0.6834,0.6758,0.6807,2082384.5
2025-06-02 07:00:00+00:00,0.6806,0.6844,0.678,0.6791,2449974.0
2025-06-02 08:00:00+00:00,0.6791,0.6803,0.6702,0.6719,3725239.6
2025-06-02 09:00:00+00:00,0.672,0.672,0.6655,0.6686,4908442.3
2025-06-02 10:00:00+00:00,0.6686,0.6707,0.6648,0.6673,4162976.6
2025-06-02 11:00:00+00:00,0.6673,0.6682,0.6636,0.6664,2623745.7
2025-06-02 12:00:00+00:00,0.6663,0.6733,0.6645,0.6719,3210654.2
2025-06-02 13:00:00+00:00,0.672,0.6761,0.6675,0.6698,3056269.8
2025-06-02 14:00:00+00:00,0.6697,0.6768,0.6671,0.6725,3267210.1
2025-06-02 15:00:00+00:00,0.6725,0.6761,0.6685,0.6743,2273505.5
2025-06-02 16:00:00+00:00,0.6744,0.6747,0.6694,0.6736,2208962.2
2025-06-02 17:00:00+00:00,0.6736,0.6763,0.6708,0.6741,2628362.0
2025-06-02 18:00:00+00:00,0.6741,0.6796,0.6734,0.6747,2530808.5
2025-06-02 19:00:00+00:00,0.6747,0.6783,0.6694,0.6733,1652089.6
2025-06-02 20:00:00+00:00,0.6734,0.684,0.6734,0.6812,2950362.6
2025-06-02 21:00:00+00:00,0.6812,0.6864,0.6805,0.6843,2612849.8
2025-06-02 22:00:00+00:00,0.6842,0.6921,0.6841,0.688,4528319.5
2025-06-02 23:00:00+00:00,0.6881,0.6921,0.6877,0.6896,3484942.6
2025-06-03 00:00:00+00:00,0.6897,0.6983,0.6876,0.6972,5280279.1
2025-06-03 01:00:00+00:00,0.6973,0.7048,0.6963,0.7041,4667237.2
2025-06-03 02:00:00+00:00,0.7042,0.7072,0.6978,0.6984,4817325.7
2025-06-03 03:00:00+00:00,0.6984,0.6996,0.692,0.6938,3189546.4
2025-06-03 04:00:00+00:00,0.6939,0.6949,0.6895,0.6904,2065643.5
2025-06-03 05:00:00+00:00,0.6904,0.6965,0.6904,0.6957,1546373.9
2025-06-03 06:00:00+00:00,0.6957,0.6979,0.6931,0.6979,1430159.6
2025-06-03 07:00:00+00:00,0.6978,0.6985,0.6928,0.6931,3401603.1
2025-06-03 08:00:00+00:00,0.6932,0.6943,0.6883,0.6918,1971846.3
2025-06-03 09:00:00+00:00,0.6917,0.696,0.6903,0.6943,1549767.9
2025-06-03 10:00:00+00:00,0.6942,0.6959,0.692,0.6942,1499482.7
2025-06-03 11:00:00+00:00,0.6941,0.6953,0.6905,0.6918,1459518.8
2025-06-03 12:00:00+00:00,0.6918,0.6922,0.6876,0.6907,2297129.6
2025-06-03 13:00:00+00:00,0.6907,0.6941,0.6847,0.6891,3326628.5
2025-06-03 14:00:00+00:00,0.6891,0.6966,0.683,0.6961,7234339.9
2025-06-03 15:00:00+00:00,0.6961,0.6971,0.6909,0.6934,4584192.8
2025-06-03 16:00:00+00:00,0.6933,0.6937,0.6855,0.6864,4985019.0
2025-06-03 17:00:00+00:00,0.6864,0.6917,0.6856,0.6891,2367391.6
2025-06-03 18:00:00+00:00,0.6892,0.6892,0.6848,0.6876,3123404.9
2025-06-03 19:00:00+00:00,0.6876,0.6927,0.6868,0.691,2475668.9
2025-06-03 20:00:00+00:00,0.691,0.6911,0.6779,0.6824,5516527.5
2025-06-03 21:00:00+00:00,0.6825,0.6851,0.6738,0.6775,2866401.0
2025-06-03 22:00:00+00:00,0.6775,0.6868,0.6769,0.6853,2619004.6
2025-06-03 23:00:00+00:00,0.6854,0.6874,0.683,0.6837,1237826.1
2025-06-04 00:00:00+00:00,0.6837,0.6909,0.6829,0.6909,2713233.2
2025-06-04 01:00:00+00:00,0.691,0.6981,0.691,0.694,2639310.2
2025-06-04 02:00:00+00:00,0.6941,0.7027,0.6937,0.6942,2840585.5
2025-06-04 03:00:00+00:00,0.6942,0.7002,0.6941,0.6957,2650474.6
2025-06-04 04:00:00+00:00,0.6957,0.6989,0.6941,0.6957,2227127.5
2025-06-04 05:00:00+00:00,0.6957,0.698,0.6912,0.6915,1961297.0
2025-06-04 06:00:00+00:00,0.6916,0.6948,0.6908,0.6931,2410679.5
2025-06-04 07:00:00+00:00,0.6932,0.6973,0.6932,0.6961,1560861.0
2025-06-04 08:00:00+00:00,0.6962,0.6998,0.6961,0.6971,2311765.3
2025-06-04 09:00:00+00:00,0.6971,0.7009,0.6966,0.6991,2044665.8
2025-06-04 10:00:00+00:00,0.6991,0.7018,0.6956,0.6957,2235082.5
2025-06-04 11:00:00+00:00,0.6957,0.6974,0.6929,0.6929,2600866.2
2025-06-04 12:00:00+00:00,0.693,0.6938,0.6875,0.6879,3754558.8
2025-06-04 13:00:00+00:00,0.6878,0.6904,0.6851,0.6857,2717808.5
2025-06-04 14:00:00+00:00,0.6856,0.6874,0.6787,0.6871,4163816.4
2025-06-04 15:00:00+00:00,0.6872,0.6918,0.6843,0.6884,2885694.5
2025-06-04 16:00:00+00:00,0.6884,0.6888,0.6841,0.6871,1881318.3
2025-06-04 17:00:00+00:00,0.687,0.6872,0.6773,0.6808,3128346.1
2025-06-04 18:00:00+00:00,0.6808,0.6821,0.6761,0.6768,2372454.2
2025-06-04 19:00:00+00:00,0.6769,0.6769,0.6711,0.6736,4034158.6
2025-06-04 20:00:00+00:00,0.6736,0.6741,0.6655,0.6672,6933678.5
2025-06-04 21:00:00+00:00,0.6671,0.6732,0.6632,0.6714,5268529.1
2025-06-04 22:00:00+00:00,0.6714,0.6715,0.6659,0.6664,2406061.3
2025-06-04 23:00:00+00:00,0.6664,0.6673,0.662,0.6654,3749454.0
2025-06-05 00:00:00+00:00,0.6654,0.6699,0.6653,0.6693,2649377.5
2025-06-05 01:00:00+00:00,0.6692,0.6729,0.6675,0.6691,1795923.3
2025-06-05 02:00:00+00:00,0.6692,0.6759,0.6691,0.6726,2738153.9
2025-06-05 03:00:00+00:00,0.6726,0.6759,0.6719,0.6757,1769111.8
2025-06-05 04:00:00+00:00,0.6758,0.6792,0.6758,0.6787,1514044.0
2025-06-05 05:00:00+00:00,0.6787,0.6811,0.6721,0.6735,2252992.8
2025-06-05 06:00:00+00:00,0.6735,0.6797,0.6733,0.6753,2902933.4
2025-06-05 07:00:00+00:00,0.6754,0.6806,0.6751,0.6765,3459962.9
2025-06-05 08:00:00+00:00,0.6765,0.6802,0.6758,0.6789,2711027.8
2025-06-05 09:00:00+00:00,0.6789,0.6843,0.6784,0.6805,3184140.8
2025-06-05 10:00:00+00:00,0.6805,0.6842,0.6762,0.6789,3154185.6
2025-06-05 11:00:00+00:00,0.679,0.6819,0.6781,0.6811,2578818.3
2025-06-05 12:00:00+00:00,0.6811,0.6899,0.6807,0.6874,4400265.7
2025-06-05 13:00:00+00:00,0.6874,0.6878,0.6742,0.6758,6082915.5
2025-06-05 14:00:00+00:00,0.6757,0.6789,0.6685,0.6747,5704059.7
2025-06-05 15:00:00+00:00,0.6746,0.6777,0.6721,0.6741,1683057.0
2025-06-05 16:00:00+00:00,0.6741,0.6742,0.6591,0.6614,6791203.2
2025-06-05 17:00:00+00:00,0.6614,0.6642,0.6596,0.6624,3791998.6
2025-06-05 18:00:00+00:00,0.6623,0.6637,0.656,0.6605,4013958.3
2025-06-05 19:00:00+00:00,0.6604,0.6607,0.6339,0.6421,24873152.6
2025-06-05 20:00:00+00:00,0.6421,0.643,0.6186,0.62,23908461.3
2025-06-05 21:00:00+00:00,0.62,0.6321,0.619,0.6307,15775892.2
2025-06-05 22:00:00+00:00,0.6306,0.6306,0.6209,0.6284,10807387.4
2025-06-05 23:00:00+00:00,0.6284,0.63,0.6236,0.6256,7096949.0
2025-06-06 00:00:00+00:00,0.6256,0.6285,0.621,0.6284,5210209.3
2025-06-06 01:00:00+00:00,0.6285,0.6324,0.6245,0.6319,3774198.2
2025-06-06 02:00:00+00:00,0.6319,0.632,0.626,0.6314,2815770.5
2025-06-06 03:00:00+00:00,0.6314,0.6379,0.6293,0.6374,2842548.9
2025-06-06 04:00:00+00:00,0.6375,0.6412,0.6348,0.6388,3807447.9
2025-06-06 05:00:00+00:00,0.6388,0.6413,0.637,0.6399,2344460.7
2025-06-06 06:00:00+00:00,0.6399,0.643,0.6376,0.6381,4386713.6
2025-06-06 07:00:00+00:00,0.6381,0.6425,0.6381,0.6395,3523487.4
2025-06-06 08:00:00+00:00,0.6395,0.6426,0.6385,0.6406,3064926.3
2025-06-06 09:00:00+00:00,0.6406,0.645,0.6405,0.6415,4443885.3
2025-06-06 10:00:00+00:00,0.6416,0.6485,0.6415,0.6464,3943536.2
2025-06-06 11:00:00+00:00,0.6464,0.6528,0.6463,0.6508,6140932.0
2025-06-06 12:00:00+00:00,0.6509,0.662,0.6506,0.6563,9577131.0
2025-06-06 13:00:00+00:00,0.6564,0.6656,0.6564,0.6607,6617346.8
2025-06-06 14:00:00+00:00,0.6608,0.6685,0.66,0.6685,5390791.9
2025-06-06 15:00:00+00:00,0.6684,0.6723,0.6624,0.6667,5341965.9
2025-06-06 16:00:00+00:00,0.6666,0.6723,0.6641,0.6646,4625970.2
2025-06-06 17:00:00+00:00,0.6645,0.6656,0.6606,0.6647,5528805.4
2025-06-06 18:00:00+00:00,0.6648,0.6663,0.6607,0.6622,3023368.0
2025-06-06 19:00:00+00:00,0.6622,0.6647,0.6615,0.6628,1519748.4
2025-06-06 20:00:00+00:00,0.6629,0.6664,0.6593,0.666,2172033.4
2025-06-06 21:00:00+00:00,0.666,0.6664,0.6575,0.6619,2178697.3
2025-06-06 22:00:00+00:00,0.6619,0.663,0.6559,0.6589,4029595.7
2025-06-06 23:00:00+00:00,0.6589,0.6591,0.6529,0.6554,3201088.1
2025-06-07 00:00:00+00:00,0.6554,0.6591,0.6494,0.659,4521589.1
2025-06-07 01:00:00+00:00,0.659,0.6591,0.6538,0.6555,1886400.5
2025-06-07 02:00:00+00:00,0.6554,0.659,0.6525,0.6584,2032904.2
2025-06-07 03:00:00+00:00,0.6583,0.6624,0.6571,0.662,2034006.5
2025-06-07 04:00:00+00:00,0.6619,0.6619,0.657,0.6587,1705127.1
2025-06-07 05:00:00+00:00,0.6586,0.6649,0.6575,0.6641,2918426.4
2025-06-07 06:00:00+00:00,0.6641,0.6677,0.6611,0.6676,2435695.7
2025-06-07 07:00:00+00:00,0.6676,0.6702,0.6659,0.6689,2411768.5
2025-06-07 08:00:00+00:00,0.6689,0.6705,0.6639,0.6644,2941636.0
2025-06-07 09:00:00+00:00,0.6645,0.6663,0.663,0.6649,1447294.6
2025-06-07 10:00:00+00:00,0.6649,0.6679,0.6646,0.6679,1713570.9
2025-06-07 11:00:00+00:00,0.6678,0.6694,0.6671,0.6681,1982728.6
2025-06-07 12:00:00+00:00,0.6681,0.6708,0.6676,0.6678,2483406.6
2025-06-07 13:00:00+00:00,0.6678,0.6703,0.6671,0.6691,2036053.1
2025-06-07 14:00:00+00:00,0.6691,0.6706,0.6675,0.6678,2051605.0
2025-06-07 15:00:00+00:00,0.6679,0.6693,0.666,0.6662,1855454.2
2025-06-07 16:00:00+00:00,0.6662,0.6675,0.6621,0.6624,4430778.8
2025-06-07 17:00:00+00:00,0.6625,0.6662,0.6621,0.6622,2036478.4
2025-06-07 18:00:00+00:00,0.6622,0.6658,0.6619,0.6628,2003559.8
2025-06-07 19:00:00+00:00,0.6628,0.6658,0.6626,0.6641,958934.6
2025-06-07 20:00:00+00:00,0.6641,0.6665,0.6641,0.6659,1171514.3
2025-06-07 21:00:00+00:00,0.6658,0.6697,0.6656,0.6692,1727311.6
2025-06-07 22:00:00+00:00,0.6692,0.6698,0.6664,0.6674,2354903.5
2025-06-07 23:00:00+00:00,0.6675,0.6678,0.664,0.6645,1512595.0
2025-06-08 00:00:00+00:00,0.6645,0.6649,0.6583,0.6593,2746988.5
2025-06-08 01:00:00+00:00,0.6593,0.6619,0.6557,0.6612,2685075.7
2025-06-08 02:00:00+00:00,0.6612,0.6612,0.6566,0.6588,1792164.0
2025-06-08 03:00:00+00:00,0.6589,0.6595,0.657,0.6581,1372136.4
2025-06-08 04:00:00+00:00,0.6582,0.6606,0.656,0.6597,1455666.6
2025-06-08 05:00:00+00:00,0.6598,0.6603,0.6568,0.6583,1183858.3
2025-06-08 06:00:00+00:00,0.6583,0.6661,0.6582,0.6613,2937645.9
2025-06-08 07:00:00+00:00,0.6612,0.6647,0.6607,0.6623,2228504.1
2025-06-08 08:00:00+00:00,0.6623,0.6636,0.6604,0.6605,1435775.1
2025-06-08 09:00:00+00:00,0.6606,0.6608,0.6517,0.6554,5062249.2
2025-06-08 10:00:00+00:00,0.6554,0.6564,0.6528,0.6561,2001756.7
2025-06-08 11:00:00+00:00,0.6561,0.6654,0.656,0.6644,4399433.1
2025-06-08 12:00:00+00:00,0.6643,0.669,0.6632,0.6667,4748861.9
2025-06-08 13:00:00+00:00,0.6667,0.6796,0.6647,0.6694,9376063.6
2025-06-08 14:00:00+00:00,0.6695,0.6709,0.6644,0.6684,4232958.9
2025-06-08 15:00:00+00:00,0.6685,0.6733,0.6684,0.67,2983584.9
2025-06-08 16:00:00+00:00,0.67,0.6737,0.67,0.6731,3950689.3
2025-06-08 17:00:00+00:00,0.6732,0.6747,0.6699,0.6708,1994230.7
2025-06-08 18:00:00+00:00,0.6709,0.6747,0.6701,0.6734,2191921.4
2025-06-08 19:00:00+00:00,0.6734,0.6778,0.6727,0.6744,3056355.1
2025-06-08 20:00:00+00:00,0.6744,0.6787,0.674,0.6755,2723422.9
2025-06-08 21:00:00+00:00,0.6756,0.6791,0.6748,0.6759,2266103.6
2025-06-08 22:00:00+00:00,0.6759,0.6762,0.6684,0.6698,4323942.2
2025-06-08 23:00:00+00:00,0.6697,0.6706,0.6677,0.6703,2003193.6
2025-06-09 00:00:00+00:00,0.6703,0.672,0.6665,0.6687,2745225.4
2025-06-09 01:00:00+00:00,0.6686,0.6687,0.6644,0.6652,2587350.4
2025-06-09 02:00:00+00:00,0.6651,0.6677,0.6629,0.6654,2309391.0
2025-06-09 03:00:00+00:00,0.6653,0.6654,0.6606,0.6635,3009937.3
2025-06-09 04:00:00+00:00,0.6635,0.6638,0.659,0.6596,2260754.9
2025-06-09 05:00:00+00:00,0.6596,0.6612,0.6573,0.6575,2331681.0
2025-06-09 06:00:00+00:00,0.6576,0.6639,0.6565,0.6638,3488236.7
2025-06-09 07:00:00+00:00,0.6637,0.6638,0.6611,0.6626,4769142.9
2025-06-09 08:00:00+00:00,0.6626,0.6643,0.6603,0.6642,1892612.7
2025-06-09 09:00:00+00:00,0.6642,0.6708,0.6616,0.6695,4154520.0
2025-06-09 10:00:00+00:00,0.6696,0.6777,0.6692,0.6756,6377350.5
2025-06-09 11:00:00+00:00,0.6755,0.6772,0.6728,0.6758,3855652.2
2025-06-09 12:00:00+00:00,0.6757,0.6761,0.6712,0.6743,3220954.7
2025-06-09 13:00:00+00:00,0.6744,0.6745,0.6655,0.6659,4126238.8
2025-06-09 14:00:00+00:00,0.6659,0.6727,0.6658,0.6699,3488647.2
2025-06-09 15:00:00+00:00,0.6699,0.6753,0.6694,0.6737,3207305.7
2025-06-09 16:00:00+00:00,0.6737,0.683,0.6737,0.6795,5760267.9
2025-06-09 17:00:00+00:00,0.6796,0.6865,0.6795,0.6826,5114822.9
2025-06-09 18:00:00+00:00,0.6825,0.6855,0.6809,0.6835,2783767.8
2025-06-09 19:00:00+00:00,0.6835,0.685,0.6793,0.6814,3376545.1
2025-06-09 20:00:00+00:00,0.6814,0.6875,0.6814,0.6863,3060874.1
2025-06-09 21:00:00+00:00,0.6864,0.6999,0.6864,0.6981,10664237.4
2025-06-09 22:00:00+00:00,0.6983,0.708,0.6983,0.7074,8827871.0
2025-06-09 23:00:00+00:00,0.7074,0.7076,0.7014,0.7049,5778857.6
2025-06-10 00:00:00+00:00,0.705,0.7144,0.7048,0.7135,8538729.8
2025-06-10 01:00:00+00:00,0.7134,0.7158,0.7092,0.7127,5191149.1
2025-06-10 02:00:00+00:00,0.7127,0.7134,0.7074,0.7118,4645654.8
2025-06-10 03:00:00+00:00,0.7119,0.7121,0.7055,0.7059,5736460.5
2025-06-10 04:00:00+00:00,0.706,0.7068,0.7025,0.7048,5064693.9
2025-06-10 05:00:00+00:00,0.7048,0.707,0.696,0.6978,5338253.0
2025-06-10 06:00:00+00:00,0.6978,0.7007,0.6934,0.6991,3768802.3
2025-06-10 07:00:00+00:00,0.6992,0.7007,0.6947,0.6964,3102040.8
2025-06-10 08:00:00+00:00,0.6965,0.6969,0.6895,0.6897,6450124.3
2025-06-10 09:00:00+00:00,0.6897,0.6956,0.6881,0.6954,3999514.7
2025-06-10 10:00:00+00:00,0.6953,0.6954,0.6877,0.6902,5916138.1
2025-06-10 11:00:00+00:00,0.6903,0.7074,0.6859,0.7048,11823809.7
2025-06-10 12:00:00+00:00,0.7049,0.7124,0.7011,0.712,11495158.1
2025-06-10 13:00:00+00:00,0.712,0.7126,0.6949,0.7018,11313014.2
2025-06-10 14:00:00+00:00,0.7017,0.7021,0.6908,0.693,5722660.2
2025-06-10 15:00:00+00:00,0.693,0.699,0.6877,0.6959,5290167.8
2025-06-10 16:00:00+00:00,0.6958,0.7008,0.6953,0.6967,3389764.7
2025-06-10 17:00:00+00:00,0.6968,0.7039,0.6963,0.7018,2596772.5
2025-06-10 18:00:00+00:00,0.7019,0.7091,0.6991,0.7075,4432720.1
2025-06-10 19:00:00+00:00,0.7074,0.7154,0.7056,0.7087,9160576.9
2025-06-10 20:00:00+00:00,0.7087,0.7102,0.7036,0.7097,2903521.9
2025-06-10 21:00:00+00:00,0.7098,0.7123,0.7047,0.709,4831140.6
2025-06-10 22:00:00+00:00,0.709,0.7206,0.7087,0.7144,7955965.3
2025-06-10 23:00:00+00:00,0.7144,0.7191,0.7131,0.7167,8165717.0
2025-06-11 00:00:00+00:00,0.7167,0.721,0.7113,0.7117,5027626.4
2025-06-11 01:00:00+00:00,0.7117,0.7146,0.7093,0.7109,4340223.1
2025-06-11 02:00:00+00:00,0.711,0.7167,0.7101,0.7118,2890651.4
2025-06-11 03:00:00+00:00,0.7118,0.7218,0.7112,0.7201,4291691.7
2025-06-11 04:00:00+00:00,0.72,0.723,0.7174,0.7192,4312526.6
2025-06-11 05:00:00+00:00,0.7193,0.7204,0.7171,0.7195,1915553.2
2025-06-11 06:00:00+00:00,0.7195,0.727,0.7177,0.7269,4583538.7
2025-06-11 07:00:00+00:00,0.727,0.7276,0.7198,0.7236,5827816.4
2025-06-11 08:00:00+00:00,0.7235,0.729,0.72,0.7211,6806282.2
2025-06-11 09:00:00+00:00,0.7212,0.7221,0.712,0.7132,4948380.1
2025-06-11 10:00:00+00:00,0.7132,0.7195,0.7113,0.7194,4308140.7
2025-06-11 11:00:00+00:00,0.7194,0.7195,0.7121,0.7148,2711690.5
2025-06-11 12:00:00+00:00,0.7148,0.7284,0.7111,0.7233,10324964.3
2025-06-11 13:00:00+00:00,0.7233,0.727,0.7189,0.7201,4656882.9
2025-06-11 14:00:00+00:00,0.7201,0.7315,0.719,0.7248,6053030.9
2025-06-11 15:00:00+00:00,0.7248,0.7284,0.7218,0.7257,3381974.4
2025-06-11 16:00:00+00:00,0.7256,0.7263,0.7194,0.7202,4035943.1
2025-06-11 17:00:00+00:00,0.7203,0.721,0.7096,0.7105,7150121.6
2025-06-11 18:00:00+00:00,0.7104,0.7126,0.7054,0.7075,5086654.9
2025-06-11 19:00:00+00:00,0.7076,0.708,0.7021,0.7042,4790393.2
2025-06-11 20:00:00+00:00,0.7041,0.7068,0.6991,0.7045,3757305.6
2025-06-11 21:00:00+00:00,0.7046,0.7101,0.6946,0.6965,3774270.4
2025-06-11 22:00:00+00:00,0.6965,0.6987,0.6909,0.6936,5775659.0
2025-06-11 23:00:00+00:00,0.6936,0.6985,0.6925,0.698,2869893.7
2025-06-12 00:00:00+00:00,0.6979,0.7003,0.6933,0.6984,3393001.1
2025-06-12 01:00:00+00:00,0.6983,0.6988,0.6928,0.6973,1656043.2
2025-06-12 02:00:00+00:00,0.6972,0.699,0.6935,0.6941,2472150.2
2025-06-12 03:00:00+00:00,0.6941,0.6948,0.6887,0.6907,2850718.4
2025-06-12 04:00:00+00:00,0.6907,0.6912,0.6871,0.6906,2325003.4
2025-06-12 05:00:00+00:00,0.6905,0.6947,0.688,0.693,2361332.4
2025-06-12 06:00:00+00:00,0.6929,0.6942,0.6892,0.6926,2093899.1
2025-06-12 07:00:00+00:00,0.6925,0.6934,0.6857,0.687,2967580.3
2025-06-12 08:00:00+00:00,0.6869,0.6888,0.6823,0.6859,4615481.4
2025-06-12 09:00:00+00:00,0.6859,0.6875,0.6838,0.686,1788527.8
2025-06-12 10:00:00+00:00,0.686,0.686,0.6794,0.6822,4170014.1
2025-06-12 11:00:00+00:00,0.6822,0.6829,0.6756,0.6774,5239506.9
2025-06-12 12:00:00+00:00,0.6774,0.6849,0.6763,0.6829,5391505.2
2025-06-12 13:00:00+00:00,0.6829,0.6861,0.6814,0.6838,3281483.7
2025-06-12 14:00:00+00:00,0.6839,0.6898,0.6838,0.689,3274855.1
2025-06-12 15:00:00+00:00,0.689,0.6901,0.6764,0.6772,4623879.7
2025-06-12 16:00:00+00:00,0.6772,0.6852,0.676,0.6829,3104725.0
2025-06-12 17:00:00+00:00,0.6829,0.6884,0.6819,0.6866,2917326.0
2025-06-12 18:00:00+00:00,0.6866,0.6875,0.6761,0.6791,4485242.6
2025-06-12 19:00:00+00:00,0.6791,0.682,0.6664,0.6685,9563803.3
2025-06-12 20:00:00+00:00,0.6685,0.6712,0.6571,0.6614,11470553.3
2025-06-12 21:00:00+00:00,0.6613,0.6653,0.6585,0.6589,8420825.3
2025-06-12 22:00:00+00:00,0.6588,0.6621,0.6569,0.6606,3796304.1
2025-06-12 23:00:00+00:00,0.6605,0.666,0.6595,0.6613,2830860.5
2025-06-13 00:00:00+00:00,0.6613,0.6614,0.623,0.6335,37335185.0
2025-06-13 01:00:00+00:00,0.6335,0.6336,0.6181,0.6263,27097153.1
2025-06-13 02:00:00+00:00,0.6262,0.6266,0.6174,0.6235,11542913.0
2025-06-13 03:00:00+00:00,0.6235,0.6368,0.6228,0.6346,9455634.2
2025-06-13 04:00:00+00:00,0.6346,0.6346,0.6274,0.6316,5631646.3
2025-06-13 05:00:00+00:00,0.6316,0.634,0.6292,0.6318,4212894.0
2025-06-13 06:00:00+00:00,0.6318,0.6353,0.625,0.6353,5632163.8
2025-06-13 07:00:00+00:00,0.6352,0.637,0.63,0.6356,6370615.5
2025-06-13 08:00:00+00:00,0.6357,0.6424,0.6335,0.6355,6693056.0
2025-06-13 09:00:00+00:00,0.6355,0.6361,0.6302,0.6334,5327284.3
2025-06-13 10:00:00+00:00,0.6335,0.6384,0.6304,0.6383,3961019.7
2025-06-13 11:00:00+00:00,0.6384,0.6417,0.6351,0.6417,5131223.7
2025-06-13 12:00:00+00:00,0.6416,0.6436,0.6371,0.6381,4424909.2
2025-06-13 13:00:00+00:00,0.6382,0.6426,0.6354,0.6364,5803185.9
2025-06-13 14:00:00+00:00,0.6364,0.6397,0.6277,0.634,8391311.7
2025-06-13 15:00:00+00:00,0.6341,0.6411,0.6314,0.6383,5989513.3
2025-06-13 16:00:00+00:00,0.6384,0.645,0.6362,0.6413,5991590.2
2025-06-13 17:00:00+00:00,0.6413,0.6413,0.6321,0.6375,3718552.1
2025-06-13 18:00:00+00:00,0.6375,0.6385,0.6279,0.6324,4082475.0
2025-06-13 19:00:00+00:00,0.6323,0.6344,0.6294,0.632,3432878.8
2025-06-13 20:00:00+00:00,0.6321,0.6391,0.6308,0.6377,2618002.1
2025-06-13 21:00:00+00:00,0.6378,0.6392,0.6346,0.6387,2533980.9
2025-06-13 22:00:00+00:00,0.6388,0.6417,0.6366,0.6391,1254358.6
2025-06-13 23:00:00+00:00,0.639,0.6427,0.6386,0.642,3677135.3
2025-06-14 00:00:00+00:00,0.6421,0.6428,0.6369,0.6374,4730417.6
2025-06-14 01:00:00+00:00,0.6375,0.6386,0.6349,0.6366,3563353.3
2025-06-14 02:00:00+00:00,0.6365,0.6388,0.6334,0.635,2907317.1
2025-06-14 03:00:00+00:00,0.6351,0.6382,0.6343,0.6363,1263286.1
2025-06-14 04:00:00+00:00,0.6363,0.6389,0.6359,0.6386,1185461.1
2025-06-14 05:00:00+00:00,0.6386,0.639,0.6362,0.6383,780170.9
2025-06-14 06:00:00+00:00,0.6382,0.6389,0.6346,0.636,5464699.5
2025-06-14 07:00:00+00:00,0.636,0.6378,0.6324,0.6365,1850066.8
2025-06-14 08:00:00+00:00,0.6365,0.6369,0.6336,0.6367,930209.7
2025-06-14 09:00:00+00:00,0.6367,0.6367,0.632,0.6324,2889948.3
2025-06-14 10:00:00+00:00,0.6324,0.6366,0.6315,0.6361,2750235.5
2025-06-14 11:00:00+00:00,0.6361,0.6379,0.6345,0.6361,897064.9
2025-06-14 12:00:00+00:00,0.636,0.6366,0.6324,0.6356,937916.4
2025-06-14 13:00:00+00:00,0.6357,0.6374,0.6331,0.6341,1368773.5
2025-06-14 14:00:00+00:00,0.6341,0.6351,0.631,0.6314,1319691.2
2025-06-14 15:00:00+00:00,0.6314,0.6328,0.6263,0.6285,2763839.1
2025-06-14 16:00:00+00:00,0.6285,0.6302,0.6145,0.6183,8056752.3
2025-06-14 17:00:00+00:00,0.6182,0.6247,0.6169,0.6221,2129189.0
2025-06-14 18:00:00+00:00,0.622,0.6253,0.6156,0.6207,2503891.7
2025-06-14 19:00:00+00:00,0.6207,0.6239,0.6188,0.6189,1488051.4
2025-06-14 20:00:00+00:00,0.619,0.6196,0.6131,0.6188,2915652.0
2025-06-14 21:00:00+00:00,0.6188,0.6268,0.6177,0.6253,2505380.1
2025-06-14 22:00:00+00:00,0.6254,0.6274,0.621,0.6223,1629638.5
2025-06-14 23:00:00+00:00,0.6223,0.6259,0.6221,0.6247,919185.8
2025-06-15 00:00:00+00:00,0.6247,0.6272,0.6238,0.6263,2197857.3
2025-06-15 01:00:00+00:00,0.6262,0.6272,0.6236,0.6245,1396129.4
2025-06-15 02:00:00+00:00,0.6245,0.6282,0.6244,0.6267,844343.0
2025-06-15 03:00:00+00:00,0.6268,0.63,0.6263,0.6275,1452245.2
2025-06-15 04:00:00+00:00,0.6276,0.6317,0.6274,0.6314,1092468.0
2025-06-15 05:00:00+00:00,0.6314,0.6342,0.6292,0.6341,1174886.2
2025-06-15 06:00:00+00:00,0.6342,0.6348,0.6295,0.6299,2192878.6
2025-06-15 07:00:00+00:00,0.63,0.6304,0.6274,0.6278,1671878.6
2025-06-15 08:00:00+00:00,0.6279,0.6283,0.6254,0.6266,828553.5
2025-06-15 09:00:00+00:00,0.6265,0.6267,0.6211,0.6222,2897676.1
2025-06-15 10:00:00+00:00,0.6223,0.6274,0.6221,0.6273,935751.9
2025-06-15 11:00:00+00:00,0.6272,0.6287,0.6237,0.6261,1526065.8
2025-06-15 12:00:00+00:00,0.6261,0.6297,0.6256,0.6295,1343309.3
2025-06-15 13:00:00+00:00,0.6294,0.6327,0.6286,0.6318,1901148.8
2025-06-15 14:00:00+00:00,0.6318,0.6359,0.6283,0.635,5306231.5
2025-06-15 15:00:00+00:00,0.6349,0.6356,0.6296,0.6305,3467445.1
2025-06-15 16:00:00+00:00,0.6305,0.6323,0.629,0.6305,2356666.9
2025-06-15 17:00:00+00:00,0.6305,0.6322,0.6282,0.6302,1339037.0
2025-06-15 18:00:00+00:00,0.6302,0.6313,0.6274,0.6307,973741.0
2025-06-15 19:00:00+00:00,0.6306,0.6327,0.6276,0.6297,1248135.1
2025-06-15 20:00:00+00:00,0.6297,0.6298,0.6208,0.6233,2528624.6
2025-06-15 21:00:00+00:00,0.6232,0.6269,0.6209,0.6269,1587596.4
2025-06-15 22:00:00+00:00,0.6268,0.634,0.6263,0.6325,3050116.4
2025-06-15 23:00:00+00:00,0.6325,0.6349,0.6317,0.6334,1353493.8
2025-06-16 00:00:00+00:00,0.6333,0.6347,0.6303,0.6319,1463808.0
2025-06-16 01:00:00+00:00,0.6319,0.638,0.6247,0.6373,3668892.1
2025-06-16 02:00:00+00:00,0.6373,0.641,0.6363,0.6379,4257038.3
2025-06-16 03:00:00+00:00,0.638,0.6404,0.6361,0.6369,2245835.7
2025-06-16 04:00:00+00:00,0.6369,0.6421,0.6363,0.6414,3855836.6
2025-06-16 05:00:00+00:00,0.6414,0.6459,0.64,0.6442,5482278.3
2025-06-16 06:00:00+00:00,0.6443,0.6456,0.6428,0.6429,2226610.7
2025-06-16 07:00:00+00:00,0.643,0.6506,0.643,0.6491,5496681.8
2025-06-16 08:00:00+00:00,0.6492,0.6497,0.6457,0.6469,3321319.0
2025-06-16 09:00:00+00:00,0.6469,0.6476,0.6442,0.6446,1917228.4
2025-06-16 10:00:00+00:00,0.6447,0.6465,0.6419,0.6428,2109742.1
2025-06-16 11:00:00+00:00,0.6428,0.6477,0.639,0.6461,4098921.6
2025-06-16 12:00:00+00:00,0.6461,0.6494,0.643,0.6441,3955600.2
2025-06-16 13:00:00+00:00,0.6442,0.6494,0.643,0.6492,3362417.9
2025-06-16 14:00:00+00:00,0.6491,0.6537,0.6463,0.6502,7631776.4
2025-06-16 15:00:00+00:00,0.6502,0.6541,0.6474,0.6492,4333060.4
2025-06-16 16:00:00+00:00,0.6493,0.6563,0.6484,0.6552,5208969.2
2025-06-16 17:00:00+00:00,0.6551,0.6572,0.651,0.6516,3019541.2
2025-06-16 18:00:00+00:00,0.6516,0.6561,0.6508,0.6558,2627821.0
2025-06-16 19:00:00+00:00,0.6558,0.6575,0.6533,0.6551,3074233.7
2025-06-16 20:00:00+00:00,0.6551,0.6564,0.6516,0.6559,3578333.5
2025-06-16 21:00:00+00:00,0.656,0.6564,0.6519,0.6536,1619416.9
2025-06-16 22:00:00+00:00,0.6537,0.6566,0.6346,0.6404,13074351.3
2025-06-16 23:00:00+00:00,0.6404,0.6448,0.6283,0.6303,7972437.9
2025-06-17 00:00:00+00:00,0.6302,0.6368,0.6189,0.6359,17875171.8
2025-06-17 01:00:00+00:00,0.6359,0.6378,0.631,0.635,4447624.3
2025-06-17 02:00:00+00:00,0.635,0.6398,0.6297,0.6394,3633406.0
2025-06-17 03:00:00+00:00,0.6394,0.6426,0.6364,0.6367,3768553.3
2025-06-17 04:00:00+00:00,0.6367,0.6377,0.6329,0.6342,3051970.1
2025-06-17 05:00:00+00:00,0.6341,0.6354,0.6319,0.6332,2081329.3
2025-06-17 06:00:00+00:00,0.6331,0.6356,0.6306,0.6317,1793250.3
2025-06-17 07:00:00+00:00,0.6316,0.6337,0.6301,0.6325,1964112.7
2025-06-17 08:00:00+00:00,0.6325,0.6329,0.624,0.6248,3168291.2
2025-06-17 09:00:00+00:00,0.6248,0.6274,0.6231,0.6261,2345059.0
2025-06-17 10:00:00+00:00,0.626,0.6262,0.6206,0.6253,3357453.9
2025-06-17 11:00:00+00:00,0.6252,0.6254,0.6205,0.6217,2513794.7
2025-06-17 12:00:00+00:00,0.6218,0.625,0.6209,0.6223,2606802.0
2025-06-17 13:00:00+00:00,0.6223,0.6266,0.6213,0.6239,4120283.4
2025-06-17 14:00:00+00:00,0.624,0.628,0.6197,0.6204,3000637.5
2025-06-17 15:00:00+00:00,0.6204,0.6204,0.6067,0.6118,15269063.2
2025-06-17 16:00:00+00:00,0.6117,0.6126,0.6013,0.6019,9708223.6
2025-06-17 17:00:00+00:00,0.6019,0.6087,0.5998,0.6041,6985517.9
2025-06-17 18:00:00+00:00,0.604,0.6144,0.6036,0.6142,2952577.9
2025-06-17 19:00:00+00:00,0.6142,0.6221,0.6138,0.6176,4850924.4
2025-06-17 20:00:00+00:00,0.6175,0.6196,0.6139,0.6143,2865276.7
2025-06-17 21:00:00+00:00,0.6143,0.6154,0.6091,0.6103,3617190.5
2025-06-17 22:00:00+00:00,0.6103,0.6113,0.6053,0.606,2591626.2
2025-06-17 23:00:00+00:00,0.606,0.6128,0.6059,0.609,1802164.9
2025-06-18 00:00:00+00:00,0.609,0.6143,0.6086,0.614,1482583.1
2025-06-18 01:00:00+00:00,0.6141,0.6178,0.6109,0.6113,2239351.8
2025-06-18 02:00:00+00:00,0.6113,0.6136,0.6091,0.6095,2165962.8
2025-06-18 03:00:00+00:00,0.6095,0.6145,0.6082,0.6138,2122531.7
2025-06-18 04:00:00+00:00,0.6137,0.6208,0.6131,0.6196,2481981.1
2025-06-18 05:00:00+00:00,0.6196,0.6217,0.6179,0.6183,3503556.0
2025-06-18 06:00:00+00:00,0.6183,0.6188,0.6132,0.6137,2013918.6
2025-06-18 07:00:00+00:00,0.6137,0.6155,0.6121,0.6155,2329356.3
2025-06-18 08:00:00+00:00,0.6156,0.6177,0.6098,0.6122,2366762.2
2025-06-18 09:00:00+00:00,0.6122,0.6145,0.6088,0.61,3186401.5
2025-06-18 10:00:00+00:00,0.61,0.6104,0.5995,0.601,6533223.6
2025-06-18 11:00:00+00:00,0.601,0.6077,0.5996,0.607,2710418.8
2025-06-18 12:00:00+00:00,0.607,0.6079,0.6005,0.6013,3116270.6
2025-06-18 13:00:00+00:00,0.6013,0.6017,0.592,0.5995,12359991.8
2025-06-18 14:00:00+00:00,0.5996,0.6065,0.5948,0.5958,12087388.1
2025-06-18 15:00:00+00:00,0.5959,0.5998,0.5897,0.5947,9305661.6
2025-06-18 16:00:00+00:00,0.5947,0.5962,0.5899,0.5915,5076769.1
2025-06-18 17:00:00+00:00,0.5915,0.5978,0.5882,0.5956,4748453.9
2025-06-18 18:00:00+00:00,0.5957,0.601,0.5891,0.5892,9736764.1
2025-06-18 19:00:00+00:00,0.5891,0.5987,0.588,0.5909,7742906.2
2025-06-18 20:00:00+00:00,0.5909,0.6077,0.5895,0.6053,6702483.2
2025-06-18 21:00:00+00:00,0.6054,0.6099,0.602,0.6076,10552173.7
2025-06-18 22:00:00+00:00,0.6075,0.6089,0.6043,0.6053,3266381.7
2025-06-18 23:00:00+00:00,0.6054,0.6076,0.6018,0.6039,3115491.3
2025-06-19 00:00:00+00:00,0.604,0.6117,0.6027,0.607,6957398.7
2025-06-19 01:00:00+00:00,0.6071,0.6075,0.6013,0.6022,7107732.1
2025-06-19 02:00:00+00:00,0.6023,0.6041,0.5986,0.5999,2948192.3
2025-06-19 03:00:00+00:00,0.6,0.6034,0.6,0.6032,2080210.9
2025-06-19 04:00:00+00:00,0.6033,0.6056,0.5998,0.6045,2587602.4
2025-06-19 05:00:00+00:00,0.6044,0.6077,0.6014,0.6017,3706437.3
2025-06-19 06:00:00+00:00,0.6016,0.6032,0.5968,0.5978,3072860.6
2025-06-19 07:00:00+00:00,0.5979,0.5997,0.5973,0.5984,1942541.0
2025-06-19 08:00:00+00:00,0.5984,0.6012,0.5981,0.5984,1775529.1
2025-06-19 09:00:00+00:00,0.5983,0.6038,0.5972,0.6015,3318991.9
2025-06-19 10:00:00+00:00,0.6015,0.6029,0.5987,0.5997,2547972.5
2025-06-19 11:00:00+00:00,0.5997,0.5997,0.5975,0.5986,1652392.5
2025-06-19 12:00:00+00:00,0.5987,0.6011,0.5968,0.5988,1730475.8
2025-06-19 13:00:00+00:00,0.5989,0.6001,0.5944,0.5949,2688222.4
2025-06-19 14:00:00+00:00,0.5949,0.5978,0.5917,0.5919,2742807.2
2025-06-19 15:00:00+00:00,0.5919,0.5949,0.5907,0.591,2223339.5
2025-06-19 16:00:00+00:00,0.5911,0.5946,0.5898,0.5905,2788540.3
2025-06-19 17:00:00+00:00,0.5906,0.6008,0.5904,0.5979,3710129.2
2025-06-19 18:00:00+00:00,0.5978,0.602,0.5967,0.6004,2787191.5
2025-06-19 19:00:00+00:00,0.6005,0.601,0.598,0.5996,2544527.5
2025-06-19 20:00:00+00:00,0.5997,0.6033,0.598,0.5994,1781136.5
2025-06-19 21:00:00+00:00,0.5994,0.6011,0.5975,0.5986,2859021.5
2025-06-19 22:00:00+00:00,0.5987,0.6038,0.5987,0.6027,2300744.8
2025-06-19 23:00:00+00:00,0.6028,0.6033,0.6009,0.602,1455418.2
2025-06-20 00:00:00+00:00,0.6021,0.6041,0.6013,0.6026,2038833.2
2025-06-20 01:00:00+00:00,0.6026,0.6032,0.5993,0.6027,1751630.9
2025-06-20 02:00:00+00:00,0.6028,0.6036,0.5993,0.6001,1638987.3
2025-06-20 03:00:00+00:00,0.6002,0.6006,0.5978,0.598,1717996.1
2025-06-20 04:00:00+00:00,0.598,0.5982,0.5901,0.5905,4544139.9
2025-06-20 05:00:00+00:00,0.5906,0.5928,0.5869,0.5919,5218884.6
2025-06-20 06:00:00+00:00,0.5919,0.5939,0.5908,0.592,2169435.7
2025-06-20 07:00:00+00:00,0.5919,0.6034,0.5901,0.6027,5766518.4
2025-06-20 08:00:00+00:00,0.6028,0.6071,0.6002,0.6023,6021359.8
2025-06-20 09:00:00+00:00,0.6024,0.6037,0.5999,0.602,4129708.8
2025-06-20 10:00:00+00:00,0.602,0.6039,0.5993,0.6019,2318716.0
2025-06-20 11:00:00+00:00,0.6018,0.6033,0.5992,0.6023,2053119.6
2025-06-20 12:00:00+00:00,0.6024,0.6049,0.6004,0.6028,1787175.8
2025-06-20 13:00:00+00:00,0.6029,0.6055,0.5985,0.6002,3308125.1
2025-06-20 14:00:00+00:00,0.6002,0.6018,0.5823,0.5832,13767061.5
2025-06-20 15:00:00+00:00,0.5832,0.5881,0.5812,0.5832,8833527.5
2025-06-20 16:00:00+00:00,0.5833,0.5846,0.5763,0.5775,10068658.0
2025-06-20 17:00:00+00:00,0.5775,0.5794,0.5613,0.576,35948883.0
2025-06-20 18:00:00+00:00,0.576,0.5807,0.5745,0.5777,10344849.0
2025-06-20 19:00:00+00:00,0.5777,0.5795,0.5735,0.5779,5795662.8
2025-06-20 20:00:00+00:00,0.5778,0.5842,0.5777,0.5816,3917634.3
2025-06-20 21:00:00+00:00,0.5817,0.5818,0.5769,0.5775,2043175.4
2025-06-20 22:00:00+00:00,0.5774,0.578,0.5711,0.5731,3706324.5
2025-06-20 23:00:00+00:00,0.5732,0.5775,0.5728,0.5774,2067716.0
2025-06-21 00:00:00+00:00,0.5775,0.5819,0.577,0.5797,4200984.3
2025-06-21 01:00:00+00:00,0.5797,0.5864,0.5796,0.5861,5007433.5
2025-06-21 02:00:00+00:00,0.5861,0.5869,0.5834,0.5842,2450146.9
2025-06-21 03:00:00+00:00,0.5843,0.587,0.584,0.5846,2081687.9
2025-06-21 04:00:00+00:00,0.5846,0.5858,0.5838,0.5842,2518578.3
2025-06-21 05:00:00+00:00,0.5843,0.5864,0.5827,0.5856,4809767.8
2025-06-21 06:00:00+00:00,0.5857,0.5882,0.5831,0.5834,6851760.3
2025-06-21 07:00:00+00:00,0.5835,0.5836,0.5812,0.5823,3834427.1
2025-06-21 08:00:00+00:00,0.5824,0.5856,0.5813,0.5853,3271039.5
2025-06-21 09:00:00+00:00,0.5853,0.5865,0.5837,0.5847,6136273.7
2025-06-21 10:00:00+00:00,0.5847,0.5862,0.583,0.5834,3011851.5
2025-06-21 11:00:00+00:00,0.5833,0.5853,0.5828,0.584,2270323.5
2025-06-21 12:00:00+00:00,0.5839,0.5855,0.5806,0.5808,1586222.9
2025-06-21 13:00:00+00:00,0.5807,0.5825,0.5759,0.5763,3910894.3
2025-06-21 14:00:00+00:00,0.5763,0.5796,0.575,0.5763,3812161.7
2025-06-21 15:00:00+00:00,0.5763,0.5773,0.572,0.5757,3155013.5
2025-06-21 16:00:00+00:00,0.5756,0.5785,0.5726,0.5749,2618019.0
2025-06-21 17:00:00+00:00,0.5748,0.5771,0.5678,0.5692,5881200.6
2025-06-21 18:00:00+00:00,0.5693,0.5744,0.5669,0.5676,3880823.5
2025-06-21 19:00:00+00:00,0.5676,0.5691,0.5637,0.5644,7056068.4
2025-06-21 20:00:00+00:00,0.5644,0.5698,0.5632,0.5685,5923921.4
2025-06-21 21:00:00+00:00,0.5684,0.5692,0.5458,0.5515,29631509.3
2025-06-21 22:00:00+00:00,0.5514,0.5584,0.5496,0.5548,10095892.1
2025-06-21 23:00:00+00:00,0.5549,0.5572,0.5443,0.5561,16950670.2
2025-06-22 00:00:00+00:00,0.5562,0.5642,0.5505,0.5609,13230193.6
2025-06-22 01:00:00+00:00,0.561,0.5629,0.5528,0.553,9723430.0
2025-06-22 02:00:00+00:00,0.553,0.5572,0.545,0.5497,8844850.6
2025-06-22 03:00:00+00:00,0.5496,0.5525,0.545,0.5477,7759682.9
2025-06-22 04:00:00+00:00,0.5476,0.5549,0.5461,0.5523,5569315.2
2025-06-22 05:00:00+00:00,0.5522,0.5562,0.5521,0.5555,4757820.3
2025-06-22 06:00:00+00:00,0.5556,0.558,0.5533,0.5563,2520753.9
2025-06-22 07:00:00+00:00,0.5562,0.5571,0.5484,0.5488,6643848.0
2025-06-22 08:00:00+00:00,0.5488,0.5499,0.5459,0.5483,7479269.2
2025-06-22 09:00:00+00:00,0.5483,0.5505,0.5389,0.5395,10261541.7
2025-06-22 10:00:00+00:00,0.5394,0.5472,0.5386,0.5444,5681815.9
2025-06-22 11:00:00+00:00,0.5443,0.5487,0.5427,0.5463,4564395.8
2025-06-22 12:00:00+00:00,0.5464,0.5488,0.5407,0.5484,7369174.3
2025-06-22 13:00:00+00:00,0.5484,0.5514,0.5255,0.5309,48951456.9
2025-06-22 14:00:00+00:00,0.5308,0.5339,0.5203,0.5309,32353924.3
2025-06-22 15:00:00+00:00,0.5309,0.5329,0.5221,0.5232,11412320.6
2025-06-22 16:00:00+00:00,0.5232,0.5295,0.5205,0.5291,8840340.2
2025-06-22 17:00:00+00:00,0.5291,0.5358,0.5264,0.5326,8260634.9
2025-06-22 18:00:00+00:00,0.5326,0.5358,0.5277,0.5284,3425313.3
2025-06-22 19:00:00+00:00,0.5284,0.5296,0.5231,0.5244,3869501.0
2025-06-22 20:00:00+00:00,0.5245,0.5306,0.51,0.5283,21200431.4
2025-06-22 21:00:00+00:00,0.5283,0.5316,0.5225,0.5255,8031324.9
2025-06-22 22:00:00+00:00,0.5256,0.5402,0.5253,0.5397,9216194.4
2025-06-22 23:00:00+00:00,0.5397,0.5421,0.5381,0.5419,4464821.6
2025-06-23 00:00:00+00:00,0.5419,0.5468,0.5397,0.5426,5549414.7
2025-06-23 01:00:00+00:00,0.5427,0.5455,0.5393,0.5453,2408308.6
2025-06-23 02:00:00+00:00,0.5454,0.5463,0.5433,0.5454,1969994.6
2025-06-23 03:00:00+00:00,0.5453,0.548,0.5443,0.5456,3201127.3
2025-06-23 04:00:00+00:00,0.5456,0.5481,0.5439,0.5464,2410744.0
2025-06-23 05:00:00+00:00,0.5465,0.55,0.5463,0.5486,2568365.9
2025-06-23 06:00:00+00:00,0.5486,0.5508,0.5463,0.549,5129160.5
2025-06-23 07:00:00+00:00,0.549,0.5522,0.5469,0.5485,3409024.9
2025-06-23 08:00:00+00:00,0.5485,0.5504,0.5461,0.5475,2946234.1
2025-06-23 09:00:00+00:00,0.5475,0.5476,0.543,0.5449,6312361.1
2025-06-23 10:00:00+00:00,0.5449,0.5452,0.54,0.5426,3520232.3
2025-06-23 11:00:00+00:00,0.5426,0.5441,0.5401,0.5431,4489083.9
2025-06-23 12:00:00+00:00,0.5431,0.5473,0.5392,0.5472,4276158.2
2025-06-23 13:00:00+00:00,0.5472,0.5554,0.5377,0.5531,15684748.6
2025-06-23 14:00:00+00:00,0.5532,0.5571,0.5464,0.5479,19702640.9
2025-06-23 15:00:00+00:00,0.5479,0.5513,0.5418,0.5424,6713545.1
2025-06-23 16:00:00+00:00,0.5424,0.5432,0.5289,0.5349,17979942.0
2025-06-23 17:00:00+00:00,0.5349,0.5535,0.533,0.5482,16948960.8
2025-06-23 18:00:00+00:00,0.5484,0.5547,0.5483,0.5524,14137969.3
2025-06-23 19:00:00+00:00,0.5523,0.5562,0.5509,0.5549,9095402.9
2025-06-23 20:00:00+00:00,0.5549,0.5665,0.5533,0.5598,19150199.3
2025-06-23 21:00:00+00:00,0.5598,0.5673,0.5598,0.5645,14235700.0
2025-06-23 22:00:00+00:00,0.5646,0.5862,0.5645,0.5836,22643093.7
2025-06-23 23:00:00+00:00,0.5836,0.5849,0.5806,0.5823,10458213.4
2025-06-24 00:00:00+00:00,0.5823,0.5845,0.5774,0.5793,6808799.7
2025-06-24 01:00:00+00:00,0.5792,0.5817,0.5778,0.5813,4725406.9
2025-06-24 02:00:00+00:00,0.5812,0.5812,0.5762,0.577,5524402.0
2025-06-24 03:00:00+00:00,0.577,0.5817,0.5768,0.5797,5605962.0
2025-06-24 04:00:00+00:00,0.5797,0.5826,0.5788,0.5816,2905103.9
2025-06-24 05:00:00+00:00,0.5815,0.5934,0.5812,0.5929,7307125.2
2025-06-24 06:00:00+00:00,0.5929,0.5936,0.5876,0.5918,15535933.1
2025-06-24 07:00:00+00:00,0.5918,0.5934,0.5816,0.5819,11118456.3
2025-06-24 08:00:00+00:00,0.5819,0.583,0.5772,0.5798,11276341.3
2025-06-24 09:00:00+00:00,0.5798,0.5876,0.5792,0.5824,6963628.1
2025-06-24 10:00:00+00:00,0.5824,0.5841,0.5804,0.5824,4071476.2
2025-06-24 11:00:00+00:00,0.5824,0.585,0.579,0.5849,6222570.0
2025-06-24 12:00:00+00:00,0.5848,0.5895,0.5815,0.5836,11256096.8
2025-06-24 13:00:00+00:00,0.5835,0.5853,0.5795,0.5816,6481964.5
2025-06-24 14:00:00+00:00,0.5816,0.5887,0.5814,0.5857,8190713.9
2025-06-24 15:00:00+00:00,0.5857,0.5884,0.5808,0.5836,6507244.6
2025-06-24 16:00:00+00:00,0.5837,0.5924,0.5827,0.5922,6355919.9
2025-06-24 17:00:00+00:00,0.5922,0.5925,0.5838,0.5861,5976399.3
2025-06-24 18:00:00+00:00,0.5862,0.5871,0.5814,0.5819,3837549.1
2025-06-24 19:00:00+00:00,0.5819,0.5838,0.579,0.5827,2745226.6
2025-06-24 20:00:00+00:00,0.5827,0.5874,0.5811,0.5872,2596110.5
2025-06-24 21:00:00+00:00,0.5871,0.5879,0.5837,0.5871,2018515.0
2025-06-24 22:00:00+00:00,0.587,0.5873,0.5837,0.5865,2164017.6
2025-06-24 23:00:00+00:00,0.5865,0.5877,0.584,0.5875,1899018.7
2025-06-25 00:00:00+00:00,0.5875,0.5902,0.584,0.5894,3043626.7
2025-06-25 01:00:00+00:00,0.5894,0.5902,0.5852,0.5877,2674374.1
2025-06-25 02:00:00+00:00,0.5878,0.5907,0.5853,0.5859,2676117.8
2025-06-25 03:00:00+00:00,0.5859,0.5882,0.5838,0.584,1815694.1
2025-06-25 04:00:00+00:00,0.584,0.5842,0.5812,0.5824,2941760.4
2025-06-25 05:00:00+00:00,0.5823,0.5833,0.5802,0.5811,2422830.7
2025-06-25 06:00:00+00:00,0.5811,0.5832,0.5792,0.5831,2274610.8
2025-06-25 07:00:00+00:00,0.583,0.5863,0.581,0.585,2557286.9
2025-06-25 08:00:00+00:00,0.5849,0.5853,0.5775,0.5801,5876946.7
2025-06-25 09:00:00+00:00,0.5802,0.5823,0.5744,0.5765,6975301.7
2025-06-25 10:00:00+00:00,0.5765,0.5792,0.5749,0.5783,3788519.2
2025-06-25 11:00:00+00:00,0.5784,0.5815,0.5761,0.5806,3637757.2
2025-06-25 12:00:00+00:00,0.5805,0.5805,0.575,0.577,4893179.2
2025-06-25 13:00:00+00:00,0.577,0.5856,0.5755,0.5829,9527799.4
2025-06-25 14:00:00+00:00,0.583,0.5836,0.5711,0.5763,12848421.5
2025-06-25 15:00:00+00:00,0.5763,0.5765,0.5661,0.5673,9896105.1
2025-06-25 16:00:00+00:00,0.5674,0.5708,0.5636,0.5652,8026037.9
2025-06-25 17:00:00+00:00,0.5652,0.5722,0.5643,0.5694,4649493.6
2025-06-25 18:00:00+00:00,0.5694,0.5697,0.566,0.5674,3339932.2
2025-06-25 19:00:00+00:00,0.5674,0.5726,0.5671,0.5715,3023918.3
2025-06-25 20:00:00+00:00,0.5715,0.5729,0.5699,0.5726,1588796.7
2025-06-25 21:00:00+00:00,0.5726,0.5746,0.5674,0.5683,2802984.4
2025-06-25 22:00:00+00:00,0.5684,0.5684,0.5646,0.5657,2974718.5
2025-06-25 23:00:00+00:00,0.5656,0.5674,0.5631,0.5671,2258398.0
2025-06-26 00:00:00+00:00,0.5671,0.5702,0.566,0.5693,3597385.6
2025-06-26 01:00:00+00:00,0.5693,0.5763,0.566,0.5716,5233918.3
2025-06-26 02:00:00+00:00,0.5716,0.5787,0.5715,0.5775,4737707.0
2025-06-26 03:00:00+00:00,0.5774,0.5819,0.5724,0.5736,4991688.0
2025-06-26 04:00:00+00:00,0.5737,0.5747,0.5688,0.5717,3013401.5
2025-06-26 05:00:00+00:00,0.5716,0.5718,0.5676,0.5699,2266441.0
2025-06-26 06:00:00+00:00,0.5698,0.5718,0.5689,0.5712,3959215.4
2025-06-26 07:00:00+00:00,0.5711,0.5751,0.5704,0.5723,4047993.9
2025-06-26 08:00:00+00:00,0.5722,0.5748,0.5695,0.57,2228191.0
2025-06-26 09:00:00+00:00,0.5701,0.5707,0.5637,0.564,4717849.6
2025-06-26 10:00:00+00:00,0.564,0.5662,0.5627,0.5651,9165156.5
2025-06-26 11:00:00+00:00,0.5651,0.5657,0.563,0.5634,2990862.3
2025-06-26 12:00:00+00:00,0.5635,0.564,0.5565,0.5572,6948790.8
2025-06-26 13:00:00+00:00,0.5573,0.5581,0.5515,0.5525,10036997.4
2025-06-26 14:00:00+00:00,0.5525,0.56,0.5508,0.5553,7144572.9
2025-06-26 15:00:00+00:00,0.5554,0.5577,0.5498,0.5545,5341250.1
2025-06-26 16:00:00+00:00,0.5546,0.5554,0.5503,0.5521,3499308.5
2025-06-26 17:00:00+00:00,0.5522,0.5562,0.552,0.5536,2516294.5
2025-06-26 18:00:00+00:00,0.5537,0.5584,0.5529,0.5542,2254886.8
2025-06-26 19:00:00+00:00,0.5542,0.5573,0.5531,0.5558,2071203.8
2025-06-26 20:00:00+00:00,0.5557,0.564,0.5546,0.5601,3434173.1
2025-06-26 21:00:00+00:00,0.56,0.5602,0.5511,0.5559,3625030.5
2025-06-26 22:00:00+00:00,0.5558,0.5584,0.5514,0.5517,2151227.7
2025-06-26 23:00:00+00:00,0.5518,0.555,0.5514,0.5543,1860964.8
2025-06-27 00:00:00+00:00,0.5544,0.5566,0.5507,0.5509,2509470.5
2025-06-27 01:00:00+00:00,0.5509,0.5579,0.5488,0.5563,4313321.1
2025-06-27 02:00:00+00:00,0.5564,0.5604,0.5554,0.5587,2987435.2
2025-06-27 03:00:00+00:00,0.5588,0.5611,0.5571,0.5599,2696676.0
2025-06-27 04:00:00+00:00,0.5598,0.56,0.5576,0.5584,1835744.4
2025-06-27 05:00:00+00:00,0.5584,0.5605,0.5546,0.5548,2339923.2
2025-06-27 06:00:00+00:00,0.5548,0.5577,0.5541,0.5571,1714926.9
2025-06-27 07:00:00+00:00,0.557,0.5603,0.553,0.5539,2593109.6
2025-06-27 08:00:00+00:00,0.5539,0.5593,0.5532,0.5581,2608996.8
2025-06-27 09:00:00+00:00,0.5581,0.5587,0.556,0.5575,2579533.7
2025-06-27 10:00:00+00:00,0.5575,0.5578,0.5534,0.5534,2057653.8
2025-06-27 11:00:00+00:00,0.5535,0.5549,0.5523,0.5543,2907332.0
2025-06-27 12:00:00+00:00,0.5543,0.5564,0.549,0.5497,5804943.6
2025-06-27 13:00:00+00:00,0.5497,0.5528,0.5471,0.552,7508583.2
2025-06-27 14:00:00+00:00,0.5521,0.5556,0.5489,0.5495,5472378.8
2025-06-27 15:00:00+00:00,0.5495,0.5561,0.5473,0.5554,4071550.3
2025-06-27 16:00:00+00:00,0.5555,0.5633,0.5535,0.5568,7653828.0
2025-06-27 17:00:00+00:00,0.5567,0.5573,0.5479,0.55,3832084.2
2025-06-27 18:00:00+00:00,0.5499,0.5507,0.545,0.5468,4200413.0
2025-06-27 19:00:00+00:00,0.5468,0.5523,0.5459,0.5509,2305543.8
2025-06-27 20:00:00+00:00,0.5508,0.556,0.5503,0.556,1654173.2
2025-06-27 21:00:00+00:00,0.5561,0.5601,0.5544,0.5575,3174140.6
2025-06-27 22:00:00+00:00,0.5576,0.5613,0.5576,0.5598,2171871.7
2025-06-27 23:00:00+00:00,0.5598,0.5602,0.5564,0.5587,1568508.8
2025-06-28 00:00:00+00:00,0.5586,0.56,0.5574,0.5581,2022080.0
2025-06-28 01:00:00+00:00,0.5581,0.5614,0.5563,0.561,2407422.5
2025-06-28 02:00:00+00:00,0.561,0.5632,0.559,0.5591,3675521.1
2025-06-28 03:00:00+00:00,0.559,0.5607,0.5588,0.5597,2232143.2
2025-06-28 04:00:00+00:00,0.5597,0.5604,0.5586,0.5586,1647914.6
2025-06-28 05:00:00+00:00,0.5587,0.5605,0.5583,0.5585,1587555.4
2025-06-28 06:00:00+00:00,0.5586,0.5626,0.5584,0.5623,4962478.0
2025-06-28 07:00:00+00:00,0.5623,0.5645,0.5613,0.5625,4664567.0
2025-06-28 08:00:00+00:00,0.5626,0.5627,0.5597,0.5599,2064681.8
2025-06-28 09:00:00+00:00,0.5598,0.5624,0.5587,0.5613,2933825.5
2025-06-28 10:00:00+00:00,0.5614,0.5618,0.5596,0.5602,1433818.8
2025-06-28 11:00:00+00:00,0.5602,0.5607,0.5585,0.5591,1748459.6
2025-06-28 12:00:00+00:00,0.5592,0.5596,0.5577,0.5577,1397707.9
2025-06-28 13:00:00+00:00,0.5578,0.5584,0.5554,0.5565,1531252.9
2025-06-28 14:00:00+00:00,0.5566,0.56,0.5566,0.5597,1779219.4
2025-06-28 15:00:00+00:00,0.5597,0.5647,0.5595,0.5642,2663206.3
2025-06-28 16:00:00+00:00,0.5643,0.5656,0.5621,0.5628,6108668.1
2025-06-28 17:00:00+00:00,0.5628,0.5682,0.5622,0.5681,3804915.1
2025-06-28 18:00:00+00:00,0.5682,0.5688,0.5645,0.5665,4572640.8
2025-06-28 19:00:00+00:00,0.5665,0.5671,0.5636,0.5638,1509211.3
2025-06-28 20:00:00+00:00,0.5638,0.5641,0.5623,0.5627,1721872.7
2025-06-28 21:00:00+00:00,0.5628,0.5664,0.5628,0.566,1028252.8
2025-06-28 22:00:00+00:00,0.5661,0.5675,0.5651,0.5664,1639510.6
2025-06-28 23:00:00+00:00,0.5664,0.5669,0.5646,0.5654,1135764.2
2025-06-29 00:00:00+00:00,0.5654,0.5687,0.5651,0.567,2275540.9
2025-06-29 01:00:00+00:00,0.5671,0.5671,0.564,0.5643,1018777.8
2025-06-29 02:00:00+00:00,0.5643,0.5651,0.5625,0.565,1188186.9
2025-06-29 03:00:00+00:00,0.565,0.5672,0.5634,0.5635,1816295.1
2025-06-29 04:00:00+00:00,0.5634,0.564,0.5605,0.5613,2699784.9
2025-06-29 05:00:00+00:00,0.5614,0.5621,0.5606,0.5619,1393236.2
2025-06-29 06:00:00+00:00,0.5619,0.5625,0.5601,0.5613,1724127.0
2025-06-29 07:00:00+00:00,0.5613,0.562,0.559,0.5612,2329962.4
2025-06-29 08:00:00+00:00,0.5612,0.5639,0.5605,0.5639,2094869.1
2025-06-29 09:00:00+00:00,0.5638,0.5661,0.5625,0.5638,3147158.3
2025-06-29 10:00:00+00:00,0.5638,0.5665,0.5618,0.5635,5331476.8
2025-06-29 11:00:00+00:00,0.5635,0.5655,0.562,0.5652,3241333.9
2025-06-29 12:00:00+00:00,0.5653,0.5657,0.5631,0.5649,2020930.1
2025-06-29 13:00:00+00:00,0.5649,0.5666,0.5629,0.5632,2134144.5
2025-06-29 14:00:00+00:00,0.5633,0.5644,0.5589,0.5598,8593561.0
2025-06-29 15:00:00+00:00,0.5598,0.56,0.5553,0.5559,8721516.8
2025-06-29 16:00:00+00:00,0.5559,0.5582,0.555,0.5578,4938561.0
2025-06-29 17:00:00+00:00,0.5577,0.5584,0.5551,0.5573,2455801.0
2025-06-29 18:00:00+00:00,0.5573,0.5613,0.5563,0.5604,3262622.0
2025-06-29 19:00:00+00:00,0.5603,0.5612,0.5571,0.5588,3441010.7
2025-06-29 20:00:00+00:00,0.5588,0.5593,0.5577,0.5578,1896084.9
2025-06-29 21:00:00+00:00,0.5578,0.5628,0.5553,0.5612,3398814.1
2025-06-29 22:00:00+00:00,0.5613,0.5857,0.5611,0.5796,22135403.0
2025-06-29 23:00:00+00:00,0.5796,0.5833,0.5762,0.5773,11991979.9
2025-06-30 00:00:00+00:00,0.5773,0.5798,0.5746,0.5774,9235499.3
2025-06-30 01:00:00+00:00,0.5775,0.578,0.5714,0.5727,5648615.5
2025-06-30 02:00:00+00:00,0.5727,0.5733,0.568,0.5681,4383424.7
2025-06-30 03:00:00+00:00,0.5682,0.5699,0.566,0.5684,3623540.8
2025-06-30 04:00:00+00:00,0.5683,0.569,0.565,0.5662,2500592.2
2025-06-30 05:00:00+00:00,0.5661,0.57,0.5657,0.5696,1929985.0
2025-06-30 06:00:00+00:00,0.5695,0.5699,0.5587,0.5619,6146690.6
2025-06-30 07:00:00+00:00,0.5618,0.5669,0.5613,0.5664,2288723.3
2025-06-30 08:00:00+00:00,0.5664,0.5682,0.565,0.5679,6461270.1
2025-06-30 09:00:00+00:00,0.5679,0.5685,0.5626,0.5627,3756422.0
2025-06-30 10:00:00+00:00,0.5627,0.5649,0.5621,0.5641,2114675.5
2025-06-30 11:00:00+00:00,0.564,0.5665,0.5633,0.5641,1437303.6
2025-06-30 12:00:00+00:00,0.5641,0.5653,0.56,0.5609,2746965.5
2025-06-30 13:00:00+00:00,0.5608,0.5664,0.5595,0.561,4111086.2
2025-06-30 14:00:00+00:00,0.561,0.5638,0.5579,0.5593,5723922.0
2025-06-30 15:00:00+00:00,0.5594,0.5715,0.5561,0.5672,8465853.9
2025-06-30 16:00:00+00:00,0.5673,0.5713,0.5653,0.5709,3720583.0
2025-06-30 17:00:00+00:00,0.5709,0.5723,0.569,0.5698,2899860.2
2025-06-30 18:00:00+00:00,0.5697,0.575,0.5697,0.5737,4037448.9
2025-06-30 19:00:00+00:00,0.5736,0.5904,0.5731,0.5896,15537164.3
2025-06-30 20:00:00+00:00,0.5896,0.5905,0.5828,0.5845,7085163.7
2025-06-30 21:00:00+00:00,0.5845,0.5854,0.5748,0.5771,4308309.0
2025-06-30 22:00:00+00:00,0.5771,0.5786,0.5738,0.574,2540799.7
2025-06-30 23:00:00+00:00,0.574,0.5752,0.5712,0.5722,2541698.3
2025-07-01 00:00:00+00:00,0.5722,0.5765,0.5698,0.5728,2764012.4
2025-07-01 01:00:00+00:00,0.5728,0.5765,0.5716,0.572,3950970.0
2025-07-01 02:00:00+00:00,0.572,0.5738,0.5648,0.5662,4270872.7
2025-07-01 03:00:00+00:00,0.5663,0.5695,0.5656,0.569,1678344.5
2025-07-01 04:00:00+00:00,0.569,0.569,0.5646,0.565,1894741.0
2025-07-01 05:00:00+00:00,0.565,0.566,0.5608,0.5632,4179938.8
2025-07-01 06:00:00+00:00,0.5631,0.5634,0.5612,0.5627,1883003.9
2025-07-01 07:00:00+00:00,0.5627,0.5679,0.5586,0.5672,10406027.6
2025-07-01 08:00:00+00:00,0.5671,0.5671,0.5616,0.5621,4697625.9
2025-07-01 09:00:00+00:00,0.562,0.5641,0.5613,0.5618,3066783.3
2025-07-01 10:00:00+00:00,0.5619,0.5639,0.5608,0.5626,1993152.4
2025-07-01 11:00:00+00:00,0.5627,0.5633,0.5581,0.5603,3655129.7
2025-07-01 12:00:00+00:00,0.5602,0.5608,0.551,0.5528,10908128.6
2025-07-01 13:00:00+00:00,0.5528,0.5539,0.5475,0.5504,7860568.0
2025-07-01 14:00:00+00:00,0.5504,0.5545,0.5433,0.5472,8644986.6
2025-07-01 15:00:00+00:00,0.5471,0.5494,0.545,0.5469,5017212.6
2025-07-01 16:00:00+00:00,0.547,0.5547,0.5443,0.5507,11233078.7
2025-07-01 17:00:00+00:00,0.5507,0.5525,0.5428,0.5458,8995742.3
2025-07-01 18:00:00+00:00,0.5458,0.5459,0.5394,0.5407,7456841.7
2025-07-01 19:00:00+00:00,0.5407,0.5433,0.5384,0.5392,6340040.9
2025-07-01 20:00:00+00:00,0.5392,0.543,0.5366,0.5417,4398277.7
2025-07-01 21:00:00+00:00,0.5416,0.5451,0.5399,0.5423,2963920.9
2025-07-01 22:00:00+00:00,0.5422,0.543,0.5398,0.5406,2270283.1
2025-07-01 23:00:00+00:00,0.5406,0.5424,0.5386,0.542,2052899.8
2025-07-02 00:00:00+00:00,0.542,0.5452,0.5412,0.5416,3820832.7
2025-07-02 01:00:00+00:00,0.5416,0.5451,0.5387,0.5451,3538705.7
2025-07-02 02:00:00+00:00,0.5452,0.5462,0.5426,0.5453,2197599.2
2025-07-02 03:00:00+00:00,0.5454,0.5492,0.5449,0.5484,3661895.1
2025-07-02 04:00:00+00:00,0.5485,0.554,0.5484,0.5537,7492552.3
2025-07-02 05:00:00+00:00,0.5537,0.555,0.5527,0.5545,3922166.5
2025-07-02 06:00:00+00:00,0.5545,0.5577,0.5538,0.5576,2662932.2
2025-07-02 07:00:00+00:00,0.5576,0.5584,0.5546,0.5567,4674647.4
2025-07-02 08:00:00+00:00,0.5566,0.5605,0.5566,0.5582,3460119.8
2025-07-02 09:00:00+00:00,0.5583,0.5591,0.5565,0.5574,2923470.3
2025-07-02 10:00:00+00:00,0.5574,0.5602,0.5564,0.5599,2708386.6
2025-07-02 11:00:00+00:00,0.5599,0.5649,0.5595,0.561,4079538.6
2025-07-02 12:00:00+00:00,0.5611,0.5612,0.5568,0.5592,4259479.6
2025-07-02 13:00:00+00:00,0.5593,0.5634,0.5588,0.5612,4292718.1
2025-07-02 14:00:00+00:00,0.5612,0.5692,0.5607,0.5691,8062108.4
2025-07-02 15:00:00+00:00,0.5691,0.5788,0.569,0.5778,15115965.0
2025-07-02 16:00:00+00:00,0.5778,0.5998,0.5778,0.595,43714579.5
2025-07-02 17:00:00+00:00,0.595,0.5985,0.589,0.5936,20201219.4
2025-07-02 18:00:00+00:00,0.5937,0.5969,0.5936,0.5948,9347302.4
2025-07-02 19:00:00+00:00,0.5949,0.5976,0.5921,0.5956,9284472.3
2025-07-02 20:00:00+00:00,0.5957,0.5993,0.5938,0.596,8320274.2
2025-07-02 21:00:00+00:00,0.596,0.5981,0.5928,0.5953,4983855.7
2025-07-02 22:00:00+00:00,0.5953,0.5972,0.5923,0.5923,4035072.1
2025-07-02 23:00:00+00:00,0.5922,0.5927,0.5831,0.584,8621315.2
2025-07-03 00:00:00+00:00,0.584,0.5883,0.5832,0.5869,3800158.0
2025-07-03 01:00:00+00:00,0.587,0.5895,0.585,0.5892,2970211.3
2025-07-03 02:00:00+00:00,0.5893,0.5895,0.5827,0.5862,2655097.9
2025-07-03 03:00:00+00:00,0.5863,0.5886,0.5851,0.5867,2499191.0
2025-07-03 04:00:00+00:00,0.5867,0.592,0.5864,0.5901,2831948.4
2025-07-03 05:00:00+00:00,0.5902,0.6025,0.5902,0.6017,6220660.1
2025-07-03 06:00:00+00:00,0.6017,0.6078,0.5994,0.6053,6928782.5
2025-07-03 07:00:00+00:00,0.6052,0.6093,0.6017,0.6084,8563031.1
2025-07-03 08:00:00+00:00,0.6085,0.6108,0.6051,0.6052,6519166.1
2025-07-03 09:00:00+00:00,0.6053,0.6088,0.604,0.6068,4444947.3
2025-07-03 10:00:00+00:00,0.6069,0.6074,0.6013,0.6035,3793032.8
2025-07-03 11:00:00+00:00,0.6035,0.6049,0.6007,0.6037,3442821.6
2025-07-03 12:00:00+00:00,0.6037,0.6119,0.5935,0.5991,12555747.0
2025-07-03 13:00:00+00:00,0.5991,0.607,0.5964,0.6048,10535503.5
2025-07-03 14:00:00+00:00,0.6047,0.6074,0.5966,0.5978,8680206.3
2025-07-03 15:00:00+00:00,0.5979,0.5991,0.5866,0.5877,9365112.4
2025-07-03 16:00:00+00:00,0.5877,0.5933,0.5874,0.5919,4585043.0
2025-07-03 17:00:00+00:00,0.5919,0.5946,0.5917,0.5935,1324652.3
2025-07-03 18:00:00+00:00,0.5936,0.5972,0.5936,0.5966,2326177.0
2025-07-03 19:00:00+00:00,0.5966,0.5977,0.5947,0.5957,1479335.4
2025-07-03 20:00:00+00:00,0.5957,0.5997,0.5956,0.5993,1396212.9
2025-07-03 21:00:00+00:00,0.5993,0.6023,0.5974,0.6016,2168580.8
2025-07-03 22:00:00+00:00,0.6015,0.6028,0.5995,0.6024,2327542.7
2025-07-03 23:00:00+00:00,0.6025,0.603,0.5981,0.5992,1713345.4
2025-07-04 00:00:00+00:00,0.5992,0.6034,0.5989,0.6005,2533019.5
2025-07-04 01:00:00+00:00,0.6005,0.6034,0.6001,0.6001,1413594.5
2025-07-04 02:00:00+00:00,0.6,0.6008,0.5909,0.5921,6884171.7
2025-07-04 03:00:00+00:00,0.5921,0.5955,0.5911,0.5937,1546256.3
2025-07-04 04:00:00+00:00,0.5937,0.5942,0.5881,0.5887,2817006.6
2025-07-04 05:00:00+00:00,0.5887,0.5923,0.5884,0.5911,2540988.3
2025-07-04 06:00:00+00:00,0.591,0.5911,0.585,0.5865,3670945.4
2025-07-04 07:00:00+00:00,0.5864,0.5877,0.5794,0.5797,5078353.3
2025-07-04 08:00:00+00:00,0.5798,0.5819,0.5742,0.5806,4530005.7
2025-07-04 09:00:00+00:00,0.5806,0.584,0.5803,0.5833,3380523.4
2025-07-04 10:00:00+00:00,0.5833,0.5843,0.58,0.5805,2593777.3
2025-07-04 11:00:00+00:00,0.5804,0.5839,0.5802,0.5816,2241114.0
2025-07-04 12:00:00+00:00,0.5816,0.5832,0.5789,0.581,2388302.8
2025-07-04 13:00:00+00:00,0.5809,0.5829,0.5755,0.5759,5195071.4
2025-07-04 14:00:00+00:00,0.5758,0.5769,0.5701,0.5746,8486051.8
2025-07-04 15:00:00+00:00,0.5745,0.5753,0.5701,0.5711,4701166.5
2025-07-04 16:00:00+00:00,0.5711,0.5719,0.5629,0.5673,8895020.0
2025-07-04 17:00:00+00:00,0.5673,0.5724,0.5666,0.5721,4082097.5
2025-07-04 18:00:00+00:00,0.5721,0.5729,0.5673,0.5673,3519113.6
2025-07-04 19:00:00+00:00,0.5673,0.5689,0.5656,0.5667,1257465.1
2025-07-04 20:00:00+00:00,0.5666,0.5707,0.5657,0.5701,1960163.9
2025-07-04 21:00:00+00:00,0.5701,0.572,0.569,0.5715,1537062.2
2025-07-04 22:00:00+00:00,0.5715,0.5763,0.571,0.5762,2059696.9
2025-07-04 23:00:00+00:00,0.5763,0.5763,0.5716,0.5724,1487909.4
2025-07-05 00:00:00+00:00,0.5725,0.5758,0.5714,0.5754,1910249.0
2025-07-05 01:00:00+00:00,0.5753,0.5753,0.5712,0.573,896143.7
2025-07-05 02:00:00+00:00,0.573,0.5732,0.5687,0.5729,1268273.1
2025-07-05 03:00:00+00:00,0.573,0.5791,0.573,0.5782,3443092.3
2025-07-05 04:00:00+00:00,0.5782,0.5795,0.5754,0.5759,1486999.9
2025-07-05 05:00:00+00:00,0.5759,0.578,0.5754,0.5777,1099922.5
2025-07-05 06:00:00+00:00,0.5778,0.5824,0.5768,0.5821,1650311.4
2025-07-05 07:00:00+00:00,0.5822,0.5835,0.5783,0.5791,4805419.3
2025-07-05 08:00:00+00:00,0.5791,0.5791,0.5716,0.5735,3599522.3
2025-07-05 09:00:00+00:00,0.5735,0.5756,0.5708,0.5753,1266342.0
2025-07-05 10:00:00+00:00,0.5753,0.5757,0.5733,0.5735,1095870.7
2025-07-05 11:00:00+00:00,0.5735,0.5768,0.5735,0.5748,703196.2
2025-07-05 12:00:00+00:00,0.5748,0.5752,0.5714,0.5745,1092078.3
2025-07-05 13:00:00+00:00,0.5745,0.5763,0.5725,0.5727,1520933.4
2025-07-05 14:00:00+00:00,0.5727,0.5759,0.5717,0.5756,1077563.0
2025-07-05 15:00:00+00:00,0.5756,0.5764,0.5741,0.5757,842451.8
2025-07-05 16:00:00+00:00,0.5757,0.577,0.5725,0.5758,1236241.2
2025-07-05 17:00:00+00:00,0.5758,0.5774,0.5728,0.5753,1041613.3
2025-07-05 18:00:00+00:00,0.5752,0.5753,0.5705,0.5717,1261522.6
2025-07-05 19:00:00+00:00,0.5717,0.5742,0.5698,0.5738,1188506.7
2025-07-05 20:00:00+00:00,0.5737,0.5753,0.5716,0.5751,743484.4
2025-07-05 21:00:00+00:00,0.5751,0.5759,0.5732,0.5751,718384.6
2025-07-05 22:00:00+00:00,0.575,0.5761,0.5734,0.576,1012408.2
2025-07-05 23:00:00+00:00,0.576,0.5768,0.5752,0.5755,736276.5
2025-07-06 00:00:00+00:00,0.5756,0.5757,0.5729,0.5748,977319.9
2025-07-06 01:00:00+00:00,0.5747,0.5748,0.5716,0.5731,794484.4
2025-07-06 02:00:00+00:00,0.5732,0.5744,0.5716,0.5716,936345.9
2025-07-06 03:00:00+00:00,0.5716,0.5751,0.5707,0.5751,1418894.6
2025-07-06 04:00:00+00:00,0.5752,0.5765,0.573,0.5733,1238895.3
2025-07-06 05:00:00+00:00,0.5732,0.5744,0.5725,0.5731,813576.9
2025-07-06 06:00:00+00:00,0.5732,0.577,0.5726,0.5755,989526.8
2025-07-06 07:00:00+00:00,0.5755,0.5758,0.5732,0.5738,808788.5
2025-07-06 08:00:00+00:00,0.5738,0.576,0.5719,0.5752,1621607.4
2025-07-06 09:00:00+00:00,0.5752,0.5764,0.5735,0.5737,1264188.0
2025-07-06 10:00:00+00:00,0.5737,0.5796,0.5733,0.579,2705789.7
2025-07-06 11:00:00+00:00,0.579,0.5793,0.5766,0.578,1805263.4
2025-07-06 12:00:00+00:00,0.5781,0.5814,0.5768,0.5808,2403009.8
2025-07-06 13:00:00+00:00,0.5809,0.5906,0.5793,0.5872,7109009.6
2025-07-06 14:00:00+00:00,0.5872,0.588,0.5807,0.5842,5631833.9
2025-07-06 15:00:00+00:00,0.5842,0.5859,0.5826,0.5856,2460292.7
2025-07-06 16:00:00+00:00,0.5856,0.5876,0.5842,0.5872,2854352.3
2025-07-06 17:00:00+00:00,0.5872,0.5872,0.5839,0.5849,1203410.4
2025-07-06 18:00:00+00:00,0.585,0.5852,0.5785,0.581,2299626.6
2025-07-06 19:00:00+00:00,0.5809,0.5834,0.5805,0.5834,1446436.0
2025-07-06 20:00:00+00:00,0.5834,0.5855,0.5829,0.5839,1393082.3
2025-07-06 21:00:00+00:00,0.5839,0.5931,0.5839,0.5886,5925708.5
2025-07-06 22:00:00+00:00,0.5887,0.5923,0.5886,0.5894,3971869.0
2025-07-06 23:00:00+00:00,0.5895,0.5899,0.5834,0.5858,2361804.5
2025-07-07 00:00:00+00:00,0.5858,0.5868,0.5829,0.5841,2539473.6
2025-07-07 01:00:00+00:00,0.5842,0.5861,0.582,0.585,1159659.7
2025-07-07 02:00:00+00:00,0.585,0.5917,0.585,0.5899,3039754.3
2025-07-07 03:00:00+00:00,0.59,0.5947,0.5873,0.5875,6038578.3
2025-07-07 04:00:00+00:00,0.5875,0.5888,0.5853,0.5859,1695915.9
2025-07-07 05:00:00+00:00,0.5859,0.5877,0.5851,0.5865,1558775.0
2025-07-07 06:00:00+00:00,0.5865,0.587,0.5831,0.5833,1775279.0
2025-07-07 07:00:00+00:00,0.5834,0.5903,0.5816,0.5902,3325187.0
2025-07-07 08:00:00+00:00,0.5901,0.5909,0.5868,0.5887,3178708.3
2025-07-07 09:00:00+00:00,0.5887,0.5887,0.5858,0.5862,2136072.1
2025-07-07 10:00:00+00:00,0.5862,0.5888,0.5841,0.5863,2114006.3
2025-07-07 11:00:00+00:00,0.5863,0.5883,0.585,0.5874,2054429.7
2025-07-07 12:00:00+00:00,0.5875,0.5878,0.5806,0.5815,4196079.7
2025-07-07 13:00:00+00:00,0.5814,0.591,0.5798,0.5896,6255208.7
2025-07-07 14:00:00+00:00,0.5896,0.5907,0.5805,0.5817,6062885.9
2025-07-07 15:00:00+00:00,0.5818,0.5875,0.5813,0.5836,4846534.0
2025-07-07 16:00:00+00:00,0.5836,0.5884,0.5794,0.5801,7292186.1
2025-07-07 17:00:00+00:00,0.58,0.5843,0.5783,0.5804,3535045.8
2025-07-07 18:00:00+00:00,0.5803,0.5818,0.575,0.58,3626206.9
2025-07-07 19:00:00+00:00,0.5799,0.5854,0.5793,0.5802,4393802.3
2025-07-07 20:00:00+00:00,0.5801,0.5801,0.5744,0.5768,2154400.5
2025-07-07 21:00:00+00:00,0.5768,0.5799,0.5734,0.5778,2214799.4
2025-07-07 22:00:00+00:00,0.5778,0.5787,0.5743,0.5772,1552147.8
2025-07-07 23:00:00+00:00,0.5772,0.5808,0.5766,0.5805,2739400.6
2025-07-08 00:00:00+00:00,0.5806,0.584,0.5791,0.5794,5447528.1
2025-07-08 01:00:00+00:00,0.5793,0.5793,0.575,0.5754,1380321.1
2025-07-08 02:00:00+00:00,0.5754,0.5771,0.5727,0.5743,4045898.7
2025-07-08 03:00:00+00:00,0.5742,0.5771,0.5739,0.576,906663.4
2025-07-08 04:00:00+00:00,0.576,0.5776,0.5745,0.5772,951559.5
2025-07-08 05:00:00+00:00,0.5772,0.5788,0.5748,0.575,1666274.7
2025-07-08 06:00:00+00:00,0.5749,0.5811,0.5722,0.577,10956533.6
2025-07-08 07:00:00+00:00,0.577,0.5786,0.5728,0.5784,4839991.2
2025-07-08 08:00:00+00:00,0.5783,0.5799,0.5767,0.5775,1801914.4
2025-07-08 09:00:00+00:00,0.5775,0.5814,0.5769,0.5808,2359721.7
2025-07-08 10:00:00+00:00,0.5808,0.5851,0.5801,0.585,2007133.5
2025-07-08 11:00:00+00:00,0.5851,0.5876,0.5841,0.5845,2042683.0
2025-07-08 12:00:00+00:00,0.5846,0.5882,0.5839,0.5873,2552119.3
2025-07-08 13:00:00+00:00,0.5874,0.5879,0.5834,0.5854,3213241.6
2025-07-08 14:00:00+00:00,0.5854,0.5859,0.5791,0.5796,4126534.3
2025-07-08 15:00:00+00:00,0.5797,0.5822,0.5791,0.5813,2608932.7
2025-07-08 16:00:00+00:00,0.5814,0.5833,0.5797,0.582,2019533.1
2025-07-08 17:00:00+00:00,0.582,0.5906,0.5819,0.5904,8863886.4
2025-07-08 18:00:00+00:00,0.5904,0.5921,0.5889,0.5918,3348336.2
2025-07-08 19:00:00+00:00,0.5917,0.5919,0.5878,0.5891,1930226.7
2025-07-08 20:00:00+00:00,0.5892,0.5896,0.5853,0.5853,1812511.8
2025-07-08 21:00:00+00:00,0.5853,0.5898,0.5853,0.5887,1705852.0
2025-07-08 22:00:00+00:00,0.5888,0.5897,0.587,0.5885,1040601.3
2025-07-08 23:00:00+00:00,0.5885,0.589,0.5869,0.5884,993238.2
2025-07-09 00:00:00+00:00,0.5883,0.5885,0.5846,0.5861,1857282.2
2025-07-09 01:00:00+00:00,0.5861,0.5889,0.5851,0.5865,1693344.7
2025-07-09 02:00:00+00:00,0.5866,0.589,0.5861,0.5874,1542246.2
2025-07-09 03:00:00+00:00,0.5874,0.589,0.584,0.5852,2302604.0
2025-07-09 04:00:00+00:00,0.5852,0.5892,0.5843,0.5891,1469808.1
2025-07-09 05:00:00+00:00,0.5891,0.5999,0.5882,0.5951,8781437.2
2025-07-09 06:00:00+00:00,0.5952,0.5974,0.5934,0.5967,3602805.8
2025-07-09 07:00:00+00:00,0.5967,0.5972,0.594,0.5961,2350843.6
2025-07-09 08:00:00+00:00,0.5962,0.5983,0.5955,0.5961,2680563.2
2025-07-09 09:00:00+00:00,0.5961,0.5988,0.5924,0.5963,4457317.7
2025-07-09 10:00:00+00:00,0.5963,0.6012,0.5955,0.6005,3871205.3
2025-07-09 11:00:00+00:00,0.6005,0.611,0.5996,0.6094,13153543.5
2025-07-09 12:00:00+00:00,0.6095,0.621,0.6079,0.6142,16082041.5
2025-07-09 13:00:00+00:00,0.6142,0.6189,0.6102,0.6112,8485675.4
2025-07-09 14:00:00+00:00,0.6112,0.6132,0.601,0.6062,10467997.0
2025-07-09 15:00:00+00:00,0.6062,0.6113,0.6051,0.6109,5373010.7
2025-07-09 16:00:00+00:00,0.611,0.6136,0.6089,0.6119,5569352.6
2025-07-09 17:00:00+00:00,0.6118,0.6118,0.6058,0.6073,4177048.5
2025-07-09 18:00:00+00:00,0.6074,0.6137,0.6073,0.6099,4995933.0
2025-07-09 19:00:00+00:00,0.6099,0.6249,0.6094,0.6221,13980263.8
2025-07-09 20:00:00+00:00,0.6221,0.6241,0.6148,0.6202,13445140.5
2025-07-09 21:00:00+00:00,0.6202,0.6244,0.6195,0.6222,6043105.5
2025-07-09 22:00:00+00:00,0.6222,0.6268,0.6206,0.6243,6113812.7
2025-07-09 23:00:00+00:00,0.6243,0.6281,0.6224,0.6227,5573823.6
2025-07-10 00:00:00+00:00,0.6227,0.6255,0.6173,0.6176,4319462.8
2025-07-10 01:00:00+00:00,0.6176,0.6245,0.6176,0.6233,2193187.9
2025-07-10 02:00:00+00:00,0.6233,0.6267,0.622,0.6242,3181419.7
2025-07-10 03:00:00+00:00,0.6243,0.6252,0.6209,0.6216,2560915.7
2025-07-10 04:00:00+00:00,0.6215,0.6232,0.6184,0.6227,2739202.7
2025-07-10 05:00:00+00:00,0.6228,0.623,0.6195,0.6204,2169608.9
2025-07-10 06:00:00+00:00,0.6204,0.6236,0.6184,0.6235,2442898.1
2025-07-10 07:00:00+00:00,0.6235,0.6408,0.623,0.628,17619252.5
2025-07-10 08:00:00+00:00,0.628,0.6331,0.6253,0.6316,6342352.3
2025-07-10 09:00:00+00:00,0.6316,0.6342,0.6279,0.6288,4137618.9
2025-07-10 10:00:00+00:00,0.6288,0.6306,0.6252,0.6303,3263120.0
2025-07-10 11:00:00+00:00,0.6302,0.6322,0.6284,0.6317,2732749.7
2025-07-10 12:00:00+00:00,0.6318,0.6318,0.6239,0.6262,4078755.1
2025-07-10 13:00:00+00:00,0.6262,0.6294,0.6238,0.6254,3524994.5
2025-07-10 14:00:00+00:00,0.6253,0.6274,0.6211,0.627,4678738.7
2025-07-10 15:00:00+00:00,0.627,0.63,0.6234,0.6292,3185921.4
2025-07-10 16:00:00+00:00,0.6292,0.6407,0.6277,0.6393,12193163.0
2025-07-10 17:00:00+00:00,0.6393,0.6598,0.6384,0.6577,17580369.9
2025-07-10 18:00:00+00:00,0.6578,0.6581,0.648,0.6524,11599806.0
2025-07-10 19:00:00+00:00,0.6524,0.6553,0.6503,0.6521,3869583.9
2025-07-10 20:00:00+00:00,0.652,0.6573,0.6515,0.6566,6394300.1
2025-07-10 21:00:00+00:00,0.6565,0.6766,0.656,0.6712,21071213.5
2025-07-10 22:00:00+00:00,0.6712,0.6797,0.6703,0.6783,8022549.0
2025-07-10 23:00:00+00:00,0.6783,0.6803,0.6725,0.6775,7200984.9
2025-07-11 00:00:00+00:00,0.6776,0.6784,0.6681,0.6732,9097499.3
2025-07-11 01:00:00+00:00,0.6732,0.6847,0.6723,0.6839,9680576.9
2025-07-11 02:00:00+00:00,0.6839,0.6907,0.6817,0.6904,10905499.5
2025-07-11 03:00:00+00:00,0.6904,0.6916,0.6845,0.6876,6440701.2
2025-07-11 04:00:00+00:00,0.6876,0.6952,0.6827,0.6952,9077945.9
2025-07-11 05:00:00+00:00,0.6951,0.7011,0.6939,0.6956,18272137.0
2025-07-11 06:00:00+00:00,0.6957,0.7025,0.6874,0.6893,13344882.5
2025-07-11 07:00:00+00:00,0.6893,0.7019,0.6852,0.6992,15029074.9
2025-07-11 08:00:00+00:00,0.6992,0.7167,0.698,0.7124,20208186.7
2025-07-11 09:00:00+00:00,0.7124,0.7223,0.7095,0.72,13380093.3
2025-07-11 10:00:00+00:00,0.72,0.7341,0.7195,0.7332,15011186.9
2025-07-11 11:00:00+00:00,0.7332,0.7374,0.7205,0.7277,20210968.9
2025-07-11 12:00:00+00:00,0.7277,0.7484,0.7274,0.7479,18602473.2
2025-07-11 13:00:00+00:00,0.748,0.7619,0.7393,0.7547,40929978.7
2025-07-11 14:00:00+00:00,0.7547,0.7565,0.7432,0.7522,19236590.9
2025-07-11 15:00:00+00:00,0.7521,0.7774,0.7316,0.7375,62227030.5
2025-07-11 16:00:00+00:00,0.7375,0.7434,0.723,0.7291,46027091.5
2025-07-11 17:00:00+00:00,0.7291,0.7358,0.7264,0.7339,10350244.7
2025-07-11 18:00:00+00:00,0.7339,0.7461,0.7333,0.7439,9285881.6
2025-07-11 19:00:00+00:00,0.744,0.744,0.734,0.7431,6841028.0
2025-07-11 20:00:00+00:00,0.7432,0.7432,0.7211,0.7217,10806102.8
2025-07-11 21:00:00+00:00,0.7217,0.7245,0.7085,0.7143,13149731.5
2025-07-11 22:00:00+00:00,0.7142,0.7174,0.6933,0.7068,17534912.1
2025-07-11 23:00:00+00:00,0.7068,0.7128,0.7061,0.7094,6757578.5
2025-07-12 00:00:00+00:00,0.7094,0.7148,0.699,0.7062,7244185.8
2025-07-12 01:00:00+00:00,0.7062,0.7307,0.7062,0.7295,13563511.3
2025-07-12 02:00:00+00:00,0.7295,0.7371,0.7282,0.7291,11232996.9
2025-07-12 03:00:00+00:00,0.729,0.735,0.7256,0.7289,7106830.4
2025-07-12 04:00:00+00:00,0.729,0.733,0.7189,0.7209,8499403.0
2025-07-12 05:00:00+00:00,0.7209,0.7246,0.713,0.7175,7158163.9
2025-07-12 06:00:00+00:00,0.7174,0.72,0.7115,0.7183,6096615.0
2025-07-12 07:00:00+00:00,0.7183,0.7207,0.712,0.7151,3732138.5
2025-07-12 08:00:00+00:00,0.7151,0.7181,0.711,0.7179,3657652.9
2025-07-12 09:00:00+00:00,0.7178,0.7303,0.7164,0.73,7345489.2
2025-07-12 10:00:00+00:00,0.7299,0.734,0.7228,0.7303,5751452.9
2025-07-12 11:00:00+00:00,0.7304,0.735,0.7224,0.723,6267534.8
2025-07-12 12:00:00+00:00,0.7231,0.7249,0.7066,0.7135,9673343.2
2025-07-12 13:00:00+00:00,0.7135,0.7142,0.7029,0.7115,11439280.0
2025-07-12 14:00:00+00:00,0.7115,0.7188,0.7046,0.7058,10675395.0
2025-07-12 15:00:00+00:00,0.7058,0.7076,0.6884,0.6935,18973141.9
2025-07-12 16:00:00+00:00,0.6934,0.7042,0.6899,0.6972,8264169.4
2025-07-12 17:00:00+00:00,0.6971,0.7087,0.6964,0.7071,4829850.5
2025-07-12 18:00:00+00:00,0.7071,0.7091,0.7039,0.7055,2867239.6
2025-07-12 19:00:00+00:00,0.7055,0.7093,0.7037,0.7074,2653655.6
2025-07-12 20:00:00+00:00,0.7073,0.7076,0.6961,0.6963,2597198.6
2025-07-12 21:00:00+00:00,0.6962,0.7085,0.6955,0.7082,4044813.6
2025-07-12 22:00:00+00:00,0.7083,0.7093,0.7018,0.7072,1505053.8
2025-07-12 23:00:00+00:00,0.7072,0.7105,0.703,0.7089,3119256.3
2025-07-13 00:00:00+00:00,0.7089,0.713,0.7052,0.7081,3642527.8
2025-07-13 01:00:00+00:00,0.7081,0.7188,0.7063,0.7168,4749860.2
2025-07-13 02:00:00+00:00,0.7168,0.7214,0.7114,0.7189,5663761.2
2025-07-13 03:00:00+00:00,0.719,0.7227,0.7154,0.7187,4329825.6
2025-07-13 04:00:00+00:00,0.7188,0.7288,0.7157,0.7273,5772762.8
2025-07-13 05:00:00+00:00,0.7274,0.7287,0.7212,0.7216,5233288.9
2025-07-13 06:00:00+00:00,0.7215,0.7473,0.7213,0.7378,22956644.5
2025-07-13 07:00:00+00:00,0.7377,0.7486,0.736,0.7402,14299733.6
2025-07-13 08:00:00+00:00,0.7402,0.7439,0.7346,0.7373,15791754.0
2025-07-13 09:00:00+00:00,0.7374,0.7405,0.7287,0.7305,15219638.8
2025-07-13 10:00:00+00:00,0.7304,0.7364,0.7233,0.7255,14706676.5
2025-07-13 11:00:00+00:00,0.7255,0.7307,0.7254,0.7292,4552262.0
2025-07-13 12:00:00+00:00,0.7292,0.7397,0.7275,0.7395,8649263.9
2025-07-13 13:00:00+00:00,0.7395,0.7458,0.7307,0.7444,16847893.2
2025-07-13 14:00:00+00:00,0.7444,0.7542,0.7398,0.7447,19127486.0
2025-07-13 15:00:00+00:00,0.7448,0.7562,0.7365,0.7419,13183850.7
2025-07-13 16:00:00+00:00,0.7419,0.7447,0.7337,0.7345,7303296.3
2025-07-13 17:00:00+00:00,0.7345,0.7431,0.732,0.7412,3761331.9
2025-07-13 18:00:00+00:00,0.7413,0.7507,0.7396,0.7461,5065205.5
2025-07-13 19:00:00+00:00,0.7461,0.7529,0.7431,0.7449,6153683.8
2025-07-13 20:00:00+00:00,0.7448,0.75,0.7408,0.745,3671655.7
2025-07-13 21:00:00+00:00,0.7449,0.7451,0.7277,0.7335,6546193.3
2025-07-13 22:00:00+00:00,0.7334,0.7361,0.7267,0.7323,4199349.9
2025-07-13 23:00:00+00:00,0.7323,0.7391,0.7321,0.7367,3625238.1
2025-07-14 00:00:00+00:00,0.7368,0.7491,0.7343,0.7416,8107223.9
2025-07-14 01:00:00+00:00,0.7417,0.7556,0.7396,0.7523,12663168.0
2025-07-14 02:00:00+00:00,0.7523,0.763,0.7485,0.7538,11705896.8
2025-07-14 03:00:00+00:00,0.7538,0.7683,0.7518,0.7601,14813086.9
2025-07-14 04:00:00+00:00,0.7601,0.7674,0.7594,0.7645,8625917.5
2025-07-14 05:00:00+00:00,0.7646,0.767,0.7452,0.7556,14132100.5
2025-07-14 06:00:00+00:00,0.7555,0.7557,0.7487,0.7519,9219324.8
2025-07-14 07:00:00+00:00,0.7519,0.7658,0.7514,0.7623,13239816.7
2025-07-14 08:00:00+00:00,0.7624,0.7632,0.7485,0.7549,11278018.7
2025-07-14 09:00:00+00:00,0.7549,0.7649,0.7515,0.7575,10364735.9
2025-07-14 10:00:00+00:00,0.7574,0.7582,0.748,0.7541,12079749.4
2025-07-14 11:00:00+00:00,0.7541,0.7572,0.7427,0.7471,10749577.2
2025-07-14 12:00:00+00:00,0.747,0.7534,0.744,0.7492,6455670.7
2025-07-14 13:00:00+00:00,0.7492,0.761,0.7464,0.7574,11166039.3
2025-07-14 14:00:00+00:00,0.7574,0.761,0.7385,0.7475,16697998.1
2025-07-14 15:00:00+00:00,0.7476,0.7477,0.7276,0.7343,18271684.3
2025-07-14 16:00:00+00:00,0.7343,0.7457,0.7287,0.7442,11291996.2
2025-07-14 17:00:00+00:00,0.7443,0.7445,0.7352,0.739,8713634.6
2025-07-14 18:00:00+00:00,0.7391,0.7399,0.7303,0.7305,3935068.7
2025-07-14 19:00:00+00:00,0.7305,0.7358,0.7281,0.7318,6427422.3
2025-07-14 20:00:00+00:00,0.7318,0.7362,0.7212,0.733,8084343.2
2025-07-14 21:00:00+00:00,0.7329,0.7376,0.7305,0.7362,3852032.2
2025-07-14 22:00:00+00:00,0.7361,0.7368,0.7321,0.7351,2471303.8
2025-07-14 23:00:00+00:00,0.735,0.7361,0.7307,0.7352,2450219.3
2025-07-15 00:00:00+00:00,0.7352,0.7394,0.7258,0.7287,7890689.8
2025-07-15 01:00:00+00:00,0.7287,0.7349,0.7203,0.7272,7505773.7
2025-07-15 02:00:00+00:00,0.7272,0.731,0.717,0.7227,10556429.1
2025-07-15 03:00:00+00:00,0.7226,0.7236,0.7105,0.7186,12139110.6
2025-07-15 04:00:00+00:00,0.7186,0.73,0.7116,0.7276,7514397.6
2025-07-15 05:00:00+00:00,0.7275,0.7314,0.7229,0.7256,6154507.2
2025-07-15 06:00:00+00:00,0.7256,0.7276,0.7211,0.7234,4280471.8
2025-07-15 07:00:00+00:00,0.7234,0.7268,0.7193,0.7199,5497988.2
2025-07-15 08:00:00+00:00,0.7198,0.7269,0.7135,0.7245,7195808.7
2025-07-15 09:00:00+00:00,0.7244,0.734,0.724,0.7294,6348529.6
2025-07-15 10:00:00+00:00,0.7294,0.7372,0.7289,0.7318,6213005.2
2025-07-15 11:00:00+00:00,0.7318,0.7352,0.7242,0.7273,4912332.6
2025-07-15 12:00:00+00:00,0.7274,0.7378,0.7182,0.7321,11956943.4
2025-07-15 13:00:00+00:00,0.7322,0.7401,0.7294,0.7342,9665230.8
2025-07-15 14:00:00+00:00,0.7342,0.7371,0.7124,0.7154,19548503.5
2025-07-15 15:00:00+00:00,0.7155,0.7267,0.7114,0.7244,13080655.8
2025-07-15 16:00:00+00:00,0.7244,0.7353,0.7231,0.7317,6877007.7
2025-07-15 17:00:00+00:00,0.7317,0.7462,0.7293,0.7461,7925837.0
2025-07-15 18:00:00+00:00,0.7462,0.7466,0.7285,0.7343,10914173.1
2025-07-15 19:00:00+00:00,0.7342,0.7386,0.7206,0.7216,8037326.9
2025-07-15 20:00:00+00:00,0.7216,0.7278,0.7191,0.7259,5116444.2
2025-07-15 21:00:00+00:00,0.7258,0.7388,0.7247,0.7358,3322280.8
2025-07-15 22:00:00+00:00,0.7358,0.7422,0.7325,0.7405,3841933.4
2025-07-15 23:00:00+00:00,0.7405,0.7495,0.7404,0.7466,7302763.3
2025-07-16 00:00:00+00:00,0.7467,0.7509,0.7419,0.7497,6003614.0
2025-07-16 01:00:00+00:00,0.7496,0.7509,0.7455,0.7466,4127006.7
2025-07-16 02:00:00+00:00,0.7467,0.7471,0.7327,0.7377,4641251.3
2025-07-16 03:00:00+00:00,0.7377,0.7417,0.7368,0.7379,3654637.0
2025-07-16 04:00:00+00:00,0.738,0.741,0.7328,0.7406,2216671.2
2025-07-16 05:00:00+00:00,0.7407,0.7455,0.7403,0.7412,4967737.2
2025-07-16 06:00:00+00:00,0.7412,0.7466,0.7387,0.7464,2798677.4
2025-07-16 07:00:00+00:00,0.7465,0.7497,0.7436,0.7468,4299269.8
2025-07-16 08:00:00+00:00,0.7468,0.7529,0.7443,0.7527,4398487.2
2025-07-16 09:00:00+00:00,0.7527,0.755,0.7477,0.7503,5803092.6
2025-07-16 10:00:00+00:00,0.7503,0.7507,0.7422,0.7422,5458704.7
2025-07-16 11:00:00+00:00,0.7423,0.7469,0.7423,0.7445,3243789.4
2025-07-16 12:00:00+00:00,0.7445,0.7526,0.7426,0.748,6474774.9
2025-07-16 13:00:00+00:00,0.7481,0.7543,0.7451,0.7502,7996758.3
2025-07-16 14:00:00+00:00,0.7501,0.7599,0.7443,0.7572,13937805.3
2025-07-16 15:00:00+00:00,0.7573,0.761,0.7431,0.7508,16649355.0
2025-07-16 16:00:00+00:00,0.7507,0.7616,0.7478,0.761,10382358.7
2025-07-16 17:00:00+00:00,0.761,0.7691,0.7596,0.7639,15691093.5
2025-07-16 18:00:00+00:00,0.764,0.7711,0.7617,0.7627,13264692.5
2025-07-16 19:00:00+00:00,0.7628,0.766,0.7589,0.7638,8516711.8
2025-07-16 20:00:00+00:00,0.7639,0.7819,0.7639,0.775,19694936.7
2025-07-16 21:00:00+00:00,0.7751,0.7849,0.7714,0.7775,12279059.7
2025-07-16 22:00:00+00:00,0.7776,0.783,0.7646,0.7669,10188987.2
2025-07-16 23:00:00+00:00,0.767,0.7683,0.7588,0.7644,7273710.6
2025-07-17 00:00:00+00:00,0.7645,0.7726,0.7616,0.7635,5964698.9
2025-07-17 01:00:00+00:00,0.7635,0.7671,0.742,0.7491,13334155.4
2025-07-17 02:00:00+00:00,0.7491,0.7546,0.7478,0.7541,4384290.5
2025-07-17 03:00:00+00:00,0.7541,0.7544,0.7401,0.7449,6568161.6
2025-07-17 04:00:00+00:00,0.7448,0.7541,0.742,0.7538,4230030.3
2025-07-17 05:00:00+00:00,0.7538,0.77,0.7499,0.7696,9634139.1
2025-07-17 06:00:00+00:00,0.7695,0.7793,0.7669,0.774,12673344.1
2025-07-17 07:00:00+00:00,0.7741,0.7747,0.7645,0.7733,8197986.9
2025-07-17 08:00:00+00:00,0.7733,0.7863,0.7678,0.7855,9847909.7
2025-07-17 09:00:00+00:00,0.7855,0.8177,0.7831,0.8089,49698427.5
2025-07-17 10:00:00+00:00,0.8088,0.8254,0.8081,0.8202,26085578.2
2025-07-17 11:00:00+00:00,0.8202,0.8209,0.8123,0.8154,19922829.2
2025-07-17 12:00:00+00:00,0.8153,0.8189,0.7972,0.8101,24273472.0
2025-07-17 13:00:00+00:00,0.81,0.8121,0.7872,0.7977,15392202.8
2025-07-17 14:00:00+00:00,0.7976,0.8073,0.794,0.8031,9341259.7
2025-07-17 15:00:00+00:00,0.8031,0.8048,0.7905,0.8028,7158472.0
2025-07-17 16:00:00+00:00,0.8027,0.8061,0.7854,0.7935,19500333.8
2025-07-17 17:00:00+00:00,0.7935,0.803,0.7861,0.8024,8399040.9
2025-07-17 18:00:00+00:00,0.8024,0.815,0.8003,0.8142,12120079.4
2025-07-17 19:00:00+00:00,0.8142,0.8169,0.7972,0.7991,9891453.1
2025-07-17 20:00:00+00:00,0.7991,0.8023,0.7878,0.7997,12002538.3
2025-07-17 21:00:00+00:00,0.7998,0.8211,0.7995,0.8189,27024847.1
2025-07-17 22:00:00+00:00,0.8189,0.8362,0.8154,0.8253,23007857.6
2025-07-17 23:00:00+00:00,0.8253,0.8386,0.8206,0.8216,20201664.4
2025-07-18 00:00:00+00:00,0.8216,0.8563,0.8188,0.8561,31010327.6
2025-07-18 01:00:00+00:00,0.8561,0.8644,0.8448,0.8563,26278358.1
2025-07-18 02:00:00+00:00,0.8563,0.8565,0.8421,0.8518,12559129.0
2025-07-18 03:00:00+00:00,0.8518,0.8628,0.8492,0.8599,11844918.0
2025-07-18 04:00:00+00:00,0.8599,0.8682,0.8522,0.8613,14134550.2
2025-07-18 05:00:00+00:00,0.8613,0.8796,0.857,0.878,32224622.1
2025-07-18 06:00:00+00:00,0.8779,0.8793,0.8601,0.8781,20871316.2
2025-07-18 07:00:00+00:00,0.8782,0.8955,0.8518,0.8533,38741687.6
2025-07-18 08:00:00+00:00,0.8533,0.8668,0.8437,0.8512,24878062.9
2025-07-18 09:00:00+00:00,0.8511,0.857,0.8441,0.8557,13270634.4
2025-07-18 10:00:00+00:00,0.8557,0.8593,0.8427,0.8571,10277815.6
2025-07-18 11:00:00+00:00,0.8571,0.8581,0.8406,0.8511,9723824.8
2025-07-18 12:00:00+00:00,0.8511,0.8607,0.8466,0.8579,9596860.8
2025-07-18 13:00:00+00:00,0.8579,0.861,0.8469,0.8571,14145915.2
2025-07-18 14:00:00+00:00,0.8571,0.8627,0.8283,0.8381,29187749.3
2025-07-18 15:00:00+00:00,0.838,0.8382,0.8121,0.8221,26255487.2
2025-07-18 16:00:00+00:00,0.8222,0.8324,0.8188,0.8295,9936693.4
2025-07-18 17:00:00+00:00,0.8295,0.8353,0.824,0.8308,6947077.8
2025-07-18 18:00:00+00:00,0.8308,0.8309,0.8194,0.8212,5309367.2
2025-07-18 19:00:00+00:00,0.8211,0.8257,0.8104,0.8174,8338699.9
2025-07-18 20:00:00+00:00,0.8174,0.8187,0.7959,0.8101,19263879.5
2025-07-18 21:00:00+00:00,0.81,0.8225,0.809,0.8136,6579699.4
2025-07-18 22:00:00+00:00,0.8136,0.8208,0.8075,0.8094,6705875.3
2025-07-18 23:00:00+00:00,0.8095,0.8172,0.8027,0.8158,4863392.8
2025-07-19 00:00:00+00:00,0.8159,0.8222,0.8076,0.8079,5176772.3
2025-07-19 01:00:00+00:00,0.808,0.8209,0.8017,0.8184,5798832.1
2025-07-19 02:00:00+00:00,0.8185,0.8245,0.813,0.8226,3434515.0
2025-07-19 03:00:00+00:00,0.8228,0.8315,0.8224,0.8272,6356777.3
2025-07-19 04:00:00+00:00,0.8273,0.8372,0.8265,0.831,7009659.3
2025-07-19 05:00:00+00:00,0.8311,0.8336,0.8246,0.8287,4969486.6
2025-07-19 06:00:00+00:00,0.8286,0.8315,0.8199,0.8239,4983110.1
2025-07-19 07:00:00+00:00,0.8239,0.8296,0.8223,0.8252,2580118.1
2025-07-19 08:00:00+00:00,0.8252,0.8288,0.8186,0.8248,4062532.6
2025-07-19 09:00:00+00:00,0.8249,0.8357,0.8229,0.8323,4457723.5
2025-07-19 10:00:00+00:00,0.8323,0.8352,0.8265,0.8275,3316361.5
2025-07-19 11:00:00+00:00,0.8276,0.8312,0.8175,0.819,5786936.9
2025-07-19 12:00:00+00:00,0.819,0.8293,0.8142,0.8284,5056328.3
2025-07-19 13:00:00+00:00,0.8283,0.8297,0.8215,0.8249,3560780.0
2025-07-19 14:00:00+00:00,0.8249,0.8262,0.8104,0.8119,5130280.9
2025-07-19 15:00:00+00:00,0.8119,0.8258,0.8112,0.8217,5217001.8
2025-07-19 16:00:00+00:00,0.8218,0.8296,0.8169,0.8261,4030068.8
2025-07-19 17:00:00+00:00,0.8262,0.8278,0.8184,0.8212,2570263.2
2025-07-19 18:00:00+00:00,0.8211,0.8294,0.8191,0.8234,2955666.0
2025-07-19 19:00:00+00:00,0.8235,0.8349,0.8202,0.8293,5550345.4
2025-07-19 20:00:00+00:00,0.8292,0.8351,0.8285,0.8289,5292410.2
2025-07-19 21:00:00+00:00,0.8288,0.8311,0.8166,0.8246,7373058.6
2025-07-19 22:00:00+00:00,0.8246,0.8282,0.8206,0.8251,3391704.6
2025-07-19 23:00:00+00:00,0.825,0.8316,0.8239,0.8298,3045498.8
2025-07-20 00:00:00+00:00,0.8298,0.831,0.823,0.8285,4739438.6
2025-07-20 01:00:00+00:00,0.8285,0.8394,0.827,0.832,11422357.4
2025-07-20 02:00:00+00:00,0.832,0.8353,0.8281,0.8323,5306018.1
2025-07-20 03:00:00+00:00,0.8322,0.8457,0.8314,0.8404,7054212.8
2025-07-20 04:00:00+00:00,0.8404,0.8471,0.8352,0.8371,7514507.6
2025-07-20 05:00:00+00:00,0.8371,0.8419,0.8309,0.8408,5316061.9
2025-07-20 06:00:00+00:00,0.8408,0.8411,0.8349,0.8352,5194514.1
2025-07-20 07:00:00+00:00,0.8352,0.8497,0.8352,0.8451,7910982.7
2025-07-20 08:00:00+00:00,0.8451,0.8566,0.8444,0.8565,10789620.1
2025-07-20 09:00:00+00:00,0.8566,0.8622,0.8482,0.8508,12040502.1
2025-07-20 10:00:00+00:00,0.8507,0.8552,0.848,0.8485,6883665.7
2025-07-20 11:00:00+00:00,0.8485,0.8566,0.848,0.8507,6933457.3
2025-07-20 12:00:00+00:00,0.8507,0.8558,0.8465,0.8534,9320369.3
2025-07-20 13:00:00+00:00,0.8534,0.8672,0.8525,0.8665,12163313.7
2025-07-20 14:00:00+00:00,0.8664,0.8711,0.8536,0.8645,14034020.8
2025-07-20 15:00:00+00:00,0.8646,0.8734,0.859,0.8709,9160258.0
2025-07-20 16:00:00+00:00,0.8709,0.8763,0.8654,0.8719,12685843.7
2025-07-20 17:00:00+00:00,0.8719,0.8733,0.857,0.8585,11725916.0
2025-07-20 18:00:00+00:00,0.8586,0.8706,0.8563,0.8706,6806143.5
2025-07-20 19:00:00+00:00,0.8706,0.8786,0.8693,0.871,8302349.2
2025-07-20 20:00:00+00:00,0.8709,0.8784,0.8608,0.871,8899841.6
2025-07-20 21:00:00+00:00,0.8709,0.8736,0.8593,0.8736,8477708.0
2025-07-20 22:00:00+00:00,0.8735,0.8743,0.837,0.8575,24074063.9
2025-07-20 23:00:00+00:00,0.8576,0.8636,0.8511,0.858,9113555.2
2025-07-21 00:00:00+00:00,0.858,0.8601,0.8415,0.853,12962906.1
2025-07-21 01:00:00+00:00,0.8529,0.8599,0.8415,0.8565,9766372.8
2025-07-21 02:00:00+00:00,0.8565,0.8696,0.8565,0.8695,10929608.9
2025-07-21 03:00:00+00:00,0.8694,0.8706,0.865,0.8659,6434650.3
2025-07-21 04:00:00+00:00,0.8659,0.8709,0.8617,0.8681,6111798.7
2025-07-21 05:00:00+00:00,0.8681,0.8809,0.8665,0.8808,9505263.5
2025-07-21 06:00:00+00:00,0.8808,0.8879,0.8784,0.8842,15833393.8
2025-07-21 07:00:00+00:00,0.8841,0.8978,0.8838,0.8939,14302999.7
2025-07-21 08:00:00+00:00,0.8939,0.9044,0.8904,0.894,19290556.4
2025-07-21 09:00:00+00:00,0.8939,0.8956,0.8806,0.8868,12393652.4
2025-07-21 10:00:00+00:00,0.8868,0.894,0.8798,0.8927,7681969.5
2025-07-21 11:00:00+00:00,0.8927,0.9115,0.8915,0.9085,24886507.8
2025-07-21 12:00:00+00:00,0.9086,0.9248,0.8995,0.9216,27252767.8
2025-07-21 13:00:00+00:00,0.9217,0.926,0.9142,0.9193,19376534.0
2025-07-21 14:00:00+00:00,0.9194,0.9373,0.9145,0.9267,42719436.3
2025-07-21 15:00:00+00:00,0.9267,0.9269,0.9097,0.9119,17305247.2
2025-07-21 16:00:00+00:00,0.9119,0.9133,0.8878,0.8977,22939362.9
2025-07-21 17:00:00+00:00,0.8977,0.9059,0.8925,0.8996,10127416.0
2025-07-21 18:00:00+00:00,0.8996,0.9035,0.8832,0.8846,10266201.3
2025-07-21 19:00:00+00:00,0.8845,0.8923,0.8753,0.8766,12227044.7
2025-07-21 20:00:00+00:00,0.8765,0.8886,0.8729,0.88,10111020.9
2025-07-21 21:00:00+00:00,0.8799,0.8853,0.8771,0.8845,6671493.5
2025-07-21 22:00:00+00:00,0.8844,0.8915,0.8827,0.8891,5370995.1
2025-07-21 23:00:00+00:00,0.8891,0.8917,0.8833,0.8891,4637571.0
2025-07-22 00:00:00+00:00,0.889,0.8975,0.8857,0.8866,8770966.1
2025-07-22 01:00:00+00:00,0.8865,0.9035,0.8647,0.9015,24901784.8
2025-07-22 02:00:00+00:00,0.9015,0.9096,0.8873,0.8923,17959627.9
2025-07-22 03:00:00+00:00,0.8922,0.894,0.875,0.8863,14894422.0
2025-07-22 04:00:00+00:00,0.8863,0.8863,0.855,0.8555,15256097.7
2025-07-22 05:00:00+00:00,0.8555,0.8756,0.8555,0.8711,19459733.1
2025-07-22 06:00:00+00:00,0.871,0.8793,0.8668,0.8761,11545107.5
2025-07-22 07:00:00+00:00,0.8761,0.8837,0.8683,0.871,8879679.0
2025-07-22 08:00:00+00:00,0.871,0.871,0.8526,0.8652,16850182.1
2025-07-22 09:00:00+00:00,0.8651,0.8711,0.8544,0.8693,11890005.8
2025-07-22 10:00:00+00:00,0.8692,0.8782,0.8682,0.8781,7744880.9
2025-07-22 11:00:00+00:00,0.8782,0.8832,0.8711,0.878,9964876.6
2025-07-22 12:00:00+00:00,0.878,0.8813,0.8733,0.8762,8285091.7
2025-07-22 13:00:00+00:00,0.8762,0.8811,0.8629,0.865,17992643.5
2025-07-22 14:00:00+00:00,0.8648,0.88,0.8561,0.8797,14622852.8
2025-07-22 15:00:00+00:00,0.8798,0.891,0.8785,0.8804,13404029.4
2025-07-22 16:00:00+00:00,0.8803,0.8908,0.8763,0.8824,7793050.9
2025-07-22 17:00:00+00:00,0.8823,0.8874,0.8732,0.8833,9356863.4
2025-07-22 18:00:00+00:00,0.8833,0.8934,0.8794,0.8888,10819097.5
2025-07-22 19:00:00+00:00,0.8888,0.8947,0.8752,0.8775,9714621.3
2025-07-22 20:00:00+00:00,0.8775,0.8936,0.876,0.8915,5627851.4
2025-07-22 21:00:00+00:00,0.8916,0.8934,0.8848,0.8894,4397506.4
2025-07-22 22:00:00+00:00,0.8895,0.8966,0.8895,0.8933,4383106.3
2025-07-22 23:00:00+00:00,0.8934,0.9042,0.8928,0.9034,6217554.1
2025-07-23 00:00:00+00:00,0.9035,0.9037,0.8887,0.8901,5900251.4
2025-07-23 01:00:00+00:00,0.8901,0.8901,0.8832,0.8878,4660958.8
2025-07-23 02:00:00+00:00,0.8878,0.8905,0.8819,0.8861,5890014.0
2025-07-23 03:00:00+00:00,0.8861,0.8869,0.8791,0.881,5099780.9
2025-07-23 04:00:00+00:00,0.8811,0.8886,0.8786,0.8885,4575308.3
2025-07-23 05:00:00+00:00,0.8885,0.8886,0.8811,0.8831,4059494.1
2025-07-23 06:00:00+00:00,0.8831,0.8835,0.8708,0.8748,5932400.4
2025-07-23 07:00:00+00:00,0.8748,0.8782,0.8659,0.8678,5635662.2
2025-07-23 08:00:00+00:00,0.8678,0.8737,0.8659,0.8733,4375410.9
2025-07-23 09:00:00+00:00,0.8732,0.8739,0.8614,0.8617,5956015.6
2025-07-23 10:00:00+00:00,0.8618,0.8637,0.855,0.8629,8241133.8
2025-07-23 11:00:00+00:00,0.8628,0.8644,0.8576,0.8623,5156522.2
2025-07-23 12:00:00+00:00,0.8623,0.8627,0.8284,0.8345,25020989.7
2025-07-23 13:00:00+00:00,0.8345,0.8398,0.8085,0.8182,47685324.3
2025-07-23 14:00:00+00:00,0.8182,0.8313,0.8144,0.8267,16745223.7
2025-07-23 15:00:00+00:00,0.8267,0.8352,0.8169,0.8343,10467535.4
2025-07-23 16:00:00+00:00,0.8342,0.8342,0.8114,0.8135,10950736.0
2025-07-23 17:00:00+00:00,0.8135,0.8182,0.7997,0.8131,22629857.6
2025-07-23 18:00:00+00:00,0.8132,0.8212,0.8111,0.8206,6560336.1
2025-07-23 19:00:00+00:00,0.8206,0.8213,0.8127,0.8138,4676646.3
2025-07-23 20:00:00+00:00,0.8136,0.8197,0.7924,0.8065,23431221.2
2025-07-23 21:00:00+00:00,0.8066,0.8109,0.7857,0.8069,33041119.5
2025-07-23 22:00:00+00:00,0.8069,0.8183,0.7999,0.8134,7862019.0
2025-07-23 23:00:00+00:00,0.8135,0.8208,0.8127,0.816,5969304.9
2025-07-24 00:00:00+00:00,0.816,0.8248,0.8101,0.8248,7389398.7
2025-07-24 01:00:00+00:00,0.8248,0.8248,0.8146,0.8237,6090527.9
2025-07-24 02:00:00+00:00,0.8237,0.8243,0.816,0.8191,4687561.6
2025-07-24 03:00:00+00:00,0.8192,0.8251,0.8151,0.8162,5731654.6
2025-07-24 04:00:00+00:00,0.8162,0.8181,0.7982,0.8007,12066266.9
2025-07-24 05:00:00+00:00,0.8007,0.8009,0.7777,0.7789,25436154.2
2025-07-24 06:00:00+00:00,0.7789,0.792,0.7618,0.7718,28127859.4
2025-07-24 07:00:00+00:00,0.7717,0.7898,0.7613,0.7891,19354867.2
2025-07-24 08:00:00+00:00,0.789,0.8056,0.7853,0.8022,13815552.7
2025-07-24 09:00:00+00:00,0.8023,0.8046,0.7938,0.801,10631681.7
2025-07-24 10:00:00+00:00,0.801,0.8061,0.7869,0.7987,10119291.3
2025-07-24 11:00:00+00:00,0.7986,0.817,0.7981,0.8154,13929039.8
2025-07-24 12:00:00+00:00,0.8154,0.8187,0.8034,0.8106,8612639.2
2025-07-24 13:00:00+00:00,0.8106,0.8162,0.8018,0.8029,18315609.1
2025-07-24 14:00:00+00:00,0.803,0.8331,0.7967,0.8317,25900330.2
2025-07-24 15:00:00+00:00,0.8318,0.8381,0.8174,0.8234,32349442.3
2025-07-24 16:00:00+00:00,0.8235,0.8247,0.8046,0.8129,11659508.4
2025-07-24 17:00:00+00:00,0.8131,0.828,0.8119,0.8236,6768447.3
2025-07-24 18:00:00+00:00,0.8235,0.828,0.8154,0.8243,12176876.7
2025-07-24 19:00:00+00:00,0.8242,0.8269,0.816,0.8168,8434330.6
2025-07-24 20:00:00+00:00,0.8167,0.8257,0.8156,0.8251,3502794.4
2025-07-24 21:00:00+00:00,0.825,0.826,0.8118,0.8142,5235770.5
2025-07-24 22:00:00+00:00,0.8143,0.8184,0.8086,0.8131,5213652.8
2025-07-24 23:00:00+00:00,0.813,0.813,0.8007,0.806,5367249.7
2025-07-25 00:00:00+00:00,0.8059,0.8075,0.7951,0.8015,7244198.9
2025-07-25 01:00:00+00:00,0.8014,0.8119,0.7959,0.8089,6877153.3
2025-07-25 02:00:00+00:00,0.8089,0.8121,0.7936,0.7973,6511764.9
2025-07-25 03:00:00+00:00,0.7973,0.8016,0.7828,0.7952,13110844.7
2025-07-25 04:00:00+00:00,0.7952,0.81,0.7898,0.809,9504538.0
2025-07-25 05:00:00+00:00,0.809,0.8094,0.7953,0.7966,6192295.7
2025-07-25 06:00:00+00:00,0.7966,0.8016,0.7906,0.797,5465863.7
2025-07-25 07:00:00+00:00,0.7971,0.8042,0.7855,0.7949,9125770.4
2025-07-25 08:00:00+00:00,0.7949,0.8082,0.7881,0.7907,11178066.3
2025-07-25 09:00:00+00:00,0.7908,0.8063,0.7872,0.8059,7705989.9
2025-07-25 10:00:00+00:00,0.806,0.8127,0.8023,0.8107,7179651.4
2025-07-25 11:00:00+00:00,0.8108,0.8174,0.8084,0.8103,5359112.4
2025-07-25 12:00:00+00:00,0.8104,0.8187,0.8039,0.8084,8065428.7
2025-07-25 13:00:00+00:00,0.8084,0.8097,0.7982,0.805,6289573.1
2025-07-25 14:00:00+00:00,0.8051,0.8056,0.777,0.778,17501580.0
2025-07-25 15:00:00+00:00,0.7781,0.7874,0.7747,0.7841,9949730.3
2025-07-25 16:00:00+00:00,0.7841,0.7921,0.7795,0.7903,5975302.7
2025-07-25 17:00:00+00:00,0.7902,0.7966,0.7888,0.7953,3563070.1
2025-07-25 18:00:00+00:00,0.7953,0.7971,0.7893,0.7912,15528578.2
2025-07-25 19:00:00+00:00,0.7911,0.7999,0.7893,0.7934,2854992.3
2025-07-25 20:00:00+00:00,0.7935,0.8091,0.793,0.8074,4760779.5
2025-07-25 21:00:00+00:00,0.8075,0.8167,0.8075,0.8136,7276971.5
2025-07-25 22:00:00+00:00,0.8136,0.8174,0.8113,0.8166,4704235.6
2025-07-25 23:00:00+00:00,0.8165,0.8182,0.8132,0.8158,2913574.5
2025-07-26 00:00:00+00:00,0.8158,0.8197,0.8119,0.8182,3088244.2
2025-07-26 01:00:00+00:00,0.8183,0.8208,0.8134,0.8141,4046624.3
2025-07-26 02:00:00+00:00,0.8141,0.8278,0.814,0.8265,5328354.2
2025-07-26 03:00:00+00:00,0.8265,0.827,0.8203,0.8248,3056927.5
2025-07-26 04:00:00+00:00,0.8248,0.8272,0.8232,0.8243,2658944.9
2025-07-26 05:00:00+00:00,0.8243,0.8265,0.8214,0.8253,2423130.8
2025-07-26 06:00:00+00:00,0.8253,0.8261,0.8179,0.8186,3161968.2
2025-07-26 07:00:00+00:00,0.8185,0.8202,0.8172,0.8186,2426780.2
2025-07-26 08:00:00+00:00,0.8186,0.8257,0.8185,0.8236,3163359.8
2025-07-26 09:00:00+00:00,0.8236,0.8278,0.8225,0.8269,2906729.7
2025-07-26 10:00:00+00:00,0.8269,0.8294,0.8245,0.8249,3559012.3
2025-07-26 11:00:00+00:00,0.8249,0.8265,0.821,0.8237,3318273.1
2025-07-26 12:00:00+00:00,0.8236,0.8281,0.8211,0.8274,2498532.0
2025-07-26 13:00:00+00:00,0.8274,0.8323,0.8253,0.8296,5473382.3
2025-07-26 14:00:00+00:00,0.8296,0.8348,0.8254,0.8277,12199887.5
2025-07-26 15:00:00+00:00,0.8277,0.8328,0.8258,0.8326,7941195.8
2025-07-26 16:00:00+00:00,0.8327,0.8387,0.8305,0.8347,7204306.8
2025-07-26 17:00:00+00:00,0.8346,0.8347,0.8254,0.8268,3558175.8
2025-07-26 18:00:00+00:00,0.8268,0.8296,0.8214,0.828,8052864.4
2025-07-26 19:00:00+00:00,0.8279,0.8305,0.8247,0.829,5463408.3
2025-07-26 20:00:00+00:00,0.8291,0.8292,0.8232,0.8253,3000417.3
2025-07-26 21:00:00+00:00,0.8253,0.8296,0.8234,0.8291,2470480.9
2025-07-26 22:00:00+00:00,0.829,0.8324,0.8236,0.824,4476259.7
2025-07-26 23:00:00+00:00,0.824,0.8249,0.8188,0.8198,2962116.7
2025-07-27 00:00:00+00:00,0.8198,0.8239,0.8174,0.8232,2737225.1
2025-07-27 01:00:00+00:00,0.8233,0.829,0.821,0.8255,2678458.6
2025-07-27 02:00:00+00:00,0.8255,0.8321,0.8235,0.8301,3105223.1
2025-07-27 03:00:00+00:00,0.83,0.8318,0.826,0.8286,3243258.4
2025-07-27 04:00:00+00:00,0.8286,0.8338,0.826,0.8331,2790500.5
2025-07-27 05:00:00+00:00,0.8331,0.8394,0.8321,0.8345,5880762.5
2025-07-27 06:00:00+00:00,0.8346,0.8346,0.8273,0.8279,4005684.1
2025-07-27 07:00:00+00:00,0.8279,0.8289,0.8221,0.8236,2746116.2
2025-07-27 08:00:00+00:00,0.8237,0.8245,0.8173,0.8199,4019918.4
2025-07-27 09:00:00+00:00,0.8199,0.8209,0.8141,0.8158,4495409.7
2025-07-27 10:00:00+00:00,0.8158,0.8318,0.8155,0.8292,5222193.1
2025-07-27 11:00:00+00:00,0.8292,0.8311,0.8222,0.8233,4188385.1
2025-07-27 12:00:00+00:00,0.8233,0.8277,0.8178,0.827,5057730.6
2025-07-27 13:00:00+00:00,0.8269,0.8303,0.8178,0.8187,12887484.3
2025-07-27 14:00:00+00:00,0.8186,0.8238,0.815,0.8187,5790955.5
2025-07-27 15:00:00+00:00,0.8188,0.8221,0.8146,0.8218,4350143.3
2025-07-27 16:00:00+00:00,0.8219,0.8337,0.8215,0.825,10094076.9
2025-07-27 17:00:00+00:00,0.8251,0.8273,0.8194,0.8268,4627594.6
2025-07-27 18:00:00+00:00,0.8268,0.8298,0.8255,0.8277,7687242.0
2025-07-27 19:00:00+00:00,0.8276,0.8292,0.8231,0.8247,3106655.8
2025-07-27 20:00:00+00:00,0.8247,0.8308,0.8245,0.827,2825909.4
2025-07-27 21:00:00+00:00,0.8271,0.8319,0.8256,0.8316,5088485.8
2025-07-27 22:00:00+00:00,0.8317,0.839,0.8312,0.8338,5304074.2
2025-07-27 23:00:00+00:00,0.8338,0.8338,0.8265,0.832,3457496.8
2025-07-28 00:00:00+00:00,0.832,0.8415,0.8284,0.832,7700819.4
2025-07-28 01:00:00+00:00,0.8319,0.8343,0.8241,0.8278,4932400.9
2025-07-28 02:00:00+00:00,0.8278,0.8448,0.825,0.8411,8046108.8
2025-07-28 03:00:00+00:00,0.8412,0.8445,0.8365,0.842,4584731.7
2025-07-28 04:00:00+00:00,0.842,0.8442,0.8349,0.8427,5025161.9
2025-07-28 05:00:00+00:00,0.8428,0.8559,0.8409,0.8525,9571024.6
2025-07-28 06:00:00+00:00,0.8525,0.8545,0.845,0.8471,5999207.3
2025-07-28 07:00:00+00:00,0.847,0.8477,0.8345,0.8384,7821015.4
2025-07-28 08:00:00+00:00,0.8383,0.8407,0.831,0.8352,5171246.9
2025-07-28 09:00:00+00:00,0.8352,0.837,0.8291,0.836,5005281.5
2025-07-28 10:00:00+00:00,0.836,0.8387,0.8269,0.8294,6417505.1
2025-07-28 11:00:00+00:00,0.8294,0.8314,0.8239,0.83,5815343.9
2025-07-28 12:00:00+00:00,0.83,0.8345,0.8261,0.8296,5240129.2
2025-07-28 13:00:00+00:00,0.8296,0.8299,0.8147,0.8189,16065310.8
2025-07-28 14:00:00+00:00,0.8189,0.8213,0.8017,0.8048,20967710.6
2025-07-28 15:00:00+00:00,0.8047,0.8122,0.8017,0.8059,6071076.2
2025-07-28 16:00:00+00:00,0.8058,0.8097,0.8012,0.8046,7103542.3
2025-07-28 17:00:00+00:00,0.8045,0.8072,0.7984,0.8004,6780587.7
2025-07-28 18:00:00+00:00,0.8004,0.8011,0.7913,0.7964,9119891.9
2025-07-28 19:00:00+00:00,0.7965,0.8028,0.7921,0.7978,5663953.1
2025-07-28 20:00:00+00:00,0.7979,0.7991,0.7889,0.7924,6321107.6
2025-07-28 21:00:00+00:00,0.7923,0.7991,0.7889,0.7938,5474631.4
2025-07-28 22:00:00+00:00,0.7937,0.7956,0.786,0.792,7598134.5
2025-07-28 23:00:00+00:00,0.7921,0.7955,0.789,0.7932,3724413.7
2025-07-29 00:00:00+00:00,0.7932,0.8009,0.7832,0.7943,10118612.0
2025-07-29 01:00:00+00:00,0.7942,0.7978,0.7874,0.7878,2638027.2
2025-07-29 02:00:00+00:00,0.7878,0.7901,0.7799,0.7827,6556891.3
2025-07-29 03:00:00+00:00,0.7827,0.7947,0.782,0.7936,4423839.7
2025-07-29 04:00:00+00:00,0.7936,0.7962,0.7881,0.7888,4280416.5
2025-07-29 05:00:00+00:00,0.7888,0.7966,0.7887,0.7965,2538211.0
2025-07-29 06:00:00+00:00,0.7965,0.8032,0.7946,0.8013,5730078.9
2025-07-29 07:00:00+00:00,0.8013,0.8097,0.8013,0.8083,4578750.1
2025-07-29 08:00:00+00:00,0.8082,0.8099,0.8016,0.8032,3528669.5
2025-07-29 09:00:00+00:00,0.8033,0.8045,0.7991,0.8017,4308226.9
2025-07-29 10:00:00+00:00,0.8018,0.8027,0.7896,0.7908,6657855.2
2025-07-29 11:00:00+00:00,0.7908,0.797,0.7901,0.7962,3195133.1
2025-07-29 12:00:00+00:00,0.7962,0.8052,0.7954,0.8013,4966368.3
2025-07-29 13:00:00+00:00,0.8012,0.8042,0.7907,0.7923,5065406.9
2025-07-29 14:00:00+00:00,0.7924,0.7926,0.775,0.7806,10353358.2
2025-07-29 15:00:00+00:00,0.7805,0.7846,0.7757,0.7811,9756933.2
2025-07-29 16:00:00+00:00,0.7812,0.7825,0.7694,0.781,10308575.9
2025-07-29 17:00:00+00:00,0.7811,0.7871,0.7801,0.7826,5404746.5
2025-07-29 18:00:00+00:00,0.7825,0.7838,0.7777,0.7821,4849035.8
2025-07-29 19:00:00+00:00,0.782,0.7858,0.7756,0.7771,4284745.3
2025-07-29 20:00:00+00:00,0.7771,0.781,0.77,0.775,4425110.2
2025-07-29 21:00:00+00:00,0.7751,0.785,0.7716,0.7825,2570367.9
2025-07-29 22:00:00+00:00,0.7826,0.7839,0.7766,0.7828,3128685.1
2025-07-29 23:00:00+00:00,0.7828,0.7853,0.7806,0.7828,2523704.1
2025-07-30 00:00:00+00:00,0.7829,0.7831,0.7749,0.7804,2969034.8
2025-07-30 01:00:00+00:00,0.7804,0.7879,0.7736,0.7853,4885837.6
2025-07-30 02:00:00+00:00,0.7852,0.7898,0.7834,0.7865,2920163.7
2025-07-30 03:00:00+00:00,0.7864,0.7887,0.7837,0.7853,2200267.9
2025-07-30 04:00:00+00:00,0.7853,0.788,0.7781,0.7797,2588948.9
2025-07-30 05:00:00+00:00,0.7797,0.7855,0.7747,0.7838,2244367.0
2025-07-30 06:00:00+00:00,0.7837,0.7865,0.7812,0.7855,1934480.9
2025-07-30 07:00:00+00:00,0.7855,0.7868,0.7771,0.7791,2302288.7
2025-07-30 08:00:00+00:00,0.7792,0.7845,0.7761,0.7798,3858908.5
2025-07-30 09:00:00+00:00,0.7798,0.7814,0.7685,0.769,13777103.4
2025-07-30 10:00:00+00:00,0.769,0.7757,0.7654,0.7669,6742256.6
2025-07-30 11:00:00+00:00,0.767,0.771,0.7521,0.7565,13078025.7
2025-07-30 12:00:00+00:00,0.7565,0.7634,0.7522,0.7608,10554556.1
2025-07-30 13:00:00+00:00,0.7607,0.7643,0.7561,0.7622,10445110.1
2025-07-30 14:00:00+00:00,0.7622,0.7775,0.7588,0.7768,14116788.2
2025-07-30 15:00:00+00:00,0.7769,0.7776,0.7687,0.7735,9935265.7
2025-07-30 16:00:00+00:00,0.7735,0.7792,0.7707,0.7735,11508614.1
2025-07-30 17:00:00+00:00,0.7735,0.777,0.7717,0.775,3618816.7
2025-07-30 18:00:00+00:00,0.775,0.7787,0.7556,0.7561,10389818.0
2025-07-30 19:00:00+00:00,0.756,0.763,0.7301,0.7602,35139990.9
2025-07-30 20:00:00+00:00,0.7601,0.7675,0.7581,0.7594,4648755.6
2025-07-30 21:00:00+00:00,0.7593,0.7625,0.7517,0.7587,3440396.2
2025-07-30 22:00:00+00:00,0.7586,0.761,0.7527,0.7558,3102403.7
2025-07-30 23:00:00+00:00,0.7557,0.765,0.7555,0.7634,4042578.0
2025-07-31 00:00:00+00:00,0.7633,0.7736,0.7622,0.7726,5799947.5
2025-07-31 01:00:00+00:00,0.7727,0.7759,0.7689,0.7733,4145114.7
2025-07-31 02:00:00+00:00,0.7732,0.7772,0.7715,0.776,3686899.8
2025-07-31 03:00:00+00:00,0.776,0.7818,0.775,0.7795,4552989.3
2025-07-31 04:00:00+00:00,0.7796,0.7825,0.7777,0.7816,4293525.7
2025-07-31 05:00:00+00:00,0.7816,0.784,0.7803,0.7816,3390974.9
2025-07-31 06:00:00+00:00,0.7815,0.7841,0.7787,0.7828,5323180.8
2025-07-31 07:00:00+00:00,0.7829,0.7834,0.7798,0.782,3147164.7
2025-07-31 08:00:00+00:00,0.7821,0.7887,0.7814,0.7866,5506988.6
2025-07-31 09:00:00+00:00,0.7867,0.7893,0.7847,0.7875,3962949.1
2025-07-31 10:00:00+00:00,0.7875,0.7879,0.7837,0.7843,3664390.0
2025-07-31 11:00:00+00:00,0.7844,0.7853,0.7756,0.7786,5110677.9
2025-07-31 12:00:00+00:00,0.7786,0.7795,0.7699,0.7738,5555984.1
2025-07-31 13:00:00+00:00,0.7738,0.7739,0.76,0.7664,10603334.9
2025-07-31 14:00:00+00:00,0.7664,0.7691,0.7554,0.7556,9502247.9
2025-07-31 15:00:00+00:00,0.7555,0.7631,0.7526,0.7619,6500277.6
2025-07-31 16:00:00+00:00,0.7619,0.7757,0.7605,0.7691,7476047.4
2025-07-31 17:00:00+00:00,0.7691,0.7694,0.7558,0.7574,6642250.9
2025-07-31 18:00:00+00:00,0.7573,0.7617,0.7512,0.7579,5301317.7
2025-07-31 19:00:00+00:00,0.7579,0.7595,0.7495,0.7517,6217088.5
2025-07-31 20:00:00+00:00,0.7518,0.7539,0.7462,0.7497,6715157.7
2025-07-31 21:00:00+00:00,0.7497,0.755,0.7423,0.7497,5802060.8
2025-07-31 22:00:00+00:00,0.7497,0.7497,0.7391,0.7418,6470399.6
2025-07-31 23:00:00+00:00,0.7418,0.7474,0.7356,0.7392,6445580.5
2025-08-01 00:00:00+00:00,0.7392,0.7413,0.7172,0.733,21102635.0
2025-08-01 01:00:00+00:00,0.7329,0.7351,0.7215,0.7305,11440667.0
2025-08-01 02:00:00+00:00,0.7304,0.7393,0.7283,0.7382,6341212.5
2025-08-01 03:00:00+00:00,0.7381,0.7402,0.734,0.7346,4247784.5
2025-08-01 04:00:00+00:00,0.7346,0.7346,0.7281,0.729,5340236.1
2025-08-01 05:00:00+00:00,0.729,0.7321,0.7222,0.7254,5070475.7
2025-08-01 06:00:00+00:00,0.7253,0.7266,0.7181,0.726,9435123.8
2025-08-01 07:00:00+00:00,0.7261,0.7285,0.7213,0.7248,9162234.0
2025-08-01 08:00:00+00:00,0.7247,0.7247,0.7099,0.718,17677205.3
2025-08-01 09:00:00+00:00,0.718,0.727,0.7173,0.7188,6347860.7
2025-08-01 10:00:00+00:00,0.7188,0.7242,0.7178,0.7228,3957581.3
2025-08-01 11:00:00+00:00,0.7229,0.7279,0.7194,0.7272,3627640.8
2025-08-01 12:00:00+00:00,0.7271,0.7342,0.7236,0.7278,9665949.4
2025-08-01 13:00:00+00:00,0.7279,0.7318,0.7085,0.7142,11040282.7
2025-08-01 14:00:00+00:00,0.7141,0.7383,0.709,0.7354,14512867.4
2025-08-01 15:00:00+00:00,0.7355,0.7367,0.7252,0.7331,6474866.6
2025-08-01 16:00:00+00:00,0.7331,0.7381,0.7227,0.725,6836148.7
2025-08-01 17:00:00+00:00,0.7249,0.7294,0.718,0.7228,5975046.1
2025-08-01 18:00:00+00:00,0.7227,0.7301,0.7163,0.7254,6569801.0
2025-08-01 19:00:00+00:00,0.7253,0.734,0.7234,0.7313,5111076.5
2025-08-01 20:00:00+00:00,0.7313,0.7336,0.7126,0.7246,8684489.1
2025-08-01 21:00:00+00:00,0.7246,0.73,0.7226,0.7237,2599943.9
2025-08-01 22:00:00+00:00,0.7238,0.7242,0.6962,0.7048,21513383.9
2025-08-01 23:00:00+00:00,0.7047,0.7168,0.7021,0.7141,6113165.1
2025-08-02 00:00:00+00:00,0.7141,0.7203,0.711,0.7202,10094288.7
2025-08-02 01:00:00+00:00,0.7201,0.7225,0.7159,0.7218,2808205.7
2025-08-02 02:00:00+00:00,0.7219,0.7234,0.7206,0.7225,1356732.5
2025-08-02 03:00:00+00:00,0.7225,0.7244,0.72,0.7215,2213053.0
2025-08-02 04:00:00+00:00,0.7216,0.7278,0.7199,0.7273,2886970.5
2025-08-02 05:00:00+00:00,0.7273,0.7277,0.7242,0.7246,1757134.0
2025-08-02 06:00:00+00:00,0.7245,0.7251,0.7063,0.7115,4834459.7
2025-08-02 07:00:00+00:00,0.7114,0.7232,0.7057,0.7229,5306314.1
2025-08-02 08:00:00+00:00,0.7229,0.7241,0.7132,0.714,3459915.8
2025-08-02 09:00:00+00:00,0.7139,0.7181,0.712,0.7152,2185716.3
2025-08-02 10:00:00+00:00,0.7152,0.7158,0.7065,0.7113,4145783.5
2025-08-02 11:00:00+00:00,0.7112,0.719,0.7074,0.7148,3204300.7
2025-08-02 12:00:00+00:00,0.7148,0.7155,0.7091,0.7146,4228796.3
2025-08-02 13:00:00+00:00,0.7146,0.7173,0.7086,0.7154,4634585.5
2025-08-02 14:00:00+00:00,0.7155,0.7165,0.7002,0.7035,6961146.7
2025-08-02 15:00:00+00:00,0.7034,0.7087,0.6966,0.6993,12525162.6
2025-08-02 16:00:00+00:00,0.6993,0.7053,0.6914,0.7013,12425271.9
2025-08-02 17:00:00+00:00,0.7014,0.7062,0.6905,0.6934,8063231.0
2025-08-02 18:00:00+00:00,0.6935,0.6969,0.6842,0.6883,12739532.0
2025-08-02 19:00:00+00:00,0.6884,0.701,0.6861,0.694,6406696.1
2025-08-02 20:00:00+00:00,0.6941,0.7015,0.6939,0.7009,3989345.6
2025-08-02 21:00:00+00:00,0.7009,0.7046,0.6974,0.7012,4128437.0
2025-08-02 22:00:00+00:00,0.7013,0.7053,0.6962,0.7027,3344954.3
2025-08-02 23:00:00+00:00,0.7026,0.7036,0.6921,0.6975,5192256.0
2025-08-03 00:00:00+00:00,0.6975,0.7046,0.6869,0.7033,10622527.0
2025-08-03 01:00:00+00:00,0.7032,0.7071,0.7004,0.7043,6793114.3
2025-08-03 02:00:00+00:00,0.7043,0.7137,0.7043,0.7131,5309255.1
2025-08-03 03:00:00+00:00,0.7131,0.718,0.7115,0.7161,6078152.0
2025-08-03 04:00:00+00:00,0.7161,0.7164,0.7118,0.7145,3041720.2
2025-08-03 05:00:00+00:00,0.7145,0.7159,0.7125,0.7136,2138916.4
2025-08-03 06:00:00+00:00,0.7136,0.719,0.7123,0.7184,3498034.9
2025-08-03 07:00:00+00:00,0.7184,0.7255,0.7184,0.722,7317448.4
2025-08-03 08:00:00+00:00,0.722,0.7258,0.7212,0.724,4886450.4
2025-08-03 09:00:00+00:00,0.7241,0.7247,0.721,0.7231,2939672.6
2025-08-03 10:00:00+00:00,0.7232,0.7263,0.7228,0.7237,4068654.0
2025-08-03 11:00:00+00:00,0.7237,0.7293,0.7223,0.7242,5807912.1
2025-08-03 12:00:00+00:00,0.7242,0.7267,0.7216,0.7247,4681321.8
2025-08-03 13:00:00+00:00,0.7247,0.7261,0.7215,0.7228,2684427.9
2025-08-03 14:00:00+00:00,0.7227,0.7251,0.7174,0.7239,5434534.3
2025-08-03 15:00:00+00:00,0.7239,0.7274,0.7215,0.726,2746064.1
2025-08-03 16:00:00+00:00,0.726,0.7286,0.7222,0.7272,4242947.3
2025-08-03 17:00:00+00:00,0.7272,0.7293,0.725,0.7276,2172454.5
2025-08-03 18:00:00+00:00,0.7277,0.7279,0.7225,0.725,4805348.8
2025-08-03 19:00:00+00:00,0.7249,0.7278,0.7232,0.7246,2064229.3
2025-08-03 20:00:00+00:00,0.7247,0.7261,0.7221,0.7251,2302557.7
2025-08-03 21:00:00+00:00,0.725,0.7272,0.7243,0.7263,2271023.1
2025-08-03 22:00:00+00:00,0.7263,0.7286,0.7221,0.7263,1908828.9
2025-08-03 23:00:00+00:00,0.7263,0.731,0.7253,0.727,2757168.2
2025-08-04 00:00:00+00:00,0.7271,0.7424,0.7251,0.7415,7116109.1
2025-08-04 01:00:00+00:00,0.7415,0.7434,0.7326,0.7332,5538684.0
2025-08-04 02:00:00+00:00,0.7333,0.74,0.7298,0.7399,7074628.5
2025-08-04 03:00:00+00:00,0.74,0.7407,0.7354,0.7369,3013927.6
2025-08-04 04:00:00+00:00,0.7369,0.7395,0.7339,0.7342,3483369.5
2025-08-04 05:00:00+00:00,0.7343,0.7355,0.7308,0.7351,2594551.6
2025-08-04 06:00:00+00:00,0.735,0.7376,0.7296,0.736,3998567.6
2025-08-04 07:00:00+00:00,0.7359,0.7425,0.7346,0.7413,6292804.6
2025-08-04 08:00:00+00:00,0.7413,0.743,0.7369,0.7391,3923682.6
2025-08-04 09:00:00+00:00,0.7392,0.7418,0.7351,0.736,3647600.6
2025-08-04 10:00:00+00:00,0.7361,0.7414,0.7348,0.7395,3543991.2
2025-08-04 11:00:00+00:00,0.7394,0.7399,0.7357,0.7382,2224131.8
2025-08-04 12:00:00+00:00,0.7383,0.7417,0.7375,0.7411,2900127.4
2025-08-04 13:00:00+00:00,0.7411,0.7494,0.7363,0.7483,7878854.5
2025-08-04 14:00:00+00:00,0.7483,0.7549,0.7429,0.7453,12738510.2
2025-08-04 15:00:00+00:00,0.7453,0.7503,0.742,0.7447,4538487.8
2025-08-04 16:00:00+00:00,0.7447,0.7538,0.7446,0.752,5485679.0
2025-08-04 17:00:00+00:00,0.7521,0.7591,0.7497,0.7509,6019203.1
2025-08-04 18:00:00+00:00,0.7509,0.7523,0.7447,0.7459,4106547.7
2025-08-04 19:00:00+00:00,0.7459,0.7474,0.7414,0.7438,2107091.7
2025-08-04 20:00:00+00:00,0.7437,0.751,0.743,0.7494,2579411.9
2025-08-04 21:00:00+00:00,0.7493,0.7551,0.7492,0.7529,3175576.8
2025-08-04 22:00:00+00:00,0.753,0.7577,0.753,0.7576,3492529.2
2025-08-04 23:00:00+00:00,0.7576,0.7579,0.7536,0.7549,1994377.8
2025-08-05 00:00:00+00:00,0.755,0.7589,0.7515,0.7583,4796888.7
2025-08-05 01:00:00+00:00,0.7584,0.7601,0.7518,0.753,4536742.7
2025-08-05 02:00:00+00:00,0.7531,0.7578,0.7516,0.7546,3425460.6
2025-08-05 03:00:00+00:00,0.7547,0.7547,0.7457,0.7472,4701460.8
2025-08-05 04:00:00+00:00,0.7471,0.7498,0.7447,0.7464,3081075.9
2025-08-05 05:00:00+00:00,0.7463,0.75,0.7462,0.7497,3613359.5
2025-08-05 06:00:00+00:00,0.7498,0.7517,0.7406,0.7433,3825966.4
2025-08-05 07:00:00+00:00,0.7433,0.7449,0.734,0.7353,9498516.0
2025-08-05 08:00:00+00:00,0.7353,0.7399,0.7331,0.7375,5715958.4
2025-08-05 09:00:00+00:00,0.7374,0.7493,0.7373,0.7481,4530596.6
2025-08-05 10:00:00+00:00,0.748,0.7586,0.7458,0.7549,5324911.4
2025-08-05 11:00:00+00:00,0.755,0.7559,0.7506,0.7514,3290451.1
2025-08-05 12:00:00+00:00,0.7515,0.7523,0.737,0.74,6561670.4
2025-08-05 13:00:00+00:00,0.74,0.7453,0.7382,0.7431,4649956.3
2025-08-05 14:00:00+00:00,0.743,0.7437,0.7222,0.7264,18714988.5
2025-08-05 15:00:00+00:00,0.7263,0.7311,0.7193,0.7232,6972295.5
2025-08-05 16:00:00+00:00,0.7231,0.7301,0.7203,0.7244,7356251.7
2025-08-05 17:00:00+00:00,0.7245,0.7295,0.7229,0.7289,2022239.7
2025-08-05 18:00:00+00:00,0.7287,0.7296,0.7196,0.725,2292367.0
2025-08-05 19:00:00+00:00,0.7251,0.7278,0.7184,0.7204,2255985.8
2025-08-05 20:00:00+00:00,0.7205,0.7264,0.7205,0.7215,1506728.9
2025-08-05 21:00:00+00:00,0.7216,0.7242,0.7162,0.7182,1786440.1
2025-08-05 22:00:00+00:00,0.7182,0.7239,0.7134,0.7234,2585131.4
2025-08-05 23:00:00+00:00,0.7235,0.7285,0.7229,0.7258,3063391.6
2025-08-06 00:00:00+00:00,0.7258,0.726,0.7171,0.7186,3849654.5
2025-08-06 01:00:00+00:00,0.7185,0.7202,0.7153,0.7198,3270691.1
2025-08-06 02:00:00+00:00,0.7197,0.7197,0.7147,0.7173,1774195.6
2025-08-06 03:00:00+00:00,0.7174,0.7179,0.7127,0.7133,3322748.7
2025-08-06 04:00:00+00:00,0.7133,0.7144,0.7107,0.7142,2241641.8
2025-08-06 05:00:00+00:00,0.7141,0.7304,0.7129,0.7252,8505746.5
2025-08-06 06:00:00+00:00,0.7253,0.7275,0.7197,0.725,3596141.4
2025-08-06 07:00:00+00:00,0.725,0.7285,0.7229,0.727,3646042.5
2025-08-06 08:00:00+00:00,0.727,0.7281,0.7204,0.7239,2287090.4
2025-08-06 09:00:00+00:00,0.7238,0.7298,0.7216,0.7266,2464522.2
2025-08-06 10:00:00+00:00,0.7265,0.7278,0.7223,0.724,2575504.8
2025-08-06 11:00:00+00:00,0.7241,0.7293,0.7229,0.7262,1951312.5
2025-08-06 12:00:00+00:00,0.7262,0.7287,0.7197,0.7229,2691412.0
2025-08-06 13:00:00+00:00,0.7229,0.7291,0.7216,0.7266,5221126.4
2025-08-06 14:00:00+00:00,0.7266,0.7357,0.7231,0.7356,5419128.3
2025-08-06 15:00:00+00:00,0.7357,0.7429,0.7319,0.7419,7405699.1
2025-08-06 16:00:00+00:00,0.7419,0.7447,0.7356,0.7372,5730789.6
2025-08-06 17:00:00+00:00,0.7371,0.7439,0.7348,0.7435,2512155.4
2025-08-06 18:00:00+00:00,0.7435,0.748,0.7423,0.7427,3704648.1
2025-08-06 19:00:00+00:00,0.7426,0.7445,0.7404,0.7427,1474996.8
2025-08-06 20:00:00+00:00,0.7428,0.7437,0.7386,0.7399,1781298.4
2025-08-06 21:00:00+00:00,0.7398,0.7432,0.7377,0.7403,2390959.3
2025-08-06 22:00:00+00:00,0.7403,0.7432,0.7393,0.7428,1726681.5
2025-08-06 23:00:00+00:00,0.7427,0.7433,0.741,0.7413,1076363.7
2025-08-07 00:00:00+00:00,0.7413,0.7435,0.7387,0.7403,2094329.9
2025-08-07 01:00:00+00:00,0.7404,0.7462,0.7378,0.7386,3315366.7
2025-08-07 02:00:00+00:00,0.7386,0.7403,0.7352,0.7363,2324668.0
2025-08-07 03:00:00+00:00,0.7362,0.7375,0.7342,0.7343,2190963.3
2025-08-07 04:00:00+00:00,0.7343,0.7387,0.734,0.7362,1755503.3
2025-08-07 05:00:00+00:00,0.7361,0.7401,0.7345,0.74,2643346.2
2025-08-07 06:00:00+00:00,0.74,0.744,0.7392,0.7399,7820369.6
2025-08-07 07:00:00+00:00,0.7399,0.7435,0.7399,0.7413,3624272.2
2025-08-07 08:00:00+00:00,0.7414,0.7449,0.7411,0.7416,2920376.0
2025-08-07 09:00:00+00:00,0.7416,0.7433,0.7399,0.7431,1373133.1
2025-08-07 10:00:00+00:00,0.7432,0.7644,0.7427,0.7637,14947370.3
2025-08-07 11:00:00+00:00,0.7637,0.77,0.7622,0.7674,16072943.2
2025-08-07 12:00:00+00:00,0.7675,0.774,0.7642,0.7679,9952165.6
2025-08-07 13:00:00+00:00,0.7679,0.7712,0.7655,0.7674,6308104.4
2025-08-07 14:00:00+00:00,0.7674,0.7679,0.7584,0.7596,6594711.2
2025-08-07 15:00:00+00:00,0.7596,0.764,0.7576,0.7629,3336439.1
2025-08-07 16:00:00+00:00,0.7629,0.7637,0.7417,0.7529,10084500.2
2025-08-07 17:00:00+00:00,0.7528,0.7549,0.7506,0.7539,3735535.6
2025-08-07 18:00:00+00:00,0.7538,0.7557,0.7504,0.755,3666180.1
2025-08-07 19:00:00+00:00,0.7549,0.7663,0.7545,0.766,9772607.4
2025-08-07 20:00:00+00:00,0.766,0.7697,0.764,0.7693,5386802.4
2025-08-07 21:00:00+00:00,0.7694,0.7811,0.7673,0.7764,10859350.2
2025-08-07 22:00:00+00:00,0.7765,0.7884,0.7765,0.7875,7272180.2
2025-08-07 23:00:00+00:00,0.7876,0.7883,0.7814,0.7874,7276519.0
2025-08-08 00:00:00+00:00,0.7874,0.8012,0.778,0.7892,23375410.2
2025-08-08 01:00:00+00:00,0.7892,0.7945,0.78,0.7893,19346976.7
2025-08-08 02:00:00+00:00,0.7893,0.7927,0.7849,0.789,4110242.1
2025-08-08 03:00:00+00:00,0.789,0.7986,0.7878,0.7957,6071349.2
2025-08-08 04:00:00+00:00,0.7958,0.7988,0.7897,0.7901,4822657.4
2025-08-08 05:00:00+00:00,0.7901,0.7931,0.7868,0.7896,4457568.5
2025-08-08 06:00:00+00:00,0.7896,0.7993,0.7886,0.7966,4958968.6
2025-08-08 07:00:00+00:00,0.7966,0.8003,0.7909,0.7993,5444269.4
2025-08-08 08:00:00+00:00,0.7992,0.8038,0.793,0.7957,5389148.0
2025-08-08 09:00:00+00:00,0.7956,0.8005,0.7937,0.7996,3665184.4
2025-08-08 10:00:00+00:00,0.7995,0.8032,0.7974,0.8003,5422335.7
2025-08-08 11:00:00+00:00,0.8002,0.8054,0.7993,0.7997,4545957.9
2025-08-08 12:00:00+00:00,0.7996,0.7996,0.7853,0.787,10451191.3
2025-08-08 13:00:00+00:00,0.7869,0.8014,0.7869,0.8014,6452994.0
2025-08-08 14:00:00+00:00,0.8014,0.8069,0.7852,0.7897,14523360.0
2025-08-08 15:00:00+00:00,0.7898,0.7904,0.7759,0.7819,7526745.3
2025-08-08 16:00:00+00:00,0.7818,0.7856,0.7798,0.7854,3699462.5
2025-08-08 17:00:00+00:00,0.7855,0.8004,0.7848,0.7992,6203725.3
2025-08-08 18:00:00+00:00,0.7992,0.8011,0.7901,0.7944,7344410.6
2025-08-08 19:00:00+00:00,0.7943,0.7995,0.7928,0.7994,2142999.8
2025-08-08 20:00:00+00:00,0.7995,0.8007,0.7926,0.7968,2693117.4
2025-08-08 21:00:00+00:00,0.7968,0.7987,0.7941,0.7957,1966832.1
2025-08-08 22:00:00+00:00,0.7956,0.7976,0.7934,0.7946,3215920.5
2025-08-08 23:00:00+00:00,0.7946,0.7957,0.7903,0.7911,1687721.5
2025-08-09 00:00:00+00:00,0.7912,0.7938,0.7898,0.7926,3317502.1
2025-08-09 01:00:00+00:00,0.7926,0.8004,0.791,0.7981,2092161.4
2025-08-09 02:00:00+00:00,0.7981,0.8003,0.7964,0.799,2208359.9
2025-08-09 03:00:00+00:00,0.7989,0.8005,0.7951,0.7957,2251519.6
2025-08-09 04:00:00+00:00,0.7957,0.8028,0.794,0.8021,4091827.1
2025-08-09 05:00:00+00:00,0.8021,0.8174,0.801,0.8111,13270627.9
2025-08-09 06:00:00+00:00,0.8111,0.8115,0.8007,0.8031,6788879.7
2025-08-09 07:00:00+00:00,0.803,0.8072,0.802,0.807,4321410.7
2025-08-09 08:00:00+00:00,0.807,0.8119,0.805,0.8096,3906049.8
2025-08-09 09:00:00+00:00,0.8095,0.8163,0.8079,0.815,5399420.0
2025-08-09 10:00:00+00:00,0.8149,0.8178,0.8121,0.8122,9326031.3
2025-08-09 11:00:00+00:00,0.8123,0.8125,0.8056,0.8069,5536728.7
2025-08-09 12:00:00+00:00,0.8069,0.8205,0.805,0.8189,8222364.4
2025-08-09 13:00:00+00:00,0.8189,0.8202,0.8028,0.8031,6735574.4
2025-08-09 14:00:00+00:00,0.8031,0.8097,0.7964,0.8095,6161623.3
2025-08-09 15:00:00+00:00,0.8095,0.8107,0.8008,0.8052,5188044.4
2025-08-09 16:00:00+00:00,0.8051,0.8143,0.8051,0.8091,4482009.9
2025-08-09 17:00:00+00:00,0.8091,0.8204,0.8078,0.8182,7186992.9
2025-08-09 18:00:00+00:00,0.8182,0.8194,0.8145,0.816,4562692.8
2025-08-09 19:00:00+00:00,0.8159,0.8212,0.8148,0.8158,4459013.6
2025-08-09 20:00:00+00:00,0.8159,0.82,0.8111,0.8171,5739252.0
2025-08-09 21:00:00+00:00,0.8171,0.8177,0.806,0.8083,3865756.6
2025-08-09 22:00:00+00:00,0.8083,0.8148,0.8023,0.805,4672081.2
2025-08-09 23:00:00+00:00,0.8051,0.8062,0.8015,0.8029,3195270.1
2025-08-10 00:00:00+00:00,0.8029,0.812,0.8009,0.8112,3442390.3
2025-08-10 01:00:00+00:00,0.8112,0.8146,0.8071,0.814,4034678.3
2025-08-10 02:00:00+00:00,0.814,0.8167,0.8079,0.8114,7490846.4
2025-08-10 03:00:00+00:00,0.8113,0.8248,0.809,0.8238,10538516.9
2025-08-10 04:00:00+00:00,0.8238,0.8344,0.8199,0.8339,9522395.4
2025-08-10 05:00:00+00:00,0.834,0.834,0.8113,0.8122,14356261.5
2025-08-10 06:00:00+00:00,0.8122,0.8135,0.804,0.8104,8009104.3
2025-08-10 07:00:00+00:00,0.8104,0.8126,0.79,0.7946,15018821.4
2025-08-10 08:00:00+00:00,0.7946,0.8016,0.7844,0.8008,8609493.9
2025-08-10 09:00:00+00:00,0.8009,0.8025,0.7965,0.7977,3378974.9
2025-08-10 10:00:00+00:00,0.7976,0.7998,0.7885,0.79,4334759.3
2025-08-10 11:00:00+00:00,0.7901,0.7957,0.7872,0.7905,4776180.4
2025-08-10 12:00:00+00:00,0.7904,0.7952,0.7887,0.7943,2814148.3
2025-08-10 13:00:00+00:00,0.7943,0.7991,0.7881,0.7895,4021926.3
2025-08-10 14:00:00+00:00,0.7895,0.8047,0.7872,0.802,5336990.2
2025-08-10 15:00:00+00:00,0.8019,0.8058,0.7992,0.801,5608951.4
2025-08-10 16:00:00+00:00,0.8009,0.8058,0.8001,0.8036,3750791.6
2025-08-10 17:00:00+00:00,0.8035,0.8054,0.7993,0.8036,3319758.3
2025-08-10 18:00:00+00:00,0.8036,0.8079,0.8033,0.8073,2046114.3
2025-08-10 19:00:00+00:00,0.8073,0.8086,0.8045,0.8058,1988366.6
2025-08-10 20:00:00+00:00,0.8057,0.8064,0.7975,0.7993,5870776.9
2025-08-10 21:00:00+00:00,0.7993,0.7996,0.7911,0.7991,3282782.6
2025-08-10 22:00:00+00:00,0.7992,0.8022,0.7963,0.8007,1968934.8
2025-08-10 23:00:00+00:00,0.8008,0.8034,0.7966,0.8014,2060421.4
2025-08-11 00:00:00+00:00,0.8015,0.8056,0.7969,0.8001,3081435.2
2025-08-11 01:00:00+00:00,0.8,0.8126,0.7991,0.8111,4159074.7
2025-08-11 02:00:00+00:00,0.8111,0.8303,0.8104,0.8271,16496709.5
2025-08-11 03:00:00+00:00,0.8271,0.8288,0.8202,0.8258,10273538.5
2025-08-11 04:00:00+00:00,0.8259,0.8338,0.8249,0.825,10769229.7
2025-08-11 05:00:00+00:00,0.8249,0.8288,0.8189,0.822,8746076.5
2025-08-11 06:00:00+00:00,0.8221,0.8258,0.8191,0.8249,10700970.2
2025-08-11 07:00:00+00:00,0.8249,0.8256,0.808,0.8096,9929450.1
2025-08-11 08:00:00+00:00,0.8096,0.8208,0.8042,0.8168,11476704.2
2025-08-11 09:00:00+00:00,0.8167,0.8203,0.8112,0.8136,4848105.8
2025-08-11 10:00:00+00:00,0.8137,0.8148,0.8061,0.8073,5070755.6
2025-08-11 11:00:00+00:00,0.8074,0.8087,0.7863,0.7908,16457145.4
2025-08-11 12:00:00+00:00,0.7909,0.7942,0.7834,0.7889,12201994.5
2025-08-11 13:00:00+00:00,0.789,0.7979,0.7829,0.7945,12511229.5
2025-08-11 14:00:00+00:00,0.7945,0.7999,0.7882,0.7904,6597934.6
2025-08-11 15:00:00+00:00,0.7904,0.7967,0.7868,0.7963,5740720.1
2025-08-11 16:00:00+00:00,0.7962,0.8047,0.7916,0.7939,7781775.6
2025-08-11 17:00:00+00:00,0.7938,0.7975,0.7887,0.7906,5216542.5
2025-08-11 18:00:00+00:00,0.7907,0.7947,0.7834,0.7934,5150298.1
2025-08-11 19:00:00+00:00,0.7933,0.7939,0.7797,0.785,6050398.6
2025-08-11 20:00:00+00:00,0.7851,0.7859,0.7809,0.7819,5203331.9
2025-08-11 21:00:00+00:00,0.7818,0.7842,0.7685,0.7746,9945121.6
2025-08-11 22:00:00+00:00,0.7747,0.7753,0.7662,0.773,5890174.5
2025-08-11 23:00:00+00:00,0.773,0.7757,0.7715,0.7728,3666651.2
2025-08-12 00:00:00+00:00,0.7727,0.7819,0.7714,0.7802,4871459.1
2025-08-12 01:00:00+00:00,0.7801,0.784,0.7785,0.7832,3551170.5
2025-08-12 02:00:00+00:00,0.7831,0.7883,0.7811,0.7843,5045211.0
2025-08-12 03:00:00+00:00,0.7843,0.7844,0.7782,0.7817,3339682.6
2025-08-12 04:00:00+00:00,0.7817,0.7889,0.7805,0.7859,3373075.5
2025-08-12 05:00:00+00:00,0.7858,0.7858,0.7731,0.7769,5348059.6
2025-08-12 06:00:00+00:00,0.777,0.7834,0.7712,0.7802,5205675.3
2025-08-12 07:00:00+00:00,0.7803,0.7854,0.7803,0.7822,3344602.3
2025-08-12 08:00:00+00:00,0.7823,0.7845,0.7771,0.7797,3826154.7
2025-08-12 09:00:00+00:00,0.7797,0.7805,0.7727,0.7735,3638641.3
2025-08-12 10:00:00+00:00,0.7735,0.7749,0.7694,0.7694,4881071.6
2025-08-12 11:00:00+00:00,0.7695,0.7763,0.7658,0.775,7563410.3
2025-08-12 12:00:00+00:00,0.775,0.7958,0.7733,0.7923,23069361.5
2025-08-12 13:00:00+00:00,0.7923,0.7974,0.784,0.7912,21864592.6
2025-08-12 14:00:00+00:00,0.7912,0.8069,0.7896,0.8067,13367744.2
2025-08-12 15:00:00+00:00,0.8067,0.8154,0.8046,0.8143,13280422.8
2025-08-12 16:00:00+00:00,0.8143,0.8242,0.8127,0.8233,28209884.4
2025-08-12 17:00:00+00:00,0.8234,0.835,0.8234,0.8269,24124501.6
2025-08-12 18:00:00+00:00,0.8269,0.8408,0.8267,0.8395,18374406.6
2025-08-12 19:00:00+00:00,0.8395,0.8492,0.8393,0.8484,15390151.1
2025-08-12 20:00:00+00:00,0.8484,0.8555,0.8465,0.8512,19297585.9
2025-08-12 21:00:00+00:00,0.8512,0.8579,0.8439,0.8496,13417941.2
2025-08-12 22:00:00+00:00,0.8497,0.8511,0.8393,0.843,15775323.8
2025-08-12 23:00:00+00:00,0.8431,0.8443,0.8384,0.8411,8382617.3
2025-08-13 00:00:00+00:00,0.8411,0.849,0.8399,0.8438,8757130.3
2025-08-13 01:00:00+00:00,0.8438,0.8441,0.8334,0.838,9456285.3
2025-08-13 02:00:00+00:00,0.8379,0.8508,0.8351,0.8507,8267622.4
2025-08-13 03:00:00+00:00,0.8507,0.8594,0.8454,0.8558,12059919.6
2025-08-13 04:00:00+00:00,0.8557,0.8637,0.8498,0.853,15305825.7
2025-08-13 05:00:00+00:00,0.853,0.8535,0.8391,0.8408,8715919.0
2025-08-13 06:00:00+00:00,0.8409,0.8489,0.838,0.8455,6593556.4
2025-08-13 07:00:00+00:00,0.8456,0.8596,0.8451,0.8592,5558667.1
2025-08-13 08:00:00+00:00,0.8591,0.8763,0.8584,0.8763,15979685.0
2025-08-13 09:00:00+00:00,0.8762,0.8876,0.8693,0.8762,25787005.9
2025-08-13 10:00:00+00:00,0.8761,0.881,0.8701,0.8805,10480810.3
2025-08-13 11:00:00+00:00,0.8805,0.882,0.8716,0.8797,13104296.4
2025-08-13 12:00:00+00:00,0.8796,0.8844,0.8754,0.8788,12889129.0
2025-08-13 13:00:00+00:00,0.8789,0.8894,0.8702,0.8803,21488329.4
2025-08-13 14:00:00+00:00,0.8804,0.8823,0.865,0.8659,21584933.2
2025-08-13 15:00:00+00:00,0.8659,0.8752,0.8616,0.8727,13556357.7
2025-08-13 16:00:00+00:00,0.8726,0.8765,0.8668,0.8697,7635109.9
2025-08-13 17:00:00+00:00,0.8697,0.8754,0.8691,0.8725,3451174.7
2025-08-13 18:00:00+00:00,0.8725,0.8783,0.8665,0.8759,5254120.6
2025-08-13 19:00:00+00:00,0.8758,0.8854,0.873,0.8839,6790366.9
2025-08-13 20:00:00+00:00,0.8839,0.8861,0.8777,0.8849,5521814.0
2025-08-13 21:00:00+00:00,0.885,0.8886,0.8809,0.8849,6547981.9
2025-08-13 22:00:00+00:00,0.8848,0.9044,0.883,0.9024,18707835.2
2025-08-13 23:00:00+00:00,0.9023,0.922,0.9019,0.9042,27646681.1
2025-08-14 00:00:00+00:00,0.9042,0.9378,0.9039,0.9378,39179857.8
2025-08-14 01:00:00+00:00,0.9377,0.9587,0.918,0.9526,36162293.8
2025-08-14 02:00:00+00:00,0.9525,0.978,0.95,0.9773,25381268.9
2025-08-14 03:00:00+00:00,0.9773,0.9885,0.9722,0.9817,34261924.0
2025-08-14 04:00:00+00:00,0.9818,0.9989,0.9786,0.9829,39679348.8
2025-08-14 05:00:00+00:00,0.9829,1.0084,0.9768,0.9946,50660272.1
2025-08-14 06:00:00+00:00,0.9946,1.0185,0.9742,1.0168,57511839.1
2025-08-14 07:00:00+00:00,1.0167,1.0193,0.9893,0.9978,37857076.2
2025-08-14 08:00:00+00:00,0.9978,1.0027,0.9801,0.9854,40901421.2
2025-08-14 09:00:00+00:00,0.9855,0.997,0.9783,0.9922,28128566.0
2025-08-14 10:00:00+00:00,0.9921,0.9939,0.9622,0.9674,32036790.0
2025-08-14 11:00:00+00:00,0.9674,0.9733,0.96,0.9627,27526930.3
2025-08-14 12:00:00+00:00,0.9627,0.9758,0.8853,0.9224,114170406.3
2025-08-14 13:00:00+00:00,0.9225,0.9417,0.8938,0.9331,82851487.7
2025-08-14 14:00:00+00:00,0.933,0.9438,0.9238,0.9261,31385482.4
2025-08-14 15:00:00+00:00,0.9261,0.9324,0.9089,0.925,38208707.5
2025-08-14 16:00:00+00:00,0.9251,0.9252,0.8974,0.9082,31814803.7
2025-08-14 17:00:00+00:00,0.9083,0.9136,0.898,0.907,16322332.6
2025-08-14 18:00:00+00:00,0.9069,0.9069,0.8881,0.8985,15509791.8
2025-08-14 19:00:00+00:00,0.8986,0.911,0.8986,0.9001,11819564.8
2025-08-14 20:00:00+00:00,0.9001,0.9092,0.8942,0.9013,7686347.9
2025-08-14 21:00:00+00:00,0.9012,0.9033,0.8781,0.8941,17929873.3
2025-08-14 22:00:00+00:00,0.894,0.9202,0.884,0.919,26049955.8
2025-08-14 23:00:00+00:00,0.9191,0.9388,0.9178,0.9258,58837868.3
2025-08-15 00:00:00+00:00,0.9257,0.9451,0.9213,0.9253,31233698.7
2025-08-15 01:00:00+00:00,0.9253,0.9265,0.9108,0.9165,17019592.8
2025-08-15 02:00:00+00:00,0.9165,0.9321,0.9158,0.9226,10891861.2
2025-08-15 03:00:00+00:00,0.9227,0.9386,0.9192,0.9298,12841545.0
2025-08-15 04:00:00+00:00,0.9298,0.9308,0.9205,0.9208,8557794.3
2025-08-15 05:00:00+00:00,0.9208,0.9387,0.9183,0.9384,10384213.2
2025-08-15 06:00:00+00:00,0.9383,0.9633,0.9377,0.9572,30953546.5
2025-08-15 07:00:00+00:00,0.9573,0.9573,0.9418,0.951,12359366.2
2025-08-15 08:00:00+00:00,0.951,0.9563,0.9449,0.9449,7545409.9
2025-08-15 09:00:00+00:00,0.9449,0.9496,0.9376,0.9443,8947622.0
2025-08-15 10:00:00+00:00,0.9443,0.9643,0.9435,0.9455,16652312.1
2025-08-15 11:00:00+00:00,0.9455,0.9486,0.9413,0.9424,6563829.6
2025-08-15 12:00:00+00:00,0.9424,0.9515,0.9278,0.9446,26191861.0
2025-08-15 13:00:00+00:00,0.9445,0.9532,0.9306,0.9395,23282478.3
2025-08-15 14:00:00+00:00,0.9394,0.9594,0.9331,0.9389,36344391.6
2025-08-15 15:00:00+00:00,0.9389,0.9414,0.9164,0.9242,41439523.0
2025-08-15 16:00:00+00:00,0.9241,0.9345,0.9107,0.9305,26854822.4
2025-08-15 17:00:00+00:00,0.9304,0.9501,0.917,0.9419,23959718.0
2025-08-15 18:00:00+00:00,0.9419,0.9456,0.928,0.9328,12567920.1
2025-08-15 19:00:00+00:00,0.9329,0.9403,0.9247,0.9297,8968854.0
2025-08-15 20:00:00+00:00,0.9297,0.9391,0.926,0.9388,7403323.2
2025-08-15 21:00:00+00:00,0.9387,0.9459,0.9282,0.9322,9263223.8
2025-08-15 22:00:00+00:00,0.9322,0.9602,0.9306,0.9593,13172085.7
2025-08-15 23:00:00+00:00,0.9593,0.9626,0.9352,0.9453,14290033.8
2025-08-16 00:00:00+00:00,0.9452,0.9733,0.9434,0.9691,20806733.5
2025-08-16 01:00:00+00:00,0.9692,0.9706,0.9575,0.958,10104360.7
2025-08-16 02:00:00+00:00,0.9579,0.9696,0.9543,0.9606,10917329.0
2025-08-16 03:00:00+00:00,0.9607,0.9777,0.9562,0.9577,13325580.3
2025-08-16 04:00:00+00:00,0.9578,0.9606,0.9518,0.959,5861849.2
2025-08-16 05:00:00+00:00,0.959,0.9612,0.9421,0.9456,8921995.7
2025-08-16 06:00:00+00:00,0.9456,0.9699,0.9456,0.9537,14930476.3
2025-08-16 07:00:00+00:00,0.9537,0.9657,0.9488,0.9632,9265474.6
2025-08-16 08:00:00+00:00,0.9631,0.9642,0.9552,0.9593,7088307.7
2025-08-16 09:00:00+00:00,0.9594,0.9606,0.918,0.9203,35764269.4
2025-08-16 10:00:00+00:00,0.9203,0.9275,0.9021,0.9082,36949274.5
2025-08-16 11:00:00+00:00,0.9083,0.9141,0.9011,0.9031,15451048.1
2025-08-16 12:00:00+00:00,0.9031,0.914,0.9028,0.9119,10290900.2
2025-08-16 13:00:00+00:00,0.9118,0.9191,0.905,0.9055,11933390.8
2025-08-16 14:00:00+00:00,0.9054,0.916,0.9042,0.9138,11982919.3
2025-08-16 15:00:00+00:00,0.9138,0.9162,0.9058,0.91,10532712.7
2025-08-16 16:00:00+00:00,0.91,0.9246,0.9085,0.9135,20878744.2
2025-08-16 17:00:00+00:00,0.9134,0.9142,0.9082,0.9107,6093428.0
2025-08-16 18:00:00+00:00,0.9106,0.9171,0.9085,0.917,2970043.1
2025-08-16 19:00:00+00:00,0.917,0.9221,0.915,0.9169,5862833.5
2025-08-16 20:00:00+00:00,0.9169,0.9234,0.9141,0.9221,4494579.0
2025-08-16 21:00:00+00:00,0.9221,0.9227,0.9167,0.9178,3400649.4
2025-08-16 22:00:00+00:00,0.9178,0.9219,0.9159,0.9205,2762229.7
2025-08-16 23:00:00+00:00,0.9204,0.9216,0.9174,0.9211,2954580.1
2025-08-17 00:00:00+00:00,0.9211,0.9211,0.9103,0.9126,7854506.0
2025-08-17 01:00:00+00:00,0.9126,0.9154,0.9045,0.9109,7205518.8
2025-08-17 02:00:00+00:00,0.9108,0.9213,0.9097,0.9211,3520266.9
2025-08-17 03:00:00+00:00,0.921,0.9443,0.9204,0.9377,11477117.3
2025-08-17 04:00:00+00:00,0.9378,0.9604,0.9371,0.9531,16128227.3
2025-08-17 05:00:00+00:00,0.9532,0.956,0.9466,0.9537,11089608.7
2025-08-17 06:00:00+00:00,0.9537,0.9555,0.9375,0.9384,8978872.2
2025-08-17 07:00:00+00:00,0.9385,0.9612,0.9385,0.9595,19543283.6
2025-08-17 08:00:00+00:00,0.9595,0.9615,0.9515,0.9567,10101674.8
2025-08-17 09:00:00+00:00,0.9567,0.9795,0.9495,0.9781,16304108.1
2025-08-17 10:00:00+00:00,0.9782,0.9878,0.9663,0.9684,20310470.2
2025-08-17 11:00:00+00:00,0.9684,0.9729,0.9616,0.9721,7804030.4
2025-08-17 12:00:00+00:00,0.972,0.9726,0.9613,0.9644,5956977.8
2025-08-17 13:00:00+00:00,0.9644,0.9748,0.9619,0.9731,10537016.3
2025-08-17 14:00:00+00:00,0.9732,0.9766,0.9645,0.9665,10742521.7
2025-08-17 15:00:00+00:00,0.9664,0.9795,0.9647,0.9754,10636755.5
2025-08-17 16:00:00+00:00,0.9754,0.9764,0.9634,0.968,11519041.2
2025-08-17 17:00:00+00:00,0.968,0.9742,0.9566,0.9592,10408184.4
2025-08-17 18:00:00+00:00,0.9593,0.961,0.9434,0.9538,12801692.6
2025-08-17 19:00:00+00:00,0.9538,0.9587,0.9502,0.9512,5618332.4
2025-08-17 20:00:00+00:00,0.9511,0.9579,0.9497,0.9512,4369473.6
2025-08-17 21:00:00+00:00,0.9513,0.9561,0.9502,0.9542,2851071.9
2025-08-17 22:00:00+00:00,0.9541,0.9678,0.9529,0.9678,5440979.2
2025-08-17 23:00:00+00:00,0.9678,0.9684,0.96,0.9609,4722476.5
2025-08-18 00:00:00+00:00,0.961,0.9683,0.9535,0.955,10503381.9
2025-08-18 01:00:00+00:00,0.9549,0.9561,0.9358,0.9394,16983729.0
2025-08-18 02:00:00+00:00,0.9394,0.9421,0.9175,0.9208,25693171.4
2025-08-18 03:00:00+00:00,0.9208,0.9232,0.9134,0.9216,14333255.6
2025-08-18 04:00:00+00:00,0.9215,0.9266,0.914,0.926,7896567.8
2025-08-18 05:00:00+00:00,0.9261,0.9282,0.911,0.9201,9404014.0
2025-08-18 06:00:00+00:00,0.9201,0.9202,0.9066,0.9139,12736020.7
2025-08-18 07:00:00+00:00,0.9139,0.9203,0.9137,0.9166,6284272.7
2025-08-18 08:00:00+00:00,0.9166,0.9242,0.9154,0.9165,5632576.1
2025-08-18 09:00:00+00:00,0.9164,0.9182,0.9078,0.9139,10835170.8
2025-08-18 10:00:00+00:00,0.9139,0.914,0.9074,0.9099,7110076.5
2025-08-18 11:00:00+00:00,0.9099,0.9124,0.8893,0.8973,22991571.1
2025-08-18 12:00:00+00:00,0.8972,0.9134,0.8877,0.9133,29804045.2
2025-08-18 13:00:00+00:00,0.9133,0.9151,0.8983,0.8983,17841076.0
2025-08-18 14:00:00+00:00,0.8984,0.9099,0.898,0.9094,10259959.8
2025-08-18 15:00:00+00:00,0.9094,0.9179,0.9022,0.9176,9267839.7
2025-08-18 16:00:00+00:00,0.9176,0.919,0.9035,0.9069,8781381.6
2025-08-18 17:00:00+00:00,0.9069,0.935,0.9068,0.9242,16305144.7
2025-08-18 18:00:00+00:00,0.9242,0.9255,0.9152,0.923,6955601.1
2025-08-18 19:00:00+00:00,0.9231,0.9269,0.9165,0.9194,4629351.3
2025-08-18 20:00:00+00:00,0.9194,0.9226,0.9092,0.9172,3629224.4
2025-08-18 21:00:00+00:00,0.9172,0.9294,0.9156,0.9243,4223407.6
2025-08-18 22:00:00+00:00,0.9244,0.9331,0.9243,0.9274,6262336.7
2025-08-18 23:00:00+00:00,0.9275,0.9311,0.9204,0.9236,6354595.8
2025-08-19 00:00:00+00:00,0.9235,0.9324,0.9056,0.9323,11444788.8
2025-08-19 01:00:00+00:00,0.9322,0.9416,0.9207,0.9282,13484430.8
2025-08-19 02:00:00+00:00,0.9282,0.9288,0.9127,0.9214,5612206.1
2025-08-19 03:00:00+00:00,0.9214,0.926,0.8992,0.9025,13948306.1
2025-08-19 04:00:00+00:00,0.9024,0.9085,0.8951,0.9083,9680646.1
2025-08-19 05:00:00+00:00,0.9083,0.9279,0.9047,0.9216,8980116.6
2025-08-19 06:00:00+00:00,0.9216,0.9323,0.9183,0.9286,15442978.7
2025-08-19 07:00:00+00:00,0.9286,0.9297,0.9167,0.9288,11854990.2
2025-08-19 08:00:00+00:00,0.9288,0.9328,0.9164,0.9258,10631684.5
2025-08-19 09:00:00+00:00,0.9259,0.933,0.9233,0.9276,9664176.3
2025-08-19 10:00:00+00:00,0.9277,0.9597,0.9273,0.9408,40917740.0
2025-08-19 11:00:00+00:00,0.9407,0.9428,0.93,0.9314,10641030.0
2025-08-19 12:00:00+00:00,0.9314,0.9355,0.923,0.9279,7337232.6
2025-08-19 13:00:00+00:00,0.9279,0.9321,0.9133,0.9221,12773094.1
2025-08-19 14:00:00+00:00,0.9221,0.926,0.8957,0.8967,27309675.8
2025-08-19 15:00:00+00:00,0.8967,0.9035,0.86,0.8709,56141462.1
2025-08-19 16:00:00+00:00,0.8709,0.8728,0.8627,0.8705,26889035.0
2025-08-19 17:00:00+00:00,0.8705,0.8745,0.8617,0.8659,12726311.1
2025-08-19 18:00:00+00:00,0.8658,0.8658,0.8506,0.855,15732461.8
2025-08-19 19:00:00+00:00,0.8549,0.8612,0.8507,0.8545,8228101.0
2025-08-19 20:00:00+00:00,0.8544,0.8602,0.8531,0.8591,6089359.9
2025-08-19 21:00:00+00:00,0.8591,0.864,0.858,0.8604,6267512.8
2025-08-19 22:00:00+00:00,0.8604,0.8604,0.8527,0.8575,6520088.6
2025-08-19 23:00:00+00:00,0.8576,0.8577,0.8437,0.8464,12851859.2
2025-08-20 00:00:00+00:00,0.8464,0.8534,0.8451,0.8494,7752302.9
2025-08-20 01:00:00+00:00,0.8495,0.8562,0.8429,0.8513,10004326.3
2025-08-20 02:00:00+00:00,0.8513,0.8568,0.8476,0.8488,8041183.8
2025-08-20 03:00:00+00:00,0.8488,0.8555,0.8458,0.8485,7706141.8
2025-08-20 04:00:00+00:00,0.8486,0.8561,0.8475,0.8539,12287408.6
2025-08-20 05:00:00+00:00,0.8539,0.8544,0.8463,0.8525,9847451.8
2025-08-20 06:00:00+00:00,0.8524,0.8532,0.8463,0.8497,7355093.9
2025-08-20 07:00:00+00:00,0.8496,0.8556,0.8467,0.8479,9467054.0
2025-08-20 08:00:00+00:00,0.848,0.8647,0.8466,0.8632,18537656.0
2025-08-20 09:00:00+00:00,0.8632,0.8638,0.8498,0.8513,19038246.0
2025-08-20 10:00:00+00:00,0.8513,0.8599,0.8508,0.8563,7283186.5
2025-08-20 11:00:00+00:00,0.8562,0.8593,0.8371,0.8492,20074463.7
2025-08-20 12:00:00+00:00,0.8492,0.8635,0.8492,0.8605,13348875.9
2025-08-20 13:00:00+00:00,0.8604,0.8621,0.8433,0.8459,16555282.6
2025-08-20 14:00:00+00:00,0.8459,0.865,0.8389,0.8593,17935263.0
2025-08-20 15:00:00+00:00,0.8592,0.8849,0.8584,0.8712,28440117.2
2025-08-20 16:00:00+00:00,0.8713,0.8837,0.8713,0.8757,12988547.5
2025-08-20 17:00:00+00:00,0.8756,0.8877,0.8747,0.8851,8495284.1
2025-08-20 18:00:00+00:00,0.8851,0.8863,0.8683,0.8714,7693038.4
2025-08-20 19:00:00+00:00,0.8714,0.8925,0.8707,0.8911,8882899.0
2025-08-20 20:00:00+00:00,0.8911,0.8914,0.8812,0.8837,7297384.4
2025-08-20 21:00:00+00:00,0.8837,0.8879,0.8777,0.885,5085597.5
2025-08-20 22:00:00+00:00,0.8851,0.8888,0.8805,0.8864,3274996.8
2025-08-20 23:00:00+00:00,0.8864,0.888,0.8797,0.8808,5401477.0
2025-08-21 00:00:00+00:00,0.8809,0.8838,0.8739,0.8818,6855897.1
2025-08-21 01:00:00+00:00,0.8818,0.8913,0.8785,0.8904,7977542.4
2025-08-21 02:00:00+00:00,0.8904,0.8922,0.8697,0.8758,7709518.8
2025-08-21 03:00:00+00:00,0.8758,0.8926,0.8754,0.8852,10571636.0
2025-08-21 04:00:00+00:00,0.8851,0.8863,0.8752,0.8754,5765236.7
2025-08-21 05:00:00+00:00,0.8755,0.8807,0.8717,0.8792,4529425.0
2025-08-21 06:00:00+00:00,0.8792,0.8792,0.8716,0.8766,3131636.8
2025-08-21 07:00:00+00:00,0.8766,0.8789,0.8682,0.8758,6744032.7
2025-08-21 08:00:00+00:00,0.8758,0.8789,0.8707,0.8709,3893872.3
2025-08-21 09:00:00+00:00,0.8709,0.8794,0.8656,0.8737,9947177.8
2025-08-21 10:00:00+00:00,0.8736,0.8778,0.8687,0.8695,4487039.8
2025-08-21 11:00:00+00:00,0.8695,0.8741,0.8648,0.8673,5301946.6
2025-08-21 12:00:00+00:00,0.8673,0.875,0.8607,0.8671,7492556.9
2025-08-21 13:00:00+00:00,0.8671,0.8793,0.866,0.8679,7729393.8
2025-08-21 14:00:00+00:00,0.868,0.8796,0.8588,0.8659,10043752.9
2025-08-21 15:00:00+00:00,0.866,0.8681,0.8575,0.8588,7708107.8
2025-08-21 16:00:00+00:00,0.8589,0.8688,0.8584,0.8603,4698228.2
2025-08-21 17:00:00+00:00,0.8603,0.8609,0.8517,0.8532,3983994.4
2025-08-21 18:00:00+00:00,0.8531,0.865,0.8528,0.8647,6844070.6
2025-08-21 19:00:00+00:00,0.8646,0.8669,0.8504,0.8528,4874663.5
2025-08-21 20:00:00+00:00,0.8528,0.8606,0.8466,0.8572,6183922.7
2025-08-21 21:00:00+00:00,0.8572,0.8621,0.8508,0.8585,3928397.0
2025-08-21 22:00:00+00:00,0.8584,0.8645,0.8564,0.8571,3459207.7
2025-08-21 23:00:00+00:00,0.8572,0.8572,0.8477,0.8519,3445699.0
2025-08-22 00:00:00+00:00,0.8519,0.8598,0.8517,0.8534,5281392.9
2025-08-22 01:00:00+00:00,0.8534,0.8562,0.8438,0.8526,4174971.8
2025-08-22 02:00:00+00:00,0.8527,0.8672,0.8512,0.8598,5963617.9
2025-08-22 03:00:00+00:00,0.8598,0.862,0.8476,0.8509,3795269.9
2025-08-22 04:00:00+00:00,0.8509,0.8629,0.8509,0.8547,4550397.7
2025-08-22 05:00:00+00:00,0.8546,0.8599,0.8519,0.8575,2767227.0
2025-08-22 06:00:00+00:00,0.8574,0.8613,0.8478,0.8513,4504173.1
2025-08-22 07:00:00+00:00,0.8514,0.86,0.8498,0.8569,4579440.2
2025-08-22 08:00:00+00:00,0.8568,0.8638,0.852,0.8534,6688413.4
2025-08-22 09:00:00+00:00,0.8534,0.8546,0.8477,0.8519,7729220.0
2025-08-22 10:00:00+00:00,0.852,0.852,0.8411,0.842,7523439.8
2025-08-22 11:00:00+00:00,0.8421,0.8428,0.8338,0.8343,7854065.3
2025-08-22 12:00:00+00:00,0.8343,0.8369,0.8218,0.831,19206081.1
2025-08-22 13:00:00+00:00,0.831,0.8468,0.8293,0.8369,13370612.2
2025-08-22 14:00:00+00:00,0.8368,0.9149,0.8368,0.9037,132387778.3
2025-08-22 15:00:00+00:00,0.9036,0.9171,0.9035,0.9046,26565852.0
2025-08-22 16:00:00+00:00,0.9047,0.9325,0.9047,0.9193,33130232.1
2025-08-22 17:00:00+00:00,0.9193,0.94,0.9193,0.9289,22513328.5
2025-08-22 18:00:00+00:00,0.929,0.9315,0.9205,0.9248,13787550.3
2025-08-22 19:00:00+00:00,0.9248,0.9358,0.9234,0.9316,9164717.4
2025-08-22 20:00:00+00:00,0.9317,0.9395,0.9317,0.9369,7467911.7
2025-08-22 21:00:00+00:00,0.9369,0.9426,0.9327,0.9378,12850114.4
2025-08-22 22:00:00+00:00,0.938,0.9387,0.927,0.9281,10547077.6
2025-08-22 23:00:00+00:00,0.928,0.9337,0.9271,0.9314,7104466.5
2025-08-23 00:00:00+00:00,0.9315,0.933,0.922,0.922,6465564.9
2025-08-23 01:00:00+00:00,0.9221,0.9247,0.9053,0.912,15773531.6
2025-08-23 02:00:00+00:00,0.9121,0.9132,0.8912,0.9012,16247646.9
2025-08-23 03:00:00+00:00,0.9012,0.9048,0.8968,0.9007,5982540.8
2025-08-23 04:00:00+00:00,0.9007,0.9139,0.9004,0.9133,11013226.9
2025-08-23 05:00:00+00:00,0.9132,0.939,0.91,0.93,18872017.3
2025-08-23 06:00:00+00:00,0.93,0.9361,0.9264,0.9338,9936235.7
2025-08-23 07:00:00+00:00,0.9337,0.9373,0.9244,0.926,7792047.2
2025-08-23 08:00:00+00:00,0.926,0.9297,0.918,0.9204,7521812.8
2025-08-23 09:00:00+00:00,0.9204,0.922,0.9146,0.9205,5881396.0
2025-08-23 10:00:00+00:00,0.9205,0.9208,0.9107,0.911,4416822.7
2025-08-23 11:00:00+00:00,0.9111,0.9177,0.9103,0.9156,3732131.2
2025-08-23 12:00:00+00:00,0.9156,0.9177,0.9089,0.9119,5181564.6
2025-08-23 13:00:00+00:00,0.9119,0.9173,0.9081,0.9136,7199748.2
2025-08-23 14:00:00+00:00,0.9137,0.9218,0.9097,0.9119,7139146.8
2025-08-23 15:00:00+00:00,0.9119,0.9175,0.9113,0.915,3070945.9
2025-08-23 16:00:00+00:00,0.915,0.9159,0.908,0.9118,4424045.5
2025-08-23 17:00:00+00:00,0.9119,0.9132,0.9093,0.9096,3986766.1
2025-08-23 18:00:00+00:00,0.9097,0.9141,0.9093,0.9131,2520378.7
2025-08-23 19:00:00+00:00,0.9131,0.9141,0.9118,0.9132,1995315.1
2025-08-23 20:00:00+00:00,0.9131,0.9141,0.9093,0.9125,4275557.6
2025-08-23 21:00:00+00:00,0.9124,0.9124,0.9065,0.909,3865456.1
2025-08-23 22:00:00+00:00,0.9091,0.915,0.9089,0.9147,2799990.0
2025-08-23 23:00:00+00:00,0.9148,0.9177,0.912,0.9143,3120540.4
2025-08-24 00:00:00+00:00,0.9142,0.9207,0.9133,0.9162,4611459.5
2025-08-24 01:00:00+00:00,0.9163,0.9206,0.9114,0.9172,3356624.2
2025-08-24 02:00:00+00:00,0.9172,0.9219,0.9133,0.9145,5937302.0
2025-08-24 03:00:00+00:00,0.9146,0.9168,0.9096,0.9151,3321880.6
2025-08-24 04:00:00+00:00,0.9152,0.9193,0.9131,0.919,3921564.4
2025-08-24 05:00:00+00:00,0.919,0.9196,0.9123,0.9148,2122277.6
2025-08-24 06:00:00+00:00,0.9149,0.9149,0.9023,0.9028,7094054.6
2025-08-24 07:00:00+00:00,0.9027,0.9115,0.9021,0.904,5481767.8
2025-08-24 08:00:00+00:00,0.9041,0.9096,0.9007,0.9065,4404883.8
2025-08-24 09:00:00+00:00,0.9065,0.9083,0.8994,0.8999,5407127.3
2025-08-24 10:00:00+00:00,0.8999,0.9002,0.8888,0.8923,9005913.8
2025-08-24 11:00:00+00:00,0.8922,0.895,0.8881,0.8925,5734029.5
2025-08-24 12:00:00+00:00,0.8924,0.8978,0.8919,0.8975,3250906.4
2025-08-24 13:00:00+00:00,0.8975,0.9005,0.895,0.8961,3983916.3
2025-08-24 14:00:00+00:00,0.8961,0.9022,0.8916,0.9007,6141670.5
2025-08-24 15:00:00+00:00,0.9007,0.908,0.8967,0.8992,9566843.1
2025-08-24 16:00:00+00:00,0.8992,0.906,0.8961,0.9039,3802244.8
2025-08-24 17:00:00+00:00,0.9039,0.9267,0.9035,0.9223,13749088.4
2025-08-24 18:00:00+00:00,0.9224,0.95,0.9191,0.9489,24241916.8
2025-08-24 19:00:00+00:00,0.9488,0.9643,0.9031,0.9227,72695400.5
2025-08-24 20:00:00+00:00,0.9228,0.9241,0.8968,0.9138,33459877.9
2025-08-24 21:00:00+00:00,0.9139,0.9297,0.9057,0.9214,9751060.0
2025-08-24 22:00:00+00:00,0.9214,0.9249,0.9017,0.9135,9255342.5
2025-08-24 23:00:00+00:00,0.9136,0.9188,0.908,0.909,5233232.2
2025-08-25 00:00:00+00:00,0.909,0.9174,0.8874,0.8962,22579822.8
2025-08-25 01:00:00+00:00,0.8961,0.9119,0.895,0.9101,7765070.5
2025-08-25 02:00:00+00:00,0.91,0.9253,0.9099,0.9222,9900916.4
2025-08-25 03:00:00+00:00,0.9221,0.9284,0.9157,0.9188,9923700.5
2025-08-25 04:00:00+00:00,0.9189,0.9223,0.9118,0.9131,10701548.4
2025-08-25 05:00:00+00:00,0.9131,0.916,0.8969,0.8979,16791461.1
2025-08-25 06:00:00+00:00,0.8979,0.8984,0.8821,0.8823,22005941.8
2025-08-25 07:00:00+00:00,0.8824,0.8895,0.87,0.8721,24300477.8
2025-08-25 08:00:00+00:00,0.8721,0.8758,0.8644,0.873,14995726.5
2025-08-25 09:00:00+00:00,0.873,0.8738,0.8668,0.8716,7112625.9
2025-08-25 10:00:00+00:00,0.8716,0.8719,0.8555,0.8568,14212727.5
2025-08-25 11:00:00+00:00,0.8568,0.8664,0.8551,0.8663,7881479.0
2025-08-25 12:00:00+00:00,0.8662,0.8709,0.8622,0.8708,8849106.4
2025-08-25 13:00:00+00:00,0.8707,0.8707,0.855,0.863,15248917.6
2025-08-25 14:00:00+00:00,0.863,0.8741,0.861,0.8729,13772854.4
2025-08-25 15:00:00+00:00,0.8728,0.8772,0.8635,0.8653,7034736.4
2025-08-25 16:00:00+00:00,0.8653,0.8798,0.861,0.8685,8553371.5
2025-08-25 17:00:00+00:00,0.8685,0.8727,0.862,0.8709,5029908.8
2025-08-25 18:00:00+00:00,0.871,0.8739,0.8669,0.8695,3786380.4
2025-08-25 19:00:00+00:00,0.8695,0.8707,0.8491,0.85,15889096.1
2025-08-25 20:00:00+00:00,0.85,0.8551,0.8302,0.8309,28177866.1
2025-08-25 21:00:00+00:00,0.8309,0.8418,0.8297,0.833,11914412.1
2025-08-25 22:00:00+00:00,0.8331,0.8431,0.8314,0.8378,6368996.7
2025-08-25 23:00:00+00:00,0.8377,0.8396,0.8321,0.8371,4674149.3
2025-08-26 00:00:00+00:00,0.8372,0.8401,0.8267,0.8325,9698680.4
2025-08-26 01:00:00+00:00,0.8325,0.8444,0.8289,0.8423,5946343.7
2025-08-26 02:00:00+00:00,0.8422,0.8461,0.8344,0.8367,6604873.1
2025-08-26 03:00:00+00:00,0.8368,0.8408,0.8319,0.8361,3055341.3
2025-08-26 04:00:00+00:00,0.8362,0.8471,0.8359,0.8448,7480891.1
2025-08-26 05:00:00+00:00,0.8448,0.847,0.8394,0.8402,6929785.4
2025-08-26 06:00:00+00:00,0.8402,0.8425,0.8344,0.8381,5433462.1
2025-08-26 07:00:00+00:00,0.8381,0.8498,0.8355,0.8403,5476233.3
2025-08-26 08:00:00+00:00,0.8403,0.8439,0.8357,0.8387,3646676.0
2025-08-26 09:00:00+00:00,0.8386,0.8426,0.8367,0.8405,5454108.4
2025-08-26 10:00:00+00:00,0.8406,0.8474,0.8396,0.8427,5177241.6
2025-08-26 11:00:00+00:00,0.8427,0.8457,0.8351,0.8385,5451331.9
2025-08-26 12:00:00+00:00,0.8386,0.8575,0.8319,0.8502,15827533.7
2025-08-26 13:00:00+00:00,0.8502,0.8533,0.8336,0.8464,15746884.5
2025-08-26 14:00:00+00:00,0.8465,0.8577,0.8413,0.855,9457049.5
2025-08-26 15:00:00+00:00,0.8549,0.8593,0.8449,0.8491,8905801.4
2025-08-26 16:00:00+00:00,0.8491,0.8602,0.848,0.8599,5005285.9
2025-08-26 17:00:00+00:00,0.8599,0.8609,0.8528,0.8587,4343178.9
2025-08-26 18:00:00+00:00,0.8588,0.8664,0.8583,0.8635,6430536.5
2025-08-26 19:00:00+00:00,0.8636,0.8748,0.8607,0.8734,5441201.1
2025-08-26 20:00:00+00:00,0.8733,0.8735,0.8639,0.8676,6014457.5
2025-08-26 21:00:00+00:00,0.8677,0.8705,0.8627,0.8704,4413214.6
2025-08-26 22:00:00+00:00,0.8704,0.8716,0.8649,0.8687,4117653.0
2025-08-26 23:00:00+00:00,0.8688,0.8735,0.8652,0.8663,4598035.9
2025-08-27 00:00:00+00:00,0.8663,0.8668,0.8587,0.8599,5408849.1
2025-08-27 01:00:00+00:00,0.86,0.8628,0.8569,0.8623,3532567.3
2025-08-27 02:00:00+00:00,0.8624,0.8672,0.8578,0.8632,4037166.5
2025-08-27 03:00:00+00:00,0.8631,0.874,0.8584,0.8693,5713106.8
2025-08-27 04:00:00+00:00,0.8692,0.8764,0.8681,0.8733,6603323.5
2025-08-27 05:00:00+00:00,0.8733,0.8737,0.8657,0.8664,2893168.9
2025-08-27 06:00:00+00:00,0.8665,0.8668,0.8594,0.8596,3150103.1
2025-08-27 07:00:00+00:00,0.8597,0.8611,0.853,0.8563,5457122.1
2025-08-27 08:00:00+00:00,0.8563,0.8615,0.8535,0.8614,3760872.6
2025-08-27 09:00:00+00:00,0.8614,0.8671,0.859,0.8603,6126343.6
2025-08-27 10:00:00+00:00,0.8604,0.8644,0.8575,0.8589,4027101.8
2025-08-27 11:00:00+00:00,0.8588,0.8658,0.8588,0.8642,3332476.1
2025-08-27 12:00:00+00:00,0.8642,0.8663,0.8592,0.8651,5076386.5
2025-08-27 13:00:00+00:00,0.8651,0.8709,0.8553,0.8619,8954140.2
2025-08-27 14:00:00+00:00,0.862,0.8784,0.8597,0.8691,11049867.6
2025-08-27 15:00:00+00:00,0.8691,0.877,0.8668,0.8723,5911348.4
2025-08-27 16:00:00+00:00,0.8724,0.8733,0.8614,0.8685,6036257.4
2025-08-27 17:00:00+00:00,0.8684,0.8727,0.8645,0.8714,3914871.3
2025-08-27 18:00:00+00:00,0.8714,0.8756,0.8674,0.8675,5002818.0
2025-08-27 19:00:00+00:00,0.8675,0.8698,0.8576,0.8629,7402852.5
2025-08-27 20:00:00+00:00,0.8629,0.8725,0.8504,0.867,31549299.9
2025-08-27 21:00:00+00:00,0.8671,0.8707,0.8532,0.856,5864734.1
2025-08-27 22:00:00+00:00,0.856,0.8603,0.8469,0.8551,8937815.8
2025-08-27 23:00:00+00:00,0.855,0.8584,0.8488,0.8509,3780615.2
2025-08-28 00:00:00+00:00,0.8509,0.8559,0.8441,0.8506,5847035.1
2025-08-28 01:00:00+00:00,0.8507,0.8612,0.8506,0.8581,4429395.0
2025-08-28 02:00:00+00:00,0.8581,0.8598,0.8523,0.8535,3195073.6
2025-08-28 03:00:00+00:00,0.8536,0.8598,0.8523,0.8588,2749713.4
2025-08-28 04:00:00+00:00,0.8588,0.8726,0.8567,0.8711,7691761.4
2025-08-28 05:00:00+00:00,0.8711,0.8737,0.8672,0.8695,6821325.1
2025-08-28 06:00:00+00:00,0.8695,0.8714,0.8657,0.8708,3478954.5
2025-08-28 07:00:00+00:00,0.8708,0.8729,0.8652,0.8729,4558159.7
2025-08-28 08:00:00+00:00,0.8729,0.8799,0.8688,0.871,9507850.4
2025-08-28 09:00:00+00:00,0.871,0.871,0.8655,0.8659,3088176.9
2025-08-28 10:00:00+00:00,0.8658,0.8702,0.863,0.8693,3139032.3
2025-08-28 11:00:00+00:00,0.8693,0.8695,0.864,0.8679,3381538.1
2025-08-28 12:00:00+00:00,0.8678,0.8722,0.8653,0.8701,4094636.7
2025-08-28 13:00:00+00:00,0.8702,0.8727,0.8646,0.869,8096268.7
2025-08-28 14:00:00+00:00,0.8691,0.874,0.8646,0.8706,8333384.5
2025-08-28 15:00:00+00:00,0.8706,0.8724,0.8546,0.8592,10607719.8
2025-08-28 16:00:00+00:00,0.8592,0.8653,0.8477,0.8479,6484204.2
2025-08-28 17:00:00+00:00,0.8478,0.8548,0.8467,0.8522,8784920.2
2025-08-28 18:00:00+00:00,0.8522,0.8576,0.8496,0.8537,3763190.5
2025-08-28 19:00:00+00:00,0.8536,0.8571,0.8431,0.8434,4315934.3
2025-08-28 20:00:00+00:00,0.8433,0.8491,0.8417,0.8456,4925874.2
2025-08-28 21:00:00+00:00,0.8457,0.8528,0.8451,0.85,6097046.7
2025-08-28 22:00:00+00:00,0.8501,0.862,0.8497,0.8604,5686583.9
2025-08-28 23:00:00+00:00,0.8605,0.8631,0.8559,0.8576,2933604.3
2025-08-29 00:00:00+00:00,0.8576,0.8664,0.8538,0.8551,5629903.8
2025-08-29 01:00:00+00:00,0.8552,0.8561,0.8397,0.8423,12236858.0
2025-08-29 02:00:00+00:00,0.8424,0.8537,0.841,0.8496,5805923.4
2025-08-29 03:00:00+00:00,0.8496,0.8554,0.8461,0.8526,3954867.0
2025-08-29 04:00:00+00:00,0.8527,0.8547,0.8463,0.848,3869658.5
2025-08-29 05:00:00+00:00,0.8481,0.8485,0.8433,0.8446,4147726.3
2025-08-29 06:00:00+00:00,0.8447,0.8463,0.8344,0.84,19323190.3
2025-08-29 07:00:00+00:00,0.8399,0.8399,0.826,0.8276,15517360.6
2025-08-29 08:00:00+00:00,0.8277,0.8302,0.8178,0.82,12879523.2
2025-08-29 09:00:00+00:00,0.8199,0.8239,0.8148,0.8231,9751370.4
2025-08-29 10:00:00+00:00,0.8231,0.828,0.8223,0.826,4994865.7
2025-08-29 11:00:00+00:00,0.8259,0.8273,0.8219,0.8238,3492570.9
2025-08-29 12:00:00+00:00,0.8238,0.8486,0.8234,0.8393,17207633.9
2025-08-29 13:00:00+00:00,0.8393,0.8401,0.8203,0.8267,11718803.7
2025-08-29 14:00:00+00:00,0.8267,0.8335,0.8156,0.8259,17563776.8
2025-08-29 15:00:00+00:00,0.8259,0.8331,0.823,0.8255,6979732.8
2025-08-29 16:00:00+00:00,0.8254,0.8264,0.8169,0.8206,10970053.1
2025-08-29 17:00:00+00:00,0.8205,0.821,0.8119,0.8182,7140959.0
2025-08-29 18:00:00+00:00,0.8183,0.8208,0.8122,0.8138,5145330.3
2025-08-29 19:00:00+00:00,0.8137,0.8241,0.8123,0.8209,4717834.2
2025-08-29 20:00:00+00:00,0.8209,0.8216,0.8123,0.8137,7395093.9
2025-08-29 21:00:00+00:00,0.8138,0.8271,0.81,0.8237,4750079.3
2025-08-29 22:00:00+00:00,0.8238,0.8251,0.8194,0.8251,3455884.5
2025-08-29 23:00:00+00:00,0.8251,0.8296,0.8244,0.8266,2693974.4
2025-08-30 00:00:00+00:00,0.8266,0.8286,0.8229,0.8263,3531303.2
2025-08-30 01:00:00+00:00,0.8263,0.8297,0.813,0.814,5691108.9
2025-08-30 02:00:00+00:00,0.8141,0.8239,0.813,0.8227,3653204.0
2025-08-30 03:00:00+00:00,0.8227,0.8358,0.8227,0.8339,7111487.4
2025-08-30 04:00:00+00:00,0.8338,0.8444,0.8316,0.8318,5736731.2
2025-08-30 05:00:00+00:00,0.8318,0.8371,0.8313,0.8343,2542858.5
2025-08-30 06:00:00+00:00,0.8343,0.8387,0.8335,0.8359,2635244.3
2025-08-30 07:00:00+00:00,0.836,0.8385,0.8337,0.8371,2729278.7
2025-08-30 08:00:00+00:00,0.8371,0.8384,0.8346,0.835,2220128.1
2025-08-30 09:00:00+00:00,0.835,0.8352,0.8301,0.8314,3128749.4
2025-08-30 10:00:00+00:00,0.8315,0.8334,0.8283,0.8295,3935167.6
2025-08-30 11:00:00+00:00,0.8295,0.83,0.8248,0.8271,2378764.4
2025-08-30 12:00:00+00:00,0.8271,0.8275,0.8054,0.8131,11356092.9
2025-08-30 13:00:00+00:00,0.813,0.8148,0.806,0.8132,5672242.2
2025-08-30 14:00:00+00:00,0.8132,0.8167,0.8082,0.8156,4085386.4
2025-08-30 15:00:00+00:00,0.8157,0.8244,0.8139,0.8235,3784261.2
2025-08-30 16:00:00+00:00,0.8235,0.824,0.8192,0.8196,1705152.1
2025-08-30 17:00:00+00:00,0.8197,0.8219,0.8163,0.8186,2270766.3
2025-08-30 18:00:00+00:00,0.8185,0.8203,0.8151,0.817,1366245.0
2025-08-30 19:00:00+00:00,0.8169,0.8203,0.8156,0.82,1091742.5
2025-08-30 20:00:00+00:00,0.8202,0.8206,0.8163,0.8195,1107419.9
2025-08-30 21:00:00+00:00,0.8194,0.8221,0.8178,0.8195,1161986.2
2025-08-30 22:00:00+00:00,0.8194,0.821,0.8172,0.8204,1055932.5
2025-08-30 23:00:00+00:00,0.8204,0.824,0.8204,0.8224,1570970.6
2025-08-31 00:00:00+00:00,0.8225,0.835,0.8221,0.8342,4892434.4
2025-08-31 01:00:00+00:00,0.8342,0.8374,0.8309,0.836,4412927.1
2025-08-31 02:00:00+00:00,0.836,0.837,0.8329,0.8334,1823339.1
2025-08-31 03:00:00+00:00,0.8334,0.838,0.8331,0.8367,2242056.5
2025-08-31 04:00:00+00:00,0.8368,0.8377,0.8313,0.833,2407667.6
2025-08-31 05:00:00+00:00,0.833,0.8333,0.829,0.8303,3080967.9
2025-08-31 06:00:00+00:00,0.8303,0.8315,0.8258,0.8258,2453662.7
2025-08-31 07:00:00+00:00,0.8259,0.8292,0.8252,0.8264,1730905.9
2025-08-31 08:00:00+00:00,0.8265,0.8322,0.8252,0.8315,3980986.3
2025-08-31 09:00:00+00:00,0.8316,0.8322,0.8248,0.8251,2979464.9
2025-08-31 10:00:00+00:00,0.8251,0.8256,0.8174,0.8207,4705657.6
2025-08-31 11:00:00+00:00,0.8208,0.8247,0.8192,0.8243,2458081.2
2025-08-31 12:00:00+00:00,0.8243,0.8249,0.8197,0.8237,1796962.9
2025-08-31 13:00:00+00:00,0.8236,0.827,0.8196,0.8211,5869156.5
2025-08-31 14:00:00+00:00,0.8211,0.8244,0.8168,0.8209,2806937.7
2025-08-31 15:00:00+00:00,0.8209,0.8277,0.8207,0.827,2638696.5
2025-08-31 16:00:00+00:00,0.8269,0.827,0.8207,0.8235,2160787.8
2025-08-31 17:00:00+00:00,0.8235,0.8243,0.821,0.8218,1449023.4
2025-08-31 18:00:00+00:00,0.8217,0.8275,0.821,0.8274,1722854.5
2025-08-31 19:00:00+00:00,0.8274,0.8284,0.8214,0.8216,1670366.7
2025-08-31 20:00:00+00:00,0.8217,0.8287,0.8199,0.8283,1558381.6
2025-08-31 21:00:00+00:00,0.8282,0.8289,0.8259,0.8263,1964567.2
2025-08-31 22:00:00+00:00,0.8264,0.827,0.8185,0.8207,2292233.3
2025-08-31 23:00:00+00:00,0.8206,0.821,0.8094,0.8113,6986049.6
2025-09-01 00:00:00+00:00,0.8112,0.8119,0.8016,0.8063,8986353.2
2025-09-01 01:00:00+00:00,0.8063,0.8144,0.8023,0.8104,6745564.3
2025-09-01 02:00:00+00:00,0.8106,0.811,0.8006,0.8033,7439814.7
2025-09-01 03:00:00+00:00,0.8034,0.8102,0.8015,0.8091,4266966.9
2025-09-01 04:00:00+00:00,0.8092,0.8093,0.799,0.801,5453884.3
2025-09-01 05:00:00+00:00,0.801,0.8065,0.7944,0.8038,7146887.9
2025-09-01 06:00:00+00:00,0.8038,0.8054,0.7973,0.8026,4818840.0
2025-09-01 07:00:00+00:00,0.8026,0.8401,0.7994,0.8382,33216895.8
2025-09-01 08:00:00+00:00,0.8383,0.8452,0.8338,0.8418,18452269.2
2025-09-01 09:00:00+00:00,0.8418,0.8439,0.8346,0.8348,7762620.2
2025-09-01 10:00:00+00:00,0.8349,0.8372,0.8213,0.8283,11138703.5
2025-09-01 11:00:00+00:00,0.8282,0.8299,0.818,0.8201,6588882.2
2025-09-01 12:00:00+00:00,0.8202,0.8232,0.8155,0.8188,4124540.8
2025-09-01 13:00:00+00:00,0.8188,0.8261,0.8127,0.8145,6462717.5
2025-09-01 14:00:00+00:00,0.8145,0.8187,0.8082,0.8139,9687016.6
2025-09-01 15:00:00+00:00,0.8139,0.8177,0.8076,0.8102,4605817.4
2025-09-01 16:00:00+00:00,0.8101,0.811,0.806,0.8066,4030539.9
2025-09-01 17:00:00+00:00,0.8065,0.8082,0.8013,0.8033,5905750.9
2025-09-01 18:00:00+00:00,0.8032,0.8105,0.8027,0.8089,4199419.3
2025-09-01 19:00:00+00:00,0.8089,0.8121,0.8076,0.8115,2425433.4
2025-09-01 20:00:00+00:00,0.8116,0.8116,0.7884,0.7948,16729561.2
2025-09-01 21:00:00+00:00,0.7947,0.7954,0.7818,0.7893,9736815.7
2025-09-01 22:00:00+00:00,0.7893,0.7954,0.7861,0.7919,6828338.0
2025-09-01 23:00:00+00:00,0.7919,0.8033,0.7918,0.8014,4548498.7
2025-09-02 00:00:00+00:00,0.8015,0.8049,0.798,0.8012,3177338.5
2025-09-02 01:00:00+00:00,0.8011,0.8099,0.8,0.8051,4063891.8
2025-09-02 02:00:00+00:00,0.8053,0.8178,0.8036,0.8169,4736250.4
2025-09-02 03:00:00+00:00,0.8168,0.8212,0.8136,0.8172,6577720.2
2025-09-02 04:00:00+00:00,0.8173,0.8181,0.8143,0.8172,3460530.2
2025-09-02 05:00:00+00:00,0.8173,0.8223,0.8148,0.8204,4857653.9
2025-09-02 06:00:00+00:00,0.8205,0.8225,0.8185,0.8214,4957156.3
2025-09-02 07:00:00+00:00,0.8215,0.8224,0.8155,0.8174,5669915.0
2025-09-02 08:00:00+00:00,0.8173,0.8259,0.8167,0.8218,5230676.6
2025-09-02 09:00:00+00:00,0.8218,0.825,0.8201,0.822,2520504.9
2025-09-02 10:00:00+00:00,0.8219,0.8224,0.8179,0.8213,3175561.1
2025-09-02 11:00:00+00:00,0.8213,0.8213,0.8139,0.8162,4231645.0
2025-09-02 12:00:00+00:00,0.8163,0.8176,0.8003,0.8019,10868941.8
2025-09-02 13:00:00+00:00,0.8019,0.8264,0.8013,0.8239,16985483.2
2025-09-02 14:00:00+00:00,0.8238,0.8281,0.8157,0.8226,14033601.8
2025-09-02 15:00:00+00:00,0.8225,0.8234,0.8084,0.81,7202492.2
2025-09-02 16:00:00+00:00,0.81,0.8161,0.8076,0.8123,4192029.0
2025-09-02 17:00:00+00:00,0.8124,0.82,0.8122,0.8184,5482391.5
2025-09-02 18:00:00+00:00,0.8184,0.8206,0.8097,0.8183,4342289.7
2025-09-02 19:00:00+00:00,0.8182,0.824,0.8153,0.8206,4304432.8
2025-09-02 20:00:00+00:00,0.8206,0.8323,0.8187,0.8289,9418571.5
2025-09-02 21:00:00+00:00,0.8289,0.8321,0.8271,0.8309,4468158.1
2025-09-02 22:00:00+00:00,0.8309,0.8341,0.8278,0.834,3791872.8
2025-09-02 23:00:00+00:00,0.8339,0.8356,0.8319,0.8349,3737839.4
2025-09-03 00:00:00+00:00,0.8348,0.8396,0.8306,0.8314,5825848.1
2025-09-03 01:00:00+00:00,0.8314,0.8374,0.8265,0.8372,4967889.0
2025-09-03 02:00:00+00:00,0.8372,0.8403,0.8329,0.8395,4407195.5
2025-09-03 03:00:00+00:00,0.8395,0.8403,0.8312,0.8342,4789359.8
2025-09-03 04:00:00+00:00,0.8342,0.836,0.8312,0.8355,2799742.3
2025-09-03 05:00:00+00:00,0.8355,0.836,0.8293,0.8304,3248582.9
2025-09-03 06:00:00+00:00,0.8303,0.8332,0.8279,0.8293,4005820.6
2025-09-03 07:00:00+00:00,0.8294,0.8313,0.826,0.8305,4211430.6
2025-09-03 08:00:00+00:00,0.8305,0.8368,0.8292,0.8305,4143673.7
2025-09-03 09:00:00+00:00,0.8306,0.8345,0.8268,0.8345,2480455.1
2025-09-03 10:00:00+00:00,0.8344,0.837,0.8318,0.8328,3697286.6
2025-09-03 11:00:00+00:00,0.8328,0.8363,0.8321,0.8324,2427215.7
2025-09-03 12:00:00+00:00,0.8324,0.836,0.8286,0.8305,3505226.9
2025-09-03 13:00:00+00:00,0.8305,0.8403,0.8295,0.8338,5099016.1
2025-09-03 14:00:00+00:00,0.834,0.8425,0.8337,0.8394,6888247.0
2025-09-03 15:00:00+00:00,0.8395,0.8423,0.836,0.8406,3574431.3
2025-09-03 16:00:00+00:00,0.8407,0.8423,0.8345,0.8359,4655663.8
2025-09-03 17:00:00+00:00,0.836,0.8418,0.836,0.84,3456164.3
2025-09-03 18:00:00+00:00,0.84,0.842,0.836,0.8379,2120237.1
2025-09-03 19:00:00+00:00,0.8378,0.8417,0.8356,0.8416,1124900.0
2025-09-03 20:00:00+00:00,0.8417,0.8437,0.8397,0.8407,1992658.7
2025-09-03 21:00:00+00:00,0.8408,0.8422,0.8374,0.8403,2061101.4
2025-09-03 22:00:00+00:00,0.8402,0.8429,0.8376,0.8393,2113920.3
2025-09-03 23:00:00+00:00,0.8393,0.8398,0.8352,0.8366,1743801.7
2025-09-04 00:00:00+00:00,0.8367,0.8418,0.8366,0.8398,2620245.5
2025-09-04 01:00:00+00:00,0.8398,0.8398,0.8328,0.8359,3337684.3
2025-09-04 02:00:00+00:00,0.836,0.8367,0.828,0.8289,3406548.8
2025-09-04 03:00:00+00:00,0.829,0.8293,0.8238,0.824,3658473.9
2025-09-04 04:00:00+00:00,0.8241,0.8273,0.823,0.8239,4365696.3
2025-09-04 05:00:00+00:00,0.8239,0.8239,0.8174,0.8197,3741788.7
2025-09-04 06:00:00+00:00,0.8197,0.8197,0.8139,0.8148,4233882.8
2025-09-04 07:00:00+00:00,0.8148,0.8195,0.8146,0.8177,3174077.2
2025-09-04 08:00:00+00:00,0.8178,0.8219,0.8158,0.8163,4917853.0
2025-09-04 09:00:00+00:00,0.8162,0.8201,0.8162,0.8201,2258070.8
2025-09-04 10:00:00+00:00,0.8201,0.8242,0.8194,0.82,3619684.7
2025-09-04 11:00:00+00:00,0.8199,0.8225,0.8176,0.8177,2681824.8
2025-09-04 12:00:00+00:00,0.8177,0.8218,0.813,0.8195,4379734.5
2025-09-04 13:00:00+00:00,0.8195,0.8199,0.812,0.8153,4346872.8
2025-09-04 14:00:00+00:00,0.8153,0.8161,0.8065,0.8103,6666404.6
2025-09-04 15:00:00+00:00,0.8103,0.8109,0.8046,0.8081,5966884.3
2025-09-04 16:00:00+00:00,0.808,0.8108,0.8065,0.8091,3092690.4
2025-09-04 17:00:00+00:00,0.8092,0.8122,0.8077,0.8077,2399998.8
2025-09-04 18:00:00+00:00,0.8077,0.8111,0.8038,0.8049,3186938.2
2025-09-04 19:00:00+00:00,0.805,0.8075,0.8026,0.804,1805625.8
2025-09-04 20:00:00+00:00,0.804,0.8107,0.8032,0.8092,2632473.3
2025-09-04 21:00:00+00:00,0.8093,0.8118,0.8085,0.8114,1486604.9
2025-09-04 22:00:00+00:00,0.8113,0.8179,0.8111,0.8172,3673489.8
2025-09-04 23:00:00+00:00,0.8172,0.8188,0.8088,0.8093,3436574.3
2025-09-05 00:00:00+00:00,0.8093,0.8125,0.8046,0.8061,3007964.9
2025-09-05 01:00:00+00:00,0.8061,0.816,0.8051,0.8147,3891946.9
2025-09-05 02:00:00+00:00,0.8147,0.8184,0.8127,0.8173,3318724.9
2025-09-05 03:00:00+00:00,0.8173,0.818,0.8131,0.8179,1574982.9
2025-09-05 04:00:00+00:00,0.8179,0.8199,0.8159,0.8193,1992474.7
2025-09-05 05:00:00+00:00,0.8192,0.8193,0.8164,0.8169,2035625.1
2025-09-05 06:00:00+00:00,0.8169,0.82,0.8146,0.8199,1947773.0
2025-09-05 07:00:00+00:00,0.8199,0.8308,0.8197,0.8302,7508151.5
2025-09-05 08:00:00+00:00,0.8301,0.8304,0.8258,0.8264,4788434.4
2025-09-05 09:00:00+00:00,0.8265,0.8282,0.8215,0.8281,3326456.0
2025-09-05 10:00:00+00:00,0.8281,0.831,0.8272,0.8272,3504394.7
2025-09-05 11:00:00+00:00,0.8273,0.832,0.8266,0.8318,5248819.8
2025-09-05 12:00:00+00:00,0.8319,0.85,0.8293,0.8449,30188842.6
2025-09-05 13:00:00+00:00,0.845,0.8475,0.8401,0.8436,9537359.8
2025-09-05 14:00:00+00:00,0.8436,0.844,0.8183,0.822,20176875.9
2025-09-05 15:00:00+00:00,0.8219,0.8283,0.8188,0.8248,5006084.0
2025-09-05 16:00:00+00:00,0.8248,0.8278,0.8207,0.8273,2791670.2
2025-09-05 17:00:00+00:00,0.8274,0.8278,0.8204,0.8223,2287256.2
2025-09-05 18:00:00+00:00,0.8222,0.833,0.8205,0.8317,3064577.1
2025-09-05 19:00:00+00:00,0.8317,0.8362,0.8307,0.8361,4097542.2
2025-09-05 20:00:00+00:00,0.8361,0.8387,0.8327,0.8385,2033952.2
2025-09-05 21:00:00+00:00,0.8386,0.8389,0.8275,0.8304,5123938.4
2025-09-05 22:00:00+00:00,0.8304,0.8353,0.83,0.8337,1306682.6
2025-09-05 23:00:00+00:00,0.8336,0.8347,0.8303,0.8307,2073878.2
2025-09-06 00:00:00+00:00,0.8306,0.8356,0.8302,0.8345,2187923.3
2025-09-06 01:00:00+00:00,0.8345,0.836,0.8312,0.8315,1503538.8
2025-09-06 02:00:00+00:00,0.8315,0.8338,0.8281,0.8337,1485018.8
2025-09-06 03:00:00+00:00,0.8336,0.8352,0.8322,0.8338,1885550.4
2025-09-06 04:00:00+00:00,0.8337,0.8338,0.8269,0.8283,2216860.6
2025-09-06 05:00:00+00:00,0.8284,0.8285,0.8234,0.8242,1945596.9
2025-09-06 06:00:00+00:00,0.8241,0.8258,0.8235,0.8242,1158774.5
2025-09-06 07:00:00+00:00,0.8242,0.8256,0.8239,0.8256,850188.0
2025-09-06 08:00:00+00:00,0.8255,0.8264,0.8236,0.8242,1180416.6
2025-09-06 09:00:00+00:00,0.8241,0.8241,0.8203,0.8209,2780269.6
2025-09-06 10:00:00+00:00,0.8209,0.8228,0.8188,0.8227,2175951.9
2025-09-06 11:00:00+00:00,0.8227,0.8235,0.8208,0.8233,1551199.7
2025-09-06 12:00:00+00:00,0.8233,0.8251,0.8216,0.8242,2603654.7
2025-09-06 13:00:00+00:00,0.8242,0.8266,0.8211,0.824,3364001.7
2025-09-06 14:00:00+00:00,0.824,0.8263,0.8234,0.8257,1477954.0
2025-09-06 15:00:00+00:00,0.8258,0.8281,0.821,0.8223,3951832.6
2025-09-06 16:00:00+00:00,0.8222,0.8253,0.82,0.8227,4328317.9
2025-09-06 17:00:00+00:00,0.8228,0.8234,0.8183,0.8194,1841167.6
2025-09-06 18:00:00+00:00,0.8193,0.822,0.8183,0.8207,1338301.9
2025-09-06 19:00:00+00:00,0.8206,0.8209,0.8143,0.8158,2384713.8
2025-09-06 20:00:00+00:00,0.8157,0.8206,0.8153,0.8206,1182240.0
2025-09-06 21:00:00+00:00,0.8206,0.8206,0.8181,0.8196,1027174.8
2025-09-06 22:00:00+00:00,0.8196,0.8205,0.817,0.8181,989475.9
2025-09-06 23:00:00+00:00,0.818,0.821,0.8162,0.8184,1162015.5
2025-09-07 00:00:00+00:00,0.8185,0.8224,0.818,0.8214,1173552.2
2025-09-07 01:00:00+00:00,0.8213,0.825,0.8209,0.8239,1676079.5
2025-09-07 02:00:00+00:00,0.824,0.826,0.823,0.8255,1178495.0
2025-09-07 03:00:00+00:00,0.8255,0.8293,0.8245,0.8281,2718682.1
2025-09-07 04:00:00+00:00,0.8281,0.8284,0.8258,0.8265,1710438.2
2025-09-07 05:00:00+00:00,0.8266,0.828,0.8252,0.8274,1591860.3
2025-09-07 06:00:00+00:00,0.8275,0.8289,0.8252,0.8254,2020129.6
2025-09-07 07:00:00+00:00,0.8255,0.829,0.8238,0.8264,2035619.3
2025-09-07 08:00:00+00:00,0.8264,0.8309,0.8264,0.8281,3037298.7
2025-09-07 09:00:00+00:00,0.828,0.8298,0.8257,0.8275,2178187.9
2025-09-07 10:00:00+00:00,0.8276,0.8296,0.8272,0.8286,1516671.6
2025-09-07 11:00:00+00:00,0.8287,0.8332,0.8284,0.8327,3358196.2
2025-09-07 12:00:00+00:00,0.8327,0.8361,0.829,0.8296,7116052.7
2025-09-07 13:00:00+00:00,0.8295,0.8309,0.8267,0.8309,2931833.7
2025-09-07 14:00:00+00:00,0.8308,0.8385,0.8296,0.8333,6401983.0
2025-09-07 15:00:00+00:00,0.8334,0.8376,0.8312,0.8342,5629358.0
2025-09-07 16:00:00+00:00,0.8342,0.8348,0.8294,0.8299,2328916.8
2025-09-07 17:00:00+00:00,0.8299,0.8308,0.8265,0.8272,2397278.7
2025-09-07 18:00:00+00:00,0.8273,0.8286,0.823,0.8255,2166952.3
2025-09-07 19:00:00+00:00,0.8255,0.8308,0.8253,0.8287,2168069.8
2025-09-07 20:00:00+00:00,0.8286,0.8326,0.8273,0.8324,1053265.6
2025-09-07 21:00:00+00:00,0.8325,0.8328,0.8288,0.8291,1145522.6
2025-09-07 22:00:00+00:00,0.829,0.8353,0.8288,0.8352,2747092.7
2025-09-07 23:00:00+00:00,0.8352,0.8418,0.8342,0.8351,4496920.5
2025-09-08 00:00:00+00:00,0.8351,0.8386,0.8314,0.8326,2898497.6
2025-09-08 01:00:00+00:00,0.8326,0.8353,0.8316,0.8332,2614346.3
2025-09-08 02:00:00+00:00,0.8332,0.8417,0.83,0.8415,3870495.5
2025-09-08 03:00:00+00:00,0.8414,0.8484,0.8396,0.8416,8405347.3
2025-09-08 04:00:00+00:00,0.8416,0.8432,0.8367,0.8381,5158703.9
2025-09-08 05:00:00+00:00,0.8381,0.8407,0.8337,0.8379,2852549.8
2025-09-08 06:00:00+00:00,0.838,0.8444,0.8344,0.8402,3946115.4
2025-09-08 07:00:00+00:00,0.8403,0.846,0.8397,0.8422,3963680.6
2025-09-08 08:00:00+00:00,0.8422,0.8495,0.8415,0.8459,5404957.8
2025-09-08 09:00:00+00:00,0.8459,0.8493,0.8442,0.8484,4943900.3
2025-09-08 10:00:00+00:00,0.8484,0.8566,0.8475,0.8545,11484609.0
2025-09-08 11:00:00+00:00,0.8546,0.8551,0.8479,0.8525,5662095.5
2025-09-08 12:00:00+00:00,0.8526,0.86,0.8505,0.856,6053640.2
2025-09-08 13:00:00+00:00,0.8561,0.8633,0.8545,0.8563,12109244.0
2025-09-08 14:00:00+00:00,0.8562,0.8659,0.8552,0.864,9273223.9
2025-09-08 15:00:00+00:00,0.864,0.8685,0.8624,0.8654,8215378.5
2025-09-08 16:00:00+00:00,0.8654,0.8687,0.8595,0.861,7796477.0
2025-09-08 17:00:00+00:00,0.861,0.8671,0.8585,0.8611,4903126.3
2025-09-08 18:00:00+00:00,0.8612,0.8685,0.8611,0.8684,3264095.0
2025-09-08 19:00:00+00:00,0.8684,0.8692,0.8602,0.8621,4331027.2
2025-09-08 20:00:00+00:00,0.8622,0.8639,0.8579,0.8609,3088897.6
2025-09-08 21:00:00+00:00,0.8609,0.8666,0.8593,0.8662,6048752.7
2025-09-08 22:00:00+00:00,0.8662,0.8682,0.8644,0.8663,3649366.0
2025-09-08 23:00:00+00:00,0.8663,0.8688,0.8626,0.8651,3462601.1
2025-09-09 00:00:00+00:00,0.8651,0.8724,0.8626,0.8699,10387990.6
2025-09-09 01:00:00+00:00,0.8699,0.8752,0.864,0.8652,6114461.1
2025-09-09 02:00:00+00:00,0.8652,0.8659,0.8556,0.8578,5925789.7
2025-09-09 03:00:00+00:00,0.8578,0.8682,0.856,0.8675,4053978.7
2025-09-09 04:00:00+00:00,0.8675,0.8693,0.8634,0.8668,4474968.0
2025-09-09 05:00:00+00:00,0.8668,0.8691,0.8629,0.8688,3816303.1
2025-09-09 06:00:00+00:00,0.8687,0.8846,0.8678,0.8825,16532395.6
2025-09-09 07:00:00+00:00,0.8826,0.8924,0.8816,0.8886,17409435.2
2025-09-09 08:00:00+00:00,0.8886,0.8905,0.8842,0.8905,7214635.0
2025-09-09 09:00:00+00:00,0.8904,0.8947,0.8874,0.8875,8603772.6
2025-09-09 10:00:00+00:00,0.8875,0.8898,0.882,0.8833,8323328.0
2025-09-09 11:00:00+00:00,0.8833,0.8868,0.8824,0.8842,5594021.8
2025-09-09 12:00:00+00:00,0.8843,0.8926,0.8812,0.8823,10314464.4
2025-09-09 13:00:00+00:00,0.8825,0.8863,0.8786,0.8839,11087890.5
2025-09-09 14:00:00+00:00,0.8839,0.8868,0.8633,0.8679,23155410.0
2025-09-09 15:00:00+00:00,0.8678,0.87,0.8525,0.8575,16210720.8
2025-09-09 16:00:00+00:00,0.8576,0.8617,0.8566,0.8602,5891951.6
2025-09-09 17:00:00+00:00,0.8602,0.8662,0.8583,0.8615,5218638.9
2025-09-09 18:00:00+00:00,0.8614,0.8651,0.8592,0.863,2697841.0
2025-09-09 19:00:00+00:00,0.863,0.866,0.8597,0.8623,3569550.7
2025-09-09 20:00:00+00:00,0.8624,0.8642,0.8593,0.8639,3129422.5
2025-09-09 21:00:00+00:00,0.8639,0.8679,0.8616,0.8624,2908296.3
2025-09-09 22:00:00+00:00,0.8624,0.8677,0.8613,0.8674,2863013.2
2025-09-09 23:00:00+00:00,0.8674,0.8676,0.8635,0.8652,1683653.6
2025-09-10 00:00:00+00:00,0.8653,0.8667,0.8602,0.8606,3492034.1
2025-09-10 01:00:00+00:00,0.8605,0.8675,0.8596,0.8674,2501696.7
2025-09-10 02:00:00+00:00,0.8675,0.8799,0.867,0.8767,6107403.7
2025-09-10 03:00:00+00:00,0.8767,0.8799,0.8738,0.8776,3499142.6
2025-09-10 04:00:00+00:00,0.8776,0.8776,0.8714,0.875,1707646.5
2025-09-10 05:00:00+00:00,0.8749,0.8757,0.8696,0.8731,3141370.8
2025-09-10 06:00:00+00:00,0.8729,0.8784,0.8699,0.8761,3249553.8
2025-09-10 07:00:00+00:00,0.8762,0.8828,0.8749,0.8801,5198777.0
2025-09-10 08:00:00+00:00,0.8801,0.8826,0.8769,0.8771,3888818.7
2025-09-10 09:00:00+00:00,0.8772,0.8797,0.8746,0.8763,1822830.2
2025-09-10 10:00:00+00:00,0.8763,0.8765,0.8716,0.8729,2380344.8
2025-09-10 11:00:00+00:00,0.8729,0.8768,0.8723,0.8749,2102575.0
2025-09-10 12:00:00+00:00,0.875,0.8888,0.875,0.8872,13375176.8
2025-09-10 13:00:00+00:00,0.8872,0.8967,0.8835,0.8914,12906533.5
2025-09-10 14:00:00+00:00,0.8914,0.8963,0.8855,0.8875,8621608.3
2025-09-10 15:00:00+00:00,0.8874,0.8913,0.8864,0.8881,6948681.0
2025-09-10 16:00:00+00:00,0.8882,0.891,0.8823,0.8909,5635330.5
2025-09-10 17:00:00+00:00,0.891,0.8938,0.884,0.8879,4407797.8
2025-09-10 18:00:00+00:00,0.8879,0.8898,0.8809,0.883,3388058.9
2025-09-10 19:00:00+00:00,0.883,0.8834,0.8724,0.877,6121924.8
2025-09-10 20:00:00+00:00,0.877,0.8808,0.8765,0.879,1958388.6
2025-09-10 21:00:00+00:00,0.879,0.8864,0.8786,0.8857,1966282.8
2025-09-10 22:00:00+00:00,0.8858,0.8877,0.884,0.8866,1489874.1
2025-09-10 23:00:00+00:00,0.8867,0.8877,0.8825,0.8854,3041562.3
2025-09-11 00:00:00+00:00,0.8854,0.8863,0.8829,0.8854,1713641.7
2025-09-11 01:00:00+00:00,0.8854,0.8903,0.884,0.8887,2331539.4
2025-09-11 02:00:00+00:00,0.8887,0.89,0.8857,0.8879,2540868.6
2025-09-11 03:00:00+00:00,0.8879,0.8947,0.8874,0.8947,5073297.5
2025-09-11 04:00:00+00:00,0.8947,0.8948,0.8876,0.8902,6058167.6
2025-09-11 05:00:00+00:00,0.8903,0.8907,0.8834,0.8867,5124689.5
2025-09-11 06:00:00+00:00,0.8867,0.8894,0.8836,0.8885,4700934.7
2025-09-11 07:00:00+00:00,0.8885,0.8889,0.8848,0.8873,2997251.9
2025-09-11 08:00:00+00:00,0.8874,0.8877,0.8852,0.8863,2479203.0
2025-09-11 09:00:00+00:00,0.8864,0.8867,0.8831,0.8849,2634958.6
2025-09-11 10:00:00+00:00,0.8849,0.8918,0.8836,0.8896,5069689.1
2025-09-11 11:00:00+00:00,0.8896,0.8897,0.8824,0.8837,5669235.3
2025-09-11 12:00:00+00:00,0.8837,0.8981,0.8658,0.8817,27187041.2
2025-09-11 13:00:00+00:00,0.8817,0.8833,0.8726,0.883,16852245.0
2025-09-11 14:00:00+00:00,0.883,0.8832,0.8727,0.8763,4977770.8
2025-09-11 15:00:00+00:00,0.8763,0.8801,0.8746,0.8766,3277573.5
2025-09-11 16:00:00+00:00,0.8765,0.8809,0.8762,0.879,1799677.6
2025-09-11 17:00:00+00:00,0.879,0.8826,0.8781,0.882,1817286.1
2025-09-11 18:00:00+00:00,0.882,0.8829,0.8787,0.8808,1547664.8
2025-09-11 19:00:00+00:00,0.8808,0.8832,0.8793,0.8822,1429713.6
2025-09-11 20:00:00+00:00,0.8823,0.8831,0.8798,0.882,1108442.3
2025-09-11 21:00:00+00:00,0.882,0.8848,0.8813,0.8844,1630074.5
2025-09-11 22:00:00+00:00,0.8843,0.8929,0.8833,0.8903,5538959.6
2025-09-11 23:00:00+00:00,0.8902,0.8968,0.8901,0.8939,4490212.8
2025-09-12 00:00:00+00:00,0.894,0.9097,0.8912,0.9028,13161955.2
2025-09-12 01:00:00+00:00,0.9029,0.9081,0.8973,0.8983,10300759.0
2025-09-12 02:00:00+00:00,0.8983,0.9062,0.8979,0.9025,4834899.9
2025-09-12 03:00:00+00:00,0.9025,0.9034,0.8968,0.9009,5237822.1
2025-09-12 04:00:00+00:00,0.9008,0.9043,0.8973,0.904,4296376.0
2025-09-12 05:00:00+00:00,0.904,0.9062,0.9021,0.9061,5701339.7
2025-09-12 06:00:00+00:00,0.9062,0.9062,0.8998,0.9005,3957159.8
2025-09-12 07:00:00+00:00,0.9005,0.904,0.8985,0.8996,5089814.6
2025-09-12 08:00:00+00:00,0.8995,0.9006,0.8946,0.8956,3547893.8
2025-09-12 09:00:00+00:00,0.8956,0.8966,0.8903,0.8932,5517151.4
2025-09-12 10:00:00+00:00,0.8931,0.8931,0.8878,0.8916,2849699.0
2025-09-12 11:00:00+00:00,0.8915,0.8942,0.8876,0.8881,3524927.1
2025-09-12 12:00:00+00:00,0.8881,0.8914,0.8825,0.8905,6315012.3
2025-09-12 13:00:00+00:00,0.8905,0.8905,0.8848,0.8882,3589249.9
2025-09-12 14:00:00+00:00,0.8881,0.8961,0.8864,0.8916,9864481.8
2025-09-12 15:00:00+00:00,0.8916,0.8946,0.8867,0.8934,3804401.4
2025-09-12 16:00:00+00:00,0.8935,0.8998,0.8917,0.8995,5504415.4
2025-09-12 17:00:00+00:00,0.8996,0.905,0.8966,0.9028,6958818.0
2025-09-12 18:00:00+00:00,0.9027,0.9071,0.9006,0.9044,6135212.1
2025-09-12 19:00:00+00:00,0.9044,0.9077,0.9013,0.9074,4891105.5
2025-09-12 20:00:00+00:00,0.9074,0.9089,0.9006,0.9068,8677325.2
2025-09-12 21:00:00+00:00,0.9069,0.9072,0.9024,0.9043,5168366.8
2025-09-12 22:00:00+00:00,0.9043,0.9181,0.9042,0.9152,11963685.3
2025-09-12 23:00:00+00:00,0.9152,0.9176,0.9121,0.9169,5566745.7
2025-09-13 00:00:00+00:00,0.917,0.9299,0.9162,0.9267,17587629.4
2025-09-13 01:00:00+00:00,0.9267,0.9372,0.9242,0.9246,16178036.6
2025-09-13 02:00:00+00:00,0.9246,0.9295,0.9224,0.9264,6456521.6
2025-09-13 03:00:00+00:00,0.9264,0.9306,0.925,0.9291,5172527.2
2025-09-13 04:00:00+00:00,0.9292,0.9298,0.9253,0.926,3598321.7
2025-09-13 05:00:00+00:00,0.926,0.9272,0.9235,0.9253,4573388.7
2025-09-13 06:00:00+00:00,0.9253,0.9297,0.9251,0.9296,3957324.5
2025-09-13 07:00:00+00:00,0.9297,0.93,0.9239,0.926,5555003.3
2025-09-13 08:00:00+00:00,0.9259,0.9373,0.9254,0.9373,8591094.5
2025-09-13 09:00:00+00:00,0.9373,0.954,0.9359,0.9532,23337979.3
2025-09-13 10:00:00+00:00,0.9531,0.9532,0.9433,0.9436,13443889.4
2025-09-13 11:00:00+00:00,0.9437,0.95,0.9368,0.95,9072467.9
2025-09-13 12:00:00+00:00,0.9499,0.9502,0.9446,0.9472,6034412.5
2025-09-13 13:00:00+00:00,0.9472,0.9519,0.9276,0.9375,15334058.6
2025-09-13 14:00:00+00:00,0.9375,0.9454,0.9291,0.9416,11146688.7
2025-09-13 15:00:00+00:00,0.9415,0.9494,0.9341,0.9377,13847292.0
2025-09-13 16:00:00+00:00,0.9378,0.9427,0.9248,0.9256,13581148.4
2025-09-13 17:00:00+00:00,0.9257,0.9267,0.9143,0.925,12841746.4
2025-09-13 18:00:00+00:00,0.925,0.9257,0.9202,0.9254,3539199.7
2025-09-13 19:00:00+00:00,0.9254,0.9271,0.9232,0.9264,2429799.5
2025-09-13 20:00:00+00:00,0.9264,0.9317,0.9259,0.93,4250213.9
2025-09-13 21:00:00+00:00,0.93,0.9356,0.9284,0.9294,3326296.3
2025-09-13 22:00:00+00:00,0.9294,0.9311,0.9262,0.9281,1947268.7
2025-09-13 23:00:00+00:00,0.928,0.9311,0.9268,0.9294,1826437.2
2025-09-14 00:00:00+00:00,0.9294,0.9313,0.9203,0.9225,3628898.0
2025-09-14 01:00:00+00:00,0.9224,0.9246,0.913,0.9237,7433224.4
2025-09-14 02:00:00+00:00,0.9238,0.9295,0.9219,0.9271,3436860.2
2025-09-14 03:00:00+00:00,0.9272,0.9276,0.9157,0.917,2331237.6
2025-09-14 04:00:00+00:00,0.917,0.9202,0.9101,0.9183,3856107.5
2025-09-14 05:00:00+00:00,0.9182,0.9235,0.9177,0.9226,1661250.3
2025-09-14 06:00:00+00:00,0.9225,0.9233,0.9138,0.9174,2440095.1
2025-09-14 07:00:00+00:00,0.9174,0.9184,0.9126,0.9157,3060499.6
2025-09-14 08:00:00+00:00,0.9156,0.9174,0.9126,0.9136,2570351.2
2025-09-14 09:00:00+00:00,0.9135,0.9196,0.9118,0.9185,3265690.3
2025-09-14 10:00:00+00:00,0.9185,0.9195,0.9141,0.9158,2566456.7
2025-09-14 11:00:00+00:00,0.9158,0.9172,0.9013,0.9025,8003689.9
2025-09-14 12:00:00+00:00,0.9026,0.9055,0.8919,0.8961,8243899.1
2025-09-14 13:00:00+00:00,0.8962,0.8971,0.8851,0.8883,9316903.6
2025-09-14 14:00:00+00:00,0.8883,0.894,0.8792,0.8859,10773449.3
2025-09-14 15:00:00+00:00,0.8858,0.8887,0.8801,0.8865,5594653.5
2025-09-14 16:00:00+00:00,0.8865,0.8922,0.885,0.8891,5604095.4
2025-09-14 17:00:00+00:00,0.8891,0.8969,0.8877,0.8947,4401201.2
2025-09-14 18:00:00+00:00,0.8946,0.8948,0.8889,0.8898,1807593.9
2025-09-14 19:00:00+00:00,0.8898,0.8926,0.8865,0.8892,2390662.4
2025-09-14 20:00:00+00:00,0.8891,0.8928,0.8886,0.8906,2624924.2
2025-09-14 21:00:00+00:00,0.8906,0.8956,0.8856,0.8936,4229311.2
2025-09-14 22:00:00+00:00,0.8937,0.8978,0.8892,0.8951,2981245.9
2025-09-14 23:00:00+00:00,0.8949,0.8952,0.8863,0.8879,4481522.2
2025-09-15 00:00:00+00:00,0.8878,0.8933,0.8869,0.8878,3691883.9
2025-09-15 01:00:00+00:00,0.8878,0.8927,0.879,0.8899,4375057.5
2025-09-15 02:00:00+00:00,0.8898,0.8957,0.8885,0.8898,4403925.5
2025-09-15 03:00:00+00:00,0.8898,0.8956,0.8892,0.8942,2413888.5
2025-09-15 04:00:00+00:00,0.8943,0.9015,0.8932,0.8985,5538163.9
2025-09-15 05:00:00+00:00,0.8986,0.9025,0.8978,0.9019,4674264.8
2025-09-15 06:00:00+00:00,0.9019,0.9022,0.8844,0.8886,5333423.3
2025-09-15 07:00:00+00:00,0.8885,0.8932,0.8741,0.8779,10544885.6
2025-09-15 08:00:00+00:00,0.8778,0.878,0.8524,0.8562,29689705.0
2025-09-15 09:00:00+00:00,0.8562,0.8649,0.8548,0.8617,11848756.5
2025-09-15 10:00:00+00:00,0.8616,0.8629,0.8557,0.8618,7500155.8
2025-09-15 11:00:00+00:00,0.8618,0.8646,0.8595,0.8643,7293892.1
2025-09-15 12:00:00+00:00,0.8642,0.865,0.8575,0.8591,8213326.1
2025-09-15 13:00:00+00:00,0.8591,0.87,0.8578,0.8644,8605039.7
2025-09-15 14:00:00+00:00,0.8644,0.8684,0.8587,0.8607,5705446.2
2025-09-15 15:00:00+00:00,0.8608,0.863,0.8539,0.8594,7820125.2
2025-09-15 16:00:00+00:00,0.8594,0.8618,0.8536,0.8556,6008530.8
2025-09-15 17:00:00+00:00,0.8555,0.8618,0.853,0.8617,3711144.4
2025-09-15 18:00:00+00:00,0.8616,0.8625,0.8568,0.8609,3364880.7
2025-09-15 19:00:00+00:00,0.861,0.8645,0.8559,0.8597,3633789.5
2025-09-15 20:00:00+00:00,0.8596,0.8624,0.8587,0.8621,2233604.4
2025-09-15 21:00:00+00:00,0.8621,0.8654,0.8602,0.8651,2343113.3
2025-09-15 22:00:00+00:00,0.8651,0.8661,0.8586,0.8612,4011744.4
2025-09-15 23:00:00+00:00,0.8613,0.864,0.8598,0.8632,2334679.5
2025-09-16 00:00:00+00:00,0.8631,0.8635,0.8592,0.8618,1800322.1
2025-09-16 01:00:00+00:00,0.8619,0.8659,0.86,0.8603,2143093.2
2025-09-16 02:00:00+00:00,0.8603,0.864,0.8591,0.8591,1841331.6
2025-09-16 03:00:00+00:00,0.8591,0.8625,0.8582,0.8596,2264196.4
2025-09-16 04:00:00+00:00,0.8596,0.8609,0.853,0.8593,6379231.9
2025-09-16 05:00:00+00:00,0.8593,0.8637,0.8583,0.8635,3240217.9
2025-09-16 06:00:00+00:00,0.8635,0.8651,0.859,0.8629,2682418.8
2025-09-16 07:00:00+00:00,0.8629,0.8667,0.8618,0.8659,2939111.2
2025-09-16 08:00:00+00:00,0.866,0.8727,0.8659,0.8711,5370996.4
2025-09-16 09:00:00+00:00,0.8711,0.8725,0.8671,0.8698,3282028.6
2025-09-16 10:00:00+00:00,0.8699,0.8754,0.8685,0.8686,7848572.5
2025-09-16 11:00:00+00:00,0.8685,0.8716,0.8673,0.8701,3008573.1
2025-09-16 12:00:00+00:00,0.8701,0.8718,0.8689,0.8711,2801744.2
2025-09-16 13:00:00+00:00,0.8711,0.8755,0.8588,0.8669,9882657.3
2025-09-16 14:00:00+00:00,0.8669,0.8669,0.8566,0.8649,5186122.6
2025-09-16 15:00:00+00:00,0.8648,0.8706,0.8611,0.8705,4277056.4
2025-09-16 16:00:00+00:00,0.8705,0.8718,0.8667,0.8696,4207386.2
2025-09-16 17:00:00+00:00,0.8695,0.8805,0.8693,0.8767,6595619.1
2025-09-16 18:00:00+00:00,0.8767,0.8804,0.8731,0.875,3863708.5
2025-09-16 19:00:00+00:00,0.8751,0.8781,0.8731,0.8772,2222258.4
2025-09-16 20:00:00+00:00,0.8772,0.8786,0.8759,0.877,2494747.9
2025-09-16 21:00:00+00:00,0.8769,0.8824,0.8768,0.8821,2696652.3
2025-09-16 22:00:00+00:00,0.8822,0.8841,0.8808,0.8826,2565219.6
2025-09-16 23:00:00+00:00,0.8827,0.8828,0.8791,0.8803,2474220.1
2025-09-17 00:00:00+00:00,0.8803,0.8817,0.8771,0.879,2645226.3
2025-09-17 01:00:00+00:00,0.879,0.8817,0.8758,0.8778,1788422.7
2025-09-17 02:00:00+00:00,0.8778,0.8837,0.8754,0.879,2634176.7
2025-09-17 03:00:00+00:00,0.8789,0.8814,0.8732,0.8739,4180501.1
2025-09-17 04:00:00+00:00,0.8739,0.8761,0.8668,0.8696,4731354.1
2025-09-17 05:00:00+00:00,0.8695,0.8786,0.8693,0.8784,4158678.8
2025-09-17 06:00:00+00:00,0.8784,0.8823,0.8772,0.8815,5173885.3
2025-09-17 07:00:00+00:00,0.8814,0.8872,0.8804,0.8823,5422105.0
2025-09-17 08:00:00+00:00,0.8824,0.8825,0.8733,0.8767,4762375.4
2025-09-17 09:00:00+00:00,0.8767,0.8771,0.8717,0.8719,2230013.9
2025-09-17 10:00:00+00:00,0.872,0.8742,0.8691,0.8715,2072807.9
2025-09-17 11:00:00+00:00,0.8714,0.8749,0.8708,0.8718,3010050.9
2025-09-17 12:00:00+00:00,0.8719,0.8731,0.8687,0.8715,1900998.6
2025-09-17 13:00:00+00:00,0.8715,0.8742,0.868,0.8706,3817516.6
2025-09-17 14:00:00+00:00,0.8706,0.8724,0.8633,0.8649,4051570.6
2025-09-17 15:00:00+00:00,0.865,0.87,0.8639,0.8683,3527752.6
2025-09-17 16:00:00+00:00,0.8682,0.8717,0.8612,0.8713,4355094.7
2025-09-17 17:00:00+00:00,0.8713,0.8845,0.8608,0.8641,11052682.5
2025-09-17 18:00:00+00:00,0.8642,0.8836,0.8618,0.867,33849623.3
2025-09-17 19:00:00+00:00,0.867,0.8845,0.8665,0.8827,8892645.9
2025-09-17 20:00:00+00:00,0.8826,0.8951,0.8789,0.8806,9001718.2
2025-09-17 21:00:00+00:00,0.8806,0.8931,0.8754,0.8907,5869898.9
2025-09-17 22:00:00+00:00,0.8908,0.9123,0.8908,0.9099,13936408.3
2025-09-17 23:00:00+00:00,0.91,0.9197,0.9074,0.9138,11667904.6
2025-09-18 00:00:00+00:00,0.9138,0.9183,0.9071,0.9089,5955159.0
2025-09-18 01:00:00+00:00,0.9089,0.9184,0.9071,0.9153,5642635.7
2025-09-18 02:00:00+00:00,0.9154,0.9168,0.9075,0.9166,6649611.4
2025-09-18 03:00:00+00:00,0.9165,0.9256,0.9155,0.9178,10171372.4
2025-09-18 04:00:00+00:00,0.9178,0.9189,0.9118,0.9144,6356548.3
2025-09-18 05:00:00+00:00,0.9143,0.9147,0.9076,0.9093,3948605.3
2025-09-18 06:00:00+00:00,0.9093,0.9104,0.8996,0.9037,7746969.1
2025-09-18 07:00:00+00:00,0.9037,0.9141,0.9018,0.9082,6787767.1
2025-09-18 08:00:00+00:00,0.9081,0.9208,0.9074,0.92,6753738.4
2025-09-18 09:00:00+00:00,0.9199,0.9205,0.9156,0.9181,4397824.3
2025-09-18 10:00:00+00:00,0.9181,0.9198,0.9105,0.9132,6557082.3
2025-09-18 11:00:00+00:00,0.9133,0.9164,0.912,0.9136,4181676.7
2025-09-18 12:00:00+00:00,0.9137,0.9173,0.9113,0.9137,6968749.2
2025-09-18 13:00:00+00:00,0.9136,0.9196,0.908,0.9149,5629204.4
2025-09-18 14:00:00+00:00,0.9149,0.9234,0.9141,0.923,9253807.1
2025-09-18 15:00:00+00:00,0.9231,0.9285,0.9186,0.9271,14283614.7
2025-09-18 16:00:00+00:00,0.927,0.9293,0.9223,0.9249,6395955.6
2025-09-18 17:00:00+00:00,0.9249,0.9334,0.9239,0.9316,8594653.7
2025-09-18 18:00:00+00:00,0.9317,0.9386,0.9295,0.9377,5531327.3
2025-09-18 19:00:00+00:00,0.9377,0.9383,0.9254,0.93,7628781.9
2025-09-18 20:00:00+00:00,0.9299,0.9338,0.9283,0.9304,4682639.2
2025-09-18 21:00:00+00:00,0.9304,0.9319,0.9262,0.9284,4681138.0
2025-09-18 22:00:00+00:00,0.9284,0.9298,0.9223,0.9227,6650629.4
2025-09-18 23:00:00+00:00,0.9228,0.926,0.916,0.9244,8187714.7
2025-09-19 00:00:00+00:00,0.9244,0.9349,0.9244,0.9347,7182712.9
2025-09-19 01:00:00+00:00,0.9347,0.9378,0.928,0.9327,7536487.2
2025-09-19 02:00:00+00:00,0.9327,0.9339,0.9241,0.9255,5063040.4
2025-09-19 03:00:00+00:00,0.9255,0.9324,0.9186,0.9194,7304279.5
2025-09-19 04:00:00+00:00,0.9193,0.9227,0.9092,0.9221,10245254.6
2025-09-19 05:00:00+00:00,0.9222,0.9231,0.9129,0.9156,5570056.9
2025-09-19 06:00:00+00:00,0.9156,0.9156,0.9042,0.9045,5624088.7
2025-09-19 07:00:00+00:00,0.9045,0.9098,0.9024,0.9043,6482135.4
2025-09-19 08:00:00+00:00,0.9043,0.9118,0.9039,0.908,3182939.9
2025-09-19 09:00:00+00:00,0.908,0.9117,0.9002,0.9022,5376286.4
2025-09-19 10:00:00+00:00,0.9022,0.905,0.9002,0.9032,3721730.7
2025-09-19 11:00:00+00:00,0.9031,0.9033,0.8934,0.8962,9605770.2
2025-09-19 12:00:00+00:00,0.8963,0.9038,0.8961,0.899,5339391.7
2025-09-19 13:00:00+00:00,0.8989,0.9088,0.8987,0.9076,6021870.9
2025-09-19 14:00:00+00:00,0.9075,0.9089,0.8956,0.8994,9594559.3
2025-09-19 15:00:00+00:00,0.8993,0.8999,0.8913,0.897,8623297.8
2025-09-19 16:00:00+00:00,0.897,0.9051,0.8959,0.9044,3844195.6
2025-09-19 17:00:00+00:00,0.9045,0.9048,0.897,0.8975,2902846.2
2025-09-19 18:00:00+00:00,0.8975,0.8992,0.8911,0.8966,4430637.7
2025-09-19 19:00:00+00:00,0.8966,0.8989,0.8947,0.8947,2165967.7
2025-09-19 20:00:00+00:00,0.8947,0.8988,0.8927,0.8928,2362407.9
2025-09-19 21:00:00+00:00,0.8928,0.897,0.89,0.897,2991300.6
2025-09-19 22:00:00+00:00,0.897,0.8978,0.8955,0.8957,1533262.8
2025-09-19 23:00:00+00:00,0.8957,0.896,0.8855,0.8904,4128277.9
2025-09-20 00:00:00+00:00,0.8904,0.8978,0.8887,0.8974,2695650.0
2025-09-20 01:00:00+00:00,0.8974,0.8974,0.8913,0.8944,2083594.8
2025-09-20 02:00:00+00:00,0.8943,0.8965,0.8885,0.8965,2772250.1
2025-09-20 03:00:00+00:00,0.8965,0.8968,0.8911,0.8938,1914719.5
2025-09-20 04:00:00+00:00,0.8938,0.8964,0.8914,0.8952,1574246.7
2025-09-20 05:00:00+00:00,0.8952,0.8998,0.8932,0.899,3097291.3
2025-09-20 06:00:00+00:00,0.8991,0.9034,0.8972,0.9024,2907626.5
2025-09-20 07:00:00+00:00,0.9024,0.9063,0.8999,0.9062,3081169.0
2025-09-20 08:00:00+00:00,0.9062,0.9065,0.8938,0.8942,2974008.2
2025-09-20 09:00:00+00:00,0.8942,0.8963,0.8895,0.8912,2365806.6
2025-09-20 10:00:00+00:00,0.8911,0.8939,0.8885,0.8891,2769291.8
2025-09-20 11:00:00+00:00,0.8892,0.8957,0.8871,0.8953,2864737.7
2025-09-20 12:00:00+00:00,0.8953,0.8957,0.8913,0.895,1616856.4
2025-09-20 13:00:00+00:00,0.8949,0.899,0.8931,0.8956,1676776.9
2025-09-20 14:00:00+00:00,0.8957,0.8989,0.8923,0.898,1368152.8
2025-09-20 15:00:00+00:00,0.898,0.9048,0.898,0.9003,2943163.5
2025-09-20 16:00:00+00:00,0.9003,0.9034,0.8921,0.8987,2883182.8
2025-09-20 17:00:00+00:00,0.8987,0.8991,0.8926,0.8938,2432130.3
2025-09-20 18:00:00+00:00,0.8938,0.8939,0.89,0.8912,2430422.8
2025-09-20 19:00:00+00:00,0.8912,0.8943,0.8898,0.8914,1621772.8
2025-09-20 20:00:00+00:00,0.8913,0.8955,0.8907,0.8944,1195422.5
2025-09-20 21:00:00+00:00,0.8943,0.8979,0.8934,0.896,1435234.7
2025-09-20 22:00:00+00:00,0.8959,0.8964,0.8932,0.8956,1117378.0
2025-09-20 23:00:00+00:00,0.8956,0.8958,0.8917,0.8931,857263.8
2025-09-21 00:00:00+00:00,0.8931,0.8975,0.8901,0.8963,1282833.4
2025-09-21 01:00:00+00:00,0.8964,0.8977,0.8911,0.8921,1153386.5
2025-09-21 02:00:00+00:00,0.892,0.897,0.8898,0.8965,2121413.1
2025-09-21 03:00:00+00:00,0.8964,0.8986,0.895,0.8986,1739707.0
2025-09-21 04:00:00+00:00,0.8987,0.899,0.8958,0.8984,1346471.4
2025-09-21 05:00:00+00:00,0.8985,0.9006,0.8968,0.8993,1770119.6
2025-09-21 06:00:00+00:00,0.8994,0.9026,0.8992,0.8997,2326132.8
2025-09-21 07:00:00+00:00,0.8996,0.9014,0.8983,0.8996,2520014.0
2025-09-21 08:00:00+00:00,0.8996,0.9003,0.8916,0.8922,2351073.2
2025-09-21 09:00:00+00:00,0.8921,0.8928,0.8771,0.8854,11177805.1
2025-09-21 10:00:00+00:00,0.8854,0.8863,0.8814,0.8815,4083957.9
2025-09-21 11:00:00+00:00,0.8814,0.8853,0.8805,0.8822,2660580.2
2025-09-21 12:00:00+00:00,0.8822,0.888,0.8816,0.8855,2986537.7
2025-09-21 13:00:00+00:00,0.8855,0.8891,0.885,0.888,1940814.5
2025-09-21 14:00:00+00:00,0.888,0.8898,0.8849,0.8849,2340843.7
2025-09-21 15:00:00+00:00,0.8849,0.888,0.8838,0.8857,4108110.0
2025-09-21 16:00:00+00:00,0.8857,0.8871,0.8767,0.8798,3712855.9
2025-09-21 17:00:00+00:00,0.8798,0.8869,0.875,0.8869,4249164.6
2025-09-21 18:00:00+00:00,0.8869,0.8896,0.885,0.8894,2791158.8
2025-09-21 19:00:00+00:00,0.8894,0.8895,0.8824,0.8886,1622630.5
2025-09-21 20:00:00+00:00,0.8886,0.8891,0.8851,0.8866,1161616.8
2025-09-21 21:00:00+00:00,0.8867,0.8873,0.8828,0.8846,1453235.7
2025-09-21 22:00:00+00:00,0.8846,0.8884,0.8795,0.8879,1537444.1
2025-09-21 23:00:00+00:00,0.888,0.8883,0.8818,0.884,2179885.5
2025-09-22 00:00:00+00:00,0.8841,0.8877,0.8614,0.8644,18393434.5
2025-09-22 01:00:00+00:00,0.8643,0.8722,0.8625,0.8639,5752861.8
2025-09-22 02:00:00+00:00,0.8639,0.8658,0.8465,0.8525,18991065.2
2025-09-22 03:00:00+00:00,0.8524,0.8573,0.8516,0.856,6996772.8
2025-09-22 04:00:00+00:00,0.8559,0.8564,0.8511,0.8534,5658312.6
2025-09-22 05:00:00+00:00,0.8534,0.8534,0.833,0.834,9638732.8
2025-09-22 06:00:00+00:00,0.834,0.8355,0.7873,0.8241,79540515.9
2025-09-22 07:00:00+00:00,0.824,0.8241,0.8167,0.817,16760828.1
2025-09-22 08:00:00+00:00,0.817,0.823,0.8127,0.8204,11607368.0
2025-09-22 09:00:00+00:00,0.8204,0.8216,0.8133,0.8148,11641346.6
2025-09-22 10:00:00+00:00,0.8149,0.8281,0.8125,0.8253,9261100.1
2025-09-22 11:00:00+00:00,0.8252,0.8268,0.8208,0.8222,7408148.9
2025-09-22 12:00:00+00:00,0.8223,0.8282,0.8192,0.8273,7788850.9
2025-09-22 13:00:00+00:00,0.8274,0.8321,0.8229,0.831,10685070.3
2025-09-22 14:00:00+00:00,0.8309,0.8329,0.8233,0.8249,8885202.9
2025-09-22 15:00:00+00:00,0.8249,0.8267,0.8189,0.8203,8103387.0
2025-09-22 16:00:00+00:00,0.8204,0.827,0.8191,0.8206,4817951.7
2025-09-22 17:00:00+00:00,0.8207,0.8237,0.8177,0.8222,4155344.2
2025-09-22 18:00:00+00:00,0.8221,0.8228,0.818,0.8183,2230568.3
2025-09-22 19:00:00+00:00,0.8183,0.8195,0.8138,0.8152,4789454.8
2025-09-22 20:00:00+00:00,0.8151,0.8236,0.8134,0.8226,4391634.3
2025-09-22 21:00:00+00:00,0.8226,0.8276,0.8203,0.827,1853387.0
2025-09-22 22:00:00+00:00,0.827,0.827,0.8235,0.8245,1227242.5
2025-09-22 23:00:00+00:00,0.8245,0.826,0.8238,0.8256,1579824.3
2025-09-23 00:00:00+00:00,0.8257,0.8293,0.8221,0.8223,2238211.4
2025-09-23 01:00:00+00:00,0.8223,0.8228,0.8152,0.8154,2419878.5
2025-09-23 02:00:00+00:00,0.8154,0.8205,0.8081,0.8092,6074911.3
2025-09-23 03:00:00+00:00,0.8092,0.8276,0.803,0.8223,10488745.5
2025-09-23 04:00:00+00:00,0.8224,0.8243,0.8146,0.8183,2922807.2
2025-09-23 05:00:00+00:00,0.8183,0.8223,0.8153,0.8184,3082385.2
2025-09-23 06:00:00+00:00,0.8184,0.8275,0.8171,0.8263,6009666.6
2025-09-23 07:00:00+00:00,0.8262,0.8288,0.8223,0.8239,5239124.1
2025-09-23 08:00:00+00:00,0.824,0.8264,0.8221,0.8256,4166424.5
2025-09-23 09:00:00+00:00,0.8256,0.8283,0.8201,0.8221,5244587.4
2025-09-23 10:00:00+00:00,0.8221,0.8247,0.8209,0.8227,2658122.6
2025-09-23 11:00:00+00:00,0.8227,0.824,0.8189,0.822,2955411.4
2025-09-23 12:00:00+00:00,0.822,0.8261,0.8196,0.8232,4211419.0
2025-09-23 13:00:00+00:00,0.8231,0.8251,0.8192,0.8211,3805446.6
2025-09-23 14:00:00+00:00,0.8212,0.8265,0.817,0.8181,3932205.2
2025-09-23 15:00:00+00:00,0.8181,0.8238,0.8156,0.8223,3357980.4
2025-09-23 16:00:00+00:00,0.8224,0.8295,0.8175,0.8264,4630578.9
2025-09-23 17:00:00+00:00,0.8263,0.8269,0.8131,0.8142,3428557.6
2025-09-23 18:00:00+00:00,0.8143,0.8167,0.8083,0.8111,3671278.1
2025-09-23 19:00:00+00:00,0.8111,0.8163,0.8065,0.8084,4560474.2
2025-09-23 20:00:00+00:00,0.8083,0.813,0.805,0.8129,2646353.3
2025-09-23 21:00:00+00:00,0.8128,0.8162,0.8103,0.8137,2281563.5
2025-09-23 22:00:00+00:00,0.8136,0.8145,0.8092,0.8109,976499.2
2025-09-23 23:00:00+00:00,0.8109,0.8132,0.8056,0.806,2152015.5
2025-09-24 00:00:00+00:00,0.806,0.8147,0.8052,0.8107,4514135.7
2025-09-24 01:00:00+00:00,0.8106,0.8159,0.8087,0.8155,1609655.4
2025-09-24 02:00:00+00:00,0.8155,0.8161,0.8081,0.8109,3954572.3
2025-09-24 03:00:00+00:00,0.811,0.8128,0.798,0.8005,10639922.5
2025-09-24 04:00:00+00:00,0.8004,0.8115,0.7901,0.8059,18102916.5
2025-09-24 05:00:00+00:00,0.8059,0.8155,0.8053,0.8137,2517015.9
2025-09-24 06:00:00+00:00,0.8137,0.8172,0.8114,0.8155,3887595.1
2025-09-24 07:00:00+00:00,0.8155,0.8169,0.8118,0.8148,2028419.0
2025-09-24 08:00:00+00:00,0.8149,0.8174,0.8131,0.8168,2153158.5
2025-09-24 09:00:00+00:00,0.8168,0.8191,0.8145,0.818,2972395.6
2025-09-24 10:00:00+00:00,0.8179,0.8185,0.8148,0.8172,1801426.3
2025-09-24 11:00:00+00:00,0.8172,0.8233,0.8166,0.8193,5600772.1
2025-09-24 12:00:00+00:00,0.8193,0.8233,0.8193,0.821,3713105.1
2025-09-24 13:00:00+00:00,0.8211,0.8244,0.8167,0.817,3983517.8
2025-09-24 14:00:00+00:00,0.817,0.8304,0.8169,0.8269,4705852.6
2025-09-24 15:00:00+00:00,0.8268,0.8284,0.8199,0.8208,4458445.5
2025-09-24 16:00:00+00:00,0.8208,0.8233,0.8188,0.8213,3054998.3
2025-09-24 17:00:00+00:00,0.8214,0.8269,0.8204,0.8241,2742447.8
2025-09-24 18:00:00+00:00,0.8241,0.8253,0.8215,0.8226,1113826.4
2025-09-24 19:00:00+00:00,0.8226,0.8253,0.82,0.8221,2638955.6
2025-09-24 20:00:00+00:00,0.8222,0.8234,0.8158,0.8204,2455382.7
2025-09-24 21:00:00+00:00,0.8203,0.8217,0.8131,0.8147,2872449.1
2025-09-24 22:00:00+00:00,0.8146,0.8188,0.8133,0.8144,1886836.0
2025-09-24 23:00:00+00:00,0.8144,0.8169,0.8115,0.8127,2447903.1
2025-09-25 00:00:00+00:00,0.8128,0.8144,0.8071,0.8082,3397959.7
2025-09-25 01:00:00+00:00,0.8081,0.8101,0.8014,0.8034,5606611.5
2025-09-25 02:00:00+00:00,0.8035,0.8125,0.7991,0.8073,8803086.7
2025-09-25 03:00:00+00:00,0.8073,0.8073,0.7928,0.8007,11618160.8
2025-09-25 04:00:00+00:00,0.8006,0.8032,0.7862,0.7901,14324790.0
2025-09-25 05:00:00+00:00,0.79,0.7996,0.7868,0.7973,6897781.8
2025-09-25 06:00:00+00:00,0.7972,0.7981,0.7891,0.7898,6309095.9
2025-09-25 07:00:00+00:00,0.7899,0.7954,0.7888,0.7906,3250094.6
2025-09-25 08:00:00+00:00,0.7907,0.7943,0.7854,0.7868,7984700.3
2025-09-25 09:00:00+00:00,0.7868,0.7937,0.7851,0.7859,6560258.0
2025-09-25 10:00:00+00:00,0.7858,0.7918,0.7853,0.7857,4658137.9
2025-09-25 11:00:00+00:00,0.7857,0.788,0.78,0.7812,9994721.3
2025-09-25 12:00:00+00:00,0.7812,0.7891,0.7679,0.7847,23471105.2
2025-09-25 13:00:00+00:00,0.7847,0.7943,0.7795,0.7894,12613575.2
2025-09-25 14:00:00+00:00,0.7895,0.8,0.7895,0.794,7557778.5
2025-09-25 15:00:00+00:00,0.794,0.7947,0.789,0.791,3361998.1
2025-09-25 16:00:00+00:00,0.791,0.7924,0.7763,0.7772,4834155.8
2025-09-25 17:00:00+00:00,0.7771,0.7779,0.7542,0.7584,31146781.4
2025-09-25 18:00:00+00:00,0.7583,0.7772,0.7555,0.7771,13252798.7
2025-09-25 19:00:00+00:00,0.777,0.7823,0.7701,0.7716,5432559.4
2025-09-25 20:00:00+00:00,0.7717,0.7736,0.7645,0.765,4387185.0
2025-09-25 21:00:00+00:00,0.765,0.7724,0.7618,0.7694,5474133.2
2025-09-25 22:00:00+00:00,0.7693,0.7744,0.7643,0.7675,3936435.2
2025-09-25 23:00:00+00:00,0.7676,0.7722,0.7575,0.7637,7265289.7
2025-09-26 00:00:00+00:00,0.7637,0.7808,0.7637,0.7787,6703288.7
2025-09-26 01:00:00+00:00,0.7787,0.7814,0.7747,0.778,4580885.0
2025-09-26 02:00:00+00:00,0.778,0.7812,0.7737,0.7758,2601296.1
2025-09-26 03:00:00+00:00,0.7758,0.7782,0.7727,0.7768,2083009.1
2025-09-26 04:00:00+00:00,0.7767,0.7783,0.772,0.774,2373801.8
2025-09-26 05:00:00+00:00,0.7741,0.7795,0.7704,0.772,2544395.5
2025-09-26 06:00:00+00:00,0.7721,0.7776,0.7683,0.7735,3835713.7
2025-09-26 07:00:00+00:00,0.7735,0.778,0.7696,0.7744,3961181.3
2025-09-26 08:00:00+00:00,0.7743,0.778,0.7738,0.7752,2712549.7
2025-09-26 09:00:00+00:00,0.7752,0.7776,0.7691,0.7723,2387997.6
2025-09-26 10:00:00+00:00,0.7722,0.7726,0.7606,0.7623,4986221.9
2025-09-26 11:00:00+00:00,0.7622,0.7669,0.7576,0.7638,5589074.3
2025-09-26 12:00:00+00:00,0.7637,0.7793,0.7576,0.7726,13885138.6
2025-09-26 13:00:00+00:00,0.7726,0.7795,0.7672,0.7773,8016460.1
2025-09-26 14:00:00+00:00,0.7772,0.7782,0.7642,0.7668,4578920.4
2025-09-26 15:00:00+00:00,0.7669,0.7777,0.7664,0.7749,4067955.9
2025-09-26 16:00:00+00:00,0.7749,0.7849,0.7743,0.7836,4770267.5
2025-09-26 17:00:00+00:00,0.7836,0.7907,0.7817,0.7894,6011110.5
2025-09-26 18:00:00+00:00,0.7895,0.7964,0.7893,0.7929,5582630.7
2025-09-26 19:00:00+00:00,0.7929,0.7931,0.785,0.7891,3629333.7
2025-09-26 20:00:00+00:00,0.7891,0.7915,0.7867,0.788,1682277.5
2025-09-26 21:00:00+00:00,0.788,0.7916,0.7872,0.7907,2045787.4
2025-09-26 22:00:00+00:00,0.7908,0.7937,0.7895,0.7907,2242366.0
2025-09-26 23:00:00+00:00,0.7907,0.7923,0.7886,0.7919,1553187.1
2025-09-27 00:00:00+00:00,0.7918,0.7927,0.7897,0.7923,1265871.3
2025-09-27 01:00:00+00:00,0.7924,0.7927,0.7882,0.7903,1639264.0
2025-09-27 02:00:00+00:00,0.7903,0.7917,0.7885,0.7892,1135958.1
2025-09-27 03:00:00+00:00,0.7893,0.7941,0.789,0.7923,1719552.8
2025-09-27 04:00:00+00:00,0.7923,0.7934,0.7908,0.7917,1543431.2
2025-09-27 05:00:00+00:00,0.7917,0.7924,0.7888,0.7913,910781.3
2025-09-27 06:00:00+00:00,0.7913,0.7914,0.789,0.7902,1034123.9
2025-09-27 07:00:00+00:00,0.7901,0.7915,0.7817,0.7838,3277793.4
2025-09-27 08:00:00+00:00,0.7837,0.7839,0.7791,0.7795,2749013.4
2025-09-27 09:00:00+00:00,0.7796,0.7844,0.7766,0.7827,3326958.8
2025-09-27 10:00:00+00:00,0.7827,0.7862,0.7805,0.7844,1769793.9
2025-09-27 11:00:00+00:00,0.7844,0.7854,0.7823,0.7832,904923.3
2025-09-27 12:00:00+00:00,0.7832,0.7866,0.781,0.7856,1767060.9
2025-09-27 13:00:00+00:00,0.7856,0.7873,0.7839,0.7856,1323231.1
2025-09-27 14:00:00+00:00,0.7856,0.7869,0.7841,0.7841,1255323.0
2025-09-27 15:00:00+00:00,0.784,0.7858,0.7804,0.7855,1584071.7
2025-09-27 16:00:00+00:00,0.7855,0.7858,0.7825,0.783,1062494.5
2025-09-27 17:00:00+00:00,0.7831,0.7833,0.7772,0.7808,3046706.1
2025-09-27 18:00:00+00:00,0.7807,0.7814,0.7781,0.7807,639847.0
2025-09-27 19:00:00+00:00,0.7806,0.7823,0.78,0.7815,527051.7
2025-09-27 20:00:00+00:00,0.7815,0.7823,0.7786,0.7797,1769023.7
2025-09-27 21:00:00+00:00,0.7797,0.784,0.7789,0.7834,1015374.0
2025-09-27 22:00:00+00:00,0.7834,0.7884,0.7831,0.7846,1785674.4
2025-09-27 23:00:00+00:00,0.7845,0.7861,0.7806,0.7809,1250969.0
2025-09-28 00:00:00+00:00,0.781,0.7824,0.7772,0.7784,2699559.4
2025-09-28 01:00:00+00:00,0.7784,0.7789,0.7721,0.7733,3008339.1
2025-09-28 02:00:00+00:00,0.7732,0.7767,0.773,0.7748,1225408.0
2025-09-28 03:00:00+00:00,0.7749,0.7762,0.7729,0.775,1171475.2
2025-09-28 04:00:00+00:00,0.7749,0.7756,0.773,0.7751,804839.5
2025-09-28 05:00:00+00:00,0.7751,0.7766,0.7728,0.774,939635.8
2025-09-28 06:00:00+00:00,0.774,0.7748,0.769,0.7726,1571496.4
2025-09-28 07:00:00+00:00,0.7725,0.7742,0.7699,0.7731,1376480.7
2025-09-28 08:00:00+00:00,0.773,0.7736,0.7692,0.7701,3585738.5
2025-09-28 09:00:00+00:00,0.7701,0.7714,0.767,0.7683,2532845.8
2025-09-28 10:00:00+00:00,0.7683,0.7692,0.7654,0.7688,1690077.1
2025-09-28 11:00:00+00:00,0.7687,0.7693,0.7657,0.7687,1999959.7
2025-09-28 12:00:00+00:00,0.7687,0.7691,0.7645,0.7663,2752844.9
2025-09-28 13:00:00+00:00,0.7663,0.778,0.7659,0.7765,3548095.9
2025-09-28 14:00:00+00:00,0.7766,0.7799,0.7744,0.7796,2406900.2
2025-09-28 15:00:00+00:00,0.7796,0.7817,0.7779,0.7816,2304401.3
2025-09-28 16:00:00+00:00,0.7815,0.7891,0.7815,0.7873,3734779.9
2025-09-28 17:00:00+00:00,0.7872,0.792,0.7851,0.7908,2513345.9
2025-09-28 18:00:00+00:00,0.7907,0.7919,0.7875,0.7913,1430964.3
2025-09-28 19:00:00+00:00,0.7913,0.792,0.7886,0.7901,706092.9
2025-09-28 20:00:00+00:00,0.7901,0.7975,0.7896,0.7936,2988335.6
2025-09-28 21:00:00+00:00,0.7936,0.7979,0.7931,0.7945,2840150.7
2025-09-28 22:00:00+00:00,0.7946,0.8103,0.7946,0.8091,9185264.5
2025-09-28 23:00:00+00:00,0.8092,0.8119,0.8065,0.8086,3965302.4
2025-09-29 00:00:00+00:00,0.8086,0.8089,0.8041,0.8051,3857623.0
2025-09-29 01:00:00+00:00,0.8052,0.8057,0.7993,0.7995,3415629.5
2025-09-29 02:00:00+00:00,0.7995,0.8046,0.7982,0.8014,2359573.6
2025-09-29 03:00:00+00:00,0.8014,0.805,0.7994,0.8049,3455540.8
2025-09-29 04:00:00+00:00,0.8049,0.8059,0.7995,0.8019,2122368.6
2025-09-29 05:00:00+00:00,0.8019,0.8022,0.7958,0.7995,1968773.7
2025-09-29 06:00:00+00:00,0.7994,0.7995,0.7952,0.7953,3270081.5
2025-09-29 07:00:00+00:00,0.7954,0.8,0.7928,0.7982,2073558.2
2025-09-29 08:00:00+00:00,0.7982,0.8043,0.7976,0.8014,2355692.6
2025-09-29 09:00:00+00:00,0.8014,0.8019,0.7972,0.7987,1987929.9
2025-09-29 10:00:00+00:00,0.7988,0.7997,0.7934,0.7938,1655471.3
2025-09-29 11:00:00+00:00,0.7938,0.7954,0.7896,0.7947,2462188.4
2025-09-29 12:00:00+00:00,0.7946,0.7997,0.7905,0.7908,2334548.7
2025-09-29 13:00:00+00:00,0.7907,0.8088,0.788,0.8067,9360578.7
2025-09-29 14:00:00+00:00,0.8067,0.8161,0.8059,0.8126,11730800.6
2025-09-29 15:00:00+00:00,0.8125,0.8145,0.8004,0.8021,5246366.2
2025-09-29 16:00:00+00:00,0.8021,0.8056,0.7976,0.7985,3741231.9
2025-09-29 17:00:00+00:00,0.7984,0.8016,0.795,0.8004,2645748.8
2025-09-29 18:00:00+00:00,0.8005,0.8005,0.7953,0.7989,2085559.2
2025-09-29 19:00:00+00:00,0.799,0.8057,0.7982,0.8046,1857923.5
2025-09-29 20:00:00+00:00,0.8047,0.8137,0.8034,0.8135,4256228.7
2025-09-29 21:00:00+00:00,0.8135,0.8148,0.8085,0.8111,4479906.1
2025-09-29 22:00:00+00:00,0.8112,0.8119,0.8069,0.8085,2895728.0
2025-09-29 23:00:00+00:00,0.8086,0.8099,0.8055,0.8061,2388807.2
2025-09-30 00:00:00+00:00,0.806,0.8086,0.8002,0.8009,6203856.0
2025-09-30 01:00:00+00:00,0.8009,0.8058,0.7964,0.8001,5491533.2
2025-09-30 02:00:00+00:00,0.8,0.8033,0.7981,0.7984,1864896.9
2025-09-30 03:00:00+00:00,0.7984,0.8012,0.7968,0.7978,1645452.7
2025-09-30 04:00:00+00:00,0.7978,0.7996,0.7962,0.7973,2208779.1
2025-09-30 05:00:00+00:00,0.7973,0.8017,0.7959,0.8007,2200925.5
2025-09-30 06:00:00+00:00,0.8006,0.8053,0.7983,0.8007,4589323.9
2025-09-30 07:00:00+00:00,0.8008,0.8023,0.7927,0.7941,2982544.8
2025-09-30 08:00:00+00:00,0.7941,0.7954,0.792,0.7921,2135069.7
2025-09-30 09:00:00+00:00,0.7921,0.7931,0.7853,0.7866,4279242.4
2025-09-30 10:00:00+00:00,0.7866,0.7902,0.7842,0.7885,3111238.0
2025-09-30 11:00:00+00:00,0.7885,0.7916,0.7853,0.7911,1597828.2
2025-09-30 12:00:00+00:00,0.7911,0.7928,0.7881,0.7895,2154420.0
2025-09-30 13:00:00+00:00,0.7895,0.7961,0.7871,0.7912,3375733.9
2025-09-30 14:00:00+00:00,0.7912,0.7928,0.7866,0.7915,2623898.3
2025-09-30 15:00:00+00:00,0.7915,0.7917,0.7781,0.7834,5818703.8
2025-09-30 16:00:00+00:00,0.7833,0.7852,0.7799,0.7835,2848272.3
2025-09-30 17:00:00+00:00,0.7835,0.7895,0.7824,0.7841,5595756.3
2025-09-30 18:00:00+00:00,0.784,0.7906,0.7819,0.7902,2386714.0
2025-09-30 19:00:00+00:00,0.7902,0.8017,0.7893,0.801,5176167.0
2025-09-30 20:00:00+00:00,0.8011,0.809,0.7995,0.8088,7110978.0
2025-09-30 21:00:00+00:00,0.8089,0.8132,0.8038,0.8046,6451519.5
2025-09-30 22:00:00+00:00,0.8047,0.8105,0.8008,0.8018,3698773.0
2025-09-30 23:00:00+00:00,0.8019,0.8079,0.7986,0.8072,3206894.0
2025-10-01 00:00:00+00:00,0.8073,0.8099,0.8014,0.8071,4578005.6
2025-10-01 01:00:00+00:00,0.8071,0.8114,0.8038,0.8111,3917215.2
2025-10-01 02:00:00+00:00,0.8111,0.8113,0.8047,0.8054,2746279.5
2025-10-01 03:00:00+00:00,0.8054,0.8057,0.7968,0.7981,4998412.7
2025-10-01 04:00:00+00:00,0.798,0.8071,0.7971,0.8007,4659200.3
2025-10-01 05:00:00+00:00,0.8008,0.8059,0.8005,0.8035,2326300.9
2025-10-01 06:00:00+00:00,0.8036,0.8053,0.7987,0.7991,1781166.8
2025-10-01 07:00:00+00:00,0.799,0.8063,0.7986,0.8047,1504312.8
2025-10-01 08:00:00+00:00,0.8046,0.8296,0.803,0.829,18936074.8
2025-10-01 09:00:00+00:00,0.8291,0.8346,0.8273,0.8336,13279491.3
2025-10-01 10:00:00+00:00,0.8336,0.8361,0.8294,0.831,10645649.2
2025-10-01 11:00:00+00:00,0.8311,0.8376,0.8311,0.8364,4395083.0
2025-10-01 12:00:00+00:00,0.8364,0.8374,0.8323,0.8325,4410389.4
2025-10-01 13:00:00+00:00,0.8326,0.8399,0.8325,0.8378,6607582.3
2025-10-01 14:00:00+00:00,0.8377,0.8429,0.8361,0.8394,9213694.7
2025-10-01 15:00:00+00:00,0.8395,0.8427,0.837,0.8409,4598530.8
2025-10-01 16:00:00+00:00,0.841,0.8438,0.8342,0.8352,4808061.1
2025-10-01 17:00:00+00:00,0.8351,0.8392,0.8329,0.8354,5485457.3
2025-10-01 18:00:00+00:00,0.8354,0.8442,0.8354,0.843,3381325.3
2025-10-01 19:00:00+00:00,0.843,0.8479,0.8418,0.8454,4689859.3
2025-10-01 20:00:00+00:00,0.8455,0.8464,0.842,0.8435,3657821.6
2025-10-01 21:00:00+00:00,0.8435,0.8446,0.8386,0.8408,2732779.6
2025-10-01 22:00:00+00:00,0.8408,0.8453,0.8408,0.8449,2913002.9
2025-10-01 23:00:00+00:00,0.8448,0.8512,0.8437,0.8508,6376542.8
2025-10-02 00:00:00+00:00,0.8508,0.8555,0.8487,0.849,6396211.9
2025-10-02 01:00:00+00:00,0.8489,0.8592,0.848,0.8583,3215697.1
2025-10-02 02:00:00+00:00,0.8582,0.8603,0.854,0.8579,4790332.3
2025-10-02 03:00:00+00:00,0.8579,0.8592,0.8541,0.8549,3665451.6
2025-10-02 04:00:00+00:00,0.8549,0.857,0.8502,0.8546,2710653.0
2025-10-02 05:00:00+00:00,0.8547,0.8569,0.8522,0.854,2506622.1
2025-10-02 06:00:00+00:00,0.854,0.8642,0.8532,0.8606,7050778.7
2025-10-02 07:00:00+00:00,0.8606,0.8638,0.853,0.8542,7190628.7
2025-10-02 08:00:00+00:00,0.8541,0.8573,0.8541,0.8563,2611932.9
2025-10-02 09:00:00+00:00,0.8564,0.8576,0.8532,0.8551,2476331.2
2025-10-02 10:00:00+00:00,0.8552,0.8559,0.8489,0.8525,6617954.3
2025-10-02 11:00:00+00:00,0.8525,0.8563,0.8497,0.8502,4777322.0
2025-10-02 12:00:00+00:00,0.8501,0.8558,0.8489,0.8554,4863581.0
2025-10-02 13:00:00+00:00,0.8555,0.8567,0.8461,0.8534,6338843.6
2025-10-02 14:00:00+00:00,0.8534,0.8539,0.8378,0.8411,10381728.4
2025-10-02 15:00:00+00:00,0.8412,0.8541,0.8361,0.8538,8897332.1
2025-10-02 16:00:00+00:00,0.8537,0.8613,0.8526,0.8588,11124785.0
2025-10-02 17:00:00+00:00,0.8588,0.8645,0.8561,0.861,6274005.4
2025-10-02 18:00:00+00:00,0.8611,0.8733,0.8611,0.8714,13200802.0
2025-10-02 19:00:00+00:00,0.8715,0.8778,0.8705,0.8743,5255754.1
2025-10-02 20:00:00+00:00,0.8744,0.8751,0.8662,0.8709,5201161.6
2025-10-02 21:00:00+00:00,0.871,0.875,0.8675,0.8687,3000664.4
2025-10-02 22:00:00+00:00,0.8687,0.8713,0.8646,0.8655,2947461.6
2025-10-02 23:00:00+00:00,0.8654,0.8714,0.8654,0.8706,2641496.5
2025-10-03 00:00:00+00:00,0.8706,0.8712,0.8615,0.8624,3604814.2
2025-10-03 01:00:00+00:00,0.8624,0.8652,0.8545,0.8563,5972162.1
2025-10-03 02:00:00+00:00,0.8562,0.863,0.8555,0.8625,3534081.8
2025-10-03 03:00:00+00:00,0.8625,0.8687,0.861,0.8618,4106369.4
2025-10-03 04:00:00+00:00,0.8617,0.8674,0.8608,0.8642,2234248.9
2025-10-03 05:00:00+00:00,0.8642,0.8647,0.8577,0.8607,2952954.8
2025-10-03 06:00:00+00:00,0.8607,0.8636,0.8545,0.858,3214508.3
2025-10-03 07:00:00+00:00,0.858,0.8588,0.8538,0.857,4369090.6
2025-10-03 08:00:00+00:00,0.8569,0.8599,0.8513,0.8597,3451381.1
2025-10-03 09:00:00+00:00,0.8597,0.8603,0.8552,0.8585,2649645.5
2025-10-03 10:00:00+00:00,0.8585,0.8597,0.857,0.8581,2355274.3
2025-10-03 11:00:00+00:00,0.858,0.8586,0.852,0.8542,2639895.5
2025-10-03 12:00:00+00:00,0.8543,0.8567,0.8523,0.8541,2180892.7
2025-10-03 13:00:00+00:00,0.8542,0.8602,0.8482,0.8557,5567950.0
2025-10-03 14:00:00+00:00,0.8557,0.8621,0.8489,0.8597,6505285.3
2025-10-03 15:00:00+00:00,0.8596,0.8742,0.8574,0.8734,8673624.2
2025-10-03 16:00:00+00:00,0.8734,0.8924,0.8734,0.8775,23720168.3
2025-10-03 17:00:00+00:00,0.8774,0.8776,0.8577,0.862,24716179.2
2025-10-03 18:00:00+00:00,0.8621,0.8732,0.8575,0.8723,4904460.3
2025-10-03 19:00:00+00:00,0.8722,0.8773,0.8694,0.8702,6094767.0
2025-10-03 20:00:00+00:00,0.8702,0.8727,0.8659,0.8718,3033733.4
2025-10-03 21:00:00+00:00,0.8719,0.8731,0.8671,0.869,1601239.6
2025-10-03 22:00:00+00:00,0.8691,0.874,0.8691,0.8706,1619458.0
2025-10-03 23:00:00+00:00,0.8706,0.8707,0.8647,0.8655,3929420.4
2025-10-04 00:00:00+00:00,0.8655,0.8688,0.8611,0.8628,3038666.3
2025-10-04 01:00:00+00:00,0.8629,0.8629,0.8557,0.8567,3802078.6
2025-10-04 02:00:00+00:00,0.8567,0.8595,0.8526,0.8542,3027822.4
2025-10-04 03:00:00+00:00,0.8543,0.855,0.8497,0.8545,4005270.0
2025-10-04 04:00:00+00:00,0.8545,0.8564,0.8529,0.8553,1482386.1
2025-10-04 05:00:00+00:00,0.8553,0.8578,0.8537,0.8565,2391600.8
2025-10-04 06:00:00+00:00,0.8565,0.8588,0.8554,0.8564,2255447.4
2025-10-04 07:00:00+00:00,0.8565,0.8568,0.8519,0.8525,1440308.4
2025-10-04 08:00:00+00:00,0.8526,0.8536,0.8457,0.8468,5043998.3
2025-10-04 09:00:00+00:00,0.8468,0.8496,0.8443,0.8448,3133175.8
2025-10-04 10:00:00+00:00,0.8449,0.8485,0.8423,0.8428,3404862.1
2025-10-04 11:00:00+00:00,0.8428,0.8449,0.8408,0.8432,2291469.1
2025-10-04 12:00:00+00:00,0.8432,0.8452,0.8415,0.8422,1683720.6
2025-10-04 13:00:00+00:00,0.8423,0.8497,0.8419,0.8459,3182928.9
2025-10-04 14:00:00+00:00,0.8459,0.8497,0.8382,0.8383,4638624.0
2025-10-04 15:00:00+00:00,0.8384,0.8412,0.8331,0.8355,6587628.1
2025-10-04 16:00:00+00:00,0.8354,0.8423,0.8346,0.8377,6214519.6
2025-10-04 17:00:00+00:00,0.8376,0.8392,0.8345,0.837,2396883.1
2025-10-04 18:00:00+00:00,0.837,0.838,0.8353,0.8358,1627067.7
2025-10-04 19:00:00+00:00,0.8359,0.8389,0.8358,0.838,1210268.0
2025-10-04 20:00:00+00:00,0.8381,0.8412,0.8378,0.8383,2483190.2
2025-10-04 21:00:00+00:00,0.8383,0.8439,0.8379,0.8405,2363287.4
2025-10-04 22:00:00+00:00,0.8405,0.8434,0.8392,0.8416,1741491.9
2025-10-04 23:00:00+00:00,0.8416,0.8417,0.839,0.8395,2225748.2
2025-10-05 00:00:00+00:00,0.8395,0.8426,0.8351,0.8355,3601723.5
2025-10-05 01:00:00+00:00,0.8355,0.8416,0.8353,0.8407,1450132.7
2025-10-05 02:00:00+00:00,0.8407,0.8603,0.8394,0.8596,9398972.3
2025-10-05 03:00:00+00:00,0.8596,0.8634,0.854,0.8549,6285145.8
2025-10-05 04:00:00+00:00,0.8549,0.8715,0.8547,0.8675,13652540.5
2025-10-05 05:00:00+00:00,0.8675,0.8745,0.8669,0.8728,11680347.5
2025-10-05 06:00:00+00:00,0.8729,0.8755,0.8665,0.8673,6103921.7
2025-10-05 07:00:00+00:00,0.8674,0.8781,0.867,0.878,7140091.7
2025-10-05 08:00:00+00:00,0.8781,0.8826,0.8756,0.8776,7939284.7
2025-10-05 09:00:00+00:00,0.8775,0.879,0.8642,0.8663,15432549.5
2025-10-05 10:00:00+00:00,0.8663,0.8676,0.8598,0.8628,7676748.1
2025-10-05 11:00:00+00:00,0.8628,0.8643,0.8577,0.8631,4899930.4
2025-10-05 12:00:00+00:00,0.8631,0.8631,0.8555,0.8563,3185477.8
2025-10-05 13:00:00+00:00,0.8563,0.8602,0.856,0.858,1978254.4
2025-10-05 14:00:00+00:00,0.858,0.8611,0.851,0.8542,4213156.2
2025-10-05 15:00:00+00:00,0.8543,0.8579,0.8515,0.8538,4863772.6
2025-10-05 16:00:00+00:00,0.8537,0.8568,0.8458,0.8531,5240146.1
2025-10-05 17:00:00+00:00,0.8532,0.855,0.8425,0.844,2778248.5
2025-10-05 18:00:00+00:00,0.844,0.8462,0.8397,0.8432,4590804.1
2025-10-05 19:00:00+00:00,0.8432,0.8433,0.8269,0.8303,11856275.3
2025-10-05 20:00:00+00:00,0.8304,0.8378,0.8279,0.8348,2925606.0
2025-10-05 21:00:00+00:00,0.8347,0.8372,0.8327,0.8367,3095314.1
2025-10-05 22:00:00+00:00,0.8366,0.8406,0.833,0.8369,4733877.8
2025-10-05 23:00:00+00:00,0.8368,0.8403,0.8361,0.8371,4704732.6
2025-10-06 00:00:00+00:00,0.8372,0.8452,0.8317,0.8354,10721303.6
2025-10-06 01:00:00+00:00,0.8354,0.8455,0.8325,0.8398,7460647.0
2025-10-06 02:00:00+00:00,0.8398,0.845,0.8346,0.8402,7081950.7
2025-10-06 03:00:00+00:00,0.8403,0.8423,0.8384,0.8399,2402278.4
2025-10-06 04:00:00+00:00,0.8398,0.8429,0.8381,0.8387,2977726.9
2025-10-06 05:00:00+00:00,0.8386,0.8428,0.836,0.8424,2584453.7
2025-10-06 06:00:00+00:00,0.8424,0.85,0.8424,0.8459,6092339.9
2025-10-06 07:00:00+00:00,0.8459,0.8496,0.8395,0.8428,5861910.6
2025-10-06 08:00:00+00:00,0.8429,0.8525,0.8429,0.8518,5254727.1
2025-10-06 09:00:00+00:00,0.8519,0.8534,0.8485,0.8505,3583448.1
2025-10-06 10:00:00+00:00,0.8504,0.8529,0.8484,0.8513,4702163.0
2025-10-06 11:00:00+00:00,0.8514,0.8549,0.8485,0.8509,3279908.6
2025-10-06 12:00:00+00:00,0.8509,0.8559,0.8509,0.8544,4742909.1
2025-10-06 13:00:00+00:00,0.8544,0.8653,0.8541,0.8649,10636506.7
2025-10-06 14:00:00+00:00,0.8649,0.8704,0.8609,0.8626,14210388.1
2025-10-06 15:00:00+00:00,0.8625,0.881,0.8624,0.8731,18383723.7
2025-10-06 16:00:00+00:00,0.8732,0.8777,0.8695,0.8733,8946006.9
2025-10-06 17:00:00+00:00,0.8733,0.8797,0.8714,0.8758,9335157.8
2025-10-06 18:00:00+00:00,0.8759,0.8806,0.8755,0.8795,8045832.5
2025-10-06 19:00:00+00:00,0.8796,0.8806,0.8746,0.8775,7652396.2
2025-10-06 20:00:00+00:00,0.8775,0.8808,0.8728,0.8729,7782393.0
2025-10-06 21:00:00+00:00,0.8729,0.8768,0.8682,0.8764,6608065.3
2025-10-06 22:00:00+00:00,0.8764,0.8796,0.8747,0.8772,5876382.3
2025-10-06 23:00:00+00:00,0.8773,0.8785,0.8667,0.8715,7356991.2
2025-10-07 00:00:00+00:00,0.8716,0.8765,0.8708,0.8761,4108164.8
2025-10-07 01:00:00+00:00,0.8761,0.878,0.8693,0.8724,2948648.2
2025-10-07 02:00:00+00:00,0.8723,0.8738,0.8677,0.8704,3348017.9
2025-10-07 03:00:00+00:00,0.8704,0.8727,0.8669,0.8682,2645471.7
2025-10-07 04:00:00+00:00,0.8681,0.8747,0.8619,0.8714,4729307.3
2025-10-07 05:00:00+00:00,0.8715,0.8745,0.8686,0.8723,2879805.8
2025-10-07 06:00:00+00:00,0.8723,0.8738,0.8572,0.8575,6581764.7
2025-10-07 07:00:00+00:00,0.8575,0.8603,0.8541,0.857,4250436.5
2025-10-07 08:00:00+00:00,0.857,0.8577,0.848,0.8556,7030302.8
2025-10-07 09:00:00+00:00,0.8557,0.8581,0.8542,0.8554,3174547.4
2025-10-07 10:00:00+00:00,0.8554,0.8599,0.8534,0.8581,2812693.5
2025-10-07 11:00:00+00:00,0.8581,0.8612,0.8556,0.8596,3605505.1
2025-10-07 12:00:00+00:00,0.8595,0.8722,0.8567,0.8702,8106370.2
2025-10-07 13:00:00+00:00,0.8703,0.8713,0.8497,0.8572,13113596.9
2025-10-07 14:00:00+00:00,0.8572,0.858,0.8388,0.8392,14710336.4
2025-10-07 15:00:00+00:00,0.8393,0.842,0.8281,0.8331,23538209.4
2025-10-07 16:00:00+00:00,0.8332,0.8407,0.8263,0.8354,14116361.4
2025-10-07 17:00:00+00:00,0.8353,0.8372,0.8285,0.8287,5141138.6
2025-10-07 18:00:00+00:00,0.8287,0.8306,0.8241,0.8245,7748028.4
2025-10-07 19:00:00+00:00,0.8244,0.8296,0.8232,0.8254,9235288.4
2025-10-07 20:00:00+00:00,0.8255,0.835,0.8248,0.8291,5710733.3
2025-10-07 21:00:00+00:00,0.8291,0.8314,0.8238,0.8254,5682098.0
2025-10-07 22:00:00+00:00,0.8254,0.828,0.8217,0.8239,7943180.0
2025-10-07 23:00:00+00:00,0.8239,0.8244,0.817,0.8198,7625493.5
2025-10-08 00:00:00+00:00,0.8199,0.828,0.8185,0.8255,5637090.3
2025-10-08 01:00:00+00:00,0.8254,0.8287,0.8236,0.8277,3189748.6
2025-10-08 02:00:00+00:00,0.8276,0.8297,0.8241,0.8247,3123589.1
2025-10-08 03:00:00+00:00,0.8246,0.8246,0.8095,0.8128,10957166.0
2025-10-08 04:00:00+00:00,0.8129,0.8183,0.8079,0.8179,6046302.8
2025-10-08 05:00:00+00:00,0.818,0.8181,0.8105,0.8141,3100192.4
2025-10-08 06:00:00+00:00,0.814,0.8163,0.811,0.8153,2941576.2
2025-10-08 07:00:00+00:00,0.8153,0.8174,0.8128,0.8174,2890453.1
2025-10-08 08:00:00+00:00,0.8173,0.824,0.8162,0.8202,5189457.2
2025-10-08 09:00:00+00:00,0.8201,0.8221,0.8167,0.8191,3984786.7
2025-10-08 10:00:00+00:00,0.8192,0.8254,0.8187,0.8248,2673026.3
2025-10-08 11:00:00+00:00,0.8249,0.8273,0.8204,0.8215,3168505.0
2025-10-08 12:00:00+00:00,0.8215,0.8243,0.8196,0.8231,3273968.5
2025-10-08 13:00:00+00:00,0.8231,0.8243,0.8127,0.8209,7953018.3
2025-10-08 14:00:00+00:00,0.8209,0.83,0.8155,0.8173,7171049.1
2025-10-08 15:00:00+00:00,0.8172,0.8232,0.8165,0.8183,2933551.2
2025-10-08 16:00:00+00:00,0.8183,0.8278,0.817,0.8275,3950906.5
2025-10-08 17:00:00+00:00,0.8275,0.8515,0.8271,0.8429,13751044.1
2025-10-08 18:00:00+00:00,0.843,0.845,0.8367,0.8409,5441373.2
2025-10-08 19:00:00+00:00,0.8408,0.8414,0.8357,0.8396,3418929.3
2025-10-08 20:00:00+00:00,0.8396,0.8428,0.8344,0.8349,2933818.8
2025-10-08 21:00:00+00:00,0.8348,0.8405,0.8346,0.8383,1456109.2
2025-10-08 22:00:00+00:00,0.8382,0.8415,0.8379,0.838,2101884.4
2025-10-08 23:00:00+00:00,0.8379,0.8408,0.836,0.8387,2328951.5
2025-10-09 00:00:00+00:00,0.8387,0.8396,0.8337,0.8352,2664071.3
2025-10-09 01:00:00+00:00,0.8352,0.8354,0.8252,0.8268,5078371.6
2025-10-09 02:00:00+00:00,0.8268,0.8276,0.8129,0.8149,7211043.4
2025-10-09 03:00:00+00:00,0.8148,0.823,0.8148,0.8213,3721450.5
2025-10-09 04:00:00+00:00,0.8213,0.8255,0.8196,0.8251,3830183.2
2025-10-09 05:00:00+00:00,0.8252,0.8259,0.8197,0.8213,2705927.9
2025-10-09 06:00:00+00:00,0.8213,0.8213,0.8163,0.8172,2531775.9
2025-10-09 07:00:00+00:00,0.8172,0.8189,0.8137,0.8148,3182011.0
2025-10-09 08:00:00+00:00,0.8147,0.8152,0.8022,0.8027,14275111.7
2025-10-09 09:00:00+00:00,0.8028,0.8089,0.8025,0.8075,6520832.0
2025-10-09 10:00:00+00:00,0.8075,0.8117,0.8046,0.8083,5768990.0
2025-10-09 11:00:00+00:00,0.8083,0.8153,0.8082,0.8127,4465781.1
2025-10-09 12:00:00+00:00,0.8126,0.8213,0.8121,0.8191,4338417.5
2025-10-09 13:00:00+00:00,0.8191,0.82,0.8065,0.8077,6976733.1
2025-10-09 14:00:00+00:00,0.8077,0.8127,0.7979,0.806,15709747.9
2025-10-09 15:00:00+00:00,0.8061,0.8101,0.8,0.8041,7118097.7
2025-10-09 16:00:00+00:00,0.804,0.8063,0.7939,0.7966,8924457.8
2025-10-09 17:00:00+00:00,0.7966,0.8094,0.7953,0.8087,5806940.7
2025-10-09 18:00:00+00:00,0.8087,0.8094,0.804,0.8045,3769932.9
2025-10-09 19:00:00+00:00,0.8045,0.8103,0.8042,0.8092,2451589.2
2025-10-09 20:00:00+00:00,0.8092,0.8118,0.8068,0.8088,1635397.2
2025-10-09 21:00:00+00:00,0.8089,0.8128,0.8073,0.8121,2766584.5
2025-10-09 22:00:00+00:00,0.8122,0.819,0.8111,0.8177,2644155.8
2025-10-09 23:00:00+00:00,0.8178,0.818,0.813,0.8152,1526447.6
2025-10-10 00:00:00+00:00,0.8152,0.8175,0.8136,0.8153,3156048.7
2025-10-10 01:00:00+00:00,0.8153,0.8172,0.8139,0.8153,1745678.9
2025-10-10 02:00:00+00:00,0.8153,0.8173,0.8122,0.8131,2893370.6
2025-10-10 03:00:00+00:00,0.8132,0.8219,0.8089,0.8158,4662054.8
2025-10-10 04:00:00+00:00,0.8157,0.8201,0.8148,0.8163,2319369.9
2025-10-10 05:00:00+00:00,0.8163,0.8222,0.8125,0.8216,2360759.2
2025-10-10 06:00:00+00:00,0.8217,0.8223,0.8141,0.8155,2133592.7
2025-10-10 07:00:00+00:00,0.8154,0.8158,0.8101,0.8105,3953241.9
2025-10-10 08:00:00+00:00,0.8106,0.818,0.8084,0.8172,2858259.6
2025-10-10 09:00:00+00:00,0.8171,0.8194,0.812,0.8123,2123496.6
2025-10-10 10:00:00+00:00,0.8122,0.8176,0.8118,0.8172,1865682.0
2025-10-10 11:00:00+00:00,0.8172,0.8187,0.8148,0.8175,1669901.6
2025-10-10 12:00:00+00:00,0.8175,0.8197,0.8153,0.8186,2334915.7
2025-10-10 13:00:00+00:00,0.8186,0.8242,0.8149,0.8186,7600194.4
2025-10-10 14:00:00+00:00,0.8186,0.8223,0.8037,0.8063,13266683.5
2025-10-10 15:00:00+00:00,0.8064,0.8073,0.7768,0.7832,45107132.3
2025-10-10 16:00:00+00:00,0.7832,0.7897,0.7797,0.7806,15139560.9
2025-10-10 17:00:00+00:00,0.7806,0.7839,0.7755,0.7781,9942191.6
2025-10-10 18:00:00+00:00,0.7782,0.781,0.774,0.7742,7590464.6
2025-10-10 19:00:00+00:00,0.7742,0.7759,0.7592,0.7674,23192637.5
2025-10-10 20:00:00+00:00,0.7674,0.7751,0.7026,0.7178,59853977.5
2025-10-10 21:00:00+00:00,0.7177,0.7279,0.2737,0.6199,240329057.3
2025-10-10 22:00:00+00:00,0.6196,0.6248,0.5503,0.6195,211211994.4
2025-10-10 23:00:00+00:00,0.6195,0.6644,0.6066,0.6353,119890882.7
2025-10-11 00:00:00+00:00,0.6353,0.6572,0.6195,0.6444,67274039.8
2025-10-11 01:00:00+00:00,0.6443,0.65,0.6268,0.6317,26316552.8
2025-10-11 02:00:00+00:00,0.6318,0.6736,0.631,0.6656,32075577.0
2025-10-11 03:00:00+00:00,0.6656,0.6673,0.6366,0.6474,28305885.3
2025-10-11 04:00:00+00:00,0.6475,0.6585,0.6453,0.658,23367056.9
2025-10-11 05:00:00+00:00,0.658,0.6596,0.6412,0.6471,18332572.8
2025-10-11 06:00:00+00:00,0.6471,0.659,0.6453,0.6485,17176545.1
2025-10-11 07:00:00+00:00,0.6485,0.6553,0.646,0.6523,18091953.9
2025-10-11 08:00:00+00:00,0.6523,0.6737,0.6485,0.6724,21224217.5
2025-10-11 09:00:00+00:00,0.6724,0.6832,0.6651,0.6668,14817353.7
2025-10-11 10:00:00+00:00,0.6668,0.6749,0.664,0.6681,10815016.1
2025-10-11 11:00:00+00:00,0.6681,0.6686,0.6588,0.6662,14155893.5
2025-10-11 12:00:00+00:00,0.6662,0.6665,0.6486,0.653,11086170.8
2025-10-11 13:00:00+00:00,0.653,0.6549,0.6401,0.6531,14753064.2
2025-10-11 14:00:00+00:00,0.6531,0.6556,0.6464,0.6519,6787156.2
2025-10-11 15:00:00+00:00,0.6518,0.6588,0.6508,0.6548,6661161.5
2025-10-11 16:00:00+00:00,0.6547,0.6581,0.6471,0.6513,7251314.3
2025-10-11 17:00:00+00:00,0.6513,0.6586,0.6513,0.6567,9067191.2
2025-10-11 18:00:00+00:00,0.6568,0.6568,0.6509,0.6512,5515394.7
2025-10-11 19:00:00+00:00,0.6513,0.6514,0.624,0.6315,16634403.3
2025-10-11 20:00:00+00:00,0.6314,0.6334,0.617,0.6211,15181091.6
2025-10-11 21:00:00+00:00,0.6212,0.633,0.6092,0.6308,22739880.0
2025-10-11 22:00:00+00:00,0.6308,0.6349,0.6273,0.6321,7998129.3
2025-10-11 23:00:00+00:00,0.632,0.6335,0.6294,0.6316,4106591.2
2025-10-12 00:00:00+00:00,0.6316,0.6342,0.6209,0.622,6621239.9
2025-10-12 01:00:00+00:00,0.6221,0.6311,0.6207,0.6218,4825607.2
2025-10-12 02:00:00+00:00,0.6217,0.6296,0.6176,0.6231,6562695.7
2025-10-12 03:00:00+00:00,0.6231,0.6378,0.6222,0.6333,7654682.5
2025-10-12 04:00:00+00:00,0.6334,0.6461,0.6324,0.6432,4860796.6
2025-10-12 05:00:00+00:00,0.6431,0.6489,0.6405,0.6469,5438242.5
2025-10-12 06:00:00+00:00,0.6469,0.6512,0.6458,0.6499,4310394.3
2025-10-12 07:00:00+00:00,0.65,0.6509,0.6462,0.6469,3229068.0
2025-10-12 08:00:00+00:00,0.6468,0.6505,0.6436,0.6437,3069228.6
2025-10-12 09:00:00+00:00,0.6436,0.6478,0.6382,0.6472,4492268.2
2025-10-12 10:00:00+00:00,0.6472,0.6512,0.6421,0.6432,3086151.4
2025-10-12 11:00:00+00:00,0.6431,0.6486,0.6425,0.6438,3184116.6
2025-10-12 12:00:00+00:00,0.6438,0.6507,0.6436,0.6481,4335602.4
2025-10-12 13:00:00+00:00,0.6482,0.6501,0.637,0.6395,5931512.7
2025-10-12 14:00:00+00:00,0.6396,0.6727,0.6391,0.6608,30191508.5
2025-10-12 15:00:00+00:00,0.6607,0.6842,0.6604,0.6803,33284629.6
2025-10-12 16:00:00+00:00,0.6804,0.6967,0.6785,0.6877,24943559.6
2025-10-12 17:00:00+00:00,0.6877,0.695,0.6853,0.6914,10391141.8
2025-10-12 18:00:00+00:00,0.6914,0.6958,0.6841,0.6884,5719271.7
2025-10-12 19:00:00+00:00,0.6883,0.6995,0.6878,0.6988,5333076.1
2025-10-12 20:00:00+00:00,0.6988,0.7095,0.6972,0.7004,10133833.3
2025-10-12 21:00:00+00:00,0.7004,0.706,0.6863,0.6965,10022094.3
2025-10-12 22:00:00+00:00,0.6966,0.7026,0.6939,0.6995,7492478.6
2025-10-12 23:00:00+00:00,0.6995,0.7017,0.6921,0.7,5693548.9
2025-10-13 00:00:00+00:00,0.7001,0.7083,0.6949,0.6997,10344310.5
2025-10-13 01:00:00+00:00,0.6996,0.7074,0.6956,0.7072,7526887.3
2025-10-13 02:00:00+00:00,0.7072,0.7114,0.7015,0.7107,10338268.2
2025-10-13 03:00:00+00:00,0.7107,0.7163,0.7024,0.7038,8071074.0
2025-10-13 04:00:00+00:00,0.7038,0.7094,0.7,0.7074,7969776.9
2025-10-13 05:00:00+00:00,0.7074,0.7086,0.7005,0.701,5397988.9
2025-10-13 06:00:00+00:00,0.701,0.7153,0.6969,0.7136,11053746.5
2025-10-13 07:00:00+00:00,0.7136,0.7255,0.7127,0.7171,13749804.0
2025-10-13 08:00:00+00:00,0.7172,0.7299,0.7149,0.7264,10925559.9
2025-10-13 09:00:00+00:00,0.7264,0.7267,0.717,0.7233,6806028.9
2025-10-13 10:00:00+00:00,0.7233,0.724,0.7136,0.7174,5192547.4
2025-10-13 11:00:00+00:00,0.7174,0.7175,0.6917,0.7065,29143640.6
2025-10-13 12:00:00+00:00,0.7064,0.7181,0.7015,0.7088,10346684.5
2025-10-13 13:00:00+00:00,0.7087,0.7273,0.7039,0.7234,32234947.0
2025-10-13 14:00:00+00:00,0.7233,0.7255,0.7029,0.7054,13279066.5
2025-10-13 15:00:00+00:00,0.7054,0.7196,0.7053,0.7158,7092798.8
2025-10-13 16:00:00+00:00,0.7158,0.72,0.7082,0.716,8235391.4
2025-10-13 17:00:00+00:00,0.7161,0.7267,0.7134,0.7254,10527012.6
2025-10-13 18:00:00+00:00,0.7253,0.7273,0.7182,0.7218,9010998.1
2025-10-13 19:00:00+00:00,0.7217,0.7284,0.7203,0.7245,6685330.2
2025-10-13 20:00:00+00:00,0.7244,0.7354,0.723,0.7334,7106721.0
2025-10-13 21:00:00+00:00,0.7334,0.736,0.7286,0.731,4910946.4
2025-10-13 22:00:00+00:00,0.7311,0.7345,0.7304,0.7323,3795519.6
2025-10-13 23:00:00+00:00,0.7322,0.734,0.7269,0.7284,3715689.6
2025-10-14 00:00:00+00:00,0.7284,0.7334,0.7238,0.7275,4979210.3
2025-10-14 01:00:00+00:00,0.7275,0.7279,0.7207,0.7221,4923803.7
2025-10-14 02:00:00+00:00,0.722,0.7221,0.7141,0.7171,8116437.6
2025-10-14 03:00:00+00:00,0.7171,0.718,0.7105,0.7158,8664559.3
2025-10-14 04:00:00+00:00,0.7158,0.7184,0.7007,0.7039,8805353.7
2025-10-14 05:00:00+00:00,0.704,0.7106,0.6919,0.6967,11407551.7
2025-10-14 06:00:00+00:00,0.6967,0.7002,0.6692,0.6816,35658496.6
2025-10-14 07:00:00+00:00,0.6816,0.6879,0.6747,0.6778,18444979.6
2025-10-14 08:00:00+00:00,0.6777,0.6867,0.6737,0.6816,10176787.0
2025-10-14 09:00:00+00:00,0.6815,0.6865,0.6758,0.6789,9743043.5
2025-10-14 10:00:00+00:00,0.6789,0.6789,0.6626,0.6726,15253170.6
2025-10-14 11:00:00+00:00,0.6727,0.6813,0.6719,0.677,9027468.0
2025-10-14 12:00:00+00:00,0.6771,0.6774,0.6666,0.6686,11950679.3
2025-10-14 13:00:00+00:00,0.6686,0.6792,0.6619,0.675,17302980.6
2025-10-14 14:00:00+00:00,0.6749,0.6866,0.6716,0.6795,20775523.2
2025-10-14 15:00:00+00:00,0.6796,0.6971,0.6753,0.696,17253550.7
2025-10-14 16:00:00+00:00,0.6961,0.709,0.6916,0.6962,16975765.3
2025-10-14 17:00:00+00:00,0.6962,0.704,0.6861,0.6987,12208254.0
2025-10-14 18:00:00+00:00,0.6987,0.7062,0.6981,0.7019,7065879.5
2025-10-14 19:00:00+00:00,0.7019,0.7066,0.688,0.6943,15947402.2
2025-10-14 20:00:00+00:00,0.6943,0.6983,0.6901,0.6949,8358272.8
2025-10-14 21:00:00+00:00,0.6949,0.6967,0.69,0.6958,3761882.7
2025-10-14 22:00:00+00:00,0.6959,0.7006,0.6938,0.6959,4817316.3
2025-10-14 23:00:00+00:00,0.6958,0.7019,0.6956,0.6989,9413259.4
2025-10-15 00:00:00+00:00,0.6988,0.6994,0.6915,0.6978,5492051.5
2025-10-15 01:00:00+00:00,0.6978,0.699,0.6907,0.6961,4641657.8
2025-10-15 02:00:00+00:00,0.6961,0.7042,0.6951,0.6979,5081876.1
2025-10-15 03:00:00+00:00,0.6979,0.6989,0.6873,0.6909,5596853.6
2025-10-15 04:00:00+00:00,0.691,0.6974,0.6881,0.6962,4314635.1
2025-10-15 05:00:00+00:00,0.6963,0.7007,0.6955,0.6989,3914561.3
2025-10-15 06:00:00+00:00,0.699,0.7037,0.6931,0.7029,5523691.2
2025-10-15 07:00:00+00:00,0.703,0.7038,0.6986,0.7024,3341816.6
2025-10-15 08:00:00+00:00,0.7023,0.716,0.7016,0.7052,14015485.8
2025-10-15 09:00:00+00:00,0.7053,0.7053,0.696,0.7,9480469.8
2025-10-15 10:00:00+00:00,0.7,0.7003,0.6925,0.6943,6543725.1
2025-10-15 11:00:00+00:00,0.6942,0.6962,0.6866,0.6906,4886879.8
2025-10-15 12:00:00+00:00,0.6906,0.6938,0.6846,0.6899,5535335.4
2025-10-15 13:00:00+00:00,0.6899,0.6929,0.6742,0.6869,15060749.3
2025-10-15 14:00:00+00:00,0.6869,0.694,0.676,0.6798,8006627.1
2025-10-15 15:00:00+00:00,0.6798,0.6831,0.6688,0.6726,10532882.9
2025-10-15 16:00:00+00:00,0.6727,0.676,0.669,0.6715,8895306.4
2025-10-15 17:00:00+00:00,0.6715,0.6738,0.6638,0.6737,8405091.9
2025-10-15 18:00:00+00:00,0.6736,0.6768,0.6702,0.676,3500457.1
2025-10-15 19:00:00+00:00,0.676,0.6761,0.6668,0.6695,3841621.7
2025-10-15 20:00:00+00:00,0.6696,0.673,0.6575,0.6647,11447062.1
2025-10-15 21:00:00+00:00,0.6647,0.6688,0.6578,0.6626,6880319.5
2025-10-15 22:00:00+00:00,0.6627,0.6684,0.6616,0.6642,2316701.4
2025-10-15 23:00:00+00:00,0.6642,0.6702,0.6637,0.6684,2819923.0
2025-10-16 00:00:00+00:00,0.6685,0.6709,0.6659,0.6667,4881889.1
2025-10-16 01:00:00+00:00,0.6667,0.6732,0.6664,0.6725,4101335.8
2025-10-16 02:00:00+00:00,0.6725,0.6758,0.6692,0.6734,3476506.7
2025-10-16 03:00:00+00:00,0.6734,0.6749,0.6697,0.6702,2398301.6
2025-10-16 04:00:00+00:00,0.6703,0.6745,0.6669,0.6688,3018387.6
2025-10-16 05:00:00+00:00,0.6688,0.6732,0.6646,0.668,4258296.8
2025-10-16 06:00:00+00:00,0.668,0.6765,0.6672,0.6758,5469384.4
2025-10-16 07:00:00+00:00,0.6758,0.6763,0.6682,0.6707,3718240.7
2025-10-16 08:00:00+00:00,0.6707,0.6724,0.6661,0.6684,2911940.8
2025-10-16 09:00:00+00:00,0.6684,0.678,0.652,0.6731,21355949.6
2025-10-16 10:00:00+00:00,0.6731,0.6816,0.6728,0.6786,7130832.5
2025-10-16 11:00:00+00:00,0.6786,0.6815,0.6738,0.6802,3762507.6
2025-10-16 12:00:00+00:00,0.6802,0.6847,0.6777,0.6797,5140623.6
2025-10-16 13:00:00+00:00,0.6797,0.6808,0.6711,0.6729,6020633.1
2025-10-16 14:00:00+00:00,0.6729,0.6773,0.6623,0.669,13007663.0
2025-10-16 15:00:00+00:00,0.6691,0.671,0.6486,0.6521,19773538.6
2025-10-16 16:00:00+00:00,0.6521,0.6646,0.6461,0.6643,23903381.5
2025-10-16 17:00:00+00:00,0.6643,0.6643,0.653,0.6549,21856539.5
2025-10-16 18:00:00+00:00,0.6549,0.6553,0.6463,0.6529,9206332.8
2025-10-16 19:00:00+00:00,0.6529,0.6538,0.6387,0.6434,11524589.9
2025-10-16 20:00:00+00:00,0.6434,0.6462,0.6332,0.6377,8955665.6
2025-10-16 21:00:00+00:00,0.6376,0.6454,0.6356,0.6451,6044053.7
2025-10-16 22:00:00+00:00,0.6451,0.646,0.6384,0.6384,4845563.7
2025-10-16 23:00:00+00:00,0.6383,0.6462,0.6378,0.6453,3290397.8
2025-10-17 00:00:00+00:00,0.6452,0.6502,0.6436,0.6502,4155901.1
2025-10-17 01:00:00+00:00,0.6503,0.656,0.646,0.6487,5015100.8
2025-10-17 02:00:00+00:00,0.6487,0.6514,0.6441,0.6494,4555944.5
2025-10-17 03:00:00+00:00,0.6494,0.6525,0.6492,0.652,3145399.2
2025-10-17 04:00:00+00:00,0.652,0.6523,0.6459,0.6468,2591505.5
2025-10-17 05:00:00+00:00,0.6468,0.6482,0.6412,0.6425,6878444.0
2025-10-17 06:00:00+00:00,0.6426,0.6444,0.6211,0.6238,20526634.3
2025-10-17 07:00:00+00:00,0.6237,0.6247,0.6071,0.6092,31594721.2
2025-10-17 08:00:00+00:00,0.6091,0.6121,0.5975,0.5977,33717038.1
2025-10-17 09:00:00+00:00,0.5978,0.6144,0.596,0.6032,12941895.6
2025-10-17 10:00:00+00:00,0.6032,0.6067,0.5923,0.604,21598306.7
2025-10-17 11:00:00+00:00,0.6041,0.622,0.6036,0.6171,18821692.6
2025-10-17 12:00:00+00:00,0.617,0.622,0.6161,0.6172,9197586.1
2025-10-17 13:00:00+00:00,0.6172,0.6256,0.6108,0.622,16990024.6
2025-10-17 14:00:00+00:00,0.622,0.6237,0.6063,0.6142,16937040.8
2025-10-17 15:00:00+00:00,0.6142,0.6257,0.6128,0.6255,14260780.0
2025-10-17 16:00:00+00:00,0.6256,0.6341,0.623,0.6252,18137527.7
2025-10-17 17:00:00+00:00,0.6252,0.6283,0.6201,0.6259,6628398.8
2025-10-17 18:00:00+00:00,0.6259,0.6301,0.6249,0.6261,4098598.0
2025-10-17 19:00:00+00:00,0.6262,0.6285,0.6205,0.624,3025751.4
2025-10-17 20:00:00+00:00,0.6241,0.6307,0.6225,0.6292,3089782.1
2025-10-17 21:00:00+00:00,0.6292,0.6351,0.6291,0.6327,5266961.7
2025-10-17 22:00:00+00:00,0.6327,0.634,0.6271,0.6291,2664843.9
2025-10-17 23:00:00+00:00,0.6291,0.6292,0.6239,0.6245,2939755.0
2025-10-18 00:00:00+00:00,0.6246,0.6292,0.623,0.6278,3484526.8
2025-10-18 01:00:00+00:00,0.6279,0.6354,0.6277,0.6351,3010629.7
2025-10-18 02:00:00+00:00,0.635,0.6368,0.6283,0.6294,3663517.7
2025-10-18 03:00:00+00:00,0.6294,0.6337,0.6294,0.6322,1577884.0
2025-10-18 04:00:00+00:00,0.6321,0.6323,0.6251,0.6254,2393177.5
2025-10-18 05:00:00+00:00,0.6253,0.63,0.6247,0.6292,3304466.8
2025-10-18 06:00:00+00:00,0.6292,0.632,0.6266,0.6295,2229344.9
2025-10-18 07:00:00+00:00,0.6294,0.6391,0.6293,0.6319,7063265.0
2025-10-18 08:00:00+00:00,0.6319,0.6344,0.6308,0.6311,2808099.6
2025-10-18 09:00:00+00:00,0.6311,0.6368,0.6301,0.6359,2417473.8
2025-10-18 10:00:00+00:00,0.6359,0.6379,0.6333,0.6349,4029255.0
2025-10-18 11:00:00+00:00,0.6348,0.6383,0.6345,0.6382,1821056.0
2025-10-18 12:00:00+00:00,0.6382,0.6409,0.6354,0.636,2317400.9
2025-10-18 13:00:00+00:00,0.6361,0.6362,0.6293,0.631,2578951.1
2025-10-18 14:00:00+00:00,0.631,0.6344,0.6269,0.6326,2650509.8
2025-10-18 15:00:00+00:00,0.6326,0.634,0.6289,0.6321,1407258.0
2025-10-18 16:00:00+00:00,0.632,0.6332,0.626,0.6298,2670001.6
2025-10-18 17:00:00+00:00,0.6297,0.6373,0.6278,0.6367,2696582.4
2025-10-18 18:00:00+00:00,0.6367,0.6377,0.6343,0.6352,995069.8
2025-10-18 19:00:00+00:00,0.6352,0.6369,0.6342,0.6367,1195067.5
2025-10-18 20:00:00+00:00,0.6367,0.6392,0.6344,0.6344,1433338.9
2025-10-18 21:00:00+00:00,0.6343,0.6357,0.6317,0.6349,1606274.8
2025-10-18 22:00:00+00:00,0.6349,0.636,0.6326,0.6337,1021543.5
2025-10-18 23:00:00+00:00,0.6336,0.6346,0.6322,0.6343,1009806.8
2025-10-19 00:00:00+00:00,0.6342,0.635,0.6285,0.6306,2391124.2
2025-10-19 01:00:00+00:00,0.6305,0.6317,0.6278,0.6311,1706341.0
2025-10-19 02:00:00+00:00,0.6311,0.6318,0.6285,0.6295,1426887.2
2025-10-19 03:00:00+00:00,0.6295,0.6365,0.6284,0.6351,2610794.3
2025-10-19 04:00:00+00:00,0.6351,0.6357,0.6318,0.6332,1555203.7
2025-10-19 05:00:00+00:00,0.6333,0.6358,0.6311,0.6319,1458801.7
2025-10-19 06:00:00+00:00,0.6318,0.6327,0.6267,0.629,1633633.6
2025-10-19 07:00:00+00:00,0.629,0.6307,0.628,0.6303,975335.3
2025-10-19 08:00:00+00:00,0.6302,0.6377,0.6254,0.6265,9758015.5
2025-10-19 09:00:00+00:00,0.6264,0.6406,0.6225,0.6354,14305620.4
2025-10-19 10:00:00+00:00,0.6355,0.6462,0.6332,0.6446,8917462.8
2025-10-19 11:00:00+00:00,0.6445,0.65,0.6411,0.6427,6262513.0
2025-10-19 12:00:00+00:00,0.6427,0.6438,0.6382,0.6415,3295048.6
2025-10-19 13:00:00+00:00,0.6415,0.6555,0.6403,0.654,6711451.4
2025-10-19 14:00:00+00:00,0.654,0.658,0.6491,0.6578,9006807.4
2025-10-19 15:00:00+00:00,0.6577,0.6615,0.6544,0.6603,5651730.5
2025-10-19 16:00:00+00:00,0.6603,0.6622,0.6551,0.6586,7224150.9
2025-10-19 17:00:00+00:00,0.6587,0.6652,0.6568,0.6575,7280462.0
2025-10-19 18:00:00+00:00,0.6576,0.6618,0.6575,0.6612,2451685.0
2025-10-19 19:00:00+00:00,0.6612,0.6613,0.6569,0.6593,2544687.6
2025-10-19 20:00:00+00:00,0.6594,0.6621,0.6577,0.6615,3351564.8
2025-10-19 21:00:00+00:00,0.6616,0.662,0.6559,0.6573,2192456.8
2025-10-19 22:00:00+00:00,0.6574,0.6608,0.6572,0.6586,2775399.0
2025-10-19 23:00:00+00:00,0.6586,0.6586,0.6508,0.6528,4133260.3
2025-10-20 00:00:00+00:00,0.6527,0.6532,0.6391,0.6464,11773837.2
2025-10-20 01:00:00+00:00,0.6464,0.6491,0.6445,0.6457,3489219.6
2025-10-20 02:00:00+00:00,0.6456,0.6508,0.6414,0.6488,3939365.3
2025-10-20 03:00:00+00:00,0.6488,0.6651,0.6464,0.6627,7319313.3
2025-10-20 04:00:00+00:00,0.6628,0.6662,0.6606,0.6651,5953925.4
2025-10-20 05:00:00+00:00,0.6652,0.6694,0.6622,0.6679,4528350.2
2025-10-20 06:00:00+00:00,0.668,0.676,0.6673,0.6734,8848038.7
2025-10-20 07:00:00+00:00,0.6733,0.6737,0.6669,0.6699,6031805.1
2025-10-20 08:00:00+00:00,0.6698,0.6734,0.6654,0.6698,13502327.9
2025-10-20 09:00:00+00:00,0.6697,0.6728,0.6683,0.6718,4093697.0
2025-10-20 10:00:00+00:00,0.6718,0.6744,0.6677,0.6698,5682897.9
2025-10-20 11:00:00+00:00,0.6697,0.67,0.6621,0.6665,14619850.6
2025-10-20 12:00:00+00:00,0.6664,0.6694,0.6651,0.6661,5456343.3
2025-10-20 13:00:00+00:00,0.6661,0.6691,0.6635,0.6681,5063348.9
2025-10-20 14:00:00+00:00,0.6681,0.6697,0.6629,0.6687,5630982.7
2025-10-20 15:00:00+00:00,0.6687,0.6714,0.6641,0.6643,4931099.0
2025-10-20 16:00:00+00:00,0.6642,0.6649,0.6537,0.6597,14198786.4
2025-10-20 17:00:00+00:00,0.6597,0.6638,0.6557,0.6597,5196488.8
2025-10-20 18:00:00+00:00,0.6598,0.6645,0.6585,0.6642,2432039.2
2025-10-20 19:00:00+00:00,0.6641,0.6706,0.6615,0.6674,4167552.3
2025-10-20 20:00:00+00:00,0.6674,0.6688,0.6642,0.6685,2942927.1
2025-10-20 21:00:00+00:00,0.6685,0.6707,0.6631,0.6645,2465370.7
2025-10-20 22:00:00+00:00,0.6646,0.6672,0.6628,0.6663,1161548.2
2025-10-20 23:00:00+00:00,0.6663,0.6664,0.662,0.6625,1306007.9
2025-10-21 00:00:00+00:00,0.6626,0.6635,0.6603,0.6618,1973550.7
2025-10-21 01:00:00+00:00,0.6618,0.6629,0.6566,0.6593,3848239.9
2025-10-21 02:00:00+00:00,0.6593,0.6596,0.6526,0.6529,3742119.2
2025-10-21 03:00:00+00:00,0.653,0.6547,0.6491,0.6508,3597280.9
2025-10-21 04:00:00+00:00,0.6508,0.651,0.6382,0.6399,10288173.9
2025-10-21 05:00:00+00:00,0.64,0.6431,0.6383,0.641,5767434.6
2025-10-21 06:00:00+00:00,0.6411,0.645,0.6398,0.6437,3609483.8
2025-10-21 07:00:00+00:00,0.6436,0.6446,0.6398,0.6438,2856616.0
2025-10-21 08:00:00+00:00,0.6437,0.6437,0.6369,0.6405,4504438.4
2025-10-21 09:00:00+00:00,0.6406,0.6424,0.6389,0.6412,2345130.6
2025-10-21 10:00:00+00:00,0.6412,0.6488,0.6402,0.6459,4338293.6
2025-10-21 11:00:00+00:00,0.6458,0.6464,0.6428,0.6457,2466900.1
2025-10-21 12:00:00+00:00,0.6457,0.6535,0.6443,0.6482,4773776.7
2025-10-21 13:00:00+00:00,0.6483,0.6511,0.6438,0.646,6441544.9
2025-10-21 14:00:00+00:00,0.6461,0.6754,0.6461,0.6743,16348072.8
2025-10-21 15:00:00+00:00,0.6744,0.6855,0.6702,0.6804,16508336.7
2025-10-21 16:00:00+00:00,0.6804,0.684,0.6682,0.6702,13563930.4
2025-10-21 17:00:00+00:00,0.6703,0.6749,0.6644,0.6693,13155320.1
2025-10-21 18:00:00+00:00,0.6694,0.6722,0.6645,0.6691,4993695.3
2025-10-21 19:00:00+00:00,0.669,0.6716,0.6675,0.6688,1830711.0
2025-10-21 20:00:00+00:00,0.6689,0.67,0.6592,0.6606,6209932.3
2025-10-21 21:00:00+00:00,0.6606,0.6645,0.653,0.6608,6768499.5
2025-10-21 22:00:00+00:00,0.6607,0.6612,0.647,0.6495,9427010.1
2025-10-21 23:00:00+00:00,0.6495,0.6514,0.6403,0.6428,4787447.8
2025-10-22 00:00:00+00:00,0.6428,0.6468,0.6379,0.641,6633134.6
2025-10-22 01:00:00+00:00,0.6411,0.6455,0.6393,0.6428,4752723.4
2025-10-22 02:00:00+00:00,0.6428,0.6448,0.6414,0.6421,2129302.7
2025-10-22 03:00:00+00:00,0.6422,0.6422,0.6376,0.6417,2458757.0
2025-10-22 04:00:00+00:00,0.6417,0.6448,0.6412,0.644,2189644.2
2025-10-22 05:00:00+00:00,0.6441,0.6441,0.6326,0.6364,6458478.5
2025-10-22 06:00:00+00:00,0.6363,0.6378,0.6347,0.6351,3694990.1
2025-10-22 07:00:00+00:00,0.6351,0.6384,0.6324,0.6375,4010558.0
2025-10-22 08:00:00+00:00,0.6374,0.6374,0.6341,0.6354,1716552.4
2025-10-22 09:00:00+00:00,0.6354,0.6363,0.6285,0.631,3741970.9
2025-10-22 10:00:00+00:00,0.6311,0.6336,0.6295,0.63,2452773.2
2025-10-22 11:00:00+00:00,0.6301,0.6388,0.6231,0.6359,13433393.9
2025-10-22 12:00:00+00:00,0.6359,0.6408,0.6341,0.6373,4189514.2
2025-10-22 13:00:00+00:00,0.6374,0.6435,0.6346,0.6424,10539612.3
2025-10-22 14:00:00+00:00,0.6424,0.6424,0.6279,0.6397,16354865.8
2025-10-22 15:00:00+00:00,0.6398,0.642,0.6297,0.6355,7776330.8
2025-10-22 16:00:00+00:00,0.6356,0.6379,0.629,0.6331,10987093.8
2025-10-22 17:00:00+00:00,0.633,0.6349,0.6265,0.6285,3619541.9
2025-10-22 18:00:00+00:00,0.6285,0.631,0.6251,0.6273,4472728.0
2025-10-22 19:00:00+00:00,0.6274,0.6332,0.6221,0.6275,6900292.3
2025-10-22 20:00:00+00:00,0.6276,0.6292,0.6212,0.6226,4492299.5
2025-10-22 21:00:00+00:00,0.6225,0.6229,0.6061,0.616,19846901.7
2025-10-22 22:00:00+00:00,0.6159,0.6204,0.614,0.6157,7095021.5
2025-10-22 23:00:00+00:00,0.6156,0.6247,0.6153,0.6238,5667151.8
2025-10-23 00:00:00+00:00,0.6238,0.628,0.6227,0.6262,3118175.1
2025-10-23 01:00:00+00:00,0.6262,0.6293,0.6251,0.6266,4650052.6
2025-10-23 02:00:00+00:00,0.6267,0.6285,0.6262,0.627,1358205.5
2025-10-23 03:00:00+00:00,0.627,0.63,0.6259,0.6272,3187421.7
2025-10-23 04:00:00+00:00,0.6272,0.6316,0.6263,0.6294,2590955.3
2025-10-23 05:00:00+00:00,0.6295,0.6329,0.6291,0.6326,1796693.5
2025-10-23 06:00:00+00:00,0.6326,0.6428,0.6318,0.6428,5575483.5
2025-10-23 07:00:00+00:00,0.6427,0.6429,0.6365,0.6394,3868632.8
2025-10-23 08:00:00+00:00,0.6395,0.6433,0.6393,0.6403,2861989.3
2025-10-23 09:00:00+00:00,0.6404,0.6408,0.6384,0.6404,2303430.0
2025-10-23 10:00:00+00:00,0.6404,0.6424,0.6392,0.6399,2977828.1
2025-10-23 11:00:00+00:00,0.6398,0.6401,0.6349,0.636,3374794.1
2025-10-23 12:00:00+00:00,0.636,0.6397,0.631,0.6396,5595261.9
2025-10-23 13:00:00+00:00,0.6395,0.6445,0.6361,0.6404,5714678.4
2025-10-23 14:00:00+00:00,0.6405,0.6419,0.6345,0.6396,5345088.6
2025-10-23 15:00:00+00:00,0.6397,0.6461,0.6383,0.6426,5806506.0
2025-10-23 16:00:00+00:00,0.6427,0.6497,0.6413,0.6481,4476780.3
2025-10-23 17:00:00+00:00,0.6482,0.654,0.6428,0.6524,8238456.1
2025-10-23 18:00:00+00:00,0.6524,0.6532,0.6445,0.6456,5381694.6
2025-10-23 19:00:00+00:00,0.6457,0.6471,0.6426,0.6453,2167716.8
2025-10-23 20:00:00+00:00,0.6452,0.6454,0.6366,0.6393,5024628.3
2025-10-23 21:00:00+00:00,0.6392,0.6414,0.6381,0.6391,3015005.9
2025-10-23 22:00:00+00:00,0.6391,0.642,0.6388,0.6409,3262360.0
2025-10-23 23:00:00+00:00,0.641,0.6431,0.64,0.6428,1857024.8
2025-10-24 00:00:00+00:00,0.6429,0.6473,0.641,0.6449,3133774.2
2025-10-24 01:00:00+00:00,0.6448,0.6454,0.6414,0.6441,1642784.1
2025-10-24 02:00:00+00:00,0.6441,0.6441,0.64,0.6423,2064086.7
2025-10-24 03:00:00+00:00,0.6423,0.6428,0.6391,0.6406,2248347.5
2025-10-24 04:00:00+00:00,0.6405,0.6528,0.6387,0.6512,7575580.8
2025-10-24 05:00:00+00:00,0.6513,0.6534,0.6499,0.6524,4966014.8
2025-10-24 06:00:00+00:00,0.6525,0.655,0.651,0.6543,4425767.9
2025-10-24 07:00:00+00:00,0.6544,0.6549,0.6469,0.6495,4807812.4
2025-10-24 08:00:00+00:00,0.6496,0.6535,0.6461,0.6516,3123580.9
2025-10-24 09:00:00+00:00,0.6517,0.653,0.6495,0.6503,1676702.5
2025-10-24 10:00:00+00:00,0.6503,0.6505,0.6471,0.6476,1894073.7
2025-10-24 11:00:00+00:00,0.6476,0.651,0.6432,0.6506,5134912.5
2025-10-24 12:00:00+00:00,0.6506,0.6643,0.6505,0.6545,16042774.0
2025-10-24 13:00:00+00:00,0.6545,0.6562,0.6473,0.6538,7349419.1
2025-10-24 14:00:00+00:00,0.6537,0.6537,0.6433,0.6465,8247308.2
2025-10-24 15:00:00+00:00,0.6466,0.6504,0.6433,0.645,3896268.8
2025-10-24 16:00:00+00:00,0.6451,0.6478,0.6425,0.6464,2434566.7
2025-10-24 17:00:00+00:00,0.6465,0.651,0.6464,0.648,1721650.3
2025-10-24 18:00:00+00:00,0.648,0.651,0.6476,0.6509,4195171.5
2025-10-24 19:00:00+00:00,0.651,0.6558,0.651,0.6548,3112979.4
2025-10-24 20:00:00+00:00,0.6548,0.6574,0.6542,0.656,2001414.1
2025-10-24 21:00:00+00:00,0.6561,0.6587,0.6554,0.6582,3212382.2
2025-10-24 22:00:00+00:00,0.6583,0.6589,0.6563,0.6575,1160599.8
2025-10-24 23:00:00+00:00,0.6575,0.6582,0.655,0.656,3299770.4
2025-10-25 00:00:00+00:00,0.6559,0.6577,0.6529,0.6551,3620151.8
2025-10-25 01:00:00+00:00,0.6552,0.6595,0.6547,0.6574,3545548.1
2025-10-25 02:00:00+00:00,0.6574,0.6583,0.6555,0.6568,1896300.3
2025-10-25 03:00:00+00:00,0.6567,0.6571,0.6533,0.6535,1289110.9
2025-10-25 04:00:00+00:00,0.6534,0.6582,0.6534,0.6568,2131956.2
2025-10-25 05:00:00+00:00,0.6568,0.6568,0.6538,0.6553,1001279.0
2025-10-25 06:00:00+00:00,0.6554,0.6562,0.6511,0.6516,1345031.4
2025-10-25 07:00:00+00:00,0.6516,0.6562,0.6511,0.6517,2367795.0
2025-10-25 08:00:00+00:00,0.6517,0.6545,0.6513,0.6544,1004284.7
2025-10-25 09:00:00+00:00,0.6544,0.6546,0.6499,0.6505,1513819.6
2025-10-25 10:00:00+00:00,0.6505,0.6515,0.648,0.6506,1078231.8
2025-10-25 11:00:00+00:00,0.6506,0.6549,0.6497,0.6539,1038124.5
2025-10-25 12:00:00+00:00,0.6539,0.6571,0.6533,0.6557,1548331.5
2025-10-25 13:00:00+00:00,0.6558,0.6559,0.651,0.6528,3655915.8
2025-10-25 14:00:00+00:00,0.6528,0.6548,0.6516,0.6547,1444670.0
2025-10-25 15:00:00+00:00,0.6546,0.6547,0.6517,0.6528,1432883.3
2025-10-25 16:00:00+00:00,0.6529,0.6537,0.6517,0.6534,1324292.6
2025-10-25 17:00:00+00:00,0.6533,0.6561,0.6529,0.6545,1060040.8
2025-10-25 18:00:00+00:00,0.6545,0.6592,0.6536,0.658,1603658.2
2025-10-25 19:00:00+00:00,0.658,0.6582,0.6567,0.6576,1086429.1
2025-10-25 20:00:00+00:00,0.6577,0.6589,0.6555,0.6558,1732214.9
2025-10-25 21:00:00+00:00,0.6559,0.6566,0.6539,0.6556,1456444.5
2025-10-25 22:00:00+00:00,0.6556,0.6572,0.6536,0.6562,1364364.7
2025-10-25 23:00:00+00:00,0.6562,0.6563,0.6539,0.6542,1075719.3
2025-10-26 00:00:00+00:00,0.6542,0.6564,0.6519,0.6538,2245106.8
2025-10-26 01:00:00+00:00,0.6539,0.6543,0.6497,0.6513,2384040.0
2025-10-26 02:00:00+00:00,0.6512,0.6517,0.6482,0.6492,2180636.6
2025-10-26 03:00:00+00:00,0.6491,0.6499,0.6466,0.6479,1660914.7
2025-10-26 04:00:00+00:00,0.6479,0.6511,0.6476,0.6507,852038.2
2025-10-26 05:00:00+00:00,0.6507,0.6543,0.6494,0.6534,908751.3
2025-10-26 06:00:00+00:00,0.6534,0.6547,0.6519,0.6544,1087944.9
2025-10-26 07:00:00+00:00,0.6544,0.6563,0.6533,0.6556,1449490.2
2025-10-26 08:00:00+00:00,0.6555,0.6584,0.6555,0.6573,2603236.5
2025-10-26 09:00:00+00:00,0.6574,0.6652,0.6556,0.6636,7611767.0
2025-10-26 10:00:00+00:00,0.6636,0.6643,0.6598,0.6623,3459125.1
2025-10-26 11:00:00+00:00,0.6623,0.6734,0.66,0.6734,7262760.6
2025-10-26 12:00:00+00:00,0.6734,0.6777,0.6727,0.6761,7071070.7
2025-10-26 13:00:00+00:00,0.6761,0.6804,0.6737,0.6774,7531090.2
2025-10-26 14:00:00+00:00,0.6774,0.6778,0.6732,0.6751,4793999.2
2025-10-26 15:00:00+00:00,0.6751,0.6792,0.673,0.6778,3138449.8
2025-10-26 16:00:00+00:00,0.6777,0.6787,0.6735,0.6738,3705633.9
2025-10-26 17:00:00+00:00,0.6737,0.6759,0.6725,0.6742,1367404.9
2025-10-26 18:00:00+00:00,0.6742,0.6768,0.674,0.6755,2123150.4
2025-10-26 19:00:00+00:00,0.6755,0.6758,0.6721,0.6729,2450487.1
2025-10-26 20:00:00+00:00,0.6729,0.673,0.6681,0.6703,2441256.3
2025-10-26 21:00:00+00:00,0.6703,0.6743,0.6691,0.6738,2540642.8
2025-10-26 22:00:00+00:00,0.6739,0.6884,0.6739,0.6834,18046344.8
2025-10-26 23:00:00+00:00,0.6835,0.6856,0.6806,0.6812,3402775.5
2025-10-27 00:00:00+00:00,0.6812,0.6881,0.6796,0.6853,3617402.2
2025-10-27 01:00:00+00:00,0.6854,0.6916,0.6842,0.6913,3977538.4
2025-10-27 02:00:00+00:00,0.6912,0.6938,0.687,0.6884,3561707.6
2025-10-27 03:00:00+00:00,0.6883,0.6894,0.683,0.6846,3647067.0
2025-10-27 04:00:00+00:00,0.6847,0.685,0.6822,0.6847,2539636.0
2025-10-27 05:00:00+00:00,0.6847,0.6912,0.684,0.6851,3740185.9
2025-10-27 06:00:00+00:00,0.6851,0.6881,0.6811,0.6861,4225947.2
2025-10-27 07:00:00+00:00,0.6862,0.6886,0.6775,0.68,5256977.2
2025-10-27 08:00:00+00:00,0.68,0.6837,0.6758,0.6826,9120880.7
2025-10-27 09:00:00+00:00,0.6825,0.6827,0.6738,0.6762,4329372.5
2025-10-27 10:00:00+00:00,0.6763,0.6787,0.6738,0.6762,3264695.1
2025-10-27 11:00:00+00:00,0.6762,0.6789,0.6717,0.6777,2676203.2
2025-10-27 12:00:00+00:00,0.6778,0.678,0.6722,0.6731,1866644.3
2025-10-27 13:00:00+00:00,0.6731,0.6769,0.6657,0.6738,8547209.9
2025-10-27 14:00:00+00:00,0.6739,0.6749,0.6667,0.6701,4881330.7
2025-10-27 15:00:00+00:00,0.67,0.6759,0.67,0.6743,4235074.7
2025-10-27 16:00:00+00:00,0.6743,0.6843,0.6743,0.6833,3563208.1
2025-10-27 17:00:00+00:00,0.6833,0.685,0.6807,0.6825,3272902.4
2025-10-27 18:00:00+00:00,0.6825,0.6841,0.6796,0.6808,1799603.0
2025-10-27 19:00:00+00:00,0.6809,0.681,0.6739,0.6748,3551779.9
2025-10-27 20:00:00+00:00,0.6748,0.6748,0.6687,0.6691,5455765.1
2025-10-27 21:00:00+00:00,0.669,0.6728,0.665,0.6687,3517379.1
2025-10-27 22:00:00+00:00,0.6687,0.6717,0.6659,0.6665,1899551.3
2025-10-27 23:00:00+00:00,0.6666,0.6688,0.6634,0.667,2574557.1
2025-10-28 00:00:00+00:00,0.6669,0.6696,0.6647,0.6664,2497531.9
2025-10-28 01:00:00+00:00,0.6664,0.671,0.6664,0.67,2253222.1
2025-10-28 02:00:00+00:00,0.67,0.6722,0.6612,0.6656,4042849.3
2025-10-28 03:00:00+00:00,0.6655,0.6676,0.6615,0.6651,3496856.0
2025-10-28 04:00:00+00:00,0.6651,0.6683,0.6631,0.6667,1523701.4
2025-10-28 05:00:00+00:00,0.6667,0.6677,0.6573,0.6582,7610331.6
2025-10-28 06:00:00+00:00,0.6582,0.6678,0.6564,0.6676,11853731.5
2025-10-28 07:00:00+00:00,0.6676,0.6713,0.6621,0.6632,3797286.2
2025-10-28 08:00:00+00:00,0.6633,0.6675,0.6619,0.6654,2414805.1
2025-10-28 09:00:00+00:00,0.6654,0.6669,0.6623,0.6658,2380869.4
2025-10-28 10:00:00+00:00,0.6658,0.6661,0.6628,0.6651,2323673.1
2025-10-28 11:00:00+00:00,0.6651,0.6667,0.6618,0.6625,4027480.9
2025-10-28 12:00:00+00:00,0.6624,0.6683,0.6606,0.6673,3959987.7
2025-10-28 13:00:00+00:00,0.6674,0.6728,0.6674,0.6721,5534270.6
2025-10-28 14:00:00+00:00,0.6721,0.6755,0.6519,0.6651,10796992.0
2025-10-28 15:00:00+00:00,0.6652,0.6685,0.6607,0.6642,3389054.3
2025-10-28 16:00:00+00:00,0.6641,0.6707,0.6615,0.6696,3532837.6
2025-10-28 17:00:00+00:00,0.6697,0.6716,0.6668,0.6699,1836781.7
2025-10-28 18:00:00+00:00,0.67,0.6707,0.6638,0.6657,2249938.8
2025-10-28 19:00:00+00:00,0.6657,0.6666,0.6523,0.6546,6001535.2
2025-10-28 20:00:00+00:00,0.6546,0.6548,0.6396,0.6434,17892124.3
2025-10-28 21:00:00+00:00,0.6433,0.6473,0.6359,0.6445,7658212.9
2025-10-28 22:00:00+00:00,0.6445,0.6486,0.642,0.6483,3364154.1
2025-10-28 23:00:00+00:00,0.6484,0.6485,0.6437,0.6459,2212852.2
2025-10-29 00:00:00+00:00,0.6459,0.6459,0.6418,0.6432,3398907.2
2025-10-29 01:00:00+00:00,0.6431,0.6476,0.6416,0.6442,2185260.6
2025-10-29 02:00:00+00:00,0.6442,0.6449,0.6432,0.6443,2130332.4
2025-10-29 03:00:00+00:00,0.6444,0.6446,0.641,0.6421,2071306.2
2025-10-29 04:00:00+00:00,0.642,0.6449,0.6414,0.6431,1909966.0
2025-10-29 05:00:00+00:00,0.643,0.647,0.6424,0.6451,3063500.6
2025-10-29 06:00:00+00:00,0.6451,0.6464,0.6433,0.6455,2503543.7
2025-10-29 07:00:00+00:00,0.6455,0.6468,0.6432,0.646,3402137.9
2025-10-29 08:00:00+00:00,0.6461,0.6464,0.6409,0.6416,3310620.8
2025-10-29 09:00:00+00:00,0.6415,0.6434,0.6398,0.6427,3649232.4
2025-10-29 10:00:00+00:00,0.6426,0.6503,0.6424,0.6458,3850390.0
2025-10-29 11:00:00+00:00,0.6459,0.651,0.6448,0.6499,2840561.3
2025-10-29 12:00:00+00:00,0.6498,0.6535,0.6497,0.6512,2164815.1
2025-10-29 13:00:00+00:00,0.6513,0.6551,0.6461,0.6476,6110807.6
2025-10-29 14:00:00+00:00,0.6475,0.6483,0.6424,0.6457,5076917.4
2025-10-29 15:00:00+00:00,0.6457,0.647,0.6363,0.6389,7249894.8
2025-10-29 16:00:00+00:00,0.639,0.6456,0.6369,0.6412,5148248.1
2025-10-29 17:00:00+00:00,0.6411,0.6563,0.6409,0.6563,3857712.3
2025-10-29 18:00:00+00:00,0.6563,0.6604,0.6252,0.6468,48583324.5
2025-10-29 19:00:00+00:00,0.6468,0.6568,0.6452,0.6502,8284770.9
2025-10-29 20:00:00+00:00,0.6503,0.6571,0.6464,0.6532,9312215.3
2025-10-29 21:00:00+00:00,0.6532,0.6559,0.6522,0.6532,2816512.7
2025-10-29 22:00:00+00:00,0.6532,0.6534,0.6481,0.6488,2078346.3
2025-10-29 23:00:00+00:00,0.6487,0.6488,0.6367,0.6401,4268149.0
2025-10-30 00:00:00+00:00,0.6401,0.6444,0.6357,0.6438,2789737.8
2025-10-30 01:00:00+00:00,0.6439,0.6452,0.64,0.6429,2440437.5
2025-10-30 02:00:00+00:00,0.6429,0.6481,0.6418,0.6479,1442068.6
2025-10-30 03:00:00+00:00,0.648,0.6486,0.6423,0.6448,1880022.7
2025-10-30 04:00:00+00:00,0.6447,0.6447,0.6205,0.6291,17630723.1
2025-10-30 05:00:00+00:00,0.629,0.6417,0.6265,0.6402,7695801.5
2025-10-30 06:00:00+00:00,0.6401,0.6436,0.6355,0.6416,3246310.4
2025-10-30 07:00:00+00:00,0.6417,0.6481,0.6407,0.6453,2782043.0
2025-10-30 08:00:00+00:00,0.6453,0.6454,0.6392,0.6394,2801605.1
2025-10-30 09:00:00+00:00,0.6394,0.6399,0.6332,0.6334,2861150.4
2025-10-30 10:00:00+00:00,0.6333,0.6359,0.6308,0.6318,2606132.4
2025-10-30 11:00:00+00:00,0.6318,0.6337,0.6289,0.6291,3779196.0
2025-10-30 12:00:00+00:00,0.6291,0.63,0.6143,0.619,14513814.7
2025-10-30 13:00:00+00:00,0.6189,0.6219,0.6085,0.6104,13162601.1
2025-10-30 14:00:00+00:00,0.6105,0.6157,0.6086,0.6112,9157501.6
2025-10-30 15:00:00+00:00,0.6112,0.6129,0.6012,0.6031,14228946.4
2025-10-30 16:00:00+00:00,0.603,0.6079,0.5997,0.6064,8089762.5
2025-10-30 17:00:00+00:00,0.6063,0.6065,0.5939,0.6019,9713318.4
2025-10-30 18:00:00+00:00,0.6018,0.6027,0.5934,0.5947,8958349.1
2025-10-30 19:00:00+00:00,0.5947,0.5969,0.5864,0.588,12290024.9
2025-10-30 20:00:00+00:00,0.588,0.597,0.5867,0.5959,8842636.7
2025-10-30 21:00:00+00:00,0.5959,0.6006,0.594,0.5995,4729509.8
2025-10-30 22:00:00+00:00,0.5995,0.5996,0.5966,0.5996,3280079.4
2025-10-30 23:00:00+00:00,0.5996,0.6019,0.5963,0.6016,5739931.9
2025-10-31 00:00:00+00:00,0.6016,0.609,0.6003,0.6077,4720972.6
2025-10-31 01:00:00+00:00,0.6077,0.6118,0.6066,0.6113,4999726.0
2025-10-31 02:00:00+00:00,0.6114,0.6116,0.605,0.6074,3934215.8
2025-10-31 03:00:00+00:00,0.6075,0.6108,0.6055,0.6101,2852007.5
2025-10-31 04:00:00+00:00,0.6101,0.6157,0.6097,0.6153,5724912.0
2025-10-31 05:00:00+00:00,0.6153,0.6153,0.6117,0.6126,2284215.8
2025-10-31 06:00:00+00:00,0.6126,0.6135,0.6102,0.6122,4709777.7
2025-10-31 07:00:00+00:00,0.6122,0.6146,0.6102,0.6112,3188751.7
2025-10-31 08:00:00+00:00,0.6112,0.6147,0.6086,0.6144,4057082.2
2025-10-31 09:00:00+00:00,0.6144,0.6168,0.611,0.6112,2907706.7
2025-10-31 10:00:00+00:00,0.6113,0.6132,0.6083,0.6101,3525675.3
2025-10-31 11:00:00+00:00,0.6102,0.6172,0.6086,0.6168,3354713.8
2025-10-31 12:00:00+00:00,0.6167,0.62,0.6116,0.6117,6146464.9
2025-10-31 13:00:00+00:00,0.6118,0.6163,0.6091,0.6149,4109389.7
2025-10-31 14:00:00+00:00,0.6149,0.6184,0.6105,0.6176,4993014.1
2025-10-31 15:00:00+00:00,0.6175,0.62,0.6114,0.6127,5774074.6
2025-10-31 16:00:00+00:00,0.6126,0.6129,0.6012,0.6019,7369347.4
2025-10-31 17:00:00+00:00,0.6019,0.6044,0.5978,0.6021,5032581.9
2025-10-31 18:00:00+00:00,0.6021,0.6072,0.5999,0.6049,7024710.9
2025-10-31 19:00:00+00:00,0.6048,0.6137,0.6015,0.6112,5503721.5
2025-10-31 20:00:00+00:00,0.6111,0.6115,0.6066,0.6074,2796685.9
2025-10-31 21:00:00+00:00,0.6073,0.6098,0.6059,0.6085,1660109.5
2025-10-31 22:00:00+00:00,0.6085,0.6107,0.6076,0.6094,1016560.9
2025-10-31 23:00:00+00:00,0.6094,0.6105,0.6077,0.6091,1788011.6
2025-11-01 00:00:00+00:00,0.6091,0.6095,0.6059,0.6084,2062988.5
2025-11-01 01:00:00+00:00,0.6084,0.6107,0.6062,0.6062,2310611.5
2025-11-01 02:00:00+00:00,0.6062,0.609,0.6033,0.6084,3114048.7
2025-11-01 03:00:00+00:00,0.6084,0.6128,0.6082,0.6125,1461070.5
2025-11-01 04:00:00+00:00,0.6125,0.6134,0.6096,0.6119,1614395.2
2025-11-01 05:00:00+00:00,0.6119,0.6126,0.6086,0.6089,1592209.2
2025-11-01 06:00:00+00:00,0.6089,0.611,0.6071,0.6104,1227506.2
2025-11-01 07:00:00+00:00,0.6104,0.6146,0.6098,0.6139,2322892.4
2025-11-01 08:00:00+00:00,0.6139,0.6167,0.613,0.6165,2517878.9
2025-11-01 09:00:00+00:00,0.6165,0.6178,0.6131,0.6137,1984985.8
2025-11-01 10:00:00+00:00,0.6137,0.6152,0.6127,0.6137,1476065.3
2025-11-01 11:00:00+00:00,0.6138,0.6156,0.6113,0.6127,991057.8
2025-11-01 12:00:00+00:00,0.6128,0.615,0.6122,0.6133,1304680.0
2025-11-01 13:00:00+00:00,0.6133,0.6142,0.6081,0.6109,2436426.8
2025-11-01 14:00:00+00:00,0.6109,0.612,0.6052,0.6074,2935709.3
2025-11-01 15:00:00+00:00,0.6074,0.6127,0.6069,0.6124,3271433.4
2025-11-01 16:00:00+00:00,0.6124,0.6147,0.6111,0.6128,2591071.8
2025-11-01 17:00:00+00:00,0.6129,0.6137,0.61,0.6111,2168190.1
2025-11-01 18:00:00+00:00,0.6111,0.6125,0.6097,0.6125,1316781.2
2025-11-01 19:00:00+00:00,0.6125,0.6138,0.6104,0.6136,809139.8
2025-11-01 20:00:00+00:00,0.6137,0.6158,0.613,0.6139,1508766.7
2025-11-01 21:00:00+00:00,0.6139,0.6145,0.608,0.6083,1508311.3
2025-11-01 22:00:00+00:00,0.6083,0.6114,0.6081,0.6111,1396756.5
2025-11-01 23:00:00+00:00,0.6111,0.6134,0.6101,0.6128,760748.4
2025-11-02 00:00:00+00:00,0.6129,0.613,0.6098,0.61,781547.7
2025-11-02 01:00:00+00:00,0.6101,0.6115,0.6082,0.6091,1255542.1
2025-11-02 02:00:00+00:00,0.6091,0.6124,0.6082,0.6097,1186238.4
2025-11-02 03:00:00+00:00,0.6098,0.6102,0.608,0.6088,1006797.0
2025-11-02 04:00:00+00:00,0.6088,0.6166,0.6081,0.6162,2308602.7
2025-11-02 05:00:00+00:00,0.6162,0.6164,0.6117,0.616,1929973.4
2025-11-02 06:00:00+00:00,0.616,0.6169,0.6141,0.616,1599771.5
2025-11-02 07:00:00+00:00,0.616,0.6189,0.6146,0.6177,1873427.8
2025-11-02 08:00:00+00:00,0.6177,0.6186,0.613,0.6137,1399866.5
2025-11-02 09:00:00+00:00,0.6137,0.6162,0.6098,0.6104,2203982.0
2025-11-02 10:00:00+00:00,0.6104,0.612,0.6054,0.6083,3825566.2
2025-11-02 11:00:00+00:00,0.6082,0.6151,0.608,0.6143,2742287.2
2025-11-02 12:00:00+00:00,0.6143,0.6144,0.6109,0.6111,1427763.5
2025-11-02 13:00:00+00:00,0.6112,0.6115,0.605,0.6072,2216743.4
2025-11-02 14:00:00+00:00,0.6071,0.6083,0.597,0.6002,5310094.6
2025-11-02 15:00:00+00:00,0.6002,0.6042,0.5977,0.5994,4268562.4
2025-11-02 16:00:00+00:00,0.5995,0.6015,0.5922,0.6013,5876776.8
2025-11-02 17:00:00+00:00,0.6012,0.6012,0.5974,0.5997,1426248.8
2025-11-02 18:00:00+00:00,0.5997,0.6004,0.5977,0.5981,1096854.4
2025-11-02 19:00:00+00:00,0.598,0.5986,0.5944,0.597,2070833.5
2025-11-02 20:00:00+00:00,0.597,0.5998,0.5954,0.5998,1223917.1
2025-11-02 21:00:00+00:00,0.5998,0.6038,0.5997,0.6018,1151932.4
2025-11-02 22:00:00+00:00,0.6018,0.6026,0.5971,0.6005,1197307.1
2025-11-02 23:00:00+00:00,0.6006,0.6119,0.6006,0.6106,4434708.9
2025-11-03 00:00:00+00:00,0.6105,0.6122,0.6026,0.6027,2490059.6
2025-11-03 01:00:00+00:00,0.6026,0.6036,0.5961,0.5974,3275190.7
2025-11-03 02:00:00+00:00,0.5974,0.5982,0.5877,0.5912,8231592.1
2025-11-03 03:00:00+00:00,0.5913,0.5927,0.5743,0.5754,14583330.7
2025-11-03 04:00:00+00:00,0.5753,0.5779,0.5689,0.5777,10428879.7
2025-11-03 05:00:00+00:00,0.5776,0.5809,0.5724,0.5728,4797405.4
2025-11-03 06:00:00+00:00,0.5727,0.5761,0.5666,0.5734,9712574.8
2025-11-03 07:00:00+00:00,0.5733,0.58,0.5703,0.5772,6964246.7
2025-11-03 08:00:00+00:00,0.5772,0.58,0.5731,0.5793,5863975.0
2025-11-03 09:00:00+00:00,0.5794,0.5854,0.5745,0.5752,10555715.5
2025-11-03 10:00:00+00:00,0.5751,0.5768,0.5707,0.5725,4977929.6
2025-11-03 11:00:00+00:00,0.5726,0.5794,0.5724,0.5758,4703576.2
2025-11-03 12:00:00+00:00,0.5757,0.5804,0.5751,0.5753,3649709.3
2025-11-03 13:00:00+00:00,0.5753,0.5784,0.5729,0.5748,4630154.8
2025-11-03 14:00:00+00:00,0.5749,0.5805,0.5729,0.5782,5190256.2
2025-11-03 15:00:00+00:00,0.5783,0.5796,0.5259,0.5505,74570742.4
2025-11-03 16:00:00+00:00,0.5505,0.5615,0.5467,0.5599,14936562.1
2025-11-03 17:00:00+00:00,0.5598,0.5693,0.558,0.5664,9358260.5
2025-11-03 18:00:00+00:00,0.5664,0.5675,0.5594,0.5597,4729840.8
2025-11-03 19:00:00+00:00,0.5596,0.5624,0.5546,0.5552,4241058.3
2025-11-03 20:00:00+00:00,0.5553,0.5564,0.5441,0.5467,10237922.8
2025-11-03 21:00:00+00:00,0.5466,0.5536,0.5421,0.5529,9304284.0
2025-11-03 22:00:00+00:00,0.5528,0.5534,0.5437,0.549,5685377.2
2025-11-03 23:00:00+00:00,0.549,0.5533,0.5453,0.5528,4446089.4
2025-11-04 00:00:00+00:00,0.5529,0.5581,0.5464,0.5555,5952386.1
2025-11-04 01:00:00+00:00,0.5556,0.5607,0.5529,0.559,4888386.6
2025-11-04 02:00:00+00:00,0.5589,0.5601,0.5567,0.5577,3494272.0
2025-11-04 03:00:00+00:00,0.5577,0.5628,0.5558,0.5615,3998082.0
2025-11-04 04:00:00+00:00,0.5615,0.5633,0.5577,0.5581,4722906.6
2025-11-04 05:00:00+00:00,0.5581,0.5602,0.5319,0.534,28244820.2
2025-11-04 06:00:00+00:00,0.534,0.55,0.5332,0.5394,17644908.5
2025-11-04 07:00:00+00:00,0.5393,0.54,0.5304,0.5341,15006079.4
2025-11-04 08:00:00+00:00,0.5341,0.5457,0.5323,0.5397,13402700.8
2025-11-04 09:00:00+00:00,0.5396,0.543,0.5373,0.5418,7322563.2
2025-11-04 10:00:00+00:00,0.5418,0.5443,0.5388,0.5409,7373655.1
2025-11-04 11:00:00+00:00,0.5409,0.5485,0.5404,0.5462,6836345.9
2025-11-04 12:00:00+00:00,0.5461,0.5465,0.5383,0.5398,4280311.6
2025-11-04 13:00:00+00:00,0.5397,0.5409,0.5342,0.5376,5868931.8
2025-11-04 14:00:00+00:00,0.5375,0.5525,0.5323,0.549,14063448.3
2025-11-04 15:00:00+00:00,0.5491,0.5537,0.5407,0.5426,10341493.9
2025-11-04 16:00:00+00:00,0.5426,0.5466,0.529,0.5297,12408961.4
2025-11-04 17:00:00+00:00,0.5297,0.5322,0.5163,0.5247,24284659.2
2025-11-04 18:00:00+00:00,0.5246,0.525,0.508,0.5244,23271303.9
2025-11-04 19:00:00+00:00,0.5244,0.5287,0.5135,0.5146,17656603.1
2025-11-04 20:00:00+00:00,0.5145,0.5164,0.4958,0.5104,41280669.8
2025-11-04 21:00:00+00:00,0.5104,0.5142,0.4898,0.5105,37670996.7
2025-11-04 22:00:00+00:00,0.5105,0.5247,0.5079,0.5237,16288451.2
2025-11-04 23:00:00+00:00,0.5236,0.5264,0.5188,0.5208,10678009.6
2025-11-05 00:00:00+00:00,0.5208,0.5246,0.5118,0.515,7932859.5
2025-11-05 01:00:00+00:00,0.5151,0.5154,0.4947,0.512,20034314.4
2025-11-05 02:00:00+00:00,0.512,0.53,0.512,0.5292,15687623.4
2025-11-05 03:00:00+00:00,0.5293,0.5342,0.5261,0.5326,8857941.8
2025-11-05 04:00:00+00:00,0.5326,0.5354,0.5285,0.5329,4755640.5
2025-11-05 05:00:00+00:00,0.533,0.5377,0.5324,0.5337,3881284.5
2025-11-05 06:00:00+00:00,0.5337,0.5358,0.5306,0.5356,4394435.5
2025-11-05 07:00:00+00:00,0.5356,0.5359,0.5301,0.5344,3859748.2
2025-11-05 08:00:00+00:00,0.5344,0.5344,0.5231,0.5275,6765110.4
2025-11-05 09:00:00+00:00,0.5274,0.5327,0.5268,0.5318,4150375.0
2025-11-05 10:00:00+00:00,0.5317,0.532,0.5243,0.5252,5724606.8
2025-11-05 11:00:00+00:00,0.5252,0.5361,0.5251,0.535,5548681.6
2025-11-05 12:00:00+00:00,0.535,0.54,0.534,0.5384,6249077.5
2025-11-05 13:00:00+00:00,0.5383,0.5441,0.5354,0.5422,5835637.9
2025-11-05 14:00:00+00:00,0.5421,0.5453,0.5367,0.5418,9526694.6
2025-11-05 15:00:00+00:00,0.5419,0.5489,0.5397,0.5489,10758403.3
2025-11-05 16:00:00+00:00,0.5489,0.5494,0.5427,0.5491,8848245.2
2025-11-05 17:00:00+00:00,0.549,0.549,0.544,0.5468,5462658.8
2025-11-05 18:00:00+00:00,0.5467,0.5503,0.544,0.5478,6532687.9
2025-11-05 19:00:00+00:00,0.5478,0.5484,0.5421,0.5436,4171358.8
2025-11-05 20:00:00+00:00,0.5436,0.5467,0.5415,0.5442,5629910.7
2025-11-05 21:00:00+00:00,0.5441,0.5442,0.539,0.5423,4419204.6
2025-11-05 22:00:00+00:00,0.5423,0.5484,0.5414,0.5477,3433791.4
2025-11-05 23:00:00+00:00,0.5477,0.5488,0.545,0.5453,2899369.5
2025-11-06 00:00:00+00:00,0.5453,0.5453,0.5401,0.5426,4098506.9
2025-11-06 01:00:00+00:00,0.5425,0.5425,0.5347,0.5409,4890826.4
2025-11-06 02:00:00+00:00,0.5408,0.5456,0.5369,0.5425,3796538.8
2025-11-06 03:00:00+00:00,0.5426,0.5451,0.542,0.543,2873094.7
2025-11-06 04:00:00+00:00,0.5431,0.5449,0.5409,0.5427,2250637.2
2025-11-06 05:00:00+00:00,0.5427,0.5427,0.5336,0.535,4527292.9
2025-11-06 06:00:00+00:00,0.5349,0.5407,0.5341,0.5345,4602375.6
2025-11-06 07:00:00+00:00,0.5346,0.5386,0.5327,0.5343,5238376.4
2025-11-06 08:00:00+00:00,0.5342,0.5376,0.5332,0.5363,4096347.4
2025-11-06 09:00:00+00:00,0.5364,0.5388,0.534,0.536,4113178.3
2025-11-06 10:00:00+00:00,0.536,0.5388,0.5323,0.5359,3303177.4
2025-11-06 11:00:00+00:00,0.5359,0.5366,0.5315,0.5353,2470988.9
2025-11-06 12:00:00+00:00,0.5353,0.536,0.529,0.5295,4932869.7
2025-11-06 13:00:00+00:00,0.5295,0.5396,0.5295,0.5371,4265303.2
2025-11-06 14:00:00+00:00,0.5372,0.5385,0.5261,0.5271,10418863.8
2025-11-06 15:00:00+00:00,0.527,0.5324,0.5214,0.5237,16975941.7
2025-11-06 16:00:00+00:00,0.5237,0.5279,0.5168,0.5216,9593691.9
2025-11-06 17:00:00+00:00,0.5216,0.5289,0.5202,0.5282,7433611.1
2025-11-06 18:00:00+00:00,0.5282,0.5322,0.5213,0.5277,3966834.3
2025-11-06 19:00:00+00:00,0.5277,0.5304,0.5247,0.5284,2667563.4
2025-11-06 20:00:00+00:00,0.5284,0.5308,0.5228,0.5253,3247694.3
2025-11-06 21:00:00+00:00,0.5254,0.5309,0.5238,0.5293,5511639.5
2025-11-06 22:00:00+00:00,0.5293,0.5347,0.5286,0.5339,3874159.7
2025-11-06 23:00:00+00:00,0.5338,0.5338,0.5272,0.5318,2821933.6
2025-11-07 00:00:00+00:00,0.5319,0.5392,0.5311,0.5379,5379431.2
2025-11-07 01:00:00+00:00,0.538,0.5387,0.5288,0.535,5199458.0
2025-11-07 02:00:00+00:00,0.535,0.5383,0.5311,0.538,4241199.8
2025-11-07 03:00:00+00:00,0.5381,0.5413,0.5371,0.5407,8165213.9
2025-11-07 04:00:00+00:00,0.5407,0.5427,0.5357,0.5392,4916323.7
2025-11-07 05:00:00+00:00,0.5391,0.5461,0.5391,0.5453,4898709.2
2025-11-07 06:00:00+00:00,0.5454,0.5458,0.5421,0.5423,2715864.4
2025-11-07 07:00:00+00:00,0.5423,0.5481,0.5408,0.5479,4992056.9
2025-11-07 08:00:00+00:00,0.5479,0.5499,0.5452,0.5471,5396794.7
2025-11-07 09:00:00+00:00,0.5471,0.5475,0.5371,0.5409,5173705.1
2025-11-07 10:00:00+00:00,0.5409,0.5432,0.5334,0.5351,3866039.8
2025-11-07 11:00:00+00:00,0.535,0.535,0.5258,0.5311,10609082.3
2025-11-07 12:00:00+00:00,0.5311,0.5326,0.5197,0.5238,10227013.5
2025-11-07 13:00:00+00:00,0.5237,0.5295,0.5209,0.5273,7743146.8
2025-11-07 14:00:00+00:00,0.5272,0.5391,0.5196,0.537,10051776.3
2025-11-07 15:00:00+00:00,0.537,0.5473,0.5324,0.5442,12437707.3
2025-11-07 16:00:00+00:00,0.5441,0.5707,0.542,0.5674,26220129.9
2025-11-07 17:00:00+00:00,0.5673,0.5792,0.5631,0.5784,16365221.0
2025-11-07 18:00:00+00:00,0.5785,0.5856,0.5771,0.5797,15562493.8
2025-11-07 19:00:00+00:00,0.5798,0.5805,0.5738,0.5802,10981419.1
2025-11-07 20:00:00+00:00,0.5802,0.5829,0.5776,0.5818,5218090.1
2025-11-07 21:00:00+00:00,0.5818,0.5863,0.5809,0.5856,4451922.4
2025-11-07 22:00:00+00:00,0.5856,0.5862,0.5808,0.5831,4966494.7
2025-11-07 23:00:00+00:00,0.5832,0.5834,0.5756,0.5763,5162031.5
2025-11-08 00:00:00+00:00,0.5763,0.5839,0.574,0.5744,6433054.5
2025-11-08 01:00:00+00:00,0.5743,0.5855,0.5741,0.5836,4873901.4
2025-11-08 02:00:00+00:00,0.5836,0.5932,0.5823,0.5851,7216108.4
2025-11-08 03:00:00+00:00,0.5851,0.5918,0.5822,0.5823,8681324.6
2025-11-08 04:00:00+00:00,0.5824,0.5908,0.5823,0.5865,3919572.1
2025-11-08 05:00:00+00:00,0.5864,0.5895,0.578,0.5783,5156436.6
2025-11-08 06:00:00+00:00,0.5783,0.5815,0.5748,0.5777,5765926.0
2025-11-08 07:00:00+00:00,0.5777,0.5829,0.574,0.5825,5306956.8
2025-11-08 08:00:00+00:00,0.5825,0.5861,0.5788,0.5839,2925878.3
2025-11-08 09:00:00+00:00,0.5838,0.5843,0.5744,0.5764,3394047.7
2025-11-08 10:00:00+00:00,0.5765,0.58,0.5719,0.5787,5074275.6
2025-11-08 11:00:00+00:00,0.5787,0.5798,0.5734,0.5747,2286109.7
2025-11-08 12:00:00+00:00,0.5748,0.5782,0.5732,0.577,2293740.0
2025-11-08 13:00:00+00:00,0.577,0.5774,0.5664,0.5667,4514855.5
2025-11-08 14:00:00+00:00,0.5668,0.5684,0.562,0.5649,6451838.2
2025-11-08 15:00:00+00:00,0.5649,0.5656,0.5556,0.5574,5270707.5
2025-11-08 16:00:00+00:00,0.5574,0.5603,0.5539,0.5583,4083121.8
2025-11-08 17:00:00+00:00,0.5583,0.5628,0.5564,0.5609,2438162.8
2025-11-08 18:00:00+00:00,0.5608,0.5642,0.5581,0.5631,3860282.7
2025-11-08 19:00:00+00:00,0.5631,0.5631,0.5557,0.5609,3051742.7
2025-11-08 20:00:00+00:00,0.5609,0.5639,0.5587,0.5628,1278195.9
2025-11-08 21:00:00+00:00,0.5628,0.5658,0.5618,0.5642,1459750.2
2025-11-08 22:00:00+00:00,0.5643,0.5677,0.5632,0.5673,1898635.6
2025-11-08 23:00:00+00:00,0.5673,0.5694,0.5663,0.5688,1484327.4
2025-11-09 00:00:00+00:00,0.5688,0.5688,0.5596,0.5607,1972357.3
2025-11-09 01:00:00+00:00,0.5608,0.5639,0.5584,0.5637,2146595.8
2025-11-09 02:00:00+00:00,0.5637,0.5637,0.5511,0.5527,4173665.6
2025-11-09 03:00:00+00:00,0.5528,0.5547,0.5478,0.5504,4808091.4
2025-11-09 04:00:00+00:00,0.5503,0.5562,0.5503,0.5545,3564354.1
2025-11-09 05:00:00+00:00,0.5544,0.5565,0.5519,0.5559,1434129.0
2025-11-09 06:00:00+00:00,0.5558,0.5606,0.5548,0.5565,2561016.5
2025-11-09 07:00:00+00:00,0.5566,0.5636,0.5562,0.5629,2835342.4
2025-11-09 08:00:00+00:00,0.5629,0.5629,0.5573,0.5592,1588728.9
2025-11-09 09:00:00+00:00,0.5593,0.5621,0.5527,0.5535,2785460.3
2025-11-09 10:00:00+00:00,0.5534,0.559,0.55,0.5589,3873509.4
2025-11-09 11:00:00+00:00,0.559,0.5636,0.559,0.5627,2419968.6
2025-11-09 12:00:00+00:00,0.5627,0.5658,0.5607,0.5631,4005072.9
2025-11-09 13:00:00+00:00,0.5632,0.5685,0.5618,0.5646,3291923.8
2025-11-09 14:00:00+00:00,0.5646,0.5773,0.5619,0.5709,11176532.8
2025-11-09 15:00:00+00:00,0.5709,0.5788,0.5709,0.5754,5153031.1
2025-11-09 16:00:00+00:00,0.5754,0.5793,0.5703,0.5776,4639775.7
2025-11-09 17:00:00+00:00,0.5775,0.5778,0.5703,0.5717,3758800.3
2025-11-09 18:00:00+00:00,0.5718,0.5781,0.5694,0.5772,3928952.1
2025-11-09 19:00:00+00:00,0.5773,0.5834,0.5757,0.583,4877506.5
2025-11-09 20:00:00+00:00,0.583,0.5844,0.5792,0.5802,4507672.7
2025-11-09 21:00:00+00:00,0.5803,0.5813,0.5778,0.5796,2506222.4
2025-11-09 22:00:00+00:00,0.5797,0.5798,0.5734,0.5772,4375955.1
2025-11-09 23:00:00+00:00,0.5773,0.583,0.5757,0.579,4987687.0
2025-11-10 00:00:00+00:00,0.5789,0.5912,0.5737,0.5875,7211473.6
2025-11-10 01:00:00+00:00,0.5874,0.5901,0.5829,0.5839,4430848.6
2025-11-10 02:00:00+00:00,0.5838,0.5854,0.5811,0.5852,2340281.0
2025-11-10 03:00:00+00:00,0.5853,0.5898,0.5847,0.5884,3710636.5
2025-11-10 04:00:00+00:00,0.5885,0.5912,0.5866,0.5898,3116002.4
2025-11-10 05:00:00+00:00,0.5898,0.5919,0.5857,0.5898,3162642.2
2025-11-10 06:00:00+00:00,0.5898,0.5907,0.585,0.5869,2564110.0
2025-11-10 07:00:00+00:00,0.5869,0.59,0.5862,0.5894,3716696.9
2025-11-10 08:00:00+00:00,0.5895,0.591,0.5837,0.5873,3340229.3
2025-11-10 09:00:00+00:00,0.5872,0.6031,0.5866,0.6002,7160901.4
2025-11-10 10:00:00+00:00,0.6003,0.6025,0.5944,0.5948,5921912.2
2025-11-10 11:00:00+00:00,0.5949,0.6,0.5943,0.5959,3986110.2
2025-11-10 12:00:00+00:00,0.5959,0.5968,0.5912,0.5934,3358498.0
2025-11-10 13:00:00+00:00,0.5934,0.601,0.5926,0.5972,4419888.2
2025-11-10 14:00:00+00:00,0.5973,0.5973,0.5808,0.5847,10001178.2
2025-11-10 15:00:00+00:00,0.5847,0.5904,0.582,0.5849,4970869.6
2025-11-10 16:00:00+00:00,0.5848,0.5884,0.578,0.5812,4343597.6
2025-11-10 17:00:00+00:00,0.5811,0.5889,0.5801,0.5872,2992061.0
2025-11-10 18:00:00+00:00,0.5872,0.5883,0.5839,0.584,4328202.0
2025-11-10 19:00:00+00:00,0.5841,0.5926,0.584,0.5883,4072600.3
2025-11-10 20:00:00+00:00,0.5883,0.5946,0.5882,0.5915,3135891.2
2025-11-10 21:00:00+00:00,0.5915,0.5915,0.584,0.588,3426225.7
2025-11-10 22:00:00+00:00,0.5881,0.5983,0.5849,0.5975,4839941.5
2025-11-10 23:00:00+00:00,0.5976,0.598,0.5922,0.5928,2277035.2
2025-11-11 00:00:00+00:00,0.5929,0.5982,0.5866,0.5932,3708071.6
2025-11-11 01:00:00+00:00,0.5931,0.6069,0.592,0.5937,8075598.0
2025-11-11 02:00:00+00:00,0.5938,0.6052,0.5902,0.6017,7431886.6
2025-11-11 03:00:00+00:00,0.6017,0.6039,0.5973,0.5988,4817478.9
2025-11-11 04:00:00+00:00,0.5987,0.6004,0.5883,0.5894,4693147.3
2025-11-11 05:00:00+00:00,0.5895,0.5896,0.582,0.5828,4158005.9
2025-11-11 06:00:00+00:00,0.5828,0.5843,0.5796,0.5835,5832170.3
2025-11-11 07:00:00+00:00,0.5834,0.5842,0.5756,0.5759,4824545.0
2025-11-11 08:00:00+00:00,0.5759,0.5793,0.5754,0.5776,2809965.0
2025-11-11 09:00:00+00:00,0.5776,0.5814,0.5754,0.5755,3223712.9
2025-11-11 10:00:00+00:00,0.5754,0.5806,0.5747,0.5796,2723715.6
2025-11-11 11:00:00+00:00,0.5797,0.5839,0.5786,0.5803,2426274.5
2025-11-11 12:00:00+00:00,0.5804,0.5842,0.577,0.5789,2693860.9
2025-11-11 13:00:00+00:00,0.579,0.5828,0.5745,0.5756,4417114.2
2025-11-11 14:00:00+00:00,0.5756,0.5822,0.5727,0.5817,6658778.0
2025-11-11 15:00:00+00:00,0.5817,0.5817,0.5706,0.5722,5163839.0
2025-11-11 16:00:00+00:00,0.5722,0.5746,0.5702,0.5718,2888517.5
2025-11-11 17:00:00+00:00,0.5719,0.5755,0.5666,0.5705,4223153.0
2025-11-11 18:00:00+00:00,0.5705,0.5724,0.5676,0.5688,2735676.7
2025-11-11 19:00:00+00:00,0.5687,0.5687,0.5591,0.5623,16482335.8
2025-11-11 20:00:00+00:00,0.5622,0.5644,0.5583,0.5597,4371645.0
2025-11-11 21:00:00+00:00,0.5598,0.5626,0.5553,0.5563,4567808.5
2025-11-11 22:00:00+00:00,0.5562,0.5623,0.5535,0.5612,4148837.5
2025-11-11 23:00:00+00:00,0.5612,0.5614,0.5553,0.5564,2629107.0
2025-11-12 00:00:00+00:00,0.5565,0.5593,0.5535,0.5542,3223402.6
2025-11-12 01:00:00+00:00,0.5541,0.5604,0.5528,0.5597,3333584.9
2025-11-12 02:00:00+00:00,0.5596,0.5619,0.5549,0.5583,2118612.4
2025-11-12 03:00:00+00:00,0.5582,0.562,0.5574,0.5606,1703265.0
2025-11-12 04:00:00+00:00,0.5607,0.5624,0.5593,0.5613,939470.2
2025-11-12 05:00:00+00:00,0.5614,0.5632,0.558,0.5613,4023593.6
2025-11-12 06:00:00+00:00,0.5613,0.5653,0.561,0.5612,2120357.2
2025-11-12 07:00:00+00:00,0.5612,0.5628,0.5559,0.5568,3620446.0
2025-11-12 08:00:00+00:00,0.5568,0.5677,0.5568,0.5648,3689814.4
2025-11-12 09:00:00+00:00,0.5649,0.5708,0.5644,0.5672,3186705.0
2025-11-12 10:00:00+00:00,0.5671,0.5729,0.5669,0.5721,1627128.6
2025-11-12 11:00:00+00:00,0.572,0.5746,0.5714,0.5738,3871490.2
2025-11-12 12:00:00+00:00,0.5737,0.5779,0.5716,0.5757,3494144.9
2025-11-12 13:00:00+00:00,0.5756,0.5809,0.5732,0.5797,3077057.9
2025-11-12 14:00:00+00:00,0.5798,0.5804,0.5633,0.5701,6838968.9
2025-11-12 15:00:00+00:00,0.57,0.5739,0.5562,0.558,10124026.7
2025-11-12 16:00:00+00:00,0.558,0.5598,0.5456,0.5484,14393467.7
2025-11-12 17:00:00+00:00,0.5484,0.5536,0.5423,0.5491,7283804.0
2025-11-12 18:00:00+00:00,0.5492,0.5527,0.5468,0.5469,5168648.9
2025-11-12 19:00:00+00:00,0.5468,0.5469,0.5394,0.5436,5938078.9
2025-11-12 20:00:00+00:00,0.5436,0.5498,0.5421,0.5476,3363233.4
2025-11-12 21:00:00+00:00,0.5477,0.551,0.5476,0.5498,1702060.7
2025-11-12 22:00:00+00:00,0.5498,0.5509,0.5458,0.5499,1571556.8
2025-11-12 23:00:00+00:00,0.5499,0.5499,0.5443,0.5458,2977550.4
2025-11-13 00:00:00+00:00,0.5457,0.551,0.5451,0.5481,2837308.4
2025-11-13 01:00:00+00:00,0.5481,0.5547,0.5479,0.5497,3441747.7
2025-11-13 02:00:00+00:00,0.5498,0.5534,0.5492,0.552,1850918.5
2025-11-13 03:00:00+00:00,0.552,0.564,0.5436,0.5588,4954982.4
2025-11-13 04:00:00+00:00,0.5588,0.5623,0.5553,0.5602,4668695.1
2025-11-13 05:00:00+00:00,0.5601,0.5682,0.5579,0.5669,3470888.8
2025-11-13 06:00:00+00:00,0.567,0.571,0.5655,0.5675,4059855.6
2025-11-13 07:00:00+00:00,0.5676,0.5703,0.563,0.5647,6095022.8
2025-11-13 08:00:00+00:00,0.5647,0.5696,0.5641,0.5679,2156557.4
2025-11-13 09:00:00+00:00,0.5679,0.5686,0.5622,0.5647,4573431.7
2025-11-13 10:00:00+00:00,0.5647,0.5716,0.5644,0.5664,2482198.5
2025-11-13 11:00:00+00:00,0.5665,0.5692,0.5639,0.5648,2133481.2
2025-11-13 12:00:00+00:00,0.5648,0.567,0.562,0.5662,2442388.9
2025-11-13 13:00:00+00:00,0.5663,0.5671,0.558,0.5599,5960133.9
2025-11-13 14:00:00+00:00,0.5599,0.5688,0.5532,0.564,11433332.8
2025-11-13 15:00:00+00:00,0.5639,0.5659,0.5517,0.5541,8710676.4
2025-11-13 16:00:00+00:00,0.554,0.5547,0.5414,0.5419,7360193.3
2025-11-13 17:00:00+00:00,0.5419,0.5425,0.5284,0.5292,12056339.2
2025-11-13 18:00:00+00:00,0.5292,0.5311,0.5203,0.5228,13561153.7
2025-11-13 19:00:00+00:00,0.5229,0.5282,0.519,0.5216,14323784.9
2025-11-13 20:00:00+00:00,0.5216,0.523,0.5144,0.5188,12300669.8
2025-11-13 21:00:00+00:00,0.5189,0.5217,0.5161,0.5196,5124495.8
2025-11-13 22:00:00+00:00,0.5195,0.5303,0.5182,0.529,7519415.7
2025-11-13 23:00:00+00:00,0.529,0.5348,0.5271,0.5298,6146625.6
2025-11-14 00:00:00+00:00,0.5298,0.5336,0.5243,0.5257,6600366.5
2025-11-14 01:00:00+00:00,0.5258,0.5287,0.5239,0.5256,5057824.2
2025-11-14 02:00:00+00:00,0.5256,0.5314,0.5254,0.529,3717559.3
2025-11-14 03:00:00+00:00,0.529,0.5293,0.5236,0.5258,2770838.2
2025-11-14 04:00:00+00:00,0.5258,0.5258,0.5066,0.5169,19540508.3
2025-11-14 05:00:00+00:00,0.5168,0.5237,0.515,0.5218,10702123.9
2025-11-14 06:00:00+00:00,0.5218,0.5269,0.5125,0.5264,11046935.3
2025-11-14 07:00:00+00:00,0.5264,0.528,0.5209,0.5241,6983031.2
2025-11-14 08:00:00+00:00,0.5242,0.5242,0.5181,0.52,3930245.9
2025-11-14 09:00:00+00:00,0.52,0.5226,0.5144,0.5147,4768292.0
2025-11-14 10:00:00+00:00,0.5148,0.521,0.5144,0.5186,4533344.9
2025-11-14 11:00:00+00:00,0.5185,0.5187,0.5102,0.5132,6898403.7
2025-11-14 12:00:00+00:00,0.5132,0.5132,0.4998,0.5107,19802649.7
2025-11-14 13:00:00+00:00,0.5108,0.5138,0.5021,0.5074,9249435.6
2025-11-14 14:00:00+00:00,0.5073,0.5179,0.5028,0.515,17791005.4
2025-11-14 15:00:00+00:00,0.5151,0.5193,0.5087,0.5143,8489193.6
2025-11-14 16:00:00+00:00,0.5144,0.5208,0.5118,0.5187,6892482.1
2025-11-14 17:00:00+00:00,0.5186,0.5203,0.5074,0.5101,4772195.5
2025-11-14 18:00:00+00:00,0.51,0.5161,0.508,0.5089,4556637.8
2025-11-14 19:00:00+00:00,0.5088,0.5176,0.5072,0.5159,4112383.1
2025-11-14 20:00:00+00:00,0.516,0.5161,0.4991,0.5018,8968509.2
2025-11-14 21:00:00+00:00,0.5019,0.5091,0.4997,0.507,5467468.3
2025-11-14 22:00:00+00:00,0.5069,0.5093,0.5013,0.5035,4577784.3
2025-11-14 23:00:00+00:00,0.5034,0.5034,0.4901,0.4984,9574448.2
2025-11-15 00:00:00+00:00,0.4984,0.5049,0.4979,0.5046,4208953.1
2025-11-15 01:00:00+00:00,0.5046,0.5106,0.5025,0.5098,4221140.8
2025-11-15 02:00:00+00:00,0.5097,0.5141,0.508,0.5141,3537018.9
2025-11-15 03:00:00+00:00,0.5141,0.5147,0.5107,0.5115,6263908.1
2025-11-15 04:00:00+00:00,0.5116,0.5125,0.5062,0.507,6282442.6
2025-11-15 05:00:00+00:00,0.5071,0.5098,0.5068,0.5089,4903356.0
2025-11-15 06:00:00+00:00,0.509,0.5154,0.5089,0.5144,15305391.9
2025-11-15 07:00:00+00:00,0.5144,0.5144,0.5089,0.5101,4402194.0
2025-11-15 08:00:00+00:00,0.5101,0.5106,0.5002,0.5017,16175928.3
2025-11-15 09:00:00+00:00,0.5016,0.5057,0.5,0.5017,4978862.9
2025-11-15 10:00:00+00:00,0.5017,0.5054,0.5008,0.5047,2526360.1
2025-11-15 11:00:00+00:00,0.5047,0.5061,0.5007,0.5019,2797455.5
2025-11-15 12:00:00+00:00,0.5018,0.5063,0.5007,0.5061,3483560.1
2025-11-15 13:00:00+00:00,0.506,0.5102,0.5054,0.5089,4088737.2
2025-11-15 14:00:00+00:00,0.509,0.5101,0.5062,0.5086,3788021.5
2025-11-15 15:00:00+00:00,0.5086,0.5094,0.5062,0.5069,1780988.5
2025-11-15 16:00:00+00:00,0.5069,0.5074,0.5027,0.5071,2890468.6
2025-11-15 17:00:00+00:00,0.5072,0.5115,0.5061,0.51,4310758.5
2025-11-15 18:00:00+00:00,0.51,0.5107,0.5079,0.5093,2521407.1
2025-11-15 19:00:00+00:00,0.5092,0.5099,0.5066,0.5078,1592886.6
2025-11-15 20:00:00+00:00,0.5078,0.508,0.502,0.5028,2603180.8
2025-11-15 21:00:00+00:00,0.5029,0.5066,0.4989,0.5002,3265827.3
2025-11-15 22:00:00+00:00,0.5002,0.5046,0.4996,0.5043,2014471.3
2025-11-15 23:00:00+00:00,0.5043,0.5053,0.5032,0.5036,1158808.9
2025-11-16 00:00:00+00:00,0.5035,0.5044,0.4976,0.5007,3658724.6
2025-11-16 01:00:00+00:00,0.5006,0.5016,0.4925,0.4993,7101710.8
2025-11-16 02:00:00+00:00,0.4992,0.5052,0.4976,0.5051,4023951.7
2025-11-16 03:00:00+00:00,0.5052,0.5063,0.5026,0.5043,2145958.5
2025-11-16 04:00:00+00:00,0.5044,0.505,0.4998,0.5022,2597700.4
2025-11-16 05:00:00+00:00,0.5022,0.5062,0.5018,0.5022,3680719.8
2025-11-16 06:00:00+00:00,0.5021,0.504,0.5012,0.5014,1597085.1
2025-11-16 07:00:00+00:00,0.5014,0.5055,0.5011,0.5053,1494033.1
2025-11-16 08:00:00+00:00,0.5052,0.5062,0.5024,0.5044,1417127.7
2025-11-16 09:00:00+00:00,0.5044,0.5093,0.5025,0.5092,4201136.7
2025-11-16 10:00:00+00:00,0.5091,0.5093,0.5066,0.5066,2091005.5
2025-11-16 11:00:00+00:00,0.5067,0.5071,0.4957,0.4974,8920129.9
2025-11-16 12:00:00+00:00,0.4973,0.5,0.4942,0.4981,8727669.5
2025-11-16 13:00:00+00:00,0.498,0.4985,0.4893,0.4914,10293766.3
2025-11-16 14:00:00+00:00,0.4914,0.4963,0.4906,0.4949,4804611.1
2025-11-16 15:00:00+00:00,0.495,0.4955,0.4823,0.4839,13683334.1
2025-11-16 16:00:00+00:00,0.4839,0.4878,0.4774,0.4791,17985778.6
2025-11-16 17:00:00+00:00,0.479,0.4824,0.4754,0.4811,13195704.6
2025-11-16 18:00:00+00:00,0.481,0.4905,0.4787,0.4807,13994898.3
2025-11-16 19:00:00+00:00,0.4808,0.4889,0.4806,0.4813,5302031.7
2025-11-16 20:00:00+00:00,0.4813,0.4869,0.4808,0.482,3320851.9
2025-11-16 21:00:00+00:00,0.4819,0.4826,0.4771,0.48,7060993.5
2025-11-16 22:00:00+00:00,0.4799,0.4866,0.4744,0.4834,14209096.4
2025-11-16 23:00:00+00:00,0.4835,0.488,0.4735,0.4845,18522120.8
2025-11-17 00:00:00+00:00,0.4845,0.4924,0.4791,0.492,15213803.8
2025-11-17 01:00:00+00:00,0.4921,0.4929,0.4871,0.4874,6829053.6
2025-11-17 02:00:00+00:00,0.4875,0.4913,0.486,0.4904,8356323.3
2025-11-17 03:00:00+00:00,0.4904,0.4959,0.4903,0.4935,5328411.2
2025-11-17 04:00:00+00:00,0.4936,0.4957,0.492,0.4924,5239954.4
2025-11-17 05:00:00+00:00,0.4924,0.493,0.4903,0.4916,4549551.1
2025-11-17 06:00:00+00:00,0.4916,0.4951,0.4902,0.4947,3030720.5
2025-11-17 07:00:00+00:00,0.4947,0.498,0.4939,0.496,5381354.4
2025-11-17 08:00:00+00:00,0.4961,0.4974,0.493,0.4933,3949634.6
2025-11-17 09:00:00+00:00,0.4933,0.4955,0.4912,0.4938,5350014.2
2025-11-17 10:00:00+00:00,0.4938,0.4966,0.4935,0.4948,2870756.2
2025-11-17 11:00:00+00:00,0.4948,0.4989,0.494,0.4953,4890939.8
2025-11-17 12:00:00+00:00,0.4954,0.4955,0.4925,0.4931,3803157.4
2025-11-17 13:00:00+00:00,0.4932,0.4939,0.4728,0.4777,18279281.5
2025-11-17 14:00:00+00:00,0.4777,0.4997,0.4737,0.4872,28958263.1
2025-11-17 15:00:00+00:00,0.4873,0.4902,0.4745,0.4757,12424977.6
2025-11-17 16:00:00+00:00,0.4756,0.4842,0.4691,0.4835,14766686.9
2025-11-17 17:00:00+00:00,0.4835,0.4841,0.4689,0.4706,10326638.2
2025-11-17 18:00:00+00:00,0.4707,0.4743,0.4648,0.4667,13783875.1
2025-11-17 19:00:00+00:00,0.4666,0.4689,0.4597,0.4607,16839977.0
2025-11-17 20:00:00+00:00,0.4607,0.4641,0.4577,0.4622,14119591.8
2025-11-17 21:00:00+00:00,0.4622,0.4647,0.4576,0.4618,8064188.1
2025-11-17 22:00:00+00:00,0.4618,0.4661,0.4592,0.4641,7209671.7
2025-11-17 23:00:00+00:00,0.4642,0.4667,0.4618,0.4663,4484458.1
2025-11-18 00:00:00+00:00,0.4664,0.467,0.4562,0.4658,8012754.7
2025-11-18 01:00:00+00:00,0.4658,0.4684,0.4627,0.4641,5323996.5
2025-11-18 02:00:00+00:00,0.4641,0.4697,0.4569,0.4622,15612494.2
2025-11-18 03:00:00+00:00,0.4622,0.4704,0.4563,0.4685,16437179.6
2025-11-18 04:00:00+00:00,0.4685,0.469,0.4592,0.4671,12704200.7
2025-11-18 05:00:00+00:00,0.4672,0.4718,0.4632,0.4663,10144779.4
2025-11-18 06:00:00+00:00,0.4663,0.467,0.4597,0.4601,6768543.8
2025-11-18 07:00:00+00:00,0.4601,0.4661,0.4579,0.465,8053904.0
2025-11-18 08:00:00+00:00,0.465,0.4712,0.464,0.4694,9854412.9
2025-11-18 09:00:00+00:00,0.4693,0.4708,0.4641,0.4691,10604474.7
2025-11-18 10:00:00+00:00,0.4691,0.4704,0.4661,0.4699,5183337.8
2025-11-18 11:00:00+00:00,0.4698,0.4704,0.467,0.4689,3576416.8
2025-11-18 12:00:00+00:00,0.469,0.4707,0.4659,0.4691,4411599.1
2025-11-18 13:00:00+00:00,0.4691,0.4692,0.4605,0.4649,5689037.9
2025-11-18 14:00:00+00:00,0.4648,0.47,0.4616,0.4625,11643460.0
2025-11-18 15:00:00+00:00,0.4624,0.4776,0.4598,0.4741,18228798.9
2025-11-18 16:00:00+00:00,0.474,0.4823,0.4723,0.4803,13655898.8
2025-11-18 17:00:00+00:00,0.4803,0.4813,0.4743,0.4764,7356976.0
2025-11-18 18:00:00+00:00,0.4764,0.4812,0.4763,0.4793,4787854.2
2025-11-18 19:00:00+00:00,0.4793,0.4813,0.4771,0.4783,4155122.7
2025-11-18 20:00:00+00:00,0.4783,0.4812,0.4775,0.4778,2508240.6
2025-11-18 21:00:00+00:00,0.4779,0.4784,0.4715,0.4719,3941180.5
2025-11-18 22:00:00+00:00,0.472,0.4802,0.4719,0.4784,3404167.3
2025-11-18 23:00:00+00:00,0.4784,0.4786,0.4739,0.4752,3558311.4
2025-11-19 00:00:00+00:00,0.4752,0.4753,0.4684,0.4731,6798361.2
2025-11-19 01:00:00+00:00,0.4731,0.4757,0.4701,0.4735,7724040.7
2025-11-19 02:00:00+00:00,0.4736,0.4775,0.4723,0.4748,3822655.3
2025-11-19 03:00:00+00:00,0.4749,0.4752,0.4678,0.4687,4381048.6
2025-11-19 04:00:00+00:00,0.4687,0.4701,0.4653,0.4656,4761481.3
2025-11-19 05:00:00+00:00,0.4656,0.4661,0.4531,0.4571,11700112.9
2025-11-19 06:00:00+00:00,0.4571,0.4626,0.4556,0.4623,7219391.5
2025-11-19 07:00:00+00:00,0.4622,0.4691,0.4617,0.4683,3910987.4
2025-11-19 08:00:00+00:00,0.4683,0.4705,0.4658,0.466,6866731.1
2025-11-19 09:00:00+00:00,0.466,0.4676,0.4633,0.4672,4407053.5
2025-11-19 10:00:00+00:00,0.4671,0.4708,0.466,0.4664,3575152.7
2025-11-19 11:00:00+00:00,0.4664,0.4681,0.4652,0.4657,2076946.3
2025-11-19 12:00:00+00:00,0.4657,0.4704,0.4653,0.4699,2150189.0
2025-11-19 13:00:00+00:00,0.4699,0.47,0.4646,0.4652,5068415.5
2025-11-19 14:00:00+00:00,0.4651,0.4667,0.4604,0.4658,8253077.9
2025-11-19 15:00:00+00:00,0.4659,0.4735,0.4561,0.4565,16856685.7
2025-11-19 16:00:00+00:00,0.4565,0.4598,0.4489,0.4503,17804274.3
2025-11-19 17:00:00+00:00,0.4502,0.4521,0.4402,0.4464,16658385.8
2025-11-19 18:00:00+00:00,0.4464,0.449,0.4381,0.4418,9944915.7
2025-11-19 19:00:00+00:00,0.4418,0.4433,0.4386,0.4415,7783641.3
2025-11-19 20:00:00+00:00,0.4416,0.451,0.4403,0.4502,8194228.8
2025-11-19 21:00:00+00:00,0.4503,0.4608,0.4487,0.4598,16598115.0
2025-11-19 22:00:00+00:00,0.4598,0.4601,0.4545,0.4577,6506115.7
2025-11-19 23:00:00+00:00,0.4577,0.4644,0.4574,0.464,5949029.9
2025-11-20 00:00:00+00:00,0.464,0.4662,0.4612,0.4628,5478480.3
2025-11-20 01:00:00+00:00,0.4628,0.4673,0.4622,0.4663,3494668.4
2025-11-20 02:00:00+00:00,0.4663,0.4699,0.4659,0.4682,5951212.5
2025-11-20 03:00:00+00:00,0.4682,0.4687,0.4659,0.4668,3454303.3
2025-11-20 04:00:00+00:00,0.4667,0.4695,0.464,0.4695,5927812.8
2025-11-20 05:00:00+00:00,0.4695,0.4704,0.466,0.4673,3366997.0
2025-11-20 06:00:00+00:00,0.4673,0.469,0.4635,0.4657,3845590.4
2025-11-20 07:00:00+00:00,0.4657,0.471,0.4652,0.4703,4597777.2
2025-11-20 08:00:00+00:00,0.4703,0.471,0.4678,0.4691,3485619.7
2025-11-20 09:00:00+00:00,0.4691,0.4693,0.4653,0.4668,4198710.3
2025-11-20 10:00:00+00:00,0.4668,0.4675,0.4641,0.466,3034471.3
2025-11-20 11:00:00+00:00,0.466,0.4669,0.4641,0.4662,2129235.6
2025-11-20 12:00:00+00:00,0.4663,0.4706,0.4641,0.4694,3157140.5
2025-11-20 13:00:00+00:00,0.4695,0.4722,0.4649,0.4653,10075992.4
2025-11-20 14:00:00+00:00,0.4654,0.4689,0.4586,0.4651,10267033.5
2025-11-20 15:00:00+00:00,0.4651,0.4652,0.4551,0.4557,8808076.9
2025-11-20 16:00:00+00:00,0.4557,0.4565,0.4368,0.4392,34919545.3
2025-11-20 17:00:00+00:00,0.4391,0.441,0.4304,0.434,21129014.4
2025-11-20 18:00:00+00:00,0.4339,0.4373,0.4297,0.4315,9562517.5
2025-11-20 19:00:00+00:00,0.4314,0.4368,0.4288,0.4359,11178179.2
2025-11-20 20:00:00+00:00,0.4359,0.4368,0.4311,0.4343,5816868.3
2025-11-20 21:00:00+00:00,0.4343,0.4416,0.4343,0.4384,4438918.5
2025-11-20 22:00:00+00:00,0.4383,0.4453,0.4379,0.4427,4881047.9
2025-11-20 23:00:00+00:00,0.4427,0.4431,0.4315,0.4324,8440818.8
2025-11-21 00:00:00+00:00,0.4323,0.4372,0.4316,0.4363,5892089.1
2025-11-21 01:00:00+00:00,0.4364,0.4397,0.4347,0.4352,4966539.7
2025-11-21 02:00:00+00:00,0.4351,0.4358,0.4246,0.426,15587884.0
2025-11-21 03:00:00+00:00,0.4259,0.4342,0.4258,0.4302,14974443.8
2025-11-21 04:00:00+00:00,0.4301,0.4314,0.4208,0.428,25137060.7
2025-11-21 05:00:00+00:00,0.4279,0.4299,0.4204,0.4243,22528105.0
2025-11-21 06:00:00+00:00,0.4244,0.4251,0.4188,0.4213,12213121.7
2025-11-21 07:00:00+00:00,0.4213,0.4229,0.3912,0.4088,77131549.5
2025-11-21 08:00:00+00:00,0.4087,0.418,0.408,0.4118,35851751.8
2025-11-21 09:00:00+00:00,0.4119,0.4144,0.4022,0.4028,27900670.7
2025-11-21 10:00:00+00:00,0.4027,0.4071,0.3999,0.4026,20602539.3
2025-11-21 11:00:00+00:00,0.4026,0.4076,0.3983,0.3988,10802026.9
2025-11-21 12:00:00+00:00,0.3988,0.4084,0.3876,0.4047,37177896.0
2025-11-21 13:00:00+00:00,0.4047,0.4092,0.4019,0.4056,15387096.4
2025-11-21 14:00:00+00:00,0.4057,0.414,0.4036,0.411,17131414.3
2025-11-21 15:00:00+00:00,0.4111,0.4122,0.3995,0.401,18562304.3
2025-11-21 16:00:00+00:00,0.401,0.4126,0.396,0.412,21283408.9
2025-11-21 17:00:00+00:00,0.412,0.4177,0.4107,0.4133,18454423.6
2025-11-21 18:00:00+00:00,0.4134,0.4173,0.4044,0.4134,15646290.0
2025-11-21 19:00:00+00:00,0.4133,0.4146,0.4079,0.4099,6227981.5
2025-11-21 20:00:00+00:00,0.4098,0.4103,0.402,0.4061,8083386.0
2025-11-21 21:00:00+00:00,0.4061,0.4143,0.4042,0.4124,6212285.6
2025-11-21 22:00:00+00:00,0.4123,0.4135,0.3995,0.3995,8279721.1
2025-11-21 23:00:00+00:00,0.3996,0.411,0.3977,0.4091,5769319.9
2025-11-22 00:00:00+00:00,0.4091,0.4114,0.4055,0.4087,6360653.1
2025-11-22 01:00:00+00:00,0.4087,0.4132,0.4081,0.4115,4815415.5
2025-11-22 02:00:00+00:00,0.4116,0.4122,0.405,0.407,3155306.4
2025-11-22 03:00:00+00:00,0.4071,0.4088,0.4058,0.4073,2518980.1
2025-11-22 04:00:00+00:00,0.4072,0.4076,0.3986,0.404,6161771.7
2025-11-22 05:00:00+00:00,0.4041,0.405,0.398,0.4015,3942048.7
2025-11-22 06:00:00+00:00,0.4015,0.4069,0.3985,0.4057,3639908.7
2025-11-22 07:00:00+00:00,0.4056,0.4067,0.4037,0.4058,2589376.5
2025-11-22 08:00:00+00:00,0.4058,0.4058,0.3971,0.3982,5057253.6
2025-11-22 09:00:00+00:00,0.3982,0.4028,0.3961,0.4,5580169.6
2025-11-22 10:00:00+00:00,0.4,0.4023,0.3969,0.3987,3184861.4
2025-11-22 11:00:00+00:00,0.3988,0.4042,0.3972,0.4019,3556726.6
2025-11-22 12:00:00+00:00,0.4019,0.4019,0.3958,0.3965,4583271.1
2025-11-22 13:00:00+00:00,0.3966,0.3975,0.3907,0.3935,7473180.9
2025-11-22 14:00:00+00:00,0.3935,0.4004,0.3933,0.3988,9073361.4
2025-11-22 15:00:00+00:00,0.3988,0.4015,0.3954,0.3983,5163398.8
2025-11-22 16:00:00+00:00,0.3983,0.4039,0.3979,0.4021,4667243.4
2025-11-22 17:00:00+00:00,0.4021,0.4027,0.3998,0.4003,2694588.3
2025-11-22 18:00:00+00:00,0.4004,0.4032,0.3996,0.4027,1740799.1
2025-11-22 19:00:00+00:00,0.4026,0.4048,0.3999,0.4014,1946021.9
2025-11-22 20:00:00+00:00,0.4015,0.4038,0.3993,0.4008,1651438.1
2025-11-22 21:00:00+00:00,0.4007,0.4022,0.4002,0.4014,914857.2
2025-11-22 22:00:00+00:00,0.4015,0.4109,0.4001,0.4085,5028002.5
2025-11-22 23:00:00+00:00,0.4085,0.4088,0.4041,0.4046,3375072.0
2025-11-23 00:00:00+00:00,0.4045,0.406,0.4016,0.4036,4490817.6
2025-11-23 01:00:00+00:00,0.4036,0.4095,0.4033,0.4077,5135792.8
2025-11-23 02:00:00+00:00,0.4077,0.4115,0.4066,0.4097,4719950.0
2025-11-23 03:00:00+00:00,0.4097,0.4108,0.4079,0.4107,2872478.2
2025-11-23 04:00:00+00:00,0.4108,0.4157,0.4104,0.4133,7853399.9
2025-11-23 05:00:00+00:00,0.4133,0.4134,0.4101,0.413,2751826.1
2025-11-23 06:00:00+00:00,0.413,0.4136,0.41,0.4106,2671018.0
2025-11-23 07:00:00+00:00,0.4107,0.411,0.406,0.4088,6856357.4
2025-11-23 08:00:00+00:00,0.4087,0.4125,0.4085,0.4121,3040391.9
2025-11-23 09:00:00+00:00,0.4122,0.4132,0.4107,0.4119,4152452.2
2025-11-23 10:00:00+00:00,0.4119,0.413,0.4081,0.4091,5951171.4
2025-11-23 11:00:00+00:00,0.409,0.4101,0.4061,0.4096,2950614.9
2025-11-23 12:00:00+00:00,0.4096,0.415,0.4088,0.4133,9322225.4
2025-11-23 13:00:00+00:00,0.4133,0.416,0.4115,0.4157,2722294.2
2025-11-23 14:00:00+00:00,0.4157,0.4185,0.4109,0.4115,5130816.6
2025-11-23 15:00:00+00:00,0.4116,0.418,0.411,0.4169,2621050.6
2025-11-23 16:00:00+00:00,0.4169,0.4183,0.4113,0.4119,6468447.7
2025-11-23 17:00:00+00:00,0.4118,0.4122,0.4083,0.409,7119416.9
2025-11-23 18:00:00+00:00,0.409,0.4134,0.4089,0.4103,6104809.1
2025-11-23 19:00:00+00:00,0.4103,0.4149,0.41,0.4132,4759490.5
2025-11-23 20:00:00+00:00,0.4133,0.4153,0.4125,0.4139,2602695.9
2025-11-23 21:00:00+00:00,0.4139,0.4168,0.4114,0.4161,3339445.9
2025-11-23 22:00:00+00:00,0.4162,0.4168,0.413,0.4152,3880947.6
2025-11-23 23:00:00+00:00,0.4152,0.416,0.4077,0.4085,5443531.6
2025-11-24 00:00:00+00:00,0.4085,0.4112,0.404,0.408,5328480.7
2025-11-24 01:00:00+00:00,0.408,0.4112,0.4056,0.4107,3746439.4
2025-11-24 02:00:00+00:00,0.4107,0.4202,0.4103,0.416,11079465.6
2025-11-24 03:00:00+00:00,0.416,0.42,0.4146,0.4165,3769332.2
2025-11-24 04:00:00+00:00,0.4165,0.4183,0.4085,0.4108,5414945.8
2025-11-24 05:00:00+00:00,0.4107,0.4218,0.4102,0.4183,8379227.3
2025-11-24 06:00:00+00:00,0.4183,0.4188,0.4118,0.4143,5912051.4
2025-11-24 07:00:00+00:00,0.4142,0.4154,0.4114,0.4132,5193200.7
2025-11-24 08:00:00+00:00,0.4132,0.414,0.4105,0.413,3961722.9
2025-11-24 09:00:00+00:00,0.4129,0.4132,0.4054,0.4056,7189510.4
2025-11-24 10:00:00+00:00,0.4056,0.4085,0.4052,0.4079,3478695.8
2025-11-24 11:00:00+00:00,0.4079,0.4094,0.406,0.4083,2899866.7
2025-11-24 12:00:00+00:00,0.4083,0.4089,0.4045,0.4059,5260335.3
2025-11-24 13:00:00+00:00,0.4059,0.4115,0.4054,0.4078,5462551.6
2025-11-24 14:00:00+00:00,0.4078,0.413,0.402,0.4087,12333480.1
2025-11-24 15:00:00+00:00,0.4088,0.4153,0.4069,0.4129,8637477.9
2025-11-24 16:00:00+00:00,0.4129,0.418,0.4127,0.415,9951792.6
2025-11-24 17:00:00+00:00,0.415,0.429,0.415,0.4284,17320955.8
2025-11-24 18:00:00+00:00,0.4285,0.4302,0.4259,0.4289,9883798.6
2025-11-24 19:00:00+00:00,0.4288,0.4302,0.4265,0.4273,5407877.5
2025-11-24 20:00:00+00:00,0.4273,0.4342,0.4272,0.4325,7528100.3
2025-11-24 21:00:00+00:00,0.4325,0.4326,0.4274,0.4288,3430210.7
2025-11-24 22:00:00+00:00,0.4287,0.432,0.4279,0.4295,3229007.6
2025-11-24 23:00:00+00:00,0.4294,0.4302,0.4274,0.4276,2068432.5
2025-11-25 00:00:00+00:00,0.4276,0.4291,0.4249,0.428,4487027.3
2025-11-25 01:00:00+00:00,0.428,0.4287,0.4242,0.4244,4063087.9
2025-11-25 02:00:00+00:00,0.4245,0.4266,0.4219,0.4263,4033822.6
2025-11-25 03:00:00+00:00,0.4264,0.4276,0.423,0.4243,4264006.3
2025-11-25 04:00:00+00:00,0.4242,0.4276,0.4238,0.4262,3218476.8
2025-11-25 05:00:00+00:00,0.4262,0.4262,0.4233,0.4237,1434159.2
2025-11-25 06:00:00+00:00,0.4236,0.4238,0.4204,0.4217,2807887.0
2025-11-25 07:00:00+00:00,0.4217,0.4224,0.4182,0.4184,4333474.2
2025-11-25 08:00:00+00:00,0.4183,0.4197,0.4146,0.415,5543193.1
2025-11-25 09:00:00+00:00,0.415,0.4169,0.4131,0.4168,3382413.6
2025-11-25 10:00:00+00:00,0.4169,0.4176,0.414,0.4173,3074024.4
2025-11-25 11:00:00+00:00,0.4172,0.4173,0.4143,0.4149,4584956.7
2025-11-25 12:00:00+00:00,0.4149,0.4174,0.4132,0.4162,5536944.8
2025-11-25 13:00:00+00:00,0.4162,0.4173,0.4108,0.4119,6204899.4
2025-11-25 14:00:00+00:00,0.4119,0.4138,0.4047,0.4083,11139706.4
2025-11-25 15:00:00+00:00,0.4082,0.4132,0.4046,0.4109,6244118.5
2025-11-25 16:00:00+00:00,0.4109,0.4179,0.4107,0.4155,5922811.7
2025-11-25 17:00:00+00:00,0.4154,0.4207,0.4142,0.4176,5321657.8
2025-11-25 18:00:00+00:00,0.4176,0.4214,0.4167,0.4169,5365019.0
2025-11-25 19:00:00+00:00,0.4168,0.4178,0.4105,0.417,6905764.4
2025-11-25 20:00:00+00:00,0.417,0.4223,0.4165,0.4199,6204747.7
2025-11-25 21:00:00+00:00,0.4199,0.4206,0.4179,0.4183,3298834.9
2025-11-25 22:00:00+00:00,0.4183,0.4227,0.4136,0.4216,4836325.8
2025-11-25 23:00:00+00:00,0.4215,0.4263,0.4203,0.4218,4328455.0
2025-11-26 00:00:00+00:00,0.4219,0.4243,0.4214,0.4224,3129825.4
2025-11-26 01:00:00+00:00,0.4223,0.4279,0.4209,0.4262,3928284.2
2025-11-26 02:00:00+00:00,0.4262,0.4286,0.4239,0.4242,3314077.4
2025-11-26 03:00:00+00:00,0.4242,0.4258,0.4207,0.4208,2364467.8
2025-11-26 04:00:00+00:00,0.4208,0.4221,0.4187,0.4196,3698822.5
2025-11-26 05:00:00+00:00,0.4196,0.4239,0.4193,0.4225,1909424.7
2025-11-26 06:00:00+00:00,0.4224,0.4248,0.42,0.4232,2578582.3
2025-11-26 07:00:00+00:00,0.4232,0.4251,0.4227,0.425,1851586.9
2025-11-26 08:00:00+00:00,0.4249,0.4251,0.4202,0.4204,2286131.4
2025-11-26 09:00:00+00:00,0.4203,0.4206,0.4167,0.4177,4927945.4
2025-11-26 10:00:00+00:00,0.4176,0.4187,0.4154,0.4177,2388312.4
2025-11-26 11:00:00+00:00,0.4177,0.4177,0.4137,0.4152,1990891.4
2025-11-26 12:00:00+00:00,0.4151,0.416,0.4112,0.4138,3471516.2
2025-11-26 13:00:00+00:00,0.4137,0.4176,0.4129,0.4166,2749699.8
2025-11-26 14:00:00+00:00,0.4165,0.4181,0.4116,0.4124,6673002.6
2025-11-26 15:00:00+00:00,0.4124,0.4155,0.4104,0.4128,7078369.2
2025-11-26 16:00:00+00:00,0.4128,0.4206,0.4127,0.419,4869292.3
2025-11-26 17:00:00+00:00,0.4191,0.4316,0.4182,0.4308,8896127.0
2025-11-26 18:00:00+00:00,0.4308,0.4358,0.4296,0.4351,10403012.3
2025-11-26 19:00:00+00:00,0.4352,0.4356,0.4326,0.434,4411243.9
2025-11-26 20:00:00+00:00,0.434,0.4356,0.4312,0.4344,3798117.9
2025-11-26 21:00:00+00:00,0.4344,0.4373,0.4319,0.4346,3732175.2
2025-11-26 22:00:00+00:00,0.4347,0.4369,0.4339,0.4353,2683700.7
2025-11-26 23:00:00+00:00,0.4352,0.4365,0.4345,0.4356,1554817.0
2025-11-27 00:00:00+00:00,0.4357,0.4376,0.4327,0.4357,6798973.5
2025-11-27 01:00:00+00:00,0.4357,0.4385,0.4344,0.4376,4244993.2
2025-11-27 02:00:00+00:00,0.4375,0.439,0.4349,0.435,4218322.8
2025-11-27 03:00:00+00:00,0.4349,0.4366,0.4325,0.4328,4493046.0
2025-11-27 04:00:00+00:00,0.4328,0.435,0.4327,0.4336,1636071.1
2025-11-27 05:00:00+00:00,0.4335,0.4352,0.4302,0.4307,3160693.9
2025-11-27 06:00:00+00:00,0.4308,0.4356,0.4304,0.4344,2219967.6
2025-11-27 07:00:00+00:00,0.4345,0.4354,0.4327,0.4339,3313349.4
2025-11-27 08:00:00+00:00,0.4338,0.4348,0.4315,0.4346,2299422.1
2025-11-27 09:00:00+00:00,0.4346,0.4372,0.4329,0.4331,3574195.7
2025-11-27 10:00:00+00:00,0.4331,0.434,0.4305,0.4313,2580642.7
2025-11-27 11:00:00+00:00,0.4313,0.4315,0.4287,0.4303,2713875.5
2025-11-27 12:00:00+00:00,0.4303,0.4306,0.4266,0.4272,2793916.0
2025-11-27 13:00:00+00:00,0.4271,0.4292,0.4265,0.428,3209084.4
2025-11-27 14:00:00+00:00,0.428,0.4302,0.4272,0.4295,2451925.7
2025-11-27 15:00:00+00:00,0.4294,0.4337,0.4284,0.4332,2130449.5
2025-11-27 16:00:00+00:00,0.4332,0.4367,0.4312,0.434,3162820.7
2025-11-27 17:00:00+00:00,0.4339,0.4342,0.4304,0.4323,2458687.4
2025-11-27 18:00:00+00:00,0.4323,0.4376,0.4315,0.4368,3147711.0
2025-11-27 19:00:00+00:00,0.4367,0.4369,0.4343,0.436,2166560.3
2025-11-27 20:00:00+00:00,0.436,0.4378,0.4356,0.4368,1668079.2
2025-11-27 21:00:00+00:00,0.4368,0.439,0.4352,0.4358,1557132.1
2025-11-27 22:00:00+00:00,0.4358,0.4365,0.4315,0.4326,2014665.5
2025-11-27 23:00:00+00:00,0.4327,0.4347,0.4318,0.4331,1655590.2
2025-11-28 00:00:00+00:00,0.433,0.4334,0.4302,0.4304,3079255.6
2025-11-28 01:00:00+00:00,0.4304,0.4305,0.4225,0.4231,6846050.2
2025-11-28 02:00:00+00:00,0.4231,0.4258,0.4217,0.4248,3006413.0
2025-11-28 03:00:00+00:00,0.4249,0.4267,0.4235,0.4261,3372102.4
2025-11-28 04:00:00+00:00,0.4262,0.427,0.4249,0.425,1946761.0
2025-11-28 05:00:00+00:00,0.4249,0.428,0.4236,0.4267,3266115.5
2025-11-28 06:00:00+00:00,0.4267,0.4268,0.4225,0.4244,1836946.8
2025-11-28 07:00:00+00:00,0.4245,0.428,0.424,0.4242,2199055.8
2025-11-28 08:00:00+00:00,0.4241,0.4367,0.4241,0.4359,6489110.1
2025-11-28 09:00:00+00:00,0.4359,0.4371,0.4319,0.4327,5702453.9
2025-11-28 10:00:00+00:00,0.4328,0.4331,0.431,0.4321,1716412.6
2025-11-28 11:00:00+00:00,0.4322,0.4322,0.4241,0.4259,3332251.7
2025-11-28 12:00:00+00:00,0.4258,0.4269,0.4237,0.4244,3838480.1
2025-11-28 13:00:00+00:00,0.4243,0.4322,0.423,0.4303,5830912.6
2025-11-28 14:00:00+00:00,0.4303,0.434,0.4273,0.4285,11887920.6
2025-11-28 15:00:00+00:00,0.4286,0.4347,0.4268,0.4326,6851716.3
2025-11-28 16:00:00+00:00,0.4326,0.4328,0.4231,0.4234,7176567.9
2025-11-28 17:00:00+00:00,0.4234,0.4237,0.4176,0.4188,7128496.0
2025-11-28 18:00:00+00:00,0.4189,0.4199,0.4148,0.4189,4371460.4
2025-11-28 19:00:00+00:00,0.4189,0.4224,0.4187,0.4214,3636544.7
2025-11-28 20:00:00+00:00,0.4215,0.4219,0.4183,0.4213,2139061.7
2025-11-28 21:00:00+00:00,0.4213,0.4219,0.4188,0.419,2245963.0
2025-11-28 22:00:00+00:00,0.419,0.4217,0.4174,0.4215,3125144.2
2025-11-28 23:00:00+00:00,0.4215,0.4229,0.4192,0.4199,1737235.3
2025-11-29 00:00:00+00:00,0.42,0.4208,0.4187,0.4198,1203667.8
2025-11-29 01:00:00+00:00,0.4197,0.422,0.4185,0.4197,1759780.3
2025-11-29 02:00:00+00:00,0.4196,0.42,0.4169,0.4179,1165628.3
2025-11-29 03:00:00+00:00,0.4179,0.4187,0.4162,0.4163,1749491.8
2025-11-29 04:00:00+00:00,0.4162,0.4187,0.4149,0.4182,4617550.7
2025-11-29 05:00:00+00:00,0.4182,0.4184,0.4163,0.4164,1278236.6
2025-11-29 06:00:00+00:00,0.4164,0.4181,0.4134,0.4157,3966322.9
2025-11-29 07:00:00+00:00,0.4158,0.4174,0.415,0.4154,991531.0
2025-11-29 08:00:00+00:00,0.4153,0.4166,0.4141,0.415,1370019.3
2025-11-29 09:00:00+00:00,0.4151,0.416,0.4141,0.4152,1118267.4
2025-11-29 10:00:00+00:00,0.4151,0.4176,0.4137,0.4165,2682902.2
2025-11-29 11:00:00+00:00,0.4166,0.4192,0.4161,0.4185,1573331.4
2025-11-29 12:00:00+00:00,0.4185,0.4197,0.417,0.4176,2883512.6
2025-11-29 13:00:00+00:00,0.4176,0.4187,0.4168,0.4172,2604470.1
2025-11-29 14:00:00+00:00,0.4171,0.4185,0.4155,0.4158,2483440.8
2025-11-29 15:00:00+00:00,0.4158,0.421,0.4157,0.4202,3754247.5
2025-11-29 16:00:00+00:00,0.4202,0.4216,0.4177,0.4191,1968782.9
2025-11-29 17:00:00+00:00,0.4191,0.4196,0.4141,0.4144,3032097.5
2025-11-29 18:00:00+00:00,0.4144,0.4164,0.4114,0.4154,3496377.3
2025-11-29 19:00:00+00:00,0.4154,0.4172,0.4137,0.4149,1640273.5
2025-11-29 20:00:00+00:00,0.4149,0.4177,0.4133,0.4173,2283672.8
2025-11-29 21:00:00+00:00,0.4175,0.4183,0.4153,0.4168,1396935.2
2025-11-29 22:00:00+00:00,0.4167,0.4167,0.4143,0.4154,1210271.5
2025-11-29 23:00:00+00:00,0.4154,0.4166,0.4136,0.4147,1132645.9
2025-11-30 00:00:00+00:00,0.4147,0.4168,0.4142,0.4145,686263.3
2025-11-30 01:00:00+00:00,0.4145,0.4168,0.4139,0.4158,1601367.1
2025-11-30 02:00:00+00:00,0.4158,0.4177,0.4142,0.4144,2057860.0
2025-11-30 03:00:00+00:00,0.4144,0.4204,0.4135,0.42,10498271.1
2025-11-30 04:00:00+00:00,0.4201,0.4205,0.4165,0.4178,2241529.7
2025-11-30 05:00:00+00:00,0.4177,0.4183,0.415,0.4167,1660768.6
2025-11-30 06:00:00+00:00,0.4167,0.4189,0.4155,0.4168,1355082.8
2025-11-30 07:00:00+00:00,0.4167,0.4197,0.4164,0.4185,991036.7
2025-11-30 08:00:00+00:00,0.4185,0.4219,0.4168,0.4184,4070415.5
2025-11-30 09:00:00+00:00,0.4184,0.4207,0.4181,0.4203,1958702.6
2025-11-30 10:00:00+00:00,0.4202,0.4213,0.4184,0.4194,2584817.7
2025-11-30 11:00:00+00:00,0.4194,0.4202,0.417,0.4176,1455676.6
2025-11-30 12:00:00+00:00,0.4175,0.4232,0.4171,0.4219,2523114.6
2025-11-30 13:00:00+00:00,0.4219,0.4261,0.421,0.4258,4231649.4
2025-11-30 14:00:00+00:00,0.4259,0.4263,0.4225,0.4247,2428558.0
2025-11-30 15:00:00+00:00,0.4246,0.4246,0.4207,0.4229,2129493.7
2025-11-30 16:00:00+00:00,0.4229,0.4274,0.4228,0.4254,2337367.3
2025-11-30 17:00:00+00:00,0.4254,0.4265,0.4227,0.4249,2169506.5
2025-11-30 18:00:00+00:00,0.425,0.4257,0.4234,0.4254,1861536.5
2025-11-30 19:00:00+00:00,0.4254,0.4264,0.4239,0.4251,1943293.9
2025-11-30 20:00:00+00:00,0.4251,0.4269,0.4226,0.4246,1919973.1
2025-11-30 21:00:00+00:00,0.4245,0.4249,0.4216,0.4238,1807635.1
2025-11-30 22:00:00+00:00,0.4238,0.4262,0.4221,0.4245,1612178.9
2025-11-30 23:00:00+00:00,0.4245,0.4246,0.4142,0.4143,5879550.3
2025-12-01 00:00:00+00:00,0.4142,0.4158,0.3878,0.3881,40304873.7
2025-12-01 01:00:00+00:00,0.3881,0.3959,0.3877,0.3899,27695512.5
2025-12-01 02:00:00+00:00,0.3899,0.3927,0.3888,0.3901,11204147.6
2025-12-01 03:00:00+00:00,0.3901,0.3904,0.384,0.3862,8543920.1
2025-12-01 04:00:00+00:00,0.3861,0.3871,0.3833,0.3843,6018776.4
2025-12-01 05:00:00+00:00,0.3842,0.3859,0.3826,0.3846,6374392.1
2025-12-01 06:00:00+00:00,0.3845,0.3862,0.3814,0.3836,6318087.9
2025-12-01 07:00:00+00:00,0.3837,0.3891,0.3811,0.3886,8432808.6
2025-12-01 08:00:00+00:00,0.3886,0.3889,0.3869,0.3878,4245246.3
2025-12-01 09:00:00+00:00,0.3878,0.3888,0.3851,0.3854,4684756.7
2025-12-01 10:00:00+00:00,0.3854,0.387,0.3853,0.3861,1729905.4
2025-12-01 11:00:00+00:00,0.3861,0.3863,0.3823,0.3827,3939134.4
2025-12-01 12:00:00+00:00,0.3827,0.3832,0.3734,0.3793,17305678.3
2025-12-01 13:00:00+00:00,0.3792,0.3826,0.377,0.3779,9389162.9
2025-12-01 14:00:00+00:00,0.3779,0.3844,0.3778,0.3804,6913780.7
2025-12-01 15:00:00+00:00,0.3805,0.381,0.3707,0.3762,13377595.3
2025-12-01 16:00:00+00:00,0.3763,0.3764,0.3715,0.372,5453278.5
2025-12-01 17:00:00+00:00,0.372,0.3764,0.3719,0.3747,4959435.1
2025-12-01 18:00:00+00:00,0.3747,0.3792,0.3746,0.3785,4974566.8
2025-12-01 19:00:00+00:00,0.3785,0.3787,0.3747,0.3764,2263630.7
2025-12-01 20:00:00+00:00,0.3763,0.3806,0.3762,0.3777,4242660.7
2025-12-01 21:00:00+00:00,0.3777,0.3826,0.3777,0.3818,4976281.5
2025-12-01 22:00:00+00:00,0.3819,0.3851,0.3813,0.3836,3107807.7
2025-12-01 23:00:00+00:00,0.3837,0.3877,0.3837,0.3856,2915736.9
2025-12-02 00:00:00+00:00,0.3856,0.3876,0.3848,0.3871,2686768.4
2025-12-02 01:00:00+00:00,0.387,0.3915,0.3861,0.3865,3804930.8
2025-12-02 02:00:00+00:00,0.3864,0.3907,0.3853,0.3884,4615018.9
2025-12-02 03:00:00+00:00,0.3884,0.392,0.3859,0.3913,3055843.0
2025-12-02 04:00:00+00:00,0.3913,0.3937,0.3906,0.3912,3751447.1
2025-12-02 05:00:00+00:00,0.3912,0.3922,0.3898,0.391,3372723.4
2025-12-02 06:00:00+00:00,0.391,0.3922,0.3892,0.3915,2001193.4
2025-12-02 07:00:00+00:00,0.3916,0.3917,0.3888,0.3894,1802579.1
2025-12-02 08:00:00+00:00,0.3894,0.3897,0.3854,0.3861,4767323.6
2025-12-02 09:00:00+00:00,0.3862,0.3894,0.386,0.3871,3178415.4
2025-12-02 10:00:00+00:00,0.3871,0.3937,0.3869,0.392,4201294.8
2025-12-02 11:00:00+00:00,0.392,0.3949,0.3906,0.3939,3492307.9
2025-12-02 12:00:00+00:00,0.3938,0.3956,0.3929,0.3952,4836840.7
2025-12-02 13:00:00+00:00,0.3952,0.3991,0.3938,0.3983,4663283.1
2025-12-02 14:00:00+00:00,0.3984,0.4075,0.3973,0.4073,11086368.0
2025-12-02 15:00:00+00:00,0.4074,0.4312,0.4074,0.4283,31503893.8
2025-12-02 16:00:00+00:00,0.4284,0.4326,0.4259,0.4295,18697713.4
2025-12-02 17:00:00+00:00,0.4296,0.4341,0.428,0.4287,8899510.1
2025-12-02 18:00:00+00:00,0.4288,0.4326,0.4284,0.4305,6511476.8
2025-12-02 19:00:00+00:00,0.4305,0.438,0.4299,0.4345,6653112.1
2025-12-02 20:00:00+00:00,0.4346,0.4375,0.4323,0.4362,11278454.1
2025-12-02 21:00:00+00:00,0.4362,0.4378,0.4348,0.437,4842687.4
2025-12-02 22:00:00+00:00,0.4369,0.439,0.4345,0.4364,6332805.6
2025-12-02 23:00:00+00:00,0.4364,0.4386,0.4332,0.4335,4282652.3
2025-12-03 00:00:00+00:00,0.4335,0.435,0.4298,0.4346,6514052.7
2025-12-03 01:00:00+00:00,0.4346,0.4368,0.4327,0.4358,3515704.8
2025-12-03 02:00:00+00:00,0.4358,0.4388,0.4349,0.4379,5596088.4
2025-12-03 03:00:00+00:00,0.4378,0.4389,0.4357,0.4381,3723198.6
2025-12-03 04:00:00+00:00,0.4381,0.4415,0.4354,0.4403,7930974.6
2025-12-03 05:00:00+00:00,0.4404,0.4445,0.4398,0.4403,6942045.2
2025-12-03 06:00:00+00:00,0.4403,0.4472,0.4403,0.4451,6688944.9
2025-12-03 07:00:00+00:00,0.4451,0.4468,0.4422,0.4429,3529494.1
2025-12-03 08:00:00+00:00,0.4428,0.447,0.4415,0.4447,2710743.3
2025-12-03 09:00:00+00:00,0.4448,0.4452,0.4396,0.4417,4001966.4
2025-12-03 10:00:00+00:00,0.4418,0.442,0.4369,0.4372,3358456.3
2025-12-03 11:00:00+00:00,0.4373,0.438,0.4356,0.437,3286771.6
2025-12-03 12:00:00+00:00,0.437,0.4376,0.4338,0.4349,5054997.6
2025-12-03 13:00:00+00:00,0.4348,0.4371,0.4342,0.436,3745421.9
2025-12-03 14:00:00+00:00,0.436,0.4414,0.4265,0.4316,19190449.9
2025-12-03 15:00:00+00:00,0.4316,0.4363,0.4312,0.4342,5372768.7
2025-12-03 16:00:00+00:00,0.4343,0.4397,0.4317,0.4368,4870304.6
2025-12-03 17:00:00+00:00,0.4368,0.4441,0.4368,0.4427,5124101.3
2025-12-03 18:00:00+00:00,0.4428,0.4439,0.44,0.4417,4134687.4
2025-12-03 19:00:00+00:00,0.4417,0.4454,0.4407,0.445,2002331.3
2025-12-03 20:00:00+00:00,0.445,0.4495,0.4438,0.4468,5167860.6
2025-12-03 21:00:00+00:00,0.4468,0.4541,0.4466,0.4535,7238916.9
2025-12-03 22:00:00+00:00,0.4535,0.4538,0.4484,0.4501,6266116.3
2025-12-03 23:00:00+00:00,0.4501,0.453,0.4496,0.4499,4440806.0
2025-12-04 00:00:00+00:00,0.45,0.4527,0.4469,0.4503,5793699.0
2025-12-04 01:00:00+00:00,0.4503,0.4558,0.4483,0.4485,6518176.7
2025-12-04 02:00:00+00:00,0.4486,0.4529,0.4482,0.4503,3706958.2
2025-12-04 03:00:00+00:00,0.4503,0.4511,0.4475,0.4494,3073959.4
2025-12-04 04:00:00+00:00,0.4494,0.4512,0.4454,0.4473,4956475.9
2025-12-04 05:00:00+00:00,0.4474,0.4484,0.4451,0.4474,4711390.3
2025-12-04 06:00:00+00:00,0.4475,0.454,0.4475,0.4515,6055725.1
2025-12-04 07:00:00+00:00,0.4514,0.4527,0.4491,0.4518,4585824.4
2025-12-04 08:00:00+00:00,0.4518,0.4527,0.4477,0.4483,4660764.4
2025-12-04 09:00:00+00:00,0.4484,0.451,0.4483,0.4488,3140210.7
2025-12-04 10:00:00+00:00,0.4489,0.4494,0.4453,0.4454,2903679.0
2025-12-04 11:00:00+00:00,0.4454,0.4476,0.4443,0.4464,1939366.0
2025-12-04 12:00:00+00:00,0.4463,0.4481,0.4444,0.447,1883539.2
2025-12-04 13:00:00+00:00,0.4471,0.4486,0.4439,0.4439,5192416.0
2025-12-04 14:00:00+00:00,0.444,0.4469,0.4396,0.441,6749257.5
2025-12-04 15:00:00+00:00,0.4409,0.4529,0.4409,0.4506,9172902.8
2025-12-04 16:00:00+00:00,0.4507,0.452,0.4462,0.447,5234547.8
2025-12-04 17:00:00+00:00,0.4469,0.4473,0.4422,0.445,2823778.4
2025-12-04 18:00:00+00:00,0.445,0.4468,0.4418,0.4429,1977074.2
2025-12-04 19:00:00+00:00,0.4429,0.4432,0.4346,0.4414,8266244.4
2025-12-04 20:00:00+00:00,0.4415,0.4438,0.439,0.4425,4097043.9
2025-12-04 21:00:00+00:00,0.4424,0.4435,0.4376,0.4382,2715080.3
2025-12-04 22:00:00+00:00,0.4383,0.4418,0.4383,0.4409,1860867.6
2025-12-04 23:00:00+00:00,0.4409,0.4412,0.4388,0.4394,1530506.1
2025-12-05 00:00:00+00:00,0.4394,0.4427,0.4391,0.4412,2326473.5
2025-12-05 01:00:00+00:00,0.4411,0.4425,0.4393,0.4396,1927325.7
2025-12-05 02:00:00+00:00,0.4396,0.4426,0.4381,0.4407,2623340.6
2025-12-05 03:00:00+00:00,0.4407,0.4429,0.4386,0.4397,2039879.9
2025-12-05 04:00:00+00:00,0.4396,0.4424,0.4381,0.4391,2948282.4
2025-12-05 05:00:00+00:00,0.439,0.4395,0.436,0.4368,3258599.4
2025-12-05 06:00:00+00:00,0.4369,0.4404,0.4369,0.4394,3102134.7
2025-12-05 07:00:00+00:00,0.4393,0.4424,0.4388,0.4416,2527118.7
2025-12-05 08:00:00+00:00,0.4416,0.4416,0.4361,0.4378,2952997.4
2025-12-05 09:00:00+00:00,0.4378,0.4378,0.4298,0.4306,5902944.2
2025-12-05 10:00:00+00:00,0.4306,0.4337,0.4298,0.4317,2301784.3
2025-12-05 11:00:00+00:00,0.4316,0.4321,0.428,0.4304,3179668.3
2025-12-05 12:00:00+00:00,0.4304,0.4314,0.4297,0.4307,2634464.3
2025-12-05 13:00:00+00:00,0.4306,0.4319,0.4257,0.4262,5510222.8
2025-12-05 14:00:00+00:00,0.4262,0.428,0.4232,0.4247,5815585.1
2025-12-05 15:00:00+00:00,0.4247,0.4325,0.4247,0.4262,9258937.1
2025-12-05 16:00:00+00:00,0.4262,0.4264,0.4093,0.4137,16726275.9
2025-12-05 17:00:00+00:00,0.4136,0.4163,0.4111,0.4148,4997140.5
2025-12-05 18:00:00+00:00,0.4148,0.4182,0.4108,0.4109,5356032.2
2025-12-05 19:00:00+00:00,0.4109,0.4177,0.4091,0.4161,4306721.4
2025-12-05 20:00:00+00:00,0.4161,0.4169,0.4134,0.4141,2310708.6
2025-12-05 21:00:00+00:00,0.414,0.4169,0.4131,0.4141,2675770.9
2025-12-05 22:00:00+00:00,0.4142,0.4171,0.4128,0.4162,1559224.1
2025-12-05 23:00:00+00:00,0.4161,0.4166,0.4137,0.4157,1378186.2
2025-12-06 00:00:00+00:00,0.4156,0.4157,0.4121,0.4156,2465463.9
2025-12-06 01:00:00+00:00,0.4156,0.4172,0.4148,0.4165,1347736.1
2025-12-06 02:00:00+00:00,0.4164,0.4164,0.414,0.4147,878982.9
2025-12-06 03:00:00+00:00,0.4148,0.4178,0.4146,0.4167,1378276.8
2025-12-06 04:00:00+00:00,0.4166,0.417,0.4137,0.4145,1375303.8
2025-12-06 05:00:00+00:00,0.4146,0.4152,0.4136,0.4142,1163161.7
2025-12-06 06:00:00+00:00,0.4143,0.415,0.4122,0.4125,1281342.6
2025-12-06 07:00:00+00:00,0.4125,0.4132,0.4102,0.4117,1779248.6
2025-12-06 08:00:00+00:00,0.4117,0.4123,0.4099,0.4102,1166031.5
2025-12-06 09:00:00+00:00,0.4102,0.4135,0.4101,0.4127,1039010.4
2025-12-06 10:00:00+00:00,0.4127,0.4128,0.4108,0.4116,1035492.8
2025-12-06 11:00:00+00:00,0.4115,0.4153,0.4114,0.4149,1515302.0
2025-12-06 12:00:00+00:00,0.4148,0.4159,0.4129,0.4143,1585671.4
2025-12-06 13:00:00+00:00,0.4143,0.4146,0.4123,0.4123,1119455.6
2025-12-06 14:00:00+00:00,0.4124,0.4167,0.4117,0.4155,5400536.6
2025-12-06 15:00:00+00:00,0.4156,0.4164,0.4133,0.4148,4113494.5
2025-12-06 16:00:00+00:00,0.4147,0.4188,0.4145,0.4167,2892002.2
2025-12-06 17:00:00+00:00,0.4166,0.4194,0.4156,0.4192,2560495.5
2025-12-06 18:00:00+00:00,0.4192,0.4213,0.4172,0.4177,3493589.9
2025-12-06 19:00:00+00:00,0.4177,0.4182,0.4121,0.413,4045110.1
2025-12-06 20:00:00+00:00,0.413,0.4149,0.413,0.4146,1336662.8
2025-12-06 21:00:00+00:00,0.4145,0.4169,0.4137,0.4144,1827329.2
2025-12-06 22:00:00+00:00,0.4143,0.4156,0.4129,0.4136,1083822.0
2025-12-06 23:00:00+00:00,0.4137,0.414,0.4111,0.4138,1595481.3
2025-12-07 00:00:00+00:00,0.4138,0.4168,0.4135,0.416,2050238.6
2025-12-07 01:00:00+00:00,0.416,0.4164,0.4146,0.4146,1152631.1
2025-12-07 02:00:00+00:00,0.4146,0.4186,0.4146,0.4181,1328348.0
2025-12-07 03:00:00+00:00,0.4181,0.4197,0.417,0.4193,1498308.8
2025-12-07 04:00:00+00:00,0.4193,0.42,0.4171,0.4174,1189248.8
2025-12-07 05:00:00+00:00,0.4174,0.4179,0.4139,0.4159,2750744.5
2025-12-07 06:00:00+00:00,0.4158,0.42,0.4155,0.4195,3352665.7
2025-12-07 07:00:00+00:00,0.4196,0.4207,0.4168,0.4173,3205062.3
2025-12-07 08:00:00+00:00,0.4174,0.4196,0.416,0.4179,1846903.7
2025-12-07 09:00:00+00:00,0.4179,0.4191,0.4145,0.4153,1887752.6
2025-12-07 10:00:00+00:00,0.4152,0.4168,0.4147,0.4156,971722.3
2025-12-07 11:00:00+00:00,0.4156,0.416,0.4143,0.415,926473.2
2025-12-07 12:00:00+00:00,0.4149,0.4189,0.4146,0.4184,1591175.8
2025-12-07 13:00:00+00:00,0.4184,0.4194,0.4138,0.4164,3486976.7
2025-12-07 14:00:00+00:00,0.4163,0.4168,0.4057,0.4076,20621155.9
2025-12-07 15:00:00+00:00,0.4075,0.4202,0.4067,0.4199,8871497.7
2025-12-07 16:00:00+00:00,0.4199,0.4255,0.4181,0.4254,6939503.9
2025-12-07 17:00:00+00:00,0.4254,0.4319,0.422,0.4301,11834649.7
2025-12-07 18:00:00+00:00,0.4301,0.435,0.4301,0.4323,6186791.6
2025-12-07 19:00:00+00:00,0.4323,0.4334,0.43,0.4319,2613054.1
2025-12-07 20:00:00+00:00,0.4319,0.4332,0.4309,0.4313,2460062.3
2025-12-07 21:00:00+00:00,0.4313,0.4313,0.4187,0.421,6562510.1
2025-12-07 22:00:00+00:00,0.4209,0.4209,0.411,0.4149,8350498.3
2025-12-07 23:00:00+00:00,0.4148,0.418,0.4133,0.4173,2779384.6
2025-12-08 00:00:00+00:00,0.4174,0.4187,0.4144,0.4159,5215562.4
2025-12-08 01:00:00+00:00,0.4159,0.4271,0.4157,0.4209,3789167.3
2025-12-08 02:00:00+00:00,0.421,0.4249,0.4203,0.4243,1783336.3
2025-12-08 03:00:00+00:00,0.4244,0.4259,0.4222,0.4228,1515057.6
2025-12-08 04:00:00+00:00,0.4229,0.4276,0.4226,0.4262,1591494.3
2025-12-08 05:00:00+00:00,0.4262,0.4266,0.4235,0.4259,1726416.5
2025-12-08 06:00:00+00:00,0.4259,0.4291,0.4249,0.4279,1770655.9
2025-12-08 07:00:00+00:00,0.4279,0.4303,0.4265,0.4291,2641274.9
2025-12-08 08:00:00+00:00,0.4291,0.4331,0.4283,0.4317,3277045.1
2025-12-08 09:00:00+00:00,0.4317,0.4391,0.4315,0.4345,8007075.0
2025-12-08 10:00:00+00:00,0.4346,0.4358,0.4328,0.4339,11848812.7
2025-12-08 11:00:00+00:00,0.4338,0.4343,0.4299,0.4317,4140717.9
2025-12-08 12:00:00+00:00,0.4317,0.4335,0.43,0.4331,2618995.8
2025-12-08 13:00:00+00:00,0.4332,0.4358,0.4324,0.4344,4055274.0
2025-12-08 14:00:00+00:00,0.4344,0.44,0.432,0.4352,11132086.3
2025-12-08 15:00:00+00:00,0.4352,0.4384,0.4302,0.4353,10340624.6
2025-12-08 16:00:00+00:00,0.4353,0.4398,0.4329,0.4357,5579684.2
2025-12-08 17:00:00+00:00,0.4357,0.4414,0.4344,0.4379,5648734.2
2025-12-08 18:00:00+00:00,0.4378,0.4384,0.4301,0.4324,5033815.6
2025-12-08 19:00:00+00:00,0.4323,0.4358,0.4315,0.4343,4048141.6
2025-12-08 20:00:00+00:00,0.4344,0.4374,0.4337,0.4355,2733017.4
2025-12-08 21:00:00+00:00,0.4355,0.4369,0.4337,0.4365,2697772.9
2025-12-08 22:00:00+00:00,0.4365,0.4371,0.433,0.4335,1515060.7
2025-12-08 23:00:00+00:00,0.4334,0.4344,0.4296,0.4328,2721378.1
2025-12-09 00:00:00+00:00,0.4328,0.4347,0.4305,0.4322,1997818.0
2025-12-09 01:00:00+00:00,0.4322,0.4323,0.4276,0.4284,2076178.4
2025-12-09 02:00:00+00:00,0.4284,0.4315,0.4281,0.4295,2125298.0
2025-12-09 03:00:00+00:00,0.4296,0.4328,0.4269,0.432,3979833.5
2025-12-09 04:00:00+00:00,0.4321,0.4326,0.4256,0.4261,2511560.9
2025-12-09 05:00:00+00:00,0.4261,0.4293,0.424,0.427,3996045.3
2025-12-09 06:00:00+00:00,0.427,0.4292,0.4251,0.4264,2685025.1
2025-12-09 07:00:00+00:00,0.4264,0.4288,0.4254,0.4277,3089827.8
2025-12-09 08:00:00+00:00,0.4276,0.4289,0.4258,0.4267,3262350.8
2025-12-09 09:00:00+00:00,0.4266,0.4266,0.4239,0.4252,1931025.6
2025-12-09 10:00:00+00:00,0.4252,0.4286,0.4247,0.4283,8136348.7
2025-12-09 11:00:00+00:00,0.4282,0.444,0.4277,0.4379,18054060.6
2025-12-09 12:00:00+00:00,0.4379,0.448,0.4368,0.4479,20843029.3
2025-12-09 13:00:00+00:00,0.4479,0.4554,0.447,0.4506,27673490.8
2025-12-09 14:00:00+00:00,0.4506,0.4538,0.4484,0.4515,14656241.0
2025-12-09 15:00:00+00:00,0.4515,0.4697,0.4511,0.4672,31830312.0
2025-12-09 16:00:00+00:00,0.4671,0.4792,0.4671,0.4755,30284253.2
2025-12-09 17:00:00+00:00,0.4756,0.4806,0.4752,0.4784,18516417.8
2025-12-09 18:00:00+00:00,0.4784,0.4842,0.4776,0.4796,14308409.5
2025-12-09 19:00:00+00:00,0.4796,0.4797,0.4755,0.4767,7392618.2
2025-12-09 20:00:00+00:00,0.4767,0.4817,0.4706,0.4737,15113672.2
2025-12-09 21:00:00+00:00,0.4738,0.4783,0.4642,0.4703,12045960.2
2025-12-09 22:00:00+00:00,0.4703,0.4752,0.4688,0.47,5354356.8
2025-12-09 23:00:00+00:00,0.4699,0.4708,0.4676,0.4697,4446601.5
2025-12-10 00:00:00+00:00,0.4697,0.4719,0.464,0.4641,6381874.4
2025-12-10 01:00:00+00:00,0.4641,0.4664,0.4629,0.4646,4015990.8
2025-12-10 02:00:00+00:00,0.4645,0.4657,0.4621,0.4633,3454085.6
2025-12-10 03:00:00+00:00,0.4632,0.4651,0.4618,0.4626,4429028.6
2025-12-10 04:00:00+00:00,0.4626,0.4656,0.4614,0.4646,5030723.0
2025-12-10 05:00:00+00:00,0.4646,0.4658,0.4629,0.4642,4220753.0
2025-12-10 06:00:00+00:00,0.4641,0.4646,0.4624,0.4634,7062483.6
2025-12-10 07:00:00+00:00,0.4635,0.4635,0.4583,0.4614,6016417.4
2025-12-10 08:00:00+00:00,0.4613,0.4634,0.4595,0.4622,22336639.7
2025-12-10 09:00:00+00:00,0.4622,0.475,0.4611,0.4734,15809458.7
2025-12-10 10:00:00+00:00,0.4734,0.4761,0.462,0.4634,15848098.6
2025-12-10 11:00:00+00:00,0.4634,0.4662,0.4608,0.4657,5840425.1
2025-12-10 12:00:00+00:00,0.4657,0.4664,0.4616,0.4638,4131702.0
2025-12-10 13:00:00+00:00,0.4638,0.4664,0.4629,0.4638,3373540.5
2025-12-10 14:00:00+00:00,0.4638,0.4641,0.4613,0.4634,4760898.2
2025-12-10 15:00:00+00:00,0.4633,0.4662,0.461,0.4619,4657497.2
2025-12-10 16:00:00+00:00,0.4619,0.4652,0.4603,0.4625,5132120.8
2025-12-10 17:00:00+00:00,0.4625,0.4658,0.462,0.4627,2664138.9
2025-12-10 18:00:00+00:00,0.4626,0.4688,0.4615,0.464,5994534.8
2025-12-10 19:00:00+00:00,0.464,0.4711,0.4572,0.4649,21924303.9
2025-12-10 20:00:00+00:00,0.465,0.4747,0.4598,0.4615,20779790.9
2025-12-10 21:00:00+00:00,0.4615,0.4638,0.4561,0.4568,5438628.2
2025-12-10 22:00:00+00:00,0.4568,0.4595,0.4526,0.4572,5812592.3
2025-12-10 23:00:00+00:00,0.4571,0.4582,0.4522,0.4536,3457797.2
2025-12-11 00:00:00+00:00,0.4536,0.455,0.4433,0.4448,9947189.7
2025-12-11 01:00:00+00:00,0.4447,0.4447,0.4386,0.4387,7612019.6
2025-12-11 02:00:00+00:00,0.4387,0.4394,0.4349,0.4371,7912789.6
2025-12-11 03:00:00+00:00,0.437,0.437,0.4291,0.4297,10245714.2
2025-12-11 04:00:00+00:00,0.4297,0.4346,0.4274,0.4324,7718475.1
2025-12-11 05:00:00+00:00,0.4323,0.4323,0.4295,0.4312,5152018.2
2025-12-11 06:00:00+00:00,0.4311,0.4325,0.4268,0.429,7827234.3
2025-12-11 07:00:00+00:00,0.4289,0.4295,0.4247,0.4267,8764919.7
2025-12-11 08:00:00+00:00,0.4268,0.4268,0.4214,0.4233,8179783.3
2025-12-11 09:00:00+00:00,0.4232,0.4263,0.4218,0.4245,5329536.1
2025-12-11 10:00:00+00:00,0.4245,0.4248,0.4218,0.4236,3867370.7
2025-12-11 11:00:00+00:00,0.4236,0.4247,0.4196,0.4205,17530787.8
2025-12-11 12:00:00+00:00,0.4204,0.4205,0.4142,0.4166,37577927.1
2025-12-11 13:00:00+00:00,0.4167,0.4175,0.4144,0.4157,14001134.7
2025-12-11 14:00:00+00:00,0.4157,0.4181,0.4117,0.413,14088143.8
2025-12-11 15:00:00+00:00,0.413,0.4216,0.4123,0.4175,13992499.5
2025-12-11 16:00:00+00:00,0.4175,0.4182,0.4115,0.4128,9109760.8
2025-12-11 17:00:00+00:00,0.4129,0.4143,0.4106,0.411,12042641.4
2025-12-11 18:00:00+00:00,0.4109,0.4181,0.4093,0.4143,9900307.0
2025-12-11 19:00:00+00:00,0.4144,0.4223,0.413,0.4176,9131276.3
2025-12-11 20:00:00+00:00,0.4176,0.4232,0.4171,0.4224,9189040.5
2025-12-11 21:00:00+00:00,0.4224,0.428,0.4214,0.4258,13731474.2
2025-12-11 22:00:00+00:00,0.4258,0.4273,0.4207,0.423,7689859.5
2025-12-11 23:00:00+00:00,0.423,0.4262,0.4211,0.4255,4482458.0
2025-12-12 00:00:00+00:00,0.4255,0.4272,0.4176,0.4181,6880558.3
2025-12-12 01:00:00+00:00,0.4181,0.4242,0.4181,0.4212,4738148.8
2025-12-12 02:00:00+00:00,0.4212,0.425,0.4202,0.4236,2670993.3
2025-12-12 03:00:00+00:00,0.4236,0.4244,0.4205,0.4226,3992988.2
2025-12-12 04:00:00+00:00,0.4225,0.4231,0.4199,0.4209,3646462.6
2025-12-12 05:00:00+00:00,0.4209,0.4252,0.4194,0.4251,3878479.6
2025-12-12 06:00:00+00:00,0.4252,0.4293,0.4245,0.4253,5527709.5
2025-12-12 07:00:00+00:00,0.4253,0.4283,0.4245,0.4263,2605533.5
2025-12-12 08:00:00+00:00,0.4263,0.4268,0.4229,0.4238,2085558.3
2025-12-12 09:00:00+00:00,0.4238,0.4268,0.4213,0.4263,3566211.7
2025-12-12 10:00:00+00:00,0.4263,0.4275,0.4259,0.4267,3566362.5
2025-12-12 11:00:00+00:00,0.4266,0.4267,0.424,0.4245,2852410.9
2025-12-12 12:00:00+00:00,0.4244,0.4272,0.4235,0.4267,2739974.1
2025-12-12 13:00:00+00:00,0.4268,0.4268,0.4246,0.4254,3906896.8
2025-12-12 14:00:00+00:00,0.4255,0.4268,0.4226,0.4245,4349199.9
2025-12-12 15:00:00+00:00,0.4244,0.4244,0.4065,0.4084,21061602.0
2025-12-12 16:00:00+00:00,0.4083,0.4111,0.4035,0.4048,19222082.3
2025-12-12 17:00:00+00:00,0.4048,0.4098,0.4045,0.4084,26591215.3
2025-12-12 18:00:00+00:00,0.4084,0.4158,0.4079,0.4124,6212579.3
2025-12-12 19:00:00+00:00,0.4125,0.4126,0.4084,0.4096,5761892.8
2025-12-12 20:00:00+00:00,0.4095,0.4113,0.4088,0.4101,3697202.1
2025-12-12 21:00:00+00:00,0.4101,0.4115,0.4089,0.4098,2287737.0
2025-12-12 22:00:00+00:00,0.4098,0.4114,0.4095,0.4105,1930241.7
2025-12-12 23:00:00+00:00,0.4106,0.411,0.4079,0.4091,1825925.8
2025-12-13 00:00:00+00:00,0.409,0.4109,0.409,0.4103,1867419.7
2025-12-13 01:00:00+00:00,0.4103,0.4113,0.4095,0.4101,1004077.4
2025-12-13 02:00:00+00:00,0.4101,0.4119,0.41,0.4101,1442106.0
2025-12-13 03:00:00+00:00,0.4101,0.4111,0.4091,0.4091,1199748.3
2025-12-13 04:00:00+00:00,0.4092,0.4112,0.4088,0.4108,2008105.0
2025-12-13 05:00:00+00:00,0.4107,0.4122,0.4097,0.4102,2344217.5
2025-12-13 06:00:00+00:00,0.4101,0.4109,0.4081,0.41,3631155.0
2025-12-13 07:00:00+00:00,0.4101,0.411,0.4096,0.4105,1369738.3
2025-12-13 08:00:00+00:00,0.4105,0.414,0.41,0.4121,2087121.5
2025-12-13 09:00:00+00:00,0.4121,0.4125,0.4111,0.4118,1237714.8
2025-12-13 10:00:00+00:00,0.4117,0.4157,0.4113,0.415,1588816.2
2025-12-13 11:00:00+00:00,0.4151,0.4154,0.4114,0.4123,1698929.8
2025-12-13 12:00:00+00:00,0.4122,0.4136,0.4112,0.4123,1051864.6
2025-12-13 13:00:00+00:00,0.4123,0.4134,0.4108,0.413,1864140.7
2025-12-13 14:00:00+00:00,0.4131,0.4137,0.4105,0.4119,1856403.2
2025-12-13 15:00:00+00:00,0.4119,0.4147,0.4118,0.4132,2102729.2
2025-12-13 16:00:00+00:00,0.4131,0.4144,0.4117,0.412,1313325.0
2025-12-13 17:00:00+00:00,0.4119,0.412,0.4089,0.4109,3707259.9
2025-12-13 18:00:00+00:00,0.4109,0.4119,0.4098,0.4101,1071667.9
2025-12-13 19:00:00+00:00,0.41,0.4115,0.4096,0.4102,1016315.2
2025-12-13 20:00:00+00:00,0.4103,0.4115,0.41,0.4103,822625.5
2025-12-13 21:00:00+00:00,0.4103,0.4104,0.4061,0.4095,3562583.6
2025-12-13 22:00:00+00:00,0.4095,0.4112,0.4079,0.4089,2042141.1
2025-12-13 23:00:00+00:00,0.4089,0.4111,0.4082,0.4105,1574297.7
2025-12-14 00:00:00+00:00,0.4106,0.4116,0.4091,0.4097,1381672.3
2025-12-14 01:00:00+00:00,0.4097,0.4104,0.4091,0.4097,1248150.5
2025-12-14 02:00:00+00:00,0.4097,0.4111,0.4095,0.4103,1595523.1
2025-12-14 03:00:00+00:00,0.4103,0.4108,0.4087,0.4098,1712862.2
2025-12-14 04:00:00+00:00,0.4097,0.4102,0.4075,0.4076,2479900.4
2025-12-14 05:00:00+00:00,0.4076,0.408,0.4064,0.4078,3790474.5
2025-12-14 06:00:00+00:00,0.4078,0.4087,0.4062,0.4074,1373321.9
2025-12-14 07:00:00+00:00,0.4074,0.409,0.407,0.4078,1134567.7
2025-12-14 08:00:00+00:00,0.4078,0.4097,0.4069,0.4069,1516497.7
2025-12-14 09:00:00+00:00,0.4069,0.4077,0.4057,0.4071,1685441.9
2025-12-14 10:00:00+00:00,0.4072,0.4078,0.4046,0.4069,2834974.8
2025-12-14 11:00:00+00:00,0.4069,0.4069,0.3976,0.4034,13031676.9
2025-12-14 12:00:00+00:00,0.4034,0.4051,0.4013,0.4036,3878971.5
2025-12-14 13:00:00+00:00,0.4036,0.4038,0.3996,0.4023,6367376.9
2025-12-14 14:00:00+00:00,0.4024,0.4033,0.397,0.3995,8431914.0
2025-12-14 15:00:00+00:00,0.3994,0.4005,0.3984,0.3993,4902474.1
2025-12-14 16:00:00+00:00,0.3993,0.4026,0.3984,0.3998,6354522.1
2025-12-14 17:00:00+00:00,0.3998,0.4004,0.3956,0.397,4871766.9
2025-12-14 18:00:00+00:00,0.397,0.4002,0.3967,0.4,3287949.0
2025-12-14 19:00:00+00:00,0.4,0.4001,0.3964,0.3986,4029442.4
2025-12-14 20:00:00+00:00,0.3986,0.4003,0.3968,0.3976,3950103.9
2025-12-14 21:00:00+00:00,0.3977,0.3982,0.3944,0.3955,4198568.7
2025-12-14 22:00:00+00:00,0.3955,0.3976,0.3935,0.397,4019117.1
2025-12-14 23:00:00+00:00,0.397,0.3988,0.3915,0.3963,5500853.3
2025-12-15 00:00:00+00:00,0.3963,0.3998,0.3956,0.3979,3621285.3
2025-12-15 01:00:00+00:00,0.3979,0.4034,0.3973,0.4018,3594056.3
2025-12-15 02:00:00+00:00,0.4018,0.4077,0.4015,0.4023,4109900.2
2025-12-15 03:00:00+00:00,0.4024,0.4031,0.4005,0.4015,1484227.6
2025-12-15 04:00:00+00:00,0.4015,0.4042,0.4013,0.4036,3183436.7
2025-12-15 05:00:00+00:00,0.4038,0.4052,0.4032,0.4043,1113231.0
2025-12-15 06:00:00+00:00,0.4043,0.4065,0.4032,0.405,1642984.4
2025-12-15 07:00:00+00:00,0.4051,0.4058,0.4013,0.4022,1458516.5
2025-12-15 08:00:00+00:00,0.4022,0.4033,0.4004,0.4007,2785653.3
2025-12-15 09:00:00+00:00,0.4007,0.4046,0.4005,0.4036,1982462.6
2025-12-15 10:00:00+00:00,0.4037,0.4059,0.4026,0.4045,2921328.9
2025-12-15 11:00:00+00:00,0.4045,0.4052,0.4026,0.403,1355055.8
2025-12-15 12:00:00+00:00,0.403,0.4041,0.4015,0.4025,1956875.5
2025-12-15 13:00:00+00:00,0.4026,0.4031,0.4001,0.4009,4137058.3
2025-12-15 14:00:00+00:00,0.4009,0.4053,0.3893,0.3927,11722153.9
2025-12-15 15:00:00+00:00,0.3926,0.3948,0.3822,0.3855,24476997.3
2025-12-15 16:00:00+00:00,0.3855,0.3905,0.3801,0.3824,13526557.4
2025-12-15 17:00:00+00:00,0.3825,0.3835,0.3791,0.3811,8594830.3
2025-12-15 18:00:00+00:00,0.3811,0.383,0.3773,0.3827,5190697.9
2025-12-15 19:00:00+00:00,0.3828,0.3884,0.3825,0.3847,4757862.0
2025-12-15 20:00:00+00:00,0.3847,0.3847,0.3797,0.3809,5508936.9
2025-12-15 21:00:00+00:00,0.3809,0.3844,0.3804,0.3839,2371120.8
2025-12-15 22:00:00+00:00,0.3839,0.3851,0.3821,0.385,2197044.9
2025-12-15 23:00:00+00:00,0.385,0.3884,0.3846,0.3882,2995685.8
2025-12-16 00:00:00+00:00,0.3882,0.39,0.3839,0.3841,3283994.3
2025-12-16 01:00:00+00:00,0.3841,0.3865,0.3829,0.384,3440158.0
2025-12-16 02:00:00+00:00,0.384,0.386,0.3813,0.3821,4925085.1
2025-12-16 03:00:00+00:00,0.3821,0.3831,0.38,0.3828,3614769.2
2025-12-16 04:00:00+00:00,0.3827,0.3832,0.3775,0.3825,5029449.7
2025-12-16 05:00:00+00:00,0.3826,0.3827,0.3804,0.3813,2985241.2
2025-12-16 06:00:00+00:00,0.3814,0.3848,0.3812,0.3844,2566207.8
2025-12-16 07:00:00+00:00,0.3844,0.3853,0.3797,0.3804,3272422.8
2025-12-16 08:00:00+00:00,0.3803,0.3829,0.3801,0.3814,3106764.9
2025-12-16 09:00:00+00:00,0.3814,0.3818,0.3799,0.3811,3187159.2
2025-12-16 10:00:00+00:00,0.3811,0.3907,0.3804,0.3878,5224588.1
2025-12-16 11:00:00+00:00,0.3879,0.3887,0.3856,0.3881,3982758.9
2025-12-16 12:00:00+00:00,0.3881,0.3891,0.3862,0.3872,2102406.1
2025-12-16 13:00:00+00:00,0.3872,0.3907,0.3811,0.3812,12981729.9
2025-12-16 14:00:00+00:00,0.3812,0.3888,0.3783,0.3868,11698255.2
2025-12-16 15:00:00+00:00,0.3868,0.3916,0.3835,0.3901,6662842.6
2025-12-16 16:00:00+00:00,0.3901,0.3908,0.3862,0.3877,3603875.1
2025-12-16 17:00:00+00:00,0.3876,0.3892,0.3844,0.3847,1992175.2
2025-12-16 18:00:00+00:00,0.3847,0.3897,0.3839,0.3882,2672004.4
2025-12-16 19:00:00+00:00,0.3882,0.3884,0.3843,0.3872,1972800.3
2025-12-16 20:00:00+00:00,0.3871,0.3885,0.3862,0.3865,2045343.3
2025-12-16 21:00:00+00:00,0.3865,0.3879,0.3853,0.3869,1119663.5
2025-12-16 22:00:00+00:00,0.3869,0.3876,0.3853,0.3859,1198717.9
2025-12-16 23:00:00+00:00,0.386,0.3862,0.3845,0.3859,1503318.5
2025-12-17 00:00:00+00:00,0.3859,0.3859,0.3825,0.3838,1067860.4
2025-12-17 01:00:00+00:00,0.3838,0.3879,0.3838,0.3845,1859523.7
2025-12-17 02:00:00+00:00,0.3845,0.3858,0.3823,0.3849,1738371.4
2025-12-17 03:00:00+00:00,0.385,0.386,0.3827,0.3834,1791733.1
2025-12-17 04:00:00+00:00,0.3835,0.3838,0.3793,0.3799,6252737.3
2025-12-17 05:00:00+00:00,0.3799,0.3809,0.3762,0.3803,4412113.7
2025-12-17 06:00:00+00:00,0.3802,0.3817,0.3799,0.3803,2081526.6
2025-12-17 07:00:00+00:00,0.3804,0.3822,0.3793,0.3809,1886358.2
2025-12-17 08:00:00+00:00,0.3809,0.381,0.3779,0.3787,1927815.8
2025-12-17 09:00:00+00:00,0.3787,0.3791,0.3768,0.378,1713720.0
2025-12-17 10:00:00+00:00,0.3779,0.3791,0.3768,0.3777,1659165.3
2025-12-17 11:00:00+00:00,0.3777,0.3811,0.3774,0.3806,1259706.3
2025-12-17 12:00:00+00:00,0.3806,0.382,0.3801,0.3804,2566758.1
2025-12-17 13:00:00+00:00,0.3805,0.386,0.3789,0.3845,4170026.4
2025-12-17 14:00:00+00:00,0.3845,0.3953,0.3784,0.3952,14675530.9
2025-12-17 15:00:00+00:00,0.3952,0.4001,0.3803,0.382,27034078.3
2025-12-17 16:00:00+00:00,0.3819,0.3849,0.3697,0.3756,23117532.1
2025-12-17 17:00:00+00:00,0.3756,0.3759,0.3676,0.3694,11098477.5
2025-12-17 18:00:00+00:00,0.3694,0.373,0.3657,0.3671,6816937.1
2025-12-17 19:00:00+00:00,0.3671,0.3692,0.3639,0.3688,6379995.0
2025-12-17 20:00:00+00:00,0.3688,0.372,0.3666,0.3685,4408412.5
2025-12-17 21:00:00+00:00,0.3685,0.3696,0.3654,0.3663,2279157.6
2025-12-17 22:00:00+00:00,0.3663,0.3688,0.3647,0.3682,2672791.1
2025-12-17 23:00:00+00:00,0.3682,0.3682,0.3657,0.3673,2030293.8
2025-12-18 00:00:00+00:00,0.3673,0.3677,0.3656,0.3669,2594936.5
2025-12-18 01:00:00+00:00,0.3668,0.3668,0.3628,0.3646,3791267.5
2025-12-18 02:00:00+00:00,0.3646,0.3688,0.3637,0.3676,2421157.6
2025-12-18 03:00:00+00:00,0.3675,0.3676,0.3635,0.365,3895849.8
2025-12-18 04:00:00+00:00,0.365,0.3668,0.3648,0.3652,1917328.7
2025-12-18 05:00:00+00:00,0.3653,0.3653,0.3607,0.3613,4184462.0
2025-12-18 06:00:00+00:00,0.3613,0.3625,0.3607,0.3618,3100587.8
2025-12-18 07:00:00+00:00,0.3618,0.3632,0.3609,0.3623,4483993.0
2025-12-18 08:00:00+00:00,0.3623,0.365,0.3619,0.3626,9279902.6
2025-12-18 09:00:00+00:00,0.3626,0.3649,0.3616,0.3641,3750101.1
2025-12-18 10:00:00+00:00,0.3641,0.3659,0.3635,0.3648,4713667.6
2025-12-18 11:00:00+00:00,0.3647,0.365,0.3625,0.3648,2524896.1
2025-12-18 12:00:00+00:00,0.3648,0.3666,0.3636,0.3657,1860724.3
2025-12-18 13:00:00+00:00,0.3657,0.3764,0.3657,0.3758,15734325.4
2025-12-18 14:00:00+00:00,0.3757,0.3794,0.3681,0.3704,11667904.7
2025-12-18 15:00:00+00:00,0.3705,0.3769,0.3681,0.3731,7127757.0
2025-12-18 16:00:00+00:00,0.3732,0.3736,0.3702,0.3716,3530859.8
2025-12-18 17:00:00+00:00,0.3716,0.3717,0.3506,0.3586,30489141.8
2025-12-18 18:00:00+00:00,0.3586,0.3624,0.3541,0.3549,5870064.3
2025-12-18 19:00:00+00:00,0.3548,0.3561,0.3468,0.3478,14647396.1
2025-12-18 20:00:00+00:00,0.3477,0.3519,0.3472,0.348,6343156.3
2025-12-18 21:00:00+00:00,0.348,0.3546,0.3478,0.3546,4951638.8
2025-12-18 22:00:00+00:00,0.3547,0.3555,0.3528,0.3543,2486681.7
2025-12-18 23:00:00+00:00,0.3543,0.3544,0.3509,0.3514,3094000.0
2025-12-19 00:00:00+00:00,0.3513,0.3526,0.3481,0.3501,4041267.9
2025-12-19 01:00:00+00:00,0.35,0.35,0.3466,0.3482,4438688.1
2025-12-19 02:00:00+00:00,0.3481,0.3517,0.3469,0.3507,4533176.2
2025-12-19 03:00:00+00:00,0.3507,0.363,0.3503,0.3597,13302271.1
2025-12-19 04:00:00+00:00,0.3597,0.3625,0.3597,0.3614,3751598.9
2025-12-19 05:00:00+00:00,0.3615,0.3616,0.3595,0.3605,2886728.1
2025-12-19 06:00:00+00:00,0.3605,0.3637,0.3599,0.3637,2981119.9
2025-12-19 07:00:00+00:00,0.3637,0.3696,0.3636,0.3665,5961690.7
2025-12-19 08:00:00+00:00,0.3665,0.3675,0.3647,0.3671,2962821.5
2025-12-19 09:00:00+00:00,0.367,0.3671,0.3657,0.3659,2178079.8
2025-12-19 10:00:00+00:00,0.366,0.367,0.365,0.366,2338188.0
2025-12-19 11:00:00+00:00,0.366,0.3672,0.3653,0.3662,2569713.6
2025-12-19 12:00:00+00:00,0.3663,0.3676,0.365,0.3669,2579400.4
2025-12-19 13:00:00+00:00,0.3669,0.3678,0.3657,0.3666,2365270.0
2025-12-19 14:00:00+00:00,0.3666,0.3732,0.3656,0.3709,9401628.6
2025-12-19 15:00:00+00:00,0.3709,0.379,0.3696,0.3711,9569227.5
2025-12-19 16:00:00+00:00,0.3711,0.3799,0.3708,0.3742,7586202.3
2025-12-19 17:00:00+00:00,0.3742,0.3775,0.3692,0.3694,8018629.7
2025-12-19 18:00:00+00:00,0.3694,0.3743,0.3692,0.3731,4014863.8
2025-12-19 19:00:00+00:00,0.3732,0.3809,0.3732,0.3781,5749790.1
2025-12-19 20:00:00+00:00,0.3781,0.3807,0.3774,0.3794,4965031.8
2025-12-19 21:00:00+00:00,0.3793,0.3793,0.3751,0.3756,2185163.3
2025-12-19 22:00:00+00:00,0.3756,0.3783,0.3756,0.3778,1940737.8
2025-12-19 23:00:00+00:00,0.3777,0.3779,0.3766,0.3767,927944.8
2025-12-20 00:00:00+00:00,0.3767,0.3772,0.3754,0.3759,1519295.2
2025-12-20 01:00:00+00:00,0.3759,0.3768,0.3741,0.3742,1137695.4
2025-12-20 02:00:00+00:00,0.3742,0.3754,0.3734,0.3746,2141161.6
2025-12-20 03:00:00+00:00,0.3746,0.376,0.3739,0.3743,1496400.3
2025-12-20 04:00:00+00:00,0.3743,0.3744,0.3723,0.3724,1540438.2
2025-12-20 05:00:00+00:00,0.3723,0.3752,0.3723,0.3733,1480946.6
2025-12-20 06:00:00+00:00,0.3732,0.3739,0.3731,0.3738,764068.3
2025-12-20 07:00:00+00:00,0.3738,0.3746,0.3725,0.3744,2189542.7
2025-12-20 08:00:00+00:00,0.3744,0.3784,0.3744,0.3765,3135833.6
2025-12-20 09:00:00+00:00,0.3764,0.3806,0.3764,0.3793,3448437.8
2025-12-20 10:00:00+00:00,0.3794,0.38,0.3771,0.3782,2255729.1
2025-12-20 11:00:00+00:00,0.3782,0.3792,0.3773,0.3786,1547242.8
2025-12-20 12:00:00+00:00,0.3786,0.3788,0.3765,0.377,1010406.4
2025-12-20 13:00:00+00:00,0.377,0.3779,0.3744,0.3773,2951832.0
2025-12-20 14:00:00+00:00,0.3774,0.3795,0.3749,0.379,1981695.3
2025-12-20 15:00:00+00:00,0.3791,0.3793,0.3764,0.3775,2705573.9
2025-12-20 16:00:00+00:00,0.3776,0.3781,0.3754,0.3763,3304918.7
2025-12-20 17:00:00+00:00,0.3764,0.377,0.3751,0.3762,1520285.5
2025-12-20 18:00:00+00:00,0.3762,0.3773,0.3758,0.3765,1405892.9
2025-12-20 19:00:00+00:00,0.3766,0.3773,0.3754,0.3755,726576.1
2025-12-20 20:00:00+00:00,0.3755,0.3761,0.3748,0.3758,1607636.8
2025-12-20 21:00:00+00:00,0.3757,0.3765,0.3746,0.3747,1687306.2
2025-12-20 22:00:00+00:00,0.3747,0.3758,0.3733,0.3754,1213259.5
2025-12-20 23:00:00+00:00,0.3753,0.3755,0.3727,0.373,2287072.7
2025-12-21 00:00:00+00:00,0.3731,0.3739,0.3717,0.3727,1442518.9
2025-12-21 01:00:00+00:00,0.3727,0.3727,0.3696,0.3697,2875569.6
2025-12-21 02:00:00+00:00,0.3697,0.371,0.3675,0.3685,2645208.0
2025-12-21 03:00:00+00:00,0.3685,0.3705,0.3683,0.3696,1770952.5
2025-12-21 04:00:00+00:00,0.3696,0.3696,0.3679,0.3682,1411087.4
2025-12-21 05:00:00+00:00,0.3682,0.3695,0.3677,0.368,951333.4
2025-12-21 06:00:00+00:00,0.368,0.3692,0.3677,0.3685,2180818.7
2025-12-21 07:00:00+00:00,0.3685,0.3687,0.367,0.3674,2498749.6
2025-12-21 08:00:00+00:00,0.3675,0.372,0.3666,0.3708,4472154.0
2025-12-21 09:00:00+00:00,0.3709,0.3747,0.3699,0.3731,5242352.9
2025-12-21 10:00:00+00:00,0.3731,0.3741,0.3701,0.3707,4087717.2
2025-12-21 11:00:00+00:00,0.3707,0.371,0.3694,0.37,2382921.3
2025-12-21 12:00:00+00:00,0.3701,0.3724,0.3671,0.3678,3154983.4
2025-12-21 13:00:00+00:00,0.3678,0.3679,0.3576,0.3585,14493150.9
2025-12-21 14:00:00+00:00,0.3584,0.3621,0.3578,0.3611,5766452.4
2025-12-21 15:00:00+00:00,0.361,0.3622,0.3589,0.361,3633381.6
2025-12-21 16:00:00+00:00,0.361,0.364,0.36,0.3631,2088470.9
2025-12-21 17:00:00+00:00,0.3631,0.3658,0.3627,0.3631,3826757.1
2025-12-21 18:00:00+00:00,0.3631,0.3637,0.3608,0.3634,2413985.0
2025-12-21 19:00:00+00:00,0.3635,0.3658,0.3631,0.3651,2490574.2
2025-12-21 20:00:00+00:00,0.3652,0.3652,0.362,0.3623,916840.5
2025-12-21 21:00:00+00:00,0.3623,0.3635,0.36,0.3604,1846428.3
2025-12-21 22:00:00+00:00,0.3604,0.365,0.3592,0.3649,3180391.3
2025-12-21 23:00:00+00:00,0.3648,0.3684,0.3641,0.3662,4268967.7
2025-12-22 00:00:00+00:00,0.3662,0.3754,0.3659,0.3674,14624180.6
2025-12-22 01:00:00+00:00,0.3674,0.3727,0.3669,0.3673,4385632.4
2025-12-22 02:00:00+00:00,0.3672,0.3674,0.3619,0.3651,6132566.6
2025-12-22 03:00:00+00:00,0.3651,0.3687,0.3639,0.3673,1819074.4
2025-12-22 04:00:00+00:00,0.3673,0.3682,0.3656,0.367,2386595.2
2025-12-22 05:00:00+00:00,0.367,0.3677,0.3656,0.3659,1281610.1
2025-12-22 06:00:00+00:00,0.3658,0.3677,0.365,0.3663,3794933.1
2025-12-22 07:00:00+00:00,0.3663,0.3699,0.3658,0.3684,3154336.0
2025-12-22 08:00:00+00:00,0.3684,0.3716,0.3669,0.3683,3929242.3
2025-12-22 09:00:00+00:00,0.3683,0.3705,0.3677,0.3694,2299616.5
2025-12-22 10:00:00+00:00,0.3695,0.3704,0.368,0.3694,3031817.2
2025-12-22 11:00:00+00:00,0.3695,0.3721,0.3685,0.3709,3015515.0
2025-12-22 12:00:00+00:00,0.3709,0.3769,0.3709,0.3736,5559074.3
2025-12-22 13:00:00+00:00,0.3736,0.375,0.3722,0.3738,3428414.3
2025-12-22 14:00:00+00:00,0.3738,0.378,0.3724,0.3776,7116636.6
2025-12-22 15:00:00+00:00,0.3776,0.3822,0.374,0.3793,14747774.7
2025-12-22 16:00:00+00:00,0.3794,0.3815,0.3774,0.3789,5512797.3
2025-12-22 17:00:00+00:00,0.3788,0.38,0.3763,0.3782,3933644.5
2025-12-22 18:00:00+00:00,0.3781,0.3802,0.3764,0.3768,4005927.5
2025-12-22 19:00:00+00:00,0.3768,0.377,0.3678,0.3685,7226115.6
2025-12-22 20:00:00+00:00,0.3684,0.3704,0.3658,0.3683,5440523.4
2025-12-22 21:00:00+00:00,0.3682,0.3727,0.368,0.3712,3039399.8
2025-12-22 22:00:00+00:00,0.3711,0.3736,0.3686,0.3728,3575707.3
2025-12-22 23:00:00+00:00,0.3728,0.3728,0.3702,0.3711,1576037.7
2025-12-23 00:00:00+00:00,0.3712,0.3744,0.3704,0.3724,1501065.4
2025-12-23 01:00:00+00:00,0.3724,0.3727,0.3689,0.3705,2922679.7
2025-12-23 02:00:00+00:00,0.3706,0.3722,0.3676,0.3682,2478390.6
2025-12-23 03:00:00+00:00,0.3682,0.3692,0.3658,0.3686,3033282.6
2025-12-23 04:00:00+00:00,0.3685,0.3695,0.3667,0.367,1738677.6
2025-12-23 05:00:00+00:00,0.3669,0.3673,0.3636,0.3661,3385027.0
2025-12-23 06:00:00+00:00,0.3661,0.3666,0.3633,0.3649,3314667.1
2025-12-23 07:00:00+00:00,0.3649,0.3657,0.364,0.3641,2386313.7
2025-12-23 08:00:00+00:00,0.3641,0.3658,0.3633,0.364,2021340.4
2025-12-23 09:00:00+00:00,0.364,0.3648,0.3623,0.3644,2249799.3
2025-12-23 10:00:00+00:00,0.3644,0.367,0.3636,0.3663,4154193.1
2025-12-23 11:00:00+00:00,0.3663,0.3691,0.3658,0.3673,2789460.2
2025-12-23 12:00:00+00:00,0.3674,0.3674,0.3641,0.3645,2704620.4
2025-12-23 13:00:00+00:00,0.3645,0.3654,0.3607,0.3614,8448721.7
2025-12-23 14:00:00+00:00,0.3615,0.3634,0.3552,0.3582,12470433.8
2025-12-23 15:00:00+00:00,0.3582,0.3628,0.3574,0.361,7461767.9
2025-12-23 16:00:00+00:00,0.3609,0.3652,0.3597,0.3641,5709513.6
2025-12-23 17:00:00+00:00,0.3641,0.3652,0.3593,0.3595,3877197.4
2025-12-23 18:00:00+00:00,0.3595,0.3643,0.3595,0.3638,3737330.0
2025-12-23 19:00:00+00:00,0.3638,0.3644,0.3605,0.3614,1730552.9
2025-12-23 20:00:00+00:00,0.3615,0.3662,0.3604,0.3631,4072673.9
2025-12-23 21:00:00+00:00,0.3632,0.3642,0.3618,0.3636,1474553.2
2025-12-23 22:00:00+00:00,0.3636,0.3646,0.3609,0.3619,1806028.1
2025-12-23 23:00:00+00:00,0.3619,0.3637,0.3607,0.3628,1921322.3
2025-12-24 00:00:00+00:00,0.3629,0.3638,0.362,0.3633,2786536.8
2025-12-24 01:00:00+00:00,0.3633,0.3652,0.3617,0.3618,1524363.8
2025-12-24 02:00:00+00:00,0.3617,0.3618,0.3574,0.359,8387088.1
2025-12-24 03:00:00+00:00,0.359,0.3603,0.3569,0.3602,2656049.8
2025-12-24 04:00:00+00:00,0.3602,0.3621,0.3577,0.3579,3250683.1
2025-12-24 05:00:00+00:00,0.3579,0.3585,0.3553,0.3554,10161920.1
2025-12-24 06:00:00+00:00,0.3554,0.3575,0.354,0.3568,3076990.3
2025-12-24 07:00:00+00:00,0.3569,0.3581,0.3558,0.3558,2250798.5
2025-12-24 08:00:00+00:00,0.3559,0.3569,0.3544,0.3556,2882879.3
2025-12-24 09:00:00+00:00,0.3556,0.3571,0.3555,0.3558,1759773.2
2025-12-24 10:00:00+00:00,0.3557,0.3577,0.3555,0.3563,1664701.0
2025-12-24 11:00:00+00:00,0.3564,0.3595,0.3564,0.3587,2033801.7
2025-12-24 12:00:00+00:00,0.3588,0.3596,0.3579,0.359,1461650.1
2025-12-24 13:00:00+00:00,0.3589,0.3589,0.3562,0.3569,1638658.6
2025-12-24 14:00:00+00:00,0.3569,0.3584,0.3523,0.3538,5918147.3
2025-12-24 15:00:00+00:00,0.3538,0.357,0.3524,0.3556,4870073.5
2025-12-24 16:00:00+00:00,0.3556,0.3583,0.3538,0.3561,6338101.2
2025-12-24 17:00:00+00:00,0.3562,0.3575,0.3548,0.355,2765132.5
2025-12-24 18:00:00+00:00,0.355,0.3565,0.3543,0.3554,2841127.5
2025-12-24 19:00:00+00:00,0.3554,0.3564,0.3546,0.3561,2284713.5
2025-12-24 20:00:00+00:00,0.3562,0.3575,0.3548,0.3551,2732257.2
2025-12-24 21:00:00+00:00,0.3552,0.357,0.3551,0.3563,2401139.0
2025-12-24 22:00:00+00:00,0.3563,0.3588,0.3557,0.3583,2945319.5
2025-12-24 23:00:00+00:00,0.3584,0.3587,0.3558,0.3566,2050866.5
2025-12-25 00:00:00+00:00,0.3566,0.3569,0.3547,0.3549,1798835.8
2025-12-25 01:00:00+00:00,0.3549,0.3581,0.3549,0.3572,1298918.6
2025-12-25 02:00:00+00:00,0.3571,0.3605,0.3563,0.3604,2162157.6
2025-12-25 03:00:00+00:00,0.3603,0.3609,0.3588,0.3605,1699141.0
2025-12-25 04:00:00+00:00,0.3605,0.3614,0.3597,0.3603,2536696.7
2025-12-25 05:00:00+00:00,0.3603,0.3605,0.3595,0.3596,1370748.6
2025-12-25 06:00:00+00:00,0.3597,0.3611,0.3589,0.3605,2048629.4
2025-12-25 07:00:00+00:00,0.3605,0.3607,0.3586,0.359,1896473.2
2025-12-25 08:00:00+00:00,0.359,0.3609,0.357,0.3579,4734854.0
2025-12-25 09:00:00+00:00,0.3579,0.358,0.3563,0.3565,1859026.3
2025-12-25 10:00:00+00:00,0.3565,0.3565,0.35,0.3506,8127989.1
2025-12-25 11:00:00+00:00,0.3506,0.3518,0.3498,0.3511,5044928.4
2025-12-25 12:00:00+00:00,0.351,0.3517,0.3501,0.3516,3162758.1
2025-12-25 13:00:00+00:00,0.3516,0.3528,0.3495,0.3515,4716529.2
2025-12-25 14:00:00+00:00,0.3515,0.352,0.3503,0.351,5709721.4
2025-12-25 15:00:00+00:00,0.351,0.3593,0.35,0.3572,11342412.2
2025-12-25 16:00:00+00:00,0.3573,0.3587,0.3535,0.3541,8647467.2
2025-12-25 17:00:00+00:00,0.3541,0.3552,0.3531,0.3549,3836319.8
2025-12-25 18:00:00+00:00,0.3548,0.3587,0.3548,0.358,5512089.9
2025-12-25 19:00:00+00:00,0.358,0.36,0.357,0.3596,3615600.2
2025-12-25 20:00:00+00:00,0.3595,0.3599,0.3566,0.3574,3542413.1
2025-12-25 21:00:00+00:00,0.3574,0.359,0.3568,0.358,2192290.2
2025-12-25 22:00:00+00:00,0.3581,0.3583,0.3393,0.3469,17653148.8
2025-12-25 23:00:00+00:00,0.3469,0.3473,0.3418,0.3434,12872608.5
2025-12-26 00:00:00+00:00,0.3434,0.3446,0.3418,0.3433,8144047.6
2025-12-26 01:00:00+00:00,0.3433,0.3467,0.343,0.3458,6556788.7
2025-12-26 02:00:00+00:00,0.3457,0.3584,0.3451,0.355,16246652.2
2025-12-26 03:00:00+00:00,0.3551,0.3558,0.3513,0.3533,4007428.0
2025-12-26 04:00:00+00:00,0.3533,0.355,0.351,0.3536,2740379.1
2025-12-26 05:00:00+00:00,0.3537,0.3544,0.3524,0.3541,4329951.9
2025-12-26 06:00:00+00:00,0.3542,0.3576,0.3536,0.3554,14921083.7
2025-12-26 07:00:00+00:00,0.3553,0.3566,0.3513,0.3521,4462054.8
2025-12-26 08:00:00+00:00,0.3522,0.3539,0.3518,0.3537,2257584.8
2025-12-26 09:00:00+00:00,0.3538,0.3555,0.3531,0.3553,2368830.4
2025-12-26 10:00:00+00:00,0.3553,0.3563,0.3544,0.3556,2190764.6
2025-12-26 11:00:00+00:00,0.3556,0.3561,0.3546,0.3551,1784010.0
2025-12-26 12:00:00+00:00,0.3552,0.3572,0.3551,0.3566,6960871.5
2025-12-26 13:00:00+00:00,0.3565,0.358,0.3559,0.3573,4200795.6
2025-12-26 14:00:00+00:00,0.3573,0.3575,0.3488,0.3494,6314515.6
2025-12-26 15:00:00+00:00,0.3495,0.3496,0.3455,0.3469,8994058.0
2025-12-26 16:00:00+00:00,0.3469,0.3482,0.3443,0.3445,7446948.0
2025-12-26 17:00:00+00:00,0.3445,0.3494,0.3445,0.3483,3369756.9
2025-12-26 18:00:00+00:00,0.3483,0.3504,0.3482,0.3492,2553190.5
2025-12-26 19:00:00+00:00,0.3493,0.3511,0.349,0.3501,2497010.5
2025-12-26 20:00:00+00:00,0.3501,0.3512,0.3489,0.3499,1526485.9
2025-12-26 21:00:00+00:00,0.35,0.3509,0.3493,0.3502,856748.2
2025-12-26 22:00:00+00:00,0.3502,0.3506,0.3488,0.3505,2257601.7
2025-12-26 23:00:00+00:00,0.3504,0.3509,0.3496,0.3496,1146633.2
2025-12-27 00:00:00+00:00,0.3496,0.3511,0.3488,0.351,1555920.0
2025-12-27 01:00:00+00:00,0.351,0.3524,0.3507,0.3522,1540415.0
2025-12-27 02:00:00+00:00,0.3522,0.3533,0.3507,0.3527,1584094.9
2025-12-27 03:00:00+00:00,0.3528,0.3558,0.3517,0.3547,3867927.5
2025-12-27 04:00:00+00:00,0.3547,0.355,0.3527,0.3533,3880706.9
2025-12-27 05:00:00+00:00,0.3533,0.3542,0.3522,0.3537,1160827.6
2025-12-27 06:00:00+00:00,0.3538,0.3543,0.3526,0.353,1062536.6
2025-12-27 07:00:00+00:00,0.353,0.3543,0.3521,0.3523,2699967.2
2025-12-27 08:00:00+00:00,0.3523,0.3542,0.3521,0.3534,2330725.6
2025-12-27 09:00:00+00:00,0.3534,0.3546,0.3532,0.3542,1995324.7
2025-12-27 10:00:00+00:00,0.3542,0.3553,0.3524,0.3543,3850612.6
2025-12-27 11:00:00+00:00,0.3543,0.3555,0.3539,0.3552,1915476.2
2025-12-27 12:00:00+00:00,0.3553,0.359,0.3553,0.3573,6075591.4
2025-12-27 13:00:00+00:00,0.3574,0.3578,0.3555,0.3559,3223899.1
2025-12-27 14:00:00+00:00,0.356,0.357,0.3555,0.3568,1179794.6
2025-12-27 15:00:00+00:00,0.3568,0.3575,0.3556,0.357,1574359.0
2025-12-27 16:00:00+00:00,0.3571,0.3578,0.3559,0.3561,2262805.5
2025-12-27 17:00:00+00:00,0.3562,0.3579,0.3557,0.3577,1519266.8
2025-12-27 18:00:00+00:00,0.3576,0.358,0.3563,0.3567,1719283.9
2025-12-27 19:00:00+00:00,0.3567,0.3582,0.3564,0.3577,1080453.0
2025-12-27 20:00:00+00:00,0.3577,0.3702,0.3577,0.362,15689363.4
2025-12-27 21:00:00+00:00,0.362,0.3654,0.3619,0.3639,2915853.8
2025-12-27 22:00:00+00:00,0.364,0.3671,0.3632,0.3649,2939153.7
2025-12-27 23:00:00+00:00,0.365,0.3711,0.3649,0.37,6890383.1
2025-12-28 00:00:00+00:00,0.3699,0.3711,0.3678,0.3691,4368170.8
2025-12-28 01:00:00+00:00,0.3691,0.3706,0.3677,0.3692,3137878.8
2025-12-28 02:00:00+00:00,0.3692,0.371,0.3687,0.3692,2957890.8
2025-12-28 03:00:00+00:00,0.3692,0.3701,0.3687,0.3699,1899417.9
2025-12-28 04:00:00+00:00,0.3699,0.3709,0.369,0.37,2130472.1
2025-12-28 05:00:00+00:00,0.37,0.3728,0.3695,0.3707,3892534.2
2025-12-28 06:00:00+00:00,0.3707,0.3771,0.3702,0.3744,8082102.9
2025-12-28 07:00:00+00:00,0.3744,0.3756,0.3737,0.374,5085536.0
2025-12-28 08:00:00+00:00,0.3741,0.3753,0.3733,0.3739,2355577.6
2025-12-28 09:00:00+00:00,0.3739,0.3739,0.3698,0.3705,4284201.5
2025-12-28 10:00:00+00:00,0.3705,0.3718,0.3701,0.3704,2860390.3
2025-12-28 11:00:00+00:00,0.3703,0.3723,0.37,0.3715,2756492.2
2025-12-28 12:00:00+00:00,0.3715,0.3717,0.3691,0.3693,2721581.8
2025-12-28 13:00:00+00:00,0.3693,0.3705,0.3686,0.3693,3308623.4
2025-12-28 14:00:00+00:00,0.3693,0.3721,0.3693,0.3709,2564249.2
2025-12-28 15:00:00+00:00,0.3709,0.3724,0.3693,0.3695,1871664.2
2025-12-28 16:00:00+00:00,0.3696,0.3715,0.3695,0.3699,2213682.3
2025-12-28 17:00:00+00:00,0.3699,0.3713,0.3695,0.3695,1213412.5
2025-12-28 18:00:00+00:00,0.3696,0.3699,0.3614,0.3636,11295230.1
2025-12-28 19:00:00+00:00,0.3636,0.365,0.3626,0.3627,2867059.4
2025-12-28 20:00:00+00:00,0.3627,0.3641,0.3616,0.3629,3081081.6
2025-12-28 21:00:00+00:00,0.3629,0.3642,0.3621,0.3636,2023382.9
2025-12-28 22:00:00+00:00,0.3637,0.3665,0.363,0.3656,2476049.9
2025-12-28 23:00:00+00:00,0.3657,0.3692,0.364,0.3688,10526769.7
2025-12-29 00:00:00+00:00,0.3689,0.3743,0.3668,0.3716,17723361.6
2025-12-29 01:00:00+00:00,0.3716,0.3749,0.3678,0.3738,5521909.8
2025-12-29 02:00:00+00:00,0.3739,0.38,0.3739,0.3769,8323385.3
2025-12-29 03:00:00+00:00,0.3769,0.383,0.3759,0.3811,10421642.0
2025-12-29 04:00:00+00:00,0.3811,0.3847,0.3805,0.3814,5112163.6
2025-12-29 05:00:00+00:00,0.3815,0.384,0.3792,0.3798,6908531.6
2025-12-29 06:00:00+00:00,0.3799,0.38,0.3762,0.377,5363825.9
2025-12-29 07:00:00+00:00,0.377,0.3775,0.3737,0.3759,6613813.7
2025-12-29 08:00:00+00:00,0.3759,0.3777,0.3741,0.3754,3857299.8
2025-12-29 09:00:00+00:00,0.3754,0.3762,0.3674,0.37,6670319.3
2025-12-29 10:00:00+00:00,0.3699,0.3723,0.3693,0.3703,5243251.9
2025-12-29 11:00:00+00:00,0.3703,0.3712,0.3693,0.3693,2397507.6
2025-12-29 12:00:00+00:00,0.3693,0.3695,0.3621,0.3656,9606606.1
2025-12-29 13:00:00+00:00,0.3656,0.3665,0.3633,0.3643,3862421.5
2025-12-29 14:00:00+00:00,0.3643,0.3697,0.3633,0.3649,8483764.7
2025-12-29 15:00:00+00:00,0.365,0.3677,0.3642,0.3656,5043264.1
2025-12-29 16:00:00+00:00,0.3656,0.3657,0.359,0.36,7554525.9
2025-12-29 17:00:00+00:00,0.36,0.3612,0.358,0.3597,6830636.7
2025-12-29 18:00:00+00:00,0.3597,0.36,0.3546,0.3555,7078708.0
2025-12-29 19:00:00+00:00,0.3555,0.3577,0.3528,0.353,6158170.9
2025-12-29 20:00:00+00:00,0.353,0.3542,0.3506,0.3521,6188161.9
2025-12-29 21:00:00+00:00,0.352,0.3536,0.3517,0.3528,3123032.1
2025-12-29 22:00:00+00:00,0.3528,0.3555,0.352,0.3543,2684993.3
2025-12-29 23:00:00+00:00,0.3542,0.3543,0.3529,0.3532,2767121.4
2025-12-30 00:00:00+00:00,0.3531,0.3543,0.3521,0.3542,6240798.5
2025-12-30 01:00:00+00:00,0.3543,0.3555,0.3521,0.3526,7058781.2
2025-12-30 02:00:00+00:00,0.3526,0.3527,0.3481,0.3508,9256529.7
2025-12-30 03:00:00+00:00,0.3508,0.3531,0.3498,0.3526,2765125.5
2025-12-30 04:00:00+00:00,0.3526,0.3535,0.3517,0.3524,2294591.5
2025-12-30 05:00:00+00:00,0.3524,0.3525,0.3508,0.351,1905840.7
2025-12-30 06:00:00+00:00,0.3509,0.3529,0.3508,0.3512,2304600.2
2025-12-30 07:00:00+00:00,0.3513,0.354,0.351,0.3521,6254856.5
2025-12-30 08:00:00+00:00,0.3522,0.3568,0.3521,0.3553,5507074.3
2025-12-30 09:00:00+00:00,0.3553,0.3565,0.3543,0.3558,2624436.1
2025-12-30 10:00:00+00:00,0.3558,0.3562,0.3536,0.354,2971321.5
2025-12-30 11:00:00+00:00,0.3541,0.3545,0.352,0.3523,2709229.8
2025-12-30 12:00:00+00:00,0.3523,0.3539,0.3522,0.3531,2069083.6
2025-12-30 13:00:00+00:00,0.3532,0.354,0.3523,0.3535,2295480.4
2025-12-30 14:00:00+00:00,0.3535,0.3568,0.3503,0.3553,8437676.1
2025-12-30 15:00:00+00:00,0.3553,0.356,0.3513,0.3543,6814622.8
2025-12-30 16:00:00+00:00,0.3543,0.3557,0.352,0.3537,4165107.9
2025-12-30 17:00:00+00:00,0.3537,0.3546,0.3517,0.3529,4192947.7
2025-12-30 18:00:00+00:00,0.3528,0.3533,0.3513,0.3519,2074099.9
2025-12-30 19:00:00+00:00,0.3518,0.3523,0.3496,0.3513,3229481.6
2025-12-30 20:00:00+00:00,0.3512,0.3512,0.3489,0.3491,3117187.5
2025-12-30 21:00:00+00:00,0.3491,0.3506,0.3488,0.3506,2821082.8
2025-12-30 22:00:00+00:00,0.3505,0.3512,0.3495,0.3509,2628971.9
2025-12-30 23:00:00+00:00,0.3508,0.352,0.3503,0.3514,2042953.3
2025-12-31 00:00:00+00:00,0.3513,0.3513,0.3494,0.3509,1898165.8
2025-12-31 01:00:00+00:00,0.3509,0.3536,0.3506,0.3516,3892801.9
2025-12-31 02:00:00+00:00,0.3517,0.3535,0.3507,0.3532,5637635.7
2025-12-31 03:00:00+00:00,0.3532,0.3534,0.351,0.3518,1810466.1
2025-12-31 04:00:00+00:00,0.3518,0.3528,0.3514,0.3523,3624494.2
2025-12-31 05:00:00+00:00,0.3523,0.3536,0.3523,0.3532,3350143.3
2025-12-31 06:00:00+00:00,0.3533,0.3538,0.3507,0.3518,9148308.4
2025-12-31 07:00:00+00:00,0.3519,0.3524,0.3501,0.3511,3660446.9
2025-12-31 08:00:00+00:00,0.3512,0.3516,0.3489,0.3494,2619487.0
2025-12-31 09:00:00+00:00,0.3493,0.3501,0.349,0.3498,1740196.0
2025-12-31 10:00:00+00:00,0.3498,0.3508,0.3493,0.3504,2099544.2
2025-12-31 11:00:00+00:00,0.3505,0.3524,0.3502,0.352,2779390.7
2025-12-31 12:00:00+00:00,0.352,0.3521,0.3493,0.35,1662048.8
2025-12-31 13:00:00+00:00,0.35,0.3507,0.3462,0.3487,5592655.5
2025-12-31 14:00:00+00:00,0.3487,0.3513,0.3473,0.3482,5641536.4
2025-12-31 15:00:00+00:00,0.3483,0.3483,0.3405,0.3424,13659149.4
2025-12-31 16:00:00+00:00,0.3425,0.3427,0.3294,0.3336,27498035.1
2025-12-31 17:00:00+00:00,0.3336,0.3357,0.3327,0.334,6389183.4
2025-12-31 18:00:00+00:00,0.3339,0.3358,0.3331,0.3333,6477891.9
2025-12-31 19:00:00+00:00,0.3333,0.3344,0.3319,0.3321,3614247.9
2025-12-31 20:00:00+00:00,0.3322,0.3347,0.3304,0.3334,6632852.0
2025-12-31 21:00:00+00:00,0.3335,0.3349,0.3326,0.3339,2900547.9
2025-12-31 22:00:00+00:00,0.3339,0.334,0.3325,0.333,4373665.6
2025-12-31 23:00:00+00:00,0.3329,0.334,0.3321,0.3335,5343821.4
2026-01-01 00:00:00+00:00,0.3336,0.3351,0.3333,0.334,5134641.8
2026-01-01 01:00:00+00:00,0.334,0.3355,0.3326,0.3332,4710061.4
2026-01-01 02:00:00+00:00,0.3332,0.334,0.3326,0.3328,2887581.5
2026-01-01 03:00:00+00:00,0.3327,0.3338,0.3322,0.3327,3606249.8
2026-01-01 04:00:00+00:00,0.3328,0.3331,0.332,0.3325,3303782.9
2026-01-01 05:00:00+00:00,0.3325,0.3386,0.3324,0.3367,8980665.3
2026-01-01 06:00:00+00:00,0.3367,0.337,0.336,0.3364,1833538.6
2026-01-01 07:00:00+00:00,0.3365,0.3384,0.3359,0.3365,2396631.1
2026-01-01 08:00:00+00:00,0.3365,0.3382,0.3363,0.3382,1655891.1
2026-01-01 09:00:00+00:00,0.3382,0.3411,0.3382,0.3388,3965764.2
2026-01-01 10:00:00+00:00,0.3388,0.3394,0.3385,0.3387,1958252.4
2026-01-01 11:00:00+00:00,0.3387,0.3409,0.3386,0.3407,2417117.2
2026-01-01 12:00:00+00:00,0.3407,0.341,0.3393,0.3398,1891250.1
2026-01-01 13:00:00+00:00,0.3398,0.3429,0.3395,0.3427,2536883.9
2026-01-01 14:00:00+00:00,0.3427,0.3447,0.3422,0.3435,6176061.3
2026-01-01 15:00:00+00:00,0.3436,0.3493,0.3432,0.3471,5341001.7
2026-01-01 16:00:00+00:00,0.3472,0.349,0.3456,0.3485,6560763.8
2026-01-01 17:00:00+00:00,0.3485,0.3536,0.3483,0.3516,7418976.0
2026-01-01 18:00:00+00:00,0.3516,0.3528,0.3499,0.3516,6190920.1
2026-01-01 19:00:00+00:00,0.3516,0.3584,0.3516,0.3581,6872591.3
2026-01-01 20:00:00+00:00,0.3581,0.361,0.3556,0.357,9626242.9
2026-01-01 21:00:00+00:00,0.357,0.3577,0.3558,0.356,3607362.7
2026-01-01 22:00:00+00:00,0.356,0.3581,0.3553,0.3577,2918567.1
2026-01-01 23:00:00+00:00,0.3577,0.3586,0.3563,0.3565,3340710.0
2026-01-02 00:00:00+00:00,0.3565,0.3576,0.3544,0.3562,4931229.7
2026-01-02 01:00:00+00:00,0.3563,0.3575,0.3554,0.3563,2735234.7
2026-01-02 02:00:00+00:00,0.3564,0.3587,0.3554,0.3582,3197928.5
2026-01-02 03:00:00+00:00,0.3583,0.3635,0.358,0.3622,5528075.5
2026-01-02 04:00:00+00:00,0.3623,0.3639,0.3586,0.3599,6226641.2
2026-01-02 05:00:00+00:00,0.3599,0.3599,0.3571,0.3582,2330773.5
2026-01-02 06:00:00+00:00,0.3582,0.359,0.3572,0.358,1481179.4
2026-01-02 07:00:00+00:00,0.3581,0.3585,0.3553,0.3556,2110965.3
2026-01-02 08:00:00+00:00,0.3557,0.358,0.3556,0.3576,2307459.2
2026-01-02 09:00:00+00:00,0.3577,0.3678,0.3572,0.3651,10488775.1
2026-01-02 10:00:00+00:00,0.365,0.367,0.3635,0.3646,10589078.9
2026-01-02 11:00:00+00:00,0.3646,0.3648,0.3596,0.3606,5254102.7
2026-01-02 12:00:00+00:00,0.3607,0.3648,0.3584,0.3643,4285999.3
2026-01-02 13:00:00+00:00,0.3643,0.3661,0.3633,0.3645,5836522.5
2026-01-02 14:00:00+00:00,0.3646,0.3707,0.3609,0.3683,21886170.6
2026-01-02 15:00:00+00:00,0.3683,0.3747,0.3651,0.3716,15886648.3
2026-01-02 16:00:00+00:00,0.3717,0.3894,0.3717,0.3889,31446515.4
2026-01-02 17:00:00+00:00,0.389,0.3936,0.3867,0.3886,27676384.5
2026-01-02 18:00:00+00:00,0.3887,0.3896,0.3805,0.382,13727837.9
2026-01-02 19:00:00+00:00,0.382,0.3891,0.3814,0.3884,8306566.3
2026-01-02 20:00:00+00:00,0.3885,0.3891,0.3847,0.386,6015703.6
2026-01-02 21:00:00+00:00,0.386,0.3915,0.3859,0.3905,5693569.8
2026-01-02 22:00:00+00:00,0.3904,0.3963,0.3896,0.3946,9766803.0
2026-01-02 23:00:00+00:00,0.3946,0.3961,0.3927,0.3949,5402969.7
2026-01-03 00:00:00+00:00,0.3949,0.3992,0.3947,0.3947,9164449.5
2026-01-03 01:00:00+00:00,0.3948,0.3962,0.3926,0.3939,3854753.4
2026-01-03 02:00:00+00:00,0.3939,0.3971,0.3913,0.3966,5787113.5
2026-01-03 03:00:00+00:00,0.3967,0.399,0.3938,0.3984,4349299.3
2026-01-03 04:00:00+00:00,0.3983,0.399,0.396,0.3971,3631960.7
2026-01-03 05:00:00+00:00,0.3972,0.3984,0.3922,0.393,4620636.3
2026-01-03 06:00:00+00:00,0.393,0.3953,0.3893,0.3907,6888080.0
2026-01-03 07:00:00+00:00,0.3907,0.3919,0.383,0.3842,15605574.0
2026-01-03 08:00:00+00:00,0.3843,0.388,0.3826,0.3866,6144313.6
2026-01-03 09:00:00+00:00,0.3867,0.389,0.3857,0.3874,3380913.8
2026-01-03 10:00:00+00:00,0.3875,0.3875,0.3848,0.3852,3198818.2
2026-01-03 11:00:00+00:00,0.3852,0.3856,0.3835,0.3845,2529023.7
2026-01-03 12:00:00+00:00,0.3845,0.387,0.3836,0.3868,3894334.5
2026-01-03 13:00:00+00:00,0.3868,0.3874,0.3854,0.3871,3302982.9
2026-01-03 14:00:00+00:00,0.3872,0.3911,0.3865,0.387,5863562.4
2026-01-03 15:00:00+00:00,0.387,0.3879,0.3858,0.3862,2413013.2
2026-01-03 16:00:00+00:00,0.3863,0.3886,0.3856,0.3877,2123300.3
2026-01-03 17:00:00+00:00,0.3876,0.3888,0.3866,0.3882,1399020.2
2026-01-03 18:00:00+00:00,0.3882,0.3898,0.3868,0.3894,2569873.9
2026-01-03 19:00:00+00:00,0.3893,0.3894,0.3879,0.3886,948108.1
2026-01-03 20:00:00+00:00,0.3886,0.3889,0.3858,0.3883,2133705.4
2026-01-03 21:00:00+00:00,0.3882,0.3905,0.3873,0.3889,1852208.4
2026-01-03 22:00:00+00:00,0.3888,0.3909,0.388,0.3896,1600043.4
2026-01-03 23:00:00+00:00,0.3896,0.3902,0.3887,0.3893,1329839.6
2026-01-04 00:00:00+00:00,0.3893,0.3961,0.3887,0.3952,7380707.4
2026-01-04 01:00:00+00:00,0.3952,0.3952,0.3915,0.3942,4255317.1
2026-01-04 02:00:00+00:00,0.3942,0.3958,0.3929,0.3938,2277485.3
2026-01-04 03:00:00+00:00,0.3938,0.4004,0.3936,0.3995,8821330.4
2026-01-04 04:00:00+00:00,0.3995,0.402,0.3969,0.3978,5628982.3
2026-01-04 05:00:00+00:00,0.3979,0.3993,0.396,0.3985,2413306.4
2026-01-04 06:00:00+00:00,0.3985,0.3995,0.3939,0.3945,5481606.2
2026-01-04 07:00:00+00:00,0.3945,0.3975,0.3939,0.3962,4102148.6
2026-01-04 08:00:00+00:00,0.3963,0.3988,0.3929,0.3983,6544677.8
2026-01-04 09:00:00+00:00,0.3983,0.4038,0.3965,0.4032,6631526.9
2026-01-04 10:00:00+00:00,0.4031,0.4055,0.4023,0.4035,8037741.1
2026-01-04 11:00:00+00:00,0.4035,0.4035,0.3992,0.4014,4846936.9
2026-01-04 12:00:00+00:00,0.4014,0.4045,0.4006,0.4013,4598621.9
2026-01-04 13:00:00+00:00,0.4013,0.4013,0.3974,0.3999,4344204.8
2026-01-04 14:00:00+00:00,0.3999,0.4008,0.3958,0.3988,5965884.1
2026-01-04 15:00:00+00:00,0.3988,0.3994,0.3963,0.3988,4610122.3
2026-01-04 16:00:00+00:00,0.3989,0.4029,0.3983,0.4026,4044748.0
2026-01-04 17:00:00+00:00,0.4026,0.4043,0.4009,0.4031,5350190.9
2026-01-04 18:00:00+00:00,0.4032,0.4037,0.3984,0.4008,5621405.0
2026-01-04 19:00:00+00:00,0.4007,0.4007,0.3955,0.3988,5805935.6
2026-01-04 20:00:00+00:00,0.3988,0.4018,0.3983,0.3992,2031154.7
2026-01-04 21:00:00+00:00,0.3993,0.4019,0.3969,0.3988,4161168.9
2026-01-04 22:00:00+00:00,0.3987,0.4016,0.3977,0.3987,3601188.1
2026-01-04 23:00:00+00:00,0.3987,0.4026,0.3983,0.4007,4187034.8
2026-01-05 00:00:00+00:00,0.4006,0.4035,0.398,0.4017,6083954.6
2026-01-05 01:00:00+00:00,0.4018,0.408,0.4009,0.4064,12434284.4
2026-01-05 02:00:00+00:00,0.4063,0.4077,0.4011,0.4045,7657877.8
2026-01-05 03:00:00+00:00,0.4045,0.4055,0.4022,0.4033,4232367.3
2026-01-05 04:00:00+00:00,0.4032,0.4035,0.3939,0.3975,7735556.3
2026-01-05 05:00:00+00:00,0.3974,0.4009,0.3964,0.3981,4428880.9
2026-01-05 06:00:00+00:00,0.3981,0.4,0.3956,0.3997,5055647.5
2026-01-05 07:00:00+00:00,0.3997,0.4027,0.3989,0.401,4165087.0
2026-01-05 08:00:00+00:00,0.4011,0.4041,0.3984,0.3985,4701050.8
2026-01-05 09:00:00+00:00,0.3984,0.3999,0.3959,0.3965,6570600.7
2026-01-05 10:00:00+00:00,0.3965,0.4003,0.3961,0.3981,4952578.8
2026-01-05 11:00:00+00:00,0.398,0.4,0.3966,0.4,4184397.0
2026-01-05 12:00:00+00:00,0.4,0.402,0.3985,0.4008,3537474.4
2026-01-05 13:00:00+00:00,0.4008,0.402,0.397,0.3984,4678401.0
2026-01-05 14:00:00+00:00,0.3985,0.4084,0.3973,0.4037,11714014.0
2026-01-05 15:00:00+00:00,0.4037,0.4143,0.4011,0.4127,16266998.0
2026-01-05 16:00:00+00:00,0.4127,0.4166,0.4116,0.413,11891540.9
2026-01-05 17:00:00+00:00,0.413,0.4148,0.4068,0.4139,16539262.9
2026-01-05 18:00:00+00:00,0.4139,0.4195,0.4123,0.4188,8471797.4
2026-01-05 19:00:00+00:00,0.4188,0.4197,0.4153,0.4175,8536749.3
2026-01-05 20:00:00+00:00,0.4176,0.4239,0.417,0.4189,10159045.4
2026-01-05 21:00:00+00:00,0.419,0.4222,0.4181,0.4214,6674831.1
2026-01-05 22:00:00+00:00,0.4214,0.425,0.4189,0.4233,5887101.7
2026-01-05 23:00:00+00:00,0.4234,0.425,0.4211,0.4211,5220750.9
2026-01-06 00:00:00+00:00,0.4211,0.4244,0.4178,0.4241,6753546.1
2026-01-06 01:00:00+00:00,0.424,0.4309,0.4232,0.424,10303720.9
2026-01-06 02:00:00+00:00,0.4241,0.4298,0.4239,0.4249,6187510.4
2026-01-06 03:00:00+00:00,0.4249,0.428,0.4241,0.4259,3923998.6
2026-01-06 04:00:00+00:00,0.4259,0.4271,0.4234,0.4247,4499543.9
2026-01-06 05:00:00+00:00,0.4246,0.4258,0.4217,0.4229,3990361.0
2026-01-06 06:00:00+00:00,0.423,0.4259,0.4204,0.4234,7366027.5
2026-01-06 07:00:00+00:00,0.4235,0.4236,0.4141,0.4147,10409750.5
2026-01-06 08:00:00+00:00,0.4148,0.4184,0.4148,0.416,4173675.5
2026-01-06 09:00:00+00:00,0.416,0.4185,0.4155,0.4176,3373154.6
2026-01-06 10:00:00+00:00,0.4177,0.4204,0.4165,0.4191,3209107.4
2026-01-06 11:00:00+00:00,0.4192,0.4226,0.4183,0.4223,2922383.0
2026-01-06 12:00:00+00:00,0.4223,0.4243,0.4213,0.4227,5282248.1
2026-01-06 13:00:00+00:00,0.4227,0.4253,0.4207,0.4222,8502848.4
2026-01-06 14:00:00+00:00,0.4222,0.4374,0.4222,0.4272,25408307.5
2026-01-06 15:00:00+00:00,0.4272,0.4303,0.4177,0.4202,19401167.7
2026-01-06 16:00:00+00:00,0.4201,0.4211,0.406,0.41,18994075.7
2026-01-06 17:00:00+00:00,0.4099,0.4116,0.4013,0.4023,16989708.7
2026-01-06 18:00:00+00:00,0.4023,0.4094,0.4011,0.408,6528311.2
2026-01-06 19:00:00+00:00,0.4081,0.4094,0.4067,0.4075,1765309.7
2026-01-06 20:00:00+00:00,0.4074,0.4133,0.4074,0.4123,4294497.0
2026-01-06 21:00:00+00:00,0.4122,0.4221,0.4104,0.4176,9054617.0
2026-01-06 22:00:00+00:00,0.4177,0.4192,0.4147,0.4176,2894967.9
2026-01-06 23:00:00+00:00,0.4176,0.4212,0.4171,0.4194,2599968.6
2026-01-07 00:00:00+00:00,0.4194,0.4195,0.4125,0.4128,3659004.0
2026-01-07 01:00:00+00:00,0.4128,0.4148,0.4096,0.4101,3623204.2
2026-01-07 02:00:00+00:00,0.4101,0.4147,0.409,0.414,2301761.5
2026-01-07 03:00:00+00:00,0.414,0.4157,0.4116,0.4121,1374688.1
2026-01-07 04:00:00+00:00,0.4121,0.4133,0.4107,0.4119,1213982.0
2026-01-07 05:00:00+00:00,0.412,0.4127,0.4096,0.4103,2693675.3
2026-01-07 06:00:00+00:00,0.4102,0.4126,0.41,0.4112,1136835.5
2026-01-07 07:00:00+00:00,0.4112,0.4189,0.4111,0.4188,4733077.1
2026-01-07 08:00:00+00:00,0.4189,0.4228,0.4177,0.4212,5175645.3
2026-01-07 09:00:00+00:00,0.4213,0.4213,0.4094,0.4104,7007354.9
2026-01-07 10:00:00+00:00,0.4103,0.4139,0.4093,0.4131,3741038.9
2026-01-07 11:00:00+00:00,0.4132,0.4165,0.4129,0.415,3430035.0
2026-01-07 12:00:00+00:00,0.415,0.4157,0.4111,0.4116,4179123.2
2026-01-07 13:00:00+00:00,0.4116,0.4132,0.4094,0.41,3143704.1
2026-01-07 14:00:00+00:00,0.41,0.4101,0.4004,0.4077,14257472.7
2026-01-07 15:00:00+00:00,0.4078,0.408,0.4005,0.4029,9382989.5
2026-01-07 16:00:00+00:00,0.4029,0.406,0.4015,0.404,3312408.2
2026-01-07 17:00:00+00:00,0.404,0.4078,0.4028,0.4038,2905281.6
2026-01-07 18:00:00+00:00,0.4039,0.406,0.4019,0.4036,2587197.1
2026-01-07 19:00:00+00:00,0.4035,0.4046,0.4004,0.403,4264874.2
2026-01-07 20:00:00+00:00,0.403,0.404,0.3991,0.401,3701431.7
2026-01-07 21:00:00+00:00,0.401,0.4028,0.4006,0.4012,1726900.6
2026-01-07 22:00:00+00:00,0.4011,0.4038,0.3986,0.4004,2700556.9
2026-01-07 23:00:00+00:00,0.4004,0.4046,0.3976,0.4022,4215036.4
2026-01-08 00:00:00+00:00,0.4023,0.4035,0.3996,0.403,4282475.3
2026-01-08 01:00:00+00:00,0.4031,0.4049,0.4018,0.4038,1979110.8
2026-01-08 02:00:00+00:00,0.4038,0.4046,0.3994,0.4004,3332954.4
2026-01-08 03:00:00+00:00,0.4004,0.4024,0.3955,0.3978,4946015.9
2026-01-08 04:00:00+00:00,0.3978,0.4018,0.3965,0.4006,3550503.6
2026-01-08 05:00:00+00:00,0.4006,0.4021,0.398,0.3987,2275550.1
2026-01-08 06:00:00+00:00,0.3988,0.3993,0.3912,0.3915,8182168.4
2026-01-08 07:00:00+00:00,0.3914,0.3957,0.3891,0.3953,10949088.3
2026-01-08 08:00:00+00:00,0.3954,0.3972,0.3921,0.3926,4960937.0
2026-01-08 09:00:00+00:00,0.3926,0.3945,0.3897,0.3899,4338899.5
2026-01-08 10:00:00+00:00,0.39,0.3929,0.3868,0.3922,6657956.2
2026-01-08 11:00:00+00:00,0.3922,0.3926,0.3874,0.3905,5172224.6
2026-01-08 12:00:00+00:00,0.3906,0.3908,0.3871,0.3886,4764993.1
2026-01-08 13:00:00+00:00,0.3886,0.3905,0.388,0.3891,2575540.0
2026-01-08 14:00:00+00:00,0.3891,0.3902,0.3849,0.3887,10309012.5
2026-01-08 15:00:00+00:00,0.3886,0.3955,0.3866,0.3954,7348559.5
2026-01-08 16:00:00+00:00,0.3953,0.3961,0.3903,0.3951,7364987.2
2026-01-08 17:00:00+00:00,0.3952,0.3979,0.3924,0.3971,4224215.6
2026-01-08 18:00:00+00:00,0.397,0.3974,0.3936,0.3946,3015607.6
2026-01-08 19:00:00+00:00,0.3946,0.3965,0.3924,0.3932,2035503.7
2026-01-08 20:00:00+00:00,0.3932,0.3937,0.3896,0.3929,2760522.1
2026-01-08 21:00:00+00:00,0.393,0.398,0.3927,0.3977,5014610.6
2026-01-08 22:00:00+00:00,0.3978,0.399,0.3945,0.3967,2271786.8
2026-01-08 23:00:00+00:00,0.3968,0.3978,0.3956,0.3956,1064448.6
2026-01-09 00:00:00+00:00,0.3957,0.3983,0.3957,0.3977,2090429.3
2026-01-09 01:00:00+00:00,0.3977,0.4007,0.3947,0.3958,5355101.5
2026-01-09 02:00:00+00:00,0.3958,0.3996,0.3949,0.3954,2344165.6
2026-01-09 03:00:00+00:00,0.3955,0.3985,0.3946,0.3985,2178433.0
2026-01-09 04:00:00+00:00,0.3985,0.3989,0.396,0.3963,1484931.6
2026-01-09 05:00:00+00:00,0.3963,0.3971,0.394,0.3968,1565114.0
2026-01-09 06:00:00+00:00,0.3969,0.3998,0.3957,0.3996,1300031.3
2026-01-09 07:00:00+00:00,0.3996,0.3997,0.397,0.3971,1801719.4
2026-01-09 08:00:00+00:00,0.3972,0.3977,0.3896,0.3919,6236541.3
2026-01-09 09:00:00+00:00,0.3919,0.3949,0.3917,0.3917,3068282.8
2026-01-09 10:00:00+00:00,0.3918,0.3928,0.3908,0.3916,1660414.6
2026-01-09 11:00:00+00:00,0.3917,0.3941,0.3912,0.3918,1645651.8
2026-01-09 12:00:00+00:00,0.3918,0.3926,0.3896,0.3915,1808106.3
2026-01-09 13:00:00+00:00,0.3915,0.398,0.3913,0.3957,7167818.2
2026-01-09 14:00:00+00:00,0.3956,0.3958,0.3874,0.3903,7659278.3
2026-01-09 15:00:00+00:00,0.3903,0.4052,0.3883,0.3971,13554319.4
2026-01-09 16:00:00+00:00,0.3972,0.4045,0.3971,0.4018,5568701.3
2026-01-09 17:00:00+00:00,0.4018,0.402,0.3926,0.3963,4519344.3
2026-01-09 18:00:00+00:00,0.3963,0.3973,0.3896,0.393,3324841.2
2026-01-09 19:00:00+00:00,0.393,0.393,0.3889,0.3902,2055375.6
2026-01-09 20:00:00+00:00,0.3902,0.3931,0.3898,0.3912,2107117.3
2026-01-09 21:00:00+00:00,0.3912,0.3936,0.3895,0.3926,1668732.4
2026-01-09 22:00:00+00:00,0.3926,0.3939,0.3909,0.3932,1373885.8
2026-01-09 23:00:00+00:00,0.3933,0.3935,0.3907,0.3914,3042528.4
2026-01-10 00:00:00+00:00,0.3914,0.3915,0.3886,0.3897,3465775.5
2026-01-10 01:00:00+00:00,0.3897,0.3908,0.3892,0.3902,1084482.3
2026-01-10 02:00:00+00:00,0.3903,0.3914,0.389,0.3896,1118363.0
2026-01-10 03:00:00+00:00,0.3896,0.3896,0.3867,0.3892,2664295.0
2026-01-10 04:00:00+00:00,0.3891,0.3894,0.3873,0.3878,1583421.1
2026-01-10 05:00:00+00:00,0.3878,0.3886,0.3872,0.3875,1757263.0
2026-01-10 06:00:00+00:00,0.3875,0.388,0.3846,0.3861,1842649.4
2026-01-10 07:00:00+00:00,0.3861,0.3887,0.3861,0.3881,1393168.7
2026-01-10 08:00:00+00:00,0.3881,0.3885,0.387,0.3883,1047764.9
2026-01-10 09:00:00+00:00,0.3883,0.3906,0.388,0.3905,2390192.6
2026-01-10 10:00:00+00:00,0.3906,0.3915,0.3895,0.3912,2328339.7
2026-01-10 11:00:00+00:00,0.3912,0.3912,0.3899,0.3912,1382439.4
2026-01-10 12:00:00+00:00,0.3911,0.3925,0.3908,0.3924,1416093.6
2026-01-10 13:00:00+00:00,0.3924,0.3925,0.3904,0.3905,1031020.9
2026-01-10 14:00:00+00:00,0.3905,0.3905,0.3888,0.3895,1448287.9
2026-01-10 15:00:00+00:00,0.3895,0.3907,0.3895,0.3897,1251762.1
2026-01-10 16:00:00+00:00,0.3896,0.3908,0.3885,0.3902,910829.1
2026-01-10 17:00:00+00:00,0.3903,0.3919,0.389,0.3893,1250475.8
2026-01-10 18:00:00+00:00,0.3893,0.391,0.3886,0.3895,903176.7
2026-01-10 19:00:00+00:00,0.3895,0.3913,0.3892,0.3913,701770.9
2026-01-10 20:00:00+00:00,0.3913,0.3915,0.3901,0.3904,1038286.7
2026-01-10 21:00:00+00:00,0.3903,0.3907,0.3889,0.3889,1087036.1
2026-01-10 22:00:00+00:00,0.389,0.389,0.3856,0.3858,2695376.3
2026-01-10 23:00:00+00:00,0.3859,0.3892,0.3856,0.3886,1598365.0
2026-01-11 00:00:00+00:00,0.3886,0.3895,0.3877,0.3892,1097009.0
2026-01-11 01:00:00+00:00,0.3892,0.3903,0.3885,0.3903,753039.7
2026-01-11 02:00:00+00:00,0.3903,0.3921,0.39,0.3902,1369931.5
2026-01-11 03:00:00+00:00,0.3902,0.391,0.3898,0.3905,774647.4
2026-01-11 04:00:00+00:00,0.3906,0.3912,0.3895,0.391,1214030.3
2026-01-11 05:00:00+00:00,0.3911,0.392,0.3902,0.3915,1235217.8
2026-01-11 06:00:00+00:00,0.3916,0.3918,0.3889,0.3906,948590.5
2026-01-11 07:00:00+00:00,0.3907,0.3916,0.3901,0.3914,952993.1
2026-01-11 08:00:00+00:00,0.3913,0.3922,0.3906,0.3917,2578374.9
2026-01-11 09:00:00+00:00,0.3917,0.3933,0.3908,0.3914,1722748.1
2026-01-11 10:00:00+00:00,0.3915,0.3916,0.3897,0.3911,1289949.2
2026-01-11 11:00:00+00:00,0.3912,0.3922,0.3908,0.3919,1193546.1
2026-01-11 12:00:00+00:00,0.392,0.3968,0.3917,0.3959,3341761.2
2026-01-11 13:00:00+00:00,0.3959,0.3972,0.3935,0.3937,5237037.7
2026-01-11 14:00:00+00:00,0.3937,0.3964,0.3931,0.3954,2751949.7
2026-01-11 15:00:00+00:00,0.3955,0.396,0.3888,0.3906,8144338.8
2026-01-11 16:00:00+00:00,0.3906,0.3961,0.3903,0.3937,8028662.2
2026-01-11 17:00:00+00:00,0.3937,0.3954,0.3919,0.395,2309596.1
2026-01-11 18:00:00+00:00,0.395,0.3951,0.3922,0.3945,920180.8
2026-01-11 19:00:00+00:00,0.3945,0.3949,0.3922,0.3925,1625274.2
2026-01-11 20:00:00+00:00,0.3924,0.3925,0.3866,0.3896,6981493.2
2026-01-11 21:00:00+00:00,0.3895,0.3929,0.3873,0.3919,5578045.4
2026-01-11 22:00:00+00:00,0.3919,0.392,0.3878,0.3878,3762305.5
2026-01-11 23:00:00+00:00,0.3879,0.3926,0.3839,0.391,7492948.3
2026-01-12 00:00:00+00:00,0.391,0.3918,0.3857,0.3915,7144426.1
2026-01-12 01:00:00+00:00,0.3915,0.3958,0.3907,0.3946,5982872.4
2026-01-12 02:00:00+00:00,0.3947,0.4033,0.3946,0.4018,6582099.6
2026-01-12 03:00:00+00:00,0.4019,0.4036,0.3972,0.3974,6097319.1
2026-01-12 04:00:00+00:00,0.3975,0.401,0.3969,0.4006,4086378.1
2026-01-12 05:00:00+00:00,0.4007,0.4013,0.398,0.3986,2142285.3
2026-01-12 06:00:00+00:00,0.3986,0.3998,0.3945,0.3949,2176065.6
2026-01-12 07:00:00+00:00,0.3949,0.3969,0.3899,0.3904,4407228.7
2026-01-12 08:00:00+00:00,0.3904,0.3928,0.3853,0.3881,7244227.1
2026-01-12 09:00:00+00:00,0.3881,0.3888,0.3864,0.3867,3142524.1
2026-01-12 10:00:00+00:00,0.3867,0.3883,0.3848,0.3854,2906132.4
2026-01-12 11:00:00+00:00,0.3854,0.3882,0.385,0.3874,2552978.0
2026-01-12 12:00:00+00:00,0.3875,0.3885,0.3857,0.3863,3273879.0
2026-01-12 13:00:00+00:00,0.3864,0.3869,0.3817,0.3825,7916586.0
2026-01-12 14:00:00+00:00,0.3824,0.39,0.3815,0.3892,11029612.9
2026-01-12 15:00:00+00:00,0.3892,0.395,0.3883,0.3945,8435294.1
2026-01-12 16:00:00+00:00,0.3944,0.3995,0.3942,0.3976,10458113.6
2026-01-12 17:00:00+00:00,0.3976,0.3989,0.3907,0.3934,6493693.4
2026-01-12 18:00:00+00:00,0.3934,0.397,0.3923,0.3936,3759901.4
2026-01-12 19:00:00+00:00,0.3935,0.394,0.3915,0.3934,3219076.0
2026-01-12 20:00:00+00:00,0.3933,0.3953,0.389,0.3894,3294272.6
2026-01-12 21:00:00+00:00,0.3893,0.3893,0.3838,0.3855,4031922.5
2026-01-12 22:00:00+00:00,0.3855,0.3881,0.385,0.3873,6976170.4
2026-01-12 23:00:00+00:00,0.3872,0.3897,0.3855,0.3862,6799704.2
2026-01-13 00:00:00+00:00,0.3862,0.3874,0.3851,0.3868,2090586.1
2026-01-13 01:00:00+00:00,0.3868,0.3883,0.385,0.3861,1671541.0
2026-01-13 02:00:00+00:00,0.3862,0.389,0.3857,0.386,1652340.9
2026-01-13 03:00:00+00:00,0.386,0.3884,0.3856,0.3868,2021591.5
2026-01-13 04:00:00+00:00,0.3869,0.3893,0.3864,0.3891,1404608.2
2026-01-13 05:00:00+00:00,0.3891,0.3958,0.3891,0.3918,4831353.9
2026-01-13 06:00:00+00:00,0.3918,0.3934,0.3906,0.3923,3669918.0
2026-01-13 07:00:00+00:00,0.3923,0.3923,0.3898,0.39,1875364.5
2026-01-13 08:00:00+00:00,0.3899,0.394,0.3897,0.3933,2562787.6
2026-01-13 09:00:00+00:00,0.3933,0.3955,0.3918,0.3929,3559886.0
2026-01-13 10:00:00+00:00,0.3929,0.3944,0.3909,0.3915,2576115.3
2026-01-13 11:00:00+00:00,0.3915,0.3936,0.3904,0.3923,2564057.6
2026-01-13 12:00:00+00:00,0.3923,0.3937,0.3908,0.3931,2124359.2
2026-01-13 13:00:00+00:00,0.3932,0.3976,0.3925,0.394,7159615.2
2026-01-13 14:00:00+00:00,0.3941,0.4029,0.3921,0.3984,13398523.2
2026-01-13 15:00:00+00:00,0.3983,0.4064,0.3958,0.4062,10983274.0
2026-01-13 16:00:00+00:00,0.4061,0.411,0.4061,0.4093,17171555.7
2026-01-13 17:00:00+00:00,0.4094,0.4104,0.405,0.4063,12625849.0
2026-01-13 18:00:00+00:00,0.4062,0.4089,0.4052,0.4063,3749883.0
2026-01-13 19:00:00+00:00,0.4063,0.4106,0.4051,0.4103,4829509.6
2026-01-13 20:00:00+00:00,0.4104,0.4116,0.4066,0.4087,5809931.2
2026-01-13 21:00:00+00:00,0.4087,0.4108,0.4083,0.41,2500413.0
2026-01-13 22:00:00+00:00,0.4101,0.4251,0.4098,0.4225,37814787.1
2026-01-13 23:00:00+00:00,0.4225,0.4267,0.4193,0.4218,12983002.8
2026-01-14 00:00:00+00:00,0.4219,0.4242,0.4198,0.4225,9935741.8
2026-01-14 01:00:00+00:00,0.4225,0.4243,0.4202,0.4212,8936812.0
2026-01-14 02:00:00+00:00,0.4212,0.4241,0.4201,0.4216,5289617.3
2026-01-14 03:00:00+00:00,0.4216,0.426,0.4213,0.4259,3926380.5
2026-01-14 04:00:00+00:00,0.4259,0.4269,0.4227,0.4237,5629063.1
2026-01-14 05:00:00+00:00,0.4238,0.424,0.4214,0.4218,5351251.9
2026-01-14 06:00:00+00:00,0.4219,0.4262,0.4182,0.4253,11067884.7
2026-01-14 07:00:00+00:00,0.4252,0.4273,0.4224,0.4238,7617904.9
2026-01-14 08:00:00+00:00,0.4238,0.4254,0.4204,0.4206,2447191.1
2026-01-14 09:00:00+00:00,0.4207,0.4221,0.4197,0.4202,2343215.3
2026-01-14 10:00:00+00:00,0.4202,0.421,0.4177,0.4182,2863466.0
2026-01-14 11:00:00+00:00,0.4181,0.4184,0.4133,0.4139,4910190.5
2026-01-14 12:00:00+00:00,0.414,0.4164,0.4135,0.4153,2619035.5
2026-01-14 13:00:00+00:00,0.4153,0.416,0.4113,0.4121,3281987.1
2026-01-14 14:00:00+00:00,0.412,0.4225,0.4119,0.4196,11954091.1
2026-01-14 15:00:00+00:00,0.4196,0.4232,0.417,0.4201,12821560.8
2026-01-14 16:00:00+00:00,0.4202,0.4241,0.4195,0.4211,10063651.0
2026-01-14 17:00:00+00:00,0.4211,0.4226,0.4155,0.4164,8241106.6
2026-01-14 18:00:00+00:00,0.4164,0.4175,0.4097,0.4136,7478447.9
2026-01-14 19:00:00+00:00,0.4135,0.4205,0.4126,0.4149,6607303.7
2026-01-14 20:00:00+00:00,0.415,0.4177,0.4117,0.413,4460370.9
2026-01-14 21:00:00+00:00,0.413,0.4153,0.412,0.4142,3310834.9
2026-01-14 22:00:00+00:00,0.4141,0.4148,0.4104,0.4124,4437295.9
2026-01-14 23:00:00+00:00,0.4125,0.4162,0.4123,0.4143,2743258.4
2026-01-15 00:00:00+00:00,0.4144,0.4144,0.4108,0.4118,3543506.4
2026-01-15 01:00:00+00:00,0.4119,0.4142,0.4075,0.4084,4817281.3
2026-01-15 02:00:00+00:00,0.4084,0.4099,0.4046,0.4055,7569137.9
2026-01-15 03:00:00+00:00,0.4056,0.4064,0.3992,0.4002,8155916.5
2026-01-15 04:00:00+00:00,0.4003,0.4033,0.3997,0.4026,4687690.6
2026-01-15 05:00:00+00:00,0.4026,0.4042,0.4018,0.4024,3301396.6
2026-01-15 06:00:00+00:00,0.4024,0.4034,0.4005,0.4011,2925749.6
2026-01-15 07:00:00+00:00,0.4011,0.4055,0.4007,0.4045,2858026.4
2026-01-15 08:00:00+00:00,0.4044,0.4053,0.4023,0.4036,2646780.1
2026-01-15 09:00:00+00:00,0.4036,0.4067,0.4011,0.4049,8416197.0
2026-01-15 10:00:00+00:00,0.4049,0.406,0.4035,0.4052,3930461.4
2026-01-15 11:00:00+00:00,0.4052,0.4062,0.4039,0.4048,3511467.8
2026-01-15 12:00:00+00:00,0.4048,0.4079,0.4045,0.4077,3201163.7
2026-01-15 13:00:00+00:00,0.4077,0.4107,0.4053,0.4085,11204758.6
2026-01-15 14:00:00+00:00,0.4085,0.4098,0.4003,0.403,11295138.8
2026-01-15 15:00:00+00:00,0.403,0.4047,0.3934,0.3997,16497876.7
2026-01-15 16:00:00+00:00,0.3996,0.4001,0.3956,0.3993,7709525.4
2026-01-15 17:00:00+00:00,0.3992,0.401,0.3955,0.3962,5675528.0
2026-01-15 18:00:00+00:00,0.3963,0.397,0.3907,0.3919,7357779.3
2026-01-15 19:00:00+00:00,0.3918,0.3932,0.3894,0.3925,6385614.9
2026-01-15 20:00:00+00:00,0.3925,0.394,0.3891,0.3905,4259405.0
2026-01-15 21:00:00+00:00,0.3905,0.3936,0.3903,0.3929,3452339.4
2026-01-15 22:00:00+00:00,0.3929,0.3946,0.3921,0.394,2577317.1
2026-01-15 23:00:00+00:00,0.3939,0.3945,0.3926,0.3936,1850298.3
2026-01-16 00:00:00+00:00,0.3937,0.3944,0.3929,0.393,1899375.1
2026-01-16 01:00:00+00:00,0.3931,0.3939,0.3916,0.3921,1629168.3
2026-01-16 02:00:00+00:00,0.3922,0.3931,0.3897,0.3928,3316427.6
2026-01-16 03:00:00+00:00,0.3929,0.3932,0.3909,0.3915,2788539.2
2026-01-16 04:00:00+00:00,0.3914,0.3925,0.3885,0.3899,3665723.0
2026-01-16 05:00:00+00:00,0.3899,0.3939,0.3895,0.393,2840440.0
2026-01-16 06:00:00+00:00,0.393,0.3945,0.3921,0.394,1533372.2
2026-01-16 07:00:00+00:00,0.394,0.3944,0.3922,0.3926,1672603.0
2026-01-16 08:00:00+00:00,0.3926,0.3938,0.3923,0.3928,2808293.7
2026-01-16 09:00:00+00:00,0.3928,0.3933,0.3916,0.3919,1874922.0
2026-01-16 10:00:00+00:00,0.3919,0.3919,0.3907,0.3912,1890555.2
2026-01-16 11:00:00+00:00,0.3912,0.3928,0.3904,0.3927,1453674.4
2026-01-16 12:00:00+00:00,0.3928,0.3929,0.3906,0.3915,1241092.7
2026-01-16 13:00:00+00:00,0.3915,0.3917,0.3886,0.39,3198481.4
2026-01-16 14:00:00+00:00,0.39,0.3921,0.389,0.3893,6312140.3
2026-01-16 15:00:00+00:00,0.3893,0.3911,0.3788,0.3816,21833903.7
2026-01-16 16:00:00+00:00,0.3816,0.3852,0.3803,0.384,9101696.1
2026-01-16 17:00:00+00:00,0.384,0.3871,0.3817,0.3865,4798042.5
2026-01-16 18:00:00+00:00,0.3865,0.388,0.386,0.3865,3013003.2
2026-01-16 19:00:00+00:00,0.3865,0.3875,0.3845,0.3868,1954152.4
2026-01-16 20:00:00+00:00,0.3868,0.3951,0.3849,0.3948,7054167.0
2026-01-16 21:00:00+00:00,0.3949,0.3981,0.3936,0.3964,11271171.2
2026-01-16 22:00:00+00:00,0.3965,0.3987,0.3948,0.3965,3558100.6
2026-01-16 23:00:00+00:00,0.3965,0.3973,0.3951,0.3955,3886993.4
2026-01-17 00:00:00+00:00,0.3956,0.3974,0.3951,0.3958,4468273.3
2026-01-17 01:00:00+00:00,0.3957,0.3969,0.3951,0.396,1213327.3
2026-01-17 02:00:00+00:00,0.3959,0.3962,0.3935,0.3947,2059253.8
2026-01-17 03:00:00+00:00,0.3948,0.396,0.3936,0.3946,2020469.9
2026-01-17 04:00:00+00:00,0.3945,0.3964,0.3937,0.3961,1205715.8
2026-01-17 05:00:00+00:00,0.3962,0.3969,0.3957,0.3961,1012328.6
2026-01-17 06:00:00+00:00,0.3961,0.3963,0.395,0.395,927414.6
2026-01-17 07:00:00+00:00,0.395,0.3958,0.3937,0.3956,1395331.6
2026-01-17 08:00:00+00:00,0.3956,0.3971,0.3953,0.3959,1430590.0
2026-01-17 09:00:00+00:00,0.396,0.3969,0.3953,0.3953,1535326.9
2026-01-17 10:00:00+00:00,0.3952,0.3969,0.3947,0.3961,1316568.1
2026-01-17 11:00:00+00:00,0.3961,0.3968,0.3946,0.3948,1838568.4
2026-01-17 12:00:00+00:00,0.3947,0.3967,0.3945,0.3959,1089859.3
2026-01-17 13:00:00+00:00,0.396,0.3983,0.3952,0.3976,2121204.6
2026-01-17 14:00:00+00:00,0.3977,0.4019,0.3963,0.401,4898596.8
2026-01-17 15:00:00+00:00,0.4011,0.4027,0.3998,0.4026,4184715.4
2026-01-17 16:00:00+00:00,0.4026,0.4042,0.3989,0.4005,4926333.5
2026-01-17 17:00:00+00:00,0.4004,0.4022,0.3994,0.4004,2558909.0
2026-01-17 18:00:00+00:00,0.4005,0.4005,0.3987,0.4001,1431984.1
2026-01-17 19:00:00+00:00,0.4002,0.4013,0.3992,0.4002,1474569.4
2026-01-17 20:00:00+00:00,0.4002,0.4022,0.3987,0.3991,1763617.9
2026-01-17 21:00:00+00:00,0.3991,0.3992,0.3976,0.3988,1609858.1
2026-01-17 22:00:00+00:00,0.3987,0.3989,0.395,0.3964,2766885.6
2026-01-17 23:00:00+00:00,0.3964,0.3974,0.3956,0.3973,1303672.0
2026-01-18 00:00:00+00:00,0.3973,0.3988,0.3958,0.3965,4497241.0
2026-01-18 01:00:00+00:00,0.3966,0.3968,0.3928,0.3942,3021126.7
2026-01-18 02:00:00+00:00,0.3942,0.3961,0.3935,0.3943,1706483.1
2026-01-18 03:00:00+00:00,0.3943,0.3968,0.3939,0.3956,1465189.6
2026-01-18 04:00:00+00:00,0.3956,0.3956,0.3937,0.3954,1225064.3
2026-01-18 05:00:00+00:00,0.3954,0.396,0.3945,0.3953,890301.1
2026-01-18 06:00:00+00:00,0.3954,0.396,0.3942,0.3952,1138814.5
2026-01-18 07:00:00+00:00,0.3951,0.3953,0.3932,0.3942,1449216.3
2026-01-18 08:00:00+00:00,0.3942,0.3943,0.392,0.3937,5812481.0
2026-01-18 09:00:00+00:00,0.3937,0.3948,0.393,0.3942,1592896.7
2026-01-18 10:00:00+00:00,0.3943,0.3947,0.3924,0.3937,1841417.7
2026-01-18 11:00:00+00:00,0.3938,0.3938,0.3926,0.3929,1102194.4
2026-01-18 12:00:00+00:00,0.3929,0.394,0.392,0.3924,1604439.4
2026-01-18 13:00:00+00:00,0.3923,0.3941,0.391,0.3928,2933941.0
2026-01-18 14:00:00+00:00,0.3928,0.3953,0.3903,0.3904,3930546.4
2026-01-18 15:00:00+00:00,0.3904,0.3927,0.3894,0.3924,4221289.1
2026-01-18 16:00:00+00:00,0.3925,0.394,0.3913,0.3918,1934931.1
2026-01-18 17:00:00+00:00,0.3919,0.3925,0.39,0.3922,2370088.4
2026-01-18 18:00:00+00:00,0.3922,0.3962,0.3911,0.3946,2987290.6
2026-01-18 19:00:00+00:00,0.3947,0.3957,0.3919,0.3927,1748010.9
2026-01-18 20:00:00+00:00,0.3926,0.3953,0.3914,0.3938,1402831.6
2026-01-18 21:00:00+00:00,0.3939,0.3947,0.3928,0.3944,1056624.8
2026-01-18 22:00:00+00:00,0.3945,0.3971,0.3942,0.396,2083158.6
2026-01-18 23:00:00+00:00,0.3959,0.3959,0.3747,0.3758,27241946.9
2026-01-19 00:00:00+00:00,0.3757,0.3757,0.3421,0.3631,104712962.0
2026-01-19 01:00:00+00:00,0.3631,0.3667,0.361,0.3636,13521987.0
2026-01-19 02:00:00+00:00,0.3635,0.3662,0.3625,0.3653,4522578.2
2026-01-19 03:00:00+00:00,0.3652,0.3661,0.3639,0.3656,3764492.1
2026-01-19 04:00:00+00:00,0.3655,0.366,0.3626,0.3629,6895263.1
2026-01-19 05:00:00+00:00,0.3629,0.3669,0.3628,0.364,15947226.3
2026-01-19 06:00:00+00:00,0.3639,0.3644,0.3606,0.3624,9095171.2
2026-01-19 07:00:00+00:00,0.3625,0.3653,0.3625,0.3641,7775448.0
2026-01-19 08:00:00+00:00,0.3641,0.3696,0.3634,0.3693,20778117.0
2026-01-19 09:00:00+00:00,0.3693,0.3709,0.3681,0.3699,13919412.3
2026-01-19 10:00:00+00:00,0.37,0.3714,0.3687,0.3711,10895164.0
2026-01-19 11:00:00+00:00,0.3712,0.373,0.3685,0.3693,12625318.9
2026-01-19 12:00:00+00:00,0.3692,0.3693,0.366,0.367,4242222.3
2026-01-19 13:00:00+00:00,0.367,0.3674,0.3652,0.3659,2988204.6
2026-01-19 14:00:00+00:00,0.3659,0.3706,0.3659,0.368,3684981.8
2026-01-19 15:00:00+00:00,0.368,0.369,0.3657,0.3668,3831107.8
2026-01-19 16:00:00+00:00,0.3668,0.3719,0.3664,0.3709,2570832.7
2026-01-19 17:00:00+00:00,0.3708,0.371,0.3686,0.3687,3203954.5
2026-01-19 18:00:00+00:00,0.3687,0.3703,0.3684,0.3691,1702170.1
2026-01-19 19:00:00+00:00,0.3692,0.373,0.3692,0.371,2171367.5
2026-01-19 20:00:00+00:00,0.371,0.3726,0.3707,0.3713,1664232.8
2026-01-19 21:00:00+00:00,0.3714,0.3723,0.3697,0.3701,2599801.5
2026-01-19 22:00:00+00:00,0.37,0.371,0.367,0.3671,3192408.4
2026-01-19 23:00:00+00:00,0.3671,0.3713,0.3671,0.3703,2813526.2
2026-01-20 00:00:00+00:00,0.3703,0.3704,0.3679,0.3683,1546714.0
2026-01-20 01:00:00+00:00,0.3683,0.3706,0.3672,0.3688,1844612.3
2026-01-20 02:00:00+00:00,0.3689,0.3692,0.366,0.3678,3802858.9
2026-01-20 03:00:00+00:00,0.3679,0.3683,0.3655,0.3666,2714648.0
2026-01-20 04:00:00+00:00,0.3665,0.3676,0.3654,0.3659,3451988.7
2026-01-20 05:00:00+00:00,0.3658,0.3689,0.364,0.3679,14623760.8
2026-01-20 06:00:00+00:00,0.3678,0.3679,0.3638,0.3666,12403998.7
2026-01-20 07:00:00+00:00,0.3666,0.3681,0.3659,0.366,6713771.9
2026-01-20 08:00:00+00:00,0.3661,0.3667,0.3574,0.3607,29185116.6
2026-01-20 09:00:00+00:00,0.3607,0.3607,0.3579,0.3589,4508483.1
2026-01-20 10:00:00+00:00,0.3589,0.3615,0.3586,0.3601,2925317.3
2026-01-20 11:00:00+00:00,0.3601,0.361,0.3576,0.3578,3234239.6
2026-01-20 12:00:00+00:00,0.3578,0.3601,0.3576,0.3592,5785537.6
2026-01-20 13:00:00+00:00,0.3591,0.3602,0.3558,0.3574,12683697.3
2026-01-20 14:00:00+00:00,0.3573,0.3641,0.3569,0.3607,14104903.6
2026-01-20 15:00:00+00:00,0.3607,0.3612,0.3569,0.3594,11078267.0
2026-01-20 16:00:00+00:00,0.3593,0.3604,0.3525,0.3544,6535201.8
2026-01-20 17:00:00+00:00,0.3543,0.3567,0.3499,0.3519,9054681.9
2026-01-20 18:00:00+00:00,0.352,0.3532,0.3504,0.3514,5422453.9
2026-01-20 19:00:00+00:00,0.3515,0.3533,0.3501,0.3524,4682561.6
2026-01-20 20:00:00+00:00,0.3524,0.3543,0.351,0.3538,3077658.2
2026-01-20 21:00:00+00:00,0.3538,0.354,0.3511,0.3521,4411800.7
2026-01-20 22:00:00+00:00,0.3521,0.3529,0.3467,0.351,8257666.4
2026-01-20 23:00:00+00:00,0.3511,0.3523,0.3493,0.3507,3859623.6
2026-01-21 00:00:00+00:00,0.3506,0.3573,0.3504,0.357,4099095.1
2026-01-21 01:00:00+00:00,0.3571,0.3599,0.3568,0.358,5390237.0
2026-01-21 02:00:00+00:00,0.358,0.361,0.3578,0.3581,2934031.3
2026-01-21 03:00:00+00:00,0.3581,0.3602,0.3579,0.3582,1992186.2
2026-01-21 04:00:00+00:00,0.3583,0.3593,0.3577,0.359,1353720.3
2026-01-21 05:00:00+00:00,0.3589,0.3624,0.3588,0.3613,2483427.3
2026-01-21 06:00:00+00:00,0.3613,0.3615,0.3585,0.3588,2609959.8
2026-01-21 07:00:00+00:00,0.3589,0.363,0.3583,0.3597,5086796.0
2026-01-21 08:00:00+00:00,0.3597,0.3597,0.3565,0.3583,2616458.1
2026-01-21 09:00:00+00:00,0.3584,0.3591,0.3574,0.3581,1948090.6
2026-01-21 10:00:00+00:00,0.3581,0.3595,0.357,0.3571,1809037.2
2026-01-21 11:00:00+00:00,0.357,0.3579,0.3544,0.3548,3079346.1
2026-01-21 12:00:00+00:00,0.3548,0.3553,0.3501,0.3549,6378832.7
2026-01-21 13:00:00+00:00,0.3548,0.3572,0.3523,0.3528,9794935.8
2026-01-21 14:00:00+00:00,0.3528,0.3628,0.352,0.362,22510879.6
2026-01-21 15:00:00+00:00,0.362,0.3639,0.3584,0.3624,8937936.7
2026-01-21 16:00:00+00:00,0.3625,0.3629,0.3472,0.3476,9183571.7
2026-01-21 17:00:00+00:00,0.3476,0.3519,0.3466,0.3509,6405758.5
2026-01-21 18:00:00+00:00,0.3508,0.3549,0.3492,0.3537,4424137.7
2026-01-21 19:00:00+00:00,0.3537,0.3676,0.3521,0.3674,16121587.7
2026-01-21 20:00:00+00:00,0.3674,0.3682,0.3624,0.3669,6636890.7
2026-01-21 21:00:00+00:00,0.3668,0.37,0.3658,0.3691,7205593.5
2026-01-21 22:00:00+00:00,0.3691,0.3739,0.3675,0.3685,9611523.3
2026-01-21 23:00:00+00:00,0.3685,0.3697,0.3649,0.3659,4524423.6
2026-01-22 00:00:00+00:00,0.366,0.3686,0.3658,0.3672,3123035.2
2026-01-22 01:00:00+00:00,0.3672,0.369,0.3664,0.3678,1834758.2
2026-01-22 02:00:00+00:00,0.3677,0.3685,0.3649,0.3652,4122579.0
2026-01-22 03:00:00+00:00,0.3653,0.367,0.3633,0.364,4762727.6
2026-01-22 04:00:00+00:00,0.3639,0.3663,0.3636,0.366,8070644.2
2026-01-22 05:00:00+00:00,0.366,0.3675,0.365,0.3654,4161297.7
2026-01-22 06:00:00+00:00,0.3654,0.3665,0.3643,0.3657,1890156.2
2026-01-22 07:00:00+00:00,0.3656,0.3659,0.3634,0.3635,1746208.4
2026-01-22 08:00:00+00:00,0.3635,0.3652,0.3627,0.3647,3053889.3
2026-01-22 09:00:00+00:00,0.3647,0.3664,0.3639,0.3657,1526921.8
2026-01-22 10:00:00+00:00,0.3657,0.3661,0.3648,0.3657,2245533.0
2026-01-22 11:00:00+00:00,0.3656,0.3657,0.3633,0.3637,2171612.1
2026-01-22 12:00:00+00:00,0.3638,0.3643,0.3631,0.3633,866722.5
2026-01-22 13:00:00+00:00,0.3633,0.3663,0.3611,0.3622,3870302.1
2026-01-22 14:00:00+00:00,0.3622,0.3631,0.3571,0.3581,6076857.4
2026-01-22 15:00:00+00:00,0.3581,0.3604,0.3554,0.3585,5566347.1
2026-01-22 16:00:00+00:00,0.3585,0.3629,0.3583,0.3617,2788912.3
2026-01-22 17:00:00+00:00,0.3617,0.3633,0.3599,0.3623,2692239.8
2026-01-22 18:00:00+00:00,0.3624,0.3627,0.3595,0.3597,2743111.9
2026-01-22 19:00:00+00:00,0.3596,0.3623,0.3586,0.3615,2008573.9
2026-01-22 20:00:00+00:00,0.3615,0.3619,0.359,0.3601,1597822.8
2026-01-22 21:00:00+00:00,0.3602,0.3612,0.3592,0.3593,1127108.3
2026-01-22 22:00:00+00:00,0.3594,0.3607,0.3587,0.3598,1891556.1
2026-01-22 23:00:00+00:00,0.3598,0.36,0.3577,0.3594,1605694.0
2026-01-23 00:00:00+00:00,0.3594,0.3602,0.3585,0.3593,1124614.6
2026-01-23 01:00:00+00:00,0.3594,0.3614,0.3591,0.3614,2230369.3
2026-01-23 02:00:00+00:00,0.3613,0.3616,0.3592,0.3596,2797220.6
2026-01-23 03:00:00+00:00,0.3595,0.3634,0.3594,0.362,1261003.7
2026-01-23 04:00:00+00:00,0.362,0.3652,0.3615,0.3645,2512400.7
2026-01-23 05:00:00+00:00,0.3644,0.3644,0.36,0.3606,1616185.0
2026-01-23 06:00:00+00:00,0.3606,0.3628,0.359,0.3602,3918058.8
2026-01-23 07:00:00+00:00,0.3603,0.3617,0.3596,0.3613,1569428.2
2026-01-23 08:00:00+00:00,0.3612,0.3616,0.3582,0.3592,2633803.1
2026-01-23 09:00:00+00:00,0.3591,0.3606,0.3576,0.3586,5005829.8
2026-01-23 10:00:00+00:00,0.3587,0.36,0.3579,0.3589,1655286.6
2026-01-23 11:00:00+00:00,0.3589,0.3609,0.3587,0.36,1849085.6
2026-01-23 12:00:00+00:00,0.36,0.3607,0.3584,0.3601,1471372.8
2026-01-23 13:00:00+00:00,0.36,0.3605,0.3588,0.359,1162039.7
2026-01-23 14:00:00+00:00,0.3589,0.3592,0.3525,0.3549,8130786.6
2026-01-23 15:00:00+00:00,0.355,0.3615,0.3533,0.3604,4974503.3
2026-01-23 16:00:00+00:00,0.3604,0.3666,0.36,0.3634,8694528.8
2026-01-23 17:00:00+00:00,0.3634,0.3707,0.3617,0.3659,6644739.5
2026-01-23 18:00:00+00:00,0.3659,0.3686,0.3648,0.3659,3047769.4
2026-01-23 19:00:00+00:00,0.3659,0.3659,0.3597,0.3615,4565893.6
2026-01-23 20:00:00+00:00,0.3616,0.3628,0.3573,0.3592,3920861.0
2026-01-23 21:00:00+00:00,0.3591,0.3611,0.3585,0.3599,1149677.1
2026-01-23 22:00:00+00:00,0.3598,0.3628,0.3597,0.3624,2242360.6
2026-01-23 23:00:00+00:00,0.3623,0.3623,0.3602,0.3602,1189791.8
2026-01-24 00:00:00+00:00,0.3603,0.3614,0.3592,0.3592,1300397.2
2026-01-24 01:00:00+00:00,0.3591,0.3599,0.3584,0.3596,1769193.9
2026-01-24 02:00:00+00:00,0.3597,0.3604,0.3595,0.3599,803125.9
2026-01-24 03:00:00+00:00,0.36,0.3624,0.3595,0.3618,1488553.1
2026-01-24 04:00:00+00:00,0.3618,0.3625,0.3608,0.3612,1242026.6
2026-01-24 05:00:00+00:00,0.3612,0.3614,0.3602,0.3606,873147.8
2026-01-24 06:00:00+00:00,0.3606,0.3607,0.3599,0.36,1375515.3
2026-01-24 07:00:00+00:00,0.3599,0.3607,0.3595,0.3596,800223.6
2026-01-24 08:00:00+00:00,0.3596,0.3602,0.3586,0.3598,774833.6
2026-01-24 09:00:00+00:00,0.3597,0.3608,0.3591,0.3597,836353.2
2026-01-24 10:00:00+00:00,0.3596,0.3597,0.359,0.3592,553721.7
2026-01-24 11:00:00+00:00,0.3591,0.3602,0.3591,0.36,575533.0
2026-01-24 12:00:00+00:00,0.3599,0.3605,0.3594,0.3601,992460.0
2026-01-24 13:00:00+00:00,0.3601,0.3604,0.3582,0.3583,1270696.7
2026-01-24 14:00:00+00:00,0.3584,0.3603,0.3577,0.3594,1762667.2
2026-01-24 15:00:00+00:00,0.3593,0.3601,0.3574,0.358,1902909.8
2026-01-24 16:00:00+00:00,0.358,0.359,0.3564,0.3586,1861586.1
2026-01-24 17:00:00+00:00,0.3587,0.3592,0.3582,0.3587,1487979.1
2026-01-24 18:00:00+00:00,0.3588,0.3598,0.3582,0.3588,913994.1
2026-01-24 19:00:00+00:00,0.3588,0.359,0.3578,0.3583,802607.0
2026-01-24 20:00:00+00:00,0.3583,0.3594,0.3582,0.3591,638293.4
2026-01-24 21:00:00+00:00,0.3591,0.3594,0.3582,0.359,367059.5
2026-01-24 22:00:00+00:00,0.3591,0.3601,0.3587,0.3599,685922.2
2026-01-24 23:00:00+00:00,0.3599,0.3602,0.3579,0.3583,1261063.7
2026-01-25 00:00:00+00:00,0.3583,0.3591,0.3573,0.359,1697370.6
2026-01-25 01:00:00+00:00,0.3591,0.3595,0.3572,0.3576,1093529.2
2026-01-25 02:00:00+00:00,0.3577,0.3585,0.3564,0.3567,791168.2
2026-01-25 03:00:00+00:00,0.3567,0.3574,0.3543,0.3557,1840691.7
2026-01-25 04:00:00+00:00,0.3557,0.3578,0.3555,0.3571,819343.9
2026-01-25 05:00:00+00:00,0.3572,0.3574,0.3555,0.357,713500.7
2026-01-25 06:00:00+00:00,0.3569,0.3569,0.3556,0.3559,1316974.5
2026-01-25 07:00:00+00:00,0.3559,0.3563,0.3541,0.3558,1328190.4
2026-01-25 08:00:00+00:00,0.3558,0.3569,0.3538,0.3547,1324664.1
2026-01-25 09:00:00+00:00,0.3547,0.3578,0.3539,0.3569,1837871.9
2026-01-25 10:00:00+00:00,0.3568,0.3603,0.3566,0.3584,1968018.2
2026-01-25 11:00:00+00:00,0.3584,0.3587,0.3562,0.3565,829809.5
2026-01-25 12:00:00+00:00,0.3564,0.3565,0.3547,0.3561,1290153.4
2026-01-25 13:00:00+00:00,0.3561,0.3572,0.3552,0.3568,1468473.7
2026-01-25 14:00:00+00:00,0.3569,0.3571,0.3506,0.3529,3724469.5
2026-01-25 15:00:00+00:00,0.3528,0.354,0.3516,0.3524,1778381.6
2026-01-25 16:00:00+00:00,0.3523,0.3523,0.3417,0.3447,31354522.6
2026-01-25 17:00:00+00:00,0.3447,0.3458,0.3415,0.3418,4460938.5
2026-01-25 18:00:00+00:00,0.3418,0.3426,0.3382,0.3403,13955960.9
2026-01-25 19:00:00+00:00,0.3403,0.3406,0.3327,0.3345,15909711.1
2026-01-25 20:00:00+00:00,0.3346,0.3373,0.333,0.3359,10636986.3
2026-01-25 21:00:00+00:00,0.3359,0.3394,0.3359,0.339,5975843.2
2026-01-25 22:00:00+00:00,0.3391,0.3393,0.3366,0.3386,3183772.0
2026-01-25 23:00:00+00:00,0.3386,0.3398,0.3369,0.3391,3752374.2
2026-01-26 00:00:00+00:00,0.339,0.3449,0.3388,0.3439,6871087.0
2026-01-26 01:00:00+00:00,0.3439,0.3495,0.3437,0.3485,6348633.6
2026-01-26 02:00:00+00:00,0.3484,0.3487,0.3456,0.3463,3304616.2
2026-01-26 03:00:00+00:00,0.3463,0.3478,0.3439,0.3451,2210081.0
2026-01-26 04:00:00+00:00,0.3451,0.3499,0.3451,0.3476,2715769.4
2026-01-26 05:00:00+00:00,0.3476,0.3482,0.3466,0.3477,2042555.4
2026-01-26 06:00:00+00:00,0.3478,0.349,0.3463,0.3481,2571962.7
2026-01-26 07:00:00+00:00,0.3481,0.3497,0.3471,0.3482,3157828.5
2026-01-26 08:00:00+00:00,0.3483,0.3517,0.3475,0.3486,5205936.3
2026-01-26 09:00:00+00:00,0.3487,0.3487,0.3449,0.3454,3225972.1
2026-01-26 10:00:00+00:00,0.3455,0.3479,0.3454,0.3473,1688911.0
2026-01-26 11:00:00+00:00,0.3473,0.3485,0.3465,0.3471,1770519.0
2026-01-26 12:00:00+00:00,0.3471,0.3484,0.3468,0.3477,1965046.2
2026-01-26 13:00:00+00:00,0.3478,0.3497,0.3476,0.3497,2080001.4
2026-01-26 14:00:00+00:00,0.3496,0.3548,0.3478,0.3539,11619298.9
2026-01-26 15:00:00+00:00,0.3539,0.3584,0.3508,0.3524,10179496.3
2026-01-26 16:00:00+00:00,0.3524,0.3548,0.3507,0.3532,4149376.7
2026-01-26 17:00:00+00:00,0.3533,0.3542,0.3494,0.3528,4059983.0
2026-01-26 18:00:00+00:00,0.3528,0.356,0.3522,0.354,5716999.9
2026-01-26 19:00:00+00:00,0.354,0.3552,0.3518,0.3522,1904360.7
2026-01-26 20:00:00+00:00,0.3521,0.3527,0.3495,0.35,2449255.7
2026-01-26 21:00:00+00:00,0.35,0.3545,0.349,0.3532,3688509.3
2026-01-26 22:00:00+00:00,0.3532,0.3541,0.3515,0.3524,1965024.7
2026-01-26 23:00:00+00:00,0.3524,0.3542,0.3514,0.3521,1883642.3
2026-01-27 00:00:00+00:00,0.3521,0.3528,0.3511,0.3524,1010252.5
2026-01-27 01:00:00+00:00,0.3524,0.3551,0.3511,0.3538,2230634.7
2026-01-27 02:00:00+00:00,0.3539,0.3553,0.3535,0.3545,5920401.6
2026-01-27 03:00:00+00:00,0.3545,0.3547,0.3524,0.3527,3507465.1
2026-01-27 04:00:00+00:00,0.3526,0.3548,0.3523,0.3532,1918176.2
2026-01-27 05:00:00+00:00,0.3531,0.3532,0.3516,0.3525,1416498.5
2026-01-27 06:00:00+00:00,0.3525,0.3529,0.351,0.3511,876813.4
2026-01-27 07:00:00+00:00,0.351,0.3525,0.3509,0.3519,1250160.5
2026-01-27 08:00:00+00:00,0.3519,0.3529,0.3509,0.3515,984769.5
2026-01-27 09:00:00+00:00,0.3515,0.3515,0.3489,0.3493,2482842.9
2026-01-27 10:00:00+00:00,0.3493,0.3503,0.3493,0.3498,2632236.5
2026-01-27 11:00:00+00:00,0.3497,0.3516,0.3492,0.3506,5838430.6
2026-01-27 12:00:00+00:00,0.3506,0.351,0.3492,0.3498,1929900.3
2026-01-27 13:00:00+00:00,0.3499,0.3504,0.3476,0.3484,1650129.0
2026-01-27 14:00:00+00:00,0.3484,0.3527,0.3482,0.3491,5884888.2
2026-01-27 15:00:00+00:00,0.3491,0.352,0.3486,0.3516,2451295.1
2026-01-27 16:00:00+00:00,0.3517,0.3577,0.3516,0.3575,14454167.0
2026-01-27 17:00:00+00:00,0.3574,0.3578,0.3492,0.3503,13947518.9
2026-01-27 18:00:00+00:00,0.3504,0.3572,0.3498,0.3557,4312829.6
2026-01-27 19:00:00+00:00,0.3556,0.3561,0.3541,0.3556,2581203.9
2026-01-27 20:00:00+00:00,0.3555,0.3627,0.3555,0.3619,10364310.9
2026-01-27 21:00:00+00:00,0.3618,0.3636,0.3596,0.3599,4598562.8
2026-01-27 22:00:00+00:00,0.3599,0.3629,0.3599,0.3611,3679552.4
2026-01-27 23:00:00+00:00,0.3612,0.3624,0.3605,0.3608,1731436.2
2026-01-28 00:00:00+00:00,0.3607,0.3615,0.3579,0.3595,3571347.9
2026-01-28 01:00:00+00:00,0.3595,0.3595,0.3562,0.3576,3353454.8
2026-01-28 02:00:00+00:00,0.3575,0.3586,0.3567,0.3579,1868955.2
2026-01-28 03:00:00+00:00,0.3578,0.3583,0.3562,0.3568,1587821.9
2026-01-28 04:00:00+00:00,0.3568,0.357,0.355,0.3557,3251205.6
2026-01-28 05:00:00+00:00,0.3558,0.3577,0.3551,0.3571,1653759.2
2026-01-28 06:00:00+00:00,0.3572,0.3592,0.3569,0.3585,1769329.2
2026-01-28 07:00:00+00:00,0.3586,0.3592,0.3567,0.3576,1764315.1
2026-01-28 08:00:00+00:00,0.3576,0.3588,0.3567,0.357,1893394.8
2026-01-28 09:00:00+00:00,0.357,0.3615,0.3564,0.3612,2989533.5
2026-01-28 10:00:00+00:00,0.3612,0.3624,0.3599,0.36,2838217.8
2026-01-28 11:00:00+00:00,0.3601,0.3647,0.3594,0.3645,5619450.0
2026-01-28 12:00:00+00:00,0.3644,0.365,0.3598,0.3609,6954378.0
2026-01-28 13:00:00+00:00,0.361,0.3636,0.3608,0.3617,3462007.6
2026-01-28 14:00:00+00:00,0.3616,0.3617,0.3581,0.3585,11032333.1
2026-01-28 15:00:00+00:00,0.3585,0.3599,0.3546,0.3572,8816822.5
2026-01-28 16:00:00+00:00,0.3572,0.3592,0.3561,0.3568,4453967.5
2026-01-28 17:00:00+00:00,0.3568,0.3615,0.3551,0.3599,4402323.7
2026-01-28 18:00:00+00:00,0.3599,0.3599,0.3554,0.3575,4775815.7
2026-01-28 19:00:00+00:00,0.3574,0.3594,0.3556,0.3584,3610906.7
2026-01-28 20:00:00+00:00,0.3583,0.362,0.3568,0.3575,3791189.0
2026-01-28 21:00:00+00:00,0.3576,0.3593,0.3551,0.3584,2862215.6
2026-01-28 22:00:00+00:00,0.3585,0.3606,0.3569,0.3603,1021795.0
2026-01-28 23:00:00+00:00,0.3603,0.361,0.3578,0.3583,2947233.9
2026-01-29 00:00:00+00:00,0.3583,0.3592,0.3551,0.3567,3227074.5
2026-01-29 01:00:00+00:00,0.3567,0.3575,0.3524,0.3544,3431743.5
2026-01-29 02:00:00+00:00,0.3543,0.3557,0.3495,0.3506,7949906.9
2026-01-29 03:00:00+00:00,0.3506,0.3532,0.3498,0.3512,2315099.7
2026-01-29 04:00:00+00:00,0.3511,0.3513,0.3473,0.35,6089378.9
2026-01-29 05:00:00+00:00,0.35,0.3511,0.3496,0.3505,1647509.7
2026-01-29 06:00:00+00:00,0.3506,0.3519,0.3501,0.3519,940610.8
2026-01-29 07:00:00+00:00,0.3518,0.3525,0.3509,0.3514,2532482.1
2026-01-29 08:00:00+00:00,0.3514,0.3518,0.3491,0.3499,2802951.9
2026-01-29 09:00:00+00:00,0.3499,0.3503,0.3488,0.3489,1484862.4
2026-01-29 10:00:00+00:00,0.349,0.3491,0.3473,0.3482,2385168.5
2026-01-29 11:00:00+00:00,0.3482,0.3486,0.3459,0.3466,3575918.3
2026-01-29 12:00:00+00:00,0.3466,0.347,0.3441,0.3453,4075459.8
2026-01-29 13:00:00+00:00,0.3453,0.3468,0.3451,0.3464,1598317.3
2026-01-29 14:00:00+00:00,0.3465,0.3474,0.3386,0.3392,8699509.9
2026-01-29 15:00:00+00:00,0.3391,0.3392,0.3297,0.3333,34516752.7
2026-01-29 16:00:00+00:00,0.3332,0.3366,0.3305,0.3364,10385240.7
2026-01-29 17:00:00+00:00,0.3364,0.341,0.3335,0.3342,10083283.0
2026-01-29 18:00:00+00:00,0.3342,0.3354,0.3282,0.3282,15074912.2
2026-01-29 19:00:00+00:00,0.3283,0.3321,0.3272,0.3309,7517694.3
2026-01-29 20:00:00+00:00,0.3309,0.3343,0.3301,0.3336,5004823.0
2026-01-29 21:00:00+00:00,0.3337,0.3359,0.3337,0.3352,4853321.0
2026-01-29 22:00:00+00:00,0.3352,0.3365,0.3346,0.3351,2564418.4
2026-01-29 23:00:00+00:00,0.3351,0.3351,0.333,0.3347,2142975.8
2026-01-30 00:00:00+00:00,0.3346,0.3359,0.3332,0.3342,3004258.3
2026-01-30 01:00:00+00:00,0.3343,0.3348,0.318,0.3269,33950989.4
2026-01-30 02:00:00+00:00,0.3269,0.327,0.3206,0.3249,8969616.9
2026-01-30 03:00:00+00:00,0.3249,0.3267,0.3244,0.3251,2923517.7
2026-01-30 04:00:00+00:00,0.3251,0.3298,0.325,0.3283,4298985.2
2026-01-30 05:00:00+00:00,0.3283,0.329,0.3266,0.3268,2992688.6
2026-01-30 06:00:00+00:00,0.3268,0.3269,0.3197,0.3217,6980260.9
2026-01-30 07:00:00+00:00,0.3217,0.3272,0.3217,0.3254,6232437.8
2026-01-30 08:00:00+00:00,0.3255,0.3257,0.3217,0.3229,3535850.2
2026-01-30 09:00:00+00:00,0.3229,0.3238,0.3204,0.3223,5155270.8
2026-01-30 10:00:00+00:00,0.3223,0.324,0.3215,0.3237,2921297.0
2026-01-30 11:00:00+00:00,0.3237,0.3292,0.3233,0.3279,3310505.0
2026-01-30 12:00:00+00:00,0.3279,0.3283,0.3247,0.3255,2584986.2
2026-01-30 13:00:00+00:00,0.3254,0.3261,0.3215,0.3236,6297125.1
2026-01-30 14:00:00+00:00,0.3237,0.3284,0.3237,0.3254,6341932.1
2026-01-30 15:00:00+00:00,0.3255,0.328,0.3208,0.3257,9536395.9
2026-01-30 16:00:00+00:00,0.3257,0.3284,0.3235,0.3258,4838171.2
2026-01-30 17:00:00+00:00,0.3259,0.3283,0.3238,0.3253,4447127.5
2026-01-30 18:00:00+00:00,0.3252,0.3309,0.3161,0.3289,19352818.7
2026-01-30 19:00:00+00:00,0.3289,0.3319,0.3284,0.3291,9725538.4
2026-01-30 20:00:00+00:00,0.3291,0.3292,0.323,0.3236,11920333.4
2026-01-30 21:00:00+00:00,0.3236,0.3272,0.3232,0.3247,6335311.7
2026-01-30 22:00:00+00:00,0.3247,0.3251,0.3219,0.3235,2708667.0
2026-01-30 23:00:00+00:00,0.3234,0.3235,0.32,0.3208,6078086.4
2026-01-31 00:00:00+00:00,0.3208,0.3213,0.3193,0.3201,3855031.6
2026-01-31 01:00:00+00:00,0.3202,0.3224,0.3201,0.3212,3203998.4
2026-01-31 02:00:00+00:00,0.3212,0.3212,0.318,0.3198,4501759.8
2026-01-31 03:00:00+00:00,0.3198,0.3205,0.3181,0.3184,3574677.5
2026-01-31 04:00:00+00:00,0.3184,0.3192,0.3146,0.3157,17604623.9
2026-01-31 05:00:00+00:00,0.3157,0.3165,0.3123,0.3159,22111250.3
2026-01-31 06:00:00+00:00,0.3159,0.3164,0.3112,0.3114,27178891.1
2026-01-31 07:00:00+00:00,0.3114,0.3131,0.3104,0.3124,5711451.6
2026-01-31 08:00:00+00:00,0.3124,0.3128,0.307,0.3103,19755466.2
2026-01-31 09:00:00+00:00,0.3104,0.3125,0.3096,0.3111,5089353.6
2026-01-31 10:00:00+00:00,0.3111,0.3132,0.3102,0.3112,2917505.5
2026-01-31 11:00:00+00:00,0.3113,0.3114,0.3091,0.3104,4360059.6
2026-01-31 12:00:00+00:00,0.3104,0.3109,0.3092,0.3099,3154455.1
2026-01-31 13:00:00+00:00,0.31,0.3101,0.3071,0.3081,5230032.9
2026-01-31 14:00:00+00:00,0.3082,0.3091,0.2939,0.2985,50999841.4
2026-01-31 15:00:00+00:00,0.2985,0.3006,0.296,0.2963,15130238.6
2026-01-31 16:00:00+00:00,0.2962,0.3003,0.2908,0.2925,23427676.3
2026-01-31 17:00:00+00:00,0.2925,0.2935,0.2771,0.2843,71653336.4
2026-01-31 18:00:00+00:00,0.2843,0.2872,0.2685,0.2841,65919366.8
2026-01-31 19:00:00+00:00,0.2842,0.2874,0.282,0.2853,35899114.9
2026-01-31 20:00:00+00:00,0.2853,0.2875,0.2819,0.2856,11642447.5
2026-01-31 21:00:00+00:00,0.2855,0.2918,0.2845,0.291,13055705.3
2026-01-31 22:00:00+00:00,0.291,0.2914,0.2871,0.2886,9223891.5
2026-01-31 23:00:00+00:00,0.2886,0.2958,0.2882,0.2936,10675500.9
2026-02-01 00:00:00+00:00,0.2937,0.2967,0.2935,0.2957,8321818.2
2026-02-01 01:00:00+00:00,0.2957,0.296,0.2915,0.2956,4946155.9
2026-02-01 02:00:00+00:00,0.2955,0.2978,0.2941,0.2961,6446476.7
2026-02-01 03:00:00+00:00,0.2961,0.2967,0.2951,0.2959,2943937.0
2026-02-01 04:00:00+00:00,0.2959,0.2977,0.2957,0.297,5399233.2
2026-02-01 05:00:00+00:00,0.297,0.2974,0.2945,0.2949,4006326.9
2026-02-01 06:00:00+00:00,0.295,0.2964,0.2934,0.2945,3026709.1
2026-02-01 07:00:00+00:00,0.2945,0.2992,0.2928,0.2963,10187602.6
2026-02-01 08:00:00+00:00,0.2962,0.2979,0.2947,0.2966,5579006.7
2026-02-01 09:00:00+00:00,0.2965,0.298,0.2952,0.2976,2439456.2
2026-02-01 10:00:00+00:00,0.2976,0.2979,0.2915,0.2921,5645275.6
2026-02-01 11:00:00+00:00,0.2921,0.2964,0.2921,0.2955,2925897.3
2026-02-01 12:00:00+00:00,0.2954,0.2955,0.2925,0.2935,5141756.6
2026-02-01 13:00:00+00:00,0.2935,0.2968,0.2927,0.2937,12130701.4
2026-02-01 14:00:00+00:00,0.2937,0.2953,0.2887,0.2928,17287056.5
2026-02-01 15:00:00+00:00,0.2928,0.293,0.2848,0.2894,17119191.9
2026-02-01 16:00:00+00:00,0.2894,0.2917,0.2865,0.2878,10076330.7
2026-02-01 17:00:00+00:00,0.2877,0.2886,0.2846,0.2872,6470782.1
2026-02-01 18:00:00+00:00,0.2872,0.2929,0.2872,0.2904,8690254.9
2026-02-01 19:00:00+00:00,0.2903,0.2911,0.2856,0.2869,5422111.2
2026-02-01 20:00:00+00:00,0.2869,0.2908,0.2844,0.2877,6215346.6
2026-02-01 21:00:00+00:00,0.2877,0.288,0.2849,0.2861,4773872.0
2026-02-01 22:00:00+00:00,0.2862,0.2911,0.2858,0.2883,6243653.4
2026-02-01 23:00:00+00:00,0.2883,0.2907,0.279,0.2858,22164969.7
2026-02-02 00:00:00+00:00,0.2859,0.2921,0.2834,0.2892,11191153.7
2026-02-02 01:00:00+00:00,0.2892,0.2936,0.2854,0.2908,7415616.4
2026-02-02 02:00:00+00:00,0.2907,0.2918,0.2869,0.2875,5854153.9
2026-02-02 03:00:00+00:00,0.2875,0.288,0.2764,0.2864,25504271.0
2026-02-02 04:00:00+00:00,0.2865,0.29,0.2817,0.285,9177744.3
2026-02-02 05:00:00+00:00,0.2849,0.2851,0.2767,0.2796,13538408.5
2026-02-02 06:00:00+00:00,0.2795,0.2884,0.2757,0.2843,22872912.1
2026-02-02 07:00:00+00:00,0.2843,0.2876,0.2833,0.2841,8522804.7
2026-02-02 08:00:00+00:00,0.2841,0.2899,0.2841,0.289,8239669.3
2026-02-02 09:00:00+00:00,0.2889,0.2931,0.2874,0.2921,13265730.9
2026-02-02 10:00:00+00:00,0.2922,0.2936,0.2914,0.2923,5238952.1
2026-02-02 11:00:00+00:00,0.2923,0.2948,0.292,0.2924,5641182.6
2026-02-02 12:00:00+00:00,0.2924,0.2967,0.2924,0.2959,6033996.6
2026-02-02 13:00:00+00:00,0.2958,0.2974,0.2946,0.2967,5988589.0
2026-02-02 14:00:00+00:00,0.2967,0.3026,0.2948,0.2986,18490287.5
2026-02-02 15:00:00+00:00,0.2987,0.3033,0.298,0.3014,15067844.6
2026-02-02 16:00:00+00:00,0.3014,0.3027,0.2997,0.3005,6025639.3
2026-02-02 17:00:00+00:00,0.3004,0.3018,0.2991,0.3005,6639921.1
2026-02-02 18:00:00+00:00,0.3005,0.3034,0.2995,0.3025,5058257.2
2026-02-02 19:00:00+00:00,0.3026,0.3033,0.3,0.3002,3383119.9
2026-02-02 20:00:00+00:00,0.3002,0.3016,0.2978,0.2994,7415481.0
2026-02-02 21:00:00+00:00,0.2995,0.3015,0.2992,0.3008,2778970.3
2026-02-02 22:00:00+00:00,0.3008,0.3012,0.2996,0.3005,1930792.7
2026-02-02 23:00:00+00:00,0.3005,0.3005,0.2988,0.2991,2831116.2
2026-02-03 00:00:00+00:00,0.2991,0.3004,0.2974,0.3001,3557378.3
2026-02-03 01:00:00+00:00,0.3001,0.3004,0.298,0.3,2248400.1
2026-02-03 02:00:00+00:00,0.3,0.3,0.2941,0.2945,4848117.4
2026-02-03 03:00:00+00:00,0.2945,0.2997,0.2934,0.2993,3940207.3
2026-02-03 04:00:00+00:00,0.2993,0.3019,0.2979,0.3014,3541023.3
2026-02-03 05:00:00+00:00,0.3015,0.3016,0.2977,0.2978,2736625.6
2026-02-03 06:00:00+00:00,0.2979,0.2987,0.2956,0.298,4213751.8
2026-02-03 07:00:00+00:00,0.298,0.3008,0.2971,0.2993,2501642.0
2026-02-03 08:00:00+00:00,0.2994,0.3007,0.2978,0.2981,3293140.6
2026-02-03 09:00:00+00:00,0.2981,0.2992,0.2938,0.2963,6848122.7
2026-02-03 10:00:00+00:00,0.2963,0.2972,0.2948,0.2958,1611159.2
2026-02-03 11:00:00+00:00,0.2958,0.298,0.2958,0.2973,2843271.4
2026-02-03 12:00:00+00:00,0.2973,0.3,0.2964,0.2992,3748151.1
2026-02-03 13:00:00+00:00,0.2992,0.3004,0.2982,0.2996,3500105.1
2026-02-03 14:00:00+00:00,0.2996,0.3003,0.2938,0.2941,8487259.8
2026-02-03 15:00:00+00:00,0.294,0.305,0.2933,0.3039,19010803.0
2026-02-03 16:00:00+00:00,0.304,0.304,0.2946,0.2956,12024946.7
2026-02-03 17:00:00+00:00,0.2956,0.2962,0.287,0.2874,10817149.5
2026-02-03 18:00:00+00:00,0.2875,0.2892,0.2817,0.2823,18748095.2
2026-02-03 19:00:00+00:00,0.2823,0.2964,0.282,0.2949,21350443.5
2026-02-03 20:00:00+00:00,0.2948,0.3046,0.2908,0.3013,22769071.1
2026-02-03 21:00:00+00:00,0.3012,0.3036,0.2961,0.2968,6161842.7
2026-02-03 22:00:00+00:00,0.2968,0.297,0.2918,0.2928,5353074.0
2026-02-03 23:00:00+00:00,0.2927,0.2931,0.2897,0.2917,4699395.5
2026-02-04 00:00:00+00:00,0.2917,0.2958,0.2906,0.2944,3918983.7
2026-02-04 01:00:00+00:00,0.2944,0.2994,0.2944,0.2972,2816138.7
2026-02-04 02:00:00+00:00,0.2972,0.298,0.2942,0.2951,3728105.4
2026-02-04 03:00:00+00:00,0.295,0.3018,0.2946,0.3011,8128616.1
2026-02-04 04:00:00+00:00,0.3012,0.3027,0.2995,0.2996,3551598.9
2026-02-04 05:00:00+00:00,0.2997,0.2999,0.2964,0.2973,2027503.2
2026-02-04 06:00:00+00:00,0.2974,0.3005,0.2973,0.2993,3747745.1
2026-02-04 07:00:00+00:00,0.2993,0.3009,0.2977,0.2998,4001732.2
2026-02-04 08:00:00+00:00,0.2999,0.3027,0.2987,0.3022,3274261.1
2026-02-04 09:00:00+00:00,0.3022,0.3023,0.2987,0.3001,4586233.0
2026-02-04 10:00:00+00:00,0.3001,0.3009,0.2994,0.2997,2134758.6
2026-02-04 11:00:00+00:00,0.2997,0.2998,0.2942,0.2972,14662857.4
2026-02-04 12:00:00+00:00,0.2972,0.2977,0.2955,0.2964,2356574.8
2026-02-04 13:00:00+00:00,0.2964,0.2966,0.2915,0.2916,6213462.5
2026-02-04 14:00:00+00:00,0.2916,0.294,0.2865,0.287,9960469.9
2026-02-04 15:00:00+00:00,0.2869,0.2911,0.2834,0.2866,14477182.4
2026-02-04 16:00:00+00:00,0.2867,0.2889,0.2825,0.2858,15746090.2
2026-02-04 17:00:00+00:00,0.2858,0.2882,0.2822,0.2857,13976248.9
2026-02-04 18:00:00+00:00,0.2856,0.2916,0.2812,0.2877,17594507.9
2026-02-04 19:00:00+00:00,0.2877,0.2934,0.2865,0.2924,10790380.9
2026-02-04 20:00:00+00:00,0.2925,0.2933,0.2889,0.2895,6312442.2
2026-02-04 21:00:00+00:00,0.2895,0.2904,0.2829,0.2854,4409647.8
2026-02-04 22:00:00+00:00,0.2855,0.2896,0.2803,0.2835,7102457.2
2026-02-04 23:00:00+00:00,0.2835,0.2886,0.2829,0.2864,6239426.0
2026-02-05 00:00:00+00:00,0.2864,0.2877,0.285,0.2864,3892808.6
2026-02-05 01:00:00+00:00,0.2864,0.2899,0.2837,0.2861,6898832.4
2026-02-05 02:00:00+00:00,0.2861,0.2894,0.2836,0.2842,8267818.6
2026-02-05 03:00:00+00:00,0.2842,0.2867,0.2823,0.2828,7145159.3
2026-02-05 04:00:00+00:00,0.2828,0.2852,0.2813,0.2833,8562011.4
2026-02-05 05:00:00+00:00,0.2834,0.2867,0.2799,0.2839,13767101.6
2026-02-05 06:00:00+00:00,0.2839,0.2843,0.2785,0.2797,13640808.9
2026-02-05 07:00:00+00:00,0.2798,0.2837,0.2789,0.2794,12399698.7
2026-02-05 08:00:00+00:00,0.2795,0.2827,0.2793,0.2808,5365930.9
2026-02-05 09:00:00+00:00,0.2808,0.284,0.2795,0.2804,5948109.8
2026-02-05 10:00:00+00:00,0.2805,0.2807,0.2713,0.2728,14767450.3
2026-02-05 11:00:00+00:00,0.2728,0.2746,0.2671,0.2721,23808964.9
2026-02-05 12:00:00+00:00,0.2721,0.2734,0.2691,0.272,14130775.1
2026-02-05 13:00:00+00:00,0.272,0.2745,0.2693,0.27,8298040.8
2026-02-05 14:00:00+00:00,0.2701,0.2779,0.27,0.2718,15604070.4
2026-02-05 15:00:00+00:00,0.2719,0.2727,0.2575,0.2623,70818236.1
2026-02-05 16:00:00+00:00,0.2623,0.2676,0.2599,0.2653,31218046.0
2026-02-05 17:00:00+00:00,0.2654,0.2665,0.2553,0.258,25045634.3
2026-02-05 18:00:00+00:00,0.258,0.2603,0.2537,0.2589,24361125.0
2026-02-05 19:00:00+00:00,0.2589,0.2591,0.2531,0.2538,14043972.9
2026-02-05 20:00:00+00:00,0.2538,0.2565,0.2436,0.2477,67562877.2
2026-02-05 21:00:00+00:00,0.2478,0.2546,0.245,0.2472,30528937.3
2026-02-05 22:00:00+00:00,0.2472,0.2524,0.2437,0.2493,23878840.5
2026-02-05 23:00:00+00:00,0.2494,0.2545,0.2445,0.2455,18468828.2
2026-02-06 00:00:00+00:00,0.2455,0.2474,0.2205,0.2439,172245468.3
2026-02-06 01:00:00+00:00,0.244,0.2528,0.2429,0.252,22174316.5
2026-02-06 02:00:00+00:00,0.252,0.2539,0.2447,0.2461,12857025.3
2026-02-06 03:00:00+00:00,0.2462,0.2495,0.2457,0.249,12088634.3
2026-02-06 04:00:00+00:00,0.2491,0.2528,0.2479,0.2513,18492598.4
2026-02-06 05:00:00+00:00,0.2512,0.2589,0.2507,0.2579,24783088.7
2026-02-06 06:00:00+00:00,0.2579,0.2594,0.2538,0.2544,25694553.1
2026-02-06 07:00:00+00:00,0.2544,0.2547,0.2511,0.2515,22981707.3
2026-02-06 08:00:00+00:00,0.2515,0.2528,0.2488,0.251,26480105.0
2026-02-06 09:00:00+00:00,0.2509,0.2579,0.25,0.2571,22629333.6
2026-02-06 10:00:00+00:00,0.257,0.263,0.2564,0.262,22750817.4
2026-02-06 11:00:00+00:00,0.2619,0.2639,0.2606,0.2616,20022653.5
2026-02-06 12:00:00+00:00,0.2615,0.2626,0.2599,0.2625,15980248.6
2026-02-06 13:00:00+00:00,0.2625,0.2663,0.2619,0.2646,24077482.8
2026-02-06 14:00:00+00:00,0.2645,0.2722,0.262,0.2711,36063301.8
2026-02-06 15:00:00+00:00,0.2712,0.2747,0.2687,0.2735,39773674.6
2026-02-06 16:00:00+00:00,0.2735,0.2806,0.2726,0.2784,29396919.8
2026-02-06 17:00:00+00:00,0.2784,0.2843,0.2768,0.2807,28813903.4
2026-02-06 18:00:00+00:00,0.2806,0.2811,0.275,0.2777,26465077.4
2026-02-06 19:00:00+00:00,0.2777,0.2787,0.2759,0.2782,17626050.2
2026-02-06 20:00:00+00:00,0.2782,0.2789,0.275,0.2757,20324381.5
2026-02-06 21:00:00+00:00,0.2757,0.2771,0.274,0.2764,14818365.2
2026-02-06 22:00:00+00:00,0.2764,0.28,0.276,0.2792,17142802.6
2026-02-06 23:00:00+00:00,0.2791,0.2809,0.2758,0.2762,10253265.0
2026-02-07 00:00:00+00:00,0.2761,0.2761,0.2721,0.2732,7520087.2
2026-02-07 01:00:00+00:00,0.2731,0.2751,0.2708,0.2745,9820660.5
2026-02-07 02:00:00+00:00,0.2745,0.2747,0.272,0.2729,12336383.7
2026-02-07 03:00:00+00:00,0.2729,0.2766,0.2726,0.2759,16517400.3
2026-02-07 04:00:00+00:00,0.276,0.278,0.2734,0.2742,17836975.9
2026-02-07 05:00:00+00:00,0.2741,0.2777,0.2732,0.274,17783181.1
2026-02-07 06:00:00+00:00,0.2739,0.2752,0.2699,0.27,19229120.6
2026-02-07 07:00:00+00:00,0.27,0.2715,0.2656,0.2683,29086505.9
2026-02-07 08:00:00+00:00,0.2682,0.2706,0.2672,0.2697,18520363.8
2026-02-07 09:00:00+00:00,0.2697,0.27,0.2665,0.2677,15826732.5
2026-02-07 10:00:00+00:00,0.2676,0.2685,0.266,0.267,13229481.5
2026-02-07 11:00:00+00:00,0.2671,0.2677,0.2664,0.2672,12659047.5
2026-02-07 12:00:00+00:00,0.2671,0.2744,0.2668,0.272,22827450.6
2026-02-07 13:00:00+00:00,0.2721,0.2731,0.2697,0.271,8969590.3
2026-02-07 14:00:00+00:00,0.2711,0.272,0.2683,0.2692,11574342.0
2026-02-07 15:00:00+00:00,0.2691,0.274,0.2688,0.2727,16522119.1
2026-02-07 16:00:00+00:00,0.2728,0.2798,0.2715,0.2732,137417232.3
2026-02-07 17:00:00+00:00,0.2732,0.2747,0.2712,0.2739,14399765.4
2026-02-07 18:00:00+00:00,0.2738,0.2786,0.2734,0.277,15029151.2
2026-02-07 19:00:00+00:00,0.277,0.277,0.2742,0.2746,11346142.9
2026-02-07 20:00:00+00:00,0.2746,0.2761,0.2741,0.2756,11917269.3
2026-02-07 21:00:00+00:00,0.2757,0.276,0.2728,0.2732,12433083.0
2026-02-07 22:00:00+00:00,0.2731,0.2742,0.272,0.2725,9624304.2
2026-02-07 23:00:00+00:00,0.2725,0.2729,0.2703,0.2721,9847927.4
2026-02-08 00:00:00+00:00,0.2722,0.2725,0.2705,0.2717,9366298.4
2026-02-08 01:00:00+00:00,0.2717,0.2737,0.2713,0.2721,10611782.0
2026-02-08 02:00:00+00:00,0.2723,0.273,0.2698,0.2707,9065597.5
2026-02-08 03:00:00+00:00,0.2707,0.2715,0.2694,0.2698,12128325.5
2026-02-08 04:00:00+00:00,0.2697,0.2709,0.2686,0.2709,12878529.1
2026-02-08 05:00:00+00:00,0.2708,0.2715,0.2698,0.2703,8545124.6
2026-02-08 06:00:00+00:00,0.2703,0.2711,0.2697,0.2702,8967812.9
2026-02-08 07:00:00+00:00,0.2702,0.2714,0.2694,0.2711,9706053.6
2026-02-08 08:00:00+00:00,0.2711,0.2763,0.2708,0.2755,14673130.8
2026-02-08 09:00:00+00:00,0.2756,0.2756,0.272,0.2722,10939167.4
2026-02-08 10:00:00+00:00,0.2721,0.2736,0.2696,0.271,11237114.6
2026-02-08 11:00:00+00:00,0.271,0.2751,0.2708,0.2746,13420823.8
2026-02-08 12:00:00+00:00,0.2747,0.2752,0.273,0.275,11163958.5
2026-02-08 13:00:00+00:00,0.2749,0.2756,0.2733,0.2742,12765845.3
2026-02-08 14:00:00+00:00,0.2742,0.2751,0.2732,0.2747,10781463.2
2026-02-08 15:00:00+00:00,0.2746,0.2754,0.2708,0.2727,12087698.8
2026-02-08 16:00:00+00:00,0.2727,0.2736,0.267,0.2684,13253350.0
2026-02-08 17:00:00+00:00,0.2684,0.2713,0.2683,0.2708,10103820.4
2026-02-08 18:00:00+00:00,0.2708,0.2748,0.2706,0.273,10171832.6
2026-02-08 19:00:00+00:00,0.2731,0.2746,0.2727,0.2746,8938742.3
2026-02-08 20:00:00+00:00,0.2746,0.2747,0.2706,0.2709,10486965.4
2026-02-08 21:00:00+00:00,0.2709,0.2719,0.2689,0.2701,10297249.9
2026-02-08 22:00:00+00:00,0.2701,0.2715,0.2695,0.2711,9008086.4
2026-02-08 23:00:00+00:00,0.2711,0.2766,0.2682,0.2701,15993647.2
2026-02-09 00:00:00+00:00,0.2701,0.271,0.2681,0.2703,10213622.9
2026-02-09 01:00:00+00:00,0.2702,0.2727,0.2682,0.2695,11233986.0
2026-02-09 02:00:00+00:00,0.2695,0.2734,0.2688,0.2717,10228351.2
2026-02-09 03:00:00+00:00,0.2718,0.274,0.2716,0.2735,11091927.7
2026-02-09 04:00:00+00:00,0.2735,0.2736,0.2715,0.2723,7317162.4
2026-02-09 05:00:00+00:00,0.2722,0.2731,0.2719,0.2726,6878861.5
2026-02-09 06:00:00+00:00,0.2725,0.2725,0.2693,0.2712,8414899.7
2026-02-09 07:00:00+00:00,0.2711,0.2717,0.2689,0.2693,7494982.9
2026-02-09 08:00:00+00:00,0.2692,0.27,0.265,0.2665,10070782.3
2026-02-09 09:00:00+00:00,0.2665,0.2669,0.2636,0.2642,8187676.2
2026-02-09 10:00:00+00:00,0.2641,0.2649,0.2596,0.2606,11098664.2
2026-02-09 11:00:00+00:00,0.2606,0.2625,0.2605,0.2617,4200161.0
2026-02-09 12:00:00+00:00,0.2618,0.2652,0.2616,0.2648,4036809.0
2026-02-09 13:00:00+00:00,0.2648,0.2657,0.2626,0.2627,6040782.1
2026-02-09 14:00:00+00:00,0.2627,0.2677,0.2618,0.266,12083378.3
2026-02-09 15:00:00+00:00,0.266,0.2683,0.2635,0.2679,5921317.8
2026-02-09 16:00:00+00:00,0.2679,0.2724,0.2655,0.2698,6684923.4
2026-02-09 17:00:00+00:00,0.2699,0.2736,0.2679,0.2719,7490730.9
2026-02-09 18:00:00+00:00,0.2718,0.2733,0.2692,0.2703,4196214.2
2026-02-09 19:00:00+00:00,0.2703,0.2716,0.2695,0.2711,2003178.3
2026-02-09 20:00:00+00:00,0.2711,0.2722,0.2694,0.2711,3635330.7
2026-02-09 21:00:00+00:00,0.2712,0.2715,0.2679,0.2704,4765571.5
2026-02-09 22:00:00+00:00,0.2704,0.2718,0.2701,0.2707,2161657.7
2026-02-09 23:00:00+00:00,0.2707,0.2715,0.2696,0.2699,1866277.7
2026-02-10 00:00:00+00:00,0.27,0.2704,0.2683,0.2686,1905840.4
2026-02-10 01:00:00+00:00,0.2686,0.2705,0.2686,0.2702,2640718.4
2026-02-10 02:00:00+00:00,0.2703,0.2704,0.2687,0.2693,1954169.5
2026-02-10 03:00:00+00:00,0.2693,0.2697,0.2645,0.2662,7452100.6
2026-02-10 04:00:00+00:00,0.2661,0.2681,0.2661,0.2678,2327833.7
2026-02-10 05:00:00+00:00,0.2678,0.2682,0.2652,0.2658,2437977.0
2026-02-10 06:00:00+00:00,0.2658,0.2664,0.2615,0.2622,7315982.6
2026-02-10 07:00:00+00:00,0.2622,0.2635,0.2616,0.2629,8472781.1
2026-02-10 08:00:00+00:00,0.2629,0.2645,0.2627,0.2642,2790645.3
2026-02-10 09:00:00+00:00,0.2643,0.2659,0.264,0.2645,3766267.0
2026-02-10 10:00:00+00:00,0.2646,0.2652,0.2633,0.2639,2766706.2
2026-02-10 11:00:00+00:00,0.2638,0.2648,0.2628,0.2631,3611347.9
2026-02-10 12:00:00+00:00,0.2631,0.264,0.2619,0.2625,4102462.2
2026-02-10 13:00:00+00:00,0.2625,0.264,0.262,0.2634,4393746.3
2026-02-10 14:00:00+00:00,0.2634,0.2662,0.2612,0.2629,8830901.3
2026-02-10 15:00:00+00:00,0.2629,0.2654,0.2619,0.2634,4978738.7
2026-02-10 16:00:00+00:00,0.2635,0.264,0.2607,0.263,9017163.8
2026-02-10 17:00:00+00:00,0.263,0.2652,0.262,0.2644,2414082.7
2026-02-10 18:00:00+00:00,0.2645,0.2646,0.2597,0.261,3450718.2
2026-02-10 19:00:00+00:00,0.261,0.2634,0.2604,0.2626,2372044.8
2026-02-10 20:00:00+00:00,0.2625,0.2628,0.2613,0.2619,2210881.7
2026-02-10 21:00:00+00:00,0.2619,0.2627,0.2606,0.2614,2107127.5
2026-02-10 22:00:00+00:00,0.2614,0.2631,0.2613,0.2618,1445598.7
2026-02-10 23:00:00+00:00,0.2618,0.2622,0.261,0.262,1160089.5
2026-02-11 00:00:00+00:00,0.2619,0.263,0.2615,0.2628,1395255.0
2026-02-11 01:00:00+00:00,0.2628,0.2634,0.2621,0.2632,1102646.6
2026-02-11 02:00:00+00:00,0.2633,0.2648,0.2629,0.2629,2110326.8
2026-02-11 03:00:00+00:00,0.2629,0.2638,0.2603,0.2625,3201566.4
2026-02-11 04:00:00+00:00,0.2625,0.2629,0.2581,0.2588,6031541.6
2026-02-11 05:00:00+00:00,0.2589,0.26,0.2575,0.2577,3494867.6
2026-02-11 06:00:00+00:00,0.2577,0.2577,0.2546,0.2555,7429888.5
2026-02-11 07:00:00+00:00,0.2555,0.257,0.2552,0.2555,2993818.8
2026-02-11 08:00:00+00:00,0.2555,0.256,0.2548,0.2553,3022033.6
2026-02-11 09:00:00+00:00,0.2552,0.2556,0.2536,0.254,2483722.4
2026-02-11 10:00:00+00:00,0.254,0.2541,0.252,0.2529,3004090.6
2026-02-11 11:00:00+00:00,0.2529,0.2555,0.2529,0.2554,2220985.3
2026-02-11 12:00:00+00:00,0.2553,0.2561,0.2542,0.2545,3771780.5
2026-02-11 13:00:00+00:00,0.2545,0.2568,0.2534,0.2565,7697103.9
2026-02-11 14:00:00+00:00,0.2566,0.2634,0.2531,0.2539,14863496.9
2026-02-11 15:00:00+00:00,0.2538,0.2551,0.2504,0.2531,9395320.2
2026-02-11 16:00:00+00:00,0.2531,0.2575,0.2516,0.2517,6676185.7
2026-02-11 17:00:00+00:00,0.2517,0.257,0.2512,0.2553,4564075.3
2026-02-11 18:00:00+00:00,0.2553,0.2589,0.2543,0.2581,3411611.9
2026-02-11 19:00:00+00:00,0.2581,0.2598,0.2564,0.2572,3057495.0
2026-02-11 20:00:00+00:00,0.2572,0.2586,0.2556,0.2577,2274713.4
2026-02-11 21:00:00+00:00,0.2578,0.2601,0.2571,0.2584,4140569.0
2026-02-11 22:00:00+00:00,0.2585,0.259,0.2561,0.2566,1810385.6
2026-02-11 23:00:00+00:00,0.2566,0.2574,0.2542,0.2559,4722553.4
2026-02-12 00:00:00+00:00,0.2559,0.2585,0.2559,0.2576,3077587.5
2026-02-12 01:00:00+00:00,0.2577,0.2595,0.2575,0.2576,2070086.3
2026-02-12 02:00:00+00:00,0.2577,0.2593,0.2571,0.2582,1208913.1
2026-02-12 03:00:00+00:00,0.2582,0.2596,0.2579,0.2592,1223580.9
2026-02-12 04:00:00+00:00,0.2592,0.2594,0.2578,0.2581,1777552.7
2026-02-12 05:00:00+00:00,0.2581,0.2594,0.2571,0.2594,2071374.6
2026-02-12 06:00:00+00:00,0.2593,0.2623,0.2592,0.2613,2669962.9
2026-02-12 07:00:00+00:00,0.2613,0.263,0.2605,0.2627,1554524.7
2026-02-12 08:00:00+00:00,0.2627,0.2637,0.2614,0.2624,2735928.4
2026-02-12 09:00:00+00:00,0.2624,0.2664,0.2621,0.2655,7741825.1
2026-02-12 10:00:00+00:00,0.2656,0.2696,0.2647,0.2694,6612717.7
2026-02-12 11:00:00+00:00,0.2694,0.2694,0.2669,0.2676,7891651.7
2026-02-12 12:00:00+00:00,0.2675,0.268,0.264,0.2649,4276634.4
2026-02-12 13:00:00+00:00,0.265,0.2673,0.2639,0.2671,6739369.2
2026-02-12 14:00:00+00:00,0.2671,0.2675,0.2649,0.2657,8747703.0
2026-02-12 15:00:00+00:00,0.2657,0.2674,0.2623,0.2626,7692837.3
2026-02-12 16:00:00+00:00,0.2626,0.2635,0.2575,0.2588,15236180.4
2026-02-12 17:00:00+00:00,0.2587,0.2619,0.2581,0.2592,4830745.6
2026-02-12 18:00:00+00:00,0.2593,0.2609,0.2578,0.26,4273603.6
2026-02-12 19:00:00+00:00,0.26,0.2647,0.2592,0.2617,5473503.6
2026-02-12 20:00:00+00:00,0.2616,0.2621,0.2582,0.2589,2424248.8
2026-02-12 21:00:00+00:00,0.2589,0.2604,0.2587,0.2596,3271510.6
2026-02-12 22:00:00+00:00,0.2596,0.2627,0.2584,0.2623,2058273.4
2026-02-12 23:00:00+00:00,0.2624,0.2648,0.2623,0.2643,5485689.2
2026-02-13 00:00:00+00:00,0.2643,0.2655,0.2615,0.2622,5405293.3
2026-02-13 01:00:00+00:00,0.2622,0.2638,0.2619,0.2626,3028261.4
2026-02-13 02:00:00+00:00,0.2626,0.2641,0.2616,0.2638,2954423.9
2026-02-13 03:00:00+00:00,0.2638,0.264,0.2623,0.2629,2774049.8
2026-02-13 04:00:00+00:00,0.263,0.2635,0.2615,0.2617,1929498.8
2026-02-13 05:00:00+00:00,0.2617,0.2619,0.2595,0.2595,2883358.9
2026-02-13 06:00:00+00:00,0.2596,0.2615,0.2582,0.2615,2513190.6
2026-02-13 07:00:00+00:00,0.2615,0.2634,0.2612,0.262,2347519.0
2026-02-13 08:00:00+00:00,0.2621,0.2643,0.2618,0.2639,2069072.7
2026-02-13 09:00:00+00:00,0.264,0.264,0.2619,0.2634,2171248.4
2026-02-13 10:00:00+00:00,0.2634,0.2642,0.2629,0.2639,2524117.4
2026-02-13 11:00:00+00:00,0.2638,0.2642,0.2625,0.2639,3240120.7
2026-02-13 12:00:00+00:00,0.264,0.264,0.2625,0.263,1717968.4
2026-02-13 13:00:00+00:00,0.2629,0.2663,0.2622,0.2655,8125372.6
2026-02-13 14:00:00+00:00,0.2656,0.2677,0.2632,0.2656,12547008.5
2026-02-13 15:00:00+00:00,0.2657,0.2737,0.2651,0.2691,15429567.8
2026-02-13 16:00:00+00:00,0.2692,0.2747,0.2684,0.2732,7778564.5
2026-02-13 17:00:00+00:00,0.2732,0.2743,0.2714,0.2719,4362538.1
2026-02-13 18:00:00+00:00,0.2719,0.2731,0.2708,0.2724,4335525.4
2026-02-13 19:00:00+00:00,0.2725,0.2743,0.272,0.2725,2649583.8
2026-02-13 20:00:00+00:00,0.2726,0.2736,0.2714,0.2735,2463632.3
2026-02-13 21:00:00+00:00,0.2735,0.2744,0.2729,0.2739,3003208.1
2026-02-13 22:00:00+00:00,0.2738,0.2743,0.2721,0.2728,2292415.7
2026-02-13 23:00:00+00:00,0.2728,0.2732,0.2719,0.2728,3105263.1
2026-02-14 00:00:00+00:00,0.2729,0.2747,0.2727,0.2744,2482159.8
2026-02-14 01:00:00+00:00,0.2743,0.2774,0.274,0.2757,3139894.9
2026-02-14 02:00:00+00:00,0.2757,0.2763,0.2753,0.276,1357804.6
2026-02-14 03:00:00+00:00,0.276,0.278,0.2754,0.2773,1931742.5
2026-02-14 04:00:00+00:00,0.2774,0.2775,0.2755,0.2758,2775690.8
2026-02-14 05:00:00+00:00,0.2757,0.2774,0.2751,0.2752,1755954.6
2026-02-14 06:00:00+00:00,0.2751,0.2755,0.2738,0.2745,1956295.7
2026-02-14 07:00:00+00:00,0.2745,0.2765,0.2745,0.2757,1909173.2
2026-02-14 08:00:00+00:00,0.2758,0.2798,0.2758,0.2788,4343088.2
2026-02-14 09:00:00+00:00,0.2788,0.2791,0.278,0.2784,2092766.8
2026-02-14 10:00:00+00:00,0.2784,0.2791,0.2774,0.2787,1895610.1
2026-02-14 11:00:00+00:00,0.2786,0.2844,0.2785,0.2831,7730258.1
2026-02-14 12:00:00+00:00,0.2832,0.2842,0.2813,0.2818,5157502.4
2026-02-14 13:00:00+00:00,0.2818,0.2833,0.2805,0.2813,6774706.9
2026-02-14 14:00:00+00:00,0.2813,0.2869,0.281,0.2867,5383636.3
2026-02-14 15:00:00+00:00,0.2867,0.2867,0.2843,0.2863,4870434.8
2026-02-14 16:00:00+00:00,0.2862,0.2909,0.2848,0.2896,6088817.0
2026-02-14 17:00:00+00:00,0.2896,0.2925,0.2891,0.2894,6052848.0
2026-02-14 18:00:00+00:00,0.2894,0.2941,0.289,0.2935,9548895.3
2026-02-14 19:00:00+00:00,0.2935,0.2997,0.2925,0.2985,10134514.9
2026-02-14 20:00:00+00:00,0.2985,0.3001,0.296,0.2972,7870450.4
2026-02-14 21:00:00+00:00,0.2971,0.3007,0.2944,0.296,9811366.2
2026-02-14 22:00:00+00:00,0.2959,0.2988,0.2955,0.297,3463614.0
2026-02-14 23:00:00+00:00,0.297,0.2972,0.2943,0.295,3356472.8
2026-02-15 00:00:00+00:00,0.2949,0.298,0.2949,0.2967,4455331.0
2026-02-15 01:00:00+00:00,0.2966,0.2983,0.2942,0.2966,4700235.0
2026-02-15 02:00:00+00:00,0.2965,0.2984,0.2926,0.2953,8231803.2
2026-02-15 03:00:00+00:00,0.2954,0.2978,0.2926,0.2974,11361659.4
2026-02-15 04:00:00+00:00,0.2974,0.301,0.2963,0.2975,9094152.5
2026-02-15 05:00:00+00:00,0.2975,0.2996,0.2973,0.2983,4149804.8
2026-02-15 06:00:00+00:00,0.2983,0.2991,0.2965,0.297,3186040.1
2026-02-15 07:00:00+00:00,0.2971,0.301,0.2969,0.3008,6056742.1
2026-02-15 08:00:00+00:00,0.3008,0.302,0.2949,0.2962,10701027.1
2026-02-15 09:00:00+00:00,0.2962,0.2981,0.295,0.2955,2296135.6
2026-02-15 10:00:00+00:00,0.2955,0.2959,0.2907,0.2928,7617063.3
2026-02-15 11:00:00+00:00,0.2928,0.2937,0.2898,0.2905,3679403.7
2026-02-15 12:00:00+00:00,0.2906,0.2911,0.2835,0.2836,11788345.1
2026-02-15 13:00:00+00:00,0.2836,0.2862,0.2809,0.2822,15284047.5
2026-02-15 14:00:00+00:00,0.2821,0.2855,0.282,0.2848,4371919.2
2026-02-15 15:00:00+00:00,0.2847,0.2866,0.2839,0.2842,2433742.9
2026-02-15 16:00:00+00:00,0.2843,0.2844,0.282,0.2836,4673020.6
2026-02-15 17:00:00+00:00,0.2836,0.2845,0.2782,0.2806,10125927.0
2026-02-15 18:00:00+00:00,0.2806,0.2815,0.2781,0.2791,6542703.1
2026-02-15 19:00:00+00:00,0.2791,0.2808,0.2775,0.2791,5213858.7
2026-02-15 20:00:00+00:00,0.2791,0.2808,0.278,0.2794,3545479.5
2026-02-15 21:00:00+00:00,0.2793,0.2816,0.2792,0.2804,2021832.2
2026-02-15 22:00:00+00:00,0.2804,0.2829,0.28,0.2824,1754973.7
2026-02-15 23:00:00+00:00,0.2823,0.2824,0.2792,0.2818,1764920.1
2026-02-16 00:00:00+00:00,0.2818,0.2835,0.2806,0.282,1849751.8
2026-02-16 01:00:00+00:00,0.2821,0.2832,0.28,0.2811,1255163.4
2026-02-16 02:00:00+00:00,0.281,0.2824,0.2797,0.28,1464162.3
2026-02-16 03:00:00+00:00,0.28,0.2805,0.2794,0.2802,1129751.1
2026-02-16 04:00:00+00:00,0.2802,0.2824,0.2801,0.2823,2004808.5
2026-02-16 05:00:00+00:00,0.2823,0.2828,0.2773,0.2781,3533819.7
2026-02-16 06:00:00+00:00,0.278,0.2806,0.2779,0.2802,1592196.5
2026-02-16 07:00:00+00:00,0.2801,0.2814,0.2793,0.2801,1843122.9
2026-02-16 08:00:00+00:00,0.2802,0.2827,0.2801,0.2818,1406135.4
2026-02-16 09:00:00+00:00,0.2817,0.2859,0.2815,0.2851,6395672.4
2026-02-16 10:00:00+00:00,0.285,0.285,0.2823,0.2829,2477156.9
2026-02-16 11:00:00+00:00,0.2829,0.2837,0.2789,0.2829,3177295.1
2026-02-16 12:00:00+00:00,0.2829,0.2877,0.2821,0.2871,4358206.7
2026-02-16 13:00:00+00:00,0.2872,0.2892,0.2803,0.2811,9764177.9
2026-02-16 14:00:00+00:00,0.281,0.2859,0.279,0.2842,5937208.4
2026-02-16 15:00:00+00:00,0.2842,0.2858,0.2769,0.279,7697982.7
2026-02-16 16:00:00+00:00,0.2791,0.2823,0.2786,0.2814,3974866.3
2026-02-16 17:00:00+00:00,0.2813,0.2832,0.2799,0.2821,2147994.4
2026-02-16 18:00:00+00:00,0.2821,0.284,0.2814,0.2816,2085092.3
2026-02-16 19:00:00+00:00,0.2816,0.2837,0.2812,0.2823,1296593.7
2026-02-16 20:00:00+00:00,0.2822,0.2863,0.2814,0.2855,3765996.2
2026-02-16 21:00:00+00:00,0.2854,0.2877,0.2843,0.2874,2888296.7
2026-02-16 22:00:00+00:00,0.2875,0.2877,0.2844,0.2849,2911661.0
2026-02-16 23:00:00+00:00,0.2849,0.2862,0.2848,0.2858,2098566.4
2026-02-17 00:00:00+00:00,0.2859,0.2864,0.2845,0.2848,3380631.8
2026-02-17 01:00:00+00:00,0.2849,0.2861,0.2842,0.2845,955881.4
2026-02-17 02:00:00+00:00,0.2845,0.2892,0.283,0.2883,3073058.7
2026-02-17 03:00:00+00:00,0.2883,0.2884,0.2864,0.2865,1098333.3
2026-02-17 04:00:00+00:00,0.2865,0.2879,0.2855,0.2866,1445474.6
2026-02-17 05:00:00+00:00,0.2867,0.2871,0.2837,0.2857,2116059.7
2026-02-17 06:00:00+00:00,0.2857,0.2877,0.2857,0.2874,1927401.6
2026-02-17 07:00:00+00:00,0.2874,0.2899,0.2858,0.2865,10196500.9
2026-02-17 08:00:00+00:00,0.2866,0.2872,0.2833,0.2836,2703018.4
2026-02-17 09:00:00+00:00,0.2836,0.2836,0.2809,0.2823,4078721.6
2026-02-17 10:00:00+00:00,0.2823,0.2825,0.2794,0.2802,2704115.9
2026-02-17 11:00:00+00:00,0.2802,0.2812,0.2796,0.2804,2952596.8
2026-02-17 12:00:00+00:00,0.2804,0.2832,0.2798,0.2819,2549942.9
2026-02-17 13:00:00+00:00,0.2819,0.2843,0.2814,0.2834,3205708.6
2026-02-17 14:00:00+00:00,0.2835,0.2845,0.2773,0.2783,5685077.8
2026-02-17 15:00:00+00:00,0.2782,0.2816,0.2777,0.2813,6500315.2
2026-02-17 16:00:00+00:00,0.2814,0.2868,0.281,0.283,4360254.2
2026-02-17 17:00:00+00:00,0.2829,0.2836,0.2785,0.2812,3688609.7
2026-02-17 18:00:00+00:00,0.2811,0.2866,0.2807,0.2847,4173061.0
2026-02-17 19:00:00+00:00,0.2847,0.2856,0.2828,0.2832,1908444.7
2026-02-17 20:00:00+00:00,0.2831,0.2836,0.2814,0.2827,1644266.7
2026-02-17 21:00:00+00:00,0.2827,0.2837,0.2815,0.2825,722230.0
2026-02-17 22:00:00+00:00,0.2825,0.2828,0.2809,0.2812,1357720.0
2026-02-17 23:00:00+00:00,0.2812,0.2815,0.2803,0.2811,2633613.7
2026-02-18 00:00:00+00:00,0.2811,0.2818,0.2799,0.2801,1747181.2
2026-02-18 01:00:00+00:00,0.2801,0.2805,0.279,0.2802,1950697.2
2026-02-18 02:00:00+00:00,0.2802,0.2831,0.2801,0.2825,2015180.0
2026-02-18 03:00:00+00:00,0.2824,0.284,0.2823,0.2832,1359044.7
2026-02-18 04:00:00+00:00,0.2832,0.2834,0.2818,0.2821,1733129.7
2026-02-18 05:00:00+00:00,0.2822,0.283,0.2817,0.2824,932404.8
2026-02-18 06:00:00+00:00,0.2824,0.2835,0.2822,0.2823,1650656.2
2026-02-18 07:00:00+00:00,0.2824,0.285,0.282,0.2845,2030110.2
2026-02-18 08:00:00+00:00,0.2846,0.2866,0.2841,0.2851,2748572.7
2026-02-18 09:00:00+00:00,0.2851,0.2864,0.2848,0.2854,2827011.1
2026-02-18 10:00:00+00:00,0.2855,0.2862,0.2828,0.2835,2115237.0
2026-02-18 11:00:00+00:00,0.2836,0.2839,0.2804,0.2807,8474318.0
2026-02-18 12:00:00+00:00,0.2808,0.2832,0.2807,0.2825,2488793.2
2026-02-18 13:00:00+00:00,0.2826,0.2831,0.2797,0.2809,3301797.2
2026-02-18 14:00:00+00:00,0.281,0.282,0.2786,0.2813,3454614.6
2026-02-18 15:00:00+00:00,0.2813,0.2874,0.2811,0.284,8523851.0
2026-02-18 16:00:00+00:00,0.2841,0.2841,0.2794,0.2804,4345491.1
2026-02-18 17:00:00+00:00,0.2803,0.2828,0.2796,0.2799,1818250.0
2026-02-18 18:00:00+00:00,0.28,0.2804,0.2747,0.2757,7637555.3
2026-02-18 19:00:00+00:00,0.2756,0.2769,0.2714,0.2736,7503097.6
2026-02-18 20:00:00+00:00,0.2736,0.2759,0.2725,0.274,4011800.7
2026-02-18 21:00:00+00:00,0.2741,0.2749,0.273,0.2738,2998926.2
2026-02-18 22:00:00+00:00,0.2738,0.2742,0.2724,0.2734,2572014.1
2026-02-18 23:00:00+00:00,0.2734,0.274,0.2724,0.2735,2426330.6
2026-02-19 00:00:00+00:00,0.2735,0.2736,0.2722,0.2726,4253835.6
2026-02-19 01:00:00+00:00,0.2726,0.2751,0.2726,0.2751,3275608.6
2026-02-19 02:00:00+00:00,0.2752,0.2759,0.274,0.2749,1508639.9
2026-02-19 03:00:00+00:00,0.2749,0.2754,0.2736,0.2752,1631127.2
2026-02-19 04:00:00+00:00,0.2752,0.2758,0.2744,0.2747,1794352.9
2026-02-19 05:00:00+00:00,0.2747,0.2754,0.2734,0.2748,1771880.9
2026-02-19 06:00:00+00:00,0.2748,0.2771,0.2745,0.2763,1356328.9
2026-02-19 07:00:00+00:00,0.2764,0.2774,0.2756,0.2764,2137398.6
2026-02-19 08:00:00+00:00,0.2764,0.2765,0.273,0.2741,5608329.8
2026-02-19 09:00:00+00:00,0.2741,0.2753,0.2726,0.2734,6566927.3
2026-02-19 10:00:00+00:00,0.2735,0.2743,0.2723,0.2737,2759271.0
2026-02-19 11:00:00+00:00,0.2737,0.2746,0.2721,0.2722,2334948.7
2026-02-19 12:00:00+00:00,0.2722,0.2727,0.2712,0.2722,2682083.6
2026-02-19 13:00:00+00:00,0.2722,0.2725,0.2685,0.2699,6518126.9
2026-02-19 14:00:00+00:00,0.2698,0.2737,0.2695,0.2724,4310683.4
2026-02-19 15:00:00+00:00,0.2725,0.2739,0.2689,0.2702,6579158.2
2026-02-19 16:00:00+00:00,0.2703,0.2707,0.267,0.2695,6658033.0
2026-02-19 17:00:00+00:00,0.2695,0.273,0.2683,0.2694,5196331.1
2026-02-19 18:00:00+00:00,0.2694,0.2733,0.2692,0.2731,2456683.3
2026-02-19 19:00:00+00:00,0.2732,0.274,0.2715,0.2729,1764837.6
2026-02-19 20:00:00+00:00,0.2729,0.2734,0.2718,0.2728,1854977.1
2026-02-19 21:00:00+00:00,0.2727,0.2734,0.272,0.2722,1384695.2
2026-02-19 22:00:00+00:00,0.2722,0.2729,0.2706,0.2723,1632255.8
2026-02-19 23:00:00+00:00,0.2723,0.2731,0.272,0.2729,1111831.2
2026-02-20 00:00:00+00:00,0.273,0.2753,0.2723,0.2741,2477834.5
2026-02-20 01:00:00+00:00,0.274,0.2746,0.2734,0.274,753078.2
2026-02-20 02:00:00+00:00,0.2741,0.2749,0.2738,0.2738,730473.8
2026-02-20 03:00:00+00:00,0.2738,0.275,0.2734,0.2738,846342.5
2026-02-20 04:00:00+00:00,0.2739,0.274,0.271,0.2725,1480567.4
2026-02-20 05:00:00+00:00,0.2726,0.2761,0.2718,0.2749,3596866.4
2026-02-20 06:00:00+00:00,0.2749,0.275,0.2736,0.2746,1460154.3
2026-02-20 07:00:00+00:00,0.2747,0.275,0.2733,0.2737,1842914.6
2026-02-20 08:00:00+00:00,0.2737,0.275,0.2734,0.2747,2274207.7
2026-02-20 09:00:00+00:00,0.2746,0.2777,0.2746,0.2773,2259036.7
2026-02-20 10:00:00+00:00,0.2773,0.28,0.2773,0.2786,4905670.2
2026-02-20 11:00:00+00:00,0.2787,0.2788,0.2765,0.2768,2931777.6
2026-02-20 12:00:00+00:00,0.2769,0.2785,0.2761,0.277,2824381.8
2026-02-20 13:00:00+00:00,0.2769,0.277,0.2699,0.2718,7756223.1
2026-02-20 14:00:00+00:00,0.2717,0.279,0.2716,0.2772,6781839.1
2026-02-20 15:00:00+00:00,0.2773,0.2889,0.2773,0.2888,20664950.1
2026-02-20 16:00:00+00:00,0.2889,0.2938,0.2856,0.2883,20877202.4
2026-02-20 17:00:00+00:00,0.2882,0.2884,0.2802,0.2857,11258877.9
2026-02-20 18:00:00+00:00,0.2857,0.2858,0.2813,0.2834,14043206.1
2026-02-20 19:00:00+00:00,0.2833,0.2843,0.282,0.283,2890130.5
2026-02-20 20:00:00+00:00,0.283,0.2849,0.2823,0.2842,6227854.3
2026-02-20 21:00:00+00:00,0.2842,0.2849,0.2833,0.2846,1110430.8
2026-02-20 22:00:00+00:00,0.2847,0.2857,0.2834,0.2856,1746868.9
2026-02-20 23:00:00+00:00,0.2857,0.2861,0.2843,0.2849,1038343.9
2026-02-21 00:00:00+00:00,0.2849,0.2855,0.2825,0.283,2226825.4
2026-02-21 01:00:00+00:00,0.283,0.2838,0.2822,0.2835,1903979.0
2026-02-21 02:00:00+00:00,0.2836,0.2847,0.2826,0.284,1316140.2
2026-02-21 03:00:00+00:00,0.284,0.2841,0.2822,0.2831,1196399.9
2026-02-21 04:00:00+00:00,0.2832,0.2834,0.2821,0.2834,1030288.7
2026-02-21 05:00:00+00:00,0.2834,0.2844,0.2832,0.2834,636211.7
2026-02-21 06:00:00+00:00,0.2835,0.2835,0.2809,0.2816,2460068.2
2026-02-21 07:00:00+00:00,0.2816,0.2821,0.2808,0.2814,1449927.2
2026-02-21 08:00:00+00:00,0.2814,0.2841,0.2812,0.2839,1320348.7
2026-02-21 09:00:00+00:00,0.2839,0.2865,0.2835,0.2842,3157809.8
2026-02-21 10:00:00+00:00,0.2841,0.2851,0.2834,0.2838,1439140.0
2026-02-21 11:00:00+00:00,0.2838,0.285,0.2832,0.2835,1436545.8
2026-02-21 12:00:00+00:00,0.2835,0.2837,0.2817,0.2828,1223877.7
2026-02-21 13:00:00+00:00,0.2827,0.2835,0.282,0.2834,1922720.7
2026-02-21 14:00:00+00:00,0.2834,0.2852,0.2828,0.2829,4115471.8
2026-02-21 15:00:00+00:00,0.2829,0.2837,0.2821,0.2825,2759202.4
2026-02-21 16:00:00+00:00,0.2825,0.2828,0.2795,0.2806,4926587.9
2026-02-21 17:00:00+00:00,0.2806,0.2812,0.2795,0.281,2197556.9
2026-02-21 18:00:00+00:00,0.281,0.2823,0.2809,0.2818,3679318.2
2026-02-21 19:00:00+00:00,0.2819,0.282,0.28,0.2803,2269706.9
2026-02-21 20:00:00+00:00,0.2802,0.2815,0.2791,0.2793,3874503.4
2026-02-21 21:00:00+00:00,0.2793,0.2813,0.279,0.281,1771472.8
2026-02-21 22:00:00+00:00,0.2811,0.2814,0.2799,0.2802,1348346.2
2026-02-21 23:00:00+00:00,0.2802,0.2808,0.2795,0.28,874165.8
2026-02-22 00:00:00+00:00,0.2799,0.2802,0.2772,0.2787,2774996.0
2026-02-22 01:00:00+00:00,0.2787,0.2796,0.278,0.2793,1247124.2
2026-02-22 02:00:00+00:00,0.2793,0.2799,0.2766,0.277,2224444.0
2026-02-22 03:00:00+00:00,0.277,0.2777,0.2756,0.2772,1763669.5
2026-02-22 04:00:00+00:00,0.2772,0.2777,0.2763,0.2765,1151039.2
2026-02-22 05:00:00+00:00,0.2764,0.2767,0.2753,0.2758,2390332.9
2026-02-22 06:00:00+00:00,0.2758,0.2769,0.275,0.2766,3201174.8
2026-02-22 07:00:00+00:00,0.2767,0.2768,0.2758,0.2758,1223047.8
2026-02-22 08:00:00+00:00,0.2758,0.2763,0.275,0.2754,1056587.7
2026-02-22 09:00:00+00:00,0.2754,0.2765,0.2752,0.2764,1322642.4
2026-02-22 10:00:00+00:00,0.2764,0.2775,0.2761,0.2762,2632985.5
2026-02-22 11:00:00+00:00,0.2763,0.2766,0.2758,0.2759,1687686.9
2026-02-22 12:00:00+00:00,0.2759,0.2761,0.2728,0.2733,3431996.5
2026-02-22 13:00:00+00:00,0.2733,0.2739,0.2721,0.2728,2535788.7
2026-02-22 14:00:00+00:00,0.2727,0.2733,0.2711,0.272,2531109.6
2026-02-22 15:00:00+00:00,0.272,0.2723,0.2703,0.2718,2682507.9
2026-02-22 16:00:00+00:00,0.2719,0.2719,0.2699,0.2712,3720134.7
2026-02-22 17:00:00+00:00,0.2713,0.2713,0.2698,0.2704,2517271.7
2026-02-22 18:00:00+00:00,0.2704,0.2704,0.2689,0.27,2045261.6
2026-02-22 19:00:00+00:00,0.2701,0.2705,0.2693,0.2699,1248364.0
2026-02-22 20:00:00+00:00,0.2699,0.2701,0.2688,0.2693,1370807.8
2026-02-22 21:00:00+00:00,0.2694,0.2706,0.2691,0.2704,1764163.4
2026-02-22 22:00:00+00:00,0.2704,0.272,0.2704,0.2716,2070481.4
2026-02-22 23:00:00+00:00,0.2716,0.272,0.2701,0.2717,1675992.4
2026-02-23 00:00:00+00:00,0.2717,0.2719,0.2682,0.2684,3004317.4
2026-02-23 01:00:00+00:00,0.2683,0.2684,0.2571,0.2585,35041841.8
2026-02-23 02:00:00+00:00,0.2585,0.2608,0.258,0.2602,6035327.4
2026-02-23 03:00:00+00:00,0.2603,0.2621,0.2603,0.2611,2758075.3
2026-02-23 04:00:00+00:00,0.2611,0.2613,0.2596,0.2609,2165330.2
2026-02-23 05:00:00+00:00,0.2608,0.2629,0.2606,0.2618,2875338.3
2026-02-23 06:00:00+00:00,0.2619,0.2662,0.2616,0.266,4705738.8
2026-02-23 07:00:00+00:00,0.2661,0.2676,0.2657,0.2667,2323906.1
2026-02-23 08:00:00+00:00,0.2666,0.2666,0.2648,0.2651,2210293.4
2026-02-23 09:00:00+00:00,0.2651,0.2716,0.2651,0.2712,5156969.5
2026-02-23 10:00:00+00:00,0.2712,0.272,0.2699,0.2704,2067317.4
2026-02-23 11:00:00+00:00,0.2705,0.2721,0.2701,0.2714,2998039.0
2026-02-23 12:00:00+00:00,0.2714,0.2755,0.2707,0.2736,6055371.0
2026-02-23 13:00:00+00:00,0.2737,0.2742,0.2719,0.2721,4847037.1
2026-02-23 14:00:00+00:00,0.2721,0.2729,0.2687,0.2704,5665203.0
2026-02-23 15:00:00+00:00,0.2705,0.2713,0.2665,0.267,5815878.0
2026-02-23 16:00:00+00:00,0.2669,0.2685,0.2655,0.2661,3363965.6
2026-02-23 17:00:00+00:00,0.2661,0.2671,0.2603,0.2633,8489276.2
2026-02-23 18:00:00+00:00,0.2634,0.2658,0.2625,0.2634,4077645.7
2026-02-23 19:00:00+00:00,0.2635,0.2639,0.2611,0.262,3394755.4
2026-02-23 20:00:00+00:00,0.2619,0.2635,0.2607,0.2632,3961056.3
2026-02-23 21:00:00+00:00,0.2631,0.2641,0.2627,0.2635,2441782.0
2026-02-23 22:00:00+00:00,0.2635,0.265,0.2632,0.2633,3433263.5
2026-02-23 23:00:00+00:00,0.2634,0.2643,0.2621,0.2623,1717067.3
2026-02-24 00:00:00+00:00,0.2623,0.2646,0.2623,0.2643,1443930.0
2026-02-24 01:00:00+00:00,0.2644,0.2645,0.2578,0.261,11717767.3
2026-02-24 02:00:00+00:00,0.261,0.2625,0.2596,0.2604,3708852.7
2026-02-24 03:00:00+00:00,0.2604,0.2604,0.2576,0.2587,3962820.5
2026-02-24 04:00:00+00:00,0.2587,0.259,0.2563,0.2581,4184010.2
2026-02-24 05:00:00+00:00,0.258,0.2593,0.2558,0.2572,4961489.3
2026-02-24 06:00:00+00:00,0.2572,0.2576,0.2562,0.2565,3252549.9
2026-02-24 07:00:00+00:00,0.2566,0.2579,0.2558,0.2576,1916403.4
2026-02-24 08:00:00+00:00,0.2577,0.2587,0.2568,0.258,3346643.4
2026-02-24 09:00:00+00:00,0.258,0.2583,0.2562,0.2572,4534102.4
2026-02-24 10:00:00+00:00,0.2571,0.2579,0.2567,0.2574,4974015.0
2026-02-24 11:00:00+00:00,0.2574,0.2577,0.2568,0.2574,1778199.1
2026-02-24 12:00:00+00:00,0.2574,0.258,0.2562,0.2565,1738905.9
2026-02-24 13:00:00+00:00,0.2566,0.2568,0.2542,0.2562,7392084.5
2026-02-24 14:00:00+00:00,0.2562,0.2591,0.2536,0.2578,7610935.2
2026-02-24 15:00:00+00:00,0.2578,0.2612,0.2573,0.2597,4695448.5
2026-02-24 16:00:00+00:00,0.2597,0.2623,0.2593,0.2617,3801120.4
2026-02-24 17:00:00+00:00,0.2618,0.2627,0.2608,0.2614,3170377.1
2026-02-24 18:00:00+00:00,0.2614,0.2628,0.2596,0.2613,4474780.5
2026-02-24 19:00:00+00:00,0.2612,0.2621,0.2597,0.2605,1904461.6
2026-02-24 20:00:00+00:00,0.2605,0.2611,0.2598,0.2607,2155292.9
2026-02-24 21:00:00+00:00,0.2607,0.2607,0.259,0.2594,1557936.4
2026-02-24 22:00:00+00:00,0.2594,0.2608,0.259,0.2594,2046057.7
2026-02-24 23:00:00+00:00,0.2594,0.2598,0.2576,0.2587,2400791.3
2026-02-25 00:00:00+00:00,0.2587,0.2595,0.2579,0.2591,1604229.6
2026-02-25 01:00:00+00:00,0.2591,0.27,0.259,0.2673,16720053.7
2026-02-25 02:00:00+00:00,0.2673,0.2716,0.2671,0.2688,9690344.4
2026-02-25 03:00:00+00:00,0.2689,0.2694,0.2657,0.266,5097707.5
2026-02-25 04:00:00+00:00,0.2661,0.2669,0.2643,0.2659,5190627.3
2026-02-25 05:00:00+00:00,0.266,0.2662,0.2622,0.264,3854770.9
2026-02-25 06:00:00+00:00,0.264,0.2656,0.2639,0.2644,2367252.9
2026-02-25 07:00:00+00:00,0.2645,0.2665,0.2645,0.2661,2341922.2
2026-02-25 08:00:00+00:00,0.2662,0.2688,0.2655,0.2687,3543911.9
2026-02-25 09:00:00+00:00,0.2687,0.2704,0.2684,0.2701,3895266.1
2026-02-25 10:00:00+00:00,0.2701,0.2712,0.2693,0.2697,3067953.3
2026-02-25 11:00:00+00:00,0.2698,0.2714,0.2688,0.271,3354931.9
2026-02-25 12:00:00+00:00,0.271,0.2783,0.271,0.2767,13597813.1
2026-02-25 13:00:00+00:00,0.2767,0.28,0.2767,0.2786,11308118.0
2026-02-25 14:00:00+00:00,0.2787,0.2873,0.2787,0.2872,17574346.2
2026-02-25 15:00:00+00:00,0.2873,0.2926,0.2871,0.2905,26361799.6
2026-02-25 16:00:00+00:00,0.2905,0.2958,0.2905,0.2951,19002645.3
2026-02-25 17:00:00+00:00,0.2952,0.2983,0.2947,0.2962,20531637.9
2026-02-25 18:00:00+00:00,0.2963,0.2997,0.2938,0.2991,17768394.1
2026-02-25 19:00:00+00:00,0.299,0.3036,0.2954,0.3028,20346859.7
2026-02-25 20:00:00+00:00,0.3029,0.3126,0.3029,0.3073,59960229.3
2026-02-25 21:00:00+00:00,0.3073,0.3136,0.3061,0.3094,26159027.9
2026-02-25 22:00:00+00:00,0.3094,0.3124,0.2995,0.3006,17783503.6
2026-02-25 23:00:00+00:00,0.3005,0.3034,0.2943,0.2971,16021006.0
2026-02-26 00:00:00+00:00,0.2971,0.301,0.294,0.2957,9367983.3
2026-02-26 01:00:00+00:00,0.2957,0.2989,0.295,0.2964,9459958.0
2026-02-26 02:00:00+00:00,0.2964,0.2976,0.2939,0.2968,7345067.8
2026-02-26 03:00:00+00:00,0.2968,0.2974,0.2949,0.2953,3795304.4
2026-02-26 04:00:00+00:00,0.2952,0.3002,0.2949,0.2974,6171563.0
2026-02-26 05:00:00+00:00,0.2974,0.2974,0.293,0.2952,4731650.1
2026-02-26 06:00:00+00:00,0.2952,0.2971,0.2936,0.2943,2700384.9
2026-02-26 07:00:00+00:00,0.2942,0.2959,0.2928,0.2933,3609496.5
2026-02-26 08:00:00+00:00,0.2933,0.2952,0.292,0.292,6663562.7
2026-02-26 09:00:00+00:00,0.292,0.2958,0.2905,0.2948,11339302.1
2026-02-26 10:00:00+00:00,0.2949,0.2951,0.2912,0.292,6107610.3
2026-02-26 11:00:00+00:00,0.2921,0.2926,0.2887,0.2894,8081161.2
2026-02-26 12:00:00+00:00,0.2893,0.2931,0.2892,0.2928,4458487.1
2026-02-26 13:00:00+00:00,0.2928,0.2938,0.2916,0.2922,3057872.7
2026-02-26 14:00:00+00:00,0.2921,0.2949,0.2894,0.2921,6733591.3
2026-02-26 15:00:00+00:00,0.292,0.2943,0.289,0.2916,15698622.1
2026-02-26 16:00:00+00:00,0.2916,0.2916,0.2836,0.2841,15653300.8
2026-02-26 17:00:00+00:00,0.2841,0.2863,0.2831,0.2836,6169596.8
2026-02-26 18:00:00+00:00,0.2836,0.2869,0.2822,0.2864,8328651.9
2026-02-26 19:00:00+00:00,0.2863,0.2908,0.2862,0.2883,11136357.3
2026-02-26 20:00:00+00:00,0.2883,0.2897,0.2844,0.2852,5386684.4
2026-02-26 21:00:00+00:00,0.2851,0.2864,0.2842,0.2856,3038246.0
2026-02-26 22:00:00+00:00,0.2856,0.2875,0.2852,0.2874,3245505.7
2026-02-26 23:00:00+00:00,0.2874,0.2876,0.2863,0.287,1691384.9
2026-02-27 00:00:00+00:00,0.287,0.2873,0.2849,0.2863,1972096.7
2026-02-27 01:00:00+00:00,0.2863,0.2882,0.2852,0.2877,2466781.7
2026-02-27 02:00:00+00:00,0.2878,0.2885,0.2869,0.287,3123531.0
2026-02-27 03:00:00+00:00,0.287,0.2907,0.2866,0.2901,2717047.7
2026-02-27 04:00:00+00:00,0.2901,0.2946,0.2901,0.2934,6394500.1
2026-02-27 05:00:00+00:00,0.2934,0.2963,0.2932,0.2949,7621269.8
2026-02-27 06:00:00+00:00,0.295,0.2951,0.291,0.2923,5004668.0
2026-02-27 07:00:00+00:00,0.2924,0.2925,0.2893,0.2903,6957916.8
2026-02-27 08:00:00+00:00,0.2903,0.2924,0.2903,0.2923,3529995.3
2026-02-27 09:00:00+00:00,0.2923,0.2938,0.2898,0.2906,3588331.4
2026-02-27 10:00:00+00:00,0.2906,0.2913,0.2853,0.2861,6174432.4
2026-02-27 11:00:00+00:00,0.2861,0.287,0.2814,0.2818,6219159.1
2026-02-27 12:00:00+00:00,0.2818,0.2842,0.2806,0.2836,5989301.4
2026-02-27 13:00:00+00:00,0.2835,0.2848,0.2805,0.2839,6889013.1
2026-02-27 14:00:00+00:00,0.2838,0.2842,0.2813,0.2817,3198315.9
2026-02-27 15:00:00+00:00,0.2816,0.2831,0.2796,0.2807,5770125.4
2026-02-27 16:00:00+00:00,0.2806,0.2806,0.2771,0.2775,6011561.7
2026-02-27 17:00:00+00:00,0.2775,0.2782,0.2744,0.2779,6899629.8
2026-02-27 18:00:00+00:00,0.278,0.2787,0.2768,0.2769,3291939.5
2026-02-27 19:00:00+00:00,0.2768,0.2772,0.275,0.2756,2263014.5
2026-02-27 20:00:00+00:00,0.2756,0.2783,0.2753,0.2774,2376254.4
2026-02-27 21:00:00+00:00,0.2775,0.2785,0.2753,0.2761,1971256.3
2026-02-27 22:00:00+00:00,0.2761,0.2767,0.2726,0.2766,4314405.6
2026-02-27 23:00:00+00:00,0.2766,0.2779,0.2764,0.2776,1581831.2
2026-02-28 00:00:00+00:00,0.2776,0.2784,0.2768,0.2779,2151514.1
2026-02-28 01:00:00+00:00,0.278,0.2787,0.277,0.2775,1646798.2
2026-02-28 02:00:00+00:00,0.2775,0.2796,0.2769,0.2792,2507606.5
2026-02-28 03:00:00+00:00,0.2791,0.2792,0.2765,0.2768,2269700.1
2026-02-28 04:00:00+00:00,0.2769,0.2776,0.2754,0.2767,1118018.4
2026-02-28 05:00:00+00:00,0.2767,0.277,0.2747,0.2757,2141492.8
2026-02-28 06:00:00+00:00,0.2756,0.2756,0.2624,0.2629,36406964.5
2026-02-28 07:00:00+00:00,0.2629,0.2704,0.261,0.265,25532686.3
2026-02-28 08:00:00+00:00,0.265,0.265,0.2605,0.261,9491130.7
2026-02-28 09:00:00+00:00,0.2609,0.2626,0.2599,0.2611,6707151.6
2026-02-28 10:00:00+00:00,0.261,0.2656,0.2594,0.2633,11772212.7
2026-02-28 11:00:00+00:00,0.2632,0.265,0.2626,0.2627,5120517.8
2026-02-28 12:00:00+00:00,0.2627,0.2639,0.2625,0.2634,3922423.7
2026-02-28 13:00:00+00:00,0.2633,0.27,0.2627,0.2699,12304805.8
2026-02-28 14:00:00+00:00,0.2699,0.2718,0.2657,0.2664,10894960.5
2026-02-28 15:00:00+00:00,0.2664,0.2686,0.2653,0.2679,6812481.1
2026-02-28 16:00:00+00:00,0.2679,0.2693,0.2671,0.2691,3106452.9
2026-02-28 17:00:00+00:00,0.2691,0.2693,0.2662,0.2689,4597302.3
2026-02-28 18:00:00+00:00,0.2688,0.2748,0.2681,0.274,8842443.7
2026-02-28 19:00:00+00:00,0.2741,0.2781,0.2718,0.2754,10973516.3
2026-02-28 20:00:00+00:00,0.2755,0.2812,0.2746,0.2807,9384525.9
2026-02-28 21:00:00+00:00,0.2807,0.2809,0.2763,0.2782,6641549.5
2026-02-28 22:00:00+00:00,0.2782,0.2843,0.2782,0.2805,7073178.1
2026-02-28 23:00:00+00:00,0.2805,0.2822,0.2803,0.281,2812907.9
2026-03-01 00:00:00+00:00,0.281,0.2829,0.2785,0.2796,4364234.6
2026-03-01 01:00:00+00:00,0.2795,0.2878,0.2775,0.2863,9093825.6
2026-03-01 02:00:00+00:00,0.2863,0.2922,0.2863,0.2899,17694400.3
2026-03-01 03:00:00+00:00,0.2899,0.2907,0.2861,0.2868,5599655.8
2026-03-01 04:00:00+00:00,0.2869,0.2881,0.284,0.2859,4972026.8
2026-03-01 05:00:00+00:00,0.2859,0.2868,0.2854,0.2859,2502506.7
2026-03-01 06:00:00+00:00,0.2859,0.2861,0.2816,0.2826,5639448.0
2026-03-01 07:00:00+00:00,0.2826,0.2836,0.2817,0.2827,2046890.5
2026-03-01 08:00:00+00:00,0.2828,0.2835,0.2785,0.2791,9370325.2
2026-03-01 09:00:00+00:00,0.279,0.2812,0.278,0.2787,6392911.5
2026-03-01 10:00:00+00:00,0.2787,0.2799,0.2774,0.2786,5332449.8
2026-03-01 11:00:00+00:00,0.2786,0.2791,0.2776,0.2781,1776143.3
2026-03-01 12:00:00+00:00,0.278,0.2794,0.276,0.2762,3571330.8
2026-03-01 13:00:00+00:00,0.2762,0.2825,0.2748,0.2806,8789208.4
2026-03-01 14:00:00+00:00,0.2806,0.2836,0.2784,0.2792,6885203.9
2026-03-01 15:00:00+00:00,0.2791,0.2824,0.2788,0.2802,4998948.1
2026-03-01 16:00:00+00:00,0.2803,0.2822,0.2754,0.2771,7637360.1
2026-03-01 17:00:00+00:00,0.2771,0.2774,0.2735,0.2749,7457584.7
2026-03-01 18:00:00+00:00,0.275,0.2792,0.2747,0.2761,4732765.0
2026-03-01 19:00:00+00:00,0.2761,0.2762,0.2729,0.2736,4757514.0
2026-03-01 20:00:00+00:00,0.2736,0.2736,0.2691,0.2699,8537521.3
2026-03-01 21:00:00+00:00,0.2699,0.2733,0.2699,0.2729,4845978.3
2026-03-01 22:00:00+00:00,0.2729,0.277,0.2709,0.2717,9216183.3
2026-03-01 23:00:00+00:00,0.2718,0.2757,0.2714,0.2735,4719381.8
2026-03-02 00:00:00+00:00,0.2735,0.2771,0.2721,0.2765,7486599.3
2026-03-02 01:00:00+00:00,0.2765,0.2805,0.2761,0.2767,5902504.7
2026-03-02 02:00:00+00:00,0.2768,0.2778,0.2741,0.2758,3467208.7
2026-03-02 03:00:00+00:00,0.2758,0.278,0.2744,0.2771,4827504.8
2026-03-02 04:00:00+00:00,0.2771,0.278,0.2757,0.276,2660945.6
2026-03-02 05:00:00+00:00,0.2761,0.2765,0.2744,0.2749,2513684.2
2026-03-02 06:00:00+00:00,0.275,0.275,0.2707,0.272,4310641.9
2026-03-02 07:00:00+00:00,0.2719,0.2721,0.2691,0.2707,4160187.5
2026-03-02 08:00:00+00:00,0.2708,0.2726,0.2685,0.2721,4876380.8
2026-03-02 09:00:00+00:00,0.2721,0.2745,0.2717,0.2718,3551860.1
2026-03-02 10:00:00+00:00,0.2718,0.2724,0.2709,0.2717,3116178.6
2026-03-02 11:00:00+00:00,0.2717,0.273,0.2706,0.272,3156961.8
2026-03-02 12:00:00+00:00,0.2721,0.2723,0.2707,0.2709,2533449.2
2026-03-02 13:00:00+00:00,0.2709,0.2722,0.2698,0.2701,4320218.9
2026-03-02 14:00:00+00:00,0.2701,0.2784,0.2697,0.2771,9521209.2
2026-03-02 15:00:00+00:00,0.2771,0.2867,0.2766,0.2842,26816870.3
2026-03-02 16:00:00+00:00,0.2843,0.2887,0.2828,0.2845,17579603.9
2026-03-02 17:00:00+00:00,0.2846,0.2849,0.2782,0.282,9084995.5
2026-03-02 18:00:00+00:00,0.282,0.2824,0.2794,0.2805,5664682.6
2026-03-02 19:00:00+00:00,0.2806,0.2812,0.2785,0.2804,5974381.3
2026-03-02 20:00:00+00:00,0.2804,0.2824,0.2786,0.2794,4851659.8
2026-03-02 21:00:00+00:00,0.2795,0.28,0.2781,0.2796,3266244.7
2026-03-02 22:00:00+00:00,0.2796,0.2816,0.2794,0.2805,2777841.9
2026-03-02 23:00:00+00:00,0.2805,0.2807,0.2759,0.2771,6026086.2
2026-03-03 00:00:00+00:00,0.2771,0.2771,0.274,0.2761,9343702.7
2026-03-03 01:00:00+00:00,0.2761,0.2767,0.2739,0.2744,4567364.4
2026-03-03 02:00:00+00:00,0.2743,0.2748,0.2722,0.2738,4860688.5
2026-03-03 03:00:00+00:00,0.2738,0.2745,0.2717,0.2734,2566671.0
2026-03-03 04:00:00+00:00,0.2735,0.2739,0.2711,0.2714,2846326.9
2026-03-03 05:00:00+00:00,0.2715,0.274,0.2695,0.2708,8548541.7
2026-03-03 06:00:00+00:00,0.2708,0.2712,0.2684,0.2693,5262972.1
2026-03-03 07:00:00+00:00,0.2692,0.2705,0.2678,0.2688,6924497.6
2026-03-03 08:00:00+00:00,0.2687,0.2701,0.2658,0.2659,8935754.4
2026-03-03 09:00:00+00:00,0.266,0.2671,0.264,0.2649,7372671.1
2026-03-03 10:00:00+00:00,0.2648,0.2658,0.2637,0.2651,7543816.7
2026-03-03 11:00:00+00:00,0.2651,0.2654,0.2627,0.2647,6058576.6
2026-03-03 12:00:00+00:00,0.2647,0.2674,0.264,0.2653,8083242.3
2026-03-03 13:00:00+00:00,0.2653,0.2654,0.263,0.2637,6655662.0
2026-03-03 14:00:00+00:00,0.2636,0.2666,0.2615,0.263,16317501.2
2026-03-03 15:00:00+00:00,0.2629,0.2665,0.2615,0.2651,21468107.2
2026-03-03 16:00:00+00:00,0.2651,0.2721,0.2643,0.2682,18469967.9
2026-03-03 17:00:00+00:00,0.2683,0.2686,0.2646,0.2677,8367670.7
2026-03-03 18:00:00+00:00,0.2678,0.2696,0.2656,0.267,6950686.2
2026-03-03 19:00:00+00:00,0.2671,0.2673,0.2627,0.2636,8010156.5
2026-03-03 20:00:00+00:00,0.2636,0.264,0.2608,0.2617,7859413.6
2026-03-03 21:00:00+00:00,0.2617,0.2623,0.2604,0.262,7365741.8
2026-03-03 22:00:00+00:00,0.262,0.2647,0.2618,0.263,10072786.3
2026-03-03 23:00:00+00:00,0.2629,0.2646,0.2621,0.2625,7977941.8
2026-03-04 00:00:00+00:00,0.2626,0.2639,0.2612,0.2624,5273651.0
2026-03-04 01:00:00+00:00,0.2624,0.2663,0.2615,0.264,8377688.6
2026-03-04 02:00:00+00:00,0.264,0.2647,0.2623,0.2641,2818522.7
2026-03-04 03:00:00+00:00,0.2641,0.2649,0.2608,0.2627,6375381.9
2026-03-04 04:00:00+00:00,0.2627,0.2635,0.2589,0.2609,11428940.0
2026-03-04 05:00:00+00:00,0.2608,0.262,0.2584,0.2608,8642683.9
2026-03-04 06:00:00+00:00,0.2608,0.2623,0.2594,0.2612,6412778.0
2026-03-04 07:00:00+00:00,0.2613,0.2654,0.2604,0.265,5920331.7
2026-03-04 08:00:00+00:00,0.265,0.2726,0.2637,0.2718,17074789.1
2026-03-04 09:00:00+00:00,0.2718,0.2743,0.2703,0.2725,25114762.6
2026-03-04 10:00:00+00:00,0.2726,0.2741,0.2695,0.27,12555072.2
2026-03-04 11:00:00+00:00,0.27,0.271,0.2677,0.2687,8080799.0
2026-03-04 12:00:00+00:00,0.2687,0.2693,0.2658,0.2691,11877793.2
2026-03-04 13:00:00+00:00,0.2691,0.2724,0.269,0.2721,6226155.0
2026-03-04 14:00:00+00:00,0.2722,0.2778,0.2718,0.2728,25566809.0
2026-03-04 15:00:00+00:00,0.2728,0.2813,0.2728,0.2808,32081742.3
2026-03-04 16:00:00+00:00,0.2809,0.2843,0.2771,0.2805,26097063.8
2026-03-04 17:00:00+00:00,0.2804,0.2829,0.2782,0.2808,18536689.8
2026-03-04 18:00:00+00:00,0.2808,0.2818,0.2783,0.2817,12357809.0
2026-03-04 19:00:00+00:00,0.2816,0.285,0.2806,0.2821,14739511.1
2026-03-04 20:00:00+00:00,0.2822,0.2828,0.2804,0.281,6925126.6
2026-03-04 21:00:00+00:00,0.2811,0.2813,0.2784,0.28,9394875.1
2026-03-04 22:00:00+00:00,0.2801,0.282,0.2756,0.276,6902689.4
2026-03-04 23:00:00+00:00,0.2761,0.2767,0.2737,0.2763,7230150.1
2026-03-05 00:00:00+00:00,0.2763,0.2764,0.2726,0.2743,11492540.1
2026-03-05 01:00:00+00:00,0.2743,0.2769,0.273,0.2733,5016580.0
2026-03-05 02:00:00+00:00,0.2733,0.2759,0.2727,0.2739,4013885.7
2026-03-05 03:00:00+00:00,0.2739,0.2747,0.2734,0.2741,2743672.4
2026-03-05 04:00:00+00:00,0.2742,0.2762,0.274,0.2754,4634631.0
2026-03-05 05:00:00+00:00,0.2754,0.2765,0.2728,0.2733,3472229.0
2026-03-05 06:00:00+00:00,0.2733,0.2745,0.2714,0.2742,5735396.2
2026-03-05 07:00:00+00:00,0.2743,0.2748,0.2709,0.2722,3649293.5
2026-03-05 08:00:00+00:00,0.2722,0.2726,0.2702,0.2718,9769665.4
2026-03-05 09:00:00+00:00,0.2718,0.2741,0.2717,0.2733,6184245.4
2026-03-05 10:00:00+00:00,0.2733,0.2779,0.2725,0.2767,9216238.7
2026-03-05 11:00:00+00:00,0.2768,0.2773,0.2727,0.2742,6121654.4
2026-03-05 12:00:00+00:00,0.2742,0.278,0.2732,0.2775,5273943.2
2026-03-05 13:00:00+00:00,0.2775,0.2775,0.2731,0.2746,8647259.3
2026-03-05 14:00:00+00:00,0.2747,0.2769,0.2732,0.2757,7463890.4
2026-03-05 15:00:00+00:00,0.2757,0.276,0.2697,0.2712,13578319.9
2026-03-05 16:00:00+00:00,0.2712,0.2712,0.2651,0.2688,13760436.8
2026-03-05 17:00:00+00:00,0.2689,0.2704,0.266,0.2667,6057200.0
2026-03-05 18:00:00+00:00,0.2666,0.2688,0.2661,0.2687,4169246.9
2026-03-05 19:00:00+00:00,0.2687,0.2719,0.2687,0.2694,3153611.3
2026-03-05 20:00:00+00:00,0.2694,0.272,0.2685,0.2711,3876519.7
2026-03-05 21:00:00+00:00,0.271,0.2718,0.2686,0.269,4458999.6
2026-03-05 22:00:00+00:00,0.2691,0.27,0.2676,0.2691,2925451.4
2026-03-05 23:00:00+00:00,0.269,0.2699,0.2687,0.2692,1680592.5
2026-03-06 00:00:00+00:00,0.2691,0.2695,0.2681,0.2683,2034014.2
2026-03-06 01:00:00+00:00,0.2684,0.2711,0.2671,0.2708,3694779.8
2026-03-06 02:00:00+00:00,0.2709,0.2716,0.2699,0.2701,4077031.6
2026-03-06 03:00:00+00:00,0.2701,0.2707,0.2692,0.2707,1391818.0
2026-03-06 04:00:00+00:00,0.2707,0.2708,0.2673,0.2688,2146950.7
2026-03-06 05:00:00+00:00,0.2689,0.2697,0.2672,0.2685,2105696.0
2026-03-06 06:00:00+00:00,0.2685,0.2697,0.2681,0.2686,1564630.4
2026-03-06 07:00:00+00:00,0.2687,0.272,0.2683,0.2715,2892393.0
2026-03-06 08:00:00+00:00,0.2716,0.2716,0.2685,0.2691,2309527.2
2026-03-06 09:00:00+00:00,0.269,0.2691,0.2657,0.2671,5493506.7
2026-03-06 10:00:00+00:00,0.267,0.2689,0.2668,0.2678,2761328.2
2026-03-06 11:00:00+00:00,0.2678,0.2681,0.266,0.2663,1894117.3
2026-03-06 12:00:00+00:00,0.2662,0.2671,0.2644,0.2664,7326216.9
2026-03-06 13:00:00+00:00,0.2664,0.2691,0.2638,0.2641,16173265.0
2026-03-06 14:00:00+00:00,0.2641,0.2641,0.2574,0.2585,26114357.4
2026-03-06 15:00:00+00:00,0.2585,0.2597,0.2558,0.2568,15319463.3
2026-03-06 16:00:00+00:00,0.2568,0.2593,0.2559,0.2572,9577087.6
2026-03-06 17:00:00+00:00,0.2572,0.2586,0.2555,0.2572,7145284.9
2026-03-06 18:00:00+00:00,0.2571,0.2593,0.257,0.2588,5292725.1
2026-03-06 19:00:00+00:00,0.2587,0.2606,0.2585,0.2586,3660603.4
2026-03-06 20:00:00+00:00,0.2585,0.2587,0.2573,0.2583,2931242.6
2026-03-06 21:00:00+00:00,0.2582,0.2595,0.258,0.2595,2246756.7
2026-03-06 22:00:00+00:00,0.2595,0.2602,0.259,0.2598,1705357.8
2026-03-06 23:00:00+00:00,0.2598,0.2599,0.2588,0.259,1769654.8
2026-03-07 00:00:00+00:00,0.259,0.2599,0.259,0.2594,2459785.5
2026-03-07 01:00:00+00:00,0.2594,0.2602,0.2592,0.2592,1591497.4
2026-03-07 02:00:00+00:00,0.2592,0.2597,0.2586,0.2595,1615356.4
2026-03-07 03:00:00+00:00,0.2595,0.261,0.2586,0.2587,2679362.8
2026-03-07 04:00:00+00:00,0.2586,0.259,0.2568,0.2586,3218364.2
2026-03-07 05:00:00+00:00,0.2586,0.2592,0.2584,0.2591,1568215.3
2026-03-07 06:00:00+00:00,0.259,0.259,0.2577,0.2579,2712907.7
2026-03-07 07:00:00+00:00,0.2579,0.2585,0.2571,0.2584,1430434.8
2026-03-07 08:00:00+00:00,0.2583,0.2591,0.2579,0.2581,1977008.3
2026-03-07 09:00:00+00:00,0.258,0.2587,0.2575,0.2584,1682749.2
2026-03-07 10:00:00+00:00,0.2584,0.2586,0.2576,0.2578,2709584.8
2026-03-07 11:00:00+00:00,0.2577,0.2595,0.2575,0.2589,1110681.9
2026-03-07 12:00:00+00:00,0.2588,0.259,0.2572,0.2574,1490894.5
2026-03-07 13:00:00+00:00,0.2574,0.2585,0.2573,0.258,2152195.3
2026-03-07 14:00:00+00:00,0.2579,0.258,0.2517,0.2557,39652195.1
2026-03-07 15:00:00+00:00,0.2556,0.2561,0.254,0.2549,4953566.5
2026-03-07 16:00:00+00:00,0.2549,0.2559,0.2547,0.2556,3883168.3
2026-03-07 17:00:00+00:00,0.2556,0.2573,0.2555,0.257,2163923.3
2026-03-07 18:00:00+00:00,0.2569,0.2569,0.2541,0.2556,7483863.1
2026-03-07 19:00:00+00:00,0.2556,0.2557,0.2533,0.2543,4234669.1
2026-03-07 20:00:00+00:00,0.2543,0.2555,0.2542,0.2551,1571696.1
2026-03-07 21:00:00+00:00,0.2551,0.2557,0.2546,0.2555,1813583.5
2026-03-07 22:00:00+00:00,0.2555,0.2556,0.2529,0.2538,2652930.6
2026-03-07 23:00:00+00:00,0.2538,0.2549,0.2536,0.2544,1575293.9
2026-03-08 00:00:00+00:00,0.2545,0.2548,0.2534,0.2539,1367130.0
2026-03-08 01:00:00+00:00,0.2538,0.2548,0.2533,0.2543,1198918.2
2026-03-08 02:00:00+00:00,0.2543,0.2546,0.2508,0.252,4530889.5
2026-03-08 03:00:00+00:00,0.252,0.2531,0.2515,0.2521,2549115.4
2026-03-08 04:00:00+00:00,0.2521,0.2527,0.2496,0.2505,8694614.6
2026-03-08 05:00:00+00:00,0.2505,0.2529,0.2505,0.2522,2779048.8
2026-03-08 06:00:00+00:00,0.2521,0.2522,0.2508,0.2518,1900558.5
2026-03-08 07:00:00+00:00,0.2518,0.2535,0.2518,0.2524,2787501.0
2026-03-08 08:00:00+00:00,0.2524,0.2528,0.2509,0.2524,2210572.8
2026-03-08 09:00:00+00:00,0.2525,0.2543,0.2521,0.2541,5197047.5
2026-03-08 10:00:00+00:00,0.2542,0.2574,0.2542,0.2562,6651624.8
2026-03-08 11:00:00+00:00,0.2562,0.2562,0.2537,0.2548,4006642.9
2026-03-08 12:00:00+00:00,0.2548,0.2553,0.252,0.2542,3965189.3
2026-03-08 13:00:00+00:00,0.2542,0.2544,0.2505,0.2519,5526770.1
2026-03-08 14:00:00+00:00,0.252,0.2528,0.2506,0.2514,2918734.2
2026-03-08 15:00:00+00:00,0.2514,0.2515,0.2481,0.2496,10248274.4
2026-03-08 16:00:00+00:00,0.2497,0.25,0.2485,0.2497,3242538.2
2026-03-08 17:00:00+00:00,0.2497,0.2515,0.2497,0.2505,2593147.3
2026-03-08 18:00:00+00:00,0.2505,0.2506,0.249,0.2504,2153028.7
2026-03-08 19:00:00+00:00,0.2504,0.2543,0.2503,0.2533,6225405.7
2026-03-08 20:00:00+00:00,0.2532,0.2546,0.2521,0.2531,4690020.0
2026-03-08 21:00:00+00:00,0.2532,0.2534,0.2507,0.2522,3853814.2
2026-03-08 22:00:00+00:00,0.2522,0.2522,0.2458,0.2506,19165461.0
2026-03-08 23:00:00+00:00,0.2507,0.2516,0.2486,0.2493,4457692.3
2026-03-09 00:00:00+00:00,0.2493,0.2536,0.2491,0.2514,4570712.7
2026-03-09 01:00:00+00:00,0.2514,0.2525,0.2498,0.2499,3289998.6
2026-03-09 02:00:00+00:00,0.2498,0.2525,0.2489,0.2516,2824468.7
2026-03-09 03:00:00+00:00,0.2516,0.2567,0.2513,0.2536,8350668.3
2026-03-09 04:00:00+00:00,0.2537,0.2555,0.2532,0.2532,2114167.9
2026-03-09 05:00:00+00:00,0.2533,0.2594,0.2527,0.2577,10618352.4
2026-03-09 06:00:00+00:00,0.2578,0.258,0.2551,0.2554,3920001.8
2026-03-09 07:00:00+00:00,0.2554,0.2556,0.2524,0.255,6579497.5
2026-03-09 08:00:00+00:00,0.2551,0.2574,0.2547,0.2562,4332988.8
2026-03-09 09:00:00+00:00,0.2563,0.2587,0.2546,0.2562,6303972.7
2026-03-09 10:00:00+00:00,0.2563,0.2567,0.2547,0.2552,2257129.1
2026-03-09 11:00:00+00:00,0.2552,0.2557,0.2535,0.2549,2160010.3
2026-03-09 12:00:00+00:00,0.255,0.2569,0.2543,0.2557,3296664.5
2026-03-09 13:00:00+00:00,0.2558,0.26,0.2552,0.2586,13425361.5
2026-03-09 14:00:00+00:00,0.2585,0.2601,0.2567,0.2579,13166534.8
2026-03-09 15:00:00+00:00,0.2579,0.2582,0.2547,0.2559,10259528.3
2026-03-09 16:00:00+00:00,0.2559,0.2578,0.2554,0.2569,6548021.7
2026-03-09 17:00:00+00:00,0.2569,0.2581,0.2556,0.2565,3300783.4
2026-03-09 18:00:00+00:00,0.2564,0.2578,0.2551,0.2561,3180370.0
2026-03-09 19:00:00+00:00,0.2562,0.2629,0.2553,0.2595,14278446.9
2026-03-09 20:00:00+00:00,0.2595,0.2601,0.2571,0.2586,3644078.2
2026-03-09 21:00:00+00:00,0.2585,0.2596,0.2576,0.2585,1908635.3
2026-03-09 22:00:00+00:00,0.2585,0.2588,0.2547,0.2553,5997156.8
2026-03-09 23:00:00+00:00,0.2552,0.2562,0.2547,0.2552,2172125.3
2026-03-10 00:00:00+00:00,0.2551,0.2588,0.255,0.2576,2399536.6
2026-03-10 01:00:00+00:00,0.2576,0.2588,0.2564,0.2582,2959265.8
2026-03-10 02:00:00+00:00,0.2581,0.2636,0.2573,0.262,9661384.6
2026-03-10 03:00:00+00:00,0.262,0.2628,0.258,0.2588,5210169.9
2026-03-10 04:00:00+00:00,0.2588,0.2615,0.2588,0.2606,2649531.5
2026-03-10 05:00:00+00:00,0.2605,0.2618,0.2596,0.2598,2708547.8
2026-03-10 06:00:00+00:00,0.2599,0.26,0.2582,0.2595,2502152.7
2026-03-10 07:00:00+00:00,0.2595,0.2612,0.2587,0.2604,4786050.1
2026-03-10 08:00:00+00:00,0.2605,0.2627,0.2602,0.2617,4300819.0
2026-03-10 09:00:00+00:00,0.2617,0.2677,0.2617,0.2671,11805975.7
2026-03-10 10:00:00+00:00,0.267,0.2684,0.2654,0.2671,10663342.7
2026-03-10 11:00:00+00:00,0.267,0.2673,0.2642,0.2642,6660598.1
2026-03-10 12:00:00+00:00,0.2643,0.2648,0.2626,0.2641,5892891.1
2026-03-10 13:00:00+00:00,0.2642,0.267,0.2616,0.2639,13032651.5
2026-03-10 14:00:00+00:00,0.2639,0.2726,0.261,0.2721,18965720.2
2026-03-10 15:00:00+00:00,0.2721,0.2738,0.2686,0.2714,20529133.5
2026-03-10 16:00:00+00:00,0.2714,0.2739,0.2695,0.2722,13154493.2
2026-03-10 17:00:00+00:00,0.2722,0.2728,0.2678,0.269,12262121.1
2026-03-10 18:00:00+00:00,0.269,0.2691,0.2633,0.2637,12282195.5
2026-03-10 19:00:00+00:00,0.2637,0.2649,0.262,0.2624,3733733.8
2026-03-10 20:00:00+00:00,0.2624,0.2639,0.2623,0.2634,1980902.3
2026-03-10 21:00:00+00:00,0.2634,0.2645,0.2606,0.2615,8119809.4
2026-03-10 22:00:00+00:00,0.2616,0.2627,0.2605,0.2612,6314396.6
2026-03-10 23:00:00+00:00,0.2612,0.2624,0.261,0.2621,7379224.6
2026-03-11 00:00:00+00:00,0.262,0.2626,0.2604,0.262,7905146.5
2026-03-11 01:00:00+00:00,0.2621,0.2621,0.2601,0.2609,3393716.1
2026-03-11 02:00:00+00:00,0.261,0.2611,0.2587,0.2602,5233561.3
2026-03-11 03:00:00+00:00,0.2602,0.2609,0.259,0.2597,5057707.7
2026-03-11 04:00:00+00:00,0.2597,0.2624,0.2592,0.2621,3772623.9
2026-03-11 05:00:00+00:00,0.2621,0.2622,0.2577,0.2584,4612901.6
2026-03-11 06:00:00+00:00,0.2584,0.2598,0.2581,0.2587,4241783.0
2026-03-11 07:00:00+00:00,0.2586,0.2595,0.2566,0.2575,4507331.8
2026-03-11 08:00:00+00:00,0.2574,0.2586,0.2572,0.2583,4280066.0
2026-03-11 09:00:00+00:00,0.2582,0.2586,0.2571,0.2575,2288880.3
2026-03-11 10:00:00+00:00,0.2575,0.26,0.2572,0.2594,3442871.6
2026-03-11 11:00:00+00:00,0.2594,0.2601,0.2584,0.2588,4002351.8
2026-03-11 12:00:00+00:00,0.2587,0.2637,0.2579,0.2613,12883274.8
2026-03-11 13:00:00+00:00,0.2613,0.2679,0.2611,0.2629,30117955.8
2026-03-11 14:00:00+00:00,0.263,0.266,0.263,0.2638,15315645.5
2026-03-11 15:00:00+00:00,0.2638,0.264,0.2593,0.2625,7368541.0
2026-03-11 16:00:00+00:00,0.2625,0.2643,0.2618,0.2636,4990486.5
2026-03-11 17:00:00+00:00,0.2637,0.2665,0.2625,0.265,4990001.7
2026-03-11 18:00:00+00:00,0.2649,0.2667,0.2648,0.2663,5140932.5
2026-03-11 19:00:00+00:00,0.2663,0.2668,0.2649,0.2652,2690424.0
2026-03-11 20:00:00+00:00,0.2651,0.2652,0.2632,0.2641,2788879.4
2026-03-11 21:00:00+00:00,0.2642,0.2652,0.2636,0.2649,2504469.1
2026-03-11 22:00:00+00:00,0.2649,0.2662,0.263,0.2638,4406533.9
2026-03-11 23:00:00+00:00,0.2639,0.2645,0.2617,0.2626,2449217.5
2026-03-12 00:00:00+00:00,0.2626,0.2631,0.2614,0.2621,2390277.9
2026-03-12 01:00:00+00:00,0.2621,0.2621,0.2603,0.2608,3198606.6
2026-03-12 02:00:00+00:00,0.2608,0.2613,0.2589,0.259,3923211.1
2026-03-12 03:00:00+00:00,0.259,0.2604,0.2585,0.259,1834097.2
2026-03-12 04:00:00+00:00,0.259,0.2599,0.2585,0.2588,1213993.4
2026-03-12 05:00:00+00:00,0.2587,0.2594,0.258,0.2592,1752772.9
2026-03-12 06:00:00+00:00,0.2591,0.2596,0.2586,0.2594,2323433.9
2026-03-12 07:00:00+00:00,0.2594,0.261,0.2588,0.2606,3070229.1
2026-03-12 08:00:00+00:00,0.2606,0.2624,0.2602,0.2609,4165029.5
2026-03-12 09:00:00+00:00,0.2608,0.2634,0.26,0.2617,2773562.7
2026-03-12 10:00:00+00:00,0.2617,0.2638,0.2614,0.2631,6641338.6
2026-03-12 11:00:00+00:00,0.2631,0.2632,0.2615,0.2621,3556159.3
2026-03-12 12:00:00+00:00,0.262,0.2642,0.2613,0.2631,5396797.9
2026-03-12 13:00:00+00:00,0.2631,0.2641,0.2603,0.2617,6388912.5
2026-03-12 14:00:00+00:00,0.2617,0.2636,0.2583,0.2599,8404843.0
2026-03-12 15:00:00+00:00,0.2599,0.2631,0.2592,0.262,4544288.2
2026-03-12 16:00:00+00:00,0.262,0.2636,0.2602,0.2631,4494133.5
2026-03-12 17:00:00+00:00,0.2631,0.2634,0.2617,0.2624,2664483.9
2026-03-12 18:00:00+00:00,0.2624,0.2627,0.2608,0.2609,1765152.4
2026-03-12 19:00:00+00:00,0.2609,0.2633,0.2603,0.263,3122625.3
2026-03-12 20:00:00+00:00,0.263,0.2635,0.2616,0.2617,1474920.1
2026-03-12 21:00:00+00:00,0.2618,0.2636,0.2618,0.2633,1152481.3
2026-03-12 22:00:00+00:00,0.2632,0.2636,0.2626,0.2633,1913419.4
2026-03-12 23:00:00+00:00,0.2633,0.2659,0.2626,0.2636,7908189.8
2026-03-13 00:00:00+00:00,0.2635,0.273,0.2629,0.2693,23992749.4
2026-03-13 01:00:00+00:00,0.2693,0.2724,0.2692,0.272,6736576.3
2026-03-13 02:00:00+00:00,0.272,0.2724,0.2692,0.27,6151381.2
2026-03-13 03:00:00+00:00,0.27,0.2723,0.2689,0.2717,3723674.7
2026-03-13 04:00:00+00:00,0.2717,0.2737,0.2702,0.2717,5357732.3
2026-03-13 05:00:00+00:00,0.2717,0.2758,0.2707,0.274,15147752.5
2026-03-13 06:00:00+00:00,0.274,0.2745,0.2715,0.2723,5893077.4
2026-03-13 07:00:00+00:00,0.2722,0.2735,0.2712,0.2716,3790051.6
2026-03-13 08:00:00+00:00,0.2716,0.2755,0.2709,0.2723,7660707.4
2026-03-13 09:00:00+00:00,0.2722,0.2748,0.2714,0.2744,3695839.1
2026-03-13 10:00:00+00:00,0.2744,0.2759,0.2742,0.2749,5942862.3
2026-03-13 11:00:00+00:00,0.2748,0.275,0.2732,0.2743,3306699.4
2026-03-13 12:00:00+00:00,0.2744,0.2804,0.2743,0.2785,13654034.0
2026-03-13 13:00:00+00:00,0.2784,0.2816,0.2773,0.279,17360459.9
2026-03-13 14:00:00+00:00,0.279,0.2807,0.2726,0.2734,19367312.4
2026-03-13 15:00:00+00:00,0.2734,0.275,0.2706,0.2715,11102939.6
2026-03-13 16:00:00+00:00,0.2716,0.2731,0.2706,0.272,9481245.9
2026-03-13 17:00:00+00:00,0.2721,0.2721,0.2665,0.2673,8656818.8
2026-03-13 18:00:00+00:00,0.2674,0.2684,0.2661,0.2665,5194717.7
2026-03-13 19:00:00+00:00,0.2665,0.2677,0.2662,0.2673,3080160.4
2026-03-13 20:00:00+00:00,0.2673,0.2685,0.2666,0.2676,3160917.7
2026-03-13 21:00:00+00:00,0.2677,0.2689,0.2665,0.267,2551117.5
2026-03-13 22:00:00+00:00,0.2669,0.267,0.2636,0.2651,5281197.1
2026-03-13 23:00:00+00:00,0.2651,0.2661,0.2647,0.2656,2324201.5
2026-03-14 00:00:00+00:00,0.2656,0.2656,0.2634,0.264,6450882.8
2026-03-14 01:00:00+00:00,0.2639,0.2654,0.263,0.2649,3216528.7
2026-03-14 02:00:00+00:00,0.2648,0.2661,0.2637,0.2647,6200465.5
2026-03-14 03:00:00+00:00,0.2648,0.2661,0.2645,0.2654,1747896.4
2026-03-14 04:00:00+00:00,0.2654,0.2666,0.2647,0.2652,4118645.6
2026-03-14 05:00:00+00:00,0.2653,0.2654,0.263,0.2639,4263036.8
2026-03-14 06:00:00+00:00,0.264,0.264,0.2616,0.2625,4763986.5
2026-03-14 07:00:00+00:00,0.2624,0.2628,0.2611,0.2617,5324713.8
2026-03-14 08:00:00+00:00,0.2617,0.262,0.2596,0.2612,10329605.3
2026-03-14 09:00:00+00:00,0.2612,0.2618,0.2598,0.2603,3847246.0
2026-03-14 10:00:00+00:00,0.2602,0.2603,0.2594,0.26,3514462.5
2026-03-14 11:00:00+00:00,0.26,0.2612,0.2596,0.2611,2837637.7
2026-03-14 12:00:00+00:00,0.261,0.261,0.2599,0.2609,2548710.0
2026-03-14 13:00:00+00:00,0.2608,0.2619,0.2606,0.2612,3104204.5
2026-03-14 14:00:00+00:00,0.2612,0.2615,0.26,0.2602,5764258.6
2026-03-14 15:00:00+00:00,0.2603,0.2609,0.26,0.2607,2331280.5
2026-03-14 16:00:00+00:00,0.2606,0.2617,0.2604,0.2613,2016689.2
2026-03-14 17:00:00+00:00,0.2613,0.2613,0.2596,0.2598,3591467.0
2026-03-14 18:00:00+00:00,0.2599,0.2599,0.2585,0.2591,5223492.4
2026-03-14 19:00:00+00:00,0.259,0.2597,0.2586,0.2592,2406463.3
2026-03-14 20:00:00+00:00,0.2592,0.2598,0.2588,0.2598,1734109.8
2026-03-14 21:00:00+00:00,0.2597,0.2604,0.2589,0.2602,3166645.8
2026-03-14 22:00:00+00:00,0.2602,0.2608,0.2599,0.2604,2299509.6
2026-03-14 23:00:00+00:00,0.2604,0.2638,0.2604,0.2634,6855514.7
2026-03-15 00:00:00+00:00,0.2634,0.2639,0.2619,0.2623,3037509.1
2026-03-15 01:00:00+00:00,0.2623,0.2625,0.2612,0.2618,2140079.8
2026-03-15 02:00:00+00:00,0.2618,0.2662,0.2618,0.2652,5544655.5
2026-03-15 03:00:00+00:00,0.2652,0.266,0.2637,0.2649,2543229.6
2026-03-15 04:00:00+00:00,0.2649,0.2667,0.2642,0.2654,5488290.4
2026-03-15 05:00:00+00:00,0.2655,0.2673,0.265,0.2652,3570605.3
2026-03-15 06:00:00+00:00,0.2653,0.2659,0.2631,0.264,2424008.8
2026-03-15 07:00:00+00:00,0.2641,0.2656,0.2638,0.2647,1796914.5
2026-03-15 08:00:00+00:00,0.2648,0.2659,0.2645,0.2658,1924634.3
2026-03-15 09:00:00+00:00,0.2657,0.2665,0.2648,0.2648,4771633.5
2026-03-15 10:00:00+00:00,0.2649,0.2659,0.2646,0.2656,1925515.5
2026-03-15 11:00:00+00:00,0.2656,0.2661,0.265,0.2656,2060093.1
2026-03-15 12:00:00+00:00,0.2657,0.2661,0.2649,0.2658,1291699.1
2026-03-15 13:00:00+00:00,0.2658,0.2665,0.2623,0.2643,5565731.7
2026-03-15 14:00:00+00:00,0.2644,0.2649,0.2628,0.2642,2131766.6
2026-03-15 15:00:00+00:00,0.2643,0.2648,0.2634,0.2638,1871097.1
2026-03-15 16:00:00+00:00,0.2637,0.2646,0.2626,0.2628,2128954.7
2026-03-15 17:00:00+00:00,0.2629,0.2655,0.2627,0.2647,1757893.5
2026-03-15 18:00:00+00:00,0.2647,0.265,0.2621,0.2628,2204393.1
2026-03-15 19:00:00+00:00,0.2628,0.2642,0.2627,0.2637,1213801.9
2026-03-15 20:00:00+00:00,0.2638,0.2655,0.2626,0.2643,1742567.0
2026-03-15 21:00:00+00:00,0.2644,0.2676,0.2638,0.2667,3698162.8
2026-03-15 22:00:00+00:00,0.2667,0.2717,0.2648,0.2707,14895587.8
2026-03-15 23:00:00+00:00,0.2707,0.272,0.2678,0.2702,11139047.7
2026-03-16 00:00:00+00:00,0.2702,0.2727,0.2696,0.2706,10938883.9
2026-03-16 01:00:00+00:00,0.2707,0.2722,0.2689,0.2715,7157309.7
2026-03-16 02:00:00+00:00,0.2714,0.2721,0.2687,0.2711,5522529.4
2026-03-16 03:00:00+00:00,0.271,0.2805,0.2703,0.2774,31073724.3
2026-03-16 04:00:00+00:00,0.2774,0.2845,0.2774,0.2829,34245028.2
2026-03-16 05:00:00+00:00,0.283,0.2896,0.282,0.2884,27599637.3
2026-03-16 06:00:00+00:00,0.2885,0.2916,0.2861,0.29,24757160.3
2026-03-16 07:00:00+00:00,0.2899,0.2926,0.289,0.2899,19523738.4
2026-03-16 08:00:00+00:00,0.29,0.2936,0.2845,0.2846,23616354.5
2026-03-16 09:00:00+00:00,0.2847,0.2896,0.2845,0.2883,12880846.9
2026-03-16 10:00:00+00:00,0.2883,0.2888,0.2854,0.2869,12056162.4
2026-03-16 11:00:00+00:00,0.287,0.2882,0.2842,0.2854,8668930.2
2026-03-16 12:00:00+00:00,0.2854,0.2869,0.2847,0.285,9885023.7
2026-03-16 13:00:00+00:00,0.285,0.2894,0.2844,0.2853,11973055.9
2026-03-16 14:00:00+00:00,0.2854,0.2876,0.2823,0.2865,11804341.5
2026-03-16 15:00:00+00:00,0.2866,0.2875,0.2834,0.2835,7846976.9
2026-03-16 16:00:00+00:00,0.2836,0.2876,0.2835,0.2875,13889983.1
2026-03-16 17:00:00+00:00,0.2875,0.2878,0.2847,0.2869,7505932.2
2026-03-16 18:00:00+00:00,0.2868,0.2888,0.2862,0.2867,9863873.8
2026-03-16 19:00:00+00:00,0.2867,0.2897,0.2861,0.2883,5312486.0
2026-03-16 20:00:00+00:00,0.2882,0.2892,0.2874,0.2878,14106903.0
2026-03-16 21:00:00+00:00,0.2879,0.2907,0.2868,0.2875,8733722.3
2026-03-16 22:00:00+00:00,0.2875,0.2917,0.2875,0.2915,9659524.5
2026-03-16 23:00:00+00:00,0.2915,0.2919,0.2877,0.2904,6719478.5
2026-03-17 00:00:00+00:00,0.2904,0.2927,0.2885,0.2903,8592032.7
2026-03-17 01:00:00+00:00,0.2904,0.2926,0.289,0.2908,10239742.2
2026-03-17 02:00:00+00:00,0.2909,0.2932,0.2892,0.2916,6028327.4
2026-03-17 03:00:00+00:00,0.2916,0.2916,0.284,0.2857,11328751.9
2026-03-17 04:00:00+00:00,0.2858,0.2865,0.2822,0.2844,18271898.2
2026-03-17 05:00:00+00:00,0.2843,0.2854,0.2819,0.2834,15959879.3
2026-03-17 06:00:00+00:00,0.2835,0.2852,0.2823,0.2841,5038909.1
2026-03-17 07:00:00+00:00,0.2842,0.2885,0.2841,0.2866,3829055.8
2026-03-17 08:00:00+00:00,0.2865,0.288,0.2857,0.2861,3107322.0
2026-03-17 09:00:00+00:00,0.2861,0.288,0.2851,0.2865,5690644.0
2026-03-17 10:00:00+00:00,0.2865,0.2869,0.2853,0.2866,3927512.2
2026-03-17 11:00:00+00:00,0.2867,0.2885,0.2865,0.287,3853873.2
2026-03-17 12:00:00+00:00,0.287,0.2875,0.2836,0.2844,5985408.7
2026-03-17 13:00:00+00:00,0.2843,0.2875,0.2841,0.2852,6812520.5
2026-03-17 14:00:00+00:00,0.2852,0.2884,0.2842,0.2871,6297149.8
2026-03-17 15:00:00+00:00,0.2871,0.2897,0.2845,0.2866,7489541.0
2026-03-17 16:00:00+00:00,0.2865,0.2887,0.2858,0.2867,4567497.2
2026-03-17 17:00:00+00:00,0.2868,0.2896,0.2866,0.2895,3599325.9
2026-03-17 18:00:00+00:00,0.2895,0.2916,0.2895,0.2903,5572140.5
2026-03-17 19:00:00+00:00,0.2902,0.2903,0.2883,0.2885,5110329.8
2026-03-17 20:00:00+00:00,0.2886,0.2897,0.2878,0.2894,3105199.4
2026-03-17 21:00:00+00:00,0.2894,0.2923,0.2894,0.2908,4240755.1
2026-03-17 22:00:00+00:00,0.2907,0.2921,0.2896,0.2915,5195647.1
2026-03-17 23:00:00+00:00,0.2915,0.2919,0.2885,0.2891,3383889.9
2026-03-18 00:00:00+00:00,0.2891,0.2897,0.2864,0.2885,6753483.9
2026-03-18 01:00:00+00:00,0.2885,0.29,0.2883,0.2887,1653737.6
2026-03-18 02:00:00+00:00,0.2886,0.2919,0.2884,0.2906,2385551.1
2026-03-18 03:00:00+00:00,0.2906,0.294,0.2901,0.2918,5955815.3
2026-03-18 04:00:00+00:00,0.2918,0.2921,0.2902,0.2909,1981379.4
2026-03-18 05:00:00+00:00,0.2908,0.2955,0.2894,0.2899,9471862.2
2026-03-18 06:00:00+00:00,0.2899,0.2914,0.2884,0.2885,3392265.6
2026-03-18 07:00:00+00:00,0.2884,0.2889,0.2873,0.2885,5428009.5
2026-03-18 08:00:00+00:00,0.2886,0.2903,0.2886,0.2891,3358881.0
2026-03-18 09:00:00+00:00,0.2892,0.2912,0.2888,0.2911,1615330.4
2026-03-18 10:00:00+00:00,0.2911,0.2915,0.2879,0.2887,3368534.0
2026-03-18 11:00:00+00:00,0.2886,0.2886,0.2786,0.2796,26213839.0
2026-03-18 12:00:00+00:00,0.2795,0.2799,0.275,0.2763,13547510.8
2026-03-18 13:00:00+00:00,0.2764,0.2776,0.2751,0.2763,6566874.1
2026-03-18 14:00:00+00:00,0.2764,0.2764,0.2706,0.2712,13872637.8
2026-03-18 15:00:00+00:00,0.2713,0.2725,0.2696,0.2716,11768954.6
2026-03-18 16:00:00+00:00,0.2715,0.2716,0.2699,0.2709,6597882.3
2026-03-18 17:00:00+00:00,0.2709,0.2737,0.2699,0.2724,4564506.3
2026-03-18 18:00:00+00:00,0.2724,0.2752,0.2712,0.2719,7379902.7
2026-03-18 19:00:00+00:00,0.2719,0.2737,0.2719,0.2724,2537630.1
2026-03-18 20:00:00+00:00,0.2724,0.2739,0.27,0.2733,4726281.4
2026-03-18 21:00:00+00:00,0.2733,0.2747,0.2731,0.2742,2230164.8
2026-03-18 22:00:00+00:00,0.2742,0.2743,0.273,0.2737,2081728.4
2026-03-18 23:00:00+00:00,0.2738,0.2748,0.2732,0.2742,1502026.2
2026-03-19 00:00:00+00:00,0.2743,0.2746,0.2728,0.273,3036684.7
2026-03-19 01:00:00+00:00,0.273,0.2739,0.2724,0.2733,1509766.5
2026-03-19 02:00:00+00:00,0.2732,0.2732,0.2713,0.2721,1670996.2
2026-03-19 03:00:00+00:00,0.2721,0.2767,0.2721,0.2746,6118722.7
2026-03-19 04:00:00+00:00,0.2747,0.2749,0.2724,0.2725,2499019.4
2026-03-19 05:00:00+00:00,0.2726,0.2729,0.271,0.2715,2937629.3
2026-03-19 06:00:00+00:00,0.2715,0.2723,0.2702,0.2714,3412907.0
2026-03-19 07:00:00+00:00,0.2713,0.2715,0.2664,0.2685,10854370.9
2026-03-19 08:00:00+00:00,0.2685,0.2695,0.2674,0.2682,6505419.6
2026-03-19 09:00:00+00:00,0.2683,0.2718,0.2683,0.2717,5567667.5
2026-03-19 10:00:00+00:00,0.2716,0.2718,0.2696,0.2697,2374630.5
2026-03-19 11:00:00+00:00,0.2697,0.2701,0.2685,0.2688,2811954.3
2026-03-19 12:00:00+00:00,0.2687,0.2688,0.2647,0.265,6958534.5
2026-03-19 13:00:00+00:00,0.265,0.2669,0.2631,0.2666,12694309.3
2026-03-19 14:00:00+00:00,0.2667,0.2677,0.264,0.2661,4319429.2
2026-03-19 15:00:00+00:00,0.266,0.2671,0.2633,0.2656,6339827.1
2026-03-19 16:00:00+00:00,0.2656,0.2656,0.2637,0.2644,5715959.7
2026-03-19 17:00:00+00:00,0.2644,0.2661,0.2625,0.2656,3368303.7
2026-03-19 18:00:00+00:00,0.2656,0.2657,0.2646,0.2656,1511437.7
2026-03-19 19:00:00+00:00,0.2655,0.2691,0.2655,0.2674,4822940.8
2026-03-19 20:00:00+00:00,0.2674,0.2689,0.2669,0.2679,3543785.1
2026-03-19 21:00:00+00:00,0.2679,0.2686,0.267,0.2676,3323899.9
2026-03-19 22:00:00+00:00,0.2677,0.2678,0.2656,0.2667,2610994.8
2026-03-19 23:00:00+00:00,0.2668,0.2679,0.2663,0.2675,2254608.0
2026-03-20 00:00:00+00:00,0.2676,0.2697,0.2675,0.2696,5082329.9
2026-03-20 01:00:00+00:00,0.2697,0.2709,0.2693,0.2698,3325697.7
2026-03-20 02:00:00+00:00,0.2698,0.2701,0.2682,0.2694,2540339.0
2026-03-20 03:00:00+00:00,0.2694,0.2709,0.269,0.2698,2802912.8
2026-03-20 04:00:00+00:00,0.2699,0.2715,0.2689,0.271,2292721.3
2026-03-20 05:00:00+00:00,0.2709,0.273,0.2707,0.2717,3721486.7
2026-03-20 06:00:00+00:00,0.2717,0.2721,0.27,0.2704,2557711.8
2026-03-20 07:00:00+00:00,0.2703,0.2705,0.2677,0.27,3314937.4
2026-03-20 08:00:00+00:00,0.27,0.2726,0.2695,0.2706,5224456.6
2026-03-20 09:00:00+00:00,0.2706,0.2706,0.2681,0.2686,3161243.9
2026-03-20 10:00:00+00:00,0.2685,0.2696,0.2677,0.2691,1851882.1
2026-03-20 11:00:00+00:00,0.2691,0.2702,0.2673,0.268,2603355.5
2026-03-20 12:00:00+00:00,0.268,0.2691,0.2668,0.2672,2297792.3
2026-03-20 13:00:00+00:00,0.2672,0.2687,0.2656,0.266,4449451.4
2026-03-20 14:00:00+00:00,0.2659,0.2677,0.2647,0.2655,5265447.0
2026-03-20 15:00:00+00:00,0.2655,0.2674,0.2645,0.2668,4329223.7
2026-03-20 16:00:00+00:00,0.2668,0.2668,0.2646,0.2659,5532151.6
2026-03-20 17:00:00+00:00,0.2658,0.2663,0.2641,0.2659,3636827.4
2026-03-20 18:00:00+00:00,0.266,0.2662,0.2632,0.2637,4082222.0
2026-03-20 19:00:00+00:00,0.2637,0.2643,0.2616,0.264,5395804.8
2026-03-20 20:00:00+00:00,0.2641,0.2643,0.2622,0.2638,3553136.2
2026-03-20 21:00:00+00:00,0.2638,0.2665,0.2635,0.2659,4043166.7
2026-03-20 22:00:00+00:00,0.2659,0.2678,0.2659,0.2669,2656270.1
2026-03-20 23:00:00+00:00,0.2669,0.2669,0.2651,0.2661,1394373.0
2026-03-21 00:00:00+00:00,0.2661,0.2668,0.2659,0.2664,1241798.9
2026-03-21 01:00:00+00:00,0.2664,0.2674,0.2657,0.2658,1412691.7
2026-03-21 02:00:00+00:00,0.2657,0.2671,0.2656,0.2669,1810762.0
2026-03-21 03:00:00+00:00,0.2669,0.267,0.2658,0.266,1176336.6
2026-03-21 04:00:00+00:00,0.266,0.2665,0.2658,0.2661,729480.9
2026-03-21 05:00:00+00:00,0.266,0.2668,0.266,0.2661,1256612.0
2026-03-21 06:00:00+00:00,0.2661,0.267,0.2658,0.2667,1979514.4
2026-03-21 07:00:00+00:00,0.2667,0.2668,0.2647,0.2649,5246450.1
2026-03-21 08:00:00+00:00,0.2648,0.2652,0.2644,0.2652,2316854.1
2026-03-21 09:00:00+00:00,0.2651,0.2659,0.264,0.2646,1950812.4
2026-03-21 10:00:00+00:00,0.2647,0.2648,0.2639,0.2644,1315005.4
2026-03-21 11:00:00+00:00,0.2644,0.2647,0.264,0.2646,1245144.7
2026-03-21 12:00:00+00:00,0.2647,0.2652,0.2645,0.2648,1234723.5
2026-03-21 13:00:00+00:00,0.2648,0.2651,0.2639,0.2643,1242377.1
2026-03-21 14:00:00+00:00,0.2644,0.2654,0.2631,0.2633,6621341.9
2026-03-21 15:00:00+00:00,0.2633,0.2649,0.263,0.2649,2456450.8
2026-03-21 16:00:00+00:00,0.2649,0.265,0.2636,0.2642,2558882.2
2026-03-21 17:00:00+00:00,0.2642,0.2644,0.2636,0.2641,1139701.0
2026-03-21 18:00:00+00:00,0.2641,0.265,0.264,0.2643,1005849.8
2026-03-21 19:00:00+00:00,0.2644,0.265,0.2641,0.2649,803912.2
2026-03-21 20:00:00+00:00,0.2649,0.2663,0.2648,0.2661,2306045.2
2026-03-21 21:00:00+00:00,0.2662,0.2664,0.2649,0.2656,1576336.2
2026-03-21 22:00:00+00:00,0.2656,0.2656,0.2647,0.2648,1345549.6
2026-03-21 23:00:00+00:00,0.2647,0.2648,0.2554,0.2574,24020719.5
2026-03-22 00:00:00+00:00,0.2573,0.2586,0.2523,0.2572,23169208.4
2026-03-22 01:00:00+00:00,0.2572,0.2582,0.2555,0.2568,3911882.7
2026-03-22 02:00:00+00:00,0.2568,0.2592,0.2567,0.2578,5357833.8
2026-03-22 03:00:00+00:00,0.2577,0.2601,0.257,0.2583,3904437.7
2026-03-22 04:00:00+00:00,0.2583,0.2592,0.2576,0.2587,2961328.5
2026-03-22 05:00:00+00:00,0.2587,0.2587,0.2574,0.2576,2787685.3
2026-03-22 06:00:00+00:00,0.2576,0.2578,0.257,0.2577,1672920.3
2026-03-22 07:00:00+00:00,0.2577,0.2589,0.2567,0.2568,1672572.3
2026-03-22 08:00:00+00:00,0.2567,0.2569,0.2549,0.2567,3360291.2
2026-03-22 09:00:00+00:00,0.2566,0.2574,0.2558,0.2563,2212939.3
2026-03-22 10:00:00+00:00,0.2562,0.2562,0.2551,0.2555,1927350.2
2026-03-22 11:00:00+00:00,0.2554,0.2561,0.2549,0.2551,2587017.7
2026-03-22 12:00:00+00:00,0.2552,0.257,0.2551,0.256,2754438.3
2026-03-22 13:00:00+00:00,0.256,0.2572,0.2552,0.2561,3652713.7
2026-03-22 14:00:00+00:00,0.256,0.2568,0.2552,0.2558,4685074.8
2026-03-22 15:00:00+00:00,0.2558,0.2566,0.2552,0.2557,2112331.9
2026-03-22 16:00:00+00:00,0.2557,0.2559,0.2532,0.2547,7548901.2
2026-03-22 17:00:00+00:00,0.2546,0.2551,0.2539,0.2541,4029155.0
2026-03-22 18:00:00+00:00,0.254,0.2546,0.2521,0.2534,2933195.2
2026-03-22 19:00:00+00:00,0.2534,0.2535,0.2506,0.2517,4233758.2
2026-03-22 20:00:00+00:00,0.2517,0.2526,0.2509,0.2513,2343870.0
2026-03-22 21:00:00+00:00,0.2513,0.2516,0.248,0.2505,14098557.1
2026-03-22 22:00:00+00:00,0.2505,0.2523,0.2485,0.2521,5712866.3
2026-03-22 23:00:00+00:00,0.2522,0.2529,0.2504,0.2506,3567112.0
2026-03-23 00:00:00+00:00,0.2507,0.2519,0.2495,0.2514,4168790.0
2026-03-23 01:00:00+00:00,0.2515,0.2527,0.2508,0.2515,2522601.3
2026-03-23 02:00:00+00:00,0.2515,0.2543,0.2506,0.2528,4261324.9
2026-03-23 03:00:00+00:00,0.2528,0.2538,0.2511,0.2513,2328923.7
2026-03-23 04:00:00+00:00,0.2513,0.2526,0.2512,0.2525,2147889.7
2026-03-23 05:00:00+00:00,0.2525,0.253,0.2515,0.2527,7687280.8
2026-03-23 06:00:00+00:00,0.2526,0.2526,0.2486,0.2495,7585260.1
2026-03-23 07:00:00+00:00,0.2495,0.2507,0.2476,0.25,5949540.0
2026-03-23 08:00:00+00:00,0.2501,0.2511,0.2491,0.2493,3702109.8
2026-03-23 09:00:00+00:00,0.2493,0.2503,0.2478,0.2502,3307474.2
2026-03-23 10:00:00+00:00,0.2503,0.2518,0.2497,0.2504,2657885.1
2026-03-23 11:00:00+00:00,0.2504,0.2644,0.2504,0.2588,81399656.8
2026-03-23 12:00:00+00:00,0.2589,0.2616,0.2569,0.2604,13482188.1
2026-03-23 13:00:00+00:00,0.2605,0.2641,0.2593,0.2633,8798256.9
2026-03-23 14:00:00+00:00,0.2634,0.2653,0.2625,0.2642,8057357.9
2026-03-23 15:00:00+00:00,0.2642,0.267,0.2608,0.2611,12315034.4
2026-03-23 16:00:00+00:00,0.2612,0.2621,0.2586,0.2612,4689348.4
2026-03-23 17:00:00+00:00,0.2612,0.2638,0.2599,0.2621,5309815.0
2026-03-23 18:00:00+00:00,0.2621,0.2626,0.2607,0.2625,3270980.4
2026-03-23 19:00:00+00:00,0.2624,0.2636,0.2607,0.261,2379674.6
2026-03-23 20:00:00+00:00,0.2609,0.2632,0.2602,0.2628,3508196.7
2026-03-23 21:00:00+00:00,0.2629,0.2646,0.2628,0.2629,3860729.6
2026-03-23 22:00:00+00:00,0.263,0.2632,0.2611,0.2617,4379862.8
2026-03-23 23:00:00+00:00,0.2616,0.262,0.2604,0.2616,2512658.5
2026-03-24 00:00:00+00:00,0.2617,0.2625,0.2592,0.2602,6191245.1
2026-03-24 01:00:00+00:00,0.2601,0.2603,0.2581,0.2592,3742636.8
2026-03-24 02:00:00+00:00,0.2592,0.2608,0.2586,0.2588,2129849.7
2026-03-24 03:00:00+00:00,0.2587,0.2618,0.2586,0.2616,1853981.6
2026-03-24 04:00:00+00:00,0.2617,0.2626,0.2598,0.2608,2093180.1
2026-03-24 05:00:00+00:00,0.2608,0.2614,0.2597,0.2608,3769763.2
2026-03-24 06:00:00+00:00,0.2608,0.2614,0.26,0.2612,1103910.6
2026-03-24 07:00:00+00:00,0.2611,0.266,0.261,0.2657,9162750.8
2026-03-24 08:00:00+00:00,0.2658,0.2684,0.2656,0.2668,11285094.2
2026-03-24 09:00:00+00:00,0.2667,0.2669,0.2643,0.2654,6468047.7
2026-03-24 10:00:00+00:00,0.2653,0.2653,0.2631,0.2637,3107559.1
2026-03-24 11:00:00+00:00,0.2637,0.2643,0.262,0.2638,3859214.5
2026-03-24 12:00:00+00:00,0.2637,0.2639,0.2628,0.2631,1693541.2
2026-03-24 13:00:00+00:00,0.2631,0.2638,0.2606,0.2613,7798700.9
2026-03-24 14:00:00+00:00,0.2613,0.2625,0.2591,0.2613,7757357.6
2026-03-24 15:00:00+00:00,0.2614,0.2629,0.2609,0.261,2935730.0
2026-03-24 16:00:00+00:00,0.2611,0.2611,0.2592,0.2599,4458788.2
2026-03-24 17:00:00+00:00,0.2599,0.26,0.2581,0.2592,4536006.3
2026-03-24 18:00:00+00:00,0.2591,0.262,0.259,0.2603,3546540.3
2026-03-24 19:00:00+00:00,0.2604,0.2614,0.2596,0.2602,1906347.9
2026-03-24 20:00:00+00:00,0.2601,0.2657,0.2599,0.2646,6469983.2
2026-03-24 21:00:00+00:00,0.2647,0.2658,0.2636,0.2655,2350640.7
2026-03-24 22:00:00+00:00,0.2655,0.2671,0.2648,0.2653,4604114.2
2026-03-24 23:00:00+00:00,0.2654,0.2669,0.2652,0.2664,3754969.6
2026-03-25 00:00:00+00:00,0.2665,0.2688,0.2659,0.2676,6981930.5
2026-03-25 01:00:00+00:00,0.2675,0.2692,0.267,0.268,4919218.9
2026-03-25 02:00:00+00:00,0.268,0.2686,0.2664,0.2666,3085158.3
2026-03-25 03:00:00+00:00,0.2666,0.2682,0.2657,0.2677,2543649.6
2026-03-25 04:00:00+00:00,0.2677,0.2687,0.2669,0.2681,4290734.5
2026-03-25 05:00:00+00:00,0.2682,0.2697,0.2677,0.2681,4203238.1
2026-03-25 06:00:00+00:00,0.2682,0.2705,0.2682,0.2694,6560345.7
2026-03-25 07:00:00+00:00,0.2695,0.2717,0.2688,0.2694,5480031.9
2026-03-25 08:00:00+00:00,0.2695,0.2726,0.2695,0.2717,6931803.1
2026-03-25 09:00:00+00:00,0.2717,0.2723,0.2709,0.2721,4035143.2
2026-03-25 10:00:00+00:00,0.2721,0.2734,0.272,0.2723,5768495.9
2026-03-25 11:00:00+00:00,0.2723,0.2748,0.2713,0.273,9883895.3
2026-03-25 12:00:00+00:00,0.2731,0.2761,0.2719,0.2747,12481225.7
2026-03-25 13:00:00+00:00,0.2747,0.2769,0.2724,0.2734,6996652.1
2026-03-25 14:00:00+00:00,0.2735,0.2738,0.2714,0.2718,5765169.2
2026-03-25 15:00:00+00:00,0.2719,0.2722,0.2687,0.2703,7895206.9
2026-03-25 16:00:00+00:00,0.2703,0.2727,0.2696,0.2714,6564319.3
2026-03-25 17:00:00+00:00,0.2713,0.2724,0.2703,0.2705,4518757.2
2026-03-25 18:00:00+00:00,0.2706,0.2713,0.2696,0.2701,2443234.1
2026-03-25 19:00:00+00:00,0.2701,0.2713,0.2697,0.2705,1536348.1
2026-03-25 20:00:00+00:00,0.2706,0.2706,0.2683,0.2697,2121006.3
2026-03-25 21:00:00+00:00,0.2697,0.2702,0.2689,0.2694,1716186.9
2026-03-25 22:00:00+00:00,0.2693,0.2714,0.2687,0.2706,2390700.7
2026-03-25 23:00:00+00:00,0.2707,0.2708,0.2695,0.2705,1561919.8
2026-03-26 00:00:00+00:00,0.2704,0.2708,0.2691,0.2694,2328555.4
2026-03-26 01:00:00+00:00,0.2695,0.2703,0.2687,0.269,3588890.7
2026-03-26 02:00:00+00:00,0.2689,0.269,0.2666,0.2676,4851974.3
2026-03-26 03:00:00+00:00,0.2675,0.2675,0.2657,0.2663,3950716.3
2026-03-26 04:00:00+00:00,0.2664,0.2666,0.2655,0.2657,3270326.3
2026-03-26 05:00:00+00:00,0.2657,0.2658,0.2621,0.2624,8060611.9
2026-03-26 06:00:00+00:00,0.2624,0.2627,0.2611,0.2617,3772638.9
2026-03-26 07:00:00+00:00,0.2617,0.2625,0.2609,0.2621,4128224.9
2026-03-26 08:00:00+00:00,0.2621,0.2621,0.2596,0.2602,9380801.3
2026-03-26 09:00:00+00:00,0.2603,0.2607,0.2569,0.2575,10024478.5
2026-03-26 10:00:00+00:00,0.2575,0.2587,0.2568,0.2586,4726987.6
2026-03-26 11:00:00+00:00,0.2585,0.259,0.2573,0.2573,3748837.3
2026-03-26 12:00:00+00:00,0.2573,0.2582,0.2567,0.258,2941754.2
2026-03-26 13:00:00+00:00,0.258,0.2598,0.2573,0.2588,5906646.7
2026-03-26 14:00:00+00:00,0.2588,0.2593,0.2568,0.2573,7479791.4
2026-03-26 15:00:00+00:00,0.2573,0.2573,0.2544,0.256,12025762.4
2026-03-26 16:00:00+00:00,0.2561,0.2567,0.2554,0.2556,5131326.6
2026-03-26 17:00:00+00:00,0.2556,0.2563,0.2539,0.2545,4477084.6
2026-03-26 18:00:00+00:00,0.2544,0.2549,0.2531,0.254,5235473.4
2026-03-26 19:00:00+00:00,0.2539,0.254,0.2531,0.2536,3914124.3
2026-03-26 20:00:00+00:00,0.2536,0.2572,0.2526,0.2549,21916238.9
2026-03-26 21:00:00+00:00,0.2548,0.2575,0.2545,0.2558,9339537.6
2026-03-26 22:00:00+00:00,0.2558,0.256,0.254,0.2552,4161100.4
2026-03-26 23:00:00+00:00,0.2553,0.2555,0.2538,0.2547,3076785.5
2026-03-27 00:00:00+00:00,0.2547,0.2552,0.2534,0.2544,4841165.3
2026-03-27 01:00:00+00:00,0.2544,0.2561,0.2541,0.2557,3120642.0
2026-03-27 02:00:00+00:00,0.2558,0.2562,0.255,0.2551,3594852.3
2026-03-27 03:00:00+00:00,0.2552,0.2553,0.254,0.2544,3096440.5
2026-03-27 04:00:00+00:00,0.2545,0.2545,0.2526,0.2542,3681396.3
2026-03-27 05:00:00+00:00,0.2541,0.2557,0.2533,0.2536,2385240.2
2026-03-27 06:00:00+00:00,0.2537,0.2543,0.2532,0.2539,4113013.5
2026-03-27 07:00:00+00:00,0.2539,0.2553,0.2537,0.2547,3836773.7
2026-03-27 08:00:00+00:00,0.2548,0.2554,0.2502,0.2523,10385973.8
2026-03-27 09:00:00+00:00,0.2522,0.2522,0.25,0.2509,5593366.7
2026-03-27 10:00:00+00:00,0.2509,0.2515,0.2454,0.2461,26925116.6
2026-03-27 11:00:00+00:00,0.2462,0.2481,0.2442,0.2474,13248367.6
2026-03-27 12:00:00+00:00,0.2473,0.2473,0.2459,0.247,8356691.8
2026-03-27 13:00:00+00:00,0.247,0.2487,0.246,0.2474,9040372.5
2026-03-27 14:00:00+00:00,0.2473,0.2487,0.246,0.2478,8579946.4
2026-03-27 15:00:00+00:00,0.2478,0.2498,0.2468,0.2477,9380818.6
2026-03-27 16:00:00+00:00,0.2477,0.2481,0.2465,0.2473,4300617.1
2026-03-27 17:00:00+00:00,0.2473,0.2487,0.2464,0.2467,2824837.8
2026-03-27 18:00:00+00:00,0.2467,0.2469,0.2452,0.2463,3853155.6
2026-03-27 19:00:00+00:00,0.2462,0.2472,0.2454,0.2466,5455903.6
2026-03-27 20:00:00+00:00,0.2466,0.2472,0.245,0.2462,2861492.1
2026-03-27 21:00:00+00:00,0.2462,0.2467,0.2458,0.246,1809102.8
2026-03-27 22:00:00+00:00,0.2459,0.2462,0.245,0.2458,1911170.8
2026-03-27 23:00:00+00:00,0.2459,0.2465,0.2453,0.2461,2432606.6
2026-03-28 00:00:00+00:00,0.2461,0.2472,0.2459,0.2466,2859297.5
2026-03-28 01:00:00+00:00,0.2466,0.2466,0.2446,0.246,4232465.5
2026-03-28 02:00:00+00:00,0.246,0.2473,0.2449,0.2452,3035494.3
2026-03-28 03:00:00+00:00,0.2452,0.2455,0.2446,0.2448,5655123.0
2026-03-28 04:00:00+00:00,0.2448,0.2454,0.244,0.2452,2633418.7
2026-03-28 05:00:00+00:00,0.2452,0.246,0.2446,0.246,1546118.2
2026-03-28 06:00:00+00:00,0.2459,0.2474,0.2456,0.2465,2649491.8
2026-03-28 07:00:00+00:00,0.2466,0.2485,0.2462,0.2484,3477797.3
2026-03-28 08:00:00+00:00,0.2485,0.249,0.2479,0.2481,1952677.6
2026-03-28 09:00:00+00:00,0.248,0.2483,0.2472,0.2474,1472958.5
2026-03-28 10:00:00+00:00,0.2474,0.2493,0.2474,0.2486,2641780.8
2026-03-28 11:00:00+00:00,0.2485,0.2491,0.2482,0.2485,1839007.2
2026-03-28 12:00:00+00:00,0.2485,0.249,0.2467,0.2477,3667168.5
2026-03-28 13:00:00+00:00,0.2476,0.2524,0.2475,0.2504,7823099.3
2026-03-28 14:00:00+00:00,0.2504,0.2512,0.2488,0.2501,4587273.0
2026-03-28 15:00:00+00:00,0.2501,0.253,0.2499,0.2513,5346157.6
2026-03-28 16:00:00+00:00,0.2514,0.2518,0.2504,0.2509,3682568.8
2026-03-28 17:00:00+00:00,0.2508,0.2516,0.2496,0.2502,1566517.1
2026-03-28 18:00:00+00:00,0.2502,0.2511,0.2501,0.2504,1484220.2
2026-03-28 19:00:00+00:00,0.2503,0.2506,0.2493,0.2498,1452501.8
2026-03-28 20:00:00+00:00,0.2499,0.2507,0.2498,0.2501,1050982.3
2026-03-28 21:00:00+00:00,0.2502,0.2502,0.2484,0.2487,1466641.1
2026-03-28 22:00:00+00:00,0.2486,0.249,0.2482,0.2486,1472374.3
2026-03-28 23:00:00+00:00,0.2486,0.2486,0.245,0.246,5673826.9
2026-03-29 00:00:00+00:00,0.2459,0.2463,0.245,0.246,2767767.3
2026-03-29 01:00:00+00:00,0.2459,0.2471,0.2454,0.2462,16076736.4
2026-03-29 02:00:00+00:00,0.2462,0.2465,0.2458,0.2462,1688321.4
2026-03-29 03:00:00+00:00,0.2463,0.2474,0.2458,0.2467,2265493.4
2026-03-29 04:00:00+00:00,0.2467,0.2467,0.2448,0.2455,4936337.7
2026-03-29 05:00:00+00:00,0.2455,0.2457,0.2428,0.2455,9337706.2
2026-03-29 06:00:00+00:00,0.2455,0.2463,0.2448,0.246,2334403.2
2026-03-29 07:00:00+00:00,0.2459,0.2459,0.2446,0.2451,2392667.2
2026-03-29 08:00:00+00:00,0.2452,0.2454,0.2446,0.2449,993209.4
2026-03-29 09:00:00+00:00,0.245,0.2451,0.2434,0.2443,2796877.4
2026-03-29 10:00:00+00:00,0.2443,0.2443,0.2414,0.2427,8548847.5
2026-03-29 11:00:00+00:00,0.2427,0.2446,0.2426,0.2437,3464894.0
2026-03-29 12:00:00+00:00,0.2437,0.2437,0.2421,0.243,2460049.0
2026-03-29 13:00:00+00:00,0.243,0.243,0.2402,0.2409,8116972.1
2026-03-29 14:00:00+00:00,0.2409,0.2427,0.2406,0.242,3513331.1
2026-03-29 15:00:00+00:00,0.242,0.2424,0.2405,0.2415,2688773.4
2026-03-29 16:00:00+00:00,0.2415,0.2422,0.2408,0.241,2218168.5
2026-03-29 17:00:00+00:00,0.2411,0.2414,0.24,0.2413,4427412.8
2026-03-29 18:00:00+00:00,0.2414,0.2419,0.2406,0.2413,2255327.5
2026-03-29 19:00:00+00:00,0.2413,0.2414,0.2395,0.24,6529589.4
2026-03-29 20:00:00+00:00,0.2399,0.242,0.2399,0.2406,4638706.4
2026-03-29 21:00:00+00:00,0.2406,0.2419,0.2406,0.2416,1951301.0
2026-03-29 22:00:00+00:00,0.2416,0.2416,0.2328,0.2383,21077223.5
2026-03-29 23:00:00+00:00,0.2383,0.2405,0.2382,0.2398,7163768.1
2026-03-30 00:00:00+00:00,0.2398,0.2446,0.2394,0.2421,7780404.1
2026-03-30 01:00:00+00:00,0.2421,0.2445,0.2421,0.244,3691165.6
2026-03-30 02:00:00+00:00,0.2441,0.2477,0.244,0.2456,7986750.7
2026-03-30 03:00:00+00:00,0.2457,0.2466,0.2444,0.2462,3091255.2
2026-03-30 04:00:00+00:00,0.2462,0.2483,0.2461,0.2461,5613333.8
2026-03-30 05:00:00+00:00,0.2461,0.2477,0.246,0.2467,6048957.4
2026-03-30 06:00:00+00:00,0.2468,0.2477,0.2457,0.2468,3324745.7
2026-03-30 07:00:00+00:00,0.2467,0.2494,0.2463,0.2487,3791113.1
2026-03-30 08:00:00+00:00,0.2487,0.2518,0.2485,0.2505,10463424.9
2026-03-30 09:00:00+00:00,0.2505,0.2508,0.2481,0.2482,4192460.7
2026-03-30 10:00:00+00:00,0.2482,0.2491,0.2476,0.2491,2031387.3
2026-03-30 11:00:00+00:00,0.249,0.2529,0.2489,0.2506,9335800.5
2026-03-30 12:00:00+00:00,0.2507,0.2513,0.2499,0.2508,3001887.4
2026-03-30 13:00:00+00:00,0.2508,0.2517,0.2491,0.2496,5960549.3
2026-03-30 14:00:00+00:00,0.2496,0.25,0.2473,0.2491,5205710.8
2026-03-30 15:00:00+00:00,0.2492,0.2498,0.2473,0.2484,2735953.6
2026-03-30 16:00:00+00:00,0.2485,0.2488,0.2474,0.2484,2544187.0
2026-03-30 17:00:00+00:00,0.2484,0.2489,0.2454,0.2465,6002134.6
2026-03-30 18:00:00+00:00,0.2465,0.2469,0.2436,0.2445,3548645.3
2026-03-30 19:00:00+00:00,0.2445,0.2445,0.2425,0.2437,6022873.5
2026-03-30 20:00:00+00:00,0.2436,0.2446,0.243,0.2439,2074224.5
2026-03-30 21:00:00+00:00,0.2439,0.2462,0.2435,0.2449,3139399.0
2026-03-30 22:00:00+00:00,0.2449,0.2455,0.2441,0.2444,1899125.1
2026-03-30 23:00:00+00:00,0.2444,0.2444,0.2426,0.2434,2928139.2
2026-03-31 00:00:00+00:00,0.2435,0.2459,0.2433,0.2449,3758941.9
2026-03-31 01:00:00+00:00,0.245,0.2494,0.2443,0.248,5812657.6
2026-03-31 02:00:00+00:00,0.248,0.2492,0.2473,0.2481,2245318.6
2026-03-31 03:00:00+00:00,0.2481,0.2481,0.2457,0.2461,2807410.7
2026-03-31 04:00:00+00:00,0.2462,0.2465,0.2445,0.2447,3678532.6
2026-03-31 05:00:00+00:00,0.2446,0.245,0.2438,0.2443,3751447.9
2026-03-31 06:00:00+00:00,0.2444,0.2463,0.2434,0.2458,8682119.6
2026-03-31 07:00:00+00:00,0.2458,0.246,0.2431,0.2436,4818232.3
2026-03-31 08:00:00+00:00,0.2437,0.2442,0.2416,0.242,6196395.0
2026-03-31 09:00:00+00:00,0.242,0.2424,0.2396,0.2404,6396549.3
2026-03-31 10:00:00+00:00,0.2403,0.2415,0.2398,0.241,4620890.3
2026-03-31 11:00:00+00:00,0.2409,0.2421,0.2402,0.2411,6967185.7
2026-03-31 12:00:00+00:00,0.2411,0.2415,0.2402,0.2407,3274855.4
2026-03-31 13:00:00+00:00,0.2407,0.2441,0.2406,0.2433,5088309.9
2026-03-31 14:00:00+00:00,0.2433,0.2455,0.2389,0.2399,8223636.3
2026-03-31 15:00:00+00:00,0.2398,0.2414,0.2375,0.238,6851115.8
2026-03-31 16:00:00+00:00,0.2379,0.2402,0.2342,0.2397,18901533.7
2026-03-31 17:00:00+00:00,0.2398,0.2422,0.2383,0.2392,10643532.5
2026-03-31 18:00:00+00:00,0.2393,0.2417,0.2393,0.2416,5227932.5
2026-03-31 19:00:00+00:00,0.2416,0.2423,0.2401,0.241,4118570.7
2026-03-31 20:00:00+00:00,0.2409,0.2423,0.2405,0.2422,5074201.5
2026-03-31 21:00:00+00:00,0.2423,0.2427,0.2408,0.2414,4389093.0
2026-03-31 22:00:00+00:00,0.2414,0.2414,0.2383,0.2402,5650013.7
2026-03-31 23:00:00+00:00,0.2403,0.2424,0.2398,0.2418,5039166.6
2026-04-01 00:00:00+00:00,0.2418,0.2449,0.2413,0.2446,7502022.5
2026-04-01 01:00:00+00:00,0.2447,0.2451,0.2425,0.2426,3626431.7
2026-04-01 02:00:00+00:00,0.2426,0.2432,0.2416,0.242,2607953.4
2026-04-01 03:00:00+00:00,0.242,0.2464,0.242,0.2456,4413038.1
2026-04-01 04:00:00+00:00,0.2456,0.2461,0.2439,0.2447,5140453.4
2026-04-01 05:00:00+00:00,0.2447,0.2499,0.2442,0.249,9989401.1
2026-04-01 06:00:00+00:00,0.2491,0.2548,0.249,0.252,22487321.1
2026-04-01 07:00:00+00:00,0.252,0.2528,0.2498,0.2498,6798785.2
2026-04-01 08:00:00+00:00,0.2499,0.2501,0.2467,0.2468,9839382.0
2026-04-01 09:00:00+00:00,0.2468,0.2486,0.2458,0.2478,11065094.7
2026-04-01 10:00:00+00:00,0.2478,0.2492,0.2473,0.249,4365007.5
2026-04-01 11:00:00+00:00,0.2489,0.249,0.2474,0.2482,3098306.8
2026-04-01 12:00:00+00:00,0.2483,0.2512,0.2477,0.2483,13504019.5
2026-04-01 13:00:00+00:00,0.2482,0.2492,0.2454,0.247,6148535.7
2026-04-01 14:00:00+00:00,0.247,0.2494,0.2469,0.2487,4697848.6
2026-04-01 15:00:00+00:00,0.2487,0.2494,0.2478,0.2491,4109266.6
2026-04-01 16:00:00+00:00,0.2493,0.2508,0.2481,0.2499,4467291.2
2026-04-01 17:00:00+00:00,0.2499,0.2523,0.2489,0.2493,5094149.1
2026-04-01 18:00:00+00:00,0.2494,0.2506,0.2482,0.2487,2907577.2
2026-04-01 19:00:00+00:00,0.2487,0.2501,0.2485,0.2495,3091517.8
2026-04-01 20:00:00+00:00,0.2495,0.2498,0.2473,0.2484,2613741.0
2026-04-01 21:00:00+00:00,0.2484,0.2506,0.2483,0.2498,2569099.5
2026-04-01 22:00:00+00:00,0.2497,0.2497,0.2473,0.2474,2915210.2
2026-04-01 23:00:00+00:00,0.2474,0.2485,0.2472,0.2484,3518701.1
2026-04-02 00:00:00+00:00,0.2484,0.2507,0.2471,0.2502,14442229.1
2026-04-02 01:00:00+00:00,0.2501,0.2501,0.2412,0.2431,30414959.5
2026-04-02 02:00:00+00:00,0.243,0.2431,0.2394,0.2406,13634366.3
2026-04-02 03:00:00+00:00,0.2405,0.2416,0.2378,0.2391,9364468.4
2026-04-02 04:00:00+00:00,0.2391,0.2393,0.2369,0.2372,9197528.9
2026-04-02 05:00:00+00:00,0.2372,0.2382,0.2357,0.238,8962199.1
2026-04-02 06:00:00+00:00,0.2379,0.2389,0.2373,0.2382,8937979.3
2026-04-02 07:00:00+00:00,0.2381,0.2391,0.2366,0.239,10020299.3
2026-04-02 08:00:00+00:00,0.2389,0.2394,0.238,0.2382,9021079.8
2026-04-02 09:00:00+00:00,0.2382,0.239,0.2371,0.2383,5953400.3
2026-04-02 10:00:00+00:00,0.2384,0.2385,0.2369,0.2376,4319030.2
2026-04-02 11:00:00+00:00,0.2376,0.2378,0.2361,0.2369,4865371.3
2026-04-02 12:00:00+00:00,0.2369,0.2374,0.236,0.2362,4256705.7
2026-04-02 13:00:00+00:00,0.2362,0.2371,0.2348,0.2369,6398804.1
2026-04-02 14:00:00+00:00,0.2368,0.2434,0.2364,0.2421,13674854.6
2026-04-02 15:00:00+00:00,0.2421,0.2422,0.239,0.2397,7048481.8
2026-04-02 16:00:00+00:00,0.2397,0.2421,0.2389,0.2408,11519482.7
2026-04-02 17:00:00+00:00,0.2407,0.2427,0.238,0.2383,7124183.3
2026-04-02 18:00:00+00:00,0.2383,0.2407,0.2381,0.2401,3583153.5
2026-04-02 19:00:00+00:00,0.24,0.2404,0.2389,0.2397,1694646.1
2026-04-02 20:00:00+00:00,0.2397,0.2409,0.2391,0.2402,5452194.8
2026-04-02 21:00:00+00:00,0.2403,0.2404,0.239,0.2398,1682183.6
2026-04-02 22:00:00+00:00,0.2399,0.2403,0.2393,0.2395,1032320.7
2026-04-02 23:00:00+00:00,0.2396,0.2398,0.2387,0.2394,2933337.8
2026-04-03 00:00:00+00:00,0.2394,0.24,0.239,0.2396,1505539.9
2026-04-03 01:00:00+00:00,0.2395,0.2405,0.2388,0.2397,1970771.9
2026-04-03 02:00:00+00:00,0.2398,0.2411,0.2389,0.2402,2673337.4
2026-04-03 03:00:00+00:00,0.2402,0.2415,0.2398,0.2413,2563809.6
2026-04-03 04:00:00+00:00,0.2413,0.2434,0.2411,0.2428,3486702.0
2026-04-03 05:00:00+00:00,0.2427,0.2451,0.2417,0.2441,3879508.8
2026-04-03 06:00:00+00:00,0.2442,0.2451,0.2431,0.2442,3694964.2
2026-04-03 07:00:00+00:00,0.2442,0.2452,0.2433,0.2435,3657769.7
2026-04-03 08:00:00+00:00,0.2436,0.2451,0.2427,0.2442,8081001.6
2026-04-03 09:00:00+00:00,0.2441,0.2454,0.2436,0.2449,2723423.6
2026-04-03 10:00:00+00:00,0.2449,0.2459,0.2441,0.245,3465860.8
2026-04-03 11:00:00+00:00,0.2451,0.2466,0.2447,0.2456,4165069.8
2026-04-03 12:00:00+00:00,0.2456,0.2488,0.2447,0.2455,6707578.3
2026-04-03 13:00:00+00:00,0.2456,0.2461,0.2448,0.2459,3416447.1
2026-04-03 14:00:00+00:00,0.2458,0.2482,0.2453,0.2477,6614978.4
2026-04-03 15:00:00+00:00,0.2476,0.2514,0.246,0.2461,19213982.5
2026-04-03 16:00:00+00:00,0.2461,0.2485,0.2458,0.2484,7195254.9
2026-04-03 17:00:00+00:00,0.2484,0.2506,0.2478,0.249,6141057.5
2026-04-03 18:00:00+00:00,0.249,0.2496,0.2475,0.2475,3107089.8
2026-04-03 19:00:00+00:00,0.2475,0.248,0.2459,0.2476,3967214.4
2026-04-03 20:00:00+00:00,0.2475,0.2485,0.2471,0.2474,1613105.4
2026-04-03 21:00:00+00:00,0.2474,0.2487,0.2472,0.2483,2232887.0
2026-04-03 22:00:00+00:00,0.2483,0.2484,0.2462,0.2464,2601677.4
2026-04-03 23:00:00+00:00,0.2464,0.2464,0.2451,0.2463,2307685.1
2026-04-04 00:00:00+00:00,0.2463,0.2468,0.2453,0.2453,2062184.4
2026-04-04 01:00:00+00:00,0.2452,0.2453,0.2445,0.245,1400862.3
2026-04-04 02:00:00+00:00,0.2449,0.2455,0.2446,0.2453,1314575.2
2026-04-04 03:00:00+00:00,0.2453,0.247,0.2447,0.2468,2636219.9
2026-04-04 04:00:00+00:00,0.2468,0.2474,0.2452,0.2457,5859018.6
2026-04-04 05:00:00+00:00,0.2457,0.2459,0.2443,0.2444,1674208.7
2026-04-04 06:00:00+00:00,0.2444,0.2464,0.244,0.2463,1741229.9
2026-04-04 07:00:00+00:00,0.2463,0.2463,0.245,0.2453,1763703.1
2026-04-04 08:00:00+00:00,0.2454,0.2459,0.2432,0.2439,1996213.4
2026-04-04 09:00:00+00:00,0.244,0.2443,0.2434,0.2437,1526783.3
2026-04-04 10:00:00+00:00,0.2436,0.2448,0.2432,0.2448,1860649.4
2026-04-04 11:00:00+00:00,0.2448,0.2452,0.2443,0.245,1136730.7
2026-04-04 12:00:00+00:00,0.245,0.245,0.244,0.2443,683320.1
2026-04-04 13:00:00+00:00,0.2443,0.2446,0.2437,0.244,1372324.0
2026-04-04 14:00:00+00:00,0.2441,0.2452,0.2435,0.2451,969832.8
2026-04-04 15:00:00+00:00,0.2451,0.2468,0.2449,0.2452,3364794.0
2026-04-04 16:00:00+00:00,0.2452,0.2468,0.245,0.2453,1769480.4
2026-04-04 17:00:00+00:00,0.2453,0.2479,0.2452,0.2475,1647556.0
2026-04-04 18:00:00+00:00,0.2475,0.248,0.2468,0.2469,1895595.1
2026-04-04 19:00:00+00:00,0.247,0.25,0.2469,0.2479,5185276.7
2026-04-04 20:00:00+00:00,0.2479,0.2485,0.2474,0.2474,1575645.6
2026-04-04 21:00:00+00:00,0.2474,0.2485,0.2469,0.2474,1585714.9
2026-04-04 22:00:00+00:00,0.2475,0.2483,0.2464,0.2481,3187594.3
2026-04-04 23:00:00+00:00,0.248,0.2483,0.2475,0.2479,2084662.8
2026-04-05 00:00:00+00:00,0.2479,0.2487,0.2476,0.2482,1016837.7
2026-04-05 01:00:00+00:00,0.2482,0.2484,0.2466,0.2471,4478981.5
2026-04-05 02:00:00+00:00,0.2471,0.2482,0.2466,0.2471,1578254.2
2026-04-05 03:00:00+00:00,0.2471,0.2474,0.2466,0.2467,917389.6
2026-04-05 04:00:00+00:00,0.2466,0.2469,0.2459,0.2459,1331292.5
2026-04-05 05:00:00+00:00,0.2459,0.246,0.2438,0.244,2265048.2
2026-04-05 06:00:00+00:00,0.2441,0.2443,0.2421,0.243,3567748.9
2026-04-05 07:00:00+00:00,0.2431,0.2434,0.2415,0.2421,2075374.3
2026-04-05 08:00:00+00:00,0.242,0.2427,0.2418,0.2423,615405.3
2026-04-05 09:00:00+00:00,0.2424,0.2429,0.2419,0.2424,1678863.9
2026-04-05 10:00:00+00:00,0.2423,0.2432,0.2406,0.2406,3411228.9
2026-04-05 11:00:00+00:00,0.2406,0.2426,0.24,0.2426,3769224.5
2026-04-05 12:00:00+00:00,0.2425,0.2425,0.2403,0.2413,3118675.5
2026-04-05 13:00:00+00:00,0.2412,0.2421,0.2407,0.2419,1824040.6
2026-04-05 14:00:00+00:00,0.2419,0.2427,0.2415,0.2421,1551625.8
2026-04-05 15:00:00+00:00,0.2421,0.2458,0.2412,0.2436,5910728.8
2026-04-05 16:00:00+00:00,0.2435,0.2439,0.243,0.2431,2133872.1
2026-04-05 17:00:00+00:00,0.2431,0.2441,0.2426,0.244,1071536.3
2026-04-05 18:00:00+00:00,0.244,0.244,0.2428,0.2437,1505945.6
2026-04-05 19:00:00+00:00,0.2437,0.2443,0.2428,0.2437,1162700.7
2026-04-05 20:00:00+00:00,0.2437,0.2448,0.2432,0.2439,1925984.7
2026-04-05 21:00:00+00:00,0.244,0.2452,0.2421,0.2448,2706994.0
2026-04-05 22:00:00+00:00,0.2447,0.2471,0.2428,0.2464,6899258.8
2026-04-05 23:00:00+00:00,0.2465,0.251,0.2456,0.2508,11991765.0
2026-04-06 00:00:00+00:00,0.2509,0.2568,0.2509,0.2542,20053328.4
2026-04-06 01:00:00+00:00,0.2543,0.2552,0.2528,0.2546,8997986.2
2026-04-06 02:00:00+00:00,0.2546,0.2594,0.2542,0.2571,14032004.6
2026-04-06 03:00:00+00:00,0.257,0.2581,0.2563,0.2569,8009249.4
2026-04-06 04:00:00+00:00,0.257,0.2587,0.2567,0.2571,5994909.5
2026-04-06 05:00:00+00:00,0.2571,0.2581,0.2566,0.257,6492983.5
2026-04-06 06:00:00+00:00,0.2571,0.2585,0.2559,0.2563,9430471.4
2026-04-06 07:00:00+00:00,0.2563,0.2566,0.2543,0.2552,6768224.1
2026-04-06 08:00:00+00:00,0.2553,0.2568,0.255,0.255,3792115.3
2026-04-06 09:00:00+00:00,0.2549,0.2591,0.2549,0.2574,6648540.2
2026-04-06 10:00:00+00:00,0.2574,0.2601,0.2565,0.2568,11886389.0
2026-04-06 11:00:00+00:00,0.2567,0.2569,0.2555,0.2556,2450621.6
2026-04-06 12:00:00+00:00,0.2557,0.2563,0.2546,0.2549,3447726.2
2026-04-06 13:00:00+00:00,0.2548,0.256,0.2545,0.2551,2537204.9
2026-04-06 14:00:00+00:00,0.2551,0.257,0.2537,0.2549,5678770.3
2026-04-06 15:00:00+00:00,0.2548,0.2554,0.2539,0.2543,3767152.7
2026-04-06 16:00:00+00:00,0.2544,0.2545,0.2523,0.2528,5883813.0
2026-04-06 17:00:00+00:00,0.2528,0.2528,0.2512,0.2522,3877885.9
2026-04-06 18:00:00+00:00,0.2523,0.2538,0.2521,0.2531,1991270.1
2026-04-06 19:00:00+00:00,0.2531,0.2531,0.2515,0.2521,1703666.8
2026-04-06 20:00:00+00:00,0.2522,0.2529,0.2519,0.2524,1266799.8
2026-04-06 21:00:00+00:00,0.2524,0.2524,0.2506,0.2508,1714197.2
2026-04-06 22:00:00+00:00,0.2508,0.2513,0.2473,0.2474,3967976.4
2026-04-06 23:00:00+00:00,0.2474,0.2474,0.2448,0.2461,7435788.8
2026-04-07 00:00:00+00:00,0.246,0.2465,0.2446,0.2458,5459408.8
2026-04-07 01:00:00+00:00,0.2458,0.2462,0.2438,0.2443,3965446.9
2026-04-07 02:00:00+00:00,0.2443,0.246,0.2435,0.2447,4364784.4
2026-04-07 03:00:00+00:00,0.2448,0.2454,0.2447,0.2452,2392385.3
2026-04-07 04:00:00+00:00,0.2451,0.246,0.2446,0.2455,2039935.3
2026-04-07 05:00:00+00:00,0.2456,0.2456,0.2434,0.2439,3289557.5
2026-04-07 06:00:00+00:00,0.244,0.244,0.2424,0.2437,3697461.0
2026-04-07 07:00:00+00:00,0.2437,0.2441,0.2432,0.2434,3379362.1
2026-04-07 08:00:00+00:00,0.2434,0.2447,0.2431,0.2443,5595489.3
2026-04-07 09:00:00+00:00,0.2443,0.2457,0.244,0.2447,4952122.0
2026-04-07 10:00:00+00:00,0.2447,0.245,0.2418,0.2422,8306130.1
2026-04-07 11:00:00+00:00,0.2422,0.2429,0.2413,0.2423,4602292.6
2026-04-07 12:00:00+00:00,0.2423,0.2434,0.24,0.2425,8914815.7
2026-04-07 13:00:00+00:00,0.2425,0.2436,0.242,0.2421,4332572.6
2026-04-07 14:00:00+00:00,0.2422,0.2424,0.2408,0.2414,5958087.6
2026-04-07 15:00:00+00:00,0.2414,0.2433,0.241,0.2423,5257204.8
2026-04-07 16:00:00+00:00,0.2423,0.2434,0.2419,0.2421,2965571.7
2026-04-07 17:00:00+00:00,0.2422,0.2446,0.2417,0.2436,2436736.8
2026-04-07 18:00:00+00:00,0.2436,0.244,0.2424,0.243,2191772.4
2026-04-07 19:00:00+00:00,0.2429,0.247,0.2426,0.2466,5270203.9
2026-04-07 20:00:00+00:00,0.2468,0.2481,0.2458,0.246,8131212.1
2026-04-07 21:00:00+00:00,0.2461,0.254,0.2461,0.2535,13004692.2
2026-04-07 22:00:00+00:00,0.2535,0.2627,0.2531,0.2627,34208336.8
2026-04-07 23:00:00+00:00,0.2627,0.2664,0.2627,0.2627,24623713.0
2026-04-08 00:00:00+00:00,0.2627,0.2644,0.2595,0.2603,14598166.9
2026-04-08 01:00:00+00:00,0.2603,0.2625,0.2598,0.2619,7646222.4
2026-04-08 02:00:00+00:00,0.2619,0.2644,0.2607,0.2612,9378576.4
2026-04-08 03:00:00+00:00,0.2611,0.2618,0.2603,0.2607,5634869.1
2026-04-08 04:00:00+00:00,0.2606,0.2632,0.2606,0.2623,6090915.9
2026-04-08 05:00:00+00:00,0.2623,0.2634,0.2617,0.2624,3992587.7
2026-04-08 06:00:00+00:00,0.2624,0.2637,0.2614,0.2616,3430380.0
2026-04-08 07:00:00+00:00,0.2616,0.262,0.2602,0.2612,3424939.0
2026-04-08 08:00:00+00:00,0.2611,0.2615,0.2599,0.2607,5145993.3
2026-04-08 09:00:00+00:00,0.2608,0.2612,0.2588,0.2591,4227091.8
2026-04-08 10:00:00+00:00,0.259,0.26,0.2586,0.2589,2629282.1
2026-04-08 11:00:00+00:00,0.2588,0.259,0.2559,0.2577,6496144.8
2026-04-08 12:00:00+00:00,0.2577,0.258,0.2563,0.2577,4508426.0
2026-04-08 13:00:00+00:00,0.2577,0.2597,0.2572,0.2577,8344105.1
2026-04-08 14:00:00+00:00,0.2576,0.2578,0.2519,0.2525,12006839.4
2026-04-08 15:00:00+00:00,0.2525,0.2549,0.2522,0.2542,5707588.1
2026-04-08 16:00:00+00:00,0.2541,0.2547,0.2534,0.2544,4320224.9
2026-04-08 17:00:00+00:00,0.2543,0.2563,0.2539,0.2557,4339667.9
2026-04-08 18:00:00+00:00,0.2558,0.2559,0.2527,0.2529,3148288.6
2026-04-08 19:00:00+00:00,0.2529,0.2535,0.252,0.253,4367731.8
2026-04-08 20:00:00+00:00,0.253,0.2537,0.2515,0.2525,2772726.3
2026-04-08 21:00:00+00:00,0.2526,0.2546,0.2522,0.2543,2700059.3
2026-04-08 22:00:00+00:00,0.2543,0.2543,0.2516,0.2519,3039997.1
2026-04-08 23:00:00+00:00,0.2518,0.2519,0.2498,0.2508,7100562.3
2026-04-09 00:00:00+00:00,0.2507,0.2508,0.2489,0.2499,3121015.7
2026-04-09 01:00:00+00:00,0.2498,0.25,0.2477,0.2495,5396719.8
2026-04-09 02:00:00+00:00,0.2495,0.2504,0.249,0.2496,1805723.1
2026-04-09 03:00:00+00:00,0.2496,0.2497,0.2488,0.2491,1604905.6
2026-04-09 04:00:00+00:00,0.2491,0.2494,0.2485,0.2487,1704185.5
2026-04-09 05:00:00+00:00,0.2488,0.2501,0.2485,0.2495,2758292.3
2026-04-09 06:00:00+00:00,0.2495,0.2504,0.2494,0.2503,2053421.7
2026-04-09 07:00:00+00:00,0.2503,0.2517,0.2503,0.2506,4561111.4
2026-04-09 08:00:00+00:00,0.2506,0.2513,0.2496,0.2504,4639088.9
2026-04-09 09:00:00+00:00,0.2503,0.2523,0.2493,0.2517,3492530.9
2026-04-09 10:00:00+00:00,0.2516,0.252,0.2507,0.2509,2535178.3
2026-04-09 11:00:00+00:00,0.2509,0.2513,0.2503,0.2507,2715046.7
2026-04-09 12:00:00+00:00,0.2506,0.2515,0.2499,0.251,1989913.5
2026-04-09 13:00:00+00:00,0.2511,0.2515,0.2497,0.2505,3018180.4
2026-04-09 14:00:00+00:00,0.2505,0.2513,0.2488,0.2504,3071532.8
2026-04-09 15:00:00+00:00,0.2504,0.2557,0.2495,0.2546,11766642.6
2026-04-09 16:00:00+00:00,0.2547,0.2564,0.2529,0.255,5847221.1
2026-04-09 17:00:00+00:00,0.255,0.2569,0.2547,0.2563,4274692.9
2026-04-09 18:00:00+00:00,0.2563,0.2565,0.2538,0.2544,2868692.8
2026-04-09 19:00:00+00:00,0.2543,0.2562,0.254,0.2557,3013996.1
2026-04-09 20:00:00+00:00,0.2557,0.2572,0.2555,0.2566,2938569.9
2026-04-09 21:00:00+00:00,0.2566,0.2579,0.2559,0.2563,3969645.8
2026-04-09 22:00:00+00:00,0.2562,0.2611,0.2559,0.256,6347999.5
2026-04-09 23:00:00+00:00,0.2561,0.2561,0.2534,0.2541,3887609.1
2026-04-10 00:00:00+00:00,0.2541,0.2544,0.2525,0.2532,4021038.6
2026-04-10 01:00:00+00:00,0.2531,0.255,0.2513,0.2529,5629558.8
2026-04-10 02:00:00+00:00,0.2528,0.2535,0.2518,0.2522,2802053.1
2026-04-10 03:00:00+00:00,0.2522,0.2528,0.2514,0.2517,1775689.3
2026-04-10 04:00:00+00:00,0.2517,0.2535,0.2515,0.2528,2739287.0
2026-04-10 05:00:00+00:00,0.2528,0.254,0.2521,0.2525,2411114.1
2026-04-10 06:00:00+00:00,0.2526,0.2534,0.2506,0.2512,4723873.9
2026-04-10 07:00:00+00:00,0.2512,0.2513,0.2498,0.2507,3441595.0
2026-04-10 08:00:00+00:00,0.2507,0.2511,0.2498,0.2502,3809351.1
2026-04-10 09:00:00+00:00,0.2502,0.252,0.2501,0.2512,3569636.1
2026-04-10 10:00:00+00:00,0.2512,0.2512,0.2498,0.2502,3668374.0
2026-04-10 11:00:00+00:00,0.2501,0.2519,0.25,0.2513,4344958.5
2026-04-10 12:00:00+00:00,0.2513,0.2533,0.2509,0.2525,6615849.0
2026-04-10 13:00:00+00:00,0.2526,0.2533,0.2507,0.2523,4046179.3
2026-04-10 14:00:00+00:00,0.2523,0.2557,0.2516,0.2553,8513790.5
2026-04-10 15:00:00+00:00,0.2553,0.2566,0.2533,0.254,6371726.4
2026-04-10 16:00:00+00:00,0.254,0.2561,0.254,0.2551,3817638.6
2026-04-10 17:00:00+00:00,0.2551,0.2552,0.2536,0.2547,3613010.0
2026-04-10 18:00:00+00:00,0.2547,0.256,0.2543,0.256,4289905.3
2026-04-10 19:00:00+00:00,0.256,0.2584,0.256,0.2581,7844172.9
2026-04-10 20:00:00+00:00,0.258,0.2589,0.2563,0.2573,6505059.2
2026-04-10 21:00:00+00:00,0.2572,0.2574,0.2549,0.2558,3677615.0
2026-04-10 22:00:00+00:00,0.2558,0.2563,0.2541,0.2545,2665492.4
2026-04-10 23:00:00+00:00,0.2545,0.2548,0.2538,0.2542,2135338.3
2026-04-11 00:00:00+00:00,0.2542,0.2543,0.2534,0.2535,2799440.4
2026-04-11 01:00:00+00:00,0.2535,0.254,0.2524,0.2534,3299247.5
2026-04-11 02:00:00+00:00,0.2535,0.254,0.2529,0.2532,2264093.9
2026-04-11 03:00:00+00:00,0.2532,0.2553,0.2528,0.2532,6396101.0
2026-04-11 04:00:00+00:00,0.2531,0.2543,0.2526,0.2528,2411101.2
2026-04-11 05:00:00+00:00,0.2528,0.2529,0.2506,0.2506,5344700.1
2026-04-11 06:00:00+00:00,0.2506,0.251,0.2496,0.2506,5264753.9
2026-04-11 07:00:00+00:00,0.2506,0.2508,0.2503,0.2506,2824454.0
2026-04-11 08:00:00+00:00,0.2506,0.2508,0.25,0.2502,3661537.1
2026-04-11 09:00:00+00:00,0.2502,0.2508,0.2492,0.2504,8801495.4
2026-04-11 10:00:00+00:00,0.2504,0.2507,0.2496,0.2497,2499235.8
2026-04-11 11:00:00+00:00,0.2497,0.25,0.2493,0.2497,4412788.6
2026-04-11 12:00:00+00:00,0.2498,0.2504,0.2496,0.2501,3215427.1
2026-04-11 13:00:00+00:00,0.2501,0.2502,0.2481,0.2488,9408898.8
2026-04-11 14:00:00+00:00,0.2488,0.2494,0.2464,0.2474,9631778.8
2026-04-11 15:00:00+00:00,0.2474,0.2487,0.2472,0.2482,4954587.0
2026-04-11 16:00:00+00:00,0.2483,0.2508,0.248,0.2502,6906356.5
2026-04-11 17:00:00+00:00,0.2502,0.2505,0.2484,0.2491,5281437.9
2026-04-11 18:00:00+00:00,0.2492,0.2536,0.2483,0.2525,10925991.3
2026-04-11 19:00:00+00:00,0.2526,0.2554,0.2523,0.2544,8355042.3
2026-04-11 20:00:00+00:00,0.2545,0.2551,0.251,0.2522,10548561.0
2026-04-11 21:00:00+00:00,0.2522,0.2532,0.2513,0.2521,4242687.8
2026-04-11 22:00:00+00:00,0.2521,0.2537,0.2505,0.2509,6328750.4
2026-04-11 23:00:00+00:00,0.2509,0.251,0.2486,0.2495,4282566.1
2026-04-12 00:00:00+00:00,0.2495,0.2502,0.2485,0.25,3044246.2
2026-04-12 01:00:00+00:00,0.25,0.2506,0.2423,0.2441,21973734.4
2026-04-12 02:00:00+00:00,0.244,0.245,0.2428,0.2445,7996216.6
2026-04-12 03:00:00+00:00,0.2445,0.2448,0.2436,0.2438,3237111.3
2026-04-12 04:00:00+00:00,0.2438,0.244,0.2431,0.2435,4196324.7
2026-04-12 05:00:00+00:00,0.2436,0.2437,0.2421,0.2432,7582384.7
2026-04-12 06:00:00+00:00,0.2432,0.2435,0.2417,0.242,6507612.8
2026-04-12 07:00:00+00:00,0.2421,0.2424,0.2413,0.2415,9671370.9
2026-04-12 08:00:00+00:00,0.2415,0.2415,0.2402,0.2408,12089530.0
2026-04-12 09:00:00+00:00,0.2409,0.2409,0.2385,0.24,16457665.1
2026-04-12 10:00:00+00:00,0.24,0.2406,0.2392,0.2398,6935676.5
2026-04-12 11:00:00+00:00,0.2398,0.2409,0.2392,0.2406,4121439.4
2026-04-12 12:00:00+00:00,0.2406,0.2411,0.2392,0.2396,6648839.9
2026-04-12 13:00:00+00:00,0.2395,0.2402,0.2376,0.238,11045331.7
2026-04-12 14:00:00+00:00,0.2379,0.2392,0.2378,0.2385,8304213.2
2026-04-12 15:00:00+00:00,0.2385,0.2389,0.2373,0.2384,8137064.3
2026-04-12 16:00:00+00:00,0.2383,0.2388,0.2377,0.2387,4357024.6
2026-04-12 17:00:00+00:00,0.2387,0.2399,0.2382,0.2396,6120895.3
2026-04-12 18:00:00+00:00,0.2397,0.24,0.2383,0.2385,3544991.3
2026-04-12 19:00:00+00:00,0.2384,0.2392,0.2377,0.2381,4446502.8
2026-04-12 20:00:00+00:00,0.2381,0.2398,0.2376,0.2392,5333886.2
2026-04-12 21:00:00+00:00,0.2391,0.2399,0.2387,0.2397,3278417.2
2026-04-12 22:00:00+00:00,0.2396,0.2396,0.2365,0.2379,8480101.6
2026-04-12 23:00:00+00:00,0.2378,0.2378,0.2354,0.2361,8266729.1
2026-04-13 00:00:00+00:00,0.2362,0.2386,0.2358,0.2381,5561799.7
2026-04-13 01:00:00+00:00,0.2382,0.2387,0.2378,0.2386,2757657.5
2026-04-13 02:00:00+00:00,0.2385,0.2387,0.2368,0.2368,6121751.5
2026-04-13 03:00:00+00:00,0.2369,0.2384,0.2366,0.2382,3774785.5
2026-04-13 04:00:00+00:00,0.2382,0.2391,0.2372,0.2377,3148595.8
2026-04-13 05:00:00+00:00,0.2378,0.2382,0.2372,0.2381,3393191.7
2026-04-13 06:00:00+00:00,0.2381,0.2398,0.238,0.2392,5363630.4
2026-04-13 07:00:00+00:00,0.2392,0.2393,0.2375,0.2381,3212582.9
2026-04-13 08:00:00+00:00,0.2381,0.2385,0.2374,0.2382,3024761.2
2026-04-13 09:00:00+00:00,0.2383,0.2395,0.2382,0.2385,3737139.4
2026-04-13 10:00:00+00:00,0.2385,0.2387,0.2376,0.2377,1623223.4
2026-04-13 11:00:00+00:00,0.2378,0.2387,0.2378,0.2382,2680933.1
2026-04-13 12:00:00+00:00,0.2382,0.242,0.2378,0.2412,7933150.4
2026-04-13 13:00:00+00:00,0.2411,0.2427,0.2391,0.2426,9504111.8
2026-04-13 14:00:00+00:00,0.2426,0.2433,0.2407,0.2431,11298666.0
2026-04-13 15:00:00+00:00,0.243,0.2431,0.239,0.2394,8139565.5
2026-04-13 16:00:00+00:00,0.2393,0.2407,0.2381,0.2395,6729190.2
2026-04-13 17:00:00+00:00,0.2396,0.2409,0.2382,0.2383,5068004.4
2026-04-13 18:00:00+00:00,0.2382,0.2391,0.2374,0.2391,6097083.0
2026-04-13 19:00:00+00:00,0.239,0.2419,0.2386,0.2414,10445342.2
2026-04-13 20:00:00+00:00,0.2414,0.2418,0.2389,0.2396,5602671.8
2026-04-13 21:00:00+00:00,0.2396,0.2408,0.2389,0.2403,4832455.4
2026-04-13 22:00:00+00:00,0.2402,0.2485,0.2401,0.2474,19367018.2
2026-04-13 23:00:00+00:00,0.2473,0.249,0.2461,0.2486,12845417.7
2026-04-14 00:00:00+00:00,0.2487,0.249,0.2448,0.245,11130932.4
2026-04-14 01:00:00+00:00,0.245,0.246,0.2436,0.2454,5835540.9
2026-04-14 02:00:00+00:00,0.2453,0.2462,0.2443,0.2445,4198685.7
2026-04-14 03:00:00+00:00,0.2445,0.2457,0.2442,0.2447,3453085.4
2026-04-14 04:00:00+00:00,0.2447,0.2457,0.244,0.2442,3805285.7
2026-04-14 05:00:00+00:00,0.2442,0.2443,0.2412,0.2419,8058036.1
2026-04-14 06:00:00+00:00,0.2419,0.2438,0.2413,0.2437,3814155.5
2026-04-14 07:00:00+00:00,0.2436,0.2457,0.2429,0.2434,4576790.3
2026-04-14 08:00:00+00:00,0.2435,0.2451,0.2423,0.2445,8605720.1
2026-04-14 09:00:00+00:00,0.2445,0.245,0.2432,0.2445,4624152.5
2026-04-14 10:00:00+00:00,0.2445,0.245,0.2435,0.2435,3569287.1
2026-04-14 11:00:00+00:00,0.2435,0.2446,0.2429,0.2433,3332424.7
2026-04-14 12:00:00+00:00,0.2434,0.2442,0.2428,0.2436,2853412.6
2026-04-14 13:00:00+00:00,0.2435,0.2484,0.2431,0.2484,11762780.8
2026-04-14 14:00:00+00:00,0.2484,0.2496,0.2452,0.2453,16971937.9
2026-04-14 15:00:00+00:00,0.2454,0.2462,0.2433,0.2444,7440111.4
2026-04-14 16:00:00+00:00,0.2444,0.2462,0.2433,0.244,5989801.9
2026-04-14 17:00:00+00:00,0.244,0.2455,0.2424,0.244,4076113.4
2026-04-14 18:00:00+00:00,0.2441,0.2448,0.2397,0.2405,9281909.8
2026-04-14 19:00:00+00:00,0.2405,0.2414,0.2388,0.2404,5089538.3
2026-04-14 20:00:00+00:00,0.2404,0.241,0.2399,0.2404,2352670.3
2026-04-14 21:00:00+00:00,0.2404,0.2417,0.2402,0.2408,3014133.4
2026-04-14 22:00:00+00:00,0.2407,0.2413,0.2392,0.2397,5445309.1
2026-04-14 23:00:00+00:00,0.2397,0.2401,0.2386,0.2396,7052671.0
2026-04-15 00:00:00+00:00,0.2396,0.2408,0.2394,0.2405,4450842.3
2026-04-15 01:00:00+00:00,0.2404,0.2411,0.24,0.2407,3480585.1
2026-04-15 02:00:00+00:00,0.2408,0.2413,0.2389,0.2397,3659366.2
2026-04-15 03:00:00+00:00,0.2397,0.2401,0.239,0.2396,2393905.8
2026-04-15 04:00:00+00:00,0.2397,0.241,0.2395,0.2409,4701950.4
2026-04-15 05:00:00+00:00,0.2408,0.2419,0.2393,0.2399,4616374.7
2026-04-15 06:00:00+00:00,0.2399,0.24,0.2382,0.2387,5151171.8
2026-04-15 07:00:00+00:00,0.2388,0.2397,0.2381,0.2383,5739135.5
2026-04-15 08:00:00+00:00,0.2383,0.2406,0.2382,0.2401,3737414.0
2026-04-15 09:00:00+00:00,0.2401,0.2403,0.2395,0.2399,1277801.5
2026-04-15 10:00:00+00:00,0.2398,0.241,0.2388,0.2398,4219561.5
2026-04-15 11:00:00+00:00,0.2398,0.2426,0.2398,0.2416,4225140.0
2026-04-15 12:00:00+00:00,0.2416,0.2425,0.241,0.242,2766279.8
2026-04-15 13:00:00+00:00,0.242,0.2428,0.2404,0.2411,5245954.3
2026-04-15 14:00:00+00:00,0.241,0.2437,0.2399,0.2434,5375769.0
2026-04-15 15:00:00+00:00,0.2435,0.2439,0.2414,0.2427,5526267.9
2026-04-15 16:00:00+00:00,0.2426,0.2461,0.2423,0.2452,9801178.5
2026-04-15 17:00:00+00:00,0.2452,0.2467,0.2445,0.2454,8207104.9
2026-04-15 18:00:00+00:00,0.2455,0.2465,0.2449,0.2463,4351942.3
2026-04-15 19:00:00+00:00,0.2462,0.2505,0.2461,0.249,14092781.6
2026-04-15 20:00:00+00:00,0.2489,0.2492,0.2472,0.2477,5191783.4
2026-04-15 21:00:00+00:00,0.2476,0.2486,0.2465,0.2481,4156048.3
2026-04-15 22:00:00+00:00,0.2482,0.2499,0.2472,0.2473,7505541.1
2026-04-15 23:00:00+00:00,0.2472,0.2473,0.2449,0.246,8525312.3
2026-04-16 00:00:00+00:00,0.2461,0.2467,0.2446,0.2455,4875010.5
2026-04-16 01:00:00+00:00,0.2455,0.246,0.2438,0.2456,2178585.8
2026-04-16 02:00:00+00:00,0.2456,0.2494,0.2456,0.2484,9002389.8
2026-04-16 03:00:00+00:00,0.2484,0.25,0.2479,0.2492,7601363.2
2026-04-16 04:00:00+00:00,0.2492,0.2513,0.2488,0.25,11312726.6
2026-04-16 05:00:00+00:00,0.25,0.2504,0.249,0.2499,6105753.9
2026-04-16 06:00:00+00:00,0.2499,0.2508,0.2485,0.2505,5977774.8
2026-04-16 07:00:00+00:00,0.2505,0.2518,0.2493,0.2501,9714512.3
2026-04-16 08:00:00+00:00,0.2501,0.2506,0.2483,0.2486,8365050.7
2026-04-16 09:00:00+00:00,0.2485,0.2506,0.2481,0.2487,5405333.6
2026-04-16 10:00:00+00:00,0.2487,0.249,0.2471,0.248,6523101.1
2026-04-16 11:00:00+00:00,0.248,0.2489,0.2469,0.2484,4656504.7
2026-04-16 12:00:00+00:00,0.2484,0.2508,0.2482,0.2504,5397615.3
2026-04-16 13:00:00+00:00,0.2504,0.2545,0.2471,0.2493,21308833.0
2026-04-16 14:00:00+00:00,0.2493,0.2496,0.2454,0.2479,14181586.7
2026-04-16 15:00:00+00:00,0.2479,0.2537,0.2477,0.2533,11112956.4
2026-04-16 16:00:00+00:00,0.2533,0.2554,0.2506,0.2517,13810585.1
2026-04-16 17:00:00+00:00,0.2517,0.2536,0.2508,0.2532,7108119.1
2026-04-16 18:00:00+00:00,0.2532,0.2602,0.2531,0.2589,23355048.4
2026-04-16 19:00:00+00:00,0.259,0.2608,0.258,0.2604,14668762.8
2026-04-16 20:00:00+00:00,0.2603,0.2615,0.2567,0.2578,9362335.1
2026-04-16 21:00:00+00:00,0.2579,0.2596,0.2569,0.2584,8150456.0
2026-04-16 22:00:00+00:00,0.2585,0.2598,0.258,0.2584,6698411.9
2026-04-16 23:00:00+00:00,0.2585,0.2603,0.258,0.2591,5593296.4
2026-04-17 00:00:00+00:00,0.2591,0.2599,0.2578,0.2582,6334593.1
2026-04-17 01:00:00+00:00,0.2581,0.2591,0.2552,0.2561,8853516.7
2026-04-17 02:00:00+00:00,0.2561,0.2565,0.254,0.2551,5447825.6
2026-04-17 03:00:00+00:00,0.2551,0.2559,0.2543,0.255,3760570.5
2026-04-17 04:00:00+00:00,0.255,0.2553,0.254,0.254,4616554.7
2026-04-17 05:00:00+00:00,0.2541,0.2542,0.2521,0.2522,4744534.4
2026-04-17 06:00:00+00:00,0.2523,0.2551,0.252,0.2549,4388652.4
2026-04-17 07:00:00+00:00,0.2549,0.2565,0.2549,0.2561,5818891.9
2026-04-17 08:00:00+00:00,0.2562,0.2583,0.2559,0.2573,11142434.6
2026-04-17 09:00:00+00:00,0.2574,0.2599,0.256,0.2583,9361113.5
2026-04-17 10:00:00+00:00,0.2583,0.2586,0.2543,0.2551,8657156.5
2026-04-17 11:00:00+00:00,0.2551,0.2583,0.255,0.2575,6459148.0
2026-04-17 12:00:00+00:00,0.2576,0.261,0.2568,0.2605,9037653.5
2026-04-17 13:00:00+00:00,0.2605,0.2657,0.2596,0.2653,34472100.9
2026-04-17 14:00:00+00:00,0.2652,0.268,0.2644,0.2662,18822363.2
2026-04-17 15:00:00+00:00,0.2663,0.2663,0.2624,0.2635,12888937.6
2026-04-17 16:00:00+00:00,0.2636,0.2661,0.2635,0.266,10300066.5
2026-04-17 17:00:00+00:00,0.2661,0.2663,0.2617,0.2636,11476185.3
2026-04-17 18:00:00+00:00,0.2637,0.264,0.2608,0.2612,5483497.5
2026-04-17 19:00:00+00:00,0.2613,0.2626,0.2604,0.2611,3392002.4
2026-04-17 20:00:00+00:00,0.2612,0.2616,0.2592,0.2605,6853642.3
2026-04-17 21:00:00+00:00,0.2605,0.2615,0.2593,0.2603,6018454.1
2026-04-17 22:00:00+00:00,0.2603,0.262,0.2598,0.2607,5134145.7
2026-04-17 23:00:00+00:00,0.2607,0.2607,0.2573,0.2586,8160388.2
2026-04-18 00:00:00+00:00,0.2586,0.2596,0.2571,0.2582,4442706.3
2026-04-18 01:00:00+00:00,0.2582,0.2596,0.257,0.2575,2823027.5
2026-04-18 02:00:00+00:00,0.2575,0.2591,0.2565,0.258,3479840.5
2026-04-18 03:00:00+00:00,0.2579,0.2583,0.2563,0.257,2914964.8
2026-04-18 04:00:00+00:00,0.2571,0.2578,0.256,0.2572,2457171.0
2026-04-18 05:00:00+00:00,0.2572,0.2586,0.2568,0.2578,4589855.4
2026-04-18 06:00:00+00:00,0.2579,0.2585,0.2571,0.2576,2184436.8
2026-04-18 07:00:00+00:00,0.2575,0.2589,0.2574,0.2586,3432129.4
2026-04-18 08:00:00+00:00,0.2587,0.2587,0.2538,0.2556,10118133.0
2026-04-18 09:00:00+00:00,0.2556,0.2556,0.2536,0.2543,4609705.2
2026-04-18 10:00:00+00:00,0.2542,0.2544,0.2519,0.2526,7249876.0
2026-04-18 11:00:00+00:00,0.2527,0.2527,0.2496,0.251,7061364.8
2026-04-18 12:00:00+00:00,0.251,0.252,0.2504,0.2516,5210675.6
2026-04-18 13:00:00+00:00,0.2516,0.2518,0.2497,0.2511,3294340.5
2026-04-18 14:00:00+00:00,0.2512,0.252,0.2503,0.2515,4303309.6
2026-04-18 15:00:00+00:00,0.2516,0.2522,0.2506,0.2511,3405134.8
2026-04-18 16:00:00+00:00,0.251,0.251,0.2489,0.2493,8217827.5
2026-04-18 17:00:00+00:00,0.2493,0.2498,0.2476,0.2495,6328993.1
2026-04-18 18:00:00+00:00,0.2496,0.2497,0.2473,0.2478,5202137.4
2026-04-18 19:00:00+00:00,0.2478,0.2491,0.2477,0.2488,3172347.1
2026-04-18 20:00:00+00:00,0.2488,0.2494,0.248,0.2491,2339555.1
2026-04-18 21:00:00+00:00,0.249,0.2503,0.249,0.2501,3064477.4
2026-04-18 22:00:00+00:00,0.2501,0.2501,0.2489,0.25,1600549.2
2026-04-18 23:00:00+00:00,0.25,0.2508,0.2489,0.2491,2947341.5
2026-04-19 00:00:00+00:00,0.2492,0.2495,0.248,0.2491,3714788.2
2026-04-19 01:00:00+00:00,0.2491,0.2498,0.248,0.2484,1654740.7
2026-04-19 02:00:00+00:00,0.2483,0.2489,0.2469,0.2479,3591895.1
2026-04-19 03:00:00+00:00,0.2479,0.2491,0.2469,0.2482,2369456.4
2026-04-19 04:00:00+00:00,0.2482,0.249,0.2461,0.2478,3250032.4
2026-04-19 05:00:00+00:00,0.2478,0.249,0.2472,0.2473,2034889.9
2026-04-19 06:00:00+00:00,0.2472,0.248,0.246,0.2473,4680788.0
2026-04-19 07:00:00+00:00,0.2472,0.2472,0.2444,0.246,10701713.9
2026-04-19 08:00:00+00:00,0.2459,0.2461,0.245,0.2454,5899487.5
2026-04-19 09:00:00+00:00,0.2454,0.246,0.2446,0.245,2701862.3
2026-04-19 10:00:00+00:00,0.245,0.2461,0.2445,0.2456,2342849.5
2026-04-19 11:00:00+00:00,0.2456,0.2482,0.2455,0.2473,5545318.2
2026-04-19 12:00:00+00:00,0.2473,0.2489,0.2471,0.248,5667100.5
2026-04-19 13:00:00+00:00,0.248,0.2509,0.2479,0.2491,8952700.5
2026-04-19 14:00:00+00:00,0.2492,0.2509,0.248,0.2494,9178200.9
2026-04-19 15:00:00+00:00,0.2493,0.2494,0.2462,0.2488,5544289.2
2026-04-19 16:00:00+00:00,0.2489,0.2496,0.2463,0.2469,6745035.0
2026-04-19 17:00:00+00:00,0.247,0.247,0.2447,0.2451,7113112.4
2026-04-19 18:00:00+00:00,0.2451,0.2458,0.2443,0.2457,6373129.7
2026-04-19 19:00:00+00:00,0.2457,0.2475,0.2457,0.2467,2781677.9
2026-04-19 20:00:00+00:00,0.2466,0.2466,0.2443,0.2448,7391850.5
2026-04-19 21:00:00+00:00,0.2448,0.2461,0.2437,0.2442,3236835.6
2026-04-19 22:00:00+00:00,0.2442,0.2442,0.2408,0.2423,17623780.5
2026-04-19 23:00:00+00:00,0.2423,0.2427,0.241,0.2424,6222214.8
2026-04-20 00:00:00+00:00,0.2424,0.2446,0.2419,0.2442,5778670.8
2026-04-20 01:00:00+00:00,0.2443,0.2453,0.2435,0.2448,3075379.8
2026-04-20 02:00:00+00:00,0.2448,0.2457,0.2441,0.2454,3037814.8
2026-04-20 03:00:00+00:00,0.2455,0.2464,0.2445,0.2459,2773460.5
2026-04-20 04:00:00+00:00,0.2459,0.2465,0.2446,0.2459,1202016.6
2026-04-20 05:00:00+00:00,0.2458,0.2459,0.2436,0.2439,3067975.7
2026-04-20 06:00:00+00:00,0.244,0.247,0.2438,0.2456,3936716.7
2026-04-20 07:00:00+00:00,0.2456,0.2492,0.2453,0.2467,7328570.6
2026-04-20 08:00:00+00:00,0.2467,0.2469,0.2453,0.2455,3000916.6
2026-04-20 09:00:00+00:00,0.2454,0.2477,0.2443,0.2469,4299971.2
2026-04-20 10:00:00+00:00,0.2469,0.2486,0.2464,0.2466,2644423.5
2026-04-20 11:00:00+00:00,0.2465,0.2471,0.2461,0.2465,4039401.9
2026-04-20 12:00:00+00:00,0.2465,0.2476,0.2454,0.2473,4740717.4
2026-04-20 13:00:00+00:00,0.2472,0.2482,0.2462,0.2478,4864036.1
2026-04-20 14:00:00+00:00,0.2479,0.2494,0.2452,0.2461,7282180.4
2026-04-20 15:00:00+00:00,0.246,0.249,0.2448,0.2478,4873820.0
2026-04-20 16:00:00+00:00,0.2478,0.2478,0.2456,0.2459,3964721.1
2026-04-20 17:00:00+00:00,0.2459,0.2483,0.2456,0.2481,3896635.4
2026-04-20 18:00:00+00:00,0.2482,0.2502,0.2482,0.2498,8315787.0
2026-04-20 19:00:00+00:00,0.2498,0.2499,0.2484,0.2489,1900116.7
2026-04-20 20:00:00+00:00,0.2488,0.2504,0.2479,0.2501,4008361.6
2026-04-20 21:00:00+00:00,0.2501,0.2514,0.249,0.2496,7741984.9
2026-04-20 22:00:00+00:00,0.2495,0.2503,0.2486,0.2487,2274185.4
2026-04-20 23:00:00+00:00,0.2487,0.2487,0.2476,0.2479,4683934.0
2026-04-21 00:00:00+00:00,0.2479,0.2493,0.2479,0.2491,2670592.4
2026-04-21 01:00:00+00:00,0.249,0.2498,0.248,0.2482,3222573.1
2026-04-21 02:00:00+00:00,0.2482,0.2484,0.2471,0.2474,2290251.8
2026-04-21 03:00:00+00:00,0.2473,0.2478,0.2465,0.247,2925462.1
2026-04-21 04:00:00+00:00,0.247,0.2485,0.2469,0.2484,1514878.8
2026-04-21 05:00:00+00:00,0.2484,0.2501,0.2484,0.2491,3220046.4
2026-04-21 06:00:00+00:00,0.2491,0.2503,0.2482,0.2489,2123070.0
2026-04-21 07:00:00+00:00,0.2488,0.25,0.248,0.2495,3870647.6
2026-04-21 08:00:00+00:00,0.2494,0.2525,0.2493,0.2502,9106251.0
2026-04-21 09:00:00+00:00,0.2501,0.251,0.2494,0.2506,2648837.9
2026-04-21 10:00:00+00:00,0.2507,0.2518,0.2501,0.2512,2667572.9
2026-04-21 11:00:00+00:00,0.2513,0.2514,0.2498,0.2502,3399993.1
2026-04-21 12:00:00+00:00,0.2502,0.2507,0.2477,0.2487,9658562.2
2026-04-21 13:00:00+00:00,0.2487,0.2493,0.2477,0.2487,3052929.4
2026-04-21 14:00:00+00:00,0.2488,0.2505,0.2479,0.2484,4458496.5
2026-04-21 15:00:00+00:00,0.2483,0.2494,0.2475,0.2488,2731539.6
2026-04-21 16:00:00+00:00,0.2488,0.2494,0.2467,0.2469,6355254.3
2026-04-21 17:00:00+00:00,0.2469,0.2479,0.2441,0.2464,10469993.7
2026-04-21 18:00:00+00:00,0.2465,0.2469,0.2455,0.2469,4830572.7
2026-04-21 19:00:00+00:00,0.2469,0.2481,0.2441,0.2447,5284803.6
2026-04-21 20:00:00+00:00,0.2448,0.2482,0.2446,0.2476,7321639.4
2026-04-21 21:00:00+00:00,0.2477,0.2481,0.2468,0.2477,1546921.9
2026-04-21 22:00:00+00:00,0.2477,0.2491,0.2469,0.2491,2864851.0
2026-04-21 23:00:00+00:00,0.2491,0.2501,0.2479,0.2499,6950095.5
2026-04-22 00:00:00+00:00,0.2499,0.2508,0.2494,0.25,6588442.4
2026-04-22 01:00:00+00:00,0.2499,0.2501,0.2488,0.2492,3453960.8
2026-04-22 02:00:00+00:00,0.2492,0.2546,0.2489,0.2544,16661286.6
2026-04-22 03:00:00+00:00,0.2543,0.2554,0.2535,0.2542,8122993.2
2026-04-22 04:00:00+00:00,0.2543,0.2552,0.2533,0.2543,5035121.1
2026-04-22 05:00:00+00:00,0.2543,0.2576,0.2539,0.2557,13928964.2
2026-04-22 06:00:00+00:00,0.2558,0.256,0.255,0.2558,3175239.1
2026-04-22 07:00:00+00:00,0.2558,0.2558,0.2542,0.2548,5744973.3
2026-04-22 08:00:00+00:00,0.2549,0.2555,0.2542,0.2547,2554859.8
2026-04-22 09:00:00+00:00,0.2547,0.2557,0.2545,0.255,2000681.9
2026-04-22 10:00:00+00:00,0.255,0.2561,0.2547,0.2555,3244489.3
2026-04-22 11:00:00+00:00,0.2555,0.2564,0.255,0.2556,3708559.4
2026-04-22 12:00:00+00:00,0.2557,0.256,0.2544,0.2547,3204236.3
2026-04-22 13:00:00+00:00,0.2548,0.2562,0.254,0.255,6377254.5
2026-04-22 14:00:00+00:00,0.255,0.2562,0.2541,0.2555,6714666.8
2026-04-22 15:00:00+00:00,0.2555,0.2559,0.2545,0.255,5800407.4
2026-04-22 16:00:00+00:00,0.2551,0.2556,0.2526,0.2527,5302496.8
2026-04-22 17:00:00+00:00,0.2527,0.2538,0.2523,0.2533,3285632.5
2026-04-22 18:00:00+00:00,0.2533,0.2542,0.2533,0.2535,2438167.7
2026-04-22 19:00:00+00:00,0.2534,0.2534,0.2513,0.2524,3722892.2
2026-04-22 20:00:00+00:00,0.2524,0.2526,0.2509,0.2511,4230373.4
2026-04-22 21:00:00+00:00,0.2511,0.2524,0.251,0.252,1980853.5
2026-04-22 22:00:00+00:00,0.252,0.2522,0.25,0.2505,3633837.9
2026-04-22 23:00:00+00:00,0.2504,0.2507,0.2481,0.2484,5954733.4
2026-04-23 00:00:00+00:00,0.2483,0.2496,0.246,0.2487,12817620.7
2026-04-23 01:00:00+00:00,0.2487,0.2488,0.2471,0.2482,3584681.9
2026-04-23 02:00:00+00:00,0.2481,0.2481,0.2458,0.2465,5231801.4
2026-04-23 03:00:00+00:00,0.2466,0.247,0.2453,0.2464,5449223.7
2026-04-23 04:00:00+00:00,0.2464,0.2474,0.2461,0.2468,2941669.5
2026-04-23 05:00:00+00:00,0.2468,0.2476,0.2464,0.2473,4176444.4
2026-04-23 06:00:00+00:00,0.2473,0.2484,0.2472,0.2478,3228611.2
2026-04-23 07:00:00+00:00,0.2478,0.2479,0.2467,0.2469,3067582.8
2026-04-23 08:00:00+00:00,0.2469,0.2473,0.2463,0.247,2582159.3
2026-04-23 09:00:00+00:00,0.2469,0.2469,0.2453,0.2461,7782241.8
2026-04-23 10:00:00+00:00,0.246,0.2463,0.2449,0.2459,5979673.5
2026-04-23 11:00:00+00:00,0.2459,0.2481,0.2458,0.2476,4444498.9
2026-04-23 12:00:00+00:00,0.2475,0.2483,0.2467,0.2478,5345981.0
2026-04-23 13:00:00+00:00,0.2477,0.2481,0.2469,0.2473,3457629.9
2026-04-23 14:00:00+00:00,0.2472,0.2495,0.2468,0.2491,3883351.6
2026-04-23 15:00:00+00:00,0.2491,0.2508,0.2484,0.2503,7498855.6
2026-04-23 16:00:00+00:00,0.2504,0.2508,0.2489,0.249,4861024.0
2026-04-23 17:00:00+00:00,0.2489,0.2493,0.2446,0.2467,15988833.7
2026-04-23 18:00:00+00:00,0.2467,0.2476,0.2458,0.2461,4963224.8
2026-04-23 19:00:00+00:00,0.246,0.247,0.2455,0.2467,6304459.6
2026-04-23 20:00:00+00:00,0.2468,0.2491,0.2465,0.2483,4152503.5
2026-04-23 21:00:00+00:00,0.2483,0.2494,0.248,0.2487,3312974.5
2026-04-23 22:00:00+00:00,0.2486,0.2501,0.2486,0.2492,3385035.5
2026-04-23 23:00:00+00:00,0.2492,0.2504,0.2486,0.2499,1968584.7
2026-04-24 00:00:00+00:00,0.2499,0.2519,0.2499,0.2517,5329574.3
2026-04-24 01:00:00+00:00,0.2517,0.2518,0.25,0.2515,3504024.6
2026-04-24 02:00:00+00:00,0.2516,0.2516,0.2498,0.2501,2788663.1
2026-04-24 03:00:00+00:00,0.2501,0.2501,0.2481,0.2485,4709421.2
2026-04-24 04:00:00+00:00,0.2485,0.2487,0.2475,0.2482,3090824.2
2026-04-24 05:00:00+00:00,0.2481,0.2491,0.2472,0.2485,2160275.8
2026-04-24 06:00:00+00:00,0.2485,0.2496,0.2483,0.2488,2139883.6
2026-04-24 07:00:00+00:00,0.2488,0.2495,0.2484,0.249,975065.1
2026-04-24 08:00:00+00:00,0.2489,0.2501,0.2485,0.2494,3604656.4
2026-04-24 09:00:00+00:00,0.2495,0.2497,0.248,0.2486,2476304.1
2026-04-24 10:00:00+00:00,0.2486,0.2507,0.2482,0.2501,2254969.6
2026-04-24 11:00:00+00:00,0.2502,0.2519,0.2501,0.2511,4293429.8
2026-04-24 12:00:00+00:00,0.2511,0.2516,0.25,0.2505,2343255.8
2026-04-24 13:00:00+00:00,0.2506,0.2518,0.2501,0.2504,2175846.9
2026-04-24 14:00:00+00:00,0.2504,0.2512,0.2495,0.2504,2633555.4
2026-04-24 15:00:00+00:00,0.2504,0.2523,0.2489,0.2522,3268909.4
2026-04-24 16:00:00+00:00,0.2522,0.2525,0.2512,0.2517,3221672.8
2026-04-24 17:00:00+00:00,0.2517,0.2523,0.251,0.2518,3546980.2
2026-04-24 18:00:00+00:00,0.2518,0.252,0.2506,0.2518,2918139.4
2026-04-24 19:00:00+00:00,0.2517,0.2523,0.2511,0.2517,1571999.0
2026-04-24 20:00:00+00:00,0.2517,0.2526,0.2507,0.2523,3470931.9
2026-04-24 21:00:00+00:00,0.2523,0.253,0.2513,0.2516,3138940.6
2026-04-24 22:00:00+00:00,0.2516,0.2517,0.2499,0.2503,2386208.4
2026-04-24 23:00:00+00:00,0.2503,0.2506,0.2499,0.2503,1156207.9
2026-04-25 00:00:00+00:00,0.2503,0.2504,0.2496,0.25,2772262.9
2026-04-25 01:00:00+00:00,0.25,0.2518,0.2499,0.2516,3364271.6
2026-04-25 02:00:00+00:00,0.2516,0.2522,0.2506,0.2512,6122660.8
2026-04-25 03:00:00+00:00,0.2512,0.252,0.2507,0.2517,2948713.7
2026-04-25 04:00:00+00:00,0.2517,0.2523,0.2511,0.2512,1831717.9
2026-04-25 05:00:00+00:00,0.2512,0.2523,0.2503,0.2519,8856595.5
2026-04-25 06:00:00+00:00,0.252,0.2529,0.2514,0.2514,8290947.1
2026-04-25 07:00:00+00:00,0.2513,0.2519,0.2508,0.2514,1343360.4
2026-04-25 08:00:00+00:00,0.2514,0.2524,0.2512,0.2521,1391913.0
2026-04-25 09:00:00+00:00,0.2521,0.2539,0.2521,0.2534,3705969.6
2026-04-25 10:00:00+00:00,0.2534,0.2539,0.2529,0.2536,2865554.7
2026-04-25 11:00:00+00:00,0.2535,0.2536,0.2513,0.2517,3409923.7
2026-04-25 12:00:00+00:00,0.2517,0.2523,0.2512,0.2517,2365127.9
2026-04-25 13:00:00+00:00,0.2517,0.2537,0.2517,0.2521,6578758.5
2026-04-25 14:00:00+00:00,0.2521,0.2522,0.2509,0.251,3149347.5
2026-04-25 15:00:00+00:00,0.2509,0.2511,0.2497,0.2502,3375908.8
2026-04-25 16:00:00+00:00,0.2501,0.2507,0.2489,0.2494,4445083.9
2026-04-25 17:00:00+00:00,0.2494,0.2497,0.2483,0.2485,2539062.1
2026-04-25 18:00:00+00:00,0.2485,0.2493,0.2482,0.2488,2075446.7
2026-04-25 19:00:00+00:00,0.2489,0.2493,0.2486,0.2491,1638609.2
2026-04-25 20:00:00+00:00,0.2491,0.2499,0.2489,0.2498,1340841.9
2026-04-25 21:00:00+00:00,0.2499,0.2502,0.2491,0.2493,1082557.8
2026-04-25 22:00:00+00:00,0.2494,0.2506,0.2493,0.2499,1126733.5
2026-04-25 23:00:00+00:00,0.25,0.2504,0.2497,0.2503,729152.8
2026-04-26 00:00:00+00:00,0.2503,0.2503,0.2488,0.2493,1499608.4
2026-04-26 01:00:00+00:00,0.2492,0.2493,0.2485,0.2487,1646833.7
2026-04-26 02:00:00+00:00,0.2488,0.25,0.2488,0.2494,692628.4
2026-04-26 03:00:00+00:00,0.2494,0.2501,0.2488,0.2494,1346806.8
2026-04-26 04:00:00+00:00,0.2495,0.2508,0.2489,0.2501,1548244.9
2026-04-26 05:00:00+00:00,0.2502,0.2516,0.2498,0.2506,2716817.1
2026-04-26 06:00:00+00:00,0.2507,0.2521,0.2507,0.2513,2485196.0
2026-04-26 07:00:00+00:00,0.2514,0.2521,0.2511,0.2515,1590219.6
2026-04-26 08:00:00+00:00,0.2515,0.2518,0.25,0.2514,4335417.4
2026-04-26 09:00:00+00:00,0.2514,0.2532,0.2513,0.2522,8487123.4
2026-04-26 10:00:00+00:00,0.2522,0.2529,0.2519,0.2525,2550578.6
2026-04-26 11:00:00+00:00,0.2525,0.2544,0.2525,0.2535,3845929.2
2026-04-26 12:00:00+00:00,0.2536,0.2539,0.2519,0.2526,2940476.6
2026-04-26 13:00:00+00:00,0.2525,0.253,0.2517,0.2519,2127283.2
2026-04-26 14:00:00+00:00,0.252,0.2531,0.2514,0.2526,2260828.6
2026-04-26 15:00:00+00:00,0.2526,0.253,0.252,0.2529,1216370.1
2026-04-26 16:00:00+00:00,0.2529,0.253,0.2512,0.2516,2695723.4
2026-04-26 17:00:00+00:00,0.2517,0.2523,0.2508,0.252,1447271.9
2026-04-26 18:00:00+00:00,0.252,0.2531,0.2514,0.2526,2679982.3
2026-04-26 19:00:00+00:00,0.2526,0.2537,0.2522,0.2524,2164517.0
2026-04-26 20:00:00+00:00,0.2525,0.2531,0.252,0.252,1902439.3
2026-04-26 21:00:00+00:00,0.252,0.253,0.2507,0.2527,3941486.3
2026-04-26 22:00:00+00:00,0.2527,0.2535,0.2511,0.2518,3087072.6
2026-04-26 23:00:00+00:00,0.2517,0.2531,0.2512,0.2522,1555275.1
2026-04-27 00:00:00+00:00,0.2522,0.255,0.2516,0.2548,3421542.9
2026-04-27 01:00:00+00:00,0.2548,0.256,0.2537,0.2559,6750244.6
2026-04-27 02:00:00+00:00,0.256,0.2561,0.2544,0.2554,2532025.4
2026-04-27 03:00:00+00:00,0.2554,0.2559,0.254,0.254,3111868.0
2026-04-27 04:00:00+00:00,0.2541,0.2545,0.2526,0.2532,5802392.0
2026-04-27 05:00:00+00:00,0.2531,0.2532,0.2478,0.2484,13913560.7
2026-04-27 06:00:00+00:00,0.2485,0.2492,0.2463,0.2479,5691793.2
2026-04-27 07:00:00+00:00,0.2478,0.248,0.247,0.247,2723361.3
2026-04-27 08:00:00+00:00,0.2471,0.2477,0.2465,0.2477,5987621.2
2026-04-27 09:00:00+00:00,0.2478,0.2482,0.2473,0.2476,3262549.2
2026-04-27 10:00:00+00:00,0.2475,0.2481,0.2474,0.2477,2099847.7
2026-04-27 11:00:00+00:00,0.2478,0.2479,0.247,0.2478,2817270.6
2026-04-27 12:00:00+00:00,0.2478,0.2481,0.247,0.2478,3392084.0
2026-04-27 13:00:00+00:00,0.2477,0.2483,0.2455,0.247,6118502.0
2026-04-27 14:00:00+00:00,0.2469,0.2487,0.2465,0.2477,4408660.4
2026-04-27 15:00:00+00:00,0.2478,0.2478,0.243,0.2446,17759717.3
2026-04-27 16:00:00+00:00,0.2446,0.2454,0.2441,0.2449,4018309.8
2026-04-27 17:00:00+00:00,0.245,0.2461,0.245,0.245,2018362.8
2026-04-27 18:00:00+00:00,0.245,0.2461,0.2448,0.2458,1656985.7
2026-04-27 19:00:00+00:00,0.2457,0.246,0.2443,0.2453,1635761.0
2026-04-27 20:00:00+00:00,0.2454,0.2463,0.2454,0.2458,2034654.8
2026-04-27 21:00:00+00:00,0.2457,0.2463,0.2451,0.2451,1838660.2
2026-04-27 22:00:00+00:00,0.2452,0.2469,0.245,0.2469,1444377.9
2026-04-27 23:00:00+00:00,0.2469,0.2485,0.2469,0.2482,1641838.6
2026-04-28 00:00:00+00:00,0.2481,0.2484,0.2473,0.2478,2321303.3
2026-04-28 01:00:00+00:00,0.2477,0.2481,0.2475,0.2478,1680316.8
2026-04-28 02:00:00+00:00,0.2478,0.2485,0.2465,0.2474,3194702.4
2026-04-28 03:00:00+00:00,0.2474,0.2476,0.2468,0.2473,1272241.0
2026-04-28 04:00:00+00:00,0.2474,0.2483,0.247,0.2475,3507304.7
2026-04-28 05:00:00+00:00,0.2475,0.2488,0.2474,0.2478,2016067.2
2026-04-28 06:00:00+00:00,0.2477,0.2484,0.2458,0.2464,2863211.5
2026-04-28 07:00:00+00:00,0.2465,0.248,0.245,0.2471,6065692.1
2026-04-28 08:00:00+00:00,0.247,0.2472,0.2458,0.2468,5283642.8
2026-04-28 09:00:00+00:00,0.2468,0.2471,0.2455,0.246,1635233.8
2026-04-28 10:00:00+00:00,0.246,0.2467,0.246,0.2465,742624.5
2026-04-28 11:00:00+00:00,0.2465,0.2466,0.245,0.2456,3491032.0
2026-04-28 12:00:00+00:00,0.2457,0.2465,0.2448,0.2464,4236154.4
2026-04-28 13:00:00+00:00,0.2464,0.2474,0.2449,0.2464,4167679.6
2026-04-28 14:00:00+00:00,0.2463,0.2463,0.2443,0.2461,3114292.0
2026-04-28 15:00:00+00:00,0.2462,0.2468,0.2452,0.2465,2994559.1
2026-04-28 16:00:00+00:00,0.2466,0.247,0.2457,0.2462,1803810.5
2026-04-28 17:00:00+00:00,0.2461,0.2467,0.2452,0.2462,1631039.3
2026-04-28 18:00:00+00:00,0.2461,0.2472,0.246,0.2471,1944108.9
2026-04-28 19:00:00+00:00,0.2471,0.2477,0.2465,0.2474,1523361.3
2026-04-28 20:00:00+00:00,0.2474,0.2478,0.2471,0.2475,1188372.5
2026-04-28 21:00:00+00:00,0.2475,0.2482,0.2474,0.2476,1577995.5
2026-04-28 22:00:00+00:00,0.2476,0.2479,0.2466,0.2467,1376050.6
2026-04-28 23:00:00+00:00,0.2467,0.247,0.2463,0.2468,921768.8
2026-04-29 00:00:00+00:00,0.2468,0.2473,0.2464,0.247,1638221.2
2026-04-29 01:00:00+00:00,0.247,0.2477,0.2461,0.2474,2303679.3
2026-04-29 02:00:00+00:00,0.2474,0.2479,0.2468,0.2474,1219445.2
2026-04-29 03:00:00+00:00,0.2474,0.2495,0.2474,0.2491,4969069.4
2026-04-29 04:00:00+00:00,0.2491,0.2506,0.2486,0.2495,8103774.4
2026-04-29 05:00:00+00:00,0.2494,0.2498,0.2488,0.2494,2089673.2
2026-04-29 06:00:00+00:00,0.2495,0.25,0.2484,0.2488,3613052.7
2026-04-29 07:00:00+00:00,0.2489,0.2506,0.2487,0.2495,4378480.0
2026-04-29 08:00:00+00:00,0.2495,0.2501,0.2492,0.2494,5107395.1
2026-04-29 09:00:00+00:00,0.2494,0.2533,0.2492,0.2528,7470416.0
2026-04-29 10:00:00+00:00,0.2529,0.254,0.2516,0.2525,8882725.5
2026-04-29 11:00:00+00:00,0.2525,0.2527,0.2511,0.2513,5391896.3
2026-04-29 12:00:00+00:00,0.2513,0.2514,0.2483,0.2491,9667537.7
2026-04-29 13:00:00+00:00,0.2491,0.2493,0.2464,0.2476,5270923.2
2026-04-29 14:00:00+00:00,0.2476,0.2477,0.246,0.2463,4414278.5
2026-04-29 15:00:00+00:00,0.2463,0.2466,0.2434,0.2441,15877792.9
2026-04-29 16:00:00+00:00,0.2441,0.2449,0.2425,0.2435,9855820.2
2026-04-29 17:00:00+00:00,0.2435,0.2451,0.2434,0.2451,6200716.0
2026-04-29 18:00:00+00:00,0.245,0.2453,0.2383,0.2417,30443812.3
2026-04-29 19:00:00+00:00,0.2418,0.2422,0.2409,0.2417,5659760.7
2026-04-29 20:00:00+00:00,0.2417,0.2437,0.2413,0.2432,6662466.9
2026-04-29 21:00:00+00:00,0.2432,0.245,0.2427,0.2443,3638605.0
2026-04-29 22:00:00+00:00,0.2443,0.2448,0.2439,0.2442,1035750.4
2026-04-29 23:00:00+00:00,0.2443,0.2448,0.2434,0.2446,3825480.4
2026-04-30 00:00:00+00:00,0.2446,0.247,0.2445,0.2467,5816692.2
2026-04-30 01:00:00+00:00,0.2466,0.2478,0.2459,0.2469,2842575.3
2026-04-30 02:00:00+00:00,0.247,0.2477,0.2448,0.2465,9422661.4
2026-04-30 03:00:00+00:00,0.2466,0.2473,0.246,0.2468,2674262.1
2026-04-30 04:00:00+00:00,0.2467,0.2468,0.2448,0.2449,2040445.8
2026-04-30 05:00:00+00:00,0.2449,0.2461,0.2445,0.2452,2100603.9
2026-04-30 06:00:00+00:00,0.2452,0.2463,0.2449,0.2456,2442430.1
2026-04-30 07:00:00+00:00,0.2457,0.247,0.2454,0.2468,2361114.0
2026-04-30 08:00:00+00:00,0.2467,0.2472,0.2459,0.2466,4307828.5
2026-04-30 09:00:00+00:00,0.2467,0.2484,0.2465,0.2471,2786448.8
2026-04-30 10:00:00+00:00,0.2472,0.2474,0.2456,0.2459,2528023.7
2026-04-30 11:00:00+00:00,0.2459,0.2472,0.2454,0.2462,2687551.4
2026-04-30 12:00:00+00:00,0.2462,0.2471,0.2458,0.2458,2534267.9
2026-04-30 13:00:00+00:00,0.2458,0.2466,0.245,0.246,2062868.2
2026-04-30 14:00:00+00:00,0.2459,0.2467,0.245,0.2461,2739334.7
2026-04-30 15:00:00+00:00,0.2461,0.2483,0.2455,0.2475,4050029.0
2026-04-30 16:00:00+00:00,0.2475,0.2476,0.2461,0.2463,2460894.9
2026-04-30 17:00:00+00:00,0.2463,0.2464,0.2453,0.2462,1799718.0
2026-04-30 18:00:00+00:00,0.2462,0.2467,0.2456,0.2461,1301957.6
2026-04-30 19:00:00+00:00,0.246,0.2467,0.2458,0.2463,1299110.7
2026-04-30 20:00:00+00:00,0.2463,0.2471,0.2459,0.2466,2872853.3
2026-04-30 21:00:00+00:00,0.2467,0.2474,0.2463,0.2464,2010951.3
2026-04-30 22:00:00+00:00,0.2464,0.2471,0.2456,0.2459,1146770.7
2026-04-30 23:00:00+00:00,0.246,0.2465,0.2454,0.2463,1093716.0
2026-05-01 00:00:00+00:00,0.2463,0.2474,0.246,0.2464,2066285.7
2026-05-01 01:00:00+00:00,0.2465,0.2477,0.2464,0.2473,1581200.1
2026-05-01 02:00:00+00:00,0.2474,0.2477,0.2466,0.2473,1383357.0
2026-05-01 03:00:00+00:00,0.2472,0.2504,0.2468,0.2488,8558004.3
2026-05-01 04:00:00+00:00,0.2488,0.2499,0.2483,0.2487,3270212.1
2026-05-01 05:00:00+00:00,0.2488,0.2498,0.2485,0.2487,1461555.0
2026-05-01 06:00:00+00:00,0.2488,0.2493,0.2479,0.2484,2399373.4
2026-05-01 07:00:00+00:00,0.2483,0.249,0.248,0.2486,2304733.4
2026-05-01 08:00:00+00:00,0.2487,0.2497,0.2484,0.2493,3106066.1
2026-05-01 09:00:00+00:00,0.2493,0.2493,0.2474,0.2481,2256904.4
2026-05-01 10:00:00+00:00,0.2481,0.2482,0.247,0.2481,1649135.6
2026-05-01 11:00:00+00:00,0.248,0.2486,0.2474,0.2478,1892887.6
2026-05-01 12:00:00+00:00,0.2479,0.2496,0.2477,0.2488,5317918.8
2026-05-01 13:00:00+00:00,0.2488,0.2515,0.2487,0.2505,8268312.2
2026-05-01 14:00:00+00:00,0.2505,0.2508,0.2491,0.2503,6072158.7
2026-05-01 15:00:00+00:00,0.2502,0.251,0.249,0.2502,5447967.6
2026-05-01 16:00:00+00:00,0.2503,0.2509,0.2489,0.2495,2968261.7
2026-05-01 17:00:00+00:00,0.2494,0.2503,0.2489,0.2501,3278456.1
2026-05-01 18:00:00+00:00,0.25,0.2504,0.2496,0.2498,1939345.3
2026-05-01 19:00:00+00:00,0.2498,0.2505,0.2495,0.2498,1355259.0
2026-05-01 20:00:00+00:00,0.2498,0.2501,0.2481,0.2485,3100047.6
2026-05-01 21:00:00+00:00,0.2484,0.2492,0.2482,0.2487,1622324.3
2026-05-01 22:00:00+00:00,0.2487,0.2491,0.2478,0.2482,1632701.0
2026-05-01 23:00:00+00:00,0.2481,0.2484,0.2475,0.2482,892693.3
2026-05-02 00:00:00+00:00,0.2483,0.2486,0.2476,0.2484,1926569.2
2026-05-02 01:00:00+00:00,0.2484,0.2488,0.2481,0.2481,1348890.4
2026-05-02 02:00:00+00:00,0.2481,0.2485,0.2479,0.2482,2117027.2
2026-05-02 03:00:00+00:00,0.2482,0.2485,0.2476,0.2481,783608.9
2026-05-02 04:00:00+00:00,0.2481,0.2483,0.2475,0.2479,947040.7
2026-05-02 05:00:00+00:00,0.2479,0.2482,0.247,0.2472,2431125.0
2026-05-02 06:00:00+00:00,0.2472,0.248,0.2471,0.248,2132633.4
2026-05-02 07:00:00+00:00,0.2479,0.248,0.2476,0.2476,1452027.6
2026-05-02 08:00:00+00:00,0.2476,0.2482,0.2474,0.2481,1423045.5
2026-05-02 09:00:00+00:00,0.248,0.249,0.248,0.2488,1568819.1
2026-05-02 10:00:00+00:00,0.2488,0.2492,0.2487,0.2489,1218973.7
2026-05-02 11:00:00+00:00,0.2488,0.2488,0.2481,0.2482,1720699.2
2026-05-02 12:00:00+00:00,0.2482,0.2486,0.2476,0.2478,1050826.7
2026-05-02 13:00:00+00:00,0.2478,0.2491,0.2478,0.2488,903938.8
2026-05-02 14:00:00+00:00,0.2489,0.2501,0.2487,0.2499,2415168.4
2026-05-02 15:00:00+00:00,0.2499,0.2502,0.2494,0.25,1360866.7
2026-05-02 16:00:00+00:00,0.25,0.2509,0.25,0.2506,3121164.4
2026-05-02 17:00:00+00:00,0.2507,0.2508,0.2497,0.2498,1706360.3
2026-05-02 18:00:00+00:00,0.2498,0.2505,0.2491,0.2504,1927478.8
2026-05-02 19:00:00+00:00,0.2504,0.2514,0.2503,0.2513,2688827.2
2026-05-02 20:00:00+00:00,0.2513,0.2516,0.2508,0.2511,2223852.3
2026-05-02 21:00:00+00:00,0.2512,0.2528,0.2507,0.2511,3924048.5
2026-05-02 22:00:00+00:00,0.2512,0.2516,0.2504,0.251,2457292.4
2026-05-02 23:00:00+00:00,0.2509,0.2509,0.25,0.2501,2821620.0
2026-05-03 00:00:00+00:00,0.2502,0.2505,0.2493,0.2498,2897254.5
2026-05-03 01:00:00+00:00,0.2497,0.2498,0.2481,0.2483,2194098.4
2026-05-03 02:00:00+00:00,0.2483,0.2486,0.2475,0.2478,3214755.6
2026-05-03 03:00:00+00:00,0.2479,0.2483,0.2475,0.2481,2179825.2
2026-05-03 04:00:00+00:00,0.2481,0.2489,0.2476,0.2484,2614128.6
2026-05-03 05:00:00+00:00,0.2483,0.2488,0.2479,0.2484,673368.6
2026-05-03 06:00:00+00:00,0.2483,0.2489,0.2475,0.2485,1972878.1
2026-05-03 07:00:00+00:00,0.2485,0.2496,0.2485,0.2488,2431166.9
2026-05-03 08:00:00+00:00,0.2488,0.2494,0.2483,0.2483,2184948.2
2026-05-03 09:00:00+00:00,0.2484,0.2496,0.2482,0.2494,2057395.3
2026-05-03 10:00:00+00:00,0.2494,0.2495,0.2486,0.2486,931957.7
2026-05-03 11:00:00+00:00,0.2485,0.2505,0.2482,0.2496,3110745.1
2026-05-03 12:00:00+00:00,0.2497,0.2509,0.2497,0.2501,2095757.9
2026-05-03 13:00:00+00:00,0.2501,0.2503,0.2495,0.2498,1963141.6
2026-05-03 14:00:00+00:00,0.2499,0.2505,0.2495,0.2501,857585.3
2026-05-03 15:00:00+00:00,0.2501,0.2512,0.2501,0.2507,2590984.0
2026-05-03 16:00:00+00:00,0.2507,0.2514,0.2504,0.2511,3102005.4
2026-05-03 17:00:00+00:00,0.2512,0.2514,0.2505,0.2507,1314460.1
2026-05-03 18:00:00+00:00,0.2508,0.2511,0.2504,0.2507,1315421.2
2026-05-03 19:00:00+00:00,0.2507,0.2514,0.2505,0.2509,871821.0
2026-05-03 20:00:00+00:00,0.2509,0.2518,0.2502,0.2502,3345234.2
2026-05-03 21:00:00+00:00,0.2503,0.2509,0.2485,0.2493,4399177.9
2026-05-03 22:00:00+00:00,0.2494,0.2518,0.2494,0.251,5309388.2
2026-05-03 23:00:00+00:00,0.251,0.2515,0.2492,0.2495,4968628.2
2026-05-04 00:00:00+00:00,0.2495,0.2495,0.2473,0.249,6680163.0
2026-05-04 01:00:00+00:00,0.249,0.2526,0.2477,0.2521,6223763.6
2026-05-04 02:00:00+00:00,0.2522,0.2543,0.252,0.2535,9496980.1
2026-05-04 03:00:00+00:00,0.2534,0.2545,0.2528,0.2537,4950373.9
2026-05-04 04:00:00+00:00,0.2537,0.255,0.2531,0.2534,7128208.6
2026-05-04 05:00:00+00:00,0.2533,0.2536,0.2523,0.2531,4315632.6
2026-05-04 06:00:00+00:00,0.253,0.2534,0.2509,0.2531,6216587.0
2026-05-04 07:00:00+00:00,0.2531,0.2532,0.2516,0.2517,2888332.3
2026-05-04 08:00:00+00:00,0.2517,0.2521,0.2512,0.2516,3337041.4
2026-05-04 09:00:00+00:00,0.2516,0.2535,0.2515,0.253,2729140.3
2026-05-04 10:00:00+00:00,0.2531,0.2532,0.247,0.2483,20222059.2
2026-05-04 11:00:00+00:00,0.2483,0.2488,0.2479,0.2485,4669537.8
2026-05-04 12:00:00+00:00,0.2485,0.2497,0.2483,0.2491,3539065.3
2026-05-04 13:00:00+00:00,0.249,0.2506,0.2482,0.25,5157441.6
2026-05-04 14:00:00+00:00,0.2499,0.2533,0.249,0.2524,8681218.1
2026-05-04 15:00:00+00:00,0.2525,0.2527,0.2494,0.2508,11089818.0
2026-05-04 16:00:00+00:00,0.2508,0.2515,0.2495,0.2506,5595951.1
2026-05-04 17:00:00+00:00,0.2506,0.2528,0.2505,0.2521,4167634.8
2026-05-04 18:00:00+00:00,0.2521,0.2527,0.2512,0.2522,3605892.4
2026-05-04 19:00:00+00:00,0.2522,0.2522,0.2507,0.2511,2025498.3
2026-05-04 20:00:00+00:00,0.251,0.2511,0.2494,0.2498,2612052.8
2026-05-04 21:00:00+00:00,0.2497,0.2516,0.2497,0.251,2032045.7
2026-05-04 22:00:00+00:00,0.251,0.2515,0.25,0.2503,2328355.2
2026-05-04 23:00:00+00:00,0.2502,0.2506,0.2497,0.2499,1610096.2
2026-05-05 00:00:00+00:00,0.25,0.2509,0.2497,0.2507,4044845.9
2026-05-05 01:00:00+00:00,0.2507,0.2512,0.2502,0.251,3337569.8
2026-05-05 02:00:00+00:00,0.2509,0.2523,0.2507,0.2516,3160730.2
2026-05-05 03:00:00+00:00,0.2517,0.253,0.2511,0.2526,4188640.1
2026-05-05 04:00:00+00:00,0.2526,0.2531,0.252,0.2522,2294748.6
2026-05-05 05:00:00+00:00,0.2522,0.2534,0.2521,0.2529,4666426.5
2026-05-05 06:00:00+00:00,0.253,0.2552,0.2525,0.2548,6520836.4
2026-05-05 07:00:00+00:00,0.2547,0.2583,0.2544,0.2566,16832654.8
2026-05-05 08:00:00+00:00,0.2567,0.2581,0.2564,0.2568,7947022.3
2026-05-05 09:00:00+00:00,0.2569,0.2595,0.2568,0.2574,11050480.7
2026-05-05 10:00:00+00:00,0.2575,0.2599,0.2572,0.2591,9043472.1
2026-05-05 11:00:00+00:00,0.2591,0.2592,0.2575,0.2585,3714887.3
2026-05-05 12:00:00+00:00,0.2585,0.2593,0.2581,0.2588,4191019.2
2026-05-05 13:00:00+00:00,0.2588,0.2597,0.2575,0.2586,7013057.0
2026-05-05 14:00:00+00:00,0.2585,0.2589,0.2558,0.257,10721806.8
2026-05-05 15:00:00+00:00,0.2569,0.2579,0.2568,0.2568,3172908.0
2026-05-05 16:00:00+00:00,0.2569,0.258,0.2561,0.2575,5927830.8
2026-05-05 17:00:00+00:00,0.2576,0.2588,0.2567,0.2582,2563485.0
2026-05-05 18:00:00+00:00,0.2582,0.2589,0.2577,0.2579,1643592.4
2026-05-05 19:00:00+00:00,0.2579,0.2587,0.2576,0.2587,1613810.1
2026-05-05 20:00:00+00:00,0.2587,0.2615,0.2584,0.2613,8307311.1
2026-05-05 21:00:00+00:00,0.2612,0.2645,0.2611,0.264,15854112.0
2026-05-05 22:00:00+00:00,0.2641,0.2657,0.2615,0.2625,12826681.0
2026-05-05 23:00:00+00:00,0.2625,0.2633,0.2612,0.262,5526646.8
2026-05-06 00:00:00+00:00,0.2619,0.263,0.26,0.2608,7933518.6
2026-05-06 01:00:00+00:00,0.2607,0.2635,0.2607,0.2632,3634207.6
2026-05-06 02:00:00+00:00,0.2632,0.2632,0.261,0.262,3029490.4
2026-05-06 03:00:00+00:00,0.262,0.2644,0.2616,0.264,4126717.7
2026-05-06 04:00:00+00:00,0.264,0.2645,0.2623,0.2623,6779665.2
2026-05-06 05:00:00+00:00,0.2623,0.2641,0.262,0.2641,6542496.4
2026-05-06 06:00:00+00:00,0.2641,0.2645,0.2631,0.2637,2944137.9
2026-05-06 07:00:00+00:00,0.2638,0.2653,0.2634,0.265,4654039.8
2026-05-06 08:00:00+00:00,0.265,0.2723,0.2647,0.2721,30285401.5
2026-05-06 09:00:00+00:00,0.272,0.2738,0.27,0.2731,17852328.5
2026-05-06 10:00:00+00:00,0.2731,0.2733,0.2705,0.271,9908986.3
2026-05-06 11:00:00+00:00,0.2709,0.2718,0.2701,0.2718,7087217.7
2026-05-06 12:00:00+00:00,0.2718,0.2723,0.2707,0.2719,6448896.4
2026-05-06 13:00:00+00:00,0.2718,0.2718,0.2639,0.2652,22431844.9
2026-05-06 14:00:00+00:00,0.2652,0.2671,0.2628,0.2657,10135845.5
2026-05-06 15:00:00+00:00,0.2658,0.2679,0.2657,0.2676,5277563.4
2026-05-06 16:00:00+00:00,0.2676,0.2683,0.2656,0.2668,4203256.1
2026-05-06 17:00:00+00:00,0.2668,0.2673,0.2655,0.2658,3887830.8
2026-05-06 18:00:00+00:00,0.2658,0.2667,0.2649,0.2659,2754205.1
2026-05-06 19:00:00+00:00,0.266,0.2666,0.2656,0.2664,1641907.2
2026-05-06 20:00:00+00:00,0.2664,0.2678,0.2655,0.2662,1879580.3
2026-05-06 21:00:00+00:00,0.2663,0.2689,0.2651,0.2686,5051217.3
2026-05-06 22:00:00+00:00,0.2687,0.2687,0.2657,0.2658,1979007.1
2026-05-06 23:00:00+00:00,0.2659,0.2671,0.2643,0.267,2541557.3
2026-05-07 00:00:00+00:00,0.2669,0.2674,0.2649,0.2655,3791554.6
2026-05-07 01:00:00+00:00,0.2654,0.266,0.264,0.2653,6215784.0
2026-05-07 02:00:00+00:00,0.2653,0.2656,0.2632,0.2647,5019893.1
2026-05-07 03:00:00+00:00,0.2647,0.2654,0.2637,0.2638,4465045.9
2026-05-07 04:00:00+00:00,0.2637,0.2665,0.2635,0.2652,3447115.7
2026-05-07 05:00:00+00:00,0.2652,0.2673,0.2652,0.2662,5587696.7
2026-05-07 06:00:00+00:00,0.2661,0.2677,0.2646,0.2676,3455870.2
2026-05-07 07:00:00+00:00,0.2677,0.2687,0.2671,0.2684,3883348.6
2026-05-07 08:00:00+00:00,0.2684,0.2689,0.2673,0.2679,4806591.5
2026-05-07 09:00:00+00:00,0.268,0.268,0.2664,0.2668,3263624.8
2026-05-07 10:00:00+00:00,0.2668,0.2677,0.2657,0.2671,2713904.8
2026-05-07 11:00:00+00:00,0.2672,0.2685,0.267,0.268,2869018.3
2026-05-07 12:00:00+00:00,0.2679,0.2704,0.2678,0.2693,4470865.9
2026-05-07 13:00:00+00:00,0.2692,0.2692,0.2649,0.2662,7451470.7
2026-05-07 14:00:00+00:00,0.2663,0.2668,0.2623,0.2637,10476116.6
2026-05-07 15:00:00+00:00,0.2638,0.2644,0.2611,0.2618,8612339.3
2026-05-07 16:00:00+00:00,0.2619,0.2635,0.2612,0.262,5019140.6
2026-05-07 17:00:00+00:00,0.262,0.2629,0.2596,0.2628,7506259.9
2026-05-07 18:00:00+00:00,0.2629,0.2643,0.2624,0.2635,3938175.9
2026-05-07 19:00:00+00:00,0.2634,0.2642,0.2624,0.263,2032383.7
2026-05-07 20:00:00+00:00,0.2631,0.2647,0.2616,0.2616,2724432.3
2026-05-07 21:00:00+00:00,0.2617,0.2628,0.2608,0.2616,2342169.0
2026-05-07 22:00:00+00:00,0.2615,0.2624,0.2608,0.2619,3397098.6
2026-05-07 23:00:00+00:00,0.2618,0.263,0.2617,0.2627,1411946.2
2026-05-08 00:00:00+00:00,0.2627,0.2634,0.2614,0.262,1900141.2
2026-05-08 01:00:00+00:00,0.2621,0.2623,0.261,0.2619,1911670.7
2026-05-08 02:00:00+00:00,0.2619,0.2625,0.2602,0.2613,3441390.5
2026-05-08 03:00:00+00:00,0.2614,0.2625,0.2601,0.2619,2695423.1
2026-05-08 04:00:00+00:00,0.2619,0.2627,0.2617,0.2623,1100480.9
2026-05-08 05:00:00+00:00,0.2624,0.2626,0.2613,0.2613,2875668.8
2026-05-08 06:00:00+00:00,0.2613,0.262,0.2606,0.2615,2438660.0
2026-05-08 07:00:00+00:00,0.2615,0.2622,0.2605,0.262,3067683.3
2026-05-08 08:00:00+00:00,0.2621,0.2643,0.2617,0.2634,3665942.0
2026-05-08 09:00:00+00:00,0.2634,0.2646,0.2627,0.2635,2570867.0
2026-05-08 10:00:00+00:00,0.2636,0.2648,0.2631,0.264,1790383.5
2026-05-08 11:00:00+00:00,0.2641,0.2648,0.2638,0.2644,1641161.8
2026-05-08 12:00:00+00:00,0.2644,0.2653,0.2637,0.2641,4014291.3
2026-05-08 13:00:00+00:00,0.2641,0.2644,0.2628,0.264,2768854.6
2026-05-08 14:00:00+00:00,0.2641,0.2676,0.264,0.2673,5095725.0
2026-05-08 15:00:00+00:00,0.2675,0.2697,0.2656,0.2696,4727224.5
2026-05-08 16:00:00+00:00,0.2697,0.2698,0.2677,0.2691,4501063.4
2026-05-08 17:00:00+00:00,0.269,0.2724,0.2689,0.2709,7604416.2
2026-05-08 18:00:00+00:00,0.271,0.273,0.2708,0.2718,6891657.9
2026-05-08 19:00:00+00:00,0.2718,0.2734,0.271,0.2718,4081979.3
2026-05-08 20:00:00+00:00,0.2718,0.272,0.271,0.2715,2283102.3
2026-05-08 21:00:00+00:00,0.2715,0.2788,0.2713,0.276,18209664.4
2026-05-08 22:00:00+00:00,0.2761,0.2774,0.2747,0.275,3756330.1
2026-05-08 23:00:00+00:00,0.275,0.2753,0.2724,0.2734,4378685.2
2026-05-09 00:00:00+00:00,0.2735,0.2759,0.2731,0.2757,4972788.6
2026-05-09 01:00:00+00:00,0.2757,0.2785,0.2753,0.2776,5180783.8
2026-05-09 02:00:00+00:00,0.2776,0.2781,0.2764,0.2773,3454285.6
2026-05-09 03:00:00+00:00,0.2773,0.2775,0.2756,0.2763,2656016.4
2026-05-09 04:00:00+00:00,0.2763,0.2781,0.275,0.2752,4756244.1
2026-05-09 05:00:00+00:00,0.2752,0.2769,0.2748,0.276,2541987.4
2026-05-09 06:00:00+00:00,0.276,0.2765,0.2743,0.2749,2931331.0
2026-05-09 07:00:00+00:00,0.2749,0.2753,0.2741,0.2752,2132682.8
2026-05-09 08:00:00+00:00,0.2752,0.2767,0.2751,0.2758,2127127.8
2026-05-09 09:00:00+00:00,0.2759,0.2759,0.2728,0.2731,2801156.5
2026-05-09 10:00:00+00:00,0.2731,0.2737,0.2722,0.2731,1946891.0
2026-05-09 11:00:00+00:00,0.2731,0.274,0.273,0.2736,1019974.1
2026-05-09 12:00:00+00:00,0.2736,0.2742,0.2726,0.2732,2187085.0
2026-05-09 13:00:00+00:00,0.2732,0.2735,0.2715,0.2725,2262431.0
2026-05-09 14:00:00+00:00,0.2725,0.2726,0.271,0.2712,2854602.5
2026-05-09 15:00:00+00:00,0.2711,0.2715,0.27,0.2704,2830251.2
2026-05-09 16:00:00+00:00,0.2705,0.2713,0.2695,0.2706,2162272.3
2026-05-09 17:00:00+00:00,0.2707,0.2726,0.2706,0.2717,2110413.2
2026-05-09 18:00:00+00:00,0.2718,0.2731,0.2718,0.272,3298589.9
2026-05-09 19:00:00+00:00,0.272,0.2727,0.2718,0.2727,1113706.8
2026-05-09 20:00:00+00:00,0.2727,0.2728,0.2718,0.2724,1035682.1
2026-05-09 21:00:00+00:00,0.2724,0.2728,0.2719,0.2721,857840.4
2026-05-09 22:00:00+00:00,0.272,0.2728,0.2718,0.2723,964617.1
2026-05-09 23:00:00+00:00,0.2723,0.2726,0.2704,0.2708,1799643.5
2026-05-10 00:00:00+00:00,0.2708,0.2719,0.27,0.2704,2797992.4
2026-05-10 01:00:00+00:00,0.2703,0.2703,0.2688,0.2697,2761248.7
2026-05-10 02:00:00+00:00,0.2696,0.2707,0.2692,0.2703,1814025.8
2026-05-10 03:00:00+00:00,0.2704,0.2709,0.2696,0.27,1844080.7
2026-05-10 04:00:00+00:00,0.27,0.2707,0.2698,0.2702,809865.6
2026-05-10 05:00:00+00:00,0.2701,0.2707,0.2692,0.2697,1490128.0
2026-05-10 06:00:00+00:00,0.2698,0.27,0.2682,0.2696,3479691.0
2026-05-10 07:00:00+00:00,0.2697,0.2713,0.2696,0.2707,2640725.7
2026-05-10 08:00:00+00:00,0.2706,0.2734,0.2705,0.2731,4591585.6
2026-05-10 09:00:00+00:00,0.2732,0.2736,0.2718,0.2719,3109755.3
2026-05-10 10:00:00+00:00,0.272,0.2731,0.2712,0.2726,2546963.3
2026-05-10 11:00:00+00:00,0.2726,0.273,0.2713,0.2728,2461318.5
2026-05-10 12:00:00+00:00,0.2727,0.273,0.272,0.273,1648386.5
2026-05-10 13:00:00+00:00,0.273,0.2748,0.2727,0.2744,2588110.0
2026-05-10 14:00:00+00:00,0.2745,0.2759,0.2741,0.2755,4215452.9
2026-05-10 15:00:00+00:00,0.2755,0.2825,0.2754,0.2815,16897708.4
2026-05-10 16:00:00+00:00,0.2816,0.2857,0.2802,0.2846,17884473.6
2026-05-10 17:00:00+00:00,0.2846,0.2885,0.2839,0.2869,13137951.0
2026-05-10 18:00:00+00:00,0.2869,0.2884,0.2858,0.2868,7387175.4
2026-05-10 19:00:00+00:00,0.2867,0.2887,0.2848,0.287,6345012.6
2026-05-10 20:00:00+00:00,0.2871,0.2882,0.2751,0.2778,18569292.2
2026-05-10 21:00:00+00:00,0.2778,0.2813,0.2761,0.2794,8122293.5
2026-05-10 22:00:00+00:00,0.2793,0.2837,0.2787,0.2832,9063873.5
2026-05-10 23:00:00+00:00,0.2831,0.2838,0.2818,0.2824,4155374.6
2026-05-11 00:00:00+00:00,0.2824,0.2829,0.2785,0.2796,7430498.6
2026-05-11 01:00:00+00:00,0.2796,0.2815,0.2785,0.2804,2878369.8
2026-05-11 02:00:00+00:00,0.2804,0.2806,0.2768,0.2776,6366660.7
2026-05-11 03:00:00+00:00,0.2776,0.2779,0.274,0.2765,5773988.0
2026-05-11 04:00:00+00:00,0.2765,0.2776,0.2753,0.2772,3814151.7
2026-05-11 05:00:00+00:00,0.2772,0.2793,0.2771,0.2786,3164755.0
2026-05-11 06:00:00+00:00,0.2787,0.2799,0.2776,0.2783,2927674.2
2026-05-11 07:00:00+00:00,0.2783,0.2783,0.277,0.2778,2632396.2
2026-05-11 08:00:00+00:00,0.2777,0.2782,0.2758,0.2765,4766847.9
2026-05-11 09:00:00+00:00,0.2765,0.2788,0.276,0.2783,2602351.8
2026-05-11 10:00:00+00:00,0.2783,0.2812,0.2782,0.2788,5382878.5
2026-05-11 11:00:00+00:00,0.2789,0.2802,0.2785,0.2794,3229716.1
2026-05-11 12:00:00+00:00,0.2794,0.2802,0.2778,0.2787,3064192.3
2026-05-11 13:00:00+00:00,0.2788,0.2812,0.2782,0.2807,6370652.0
2026-05-11 14:00:00+00:00,0.2806,0.282,0.2777,0.2803,9164138.3
2026-05-11 15:00:00+00:00,0.2804,0.2836,0.2798,0.2824,7070861.6
2026-05-11 16:00:00+00:00,0.2824,0.283,0.2804,0.2816,3485682.2
2026-05-11 17:00:00+00:00,0.2816,0.2825,0.2805,0.2817,1591605.5
2026-05-11 18:00:00+00:00,0.2817,0.282,0.28,0.2802,1874512.1
2026-05-11 19:00:00+00:00,0.2802,0.2813,0.2794,0.2812,2370813.9
2026-05-11 20:00:00+00:00,0.2813,0.2819,0.2792,0.2809,3012433.4
2026-05-11 21:00:00+00:00,0.2809,0.282,0.2804,0.2805,2951043.3
2026-05-11 22:00:00+00:00,0.2805,0.2819,0.2801,0.2807,2968797.5
2026-05-11 23:00:00+00:00,0.2807,0.2811,0.2796,0.2804,2026110.6
2026-05-12 00:00:00+00:00,0.2803,0.2819,0.2798,0.2813,2176959.5
2026-05-12 01:00:00+00:00,0.2813,0.2817,0.2764,0.2777,8195579.1
2026-05-12 02:00:00+00:00,0.2777,0.2789,0.2774,0.2783,2211784.8
2026-05-12 03:00:00+00:00,0.2783,0.2789,0.2768,0.2772,2194588.8
2026-05-12 04:00:00+00:00,0.2771,0.2783,0.2769,0.2775,2388541.0
2026-05-12 05:00:00+00:00,0.2775,0.2784,0.2773,0.2776,1966053.9
2026-05-12 06:00:00+00:00,0.2775,0.2784,0.2765,0.2769,3898748.4
2026-05-12 07:00:00+00:00,0.2768,0.2774,0.275,0.2769,4723450.4
2026-05-12 08:00:00+00:00,0.2768,0.2777,0.2753,0.2762,5432828.9
2026-05-12 09:00:00+00:00,0.2761,0.2762,0.2744,0.2759,3311208.8
2026-05-12 10:00:00+00:00,0.2758,0.276,0.2734,0.2745,4409468.8
2026-05-12 11:00:00+00:00,0.2745,0.2749,0.2734,0.2745,3136716.4
2026-05-12 12:00:00+00:00,0.2744,0.2754,0.2729,0.2743,4370673.1
2026-05-12 13:00:00+00:00,0.2742,0.2747,0.2713,0.2719,6879022.9
2026-05-12 14:00:00+00:00,0.2718,0.2728,0.2687,0.2694,8443340.7
2026-05-12 15:00:00+00:00,0.2693,0.2707,0.2679,0.2691,5712495.8
2026-05-12 16:00:00+00:00,0.2691,0.2703,0.2672,0.2677,6071633.8
2026-05-12 17:00:00+00:00,0.2677,0.2709,0.2676,0.2704,6580139.3
2026-05-12 18:00:00+00:00,0.2704,0.271,0.2699,0.2704,1723661.1
2026-05-12 19:00:00+00:00,0.2704,0.2726,0.2703,0.272,4453534.7
2026-05-12 20:00:00+00:00,0.2721,0.2723,0.2715,0.2721,2003850.2
2026-05-12 21:00:00+00:00,0.2721,0.2725,0.2716,0.2719,2523528.2
2026-05-12 22:00:00+00:00,0.2719,0.273,0.2713,0.2717,1456884.8
2026-05-12 23:00:00+00:00,0.2717,0.2724,0.2707,0.2711,2648833.5
2026-05-13 00:00:00+00:00,0.2712,0.2737,0.2709,0.2716,8659412.2
2026-05-13 01:00:00+00:00,0.2717,0.2743,0.2716,0.2733,2718137.4
2026-05-13 02:00:00+00:00,0.2733,0.2743,0.273,0.2735,2031786.1
2026-05-13 03:00:00+00:00,0.2736,0.2744,0.2733,0.2741,1279971.7
2026-05-13 04:00:00+00:00,0.2742,0.2749,0.2735,0.2744,2296993.9
2026-05-13 05:00:00+00:00,0.2744,0.2746,0.2725,0.2731,2798199.2
2026-05-13 06:00:00+00:00,0.273,0.274,0.2725,0.2727,1901178.8
2026-05-13 07:00:00+00:00,0.2727,0.2737,0.2726,0.2733,1612905.5
2026-05-13 08:00:00+00:00,0.2733,0.2745,0.273,0.274,2148515.5
2026-05-13 09:00:00+00:00,0.274,0.2777,0.2739,0.2772,3950120.9
2026-05-13 10:00:00+00:00,0.2772,0.2773,0.2734,0.274,2797965.8
2026-05-13 11:00:00+00:00,0.2739,0.2742,0.2703,0.2706,7239888.8
2026-05-13 12:00:00+00:00,0.2706,0.2716,0.2661,0.2679,13587650.8
2026-05-13 13:00:00+00:00,0.268,0.269,0.2648,0.2657,10149960.2
2026-05-13 14:00:00+00:00,0.2656,0.2667,0.2638,0.266,7606746.6
2026-05-13 15:00:00+00:00,0.2659,0.2668,0.2612,0.262,10480768.6
2026-05-13 16:00:00+00:00,0.262,0.2649,0.2619,0.2643,7058338.0
2026-05-13 17:00:00+00:00,0.2644,0.265,0.2639,0.2641,3433476.8
2026-05-13 18:00:00+00:00,0.2641,0.266,0.2641,0.2647,3079875.3
2026-05-13 19:00:00+00:00,0.2648,0.2649,0.2634,0.2639,1795477.3
2026-05-13 20:00:00+00:00,0.2638,0.2652,0.2637,0.2648,1613911.2
2026-05-13 21:00:00+00:00,0.2649,0.265,0.2632,0.264,1933990.7
2026-05-13 22:00:00+00:00,0.2641,0.2651,0.263,0.265,5862230.9
2026-05-13 23:00:00+00:00,0.265,0.2664,0.2644,0.2648,4679677.8
2026-05-14 00:00:00+00:00,0.2648,0.2661,0.2647,0.2656,3010059.6
2026-05-14 01:00:00+00:00,0.2655,0.266,0.2651,0.2655,1615633.3
2026-05-14 02:00:00+00:00,0.2655,0.2662,0.2644,0.2648,2242513.7
2026-05-14 03:00:00+00:00,0.2648,0.2652,0.2623,0.263,3523790.9
2026-05-14 04:00:00+00:00,0.2629,0.2649,0.2625,0.2646,2208883.1
2026-05-14 05:00:00+00:00,0.2646,0.2667,0.2645,0.2662,3270574.8
2026-05-14 06:00:00+00:00,0.2661,0.2665,0.2653,0.2654,1847050.7
2026-05-14 07:00:00+00:00,0.2653,0.2657,0.2645,0.2645,1650216.1
2026-05-14 08:00:00+00:00,0.2645,0.2658,0.2639,0.2651,1554762.2
2026-05-14 09:00:00+00:00,0.2651,0.2653,0.2637,0.2647,1309572.4
2026-05-14 10:00:00+00:00,0.2646,0.2654,0.2637,0.2648,1940130.2
2026-05-14 11:00:00+00:00,0.2648,0.2651,0.2637,0.264,1396778.0
2026-05-14 12:00:00+00:00,0.264,0.2669,0.2638,0.2666,3126461.2
2026-05-14 13:00:00+00:00,0.2666,0.2681,0.2663,0.2669,5956525.7
2026-05-14 14:00:00+00:00,0.2668,0.2707,0.2649,0.2703,7997131.6
2026-05-14 15:00:00+00:00,0.2704,0.2709,0.2689,0.2703,3993740.8
2026-05-14 16:00:00+00:00,0.2703,0.2724,0.2694,0.2722,7776333.4
2026-05-14 17:00:00+00:00,0.2722,0.2734,0.2703,0.2723,7180048.4
2026-05-14 18:00:00+00:00,0.2723,0.2793,0.2715,0.2787,14754683.8
2026-05-14 19:00:00+00:00,0.2788,0.2804,0.2734,0.274,17568803.8
2026-05-14 20:00:00+00:00,0.274,0.2744,0.2717,0.2732,6829027.3
2026-05-14 21:00:00+00:00,0.2733,0.2742,0.2717,0.2735,3730754.2
2026-05-14 22:00:00+00:00,0.2736,0.2737,0.2711,0.2721,6004152.1
2026-05-14 23:00:00+00:00,0.272,0.2728,0.2698,0.2706,9182238.8
2026-05-15 00:00:00+00:00,0.2705,0.2729,0.2705,0.2724,3441119.7
2026-05-15 01:00:00+00:00,0.2724,0.2729,0.2703,0.2705,1928260.8
2026-05-15 02:00:00+00:00,0.2705,0.2714,0.2684,0.2709,3215344.5
2026-05-15 03:00:00+00:00,0.2709,0.2713,0.2693,0.2698,1880132.5
2026-05-15 04:00:00+00:00,0.2698,0.2701,0.2677,0.2678,1897058.0
2026-05-15 05:00:00+00:00,0.2678,0.2682,0.2649,0.2655,5508008.1
2026-05-15 06:00:00+00:00,0.2655,0.2676,0.2652,0.2674,2844978.0
2026-05-15 07:00:00+00:00,0.2674,0.2691,0.267,0.2683,3026810.9
2026-05-15 08:00:00+00:00,0.2684,0.2685,0.2665,0.2678,2531616.0
2026-05-15 09:00:00+00:00,0.2677,0.268,0.2661,0.2667,1797683.7
2026-05-15 10:00:00+00:00,0.2668,0.2687,0.2664,0.2683,2475814.8
2026-05-15 11:00:00+00:00,0.2683,0.2686,0.267,0.2672,1492836.2
2026-05-15 12:00:00+00:00,0.2671,0.2672,0.2652,0.2655,2863712.8
2026-05-15 13:00:00+00:00,0.2655,0.2655,0.2569,0.258,20991399.7
2026-05-15 14:00:00+00:00,0.258,0.26,0.2568,0.2591,14104925.0
2026-05-15 15:00:00+00:00,0.2592,0.2595,0.2572,0.2583,6456829.6
2026-05-15 16:00:00+00:00,0.2582,0.2615,0.2577,0.261,7835668.3
2026-05-15 17:00:00+00:00,0.2609,0.2628,0.2608,0.2621,4639804.6
2026-05-15 18:00:00+00:00,0.2621,0.2626,0.2611,0.2622,3253768.5
2026-05-15 19:00:00+00:00,0.2623,0.2623,0.2608,0.261,2267210.9
2026-05-15 20:00:00+00:00,0.2611,0.2616,0.2601,0.2608,3013871.6
2026-05-15 21:00:00+00:00,0.2609,0.2615,0.2606,0.2608,2160808.9
2026-05-15 22:00:00+00:00,0.2609,0.2618,0.2609,0.2616,1988582.4
2026-05-15 23:00:00+00:00,0.2617,0.262,0.2611,0.2616,1150237.4
2026-05-16 00:00:00+00:00,0.2615,0.2625,0.2612,0.2618,2440225.0
2026-05-16 01:00:00+00:00,0.2618,0.2621,0.2607,0.2618,1417427.7
2026-05-16 02:00:00+00:00,0.2619,0.2621,0.2609,0.2617,1062430.5
2026-05-16 03:00:00+00:00,0.2617,0.262,0.261,0.2612,1355531.0
2026-05-16 04:00:00+00:00,0.2612,0.2613,0.2586,0.2592,3976502.3
2026-05-16 05:00:00+00:00,0.2593,0.2596,0.2585,0.2587,1906035.5
2026-05-16 06:00:00+00:00,0.2587,0.2589,0.2553,0.2563,6651917.6
2026-05-16 07:00:00+00:00,0.2563,0.2565,0.2532,0.2554,10741625.7
2026-05-16 08:00:00+00:00,0.2554,0.2562,0.2551,0.2551,4717557.5
2026-05-16 09:00:00+00:00,0.2552,0.2556,0.2521,0.2534,8225017.6
2026-05-16 10:00:00+00:00,0.2533,0.2543,0.2522,0.2539,3788174.6
2026-05-16 11:00:00+00:00,0.2539,0.2547,0.2539,0.2541,1826031.1
2026-05-16 12:00:00+00:00,0.254,0.2551,0.2537,0.2546,2228659.2
2026-05-16 13:00:00+00:00,0.2546,0.2549,0.2541,0.2544,1923351.3
2026-05-16 14:00:00+00:00,0.2544,0.2557,0.2539,0.2548,2389130.5
2026-05-16 15:00:00+00:00,0.2548,0.2561,0.2548,0.2556,2686306.4
2026-05-16 16:00:00+00:00,0.2556,0.2565,0.2551,0.2554,2765414.1
2026-05-16 17:00:00+00:00,0.2555,0.2563,0.2555,0.256,2569257.2
2026-05-16 18:00:00+00:00,0.256,0.2563,0.255,0.2554,2429115.1
2026-05-16 19:00:00+00:00,0.2553,0.2555,0.255,0.2551,1213161.6
2026-05-16 20:00:00+00:00,0.2552,0.2558,0.2551,0.2552,1135965.6
2026-05-16 21:00:00+00:00,0.2551,0.2557,0.254,0.2556,5412706.9
2026-05-16 22:00:00+00:00,0.2556,0.2557,0.2547,0.2548,1375442.4
2026-05-16 23:00:00+00:00,0.2548,0.2554,0.2545,0.2551,934239.4
2026-05-17 00:00:00+00:00,0.255,0.2555,0.254,0.2545,2127390.0
2026-05-17 01:00:00+00:00,0.2546,0.2548,0.2527,0.2527,3299422.8
2026-05-17 02:00:00+00:00,0.2528,0.2539,0.2527,0.2534,2271948.4
2026-05-17 03:00:00+00:00,0.2533,0.2547,0.2533,0.2544,2621151.7
2026-05-17 04:00:00+00:00,0.2543,0.2558,0.2542,0.2552,1161319.0
2026-05-17 05:00:00+00:00,0.2552,0.2565,0.2551,0.2553,2883510.3
2026-05-17 06:00:00+00:00,0.2554,0.2558,0.2549,0.2556,661302.7
2026-05-17 07:00:00+00:00,0.2557,0.2569,0.2554,0.2562,1388915.9
2026-05-17 08:00:00+00:00,0.2563,0.2564,0.2556,0.2557,1455499.3
2026-05-17 09:00:00+00:00,0.2557,0.2568,0.2555,0.2565,1066409.9
2026-05-17 10:00:00+00:00,0.2566,0.2582,0.2566,0.2573,3061055.1
2026-05-17 11:00:00+00:00,0.2572,0.2573,0.256,0.2566,1167149.1
2026-05-17 12:00:00+00:00,0.2566,0.2572,0.256,0.2561,1866486.7
2026-05-17 13:00:00+00:00,0.2562,0.2562,0.2546,0.2555,3179909.5
2026-05-17 14:00:00+00:00,0.2554,0.2554,0.2535,0.2553,3461261.0
2026-05-17 15:00:00+00:00,0.2552,0.2556,0.2545,0.2552,1627072.1
2026-05-17 16:00:00+00:00,0.2552,0.2556,0.2542,0.2544,1570175.7
2026-05-17 17:00:00+00:00,0.2545,0.2546,0.2534,0.2543,2353116.2
2026-05-17 18:00:00+00:00,0.2543,0.2548,0.253,0.2544,1573996.8
2026-05-17 19:00:00+00:00,0.2545,0.2555,0.2543,0.2553,985447.2
2026-05-17 20:00:00+00:00,0.2553,0.2555,0.2545,0.2549,991908.6
2026-05-17 21:00:00+00:00,0.2548,0.256,0.2545,0.2554,1633114.7
2026-05-17 22:00:00+00:00,0.2554,0.2555,0.2532,0.2539,3771856.2
2026-05-17 23:00:00+00:00,0.2539,0.2539,0.2452,0.2521,36943666.6
2026-05-18 00:00:00+00:00,0.2521,0.2521,0.2499,0.2513,6192992.1
2026-05-18 01:00:00+00:00,0.2513,0.2524,0.2488,0.2513,6343876.7
2026-05-18 02:00:00+00:00,0.2513,0.2531,0.2509,0.2518,4329361.5
2026-05-18 03:00:00+00:00,0.2519,0.2524,0.2499,0.2502,2962502.8
2026-05-18 04:00:00+00:00,0.2502,0.2515,0.2493,0.2513,2258778.6
2026-05-18 05:00:00+00:00,0.2512,0.252,0.2497,0.25,4402036.1
2026-05-18 06:00:00+00:00,0.25,0.2504,0.247,0.2494,13728081.4
2026-05-18 07:00:00+00:00,0.2495,0.2501,0.2482,0.2494,3207676.6
2026-05-18 08:00:00+00:00,0.2494,0.2505,0.2492,0.2499,2202782.8
2026-05-18 09:00:00+00:00,0.2499,0.2501,0.2487,0.2492,2177720.1
2026-05-18 10:00:00+00:00,0.2492,0.2493,0.248,0.2481,2313923.6
2026-05-18 11:00:00+00:00,0.2482,0.2521,0.2479,0.2506,5222534.6
2026-05-18 12:00:00+00:00,0.2506,0.2525,0.2504,0.2515,4321460.2
2026-05-18 13:00:00+00:00,0.2516,0.2517,0.2476,0.2492,11406973.9
2026-05-18 14:00:00+00:00,0.2492,0.2492,0.2469,0.2477,6462374.4
2026-05-18 15:00:00+00:00,0.2478,0.249,0.2462,0.2482,6991210.3
2026-05-18 16:00:00+00:00,0.2483,0.2494,0.2474,0.2488,7346701.9
2026-05-18 17:00:00+00:00,0.2489,0.2497,0.2483,0.2488,2991292.2
2026-05-18 18:00:00+00:00,0.2487,0.2488,0.2464,0.247,3669874.8
2026-05-18 19:00:00+00:00,0.247,0.2514,0.247,0.2508,5480521.3
2026-05-18 20:00:00+00:00,0.2509,0.2514,0.2497,0.2503,2327635.4
2026-05-18 21:00:00+00:00,0.2503,0.2529,0.25,0.2525,2590759.5
2026-05-18 22:00:00+00:00,0.2526,0.253,0.2509,0.2517,3369069.3
2026-05-18 23:00:00+00:00,0.2518,0.2524,0.2511,0.2516,1457957.5
2026-05-19 00:00:00+00:00,0.2517,0.2536,0.2515,0.2526,3206542.7
2026-05-19 01:00:00+00:00,0.2525,0.2525,0.251,0.2514,2460082.6
2026-05-19 02:00:00+00:00,0.2513,0.2522,0.2505,0.2509,4892993.0
2026-05-19 03:00:00+00:00,0.2508,0.2524,0.2505,0.2515,3767556.2
2026-05-19 04:00:00+00:00,0.2516,0.2524,0.2511,0.2521,2667341.1
2026-05-19 05:00:00+00:00,0.2521,0.2524,0.2506,0.2517,2240980.1
2026-05-19 06:00:00+00:00,0.2516,0.2526,0.2514,0.2519,3058032.3
2026-05-19 07:00:00+00:00,0.2519,0.2532,0.2515,0.2526,3054277.9
2026-05-19 08:00:00+00:00,0.2525,0.2525,0.2508,0.2515,3062868.3
2026-05-19 09:00:00+00:00,0.2515,0.252,0.2496,0.2505,3911882.6
2026-05-19 10:00:00+00:00,0.2505,0.2508,0.2487,0.2499,6887962.4
2026-05-19 11:00:00+00:00,0.25,0.2501,0.2481,0.2486,4731804.2
2026-05-19 12:00:00+00:00,0.2486,0.2498,0.248,0.2498,2923895.2
2026-05-19 13:00:00+00:00,0.2498,0.2512,0.2492,0.2501,5532299.4
2026-05-19 14:00:00+00:00,0.25,0.2505,0.2471,0.2484,6452364.1
2026-05-19 15:00:00+00:00,0.2483,0.2498,0.2479,0.2485,5757585.8
2026-05-19 16:00:00+00:00,0.2485,0.25,0.248,0.2498,2246968.5
2026-05-19 17:00:00+00:00,0.2499,0.2501,0.2485,0.2491,1853845.3
2026-05-19 18:00:00+00:00,0.2491,0.2493,0.2483,0.2486,1861673.6
2026-05-19 19:00:00+00:00,0.2486,0.2495,0.2481,0.2484,2045982.5
2026-05-19 20:00:00+00:00,0.2484,0.2494,0.2484,0.2493,1205355.4
2026-05-19 21:00:00+00:00,0.2494,0.2498,0.249,0.2491,943850.2
2026-05-19 22:00:00+00:00,0.249,0.2491,0.2475,0.2481,2123856.2
2026-05-19 23:00:00+00:00,0.248,0.2495,0.2479,0.2482,975177.8
2026-05-20 00:00:00+00:00,0.2482,0.2488,0.2472,0.2482,2199237.7
2026-05-20 01:00:00+00:00,0.2483,0.2486,0.247,0.2479,4355576.4
2026-05-20 02:00:00+00:00,0.2479,0.2485,0.247,0.2474,3913341.2
2026-05-20 03:00:00+00:00,0.2473,0.2487,0.2469,0.2482,2884602.2
2026-05-20 04:00:00+00:00,0.2483,0.2487,0.2478,0.2486,1627158.8
2026-05-20 05:00:00+00:00,0.2487,0.251,0.2487,0.2501,7263911.9
2026-05-20 06:00:00+00:00,0.2502,0.2506,0.2497,0.2502,2260254.6
2026-05-20 07:00:00+00:00,0.2502,0.2502,0.2489,0.2491,1825339.9
2026-05-20 08:00:00+00:00,0.2492,0.2506,0.249,0.25,2129243.9
2026-05-20 09:00:00+00:00,0.2501,0.2504,0.2491,0.2491,1980729.1
2026-05-20 10:00:00+00:00,0.2491,0.2504,0.2491,0.25,1664131.3
2026-05-20 11:00:00+00:00,0.25,0.2502,0.2483,0.2488,1715056.3
2026-05-20 12:00:00+00:00,0.2489,0.2503,0.2485,0.2497,2469941.0
2026-05-20 13:00:00+00:00,0.2497,0.2498,0.2473,0.2486,5576951.0
2026-05-20 14:00:00+00:00,0.2486,0.2509,0.2478,0.2505,8348961.5
2026-05-20 15:00:00+00:00,0.2504,0.2515,0.2491,0.2502,4467750.8
2026-05-20 16:00:00+00:00,0.2503,0.2507,0.2481,0.2501,7732174.8
2026-05-20 17:00:00+00:00,0.25,0.2514,0.2497,0.2503,5791987.9
2026-05-20 18:00:00+00:00,0.2502,0.2505,0.2491,0.2492,3021881.0
2026-05-20 19:00:00+00:00,0.2492,0.2508,0.2488,0.2502,3170211.5
2026-05-20 20:00:00+00:00,0.2503,0.2507,0.2492,0.2506,1479860.7
2026-05-20 21:00:00+00:00,0.2505,0.2509,0.2497,0.2498,2135036.2
2026-05-20 22:00:00+00:00,0.2497,0.2497,0.2483,0.2493,2420568.9
2026-05-20 23:00:00+00:00,0.2492,0.2495,0.2483,0.2492,2790384.9
2026-05-21 00:00:00+00:00,0.2492,0.2509,0.2489,0.2506,2697746.9
2026-05-21 01:00:00+00:00,0.2507,0.2521,0.2505,0.251,4737560.1
2026-05-21 02:00:00+00:00,0.251,0.2523,0.2507,0.2514,3748626.8
2026-05-21 03:00:00+00:00,0.2514,0.2523,0.2508,0.2521,2255832.0
2026-05-21 04:00:00+00:00,0.2522,0.2527,0.251,0.2515,4377662.2
2026-05-21 05:00:00+00:00,0.2515,0.2517,0.2484,0.2493,6506877.4
2026-05-21 06:00:00+00:00,0.2494,0.2495,0.2476,0.2481,6204845.3
2026-05-21 07:00:00+00:00,0.248,0.2495,0.2478,0.2492,3458307.5
2026-05-21 08:00:00+00:00,0.2491,0.2505,0.2491,0.2498,2969838.2
2026-05-21 09:00:00+00:00,0.2498,0.2502,0.2486,0.2488,1554874.9
2026-05-21 10:00:00+00:00,0.2487,0.2494,0.2458,0.2466,9219407.2
2026-05-21 11:00:00+00:00,0.2466,0.248,0.2462,0.2467,3279883.0
2026-05-21 12:00:00+00:00,0.2467,0.2479,0.2463,0.2475,3181969.8
2026-05-21 13:00:00+00:00,0.2474,0.2479,0.2463,0.2473,4479467.8
2026-05-21 14:00:00+00:00,0.2473,0.2481,0.2463,0.2471,5221805.4
2026-05-21 15:00:00+00:00,0.2471,0.2497,0.2468,0.2485,3879738.0
2026-05-21 16:00:00+00:00,0.2486,0.2492,0.2478,0.2485,1667141.0
2026-05-21 17:00:00+00:00,0.2486,0.2529,0.2483,0.2522,12615098.0
2026-05-21 18:00:00+00:00,0.2521,0.2537,0.2507,0.2516,9511956.3
2026-05-21 19:00:00+00:00,0.2517,0.2529,0.2515,0.2524,4615206.1
2026-05-21 20:00:00+00:00,0.2524,0.253,0.2518,0.2522,1614554.0
2026-05-21 21:00:00+00:00,0.2522,0.2532,0.2518,0.2519,1690851.2
2026-05-21 22:00:00+00:00,0.2519,0.2523,0.2507,0.2508,1347570.5
2026-05-21 23:00:00+00:00,0.2508,0.2517,0.2499,0.2507,6316226.0
2026-05-22 00:00:00+00:00,0.2507,0.2509,0.2493,0.2493,1499397.5
2026-05-22 01:00:00+00:00,0.2493,0.2505,0.2491,0.2505,1359121.0
2026-05-22 02:00:00+00:00,0.2505,0.2514,0.2503,0.2508,2345951.2
2026-05-22 03:00:00+00:00,0.2508,0.252,0.2503,0.2517,3294558.5
2026-05-22 04:00:00+00:00,0.2518,0.2528,0.2512,0.2517,4286303.0
2026-05-22 05:00:00+00:00,0.2518,0.253,0.2514,0.252,1611986.8
2026-05-22 06:00:00+00:00,0.252,0.2522,0.2502,0.2503,3993917.0
2026-05-22 07:00:00+00:00,0.2504,0.2521,0.2494,0.2516,3622484.9
2026-05-22 08:00:00+00:00,0.2516,0.2527,0.2508,0.2516,4011246.4
2026-05-22 09:00:00+00:00,0.2516,0.2525,0.2511,0.2512,2517202.7
2026-05-22 10:00:00+00:00,0.2512,0.2518,0.2507,0.2514,1587212.4
2026-05-22 11:00:00+00:00,0.2514,0.2528,0.2509,0.2526,2430866.8
2026-05-22 12:00:00+00:00,0.2526,0.2543,0.2521,0.2542,6307647.3
2026-05-22 13:00:00+00:00,0.2542,0.2546,0.2516,0.2525,8265195.3
2026-05-22 14:00:00+00:00,0.2524,0.2524,0.2489,0.2495,11630296.5
2026-05-22 15:00:00+00:00,0.2495,0.2504,0.248,0.2497,7444732.2
2026-05-22 16:00:00+00:00,0.2497,0.2503,0.2485,0.2494,3703476.3
2026-05-22 17:00:00+00:00,0.2494,0.2503,0.2484,0.2489,3701892.7
2026-05-22 18:00:00+00:00,0.2488,0.2492,0.2427,0.2457,25014760.7
2026-05-22 19:00:00+00:00,0.2456,0.2461,0.2424,0.2443,17641337.6
2026-05-22 20:00:00+00:00,0.2444,0.2459,0.2443,0.2457,3602335.1
2026-05-22 21:00:00+00:00,0.2456,0.2468,0.2455,0.246,2258786.9
2026-05-22 22:00:00+00:00,0.246,0.2462,0.2446,0.2453,1833454.8
2026-05-22 23:00:00+00:00,0.2453,0.2458,0.241,0.2424,10739974.4
2026-05-23 00:00:00+00:00,0.2424,0.2436,0.2416,0.2434,7241968.6
2026-05-23 01:00:00+00:00,0.2434,0.244,0.2426,0.2438,4082938.6
2026-05-23 02:00:00+00:00,0.2439,0.2442,0.2433,0.2438,2564147.6
2026-05-23 03:00:00+00:00,0.2437,0.2441,0.2436,0.2438,1606519.7
2026-05-23 04:00:00+00:00,0.2438,0.2438,0.2422,0.2424,2760379.8
2026-05-23 05:00:00+00:00,0.2423,0.2424,0.2413,0.2421,4597734.2
2026-05-23 06:00:00+00:00,0.242,0.2424,0.2415,0.2421,2446987.9
2026-05-23 07:00:00+00:00,0.2422,0.2423,0.2358,0.2378,26400728.3
2026-05-23 08:00:00+00:00,0.2378,0.2389,0.2369,0.2385,9311890.7
2026-05-23 09:00:00+00:00,0.2385,0.2387,0.2374,0.2383,3777880.2
2026-05-23 10:00:00+00:00,0.2384,0.2394,0.2384,0.2391,3192598.2
2026-05-23 11:00:00+00:00,0.2391,0.2393,0.2381,0.2382,3153800.0
2026-05-23 12:00:00+00:00,0.2381,0.2384,0.2378,0.2382,3765967.9
2026-05-23 13:00:00+00:00,0.2382,0.2412,0.2382,0.2408,8903674.1
2026-05-23 14:00:00+00:00,0.2409,0.243,0.2403,0.2427,5206116.2
2026-05-23 15:00:00+00:00,0.2428,0.2438,0.2416,0.2423,6448315.9
2026-05-23 16:00:00+00:00,0.2424,0.2432,0.2418,0.2427,4550766.0
2026-05-23 17:00:00+00:00,0.2427,0.2429,0.2419,0.2426,2566065.8
2026-05-23 18:00:00+00:00,0.2426,0.2454,0.2424,0.2441,3957358.3
2026-05-23 19:00:00+00:00,0.2442,0.2449,0.2435,0.2443,2678711.0
2026-05-23 20:00:00+00:00,0.2443,0.25,0.2438,0.2499,11218228.5
2026-05-23 21:00:00+00:00,0.25,0.2508,0.2469,0.2478,8538808.4
2026-05-23 22:00:00+00:00,0.2478,0.2488,0.2453,0.2465,7530243.5
2026-05-23 23:00:00+00:00,0.2465,0.2468,0.2458,0.246,2397143.4
2026-05-24 00:00:00+00:00,0.2461,0.247,0.2456,0.2462,2418172.2
2026-05-24 01:00:00+00:00,0.2463,0.2468,0.2459,0.2464,1463624.1
2026-05-24 02:00:00+00:00,0.2465,0.2466,0.2448,0.2457,6292658.7
2026-05-24 03:00:00+00:00,0.2456,0.2461,0.2448,0.2454,1372577.9
2026-05-24 04:00:00+00:00,0.2454,0.2461,0.2453,0.2458,1833239.4
2026-05-24 05:00:00+00:00,0.2458,0.2461,0.2451,0.246,1422470.0
2026-05-24 06:00:00+00:00,0.2461,0.2465,0.2453,0.2464,2160629.4
2026-05-24 07:00:00+00:00,0.2464,0.2465,0.2451,0.2454,1528671.6
2026-05-24 08:00:00+00:00,0.2455,0.246,0.2451,0.2459,2580913.5
2026-05-24 09:00:00+00:00,0.2459,0.2462,0.2455,0.2459,2899109.6
2026-05-24 10:00:00+00:00,0.2459,0.2467,0.2451,0.2453,2928117.6
2026-05-24 11:00:00+00:00,0.2452,0.2461,0.2452,0.2457,1671715.7
2026-05-24 12:00:00+00:00,0.2457,0.2457,0.2443,0.2451,1813108.2
2026-05-24 13:00:00+00:00,0.245,0.2453,0.2433,0.2439,2731682.4
2026-05-24 14:00:00+00:00,0.2439,0.2442,0.241,0.2429,5366898.2
2026-05-24 15:00:00+00:00,0.2429,0.2432,0.2425,0.243,879134.2
2026-05-24 16:00:00+00:00,0.2429,0.2436,0.2424,0.2431,1621968.9
2026-05-24 17:00:00+00:00,0.2431,0.2434,0.2427,0.2432,1549430.3
2026-05-24 18:00:00+00:00,0.2431,0.2434,0.242,0.2424,1262277.5
2026-05-24 19:00:00+00:00,0.2423,0.2432,0.2422,0.2425,1093865.0
2026-05-24 20:00:00+00:00,0.2426,0.2428,0.2413,0.2419,2242396.5
2026-05-24 21:00:00+00:00,0.2419,0.2422,0.2385,0.2394,7596387.6
2026-05-24 22:00:00+00:00,0.2393,0.2422,0.2393,0.2411,5576962.4
2026-05-24 23:00:00+00:00,0.2411,0.2428,0.2411,0.2423,1942041.7
2026-05-25 00:00:00+00:00,0.2424,0.2433,0.2422,0.2427,3068996.6
2026-05-25 01:00:00+00:00,0.2428,0.243,0.2408,0.2409,2122669.3
2026-05-25 02:00:00+00:00,0.241,0.2429,0.241,0.2413,1789035.0
2026-05-25 03:00:00+00:00,0.2413,0.2415,0.2404,0.241,2327967.7
2026-05-25 04:00:00+00:00,0.241,0.2431,0.2407,0.2427,3698872.7
2026-05-25 05:00:00+00:00,0.2428,0.2438,0.2425,0.2433,1839621.0
2026-05-25 06:00:00+00:00,0.2433,0.2442,0.2427,0.244,2500009.8
2026-05-25 07:00:00+00:00,0.2441,0.2451,0.2435,0.2451,9058625.7
2026-05-25 08:00:00+00:00,0.2451,0.2461,0.244,0.246,7437069.0
2026-05-25 09:00:00+00:00,0.246,0.2462,0.2449,0.245,3309108.6
2026-05-25 10:00:00+00:00,0.245,0.2461,0.2448,0.246,3817130.2
2026-05-25 11:00:00+00:00,0.246,0.2461,0.2447,0.2449,2492333.4
2026-05-25 12:00:00+00:00,0.245,0.2455,0.2444,0.2446,2361785.8
2026-05-25 13:00:00+00:00,0.2446,0.2456,0.2444,0.2453,1428910.1
2026-05-25 14:00:00+00:00,0.2453,0.247,0.2453,0.2462,4375336.9
2026-05-25 15:00:00+00:00,0.2461,0.2473,0.2454,0.2461,3367492.8
2026-05-25 16:00:00+00:00,0.2461,0.248,0.2457,0.2475,2445071.7
2026-05-25 17:00:00+00:00,0.2476,0.2478,0.2462,0.2466,2966294.2
2026-05-25 18:00:00+00:00,0.2465,0.2476,0.2462,0.2464,2054040.8
2026-05-25 19:00:00+00:00,0.2463,0.2464,0.245,0.2455,1721943.7
2026-05-25 20:00:00+00:00,0.2454,0.2461,0.244,0.2445,2698651.3
2026-05-25 21:00:00+00:00,0.2445,0.2452,0.2444,0.2447,1022918.3
2026-05-25 22:00:00+00:00,0.2447,0.2447,0.2423,0.2427,2954893.1
2026-05-25 23:00:00+00:00,0.2426,0.2441,0.2424,0.2437,1674368.5
2026-05-26 00:00:00+00:00,0.2436,0.2438,0.2406,0.2421,5010974.9
2026-05-26 01:00:00+00:00,0.242,0.2421,0.24,0.2409,4218475.4
2026-05-26 02:00:00+00:00,0.2409,0.241,0.2402,0.2407,4933558.6
2026-05-26 03:00:00+00:00,0.2406,0.2411,0.2394,0.2408,3109665.6
2026-05-26 04:00:00+00:00,0.2409,0.2418,0.2405,0.2411,2679708.0
2026-05-26 05:00:00+00:00,0.2411,0.243,0.2408,0.2422,5815123.5
2026-05-26 06:00:00+00:00,0.2421,0.2425,0.2413,0.2421,2430660.7
2026-05-26 07:00:00+00:00,0.2422,0.2423,0.2406,0.2412,3112875.9
2026-05-26 08:00:00+00:00,0.2413,0.2425,0.2412,0.2421,2378148.2
2026-05-26 09:00:00+00:00,0.2422,0.2427,0.2416,0.2423,1533606.1
2026-05-26 10:00:00+00:00,0.2422,0.2457,0.2418,0.245,7956387.3
2026-05-26 11:00:00+00:00,0.245,0.2452,0.2442,0.2443,2528762.1
2026-05-26 12:00:00+00:00,0.2443,0.2452,0.2433,0.2448,3060331.0
2026-05-26 13:00:00+00:00,0.2449,0.2455,0.2434,0.2451,4389852.0
2026-05-26 14:00:00+00:00,0.2452,0.2473,0.2432,0.244,8604619.2
2026-05-26 15:00:00+00:00,0.244,0.2443,0.2412,0.2427,10924029.2
2026-05-26 16:00:00+00:00,0.2427,0.2428,0.2408,0.2413,10087941.8
2026-05-26 17:00:00+00:00,0.2413,0.2419,0.2381,0.2398,14105855.2
2026-05-26 18:00:00+00:00,0.2399,0.2416,0.2393,0.2396,4080915.9
2026-05-26 19:00:00+00:00,0.2396,0.2407,0.239,0.2402,1824849.3
2026-05-26 20:00:00+00:00,0.2403,0.2406,0.2396,0.2405,1083745.2
2026-05-26 21:00:00+00:00,0.2405,0.241,0.2393,0.2397,2532037.2
2026-05-26 22:00:00+00:00,0.2398,0.2404,0.2392,0.24,1869652.1
2026-05-26 23:00:00+00:00,0.24,0.2408,0.24,0.2401,1471274.4
2026-05-27 00:00:00+00:00,0.2401,0.2419,0.24,0.2417,2090290.5
2026-05-27 01:00:00+00:00,0.2417,0.2419,0.2402,0.2405,2199516.7
2026-05-27 02:00:00+00:00,0.2404,0.2407,0.2392,0.2407,3772468.5
2026-05-27 03:00:00+00:00,0.2408,0.2408,0.2397,0.2401,2364046.8
2026-05-27 04:00:00+00:00,0.2401,0.2404,0.237,0.2397,9577364.5
2026-05-27 05:00:00+00:00,0.2397,0.2406,0.2396,0.24,3020505.5
2026-05-27 06:00:00+00:00,0.24,0.2409,0.2396,0.2405,1971403.5
2026-05-27 07:00:00+00:00,0.2405,0.2408,0.2397,0.2404,1993420.9
2026-05-27 08:00:00+00:00,0.2404,0.2413,0.2396,0.2399,2995537.6
2026-05-27 09:00:00+00:00,0.2398,0.2399,0.2389,0.2393,1969207.8
2026-05-27 10:00:00+00:00,0.2394,0.2405,0.2391,0.2396,2631083.6
2026-05-27 11:00:00+00:00,0.2395,0.2403,0.2394,0.2396,1807389.0
2026-05-27 12:00:00+00:00,0.2397,0.2415,0.2385,0.2402,4367922.8
2026-05-27 13:00:00+00:00,0.2403,0.2405,0.2374,0.2391,7177667.7
2026-05-27 14:00:00+00:00,0.2392,0.2403,0.2381,0.24,10737396.1
2026-05-27 15:00:00+00:00,0.24,0.2435,0.2399,0.2415,6491917.9
2026-05-27 16:00:00+00:00,0.2415,0.242,0.2401,0.2411,2728934.6
2026-05-27 17:00:00+00:00,0.2412,0.2412,0.2378,0.2384,4209296.7
2026-05-27 18:00:00+00:00,0.2384,0.2399,0.2379,0.2398,3228676.3
2026-05-27 19:00:00+00:00,0.2398,0.2413,0.2398,0.241,3504619.1
2026-05-27 20:00:00+00:00,0.241,0.2413,0.2398,0.2404,4273612.2
2026-05-27 21:00:00+00:00,0.2403,0.2408,0.236,0.2375,10163514.4
2026-05-27 22:00:00+00:00,0.2375,0.2388,0.2362,0.2367,5981672.3
2026-05-27 23:00:00+00:00,0.2366,0.2377,0.2361,0.2372,5852296.0
2026-05-28 00:00:00+00:00,0.2372,0.2384,0.237,0.2383,4102111.3
2026-05-28 01:00:00+00:00,0.2383,0.2384,0.236,0.2374,2918889.6
2026-05-28 02:00:00+00:00,0.2375,0.2378,0.2368,0.237,1942426.1
2026-05-28 03:00:00+00:00,0.237,0.2373,0.2316,0.2322,18651592.8
2026-05-28 04:00:00+00:00,0.2322,0.2323,0.2289,0.2312,14814328.4
2026-05-28 05:00:00+00:00,0.2312,0.2313,0.228,0.2298,11098282.9
2026-05-28 06:00:00+00:00,0.2297,0.2305,0.2286,0.2302,5057320.4
2026-05-28 07:00:00+00:00,0.2303,0.2317,0.2297,0.2315,6233864.5
2026-05-28 08:00:00+00:00,0.2315,0.2316,0.2295,0.2302,4795466.6
2026-05-28 09:00:00+00:00,0.2303,0.2321,0.2303,0.2316,3050054.9
2026-05-28 10:00:00+00:00,0.2316,0.2321,0.2298,0.2299,4725516.6
2026-05-28 11:00:00+00:00,0.2299,0.2305,0.2294,0.2302,4224329.9
2026-05-28 12:00:00+00:00,0.2302,0.2318,0.2291,0.2318,3964228.1
2026-05-28 13:00:00+00:00,0.2318,0.2326,0.2302,0.2314,7804253.3
2026-05-28 14:00:00+00:00,0.2314,0.2341,0.2293,0.2322,10798335.3
2026-05-28 15:00:00+00:00,0.2323,0.234,0.2307,0.233,3704522.4
2026-05-28 16:00:00+00:00,0.233,0.2351,0.2316,0.2345,6225547.4
2026-05-28 17:00:00+00:00,0.2345,0.2353,0.2338,0.2352,4594741.5
2026-05-28 18:00:00+00:00,0.2352,0.2377,0.235,0.2364,7161627.8
2026-05-28 19:00:00+00:00,0.2363,0.2363,0.2344,0.2345,2667747.7
2026-05-28 20:00:00+00:00,0.2345,0.2361,0.2336,0.2356,3281196.2
2026-05-28 21:00:00+00:00,0.2356,0.2363,0.2351,0.2356,1937088.9
2026-05-28 22:00:00+00:00,0.2355,0.2362,0.2339,0.2342,2998084.5
2026-05-28 23:00:00+00:00,0.2341,0.2356,0.234,0.2349,1291656.9
2026-05-29 00:00:00+00:00,0.2349,0.236,0.2348,0.2351,2517824.5
2026-05-29 01:00:00+00:00,0.2351,0.2357,0.2344,0.2349,2323862.1
2026-05-29 02:00:00+00:00,0.2349,0.2354,0.2328,0.2331,2024398.5
2026-05-29 03:00:00+00:00,0.2331,0.2347,0.2331,0.2334,1135292.8
2026-05-29 04:00:00+00:00,0.2334,0.2345,0.2325,0.2345,1567565.7
2026-05-29 05:00:00+00:00,0.2345,0.2353,0.2343,0.2353,1456100.7
2026-05-29 06:00:00+00:00,0.2353,0.237,0.2353,0.236,2346703.9
2026-05-29 07:00:00+00:00,0.2359,0.2364,0.2338,0.2349,2034711.3
2026-05-29 08:00:00+00:00,0.2349,0.2357,0.2347,0.2351,1626637.9
2026-05-29 09:00:00+00:00,0.2352,0.236,0.235,0.2355,1662257.6
2026-05-29 10:00:00+00:00,0.2354,0.2354,0.2342,0.2347,1064066.6
2026-05-29 11:00:00+00:00,0.2347,0.2349,0.2328,0.2335,1292852.5
2026-05-29 12:00:00+00:00,0.2335,0.2337,0.2319,0.2325,2523243.9
2026-05-29 13:00:00+00:00,0.2325,0.233,0.2316,0.2326,2432834.8
2026-05-29 14:00:00+00:00,0.2327,0.2334,0.2298,0.2326,8141753.4
2026-05-29 15:00:00+00:00,0.2326,0.2381,0.2322,0.2358,12029913.3
2026-05-29 16:00:00+00:00,0.2358,0.2363,0.2336,0.2353,6779689.8
2026-05-29 17:00:00+00:00,0.2353,0.2363,0.2344,0.2349,9336883.2
2026-05-29 18:00:00+00:00,0.2349,0.235,0.2311,0.2322,8663410.8
2026-05-29 19:00:00+00:00,0.2322,0.2334,0.2306,0.2329,2625196.0
2026-05-29 20:00:00+00:00,0.2329,0.2336,0.2325,0.233,1803078.5
2026-05-29 21:00:00+00:00,0.233,0.234,0.2322,0.2322,2426772.4
2026-05-29 22:00:00+00:00,0.2323,0.2335,0.2322,0.233,1356560.4
2026-05-29 23:00:00+00:00,0.233,0.2338,0.2317,0.2329,4844029.2
2026-05-30 00:00:00+00:00,0.233,0.2355,0.2327,0.2351,4878639.5
2026-05-30 01:00:00+00:00,0.2352,0.2378,0.2346,0.2378,7395054.2
2026-05-30 02:00:00+00:00,0.2378,0.2388,0.2372,0.2386,8971923.5
2026-05-30 03:00:00+00:00,0.2385,0.2394,0.2362,0.2364,8822834.9
2026-05-30 04:00:00+00:00,0.2365,0.2371,0.2339,0.2351,8516836.3
2026-05-30 05:00:00+00:00,0.235,0.2359,0.2347,0.2358,3596529.6
2026-05-30 06:00:00+00:00,0.2358,0.2363,0.2351,0.2354,1647279.7
2026-05-30 07:00:00+00:00,0.2354,0.2357,0.2347,0.2353,1921312.6
2026-05-30 08:00:00+00:00,0.2353,0.2356,0.2342,0.2343,2017603.7
2026-05-30 09:00:00+00:00,0.2342,0.2355,0.234,0.2353,1324676.7
2026-05-30 10:00:00+00:00,0.2353,0.2356,0.2347,0.2349,2107197.0
2026-05-30 11:00:00+00:00,0.2348,0.2355,0.2343,0.2353,952621.6
2026-05-30 12:00:00+00:00,0.2353,0.2356,0.2349,0.2354,1403898.1
2026-05-30 13:00:00+00:00,0.2354,0.236,0.235,0.2359,2469554.1
2026-05-30 14:00:00+00:00,0.2359,0.2368,0.2356,0.2361,3780265.3
2026-05-30 15:00:00+00:00,0.2362,0.237,0.2361,0.2365,2906971.8
2026-05-30 16:00:00+00:00,0.2365,0.2372,0.2361,0.2369,1788351.8
2026-05-30 17:00:00+00:00,0.2369,0.2374,0.2358,0.2371,2326599.6
2026-05-30 18:00:00+00:00,0.2372,0.2379,0.2367,0.2377,2697329.3
2026-05-30 19:00:00+00:00,0.2377,0.2377,0.2367,0.2372,1100577.5
2026-05-30 20:00:00+00:00,0.2373,0.2377,0.2368,0.2377,3888646.0
2026-05-30 21:00:00+00:00,0.2377,0.2384,0.2376,0.2376,2262846.1
2026-05-30 22:00:00+00:00,0.2375,0.2375,0.2355,0.2361,3325258.1
2026-05-30 23:00:00+00:00,0.2361,0.2365,0.2353,0.236,1592347.5
2026-05-31 00:00:00+00:00,0.236,0.2368,0.2356,0.2367,2937280.0
2026-05-31 01:00:00+00:00,0.2367,0.2375,0.2364,0.2369,1750181.9
2026-05-31 02:00:00+00:00,0.2369,0.2382,0.2366,0.2374,2742434.8
2026-05-31 03:00:00+00:00,0.2374,0.2385,0.2374,0.2381,1888732.7
2026-05-31 04:00:00+00:00,0.2381,0.2388,0.2378,0.2387,1698429.0
2026-05-31 05:00:00+00:00,0.2386,0.2387,0.2375,0.2378,1110422.7
2026-05-31 06:00:00+00:00,0.2378,0.2381,0.2373,0.2379,1389490.6
2026-05-31 07:00:00+00:00,0.2378,0.2378,0.2363,0.2366,1971114.8
2026-05-31 08:00:00+00:00,0.2366,0.2376,0.2366,0.237,1908496.3
2026-05-31 09:00:00+00:00,0.2371,0.2381,0.2366,0.2373,1861087.4
2026-05-31 10:00:00+00:00,0.2373,0.2374,0.2356,0.2371,1792551.7
2026-05-31 11:00:00+00:00,0.2372,0.2375,0.2367,0.2371,734310.6
2026-05-31 12:00:00+00:00,0.2371,0.2381,0.2365,0.2377,1221973.6
2026-05-31 13:00:00+00:00,0.2377,0.238,0.2367,0.2368,1987368.3
2026-05-31 14:00:00+00:00,0.2368,0.237,0.2335,0.234,11838873.2
2026-05-31 15:00:00+00:00,0.234,0.2351,0.2336,0.2338,4929074.5
2026-05-31 16:00:00+00:00,0.2339,0.2343,0.2324,0.233,4243776.4
2026-05-31 17:00:00+00:00,0.233,0.2336,0.232,0.2335,3750022.8
2026-05-31 18:00:00+00:00,0.2335,0.2335,0.2324,0.2331,2794359.0
2026-05-31 19:00:00+00:00,0.2331,0.2335,0.2319,0.2328,1408284.2
2026-05-31 20:00:00+00:00,0.2329,0.234,0.2328,0.2339,2057241.7
2026-05-31 21:00:00+00:00,0.2339,0.2354,0.2336,0.2349,1746760.2
2026-05-31 22:00:00+00:00,0.235,0.2361,0.2342,0.2359,2497744.5
2026-05-31 23:00:00+00:00,0.2359,0.2371,0.2344,0.2357,2919387.2
2026-06-01 00:00:00+00:00,0.2357,0.2375,0.2354,0.2367,4462150.1
2026-06-01 01:00:00+00:00,0.2368,0.2369,0.2333,0.2334,2744352.9
2026-06-01 02:00:00+00:00,0.2333,0.2368,0.2328,0.2364,3834629.6
2026-06-01 03:00:00+00:00,0.2364,0.2376,0.2363,0.2369,3513027.4
2026-06-01 04:00:00+00:00,0.2369,0.2376,0.2333,0.2345,4022891.4
2026-06-01 05:00:00+00:00,0.2344,0.235,0.2334,0.234,3486034.1
2026-06-01 06:00:00+00:00,0.234,0.2343,0.232,0.233,2929669.0
2026-06-01 07:00:00+00:00,0.233,0.2333,0.2307,0.231,9035697.5
2026-06-01 08:00:00+00:00,0.231,0.2318,0.2303,0.2314,4885823.1
2026-06-01 09:00:00+00:00,0.2314,0.2324,0.2313,0.2318,3720759.7
2026-06-01 10:00:00+00:00,0.2318,0.2319,0.2306,0.2313,3696925.1
2026-06-01 11:00:00+00:00,0.2314,0.2321,0.2294,0.2302,10624617.1
2026-06-01 12:00:00+00:00,0.2303,0.2316,0.2291,0.2306,6425114.0
2026-06-01 13:00:00+00:00,0.2306,0.2307,0.2271,0.2288,14106444.0
2026-06-01 14:00:00+00:00,0.2288,0.2293,0.2263,0.2276,9960349.7
2026-06-01 15:00:00+00:00,0.2276,0.2281,0.2254,0.227,10285290.4
2026-06-01 16:00:00+00:00,0.227,0.2307,0.2262,0.2304,6007040.3
2026-06-01 17:00:00+00:00,0.2305,0.2319,0.23,0.2311,5893019.6
2026-06-01 18:00:00+00:00,0.231,0.2319,0.2301,0.2305,2512505.3
2026-06-01 19:00:00+00:00,0.2305,0.2319,0.23,0.2314,2419457.7
2026-06-01 20:00:00+00:00,0.2314,0.2316,0.2303,0.231,1207361.5
2026-06-01 21:00:00+00:00,0.231,0.231,0.2291,0.2295,2109784.7
2026-06-01 22:00:00+00:00,0.2295,0.231,0.2284,0.2309,3875936.6
2026-06-01 23:00:00+00:00,0.2309,0.2317,0.2302,0.2311,2543111.1
2026-06-02 00:00:00+00:00,0.2311,0.2313,0.2295,0.2297,2355437.7
2026-06-02 01:00:00+00:00,0.2297,0.2299,0.2272,0.2272,3464603.4
2026-06-02 02:00:00+00:00,0.2272,0.228,0.2247,0.228,8871569.4
2026-06-02 03:00:00+00:00,0.2281,0.2286,0.2271,0.228,3909662.4
2026-06-02 04:00:00+00:00,0.228,0.2286,0.2257,0.226,3781855.4
2026-06-02 05:00:00+00:00,0.2259,0.2266,0.2237,0.2246,7295132.6
2026-06-02 06:00:00+00:00,0.2245,0.2248,0.223,0.2239,9206616.0
2026-06-02 07:00:00+00:00,0.2239,0.225,0.2227,0.224,5277815.4
2026-06-02 08:00:00+00:00,0.224,0.2246,0.2236,0.224,3066869.2
2026-06-02 09:00:00+00:00,0.224,0.2241,0.2224,0.2233,4894919.5
2026-06-02 10:00:00+00:00,0.2234,0.2247,0.2227,0.2245,2414726.9
2026-06-02 11:00:00+00:00,0.2244,0.2244,0.223,0.2232,2838237.2
2026-06-02 12:00:00+00:00,0.2231,0.2235,0.2218,0.2233,6578789.6
2026-06-02 13:00:00+00:00,0.2232,0.2239,0.2225,0.223,5190589.4
2026-06-02 14:00:00+00:00,0.223,0.223,0.2165,0.2195,40503072.2
2026-06-02 15:00:00+00:00,0.2194,0.2197,0.2138,0.2154,27375274.1
2026-06-02 16:00:00+00:00,0.2153,0.2192,0.2148,0.2184,18564305.8
2026-06-02 17:00:00+00:00,0.2184,0.2191,0.2173,0.2187,19990992.4
2026-06-02 18:00:00+00:00,0.2187,0.2193,0.2155,0.2164,7356273.0
2026-06-02 19:00:00+00:00,0.2163,0.2169,0.2119,0.2157,15691074.9
2026-06-02 20:00:00+00:00,0.2157,0.2172,0.214,0.2164,6780288.2
2026-06-02 21:00:00+00:00,0.2164,0.2184,0.2156,0.2168,5180671.9
2026-06-02 22:00:00+00:00,0.2168,0.2168,0.2111,0.2123,12061177.8
2026-06-02 23:00:00+00:00,0.2124,0.2134,0.2094,0.213,15264679.3
2026-06-03 00:00:00+00:00,0.213,0.2144,0.2125,0.2137,5861828.0
2026-06-03 01:00:00+00:00,0.2136,0.2146,0.2122,0.2139,4855851.0
2026-06-03 02:00:00+00:00,0.2139,0.2139,0.2115,0.2124,4828434.6
2026-06-03 03:00:00+00:00,0.2124,0.2127,0.2074,0.2088,12219906.3
2026-06-03 04:00:00+00:00,0.2088,0.2123,0.2088,0.2119,6973433.3
2026-06-03 05:00:00+00:00,0.212,0.2154,0.212,0.215,9866655.3
2026-06-03 06:00:00+00:00,0.2151,0.2169,0.2147,0.2154,6724338.9
2026-06-03 07:00:00+00:00,0.2155,0.2182,0.2151,0.2171,6183345.6
2026-06-03 08:00:00+00:00,0.2172,0.2175,0.216,0.2167,5578915.7
2026-06-03 09:00:00+00:00,0.2166,0.2174,0.2154,0.2165,8223794.4
2026-06-03 10:00:00+00:00,0.2164,0.2184,0.2164,0.2176,10050326.2
2026-06-03 11:00:00+00:00,0.2177,0.2184,0.2157,0.2162,6248050.9
2026-06-03 12:00:00+00:00,0.2161,0.2165,0.215,0.2157,10264931.9
2026-06-03 13:00:00+00:00,0.2157,0.2165,0.2144,0.2153,10512368.7
2026-06-03 14:00:00+00:00,0.2152,0.2157,0.2133,0.214,12753159.2
2026-06-03 15:00:00+00:00,0.214,0.2147,0.2116,0.212,10407006.8
2026-06-03 16:00:00+00:00,0.212,0.2122,0.2077,0.2095,22604033.7
2026-06-03 17:00:00+00:00,0.2095,0.2109,0.2077,0.2099,8482739.6
2026-06-03 18:00:00+00:00,0.2099,0.21,0.2071,0.2084,7490744.1
2026-06-03 19:00:00+00:00,0.2084,0.2086,0.2043,0.2048,14586278.7
2026-06-03 20:00:00+00:00,0.2048,0.2059,0.2006,0.2023,24698400.2
2026-06-03 21:00:00+00:00,0.2022,0.2056,0.2018,0.2055,10486969.5
2026-06-03 22:00:00+00:00,0.2056,0.2066,0.2022,0.2026,13374146.0
2026-06-03 23:00:00+00:00,0.2026,0.2027,0.2001,0.2004,11579305.2
2026-06-04 00:00:00+00:00,0.2004,0.2019,0.196,0.1978,25246938.6
2026-06-04 01:00:00+00:00,0.1979,0.1989,0.1914,0.1924,27747871.2
2026-06-04 02:00:00+00:00,0.1925,0.1964,0.1877,0.195,44460012.4
2026-06-04 03:00:00+00:00,0.195,0.2003,0.195,0.1998,17417872.1
2026-06-04 04:00:00+00:00,0.1999,0.2012,0.1988,0.199,11089259.0
2026-06-04 05:00:00+00:00,0.1989,0.199,0.1956,0.1967,11515495.9
2026-06-04 06:00:00+00:00,0.1966,0.1997,0.1963,0.1978,7967064.9
2026-06-04 07:00:00+00:00,0.1978,0.198,0.1947,0.1948,6050758.3
2026-06-04 08:00:00+00:00,0.1949,0.1957,0.1928,0.1936,7308750.8
2026-06-04 09:00:00+00:00,0.1936,0.1936,0.188,0.1906,21905904.8
2026-06-04 10:00:00+00:00,0.1906,0.1907,0.1871,0.1879,26054785.1
2026-06-04 11:00:00+00:00,0.1878,0.1905,0.1874,0.1903,10644627.1
2026-06-04 12:00:00+00:00,0.1902,0.1927,0.1882,0.1919,16017073.8
2026-06-04 13:00:00+00:00,0.1919,0.1921,0.1871,0.1892,17923169.3
2026-06-04 14:00:00+00:00,0.1893,0.1901,0.1878,0.1896,14218630.4
2026-06-04 15:00:00+00:00,0.1897,0.1923,0.1888,0.1889,11891055.6
2026-06-04 16:00:00+00:00,0.1889,0.189,0.186,0.1872,12918700.9
2026-06-04 17:00:00+00:00,0.1872,0.1896,0.1866,0.1883,9427290.3
2026-06-04 18:00:00+00:00,0.1884,0.1906,0.1857,0.1884,11574166.3
2026-06-04 19:00:00+00:00,0.1884,0.1896,0.1861,0.1866,10994909.8
2026-06-04 20:00:00+00:00,0.1866,0.1868,0.1838,0.1845,11715611.7
2026-06-04 21:00:00+00:00,0.1844,0.1845,0.1788,0.1805,22097404.8
2026-06-04 22:00:00+00:00,0.1804,0.1823,0.1799,0.1819,11991052.2
2026-06-04 23:00:00+00:00,0.1819,0.1834,0.1794,0.1798,11767435.4
2026-06-05 00:00:00+00:00,0.1798,0.1798,0.1742,0.1747,26969130.6
2026-06-05 01:00:00+00:00,0.1746,0.1748,0.1716,0.1723,27765021.1
2026-06-05 02:00:00+00:00,0.1722,0.1723,0.163,0.1636,47447287.8
2026-06-05 03:00:00+00:00,0.1636,0.1656,0.1581,0.1584,46617003.0
2026-06-05 04:00:00+00:00,0.1585,0.1689,0.1583,0.1687,36855464.4
2026-06-05 05:00:00+00:00,0.1688,0.1692,0.1637,0.1646,17888704.4
2026-06-05 06:00:00+00:00,0.1646,0.1654,0.16,0.1617,28759110.7
2026-06-05 07:00:00+00:00,0.1617,0.1658,0.1588,0.1635,26321236.7
2026-06-05 08:00:00+00:00,0.1634,0.1636,0.1587,0.1609,17766497.1
2026-06-05 09:00:00+00:00,0.161,0.1653,0.1605,0.164,20316938.4
2026-06-05 10:00:00+00:00,0.1641,0.1664,0.1629,0.164,12919659.4
2026-06-05 11:00:00+00:00,0.1639,0.1642,0.1614,0.1624,20582420.3
2026-06-05 12:00:00+00:00,0.1623,0.164,0.1606,0.1628,15197789.8
2026-06-05 13:00:00+00:00,0.1628,0.1652,0.1595,0.1598,20606678.2
2026-06-05 14:00:00+00:00,0.1598,0.1631,0.1578,0.1604,27690164.4
2026-06-05 15:00:00+00:00,0.1605,0.161,0.1564,0.1573,23805820.3
2026-06-05 16:00:00+00:00,0.1572,0.1634,0.1544,0.1629,43264207.2
2026-06-05 17:00:00+00:00,0.1629,0.1638,0.1597,0.161,13462324.4
2026-06-05 18:00:00+00:00,0.161,0.1627,0.1573,0.1577,13241575.0
2026-06-05 19:00:00+00:00,0.1576,0.1617,0.1551,0.1606,15661303.5
2026-06-05 20:00:00+00:00,0.1606,0.1634,0.1584,0.1624,18379211.4
2026-06-05 21:00:00+00:00,0.1624,0.1639,0.1616,0.1625,10131137.3
2026-06-05 22:00:00+00:00,0.1624,0.1624,0.1588,0.1597,16822136.2
2026-06-05 23:00:00+00:00,0.1597,0.1605,0.1551,0.1567,14113687.9
2026-06-06 00:00:00+00:00,0.1567,0.1619,0.1567,0.1613,10776754.8
2026-06-06 01:00:00+00:00,0.1614,0.1624,0.158,0.1586,9718641.1
2026-06-06 02:00:00+00:00,0.1585,0.1586,0.1552,0.1555,12719052.2
2026-06-06 03:00:00+00:00,0.1556,0.1561,0.1538,0.1552,15764309.4
2026-06-06 04:00:00+00:00,0.1551,0.156,0.1487,0.1498,43306309.3
2026-06-06 05:00:00+00:00,0.1499,0.1549,0.1486,0.1538,41502523.6
2026-06-06 06:00:00+00:00,0.1539,0.1564,0.1536,0.1541,18742287.9
2026-06-06 07:00:00+00:00,0.1541,0.1584,0.1541,0.1574,17291611.8
2026-06-06 08:00:00+00:00,0.1574,0.16,0.1566,0.1595,14120859.5
2026-06-06 09:00:00+00:00,0.1595,0.1603,0.1563,0.1567,11349410.1
2026-06-06 10:00:00+00:00,0.1567,0.1567,0.1536,0.1545,16934491.1
2026-06-06 11:00:00+00:00,0.1544,0.1567,0.1544,0.1563,7729022.1
2026-06-06 12:00:00+00:00,0.1564,0.1595,0.155,0.1584,9370814.7
2026-06-06 13:00:00+00:00,0.1583,0.1596,0.1578,0.1586,8726917.7
2026-06-06 14:00:00+00:00,0.1586,0.1617,0.1583,0.16,20219696.9
2026-06-06 15:00:00+00:00,0.1601,0.1604,0.1569,0.1585,16187048.6
2026-06-06 16:00:00+00:00,0.1584,0.1602,0.1575,0.16,8931399.2
2026-06-06 17:00:00+00:00,0.16,0.1601,0.1571,0.1577,8322662.5
2026-06-06 18:00:00+00:00,0.1576,0.1589,0.1567,0.1569,8572596.2
2026-06-06 19:00:00+00:00,0.1569,0.1582,0.1568,0.1569,7871591.0
2026-06-06 20:00:00+00:00,0.1569,0.1575,0.1561,0.1571,5654004.6
2026-06-06 21:00:00+00:00,0.157,0.1587,0.1569,0.157,4704600.4
2026-06-06 22:00:00+00:00,0.157,0.1573,0.1557,0.1559,5149883.0
2026-06-06 23:00:00+00:00,0.1559,0.1577,0.1556,0.1573,7459665.6
2026-06-07 00:00:00+00:00,0.1574,0.1585,0.1568,0.1575,3881120.6
2026-06-07 01:00:00+00:00,0.1575,0.162,0.1572,0.161,14356962.4
2026-06-07 02:00:00+00:00,0.161,0.1618,0.1595,0.1609,9181787.3
2026-06-07 03:00:00+00:00,0.1608,0.1622,0.1603,0.1614,7275651.7
2026-06-07 04:00:00+00:00,0.1614,0.1629,0.1597,0.1622,10594906.0
2026-06-07 05:00:00+00:00,0.1622,0.1623,0.1607,0.1612,7654830.0
2026-06-07 06:00:00+00:00,0.1612,0.1631,0.1601,0.1612,10599414.1
2026-06-07 07:00:00+00:00,0.1612,0.1626,0.1607,0.1624,8745809.6
2026-06-07 08:00:00+00:00,0.1624,0.1655,0.1617,0.1651,14407670.6
2026-06-07 09:00:00+00:00,0.165,0.167,0.1647,0.1651,18069116.1
2026-06-07 10:00:00+00:00,0.1651,0.1661,0.1635,0.1643,9649795.2
2026-06-07 11:00:00+00:00,0.1642,0.1656,0.1639,0.1647,10721942.7
2026-06-07 12:00:00+00:00,0.1647,0.165,0.1605,0.1616,14111784.7
2026-06-07 13:00:00+00:00,0.1616,0.1623,0.1609,0.1619,6739507.5
2026-06-07 14:00:00+00:00,0.162,0.1639,0.1618,0.1627,9435258.2
2026-06-07 15:00:00+00:00,0.1626,0.1629,0.1616,0.1622,7771916.8
2026-06-07 16:00:00+00:00,0.1623,0.1631,0.162,0.1626,4630663.7
2026-06-07 17:00:00+00:00,0.1626,0.164,0.1622,0.163,4986149.9
2026-06-07 18:00:00+00:00,0.163,0.1637,0.1619,0.1619,6014300.8
2026-06-07 19:00:00+00:00,0.162,0.162,0.158,0.1586,20138342.5
2026-06-07 20:00:00+00:00,0.1585,0.161,0.1581,0.1608,6584145.6
2026-06-07 21:00:00+00:00,0.1608,0.1615,0.1596,0.1607,6102229.6
2026-06-07 22:00:00+00:00,0.1608,0.1688,0.1606,0.1646,30743137.4
2026-06-07 23:00:00+00:00,0.1645,0.1662,0.1644,0.1653,8342012.9
2026-06-08 00:00:00+00:00,0.1653,0.1666,0.1642,0.1654,7805153.6
2026-06-08 01:00:00+00:00,0.1654,0.1654,0.1615,0.1633,7483646.1
2026-06-08 02:00:00+00:00,0.1634,0.1643,0.1628,0.1636,5409119.3
2026-06-08 03:00:00+00:00,0.1635,0.1651,0.1629,0.1641,6458257.8
2026-06-08 04:00:00+00:00,0.1641,0.1644,0.1611,0.1615,5592768.0
2026-06-08 05:00:00+00:00,0.1614,0.162,0.16,0.1608,7654504.3
2026-06-08 06:00:00+00:00,0.1609,0.1625,0.1607,0.1618,5119795.1
2026-06-08 07:00:00+00:00,0.1618,0.164,0.1609,0.1639,4338119.3
2026-06-08 08:00:00+00:00,0.1639,0.1639,0.1623,0.1634,11752793.2
2026-06-08 09:00:00+00:00,0.1634,0.1655,0.1628,0.1653,8679377.4
2026-06-08 10:00:00+00:00,0.1653,0.1659,0.1636,0.1645,6941216.1
2026-06-08 11:00:00+00:00,0.1644,0.1683,0.1641,0.1676,13935382.1
2026-06-08 12:00:00+00:00,0.1677,0.1684,0.1649,0.1677,10347139.4
2026-06-08 13:00:00+00:00,0.1678,0.1679,0.1656,0.1663,9125795.9
2026-06-08 14:00:00+00:00,0.1663,0.1684,0.1656,0.1681,10217445.1
2026-06-08 15:00:00+00:00,0.1681,0.1714,0.1681,0.1693,19122849.8
2026-06-08 16:00:00+00:00,0.1694,0.1723,0.1678,0.1679,13206021.7
2026-06-08 17:00:00+00:00,0.1678,0.17,0.1672,0.1699,8065306.2
2026-06-08 18:00:00+00:00,0.17,0.1727,0.17,0.171,8029676.6
2026-06-08 19:00:00+00:00,0.171,0.1726,0.1708,0.1719,6137112.5
2026-06-08 20:00:00+00:00,0.1719,0.1719,0.1688,0.1708,5512567.1
2026-06-08 21:00:00+00:00,0.1709,0.1745,0.1709,0.1718,8486077.7
2026-06-08 22:00:00+00:00,0.1717,0.1724,0.1705,0.1721,5741516.3
2026-06-08 23:00:00+00:00,0.1722,0.1732,0.1699,0.1704,4760451.9
2026-06-09 00:00:00+00:00,0.1704,0.1708,0.1661,0.1669,15496212.6
2026-06-09 01:00:00+00:00,0.1669,0.1673,0.1661,0.1668,4235767.5
2026-06-09 02:00:00+00:00,0.1668,0.1676,0.1659,0.1675,4362793.7
2026-06-09 03:00:00+00:00,0.1675,0.1676,0.1657,0.1664,4112904.3
2026-06-09 04:00:00+00:00,0.1663,0.169,0.1651,0.1686,8857386.7
2026-06-09 05:00:00+00:00,0.1686,0.1703,0.1677,0.17,4561710.4
2026-06-09 06:00:00+00:00,0.17,0.171,0.1693,0.1694,4572790.1
2026-06-09 07:00:00+00:00,0.1695,0.1711,0.169,0.1703,4179939.2
2026-06-09 08:00:00+00:00,0.1703,0.1705,0.1683,0.1689,5309370.2
2026-06-09 09:00:00+00:00,0.169,0.1693,0.1667,0.1678,4376513.3
2026-06-09 10:00:00+00:00,0.1678,0.1685,0.1669,0.1678,6447965.5
2026-06-09 11:00:00+00:00,0.1677,0.1679,0.1668,0.1674,3682528.3
2026-06-09 12:00:00+00:00,0.1674,0.1689,0.1672,0.1689,5306582.0
2026-06-09 13:00:00+00:00,0.1688,0.1698,0.1671,0.1684,6335029.4
2026-06-09 14:00:00+00:00,0.1683,0.1691,0.1643,0.1663,13422002.8
2026-06-09 15:00:00+00:00,0.1663,0.1671,0.1627,0.1631,12225237.2
2026-06-09 16:00:00+00:00,0.163,0.1636,0.1608,0.162,14598662.4
2026-06-09 17:00:00+00:00,0.1621,0.1662,0.162,0.1652,10281907.4
2026-06-09 18:00:00+00:00,0.1652,0.1677,0.1645,0.1669,7456951.6
2026-06-09 19:00:00+00:00,0.167,0.169,0.1662,0.1685,7473226.6
2026-06-09 20:00:00+00:00,0.1686,0.1699,0.168,0.1681,4748082.5
2026-06-09 21:00:00+00:00,0.1681,0.1682,0.1654,0.1661,4005423.5
2026-06-09 22:00:00+00:00,0.1661,0.1663,0.165,0.1651,3948139.1
2026-06-09 23:00:00+00:00,0.1652,0.1659,0.1649,0.1653,3320762.5
2026-06-10 00:00:00+00:00,0.1653,0.1665,0.1644,0.1663,4240948.6
2026-06-10 01:00:00+00:00,0.1663,0.1669,0.1646,0.1648,4163028.3
2026-06-10 02:00:00+00:00,0.1648,0.1653,0.1618,0.1619,6809489.2
2026-06-10 03:00:00+00:00,0.1619,0.163,0.1613,0.1624,7088535.5
2026-06-10 04:00:00+00:00,0.1624,0.163,0.1611,0.1615,4798041.1
2026-06-10 05:00:00+00:00,0.1616,0.1621,0.1602,0.1604,9806777.2
2026-06-10 06:00:00+00:00,0.1605,0.1613,0.1597,0.1605,7063865.6
2026-06-10 07:00:00+00:00,0.1605,0.1622,0.1605,0.1614,5812710.5
2026-06-10 08:00:00+00:00,0.1613,0.1616,0.1588,0.1595,8404689.6
2026-06-10 09:00:00+00:00,0.1595,0.1608,0.1586,0.1604,6035626.2
2026-06-10 10:00:00+00:00,0.1603,0.1609,0.1591,0.1607,4651413.8
2026-06-10 11:00:00+00:00,0.1607,0.1607,0.1586,0.1596,8190656.8
2026-06-10 12:00:00+00:00,0.1595,0.1636,0.1591,0.1621,12333420.7
2026-06-10 13:00:00+00:00,0.162,0.166,0.1613,0.1649,14693570.0
2026-06-10 14:00:00+00:00,0.1649,0.1652,0.1624,0.1639,8764663.2
2026-06-10 15:00:00+00:00,0.164,0.1668,0.1631,0.165,15641914.0
2026-06-10 16:00:00+00:00,0.165,0.1652,0.1606,0.162,11363333.3
2026-06-10 17:00:00+00:00,0.1621,0.1628,0.1603,0.1618,6070105.4
2026-06-10 18:00:00+00:00,0.1617,0.1647,0.1612,0.1647,6299969.5
2026-06-10 19:00:00+00:00,0.1647,0.1648,0.1604,0.1608,10428731.8
2026-06-10 20:00:00+00:00,0.1608,0.1617,0.1597,0.1603,5808523.5
2026-06-10 21:00:00+00:00,0.1603,0.1605,0.1582,0.1595,6441513.1
2026-06-10 22:00:00+00:00,0.1595,0.1616,0.1587,0.1602,5459761.0
2026-06-10 23:00:00+00:00,0.1601,0.1616,0.1593,0.1607,5769342.2
2026-06-11 00:00:00+00:00,0.1607,0.1624,0.1607,0.1613,5627834.3
2026-06-11 01:00:00+00:00,0.1613,0.1643,0.1612,0.1635,6542421.2
2026-06-11 02:00:00+00:00,0.1636,0.1638,0.1619,0.163,4867265.5
2026-06-11 03:00:00+00:00,0.163,0.1673,0.1621,0.1665,12254353.3
2026-06-11 04:00:00+00:00,0.1666,0.1678,0.1652,0.1668,10721691.0
2026-06-11 05:00:00+00:00,0.1668,0.1668,0.1654,0.1655,5541331.4
2026-06-11 06:00:00+00:00,0.1655,0.1663,0.1641,0.1647,6348181.9
2026-06-11 07:00:00+00:00,0.1647,0.1669,0.1644,0.1668,5723139.3
2026-06-11 08:00:00+00:00,0.1668,0.1681,0.1667,0.1669,7078112.0
2026-06-11 09:00:00+00:00,0.1669,0.1671,0.1656,0.1664,5018754.3
2026-06-11 10:00:00+00:00,0.1665,0.1666,0.1654,0.1662,5901134.3
2026-06-11 11:00:00+00:00,0.1662,0.1675,0.1656,0.1669,7660608.2
2026-06-11 12:00:00+00:00,0.1669,0.167,0.1647,0.1658,9997545.4
2026-06-11 13:00:00+00:00,0.1657,0.1663,0.1642,0.1658,6693132.3
2026-06-11 14:00:00+00:00,0.1659,0.1667,0.1647,0.1654,5684868.9
2026-06-11 15:00:00+00:00,0.1653,0.1674,0.1647,0.1662,8272923.2
2026-06-11 16:00:00+00:00,0.1662,0.1668,0.165,0.1651,7537214.5
2026-06-11 17:00:00+00:00,0.1652,0.1707,0.1641,0.1707,19060193.7
2026-06-11 18:00:00+00:00,0.1707,0.1719,0.1689,0.1692,14143997.6
2026-06-11 19:00:00+00:00,0.1691,0.171,0.1681,0.1694,8438912.4
2026-06-11 20:00:00+00:00,0.1694,0.1697,0.1675,0.1684,5118163.7
2026-06-11 21:00:00+00:00,0.1684,0.171,0.1684,0.1701,4339553.2
2026-06-11 22:00:00+00:00,0.1701,0.1715,0.17,0.1711,3452940.4
2026-06-11 23:00:00+00:00,0.1711,0.172,0.1701,0.1707,9502277.6
2026-06-12 00:00:00+00:00,0.1707,0.1713,0.1699,0.1702,8354884.1
2026-06-12 01:00:00+00:00,0.1701,0.1701,0.1688,0.1696,2711938.2
2026-06-12 02:00:00+00:00,0.1697,0.1715,0.1697,0.1711,4151487.0
2026-06-12 03:00:00+00:00,0.1711,0.1719,0.1707,0.1718,3371294.6
2026-06-12 04:00:00+00:00,0.1719,0.1736,0.1714,0.1723,6411028.6
2026-06-12 05:00:00+00:00,0.1723,0.1724,0.1702,0.1703,4161685.2
2026-06-12 06:00:00+00:00,0.1702,0.1708,0.1681,0.1684,6629936.1
2026-06-12 07:00:00+00:00,0.1684,0.1695,0.1683,0.1692,5361613.6
2026-06-12 08:00:00+00:00,0.1692,0.1706,0.1692,0.1704,5219131.2
2026-06-12 09:00:00+00:00,0.1704,0.1723,0.1699,0.1719,4339072.0
2026-06-12 10:00:00+00:00,0.172,0.1723,0.1708,0.1713,5811462.8
2026-06-12 11:00:00+00:00,0.1713,0.1716,0.1707,0.1714,6612635.4
2026-06-12 12:00:00+00:00,0.1713,0.1722,0.1706,0.1709,6745282.2
2026-06-12 13:00:00+00:00,0.1708,0.171,0.1677,0.1684,12103059.4
2026-06-12 14:00:00+00:00,0.1685,0.1733,0.1682,0.1729,17555362.2
2026-06-12 15:00:00+00:00,0.1729,0.1743,0.1703,0.1705,21680170.9
2026-06-12 16:00:00+00:00,0.1705,0.1735,0.1696,0.1734,10281333.9
2026-06-12 17:00:00+00:00,0.1734,0.1744,0.1715,0.1719,9228737.6
2026-06-12 18:00:00+00:00,0.1719,0.1723,0.17,0.1711,7346318.2
2026-06-12 19:00:00+00:00,0.171,0.1727,0.1705,0.1708,4812281.0
2026-06-12 20:00:00+00:00,0.1709,0.1713,0.1694,0.1696,6121964.2
2026-06-12 21:00:00+00:00,0.1697,0.1705,0.1687,0.1694,3314476.0
2026-06-12 22:00:00+00:00,0.1694,0.1703,0.1691,0.1696,3248037.4
2026-06-12 23:00:00+00:00,0.1696,0.1701,0.1687,0.1697,3693280.8
2026-06-13 00:00:00+00:00,0.1697,0.1706,0.1695,0.1701,3281360.7
2026-06-13 01:00:00+00:00,0.1701,0.1734,0.1699,0.1728,10122225.6
2026-06-13 02:00:00+00:00,0.1728,0.1731,0.1715,0.1719,4469550.8
2026-06-13 03:00:00+00:00,0.1719,0.1722,0.17,0.1704,6259164.4
2026-06-13 04:00:00+00:00,0.1705,0.1709,0.1697,0.1704,5343609.8
2026-06-13 05:00:00+00:00,0.1704,0.1709,0.169,0.1697,3297014.4
2026-06-13 06:00:00+00:00,0.1698,0.1721,0.1694,0.172,4257327.5
2026-06-13 07:00:00+00:00,0.172,0.1742,0.1713,0.1732,8591313.3
2026-06-13 08:00:00+00:00,0.1731,0.1738,0.1728,0.1729,4221169.9
2026-06-13 09:00:00+00:00,0.1729,0.1734,0.1723,0.1725,4228512.5
2026-06-13 10:00:00+00:00,0.1726,0.1731,0.1721,0.1724,2385325.0
2026-06-13 11:00:00+00:00,0.1724,0.1739,0.1724,0.1734,2862706.0
2026-06-13 12:00:00+00:00,0.1735,0.1744,0.1731,0.1737,3976945.0
2026-06-13 13:00:00+00:00,0.1737,0.1742,0.1734,0.1741,2655145.1
2026-06-13 14:00:00+00:00,0.1741,0.1748,0.1736,0.1746,3806110.5
2026-06-13 15:00:00+00:00,0.1746,0.1758,0.1742,0.175,4333814.2
2026-06-13 16:00:00+00:00,0.175,0.1751,0.1727,0.1734,5955096.7
2026-06-13 17:00:00+00:00,0.1734,0.174,0.1718,0.1722,4110671.8
2026-06-13 18:00:00+00:00,0.1723,0.1732,0.1718,0.1721,2059562.3
2026-06-13 19:00:00+00:00,0.1721,0.1728,0.1715,0.1722,3407274.0
2026-06-13 20:00:00+00:00,0.1721,0.1725,0.1712,0.1717,2755116.4
2026-06-13 21:00:00+00:00,0.1717,0.1735,0.1714,0.1728,4020147.9
2026-06-13 22:00:00+00:00,0.1728,0.1729,0.1716,0.1716,4089926.3
2026-06-13 23:00:00+00:00,0.1716,0.173,0.1715,0.1718,5312511.7
2026-06-14 00:00:00+00:00,0.1718,0.1725,0.1715,0.1715,3735644.0
2026-06-14 01:00:00+00:00,0.1715,0.1733,0.1714,0.1727,6680524.6
2026-06-14 02:00:00+00:00,0.1727,0.1737,0.1722,0.1723,2747898.3
2026-06-14 03:00:00+00:00,0.1724,0.1735,0.172,0.1731,2402418.9
2026-06-14 04:00:00+00:00,0.1731,0.1733,0.1716,0.1719,3644199.3
2026-06-14 05:00:00+00:00,0.172,0.1724,0.1713,0.1721,2434657.8
2026-06-14 06:00:00+00:00,0.1721,0.1727,0.1713,0.1715,1791093.3
2026-06-14 07:00:00+00:00,0.1715,0.1717,0.1709,0.1711,3265903.4
2026-06-14 08:00:00+00:00,0.1711,0.1716,0.1707,0.171,2576366.9
2026-06-14 09:00:00+00:00,0.1711,0.1719,0.17,0.1711,5107155.0
2026-06-14 10:00:00+00:00,0.1712,0.1712,0.1697,0.1699,5458676.3
2026-06-14 11:00:00+00:00,0.1698,0.1704,0.1695,0.1698,3566804.5
2026-06-14 12:00:00+00:00,0.1698,0.17,0.1678,0.1684,7493108.3
2026-06-14 13:00:00+00:00,0.1683,0.1686,0.167,0.1676,7566641.1
2026-06-14 14:00:00+00:00,0.1677,0.168,0.1654,0.1669,8432008.6
2026-06-14 15:00:00+00:00,0.167,0.1673,0.1664,0.167,5298411.9
2026-06-14 16:00:00+00:00,0.167,0.1677,0.1668,0.1671,4428457.4
2026-06-14 17:00:00+00:00,0.1672,0.1674,0.1664,0.1667,2999232.8
2026-06-14 18:00:00+00:00,0.1666,0.167,0.1659,0.1661,4371557.4
2026-06-14 19:00:00+00:00,0.166,0.1667,0.1658,0.1661,4136048.5
2026-06-14 20:00:00+00:00,0.1661,0.1674,0.1658,0.1669,2630891.3
2026-06-14 21:00:00+00:00,0.167,0.176,0.1667,0.1739,20638671.3
2026-06-14 22:00:00+00:00,0.174,0.1769,0.1728,0.175,17767821.8
2026-06-14 23:00:00+00:00,0.1751,0.1839,0.174,0.183,23608204.6
2026-06-15 00:00:00+00:00,0.183,0.187,0.1815,0.1831,30502859.5
2026-06-15 01:00:00+00:00,0.1832,0.1833,0.1801,0.1805,12162828.0
2026-06-15 02:00:00+00:00,0.1805,0.1825,0.1794,0.1801,11579336.5
2026-06-15 03:00:00+00:00,0.18,0.1821,0.1796,0.1813,6588239.0
2026-06-15 04:00:00+00:00,0.1812,0.1818,0.1796,0.1797,4189269.8
2026-06-15 05:00:00+00:00,0.1796,0.1815,0.1795,0.181,4536067.5
2026-06-15 06:00:00+00:00,0.181,0.182,0.1807,0.1813,4158425.9
2026-06-15 07:00:00+00:00,0.1812,0.182,0.18,0.1802,7597758.3
2026-06-15 08:00:00+00:00,0.1803,0.1818,0.18,0.1812,4774237.4
2026-06-15 09:00:00+00:00,0.1812,0.1819,0.1806,0.1814,6377264.7
2026-06-15 10:00:00+00:00,0.1815,0.183,0.1805,0.1828,9454958.3
2026-06-15 11:00:00+00:00,0.1828,0.1856,0.1823,0.1852,13718471.8
2026-06-15 12:00:00+00:00,0.1852,0.1895,0.1844,0.1873,18277582.4
2026-06-15 13:00:00+00:00,0.1873,0.19,0.1859,0.1893,23035879.7
2026-06-15 14:00:00+00:00,0.1893,0.1896,0.1872,0.1874,9425491.8
2026-06-15 15:00:00+00:00,0.1874,0.1894,0.1859,0.1889,12646834.3
2026-06-15 16:00:00+00:00,0.1889,0.1897,0.187,0.1877,10050407.5
2026-06-15 17:00:00+00:00,0.1878,0.1882,0.1857,0.1876,11102603.4
2026-06-15 18:00:00+00:00,0.1876,0.1887,0.1868,0.1873,4604193.1
2026-06-15 19:00:00+00:00,0.1873,0.1886,0.185,0.1862,8546289.4
2026-06-15 20:00:00+00:00,0.1862,0.1866,0.1798,0.1807,16569257.9
2026-06-15 21:00:00+00:00,0.1806,0.1814,0.1793,0.1794,9899382.1
2026-06-15 22:00:00+00:00,0.1794,0.1805,0.1768,0.1783,10874509.8
2026-06-15 23:00:00+00:00,0.1783,0.1788,0.1774,0.1786,4186024.7
2026-06-16 00:00:00+00:00,0.1785,0.1793,0.1776,0.1779,6684526.8
2026-06-16 01:00:00+00:00,0.178,0.1786,0.177,0.1773,4507527.8
2026-06-16 02:00:00+00:00,0.1772,0.1777,0.1755,0.1762,7255404.0
2026-06-16 03:00:00+00:00,0.1762,0.1775,0.1757,0.1772,2653832.6
2026-06-16 04:00:00+00:00,0.1773,0.1774,0.1757,0.176,2802792.0
2026-06-16 05:00:00+00:00,0.176,0.1773,0.1759,0.1769,3441717.9
2026-06-16 06:00:00+00:00,0.177,0.1787,0.1769,0.1783,5229823.4
2026-06-16 07:00:00+00:00,0.1784,0.1793,0.1775,0.1788,5473974.5
2026-06-16 08:00:00+00:00,0.1787,0.1814,0.1783,0.181,10688680.4
2026-06-16 09:00:00+00:00,0.181,0.1812,0.1792,0.1799,6660789.1
2026-06-16 10:00:00+00:00,0.1799,0.1806,0.1793,0.1795,3647264.7
2026-06-16 11:00:00+00:00,0.1794,0.1797,0.1783,0.1788,3161245.2
2026-06-16 12:00:00+00:00,0.1789,0.1814,0.1785,0.18,5085106.9
2026-06-16 13:00:00+00:00,0.1801,0.1803,0.1766,0.1771,7642961.2
2026-06-16 14:00:00+00:00,0.1772,0.1777,0.1728,0.1741,14507077.2
2026-06-16 15:00:00+00:00,0.1741,0.1749,0.1733,0.1741,5626741.7
2026-06-16 16:00:00+00:00,0.1741,0.1749,0.1729,0.1731,6486237.9
2026-06-16 17:00:00+00:00,0.1732,0.1747,0.1729,0.1747,4715578.1
2026-06-16 18:00:00+00:00,0.1747,0.1766,0.174,0.175,9356556.2
2026-06-16 19:00:00+00:00,0.1749,0.1749,0.1719,0.1732,9310295.8
2026-06-16 20:00:00+00:00,0.1733,0.1756,0.1723,0.175,6053616.7
2026-06-16 21:00:00+00:00,0.1751,0.1752,0.1733,0.1738,5824247.4
2026-06-16 22:00:00+00:00,0.1738,0.1742,0.1726,0.1734,6268865.7
2026-06-16 23:00:00+00:00,0.1734,0.1736,0.172,0.1724,8058684.9
2026-06-17 00:00:00+00:00,0.1723,0.1733,0.1718,0.172,7444010.6
2026-06-17 01:00:00+00:00,0.172,0.174,0.171,0.1736,7708091.6
2026-06-17 02:00:00+00:00,0.1736,0.175,0.1733,0.1744,7386140.9
2026-06-17 03:00:00+00:00,0.1744,0.1745,0.1724,0.173,5425532.3
2026-06-17 04:00:00+00:00,0.1731,0.1738,0.1725,0.1729,3272354.9
2026-06-17 05:00:00+00:00,0.1729,0.1734,0.1719,0.1727,4035692.5
2026-06-17 06:00:00+00:00,0.1728,0.1731,0.1712,0.1715,5338205.4
2026-06-17 07:00:00+00:00,0.1714,0.1721,0.1703,0.1713,10485637.2
2026-06-17 08:00:00+00:00,0.1713,0.1714,0.1686,0.1691,15425017.6
2026-06-17 09:00:00+00:00,0.169,0.1698,0.1686,0.1693,7254010.3
2026-06-17 10:00:00+00:00,0.1693,0.1698,0.1688,0.1692,3066215.2
2026-06-17 11:00:00+00:00,0.1692,0.1695,0.1678,0.1688,5608599.5
2026-06-17 12:00:00+00:00,0.1689,0.1697,0.1674,0.1695,7682393.5
2026-06-17 13:00:00+00:00,0.1694,0.1696,0.1682,0.1682,14022979.2
2026-06-17 14:00:00+00:00,0.1682,0.1693,0.167,0.168,16144295.7
2026-06-17 15:00:00+00:00,0.1679,0.1715,0.1678,0.1714,11961179.8
2026-06-17 16:00:00+00:00,0.1714,0.1729,0.1707,0.171,7669303.5
2026-06-17 17:00:00+00:00,0.1711,0.1725,0.1704,0.1724,7837792.2
2026-06-17 18:00:00+00:00,0.1724,0.1724,0.1675,0.1697,25372907.3
2026-06-17 19:00:00+00:00,0.1696,0.1701,0.1648,0.1656,19605847.9
2026-06-17 20:00:00+00:00,0.1655,0.1675,0.1651,0.1673,7031220.4
2026-06-17 21:00:00+00:00,0.1672,0.1673,0.1656,0.1661,3589372.3
2026-06-17 22:00:00+00:00,0.1661,0.1674,0.1637,0.1667,9883762.7
2026-06-17 23:00:00+00:00,0.1667,0.1674,0.1663,0.1669,4046870.3
2026-06-18 00:00:00+00:00,0.1669,0.168,0.1667,0.1672,2935016.0
2026-06-18 01:00:00+00:00,0.1671,0.1684,0.1671,0.1679,2414899.8
2026-06-18 02:00:00+00:00,0.168,0.1689,0.1676,0.1685,2644352.4
2026-06-18 03:00:00+00:00,0.1686,0.1687,0.1665,0.1669,2908507.6
2026-06-18 04:00:00+00:00,0.1669,0.167,0.1651,0.1655,5312370.2
2026-06-18 05:00:00+00:00,0.1655,0.1656,0.1639,0.165,6931738.7
2026-06-18 06:00:00+00:00,0.1651,0.1658,0.1644,0.1655,3194604.0
2026-06-18 07:00:00+00:00,0.1655,0.1673,0.1649,0.1669,4881574.3
2026-06-18 08:00:00+00:00,0.1669,0.1675,0.1663,0.1667,3103938.7
2026-06-18 09:00:00+00:00,0.1667,0.1675,0.1663,0.1673,3724237.3
2026-06-18 10:00:00+00:00,0.1673,0.1674,0.166,0.1666,5145484.7
2026-06-18 11:00:00+00:00,0.1665,0.1669,0.1646,0.165,5507809.3
2026-06-18 12:00:00+00:00,0.1651,0.1663,0.1647,0.1659,6155523.2
2026-06-18 13:00:00+00:00,0.1659,0.1665,0.1637,0.1648,7070628.8
2026-06-18 14:00:00+00:00,0.1649,0.1662,0.1639,0.1647,5494770.8
2026-06-18 15:00:00+00:00,0.1647,0.1647,0.1598,0.1604,22997189.6
2026-06-18 16:00:00+00:00,0.1603,0.1624,0.1601,0.1622,8509554.7
2026-06-18 17:00:00+00:00,0.1623,0.1625,0.1604,0.1614,7395921.9
2026-06-18 18:00:00+00:00,0.1614,0.1628,0.1608,0.1622,4696106.4
2026-06-18 19:00:00+00:00,0.1622,0.1634,0.1614,0.163,2642906.8
2026-06-18 20:00:00+00:00,0.1631,0.1642,0.163,0.1635,3694838.9
2026-06-18 21:00:00+00:00,0.1635,0.1636,0.1624,0.1632,2460414.8
2026-06-18 22:00:00+00:00,0.1632,0.1634,0.1624,0.1631,2573751.0
2026-06-18 23:00:00+00:00,0.1631,0.1639,0.1624,0.1637,1629951.7
2026-06-19 00:00:00+00:00,0.1637,0.1644,0.1633,0.164,2662613.4
2026-06-19 01:00:00+00:00,0.164,0.1651,0.1637,0.1646,5825038.1
2026-06-19 02:00:00+00:00,0.1646,0.1649,0.1635,0.1643,1708917.6
2026-06-19 03:00:00+00:00,0.1644,0.1645,0.1611,0.1621,7503686.5
2026-06-19 04:00:00+00:00,0.1622,0.1624,0.1596,0.1601,6279533.3
2026-06-19 05:00:00+00:00,0.1602,0.1612,0.16,0.161,3629219.1
2026-06-19 06:00:00+00:00,0.1609,0.1611,0.1602,0.1608,3298076.3
2026-06-19 07:00:00+00:00,0.1607,0.1609,0.1586,0.1596,6729798.8
2026-06-19 08:00:00+00:00,0.1597,0.1611,0.1596,0.1606,4331049.0
2026-06-19 09:00:00+00:00,0.1607,0.1608,0.1593,0.1597,3707319.0
2026-06-19 10:00:00+00:00,0.1597,0.1605,0.1591,0.1603,2234304.3
2026-06-19 11:00:00+00:00,0.1602,0.1605,0.1597,0.1599,2984301.3
2026-06-19 12:00:00+00:00,0.1599,0.1608,0.1587,0.1607,3636710.6
2026-06-19 13:00:00+00:00,0.1608,0.1629,0.1603,0.1623,5338306.0
2026-06-19 14:00:00+00:00,0.1623,0.1627,0.1615,0.1618,4678793.4
2026-06-19 15:00:00+00:00,0.1618,0.1622,0.161,0.1618,3343273.9
2026-06-19 16:00:00+00:00,0.1619,0.1624,0.1604,0.1605,4765182.0
2026-06-19 17:00:00+00:00,0.1606,0.1622,0.1603,0.1618,1712806.1
2026-06-19 18:00:00+00:00,0.1618,0.162,0.1603,0.1614,2403563.2
2026-06-19 19:00:00+00:00,0.1613,0.1616,0.1604,0.1608,2208383.5
2026-06-19 20:00:00+00:00,0.1609,0.1621,0.1604,0.1619,1825946.1
2026-06-19 21:00:00+00:00,0.162,0.162,0.1605,0.1608,2005933.6
2026-06-19 22:00:00+00:00,0.1607,0.162,0.1605,0.1618,1756661.8
2026-06-19 23:00:00+00:00,0.1618,0.1624,0.1611,0.1621,2350353.2
2026-06-20 00:00:00+00:00,0.1621,0.164,0.1618,0.1624,2858404.9
2026-06-20 01:00:00+00:00,0.1624,0.1629,0.1619,0.1624,2878985.1
2026-06-20 02:00:00+00:00,0.1624,0.1625,0.1616,0.1621,2354470.9
2026-06-20 03:00:00+00:00,0.1621,0.1626,0.1618,0.1625,1558740.0
2026-06-20 04:00:00+00:00,0.1625,0.1631,0.1623,0.1631,1632775.0
2026-06-20 05:00:00+00:00,0.1631,0.1651,0.1628,0.1636,4732858.3
2026-06-20 06:00:00+00:00,0.1636,0.1639,0.1631,0.1637,2302521.4
2026-06-20 07:00:00+00:00,0.1638,0.1639,0.1628,0.1629,2494864.4
2026-06-20 08:00:00+00:00,0.1629,0.1632,0.1622,0.1628,2536279.4
2026-06-20 09:00:00+00:00,0.1629,0.164,0.1629,0.1639,1804655.1
2026-06-20 10:00:00+00:00,0.1638,0.1638,0.1627,0.1631,1755393.0
2026-06-20 11:00:00+00:00,0.1632,0.1633,0.1624,0.1629,1637905.3
2026-06-20 12:00:00+00:00,0.1629,0.1632,0.1623,0.1627,2503027.5
2026-06-20 13:00:00+00:00,0.1627,0.1627,0.1611,0.1614,3702279.8
2026-06-20 14:00:00+00:00,0.1614,0.1632,0.16,0.162,7535199.7
2026-06-20 15:00:00+00:00,0.1621,0.1633,0.1616,0.1623,6651184.5
2026-06-20 16:00:00+00:00,0.1623,0.1625,0.1609,0.1618,3712920.8
2026-06-20 17:00:00+00:00,0.1619,0.162,0.1601,0.161,3084489.8
2026-06-20 18:00:00+00:00,0.1611,0.1615,0.1608,0.1609,3322584.5
2026-06-20 19:00:00+00:00,0.1609,0.1615,0.1607,0.1613,3692276.6
2026-06-20 20:00:00+00:00,0.1614,0.1617,0.1612,0.1614,2183921.0
2026-06-20 21:00:00+00:00,0.1615,0.1627,0.1614,0.1621,3447901.3
2026-06-20 22:00:00+00:00,0.1622,0.1636,0.1619,0.1632,2367634.3
2026-06-20 23:00:00+00:00,0.1632,0.1639,0.163,0.1633,1527804.7
2026-06-21 00:00:00+00:00,0.1633,0.1636,0.163,0.1634,2522804.5
2026-06-21 01:00:00+00:00,0.1635,0.1635,0.1625,0.163,1844185.6
2026-06-21 02:00:00+00:00,0.163,0.163,0.1623,0.1623,1442363.5
2026-06-21 03:00:00+00:00,0.1624,0.1633,0.162,0.1626,3177492.3
2026-06-21 04:00:00+00:00,0.1627,0.1628,0.1606,0.161,4838137.7
2026-06-21 05:00:00+00:00,0.161,0.161,0.1601,0.1606,5116929.2
2026-06-21 06:00:00+00:00,0.1606,0.1616,0.1605,0.1615,1588237.4
2026-06-21 07:00:00+00:00,0.1615,0.1623,0.1609,0.1616,4146631.0
2026-06-21 08:00:00+00:00,0.1616,0.1617,0.16,0.1611,2683155.6
2026-06-21 09:00:00+00:00,0.1611,0.162,0.1607,0.162,3479325.8
2026-06-21 10:00:00+00:00,0.1619,0.1626,0.1613,0.1614,4046950.6
2026-06-21 11:00:00+00:00,0.1615,0.162,0.1608,0.161,2867026.7
2026-06-21 12:00:00+00:00,0.1609,0.1613,0.1603,0.1612,3138303.1
2026-06-21 13:00:00+00:00,0.1612,0.1619,0.1609,0.1618,1319431.8
2026-06-21 14:00:00+00:00,0.1617,0.1622,0.1614,0.1621,1461713.4
2026-06-21 15:00:00+00:00,0.1622,0.1629,0.1621,0.1623,2913400.0
2026-06-21 16:00:00+00:00,0.1624,0.1624,0.1609,0.1616,2266354.9
2026-06-21 17:00:00+00:00,0.1615,0.1624,0.1612,0.1615,1321127.3
2026-06-21 18:00:00+00:00,0.1614,0.1621,0.1609,0.1621,1429768.8
2026-06-21 19:00:00+00:00,0.1622,0.1625,0.1617,0.162,1622128.7
2026-06-21 20:00:00+00:00,0.162,0.1623,0.1604,0.1607,2198141.9
2026-06-21 21:00:00+00:00,0.1606,0.1608,0.1585,0.1596,11973954.2
2026-06-21 22:00:00+00:00,0.1596,0.1599,0.1581,0.159,6639709.4
2026-06-21 23:00:00+00:00,0.159,0.1591,0.1563,0.1566,10747652.2
2026-06-22 00:00:00+00:00,0.1566,0.1597,0.1566,0.1595,8283384.6
2026-06-22 01:00:00+00:00,0.1595,0.163,0.1591,0.1612,8039596.8
2026-06-22 02:00:00+00:00,0.1612,0.1613,0.1597,0.1597,3451771.8
2026-06-22 03:00:00+00:00,0.1597,0.1602,0.1579,0.1582,3849525.5
2026-06-22 04:00:00+00:00,0.1582,0.1594,0.1579,0.1593,1945824.5
2026-06-22 05:00:00+00:00,0.1593,0.1607,0.1592,0.1606,3012280.0
2026-06-22 06:00:00+00:00,0.1607,0.1608,0.1598,0.1604,3908353.4
2026-06-22 07:00:00+00:00,0.1603,0.1621,0.1602,0.1618,3769562.0
2026-06-22 08:00:00+00:00,0.1618,0.1618,0.1607,0.1612,2481812.2
2026-06-22 09:00:00+00:00,0.1613,0.1613,0.1601,0.1604,2754743.4
2026-06-22 10:00:00+00:00,0.1604,0.1608,0.1598,0.1603,3375888.1
2026-06-22 11:00:00+00:00,0.1603,0.1624,0.16,0.1617,5982997.0
2026-06-22 12:00:00+00:00,0.1617,0.1625,0.1614,0.1619,5079680.8
2026-06-22 13:00:00+00:00,0.1619,0.1633,0.1613,0.163,5891931.0
2026-06-22 14:00:00+00:00,0.1631,0.1632,0.1595,0.1602,6520950.4
2026-06-22 15:00:00+00:00,0.1602,0.1606,0.1589,0.1595,5118082.3
2026-06-22 16:00:00+00:00,0.1596,0.1597,0.1586,0.1595,4663898.0
2026-06-22 17:00:00+00:00,0.1595,0.16,0.1583,0.1596,3577104.5
2026-06-22 18:00:00+00:00,0.1595,0.1601,0.1584,0.1584,2313385.2
2026-06-22 19:00:00+00:00,0.1585,0.1591,0.1577,0.159,4614059.5
2026-06-22 20:00:00+00:00,0.159,0.1597,0.1587,0.1591,1968765.4
2026-06-22 21:00:00+00:00,0.1592,0.1594,0.1582,0.1594,1304322.6
2026-06-22 22:00:00+00:00,0.1594,0.1601,0.1572,0.158,6532579.1
2026-06-22 23:00:00+00:00,0.158,0.1587,0.1577,0.1585,2421167.9
2026-06-23 00:00:00+00:00,0.1586,0.1593,0.158,0.1592,3462030.6
2026-06-23 01:00:00+00:00,0.1592,0.1597,0.1576,0.1589,4704494.7
2026-06-23 02:00:00+00:00,0.159,0.1595,0.1583,0.1593,2607935.1
2026-06-23 03:00:00+00:00,0.1593,0.16,0.1587,0.1599,2782430.2
2026-06-23 04:00:00+00:00,0.16,0.1601,0.1581,0.1583,3200912.3
2026-06-23 05:00:00+00:00,0.1584,0.1589,0.1574,0.1577,3498483.0
2026-06-23 06:00:00+00:00,0.1578,0.1578,0.1536,0.1548,21153251.1
2026-06-23 07:00:00+00:00,0.1547,0.1559,0.1546,0.1546,4955916.5
2026-06-23 08:00:00+00:00,0.1547,0.1548,0.1508,0.1525,18252092.4
2026-06-23 09:00:00+00:00,0.1526,0.1532,0.1521,0.1526,10691868.0
2026-06-23 10:00:00+00:00,0.1526,0.1534,0.1524,0.1528,4451506.8
2026-06-23 11:00:00+00:00,0.1528,0.1541,0.1527,0.1537,5003347.6
2026-06-23 12:00:00+00:00,0.1536,0.1537,0.1502,0.1503,19006150.6
2026-06-23 13:00:00+00:00,0.1503,0.1525,0.1498,0.1517,20430016.8
2026-06-23 14:00:00+00:00,0.1517,0.1526,0.1509,0.151,7702721.7
2026-06-23 15:00:00+00:00,0.151,0.1513,0.1501,0.151,7016301.3
2026-06-23 16:00:00+00:00,0.151,0.152,0.1506,0.151,12624668.4
2026-06-23 17:00:00+00:00,0.151,0.1512,0.15,0.1503,10051994.4
2026-06-23 18:00:00+00:00,0.1502,0.1508,0.1493,0.1501,8783781.9
2026-06-23 19:00:00+00:00,0.15,0.1507,0.1496,0.1501,5086421.7
2026-06-23 20:00:00+00:00,0.1502,0.1509,0.15,0.15,4401271.1
2026-06-23 21:00:00+00:00,0.1501,0.1515,0.1499,0.1515,3436337.0
2026-06-23 22:00:00+00:00,0.1514,0.1524,0.1514,0.1517,4326594.5
2026-06-23 23:00:00+00:00,0.1517,0.1518,0.1508,0.1515,3780743.3
2026-06-24 00:00:00+00:00,0.1514,0.1532,0.1512,0.1529,5766822.4
2026-06-24 01:00:00+00:00,0.153,0.1544,0.1524,0.153,6907067.4
2026-06-24 02:00:00+00:00,0.153,0.1531,0.1522,0.1526,4521304.0
2026-06-24 03:00:00+00:00,0.1526,0.1528,0.1514,0.1522,3025433.8
2026-06-24 04:00:00+00:00,0.1522,0.1525,0.1506,0.1524,3376831.0
2026-06-24 05:00:00+00:00,0.1524,0.1531,0.1521,0.1523,3660401.9
2026-06-24 06:00:00+00:00,0.1523,0.1523,0.1512,0.1515,3873182.8
2026-06-24 07:00:00+00:00,0.1515,0.1516,0.1502,0.1506,4550898.4
2026-06-24 08:00:00+00:00,0.1506,0.1513,0.1504,0.1512,2626104.0
2026-06-24 09:00:00+00:00,0.1512,0.1512,0.15,0.1504,4694764.0
2026-06-24 10:00:00+00:00,0.1503,0.1503,0.1458,0.1472,39512042.3
2026-06-24 11:00:00+00:00,0.1471,0.1497,0.1463,0.1483,12498839.2
2026-06-24 12:00:00+00:00,0.1483,0.1489,0.1479,0.148,7966416.3
2026-06-24 13:00:00+00:00,0.1481,0.1481,0.1445,0.1454,32082626.2
2026-06-24 14:00:00+00:00,0.1453,0.1463,0.145,0.1454,13984823.7
2026-06-24 15:00:00+00:00,0.1454,0.1455,0.1435,0.1439,9301043.5
2026-06-24 16:00:00+00:00,0.1439,0.1445,0.1407,0.1416,22628659.1
2026-06-24 17:00:00+00:00,0.1415,0.1425,0.1396,0.1401,21508794.1
2026-06-24 18:00:00+00:00,0.14,0.1427,0.1397,0.1417,11435661.6
2026-06-24 19:00:00+00:00,0.1417,0.1422,0.1401,0.1412,22553330.8
2026-06-24 20:00:00+00:00,0.1412,0.1456,0.1408,0.1452,23144679.5
2026-06-24 21:00:00+00:00,0.1453,0.1474,0.1448,0.1471,7404463.9
2026-06-24 22:00:00+00:00,0.1471,0.1494,0.1469,0.1472,13938325.4
2026-06-24 23:00:00+00:00,0.1472,0.1481,0.1469,0.1477,4490836.4
2026-06-25 00:00:00+00:00,0.1477,0.1492,0.1473,0.1476,12653581.5
2026-06-25 01:00:00+00:00,0.1477,0.1483,0.147,0.1478,3880971.2
2026-06-25 02:00:00+00:00,0.1477,0.1481,0.1473,0.1478,4266806.3
2026-06-25 03:00:00+00:00,0.1479,0.1482,0.1471,0.1475,3232093.4
2026-06-25 04:00:00+00:00,0.1475,0.1492,0.1471,0.1491,4792614.6
2026-06-25 05:00:00+00:00,0.1491,0.1508,0.1489,0.15,7695084.1
2026-06-25 06:00:00+00:00,0.1499,0.1505,0.1495,0.1498,2908617.8
2026-06-25 07:00:00+00:00,0.1498,0.1502,0.1491,0.1499,4729523.7
2026-06-25 08:00:00+00:00,0.1499,0.1501,0.1491,0.1493,3187878.5
2026-06-25 09:00:00+00:00,0.1493,0.1496,0.1489,0.1492,1951307.4
2026-06-25 10:00:00+00:00,0.1492,0.1495,0.148,0.1482,3812041.7
2026-06-25 11:00:00+00:00,0.1481,0.1484,0.1473,0.1476,5730402.6
2026-06-25 12:00:00+00:00,0.1477,0.1486,0.1462,0.1483,11177490.3
2026-06-25 13:00:00+00:00,0.1483,0.1489,0.1382,0.1389,29392806.2
2026-06-25 14:00:00+00:00,0.139,0.1456,0.139,0.1428,25130612.2
2026-06-25 15:00:00+00:00,0.1429,0.1434,0.1411,0.1432,8735682.2
2026-06-25 16:00:00+00:00,0.1432,0.1452,0.142,0.1428,6403073.8
2026-06-25 17:00:00+00:00,0.1428,0.1447,0.1424,0.1446,5406693.4
2026-06-25 18:00:00+00:00,0.1446,0.1447,0.1419,0.1423,6344721.5
2026-06-25 19:00:00+00:00,0.1422,0.1422,0.1406,0.1411,7517979.6
2026-06-25 20:00:00+00:00,0.1412,0.1421,0.1412,0.1415,4527624.5
2026-06-25 21:00:00+00:00,0.1415,0.1442,0.1415,0.1439,3414323.1
2026-06-25 22:00:00+00:00,0.144,0.1442,0.1431,0.1434,3312554.4
2026-06-25 23:00:00+00:00,0.1434,0.1444,0.1431,0.1438,3817848.4
2026-06-26 00:00:00+00:00,0.1438,0.1444,0.1431,0.1432,4450081.2
2026-06-26 01:00:00+00:00,0.1431,0.1434,0.1419,0.1422,3631668.5
2026-06-26 02:00:00+00:00,0.1422,0.1423,0.139,0.1396,12868908.9
2026-06-26 03:00:00+00:00,0.1396,0.1432,0.1385,0.1427,10028495.0
2026-06-26 04:00:00+00:00,0.1428,0.1433,0.1417,0.1418,3258968.7
2026-06-26 05:00:00+00:00,0.1418,0.1433,0.1415,0.1429,6858602.0
2026-06-26 06:00:00+00:00,0.1429,0.1453,0.1422,0.1452,8984429.3
2026-06-26 07:00:00+00:00,0.1452,0.1473,0.1451,0.1466,10467913.5
2026-06-26 08:00:00+00:00,0.1467,0.1469,0.1446,0.1449,5960905.1
2026-06-26 09:00:00+00:00,0.145,0.1453,0.1435,0.1438,5588123.8
2026-06-26 10:00:00+00:00,0.1438,0.1445,0.1434,0.1437,4048747.5
2026-06-26 11:00:00+00:00,0.1438,0.1446,0.1427,0.1433,3328865.6
2026-06-26 12:00:00+00:00,0.1434,0.1452,0.1425,0.1427,8635468.7
2026-06-26 13:00:00+00:00,0.1428,0.146,0.1412,0.1458,14192599.2
2026-06-26 14:00:00+00:00,0.1457,0.1463,0.1443,0.1446,12057251.9
2026-06-26 15:00:00+00:00,0.1445,0.1483,0.144,0.1481,11364358.9
2026-06-26 16:00:00+00:00,0.1481,0.15,0.147,0.148,12984147.6
2026-06-26 17:00:00+00:00,0.148,0.1491,0.1479,0.1481,6038034.4
2026-06-26 18:00:00+00:00,0.1481,0.1488,0.1467,0.1469,3764756.5
2026-06-26 19:00:00+00:00,0.1469,0.1485,0.1465,0.1477,6517699.3
2026-06-26 20:00:00+00:00,0.1477,0.1494,0.1471,0.1474,11184075.4
2026-06-26 21:00:00+00:00,0.1473,0.1482,0.1469,0.1472,2476905.1
2026-06-26 22:00:00+00:00,0.1471,0.1482,0.1464,0.148,3905742.4
2026-06-26 23:00:00+00:00,0.1481,0.1494,0.1479,0.1484,7156060.8
2026-06-27 00:00:00+00:00,0.1485,0.1491,0.1473,0.1482,4656663.6
2026-06-27 01:00:00+00:00,0.1482,0.1485,0.1477,0.1482,2431554.1
2026-06-27 02:00:00+00:00,0.1482,0.1497,0.1478,0.149,8685091.0
2026-06-27 03:00:00+00:00,0.149,0.1493,0.1481,0.1483,5576766.8
2026-06-27 04:00:00+00:00,0.1483,0.1491,0.1482,0.1483,4029849.2
2026-06-27 05:00:00+00:00,0.1483,0.1485,0.1473,0.1479,3331945.1
2026-06-27 06:00:00+00:00,0.1479,0.1483,0.1471,0.1479,3414586.5
2026-06-27 07:00:00+00:00,0.1479,0.1481,0.1476,0.1476,1928437.9
2026-06-27 08:00:00+00:00,0.1476,0.1478,0.1471,0.1473,3687720.2
2026-06-27 09:00:00+00:00,0.1473,0.1476,0.1467,0.1472,1776209.0
2026-06-27 10:00:00+00:00,0.1472,0.1475,0.1471,0.1475,1995420.3
2026-06-27 11:00:00+00:00,0.1474,0.1476,0.1464,0.1472,4301237.7
2026-06-27 12:00:00+00:00,0.1473,0.1474,0.1467,0.1474,2188305.8
2026-06-27 13:00:00+00:00,0.1474,0.1484,0.1472,0.1481,1890132.1
2026-06-27 14:00:00+00:00,0.1481,0.1491,0.1477,0.1485,5873419.6
2026-06-27 15:00:00+00:00,0.1486,0.1494,0.1484,0.1489,4482207.0
2026-06-27 16:00:00+00:00,0.1489,0.1491,0.1482,0.1484,2220709.2
2026-06-27 17:00:00+00:00,0.1485,0.1485,0.1466,0.1467,9191699.2
2026-06-27 18:00:00+00:00,0.1467,0.1471,0.1463,0.1469,3834010.1
2026-06-27 19:00:00+00:00,0.1469,0.147,0.1448,0.1453,3700467.4
2026-06-27 20:00:00+00:00,0.1453,0.1459,0.1453,0.1456,1104042.1
2026-06-27 21:00:00+00:00,0.1456,0.1461,0.1447,0.1449,2113296.5
2026-06-27 22:00:00+00:00,0.1449,0.1457,0.1438,0.1456,5467682.1
2026-06-27 23:00:00+00:00,0.1456,0.146,0.1451,0.1453,1723827.5
2026-06-28 00:00:00+00:00,0.1453,0.146,0.1451,0.1456,1278917.3
2026-06-28 01:00:00+00:00,0.1456,0.1456,0.1449,0.1455,1649680.8
2026-06-28 02:00:00+00:00,0.1455,0.1458,0.1446,0.1449,1710338.7
2026-06-28 03:00:00+00:00,0.1448,0.1455,0.1448,0.1454,1377530.9
2026-06-28 04:00:00+00:00,0.1454,0.1456,0.1449,0.1451,1314240.6
2026-06-28 05:00:00+00:00,0.1451,0.1452,0.1439,0.1445,2071241.4
2026-06-28 06:00:00+00:00,0.1446,0.1447,0.1434,0.1443,2905731.5
2026-06-28 07:00:00+00:00,0.1443,0.1453,0.1442,0.1452,2080567.8
2026-06-28 08:00:00+00:00,0.1453,0.1465,0.145,0.1458,2459884.0
2026-06-28 09:00:00+00:00,0.1459,0.1462,0.1447,0.1448,2521356.3
2026-06-28 10:00:00+00:00,0.1448,0.1452,0.1443,0.145,1543202.8
2026-06-28 11:00:00+00:00,0.145,0.1456,0.1446,0.1454,1535593.4
2026-06-28 12:00:00+00:00,0.1453,0.1457,0.1445,0.1449,1551043.8
2026-06-28 13:00:00+00:00,0.1448,0.1448,0.1441,0.1444,3987607.7
2026-06-28 14:00:00+00:00,0.1444,0.1454,0.1441,0.1446,2902038.8
2026-06-28 15:00:00+00:00,0.1446,0.1452,0.1441,0.1445,2541289.6
2026-06-28 16:00:00+00:00,0.1446,0.1447,0.1431,0.1437,4340289.9
2026-06-28 17:00:00+00:00,0.1437,0.1442,0.1427,0.1435,3678161.0
2026-06-28 18:00:00+00:00,0.1435,0.1439,0.1429,0.1433,2666590.6
2026-06-28 19:00:00+00:00,0.1432,0.1438,0.1422,0.1429,3543511.9
2026-06-28 20:00:00+00:00,0.1428,0.1439,0.1427,0.1433,1796543.5
2026-06-28 21:00:00+00:00,0.1434,0.1437,0.1415,0.1421,4043994.7
2026-06-28 22:00:00+00:00,0.1422,0.1442,0.1412,0.142,4835093.0
2026-06-28 23:00:00+00:00,0.1419,0.1445,0.1418,0.1438,3116378.9
2026-06-29 00:00:00+00:00,0.1438,0.1441,0.1419,0.1441,3601098.0
2026-06-29 01:00:00+00:00,0.1441,0.1443,0.1429,0.1437,1952095.4
2026-06-29 02:00:00+00:00,0.1436,0.1445,0.142,0.1443,4687380.3
2026-06-29 03:00:00+00:00,0.1443,0.146,0.1443,0.1452,5233377.2
2026-06-29 04:00:00+00:00,0.1451,0.1452,0.1437,0.144,2754162.4
2026-06-29 05:00:00+00:00,0.1441,0.1451,0.1427,0.145,6258359.9
2026-06-29 06:00:00+00:00,0.1451,0.1464,0.145,0.1452,2910496.3
2026-06-29 07:00:00+00:00,0.1452,0.1455,0.1446,0.1451,1409872.5
2026-06-29 08:00:00+00:00,0.145,0.1453,0.1437,0.1441,3402266.0
2026-06-29 09:00:00+00:00,0.1441,0.1452,0.144,0.1451,2745134.7
2026-06-29 10:00:00+00:00,0.1451,0.1459,0.1449,0.1454,3071850.8
2026-06-29 11:00:00+00:00,0.1454,0.146,0.1443,0.1449,7262693.8
2026-06-29 12:00:00+00:00,0.1449,0.1469,0.144,0.145,12238033.6
2026-06-29 13:00:00+00:00,0.145,0.1461,0.1436,0.1448,10787848.3
2026-06-29 14:00:00+00:00,0.1449,0.1453,0.1432,0.145,6553150.3
2026-06-29 15:00:00+00:00,0.1451,0.146,0.1436,0.1455,5912251.5
2026-06-29 16:00:00+00:00,0.1455,0.1459,0.1447,0.1454,2231288.9
2026-06-29 17:00:00+00:00,0.1455,0.1488,0.1454,0.1478,6388747.6
2026-06-29 18:00:00+00:00,0.1478,0.1482,0.1471,0.1473,3207094.8
2026-06-29 19:00:00+00:00,0.1473,0.148,0.1469,0.1477,3315230.6
2026-06-29 20:00:00+00:00,0.1476,0.1477,0.1469,0.1469,2065479.7
2026-06-29 21:00:00+00:00,0.1469,0.1478,0.1466,0.1473,1476249.4
2026-06-29 22:00:00+00:00,0.1473,0.1475,0.1462,0.1463,2634402.7
2026-06-29 23:00:00+00:00,0.1462,0.1464,0.1455,0.1458,2776768.1
2026-06-30 00:00:00+00:00,0.1458,0.146,0.1444,0.1444,3335580.0
2026-06-30 01:00:00+00:00,0.1444,0.1447,0.144,0.1444,3356522.9
2026-06-30 02:00:00+00:00,0.1444,0.145,0.1437,0.1446,2970403.7
2026-06-30 03:00:00+00:00,0.1446,0.1452,0.1443,0.1443,1614100.9
2026-06-30 04:00:00+00:00,0.1443,0.1449,0.1441,0.1447,3266572.9
2026-06-30 05:00:00+00:00,0.1447,0.145,0.144,0.1449,2817931.0
2026-06-30 06:00:00+00:00,0.145,0.1457,0.1447,0.1456,2385569.6
2026-06-30 07:00:00+00:00,0.1456,0.1457,0.1448,0.145,2684046.2
2026-06-30 08:00:00+00:00,0.1451,0.1452,0.1441,0.1446,3697485.9
2026-06-30 09:00:00+00:00,0.1446,0.145,0.1442,0.1448,4645587.5
2026-06-30 10:00:00+00:00,0.1449,0.145,0.1446,0.1448,3407884.3
2026-06-30 11:00:00+00:00,0.1448,0.1449,0.1438,0.144,2454784.1
2026-06-30 12:00:00+00:00,0.144,0.144,0.1421,0.1421,9160763.1
2026-06-30 13:00:00+00:00,0.1422,0.1442,0.1421,0.1441,7498972.3
2026-06-30 14:00:00+00:00,0.144,0.1456,0.1435,0.1438,8227280.6
2026-06-30 15:00:00+00:00,0.1438,0.1453,0.143,0.1444,11439881.9
2026-06-30 16:00:00+00:00,0.1444,0.1458,0.1436,0.1455,8033816.5
2026-06-30 17:00:00+00:00,0.1455,0.1465,0.1445,0.1446,6147327.8
2026-06-30 18:00:00+00:00,0.1446,0.1461,0.1442,0.1455,3922068.7
2026-06-30 19:00:00+00:00,0.1454,0.1457,0.1445,0.1449,4907001.3
2026-06-30 20:00:00+00:00,0.1448,0.145,0.1437,0.1439,4034950.1
2026-06-30 21:00:00+00:00,0.1438,0.1444,0.1435,0.1442,1600576.9
2026-06-30 22:00:00+00:00,0.1442,0.1447,0.1436,0.1442,2428605.2
2026-06-30 23:00:00+00:00,0.1442,0.1445,0.1439,0.1444,1807366.1
2026-07-01 00:00:00+00:00,0.1444,0.1446,0.1434,0.1445,3386050.9
2026-07-01 01:00:00+00:00,0.1446,0.1454,0.142,0.145,9186096.4
2026-07-01 02:00:00+00:00,0.145,0.1468,0.1447,0.1465,9579806.2
2026-07-01 03:00:00+00:00,0.1466,0.1509,0.1465,0.1495,24569064.8
2026-07-01 04:00:00+00:00,0.1495,0.153,0.149,0.151,24736789.5
2026-07-01 05:00:00+00:00,0.151,0.1524,0.1504,0.1515,13969166.5
2026-07-01 06:00:00+00:00,0.1516,0.1518,0.1488,0.1504,14068548.6
2026-07-01 07:00:00+00:00,0.1504,0.1508,0.1495,0.1501,7665445.9
2026-07-01 08:00:00+00:00,0.1501,0.1509,0.149,0.1507,11313903.7
2026-07-01 09:00:00+00:00,0.1506,0.1513,0.15,0.1504,5133443.2
2026-07-01 10:00:00+00:00,0.1504,0.1515,0.1499,0.1509,6095834.1
2026-07-01 11:00:00+00:00,0.1509,0.1524,0.1504,0.1508,7047193.5
2026-07-01 12:00:00+00:00,0.1508,0.1525,0.1503,0.1516,9703558.5
2026-07-01 13:00:00+00:00,0.1516,0.154,0.1509,0.1539,15403226.2
2026-07-01 14:00:00+00:00,0.1538,0.1575,0.1535,0.1557,25994733.2
2026-07-01 15:00:00+00:00,0.1556,0.1581,0.155,0.1553,17120314.3
2026-07-01 16:00:00+00:00,0.1553,0.1559,0.1545,0.1551,7742745.6
2026-07-01 17:00:00+00:00,0.1551,0.1552,0.1539,0.1549,8456822.4
2026-07-01 18:00:00+00:00,0.1548,0.155,0.1536,0.1541,4544411.1
2026-07-01 19:00:00+00:00,0.1541,0.1548,0.1527,0.1534,4719178.6
2026-07-01 20:00:00+00:00,0.1535,0.1541,0.1529,0.1541,4554438.4
2026-07-01 21:00:00+00:00,0.1541,0.158,0.154,0.1574,5810627.4
2026-07-01 22:00:00+00:00,0.1574,0.1579,0.1557,0.1559,11325572.8
2026-07-01 23:00:00+00:00,0.1559,0.1559,0.1539,0.1539,4818885.0
2026-07-02 00:00:00+00:00,0.1539,0.1541,0.1526,0.153,5576996.3
2026-07-02 01:00:00+00:00,0.1531,0.1554,0.153,0.1547,4438175.1
2026-07-02 02:00:00+00:00,0.1547,0.1553,0.1542,0.1547,7407420.0
2026-07-02 03:00:00+00:00,0.1547,0.1566,0.1538,0.1563,11268099.3
2026-07-02 04:00:00+00:00,0.1563,0.1563,0.1548,0.156,4482927.4
2026-07-02 05:00:00+00:00,0.156,0.156,0.1543,0.1544,1778557.2
2026-07-02 06:00:00+00:00,0.1545,0.1558,0.1542,0.1547,3072513.3
2026-07-02 07:00:00+00:00,0.1546,0.1559,0.1544,0.1551,5013716.7
2026-07-02 08:00:00+00:00,0.1552,0.1568,0.1549,0.1566,9109900.2
2026-07-02 09:00:00+00:00,0.1566,0.1585,0.1557,0.1578,8443339.0
2026-07-02 10:00:00+00:00,0.1577,0.1594,0.1576,0.1591,7381938.5
2026-07-02 11:00:00+00:00,0.1592,0.1603,0.1587,0.1597,11558530.2
2026-07-02 12:00:00+00:00,0.1596,0.1618,0.1594,0.1603,12020142.8
2026-07-02 13:00:00+00:00,0.1603,0.1628,0.1599,0.1618,8960564.6
2026-07-02 14:00:00+00:00,0.1619,0.1624,0.1595,0.16,8330388.0
2026-07-02 15:00:00+00:00,0.16,0.1613,0.1587,0.1608,4706226.8
2026-07-02 16:00:00+00:00,0.1608,0.1627,0.1594,0.1599,9809834.6
2026-07-02 17:00:00+00:00,0.1599,0.1602,0.1589,0.159,4687651.4
2026-07-02 18:00:00+00:00,0.159,0.1611,0.1589,0.1597,6303214.9
2026-07-02 19:00:00+00:00,0.1598,0.1603,0.1589,0.1597,3519057.6
2026-07-02 20:00:00+00:00,0.1598,0.1621,0.1596,0.1612,10348116.9
2026-07-02 21:00:00+00:00,0.1613,0.1619,0.1606,0.1611,2307873.2
2026-07-02 22:00:00+00:00,0.161,0.1622,0.1604,0.1615,4575649.7
2026-07-02 23:00:00+00:00,0.1614,0.163,0.1609,0.1615,9934439.4
2026-07-03 00:00:00+00:00,0.1615,0.1618,0.1606,0.1615,5184079.7
2026-07-03 01:00:00+00:00,0.1615,0.1661,0.1614,0.1658,12189381.7
2026-07-03 02:00:00+00:00,0.1658,0.1685,0.1646,0.1681,18451920.7
2026-07-03 03:00:00+00:00,0.168,0.1681,0.166,0.1668,17864062.0
2026-07-03 04:00:00+00:00,0.1668,0.167,0.1639,0.1641,10840530.5
2026-07-03 05:00:00+00:00,0.1641,0.1643,0.1632,0.1639,5200883.0
2026-07-03 06:00:00+00:00,0.1638,0.1665,0.1637,0.1649,6461217.3
2026-07-03 07:00:00+00:00,0.165,0.1658,0.1645,0.1651,7728578.5
2026-07-03 08:00:00+00:00,0.1651,0.1667,0.1648,0.1667,6108079.5
2026-07-03 09:00:00+00:00,0.1667,0.168,0.1659,0.1668,15131183.3
2026-07-03 10:00:00+00:00,0.1668,0.1692,0.1664,0.1682,14497320.9
2026-07-03 11:00:00+00:00,0.1683,0.17,0.1681,0.1696,6116506.7
2026-07-03 12:00:00+00:00,0.1696,0.1705,0.1679,0.1692,8392869.6
2026-07-03 13:00:00+00:00,0.1693,0.1712,0.169,0.1709,7264222.2
2026-07-03 14:00:00+00:00,0.1708,0.1716,0.1698,0.171,7803328.9
2026-07-03 15:00:00+00:00,0.171,0.1737,0.1707,0.1735,12461845.4
2026-07-03 16:00:00+00:00,0.1736,0.1749,0.1718,0.1743,22491585.3
2026-07-03 17:00:00+00:00,0.1743,0.177,0.174,0.1757,28606469.3
2026-07-03 18:00:00+00:00,0.1757,0.1809,0.1753,0.1788,22535302.1
2026-07-03 19:00:00+00:00,0.1787,0.1832,0.1782,0.1811,22390458.1
2026-07-03 20:00:00+00:00,0.181,0.183,0.18,0.1829,16912142.7
2026-07-03 21:00:00+00:00,0.1828,0.1829,0.1782,0.1792,11691023.9
2026-07-03 22:00:00+00:00,0.1792,0.1809,0.1784,0.1808,8627295.9
2026-07-03 23:00:00+00:00,0.1808,0.1812,0.1793,0.1798,7777800.3
2026-07-04 00:00:00+00:00,0.1798,0.1803,0.1783,0.1793,9029260.8
2026-07-04 01:00:00+00:00,0.1793,0.1799,0.1771,0.178,11105762.1
2026-07-04 02:00:00+00:00,0.1781,0.1784,0.177,0.1773,7786819.4
2026-07-04 03:00:00+00:00,0.1773,0.1777,0.1763,0.177,5408913.5
2026-07-04 04:00:00+00:00,0.1771,0.1801,0.1769,0.1794,9038040.9
2026-07-04 05:00:00+00:00,0.1794,0.1794,0.1773,0.1775,5931972.0
2026-07-04 06:00:00+00:00,0.1776,0.1785,0.1765,0.1768,4873372.8
2026-07-04 07:00:00+00:00,0.1768,0.1769,0.1751,0.1759,9103129.5
2026-07-04 08:00:00+00:00,0.1759,0.1766,0.1755,0.1762,5444437.8
2026-07-04 09:00:00+00:00,0.1762,0.1768,0.1753,0.1756,4176879.1
2026-07-04 10:00:00+00:00,0.1756,0.1763,0.175,0.1759,5817113.9
2026-07-04 11:00:00+00:00,0.176,0.1776,0.1758,0.1765,4303926.5
2026-07-04 12:00:00+00:00,0.1766,0.1784,0.1765,0.1779,4990895.1
2026-07-04 13:00:00+00:00,0.178,0.1791,0.177,0.179,9294157.9
2026-07-04 14:00:00+00:00,0.1789,0.1863,0.1788,0.1843,23653506.8
2026-07-04 15:00:00+00:00,0.1843,0.192,0.1843,0.1909,44005829.6
2026-07-04 16:00:00+00:00,0.1909,0.1988,0.1909,0.1955,68898847.6
2026-07-04 17:00:00+00:00,0.1955,0.2,0.1936,0.1998,39069936.3
2026-07-04 18:00:00+00:00,0.1999,0.2,0.1941,0.1955,15763989.8
2026-07-04 19:00:00+00:00,0.1955,0.1961,0.1925,0.1931,11392483.9
2026-07-04 20:00:00+00:00,0.1932,0.1943,0.1911,0.1915,5712417.5
2026-07-04 21:00:00+00:00,0.1915,0.1941,0.1914,0.1928,6608343.0
2026-07-04 22:00:00+00:00,0.1927,0.1929,0.1905,0.1923,6345336.6
2026-07-04 23:00:00+00:00,0.1923,0.1929,0.1907,0.1922,5614920.5
2026-07-05 00:00:00+00:00,0.1921,0.1936,0.1893,0.1931,14637497.8
2026-07-05 01:00:00+00:00,0.1932,0.1952,0.1907,0.1913,18570152.2
2026-07-05 02:00:00+00:00,0.1913,0.1916,0.1893,0.1915,10116346.4
2026-07-05 03:00:00+00:00,0.1916,0.1918,0.1893,0.1904,5543681.3
2026-07-05 04:00:00+00:00,0.1903,0.1925,0.1897,0.1905,7224826.0
2026-07-05 05:00:00+00:00,0.1904,0.1906,0.1882,0.189,5237794.2
2026-07-05 06:00:00+00:00,0.189,0.1902,0.1888,0.19,2906106.6
2026-07-05 07:00:00+00:00,0.1899,0.1943,0.1898,0.1931,11599020.2
2026-07-05 08:00:00+00:00,0.1931,0.1937,0.1915,0.1916,6254947.0
2026-07-05 09:00:00+00:00,0.1917,0.1929,0.1876,0.1876,10000534.6
2026-07-05 10:00:00+00:00,0.1877,0.1877,0.1851,0.1869,15793365.6
2026-07-05 11:00:00+00:00,0.187,0.1872,0.186,0.1868,3594401.9
2026-07-05 12:00:00+00:00,0.1867,0.1881,0.1853,0.1878,7767985.7
2026-07-05 13:00:00+00:00,0.1877,0.1893,0.1873,0.189,6208720.8
2026-07-05 14:00:00+00:00,0.189,0.1902,0.1881,0.1895,5643018.4
2026-07-05 15:00:00+00:00,0.1895,0.1908,0.1882,0.1892,6938099.6
2026-07-05 16:00:00+00:00,0.1892,0.1914,0.1888,0.1898,7045353.0
2026-07-05 17:00:00+00:00,0.1898,0.1912,0.1897,0.1903,5839174.2
2026-07-05 18:00:00+00:00,0.1904,0.1906,0.1893,0.1899,3875659.8
2026-07-05 19:00:00+00:00,0.1898,0.1904,0.1884,0.1891,5508318.1
2026-07-05 20:00:00+00:00,0.1891,0.1893,0.1875,0.1885,3681292.1
2026-07-05 21:00:00+00:00,0.1885,0.1915,0.188,0.1903,5422257.9
2026-07-05 22:00:00+00:00,0.1903,0.1927,0.1894,0.1904,12268251.5
2026-07-05 23:00:00+00:00,0.1905,0.1912,0.189,0.1895,8503251.6
2026-07-06 00:00:00+00:00,0.1895,0.1906,0.1876,0.1901,7971901.3
2026-07-06 01:00:00+00:00,0.1901,0.1907,0.1893,0.1894,4992115.0
2026-07-06 02:00:00+00:00,0.1893,0.1902,0.1883,0.1891,3617112.6
2026-07-06 03:00:00+00:00,0.189,0.1896,0.1874,0.1881,4639601.0
2026-07-06 04:00:00+00:00,0.1881,0.1885,0.1864,0.1867,2947781.7
2026-07-06 05:00:00+00:00,0.1866,0.1867,0.1836,0.1852,10041005.0
2026-07-06 06:00:00+00:00,0.1851,0.1853,0.1833,0.1837,4445321.3
2026-07-06 07:00:00+00:00,0.1837,0.1849,0.1829,0.1842,5955134.0
2026-07-06 08:00:00+00:00,0.1842,0.1864,0.1839,0.1846,5011119.5
2026-07-06 09:00:00+00:00,0.1847,0.185,0.1816,0.1822,8342956.2
2026-07-06 10:00:00+00:00,0.1821,0.1833,0.1819,0.1828,3238066.5
2026-07-06 11:00:00+00:00,0.1828,0.1838,0.1824,0.1825,2958617.8
2026-07-06 12:00:00+00:00,0.1824,0.1824,0.1789,0.1791,13014231.7
2026-07-06 13:00:00+00:00,0.179,0.1812,0.178,0.1798,11284308.8
2026-07-06 14:00:00+00:00,0.1798,0.1826,0.1794,0.182,8036328.8
2026-07-06 15:00:00+00:00,0.182,0.1865,0.1815,0.186,13395574.5
2026-07-06 16:00:00+00:00,0.1861,0.1865,0.184,0.1848,14096374.3
2026-07-06 17:00:00+00:00,0.1848,0.1849,0.183,0.1835,6305486.4
2026-07-06 18:00:00+00:00,0.1835,0.1848,0.1828,0.1835,6949505.5
2026-07-06 19:00:00+00:00,0.1835,0.1847,0.1833,0.1841,4200278.8
2026-07-06 20:00:00+00:00,0.1841,0.1842,0.1827,0.1831,2569256.3
2026-07-06 21:00:00+00:00,0.1832,0.1871,0.1832,0.1859,6864166.7
2026-07-06 22:00:00+00:00,0.1859,0.1859,0.1841,0.1843,4724886.7
2026-07-06 23:00:00+00:00,0.1844,0.1851,0.1839,0.1842,2704433.2
2026-07-07 00:00:00+00:00,0.1842,0.1852,0.1837,0.1848,2701199.4
2026-07-07 01:00:00+00:00,0.1848,0.1848,0.1828,0.1838,3811472.5
2026-07-07 02:00:00+00:00,0.1838,0.184,0.181,0.1813,3986670.8
2026-07-07 03:00:00+00:00,0.1814,0.1823,0.1807,0.1813,3832464.3
2026-07-07 04:00:00+00:00,0.1813,0.1813,0.1795,0.1797,3780301.7
2026-07-07 05:00:00+00:00,0.1797,0.1806,0.1788,0.1802,5708492.6
2026-07-07 06:00:00+00:00,0.1802,0.1815,0.1792,0.1812,4854942.3
2026-07-07 07:00:00+00:00,0.1811,0.1814,0.1795,0.1795,5197794.3
2026-07-07 08:00:00+00:00,0.1796,0.1799,0.1786,0.1792,4793688.2
2026-07-07 09:00:00+00:00,0.1793,0.1797,0.1784,0.1786,4522261.8
2026-07-07 10:00:00+00:00,0.1786,0.1797,0.1772,0.1773,7481765.2
2026-07-07 11:00:00+00:00,0.1773,0.178,0.1765,0.1774,6380728.2
2026-07-07 12:00:00+00:00,0.1775,0.1799,0.1774,0.1791,5944158.6
2026-07-07 13:00:00+00:00,0.1791,0.1792,0.1772,0.1775,4943686.6
2026-07-07 14:00:00+00:00,0.1775,0.1786,0.1755,0.177,9843544.0
2026-07-07 15:00:00+00:00,0.1771,0.1782,0.1757,0.1772,9444180.8
2026-07-07 16:00:00+00:00,0.1773,0.1785,0.1767,0.1773,5890164.3
2026-07-07 17:00:00+00:00,0.1774,0.1782,0.1762,0.178,4860578.3
2026-07-07 18:00:00+00:00,0.1781,0.1781,0.1756,0.1756,5751833.3
2026-07-07 19:00:00+00:00,0.1755,0.1769,0.1749,0.1767,3820542.7
2026-07-07 20:00:00+00:00,0.1766,0.177,0.1757,0.176,1813467.6
2026-07-07 21:00:00+00:00,0.176,0.1764,0.1743,0.1744,4060309.3
2026-07-07 22:00:00+00:00,0.1744,0.1749,0.1733,0.1747,2425723.1
2026-07-07 23:00:00+00:00,0.1746,0.1756,0.1743,0.1746,3282676.8
2026-07-08 00:00:00+00:00,0.1747,0.1759,0.1746,0.1759,2852644.2
2026-07-08 01:00:00+00:00,0.1759,0.1763,0.1725,0.1729,7070365.4
2026-07-08 02:00:00+00:00,0.1728,0.1729,0.1705,0.1714,7602497.9
2026-07-08 03:00:00+00:00,0.1714,0.1729,0.1706,0.1706,8276259.2
2026-07-08 04:00:00+00:00,0.1706,0.1715,0.1701,0.1706,4369100.9
2026-07-08 05:00:00+00:00,0.1707,0.1709,0.1696,0.1698,4585448.9
2026-07-08 06:00:00+00:00,0.1699,0.1699,0.1684,0.169,6707603.6
2026-07-08 07:00:00+00:00,0.1691,0.1698,0.1684,0.1696,3861003.8
2026-07-08 08:00:00+00:00,0.1696,0.1697,0.1658,0.166,9579117.6
2026-07-08 09:00:00+00:00,0.1661,0.1664,0.1651,0.1658,8526452.1
2026-07-08 10:00:00+00:00,0.1658,0.1673,0.1653,0.1671,5468070.0
2026-07-08 11:00:00+00:00,0.1672,0.1681,0.1658,0.1671,7998492.5
2026-07-08 12:00:00+00:00,0.1671,0.1676,0.1667,0.1668,4472318.8
2026-07-08 13:00:00+00:00,0.1667,0.1684,0.1662,0.1681,5374334.7
2026-07-08 14:00:00+00:00,0.1681,0.1696,0.166,0.1668,7882815.1
2026-07-08 15:00:00+00:00,0.1669,0.1669,0.1647,0.1656,6360760.2
2026-07-08 16:00:00+00:00,0.1656,0.1674,0.1655,0.1672,4106053.2
2026-07-08 17:00:00+00:00,0.1672,0.1674,0.1656,0.1658,3971270.3
2026-07-08 18:00:00+00:00,0.1658,0.1672,0.1657,0.1666,3250719.3
2026-07-08 19:00:00+00:00,0.1666,0.1671,0.1664,0.1668,2639243.2
2026-07-08 20:00:00+00:00,0.1667,0.1672,0.1659,0.166,3663080.1
2026-07-08 21:00:00+00:00,0.1661,0.1669,0.1653,0.1668,2838724.2
2026-07-08 22:00:00+00:00,0.1668,0.1672,0.1666,0.1669,791697.4
2026-07-08 23:00:00+00:00,0.1669,0.1672,0.1664,0.1671,2121106.1
2026-07-09 00:00:00+00:00,0.1671,0.1672,0.1666,0.167,1809593.9
2026-07-09 01:00:00+00:00,0.167,0.1689,0.166,0.1662,4520060.3
2026-07-09 02:00:00+00:00,0.1661,0.1671,0.1658,0.1665,3138834.4
2026-07-09 03:00:00+00:00,0.1665,0.167,0.166,0.1664,2703216.9
2026-07-09 04:00:00+00:00,0.1665,0.1685,0.1661,0.1684,5365612.5
2026-07-09 05:00:00+00:00,0.1684,0.1689,0.1672,0.1686,6086117.1
2026-07-09 06:00:00+00:00,0.1686,0.17,0.1682,0.1697,7269236.4
2026-07-09 07:00:00+00:00,0.1696,0.1699,0.168,0.1683,4809079.0
2026-07-09 08:00:00+00:00,0.1682,0.1684,0.1669,0.1672,4547270.7
2026-07-09 09:00:00+00:00,0.1672,0.1687,0.1669,0.1686,9966271.4
2026-07-09 10:00:00+00:00,0.1687,0.1687,0.1674,0.1684,8225807.5
2026-07-09 11:00:00+00:00,0.1685,0.1699,0.1681,0.1696,4429389.6
2026-07-09 12:00:00+00:00,0.1696,0.17,0.1685,0.169,6230204.0
2026-07-09 13:00:00+00:00,0.169,0.1699,0.1677,0.1696,3649799.5
2026-07-09 14:00:00+00:00,0.1696,0.1699,0.1681,0.1692,3113148.9
2026-07-09 15:00:00+00:00,0.1692,0.1693,0.1661,0.1667,15076809.9
2026-07-09 16:00:00+00:00,0.1667,0.1669,0.1652,0.1654,3692384.1
2026-07-09 17:00:00+00:00,0.1654,0.167,0.165,0.1666,7173705.2
2026-07-09 18:00:00+00:00,0.1666,0.1676,0.1662,0.1663,4384564.2
2026-07-09 19:00:00+00:00,0.1664,0.1665,0.1653,0.1658,5432455.7
2026-07-09 20:00:00+00:00,0.1658,0.1671,0.1655,0.167,1600426.3
2026-07-09 21:00:00+00:00,0.167,0.1676,0.1666,0.1669,2390171.4
2026-07-09 22:00:00+00:00,0.1669,0.1675,0.1666,0.1671,2170102.2
2026-07-09 23:00:00+00:00,0.167,0.1672,0.1661,0.1666,1540385.7
2026-07-10 00:00:00+00:00,0.1665,0.1668,0.1657,0.1666,2585187.6
2026-07-10 01:00:00+00:00,0.1667,0.1698,0.1663,0.1684,5170476.4
2026-07-10 02:00:00+00:00,0.1684,0.169,0.168,0.1689,2693173.5
2026-07-10 03:00:00+00:00,0.1688,0.1694,0.1671,0.1675,13174500.1
2026-07-10 04:00:00+00:00,0.1675,0.1683,0.1668,0.1674,10281407.7
2026-07-10 05:00:00+00:00,0.1674,0.1679,0.1667,0.1672,13435293.5
2026-07-10 06:00:00+00:00,0.1671,0.1673,0.166,0.1667,19629133.9
2026-07-10 07:00:00+00:00,0.1666,0.1671,0.1664,0.1665,2624066.8
2026-07-10 08:00:00+00:00,0.1666,0.1683,0.1666,0.1679,4079522.0
2026-07-10 09:00:00+00:00,0.1679,0.1692,0.1671,0.1688,5073426.7
2026-07-10 10:00:00+00:00,0.1688,0.1698,0.1681,0.1686,5608200.7
2026-07-10 11:00:00+00:00,0.1686,0.1691,0.1672,0.168,6309302.7
2026-07-10 12:00:00+00:00,0.1681,0.1684,0.1672,0.1677,9445605.5
2026-07-10 13:00:00+00:00,0.1677,0.1689,0.1674,0.1685,4646183.3
2026-07-10 14:00:00+00:00,0.1685,0.1685,0.1652,0.1658,9285239.0
2026-07-10 15:00:00+00:00,0.1657,0.1666,0.1655,0.1665,3418906.7
2026-07-10 16:00:00+00:00,0.1665,0.1675,0.1659,0.1674,2487425.2
2026-07-10 17:00:00+00:00,0.1674,0.1675,0.1664,0.1664,2202591.8
2026-07-10 18:00:00+00:00,0.1664,0.1672,0.1659,0.1661,1842810.3
2026-07-10 19:00:00+00:00,0.1661,0.1676,0.1659,0.1667,2078249.0
2026-07-10 20:00:00+00:00,0.1666,0.1672,0.1664,0.1666,1454977.8
2026-07-10 21:00:00+00:00,0.1667,0.1674,0.1667,0.1671,1121885.1
2026-07-10 22:00:00+00:00,0.1671,0.1674,0.1669,0.1672,1571884.3
2026-07-10 23:00:00+00:00,0.1672,0.1672,0.1664,0.1667,2097328.2
2026-07-11 00:00:00+00:00,0.1667,0.167,0.1662,0.1667,1829426.4
2026-07-11 01:00:00+00:00,0.1668,0.1672,0.1663,0.1666,2829779.9
2026-07-11 02:00:00+00:00,0.1665,0.1669,0.1664,0.1665,866820.5
2026-07-11 03:00:00+00:00,0.1666,0.1667,0.1662,0.1662,1288403.2
2026-07-11 04:00:00+00:00,0.1663,0.1667,0.1658,0.1664,2899548.7
2026-07-11 05:00:00+00:00,0.1664,0.1675,0.1664,0.1669,5760986.4
2026-07-11 06:00:00+00:00,0.167,0.1676,0.1667,0.1671,1380420.4
2026-07-11 07:00:00+00:00,0.1672,0.1679,0.1671,0.1678,1756135.6
2026-07-11 08:00:00+00:00,0.1678,0.1684,0.1674,0.1679,1945301.3
2026-07-11 09:00:00+00:00,0.1679,0.1685,0.1673,0.1674,1867936.3
2026-07-11 10:00:00+00:00,0.1673,0.1677,0.167,0.1675,1833829.5
2026-07-11 11:00:00+00:00,0.1675,0.168,0.1674,0.1679,1767807.1
2026-07-11 12:00:00+00:00,0.1678,0.1684,0.1675,0.1679,2207454.7
2026-07-11 13:00:00+00:00,0.1679,0.1684,0.1673,0.1679,1580593.5
2026-07-11 14:00:00+00:00,0.1679,0.1695,0.1676,0.1694,4041683.1
2026-07-11 15:00:00+00:00,0.1694,0.1745,0.1693,0.1719,22709124.2
2026-07-11 16:00:00+00:00,0.1719,0.1722,0.1702,0.1711,5718383.5
2026-07-11 17:00:00+00:00,0.1711,0.1717,0.1704,0.1707,2269451.4
2026-07-11 18:00:00+00:00,0.1708,0.1733,0.1706,0.1714,8101042.0
2026-07-11 19:00:00+00:00,0.1715,0.172,0.1711,0.1717,1490732.6
2026-07-11 20:00:00+00:00,0.1717,0.172,0.1707,0.1707,2872837.4
2026-07-11 21:00:00+00:00,0.1708,0.171,0.1695,0.17,2691276.6
2026-07-11 22:00:00+00:00,0.1701,0.1704,0.1685,0.1688,3813584.4
2026-07-11 23:00:00+00:00,0.1687,0.1691,0.1656,0.1658,9156804.5
2026-07-12 00:00:00+00:00,0.1657,0.1658,0.163,0.1637,10765812.9
2026-07-12 01:00:00+00:00,0.1637,0.1656,0.1635,0.1655,3557354.4
2026-07-12 02:00:00+00:00,0.1655,0.1655,0.1645,0.1652,2130399.3
2026-07-12 03:00:00+00:00,0.1651,0.1665,0.1647,0.1664,1975780.0
2026-07-12 04:00:00+00:00,0.1664,0.1665,0.1646,0.1648,5954798.4
2026-07-12 05:00:00+00:00,0.1648,0.1652,0.1639,0.164,3322156.7
2026-07-12 06:00:00+00:00,0.1641,0.1642,0.1623,0.1632,5211699.2
2026-07-12 07:00:00+00:00,0.1632,0.1643,0.1628,0.1637,3603438.0
2026-07-12 08:00:00+00:00,0.1638,0.1646,0.1636,0.1643,1246210.2
2026-07-12 09:00:00+00:00,0.1644,0.1653,0.1635,0.1645,3067288.0
2026-07-12 10:00:00+00:00,0.1646,0.1647,0.1637,0.164,1685473.5
2026-07-12 11:00:00+00:00,0.164,0.165,0.1633,0.1644,2544333.0
2026-07-12 12:00:00+00:00,0.1644,0.1655,0.1642,0.165,2306165.4
2026-07-12 13:00:00+00:00,0.1649,0.1654,0.1645,0.1647,1529715.2
2026-07-12 14:00:00+00:00,0.1647,0.1654,0.1639,0.165,2554634.0
2026-07-12 15:00:00+00:00,0.1651,0.1653,0.1643,0.1645,3216312.5
2026-07-12 16:00:00+00:00,0.1646,0.1647,0.164,0.1645,2673640.4
2026-07-12 17:00:00+00:00,0.1646,0.1649,0.1635,0.164,2341051.4
2026-07-12 18:00:00+00:00,0.1639,0.1646,0.1635,0.1644,1617014.6
2026-07-12 19:00:00+00:00,0.1644,0.1646,0.1639,0.1644,794700.3
2026-07-12 20:00:00+00:00,0.1644,0.1647,0.1638,0.164,1671077.1
2026-07-12 21:00:00+00:00,0.1641,0.1646,0.1632,0.1633,1909791.4
2026-07-12 22:00:00+00:00,0.1633,0.1633,0.161,0.162,7043223.8
2026-07-12 23:00:00+00:00,0.162,0.1623,0.1616,0.1621,1440674.3
2026-07-13 00:00:00+00:00,0.1621,0.1644,0.1614,0.1627,8056797.8
2026-07-13 01:00:00+00:00,0.1627,0.1628,0.16,0.1604,5779692.9
2026-07-13 02:00:00+00:00,0.1603,0.1609,0.1595,0.16,4333867.9
2026-07-13 03:00:00+00:00,0.16,0.1601,0.1573,0.1589,9630469.2
2026-07-13 04:00:00+00:00,0.1589,0.1595,0.1585,0.159,2456605.8
2026-07-13 05:00:00+00:00,0.159,0.1603,0.1585,0.16,3188445.8
2026-07-13 06:00:00+00:00,0.16,0.1606,0.1597,0.1603,3638300.4
2026-07-13 07:00:00+00:00,0.1603,0.1606,0.1599,0.1605,3306387.5
2026-07-13 08:00:00+00:00,0.1604,0.1607,0.1595,0.1603,2724680.8
2026-07-13 09:00:00+00:00,0.1603,0.1605,0.1598,0.1599,1251350.0
2026-07-13 10:00:00+00:00,0.1598,0.1603,0.1595,0.1596,1620352.8
2026-07-13 11:00:00+00:00,0.1596,0.1601,0.1594,0.1595,2105535.0
2026-07-13 12:00:00+00:00,0.1595,0.1599,0.1589,0.159,3895434.3
2026-07-13 13:00:00+00:00,0.1591,0.1591,0.1574,0.1582,6041014.1
2026-07-13 14:00:00+00:00,0.1582,0.1601,0.1574,0.16,6362937.0
2026-07-13 15:00:00+00:00,0.1601,0.1601,0.1588,0.1589,2516525.3
2026-07-13 16:00:00+00:00,0.1589,0.1592,0.1578,0.1582,2997727.8
2026-07-13 17:00:00+00:00,0.1582,0.1586,0.1565,0.1567,6239967.5
2026-07-13 18:00:00+00:00,0.1567,0.1579,0.1566,0.1574,2220519.6
2026-07-13 19:00:00+00:00,0.1574,0.1583,0.1571,0.1583,2457575.8
2026-07-13 20:00:00+00:00,0.1583,0.1584,0.1572,0.1575,1672305.6
2026-07-13 21:00:00+00:00,0.1575,0.1576,0.1554,0.1563,4899624.4
2026-07-13 22:00:00+00:00,0.1563,0.157,0.1562,0.1564,1380507.0
2026-07-13 23:00:00+00:00,0.1564,0.1576,0.1562,0.1576,1616967.7
2026-07-14 00:00:00+00:00,0.1575,0.1585,0.1569,0.1584,2542013.3
2026-07-14 01:00:00+00:00,0.1584,0.1585,0.1577,0.1578,1128056.4
2026-07-14 02:00:00+00:00,0.1577,0.158,0.1568,0.1575,1661388.2
2026-07-14 03:00:00+00:00,0.1575,0.1577,0.156,0.1576,5576962.6
2026-07-14 04:00:00+00:00,0.1577,0.1582,0.1573,0.1579,1727358.7
2026-07-14 05:00:00+00:00,0.1579,0.1604,0.1577,0.1594,8794209.3
2026-07-14 06:00:00+00:00,0.1595,0.1596,0.1587,0.1588,1450123.5
2026-07-14 07:00:00+00:00,0.1588,0.1592,0.1585,0.1588,1286112.2
2026-07-14 08:00:00+00:00,0.1587,0.1592,0.1584,0.1586,1297658.6
2026-07-14 09:00:00+00:00,0.1587,0.1591,0.1582,0.1585,1097027.5
2026-07-14 10:00:00+00:00,0.1586,0.1591,0.1582,0.1588,2922971.3
2026-07-14 11:00:00+00:00,0.1589,0.1594,0.1584,0.1592,1844895.9
2026-07-14 12:00:00+00:00,0.1593,0.1623,0.1583,0.1622,16087679.6
2026-07-14 13:00:00+00:00,0.1622,0.1646,0.1615,0.1638,11740258.3
2026-07-14 14:00:00+00:00,0.1637,0.1647,0.1626,0.1644,10159042.1
2026-07-14 15:00:00+00:00,0.1644,0.1682,0.164,0.1656,19047715.2
2026-07-14 16:00:00+00:00,0.1657,0.1666,0.1653,0.1654,5231603.8
2026-07-14 17:00:00+00:00,0.1654,0.1655,0.1636,0.1638,6094939.9
2026-07-14 18:00:00+00:00,0.1638,0.1638,0.1626,0.1633,5141318.9
2026-07-14 19:00:00+00:00,0.1633,0.1639,0.1629,0.1635,3240244.8
2026-07-14 20:00:00+00:00,0.1635,0.1636,0.1629,0.1634,2507047.4
2026-07-14 21:00:00+00:00,0.1634,0.1651,0.1633,0.1645,2513229.3
2026-07-14 22:00:00+00:00,0.1645,0.1653,0.1635,0.1645,3675080.5
2026-07-14 23:00:00+00:00,0.1646,0.1656,0.1642,0.1656,4185428.9
2026-07-15 00:00:00+00:00,0.1656,0.1659,0.1644,0.1648,4520275.9
2026-07-15 01:00:00+00:00,0.1648,0.1649,0.1631,0.1636,2817015.8
2026-07-15 02:00:00+00:00,0.1637,0.1637,0.162,0.1627,4450401.7
2026-07-15 03:00:00+00:00,0.1628,0.1642,0.1625,0.1641,3562101.4
2026-07-15 04:00:00+00:00,0.1642,0.1645,0.1632,0.1636,5842004.3
2026-07-15 05:00:00+00:00,0.1637,0.1645,0.1629,0.1645,1988638.6
2026-07-15 06:00:00+00:00,0.1645,0.1656,0.1642,0.1642,4370207.3
2026-07-15 07:00:00+00:00,0.1642,0.1642,0.1626,0.1632,4595260.7
2026-07-15 08:00:00+00:00,0.1632,0.1639,0.1627,0.1637,1829003.8
2026-07-15 09:00:00+00:00,0.1638,0.1655,0.1637,0.1642,5947709.0
2026-07-15 10:00:00+00:00,0.1641,0.1648,0.164,0.1645,2032126.6
2026-07-15 11:00:00+00:00,0.1645,0.1655,0.1644,0.1646,4896342.2
2026-07-15 12:00:00+00:00,0.1646,0.1672,0.1642,0.167,9304281.7
2026-07-15 13:00:00+00:00,0.167,0.1694,0.1658,0.1663,11672004.5
2026-07-15 14:00:00+00:00,0.1664,0.167,0.1654,0.1665,5431287.0
2026-07-15 15:00:00+00:00,0.1666,0.1666,0.1654,0.1657,6782568.3
2026-07-15 16:00:00+00:00,0.1658,0.1659,0.1625,0.1636,7280461.6
2026-07-15 17:00:00+00:00,0.1636,0.1654,0.1635,0.1649,4022410.2
2026-07-15 18:00:00+00:00,0.1649,0.1655,0.1635,0.1637,3132896.5
2026-07-15 19:00:00+00:00,0.1638,0.1645,0.1631,0.1637,3746724.0
2026-07-15 20:00:00+00:00,0.1637,0.1653,0.1635,0.1646,4848184.1
2026-07-15 21:00:00+00:00,0.1645,0.1651,0.1641,0.1646,1638785.1
2026-07-15 22:00:00+00:00,0.1646,0.1656,0.1644,0.1654,3041530.0
2026-07-15 23:00:00+00:00,0.1655,0.1663,0.165,0.1651,3192709.7
2026-07-16 00:00:00+00:00,0.1651,0.1656,0.164,0.1647,3532747.0
2026-07-16 01:00:00+00:00,0.1647,0.1655,0.1639,0.1654,2634079.6
2026-07-16 02:00:00+00:00,0.1655,0.1664,0.1649,0.1663,1955690.7
2026-07-16 03:00:00+00:00,0.1663,0.1663,0.1646,0.165,2485589.0
2026-07-16 04:00:00+00:00,0.1649,0.1652,0.1644,0.1647,4022495.0
2026-07-16 05:00:00+00:00,0.1648,0.1651,0.1643,0.1645,4289732.6
2026-07-16 06:00:00+00:00,0.1645,0.1651,0.1634,0.1641,5147006.6
2026-07-16 07:00:00+00:00,0.1641,0.1642,0.1624,0.163,4428813.5
2026-07-16 08:00:00+00:00,0.163,0.163,0.1611,0.1622,8742743.8
2026-07-16 09:00:00+00:00,0.1621,0.1624,0.1617,0.1617,2162709.1
2026-07-16 10:00:00+00:00,0.1617,0.1626,0.1616,0.1625,1299841.2
2026-07-16 11:00:00+00:00,0.1626,0.163,0.1621,0.1629,3373943.0
2026-07-16 12:00:00+00:00,0.163,0.1637,0.1616,0.1621,5314530.1
2026-07-16 13:00:00+00:00,0.162,0.1642,0.162,0.164,4807088.9
2026-07-16 14:00:00+00:00,0.164,0.1653,0.1634,0.1639,2886085.6
2026-07-16 15:00:00+00:00,0.164,0.1645,0.1626,0.1637,3551702.0
2026-07-16 16:00:00+00:00,0.1636,0.1638,0.1628,0.1635,1893099.5
2026-07-16 17:00:00+00:00,0.1636,0.1636,0.1619,0.1624,2909761.6
2026-07-16 18:00:00+00:00,0.1625,0.1631,0.1618,0.1624,1546215.7
2026-07-16 19:00:00+00:00,0.1623,0.163,0.1619,0.1629,1807418.8
2026-07-16 20:00:00+00:00,0.1629,0.163,0.1623,0.1627,933254.3
2026-07-16 21:00:00+00:00,0.1627,0.1636,0.1625,0.1631,1493600.5
2026-07-16 22:00:00+00:00,0.1631,0.1636,0.1605,0.1609,4950463.8
2026-07-16 23:00:00+00:00,0.1609,0.1612,0.1599,0.1609,5248499.0
2026-07-17 00:00:00+00:00,0.1609,0.1617,0.1601,0.1616,2781118.4
2026-07-17 01:00:00+00:00,0.1616,0.162,0.16,0.1602,2063965.6
2026-07-17 02:00:00+00:00,0.1602,0.1604,0.1592,0.1598,3641000.4
2026-07-17 03:00:00+00:00,0.1598,0.1614,0.1597,0.1604,2524269.3
2026-07-17 04:00:00+00:00,0.1604,0.1607,0.1595,0.1603,2699512.9
2026-07-17 05:00:00+00:00,0.1602,0.1602,0.1578,0.1582,4962144.4
2026-07-17 06:00:00+00:00,0.1582,0.1594,0.158,0.1592,3389605.3
2026-07-17 07:00:00+00:00,0.1591,0.1593,0.1588,0.159,2254847.7
2026-07-17 08:00:00+00:00,0.1589,0.1602,0.1583,0.16,4464269.9
2026-07-17 09:00:00+00:00,0.1601,0.161,0.1598,0.1609,3695770.6
2026-07-17 10:00:00+00:00,0.1608,0.1625,0.1608,0.1609,6732087.2
2026-07-17 11:00:00+00:00,0.1608,0.1612,0.1604,0.161,1246994.0
2026-07-17 12:00:00+00:00,0.1609,0.161,0.1596,0.1597,2075137.0
2026-07-17 13:00:00+00:00,0.1598,0.16,0.1578,0.16,6746909.6
2026-07-17 14:00:00+00:00,0.16,0.1631,0.16,0.1628,14658726.8
2026-07-17 15:00:00+00:00,0.1629,0.1642,0.1612,0.164,13412521.0
2026-07-17 16:00:00+00:00,0.1641,0.1669,0.1636,0.166,25585784.4
2026-07-17 17:00:00+00:00,0.1661,0.1671,0.165,0.1651,9675551.2
2026-07-17 18:00:00+00:00,0.1652,0.1665,0.165,0.166,6511452.3
2026-07-17 19:00:00+00:00,0.1659,0.1668,0.1649,0.166,8120921.5
2026-07-17 20:00:00+00:00,0.1661,0.1661,0.1649,0.1658,4846131.9
2026-07-17 21:00:00+00:00,0.1657,0.1669,0.1657,0.166,2697112.2
2026-07-17 22:00:00+00:00,0.166,0.1665,0.1655,0.1658,2501886.1
2026-07-17 23:00:00+00:00,0.1659,0.1676,0.1654,0.1667,11068848.6
2026-07-18 00:00:00+00:00,0.1667,0.1684,0.1665,0.1675,10768693.6
2026-07-18 01:00:00+00:00,0.1676,0.1683,0.1674,0.1674,3703478.7
2026-07-18 02:00:00+00:00,0.1675,0.1693,0.1675,0.1684,8424835.0
2026-07-18 03:00:00+00:00,0.1684,0.1687,0.1671,0.1679,4809287.9
2026-07-18 04:00:00+00:00,0.1679,0.1681,0.1663,0.1669,5131816.6
2026-07-18 05:00:00+00:00,0.1669,0.1674,0.1661,0.1667,2427217.1
2026-07-18 06:00:00+00:00,0.1666,0.167,0.1659,0.166,4078469.3
2026-07-18 07:00:00+00:00,0.1659,0.1667,0.1658,0.1662,3441143.8
2026-07-18 08:00:00+00:00,0.1661,0.1669,0.1659,0.1663,3170491.4
2026-07-18 09:00:00+00:00,0.1664,0.1665,0.165,0.1658,3197191.9
2026-07-18 10:00:00+00:00,0.1659,0.1664,0.1657,0.1659,2189159.9
2026-07-18 11:00:00+00:00,0.1658,0.1662,0.1658,0.1659,1392916.8
2026-07-18 12:00:00+00:00,0.1659,0.1666,0.1654,0.1659,3456601.1
2026-07-18 13:00:00+00:00,0.1659,0.1659,0.1642,0.1647,3559408.9
2026-07-18 14:00:00+00:00,0.1647,0.1651,0.1641,0.1651,3022784.9
2026-07-18 15:00:00+00:00,0.1651,0.1653,0.1643,0.1645,2371687.9
2026-07-18 16:00:00+00:00,0.1646,0.1646,0.1635,0.1643,5267476.3
2026-07-18 17:00:00+00:00,0.1643,0.1654,0.1641,0.1654,1962761.3
2026-07-18 18:00:00+00:00,0.1654,0.1662,0.1649,0.1653,2321765.4
2026-07-18 19:00:00+00:00,0.1653,0.1661,0.165,0.166,2091658.8
2026-07-18 20:00:00+00:00,0.1659,0.1668,0.1657,0.1663,2545476.6
2026-07-18 21:00:00+00:00,0.1662,0.1672,0.1659,0.1664,1738152.8
2026-07-18 22:00:00+00:00,0.1663,0.1672,0.1661,0.1671,1250294.6
2026-07-18 23:00:00+00:00,0.1671,0.1673,0.1666,0.1667,1454396.3
2026-07-19 00:00:00+00:00,0.1667,0.1672,0.1663,0.1671,2245340.3
2026-07-19 01:00:00+00:00,0.1672,0.1672,0.1666,0.1669,957142.2
2026-07-19 02:00:00+00:00,0.167,0.1688,0.1669,0.168,3070793.7
2026-07-19 03:00:00+00:00,0.1681,0.1682,0.1666,0.1668,2180520.1
2026-07-19 04:00:00+00:00,0.1668,0.1669,0.166,0.1662,975648.4
2026-07-19 05:00:00+00:00,0.1663,0.1667,0.1657,0.1661,2350309.0
2026-07-19 06:00:00+00:00,0.166,0.1668,0.1657,0.1663,1208762.1
2026-07-19 07:00:00+00:00,0.1663,0.1663,0.1655,0.1657,2468888.6
2026-07-19 08:00:00+00:00,0.1658,0.1662,0.1653,0.1658,2045305.4
2026-07-19 09:00:00+00:00,0.1659,0.166,0.1647,0.1649,2204213.2
2026-07-19 10:00:00+00:00,0.1649,0.1659,0.1646,0.1656,1940627.0
2026-07-19 11:00:00+00:00,0.1656,0.1659,0.1648,0.165,1837337.5
2026-07-19 12:00:00+00:00,0.1651,0.1655,0.1645,0.165,1900286.3
2026-07-19 13:00:00+00:00,0.1651,0.1657,0.1647,0.1656,943120.4
2026-07-19 14:00:00+00:00,0.1656,0.1671,0.1651,0.1667,1682744.8
2026-07-19 15:00:00+00:00,0.1667,0.1669,0.1659,0.1663,958182.3
2026-07-19 16:00:00+00:00,0.1663,0.1665,0.1652,0.1653,1274808.8
2026-07-19 17:00:00+00:00,0.1652,0.1657,0.1639,0.1652,2991950.7
2026-07-19 18:00:00+00:00,0.1652,0.1653,0.1639,0.1651,1788799.2
2026-07-19 19:00:00+00:00,0.1652,0.1661,0.1648,0.1661,1150036.4
2026-07-19 20:00:00+00:00,0.1661,0.1666,0.1659,0.1665,1952465.3
2026-07-19 21:00:00+00:00,0.1666,0.1667,0.1647,0.1651,1163585.5
2026-07-19 22:00:00+00:00,0.1651,0.167,0.1648,0.166,2133079.2
2026-07-19 23:00:00+00:00,0.1659,0.1666,0.1653,0.1663,986974.7
2026-07-20 00:00:00+00:00,0.1662,0.1684,0.1652,0.1656,5042462.5
2026-07-20 01:00:00+00:00,0.1657,0.1674,0.1643,0.1649,2903128.0
2026-07-20 02:00:00+00:00,0.1649,0.1666,0.1648,0.1659,2111567.6
2026-07-20 03:00:00+00:00,0.1659,0.1664,0.1649,0.1655,2094878.8
2026-07-20 04:00:00+00:00,0.1656,0.1656,0.1643,0.1644,2007135.5
2026-07-20 05:00:00+00:00,0.1644,0.1644,0.1621,0.1623,9472129.7
2026-07-20 06:00:00+00:00,0.1623,0.1626,0.1607,0.1614,5806964.9
2026-07-20 07:00:00+00:00,0.1615,0.1628,0.1612,0.1625,3406958.9
2026-07-20 08:00:00+00:00,0.1626,0.1632,0.1615,0.162,7716662.3
2026-07-20 09:00:00+00:00,0.1619,0.1631,0.1617,0.1629,1868102.5
2026-07-20 10:00:00+00:00,0.1628,0.1635,0.1626,0.1632,1196018.3
2026-07-20 11:00:00+00:00,0.1632,0.1662,0.1629,0.1655,6627157.8
2026-07-20 12:00:00+00:00,0.1656,0.1656,0.1639,0.1643,3197999.1
2026-07-20 13:00:00+00:00,0.1644,0.1645,0.1624,0.1629,4009391.8
2026-07-20 14:00:00+00:00,0.1628,0.1632,0.1617,0.1624,3076167.3
2026-07-20 15:00:00+00:00,0.1625,0.1671,0.1624,0.1669,6914305.2
2026-07-20 16:00:00+00:00,0.167,0.1675,0.1653,0.1663,12788558.1
2026-07-20 17:00:00+00:00,0.1662,0.1678,0.1659,0.1674,6969528.1
2026-07-20 18:00:00+00:00,0.1675,0.1707,0.1675,0.1684,15034694.4
2026-07-20 19:00:00+00:00,0.1683,0.1691,0.1676,0.1678,11672899.9
2026-07-20 20:00:00+00:00,0.1678,0.1699,0.1672,0.1699,7168301.1
2026-07-20 21:00:00+00:00,0.1699,0.172,0.1696,0.1699,9595024.8
2026-07-20 22:00:00+00:00,0.1699,0.1703,0.1689,0.1692,4553719.8
2026-07-20 23:00:00+00:00,0.1691,0.1712,0.1691,0.1698,3429813.3
2026-07-21 00:00:00+00:00,0.1697,0.1727,0.1694,0.1709,8207510.5
2026-07-21 01:00:00+00:00,0.1708,0.1715,0.17,0.1702,3699937.5
2026-07-21 02:00:00+00:00,0.1702,0.1708,0.1694,0.1705,2530586.5
2026-07-21 03:00:00+00:00,0.1705,0.1731,0.1705,0.1725,5644874.8
2026-07-21 04:00:00+00:00,0.1725,0.1734,0.1712,0.1723,9997130.3
2026-07-21 05:00:00+00:00,0.1722,0.1777,0.1722,0.1757,21188503.0
2026-07-21 06:00:00+00:00,0.1757,0.1776,0.1755,0.1763,10058657.8
2026-07-21 07:00:00+00:00,0.1762,0.1768,0.1749,0.1764,6773291.3
2026-07-21 08:00:00+00:00,0.1765,0.1765,0.1745,0.1745,4264404.7
2026-07-21 09:00:00+00:00,0.1746,0.1757,0.1743,0.1748,4639582.4
2026-07-21 10:00:00+00:00,0.1748,0.1758,0.1744,0.1747,6063855.8
2026-07-21 11:00:00+00:00,0.1747,0.175,0.1741,0.1747,3470104.3
2026-07-21 12:00:00+00:00,0.1748,0.1765,0.1744,0.1753,7020369.5
2026-07-21 13:00:00+00:00,0.1753,0.1761,0.175,0.1758,4878745.1
2026-07-21 14:00:00+00:00,0.1757,0.1769,0.1748,0.1757,8751349.4
2026-07-21 15:00:00+00:00,0.1758,0.1762,0.1745,0.1751,4816087.5
2026-07-21 16:00:00+00:00,0.1751,0.1753,0.172,0.1735,6517807.4
2026-07-21 17:00:00+00:00,0.1736,0.1742,0.172,0.1734,3993670.8
2026-07-21 18:00:00+00:00,0.1735,0.1737,0.1724,0.1734,2831321.1
2026-07-21 19:00:00+00:00,0.1734,0.1743,0.1729,0.1738,4136958.8
2026-07-21 20:00:00+00:00,0.1738,0.1743,0.1733,0.1735,1904915.7
2026-07-21 21:00:00+00:00,0.1735,0.1737,0.1727,0.173,1435868.4
2026-07-21 22:00:00+00:00,0.1729,0.1731,0.1724,0.1731,1066552.8
2026-07-21 23:00:00+00:00,0.1731,0.1739,0.1724,0.1737,1526464.5
2026-07-22 00:00:00+00:00,0.1737,0.1741,0.1734,0.1739,2808332.5
2026-07-22 01:00:00+00:00,0.1739,0.1747,0.1731,0.1742,2201187.0
2026-07-22 02:00:00+00:00,0.1743,0.1754,0.1738,0.1743,2039364.9
2026-07-22 03:00:00+00:00,0.1743,0.1745,0.1733,0.1734,2107323.1
2026-07-22 04:00:00+00:00,0.1734,0.1743,0.1732,0.1743,2052863.9
2026-07-22 05:00:00+00:00,0.1743,0.1744,0.1713,0.1715,5918855.4
2026-07-22 06:00:00+00:00,0.1714,0.1716,0.1706,0.1708,2579949.3
2026-07-22 07:00:00+00:00,0.1708,0.1713,0.1704,0.1711,2247147.9
2026-07-22 08:00:00+00:00,0.1711,0.1726,0.171,0.1725,2157829.2
2026-07-22 09:00:00+00:00,0.1726,0.1734,0.1723,0.1733,3034164.2
2026-07-22 10:00:00+00:00,0.1733,0.1739,0.173,0.1736,1821891.9
2026-07-22 11:00:00+00:00,0.1735,0.1736,0.1724,0.173,2034269.2
2026-07-22 12:00:00+00:00,0.173,0.1732,0.1716,0.1723,2563174.1
2026-07-22 13:00:00+00:00,0.1724,0.1759,0.1723,0.1755,5444033.7
2026-07-22 14:00:00+00:00,0.1755,0.178,0.1739,0.1754,8853930.5
2026-07-22 15:00:00+00:00,0.1755,0.1797,0.1755,0.1779,10169782.2
2026-07-22 16:00:00+00:00,0.1779,0.1808,0.1771,0.18,7621941.7
2026-07-22 17:00:00+00:00,0.1799,0.1801,0.1777,0.1779,2964290.8
2026-07-22 18:00:00+00:00,0.178,0.1784,0.1755,0.1758,4015692.2
2026-07-22 19:00:00+00:00,0.1758,0.176,0.1738,0.1746,7438347.4
2026-07-22 20:00:00+00:00,0.1745,0.1749,0.1738,0.1746,3210695.0
2026-07-22 21:00:00+00:00,0.1745,0.1755,0.1739,0.1751,1695584.0
2026-07-22 22:00:00+00:00,0.1752,0.1759,0.1745,0.1753,1645787.0
2026-07-22 23:00:00+00:00,0.1754,0.1755,0.1732,0.1745,2846405.6
2026-07-23 00:00:00+00:00,0.1745,0.1767,0.1742,0.1758,3060167.7
2026-07-23 01:00:00+00:00,0.1758,0.1761,0.1743,0.1747,1561169.9
2026-07-23 02:00:00+00:00,0.1747,0.1749,0.1736,0.1746,1215797.3
2026-07-23 03:00:00+00:00,0.1746,0.1748,0.1739,0.1741,1436868.7
2026-07-23 04:00:00+00:00,0.174,0.1755,0.1737,0.1744,2513002.3
2026-07-23 05:00:00+00:00,0.1744,0.175,0.1739,0.1743,1350030.6
2026-07-23 06:00:00+00:00,0.1743,0.1746,0.1738,0.1743,1220172.9
2026-07-23 07:00:00+00:00,0.1742,0.1742,0.1723,0.173,2920278.1
2026-07-23 08:00:00+00:00,0.1731,0.1742,0.1726,0.1739,1751779.2
2026-07-23 09:00:00+00:00,0.174,0.1746,0.1734,0.1734,1132978.5
2026-07-23 10:00:00+00:00,0.1735,0.1748,0.1733,0.1747,1206582.6
2026-07-23 11:00:00+00:00,0.1747,0.1759,0.1739,0.1744,3065559.7
2026-07-23 12:00:00+00:00,0.1744,0.1752,0.1721,0.173,3763216.8
2026-07-23 13:00:00+00:00,0.173,0.1732,0.1708,0.1715,5094381.6
2026-07-23 14:00:00+00:00,0.1715,0.1719,0.1688,0.1695,7855486.0
2026-07-23 15:00:00+00:00,0.1695,0.1708,0.1681,0.1705,8660698.1
2026-07-23 16:00:00+00:00,0.1705,0.1708,0.1691,0.1695,4537585.8
2026-07-23 17:00:00+00:00,0.1694,0.1701,0.1682,0.1686,2440164.2
2026-07-23 18:00:00+00:00,0.1686,0.1698,0.1685,0.1694,2049195.0
2026-07-23 19:00:00+00:00,0.1694,0.1699,0.1688,0.1697,2058443.9
2026-07-23 20:00:00+00:00,0.1696,0.1705,0.1695,0.1697,1339990.1
2026-07-23 21:00:00+00:00,0.1698,0.17,0.1687,0.169,1264018.6
2026-07-23 22:00:00+00:00,0.169,0.1694,0.1681,0.1693,1840593.1
2026-07-23 23:00:00+00:00,0.1693,0.1694,0.1683,0.1685,1141774.8
2026-07-24 00:00:00+00:00,0.1685,0.1685,0.1668,0.1673,4506917.0
2026-07-24 01:00:00+00:00,0.1672,0.1676,0.1664,0.167,3708815.6
2026-07-24 02:00:00+00:00,0.1671,0.1678,0.1664,0.1668,3611750.1
2026-07-24 03:00:00+00:00,0.1668,0.1679,0.1667,0.1674,1170045.9
2026-07-24 04:00:00+00:00,0.1675,0.1675,0.1669,0.1673,1657706.3
2026-07-24 05:00:00+00:00,0.1674,0.1677,0.1667,0.1668,1592920.0
2026-07-24 06:00:00+00:00,0.1668,0.1673,0.1665,0.1672,1816130.6
2026-07-24 07:00:00+00:00,0.1673,0.1686,0.167,0.1683,3306867.0
2026-07-24 08:00:00+00:00,0.1682,0.1683,0.1674,0.1679,1328496.6
2026-07-24 09:00:00+00:00,0.1679,0.168,0.1661,0.1674,3137387.4
2026-07-24 10:00:00+00:00,0.1674,0.1675,0.1662,0.1665,2103323.0
2026-07-24 11:00:00+00:00,0.1665,0.1667,0.1655,0.1664,2182734.5
2026-07-24 12:00:00+00:00,0.1664,0.1667,0.1654,0.1654,2020357.9
2026-07-24 13:00:00+00:00,0.1655,0.1657,0.1639,0.1646,7734406.5
2026-07-24 14:00:00+00:00,0.1647,0.1649,0.1634,0.1649,3103463.2
2026-07-24 15:00:00+00:00,0.1649,0.1652,0.1638,0.1648,2603531.7
2026-07-24 16:00:00+00:00,0.1648,0.1648,0.1629,0.1631,4525352.2
2026-07-24 17:00:00+00:00,0.1631,0.1641,0.1627,0.1638,2677219.7
2026-07-24 18:00:00+00:00,0.1637,0.1641,0.163,0.1639,2550148.7
2026-07-24 19:00:00+00:00,0.164,0.164,0.1633,0.1637,1235138.7
2026-07-24 20:00:00+00:00,0.1638,0.1639,0.1633,0.1636,958129.5
2026-07-24 21:00:00+00:00,0.1636,0.1638,0.1632,0.1632,1063512.0
2026-07-24 22:00:00+00:00,0.1633,0.1642,0.1632,0.164,614961.4
2026-07-24 23:00:00+00:00,0.164,0.1643,0.1636,0.164,560430.2
2026-07-25 00:00:00+00:00,0.164,0.1648,0.1638,0.1644,1496391.5
2026-07-25 01:00:00+00:00,0.1644,0.1646,0.1637,0.1638,927987.6
2026-07-25 02:00:00+00:00,0.1638,0.1643,0.1636,0.1641,871485.2
2026-07-25 03:00:00+00:00,0.1641,0.1644,0.1638,0.164,622638.7
2026-07-25 04:00:00+00:00,0.164,0.1642,0.1637,0.1638,1155359.0
2026-07-25 05:00:00+00:00,0.1638,0.164,0.1628,0.1631,1445289.6
2026-07-25 06:00:00+00:00,0.1632,0.1634,0.1615,0.1623,2743090.2
2026-07-25 07:00:00+00:00,0.1622,0.1622,0.1616,0.1616,1650390.1
2026-07-25 08:00:00+00:00,0.1617,0.1622,0.1615,0.1618,2123607.8
2026-07-25 09:00:00+00:00,0.1619,0.1628,0.1617,0.1624,1424820.5
2026-07-25 10:00:00+00:00,0.1625,0.1627,0.162,0.1623,1531012.4
2026-07-25 11:00:00+00:00,0.1622,0.1627,0.162,0.1627,791788.1
2026-07-25 12:00:00+00:00,0.1627,0.1634,0.1626,0.1633,802579.5
2026-07-25 13:00:00+00:00,0.1633,0.1643,0.1632,0.1636,1758502.2
2026-07-25 14:00:00+00:00,0.1637,0.1644,0.1631,0.1644,2209205.3
2026-07-25 15:00:00+00:00,0.1644,0.165,0.1643,0.1648,1643283.6
2026-07-25 16:00:00+00:00,0.1648,0.1658,0.1641,0.1652,2636890.1
2026-07-25 17:00:00+00:00,0.1652,0.167,0.1647,0.1656,3604899.0
2026-07-25 18:00:00+00:00,0.1657,0.1664,0.1655,0.166,1715379.8
2026-07-25 19:00:00+00:00,0.1659,0.166,0.1653,0.1656,1240404.9
2026-07-25 20:00:00+00:00,0.1656,0.1657,0.1645,0.1647,600849.0
2026-07-25 21:00:00+00:00,0.1647,0.165,0.1638,0.1647,1657110.5
2026-07-25 22:00:00+00:00,0.1648,0.1653,0.1645,0.1651,1245047.2
2026-07-25 23:00:00+00:00,0.1651,0.1651,0.1646,0.1648,524991.6
2026-07-26 00:00:00+00:00,0.1649,0.1656,0.1648,0.1653,1337242.3
2026-07-26 01:00:00+00:00,0.1654,0.1655,0.165,0.1651,594201.0
2026-07-26 02:00:00+00:00,0.1652,0.1655,0.1646,0.1655,789765.2
2026-07-26 03:00:00+00:00,0.1655,0.1659,0.1651,0.1654,887987.8
2026-07-26 04:00:00+00:00,0.1655,0.166,0.1651,0.1658,767687.3
2026-07-26 05:00:00+00:00,0.1658,0.166,0.1652,0.1654,985613.5
2026-07-26 06:00:00+00:00,0.1655,0.1664,0.165,0.1662,1187287.4
2026-07-26 07:00:00+00:00,0.1663,0.1667,0.1651,0.1651,2598661.9
2026-07-26 08:00:00+00:00,0.1651,0.1653,0.1646,0.1652,1584412.5
2026-07-26 09:00:00+00:00,0.1652,0.1654,0.1649,0.165,651791.5
2026-07-26 10:00:00+00:00,0.1649,0.1654,0.1648,0.1654,1664894.5
2026-07-26 11:00:00+00:00,0.1655,0.1655,0.1649,0.1651,1067870.4
2026-07-26 12:00:00+00:00,0.1651,0.1655,0.1648,0.1649,1014837.1
2026-07-26 13:00:00+00:00,0.1649,0.1649,0.1643,0.1646,1299496.6
2026-07-26 14:00:00+00:00,0.1646,0.1649,0.1641,0.1649,2098406.4
2026-07-26 15:00:00+00:00,0.1649,0.1656,0.1645,0.1655,2204796.5
2026-07-26 16:00:00+00:00,0.1655,0.1663,0.1651,0.1654,1377836.5
2026-07-26 17:00:00+00:00,0.1654,0.1655,0.1645,0.1647,1106439.6
2026-07-26 18:00:00+00:00,0.1647,0.1649,0.1644,0.1648,1166408.6
2026-07-26 19:00:00+00:00,0.1647,0.1648,0.1643,0.1645,1706071.4
2026-07-26 20:00:00+00:00,0.1645,0.1646,0.1642,0.1642,1185186.3
2026-07-26 21:00:00+00:00,0.1643,0.1652,0.1642,0.165,1329171.5
2026-07-26 22:00:00+00:00,0.165,0.1663,0.165,0.1658,3944362.6
2026-07-26 23:00:00+00:00,0.1657,0.1666,0.1651,0.166,1874597.1
2026-07-27 00:00:00+00:00,0.1661,0.1661,0.1652,0.1654,1578917.9
2026-07-27 01:00:00+00:00,0.1653,0.1656,0.1646,0.165,1397619.2
2026-07-27 02:00:00+00:00,0.165,0.1652,0.1646,0.1649,1390314.1
2026-07-27 03:00:00+00:00,0.165,0.1655,0.1647,0.1654,1379544.3
2026-07-27 04:00:00+00:00,0.1655,0.1665,0.1651,0.1654,1887582.9
2026-07-27 05:00:00+00:00,0.1654,0.1661,0.1651,0.1657,1594580.0
2026-07-27 06:00:00+00:00,0.1657,0.1673,0.1657,0.1662,2759612.7
2026-07-27 07:00:00+00:00,0.1661,0.1664,0.1649,0.165,2242433.8
2026-07-27 08:00:00+00:00,0.165,0.1655,0.1647,0.165,2366441.5
2026-07-27 09:00:00+00:00,0.1649,0.1657,0.1646,0.1654,3050367.6
2026-07-27 10:00:00+00:00,0.1654,0.1659,0.1651,0.1656,794498.4
2026-07-27 11:00:00+00:00,0.1656,0.1656,0.1645,0.1646,907055.3
2026-07-27 12:00:00+00:00,0.1646,0.1649,0.1626,0.164,7724219.4
2026-07-27 13:00:00+00:00,0.164,0.1657,0.163,0.1645,4332282.6
2026-07-27 14:00:00+00:00,0.1645,0.1647,0.158,0.159,17903269.8
2026-07-27 15:00:00+00:00,0.1589,0.1597,0.1579,0.158,7386527.2
2026-07-27 16:00:00+00:00,0.1579,0.1595,0.1571,0.159,9402477.0
2026-07-27 17:00:00+00:00,0.159,0.1596,0.1586,0.1593,2277970.4
2026-07-27 18:00:00+00:00,0.1592,0.1595,0.158,0.1585,5062775.7
2026-07-27 19:00:00+00:00,0.1586,0.1595,0.1584,0.159,2245691.8
2026-07-27 20:00:00+00:00,0.159,0.1592,0.1586,0.1592,1232562.6
2026-07-27 21:00:00+00:00,0.1592,0.1592,0.1585,0.1588,2006353.6
2026-07-27 22:00:00+00:00,0.1588,0.1588,0.1545,0.1547,13337533.0
2026-07-27 23:00:00+00:00,0.1547,0.1562,0.1537,0.1556,6496976.2
2026-07-28 00:00:00+00:00,0.1556,0.1564,0.1548,0.1549,5281137.8
2026-07-28 01:00:00+00:00,0.155,0.1557,0.1533,0.1543,6168574.5
2026-07-28 02:00:00+00:00,0.1543,0.1553,0.154,0.1551,5011464.9
2026-07-28 03:00:00+00:00,0.1551,0.1552,0.1546,0.1549,2312357.6
2026-07-28 04:00:00+00:00,0.1548,0.1556,0.1547,0.1553,2402249.3
2026-07-28 05:00:00+00:00,0.1553,0.1561,0.1552,0.156,5211119.4
2026-07-28 06:00:00+00:00,0.1561,0.1579,0.1557,0.1569,14187314.2
2026-07-28 07:00:00+00:00,0.1569,0.1575,0.1564,0.1572,5941751.2
2026-07-28 08:00:00+00:00,0.1571,0.1577,0.1566,0.1573,4664392.2
2026-07-28 09:00:00+00:00,0.1573,0.1582,0.1569,0.1573,3165907.4
2026-07-28 10:00:00+00:00,0.1572,0.1575,0.1569,0.157,1593611.7
2026-07-28 11:00:00+00:00,0.157,0.1576,0.1564,0.1571,5200076.5
2026-07-28 12:00:00+00:00,0.1572,0.1586,0.157,0.1583,5494644.1
2026-07-28 13:00:00+00:00,0.1584,0.1587,0.1553,0.1563,8832694.7
2026-07-28 14:00:00+00:00,0.1565,0.1571,0.156,0.1569,3096027.8
2026-07-28 15:00:00+00:00,0.1569,0.1594,0.1563,0.1591,9517598.5
2026-07-28 16:00:00+00:00,0.1591,0.16,0.1583,0.1593,4967820.7
2026-07-28 17:00:00+00:00,0.1593,0.1594,0.1584,0.1591,2523650.2
2026-07-28 18:00:00+00:00,0.1592,0.1597,0.1583,0.1586,2408087.7
2026-07-28 19:00:00+00:00,0.1587,0.1591,0.1582,0.159,1939257.9
2026-07-28 20:00:00+00:00,0.1591,0.1601,0.1588,0.1601,5675385.7
2026-07-28 21:00:00+00:00,0.1601,0.1609,0.1597,0.1607,3103464.0
2026-07-28 22:00:00+00:00,0.1607,0.1635,0.1606,0.1612,8637784.6
2026-07-28 23:00:00+00:00,0.1611,0.162,0.1605,0.162,3755151.0
2026-07-29 00:00:00+00:00,0.162,0.1637,0.162,0.1628,8474033.9
2026-07-29 01:00:00+00:00,0.1627,0.1631,0.1618,0.1619,3130542.9
2026-07-29 02:00:00+00:00,0.1619,0.1669,0.1616,0.1659,12697373.9
2026-07-29 03:00:00+00:00,0.1659,0.1662,0.1631,0.1635,12020473.9
2026-07-29 04:00:00+00:00,0.1636,0.1637,0.1619,0.1631,4794500.0
2026-07-29 05:00:00+00:00,0.1631,0.1642,0.1624,0.164,3700556.9
2026-07-29 06:00:00+00:00,0.1641,0.1651,0.163,0.1642,3957600.5
2026-07-29 07:00:00+00:00,0.1643,0.1646,0.1636,0.1646,2796784.8
2026-07-29 08:00:00+00:00,0.1646,0.165,0.1631,0.1644,3556995.3
2026-07-29 09:00:00+00:00,0.1644,0.1649,0.1641,0.1642,3257288.6
2026-07-29 10:00:00+00:00,0.1642,0.1644,0.1634,0.1637,2622736.9
2026-07-29 11:00:00+00:00,0.1638,0.1647,0.1636,0.1639,2588031.6
2026-07-29 12:00:00+00:00,0.164,0.1643,0.1633,0.164,3513315.4
2026-07-29 13:00:00+00:00,0.1641,0.1654,0.1635,0.1649,4660187.8
2026-07-29 14:00:00+00:00,0.165,0.1653,0.1625,0.163,5790021.5
2026-07-29 15:00:00+00:00,0.1629,0.1633,0.1623,0.1631,3602234.5
2026-07-29 16:00:00+00:00,0.163,0.164,0.1623,0.1633,3520585.8
2026-07-29 17:00:00+00:00,0.1633,0.1653,0.1632,0.1653,2987007.5
2026-07-29 18:00:00+00:00,0.1653,0.1691,0.1646,0.1679,15063690.9
2026-07-29 19:00:00+00:00,0.168,0.1686,0.1628,0.1632,8769367.8
2026-07-29 20:00:00+00:00,0.1632,0.164,0.1606,0.1611,6554246.2
2026-07-29 21:00:00+00:00,0.161,0.163,0.1604,0.1629,6677758.8
2026-07-29 22:00:00+00:00,0.1629,0.1637,0.1622,0.1624,3957608.3
2026-07-29 23:00:00+00:00,0.1624,0.1627,0.1616,0.1621,2191295.1
2026-07-30 00:00:00+00:00,0.1621,0.1627,0.1616,0.1621,2319332.2
2026-07-30 01:00:00+00:00,0.1622,0.1648,0.1621,0.1641,3069533.3
2026-07-30 02:00:00+00:00,0.1641,0.1643,0.1627,0.1628,2005995.7
2026-07-30 03:00:00+00:00,0.1628,0.1633,0.1624,0.1624,2558969.6
2026-07-30 04:00:00+00:00,0.1625,0.1627,0.1619,0.1621,2524030.8
2026-07-30 05:00:00+00:00,0.162,0.1628,0.1615,0.1627,1417145.5
2026-07-30 06:00:00+00:00,0.1628,0.1633,0.1624,0.1629,3062634.9
2026-07-30 07:00:00+00:00,0.1628,0.1636,0.1626,0.1633,3397001.8
2026-07-30 08:00:00+00:00,0.1632,0.1652,0.1631,0.1643,2934427.5
2026-07-30 09:00:00+00:00,0.1642,0.1655,0.1639,0.1642,5654465.7
2026-07-30 10:00:00+00:00,0.1642,0.1648,0.1636,0.1639,1906632.7
2026-07-30 11:00:00+00:00,0.164,0.1645,0.1638,0.1643,2394433.5
2026-07-30 12:00:00+00:00,0.1643,0.1667,0.1643,0.166,10852121.3
2026-07-30 13:00:00+00:00,0.166,0.169,0.1656,0.1682,9722032.1
2026-07-30 14:00:00+00:00,0.1682,0.1745,0.1675,0.1722,24060913.9
2026-07-30 15:00:00+00:00,0.1723,0.1763,0.171,0.172,31095788.1
2026-07-30 16:00:00+00:00,0.1719,0.1728,0.1699,0.1707,13014886.5
2026-07-30 17:00:00+00:00,0.1708,0.1723,0.1703,0.1719,4936062.5
2026-07-30 18:00:00+00:00,0.1719,0.1728,0.1711,0.1723,4690413.7
2026-07-30 19:00:00+00:00,0.1724,0.1732,0.1719,0.1728,4214198.3
2026-07-30 20:00:00+00:00,0.1728,0.1733,0.1704,0.1708,4890933.6
2026-07-30 21:00:00+00:00,0.1708,0.171,0.1701,0.1702,1385461.3
2026-07-30 22:00:00+00:00,0.1702,0.171,0.1695,0.1699,2634336.4
2026-07-30 23:00:00+00:00,0.1699,0.1708,0.1696,0.1697,2968120.8
2026-07-31 00:00:00+00:00,0.1697,0.1706,0.1693,0.1696,3845761.6
2026-07-31 01:00:00+00:00,0.1697,0.171,0.1694,0.1698,4048198.8
2026-07-31 02:00:00+00:00,0.1698,0.1709,0.1694,0.1705,2517545.4
2026-07-31 03:00:00+00:00,0.1705,0.1711,0.1697,0.1701,2421568.4
2026-07-31 04:00:00+00:00,0.17,0.1701,0.1686,0.1687,4269877.1
2026-07-31 05:00:00+00:00,0.1687,0.1691,0.168,0.169,3027441.1
2026-07-31 06:00:00+00:00,0.1689,0.1697,0.1683,0.1689,3089020.9
2026-07-31 07:00:00+00:00,0.1688,0.1704,0.1676,0.1699,4498556.1
2026-07-31 08:00:00+00:00,0.1699,0.1719,0.1698,0.1709,5903977.2
2026-07-31 09:00:00+00:00,0.1709,0.1714,0.1688,0.169,4863333.0
2026-07-31 10:00:00+00:00,0.169,0.1703,0.1684,0.1698,2243510.2
2026-07-31 11:00:00+00:00,0.1698,0.1708,0.1695,0.1699,3883285.5
2026-07-31 12:00:00+00:00,0.17,0.17,0.1687,0.1695,3339106.8
2026-07-31 13:00:00+00:00,0.1695,0.1714,0.1685,0.1686,6955806.9
2026-07-31 14:00:00+00:00,0.1686,0.169,0.1665,0.1679,9678739.6
2026-07-31 15:00:00+00:00,0.1678,0.1693,0.1673,0.1688,4945731.9
2026-07-31 16:00:00+00:00,0.1688,0.171,0.1685,0.1709,5699414.2
2026-07-31 17:00:00+00:00,0.1708,0.1715,0.1696,0.1713,4376514.9
2026-07-31 18:00:00+00:00,0.1712,0.1727,0.1709,0.1722,6173763.8
2026-07-31 19:00:00+00:00,0.1722,0.1727,0.1701,0.1705,4509357.9
2026-07-31 20:00:00+00:00,0.1705,0.1707,0.1686,0.1688,2897429.1
2026-07-31 21:00:00+00:00,0.1687,0.1694,0.1679,0.1682,1614501.8
2026-07-31 22:00:00+00:00,0.1682,0.1687,0.1678,0.168,2172323.5
2026-07-31 23:00:00+00:00,0.168,0.1687,0.1678,0.1682,2468838.0
2026-08-01 00:00:00+00:00,0.1683,0.1696,0.1682,0.169,1681077.9
2026-08-01 01:00:00+00:00,0.1691,0.1697,0.1687,0.1695,1776353.4
2026-08-01 02:00:00+00:00,0.1696,0.1705,0.1696,0.17,2699686.2
2026-08-01 03:00:00+00:00,0.1701,0.1711,0.1699,0.1711,1412969.8
2026-08-01 04:00:00+00:00,0.1711,0.1714,0.1703,0.1711,1355252.0
2026-08-01 05:00:00+00:00,0.171,0.1714,0.1698,0.1705,1930946.6
2026-08-01 06:00:00+00:00,0.1705,0.1707,0.1695,0.1698,1371570.0
2026-08-01 07:00:00+00:00,0.1699,0.1723,0.1698,0.1712,4016110.1
2026-08-01 08:00:00+00:00,0.1712,0.1735,0.1712,0.1726,4496353.6
2026-08-01 09:00:00+00:00,0.1726,0.1741,0.1716,0.1721,7015660.9
2026-08-01 10:00:00+00:00,0.1721,0.1728,0.1713,0.1725,3059564.6
2026-08-01 11:00:00+00:00,0.1725,0.1734,0.1723,0.1733,6482257.4
2026-08-01 12:00:00+00:00,0.1733,0.175,0.1724,0.1745,5597292.8
2026-08-01 13:00:00+00:00,0.1745,0.1769,0.1741,0.1749,8623908.6
2026-08-01 14:00:00+00:00,0.1749,0.1754,0.1728,0.1732,4969998.0
2026-08-01 15:00:00+00:00,0.1732,0.1733,0.1724,0.1727,3098855.6
2026-08-01 16:00:00+00:00,0.1727,0.1747,0.1718,0.1742,5029719.9
2026-08-01 17:00:00+00:00,0.1742,0.175,0.1726,0.1732,6757206.7
2026-08-01 18:00:00+00:00,0.1732,0.1738,0.1697,0.1714,9267739.8
2026-08-01 19:00:00+00:00,0.1714,0.173,0.1714,0.1726,5070678.4
2026-08-01 20:00:00+00:00,0.1726,0.1736,0.1722,0.1732,2646016.0
2026-08-01 21:00:00+00:00,0.1732,0.1744,0.1732,0.1743,2490007.9
2026-08-01 22:00:00+00:00,0.1744,0.1753,0.1734,0.1734,3887604.5
2026-08-01 23:00:00+00:00,0.1734,0.1746,0.1734,0.1744,4233512.7
2026-08-02 00:00:00+00:00,0.1744,0.175,0.1728,0.1735,3857025.8
2026-08-02 01:00:00+00:00,0.1735,0.1774,0.1735,0.1764,12516795.6
2026-08-02 02:00:00+00:00,0.1764,0.1808,0.176,0.1801,19014569.7
2026-08-02 03:00:00+00:00,0.1801,0.1808,0.1792,0.1802,8994084.6
2026-08-02 04:00:00+00:00,0.1802,0.1847,0.1799,0.1831,14050689.9
2026-08-02 05:00:00+00:00,0.1831,0.1859,0.1817,0.1852,13381441.7
2026-08-02 06:00:00+00:00,0.1852,0.1877,0.1844,0.1868,11991978.5
2026-08-02 07:00:00+00:00,0.1868,0.1876,0.1846,0.1861,16750188.4
2026-08-02 08:00:00+00:00,0.1861,0.1871,0.1851,0.1858,6891454.8
2026-08-02 09:00:00+00:00,0.1858,0.1887,0.1853,0.1883,11061595.5
2026-08-02 10:00:00+00:00,0.1883,0.189,0.1865,0.1867,7603804.4
2026-08-02 11:00:00+00:00,0.1867,0.1896,0.1861,0.1889,9094782.5
2026-08-02 12:00:00+00:00,0.1889,0.1907,0.1882,0.1893,17850055.1
2026-08-02 13:00:00+00:00,0.1894,0.1922,0.1865,0.1875,31486748.1
2026-08-02 14:00:00+00:00,0.1874,0.1906,0.1873,0.1899,13764463.7
2026-08-02 15:00:00+00:00,0.1899,0.1907,0.1888,0.1901,6914536.7
2026-08-02 16:00:00+00:00,0.1902,0.1913,0.1891,0.1895,8275322.9
2026-08-02 17:00:00+00:00,0.1895,0.1899,0.1887,0.1888,3127503.4
2026-08-02 18:00:00+00:00,0.1888,0.1902,0.1885,0.1891,3903449.0
2026-08-02 19:00:00+00:00,0.1891,0.1898,0.1885,0.1886,2239222.0
2026-08-02 20:00:00+00:00,0.1885,0.1892,0.1867,0.1874,6556357.1
2026-08-02 21:00:00+00:00,0.1875,0.1902,0.1874,0.1892,3788686.2
2026-08-02 22:00:00+00:00,0.1892,0.191,0.1891,0.1898,6259695.8
2026-08-02 23:00:00+00:00,0.1897,0.19,0.1883,0.1895,5029191.0
2026-08-03 00:00:00+00:00,0.1895,0.1898,0.1882,0.1884,2938104.7
2026-08-03 01:00:00+00:00,0.1883,0.1883,0.1848,0.1858,8530864.3
2026-08-03 02:00:00+00:00,0.1857,0.1875,0.185,0.1871,6590911.6
2026-08-03 03:00:00+00:00,0.1871,0.1872,0.1848,0.1855,6682983.3
2026-08-03 04:00:00+00:00,0.1855,0.187,0.184,0.184,5294583.0
2026-08-03 05:00:00+00:00,0.1841,0.1854,0.1839,0.1851,4329491.0
2026-08-03 06:00:00+00:00,0.185,0.1851,0.1835,0.1838,4131902.3
2026-08-03 07:00:00+00:00,0.1839,0.1843,0.1826,0.1827,5512052.0
2026-08-03 08:00:00+00:00,0.1827,0.1846,0.1815,0.1839,7920552.7
2026-08-03 09:00:00+00:00,0.184,0.1873,0.1837,0.187,8182547.0
2026-08-03 10:00:00+00:00,0.187,0.1884,0.1861,0.1874,6833545.8
2026-08-03 11:00:00+00:00,0.1873,0.1881,0.1859,0.1865,7113287.6
2026-08-03 12:00:00+00:00,0.1865,0.1899,0.1859,0.1891,11020879.4
2026-08-03 13:00:00+00:00,0.1891,0.1947,0.1888,0.1946,21206777.8
2026-08-03 14:00:00+00:00,0.1946,0.1959,0.1894,0.19,24248616.4
2026-08-03 15:00:00+00:00,0.19,0.1963,0.1896,0.1961,18426792.1
2026-08-03 16:00:00+00:00,0.196,0.1962,0.1921,0.1923,16676801.7
2026-08-03 17:00:00+00:00,0.1923,0.1927,0.1908,0.1915,6814485.9
2026-08-03 18:00:00+00:00,0.1916,0.1951,0.1916,0.1942,7984997.1
2026-08-03 19:00:00+00:00,0.1942,0.1953,0.1936,0.1937,5457342.3
2026-08-03 20:00:00+00:00,0.1938,0.195,0.1933,0.1945,4720722.4
2026-08-03 21:00:00+00:00,0.1945,0.1949,0.1931,0.194,3314186.0
2026-08-03 22:00:00+00:00,0.1939,0.1956,0.1926,0.195,11060301.4
2026-08-03 23:00:00+00:00,0.1951,0.1961,0.1933,0.1937,14620494.4
2026-08-04 00:00:00+00:00,0.1936,0.1943,0.1919,0.1921,5285663.8
2026-08-04 01:00:00+00:00,0.1921,0.193,0.1911,0.1929,4263093.9
2026-08-04 02:00:00+00:00,0.193,0.1959,0.1913,0.1953,18861413.4
2026-08-04 03:00:00+00:00,0.1954,0.1973,0.1935,0.1969,15527526.3
2026-08-04 04:00:00+00:00,0.1969,0.1994,0.1947,0.1956,11914592.7
2026-08-04 05:00:00+00:00,0.1955,0.1962,0.1945,0.1957,4000483.8
2026-08-04 06:00:00+00:00,0.1956,0.1974,0.1942,0.1955,7205211.0
2026-08-04 07:00:00+00:00,0.1954,0.1963,0.1936,0.1947,6421721.6
2026-08-04 08:00:00+00:00,0.1947,0.1954,0.1936,0.1948,4841633.3
2026-08-04 09:00:00+00:00,0.1949,0.1973,0.1948,0.1965,6817183.2
2026-08-04 10:00:00+00:00,0.1965,0.1967,0.1937,0.1951,13757830.6
2026-08-04 11:00:00+00:00,0.1952,0.1953,0.1943,0.1945,4142614.7
2026-08-04 12:00:00+00:00,0.1944,0.1953,0.1937,0.1949,3988947.1
2026-08-04 13:00:00+00:00,0.195,0.1953,0.1915,0.1919,9847463.6
2026-08-04 14:00:00+00:00,0.1919,0.1933,0.1913,0.1928,6969283.5
2026-08-04 15:00:00+00:00,0.1928,0.1938,0.1919,0.1931,4746503.5
2026-08-04 16:00:00+00:00,0.1932,0.1934,0.1918,0.1921,2677783.4
2026-08-04 17:00:00+00:00,0.1922,0.1928,0.1911,0.1912,2219437.4
2026-08-04 18:00:00+00:00,0.1912,0.1926,0.1911,0.1914,2989048.6
2026-08-04 19:00:00+00:00,0.1915,0.1937,0.1914,0.1924,4495994.3
2026-08-04 20:00:00+00:00,0.1924,0.194,0.192,0.1931,4187949.5
2026-08-04 21:00:00+00:00,0.1932,0.1949,0.1924,0.1938,4246459.8
2026-08-04 22:00:00+00:00,0.1938,0.1943,0.1926,0.193,3636825.5
2026-08-04 23:00:00+00:00,0.193,0.1933,0.1918,0.193,2600969.5
2026-08-05 00:00:00+00:00,0.1929,0.1933,0.1911,0.1914,4355904.3
2026-08-05 01:00:00+00:00,0.1914,0.1928,0.1912,0.1925,2406005.1
2026-08-05 02:00:00+00:00,0.1926,0.193,0.1914,0.1926,4054705.7
2026-08-05 03:00:00+00:00,0.1925,0.1928,0.1899,0.1907,6863351.3
2026-08-05 04:00:00+00:00,0.1906,0.1908,0.19,0.1903,3304939.6
2026-08-05 05:00:00+00:00,0.1903,0.1917,0.1902,0.1903,2972128.6
2026-08-05 06:00:00+00:00,0.1904,0.1911,0.1902,0.191,2488166.7
2026-08-05 07:00:00+00:00,0.191,0.194,0.191,0.1939,6807200.4
2026-08-05 08:00:00+00:00,0.1938,0.1949,0.1932,0.1939,5117602.6
2026-08-05 09:00:00+00:00,0.1939,0.199,0.1938,0.1969,15544163.1
2026-08-05 10:00:00+00:00,0.197,0.1971,0.1941,0.1947,9461922.3
2026-08-05 11:00:00+00:00,0.1946,0.1965,0.1946,0.1951,4609831.4
2026-08-05 12:00:00+00:00,0.1952,0.196,0.1932,0.1938,5903690.6
2026-08-05 13:00:00+00:00,0.1937,0.1943,0.1903,0.1921,9559430.8
2026-08-05 14:00:00+00:00,0.1921,0.1925,0.1904,0.1914,7224380.8
2026-08-05 15:00:00+00:00,0.1914,0.1921,0.1886,0.1891,8115542.9
2026-08-05 16:00:00+00:00,0.1892,0.1915,0.1892,0.1912,3520014.5
2026-08-05 17:00:00+00:00,0.1912,0.1917,0.1904,0.191,3628768.9
2026-08-05 18:00:00+00:00,0.191,0.1911,0.1896,0.1904,4665046.5
2026-08-05 19:00:00+00:00,0.1905,0.1908,0.1891,0.1895,3307676.1
2026-08-05 20:00:00+00:00,0.1896,0.1907,0.1888,0.1905,4408392.6
2026-08-05 21:00:00+00:00,0.1905,0.192,0.1901,0.1914,5778627.2
2026-08-05 22:00:00+00:00,0.1914,0.1923,0.1903,0.1914,2698236.1
2026-08-05 23:00:00+00:00,0.1914,0.1928,0.1911,0.1911,2251218.5
2026-08-06 00:00:00+00:00,0.1912,0.1919,0.1906,0.1916,1784860.7
2026-08-06 01:00:00+00:00,0.1915,0.1925,0.1905,0.1907,2018357.7
2026-08-06 02:00:00+00:00,0.1907,0.1916,0.1899,0.1908,2374756.3
2026-08-06 03:00:00+00:00,0.1908,0.1908,0.1867,0.1869,9400074.8
2026-08-06 04:00:00+00:00,0.1869,0.1886,0.1859,0.1878,5368543.5
2026-08-06 05:00:00+00:00,0.1878,0.1889,0.1878,0.1884,1788089.9
2026-08-06 06:00:00+00:00,0.1883,0.1891,0.1878,0.1883,2380073.7
2026-08-06 07:00:00+00:00,0.1884,0.1892,0.188,0.1888,4184591.4
2026-08-06 08:00:00+00:00,0.1889,0.1896,0.1887,0.1895,2747459.9
2026-08-06 09:00:00+00:00,0.1894,0.1896,0.1884,0.1893,3274361.8
2026-08-06 10:00:00+00:00,0.1893,0.1908,0.1878,0.1891,7452389.9
2026-08-06 11:00:00+00:00,0.1891,0.1927,0.1887,0.1923,7622400.8
2026-08-06 12:00:00+00:00,0.1923,0.1926,0.1905,0.1906,4467292.9
2026-08-06 13:00:00+00:00,0.1906,0.1947,0.1903,0.1939,9177358.0
2026-08-06 14:00:00+00:00,0.194,0.2036,0.1939,0.2002,39608154.9
2026-08-06 15:00:00+00:00,0.2003,0.2113,0.2003,0.2088,46910358.5
2026-08-06 16:00:00+00:00,0.2089,0.2117,0.2039,0.2068,33294256.7
2026-08-06 17:00:00+00:00,0.2069,0.2075,0.2033,0.2046,14881004.2
2026-08-06 18:00:00+00:00,0.2045,0.2077,0.2039,0.2052,14038333.1
2026-08-06 19:00:00+00:00,0.2053,0.2053,0.2008,0.2024,18860320.1
2026-08-06 20:00:00+00:00,0.2024,0.203,0.2015,0.2022,11870458.8
2026-08-06 21:00:00+00:00,0.2022,0.2049,0.2019,0.2047,13703772.9
2026-08-06 22:00:00+00:00,0.2048,0.2056,0.2011,0.2014,4589286.5
2026-08-06 23:00:00+00:00,0.2013,0.2015,0.1995,0.2012,5993032.2
2026-08-07 00:00:00+00:00,0.2012,0.2029,0.2005,0.2021,6734219.4
2026-08-07 01:00:00+00:00,0.2022,0.2029,0.1996,0.2003,4876710.8
2026-08-07 02:00:00+00:00,0.2003,0.2011,0.1988,0.2004,6352355.3
2026-08-07 03:00:00+00:00,0.2003,0.2011,0.1993,0.1994,4316209.7
2026-08-07 04:00:00+00:00,0.1994,0.2004,0.1987,0.1999,3357259.1
2026-08-07 05:00:00+00:00,0.1999,0.202,0.1995,0.2019,4784932.1
2026-08-07 06:00:00+00:00,0.2018,0.204,0.2004,0.2018,12038940.2
2026-08-07 07:00:00+00:00,0.2018,0.2025,0.2011,0.2017,4154200.9
2026-08-07 08:00:00+00:00,0.2017,0.2029,0.2007,0.2011,5765044.2
2026-08-07 09:00:00+00:00,0.201,0.2019,0.1999,0.2019,5242546.0
2026-08-07 10:00:00+00:00,0.2019,0.2027,0.2012,0.2025,4670989.8
2026-08-07 11:00:00+00:00,0.2026,0.2034,0.2013,0.2015,6345675.1
2026-08-07 12:00:00+00:00,0.2015,0.2031,0.1998,0.2013,7973762.8
2026-08-07 13:00:00+00:00,0.2013,0.2015,0.1989,0.1993,5637471.0
2026-08-07 14:00:00+00:00,0.1993,0.2002,0.1966,0.1971,8232877.6
2026-08-07 15:00:00+00:00,0.1971,0.2009,0.197,0.2009,4998475.7
2026-08-07 16:00:00+00:00,0.201,0.2018,0.1993,0.1993,4977791.6
2026-08-07 17:00:00+00:00,0.1992,0.1999,0.1976,0.198,4793585.5
2026-08-07 18:00:00+00:00,0.198,0.2008,0.1979,0.2006,5733527.3
2026-08-07 19:00:00+00:00,0.2006,0.2025,0.2003,0.201,6310155.5
2026-08-07 20:00:00+00:00,0.201,0.2033,0.2008,0.2024,4198925.5
2026-08-07 21:00:00+00:00,0.2023,0.2029,0.2007,0.201,2383732.0
2026-08-07 22:00:00+00:00,0.2011,0.2021,0.2003,0.2007,1294388.5
2026-08-07 23:00:00+00:00,0.2007,0.2019,0.2003,0.2008,1310833.7
2026-08-08 00:00:00+00:00,0.2009,0.201,0.1996,0.2004,1690260.0
2026-08-08 01:00:00+00:00,0.2004,0.2013,0.1995,0.2007,2414238.9
2026-08-08 02:00:00+00:00,0.2007,0.2015,0.1999,0.2005,1740091.8
2026-08-08 03:00:00+00:00,0.2005,0.2024,0.2005,0.201,2990811.8
2026-08-08 04:00:00+00:00,0.2011,0.2016,0.2005,0.2007,1293327.2
2026-08-08 05:00:00+00:00,0.2008,0.2014,0.2004,0.2007,1227623.9
2026-08-08 06:00:00+00:00,0.2008,0.2008,0.1997,0.1999,1878051.5
2026-08-08 07:00:00+00:00,0.1999,0.2003,0.1991,0.2003,2315448.7
2026-08-08 08:00:00+00:00,0.2003,0.2004,0.1993,0.2,1892649.7
2026-08-08 09:00:00+00:00,0.2001,0.2001,0.1985,0.1991,3205944.5
2026-08-08 10:00:00+00:00,0.1991,0.2002,0.1989,0.2,1564033.4
2026-08-08 11:00:00+00:00,0.1999,0.2005,0.1993,0.1994,1730513.7
2026-08-08 12:00:00+00:00,0.1994,0.2004,0.1988,0.1992,1884268.1
2026-08-08 13:00:00+00:00,0.1992,0.2002,0.199,0.2002,1661172.1
2026-08-08 14:00:00+00:00,0.2002,0.2009,0.1994,0.2004,3186801.5
2026-08-08 15:00:00+00:00,0.2004,0.2007,0.1995,0.1995,2056370.3
2026-08-08 16:00:00+00:00,0.1996,0.2011,0.1996,0.2004,2459570.2
2026-08-08 17:00:00+00:00,0.2003,0.2005,0.1996,0.1997,1612029.8
2026-08-08 18:00:00+00:00,0.1997,0.2009,0.1996,0.2007,2242224.2
2026-08-08 19:00:00+00:00,0.2008,0.2009,0.1999,0.2005,2447565.3
2026-08-08 20:00:00+00:00,0.2006,0.201,0.2,0.2005,1626137.8
2026-08-08 21:00:00+00:00,0.2006,0.2007,0.1992,0.1995,1099671.6
2026-08-08 22:00:00+00:00,0.1996,0.2002,0.1976,0.1989,4008766.2
2026-08-08 23:00:00+00:00,0.1989,0.1998,0.1986,0.1995,1151671.4
2026-08-09 00:00:00+00:00,0.1996,0.1996,0.198,0.1988,4090084.5
2026-08-09 01:00:00+00:00,0.1988,0.1998,0.1985,0.1991,2016143.8
2026-08-09 02:00:00+00:00,0.1991,0.1996,0.1985,0.1986,2375731.5
2026-08-09 03:00:00+00:00,0.1986,0.1991,0.1981,0.1983,2250873.3
2026-08-09 04:00:00+00:00,0.1983,0.199,0.1976,0.1978,3381778.0
2026-08-09 05:00:00+00:00,0.1978,0.1983,0.1968,0.1982,3473975.7
2026-08-09 06:00:00+00:00,0.1982,0.1994,0.1982,0.1986,2244895.1
2026-08-09 07:00:00+00:00,0.1986,0.2,0.1984,0.1987,3073901.5
2026-08-09 08:00:00+00:00,0.1986,0.1991,0.1973,0.1979,1876514.5
2026-08-09 09:00:00+00:00,0.1978,0.198,0.1961,0.1963,4417722.3
2026-08-09 10:00:00+00:00,0.1962,0.197,0.1956,0.1961,2708203.8
2026-08-09 11:00:00+00:00,0.1961,0.1971,0.1961,0.1965,1923815.3
2026-08-09 12:00:00+00:00,0.1965,0.1966,0.1958,0.1963,2155046.2
2026-08-09 13:00:00+00:00,0.1963,0.1979,0.1963,0.1974,2838918.8
2026-08-09 14:00:00+00:00,0.1975,0.1982,0.1972,0.1979,2450540.5
2026-08-09 15:00:00+00:00,0.198,0.1981,0.1972,0.1976,1174442.9
2026-08-09 16:00:00+00:00,0.1977,0.1982,0.1973,0.1979,1602136.7
2026-08-09 17:00:00+00:00,0.198,0.1988,0.1978,0.1981,2772778.6
2026-08-09 18:00:00+00:00,0.1982,0.1985,0.1976,0.1981,1246310.0
2026-08-09 19:00:00+00:00,0.1981,0.1984,0.1975,0.1977,798608.7
2026-08-09 20:00:00+00:00,0.1978,0.1983,0.1974,0.1982,571509.0
2026-08-09 21:00:00+00:00,0.1983,0.1994,0.1977,0.1982,1445909.6
2026-08-09 22:00:00+00:00,0.1983,0.1994,0.1969,0.1974,1489979.3
2026-08-09 23:00:00+00:00,0.1973,0.1976,0.1934,0.1945,7998458.5
2026-08-10 00:00:00+00:00,0.1944,0.1961,0.1936,0.1953,3473498.7
2026-08-10 01:00:00+00:00,0.1953,0.198,0.1952,0.1979,2824179.2
2026-08-10 02:00:00+00:00,0.198,0.1981,0.1963,0.1977,2497810.5
2026-08-10 03:00:00+00:00,0.1977,0.1978,0.1958,0.1959,1479978.0
2026-08-10 04:00:00+00:00,0.1959,0.1972,0.1957,0.1965,1250325.0
2026-08-10 05:00:00+00:00,0.1966,0.1982,0.1965,0.1975,1967676.4
2026-08-10 06:00:00+00:00,0.1976,0.1991,0.1974,0.1983,3150840.5
2026-08-10 07:00:00+00:00,0.1984,0.1993,0.1976,0.1982,3263818.1
2026-08-10 08:00:00+00:00,0.1981,0.1984,0.1963,0.1964,3291440.9
2026-08-10 09:00:00+00:00,0.1964,0.1964,0.1948,0.195,3071717.7
2026-08-10 10:00:00+00:00,0.195,0.1956,0.1946,0.1951,2322510.8
2026-08-10 11:00:00+00:00,0.1951,0.1965,0.1947,0.1965,2402858.7
2026-08-10 12:00:00+00:00,0.1966,0.1972,0.1958,0.196,2811910.2
2026-08-10 13:00:00+00:00,0.196,0.1969,0.1954,0.1967,3186241.0
2026-08-10 14:00:00+00:00,0.1967,0.1972,0.1957,0.1959,1621801.3
2026-08-10 15:00:00+00:00,0.1959,0.1967,0.1939,0.195,6904636.1
2026-08-10 16:00:00+00:00,0.195,0.1962,0.1945,0.196,4697378.5
2026-08-10 17:00:00+00:00,0.196,0.1965,0.1946,0.1955,3244248.8
2026-08-10 18:00:00+00:00,0.1955,0.1956,0.1925,0.1937,4529126.2
2026-08-10 19:00:00+00:00,0.1936,0.1952,0.1931,0.1938,1771788.7
2026-08-10 20:00:00+00:00,0.1939,0.1945,0.193,0.1934,1924178.6
2026-08-10 21:00:00+00:00,0.1934,0.1939,0.1916,0.1921,2972948.7
2026-08-10 22:00:00+00:00,0.192,0.1927,0.1916,0.1922,2016214.1
2026-08-10 23:00:00+00:00,0.1922,0.1924,0.1908,0.191,2073176.6
2026-08-11 00:00:00+00:00,0.1909,0.1909,0.189,0.1903,6415847.4
2026-08-11 01:00:00+00:00,0.1903,0.1916,0.1902,0.1913,2190604.5
2026-08-11 02:00:00+00:00,0.1913,0.1916,0.19,0.1906,1456630.4
2026-08-11 03:00:00+00:00,0.1906,0.1908,0.19,0.1905,2157709.4
2026-08-11 04:00:00+00:00,0.1906,0.1908,0.1894,0.1898,1444654.9
2026-08-11 05:00:00+00:00,0.1897,0.1897,0.1871,0.1875,7840161.2
2026-08-11 06:00:00+00:00,0.1874,0.1887,0.1873,0.1887,3180561.3
2026-08-11 07:00:00+00:00,0.1888,0.1892,0.1883,0.1887,2583193.2
2026-08-11 08:00:00+00:00,0.1887,0.189,0.1884,0.1888,1247169.7
2026-08-11 09:00:00+00:00,0.1888,0.189,0.1885,0.1889,2037500.5
2026-08-11 10:00:00+00:00,0.1889,0.1891,0.1877,0.1882,2581239.3
2026-08-11 11:00:00+00:00,0.1882,0.1891,0.188,0.1887,2389409.8
2026-08-11 12:00:00+00:00,0.1886,0.1886,0.1865,0.187,5047749.7
2026-08-11 13:00:00+00:00,0.187,0.1881,0.1863,0.1868,6467005.7
2026-08-11 14:00:00+00:00,0.1868,0.1873,0.1843,0.1849,10736115.7
2026-08-11 15:00:00+00:00,0.1849,0.1852,0.1837,0.185,4978104.8
2026-08-11 16:00:00+00:00,0.1849,0.1866,0.1848,0.1854,3266598.1
2026-08-11 17:00:00+00:00,0.1855,0.186,0.1851,0.1853,2267234.3
2026-08-11 18:00:00+00:00,0.1853,0.1859,0.1852,0.1855,1462311.3
2026-08-11 19:00:00+00:00,0.1855,0.1858,0.1843,0.1858,3419325.0
2026-08-11 20:00:00+00:00,0.1859,0.1866,0.1852,0.1852,1999179.2
2026-08-11 21:00:00+00:00,0.1852,0.1876,0.1846,0.1867,5676645.6
2026-08-11 22:00:00+00:00,0.1867,0.1874,0.1864,0.1868,1030817.3
2026-08-11 23:00:00+00:00,0.1867,0.1874,0.1859,0.1871,4049708.2
2026-08-12 00:00:00+00:00,0.1871,0.1872,0.1858,0.186,2646881.5
2026-08-12 01:00:00+00:00,0.186,0.1871,0.1859,0.187,1802925.4
2026-08-12 02:00:00+00:00,0.187,0.1885,0.1869,0.188,3750143.4
2026-08-12 03:00:00+00:00,0.188,0.1883,0.1874,0.1877,1728637.6
2026-08-12 04:00:00+00:00,0.1876,0.188,0.187,0.1871,1250183.7
2026-08-12 05:00:00+00:00,0.187,0.1877,0.1865,0.1866,1739574.1
2026-08-12 06:00:00+00:00,0.1866,0.1868,0.1852,0.1855,2620909.8
2026-08-12 07:00:00+00:00,0.1856,0.1859,0.1849,0.1853,1796630.8
2026-08-12 08:00:00+00:00,0.1852,0.1858,0.1851,0.1856,1844254.3
2026-08-12 09:00:00+00:00,0.1855,0.1875,0.1854,0.1873,3386111.3
2026-08-12 10:00:00+00:00,0.1872,0.1876,0.1866,0.1868,2010901.2
2026-08-12 11:00:00+00:00,0.1869,0.1871,0.1857,0.1858,1340090.4
2026-08-12 12:00:00+00:00,0.1858,0.1864,0.1833,0.1845,10864863.6
2026-08-12 13:00:00+00:00,0.1845,0.1847,0.1829,0.1835,3714477.7
2026-08-12 14:00:00+00:00,0.1834,0.1838,0.1821,0.1822,5346891.4
2026-08-12 15:00:00+00:00,0.1822,0.1837,0.1818,0.182,3114107.5
2026-08-12 16:00:00+00:00,0.1819,0.1825,0.1816,0.1823,3987540.9
2026-08-12 17:00:00+00:00,0.1823,0.1835,0.1821,0.1832,2908071.2
2026-08-12 18:00:00+00:00,0.1833,0.1839,0.1829,0.1834,1766470.6
2026-08-12 19:00:00+00:00,0.1834,0.1837,0.183,0.1832,908760.0
2026-08-12 20:00:00+00:00,0.1832,0.1836,0.1826,0.1829,939819.5
2026-08-12 21:00:00+00:00,0.1828,0.183,0.1806,0.1811,4877606.6
2026-08-12 22:00:00+00:00,0.181,0.1822,0.1808,0.1821,1167935.1
2026-08-12 23:00:00+00:00,0.182,0.1828,0.1817,0.1826,1051464.9
2026-08-13 00:00:00+00:00,0.1826,0.1836,0.1818,0.1818,1513431.0
2026-08-13 01:00:00+00:00,0.1818,0.1824,0.1813,0.1815,971327.5
2026-08-13 02:00:00+00:00,0.1815,0.1831,0.1813,0.1831,1038837.4
2026-08-13 03:00:00+00:00,0.1831,0.1843,0.1829,0.184,2066978.6
2026-08-13 04:00:00+00:00,0.1839,0.1843,0.1833,0.1834,1338629.7
2026-08-13 05:00:00+00:00,0.1834,0.1852,0.1829,0.1845,2160148.3
2026-08-13 06:00:00+00:00,0.1844,0.1852,0.184,0.1844,2295035.6
2026-08-13 07:00:00+00:00,0.1844,0.1858,0.184,0.1856,4564879.7
2026-08-13 08:00:00+00:00,0.1857,0.1867,0.1851,0.1865,6151587.8
2026-08-13 09:00:00+00:00,0.1865,0.1867,0.1852,0.1855,3688892.2
2026-08-13 10:00:00+00:00,0.1855,0.1856,0.1845,0.1848,2751830.8
2026-08-13 11:00:00+00:00,0.1849,0.1849,0.1831,0.1832,2070289.2
2026-08-13 12:00:00+00:00,0.1832,0.1839,0.1829,0.1835,1573597.3
2026-08-13 13:00:00+00:00,0.1834,0.1847,0.1829,0.1845,2122424.4
2026-08-13 14:00:00+00:00,0.1844,0.1854,0.184,0.1849,2930892.0
2026-08-13 15:00:00+00:00,0.1848,0.1851,0.1827,0.1827,2952119.8
2026-08-13 16:00:00+00:00,0.1826,0.1829,0.1804,0.1816,8025272.3
2026-08-13 17:00:00+00:00,0.1815,0.182,0.1812,0.1819,1461809.4
2026-08-13 18:00:00+00:00,0.1819,0.1822,0.1809,0.1815,2894091.8
2026-08-13 19:00:00+00:00,0.1815,0.1822,0.1813,0.1815,1977027.8
2026-08-13 20:00:00+00:00,0.1815,0.1824,0.1812,0.1821,1974888.6
2026-08-13 21:00:00+00:00,0.1821,0.1824,0.1816,0.1818,955767.3
2026-08-13 22:00:00+00:00,0.1818,0.1832,0.1818,0.1823,2175406.9
2026-08-13 23:00:00+00:00,0.1823,0.1825,0.1821,0.1825,460609.8
2026-08-14 00:00:00+00:00,0.1824,0.1834,0.1822,0.1832,1772892.7
2026-08-14 01:00:00+00:00,0.1832,0.1835,0.1826,0.1828,1659294.2
2026-08-14 02:00:00+00:00,0.1828,0.1832,0.1813,0.182,1961256.9
2026-08-14 03:00:00+00:00,0.182,0.183,0.1818,0.1823,869960.8
2026-08-14 04:00:00+00:00,0.1824,0.1832,0.1823,0.1823,2322552.4
2026-08-14 05:00:00+00:00,0.1823,0.1828,0.1814,0.1828,994488.7
2026-08-14 06:00:00+00:00,0.1828,0.1829,0.1816,0.1816,1959438.8
2026-08-14 07:00:00+00:00,0.1816,0.1823,0.1814,0.1818,1535152.1
2026-08-14 08:00:00+00:00,0.1818,0.1826,0.1815,0.1825,1143364.2
2026-08-14 09:00:00+00:00,0.1825,0.1836,0.1817,0.1819,2822824.0
2026-08-14 10:00:00+00:00,0.1819,0.1832,0.1791,0.1794,7840555.2
2026-08-14 11:00:00+00:00,0.1793,0.1804,0.1791,0.1801,2889636.0
2026-08-14 12:00:00+00:00,0.1801,0.1805,0.1792,0.1794,1983647.9
2026-08-14 13:00:00+00:00,0.1794,0.1798,0.1786,0.1797,2479643.8
2026-08-14 14:00:00+00:00,0.1797,0.1798,0.1781,0.1784,6796547.0
2026-08-14 15:00:00+00:00,0.1784,0.1802,0.1781,0.18,3910219.3
2026-08-14 16:00:00+00:00,0.18,0.1806,0.1797,0.18,1521545.3
2026-08-14 17:00:00+00:00,0.18,0.181,0.1796,0.1799,1111612.6
2026-08-14 18:00:00+00:00,0.1798,0.1799,0.1785,0.1792,3401818.5
2026-08-14 19:00:00+00:00,0.1792,0.1799,0.1787,0.1797,2574053.2
2026-08-14 20:00:00+00:00,0.1798,0.1802,0.1793,0.1794,1663964.9
2026-08-14 21:00:00+00:00,0.1795,0.1796,0.1783,0.1788,2422614.9
2026-08-14 22:00:00+00:00,0.1788,0.1792,0.1784,0.179,1534967.3
2026-08-14 23:00:00+00:00,0.1789,0.1802,0.1789,0.1802,1347029.3
2026-08-15 00:00:00+00:00,0.1802,0.1805,0.1797,0.18,930581.2
2026-08-15 01:00:00+00:00,0.18,0.1802,0.1796,0.1797,805480.7
2026-08-15 02:00:00+00:00,0.1798,0.1814,0.1798,0.1814,1404263.7
2026-08-15 03:00:00+00:00,0.1815,0.1818,0.1801,0.1804,2585033.2
2026-08-15 04:00:00+00:00,0.1805,0.1816,0.1804,0.1806,1430424.6
2026-08-15 05:00:00+00:00,0.1806,0.1806,0.1794,0.1797,1209340.3
2026-08-15 06:00:00+00:00,0.1798,0.1802,0.1795,0.1798,1064610.4
2026-08-15 07:00:00+00:00,0.1798,0.1798,0.179,0.179,870918.0
2026-08-15 08:00:00+00:00,0.1791,0.1792,0.1785,0.1787,1323096.9
2026-08-15 09:00:00+00:00,0.1786,0.1795,0.1786,0.1794,815101.5
2026-08-15 10:00:00+00:00,0.1795,0.1796,0.1787,0.179,1098970.8
2026-08-15 11:00:00+00:00,0.1791,0.1791,0.1784,0.1787,1057521.0
2026-08-15 12:00:00+00:00,0.1786,0.1793,0.1783,0.1792,1661022.1
2026-08-15 13:00:00+00:00,0.1792,0.1793,0.1786,0.179,917768.4
2026-08-15 14:00:00+00:00,0.1791,0.1792,0.1783,0.1788,1908261.6
2026-08-15 15:00:00+00:00,0.1788,0.1792,0.1783,0.1789,1199994.8
2026-08-15 16:00:00+00:00,0.1789,0.1791,0.1783,0.1783,819610.2
2026-08-15 17:00:00+00:00,0.1784,0.1784,0.1769,0.1776,3502784.2
2026-08-15 18:00:00+00:00,0.1776,0.1778,0.1772,0.1774,1183855.3
2026-08-15 19:00:00+00:00,0.1774,0.1781,0.1773,0.178,432929.7
2026-08-15 20:00:00+00:00,0.1781,0.1783,0.1777,0.178,830006.5
2026-08-15 21:00:00+00:00,0.178,0.1781,0.1776,0.1779,834690.0
2026-08-15 22:00:00+00:00,0.1778,0.1779,0.1772,0.1775,1029172.5
2026-08-15 23:00:00+00:00,0.1774,0.1774,0.1758,0.1765,4363371.3
2026-08-16 00:00:00+00:00,0.1764,0.1772,0.1761,0.177,1051581.5
2026-08-16 01:00:00+00:00,0.1769,0.1772,0.1763,0.1764,957493.7
2026-08-16 02:00:00+00:00,0.1765,0.1771,0.1761,0.1767,1218439.0
2026-08-16 03:00:00+00:00,0.1767,0.1774,0.1765,0.1771,872418.9
2026-08-16 04:00:00+00:00,0.1771,0.1773,0.1767,0.1769,786852.8
2026-08-16 05:00:00+00:00,0.177,0.1772,0.1766,0.177,742593.9
2026-08-16 06:00:00+00:00,0.1769,0.1772,0.1765,0.1769,833184.9
2026-08-16 07:00:00+00:00,0.1768,0.1778,0.1766,0.1777,1122608.3
2026-08-16 08:00:00+00:00,0.1778,0.1784,0.1775,0.1779,2568177.9
2026-08-16 09:00:00+00:00,0.1778,0.1779,0.1769,0.177,983433.9
2026-08-16 10:00:00+00:00,0.177,0.1771,0.1755,0.1767,2784695.9
2026-08-16 11:00:00+00:00,0.1768,0.1772,0.1766,0.1771,777961.7
2026-08-16 12:00:00+00:00,0.1771,0.1773,0.1762,0.1763,1533459.2
2026-08-16 13:00:00+00:00,0.1763,0.1765,0.1759,0.176,1265600.4
2026-08-16 14:00:00+00:00,0.1761,0.1767,0.176,0.1762,894759.9
2026-08-16 15:00:00+00:00,0.1762,0.1771,0.176,0.1768,876189.4
2026-08-16 16:00:00+00:00,0.1768,0.1773,0.1762,0.1763,1485035.2
2026-08-16 17:00:00+00:00,0.1764,0.1767,0.1762,0.1763,482403.0
2026-08-16 18:00:00+00:00,0.1764,0.1764,0.175,0.1759,8571266.3
2026-08-16 19:00:00+00:00,0.1758,0.1793,0.1757,0.1783,12711859.9
2026-08-16 20:00:00+00:00,0.1784,0.1792,0.177,0.1771,3247327.9
2026-08-16 21:00:00+00:00,0.177,0.1772,0.175,0.1759,3790534.0
2026-08-16 22:00:00+00:00,0.1759,0.1765,0.1746,0.1755,2997714.3
2026-08-16 23:00:00+00:00,0.1754,0.1758,0.1748,0.1749,2017960.1
2026-08-17 00:00:00+00:00,0.1749,0.176,0.1738,0.1759,3919494.9
2026-08-17 01:00:00+00:00,0.1758,0.1769,0.1757,0.1759,2207409.7
2026-08-17 02:00:00+00:00,0.1759,0.1771,0.1751,0.177,3456676.9
2026-08-17 03:00:00+00:00,0.1769,0.1773,0.1768,0.1771,1505018.9
2026-08-17 04:00:00+00:00,0.1771,0.1776,0.177,0.1772,1891199.8
2026-08-17 05:00:00+00:00,0.1772,0.1779,0.1765,0.1766,2133112.7
2026-08-17 06:00:00+00:00,0.1766,0.1778,0.1765,0.1774,2230192.5
2026-08-17 07:00:00+00:00,0.1774,0.1775,0.1758,0.1762,2163199.8
2026-08-17 08:00:00+00:00,0.1762,0.1763,0.1751,0.1752,1859302.4
2026-08-17 09:00:00+00:00,0.1751,0.1753,0.1743,0.1745,2248805.9
2026-08-17 10:00:00+00:00,0.1745,0.1748,0.1725,0.1748,7287811.9
2026-08-17 11:00:00+00:00,0.1748,0.1757,0.1746,0.1748,2277202.6
2026-08-17 12:00:00+00:00,0.1749,0.1749,0.1733,0.1735,2399218.4
2026-08-17 13:00:00+00:00,0.1735,0.175,0.173,0.1743,3192886.7
2026-08-17 14:00:00+00:00,0.1743,0.1747,0.1733,0.1747,3130291.4
2026-08-17 15:00:00+00:00,0.1748,0.1755,0.1738,0.1753,5084936.4
2026-08-17 16:00:00+00:00,0.1752,0.1758,0.1742,0.1743,3431571.9
2026-08-17 17:00:00+00:00,0.1743,0.1753,0.1736,0.1745,2790938.0
2026-08-17 18:00:00+00:00,0.1744,0.1753,0.1739,0.1741,2217283.5
2026-08-17 19:00:00+00:00,0.1741,0.1745,0.1736,0.1738,1888656.7
2026-08-17 20:00:00+00:00,0.1738,0.1749,0.1733,0.1742,2795130.9
2026-08-17 21:00:00+00:00,0.1742,0.1745,0.1737,0.1739,1404757.1
2026-08-17 22:00:00+00:00,0.1739,0.1741,0.1733,0.1735,1758920.9
2026-08-17 23:00:00+00:00,0.1735,0.1746,0.1734,0.1743,919794.4
2026-08-18 00:00:00+00:00,0.1743,0.1749,0.1738,0.1744,2753851.6
2026-08-18 01:00:00+00:00,0.1744,0.1747,0.173,0.1732,1644486.0
2026-08-18 02:00:00+00:00,0.1733,0.1734,0.1712,0.1719,4604366.4
2026-08-18 03:00:00+00:00,0.1719,0.1727,0.1716,0.1725,1998130.1
2026-08-18 04:00:00+00:00,0.1725,0.1747,0.1723,0.1739,3225923.0
2026-08-18 05:00:00+00:00,0.1739,0.1743,0.1727,0.1731,2017504.4
2026-08-18 06:00:00+00:00,0.1731,0.1741,0.1728,0.1734,1657178.4
2026-08-18 07:00:00+00:00,0.1735,0.1738,0.1731,0.1735,775926.1
2026-08-18 08:00:00+00:00,0.1736,0.1736,0.1725,0.173,1746781.1
2026-08-18 09:00:00+00:00,0.1729,0.1734,0.1726,0.1732,1558706.1
2026-08-18 10:00:00+00:00,0.1732,0.1738,0.1731,0.1733,1196055.1
2026-08-18 11:00:00+00:00,0.1734,0.1742,0.173,0.1737,2032431.7
2026-08-18 12:00:00+00:00,0.1738,0.1744,0.1732,0.174,2678982.0
2026-08-18 13:00:00+00:00,0.174,0.1752,0.1738,0.1745,2826195.1
2026-08-18 14:00:00+00:00,0.1746,0.177,0.1737,0.1756,8348646.5
2026-08-18 15:00:00+00:00,0.1757,0.176,0.175,0.1757,2056879.2
2026-08-18 16:00:00+00:00,0.1757,0.1758,0.1746,0.1747,2509232.2
2026-08-18 17:00:00+00:00,0.1747,0.1747,0.1741,0.1743,1976554.8
2026-08-18 18:00:00+00:00,0.1743,0.1746,0.1741,0.1743,1520707.3
2026-08-18 19:00:00+00:00,0.1744,0.1747,0.1733,0.1734,1909634.1
2026-08-18 20:00:00+00:00,0.1735,0.1738,0.1728,0.1729,1989105.3
2026-08-18 21:00:00+00:00,0.1728,0.1737,0.1728,0.1729,1165225.0
2026-08-18 22:00:00+00:00,0.1729,0.1734,0.1727,0.1729,1687965.2
2026-08-18 23:00:00+00:00,0.1729,0.1748,0.1728,0.1746,2554733.9
2026-08-19 00:00:00+00:00,0.1746,0.1747,0.1733,0.1738,1704160.7
2026-08-19 01:00:00+00:00,0.1738,0.1745,0.1736,0.1738,1655390.8
2026-08-19 02:00:00+00:00,0.1738,0.1743,0.1735,0.1741,1712697.7
2026-08-19 03:00:00+00:00,0.1741,0.1754,0.1737,0.1753,2017899.5
2026-08-19 04:00:00+00:00,0.1753,0.1755,0.1742,0.1742,2909597.2
2026-08-19 05:00:00+00:00,0.1742,0.1756,0.1742,0.1755,2532402.1
2026-08-19 06:00:00+00:00,0.1754,0.1762,0.1748,0.176,3521887.4
2026-08-19 07:00:00+00:00,0.176,0.1763,0.1751,0.1754,2555393.7
2026-08-19 08:00:00+00:00,0.1754,0.1758,0.1747,0.1748,1988813.5
2026-08-19 09:00:00+00:00,0.1748,0.1751,0.1737,0.1742,2399024.9
2026-08-19 10:00:00+00:00,0.1743,0.1743,0.1737,0.1743,1899602.4
2026-08-19 11:00:00+00:00,0.1742,0.1752,0.1742,0.1749,3152022.6
2026-08-19 12:00:00+00:00,0.175,0.1759,0.1746,0.1755,3233250.3
2026-08-19 13:00:00+00:00,0.1755,0.1757,0.1738,0.1741,4220088.4
2026-08-19 14:00:00+00:00,0.1742,0.1769,0.1739,0.1765,6506221.2
2026-08-19 15:00:00+00:00,0.1766,0.1834,0.176,0.1795,43341069.6
2026-08-19 16:00:00+00:00,0.1796,0.1814,0.1786,0.1794,15507023.5
2026-08-19 17:00:00+00:00,0.1794,0.1802,0.1779,0.1799,4936582.4
2026-08-19 18:00:00+00:00,0.1798,0.1806,0.1787,0.1802,5115801.0
2026-08-19 19:00:00+00:00,0.1801,0.1813,0.1795,0.1813,5005890.8
2026-08-19 20:00:00+00:00,0.1813,0.1857,0.1811,0.1851,15196554.0
2026-08-19 21:00:00+00:00,0.1851,0.1923,0.1849,0.1901,26933779.1
2026-08-19 22:00:00+00:00,0.1902,0.191,0.1878,0.1884,9819633.2
2026-08-19 23:00:00+00:00,0.1885,0.1886,0.1858,0.1871,8450337.2
2026-08-20 00:00:00+00:00,0.1871,0.1888,0.1854,0.1859,7135944.4
2026-08-20 01:00:00+00:00,0.1859,0.1879,0.1852,0.1872,5286042.1
2026-08-20 02:00:00+00:00,0.1872,0.1875,0.1854,0.1855,3856716.5
2026-08-20 03:00:00+00:00,0.1855,0.1855,0.182,0.1823,8849005.0
2026-08-20 04:00:00+00:00,0.1823,0.1838,0.1818,0.1835,5501045.3
2026-08-20 05:00:00+00:00,0.1835,0.1844,0.1832,0.1835,2729526.6
2026-08-20 06:00:00+00:00,0.1835,0.1848,0.1828,0.1847,3625205.4
2026-08-20 07:00:00+00:00,0.1846,0.1847,0.1833,0.1842,2536928.7
2026-08-20 08:00:00+00:00,0.1843,0.1902,0.1839,0.1898,17859570.6
2026-08-20 09:00:00+00:00,0.1898,0.1912,0.1883,0.1894,12939703.8
2026-08-20 10:00:00+00:00,0.1894,0.1922,0.1892,0.1902,17961915.2
2026-08-20 11:00:00+00:00,0.1902,0.1955,0.1898,0.1931,14435088.4
2026-08-20 12:00:00+00:00,0.1931,0.1937,0.19,0.1916,10124074.2
2026-08-20 13:00:00+00:00,0.1916,0.1953,0.191,0.1953,11569477.5
2026-08-20 14:00:00+00:00,0.1953,0.1972,0.1928,0.1943,14506204.2
2026-08-20 15:00:00+00:00,0.1943,0.198,0.194,0.1969,13850960.0
2026-08-20 16:00:00+00:00,0.197,0.1997,0.196,0.1995,13822092.6
2026-08-20 17:00:00+00:00,0.1996,0.2035,0.1994,0.2009,20180430.6
2026-08-20 18:00:00+00:00,0.2009,0.2026,0.1954,0.1954,17236954.7
2026-08-20 19:00:00+00:00,0.1954,0.1963,0.1933,0.1948,11851479.1
2026-08-20 20:00:00+00:00,0.1948,0.198,0.1945,0.198,5435244.7
2026-08-20 21:00:00+00:00,0.198,0.199,0.1969,0.1977,4152849.3
2026-08-20 22:00:00+00:00,0.1978,0.1982,0.1958,0.196,4120648.4
2026-08-20 23:00:00+00:00,0.1961,0.1999,0.1959,0.199,5118244.8
2026-08-21 00:00:00+00:00,0.199,0.2059,0.1985,0.2045,13444288.5
2026-08-21 01:00:00+00:00,0.2045,0.2087,0.2028,0.2084,13915385.1
2026-08-21 02:00:00+00:00,0.2084,0.2097,0.2048,0.2049,12026779.5
2026-08-21 03:00:00+00:00,0.205,0.2102,0.2046,0.2082,11562132.7
2026-08-21 04:00:00+00:00,0.2082,0.2101,0.207,0.2081,9618337.1
2026-08-21 05:00:00+00:00,0.208,0.2094,0.2062,0.2087,8318027.1
2026-08-21 06:00:00+00:00,0.2088,0.2108,0.2071,0.2074,9226863.0
2026-08-21 07:00:00+00:00,0.2074,0.2115,0.2071,0.2098,14473935.8
2026-08-21 08:00:00+00:00,0.2097,0.218,0.2092,0.218,21686248.0
2026-08-21 09:00:00+00:00,0.2179,0.218,0.2076,0.2157,33676248.2
2026-08-21 10:00:00+00:00,0.2157,0.2158,0.2123,0.2143,12580114.7
2026-08-21 11:00:00+00:00,0.2142,0.2167,0.211,0.2115,17917335.8
2026-08-21 12:00:00+00:00,0.2115,0.2173,0.2109,0.216,13328396.2
2026-08-21 13:00:00+00:00,0.216,0.218,0.2126,0.2175,14358484.1
2026-08-21 14:00:00+00:00,0.2175,0.2182,0.2135,0.2176,11804872.8
2026-08-21 15:00:00+00:00,0.2176,0.2202,0.2162,0.2195,20263279.5
2026-08-21 16:00:00+00:00,0.2196,0.2211,0.2171,0.2188,15133874.5
2026-08-21 17:00:00+00:00,0.2187,0.2215,0.2163,0.2193,13808038.1
2026-08-21 18:00:00+00:00,0.2194,0.2218,0.214,0.2164,17821117.2
2026-08-21 19:00:00+00:00,0.2164,0.2184,0.2143,0.2167,5956881.9
2026-08-21 20:00:00+00:00,0.2167,0.2204,0.2159,0.219,8384843.5
2026-08-21 21:00:00+00:00,0.2191,0.2267,0.2184,0.2264,14828205.8
2026-08-21 22:00:00+00:00,0.2264,0.2328,0.225,0.2316,22178831.4
2026-08-21 23:00:00+00:00,0.2317,0.2333,0.2283,0.2291,16178919.7
2026-08-22 00:00:00+00:00,0.2291,0.2308,0.2258,0.2292,11813970.5
2026-08-22 01:00:00+00:00,0.2293,0.2328,0.229,0.2297,12321892.2
2026-08-22 02:00:00+00:00,0.2298,0.2423,0.2298,0.2421,17600039.2
2026-08-22 03:00:00+00:00,0.2421,0.2488,0.2397,0.2439,23538675.5
2026-08-22 04:00:00+00:00,0.2439,0.2584,0.243,0.2541,39111683.1
2026-08-22 05:00:00+00:00,0.254,0.2572,0.2088,0.2326,121719906.1
2026-08-22 06:00:00+00:00,0.2326,0.2352,0.2286,0.2339,18251014.2
2026-08-22 07:00:00+00:00,0.2339,0.2366,0.2308,0.2314,14620021.5
2026-08-22 08:00:00+00:00,0.2314,0.2337,0.2243,0.227,21282168.5
2026-08-22 09:00:00+00:00,0.227,0.2276,0.2234,0.2259,14740303.9
2026-08-22 10:00:00+00:00,0.2259,0.226,0.2173,0.2225,23726887.3
2026-08-22 11:00:00+00:00,0.2225,0.2244,0.2208,0.2239,9915287.6
2026-08-22 12:00:00+00:00,0.2239,0.2276,0.2232,0.2257,11471541.9
2026-08-22 13:00:00+00:00,0.2257,0.228,0.2245,0.2265,9061891.8
2026-08-22 14:00:00+00:00,0.2266,0.2267,0.2228,0.2244,9737898.8
2026-08-22 15:00:00+00:00,0.2244,0.2254,0.2211,0.2223,6695251.2
2026-08-22 16:00:00+00:00,0.2224,0.2281,0.2223,0.2264,7405931.0
2026-08-22 17:00:00+00:00,0.2265,0.2297,0.2252,0.2281,4871100.1
2026-08-22 18:00:00+00:00,0.2282,0.23,0.2272,0.2294,4458459.6
2026-08-22 19:00:00+00:00,0.2294,0.2319,0.2285,0.2312,5040341.3
2026-08-22 20:00:00+00:00,0.2313,0.2342,0.2302,0.2306,7121494.8
2026-08-22 21:00:00+00:00,0.2306,0.2307,0.2234,0.2235,10237865.1
2026-08-22 22:00:00+00:00,0.2236,0.2276,0.2226,0.2268,5134915.3
2026-08-22 23:00:00+00:00,0.2269,0.2271,0.2245,0.226,2075792.0
2026-08-23 00:00:00+00:00,0.226,0.2296,0.2247,0.2288,6262982.5
2026-08-23 01:00:00+00:00,0.2287,0.2288,0.2255,0.2261,4986081.2
2026-08-23 02:00:00+00:00,0.2261,0.2263,0.2215,0.2233,8551987.8
2026-08-23 03:00:00+00:00,0.2233,0.2238,0.2178,0.2195,11450368.7
2026-08-23 04:00:00+00:00,0.2195,0.2209,0.215,0.2157,10010787.0
2026-08-23 05:00:00+00:00,0.2157,0.2187,0.2133,0.2148,13519395.6
2026-08-23 06:00:00+00:00,0.2148,0.2171,0.2137,0.2155,6784830.0
2026-08-23 07:00:00+00:00,0.2154,0.2182,0.215,0.2177,5623637.3
2026-08-23 08:00:00+00:00,0.2177,0.2207,0.2174,0.2197,7471880.3
2026-08-23 09:00:00+00:00,0.2197,0.2208,0.2189,0.2205,3574029.0
2026-08-23 10:00:00+00:00,0.2204,0.2232,0.2204,0.2215,6416494.7
2026-08-23 11:00:00+00:00,0.2215,0.2253,0.2214,0.225,8375126.9
2026-08-23 12:00:00+00:00,0.2249,0.2254,0.2233,0.2247,3687476.4
2026-08-23 13:00:00+00:00,0.2248,0.2301,0.2248,0.2294,14230284.6
2026-08-23 14:00:00+00:00,0.2294,0.2306,0.2208,0.2254,23079927.2
2026-08-23 15:00:00+00:00,0.2255,0.2263,0.2229,0.2246,8374014.7
2026-08-23 16:00:00+00:00,0.2246,0.2262,0.2237,0.2251,3520351.5
2026-08-23 17:00:00+00:00,0.225,0.2268,0.2236,0.2246,4466016.5
2026-08-23 18:00:00+00:00,0.2246,0.226,0.2242,0.2251,3178166.2
2026-08-23 19:00:00+00:00,0.2252,0.2255,0.2229,0.2236,7912200.5
2026-08-23 20:00:00+00:00,0.2236,0.2256,0.222,0.2255,5157148.8
2026-08-23 21:00:00+00:00,0.2256,0.2295,0.2255,0.2274,7191290.8
2026-08-23 22:00:00+00:00,0.2274,0.2282,0.225,0.2267,7240522.2
2026-08-23 23:00:00+00:00,0.2268,0.2277,0.225,0.227,4656691.8
2026-08-24 00:00:00+00:00,0.227,0.2272,0.2211,0.2243,6479703.0
2026-08-24 01:00:00+00:00,0.2243,0.2245,0.2182,0.2183,7068316.8
2026-08-24 02:00:00+00:00,0.2183,0.2218,0.2177,0.2205,6865153.4
2026-08-24 03:00:00+00:00,0.2204,0.2208,0.217,0.2181,4808390.2
2026-08-24 04:00:00+00:00,0.2181,0.2209,0.2181,0.22,5189093.6
2026-08-24 05:00:00+00:00,0.22,0.2219,0.2185,0.2199,6385391.3
2026-08-24 06:00:00+00:00,0.2198,0.2207,0.218,0.2197,5179999.3
2026-08-24 07:00:00+00:00,0.2198,0.2223,0.2187,0.2191,5037809.3
2026-08-24 08:00:00+00:00,0.2192,0.2199,0.2167,0.2189,8064346.8
2026-08-24 09:00:00+00:00,0.2188,0.2205,0.2187,0.22,5898141.5
2026-08-24 10:00:00+00:00,0.22,0.2215,0.2181,0.2188,8053418.8
2026-08-24 11:00:00+00:00,0.2188,0.2242,0.2173,0.2233,8768390.8
2026-08-24 12:00:00+00:00,0.2234,0.2265,0.2204,0.2263,14707889.2
2026-08-24 13:00:00+00:00,0.2264,0.2275,0.2193,0.2216,18751088.6
2026-08-24 14:00:00+00:00,0.2216,0.2257,0.2212,0.2238,13025982.8
2026-08-24 15:00:00+00:00,0.2237,0.2267,0.2202,0.2213,13377866.3
2026-08-24 16:00:00+00:00,0.2215,0.225,0.2209,0.2219,5884825.4
2026-08-24 17:00:00+00:00,0.222,0.2225,0.2171,0.2187,11678929.1
2026-08-24 18:00:00+00:00,0.2188,0.2211,0.2188,0.2198,4676617.5
2026-08-24 19:00:00+00:00,0.2198,0.2205,0.2178,0.2189,4627788.2
2026-08-24 20:00:00+00:00,0.2189,0.2203,0.2176,0.22,2773600.2
2026-08-24 21:00:00+00:00,0.2201,0.2216,0.22,0.2215,2188169.3
2026-08-24 22:00:00+00:00,0.2214,0.2216,0.2199,0.22,2247478.3
2026-08-24 23:00:00+00:00,0.2201,0.2219,0.2189,0.2215,2587321.3
2026-08-25 00:00:00+00:00,0.2214,0.2255,0.2208,0.2252,8881042.6
2026-08-25 01:00:00+00:00,0.2252,0.2259,0.2229,0.2242,4873189.6
2026-08-25 02:00:00+00:00,0.2241,0.2289,0.2231,0.2265,11212409.5
2026-08-25 03:00:00+00:00,0.2266,0.2285,0.2248,0.2258,5846528.1
2026-08-25 04:00:00+00:00,0.2258,0.2273,0.2247,0.2255,6931486.5
2026-08-25 05:00:00+00:00,0.2256,0.2284,0.225,0.2269,5012259.3
2026-08-25 06:00:00+00:00,0.227,0.2275,0.2226,0.2235,6041683.0
2026-08-25 07:00:00+00:00,0.2235,0.2256,0.2188,0.2209,12307020.8
2026-08-25 08:00:00+00:00,0.2209,0.2228,0.2205,0.221,6022931.3
2026-08-25 09:00:00+00:00,0.2211,0.222,0.2175,0.2184,6428757.0
2026-08-25 10:00:00+00:00,0.2184,0.22,0.2174,0.2195,5706866.2
2026-08-25 11:00:00+00:00,0.2195,0.2201,0.218,0.2186,4098499.1
2026-08-25 12:00:00+00:00,0.2186,0.2187,0.2158,0.2181,8889451.6
2026-08-25 13:00:00+00:00,0.2181,0.2184,0.2114,0.2146,14246777.4
2026-08-25 14:00:00+00:00,0.2147,0.2172,0.214,0.216,8534804.9
2026-08-25 15:00:00+00:00,0.2161,0.2163,0.214,0.2158,3981590.5
2026-08-25 16:00:00+00:00,0.2159,0.2164,0.2144,0.2156,3518817.6
2026-08-25 17:00:00+00:00,0.2155,0.2156,0.2129,0.2152,4467252.3
2026-08-25 18:00:00+00:00,0.2151,0.2159,0.2148,0.2152,2189705.0
2026-08-25 19:00:00+00:00,0.2151,0.2153,0.213,0.2143,2964152.6
2026-08-25 20:00:00+00:00,0.2144,0.2145,0.2092,0.2095,7562634.9
2026-08-25 21:00:00+00:00,0.2095,0.2104,0.2063,0.2098,8489404.5
2026-08-25 22:00:00+00:00,0.2099,0.2123,0.2098,0.2119,3054292.1
2026-08-25 23:00:00+00:00,0.2118,0.2125,0.2083,0.2091,4070138.8
2026-08-26 00:00:00+00:00,0.2091,0.2108,0.2078,0.2104,4952683.8
2026-08-26 01:00:00+00:00,0.2104,0.2114,0.21,0.2107,3313711.5
2026-08-26 02:00:00+00:00,0.2108,0.2131,0.2101,0.2121,2496233.2
2026-08-26 03:00:00+00:00,0.2121,0.2127,0.2108,0.2114,2441533.6
2026-08-26 04:00:00+00:00,0.2114,0.2118,0.2098,0.2098,3652244.2
2026-08-26 05:00:00+00:00,0.2099,0.2113,0.2087,0.2108,3062623.1
2026-08-26 06:00:00+00:00,0.2107,0.2116,0.2098,0.2108,2356368.7
2026-08-26 07:00:00+00:00,0.2108,0.2115,0.21,0.2103,2878746.5
2026-08-26 08:00:00+00:00,0.2102,0.2119,0.2097,0.2103,4379200.9
2026-08-26 09:00:00+00:00,0.2104,0.2109,0.2075,0.2089,5198466.1
2026-08-26 10:00:00+00:00,0.2089,0.2122,0.2085,0.2119,3828412.1
2026-08-26 11:00:00+00:00,0.2119,0.2124,0.2096,0.2104,2596298.2
2026-08-26 12:00:00+00:00,0.2105,0.2122,0.2083,0.2098,6654703.4
2026-08-26 13:00:00+00:00,0.2098,0.2102,0.207,0.2088,7424890.0
2026-08-26 14:00:00+00:00,0.2087,0.2098,0.2044,0.2048,7965043.2
2026-08-26 15:00:00+00:00,0.2048,0.2057,0.2026,0.2047,10590582.7
2026-08-26 16:00:00+00:00,0.2048,0.2054,0.2025,0.2037,4858172.7
2026-08-26 17:00:00+00:00,0.2037,0.207,0.2035,0.2055,4935476.6
2026-08-26 18:00:00+00:00,0.2054,0.2067,0.2047,0.2063,2053622.6
2026-08-26 19:00:00+00:00,0.2063,0.2067,0.2052,0.206,2018320.8
2026-08-26 20:00:00+00:00,0.206,0.2065,0.204,0.2059,3132679.4
2026-08-26 21:00:00+00:00,0.206,0.209,0.2057,0.2089,4560724.3
2026-08-26 22:00:00+00:00,0.2088,0.2116,0.2084,0.2103,7197533.9
2026-08-26 23:00:00+00:00,0.2102,0.213,0.2099,0.2124,4516692.6
2026-08-27 00:00:00+00:00,0.2124,0.2124,0.2106,0.2108,3544722.8
2026-08-27 01:00:00+00:00,0.2108,0.2119,0.2097,0.2109,2518006.6
2026-08-27 02:00:00+00:00,0.2108,0.2116,0.2085,0.2091,3019036.5
2026-08-27 03:00:00+00:00,0.209,0.21,0.2081,0.2092,3333166.3
2026-08-27 04:00:00+00:00,0.2092,0.2106,0.2084,0.209,4988840.9
2026-08-27 05:00:00+00:00,0.2091,0.21,0.2076,0.2096,2836014.1
2026-08-27 06:00:00+00:00,0.2097,0.2108,0.2084,0.2107,2269590.1
2026-08-27 07:00:00+00:00,0.2107,0.2117,0.2101,0.2112,3559839.5
2026-08-27 08:00:00+00:00,0.2112,0.2159,0.2111,0.2147,14310556.6
2026-08-27 09:00:00+00:00,0.2147,0.2168,0.2137,0.2148,8257280.7
2026-08-27 10:00:00+00:00,0.2148,0.2162,0.2108,0.213,10402394.9
2026-08-27 11:00:00+00:00,0.213,0.2139,0.2106,0.2116,4121122.9
2026-08-27 12:00:00+00:00,0.2115,0.2122,0.2105,0.2116,4555862.9
2026-08-27 13:00:00+00:00,0.2116,0.2133,0.2098,0.2133,5090767.0
2026-08-27 14:00:00+00:00,0.2133,0.2171,0.2127,0.2149,9769327.7
2026-08-27 15:00:00+00:00,0.2149,0.2164,0.2132,0.2146,8068698.3
2026-08-27 16:00:00+00:00,0.2146,0.2175,0.2138,0.2157,8700404.0
2026-08-27 17:00:00+00:00,0.2157,0.2175,0.2147,0.2157,3910451.7
2026-08-27 18:00:00+00:00,0.2157,0.2162,0.2124,0.2142,4841769.1
2026-08-27 19:00:00+00:00,0.2142,0.2153,0.2136,0.2137,3206205.8
2026-08-27 20:00:00+00:00,0.2138,0.2151,0.2129,0.214,3829931.8
2026-08-27 21:00:00+00:00,0.214,0.2146,0.2129,0.2141,2137390.4
2026-08-27 22:00:00+00:00,0.2142,0.2154,0.214,0.2144,1627099.5
2026-08-27 23:00:00+00:00,0.2143,0.2148,0.2135,0.2138,2910309.3
2026-08-28 00:00:00+00:00,0.2138,0.2151,0.2129,0.2144,3696399.9
2026-08-28 01:00:00+00:00,0.2144,0.218,0.2141,0.2145,6383694.3
2026-08-28 02:00:00+00:00,0.2145,0.2146,0.2083,0.21,9093274.9
2026-08-28 03:00:00+00:00,0.2101,0.2106,0.2085,0.2102,3786350.3
2026-08-28 04:00:00+00:00,0.2102,0.211,0.2087,0.2102,3038306.1
2026-08-28 05:00:00+00:00,0.2101,0.2105,0.209,0.2097,2771884.7
2026-08-28 06:00:00+00:00,0.2098,0.2114,0.2097,0.2111,1490878.2
2026-08-28 07:00:00+00:00,0.2112,0.2112,0.2086,0.2094,3289061.1
2026-08-28 08:00:00+00:00,0.2095,0.2103,0.2088,0.209,2617939.3
2026-08-28 09:00:00+00:00,0.2091,0.2095,0.2077,0.2079,3129803.8
2026-08-28 10:00:00+00:00,0.2078,0.2093,0.2061,0.2092,6131817.9
2026-08-28 11:00:00+00:00,0.2093,0.2102,0.2089,0.2093,3342821.4
2026-08-28 12:00:00+00:00,0.2092,0.2094,0.2075,0.2083,2749405.9
2026-08-28 13:00:00+00:00,0.2083,0.2087,0.2068,0.2077,4100273.1
2026-08-28 14:00:00+00:00,0.2077,0.2114,0.2038,0.2108,21317307.2
2026-08-28 15:00:00+00:00,0.2108,0.2116,0.2037,0.2045,8297173.0
2026-08-28 16:00:00+00:00,0.2045,0.2051,0.1994,0.2032,22598464.4
2026-08-28 17:00:00+00:00,0.2032,0.2037,0.2022,0.203,3401472.2
2026-08-28 18:00:00+00:00,0.2031,0.2032,0.1996,0.2012,5071166.2
2026-08-28 19:00:00+00:00,0.2013,0.2028,0.2013,0.2019,3219578.6
2026-08-28 20:00:00+00:00,0.2019,0.2025,0.2011,0.2017,2978699.5
2026-08-28 21:00:00+00:00,0.2017,0.2023,0.1999,0.2003,3138723.9
2026-08-28 22:00:00+00:00,0.2003,0.2025,0.2001,0.2024,2471047.9
2026-08-28 23:00:00+00:00,0.2025,0.2032,0.2021,0.2031,1659260.0
2026-08-29 00:00:00+00:00,0.2031,0.2035,0.2025,0.2027,1891806.7
2026-08-29 01:00:00+00:00,0.2027,0.2029,0.202,0.2025,1384492.5
2026-08-29 02:00:00+00:00,0.2025,0.2025,0.2013,0.2018,1546252.6
2026-08-29 03:00:00+00:00,0.2018,0.202,0.2007,0.2008,1951719.1
2026-08-29 04:00:00+00:00,0.2008,0.2014,0.2006,0.2012,2586089.4
2026-08-29 05:00:00+00:00,0.2012,0.2019,0.201,0.2014,1911089.7
2026-08-29 06:00:00+00:00,0.2014,0.2014,0.1997,0.2004,2402575.2
2026-08-29 07:00:00+00:00,0.2004,0.2008,0.2,0.2004,1256986.5
2026-08-29 08:00:00+00:00,0.2003,0.2003,0.1989,0.1994,3343410.9
2026-08-29 09:00:00+00:00,0.1995,0.2004,0.1991,0.2,1673146.6
2026-08-29 10:00:00+00:00,0.2001,0.2006,0.1994,0.2002,1435504.9
2026-08-29 11:00:00+00:00,0.2001,0.2005,0.1995,0.1998,2855339.5
2026-08-29 12:00:00+00:00,0.1999,0.2008,0.1998,0.2001,1404067.1
2026-08-29 13:00:00+00:00,0.2001,0.2005,0.1997,0.2004,781841.6
2026-08-29 14:00:00+00:00,0.2003,0.2029,0.2002,0.2026,3814361.8
2026-08-29 15:00:00+00:00,0.2027,0.2028,0.2005,0.2007,2501298.8
2026-08-29 16:00:00+00:00,0.2007,0.2016,0.2001,0.2006,3294765.6
2026-08-29 17:00:00+00:00,0.2006,0.201,0.1997,0.2007,1422565.5
2026-08-29 18:00:00+00:00,0.2007,0.2018,0.2005,0.2011,1989485.5
2026-08-29 19:00:00+00:00,0.2012,0.2022,0.2011,0.2017,1711998.2
2026-08-29 20:00:00+00:00,0.2017,0.202,0.2012,0.2014,1234928.4
2026-08-29 21:00:00+00:00,0.2014,0.2019,0.2012,0.2013,1589539.7
2026-08-29 22:00:00+00:00,0.2013,0.2016,0.201,0.2012,1047582.6
2026-08-29 23:00:00+00:00,0.2013,0.2018,0.201,0.2018,1592406.8
2026-08-30 00:00:00+00:00,0.2018,0.2023,0.201,0.2011,2799557.5
2026-08-30 01:00:00+00:00,0.201,0.2013,0.2002,0.2005,2139023.0
2026-08-30 02:00:00+00:00,0.2005,0.2013,0.2004,0.2009,1443037.1
2026-08-30 03:00:00+00:00,0.2009,0.2013,0.2003,0.2009,1891047.7
2026-08-30 04:00:00+00:00,0.2008,0.201,0.1999,0.2004,2126688.1
2026-08-30 05:00:00+00:00,0.2005,0.2012,0.2004,0.201,1474294.6
2026-08-30 06:00:00+00:00,0.201,0.2025,0.2004,0.2025,2554185.7
2026-08-30 07:00:00+00:00,0.2025,0.2026,0.2006,0.2007,2117499.3
2026-08-30 08:00:00+00:00,0.2006,0.2011,0.2002,0.2006,1340295.5
2026-08-30 09:00:00+00:00,0.2005,0.2009,0.2,0.2009,1189700.6
2026-08-30 10:00:00+00:00,0.2008,0.2017,0.2004,0.2016,1140531.9
2026-08-30 11:00:00+00:00,0.2016,0.2018,0.2007,0.2011,1907416.1
2026-08-30 12:00:00+00:00,0.2011,0.2034,0.2011,0.2032,4421483.1
2026-08-30 13:00:00+00:00,0.2032,0.205,0.2025,0.2047,5094947.2
2026-08-30 14:00:00+00:00,0.2048,0.2059,0.204,0.2047,5018997.6
2026-08-30 15:00:00+00:00,0.2048,0.2048,0.2025,0.2033,2732224.4
2026-08-30 16:00:00+00:00,0.2034,0.2061,0.2032,0.206,7401622.5
2026-08-30 17:00:00+00:00,0.206,0.2061,0.2035,0.2049,5501474.5
2026-08-30 18:00:00+00:00,0.205,0.206,0.2037,0.2052,3409457.1
2026-08-30 19:00:00+00:00,0.2052,0.2052,0.2027,0.2033,3365162.0
2026-08-30 20:00:00+00:00,0.2033,0.2039,0.2004,0.2013,4853535.2
2026-08-30 21:00:00+00:00,0.2013,0.2015,0.1985,0.2002,10672616.2
2026-08-30 22:00:00+00:00,0.2003,0.2015,0.1972,0.1984,7886140.2
2026-08-30 23:00:00+00:00,0.1984,0.1984,0.1894,0.1927,28692647.2
2026-08-31 00:00:00+00:00,0.1926,0.1951,0.1915,0.1941,8611901.7
2026-08-31 01:00:00+00:00,0.194,0.1946,0.1924,0.1926,4760799.1
2026-08-31 02:00:00+00:00,0.1926,0.1942,0.1916,0.1924,3456640.8
2026-08-31 03:00:00+00:00,0.1925,0.1944,0.192,0.1941,2124655.5
2026-08-31 04:00:00+00:00,0.1942,0.1943,0.1926,0.1936,2384750.6
2026-08-31 05:00:00+00:00,0.1936,0.1963,0.1933,0.1956,4377746.8
2026-08-31 06:00:00+00:00,0.1956,0.1965,0.195,0.1956,4618513.9
2026-08-31 07:00:00+00:00,0.1956,0.1965,0.1953,0.1961,3923434.1
2026-08-31 08:00:00+00:00,0.1962,0.197,0.1954,0.1966,3756353.9
2026-08-31 09:00:00+00:00,0.1965,0.1973,0.196,0.1964,3616424.1
2026-08-31 10:00:00+00:00,0.1965,0.1984,0.1957,0.1977,4754684.2
2026-08-31 11:00:00+00:00,0.1978,0.198,0.1962,0.1965,2543285.0
2026-08-31 12:00:00+00:00,0.1965,0.1979,0.1945,0.1951,4853011.3
2026-08-31 13:00:00+00:00,0.1951,0.1971,0.1937,0.1941,5569812.9
2026-08-31 14:00:00+00:00,0.1941,0.1972,0.1937,0.197,5756800.6
2026-08-31 15:00:00+00:00,0.1971,0.1973,0.1951,0.1959,3663682.6
2026-08-31 16:00:00+00:00,0.1959,0.1975,0.1948,0.1962,3710336.2
2026-08-31 17:00:00+00:00,0.1961,0.1981,0.1956,0.1977,4003851.7
2026-08-31 18:00:00+00:00,0.1978,0.2008,0.1972,0.2,6715092.7
2026-08-31 19:00:00+00:00,0.1999,0.2006,0.1985,0.1991,3857783.6
2026-08-31 20:00:00+00:00,0.1991,0.2006,0.1983,0.1986,3161432.3
2026-08-31 21:00:00+00:00,0.1987,0.2,0.1976,0.1993,4043788.9
2026-08-31 22:00:00+00:00,0.1993,0.1997,0.1985,0.1986,1146124.3
2026-08-31 23:00:00+00:00,0.1985,0.1988,0.1976,0.1978,2008501.1
2026-09-01 00:00:00+00:00,0.1978,0.2002,0.1976,0.1994,3910403.2
