timestamp,open,high,low,close,volume
2025-01-01 00:00:00+00:00,6.191,6.284,6.182,6.281,71106.71
2025-01-01 01:00:00+00:00,6.281,6.281,6.205,6.208,38800.39
2025-01-01 02:00:00+00:00,6.207,6.225,6.194,6.206,39576.3
2025-01-01 03:00:00+00:00,6.206,6.229,6.178,6.211,82910.66
2025-01-01 04:00:00+00:00,6.211,6.212,6.158,6.159,41867.18
2025-01-01 05:00:00+00:00,6.158,6.19,6.153,6.181,27583.58
2025-01-01 06:00:00+00:00,6.178,6.188,6.136,6.167,40743.82
2025-01-01 07:00:00+00:00,6.168,6.172,6.146,6.149,41101.9
2025-01-01 08:00:00+00:00,6.151,6.162,6.096,6.101,105185.34
2025-01-01 09:00:00+00:00,6.101,6.12,6.047,6.095,117792.67
2025-01-01 10:00:00+00:00,6.093,6.126,6.092,6.114,63390.47
2025-01-01 11:00:00+00:00,6.112,6.204,6.095,6.177,67330.43
2025-01-01 12:00:00+00:00,6.177,6.253,6.16,6.247,63910.52
2025-01-01 13:00:00+00:00,6.246,6.309,6.221,6.271,84451.65
2025-01-01 14:00:00+00:00,6.27,6.316,6.202,6.259,90807.83
2025-01-01 15:00:00+00:00,6.259,6.357,6.23,6.355,61952.93
2025-01-01 16:00:00+00:00,6.355,6.422,6.341,6.394,172654.87
2025-01-01 17:00:00+00:00,6.395,6.417,6.293,6.385,111824.86
2025-01-01 18:00:00+00:00,6.389,6.523,6.336,6.513,205344.71
2025-01-01 19:00:00+00:00,6.514,6.604,6.462,6.58,208738.19
2025-01-01 20:00:00+00:00,6.582,6.656,6.582,6.622,181194.76
2025-01-01 21:00:00+00:00,6.62,6.649,6.559,6.579,125379.16
2025-01-01 22:00:00+00:00,6.58,6.592,6.53,6.556,114067.56
2025-01-01 23:00:00+00:00,6.555,6.576,6.521,6.547,63159.25
2025-01-02 00:00:00+00:00,6.546,6.725,6.546,6.677,250961.04
2025-01-02 01:00:00+00:00,6.677,6.708,6.616,6.624,117195.25
2025-01-02 02:00:00+00:00,6.625,6.646,6.586,6.615,84564.84
2025-01-02 03:00:00+00:00,6.616,6.622,6.59,6.605,56446.74
2025-01-02 04:00:00+00:00,6.606,6.694,6.594,6.673,92260.77
2025-01-02 05:00:00+00:00,6.675,6.681,6.619,6.644,81603.98
2025-01-02 06:00:00+00:00,6.648,6.673,6.602,6.627,60674.49
2025-01-02 07:00:00+00:00,6.631,6.69,6.616,6.672,67086.09
2025-01-02 08:00:00+00:00,6.673,6.712,6.647,6.702,90711.74
2025-01-02 09:00:00+00:00,6.7,6.778,6.696,6.764,103033.82
2025-01-02 10:00:00+00:00,6.763,6.776,6.728,6.757,90647.82
2025-01-02 11:00:00+00:00,6.758,6.776,6.727,6.75,78797.71
2025-01-02 12:00:00+00:00,6.752,6.785,6.723,6.738,70613.35
2025-01-02 13:00:00+00:00,6.74,6.747,6.697,6.714,83613.87
2025-01-02 14:00:00+00:00,6.717,6.81,6.652,6.729,201910.55
2025-01-02 15:00:00+00:00,6.732,6.737,6.628,6.672,112077.24
2025-01-02 16:00:00+00:00,6.672,6.726,6.636,6.704,77757.24
2025-01-02 17:00:00+00:00,6.703,6.743,6.63,6.67,79441.92
2025-01-02 18:00:00+00:00,6.672,6.702,6.654,6.7,41556.35
2025-01-02 19:00:00+00:00,6.7,6.714,6.668,6.678,45767.15
2025-01-02 20:00:00+00:00,6.68,6.721,6.645,6.673,44345.69
2025-01-02 21:00:00+00:00,6.673,6.692,6.653,6.691,54837.18
2025-01-02 22:00:00+00:00,6.69,6.708,6.637,6.693,43318.13
2025-01-02 23:00:00+00:00,6.692,6.722,6.673,6.701,37235.98
2025-01-03 00:00:00+00:00,6.702,6.725,6.682,6.687,59966.22
2025-01-03 01:00:00+00:00,6.687,6.779,6.672,6.749,106982.56
2025-01-03 02:00:00+00:00,6.749,6.834,6.734,6.784,99296.92
2025-01-03 03:00:00+00:00,6.786,6.879,6.786,6.863,100022.6
2025-01-03 04:00:00+00:00,6.864,6.864,6.75,6.757,48693.88
2025-01-03 05:00:00+00:00,6.757,6.766,6.711,6.748,49523.84
2025-01-03 06:00:00+00:00,6.748,6.824,6.745,6.75,106826.66
2025-01-03 07:00:00+00:00,6.75,6.756,6.69,6.707,82414.34
2025-01-03 08:00:00+00:00,6.708,6.8,6.708,6.765,117138.44
2025-01-03 09:00:00+00:00,6.764,6.88,6.764,6.845,165001.83
2025-01-03 10:00:00+00:00,6.846,6.929,6.823,6.915,113254.05
2025-01-03 11:00:00+00:00,6.916,7.032,6.916,6.982,235562.22
2025-01-03 12:00:00+00:00,6.982,7.069,6.981,7.016,178478.25
2025-01-03 13:00:00+00:00,7.016,7.085,6.999,7.049,155496.2
2025-01-03 14:00:00+00:00,7.051,7.167,7.051,7.155,205908.16
2025-01-03 15:00:00+00:00,7.157,7.313,7.148,7.297,271190.43
2025-01-03 16:00:00+00:00,7.299,7.39,7.293,7.348,278161.79
2025-01-03 17:00:00+00:00,7.349,7.401,7.315,7.33,207416.76
2025-01-03 18:00:00+00:00,7.331,7.375,7.303,7.353,139299.74
2025-01-03 19:00:00+00:00,7.35,7.371,7.321,7.342,82468.59
2025-01-03 20:00:00+00:00,7.343,7.383,7.279,7.363,139477.23
2025-01-03 21:00:00+00:00,7.361,7.421,7.333,7.398,188518.39
2025-01-03 22:00:00+00:00,7.398,7.464,7.384,7.45,124408.73
2025-01-03 23:00:00+00:00,7.449,7.463,7.385,7.423,114875.04
2025-01-04 00:00:00+00:00,7.424,7.461,7.343,7.351,115660.65
2025-01-04 01:00:00+00:00,7.352,7.412,7.297,7.406,112242.07
2025-01-04 02:00:00+00:00,7.408,7.476,7.387,7.43,106115.59
2025-01-04 03:00:00+00:00,7.436,7.439,7.384,7.391,71289.17
2025-01-04 04:00:00+00:00,7.39,7.402,7.315,7.364,80151.77
2025-01-04 05:00:00+00:00,7.364,7.371,7.331,7.354,40096.78
2025-01-04 06:00:00+00:00,7.354,7.4,7.354,7.383,48947.02
2025-01-04 07:00:00+00:00,7.38,7.388,7.345,7.36,40882.66
2025-01-04 08:00:00+00:00,7.36,7.361,7.259,7.269,120494.59
2025-01-04 09:00:00+00:00,7.268,7.296,7.248,7.263,72525.4
2025-01-04 10:00:00+00:00,7.261,7.317,7.242,7.299,116804.71
2025-01-04 11:00:00+00:00,7.294,7.311,7.257,7.294,85225.78
2025-01-04 12:00:00+00:00,7.294,7.383,7.277,7.356,173594.3
2025-01-04 13:00:00+00:00,7.354,7.403,7.317,7.377,252651.11
2025-01-04 14:00:00+00:00,7.375,7.446,7.359,7.436,85875.16
2025-01-04 15:00:00+00:00,7.437,7.441,7.237,7.282,216151.72
2025-01-04 16:00:00+00:00,7.279,7.34,7.267,7.303,63929.18
2025-01-04 17:00:00+00:00,7.305,7.319,7.285,7.319,35114.88
2025-01-04 18:00:00+00:00,7.319,7.333,7.275,7.288,45776.69
2025-01-04 19:00:00+00:00,7.291,7.32,7.274,7.291,31158.38
2025-01-04 20:00:00+00:00,7.294,7.339,7.283,7.323,43710.34
2025-01-04 21:00:00+00:00,7.323,7.342,7.285,7.293,42455.36
2025-01-04 22:00:00+00:00,7.298,7.308,7.26,7.301,30589.45
2025-01-04 23:00:00+00:00,7.297,7.312,7.274,7.295,40476.96
2025-01-05 00:00:00+00:00,7.296,7.426,7.272,7.301,186812.27
2025-01-05 01:00:00+00:00,7.3,7.303,7.21,7.257,61220.98
2025-01-05 02:00:00+00:00,7.258,7.295,7.255,7.285,34437.51
2025-01-05 03:00:00+00:00,7.286,7.286,7.247,7.276,30810.49
2025-01-05 04:00:00+00:00,7.278,7.316,7.274,7.315,39600.62
2025-01-05 05:00:00+00:00,7.314,7.328,7.249,7.252,43789.81
2025-01-05 06:00:00+00:00,7.254,7.32,7.24,7.311,35819.72
2025-01-05 07:00:00+00:00,7.311,7.361,7.305,7.322,41450.11
2025-01-05 08:00:00+00:00,7.323,7.331,7.225,7.298,67424.98
2025-01-05 09:00:00+00:00,7.3,7.322,7.254,7.27,57523.13
2025-01-05 10:00:00+00:00,7.27,7.302,7.236,7.277,92626.22
2025-01-05 11:00:00+00:00,7.276,7.306,7.238,7.252,50046.23
2025-01-05 12:00:00+00:00,7.254,7.296,7.221,7.265,73568.22
2025-01-05 13:00:00+00:00,7.264,7.29,7.227,7.233,46807.43
2025-01-05 14:00:00+00:00,7.233,7.256,7.143,7.242,160125.34
2025-01-05 15:00:00+00:00,7.239,7.275,7.201,7.238,68436.86
2025-01-05 16:00:00+00:00,7.238,7.268,7.203,7.24,67214.55
2025-01-05 17:00:00+00:00,7.244,7.304,7.235,7.246,51238.49
2025-01-05 18:00:00+00:00,7.25,7.3,7.206,7.296,53938.63
2025-01-05 19:00:00+00:00,7.294,7.324,7.268,7.321,56423.49
2025-01-05 20:00:00+00:00,7.324,7.369,7.254,7.274,121197.8
2025-01-05 21:00:00+00:00,7.274,7.312,7.271,7.302,41117.51
2025-01-05 22:00:00+00:00,7.302,7.363,7.273,7.36,57947.88
2025-01-05 23:00:00+00:00,7.358,7.364,7.309,7.342,41524.57
2025-01-06 00:00:00+00:00,7.345,7.365,7.245,7.256,59523.65
2025-01-06 01:00:00+00:00,7.255,7.396,7.214,7.359,76374.63
2025-01-06 02:00:00+00:00,7.359,7.444,7.356,7.397,141368.38
2025-01-06 03:00:00+00:00,7.401,7.515,7.375,7.51,142180.86
2025-01-06 04:00:00+00:00,7.511,7.574,7.488,7.568,182458.8
2025-01-06 05:00:00+00:00,7.568,7.642,7.507,7.513,227378.96
2025-01-06 06:00:00+00:00,7.513,7.524,7.424,7.472,143293.99
2025-01-06 07:00:00+00:00,7.474,7.5,7.415,7.415,99081.0
2025-01-06 08:00:00+00:00,7.418,7.471,7.372,7.391,75745.07
2025-01-06 09:00:00+00:00,7.393,7.454,7.38,7.41,71993.17
2025-01-06 10:00:00+00:00,7.409,7.461,7.377,7.434,75353.73
2025-01-06 11:00:00+00:00,7.437,7.513,7.418,7.476,81429.57
2025-01-06 12:00:00+00:00,7.476,7.498,7.389,7.423,225094.11
2025-01-06 13:00:00+00:00,7.424,7.482,7.374,7.48,195591.68
2025-01-06 14:00:00+00:00,7.481,7.546,7.393,7.504,231236.0
2025-01-06 15:00:00+00:00,7.507,7.614,7.469,7.554,316875.75
2025-01-06 16:00:00+00:00,7.556,7.619,7.477,7.533,164847.47
2025-01-06 17:00:00+00:00,7.532,7.535,7.4,7.453,125739.59
2025-01-06 18:00:00+00:00,7.454,7.514,7.426,7.477,59860.67
2025-01-06 19:00:00+00:00,7.479,7.557,7.476,7.508,60869.0
2025-01-06 20:00:00+00:00,7.505,7.541,7.475,7.511,57776.46
2025-01-06 21:00:00+00:00,7.512,7.517,7.437,7.46,46914.59
2025-01-06 22:00:00+00:00,7.462,7.468,7.424,7.443,40900.83
2025-01-06 23:00:00+00:00,7.442,7.461,7.401,7.453,36275.35
2025-01-07 00:00:00+00:00,7.452,7.453,7.377,7.378,69944.24
2025-01-07 01:00:00+00:00,7.376,7.441,7.333,7.431,63569.97
2025-01-07 02:00:00+00:00,7.435,7.438,7.343,7.358,50243.89
2025-01-07 03:00:00+00:00,7.356,7.4,7.345,7.393,48313.9
2025-01-07 04:00:00+00:00,7.399,7.456,7.372,7.447,85958.44
2025-01-07 05:00:00+00:00,7.448,7.622,7.432,7.607,195811.25
2025-01-07 06:00:00+00:00,7.609,7.771,7.587,7.679,293682.36
2025-01-07 07:00:00+00:00,7.679,7.744,7.559,7.571,180255.85
2025-01-07 08:00:00+00:00,7.57,7.728,7.559,7.694,303851.97
2025-01-07 09:00:00+00:00,7.691,7.708,7.537,7.556,231650.25
2025-01-07 10:00:00+00:00,7.558,7.561,7.484,7.523,117848.49
2025-01-07 11:00:00+00:00,7.521,7.543,7.391,7.448,151687.98
2025-01-07 12:00:00+00:00,7.448,7.544,7.439,7.538,115495.09
2025-01-07 13:00:00+00:00,7.539,7.629,7.523,7.538,163601.62
2025-01-07 14:00:00+00:00,7.54,7.58,7.366,7.415,253443.18
2025-01-07 15:00:00+00:00,7.414,7.442,7.014,7.115,1191278.1
2025-01-07 16:00:00+00:00,7.113,7.201,7.037,7.13,522534.27
2025-01-07 17:00:00+00:00,7.132,7.152,6.967,7.021,301836.36
2025-01-07 18:00:00+00:00,7.02,7.052,6.924,6.944,122434.62
2025-01-07 19:00:00+00:00,6.943,6.979,6.852,6.878,150174.0
2025-01-07 20:00:00+00:00,6.879,6.915,6.795,6.881,195028.81
2025-01-07 21:00:00+00:00,6.878,6.938,6.781,6.781,200856.31
2025-01-07 22:00:00+00:00,6.78,6.87,6.765,6.868,95513.25
2025-01-07 23:00:00+00:00,6.868,6.868,6.767,6.772,60830.37
2025-01-08 00:00:00+00:00,6.771,6.869,6.754,6.861,88919.26
2025-01-08 01:00:00+00:00,6.857,6.857,6.724,6.762,114879.77
2025-01-08 02:00:00+00:00,6.759,6.815,6.726,6.729,103435.78
2025-01-08 03:00:00+00:00,6.729,6.77,6.638,6.706,210919.46
2025-01-08 04:00:00+00:00,6.705,6.732,6.622,6.637,106462.96
2025-01-08 05:00:00+00:00,6.639,6.67,6.577,6.595,146063.64
2025-01-08 06:00:00+00:00,6.597,6.644,6.472,6.472,197116.24
2025-01-08 07:00:00+00:00,6.473,6.568,6.461,6.546,97710.82
2025-01-08 08:00:00+00:00,6.545,6.68,6.541,6.594,311559.33
2025-01-08 09:00:00+00:00,6.593,6.651,6.564,6.578,115240.65
2025-01-08 10:00:00+00:00,6.58,6.62,6.569,6.593,60491.6
2025-01-08 11:00:00+00:00,6.59,6.599,6.498,6.552,122489.74
2025-01-08 12:00:00+00:00,6.551,6.6,6.528,6.53,90323.1
2025-01-08 13:00:00+00:00,6.532,6.623,6.531,6.572,95695.39
2025-01-08 14:00:00+00:00,6.571,6.635,6.559,6.596,137245.85
2025-01-08 15:00:00+00:00,6.587,6.651,6.529,6.561,158553.06
2025-01-08 16:00:00+00:00,6.563,6.577,6.45,6.458,152006.21
2025-01-08 17:00:00+00:00,6.457,6.484,6.166,6.382,821511.53
2025-01-08 18:00:00+00:00,6.379,6.519,6.35,6.406,192617.4
2025-01-08 19:00:00+00:00,6.406,6.457,6.365,6.378,116889.37
2025-01-08 20:00:00+00:00,6.377,6.415,6.35,6.391,74643.75
2025-01-08 21:00:00+00:00,6.394,6.42,6.324,6.379,135248.32
2025-01-08 22:00:00+00:00,6.377,6.509,6.377,6.493,112428.89
2025-01-08 23:00:00+00:00,6.492,6.497,6.448,6.461,65941.02
2025-01-09 00:00:00+00:00,6.461,6.521,6.44,6.52,69517.23
2025-01-09 01:00:00+00:00,6.52,6.602,6.513,6.531,95244.51
2025-01-09 02:00:00+00:00,6.534,6.56,6.442,6.556,109230.1
2025-01-09 03:00:00+00:00,6.557,6.563,6.491,6.505,63773.77
2025-01-09 04:00:00+00:00,6.501,6.529,6.47,6.526,63180.9
2025-01-09 05:00:00+00:00,6.527,6.528,6.463,6.484,34128.47
2025-01-09 06:00:00+00:00,6.485,6.493,6.426,6.437,68555.1
2025-01-09 07:00:00+00:00,6.435,6.454,6.3,6.317,135229.67
2025-01-09 08:00:00+00:00,6.321,6.434,6.312,6.417,122822.81
2025-01-09 09:00:00+00:00,6.419,6.487,6.409,6.465,69018.09
2025-01-09 10:00:00+00:00,6.465,6.48,6.363,6.448,87004.55
2025-01-09 11:00:00+00:00,6.449,6.532,6.423,6.502,88263.52
2025-01-09 12:00:00+00:00,6.501,6.536,6.458,6.49,73958.1
2025-01-09 13:00:00+00:00,6.489,6.537,6.307,6.31,214409.18
2025-01-09 14:00:00+00:00,6.309,6.41,6.253,6.377,169990.06
2025-01-09 15:00:00+00:00,6.377,6.568,6.34,6.532,205037.87
2025-01-09 16:00:00+00:00,6.531,6.566,6.447,6.507,181737.15
2025-01-09 17:00:00+00:00,6.506,6.524,6.372,6.412,279524.15
2025-01-09 18:00:00+00:00,6.413,6.476,6.385,6.463,109356.76
2025-01-09 19:00:00+00:00,6.462,6.462,6.316,6.333,135079.61
2025-01-09 20:00:00+00:00,6.335,6.378,6.244,6.332,188147.32
2025-01-09 21:00:00+00:00,6.329,6.408,6.317,6.327,66244.76
2025-01-09 22:00:00+00:00,6.32,6.447,6.311,6.415,64212.27
2025-01-09 23:00:00+00:00,6.415,6.42,6.361,6.397,50731.49
2025-01-10 00:00:00+00:00,6.398,6.501,6.368,6.407,189721.19
2025-01-10 01:00:00+00:00,6.407,6.449,6.368,6.43,73740.76
2025-01-10 02:00:00+00:00,6.429,6.493,6.419,6.452,63477.46
2025-01-10 03:00:00+00:00,6.453,6.466,6.421,6.457,38355.25
2025-01-10 04:00:00+00:00,6.456,6.482,6.41,6.415,38037.29
2025-01-10 05:00:00+00:00,6.418,6.51,6.4,6.466,41631.98
2025-01-10 06:00:00+00:00,6.468,6.523,6.454,6.523,40578.14
2025-01-10 07:00:00+00:00,6.524,6.639,6.496,6.596,136998.31
2025-01-10 08:00:00+00:00,6.596,6.616,6.564,6.565,68364.93
2025-01-10 09:00:00+00:00,6.569,6.612,6.537,6.579,79094.8
2025-01-10 10:00:00+00:00,6.578,6.608,6.55,6.594,61413.34
2025-01-10 11:00:00+00:00,6.593,6.593,6.509,6.563,89357.31
2025-01-10 12:00:00+00:00,6.562,6.565,6.498,6.557,57697.44
2025-01-10 13:00:00+00:00,6.554,6.653,6.375,6.486,432689.84
2025-01-10 14:00:00+00:00,6.482,6.598,6.469,6.525,177426.88
2025-01-10 15:00:00+00:00,6.522,6.566,6.389,6.517,209208.86
2025-01-10 16:00:00+00:00,6.518,6.524,6.422,6.44,95858.61
2025-01-10 17:00:00+00:00,6.441,6.649,6.413,6.644,152401.94
2025-01-10 18:00:00+00:00,6.642,6.649,6.567,6.606,135337.68
2025-01-10 19:00:00+00:00,6.606,6.674,6.562,6.666,103240.1
2025-01-10 20:00:00+00:00,6.667,6.672,6.585,6.607,72904.11
2025-01-10 21:00:00+00:00,6.608,6.67,6.599,6.629,37212.82
2025-01-10 22:00:00+00:00,6.631,6.674,6.591,6.653,47589.49
2025-01-10 23:00:00+00:00,6.654,6.666,6.629,6.651,29935.92
2025-01-11 00:00:00+00:00,6.653,6.673,6.604,6.653,55910.14
2025-01-11 01:00:00+00:00,6.657,6.668,6.573,6.592,63912.76
2025-01-11 02:00:00+00:00,6.597,6.613,6.536,6.585,40701.7
2025-01-11 03:00:00+00:00,6.585,6.586,6.534,6.55,22664.15
2025-01-11 04:00:00+00:00,6.554,6.597,6.533,6.564,33782.19
2025-01-11 05:00:00+00:00,6.564,6.613,6.548,6.608,26859.3
2025-01-11 06:00:00+00:00,6.607,6.634,6.575,6.575,43081.95
2025-01-11 07:00:00+00:00,6.577,6.604,6.56,6.583,36337.28
2025-01-11 08:00:00+00:00,6.584,6.603,6.522,6.536,53251.39
2025-01-11 09:00:00+00:00,6.535,6.578,6.52,6.564,41487.87
2025-01-11 10:00:00+00:00,6.565,6.618,6.562,6.61,29594.87
2025-01-11 11:00:00+00:00,6.614,6.65,6.59,6.621,59503.97
2025-01-11 12:00:00+00:00,6.625,6.634,6.582,6.589,54198.32
2025-01-11 13:00:00+00:00,6.591,6.615,6.554,6.566,43396.42
2025-01-11 14:00:00+00:00,6.566,6.607,6.535,6.601,43185.6
2025-01-11 15:00:00+00:00,6.6,6.605,6.554,6.561,34530.89
2025-01-11 16:00:00+00:00,6.562,6.608,6.532,6.591,52381.06
2025-01-11 17:00:00+00:00,6.59,6.601,6.542,6.553,47962.14
2025-01-11 18:00:00+00:00,6.548,6.572,6.516,6.562,42599.34
2025-01-11 19:00:00+00:00,6.561,6.573,6.527,6.558,26024.18
2025-01-11 20:00:00+00:00,6.559,6.693,6.546,6.683,109345.15
2025-01-11 21:00:00+00:00,6.683,6.741,6.673,6.723,113498.76
2025-01-11 22:00:00+00:00,6.723,6.733,6.618,6.626,56697.34
2025-01-11 23:00:00+00:00,6.625,6.65,6.609,6.616,37571.21
2025-01-12 00:00:00+00:00,6.62,6.642,6.592,6.623,43416.35
2025-01-12 01:00:00+00:00,6.623,6.675,6.6,6.675,52216.86
2025-01-12 02:00:00+00:00,6.675,6.68,6.631,6.672,42408.44
2025-01-12 03:00:00+00:00,6.672,6.692,6.633,6.663,29890.02
2025-01-12 04:00:00+00:00,6.663,6.695,6.654,6.683,25063.78
2025-01-12 05:00:00+00:00,6.687,6.699,6.643,6.661,24721.07
2025-01-12 06:00:00+00:00,6.66,6.674,6.596,6.596,37033.04
2025-01-12 07:00:00+00:00,6.601,6.638,6.569,6.634,44859.18
2025-01-12 08:00:00+00:00,6.635,6.639,6.543,6.558,64062.19
2025-01-12 09:00:00+00:00,6.557,6.578,6.504,6.509,49899.47
2025-01-12 10:00:00+00:00,6.511,6.54,6.467,6.501,69887.94
2025-01-12 11:00:00+00:00,6.502,6.588,6.493,6.522,252320.02
2025-01-12 12:00:00+00:00,6.523,6.598,6.492,6.499,276632.72
2025-01-12 13:00:00+00:00,6.498,6.563,6.483,6.52,211228.46
2025-01-12 14:00:00+00:00,6.521,6.55,6.476,6.481,70442.87
2025-01-12 15:00:00+00:00,6.49,6.574,6.479,6.556,47579.61
2025-01-12 16:00:00+00:00,6.554,6.562,6.491,6.541,53429.78
2025-01-12 17:00:00+00:00,6.543,6.564,6.51,6.539,53982.84
2025-01-12 18:00:00+00:00,6.537,6.566,6.496,6.503,28627.39
2025-01-12 19:00:00+00:00,6.505,6.522,6.487,6.509,37580.84
2025-01-12 20:00:00+00:00,6.51,6.533,6.46,6.474,47815.6
2025-01-12 21:00:00+00:00,6.477,6.483,6.425,6.436,42244.83
2025-01-12 22:00:00+00:00,6.43,6.439,6.366,6.399,90839.07
2025-01-12 23:00:00+00:00,6.401,6.47,6.397,6.459,27394.67
2025-01-13 00:00:00+00:00,6.463,6.705,6.452,6.648,174029.94
2025-01-13 01:00:00+00:00,6.648,6.657,6.482,6.497,126143.67
2025-01-13 02:00:00+00:00,6.497,6.519,6.368,6.409,134200.35
2025-01-13 03:00:00+00:00,6.407,6.454,6.346,6.367,79996.27
2025-01-13 04:00:00+00:00,6.36,6.461,6.354,6.429,34529.82
2025-01-13 05:00:00+00:00,6.426,6.437,6.344,6.361,39613.57
2025-01-13 06:00:00+00:00,6.363,6.402,6.251,6.269,114659.42
2025-01-13 07:00:00+00:00,6.27,6.326,6.252,6.304,74127.06
2025-01-13 08:00:00+00:00,6.305,6.316,6.153,6.19,473902.27
2025-01-13 09:00:00+00:00,6.189,6.224,6.116,6.17,627128.32
2025-01-13 10:00:00+00:00,6.172,6.182,6.066,6.099,456995.68
2025-01-13 11:00:00+00:00,6.1,6.111,6.0,6.002,392586.59
2025-01-13 12:00:00+00:00,6.001,6.084,5.978,6.035,225706.58
2025-01-13 13:00:00+00:00,6.031,6.176,6.009,6.09,216524.72
2025-01-13 14:00:00+00:00,6.091,6.173,5.9,6.122,534714.49
2025-01-13 15:00:00+00:00,6.121,6.246,6.095,6.192,186074.25
2025-01-13 16:00:00+00:00,6.193,6.219,6.057,6.065,125451.77
2025-01-13 17:00:00+00:00,6.064,6.145,6.056,6.081,90716.43
2025-01-13 18:00:00+00:00,6.08,6.126,5.976,6.075,154251.16
2025-01-13 19:00:00+00:00,6.073,6.129,6.031,6.087,110397.24
2025-01-13 20:00:00+00:00,6.088,6.272,6.05,6.246,147399.46
2025-01-13 21:00:00+00:00,6.249,6.285,6.176,6.261,177593.3
2025-01-13 22:00:00+00:00,6.261,6.347,6.253,6.299,98286.22
2025-01-13 23:00:00+00:00,6.296,6.321,6.267,6.285,62728.59
2025-01-14 00:00:00+00:00,6.286,6.295,6.226,6.242,74607.23
2025-01-14 01:00:00+00:00,6.243,6.304,6.234,6.244,55144.48
2025-01-14 02:00:00+00:00,6.24,6.318,6.237,6.261,63429.88
2025-01-14 03:00:00+00:00,6.259,6.3,6.238,6.243,57184.37
2025-01-14 04:00:00+00:00,6.243,6.309,6.243,6.264,67005.97
2025-01-14 05:00:00+00:00,6.264,6.302,6.181,6.187,85486.1
2025-01-14 06:00:00+00:00,6.191,6.2,6.147,6.181,101774.8
2025-01-14 07:00:00+00:00,6.184,6.189,6.049,6.069,234911.78
2025-01-14 08:00:00+00:00,6.07,6.152,6.064,6.071,150028.22
2025-01-14 09:00:00+00:00,6.073,6.274,6.068,6.258,188175.04
2025-01-14 10:00:00+00:00,6.259,6.264,6.195,6.228,106398.31
2025-01-14 11:00:00+00:00,6.23,6.232,6.138,6.199,78056.74
2025-01-14 12:00:00+00:00,6.2,6.215,6.116,6.136,133538.09
2025-01-14 13:00:00+00:00,6.138,6.254,6.12,6.209,212358.08
2025-01-14 14:00:00+00:00,6.209,6.287,6.181,6.222,158671.37
2025-01-14 15:00:00+00:00,6.222,6.27,6.209,6.214,68239.35
2025-01-14 16:00:00+00:00,6.212,6.218,6.14,6.183,94921.83
2025-01-14 17:00:00+00:00,6.177,6.274,6.168,6.258,82800.22
2025-01-14 18:00:00+00:00,6.258,6.29,6.245,6.281,54551.06
2025-01-14 19:00:00+00:00,6.281,6.281,6.228,6.232,67413.8
2025-01-14 20:00:00+00:00,6.235,6.265,6.187,6.236,65701.3
2025-01-14 21:00:00+00:00,6.237,6.277,6.232,6.262,71941.17
2025-01-14 22:00:00+00:00,6.263,6.316,6.258,6.293,61675.65
2025-01-14 23:00:00+00:00,6.293,6.3,6.261,6.272,52148.99
2025-01-15 00:00:00+00:00,6.272,6.31,6.234,6.236,66872.79
2025-01-15 01:00:00+00:00,6.234,6.323,6.209,6.273,91527.06
2025-01-15 02:00:00+00:00,6.276,6.329,6.25,6.292,94311.61
2025-01-15 03:00:00+00:00,6.292,6.311,6.25,6.304,45590.14
2025-01-15 04:00:00+00:00,6.305,6.331,6.266,6.284,80893.5
2025-01-15 05:00:00+00:00,6.282,6.33,6.256,6.315,61841.14
2025-01-15 06:00:00+00:00,6.315,6.334,6.285,6.319,69715.64
2025-01-15 07:00:00+00:00,6.318,6.433,6.313,6.389,109701.5
2025-01-15 08:00:00+00:00,6.389,6.467,6.373,6.382,84743.21
2025-01-15 09:00:00+00:00,6.38,6.393,6.237,6.257,113817.98
2025-01-15 10:00:00+00:00,6.257,6.299,6.243,6.259,57855.15
2025-01-15 11:00:00+00:00,6.257,6.257,6.171,6.226,122297.75
2025-01-15 12:00:00+00:00,6.228,6.235,6.152,6.196,75786.94
2025-01-15 13:00:00+00:00,6.196,6.487,6.196,6.486,457940.77
2025-01-15 14:00:00+00:00,6.485,6.559,6.429,6.552,291659.09
2025-01-15 15:00:00+00:00,6.552,6.648,6.514,6.58,336539.87
2025-01-15 16:00:00+00:00,6.583,6.66,6.537,6.542,238441.64
2025-01-15 17:00:00+00:00,6.542,6.574,6.443,6.452,200674.95
2025-01-15 18:00:00+00:00,6.452,6.489,6.442,6.477,240283.65
2025-01-15 19:00:00+00:00,6.476,6.564,6.421,6.531,415429.35
2025-01-15 20:00:00+00:00,6.531,6.572,6.474,6.528,208399.14
2025-01-15 21:00:00+00:00,6.527,6.58,6.521,6.55,89145.37
2025-01-15 22:00:00+00:00,6.55,6.611,6.534,6.606,75525.31
2025-01-15 23:00:00+00:00,6.608,6.689,6.594,6.665,131363.1
2025-01-16 00:00:00+00:00,6.665,6.688,6.513,6.563,173882.92
2025-01-16 01:00:00+00:00,6.565,6.675,6.565,6.653,71314.81
2025-01-16 02:00:00+00:00,6.653,6.674,6.61,6.641,61567.25
2025-01-16 03:00:00+00:00,6.644,6.671,6.583,6.638,83520.29
2025-01-16 04:00:00+00:00,6.641,6.658,6.624,6.656,30125.1
2025-01-16 05:00:00+00:00,6.656,6.661,6.609,6.616,42996.72
2025-01-16 06:00:00+00:00,6.614,6.652,6.593,6.638,48320.9
2025-01-16 07:00:00+00:00,6.64,6.646,6.58,6.586,66172.12
2025-01-16 08:00:00+00:00,6.586,6.601,6.447,6.485,186789.52
2025-01-16 09:00:00+00:00,6.486,6.512,6.451,6.507,114952.87
2025-01-16 10:00:00+00:00,6.509,6.551,6.487,6.541,67117.8
2025-01-16 11:00:00+00:00,6.542,6.613,6.509,6.607,155317.84
2025-01-16 12:00:00+00:00,6.607,6.779,6.57,6.773,301586.73
2025-01-16 13:00:00+00:00,6.774,6.796,6.604,6.611,489800.34
2025-01-16 14:00:00+00:00,6.613,6.649,6.436,6.487,291257.2
2025-01-16 15:00:00+00:00,6.488,6.651,6.47,6.65,175462.44
2025-01-16 16:00:00+00:00,6.648,6.728,6.643,6.679,219798.76
2025-01-16 17:00:00+00:00,6.675,6.75,6.641,6.73,123511.51
2025-01-16 18:00:00+00:00,6.725,6.755,6.662,6.678,95747.21
2025-01-16 19:00:00+00:00,6.679,6.754,6.661,6.75,81016.15
2025-01-16 20:00:00+00:00,6.75,6.761,6.68,6.717,93502.79
2025-01-16 21:00:00+00:00,6.718,6.72,6.623,6.676,78369.62
2025-01-16 22:00:00+00:00,6.683,6.683,6.563,6.587,80732.41
2025-01-16 23:00:00+00:00,6.583,6.61,6.549,6.594,58604.72
2025-01-17 00:00:00+00:00,6.595,6.714,6.595,6.71,77397.19
2025-01-17 01:00:00+00:00,6.708,6.813,6.687,6.801,155368.67
2025-01-17 02:00:00+00:00,6.804,6.831,6.727,6.773,331662.9
2025-01-17 03:00:00+00:00,6.768,6.789,6.743,6.76,76603.07
2025-01-17 04:00:00+00:00,6.761,6.808,6.733,6.802,70712.23
2025-01-17 05:00:00+00:00,6.802,6.919,6.78,6.889,260192.88
2025-01-17 06:00:00+00:00,6.891,6.933,6.87,6.913,101109.07
2025-01-17 07:00:00+00:00,6.914,6.93,6.844,6.854,86320.31
2025-01-17 08:00:00+00:00,6.853,6.89,6.803,6.885,218824.71
2025-01-17 09:00:00+00:00,6.886,6.912,6.853,6.883,137642.15
2025-01-17 10:00:00+00:00,6.882,6.917,6.87,6.909,129354.33
2025-01-17 11:00:00+00:00,6.908,6.978,6.885,6.895,562397.13
2025-01-17 12:00:00+00:00,6.894,6.9,6.795,6.809,546805.94
2025-01-17 13:00:00+00:00,6.811,6.889,6.811,6.848,161601.55
2025-01-17 14:00:00+00:00,6.847,6.912,6.839,6.87,167898.07
2025-01-17 15:00:00+00:00,6.87,6.944,6.827,6.877,171785.56
2025-01-17 16:00:00+00:00,6.879,6.946,6.847,6.924,104926.69
2025-01-17 17:00:00+00:00,6.924,6.941,6.831,6.842,96661.97
2025-01-17 18:00:00+00:00,6.843,6.898,6.836,6.85,72073.19
2025-01-17 19:00:00+00:00,6.858,6.949,6.858,6.927,112979.42
2025-01-17 20:00:00+00:00,6.927,7.05,6.912,7.025,197209.21
2025-01-17 21:00:00+00:00,7.025,7.091,7.022,7.088,194271.56
2025-01-17 22:00:00+00:00,7.088,7.176,7.077,7.092,124665.48
2025-01-17 23:00:00+00:00,7.09,7.104,7.049,7.055,97635.93
2025-01-18 00:00:00+00:00,7.056,7.172,7.056,7.162,120970.39
2025-01-18 01:00:00+00:00,7.161,7.166,7.047,7.057,98291.15
2025-01-18 02:00:00+00:00,7.057,7.092,7.015,7.03,72254.77
2025-01-18 03:00:00+00:00,7.032,7.057,6.856,6.898,252840.32
2025-01-18 04:00:00+00:00,6.896,6.934,6.814,6.853,158024.88
2025-01-18 05:00:00+00:00,6.852,6.874,6.619,6.623,263881.68
2025-01-18 06:00:00+00:00,6.622,6.744,6.62,6.713,157715.5
2025-01-18 07:00:00+00:00,6.711,6.719,6.588,6.612,109749.08
2025-01-18 08:00:00+00:00,6.611,6.662,6.515,6.646,203322.02
2025-01-18 09:00:00+00:00,6.638,6.652,6.574,6.631,70035.1
2025-01-18 10:00:00+00:00,6.627,6.643,6.52,6.594,145107.88
2025-01-18 11:00:00+00:00,6.592,6.701,6.546,6.686,118240.57
2025-01-18 12:00:00+00:00,6.686,6.686,6.587,6.613,80447.06
2025-01-18 13:00:00+00:00,6.616,6.743,6.585,6.743,164517.04
2025-01-18 14:00:00+00:00,6.743,6.747,6.619,6.626,176604.72
2025-01-18 15:00:00+00:00,6.628,6.692,6.581,6.581,159172.79
2025-01-18 16:00:00+00:00,6.584,6.6,6.461,6.469,298511.57
2025-01-18 17:00:00+00:00,6.467,6.539,6.455,6.477,112165.56
2025-01-18 18:00:00+00:00,6.476,6.524,6.45,6.461,126613.91
2025-01-18 19:00:00+00:00,6.459,6.549,6.459,6.549,86978.68
2025-01-18 20:00:00+00:00,6.55,6.556,6.452,6.475,70505.66
2025-01-18 21:00:00+00:00,6.477,6.531,6.471,6.488,68226.01
2025-01-18 22:00:00+00:00,6.488,6.577,6.475,6.537,129556.63
2025-01-18 23:00:00+00:00,6.537,6.631,6.526,6.595,72755.25
2025-01-19 00:00:00+00:00,6.594,6.696,6.569,6.66,118823.81
2025-01-19 01:00:00+00:00,6.665,6.749,6.652,6.727,103330.44
2025-01-19 02:00:00+00:00,6.728,6.772,6.7,6.705,108725.1
2025-01-19 03:00:00+00:00,6.704,6.71,6.604,6.605,127396.58
2025-01-19 04:00:00+00:00,6.606,6.611,6.529,6.539,141618.82
2025-01-19 05:00:00+00:00,6.538,6.558,6.49,6.549,82385.4
2025-01-19 06:00:00+00:00,6.552,6.555,6.485,6.489,57406.73
2025-01-19 07:00:00+00:00,6.49,6.509,6.41,6.432,147257.45
2025-01-19 08:00:00+00:00,6.432,6.433,6.215,6.221,328009.48
2025-01-19 09:00:00+00:00,6.219,6.283,6.099,6.282,497900.74
2025-01-19 10:00:00+00:00,6.283,6.283,6.187,6.214,145363.36
2025-01-19 11:00:00+00:00,6.214,6.226,6.03,6.076,201010.97
2025-01-19 12:00:00+00:00,6.076,6.308,6.064,6.294,329186.74
2025-01-19 13:00:00+00:00,6.296,6.352,6.267,6.35,199660.73
2025-01-19 14:00:00+00:00,6.35,6.48,6.324,6.476,420555.52
2025-01-19 15:00:00+00:00,6.476,6.551,6.437,6.456,286707.05
2025-01-19 16:00:00+00:00,6.456,6.496,6.387,6.415,170490.95
2025-01-19 17:00:00+00:00,6.415,6.507,6.391,6.5,108564.94
2025-01-19 18:00:00+00:00,6.5,6.52,6.437,6.491,96582.3
2025-01-19 19:00:00+00:00,6.491,6.491,6.425,6.465,111274.82
2025-01-19 20:00:00+00:00,6.467,6.495,6.377,6.401,118390.43
2025-01-19 21:00:00+00:00,6.404,6.411,6.07,6.085,654600.07
2025-01-19 22:00:00+00:00,6.082,6.169,5.826,6.021,704917.84
2025-01-19 23:00:00+00:00,6.024,6.024,5.779,5.892,743378.58
2025-01-20 00:00:00+00:00,5.894,5.896,5.689,5.698,805733.77
2025-01-20 01:00:00+00:00,5.699,5.83,5.699,5.782,355303.54
2025-01-20 02:00:00+00:00,5.783,6.011,5.767,5.9,278767.75
2025-01-20 03:00:00+00:00,5.899,6.004,5.867,5.993,123797.53
2025-01-20 04:00:00+00:00,5.993,6.045,5.928,5.976,155938.26
2025-01-20 05:00:00+00:00,5.978,6.053,5.965,6.015,141197.16
2025-01-20 06:00:00+00:00,6.017,6.337,6.016,6.301,490179.59
2025-01-20 07:00:00+00:00,6.299,6.536,6.293,6.37,803626.52
2025-01-20 08:00:00+00:00,6.375,6.467,6.359,6.411,264247.29
2025-01-20 09:00:00+00:00,6.408,6.423,6.296,6.317,219753.46
2025-01-20 10:00:00+00:00,6.319,6.375,6.258,6.289,100292.89
2025-01-20 11:00:00+00:00,6.287,6.347,6.247,6.346,96423.62
2025-01-20 12:00:00+00:00,6.348,6.352,6.095,6.184,351615.33
2025-01-20 13:00:00+00:00,6.19,6.256,6.154,6.227,182242.42
2025-01-20 14:00:00+00:00,6.23,6.297,6.192,6.268,253544.58
2025-01-20 15:00:00+00:00,6.268,6.29,6.12,6.148,224533.13
2025-01-20 16:00:00+00:00,6.152,6.256,6.056,6.25,232739.38
2025-01-20 17:00:00+00:00,6.249,6.251,5.851,6.013,1062164.08
2025-01-20 18:00:00+00:00,6.016,6.157,6.01,6.146,175846.12
2025-01-20 19:00:00+00:00,6.15,6.155,6.08,6.126,109895.39
2025-01-20 20:00:00+00:00,6.125,6.151,6.078,6.126,96937.82
2025-01-20 21:00:00+00:00,6.126,6.151,6.01,6.016,70281.4
2025-01-20 22:00:00+00:00,6.017,6.127,5.96,6.1,110755.72
2025-01-20 23:00:00+00:00,6.102,6.129,6.045,6.072,87552.1
2025-01-21 00:00:00+00:00,6.072,6.095,5.982,5.987,101061.28
2025-01-21 01:00:00+00:00,5.99,6.06,5.938,5.998,120247.05
2025-01-21 02:00:00+00:00,5.998,6.026,5.91,5.993,106335.72
2025-01-21 03:00:00+00:00,5.992,6.032,5.944,5.958,132225.57
2025-01-21 04:00:00+00:00,5.958,5.958,5.84,5.948,88750.21
2025-01-21 05:00:00+00:00,5.948,5.955,5.856,5.87,67709.01
2025-01-21 06:00:00+00:00,5.872,5.935,5.842,5.909,103358.58
2025-01-21 07:00:00+00:00,5.908,6.011,5.889,5.959,83860.27
2025-01-21 08:00:00+00:00,5.959,6.008,5.902,5.953,296581.98
2025-01-21 09:00:00+00:00,5.954,5.984,5.877,5.945,471191.15
2025-01-21 10:00:00+00:00,5.944,6.12,5.943,6.077,365738.72
2025-01-21 11:00:00+00:00,6.076,6.114,6.047,6.097,172502.75
2025-01-21 12:00:00+00:00,6.099,6.2,6.088,6.126,148609.37
2025-01-21 13:00:00+00:00,6.126,6.142,6.078,6.117,168924.43
2025-01-21 14:00:00+00:00,6.119,6.166,6.066,6.086,142380.92
2025-01-21 15:00:00+00:00,6.079,6.138,6.043,6.13,122341.55
2025-01-21 16:00:00+00:00,6.129,6.245,6.107,6.192,186686.29
2025-01-21 17:00:00+00:00,6.191,6.3,6.188,6.291,165234.44
2025-01-21 18:00:00+00:00,6.293,6.355,6.287,6.324,127906.03
2025-01-21 19:00:00+00:00,6.324,6.33,6.241,6.286,91808.29
2025-01-21 20:00:00+00:00,6.287,6.297,6.231,6.279,62782.79
2025-01-21 21:00:00+00:00,6.28,6.295,6.225,6.264,115493.35
2025-01-21 22:00:00+00:00,6.262,6.304,6.236,6.247,102343.72
2025-01-21 23:00:00+00:00,6.251,6.254,6.197,6.24,61757.91
2025-01-22 00:00:00+00:00,6.239,6.272,6.207,6.27,39355.69
2025-01-22 01:00:00+00:00,6.262,6.266,6.183,6.193,41341.19
2025-01-22 02:00:00+00:00,6.192,6.251,6.172,6.237,39572.67
2025-01-22 03:00:00+00:00,6.238,6.265,6.219,6.229,86217.85
2025-01-22 04:00:00+00:00,6.23,6.24,6.181,6.207,33661.45
2025-01-22 05:00:00+00:00,6.205,6.259,6.201,6.201,44723.92
2025-01-22 06:00:00+00:00,6.201,6.227,6.184,6.216,41022.17
2025-01-22 07:00:00+00:00,6.218,6.224,6.157,6.163,45151.48
2025-01-22 08:00:00+00:00,6.163,6.188,6.106,6.188,169947.67
2025-01-22 09:00:00+00:00,6.188,6.265,6.172,6.248,199034.69
2025-01-22 10:00:00+00:00,6.249,6.33,6.211,6.285,293498.9
2025-01-22 11:00:00+00:00,6.285,6.331,6.249,6.3,780174.52
2025-01-22 12:00:00+00:00,6.3,6.332,6.267,6.274,86063.82
2025-01-22 13:00:00+00:00,6.273,6.273,6.194,6.209,124913.07
2025-01-22 14:00:00+00:00,6.208,6.252,6.17,6.212,237726.53
2025-01-22 15:00:00+00:00,6.21,6.274,6.174,6.21,106634.26
2025-01-22 16:00:00+00:00,6.211,6.284,6.171,6.26,147076.33
2025-01-22 17:00:00+00:00,6.262,6.285,6.24,6.275,106392.95
2025-01-22 18:00:00+00:00,6.276,6.298,6.15,6.169,108020.68
2025-01-22 19:00:00+00:00,6.169,6.273,6.165,6.226,90198.44
2025-01-22 20:00:00+00:00,6.229,6.29,6.228,6.272,85773.2
2025-01-22 21:00:00+00:00,6.272,6.285,6.194,6.231,80924.28
2025-01-22 22:00:00+00:00,6.229,6.274,6.183,6.185,75692.75
2025-01-22 23:00:00+00:00,6.184,6.22,6.157,6.201,59921.94
2025-01-23 00:00:00+00:00,6.201,6.222,6.162,6.181,68315.78
2025-01-23 01:00:00+00:00,6.179,6.186,6.09,6.096,76885.23
2025-01-23 02:00:00+00:00,6.098,6.109,6.052,6.099,61765.69
2025-01-23 03:00:00+00:00,6.099,6.143,6.056,6.066,178517.25
2025-01-23 04:00:00+00:00,6.066,6.073,5.973,5.99,124052.94
2025-01-23 05:00:00+00:00,5.989,6.039,5.987,5.993,78814.14
2025-01-23 06:00:00+00:00,5.993,6.008,5.952,5.973,443173.81
2025-01-23 07:00:00+00:00,5.975,6.0,5.938,5.987,109592.45
2025-01-23 08:00:00+00:00,5.985,6.004,5.937,5.941,85735.05
2025-01-23 09:00:00+00:00,5.941,5.983,5.902,5.92,558350.74
2025-01-23 10:00:00+00:00,5.92,5.952,5.882,5.908,334927.84
2025-01-23 11:00:00+00:00,5.909,5.943,5.884,5.925,81499.49
2025-01-23 12:00:00+00:00,5.926,5.929,5.866,5.886,74855.31
2025-01-23 13:00:00+00:00,5.887,5.986,5.859,5.969,107518.49
2025-01-23 14:00:00+00:00,5.967,6.095,5.924,6.057,178903.12
2025-01-23 15:00:00+00:00,6.058,6.095,5.975,6.067,261133.97
2025-01-23 16:00:00+00:00,6.069,6.175,6.065,6.087,144494.64
2025-01-23 17:00:00+00:00,6.087,6.111,6.021,6.096,87340.24
2025-01-23 18:00:00+00:00,6.098,6.12,6.006,6.008,58250.51
2025-01-23 19:00:00+00:00,6.009,6.011,5.93,5.954,86140.75
2025-01-23 20:00:00+00:00,5.952,6.117,5.931,6.019,444117.86
2025-01-23 21:00:00+00:00,6.019,6.032,5.905,5.952,104160.28
2025-01-23 22:00:00+00:00,5.952,6.157,5.938,6.149,407232.74
2025-01-23 23:00:00+00:00,6.15,6.16,6.109,6.122,55253.85
2025-01-24 00:00:00+00:00,6.12,6.15,6.021,6.027,61782.38
2025-01-24 01:00:00+00:00,6.025,6.078,6.0,6.024,68272.15
2025-01-24 02:00:00+00:00,6.023,6.032,5.955,5.963,46719.73
2025-01-24 03:00:00+00:00,5.964,6.061,5.956,6.044,111801.71
2025-01-24 04:00:00+00:00,6.042,6.126,6.01,6.113,96667.12
2025-01-24 05:00:00+00:00,6.112,6.244,6.099,6.238,121451.42
2025-01-24 06:00:00+00:00,6.242,6.256,6.157,6.177,78680.05
2025-01-24 07:00:00+00:00,6.176,6.185,6.114,6.147,70612.7
2025-01-24 08:00:00+00:00,6.149,6.233,6.125,6.225,85105.25
2025-01-24 09:00:00+00:00,6.225,6.243,6.185,6.219,73465.75
2025-01-24 10:00:00+00:00,6.216,6.282,6.197,6.277,110317.91
2025-01-24 11:00:00+00:00,6.277,6.277,6.236,6.247,57734.01
2025-01-24 12:00:00+00:00,6.249,6.28,6.221,6.279,81597.78
2025-01-24 13:00:00+00:00,6.28,6.336,6.261,6.328,157816.12
2025-01-24 14:00:00+00:00,6.329,6.414,6.318,6.371,416916.96
2025-01-24 15:00:00+00:00,6.371,6.398,6.308,6.391,175695.15
2025-01-24 16:00:00+00:00,6.39,6.416,6.339,6.34,115115.66
2025-01-24 17:00:00+00:00,6.341,6.414,6.319,6.39,109120.02
2025-01-24 18:00:00+00:00,6.389,6.412,6.311,6.322,133085.56
2025-01-24 19:00:00+00:00,6.318,6.336,6.259,6.295,84768.56
2025-01-24 20:00:00+00:00,6.295,6.315,6.211,6.23,83778.97
2025-01-24 21:00:00+00:00,6.233,6.287,6.215,6.26,68613.74
2025-01-24 22:00:00+00:00,6.258,6.3,6.227,6.229,142008.66
2025-01-24 23:00:00+00:00,6.23,6.232,6.183,6.215,76290.17
2025-01-25 00:00:00+00:00,6.214,6.224,6.148,6.148,80330.19
2025-01-25 01:00:00+00:00,6.147,6.254,6.129,6.225,87416.09
2025-01-25 02:00:00+00:00,6.225,6.269,6.21,6.222,143676.27
2025-01-25 03:00:00+00:00,6.221,6.289,6.174,6.288,381199.48
2025-01-25 04:00:00+00:00,6.288,6.294,6.247,6.255,85301.65
2025-01-25 05:00:00+00:00,6.255,6.283,6.232,6.242,40929.4
2025-01-25 06:00:00+00:00,6.24,6.255,6.183,6.201,53583.51
2025-01-25 07:00:00+00:00,6.198,6.218,6.166,6.209,70987.96
2025-01-25 08:00:00+00:00,6.209,6.268,6.175,6.258,438187.29
2025-01-25 09:00:00+00:00,6.258,6.272,6.202,6.202,54439.29
2025-01-25 10:00:00+00:00,6.201,6.208,6.172,6.202,65230.51
2025-01-25 11:00:00+00:00,6.202,6.25,6.191,6.206,157646.32
2025-01-25 12:00:00+00:00,6.208,6.211,6.181,6.211,59613.82
2025-01-25 13:00:00+00:00,6.213,6.221,6.17,6.185,82790.79
2025-01-25 14:00:00+00:00,6.185,6.194,6.14,6.186,96568.78
2025-01-25 15:00:00+00:00,6.186,6.245,6.186,6.233,85642.04
2025-01-25 16:00:00+00:00,6.234,6.268,6.202,6.22,76982.38
2025-01-25 17:00:00+00:00,6.221,6.234,6.177,6.232,60211.16
2025-01-25 18:00:00+00:00,6.232,6.243,6.212,6.229,40009.24
2025-01-25 19:00:00+00:00,6.23,6.243,6.218,6.23,40494.51
2025-01-25 20:00:00+00:00,6.234,6.261,6.222,6.224,25445.53
2025-01-25 21:00:00+00:00,6.225,6.228,6.197,6.224,55806.31
2025-01-25 22:00:00+00:00,6.229,6.259,6.217,6.233,27912.41
2025-01-25 23:00:00+00:00,6.231,6.236,6.186,6.194,42758.62
2025-01-26 00:00:00+00:00,6.195,6.223,6.186,6.196,50558.42
2025-01-26 01:00:00+00:00,6.196,6.21,6.131,6.151,408983.91
2025-01-26 02:00:00+00:00,6.148,6.148,6.087,6.105,59078.75
2025-01-26 03:00:00+00:00,6.108,6.169,6.096,6.135,61814.91
2025-01-26 04:00:00+00:00,6.135,6.205,6.133,6.179,36124.4
2025-01-26 05:00:00+00:00,6.18,6.184,6.144,6.156,40415.47
2025-01-26 06:00:00+00:00,6.156,6.174,6.137,6.155,34182.22
2025-01-26 07:00:00+00:00,6.156,6.181,6.141,6.177,51509.91
2025-01-26 08:00:00+00:00,6.177,6.211,6.14,6.168,58495.42
2025-01-26 09:00:00+00:00,6.167,6.171,6.09,6.108,76557.05
2025-01-26 10:00:00+00:00,6.102,6.124,6.093,6.118,30519.84
2025-01-26 11:00:00+00:00,6.118,6.197,6.109,6.179,286844.29
2025-01-26 12:00:00+00:00,6.178,6.187,6.151,6.183,35081.38
2025-01-26 13:00:00+00:00,6.184,6.2,6.174,6.174,36025.18
2025-01-26 14:00:00+00:00,6.173,6.2,6.15,6.197,35817.21
2025-01-26 15:00:00+00:00,6.197,6.235,6.189,6.223,186369.11
2025-01-26 16:00:00+00:00,6.222,6.269,6.188,6.259,139440.84
2025-01-26 17:00:00+00:00,6.26,6.314,6.244,6.303,134150.68
2025-01-26 18:00:00+00:00,6.304,6.401,6.293,6.388,149450.72
2025-01-26 19:00:00+00:00,6.389,6.418,6.368,6.374,190453.54
2025-01-26 20:00:00+00:00,6.373,6.387,6.308,6.321,239431.83
2025-01-26 21:00:00+00:00,6.322,6.358,6.295,6.329,193701.53
2025-01-26 22:00:00+00:00,6.327,6.378,6.219,6.24,380061.55
2025-01-26 23:00:00+00:00,6.237,6.239,6.085,6.098,377611.56
2025-01-27 00:00:00+00:00,6.095,6.127,5.992,6.004,306951.55
2025-01-27 01:00:00+00:00,6.004,6.027,5.939,5.953,219229.48
2025-01-27 02:00:00+00:00,5.949,5.951,5.853,5.893,413919.7
2025-01-27 03:00:00+00:00,5.894,5.985,5.868,5.97,96799.71
2025-01-27 04:00:00+00:00,5.969,5.969,5.852,5.855,87659.21
2025-01-27 05:00:00+00:00,5.855,5.873,5.768,5.82,141863.04
2025-01-27 06:00:00+00:00,5.818,5.845,5.705,5.73,184220.81
2025-01-27 07:00:00+00:00,5.729,5.756,5.53,5.676,553048.61
2025-01-27 08:00:00+00:00,5.675,5.679,5.545,5.619,165211.96
2025-01-27 09:00:00+00:00,5.619,5.692,5.597,5.662,166692.76
2025-01-27 10:00:00+00:00,5.654,5.661,5.548,5.561,236534.92
2025-01-27 11:00:00+00:00,5.558,5.665,5.558,5.605,112228.78
2025-01-27 12:00:00+00:00,5.605,5.777,5.583,5.746,224925.13
2025-01-27 13:00:00+00:00,5.752,5.837,5.713,5.737,245798.58
2025-01-27 14:00:00+00:00,5.736,5.84,5.71,5.826,215734.98
2025-01-27 15:00:00+00:00,5.825,5.887,5.793,5.84,134103.91
2025-01-27 16:00:00+00:00,5.839,5.88,5.743,5.762,184572.0
2025-01-27 17:00:00+00:00,5.762,5.79,5.714,5.737,174534.54
2025-01-27 18:00:00+00:00,5.735,5.781,5.675,5.694,98537.18
2025-01-27 19:00:00+00:00,5.697,5.778,5.696,5.753,91062.71
2025-01-27 20:00:00+00:00,5.756,5.959,5.755,5.945,150553.52
2025-01-27 21:00:00+00:00,5.943,6.02,5.914,5.936,176201.63
2025-01-27 22:00:00+00:00,5.94,5.994,5.922,5.965,80231.69
2025-01-27 23:00:00+00:00,5.966,5.995,5.955,5.994,47798.15
2025-01-28 00:00:00+00:00,5.995,6.039,5.94,5.944,116986.84
2025-01-28 01:00:00+00:00,5.945,5.947,5.881,5.922,72319.11
2025-01-28 02:00:00+00:00,5.921,5.978,5.915,5.969,40787.83
2025-01-28 03:00:00+00:00,5.97,6.019,5.936,6.011,67499.47
2025-01-28 04:00:00+00:00,6.011,6.054,6.001,6.048,63424.75
2025-01-28 05:00:00+00:00,6.049,6.067,6.028,6.035,46331.27
2025-01-28 06:00:00+00:00,6.036,6.045,5.996,6.0,99243.47
2025-01-28 07:00:00+00:00,5.999,6.039,5.983,5.994,43919.01
2025-01-28 08:00:00+00:00,5.993,6.001,5.939,5.944,43365.69
2025-01-28 09:00:00+00:00,5.943,5.949,5.858,5.877,123341.22
2025-01-28 10:00:00+00:00,5.878,5.974,5.877,5.9,197750.41
2025-01-28 11:00:00+00:00,5.901,5.953,5.889,5.892,49503.6
2025-01-28 12:00:00+00:00,5.892,5.922,5.831,5.842,54664.46
2025-01-28 13:00:00+00:00,5.843,5.88,5.828,5.841,116195.13
2025-01-28 14:00:00+00:00,5.842,5.881,5.797,5.851,121382.65
2025-01-28 15:00:00+00:00,5.851,5.945,5.851,5.903,135460.97
2025-01-28 16:00:00+00:00,5.904,5.908,5.811,5.84,128255.29
2025-01-28 17:00:00+00:00,5.84,5.894,5.827,5.844,70270.43
2025-01-28 18:00:00+00:00,5.841,5.877,5.809,5.833,86965.67
2025-01-28 19:00:00+00:00,5.832,5.864,5.814,5.86,60134.64
2025-01-28 20:00:00+00:00,5.86,5.876,5.752,5.765,133677.47
2025-01-28 21:00:00+00:00,5.762,5.799,5.651,5.655,110648.43
2025-01-28 22:00:00+00:00,5.654,5.712,5.611,5.703,142197.08
2025-01-28 23:00:00+00:00,5.702,5.716,5.623,5.668,53670.89
2025-01-29 00:00:00+00:00,5.665,5.726,5.653,5.702,53032.12
2025-01-29 01:00:00+00:00,5.705,5.763,5.691,5.761,46968.55
2025-01-29 02:00:00+00:00,5.761,5.827,5.751,5.753,64676.22
2025-01-29 03:00:00+00:00,5.753,5.799,5.741,5.794,39394.7
2025-01-29 04:00:00+00:00,5.793,5.822,5.783,5.805,28825.74
2025-01-29 05:00:00+00:00,5.802,5.835,5.791,5.834,42249.37
2025-01-29 06:00:00+00:00,5.835,5.92,5.832,5.919,77837.19
2025-01-29 07:00:00+00:00,5.919,5.942,5.869,5.923,83151.47
2025-01-29 08:00:00+00:00,5.923,5.931,5.874,5.887,105697.11
2025-01-29 09:00:00+00:00,5.887,5.887,5.825,5.841,72443.16
2025-01-29 10:00:00+00:00,5.841,5.904,5.805,5.875,126424.88
2025-01-29 11:00:00+00:00,5.877,5.888,5.852,5.871,31742.21
2025-01-29 12:00:00+00:00,5.87,5.894,5.831,5.847,121155.61
2025-01-29 13:00:00+00:00,5.846,5.856,5.735,5.757,385074.66
2025-01-29 14:00:00+00:00,5.759,5.801,5.734,5.767,82076.37
2025-01-29 15:00:00+00:00,5.77,5.819,5.759,5.779,96905.52
2025-01-29 16:00:00+00:00,5.777,5.783,5.732,5.75,58498.33
2025-01-29 17:00:00+00:00,5.751,5.834,5.751,5.784,90344.76
2025-01-29 18:00:00+00:00,5.784,5.858,5.742,5.833,105140.22
2025-01-29 19:00:00+00:00,5.832,5.931,5.667,5.854,534738.14
2025-01-29 20:00:00+00:00,5.853,5.981,5.792,5.923,245538.05
2025-01-29 21:00:00+00:00,5.922,5.977,5.872,5.925,97193.63
2025-01-29 22:00:00+00:00,5.924,5.952,5.879,5.887,52410.56
2025-01-29 23:00:00+00:00,5.886,5.918,5.819,5.823,64231.83
2025-01-30 00:00:00+00:00,5.822,5.867,5.77,5.857,113855.87
2025-01-30 01:00:00+00:00,5.858,5.954,5.844,5.907,148969.61
2025-01-30 02:00:00+00:00,5.907,5.939,5.879,5.938,38649.61
2025-01-30 03:00:00+00:00,5.938,6.012,5.926,6.012,48299.49
2025-01-30 04:00:00+00:00,6.012,6.063,5.981,6.054,80778.45
2025-01-30 05:00:00+00:00,6.056,6.066,6.012,6.049,44862.78
2025-01-30 06:00:00+00:00,6.05,6.078,6.03,6.039,72239.15
2025-01-30 07:00:00+00:00,6.04,6.053,6.003,6.023,48474.91
2025-01-30 08:00:00+00:00,6.023,6.043,5.985,6.029,54791.13
2025-01-30 09:00:00+00:00,6.03,6.116,6.021,6.098,106416.08
2025-01-30 10:00:00+00:00,6.096,6.106,6.056,6.103,154858.47
2025-01-30 11:00:00+00:00,6.101,6.104,6.064,6.085,26279.04
2025-01-30 12:00:00+00:00,6.084,6.084,6.027,6.06,62896.08
2025-01-30 13:00:00+00:00,6.058,6.13,6.038,6.114,116119.75
2025-01-30 14:00:00+00:00,6.112,6.191,6.104,6.173,178681.83
2025-01-30 15:00:00+00:00,6.174,6.225,6.165,6.189,161360.97
2025-01-30 16:00:00+00:00,6.19,6.225,6.159,6.182,129351.3
2025-01-30 17:00:00+00:00,6.181,6.187,6.142,6.166,115682.43
2025-01-30 18:00:00+00:00,6.166,6.176,6.118,6.151,66377.1
2025-01-30 19:00:00+00:00,6.151,6.188,6.137,6.188,74139.8
2025-01-30 20:00:00+00:00,6.187,6.217,6.164,6.171,104306.46
2025-01-30 21:00:00+00:00,6.17,6.211,6.17,6.198,52864.93
2025-01-30 22:00:00+00:00,6.198,6.246,6.179,6.225,72675.32
2025-01-30 23:00:00+00:00,6.226,6.275,6.212,6.213,104497.26
2025-01-31 00:00:00+00:00,6.213,6.245,6.181,6.232,75169.59
2025-01-31 01:00:00+00:00,6.231,6.238,6.204,6.218,54930.94
2025-01-31 02:00:00+00:00,6.22,6.229,6.15,6.153,115085.08
2025-01-31 03:00:00+00:00,6.153,6.172,6.121,6.166,61209.38
2025-01-31 04:00:00+00:00,6.165,6.166,6.117,6.121,30494.89
2025-01-31 05:00:00+00:00,6.122,6.183,6.12,6.18,33182.23
2025-01-31 06:00:00+00:00,6.179,6.276,6.173,6.276,86564.41
2025-01-31 07:00:00+00:00,6.276,6.325,6.234,6.241,114852.54
2025-01-31 08:00:00+00:00,6.239,6.258,6.134,6.157,223202.99
2025-01-31 09:00:00+00:00,6.156,6.239,6.15,6.216,61554.55
2025-01-31 10:00:00+00:00,6.215,6.235,6.163,6.216,79675.86
2025-01-31 11:00:00+00:00,6.215,6.314,6.215,6.284,172376.21
2025-01-31 12:00:00+00:00,6.284,6.313,6.273,6.29,80382.77
2025-01-31 13:00:00+00:00,6.291,6.334,6.27,6.287,98444.43
2025-01-31 14:00:00+00:00,6.282,6.341,6.265,6.321,93772.06
2025-01-31 15:00:00+00:00,6.323,6.415,6.317,6.403,130939.93
2025-01-31 16:00:00+00:00,6.403,6.416,6.356,6.37,137574.86
2025-01-31 17:00:00+00:00,6.371,6.374,6.28,6.294,88518.63
2025-01-31 18:00:00+00:00,6.295,6.339,6.197,6.22,267576.66
2025-01-31 19:00:00+00:00,6.222,6.282,6.211,6.229,94646.63
2025-01-31 20:00:00+00:00,6.228,6.239,6.165,6.214,171448.14
2025-01-31 21:00:00+00:00,6.212,6.238,6.145,6.238,130541.7
2025-01-31 22:00:00+00:00,6.237,6.294,6.217,6.255,80897.34
2025-01-31 23:00:00+00:00,6.254,6.261,6.214,6.242,23453.37
2025-02-01 00:00:00+00:00,6.242,6.283,6.195,6.278,50824.24
2025-02-01 01:00:00+00:00,6.279,6.295,6.245,6.245,35828.13
2025-02-01 02:00:00+00:00,6.245,6.313,6.241,6.312,64110.26
2025-02-01 03:00:00+00:00,6.312,6.315,6.244,6.263,42642.51
2025-02-01 04:00:00+00:00,6.268,6.31,6.253,6.31,52427.61
2025-02-01 05:00:00+00:00,6.31,6.416,6.309,6.394,408772.98
2025-02-01 06:00:00+00:00,6.396,6.41,6.316,6.358,60835.46
2025-02-01 07:00:00+00:00,6.358,6.375,6.306,6.313,46030.68
2025-02-01 08:00:00+00:00,6.314,6.337,6.256,6.301,87054.65
2025-02-01 09:00:00+00:00,6.298,6.306,6.179,6.192,89181.87
2025-02-01 10:00:00+00:00,6.193,6.25,6.182,6.188,84188.7
2025-02-01 11:00:00+00:00,6.187,6.246,6.166,6.245,63401.93
2025-02-01 12:00:00+00:00,6.245,6.289,6.204,6.254,68579.26
2025-02-01 13:00:00+00:00,6.253,6.254,6.119,6.122,76982.05
2025-02-01 14:00:00+00:00,6.123,6.179,6.119,6.125,58266.79
2025-02-01 15:00:00+00:00,6.125,6.152,6.078,6.139,89832.09
2025-02-01 16:00:00+00:00,6.137,6.175,6.1,6.101,76837.34
2025-02-01 17:00:00+00:00,6.101,6.159,6.094,6.141,51915.51
2025-02-01 18:00:00+00:00,6.142,6.149,6.047,6.057,84929.02
2025-02-01 19:00:00+00:00,6.059,6.065,5.972,5.988,118972.18
2025-02-01 20:00:00+00:00,5.988,5.989,5.9,5.939,127017.67
2025-02-01 21:00:00+00:00,5.933,5.99,5.901,5.907,64727.14
2025-02-01 22:00:00+00:00,5.906,5.932,5.826,5.869,109527.6
2025-02-01 23:00:00+00:00,5.857,5.874,5.793,5.818,95352.17
2025-02-02 00:00:00+00:00,5.817,5.937,5.802,5.903,107784.59
2025-02-02 01:00:00+00:00,5.903,5.925,5.882,5.894,96563.73
2025-02-02 02:00:00+00:00,5.896,5.896,5.74,5.742,139410.9
2025-02-02 03:00:00+00:00,5.743,5.773,5.62,5.625,203436.98
2025-02-02 04:00:00+00:00,5.626,5.691,5.612,5.623,143260.77
2025-02-02 05:00:00+00:00,5.625,5.781,5.612,5.741,346503.15
2025-02-02 06:00:00+00:00,5.741,5.769,5.65,5.68,279360.08
2025-02-02 07:00:00+00:00,5.681,5.69,5.64,5.67,85861.38
2025-02-02 08:00:00+00:00,5.67,5.757,5.645,5.721,106550.21
2025-02-02 09:00:00+00:00,5.72,5.72,5.672,5.697,64121.99
2025-02-02 10:00:00+00:00,5.696,5.696,5.631,5.659,76489.65
2025-02-02 11:00:00+00:00,5.658,5.676,5.537,5.557,183911.8
2025-02-02 12:00:00+00:00,5.555,5.607,5.521,5.521,123222.82
2025-02-02 13:00:00+00:00,5.525,5.631,5.523,5.63,90356.48
2025-02-02 14:00:00+00:00,5.631,5.64,5.582,5.587,101440.26
2025-02-02 15:00:00+00:00,5.584,5.594,5.5,5.58,177958.86
2025-02-02 16:00:00+00:00,5.58,5.58,5.365,5.397,415648.45
2025-02-02 17:00:00+00:00,5.4,5.437,5.145,5.182,659197.42
2025-02-02 18:00:00+00:00,5.184,5.226,5.026,5.05,681367.26
2025-02-02 19:00:00+00:00,5.05,5.222,5.0,5.149,499511.73
2025-02-02 20:00:00+00:00,5.151,5.208,5.081,5.084,303327.9
2025-02-02 21:00:00+00:00,5.085,5.1,4.97,4.996,278551.96
2025-02-02 22:00:00+00:00,4.995,5.08,4.644,4.91,622825.98
2025-02-02 23:00:00+00:00,4.906,4.906,4.711,4.882,810714.66
2025-02-03 00:00:00+00:00,4.882,4.884,4.416,4.667,1728346.81
2025-02-03 01:00:00+00:00,4.668,4.692,3.91,4.116,2009081.68
2025-02-03 02:00:00+00:00,4.116,4.16,3.65,3.966,2770579.68
2025-02-03 03:00:00+00:00,3.97,4.154,3.961,4.097,949085.19
2025-02-03 04:00:00+00:00,4.099,4.143,3.932,3.935,613787.74
2025-02-03 05:00:00+00:00,3.935,4.187,3.932,4.183,603837.0
2025-02-03 06:00:00+00:00,4.183,4.267,4.114,4.263,520464.43
2025-02-03 07:00:00+00:00,4.26,4.391,4.235,4.384,444864.44
2025-02-03 08:00:00+00:00,4.384,4.385,4.195,4.259,391720.94
2025-02-03 09:00:00+00:00,4.259,4.351,4.243,4.26,353482.01
2025-02-03 10:00:00+00:00,4.26,4.406,4.246,4.404,355625.73
2025-02-03 11:00:00+00:00,4.405,4.416,4.32,4.336,295534.72
2025-02-03 12:00:00+00:00,4.338,4.424,4.307,4.314,338025.82
2025-02-03 13:00:00+00:00,4.317,4.357,4.241,4.289,323750.11
2025-02-03 14:00:00+00:00,4.291,4.422,4.165,4.397,1704444.62
2025-02-03 15:00:00+00:00,4.395,4.604,4.349,4.579,860442.22
2025-02-03 16:00:00+00:00,4.578,4.727,4.556,4.677,499246.28
2025-02-03 17:00:00+00:00,4.678,4.767,4.643,4.748,376902.61
2025-02-03 18:00:00+00:00,4.744,4.753,4.665,4.747,298990.52
2025-02-03 19:00:00+00:00,4.748,4.882,4.729,4.874,245024.47
2025-02-03 20:00:00+00:00,4.87,4.87,4.725,4.761,218607.49
2025-02-03 21:00:00+00:00,4.76,4.893,4.758,4.891,251255.65
2025-02-03 22:00:00+00:00,4.892,4.969,4.871,4.954,234468.82
2025-02-03 23:00:00+00:00,4.955,4.961,4.89,4.927,166873.96
2025-02-04 00:00:00+00:00,4.926,4.978,4.842,4.844,238539.58
2025-02-04 01:00:00+00:00,4.844,4.91,4.84,4.867,139235.61
2025-02-04 02:00:00+00:00,4.867,4.877,4.769,4.774,96285.45
2025-02-04 03:00:00+00:00,4.776,4.789,4.721,4.743,138462.43
2025-02-04 04:00:00+00:00,4.743,4.787,4.692,4.703,246076.1
2025-02-04 05:00:00+00:00,4.703,4.708,4.46,4.477,670398.96
2025-02-04 06:00:00+00:00,4.478,4.575,4.478,4.573,206373.94
2025-02-04 07:00:00+00:00,4.572,4.573,4.403,4.423,182655.21
2025-02-04 08:00:00+00:00,4.423,4.489,4.404,4.45,209916.99
2025-02-04 09:00:00+00:00,4.449,4.521,4.449,4.464,206766.18
2025-02-04 10:00:00+00:00,4.464,4.575,4.462,4.552,199534.83
2025-02-04 11:00:00+00:00,4.551,4.64,4.545,4.592,166922.13
2025-02-04 12:00:00+00:00,4.594,4.716,4.592,4.679,235161.95
2025-02-04 13:00:00+00:00,4.678,4.734,4.653,4.662,203644.47
2025-02-04 14:00:00+00:00,4.662,4.764,4.626,4.723,426126.1
2025-02-04 15:00:00+00:00,4.724,4.748,4.592,4.66,462091.58
2025-02-04 16:00:00+00:00,4.662,4.727,4.633,4.68,221967.24
2025-02-04 17:00:00+00:00,4.681,4.757,4.66,4.715,170616.4
2025-02-04 18:00:00+00:00,4.715,4.789,4.693,4.767,163245.82
2025-02-04 19:00:00+00:00,4.766,4.863,4.691,4.693,405688.83
2025-02-04 20:00:00+00:00,4.693,4.744,4.632,4.652,428362.72
2025-02-04 21:00:00+00:00,4.653,4.653,4.525,4.534,379903.8
2025-02-04 22:00:00+00:00,4.534,4.689,4.529,4.668,266238.6
2025-02-04 23:00:00+00:00,4.666,4.752,4.646,4.69,239221.47
2025-02-05 00:00:00+00:00,4.69,4.702,4.645,4.67,131263.63
2025-02-05 01:00:00+00:00,4.669,4.733,4.66,4.663,146915.04
2025-02-05 02:00:00+00:00,4.664,4.766,4.634,4.747,167753.5
2025-02-05 03:00:00+00:00,4.746,4.756,4.703,4.726,66036.2
2025-02-05 04:00:00+00:00,4.726,4.738,4.669,4.68,390186.37
2025-02-05 05:00:00+00:00,4.681,4.753,4.643,4.737,136322.51
2025-02-05 06:00:00+00:00,4.734,4.755,4.67,4.679,127247.51
2025-02-05 07:00:00+00:00,4.679,4.723,4.65,4.705,134166.51
2025-02-05 08:00:00+00:00,4.704,4.73,4.663,4.696,65558.02
2025-02-05 09:00:00+00:00,4.696,4.732,4.667,4.692,109469.18
2025-02-05 10:00:00+00:00,4.691,4.726,4.688,4.699,91687.72
2025-02-05 11:00:00+00:00,4.699,4.801,4.699,4.782,320602.8
2025-02-05 12:00:00+00:00,4.78,4.823,4.745,4.756,123924.08
2025-02-05 13:00:00+00:00,4.756,4.826,4.747,4.813,90513.6
2025-02-05 14:00:00+00:00,4.812,4.844,4.765,4.776,182251.74
2025-02-05 15:00:00+00:00,4.777,4.84,4.72,4.816,313832.66
2025-02-05 16:00:00+00:00,4.814,4.829,4.701,4.766,304434.52
2025-02-05 17:00:00+00:00,4.767,4.793,4.645,4.672,178105.01
2025-02-05 18:00:00+00:00,4.673,4.739,4.66,4.686,121709.15
2025-02-05 19:00:00+00:00,4.686,4.811,4.672,4.804,119600.98
2025-02-05 20:00:00+00:00,4.805,4.838,4.704,4.761,194649.81
2025-02-05 21:00:00+00:00,4.762,4.784,4.711,4.723,90738.82
2025-02-05 22:00:00+00:00,4.722,4.738,4.63,4.657,122917.91
2025-02-05 23:00:00+00:00,4.656,4.697,4.643,4.676,68443.61
2025-02-06 00:00:00+00:00,4.676,4.717,4.655,4.658,113045.16
2025-02-06 01:00:00+00:00,4.659,4.709,4.638,4.664,85805.13
2025-02-06 02:00:00+00:00,4.663,4.728,4.658,4.666,58442.53
2025-02-06 03:00:00+00:00,4.666,4.692,4.645,4.673,57638.08
2025-02-06 04:00:00+00:00,4.673,4.702,4.658,4.675,53797.8
2025-02-06 05:00:00+00:00,4.673,4.684,4.645,4.662,82292.13
2025-02-06 06:00:00+00:00,4.662,4.719,4.632,4.714,77806.99
2025-02-06 07:00:00+00:00,4.715,4.717,4.665,4.676,69117.49
2025-02-06 08:00:00+00:00,4.677,4.692,4.601,4.648,743550.57
2025-02-06 09:00:00+00:00,4.649,4.73,4.629,4.698,979940.03
2025-02-06 10:00:00+00:00,4.698,4.735,4.668,4.691,143890.98
2025-02-06 11:00:00+00:00,4.691,4.702,4.632,4.667,90900.11
2025-02-06 12:00:00+00:00,4.668,4.673,4.564,4.594,127187.56
2025-02-06 13:00:00+00:00,4.595,4.66,4.589,4.634,179219.06
2025-02-06 14:00:00+00:00,4.634,4.645,4.504,4.527,200963.01
2025-02-06 15:00:00+00:00,4.527,4.549,4.397,4.444,375957.0
2025-02-06 16:00:00+00:00,4.445,4.48,4.407,4.43,204366.61
2025-02-06 17:00:00+00:00,4.431,4.499,4.408,4.44,121770.18
2025-02-06 18:00:00+00:00,4.442,4.47,4.401,4.412,136630.3
2025-02-06 19:00:00+00:00,4.412,4.466,4.38,4.397,206646.1
2025-02-06 20:00:00+00:00,4.397,4.481,4.388,4.475,190263.33
2025-02-06 21:00:00+00:00,4.476,4.478,4.382,4.426,117361.0
2025-02-06 22:00:00+00:00,4.427,4.462,4.358,4.445,109800.64
2025-02-06 23:00:00+00:00,4.445,4.455,4.361,4.408,54933.19
2025-02-07 00:00:00+00:00,4.408,4.477,4.405,4.434,93014.3
2025-02-07 01:00:00+00:00,4.435,4.536,4.429,4.503,100226.39
2025-02-07 02:00:00+00:00,4.502,4.529,4.491,4.511,96318.99
2025-02-07 03:00:00+00:00,4.511,4.523,4.458,4.487,81083.02
2025-02-07 04:00:00+00:00,4.489,4.548,4.487,4.504,124885.58
2025-02-07 05:00:00+00:00,4.503,4.524,4.476,4.492,51974.65
2025-02-07 06:00:00+00:00,4.493,4.495,4.37,4.41,127806.65
2025-02-07 07:00:00+00:00,4.41,4.472,4.387,4.432,497399.58
2025-02-07 08:00:00+00:00,4.433,4.509,4.415,4.467,132118.4
2025-02-07 09:00:00+00:00,4.468,4.526,4.458,4.525,123242.97
2025-02-07 10:00:00+00:00,4.524,4.554,4.503,4.51,113529.66
2025-02-07 11:00:00+00:00,4.51,4.55,4.509,4.547,98661.58
2025-02-07 12:00:00+00:00,4.546,4.604,4.493,4.538,994140.22
2025-02-07 13:00:00+00:00,4.539,4.631,4.506,4.623,563982.24
2025-02-07 14:00:00+00:00,4.62,4.675,4.596,4.659,317775.75
2025-02-07 15:00:00+00:00,4.659,4.659,4.537,4.583,304568.23
2025-02-07 16:00:00+00:00,4.585,4.59,4.506,4.51,234493.28
2025-02-07 17:00:00+00:00,4.509,4.52,4.406,4.441,468679.0
2025-02-07 18:00:00+00:00,4.441,4.548,4.433,4.496,188786.79
2025-02-07 19:00:00+00:00,4.496,4.499,4.442,4.448,147812.36
2025-02-07 20:00:00+00:00,4.449,4.45,4.299,4.313,218018.44
2025-02-07 21:00:00+00:00,4.314,4.36,4.302,4.316,114503.53
2025-02-07 22:00:00+00:00,4.318,4.327,4.255,4.327,142017.03
2025-02-07 23:00:00+00:00,4.325,4.374,4.314,4.373,98795.74
2025-02-08 00:00:00+00:00,4.373,4.425,4.353,4.407,82862.57
2025-02-08 01:00:00+00:00,4.407,4.407,4.353,4.357,46425.86
2025-02-08 02:00:00+00:00,4.357,4.385,4.35,4.383,49892.53
2025-02-08 03:00:00+00:00,4.384,4.405,4.369,4.382,57792.62
2025-02-08 04:00:00+00:00,4.381,4.385,4.344,4.353,50322.41
2025-02-08 05:00:00+00:00,4.354,4.372,4.323,4.356,112918.78
2025-02-08 06:00:00+00:00,4.357,4.392,4.344,4.358,220633.76
2025-02-08 07:00:00+00:00,4.357,4.408,4.324,4.378,91968.39
2025-02-08 08:00:00+00:00,4.378,4.389,4.347,4.348,68616.83
2025-02-08 09:00:00+00:00,4.349,4.386,4.348,4.376,41722.05
2025-02-08 10:00:00+00:00,4.378,4.391,4.352,4.366,69837.5
2025-02-08 11:00:00+00:00,4.368,4.381,4.346,4.377,49070.72
2025-02-08 12:00:00+00:00,4.376,4.389,4.345,4.368,61294.8
2025-02-08 13:00:00+00:00,4.369,4.443,4.368,4.414,91225.31
2025-02-08 14:00:00+00:00,4.413,4.459,4.39,4.45,125467.67
2025-02-08 15:00:00+00:00,4.451,4.477,4.41,4.443,95110.6
2025-02-08 16:00:00+00:00,4.443,4.473,4.41,4.463,56038.9
2025-02-08 17:00:00+00:00,4.465,4.521,4.463,4.502,89683.07
2025-02-08 18:00:00+00:00,4.503,4.54,4.479,4.536,94160.38
2025-02-08 19:00:00+00:00,4.535,4.553,4.513,4.535,75283.81
2025-02-08 20:00:00+00:00,4.535,4.562,4.519,4.547,48160.09
2025-02-08 21:00:00+00:00,4.547,4.572,4.532,4.562,44195.33
2025-02-08 22:00:00+00:00,4.562,4.581,4.532,4.555,58919.12
2025-02-08 23:00:00+00:00,4.554,4.592,4.553,4.569,38588.5
2025-02-09 00:00:00+00:00,4.568,4.577,4.549,4.564,37350.75
2025-02-09 01:00:00+00:00,4.563,4.596,4.554,4.578,112806.83
2025-02-09 02:00:00+00:00,4.578,4.585,4.55,4.55,39447.52
2025-02-09 03:00:00+00:00,4.549,4.709,4.538,4.709,227113.34
2025-02-09 04:00:00+00:00,4.709,4.716,4.649,4.677,307754.96
2025-02-09 05:00:00+00:00,4.677,4.696,4.646,4.66,65484.11
2025-02-09 06:00:00+00:00,4.661,4.716,4.647,4.709,117048.71
2025-02-09 07:00:00+00:00,4.709,4.761,4.69,4.741,255557.11
2025-02-09 08:00:00+00:00,4.743,4.756,4.724,4.741,141575.17
2025-02-09 09:00:00+00:00,4.742,4.758,4.715,4.742,136399.39
2025-02-09 10:00:00+00:00,4.742,4.786,4.719,4.725,194743.79
2025-02-09 11:00:00+00:00,4.725,4.736,4.629,4.638,424905.7
2025-02-09 12:00:00+00:00,4.638,4.651,4.602,4.62,83892.71
2025-02-09 13:00:00+00:00,4.62,4.631,4.547,4.566,127092.26
2025-02-09 14:00:00+00:00,4.566,4.596,4.548,4.569,86070.28
2025-02-09 15:00:00+00:00,4.569,4.626,4.569,4.61,78236.77
2025-02-09 16:00:00+00:00,4.612,4.657,4.597,4.622,95170.06
2025-02-09 17:00:00+00:00,4.621,4.623,4.562,4.573,62505.33
2025-02-09 18:00:00+00:00,4.573,4.6,4.558,4.584,83045.33
2025-02-09 19:00:00+00:00,4.584,4.59,4.533,4.548,64886.06
2025-02-09 20:00:00+00:00,4.548,4.611,4.544,4.593,85899.31
2025-02-09 21:00:00+00:00,4.596,4.596,4.399,4.43,247854.35
2025-02-09 22:00:00+00:00,4.429,4.582,4.389,4.534,177073.66
2025-02-09 23:00:00+00:00,4.533,4.586,4.515,4.57,77058.11
2025-02-10 00:00:00+00:00,4.569,4.66,4.569,4.597,197090.6
2025-02-10 01:00:00+00:00,4.597,4.6,4.454,4.485,152454.48
2025-02-10 02:00:00+00:00,4.486,4.504,4.437,4.468,73573.01
2025-02-10 03:00:00+00:00,4.467,4.623,4.446,4.571,141001.31
2025-02-10 04:00:00+00:00,4.571,4.614,4.545,4.57,66130.74
2025-02-10 05:00:00+00:00,4.57,4.683,4.556,4.643,105989.77
2025-02-10 06:00:00+00:00,4.644,4.673,4.619,4.67,328922.17
2025-02-10 07:00:00+00:00,4.671,4.689,4.645,4.677,87856.43
2025-02-10 08:00:00+00:00,4.677,4.749,4.665,4.737,138820.43
2025-02-10 09:00:00+00:00,4.738,4.754,4.699,4.715,71036.96
2025-02-10 10:00:00+00:00,4.715,4.74,4.703,4.73,75667.42
2025-02-10 11:00:00+00:00,4.729,4.752,4.711,4.735,96378.23
2025-02-10 12:00:00+00:00,4.733,4.743,4.666,4.676,107697.38
2025-02-10 13:00:00+00:00,4.676,4.835,4.676,4.813,204162.15
2025-02-10 14:00:00+00:00,4.814,4.829,4.749,4.772,145646.72
2025-02-10 15:00:00+00:00,4.772,4.792,4.723,4.733,93234.71
2025-02-10 16:00:00+00:00,4.733,4.788,4.72,4.759,119533.82
2025-02-10 17:00:00+00:00,4.759,4.787,4.741,4.779,63583.09
2025-02-10 18:00:00+00:00,4.778,4.812,4.757,4.809,75829.45
2025-02-10 19:00:00+00:00,4.809,4.826,4.78,4.791,77006.12
2025-02-10 20:00:00+00:00,4.792,4.839,4.785,4.825,107250.55
2025-02-10 21:00:00+00:00,4.823,4.836,4.81,4.814,54115.4
2025-02-10 22:00:00+00:00,4.814,4.841,4.797,4.803,78453.93
2025-02-10 23:00:00+00:00,4.801,4.828,4.787,4.819,96453.8
2025-02-11 00:00:00+00:00,4.818,4.849,4.801,4.846,69206.07
2025-02-11 01:00:00+00:00,4.848,4.854,4.795,4.796,99364.2
2025-02-11 02:00:00+00:00,4.796,4.811,4.761,4.788,650952.48
2025-02-11 03:00:00+00:00,4.788,4.809,4.767,4.808,80402.7
2025-02-11 04:00:00+00:00,4.808,4.897,4.796,4.886,123209.18
2025-02-11 05:00:00+00:00,4.886,4.942,4.875,4.929,154335.87
2025-02-11 06:00:00+00:00,4.93,4.982,4.914,4.975,140478.58
2025-02-11 07:00:00+00:00,4.975,4.977,4.936,4.941,56395.09
2025-02-11 08:00:00+00:00,4.941,4.979,4.929,4.937,97918.38
2025-02-11 09:00:00+00:00,4.938,4.951,4.879,4.891,82858.92
2025-02-11 10:00:00+00:00,4.89,4.936,4.87,4.928,337031.15
2025-02-11 11:00:00+00:00,4.928,4.946,4.9,4.926,91094.16
2025-02-11 12:00:00+00:00,4.927,4.934,4.857,4.876,78523.56
2025-02-11 13:00:00+00:00,4.875,4.89,4.754,4.768,149406.44
2025-02-11 14:00:00+00:00,4.767,4.844,4.755,4.807,224267.87
2025-02-11 15:00:00+00:00,4.806,4.836,4.769,4.794,106792.31
2025-02-11 16:00:00+00:00,4.794,4.818,4.762,4.785,73210.77
2025-02-11 17:00:00+00:00,4.783,4.786,4.73,4.742,80347.28
2025-02-11 18:00:00+00:00,4.741,4.75,4.671,4.677,98045.66
2025-02-11 19:00:00+00:00,4.68,4.693,4.633,4.656,75526.56
2025-02-11 20:00:00+00:00,4.657,4.711,4.648,4.688,58833.65
2025-02-11 21:00:00+00:00,4.687,4.753,4.666,4.722,93202.44
2025-02-11 22:00:00+00:00,4.722,4.762,4.672,4.698,86107.37
2025-02-11 23:00:00+00:00,4.697,4.73,4.69,4.704,37270.84
2025-02-12 00:00:00+00:00,4.705,4.734,4.674,4.721,81895.04
2025-02-12 01:00:00+00:00,4.721,4.735,4.69,4.726,41349.72
2025-02-12 02:00:00+00:00,4.728,4.729,4.638,4.651,92306.54
2025-02-12 03:00:00+00:00,4.651,4.689,4.629,4.66,91239.26
2025-02-12 04:00:00+00:00,4.661,4.681,4.638,4.664,48643.51
2025-02-12 05:00:00+00:00,4.664,4.695,4.651,4.685,63391.01
2025-02-12 06:00:00+00:00,4.686,4.694,4.617,4.624,57093.63
2025-02-12 07:00:00+00:00,4.623,4.655,4.591,4.621,337219.31
2025-02-12 08:00:00+00:00,4.62,4.687,4.62,4.648,376038.42
2025-02-12 09:00:00+00:00,4.648,4.651,4.595,4.633,83508.46
2025-02-12 10:00:00+00:00,4.632,4.648,4.607,4.633,66011.38
2025-02-12 11:00:00+00:00,4.634,4.696,4.625,4.669,107059.54
2025-02-12 12:00:00+00:00,4.67,4.723,4.668,4.673,112533.05
2025-02-12 13:00:00+00:00,4.673,4.737,4.534,4.616,734817.27
2025-02-12 14:00:00+00:00,4.616,4.674,4.541,4.674,149644.5
2025-02-12 15:00:00+00:00,4.674,4.79,4.608,4.742,221062.02
2025-02-12 16:00:00+00:00,4.743,4.901,4.702,4.883,355209.53
2025-02-12 17:00:00+00:00,4.881,4.944,4.872,4.917,178307.54
2025-02-12 18:00:00+00:00,4.918,4.924,4.874,4.923,131485.77
2025-02-12 19:00:00+00:00,4.924,4.997,4.886,4.968,159397.41
2025-02-12 20:00:00+00:00,4.968,5.039,4.957,5.005,159416.49
2025-02-12 21:00:00+00:00,5.005,5.018,4.979,4.992,108590.02
2025-02-12 22:00:00+00:00,4.992,5.104,4.97,5.035,185728.02
2025-02-12 23:00:00+00:00,5.033,5.089,5.028,5.067,90724.81
2025-02-13 00:00:00+00:00,5.07,5.117,5.065,5.097,196630.87
2025-02-13 01:00:00+00:00,5.097,5.149,5.088,5.132,107729.13
2025-02-13 02:00:00+00:00,5.132,5.132,5.043,5.045,90201.23
2025-02-13 03:00:00+00:00,5.046,5.054,5.018,5.037,210059.09
2025-02-13 04:00:00+00:00,5.038,5.048,4.987,4.997,95631.77
2025-02-13 05:00:00+00:00,4.997,5.051,4.977,5.041,104846.78
2025-02-13 06:00:00+00:00,5.042,5.059,4.956,4.977,155124.33
2025-02-13 07:00:00+00:00,4.977,5.018,4.952,4.989,95489.56
2025-02-13 08:00:00+00:00,4.989,5.021,4.927,4.949,114820.38
2025-02-13 09:00:00+00:00,4.947,4.996,4.934,4.993,96949.28
2025-02-13 10:00:00+00:00,4.994,5.034,4.973,5.018,352844.28
2025-02-13 11:00:00+00:00,5.017,5.019,4.965,5.002,63923.89
2025-02-13 12:00:00+00:00,5.003,5.013,4.947,4.956,67557.06
2025-02-13 13:00:00+00:00,4.957,5.02,4.938,4.996,130475.22
2025-02-13 14:00:00+00:00,4.996,5.01,4.928,4.962,139603.16
2025-02-13 15:00:00+00:00,4.96,5.021,4.952,4.989,125072.92
2025-02-13 16:00:00+00:00,4.988,5.021,4.959,4.982,96611.96
2025-02-13 17:00:00+00:00,4.981,5.015,4.965,4.981,70798.7
2025-02-13 18:00:00+00:00,4.98,5.022,4.959,5.021,64550.91
2025-02-13 19:00:00+00:00,5.021,5.081,4.99,4.992,159260.28
2025-02-13 20:00:00+00:00,4.993,5.008,4.97,4.993,43213.19
2025-02-13 21:00:00+00:00,4.991,5.04,4.989,5.016,90586.93
2025-02-13 22:00:00+00:00,5.015,5.046,5.0,5.002,63048.17
2025-02-13 23:00:00+00:00,5.002,5.012,4.977,4.99,45460.96
2025-02-14 00:00:00+00:00,4.99,5.004,4.956,4.99,80260.67
2025-02-14 01:00:00+00:00,4.991,5.011,4.966,5.006,56168.64
2025-02-14 02:00:00+00:00,5.006,5.028,4.997,5.003,32428.18
2025-02-14 03:00:00+00:00,5.003,5.055,5.001,5.047,60439.05
2025-02-14 04:00:00+00:00,5.048,5.05,4.986,4.989,84521.16
2025-02-14 05:00:00+00:00,4.989,5.01,4.969,4.984,93675.87
2025-02-14 06:00:00+00:00,4.985,4.993,4.956,4.977,71888.11
2025-02-14 07:00:00+00:00,4.978,4.985,4.945,4.95,69726.7
2025-02-14 08:00:00+00:00,4.951,5.036,4.949,4.986,199989.83
2025-02-14 09:00:00+00:00,4.984,5.038,4.981,5.017,120435.25
2025-02-14 10:00:00+00:00,5.017,5.047,4.962,4.964,165023.07
2025-02-14 11:00:00+00:00,4.964,4.995,4.922,4.933,1087005.58
2025-02-14 12:00:00+00:00,4.933,4.94,4.87,4.872,936428.26
2025-02-14 13:00:00+00:00,4.872,4.926,4.865,4.92,163033.99
2025-02-14 14:00:00+00:00,4.92,5.009,4.9,4.986,219656.76
2025-02-14 15:00:00+00:00,4.986,4.991,4.895,4.959,140282.19
2025-02-14 16:00:00+00:00,4.96,4.99,4.91,4.987,112027.09
2025-02-14 17:00:00+00:00,4.986,5.09,4.968,5.06,172359.61
2025-02-14 18:00:00+00:00,5.058,5.08,4.998,5.005,115859.23
2025-02-14 19:00:00+00:00,5.005,5.039,4.987,5.017,146851.26
2025-02-14 20:00:00+00:00,5.018,5.026,4.932,4.947,95162.15
2025-02-14 21:00:00+00:00,4.948,4.995,4.926,4.994,85524.19
2025-02-14 22:00:00+00:00,4.992,5.003,4.893,4.912,103239.8
2025-02-14 23:00:00+00:00,4.912,4.929,4.901,4.91,77257.38
2025-02-15 00:00:00+00:00,4.91,4.967,4.901,4.96,206957.64
2025-02-15 01:00:00+00:00,4.961,5.025,4.956,5.018,347862.89
2025-02-15 02:00:00+00:00,5.018,5.043,4.996,5.036,68526.83
2025-02-15 03:00:00+00:00,5.037,5.04,5.01,5.017,37831.14
2025-02-15 04:00:00+00:00,5.017,5.031,4.988,4.997,44837.83
2025-02-15 05:00:00+00:00,4.997,5.015,4.988,4.998,54187.24
2025-02-15 06:00:00+00:00,4.998,5.004,4.954,4.959,61245.75
2025-02-15 07:00:00+00:00,4.957,4.971,4.932,4.955,45037.34
2025-02-15 08:00:00+00:00,4.955,4.981,4.936,4.94,161802.42
2025-02-15 09:00:00+00:00,4.94,4.955,4.924,4.935,43629.43
2025-02-15 10:00:00+00:00,4.936,4.958,4.916,4.943,73574.76
2025-02-15 11:00:00+00:00,4.942,4.959,4.906,4.944,114477.38
2025-02-15 12:00:00+00:00,4.944,4.971,4.931,4.945,126292.91
2025-02-15 13:00:00+00:00,4.944,4.971,4.937,4.958,30440.26
2025-02-15 14:00:00+00:00,4.958,4.958,4.86,4.896,164542.72
2025-02-15 15:00:00+00:00,4.896,4.941,4.857,4.866,214576.52
2025-02-15 16:00:00+00:00,4.867,4.875,4.829,4.869,363729.52
2025-02-15 17:00:00+00:00,4.869,4.881,4.841,4.864,60654.91
2025-02-15 18:00:00+00:00,4.864,4.907,4.855,4.897,56617.47
2025-02-15 19:00:00+00:00,4.899,4.899,4.87,4.872,44351.5
2025-02-15 20:00:00+00:00,4.873,4.881,4.809,4.827,119816.32
2025-02-15 21:00:00+00:00,4.828,4.844,4.815,4.844,30190.04
2025-02-15 22:00:00+00:00,4.844,4.845,4.794,4.83,40141.61
2025-02-15 23:00:00+00:00,4.83,4.844,4.81,4.83,25807.43
2025-02-16 00:00:00+00:00,4.831,4.858,4.824,4.825,32570.93
2025-02-16 01:00:00+00:00,4.826,4.827,4.788,4.805,34409.67
2025-02-16 02:00:00+00:00,4.804,4.805,4.754,4.759,121684.07
2025-02-16 03:00:00+00:00,4.76,4.762,4.73,4.751,75727.57
2025-02-16 04:00:00+00:00,4.752,4.823,4.746,4.805,244482.9
2025-02-16 05:00:00+00:00,4.804,4.821,4.775,4.796,57095.68
2025-02-16 06:00:00+00:00,4.795,4.805,4.774,4.783,43257.07
2025-02-16 07:00:00+00:00,4.782,4.782,4.734,4.749,53275.95
2025-02-16 08:00:00+00:00,4.75,4.784,4.736,4.784,36032.86
2025-02-16 09:00:00+00:00,4.784,4.842,4.777,4.83,108616.21
2025-02-16 10:00:00+00:00,4.83,4.84,4.81,4.811,59296.73
2025-02-16 11:00:00+00:00,4.81,4.877,4.805,4.867,66367.95
2025-02-16 12:00:00+00:00,4.865,4.876,4.851,4.859,57692.77
2025-02-16 13:00:00+00:00,4.859,4.866,4.803,4.813,72071.9
2025-02-16 14:00:00+00:00,4.812,4.865,4.779,4.853,104428.6
2025-02-16 15:00:00+00:00,4.854,4.861,4.825,4.827,82341.95
2025-02-16 16:00:00+00:00,4.827,4.868,4.812,4.831,220609.11
2025-02-16 17:00:00+00:00,4.831,4.845,4.794,4.799,38485.3
2025-02-16 18:00:00+00:00,4.799,4.801,4.732,4.768,103865.32
2025-02-16 19:00:00+00:00,4.769,4.807,4.758,4.796,40740.29
2025-02-16 20:00:00+00:00,4.794,4.807,4.756,4.762,44809.43
2025-02-16 21:00:00+00:00,4.762,4.806,4.746,4.803,29894.02
2025-02-16 22:00:00+00:00,4.805,4.805,4.738,4.77,53937.04
2025-02-16 23:00:00+00:00,4.771,4.776,4.732,4.765,75326.07
2025-02-17 00:00:00+00:00,4.766,4.806,4.758,4.796,68549.54
2025-02-17 01:00:00+00:00,4.796,4.826,4.776,4.825,52412.96
2025-02-17 02:00:00+00:00,4.824,4.837,4.804,4.81,62332.95
2025-02-17 03:00:00+00:00,4.809,4.809,4.767,4.803,46052.61
2025-02-17 04:00:00+00:00,4.803,4.805,4.759,4.766,103825.36
2025-02-17 05:00:00+00:00,4.765,4.789,4.708,4.761,171898.65
2025-02-17 06:00:00+00:00,4.762,4.802,4.757,4.775,129469.92
2025-02-17 07:00:00+00:00,4.775,4.81,4.717,4.74,100938.03
2025-02-17 08:00:00+00:00,4.739,4.802,4.72,4.79,102492.37
2025-02-17 09:00:00+00:00,4.79,4.837,4.783,4.825,82817.77
2025-02-17 10:00:00+00:00,4.825,4.89,4.821,4.868,193336.73
2025-02-17 11:00:00+00:00,4.867,4.904,4.788,4.822,369430.53
2025-02-17 12:00:00+00:00,4.821,4.873,4.814,4.862,74759.97
2025-02-17 13:00:00+00:00,4.861,4.879,4.837,4.873,85073.52
2025-02-17 14:00:00+00:00,4.874,4.947,4.866,4.918,209585.67
2025-02-17 15:00:00+00:00,4.918,4.943,4.817,4.828,196035.3
2025-02-17 16:00:00+00:00,4.826,4.86,4.765,4.77,172932.34
2025-02-17 17:00:00+00:00,4.769,4.828,4.759,4.796,105007.88
2025-02-17 18:00:00+00:00,4.797,4.81,4.744,4.753,129939.31
2025-02-17 19:00:00+00:00,4.752,4.855,4.728,4.846,109253.5
2025-02-17 20:00:00+00:00,4.846,4.867,4.817,4.835,108054.6
2025-02-17 21:00:00+00:00,4.834,4.901,4.824,4.899,86223.17
2025-02-17 22:00:00+00:00,4.9,4.905,4.828,4.83,103522.13
2025-02-17 23:00:00+00:00,4.831,4.864,4.807,4.815,33485.9
2025-02-18 00:00:00+00:00,4.815,4.829,4.747,4.776,88802.9
2025-02-18 01:00:00+00:00,4.776,4.897,4.766,4.869,270217.25
2025-02-18 02:00:00+00:00,4.868,4.877,4.83,4.837,49459.82
2025-02-18 03:00:00+00:00,4.837,4.853,4.821,4.843,33962.11
2025-02-18 04:00:00+00:00,4.844,4.852,4.768,4.782,73502.41
2025-02-18 05:00:00+00:00,4.782,4.788,4.679,4.684,103226.01
2025-02-18 06:00:00+00:00,4.685,4.689,4.597,4.603,311576.97
2025-02-18 07:00:00+00:00,4.601,4.635,4.588,4.608,297849.84
2025-02-18 08:00:00+00:00,4.608,4.625,4.549,4.566,139586.93
2025-02-18 09:00:00+00:00,4.566,4.65,4.554,4.648,115829.54
2025-02-18 10:00:00+00:00,4.648,4.673,4.63,4.645,54412.75
2025-02-18 11:00:00+00:00,4.645,4.649,4.605,4.617,97950.05
2025-02-18 12:00:00+00:00,4.617,4.682,4.608,4.661,120061.95
2025-02-18 13:00:00+00:00,4.66,4.666,4.612,4.623,119572.93
2025-02-18 14:00:00+00:00,4.623,4.682,4.56,4.596,116833.54
2025-02-18 15:00:00+00:00,4.597,4.604,4.494,4.527,114000.91
2025-02-18 16:00:00+00:00,4.529,4.557,4.457,4.466,141930.38
2025-02-18 17:00:00+00:00,4.466,4.502,4.444,4.5,160138.9
2025-02-18 18:00:00+00:00,4.5,4.549,4.487,4.519,88837.16
2025-02-18 19:00:00+00:00,4.519,4.526,4.48,4.501,44371.66
2025-02-18 20:00:00+00:00,4.501,4.519,4.461,4.488,64603.45
2025-02-18 21:00:00+00:00,4.49,4.558,4.484,4.538,90711.21
2025-02-18 22:00:00+00:00,4.537,4.574,4.52,4.549,39800.92
2025-02-18 23:00:00+00:00,4.549,4.576,4.537,4.573,31030.55
2025-02-19 00:00:00+00:00,4.573,4.62,4.562,4.606,127218.19
2025-02-19 01:00:00+00:00,4.606,4.612,4.539,4.558,50652.03
2025-02-19 02:00:00+00:00,4.559,4.612,4.541,4.588,221779.43
2025-02-19 03:00:00+00:00,4.588,4.588,4.552,4.574,61385.18
2025-02-19 04:00:00+00:00,4.574,4.581,4.497,4.497,58080.07
2025-02-19 05:00:00+00:00,4.496,4.553,4.489,4.548,44698.57
2025-02-19 06:00:00+00:00,4.549,4.597,4.546,4.593,44808.17
2025-02-19 07:00:00+00:00,4.593,4.662,4.587,4.641,81221.65
2025-02-19 08:00:00+00:00,4.64,4.647,4.605,4.612,60695.17
2025-02-19 09:00:00+00:00,4.611,4.667,4.607,4.659,43004.71
2025-02-19 10:00:00+00:00,4.657,4.69,4.657,4.687,74304.07
2025-02-19 11:00:00+00:00,4.687,4.698,4.67,4.689,81878.04
2025-02-19 12:00:00+00:00,4.69,4.692,4.647,4.653,91528.46
2025-02-19 13:00:00+00:00,4.653,4.707,4.653,4.688,57349.94
2025-02-19 14:00:00+00:00,4.689,4.7,4.615,4.617,113530.87
2025-02-19 15:00:00+00:00,4.618,4.664,4.606,4.625,62454.14
2025-02-19 16:00:00+00:00,4.625,4.672,4.619,4.662,104668.0
2025-02-19 17:00:00+00:00,4.661,4.687,4.644,4.664,53972.65
2025-02-19 18:00:00+00:00,4.663,4.685,4.636,4.657,53560.87
2025-02-19 19:00:00+00:00,4.656,4.706,4.638,4.678,127356.01
2025-02-19 20:00:00+00:00,4.678,4.7,4.656,4.657,82193.69
2025-02-19 21:00:00+00:00,4.658,4.679,4.626,4.638,46310.43
2025-02-19 22:00:00+00:00,4.638,4.686,4.621,4.678,47245.87
2025-02-19 23:00:00+00:00,4.679,4.704,4.676,4.689,43994.8
2025-02-20 00:00:00+00:00,4.689,4.728,4.667,4.719,67014.56
2025-02-20 01:00:00+00:00,4.719,4.735,4.672,4.69,34295.96
2025-02-20 02:00:00+00:00,4.691,4.763,4.685,4.753,68908.16
2025-02-20 03:00:00+00:00,4.753,4.789,4.746,4.781,88821.14
2025-02-20 04:00:00+00:00,4.78,4.852,4.78,4.846,154433.83
2025-02-20 05:00:00+00:00,4.847,4.876,4.803,4.804,174578.44
2025-02-20 06:00:00+00:00,4.805,4.831,4.783,4.803,131243.77
2025-02-20 07:00:00+00:00,4.805,4.816,4.77,4.779,44625.1
2025-02-20 08:00:00+00:00,4.779,4.816,4.777,4.797,105623.7
2025-02-20 09:00:00+00:00,4.797,4.801,4.763,4.769,37452.09
2025-02-20 10:00:00+00:00,4.769,4.86,4.767,4.855,110732.76
2025-02-20 11:00:00+00:00,4.855,4.916,4.853,4.88,333123.06
2025-02-20 12:00:00+00:00,4.879,4.902,4.857,4.875,148458.62
2025-02-20 13:00:00+00:00,4.875,4.907,4.86,4.887,247026.07
2025-02-20 14:00:00+00:00,4.887,4.923,4.853,4.86,120337.08
2025-02-20 15:00:00+00:00,4.86,4.873,4.821,4.829,93029.07
2025-02-20 16:00:00+00:00,4.83,4.923,4.824,4.889,135563.13
2025-02-20 17:00:00+00:00,4.888,4.934,4.888,4.926,87319.21
2025-02-20 18:00:00+00:00,4.926,4.968,4.921,4.954,120426.94
2025-02-20 19:00:00+00:00,4.953,4.975,4.94,4.954,69382.08
2025-02-20 20:00:00+00:00,4.953,4.966,4.934,4.957,76729.39
2025-02-20 21:00:00+00:00,4.956,4.956,4.916,4.929,79189.62
2025-02-20 22:00:00+00:00,4.93,4.96,4.912,4.939,111344.05
2025-02-20 23:00:00+00:00,4.939,4.945,4.913,4.924,50538.41
2025-02-21 00:00:00+00:00,4.925,4.954,4.894,4.908,76569.84
2025-02-21 01:00:00+00:00,4.907,4.923,4.894,4.913,100961.0
2025-02-21 02:00:00+00:00,4.913,4.925,4.894,4.906,34937.27
2025-02-21 03:00:00+00:00,4.905,4.925,4.897,4.905,38065.32
2025-02-21 04:00:00+00:00,4.906,4.939,4.903,4.937,91220.54
2025-02-21 05:00:00+00:00,4.937,4.937,4.885,4.891,221735.89
2025-02-21 06:00:00+00:00,4.892,4.925,4.889,4.921,32762.96
2025-02-21 07:00:00+00:00,4.92,4.941,4.905,4.911,87125.97
2025-02-21 08:00:00+00:00,4.912,4.962,4.909,4.947,64213.21
2025-02-21 09:00:00+00:00,4.948,5.006,4.948,4.965,181753.13
2025-02-21 10:00:00+00:00,4.964,4.985,4.951,4.973,48330.7
2025-02-21 11:00:00+00:00,4.974,4.993,4.959,4.968,74205.57
2025-02-21 12:00:00+00:00,4.971,5.027,4.968,5.026,193823.04
2025-02-21 13:00:00+00:00,5.027,5.083,5.019,5.073,244938.61
2025-02-21 14:00:00+00:00,5.072,5.076,4.993,5.038,163879.28
2025-02-21 15:00:00+00:00,5.038,5.078,4.854,4.936,434999.38
2025-02-21 16:00:00+00:00,4.937,5.002,4.902,4.967,178562.22
2025-02-21 17:00:00+00:00,4.967,4.988,4.822,4.835,224678.25
2025-02-21 18:00:00+00:00,4.836,4.862,4.812,4.846,95298.4
2025-02-21 19:00:00+00:00,4.845,4.86,4.677,4.704,234369.32
2025-02-21 20:00:00+00:00,4.704,4.79,4.691,4.749,125778.36
2025-02-21 21:00:00+00:00,4.748,4.77,4.705,4.745,86429.74
2025-02-21 22:00:00+00:00,4.744,4.802,4.736,4.784,71413.5
2025-02-21 23:00:00+00:00,4.783,4.787,4.742,4.771,82610.86
2025-02-22 00:00:00+00:00,4.771,4.879,4.742,4.868,134866.37
2025-02-22 01:00:00+00:00,4.867,4.895,4.839,4.847,121640.96
2025-02-22 02:00:00+00:00,4.848,4.848,4.808,4.816,44319.44
2025-02-22 03:00:00+00:00,4.816,4.846,4.789,4.813,524087.73
2025-02-22 04:00:00+00:00,4.812,4.861,4.805,4.851,52856.39
2025-02-22 05:00:00+00:00,4.85,4.861,4.831,4.836,44485.38
2025-02-22 06:00:00+00:00,4.837,4.845,4.808,4.812,35316.64
2025-02-22 07:00:00+00:00,4.813,4.832,4.795,4.798,40631.43
2025-02-22 08:00:00+00:00,4.799,4.815,4.782,4.799,56898.68
2025-02-22 09:00:00+00:00,4.798,4.836,4.796,4.827,86501.67
2025-02-22 10:00:00+00:00,4.827,4.861,4.815,4.836,71559.36
2025-02-22 11:00:00+00:00,4.836,4.848,4.823,4.846,67120.56
2025-02-22 12:00:00+00:00,4.846,4.862,4.83,4.862,58678.9
2025-02-22 13:00:00+00:00,4.863,4.88,4.835,4.844,96650.0
2025-02-22 14:00:00+00:00,4.845,4.852,4.826,4.83,47976.82
2025-02-22 15:00:00+00:00,4.83,4.866,4.824,4.855,80868.53
2025-02-22 16:00:00+00:00,4.855,4.9,4.855,4.891,99723.58
2025-02-22 17:00:00+00:00,4.891,4.989,4.89,4.987,175324.77
2025-02-22 18:00:00+00:00,4.987,4.991,4.948,4.961,92013.01
2025-02-22 19:00:00+00:00,4.961,5.029,4.941,4.985,128569.55
2025-02-22 20:00:00+00:00,4.986,4.99,4.925,4.935,117822.56
2025-02-22 21:00:00+00:00,4.936,4.973,4.93,4.969,55425.38
2025-02-22 22:00:00+00:00,4.969,4.982,4.951,4.953,50703.05
2025-02-22 23:00:00+00:00,4.952,4.97,4.944,4.965,43936.7
2025-02-23 00:00:00+00:00,4.965,4.986,4.953,4.985,75830.43
2025-02-23 01:00:00+00:00,4.985,5.004,4.935,4.958,112030.69
2025-02-23 02:00:00+00:00,4.956,4.968,4.93,4.936,51075.72
2025-02-23 03:00:00+00:00,4.937,4.96,4.906,4.95,140861.98
2025-02-23 04:00:00+00:00,4.95,4.955,4.925,4.94,52412.72
2025-02-23 05:00:00+00:00,4.942,4.963,4.931,4.936,49887.43
2025-02-23 06:00:00+00:00,4.937,4.956,4.93,4.948,29456.66
2025-02-23 07:00:00+00:00,4.948,5.018,4.939,5.004,67882.24
2025-02-23 08:00:00+00:00,5.004,5.014,4.966,4.994,65665.1
2025-02-23 09:00:00+00:00,4.994,5.002,4.95,4.957,58091.87
2025-02-23 10:00:00+00:00,4.957,4.963,4.934,4.948,26965.92
2025-02-23 11:00:00+00:00,4.948,4.95,4.913,4.923,49859.71
2025-02-23 12:00:00+00:00,4.924,4.94,4.887,4.904,59244.54
2025-02-23 13:00:00+00:00,4.905,4.937,4.905,4.934,43776.12
2025-02-23 14:00:00+00:00,4.933,4.94,4.889,4.897,64374.28
2025-02-23 15:00:00+00:00,4.896,4.951,4.86,4.863,191390.53
2025-02-23 16:00:00+00:00,4.863,4.902,4.863,4.881,61817.69
2025-02-23 17:00:00+00:00,4.882,4.93,4.882,4.917,30935.69
2025-02-23 18:00:00+00:00,4.916,4.93,4.886,4.893,45682.32
2025-02-23 19:00:00+00:00,4.893,4.898,4.861,4.865,30025.06
2025-02-23 20:00:00+00:00,4.866,4.866,4.84,4.858,76650.48
2025-02-23 21:00:00+00:00,4.857,4.872,4.84,4.865,60133.34
2025-02-23 22:00:00+00:00,4.865,4.865,4.826,4.838,57422.42
2025-02-23 23:00:00+00:00,4.838,4.885,4.838,4.878,66647.44
2025-02-24 00:00:00+00:00,4.878,4.899,4.846,4.847,63177.07
2025-02-24 01:00:00+00:00,4.846,4.849,4.777,4.794,82682.24
2025-02-24 02:00:00+00:00,4.794,4.815,4.766,4.776,54620.21
2025-02-24 03:00:00+00:00,4.775,4.775,4.688,4.688,122882.19
2025-02-24 04:00:00+00:00,4.689,4.702,4.639,4.661,175987.46
2025-02-24 05:00:00+00:00,4.662,4.723,4.654,4.717,62313.69
2025-02-24 06:00:00+00:00,4.716,4.724,4.693,4.715,43331.54
2025-02-24 07:00:00+00:00,4.714,4.742,4.7,4.709,126358.32
2025-02-24 08:00:00+00:00,4.708,4.708,4.633,4.647,148740.55
2025-02-24 09:00:00+00:00,4.648,4.719,4.637,4.68,81343.61
2025-02-24 10:00:00+00:00,4.681,4.696,4.631,4.671,94091.39
2025-02-24 11:00:00+00:00,4.672,4.696,4.65,4.687,66221.15
2025-02-24 12:00:00+00:00,4.687,4.699,4.664,4.693,70509.38
2025-02-24 13:00:00+00:00,4.693,4.728,4.658,4.682,91055.06
2025-02-24 14:00:00+00:00,4.681,4.707,4.622,4.636,162474.7
2025-02-24 15:00:00+00:00,4.636,4.681,4.598,4.66,198299.9
2025-02-24 16:00:00+00:00,4.659,4.689,4.613,4.617,111950.36
2025-02-24 17:00:00+00:00,4.618,4.663,4.6,4.622,115254.05
2025-02-24 18:00:00+00:00,4.623,4.639,4.588,4.589,59341.89
2025-02-24 19:00:00+00:00,4.588,4.609,4.508,4.558,154865.31
2025-02-24 20:00:00+00:00,4.559,4.619,4.543,4.569,89937.8
2025-02-24 21:00:00+00:00,4.569,4.598,4.535,4.545,95723.65
2025-02-24 22:00:00+00:00,4.546,4.546,4.265,4.331,1016507.88
2025-02-24 23:00:00+00:00,4.331,4.422,4.325,4.358,200257.52
2025-02-25 00:00:00+00:00,4.358,4.413,4.25,4.33,365126.09
2025-02-25 01:00:00+00:00,4.329,4.382,4.255,4.33,196743.06
2025-02-25 02:00:00+00:00,4.328,4.407,4.281,4.384,132484.06
2025-02-25 03:00:00+00:00,4.385,4.396,4.31,4.314,118450.78
2025-02-25 04:00:00+00:00,4.315,4.344,4.257,4.286,132841.97
2025-02-25 05:00:00+00:00,4.285,4.368,4.261,4.356,96929.55
2025-02-25 06:00:00+00:00,4.355,4.365,4.281,4.284,97400.05
2025-02-25 07:00:00+00:00,4.283,4.291,4.107,4.228,902689.36
2025-02-25 08:00:00+00:00,4.227,4.307,4.21,4.274,173338.47
2025-02-25 09:00:00+00:00,4.274,4.278,4.193,4.202,208931.99
2025-02-25 10:00:00+00:00,4.203,4.263,4.124,4.22,230229.17
2025-02-25 11:00:00+00:00,4.219,4.313,4.156,4.3,160605.08
2025-02-25 12:00:00+00:00,4.301,4.335,4.257,4.304,235397.63
2025-02-25 13:00:00+00:00,4.304,4.32,4.247,4.256,156168.77
2025-02-25 14:00:00+00:00,4.257,4.276,4.158,4.191,225944.29
2025-02-25 15:00:00+00:00,4.19,4.295,4.164,4.254,239955.59
2025-02-25 16:00:00+00:00,4.254,4.353,4.228,4.305,223917.26
2025-02-25 17:00:00+00:00,4.304,4.364,4.282,4.333,243563.9
2025-02-25 18:00:00+00:00,4.333,4.365,4.303,4.343,99219.99
2025-02-25 19:00:00+00:00,4.343,4.407,4.309,4.406,161470.76
2025-02-25 20:00:00+00:00,4.406,4.516,4.382,4.496,271133.85
2025-02-25 21:00:00+00:00,4.495,4.52,4.452,4.509,75848.52
2025-02-25 22:00:00+00:00,4.51,4.549,4.464,4.494,89410.23
2025-02-25 23:00:00+00:00,4.495,4.511,4.452,4.457,49945.29
2025-02-26 00:00:00+00:00,4.456,4.472,4.417,4.42,48615.64
2025-02-26 01:00:00+00:00,4.419,4.462,4.415,4.447,41254.31
2025-02-26 02:00:00+00:00,4.447,4.506,4.424,4.498,44077.19
2025-02-26 03:00:00+00:00,4.498,4.536,4.495,4.513,44619.11
2025-02-26 04:00:00+00:00,4.512,4.562,4.501,4.528,49427.1
2025-02-26 05:00:00+00:00,4.528,4.536,4.484,4.489,35273.12
2025-02-26 06:00:00+00:00,4.488,4.546,4.483,4.544,63556.32
2025-02-26 07:00:00+00:00,4.543,4.57,4.506,4.539,109951.36
2025-02-26 08:00:00+00:00,4.539,4.548,4.5,4.529,114437.07
2025-02-26 09:00:00+00:00,4.53,4.606,4.525,4.604,155721.84
2025-02-26 10:00:00+00:00,4.604,4.646,4.591,4.641,288945.52
2025-02-26 11:00:00+00:00,4.637,4.658,4.583,4.59,128231.17
2025-02-26 12:00:00+00:00,4.59,4.603,4.503,4.525,123104.33
2025-02-26 13:00:00+00:00,4.527,4.537,4.472,4.479,152017.59
2025-02-26 14:00:00+00:00,4.479,4.557,4.421,4.554,243312.88
2025-02-26 15:00:00+00:00,4.554,4.624,4.553,4.589,158186.94
2025-02-26 16:00:00+00:00,4.59,4.628,4.538,4.61,135142.27
2025-02-26 17:00:00+00:00,4.611,4.629,4.518,4.534,157019.14
2025-02-26 18:00:00+00:00,4.535,4.559,4.432,4.449,337757.84
2025-02-26 19:00:00+00:00,4.449,4.537,4.437,4.499,356858.71
2025-02-26 20:00:00+00:00,4.5,4.631,4.451,4.617,263724.18
2025-02-26 21:00:00+00:00,4.618,4.648,4.591,4.642,170824.09
2025-02-26 22:00:00+00:00,4.643,4.695,4.629,4.636,115267.81
2025-02-26 23:00:00+00:00,4.636,4.656,4.592,4.609,42481.11
2025-02-27 00:00:00+00:00,4.609,4.618,4.561,4.57,379115.09
2025-02-27 01:00:00+00:00,4.569,4.651,4.554,4.606,107566.07
2025-02-27 02:00:00+00:00,4.606,4.643,4.582,4.59,93798.65
2025-02-27 03:00:00+00:00,4.59,4.634,4.581,4.623,41502.49
2025-02-27 04:00:00+00:00,4.621,4.642,4.576,4.606,35812.59
2025-02-27 05:00:00+00:00,4.606,4.65,4.604,4.647,53795.66
2025-02-27 06:00:00+00:00,4.646,4.689,4.631,4.663,45141.41
2025-02-27 07:00:00+00:00,4.663,4.71,4.663,4.682,68285.11
2025-02-27 08:00:00+00:00,4.681,4.706,4.675,4.692,76654.66
2025-02-27 09:00:00+00:00,4.693,4.739,4.69,4.728,68797.76
2025-02-27 10:00:00+00:00,4.727,4.781,4.72,4.779,105463.9
2025-02-27 11:00:00+00:00,4.779,4.781,4.701,4.707,82065.11
2025-02-27 12:00:00+00:00,4.708,4.724,4.672,4.688,122525.85
2025-02-27 13:00:00+00:00,4.688,4.71,4.657,4.677,108478.04
2025-02-27 14:00:00+00:00,4.678,4.702,4.631,4.639,92301.61
2025-02-27 15:00:00+00:00,4.637,4.686,4.61,4.669,116189.24
2025-02-27 16:00:00+00:00,4.668,4.688,4.594,4.601,70065.09
2025-02-27 17:00:00+00:00,4.602,4.625,4.583,4.617,76449.94
2025-02-27 18:00:00+00:00,4.617,4.645,4.616,4.623,44564.85
2025-02-27 19:00:00+00:00,4.624,4.624,4.551,4.566,53670.3
2025-02-27 20:00:00+00:00,4.567,4.57,4.496,4.512,133812.61
2025-02-27 21:00:00+00:00,4.513,4.554,4.475,4.551,83245.72
2025-02-27 22:00:00+00:00,4.552,4.567,4.509,4.564,42092.51
2025-02-27 23:00:00+00:00,4.563,4.583,4.54,4.572,51270.91
2025-02-28 00:00:00+00:00,4.573,4.584,4.516,4.521,50956.61
2025-02-28 01:00:00+00:00,4.521,4.547,4.371,4.395,575135.02
2025-02-28 02:00:00+00:00,4.395,4.447,4.311,4.353,432820.35
2025-02-28 03:00:00+00:00,4.352,4.401,4.292,4.299,139679.79
2025-02-28 04:00:00+00:00,4.299,4.323,4.236,4.282,275495.41
2025-02-28 05:00:00+00:00,4.281,4.299,4.234,4.283,209117.11
2025-02-28 06:00:00+00:00,4.284,4.3,4.211,4.253,122347.02
2025-02-28 07:00:00+00:00,4.253,4.324,4.251,4.277,109064.4
2025-02-28 08:00:00+00:00,4.277,4.303,4.208,4.298,252360.33
2025-02-28 09:00:00+00:00,4.298,4.367,4.289,4.35,118204.9
2025-02-28 10:00:00+00:00,4.351,4.353,4.292,4.295,74183.54
2025-02-28 11:00:00+00:00,4.295,4.349,4.291,4.301,55219.89
2025-02-28 12:00:00+00:00,4.3,4.331,4.274,4.328,61430.05
2025-02-28 13:00:00+00:00,4.327,4.426,4.32,4.399,248512.58
2025-02-28 14:00:00+00:00,4.399,4.473,4.397,4.453,143525.01
2025-02-28 15:00:00+00:00,4.451,4.55,4.445,4.531,159808.44
2025-02-28 16:00:00+00:00,4.533,4.58,4.498,4.557,147375.93
2025-02-28 17:00:00+00:00,4.56,4.593,4.554,4.56,106810.37
2025-02-28 18:00:00+00:00,4.559,4.667,4.559,4.655,167716.72
2025-02-28 19:00:00+00:00,4.654,4.666,4.619,4.628,98077.73
2025-02-28 20:00:00+00:00,4.625,4.648,4.598,4.608,129875.83
2025-02-28 21:00:00+00:00,4.608,4.654,4.602,4.64,89080.44
2025-02-28 22:00:00+00:00,4.641,4.668,4.626,4.639,87739.51
2025-02-28 23:00:00+00:00,4.64,4.655,4.625,4.635,56304.68
2025-03-01 00:00:00+00:00,4.636,4.66,4.589,4.598,53029.0
2025-03-01 01:00:00+00:00,4.599,4.651,4.574,4.639,61302.45
2025-03-01 02:00:00+00:00,4.639,4.662,4.612,4.641,60655.09
2025-03-01 03:00:00+00:00,4.641,4.653,4.617,4.619,33231.49
2025-03-01 04:00:00+00:00,4.619,4.651,4.614,4.647,34002.1
2025-03-01 05:00:00+00:00,4.646,4.647,4.606,4.611,24493.69
2025-03-01 06:00:00+00:00,4.611,4.612,4.563,4.581,69807.51
2025-03-01 07:00:00+00:00,4.582,4.583,4.55,4.554,121893.27
2025-03-01 08:00:00+00:00,4.554,4.59,4.554,4.579,35972.02
2025-03-01 09:00:00+00:00,4.578,4.607,4.537,4.555,52640.92
2025-03-01 10:00:00+00:00,4.555,4.555,4.501,4.509,78376.16
2025-03-01 11:00:00+00:00,4.51,4.514,4.474,4.484,43913.98
2025-03-01 12:00:00+00:00,4.485,4.505,4.468,4.493,42394.44
2025-03-01 13:00:00+00:00,4.494,4.504,4.423,4.441,54529.18
2025-03-01 14:00:00+00:00,4.442,4.463,4.435,4.45,29172.93
2025-03-01 15:00:00+00:00,4.45,4.489,4.434,4.479,71217.45
2025-03-01 16:00:00+00:00,4.48,4.522,4.479,4.512,116475.08
2025-03-01 17:00:00+00:00,4.511,4.511,4.478,4.491,29578.57
2025-03-01 18:00:00+00:00,4.488,4.515,4.478,4.505,46634.61
2025-03-01 19:00:00+00:00,4.503,4.534,4.498,4.503,43959.92
2025-03-01 20:00:00+00:00,4.501,4.505,4.46,4.471,44251.92
2025-03-01 21:00:00+00:00,4.47,4.533,4.458,4.525,70446.17
2025-03-01 22:00:00+00:00,4.524,4.554,4.509,4.519,60117.04
2025-03-01 23:00:00+00:00,4.519,4.525,4.478,4.494,33148.83
2025-03-02 00:00:00+00:00,4.495,4.522,4.462,4.493,101408.64
2025-03-02 01:00:00+00:00,4.495,4.522,4.482,4.5,35686.76
2025-03-02 02:00:00+00:00,4.5,4.521,4.486,4.51,56811.43
2025-03-02 03:00:00+00:00,4.511,4.534,4.502,4.51,19850.93
2025-03-02 04:00:00+00:00,4.511,4.535,4.504,4.524,13111.69
2025-03-02 05:00:00+00:00,4.525,4.552,4.514,4.518,19315.14
2025-03-02 06:00:00+00:00,4.519,4.541,4.498,4.515,38365.42
2025-03-02 07:00:00+00:00,4.516,4.522,4.483,4.484,31447.39
2025-03-02 08:00:00+00:00,4.485,4.493,4.463,4.48,54940.82
2025-03-02 09:00:00+00:00,4.48,4.542,4.478,4.517,44709.34
2025-03-02 10:00:00+00:00,4.518,4.525,4.497,4.504,35143.84
2025-03-02 11:00:00+00:00,4.502,4.507,4.487,4.493,40940.45
2025-03-02 12:00:00+00:00,4.492,4.492,4.467,4.48,78388.52
2025-03-02 13:00:00+00:00,4.48,4.481,4.449,4.463,42212.26
2025-03-02 14:00:00+00:00,4.463,4.468,4.42,4.428,48264.4
2025-03-02 15:00:00+00:00,4.428,4.642,4.409,4.544,656351.6
2025-03-02 16:00:00+00:00,4.544,4.861,4.536,4.833,1103669.63
2025-03-02 17:00:00+00:00,4.835,4.928,4.78,4.865,441230.48
2025-03-02 18:00:00+00:00,4.866,4.881,4.756,4.781,237653.5
2025-03-02 19:00:00+00:00,4.781,4.862,4.776,4.859,143170.13
2025-03-02 20:00:00+00:00,4.858,4.876,4.838,4.864,87556.63
2025-03-02 21:00:00+00:00,4.865,4.903,4.832,4.881,105624.53
2025-03-02 22:00:00+00:00,4.881,4.89,4.855,4.876,48888.96
2025-03-02 23:00:00+00:00,4.875,4.915,4.866,4.907,112017.15
2025-03-03 00:00:00+00:00,4.908,4.951,4.852,4.898,203240.82
2025-03-03 01:00:00+00:00,4.898,4.916,4.827,4.831,116285.44
2025-03-03 02:00:00+00:00,4.83,4.834,4.761,4.81,132229.93
2025-03-03 03:00:00+00:00,4.809,4.818,4.738,4.76,73896.68
2025-03-03 04:00:00+00:00,4.76,4.794,4.746,4.783,69387.47
2025-03-03 05:00:00+00:00,4.782,4.79,4.757,4.77,44364.45
2025-03-03 06:00:00+00:00,4.771,4.773,4.575,4.609,155380.92
2025-03-03 07:00:00+00:00,4.608,4.648,4.557,4.642,103963.73
2025-03-03 08:00:00+00:00,4.642,4.642,4.51,4.544,118602.32
2025-03-03 09:00:00+00:00,4.543,4.569,4.505,4.544,121053.78
2025-03-03 10:00:00+00:00,4.542,4.592,4.527,4.571,75399.72
2025-03-03 11:00:00+00:00,4.57,4.587,4.543,4.574,118389.88
2025-03-03 12:00:00+00:00,4.574,4.614,4.557,4.592,137661.89
2025-03-03 13:00:00+00:00,4.593,4.653,4.586,4.652,91868.54
2025-03-03 14:00:00+00:00,4.652,4.658,4.474,4.479,427251.09
2025-03-03 15:00:00+00:00,4.48,4.592,4.476,4.531,193414.9
2025-03-03 16:00:00+00:00,4.531,4.563,4.506,4.549,85507.66
2025-03-03 17:00:00+00:00,4.548,4.573,4.517,4.525,85638.39
2025-03-03 18:00:00+00:00,4.524,4.528,4.318,4.352,385527.93
2025-03-03 19:00:00+00:00,4.352,4.383,4.193,4.215,405203.37
2025-03-03 20:00:00+00:00,4.214,4.265,4.171,4.24,226418.0
2025-03-03 21:00:00+00:00,4.239,4.252,4.144,4.157,120928.56
2025-03-03 22:00:00+00:00,4.157,4.296,4.152,4.273,170475.12
2025-03-03 23:00:00+00:00,4.272,4.272,4.22,4.226,85739.08
2025-03-04 00:00:00+00:00,4.226,4.253,4.181,4.183,144296.01
2025-03-04 01:00:00+00:00,4.183,4.204,4.031,4.068,623628.24
2025-03-04 02:00:00+00:00,4.068,4.112,3.983,4.084,410062.78
2025-03-04 03:00:00+00:00,4.083,4.121,4.055,4.084,112762.28
2025-03-04 04:00:00+00:00,4.084,4.129,4.076,4.084,126646.88
2025-03-04 05:00:00+00:00,4.085,4.164,4.079,4.138,139653.57
2025-03-04 06:00:00+00:00,4.138,4.165,4.117,4.141,84543.67
2025-03-04 07:00:00+00:00,4.138,4.151,4.1,4.104,77396.71
2025-03-04 08:00:00+00:00,4.104,4.164,4.09,4.14,163947.03
2025-03-04 09:00:00+00:00,4.142,4.155,4.096,4.103,185747.15
2025-03-04 10:00:00+00:00,4.103,4.134,4.084,4.121,183676.51
2025-03-04 11:00:00+00:00,4.12,4.138,4.098,4.1,137591.05
2025-03-04 12:00:00+00:00,4.1,4.111,4.054,4.09,150183.12
2025-03-04 13:00:00+00:00,4.089,4.089,3.995,4.03,215238.04
2025-03-04 14:00:00+00:00,4.027,4.229,4.02,4.08,573957.72
2025-03-04 15:00:00+00:00,4.08,4.122,4.008,4.107,248793.91
2025-03-04 16:00:00+00:00,4.107,4.119,3.885,4.038,509590.03
2025-03-04 17:00:00+00:00,4.038,4.162,4.035,4.129,224945.76
2025-03-04 18:00:00+00:00,4.128,4.192,4.107,4.18,125724.02
2025-03-04 19:00:00+00:00,4.18,4.212,4.162,4.201,177840.8
2025-03-04 20:00:00+00:00,4.201,4.216,4.121,4.127,164069.59
2025-03-04 21:00:00+00:00,4.128,4.24,4.114,4.183,131948.81
2025-03-04 22:00:00+00:00,4.183,4.197,4.154,4.155,78327.13
2025-03-04 23:00:00+00:00,4.155,4.173,4.141,4.161,59467.04
2025-03-05 00:00:00+00:00,4.161,4.18,4.125,4.14,91918.42
2025-03-05 01:00:00+00:00,4.141,4.182,4.114,4.178,77824.32
2025-03-05 02:00:00+00:00,4.179,4.207,4.149,4.177,85214.91
2025-03-05 03:00:00+00:00,4.176,4.189,4.115,4.116,75609.21
2025-03-05 04:00:00+00:00,4.116,4.141,4.113,4.129,44534.85
2025-03-05 05:00:00+00:00,4.13,4.145,4.11,4.119,98429.59
2025-03-05 06:00:00+00:00,4.119,4.155,4.097,4.149,55088.55
2025-03-05 07:00:00+00:00,4.148,4.172,4.13,4.165,49635.27
2025-03-05 08:00:00+00:00,4.166,4.21,4.164,4.193,103048.51
2025-03-05 09:00:00+00:00,4.192,4.262,4.188,4.219,276993.61
2025-03-05 10:00:00+00:00,4.219,4.286,4.203,4.248,193372.33
2025-03-05 11:00:00+00:00,4.248,4.259,4.205,4.217,91872.79
2025-03-05 12:00:00+00:00,4.216,4.26,4.215,4.241,77948.29
2025-03-05 13:00:00+00:00,4.242,4.255,4.2,4.217,107840.33
2025-03-05 14:00:00+00:00,4.216,4.225,4.15,4.165,101147.74
2025-03-05 15:00:00+00:00,4.165,4.215,4.151,4.189,175135.61
2025-03-05 16:00:00+00:00,4.187,4.217,4.147,4.2,108939.66
2025-03-05 17:00:00+00:00,4.199,4.273,4.197,4.248,134867.73
2025-03-05 18:00:00+00:00,4.249,4.275,4.23,4.27,49385.03
2025-03-05 19:00:00+00:00,4.271,4.313,4.267,4.303,74711.92
2025-03-05 20:00:00+00:00,4.305,4.348,4.303,4.336,54799.71
2025-03-05 21:00:00+00:00,4.337,4.353,4.318,4.333,36321.57
2025-03-05 22:00:00+00:00,4.333,4.353,4.322,4.337,44214.72
2025-03-05 23:00:00+00:00,4.338,4.349,4.32,4.325,71297.58
2025-03-06 00:00:00+00:00,4.327,4.341,4.287,4.288,68367.65
2025-03-06 01:00:00+00:00,4.288,4.357,4.273,4.318,70465.9
2025-03-06 02:00:00+00:00,4.32,4.348,4.303,4.341,51274.13
2025-03-06 03:00:00+00:00,4.343,4.373,4.343,4.372,43003.66
2025-03-06 04:00:00+00:00,4.372,4.42,4.366,4.407,74315.63
2025-03-06 05:00:00+00:00,4.406,4.439,4.393,4.415,51433.86
2025-03-06 06:00:00+00:00,4.417,4.42,4.38,4.39,41882.52
2025-03-06 07:00:00+00:00,4.39,4.394,4.347,4.363,56382.62
2025-03-06 08:00:00+00:00,4.364,4.403,4.36,4.391,50445.86
2025-03-06 09:00:00+00:00,4.39,4.39,4.361,4.376,47902.87
2025-03-06 10:00:00+00:00,4.376,4.414,4.365,4.407,77728.04
2025-03-06 11:00:00+00:00,4.406,4.429,4.391,4.422,48890.11
2025-03-06 12:00:00+00:00,4.423,4.428,4.352,4.37,113686.23
2025-03-06 13:00:00+00:00,4.369,4.402,4.346,4.353,97503.58
2025-03-06 14:00:00+00:00,4.353,4.387,4.317,4.348,127108.14
2025-03-06 15:00:00+00:00,4.346,4.412,4.343,4.398,93836.83
2025-03-06 16:00:00+00:00,4.399,4.421,4.335,4.338,114976.34
2025-03-06 17:00:00+00:00,4.337,4.34,4.274,4.298,151052.73
2025-03-06 18:00:00+00:00,4.297,4.308,4.255,4.278,53072.82
2025-03-06 19:00:00+00:00,4.28,4.289,4.23,4.252,196298.27
2025-03-06 20:00:00+00:00,4.252,4.288,4.247,4.275,56861.96
2025-03-06 21:00:00+00:00,4.275,4.313,4.259,4.282,73456.68
2025-03-06 22:00:00+00:00,4.283,4.332,4.282,4.292,80176.08
2025-03-06 23:00:00+00:00,4.293,4.304,4.255,4.256,39933.28
2025-03-07 00:00:00+00:00,4.256,4.298,4.072,4.089,510568.44
2025-03-07 01:00:00+00:00,4.089,4.243,4.071,4.228,235507.41
2025-03-07 02:00:00+00:00,4.227,4.279,4.219,4.242,162394.12
2025-03-07 03:00:00+00:00,4.242,4.266,4.224,4.226,35901.72
2025-03-07 04:00:00+00:00,4.226,4.255,4.212,4.227,47197.39
2025-03-07 05:00:00+00:00,4.227,4.286,4.222,4.261,47410.68
2025-03-07 06:00:00+00:00,4.261,4.297,4.24,4.288,41678.47
2025-03-07 07:00:00+00:00,4.287,4.326,4.281,4.326,56360.85
2025-03-07 08:00:00+00:00,4.326,4.354,4.305,4.349,79043.08
2025-03-07 09:00:00+00:00,4.348,4.407,4.342,4.366,101445.45
2025-03-07 10:00:00+00:00,4.366,4.372,4.328,4.363,104468.85
2025-03-07 11:00:00+00:00,4.364,4.378,4.344,4.353,83161.89
2025-03-07 12:00:00+00:00,4.354,4.37,4.325,4.348,147251.93
2025-03-07 13:00:00+00:00,4.347,4.44,4.344,4.37,193770.73
2025-03-07 14:00:00+00:00,4.37,4.428,4.338,4.395,132032.77
2025-03-07 15:00:00+00:00,4.393,4.419,4.33,4.36,137572.31
2025-03-07 16:00:00+00:00,4.361,4.373,4.262,4.294,195091.08
2025-03-07 17:00:00+00:00,4.293,4.373,4.281,4.341,99245.51
2025-03-07 18:00:00+00:00,4.342,4.433,4.334,4.427,113082.24
2025-03-07 19:00:00+00:00,4.426,4.444,4.377,4.397,74086.82
2025-03-07 20:00:00+00:00,4.395,4.415,4.347,4.368,147278.83
2025-03-07 21:00:00+00:00,4.368,4.374,4.278,4.303,193903.67
2025-03-07 22:00:00+00:00,4.303,4.32,4.254,4.303,127723.3
2025-03-07 23:00:00+00:00,4.302,4.305,4.235,4.263,56966.27
2025-03-08 00:00:00+00:00,4.263,4.263,4.214,4.24,96771.89
2025-03-08 01:00:00+00:00,4.237,4.247,4.139,4.176,110496.01
2025-03-08 02:00:00+00:00,4.176,4.213,4.158,4.207,43386.68
2025-03-08 03:00:00+00:00,4.206,4.234,4.168,4.224,41861.19
2025-03-08 04:00:00+00:00,4.224,4.276,4.207,4.272,45563.4
2025-03-08 05:00:00+00:00,4.271,4.271,4.203,4.206,30251.88
2025-03-08 06:00:00+00:00,4.204,4.216,4.167,4.181,136651.73
2025-03-08 07:00:00+00:00,4.181,4.195,4.132,4.146,77828.59
2025-03-08 08:00:00+00:00,4.146,4.179,4.128,4.13,77601.22
2025-03-08 09:00:00+00:00,4.129,4.169,4.111,4.122,64085.65
2025-03-08 10:00:00+00:00,4.122,4.15,4.119,4.138,40775.56
2025-03-08 11:00:00+00:00,4.137,4.139,4.097,4.117,56287.94
2025-03-08 12:00:00+00:00,4.117,4.159,4.102,4.145,41980.29
2025-03-08 13:00:00+00:00,4.144,4.163,4.132,4.148,32116.72
2025-03-08 14:00:00+00:00,4.147,4.168,4.13,4.136,46125.79
2025-03-08 15:00:00+00:00,4.134,4.14,4.11,4.123,38004.0
2025-03-08 16:00:00+00:00,4.122,4.129,4.073,4.114,75601.56
2025-03-08 17:00:00+00:00,4.114,4.145,4.09,4.126,48023.0
2025-03-08 18:00:00+00:00,4.125,4.146,4.124,4.132,24286.59
2025-03-08 19:00:00+00:00,4.134,4.158,4.119,4.147,40295.49
2025-03-08 20:00:00+00:00,4.147,4.148,4.121,4.124,31400.45
2025-03-08 21:00:00+00:00,4.124,4.141,4.108,4.111,37958.17
2025-03-08 22:00:00+00:00,4.111,4.114,4.078,4.11,93558.94
2025-03-08 23:00:00+00:00,4.11,4.123,4.093,4.109,28231.69
2025-03-09 00:00:00+00:00,4.109,4.132,4.096,4.112,27511.09
2025-03-09 01:00:00+00:00,4.113,4.13,4.086,4.091,28404.28
2025-03-09 02:00:00+00:00,4.09,4.093,4.077,4.08,30657.84
2025-03-09 03:00:00+00:00,4.08,4.097,4.075,4.087,39351.99
2025-03-09 04:00:00+00:00,4.086,4.104,4.082,4.098,29755.34
2025-03-09 05:00:00+00:00,4.097,4.104,4.075,4.078,31381.85
2025-03-09 06:00:00+00:00,4.078,4.079,4.058,4.063,56974.38
2025-03-09 07:00:00+00:00,4.064,4.096,4.055,4.084,25457.92
2025-03-09 08:00:00+00:00,4.082,4.084,4.043,4.046,54885.01
2025-03-09 09:00:00+00:00,4.046,4.072,4.038,4.047,52820.56
2025-03-09 10:00:00+00:00,4.047,4.063,4.005,4.008,102594.0
2025-03-09 11:00:00+00:00,4.008,4.03,4.001,4.019,108442.38
2025-03-09 12:00:00+00:00,4.019,4.023,3.988,4.014,61854.75
2025-03-09 13:00:00+00:00,4.013,4.03,3.966,3.966,78453.01
2025-03-09 14:00:00+00:00,3.966,3.997,3.945,3.983,110605.64
2025-03-09 15:00:00+00:00,3.983,3.994,3.909,3.927,126925.76
2025-03-09 16:00:00+00:00,3.927,3.954,3.825,3.835,254215.56
2025-03-09 17:00:00+00:00,3.836,3.858,3.766,3.773,316130.46
2025-03-09 18:00:00+00:00,3.772,3.82,3.743,3.779,230957.4
2025-03-09 19:00:00+00:00,3.777,3.846,3.777,3.829,167661.36
2025-03-09 20:00:00+00:00,3.83,3.87,3.821,3.824,108125.26
2025-03-09 21:00:00+00:00,3.823,3.829,3.771,3.781,91831.3
2025-03-09 22:00:00+00:00,3.779,3.802,3.754,3.789,145956.26
2025-03-09 23:00:00+00:00,3.79,3.827,3.763,3.806,150877.3
2025-03-10 00:00:00+00:00,3.807,3.873,3.759,3.852,349553.38
2025-03-10 01:00:00+00:00,3.851,3.887,3.833,3.87,203787.76
2025-03-10 02:00:00+00:00,3.871,3.931,3.864,3.922,121284.66
2025-03-10 03:00:00+00:00,3.921,3.949,3.9,3.921,88221.3
2025-03-10 04:00:00+00:00,3.921,3.96,3.914,3.935,110266.77
2025-03-10 05:00:00+00:00,3.937,3.941,3.899,3.917,133599.56
2025-03-10 06:00:00+00:00,3.917,3.924,3.898,3.919,32331.1
2025-03-10 07:00:00+00:00,3.919,3.945,3.91,3.923,69865.57
2025-03-10 08:00:00+00:00,3.922,3.923,3.872,3.882,113095.33
2025-03-10 09:00:00+00:00,3.881,4.042,3.876,3.953,214240.11
2025-03-10 10:00:00+00:00,3.954,3.976,3.939,3.971,94337.68
2025-03-10 11:00:00+00:00,3.972,4.027,3.958,4.015,127676.24
2025-03-10 12:00:00+00:00,4.015,4.037,3.988,4.006,81363.71
2025-03-10 13:00:00+00:00,4.006,4.01,3.932,3.937,101991.12
2025-03-10 14:00:00+00:00,3.937,3.937,3.821,3.852,243969.5
2025-03-10 15:00:00+00:00,3.853,3.929,3.835,3.889,115305.25
2025-03-10 16:00:00+00:00,3.888,3.9,3.845,3.863,115153.01
2025-03-10 17:00:00+00:00,3.863,3.873,3.732,3.742,343434.26
2025-03-10 18:00:00+00:00,3.742,3.788,3.593,3.601,392637.72
2025-03-10 19:00:00+00:00,3.602,3.743,3.583,3.711,364436.58
2025-03-10 20:00:00+00:00,3.711,3.711,3.63,3.676,160518.21
2025-03-10 21:00:00+00:00,3.675,3.713,3.654,3.674,119010.54
2025-03-10 22:00:00+00:00,3.676,3.679,3.613,3.636,259159.22
2025-03-10 23:00:00+00:00,3.636,3.662,3.571,3.58,189596.21
2025-03-11 00:00:00+00:00,3.581,3.618,3.386,3.465,827748.48
2025-03-11 01:00:00+00:00,3.464,3.562,3.397,3.562,384536.78
2025-03-11 02:00:00+00:00,3.562,3.594,3.548,3.58,202626.19
2025-03-11 03:00:00+00:00,3.58,3.601,3.541,3.545,125446.83
2025-03-11 04:00:00+00:00,3.545,3.587,3.535,3.544,173546.8
2025-03-11 05:00:00+00:00,3.543,3.638,3.542,3.597,226156.99
2025-03-11 06:00:00+00:00,3.597,3.621,3.584,3.587,172428.31
2025-03-11 07:00:00+00:00,3.587,3.625,3.574,3.592,125289.27
2025-03-11 08:00:00+00:00,3.592,3.641,3.586,3.617,95776.91
2025-03-11 09:00:00+00:00,3.618,3.655,3.612,3.646,90385.61
2025-03-11 10:00:00+00:00,3.645,3.686,3.633,3.682,114959.79
2025-03-11 11:00:00+00:00,3.681,3.725,3.658,3.704,124899.46
2025-03-11 12:00:00+00:00,3.703,3.706,3.648,3.663,114313.92
2025-03-11 13:00:00+00:00,3.664,3.768,3.625,3.692,419523.46
2025-03-11 14:00:00+00:00,3.692,3.716,3.579,3.607,367348.92
2025-03-11 15:00:00+00:00,3.605,3.756,3.601,3.741,272490.03
2025-03-11 16:00:00+00:00,3.742,3.833,3.719,3.808,278507.35
2025-03-11 17:00:00+00:00,3.807,3.826,3.76,3.801,177059.39
2025-03-11 18:00:00+00:00,3.8,3.967,3.799,3.945,428116.42
2025-03-11 19:00:00+00:00,3.945,3.985,3.932,3.977,237947.57
2025-03-11 20:00:00+00:00,3.976,3.993,3.956,3.956,179566.78
2025-03-11 21:00:00+00:00,3.955,3.979,3.917,3.955,114454.22
2025-03-11 22:00:00+00:00,3.953,3.972,3.933,3.947,79054.76
2025-03-11 23:00:00+00:00,3.947,3.947,3.873,3.884,104166.14
2025-03-12 00:00:00+00:00,3.884,3.906,3.859,3.875,55880.65
2025-03-12 01:00:00+00:00,3.876,3.946,3.874,3.917,62842.87
2025-03-12 02:00:00+00:00,3.916,3.93,3.852,3.856,112849.01
2025-03-12 03:00:00+00:00,3.855,3.864,3.789,3.79,100067.71
2025-03-12 04:00:00+00:00,3.789,3.808,3.755,3.784,134542.84
2025-03-12 05:00:00+00:00,3.784,3.818,3.781,3.809,66282.07
2025-03-12 06:00:00+00:00,3.807,3.818,3.778,3.804,51791.51
2025-03-12 07:00:00+00:00,3.805,3.862,3.801,3.853,104422.22
2025-03-12 08:00:00+00:00,3.852,3.928,3.833,3.914,165555.28
2025-03-12 09:00:00+00:00,3.916,3.946,3.862,3.877,186320.57
2025-03-12 10:00:00+00:00,3.878,3.886,3.846,3.868,113590.18
2025-03-12 11:00:00+00:00,3.869,3.891,3.865,3.886,79955.38
2025-03-12 12:00:00+00:00,3.889,3.976,3.874,3.935,370660.84
2025-03-12 13:00:00+00:00,3.935,3.942,3.853,3.869,167716.11
2025-03-12 14:00:00+00:00,3.868,3.884,3.801,3.801,159927.75
2025-03-12 15:00:00+00:00,3.802,3.822,3.753,3.818,167707.94
2025-03-12 16:00:00+00:00,3.815,3.905,3.812,3.899,198940.8
2025-03-12 17:00:00+00:00,3.899,3.947,3.89,3.9,140889.39
2025-03-12 18:00:00+00:00,3.9,3.955,3.895,3.923,103922.92
2025-03-12 19:00:00+00:00,3.925,3.928,3.88,3.906,120341.7
2025-03-12 20:00:00+00:00,3.906,3.937,3.893,3.907,81831.88
2025-03-12 21:00:00+00:00,3.909,3.936,3.891,3.903,34167.85
2025-03-12 22:00:00+00:00,3.903,3.928,3.902,3.908,31934.32
2025-03-12 23:00:00+00:00,3.909,3.91,3.882,3.887,62677.78
2025-03-13 00:00:00+00:00,3.887,3.906,3.863,3.868,62093.55
2025-03-13 01:00:00+00:00,3.87,3.902,3.852,3.883,49938.86
2025-03-13 02:00:00+00:00,3.884,3.909,3.866,3.868,39446.9
2025-03-13 03:00:00+00:00,3.869,3.904,3.866,3.867,37344.81
2025-03-13 04:00:00+00:00,3.868,3.878,3.832,3.834,47535.85
2025-03-13 05:00:00+00:00,3.834,3.854,3.801,3.804,45872.2
2025-03-13 06:00:00+00:00,3.804,3.809,3.784,3.798,46000.21
2025-03-13 07:00:00+00:00,3.8,3.832,3.793,3.826,60553.29
2025-03-13 08:00:00+00:00,3.828,3.887,3.81,3.882,134240.55
2025-03-13 09:00:00+00:00,3.883,3.935,3.877,3.932,140234.11
2025-03-13 10:00:00+00:00,3.929,3.934,3.889,3.917,95322.22
2025-03-13 11:00:00+00:00,3.916,3.921,3.886,3.912,101392.09
2025-03-13 12:00:00+00:00,3.912,3.965,3.887,3.901,203307.49
2025-03-13 13:00:00+00:00,3.902,3.963,3.883,3.895,117128.77
2025-03-13 14:00:00+00:00,3.894,3.953,3.887,3.936,136003.11
2025-03-13 15:00:00+00:00,3.937,3.945,3.895,3.905,65527.58
2025-03-13 16:00:00+00:00,3.906,3.907,3.853,3.86,109605.88
2025-03-13 17:00:00+00:00,3.862,3.863,3.792,3.803,161775.47
2025-03-13 18:00:00+00:00,3.803,3.881,3.801,3.856,124689.1
2025-03-13 19:00:00+00:00,3.856,3.878,3.824,3.845,45620.8
2025-03-13 20:00:00+00:00,3.845,3.86,3.818,3.822,44523.44
2025-03-13 21:00:00+00:00,3.823,3.855,3.813,3.855,28613.66
2025-03-13 22:00:00+00:00,3.855,3.928,3.851,3.925,44746.74
2025-03-13 23:00:00+00:00,3.925,3.938,3.9,3.91,74328.35
2025-03-14 00:00:00+00:00,3.909,3.964,3.893,3.951,95848.0
2025-03-14 01:00:00+00:00,3.951,3.965,3.929,3.944,32190.7
2025-03-14 02:00:00+00:00,3.945,3.994,3.938,3.99,108917.23
2025-03-14 03:00:00+00:00,3.991,4.004,3.967,4.004,103275.04
2025-03-14 04:00:00+00:00,4.003,4.005,3.971,3.988,62174.65
2025-03-14 05:00:00+00:00,3.989,4.0,3.961,3.969,70325.88
2025-03-14 06:00:00+00:00,3.969,3.972,3.937,3.955,81916.72
2025-03-14 07:00:00+00:00,3.955,3.982,3.946,3.967,43616.5
2025-03-14 08:00:00+00:00,3.969,4.037,3.966,4.008,103536.12
2025-03-14 09:00:00+00:00,4.01,4.024,3.991,4.02,56878.39
2025-03-14 10:00:00+00:00,4.019,4.045,4.007,4.022,124196.13
2025-03-14 11:00:00+00:00,4.021,4.063,4.021,4.039,93440.98
2025-03-14 12:00:00+00:00,4.039,4.048,4.026,4.041,28396.78
2025-03-14 13:00:00+00:00,4.041,4.069,4.025,4.051,117498.94
2025-03-14 14:00:00+00:00,4.05,4.084,4.025,4.084,142983.48
2025-03-14 15:00:00+00:00,4.084,4.148,4.08,4.11,175167.0
2025-03-14 16:00:00+00:00,4.111,4.22,4.111,4.191,226980.22
2025-03-14 17:00:00+00:00,4.19,4.202,4.143,4.173,147230.97
2025-03-14 18:00:00+00:00,4.175,4.219,4.174,4.198,219012.67
2025-03-14 19:00:00+00:00,4.198,4.221,4.18,4.193,121517.71
2025-03-14 20:00:00+00:00,4.193,4.241,4.187,4.229,115480.11
2025-03-14 21:00:00+00:00,4.23,4.27,4.18,4.267,123160.31
2025-03-14 22:00:00+00:00,4.269,4.304,4.253,4.301,105451.97
2025-03-14 23:00:00+00:00,4.301,4.318,4.276,4.29,131033.31
2025-03-15 00:00:00+00:00,4.289,4.328,4.265,4.284,200161.52
2025-03-15 01:00:00+00:00,4.283,4.29,4.23,4.26,270823.47
2025-03-15 02:00:00+00:00,4.26,4.32,4.253,4.314,170807.02
2025-03-15 03:00:00+00:00,4.313,4.376,4.312,4.362,285478.19
2025-03-15 04:00:00+00:00,4.363,4.418,4.36,4.41,241031.32
2025-03-15 05:00:00+00:00,4.411,4.436,4.396,4.433,113950.24
2025-03-15 06:00:00+00:00,4.434,4.44,4.38,4.399,112131.08
2025-03-15 07:00:00+00:00,4.399,4.433,4.365,4.424,82621.19
2025-03-15 08:00:00+00:00,4.423,4.442,4.4,4.425,92765.95
2025-03-15 09:00:00+00:00,4.425,4.426,4.387,4.398,76689.83
2025-03-15 10:00:00+00:00,4.398,4.438,4.394,4.425,94520.58
2025-03-15 11:00:00+00:00,4.426,4.482,4.416,4.458,221634.36
2025-03-15 12:00:00+00:00,4.457,4.521,4.446,4.492,183500.26
2025-03-15 13:00:00+00:00,4.49,4.551,4.484,4.545,149258.59
2025-03-15 14:00:00+00:00,4.546,4.599,4.522,4.568,278426.94
2025-03-15 15:00:00+00:00,4.568,4.603,4.532,4.537,240269.75
2025-03-15 16:00:00+00:00,4.538,4.633,4.526,4.615,179262.28
2025-03-15 17:00:00+00:00,4.616,4.652,4.594,4.644,186415.73
2025-03-15 18:00:00+00:00,4.645,4.703,4.645,4.688,269182.06
2025-03-15 19:00:00+00:00,4.689,4.722,4.668,4.698,146490.83
2025-03-15 20:00:00+00:00,4.698,4.719,4.683,4.707,94673.82
2025-03-15 21:00:00+00:00,4.706,4.719,4.668,4.67,93065.12
2025-03-15 22:00:00+00:00,4.671,4.699,4.665,4.684,56047.36
2025-03-15 23:00:00+00:00,4.684,4.685,4.64,4.649,124790.31
2025-03-16 00:00:00+00:00,4.649,4.675,4.613,4.625,117495.23
2025-03-16 01:00:00+00:00,4.625,4.629,4.599,4.604,76127.14
2025-03-16 02:00:00+00:00,4.603,4.637,4.583,4.612,156878.47
2025-03-16 03:00:00+00:00,4.612,4.677,4.609,4.672,79496.74
2025-03-16 04:00:00+00:00,4.674,4.709,4.656,4.705,88302.45
2025-03-16 05:00:00+00:00,4.705,4.712,4.681,4.709,98048.29
2025-03-16 06:00:00+00:00,4.709,4.709,4.649,4.654,62048.7
2025-03-16 07:00:00+00:00,4.655,4.67,4.638,4.656,53562.61
2025-03-16 08:00:00+00:00,4.656,4.667,4.638,4.641,57355.25
2025-03-16 09:00:00+00:00,4.645,4.65,4.594,4.603,128765.35
2025-03-16 10:00:00+00:00,4.603,4.628,4.596,4.615,140348.26
2025-03-16 11:00:00+00:00,4.613,4.616,4.532,4.548,273828.76
2025-03-16 12:00:00+00:00,4.547,4.606,4.547,4.564,151132.53
2025-03-16 13:00:00+00:00,4.561,4.597,4.5,4.518,177225.71
2025-03-16 14:00:00+00:00,4.518,4.626,4.518,4.59,282932.78
2025-03-16 15:00:00+00:00,4.591,4.625,4.565,4.622,115400.22
2025-03-16 16:00:00+00:00,4.622,4.761,4.614,4.652,427713.34
2025-03-16 17:00:00+00:00,4.652,4.668,4.615,4.643,107284.72
2025-03-16 18:00:00+00:00,4.643,4.664,4.625,4.652,93206.09
2025-03-16 19:00:00+00:00,4.65,4.654,4.591,4.606,190548.39
2025-03-16 20:00:00+00:00,4.61,4.655,4.602,4.655,108723.42
2025-03-16 21:00:00+00:00,4.655,4.686,4.622,4.627,130868.87
2025-03-16 22:00:00+00:00,4.627,4.638,4.595,4.614,41509.2
2025-03-16 23:00:00+00:00,4.612,4.649,4.602,4.614,41035.18
2025-03-17 00:00:00+00:00,4.614,4.654,4.61,4.64,66560.9
2025-03-17 01:00:00+00:00,4.64,4.687,4.621,4.664,54298.33
2025-03-17 02:00:00+00:00,4.665,4.71,4.647,4.66,90765.3
2025-03-17 03:00:00+00:00,4.659,4.675,4.637,4.649,38508.55
2025-03-17 04:00:00+00:00,4.649,4.661,4.634,4.639,34619.57
2025-03-17 05:00:00+00:00,4.639,4.641,4.562,4.571,147750.27
2025-03-17 06:00:00+00:00,4.571,4.58,4.528,4.546,153139.55
2025-03-17 07:00:00+00:00,4.545,4.624,4.542,4.613,193589.3
2025-03-17 08:00:00+00:00,4.614,4.688,4.597,4.603,299673.88
2025-03-17 09:00:00+00:00,4.603,4.615,4.548,4.601,294859.2
2025-03-17 10:00:00+00:00,4.601,4.642,4.585,4.637,213512.32
2025-03-17 11:00:00+00:00,4.64,4.641,4.595,4.601,69617.53
2025-03-17 12:00:00+00:00,4.6,4.661,4.586,4.604,185247.04
2025-03-17 13:00:00+00:00,4.608,4.643,4.589,4.606,74339.41
2025-03-17 14:00:00+00:00,4.605,4.624,4.588,4.596,106530.99
2025-03-17 15:00:00+00:00,4.596,4.6,4.564,4.568,133907.55
2025-03-17 16:00:00+00:00,4.568,4.591,4.54,4.554,81186.88
2025-03-17 17:00:00+00:00,4.552,4.619,4.543,4.602,75486.93
2025-03-17 18:00:00+00:00,4.601,4.626,4.585,4.617,78654.32
2025-03-17 19:00:00+00:00,4.617,4.645,4.605,4.622,103537.57
2025-03-17 20:00:00+00:00,4.622,4.659,4.619,4.658,69618.51
2025-03-17 21:00:00+00:00,4.657,4.696,4.655,4.684,134066.83
2025-03-17 22:00:00+00:00,4.686,4.738,4.666,4.669,164051.54
2025-03-17 23:00:00+00:00,4.669,4.669,4.624,4.636,54695.78
2025-03-18 00:00:00+00:00,4.635,4.646,4.605,4.641,81555.28
2025-03-18 01:00:00+00:00,4.642,4.674,4.622,4.642,189785.03
2025-03-18 02:00:00+00:00,4.642,4.669,4.611,4.63,113649.86
2025-03-18 03:00:00+00:00,4.63,4.676,4.613,4.653,83235.64
2025-03-18 04:00:00+00:00,4.653,4.712,4.65,4.668,69432.77
2025-03-18 05:00:00+00:00,4.669,4.75,4.669,4.735,146120.72
2025-03-18 06:00:00+00:00,4.737,4.782,4.644,4.659,256896.56
2025-03-18 07:00:00+00:00,4.659,4.817,4.652,4.775,316735.97
2025-03-18 08:00:00+00:00,4.775,4.833,4.709,4.803,516838.25
2025-03-18 09:00:00+00:00,4.803,4.82,4.729,4.737,131599.69
2025-03-18 10:00:00+00:00,4.736,4.757,4.719,4.73,200956.16
2025-03-18 11:00:00+00:00,4.733,4.777,4.713,4.755,144948.91
2025-03-18 12:00:00+00:00,4.757,4.823,4.736,4.798,139268.45
2025-03-18 13:00:00+00:00,4.797,4.821,4.707,4.731,361363.99
2025-03-18 14:00:00+00:00,4.731,4.747,4.623,4.642,342193.1
2025-03-18 15:00:00+00:00,4.642,4.646,4.565,4.587,371395.09
2025-03-18 16:00:00+00:00,4.588,4.625,4.528,4.615,390056.56
2025-03-18 17:00:00+00:00,4.615,4.631,4.579,4.591,94782.51
2025-03-18 18:00:00+00:00,4.59,4.608,4.564,4.572,61743.65
2025-03-18 19:00:00+00:00,4.572,4.667,4.566,4.655,117264.21
2025-03-18 20:00:00+00:00,4.657,4.665,4.608,4.618,71959.09
2025-03-18 21:00:00+00:00,4.618,4.65,4.586,4.605,49124.96
2025-03-18 22:00:00+00:00,4.604,4.745,4.595,4.718,155636.35
2025-03-18 23:00:00+00:00,4.719,4.748,4.71,4.722,89392.8
2025-03-19 00:00:00+00:00,4.724,4.748,4.686,4.713,100074.28
2025-03-19 01:00:00+00:00,4.711,4.729,4.652,4.654,100319.29
2025-03-19 02:00:00+00:00,4.655,4.701,4.643,4.69,106245.13
2025-03-19 03:00:00+00:00,4.691,4.698,4.669,4.693,57769.86
2025-03-19 04:00:00+00:00,4.691,4.697,4.666,4.671,75304.43
2025-03-19 05:00:00+00:00,4.67,4.681,4.648,4.669,74688.69
2025-03-19 06:00:00+00:00,4.665,4.68,4.645,4.65,49159.73
2025-03-19 07:00:00+00:00,4.651,4.67,4.626,4.629,84761.58
2025-03-19 08:00:00+00:00,4.63,4.637,4.575,4.597,131462.25
2025-03-19 09:00:00+00:00,4.599,4.637,4.587,4.608,96058.07
2025-03-19 10:00:00+00:00,4.609,4.648,4.589,4.594,125791.38
2025-03-19 11:00:00+00:00,4.594,4.689,4.593,4.662,122534.01
2025-03-19 12:00:00+00:00,4.663,4.669,4.585,4.615,104617.02
2025-03-19 13:00:00+00:00,4.615,4.694,4.605,4.675,268836.46
2025-03-19 14:00:00+00:00,4.676,4.71,4.657,4.68,131708.21
2025-03-19 15:00:00+00:00,4.679,4.745,4.67,4.723,119413.75
2025-03-19 16:00:00+00:00,4.723,4.735,4.691,4.706,77690.6
2025-03-19 17:00:00+00:00,4.706,4.707,4.646,4.681,105166.7
2025-03-19 18:00:00+00:00,4.681,4.75,4.653,4.741,238064.45
2025-03-19 19:00:00+00:00,4.741,4.763,4.704,4.717,145470.73
2025-03-19 20:00:00+00:00,4.72,4.746,4.693,4.701,47852.46
2025-03-19 21:00:00+00:00,4.699,4.725,4.695,4.715,40167.82
2025-03-19 22:00:00+00:00,4.715,4.762,4.71,4.731,92956.97
2025-03-19 23:00:00+00:00,4.731,4.757,4.712,4.752,70415.03
2025-03-20 00:00:00+00:00,4.752,4.774,4.697,4.697,66745.69
2025-03-20 01:00:00+00:00,4.698,4.719,4.674,4.688,88125.8
2025-03-20 02:00:00+00:00,4.689,4.691,4.673,4.676,33128.49
2025-03-20 03:00:00+00:00,4.677,4.683,4.657,4.665,33437.76
2025-03-20 04:00:00+00:00,4.665,4.683,4.657,4.68,26736.04
2025-03-20 05:00:00+00:00,4.682,4.691,4.656,4.675,19184.99
2025-03-20 06:00:00+00:00,4.673,4.683,4.657,4.661,35172.23
2025-03-20 07:00:00+00:00,4.66,4.685,4.647,4.68,63731.29
2025-03-20 08:00:00+00:00,4.681,4.746,4.663,4.735,85913.13
2025-03-20 09:00:00+00:00,4.735,4.756,4.71,4.718,65165.73
2025-03-20 10:00:00+00:00,4.714,4.717,4.626,4.633,107073.78
2025-03-20 11:00:00+00:00,4.633,4.646,4.622,4.626,33534.5
2025-03-20 12:00:00+00:00,4.628,4.66,4.609,4.65,37700.71
2025-03-20 13:00:00+00:00,4.65,4.68,4.632,4.673,30575.66
2025-03-20 14:00:00+00:00,4.673,4.777,4.673,4.764,235088.77
2025-03-20 15:00:00+00:00,4.767,4.812,4.725,4.781,226643.84
2025-03-20 16:00:00+00:00,4.779,4.808,4.707,4.751,229329.33
2025-03-20 17:00:00+00:00,4.749,4.802,4.734,4.769,100825.95
2025-03-20 18:00:00+00:00,4.773,4.788,4.733,4.737,50269.35
2025-03-20 19:00:00+00:00,4.736,4.746,4.717,4.732,53777.49
2025-03-20 20:00:00+00:00,4.73,4.82,4.728,4.816,86752.87
2025-03-20 21:00:00+00:00,4.817,4.848,4.728,4.733,168690.3
2025-03-20 22:00:00+00:00,4.733,4.755,4.706,4.706,72562.72
2025-03-20 23:00:00+00:00,4.706,4.712,4.655,4.684,112075.59
2025-03-21 00:00:00+00:00,4.684,4.708,4.671,4.692,57620.12
2025-03-21 01:00:00+00:00,4.691,4.723,4.668,4.704,77076.61
2025-03-21 02:00:00+00:00,4.704,4.707,4.65,4.666,78875.87
2025-03-21 03:00:00+00:00,4.666,4.68,4.639,4.641,38004.79
2025-03-21 04:00:00+00:00,4.64,4.669,4.638,4.662,43237.57
2025-03-21 05:00:00+00:00,4.661,4.668,4.623,4.643,45505.06
2025-03-21 06:00:00+00:00,4.642,4.654,4.615,4.62,72929.89
2025-03-21 07:00:00+00:00,4.622,4.631,4.589,4.62,94001.55
2025-03-21 08:00:00+00:00,4.621,4.641,4.566,4.576,88523.77
2025-03-21 09:00:00+00:00,4.577,4.6,4.56,4.572,54025.45
2025-03-21 10:00:00+00:00,4.572,4.574,4.522,4.544,105647.48
2025-03-21 11:00:00+00:00,4.544,4.544,4.509,4.538,70505.91
2025-03-21 12:00:00+00:00,4.537,4.55,4.474,4.482,108046.38
2025-03-21 13:00:00+00:00,4.481,4.529,4.477,4.522,60715.63
2025-03-21 14:00:00+00:00,4.52,4.608,4.501,4.607,119221.36
2025-03-21 15:00:00+00:00,4.607,4.618,4.564,4.567,56928.51
2025-03-21 16:00:00+00:00,4.568,4.621,4.556,4.613,62269.35
2025-03-21 17:00:00+00:00,4.613,4.618,4.581,4.583,61319.22
2025-03-21 18:00:00+00:00,4.584,4.635,4.579,4.617,113972.96
2025-03-21 19:00:00+00:00,4.616,4.626,4.597,4.602,32176.89
2025-03-21 20:00:00+00:00,4.603,4.63,4.592,4.627,45643.15
2025-03-21 21:00:00+00:00,4.625,4.645,4.614,4.623,27345.76
2025-03-21 22:00:00+00:00,4.622,4.627,4.598,4.612,32047.82
2025-03-21 23:00:00+00:00,4.611,4.611,4.587,4.594,14162.71
2025-03-22 00:00:00+00:00,4.595,4.615,4.582,4.607,31446.48
2025-03-22 01:00:00+00:00,4.605,4.625,4.598,4.605,16392.05
2025-03-22 02:00:00+00:00,4.605,4.681,4.599,4.675,93849.66
2025-03-22 03:00:00+00:00,4.674,4.681,4.639,4.651,76430.09
2025-03-22 04:00:00+00:00,4.651,4.688,4.651,4.675,30016.55
2025-03-22 05:00:00+00:00,4.676,4.711,4.67,4.709,45243.83
2025-03-22 06:00:00+00:00,4.709,4.753,4.708,4.745,95667.37
2025-03-22 07:00:00+00:00,4.747,4.781,4.74,4.77,102621.95
2025-03-22 08:00:00+00:00,4.771,4.774,4.726,4.741,59786.74
2025-03-22 09:00:00+00:00,4.742,4.809,4.742,4.805,99491.71
2025-03-22 10:00:00+00:00,4.806,4.819,4.778,4.788,81904.95
2025-03-22 11:00:00+00:00,4.788,4.814,4.76,4.763,45662.37
2025-03-22 12:00:00+00:00,4.762,4.81,4.75,4.794,79569.7
2025-03-22 13:00:00+00:00,4.795,4.807,4.773,4.796,56731.27
2025-03-22 14:00:00+00:00,4.796,4.797,4.755,4.761,41039.0
2025-03-22 15:00:00+00:00,4.762,4.808,4.761,4.8,57528.12
2025-03-22 16:00:00+00:00,4.798,4.872,4.792,4.862,104985.69
2025-03-22 17:00:00+00:00,4.862,4.968,4.858,4.939,247936.97
2025-03-22 18:00:00+00:00,4.94,5.035,4.939,5.032,290898.72
2025-03-22 19:00:00+00:00,5.033,5.046,4.997,5.011,110282.57
2025-03-22 20:00:00+00:00,5.011,5.025,4.943,4.944,183808.54
2025-03-22 21:00:00+00:00,4.945,4.974,4.913,4.933,135035.35
2025-03-22 22:00:00+00:00,4.932,4.952,4.884,4.891,89429.35
2025-03-22 23:00:00+00:00,4.89,4.907,4.853,4.886,147318.33
2025-03-23 00:00:00+00:00,4.884,4.892,4.849,4.852,76839.39
2025-03-23 01:00:00+00:00,4.852,4.896,4.852,4.875,39428.19
2025-03-23 02:00:00+00:00,4.874,4.878,4.834,4.847,42483.72
2025-03-23 03:00:00+00:00,4.847,4.866,4.816,4.859,39805.01
2025-03-23 04:00:00+00:00,4.859,4.863,4.794,4.797,74046.7
2025-03-23 05:00:00+00:00,4.797,4.807,4.774,4.79,49374.71
2025-03-23 06:00:00+00:00,4.791,4.822,4.779,4.813,55721.64
2025-03-23 07:00:00+00:00,4.815,4.871,4.815,4.848,70283.82
2025-03-23 08:00:00+00:00,4.848,4.859,4.806,4.807,75701.11
2025-03-23 09:00:00+00:00,4.808,4.831,4.792,4.82,59913.04
2025-03-23 10:00:00+00:00,4.819,4.852,4.81,4.825,74568.0
2025-03-23 11:00:00+00:00,4.823,4.848,4.786,4.793,77526.02
2025-03-23 12:00:00+00:00,4.794,4.805,4.775,4.794,55027.2
2025-03-23 13:00:00+00:00,4.793,4.795,4.75,4.784,110003.86
2025-03-23 14:00:00+00:00,4.783,4.789,4.75,4.757,73684.51
2025-03-23 15:00:00+00:00,4.757,4.769,4.722,4.736,104388.59
2025-03-23 16:00:00+00:00,4.736,4.748,4.715,4.726,55799.75
2025-03-23 17:00:00+00:00,4.724,4.734,4.685,4.705,106446.65
2025-03-23 18:00:00+00:00,4.706,4.709,4.685,4.692,48596.38
2025-03-23 19:00:00+00:00,4.688,4.758,4.684,4.736,45249.6
2025-03-23 20:00:00+00:00,4.734,4.778,4.734,4.749,37249.6
2025-03-23 21:00:00+00:00,4.749,4.781,4.747,4.773,38617.48
2025-03-23 22:00:00+00:00,4.774,4.811,4.773,4.809,71522.18
2025-03-23 23:00:00+00:00,4.809,4.83,4.796,4.807,41746.27
2025-03-24 00:00:00+00:00,4.805,4.844,4.787,4.789,61504.44
2025-03-24 01:00:00+00:00,4.788,4.796,4.767,4.775,39171.92
2025-03-24 02:00:00+00:00,4.775,4.789,4.758,4.785,33159.43
2025-03-24 03:00:00+00:00,4.785,4.838,4.781,4.806,47755.65
2025-03-24 04:00:00+00:00,4.807,4.851,4.8,4.848,95770.45
2025-03-24 05:00:00+00:00,4.85,4.9,4.85,4.878,91269.2
2025-03-24 06:00:00+00:00,4.877,4.952,4.877,4.938,129357.92
2025-03-24 07:00:00+00:00,4.939,4.944,4.843,4.844,124801.88
2025-03-24 08:00:00+00:00,4.843,4.894,4.843,4.872,83942.19
2025-03-24 09:00:00+00:00,4.872,4.888,4.853,4.874,114976.47
2025-03-24 10:00:00+00:00,4.869,4.87,4.816,4.824,173210.16
2025-03-24 11:00:00+00:00,4.824,4.844,4.814,4.828,55607.87
2025-03-24 12:00:00+00:00,4.829,4.868,4.808,4.851,104100.87
2025-03-24 13:00:00+00:00,4.851,4.861,4.818,4.834,93059.54
2025-03-24 14:00:00+00:00,4.837,4.921,4.825,4.89,143181.41
2025-03-24 15:00:00+00:00,4.887,4.952,4.877,4.918,139150.79
2025-03-24 16:00:00+00:00,4.919,4.934,4.868,4.891,83835.38
2025-03-24 17:00:00+00:00,4.892,4.945,4.882,4.93,67103.05
2025-03-24 18:00:00+00:00,4.925,4.944,4.898,4.933,54108.3
2025-03-24 19:00:00+00:00,4.933,4.949,4.923,4.945,34012.74
2025-03-24 20:00:00+00:00,4.946,4.956,4.897,4.913,80277.17
2025-03-24 21:00:00+00:00,4.913,4.971,4.905,4.968,81490.38
2025-03-24 22:00:00+00:00,4.97,4.995,4.938,4.994,76625.65
2025-03-24 23:00:00+00:00,4.993,4.997,4.899,4.956,167774.56
2025-03-25 00:00:00+00:00,4.955,5.016,4.948,4.991,89375.13
2025-03-25 01:00:00+00:00,4.992,4.992,4.937,4.949,57204.73
2025-03-25 02:00:00+00:00,4.947,5.015,4.939,4.982,83834.7
2025-03-25 03:00:00+00:00,4.981,4.992,4.915,4.93,82066.75
2025-03-25 04:00:00+00:00,4.931,4.954,4.893,4.903,62265.13
2025-03-25 05:00:00+00:00,4.901,4.926,4.883,4.903,81582.26
2025-03-25 06:00:00+00:00,4.901,4.943,4.899,4.915,74891.91
2025-03-25 07:00:00+00:00,4.912,4.937,4.873,4.89,79470.15
2025-03-25 08:00:00+00:00,4.89,4.907,4.883,4.899,54151.09
2025-03-25 09:00:00+00:00,4.894,4.897,4.846,4.86,134553.96
2025-03-25 10:00:00+00:00,4.862,4.869,4.838,4.86,141017.55
2025-03-25 11:00:00+00:00,4.861,4.905,4.856,4.899,101736.55
2025-03-25 12:00:00+00:00,4.899,4.921,4.844,4.848,133683.43
2025-03-25 13:00:00+00:00,4.847,4.901,4.824,4.836,152402.1
2025-03-25 14:00:00+00:00,4.837,4.879,4.817,4.864,124587.35
2025-03-25 15:00:00+00:00,4.862,4.877,4.821,4.827,88489.93
2025-03-25 16:00:00+00:00,4.828,4.861,4.807,4.827,88789.01
2025-03-25 17:00:00+00:00,4.829,4.871,4.824,4.857,93439.99
2025-03-25 18:00:00+00:00,4.857,4.868,4.82,4.833,88701.05
2025-03-25 19:00:00+00:00,4.835,4.849,4.821,4.84,73330.09
2025-03-25 20:00:00+00:00,4.839,4.866,4.829,4.836,95294.77
2025-03-25 21:00:00+00:00,4.836,4.866,4.836,4.847,100913.79
2025-03-25 22:00:00+00:00,4.846,4.855,4.79,4.822,124907.47
2025-03-25 23:00:00+00:00,4.823,4.843,4.8,4.836,29724.27
2025-03-26 00:00:00+00:00,4.836,4.856,4.822,4.845,54575.15
2025-03-26 01:00:00+00:00,4.846,4.894,4.84,4.888,64519.07
2025-03-26 02:00:00+00:00,4.888,4.889,4.83,4.834,57942.75
2025-03-26 03:00:00+00:00,4.834,4.845,4.774,4.787,61621.3
2025-03-26 04:00:00+00:00,4.79,4.795,4.773,4.795,30241.36
2025-03-26 05:00:00+00:00,4.795,4.805,4.775,4.801,106700.59
2025-03-26 06:00:00+00:00,4.801,4.844,4.779,4.843,80669.72
2025-03-26 07:00:00+00:00,4.843,4.912,4.84,4.903,146946.29
2025-03-26 08:00:00+00:00,4.902,4.922,4.862,4.876,82781.01
2025-03-26 09:00:00+00:00,4.876,4.917,4.876,4.899,73169.54
2025-03-26 10:00:00+00:00,4.899,4.935,4.898,4.928,54549.27
2025-03-26 11:00:00+00:00,4.927,4.949,4.92,4.927,66745.72
2025-03-26 12:00:00+00:00,4.929,4.962,4.896,4.957,115405.98
2025-03-26 13:00:00+00:00,4.958,4.985,4.918,4.927,260780.0
2025-03-26 14:00:00+00:00,4.924,4.965,4.868,4.896,165614.0
2025-03-26 15:00:00+00:00,4.898,4.95,4.89,4.919,131348.33
2025-03-26 16:00:00+00:00,4.917,4.944,4.894,4.909,100231.35
2025-03-26 17:00:00+00:00,4.909,4.94,4.886,4.89,99126.65
2025-03-26 18:00:00+00:00,4.89,4.945,4.87,4.873,92177.09
2025-03-26 19:00:00+00:00,4.873,4.909,4.824,4.881,137835.31
2025-03-26 20:00:00+00:00,4.878,4.952,4.877,4.94,102052.23
2025-03-26 21:00:00+00:00,4.941,4.945,4.866,4.921,73430.35
2025-03-26 22:00:00+00:00,4.915,4.923,4.876,4.884,53950.06
2025-03-26 23:00:00+00:00,4.885,4.896,4.846,4.877,55224.05
2025-03-27 00:00:00+00:00,4.878,4.95,4.878,4.943,57021.81
2025-03-27 01:00:00+00:00,4.943,4.95,4.89,4.905,82945.1
2025-03-27 02:00:00+00:00,4.906,4.933,4.895,4.925,41100.08
2025-03-27 03:00:00+00:00,4.922,4.965,4.907,4.951,58034.93
2025-03-27 04:00:00+00:00,4.951,4.951,4.913,4.915,69107.46
2025-03-27 05:00:00+00:00,4.913,4.927,4.889,4.893,77673.21
2025-03-27 06:00:00+00:00,4.892,4.916,4.88,4.887,54695.4
2025-03-27 07:00:00+00:00,4.884,4.895,4.848,4.861,42201.31
2025-03-27 08:00:00+00:00,4.859,4.92,4.857,4.876,69872.45
2025-03-27 09:00:00+00:00,4.876,4.876,4.84,4.857,47547.08
2025-03-27 10:00:00+00:00,4.858,4.867,4.82,4.823,46674.3
2025-03-27 11:00:00+00:00,4.821,4.847,4.776,4.784,97429.11
2025-03-27 12:00:00+00:00,4.786,4.807,4.766,4.789,58106.95
2025-03-27 13:00:00+00:00,4.788,4.817,4.738,4.776,103761.83
2025-03-27 14:00:00+00:00,4.776,4.888,4.773,4.887,102536.79
2025-03-27 15:00:00+00:00,4.887,4.888,4.825,4.846,59950.48
2025-03-27 16:00:00+00:00,4.846,4.868,4.818,4.818,37889.62
2025-03-27 17:00:00+00:00,4.819,4.834,4.777,4.783,73401.37
2025-03-27 18:00:00+00:00,4.783,4.847,4.78,4.833,48207.62
2025-03-27 19:00:00+00:00,4.832,4.843,4.813,4.829,24405.34
2025-03-27 20:00:00+00:00,4.83,4.84,4.81,4.827,27531.96
2025-03-27 21:00:00+00:00,4.827,4.866,4.812,4.863,57409.34
2025-03-27 22:00:00+00:00,4.862,4.864,4.822,4.825,33453.84
2025-03-27 23:00:00+00:00,4.823,4.828,4.805,4.806,30681.57
2025-03-28 00:00:00+00:00,4.806,4.807,4.759,4.797,65676.96
2025-03-28 01:00:00+00:00,4.798,4.827,4.776,4.794,32026.61
2025-03-28 02:00:00+00:00,4.795,4.815,4.76,4.762,36527.86
2025-03-28 03:00:00+00:00,4.762,4.765,4.716,4.747,48185.95
2025-03-28 04:00:00+00:00,4.748,4.749,4.601,4.657,146608.67
2025-03-28 05:00:00+00:00,4.655,4.655,4.582,4.582,64020.99
2025-03-28 06:00:00+00:00,4.582,4.625,4.568,4.571,59290.6
2025-03-28 07:00:00+00:00,4.571,4.593,4.552,4.563,71013.03
2025-03-28 08:00:00+00:00,4.563,4.598,4.56,4.573,90341.95
2025-03-28 09:00:00+00:00,4.574,4.597,4.557,4.569,56298.11
2025-03-28 10:00:00+00:00,4.568,4.584,4.546,4.552,69941.44
2025-03-28 11:00:00+00:00,4.552,4.615,4.531,4.612,113903.74
2025-03-28 12:00:00+00:00,4.611,4.636,4.579,4.591,95901.36
2025-03-28 13:00:00+00:00,4.59,4.675,4.59,4.628,118986.6
2025-03-28 14:00:00+00:00,4.628,4.654,4.604,4.623,103606.31
2025-03-28 15:00:00+00:00,4.623,4.639,4.555,4.561,79234.64
2025-03-28 16:00:00+00:00,4.561,4.58,4.532,4.553,79428.82
2025-03-28 17:00:00+00:00,4.553,4.586,4.546,4.567,39608.42
2025-03-28 18:00:00+00:00,4.566,4.583,4.555,4.574,21491.41
2025-03-28 19:00:00+00:00,4.574,4.586,4.495,4.519,66857.95
2025-03-28 20:00:00+00:00,4.52,4.57,4.52,4.527,61702.47
2025-03-28 21:00:00+00:00,4.527,4.575,4.52,4.557,34074.87
2025-03-28 22:00:00+00:00,4.556,4.595,4.556,4.59,64125.06
2025-03-28 23:00:00+00:00,4.591,4.591,4.544,4.549,54763.37
2025-03-29 00:00:00+00:00,4.548,4.561,4.522,4.522,36614.52
2025-03-29 01:00:00+00:00,4.523,4.545,4.514,4.53,30271.51
2025-03-29 02:00:00+00:00,4.53,4.534,4.461,4.464,62708.89
2025-03-29 03:00:00+00:00,4.464,4.55,4.42,4.535,108359.8
2025-03-29 04:00:00+00:00,4.535,4.545,4.504,4.509,34401.54
2025-03-29 05:00:00+00:00,4.508,4.52,4.493,4.498,25240.29
2025-03-29 06:00:00+00:00,4.499,4.499,4.45,4.464,64248.09
2025-03-29 07:00:00+00:00,4.463,4.479,4.429,4.45,93136.61
2025-03-29 08:00:00+00:00,4.45,4.505,4.446,4.494,84984.63
2025-03-29 09:00:00+00:00,4.494,4.503,4.433,4.473,63272.71
2025-03-29 10:00:00+00:00,4.473,4.474,4.442,4.444,24393.65
2025-03-29 11:00:00+00:00,4.444,4.458,4.382,4.41,144549.66
2025-03-29 12:00:00+00:00,4.411,4.448,4.401,4.422,91913.92
2025-03-29 13:00:00+00:00,4.421,4.444,4.42,4.437,61176.51
2025-03-29 14:00:00+00:00,4.436,4.444,4.378,4.381,117770.27
2025-03-29 15:00:00+00:00,4.381,4.394,4.345,4.356,220760.71
2025-03-29 16:00:00+00:00,4.355,4.367,4.309,4.312,97718.88
2025-03-29 17:00:00+00:00,4.313,4.337,4.265,4.308,304199.72
2025-03-29 18:00:00+00:00,4.308,4.322,4.277,4.284,136699.52
2025-03-29 19:00:00+00:00,4.285,4.292,4.244,4.27,119970.48
2025-03-29 20:00:00+00:00,4.269,4.27,4.191,4.204,108527.16
2025-03-29 21:00:00+00:00,4.204,4.251,4.198,4.221,47335.48
2025-03-29 22:00:00+00:00,4.22,4.228,4.172,4.18,43703.68
2025-03-29 23:00:00+00:00,4.179,4.248,4.171,4.243,48241.5
2025-03-30 00:00:00+00:00,4.243,4.244,4.186,4.215,88894.28
2025-03-30 01:00:00+00:00,4.214,4.296,4.212,4.266,71302.69
2025-03-30 02:00:00+00:00,4.267,4.31,4.267,4.305,47869.73
2025-03-30 03:00:00+00:00,4.306,4.314,4.272,4.276,28526.83
2025-03-30 04:00:00+00:00,4.275,4.306,4.275,4.285,23532.69
2025-03-30 05:00:00+00:00,4.286,4.305,4.275,4.281,43291.11
2025-03-30 06:00:00+00:00,4.279,4.318,4.273,4.305,37346.63
2025-03-30 07:00:00+00:00,4.304,4.344,4.296,4.33,28539.88
2025-03-30 08:00:00+00:00,4.331,4.393,4.329,4.391,65138.76
2025-03-30 09:00:00+00:00,4.392,4.394,4.36,4.369,62371.46
2025-03-30 10:00:00+00:00,4.368,4.378,4.314,4.315,136593.5
2025-03-30 11:00:00+00:00,4.317,4.354,4.307,4.325,70826.93
2025-03-30 12:00:00+00:00,4.327,4.336,4.314,4.324,31586.94
2025-03-30 13:00:00+00:00,4.326,4.332,4.261,4.272,95265.75
2025-03-30 14:00:00+00:00,4.269,4.309,4.251,4.296,65814.98
2025-03-30 15:00:00+00:00,4.296,4.312,4.282,4.287,29948.16
2025-03-30 16:00:00+00:00,4.288,4.311,4.247,4.256,30273.9
2025-03-30 17:00:00+00:00,4.254,4.282,4.243,4.276,36360.06
2025-03-30 18:00:00+00:00,4.278,4.344,4.278,4.344,40877.79
2025-03-30 19:00:00+00:00,4.344,4.362,4.32,4.322,47632.64
2025-03-30 20:00:00+00:00,4.323,4.337,4.309,4.318,32928.06
2025-03-30 21:00:00+00:00,4.319,4.363,4.282,4.3,41760.83
2025-03-30 22:00:00+00:00,4.299,4.342,4.229,4.318,99045.91
2025-03-30 23:00:00+00:00,4.32,4.324,4.284,4.314,27213.28
2025-03-31 00:00:00+00:00,4.315,4.332,4.249,4.27,57132.05
2025-03-31 01:00:00+00:00,4.272,4.353,4.264,4.352,71483.41
2025-03-31 02:00:00+00:00,4.352,4.357,4.314,4.329,36891.47
2025-03-31 03:00:00+00:00,4.328,4.346,4.276,4.283,41669.68
2025-03-31 04:00:00+00:00,4.285,4.333,4.27,4.321,44285.63
2025-03-31 05:00:00+00:00,4.32,4.349,4.317,4.323,33566.22
2025-03-31 06:00:00+00:00,4.324,4.334,4.279,4.282,62940.88
2025-03-31 07:00:00+00:00,4.281,4.304,4.212,4.238,51487.64
2025-03-31 08:00:00+00:00,4.238,4.279,4.223,4.226,44319.38
2025-03-31 09:00:00+00:00,4.228,4.259,4.178,4.19,93529.93
2025-03-31 10:00:00+00:00,4.19,4.279,4.182,4.274,95887.2
2025-03-31 11:00:00+00:00,4.275,4.308,4.243,4.291,54815.28
2025-03-31 12:00:00+00:00,4.29,4.345,4.257,4.322,72872.13
2025-03-31 13:00:00+00:00,4.323,4.373,4.299,4.35,221050.81
2025-03-31 14:00:00+00:00,4.352,4.45,4.352,4.431,181884.88
2025-03-31 15:00:00+00:00,4.432,4.466,4.394,4.395,88286.84
2025-03-31 16:00:00+00:00,4.397,4.436,4.388,4.413,68235.85
2025-03-31 17:00:00+00:00,4.411,4.434,4.355,4.373,95586.42
2025-03-31 18:00:00+00:00,4.372,4.422,4.367,4.393,74116.57
2025-03-31 19:00:00+00:00,4.393,4.417,4.367,4.369,31875.56
2025-03-31 20:00:00+00:00,4.369,4.401,4.366,4.376,25053.67
2025-03-31 21:00:00+00:00,4.376,4.403,4.375,4.38,20823.15
2025-03-31 22:00:00+00:00,4.378,4.38,4.349,4.375,43904.1
2025-03-31 23:00:00+00:00,4.376,4.382,4.358,4.375,30908.81
2025-04-01 00:00:00+00:00,4.375,4.412,4.365,4.388,47844.36
2025-04-01 01:00:00+00:00,4.387,4.395,4.347,4.351,31426.22
2025-04-01 02:00:00+00:00,4.35,4.399,4.345,4.399,56008.67
2025-04-01 03:00:00+00:00,4.4,4.413,4.387,4.413,49842.75
2025-04-01 04:00:00+00:00,4.414,4.427,4.392,4.418,40607.79
2025-04-01 05:00:00+00:00,4.418,4.461,4.418,4.424,33528.85
2025-04-01 06:00:00+00:00,4.423,4.475,4.405,4.457,40895.89
2025-04-01 07:00:00+00:00,4.46,4.476,4.428,4.434,34248.15
2025-04-01 08:00:00+00:00,4.434,4.511,4.434,4.508,87802.56
2025-04-01 09:00:00+00:00,4.508,4.545,4.505,4.515,79772.81
2025-04-01 10:00:00+00:00,4.515,4.518,4.476,4.482,78806.34
2025-04-01 11:00:00+00:00,4.482,4.486,4.437,4.45,71105.89
2025-04-01 12:00:00+00:00,4.451,4.47,4.429,4.437,110992.59
2025-04-01 13:00:00+00:00,4.439,4.473,4.426,4.439,77942.05
2025-04-01 14:00:00+00:00,4.438,4.452,4.367,4.44,174411.18
2025-04-01 15:00:00+00:00,4.441,4.525,4.441,4.498,157820.28
2025-04-01 16:00:00+00:00,4.499,4.504,4.437,4.442,73410.32
2025-04-01 17:00:00+00:00,4.442,4.46,4.423,4.425,94639.12
2025-04-01 18:00:00+00:00,4.426,4.427,4.394,4.409,37874.62
2025-04-01 19:00:00+00:00,4.41,4.425,4.39,4.407,24187.91
2025-04-01 20:00:00+00:00,4.407,4.409,4.366,4.399,46242.92
2025-04-01 21:00:00+00:00,4.401,4.428,4.391,4.393,34675.55
2025-04-01 22:00:00+00:00,4.394,4.428,4.388,4.394,27198.88
2025-04-01 23:00:00+00:00,4.394,4.406,4.366,4.372,36725.64
2025-04-02 00:00:00+00:00,4.375,4.381,4.328,4.335,54153.02
2025-04-02 01:00:00+00:00,4.336,4.347,4.312,4.332,22473.21
2025-04-02 02:00:00+00:00,4.333,4.342,4.283,4.309,34548.38
2025-04-02 03:00:00+00:00,4.31,4.375,4.31,4.363,48282.23
2025-04-02 04:00:00+00:00,4.362,4.369,4.323,4.337,21436.07
2025-04-02 05:00:00+00:00,4.338,4.339,4.287,4.294,60246.97
2025-04-02 06:00:00+00:00,4.294,4.323,4.286,4.287,71164.34
2025-04-02 07:00:00+00:00,4.289,4.359,4.286,4.328,94509.99
2025-04-02 08:00:00+00:00,4.328,4.357,4.311,4.321,83678.06
2025-04-02 09:00:00+00:00,4.32,4.376,4.319,4.364,70398.24
2025-04-02 10:00:00+00:00,4.364,4.388,4.348,4.36,121817.09
2025-04-02 11:00:00+00:00,4.361,4.371,4.333,4.341,72370.04
2025-04-02 12:00:00+00:00,4.344,4.368,4.332,4.366,74641.9
2025-04-02 13:00:00+00:00,4.368,4.43,4.341,4.392,138926.94
2025-04-02 14:00:00+00:00,4.39,4.432,4.38,4.426,59368.16
2025-04-02 15:00:00+00:00,4.427,4.551,4.423,4.532,233153.74
2025-04-02 16:00:00+00:00,4.533,4.563,4.493,4.503,109719.05
2025-04-02 17:00:00+00:00,4.503,4.516,4.431,4.465,96747.8
2025-04-02 18:00:00+00:00,4.464,4.496,4.448,4.49,44231.57
2025-04-02 19:00:00+00:00,4.492,4.504,4.469,4.499,30443.51
2025-04-02 20:00:00+00:00,4.501,4.608,4.411,4.451,411870.52
2025-04-02 21:00:00+00:00,4.452,4.456,4.358,4.385,143014.03
2025-04-02 22:00:00+00:00,4.385,4.385,4.162,4.181,195147.31
2025-04-02 23:00:00+00:00,4.182,4.233,4.143,4.213,131645.42
2025-04-03 00:00:00+00:00,4.212,4.332,4.197,4.331,77044.77
2025-04-03 01:00:00+00:00,4.331,4.399,4.323,4.395,97119.7
2025-04-03 02:00:00+00:00,4.395,4.431,4.375,4.431,76772.57
2025-04-03 03:00:00+00:00,4.43,4.464,4.411,4.444,82265.59
2025-04-03 04:00:00+00:00,4.444,4.483,4.428,4.467,91164.67
2025-04-03 05:00:00+00:00,4.47,4.47,4.431,4.45,73950.28
2025-04-03 06:00:00+00:00,4.45,4.468,4.415,4.427,129115.07
2025-04-03 07:00:00+00:00,4.428,4.438,4.369,4.399,120944.12
2025-04-03 08:00:00+00:00,4.399,4.427,4.371,4.379,50461.01
2025-04-03 09:00:00+00:00,4.379,4.391,4.352,4.357,51459.29
2025-04-03 10:00:00+00:00,4.356,4.365,4.292,4.295,85497.37
2025-04-03 11:00:00+00:00,4.294,4.342,4.282,4.326,76702.59
2025-04-03 12:00:00+00:00,4.326,4.332,4.232,4.245,129136.26
2025-04-03 13:00:00+00:00,4.242,4.332,4.235,4.33,92826.55
2025-04-03 14:00:00+00:00,4.33,4.336,4.256,4.275,112052.52
2025-04-03 15:00:00+00:00,4.272,4.367,4.271,4.339,94165.14
2025-04-03 16:00:00+00:00,4.34,4.375,4.325,4.374,82944.23
2025-04-03 17:00:00+00:00,4.376,4.465,4.375,4.462,130117.08
2025-04-03 18:00:00+00:00,4.462,4.541,4.422,4.525,230383.8
2025-04-03 19:00:00+00:00,4.525,4.55,4.505,4.549,75469.65
2025-04-03 20:00:00+00:00,4.55,4.625,4.539,4.603,172090.35
2025-04-03 21:00:00+00:00,4.605,4.667,4.59,4.656,217712.76
2025-04-03 22:00:00+00:00,4.659,4.715,4.623,4.68,115549.78
2025-04-03 23:00:00+00:00,4.68,4.685,4.62,4.65,152056.65
2025-04-04 00:00:00+00:00,4.651,4.679,4.622,4.637,87965.98
2025-04-04 01:00:00+00:00,4.637,4.688,4.615,4.654,136508.17
2025-04-04 02:00:00+00:00,4.656,4.78,4.653,4.764,299948.02
2025-04-04 03:00:00+00:00,4.763,4.824,4.736,4.814,223316.55
2025-04-04 04:00:00+00:00,4.815,4.835,4.733,4.768,214978.82
2025-04-04 05:00:00+00:00,4.768,4.862,4.745,4.835,199945.12
2025-04-04 06:00:00+00:00,4.834,4.867,4.808,4.81,129695.64
2025-04-04 07:00:00+00:00,4.809,4.85,4.769,4.779,365348.3
2025-04-04 08:00:00+00:00,4.781,4.842,4.774,4.818,126824.21
2025-04-04 09:00:00+00:00,4.818,4.854,4.811,4.815,89856.95
2025-04-04 10:00:00+00:00,4.815,4.815,4.689,4.693,258973.68
2025-04-04 11:00:00+00:00,4.695,4.749,4.634,4.741,184607.64
2025-04-04 12:00:00+00:00,4.742,4.821,4.717,4.787,298516.2
2025-04-04 13:00:00+00:00,4.788,5.019,4.785,4.955,771154.02
2025-04-04 14:00:00+00:00,4.954,4.981,4.905,4.969,374679.28
2025-04-04 15:00:00+00:00,4.968,5.086,4.965,5.038,551500.26
2025-04-04 16:00:00+00:00,5.039,5.092,4.997,5.036,358747.96
2025-04-04 17:00:00+00:00,5.033,5.079,4.98,5.042,271911.78
2025-04-04 18:00:00+00:00,5.042,5.055,4.992,4.998,95651.81
2025-04-04 19:00:00+00:00,5.0,5.021,4.97,5.006,162234.33
2025-04-04 20:00:00+00:00,5.004,5.013,4.962,4.999,77866.6
2025-04-04 21:00:00+00:00,5.001,5.07,4.992,5.006,148347.2
2025-04-04 22:00:00+00:00,5.008,5.013,4.964,4.971,66334.98
2025-04-04 23:00:00+00:00,4.972,4.991,4.935,4.989,132335.82
2025-04-05 00:00:00+00:00,4.99,5.016,4.955,4.992,107735.23
2025-04-05 01:00:00+00:00,4.994,4.998,4.963,4.975,56247.65
2025-04-05 02:00:00+00:00,4.977,4.997,4.967,4.985,76988.1
2025-04-05 03:00:00+00:00,4.985,4.985,4.896,4.896,184783.84
2025-04-05 04:00:00+00:00,4.897,4.929,4.882,4.887,70039.33
2025-04-05 05:00:00+00:00,4.886,4.91,4.874,4.894,56417.61
2025-04-05 06:00:00+00:00,4.894,4.902,4.857,4.884,56317.73
2025-04-05 07:00:00+00:00,4.882,4.959,4.872,4.916,113303.77
2025-04-05 08:00:00+00:00,4.916,4.946,4.9,4.919,88153.77
2025-04-05 09:00:00+00:00,4.919,4.929,4.885,4.889,51851.07
2025-04-05 10:00:00+00:00,4.888,4.954,4.879,4.927,105147.96
2025-04-05 11:00:00+00:00,4.925,4.962,4.919,4.946,79084.65
2025-04-05 12:00:00+00:00,4.945,4.966,4.921,4.949,73238.01
2025-04-05 13:00:00+00:00,4.95,4.955,4.871,4.898,256745.53
2025-04-05 14:00:00+00:00,4.897,4.928,4.894,4.911,102219.69
2025-04-05 15:00:00+00:00,4.91,4.918,4.86,4.888,57553.33
2025-04-05 16:00:00+00:00,4.887,4.901,4.829,4.839,156567.33
2025-04-05 17:00:00+00:00,4.84,4.877,4.838,4.863,31616.0
2025-04-05 18:00:00+00:00,4.863,4.908,4.856,4.88,54853.27
2025-04-05 19:00:00+00:00,4.881,4.881,4.852,4.857,13878.51
2025-04-05 20:00:00+00:00,4.859,4.876,4.725,4.806,283537.15
2025-04-05 21:00:00+00:00,4.809,4.826,4.774,4.778,56590.35
2025-04-05 22:00:00+00:00,4.776,4.791,4.771,4.783,18904.18
2025-04-05 23:00:00+00:00,4.782,4.815,4.782,4.804,49192.23
2025-04-06 00:00:00+00:00,4.804,4.804,4.766,4.791,66956.77
2025-04-06 01:00:00+00:00,4.791,4.834,4.781,4.783,118234.82
2025-04-06 02:00:00+00:00,4.784,4.82,4.784,4.786,86706.91
2025-04-06 03:00:00+00:00,4.787,4.788,4.749,4.752,52301.22
2025-04-06 04:00:00+00:00,4.752,4.755,4.721,4.741,59777.82
2025-04-06 05:00:00+00:00,4.741,4.775,4.727,4.768,28561.46
2025-04-06 06:00:00+00:00,4.769,4.77,4.696,4.697,45862.35
2025-04-06 07:00:00+00:00,4.697,4.717,4.686,4.709,87262.62
2025-04-06 08:00:00+00:00,4.708,4.77,4.692,4.755,152737.99
2025-04-06 09:00:00+00:00,4.755,4.761,4.733,4.737,29087.63
2025-04-06 10:00:00+00:00,4.736,4.747,4.715,4.734,53435.92
2025-04-06 11:00:00+00:00,4.734,4.756,4.705,4.716,62720.7
2025-04-06 12:00:00+00:00,4.717,4.748,4.698,4.704,83878.17
2025-04-06 13:00:00+00:00,4.705,4.712,4.666,4.678,106040.91
2025-04-06 14:00:00+00:00,4.678,4.74,4.678,4.73,126282.82
2025-04-06 15:00:00+00:00,4.73,4.761,4.708,4.746,70482.2
2025-04-06 16:00:00+00:00,4.744,4.763,4.709,4.723,97739.62
2025-04-06 17:00:00+00:00,4.722,4.745,4.65,4.68,243656.92
2025-04-06 18:00:00+00:00,4.681,4.683,4.507,4.529,578424.63
2025-04-06 19:00:00+00:00,4.53,4.568,4.433,4.49,239056.7
2025-04-06 20:00:00+00:00,4.488,4.505,4.378,4.466,465608.33
2025-04-06 21:00:00+00:00,4.467,4.544,4.461,4.471,177387.16
2025-04-06 22:00:00+00:00,4.469,4.52,4.433,4.462,135215.3
2025-04-06 23:00:00+00:00,4.46,4.477,4.383,4.441,160438.64
2025-04-07 00:00:00+00:00,4.441,4.492,4.41,4.433,159147.71
2025-04-07 01:00:00+00:00,4.434,4.568,4.434,4.464,165199.63
2025-04-07 02:00:00+00:00,4.463,4.481,4.41,4.419,73546.75
2025-04-07 03:00:00+00:00,4.419,4.44,4.253,4.306,243783.6
2025-04-07 04:00:00+00:00,4.306,4.354,4.28,4.322,124640.41
2025-04-07 05:00:00+00:00,4.322,4.348,4.267,4.275,103555.5
2025-04-07 06:00:00+00:00,4.275,4.304,4.041,4.069,669463.93
2025-04-07 07:00:00+00:00,4.07,4.121,4.042,4.052,321701.49
2025-04-07 08:00:00+00:00,4.052,4.268,4.042,4.208,382699.05
2025-04-07 09:00:00+00:00,4.208,4.272,4.174,4.207,285028.27
2025-04-07 10:00:00+00:00,4.207,4.284,4.175,4.179,179951.98
2025-04-07 11:00:00+00:00,4.18,4.212,4.125,4.144,88078.06
2025-04-07 12:00:00+00:00,4.145,4.272,4.145,4.238,225785.68
2025-04-07 13:00:00+00:00,4.238,4.373,4.149,4.353,464173.36
2025-04-07 14:00:00+00:00,4.349,4.583,4.312,4.447,1243407.04
2025-04-07 15:00:00+00:00,4.447,4.48,4.381,4.45,181651.47
2025-04-07 16:00:00+00:00,4.449,4.449,4.311,4.321,147134.42
2025-04-07 17:00:00+00:00,4.319,4.458,4.319,4.439,165346.6
2025-04-07 18:00:00+00:00,4.443,4.448,4.354,4.355,69706.28
2025-04-07 19:00:00+00:00,4.353,4.399,4.335,4.337,93166.56
2025-04-07 20:00:00+00:00,4.339,4.439,4.339,4.416,47016.25
2025-04-07 21:00:00+00:00,4.415,4.424,4.366,4.4,40453.18
2025-04-07 22:00:00+00:00,4.4,4.417,4.37,4.379,48996.11
2025-04-07 23:00:00+00:00,4.375,4.378,4.323,4.33,46947.14
2025-04-08 00:00:00+00:00,4.332,4.342,4.275,4.279,60315.16
2025-04-08 01:00:00+00:00,4.277,4.392,4.26,4.384,141592.08
2025-04-08 02:00:00+00:00,4.385,4.415,4.33,4.332,130876.56
2025-04-08 03:00:00+00:00,4.332,4.365,4.302,4.31,57355.2
2025-04-08 04:00:00+00:00,4.311,4.353,4.305,4.325,78951.58
2025-04-08 05:00:00+00:00,4.324,4.329,4.252,4.264,71763.2
2025-04-08 06:00:00+00:00,4.264,4.298,4.231,4.271,131155.05
2025-04-08 07:00:00+00:00,4.27,4.301,4.255,4.281,55163.52
2025-04-08 08:00:00+00:00,4.28,4.294,4.253,4.282,57499.09
2025-04-08 09:00:00+00:00,4.282,4.296,4.243,4.246,80766.27
2025-04-08 10:00:00+00:00,4.247,4.283,4.241,4.267,47905.53
2025-04-08 11:00:00+00:00,4.266,4.361,4.261,4.36,82553.31
2025-04-08 12:00:00+00:00,4.361,4.378,4.321,4.353,124445.75
2025-04-08 13:00:00+00:00,4.352,4.433,4.348,4.388,168842.83
2025-04-08 14:00:00+00:00,4.387,4.406,4.292,4.293,90146.71
2025-04-08 15:00:00+00:00,4.293,4.325,4.261,4.274,70765.94
2025-04-08 16:00:00+00:00,4.273,4.286,4.169,4.189,173817.99
2025-04-08 17:00:00+00:00,4.191,4.2,4.101,4.185,166564.42
2025-04-08 18:00:00+00:00,4.184,4.25,4.164,4.223,151167.91
2025-04-08 19:00:00+00:00,4.224,4.239,4.162,4.179,77400.03
2025-04-08 20:00:00+00:00,4.178,4.256,4.152,4.239,71868.5
2025-04-08 21:00:00+00:00,4.24,4.266,4.206,4.248,123157.43
2025-04-08 22:00:00+00:00,4.248,4.248,4.172,4.213,89466.64
2025-04-08 23:00:00+00:00,4.214,4.214,4.151,4.171,95365.88
2025-04-09 00:00:00+00:00,4.17,4.199,4.131,4.148,75750.28
2025-04-09 01:00:00+00:00,4.149,4.169,4.013,4.167,294155.38
2025-04-09 02:00:00+00:00,4.167,4.203,4.166,4.181,88231.25
2025-04-09 03:00:00+00:00,4.182,4.198,4.141,4.178,85593.72
2025-04-09 04:00:00+00:00,4.178,4.292,4.17,4.25,143420.58
2025-04-09 05:00:00+00:00,4.249,4.285,4.236,4.248,50187.68
2025-04-09 06:00:00+00:00,4.248,4.295,4.245,4.273,54579.42
2025-04-09 07:00:00+00:00,4.273,4.328,4.273,4.288,107572.88
2025-04-09 08:00:00+00:00,4.288,4.307,4.266,4.271,55622.84
2025-04-09 09:00:00+00:00,4.272,4.288,4.243,4.249,90201.23
2025-04-09 10:00:00+00:00,4.249,4.292,4.222,4.271,148420.7
2025-04-09 11:00:00+00:00,4.271,4.275,4.184,4.214,212556.5
2025-04-09 12:00:00+00:00,4.215,4.242,4.183,4.227,68027.18
2025-04-09 13:00:00+00:00,4.228,4.32,4.224,4.277,115375.27
2025-04-09 14:00:00+00:00,4.277,4.311,4.243,4.246,119055.38
2025-04-09 15:00:00+00:00,4.247,4.315,4.247,4.282,54909.09
2025-04-09 16:00:00+00:00,4.283,4.35,4.271,4.346,99014.02
2025-04-09 17:00:00+00:00,4.345,4.577,4.304,4.572,667770.13
2025-04-09 18:00:00+00:00,4.573,4.585,4.502,4.507,325147.78
2025-04-09 19:00:00+00:00,4.507,4.555,4.501,4.504,183189.65
2025-04-09 20:00:00+00:00,4.505,4.554,4.505,4.551,84507.42
2025-04-09 21:00:00+00:00,4.551,4.562,4.5,4.515,92095.98
2025-04-09 22:00:00+00:00,4.515,4.562,4.505,4.56,39652.51
2025-04-09 23:00:00+00:00,4.56,4.562,4.528,4.537,82562.56
2025-04-10 00:00:00+00:00,4.536,4.542,4.47,4.53,64184.15
2025-04-10 01:00:00+00:00,4.529,4.54,4.483,4.483,60297.52
2025-04-10 02:00:00+00:00,4.484,4.501,4.454,4.463,82394.43
2025-04-10 03:00:00+00:00,4.463,4.47,4.4,4.44,61782.51
2025-04-10 04:00:00+00:00,4.441,4.459,4.403,4.455,59854.23
2025-04-10 05:00:00+00:00,4.456,4.487,4.447,4.468,70614.98
2025-04-10 06:00:00+00:00,4.468,4.474,4.441,4.457,54479.63
2025-04-10 07:00:00+00:00,4.457,4.471,4.413,4.428,124564.58
2025-04-10 08:00:00+00:00,4.429,4.433,4.399,4.416,68600.57
2025-04-10 09:00:00+00:00,4.416,4.442,4.403,4.42,43339.53
2025-04-10 10:00:00+00:00,4.419,4.419,4.365,4.381,118134.38
2025-04-10 11:00:00+00:00,4.381,4.39,4.36,4.381,62242.32
2025-04-10 12:00:00+00:00,4.381,4.457,4.372,4.379,277295.83
2025-04-10 13:00:00+00:00,4.38,4.408,4.347,4.363,145245.13
2025-04-10 14:00:00+00:00,4.362,4.411,4.346,4.385,81760.91
2025-04-10 15:00:00+00:00,4.385,4.395,4.229,4.245,206080.19
2025-04-10 16:00:00+00:00,4.245,4.301,4.227,4.293,139005.15
2025-04-10 17:00:00+00:00,4.293,4.312,4.257,4.296,73285.27
2025-04-10 18:00:00+00:00,4.293,4.32,4.286,4.306,38705.47
2025-04-10 19:00:00+00:00,4.305,4.316,4.269,4.284,47510.03
2025-04-10 20:00:00+00:00,4.284,4.316,4.28,4.299,33209.73
2025-04-10 21:00:00+00:00,4.3,4.309,4.271,4.3,40818.19
2025-04-10 22:00:00+00:00,4.3,4.319,4.286,4.295,30751.32
2025-04-10 23:00:00+00:00,4.296,4.341,4.294,4.336,34366.03
2025-04-11 00:00:00+00:00,4.335,4.354,4.31,4.312,46445.6
2025-04-11 01:00:00+00:00,4.312,4.391,4.312,4.38,122831.22
2025-04-11 02:00:00+00:00,4.38,4.418,4.366,4.367,87770.26
2025-04-11 03:00:00+00:00,4.366,4.388,4.36,4.365,85471.53
2025-04-11 04:00:00+00:00,4.364,4.373,4.34,4.343,52504.99
2025-04-11 05:00:00+00:00,4.343,4.349,4.321,4.332,63769.9
2025-04-11 06:00:00+00:00,4.332,4.36,4.326,4.333,39678.62
2025-04-11 07:00:00+00:00,4.333,4.333,4.301,4.307,59685.99
2025-04-11 08:00:00+00:00,4.307,4.331,4.28,4.282,94647.12
2025-04-11 09:00:00+00:00,4.282,4.298,4.266,4.298,105001.7
2025-04-11 10:00:00+00:00,4.298,4.325,4.268,4.304,93245.06
2025-04-11 11:00:00+00:00,4.303,4.304,4.237,4.239,106671.92
2025-04-11 12:00:00+00:00,4.239,4.261,4.214,4.217,129510.77
2025-04-11 13:00:00+00:00,4.217,4.304,4.208,4.288,166924.51
2025-04-11 14:00:00+00:00,4.287,4.304,4.249,4.261,174183.41
2025-04-11 15:00:00+00:00,4.261,4.28,4.231,4.247,84258.81
2025-04-11 16:00:00+00:00,4.249,4.261,4.201,4.234,97064.48
2025-04-11 17:00:00+00:00,4.234,4.313,4.233,4.297,113367.32
2025-04-11 18:00:00+00:00,4.297,4.305,4.23,4.24,116532.03
2025-04-11 19:00:00+00:00,4.24,4.264,4.232,4.237,61783.36
2025-04-11 20:00:00+00:00,4.236,4.273,4.222,4.258,75825.8
2025-04-11 21:00:00+00:00,4.259,4.305,4.251,4.272,86776.19
2025-04-11 22:00:00+00:00,4.27,4.28,4.245,4.251,32194.88
2025-04-11 23:00:00+00:00,4.253,4.264,4.242,4.246,39338.84
2025-04-12 00:00:00+00:00,4.245,4.245,4.19,4.196,130133.26
2025-04-12 01:00:00+00:00,4.197,4.21,4.168,4.194,54031.42
2025-04-12 02:00:00+00:00,4.194,4.213,4.186,4.203,40221.29
2025-04-12 03:00:00+00:00,4.202,4.208,4.188,4.195,28609.58
2025-04-12 04:00:00+00:00,4.194,4.223,4.178,4.197,53566.79
2025-04-12 05:00:00+00:00,4.195,4.201,4.176,4.183,50631.58
2025-04-12 06:00:00+00:00,4.183,4.203,4.162,4.193,114686.32
2025-04-12 07:00:00+00:00,4.192,4.2,4.17,4.192,102199.56
2025-04-12 08:00:00+00:00,4.191,4.221,4.175,4.2,67974.08
2025-04-12 09:00:00+00:00,4.2,4.241,4.197,4.224,83930.3
2025-04-12 10:00:00+00:00,4.223,4.236,4.192,4.203,79799.77
2025-04-12 11:00:00+00:00,4.203,4.223,4.193,4.196,55214.72
2025-04-12 12:00:00+00:00,4.197,4.248,4.187,4.242,76525.13
2025-04-12 13:00:00+00:00,4.241,4.331,4.228,4.296,248036.76
2025-04-12 14:00:00+00:00,4.295,4.354,4.286,4.331,148660.32
2025-04-12 15:00:00+00:00,4.332,4.356,4.295,4.304,194952.13
2025-04-12 16:00:00+00:00,4.306,4.326,4.276,4.289,170431.08
2025-04-12 17:00:00+00:00,4.289,4.3,4.26,4.291,96443.24
2025-04-12 18:00:00+00:00,4.291,4.31,4.287,4.305,65694.76
2025-04-12 19:00:00+00:00,4.305,4.305,4.262,4.289,55087.09
2025-04-12 20:00:00+00:00,4.29,4.341,4.29,4.324,62772.42
2025-04-12 21:00:00+00:00,4.322,4.371,4.318,4.361,79021.19
2025-04-12 22:00:00+00:00,4.362,4.397,4.358,4.366,55168.05
2025-04-12 23:00:00+00:00,4.369,4.371,4.334,4.352,43689.62
2025-04-13 00:00:00+00:00,4.353,4.391,4.345,4.382,66576.91
2025-04-13 01:00:00+00:00,4.384,4.384,4.304,4.311,73850.91
2025-04-13 02:00:00+00:00,4.31,4.323,4.286,4.314,35776.56
2025-04-13 03:00:00+00:00,4.314,4.318,4.271,4.301,40583.0
2025-04-13 04:00:00+00:00,4.3,4.309,4.244,4.251,58618.4
2025-04-13 05:00:00+00:00,4.252,4.26,4.225,4.247,60005.93
2025-04-13 06:00:00+00:00,4.247,4.271,4.233,4.257,28175.93
2025-04-13 07:00:00+00:00,4.256,4.268,4.237,4.242,44666.24
2025-04-13 08:00:00+00:00,4.242,4.27,4.218,4.266,75061.58
2025-04-13 09:00:00+00:00,4.267,4.286,4.251,4.284,36161.39
2025-04-13 10:00:00+00:00,4.284,4.294,4.27,4.284,33373.77
2025-04-13 11:00:00+00:00,4.284,4.287,4.234,4.248,54452.88
2025-04-13 12:00:00+00:00,4.25,4.264,4.225,4.249,67413.09
2025-04-13 13:00:00+00:00,4.25,4.282,4.172,4.189,112511.57
2025-04-13 14:00:00+00:00,4.19,4.205,4.176,4.19,100337.12
2025-04-13 15:00:00+00:00,4.19,4.21,4.174,4.206,53556.4
2025-04-13 16:00:00+00:00,4.205,4.224,4.194,4.211,45985.51
2025-04-13 17:00:00+00:00,4.21,4.293,4.199,4.285,97710.0
2025-04-13 18:00:00+00:00,4.285,4.312,4.269,4.277,121578.96
2025-04-13 19:00:00+00:00,4.275,4.277,4.051,4.105,390627.9
2025-04-13 20:00:00+00:00,4.105,4.154,4.073,4.115,151706.1
2025-04-13 21:00:00+00:00,4.115,4.125,4.055,4.117,119867.75
2025-04-13 22:00:00+00:00,4.117,4.144,4.099,4.106,80062.42
2025-04-13 23:00:00+00:00,4.104,4.153,4.098,4.147,82490.64
2025-04-14 00:00:00+00:00,4.148,4.226,4.145,4.189,73097.72
2025-04-14 01:00:00+00:00,4.188,4.211,4.167,4.181,57300.13
2025-04-14 02:00:00+00:00,4.182,4.278,4.17,4.244,79509.11
2025-04-14 03:00:00+00:00,4.244,4.254,4.215,4.222,48946.51
2025-04-14 04:00:00+00:00,4.223,4.247,4.208,4.227,41856.13
2025-04-14 05:00:00+00:00,4.227,4.231,4.145,4.155,74463.28
2025-04-14 06:00:00+00:00,4.155,4.159,4.11,4.117,75410.09
2025-04-14 07:00:00+00:00,4.117,4.126,4.086,4.122,139702.63
2025-04-14 08:00:00+00:00,4.122,4.128,4.096,4.118,99069.58
2025-04-14 09:00:00+00:00,4.118,4.124,4.063,4.097,99070.98
2025-04-14 10:00:00+00:00,4.096,4.179,4.094,4.175,120701.6
2025-04-14 11:00:00+00:00,4.174,4.209,4.167,4.209,106793.04
2025-04-14 12:00:00+00:00,4.209,4.234,4.165,4.189,128411.93
2025-04-14 13:00:00+00:00,4.19,4.214,4.142,4.157,93958.58
2025-04-14 14:00:00+00:00,4.157,4.231,4.155,4.212,101592.93
2025-04-14 15:00:00+00:00,4.212,4.215,4.109,4.132,142079.99
2025-04-14 16:00:00+00:00,4.132,4.158,4.102,4.128,86023.43
2025-04-14 17:00:00+00:00,4.128,4.188,4.128,4.186,74167.36
2025-04-14 18:00:00+00:00,4.187,4.198,4.165,4.178,48549.91
2025-04-14 19:00:00+00:00,4.178,4.198,4.163,4.176,26774.77
2025-04-14 20:00:00+00:00,4.177,4.185,4.162,4.178,46197.38
2025-04-14 21:00:00+00:00,4.177,4.194,4.138,4.176,23305.75
2025-04-14 22:00:00+00:00,4.176,4.182,4.154,4.16,27025.77
2025-04-14 23:00:00+00:00,4.161,4.164,4.123,4.133,25156.72
2025-04-15 00:00:00+00:00,4.132,4.156,4.11,4.128,45326.6
2025-04-15 01:00:00+00:00,4.128,4.147,4.09,4.141,43929.21
2025-04-15 02:00:00+00:00,4.142,4.154,4.107,4.141,27135.72
2025-04-15 03:00:00+00:00,4.141,4.175,4.136,4.166,28951.73
2025-04-15 04:00:00+00:00,4.165,4.165,4.13,4.152,32018.41
2025-04-15 05:00:00+00:00,4.152,4.164,4.13,4.134,35591.95
2025-04-15 06:00:00+00:00,4.133,4.135,4.111,4.124,27610.71
2025-04-15 07:00:00+00:00,4.123,4.151,4.122,4.143,31081.52
2025-04-15 08:00:00+00:00,4.144,4.156,4.132,4.137,43133.69
2025-04-15 09:00:00+00:00,4.137,4.185,4.134,4.182,66905.14
2025-04-15 10:00:00+00:00,4.18,4.181,4.12,4.144,61666.32
2025-04-15 11:00:00+00:00,4.145,4.153,4.118,4.135,42932.62
2025-04-15 12:00:00+00:00,4.136,4.153,4.11,4.131,103280.59
2025-04-15 13:00:00+00:00,4.132,4.174,4.116,4.12,80830.17
2025-04-15 14:00:00+00:00,4.119,4.147,4.061,4.063,224366.57
2025-04-15 15:00:00+00:00,4.062,4.086,4.037,4.055,137650.05
2025-04-15 16:00:00+00:00,4.054,4.082,4.05,4.061,76138.78
2025-04-15 17:00:00+00:00,4.062,4.082,4.043,4.053,56796.33
2025-04-15 18:00:00+00:00,4.053,4.061,4.019,4.028,83968.82
2025-04-15 19:00:00+00:00,4.028,4.047,4.019,4.032,54106.35
2025-04-15 20:00:00+00:00,4.032,4.056,4.01,4.026,68947.98
2025-04-15 21:00:00+00:00,4.027,4.061,4.019,4.052,31018.91
2025-04-15 22:00:00+00:00,4.051,4.053,3.986,4.004,88971.97
2025-04-15 23:00:00+00:00,4.002,4.011,3.973,3.98,65882.61
2025-04-16 00:00:00+00:00,3.98,4.023,3.966,3.993,65969.29
2025-04-16 01:00:00+00:00,3.993,4.056,3.99,4.044,31936.06
2025-04-16 02:00:00+00:00,4.043,4.075,4.042,4.065,35550.48
2025-04-16 03:00:00+00:00,4.066,4.066,4.027,4.028,19630.43
2025-04-16 04:00:00+00:00,4.027,4.03,3.998,4.027,32006.35
2025-04-16 05:00:00+00:00,4.028,4.051,3.994,4.008,55314.72
2025-04-16 06:00:00+00:00,4.009,4.024,3.995,4.004,57565.31
2025-04-16 07:00:00+00:00,4.006,4.009,3.97,3.983,46742.56
2025-04-16 08:00:00+00:00,3.982,4.038,3.936,4.008,172107.45
2025-04-16 09:00:00+00:00,4.009,4.015,3.973,3.975,54537.74
2025-04-16 10:00:00+00:00,3.975,4.013,3.971,4.012,63685.59
2025-04-16 11:00:00+00:00,4.013,4.032,3.996,4.017,46010.88
2025-04-16 12:00:00+00:00,4.018,4.039,3.99,4.003,59113.62
2025-04-16 13:00:00+00:00,4.002,4.02,3.974,3.989,85541.23
2025-04-16 14:00:00+00:00,3.988,4.058,3.988,4.038,58468.88
2025-04-16 15:00:00+00:00,4.039,4.096,4.034,4.045,61270.2
2025-04-16 16:00:00+00:00,4.045,4.057,3.992,4.032,88656.13
2025-04-16 17:00:00+00:00,4.03,4.079,3.924,3.939,209679.18
2025-04-16 18:00:00+00:00,3.938,4.029,3.931,4.003,98126.41
2025-04-16 19:00:00+00:00,4.003,4.065,3.979,4.054,67737.62
2025-04-16 20:00:00+00:00,4.053,4.092,4.049,4.054,92053.14
2025-04-16 21:00:00+00:00,4.054,4.092,4.045,4.071,69515.86
2025-04-16 22:00:00+00:00,4.071,4.08,4.048,4.06,20049.29
2025-04-16 23:00:00+00:00,4.061,4.063,4.006,4.022,49352.87
2025-04-17 00:00:00+00:00,4.022,4.038,4.01,4.02,26397.27
2025-04-17 01:00:00+00:00,4.021,4.037,4.01,4.022,23031.85
2025-04-17 02:00:00+00:00,4.022,4.023,3.998,4.013,26350.53
2025-04-17 03:00:00+00:00,4.014,4.019,3.991,4.012,17167.66
2025-04-17 04:00:00+00:00,4.012,4.047,4.0,4.045,32276.03
2025-04-17 05:00:00+00:00,4.045,4.086,4.045,4.082,57950.39
2025-04-17 06:00:00+00:00,4.083,4.123,4.078,4.111,58335.76
2025-04-17 07:00:00+00:00,4.11,4.139,4.102,4.125,63141.41
2025-04-17 08:00:00+00:00,4.126,4.147,4.093,4.109,82559.36
2025-04-17 09:00:00+00:00,4.11,4.13,4.095,4.102,72580.17
2025-04-17 10:00:00+00:00,4.102,4.106,4.074,4.095,52247.22
2025-04-17 11:00:00+00:00,4.097,4.107,4.08,4.085,26026.17
2025-04-17 12:00:00+00:00,4.086,4.106,4.076,4.086,57914.27
2025-04-17 13:00:00+00:00,4.085,4.096,4.07,4.084,70739.12
2025-04-17 14:00:00+00:00,4.083,4.086,4.021,4.044,59734.45
2025-04-17 15:00:00+00:00,4.044,4.104,4.044,4.096,68205.43
2025-04-17 16:00:00+00:00,4.097,4.166,4.088,4.146,163499.14
2025-04-17 17:00:00+00:00,4.147,4.179,4.141,4.166,106177.21
2025-04-17 18:00:00+00:00,4.167,4.181,4.156,4.174,93865.21
2025-04-17 19:00:00+00:00,4.174,4.194,4.141,4.162,110094.66
2025-04-17 20:00:00+00:00,4.161,4.207,4.154,4.176,440652.59
2025-04-17 21:00:00+00:00,4.176,4.176,4.124,4.141,55327.23
2025-04-17 22:00:00+00:00,4.14,4.154,4.098,4.098,34256.6
2025-04-17 23:00:00+00:00,4.098,4.13,4.091,4.112,108679.62
2025-04-18 00:00:00+00:00,4.113,4.124,4.077,4.083,75961.52
2025-04-18 01:00:00+00:00,4.084,4.126,4.072,4.105,45562.77
2025-04-18 02:00:00+00:00,4.104,4.135,4.084,4.13,25002.13
2025-04-18 03:00:00+00:00,4.131,4.14,4.11,4.131,16660.97
2025-04-18 04:00:00+00:00,4.133,4.16,4.116,4.149,44889.68
2025-04-18 05:00:00+00:00,4.148,4.171,4.134,4.171,34938.65
2025-04-18 06:00:00+00:00,4.17,4.172,4.135,4.146,62530.75
2025-04-18 07:00:00+00:00,4.146,4.172,4.144,4.158,33290.08
2025-04-18 08:00:00+00:00,4.159,4.189,4.159,4.178,47341.76
2025-04-18 09:00:00+00:00,4.179,4.192,4.168,4.183,26713.84
2025-04-18 10:00:00+00:00,4.183,4.192,4.163,4.17,23101.8
2025-04-18 11:00:00+00:00,4.171,4.187,4.169,4.182,25285.97
2025-04-18 12:00:00+00:00,4.182,4.2,4.172,4.179,45046.85
2025-04-18 13:00:00+00:00,4.179,4.181,4.157,4.174,29865.37
2025-04-18 14:00:00+00:00,4.174,4.18,4.144,4.151,21818.49
2025-04-18 15:00:00+00:00,4.151,4.152,4.125,4.15,28260.76
2025-04-18 16:00:00+00:00,4.15,4.171,4.143,4.171,28614.73
2025-04-18 17:00:00+00:00,4.17,4.21,4.165,4.209,29708.22
2025-04-18 18:00:00+00:00,4.21,4.222,4.194,4.211,90457.09
2025-04-18 19:00:00+00:00,4.211,4.225,4.191,4.194,49607.25
2025-04-18 20:00:00+00:00,4.194,4.198,4.161,4.166,49076.6
2025-04-18 21:00:00+00:00,4.165,4.172,4.153,4.165,41650.99
2025-04-18 22:00:00+00:00,4.165,4.166,4.132,4.133,21571.64
2025-04-18 23:00:00+00:00,4.133,4.134,4.111,4.122,52433.86
2025-04-19 00:00:00+00:00,4.122,4.146,4.122,4.14,20141.18
2025-04-19 01:00:00+00:00,4.141,4.166,4.14,4.153,16580.81
2025-04-19 02:00:00+00:00,4.155,4.18,4.149,4.176,17905.87
2025-04-19 03:00:00+00:00,4.177,4.2,4.172,4.175,33266.04
2025-04-19 04:00:00+00:00,4.176,4.184,4.165,4.173,30338.77
2025-04-19 05:00:00+00:00,4.175,4.175,4.151,4.158,51505.85
2025-04-19 06:00:00+00:00,4.158,4.159,4.135,4.146,39671.72
2025-04-19 07:00:00+00:00,4.146,4.179,4.144,4.166,35045.67
2025-04-19 08:00:00+00:00,4.167,4.171,4.153,4.154,26028.2
2025-04-19 09:00:00+00:00,4.154,4.175,4.149,4.152,40075.63
2025-04-19 10:00:00+00:00,4.153,4.163,4.148,4.158,13403.06
2025-04-19 11:00:00+00:00,4.157,4.168,4.151,4.156,13552.56
2025-04-19 12:00:00+00:00,4.155,4.161,4.148,4.159,17479.45
2025-04-19 13:00:00+00:00,4.159,4.2,4.158,4.192,102071.63
2025-04-19 14:00:00+00:00,4.192,4.2,4.174,4.194,57599.83
2025-04-19 15:00:00+00:00,4.195,4.201,4.171,4.181,66100.76
2025-04-19 16:00:00+00:00,4.18,4.2,4.158,4.162,29103.5
2025-04-19 17:00:00+00:00,4.162,4.195,4.161,4.194,31043.94
2025-04-19 18:00:00+00:00,4.193,4.213,4.182,4.184,75100.16
2025-04-19 19:00:00+00:00,4.183,4.211,4.178,4.209,20865.94
2025-04-19 20:00:00+00:00,4.21,4.216,4.194,4.207,34597.6
2025-04-19 21:00:00+00:00,4.206,4.252,4.206,4.246,100455.2
2025-04-19 22:00:00+00:00,4.246,4.246,4.223,4.229,33609.76
2025-04-19 23:00:00+00:00,4.23,4.236,4.209,4.211,31917.69
2025-04-20 00:00:00+00:00,4.212,4.229,4.206,4.216,45395.67
2025-04-20 01:00:00+00:00,4.217,4.244,4.217,4.241,29154.38
2025-04-20 02:00:00+00:00,4.242,4.248,4.22,4.24,33265.2
2025-04-20 03:00:00+00:00,4.239,4.243,4.223,4.225,19352.45
2025-04-20 04:00:00+00:00,4.225,4.247,4.219,4.242,25878.2
2025-04-20 05:00:00+00:00,4.241,4.265,4.223,4.224,95905.67
2025-04-20 06:00:00+00:00,4.223,4.234,4.202,4.217,41679.12
2025-04-20 07:00:00+00:00,4.218,4.22,4.182,4.196,44347.42
2025-04-20 08:00:00+00:00,4.196,4.202,4.162,4.174,43120.82
2025-04-20 09:00:00+00:00,4.173,4.188,4.17,4.18,24312.14
2025-04-20 10:00:00+00:00,4.181,4.185,4.123,4.144,79700.3
2025-04-20 11:00:00+00:00,4.143,4.155,4.118,4.133,35909.01
2025-04-20 12:00:00+00:00,4.132,4.151,4.129,4.137,68284.04
2025-04-20 13:00:00+00:00,4.136,4.144,4.103,4.117,79413.01
2025-04-20 14:00:00+00:00,4.117,4.127,4.107,4.121,32306.71
2025-04-20 15:00:00+00:00,4.121,4.137,4.103,4.11,46883.44
2025-04-20 16:00:00+00:00,4.11,4.139,4.105,4.126,61118.54
2025-04-20 17:00:00+00:00,4.126,4.14,4.118,4.138,35027.65
2025-04-20 18:00:00+00:00,4.137,4.15,4.134,4.145,28208.52
2025-04-20 19:00:00+00:00,4.146,4.165,4.143,4.165,25885.16
2025-04-20 20:00:00+00:00,4.166,4.189,4.147,4.156,40445.7
2025-04-20 21:00:00+00:00,4.156,4.158,4.133,4.148,26086.05
2025-04-20 22:00:00+00:00,4.148,4.152,4.12,4.136,14472.58
2025-04-20 23:00:00+00:00,4.137,4.168,4.137,4.149,70294.49
2025-04-21 00:00:00+00:00,4.15,4.25,4.148,4.216,102577.13
2025-04-21 01:00:00+00:00,4.218,4.252,4.218,4.24,77400.08
2025-04-21 02:00:00+00:00,4.241,4.251,4.208,4.229,44758.09
2025-04-21 03:00:00+00:00,4.23,4.236,4.211,4.214,65071.02
2025-04-21 04:00:00+00:00,4.214,4.229,4.202,4.226,51476.41
2025-04-21 05:00:00+00:00,4.226,4.269,4.217,4.256,101390.01
2025-04-21 06:00:00+00:00,4.256,4.292,4.256,4.273,89408.87
2025-04-21 07:00:00+00:00,4.273,4.276,4.251,4.269,62367.71
2025-04-21 08:00:00+00:00,4.269,4.295,4.269,4.275,45201.19
2025-04-21 09:00:00+00:00,4.274,4.289,4.258,4.267,102629.34
2025-04-21 10:00:00+00:00,4.268,4.271,4.238,4.266,62167.36
2025-04-21 11:00:00+00:00,4.267,4.277,4.244,4.271,122654.03
2025-04-21 12:00:00+00:00,4.271,4.284,4.244,4.249,97873.32
2025-04-21 13:00:00+00:00,4.249,4.259,4.226,4.227,70408.21
2025-04-21 14:00:00+00:00,4.226,4.285,4.22,4.273,97795.63
2025-04-21 15:00:00+00:00,4.273,4.275,4.234,4.255,63894.23
2025-04-21 16:00:00+00:00,4.254,4.263,4.19,4.199,110443.0
2025-04-21 17:00:00+00:00,4.199,4.203,4.15,4.157,159536.62
2025-04-21 18:00:00+00:00,4.156,4.165,4.137,4.137,53892.7
2025-04-21 19:00:00+00:00,4.136,4.168,4.131,4.154,50314.9
2025-04-21 20:00:00+00:00,4.153,4.154,4.122,4.127,43706.64
2025-04-21 21:00:00+00:00,4.126,4.128,4.109,4.111,43283.33
2025-04-21 22:00:00+00:00,4.112,4.112,4.054,4.057,110239.76
2025-04-21 23:00:00+00:00,4.056,4.07,4.048,4.062,119616.91
2025-04-22 00:00:00+00:00,4.062,4.064,3.979,4.026,302781.3
2025-04-22 01:00:00+00:00,4.029,4.094,4.018,4.081,93174.13
2025-04-22 02:00:00+00:00,4.08,4.091,4.04,4.061,91835.35
2025-04-22 03:00:00+00:00,4.062,4.065,4.028,4.056,100670.27
2025-04-22 04:00:00+00:00,4.056,4.064,4.013,4.017,103317.45
2025-04-22 05:00:00+00:00,4.018,4.033,4.003,4.025,255865.53
2025-04-22 06:00:00+00:00,4.024,4.037,3.981,4.017,206515.56
2025-04-22 07:00:00+00:00,4.018,4.081,4.005,4.078,83001.77
2025-04-22 08:00:00+00:00,4.079,4.118,4.069,4.075,130874.2
2025-04-22 09:00:00+00:00,4.075,4.101,4.07,4.08,122985.17
2025-04-22 10:00:00+00:00,4.08,4.107,4.062,4.098,72719.21
2025-04-22 11:00:00+00:00,4.097,4.122,4.088,4.119,159560.04
2025-04-22 12:00:00+00:00,4.118,4.132,4.086,4.089,151934.0
2025-04-22 13:00:00+00:00,4.09,4.165,4.089,4.155,124208.67
2025-04-22 14:00:00+00:00,4.156,4.202,4.145,4.199,216981.23
2025-04-22 15:00:00+00:00,4.198,4.251,4.173,4.207,407773.49
2025-04-22 16:00:00+00:00,4.208,4.236,4.197,4.223,149444.01
2025-04-22 17:00:00+00:00,4.224,4.242,4.204,4.238,69254.45
2025-04-22 18:00:00+00:00,4.24,4.256,4.229,4.253,70253.9
2025-04-22 19:00:00+00:00,4.252,4.256,4.216,4.255,75647.51
2025-04-22 20:00:00+00:00,4.256,4.273,4.247,4.25,67167.67
2025-04-22 21:00:00+00:00,4.25,4.332,4.247,4.32,169316.0
2025-04-22 22:00:00+00:00,4.321,4.34,4.294,4.3,127629.13
2025-04-22 23:00:00+00:00,4.301,4.331,4.299,4.31,88751.65
2025-04-23 00:00:00+00:00,4.311,4.33,4.292,4.311,213214.45
2025-04-23 01:00:00+00:00,4.313,4.361,4.306,4.309,96643.85
2025-04-23 02:00:00+00:00,4.31,4.37,4.308,4.361,59912.75
2025-04-23 03:00:00+00:00,4.36,4.383,4.342,4.383,63177.1
2025-04-23 04:00:00+00:00,4.382,4.408,4.347,4.408,67725.05
2025-04-23 05:00:00+00:00,4.408,4.408,4.351,4.363,86151.01
2025-04-23 06:00:00+00:00,4.364,4.408,4.349,4.402,308795.98
2025-04-23 07:00:00+00:00,4.402,4.422,4.344,4.36,344492.98
2025-04-23 08:00:00+00:00,4.359,4.384,4.313,4.357,371035.79
2025-04-23 09:00:00+00:00,4.358,4.378,4.352,4.352,63859.77
2025-04-23 10:00:00+00:00,4.351,4.372,4.317,4.368,50881.45
2025-04-23 11:00:00+00:00,4.367,4.399,4.362,4.371,91766.21
2025-04-23 12:00:00+00:00,4.371,4.408,4.358,4.396,67329.93
2025-04-23 13:00:00+00:00,4.397,4.415,4.318,4.327,229122.23
2025-04-23 14:00:00+00:00,4.328,4.373,4.321,4.347,87237.08
2025-04-23 15:00:00+00:00,4.346,4.364,4.275,4.353,226432.43
2025-04-23 16:00:00+00:00,4.352,4.366,4.305,4.36,74874.24
2025-04-23 17:00:00+00:00,4.361,4.399,4.35,4.389,119618.48
2025-04-23 18:00:00+00:00,4.388,4.43,4.382,4.382,81026.57
2025-04-23 19:00:00+00:00,4.381,4.386,4.333,4.373,58737.14
2025-04-23 20:00:00+00:00,4.372,4.42,4.37,4.396,71230.11
2025-04-23 21:00:00+00:00,4.395,4.407,4.372,4.387,32394.91
2025-04-23 22:00:00+00:00,4.387,4.438,4.384,4.436,40165.15
2025-04-23 23:00:00+00:00,4.437,4.443,4.388,4.409,46317.23
2025-04-24 00:00:00+00:00,4.408,4.417,4.365,4.399,36338.57
2025-04-24 01:00:00+00:00,4.399,4.414,4.359,4.4,38021.31
2025-04-24 02:00:00+00:00,4.4,4.422,4.356,4.363,45173.72
2025-04-24 03:00:00+00:00,4.363,4.384,4.302,4.302,90512.54
2025-04-24 04:00:00+00:00,4.302,4.333,4.296,4.326,91201.36
2025-04-24 05:00:00+00:00,4.326,4.38,4.326,4.365,77804.49
2025-04-24 06:00:00+00:00,4.366,4.398,4.351,4.36,59240.03
2025-04-24 07:00:00+00:00,4.36,4.392,4.319,4.339,77518.43
2025-04-24 08:00:00+00:00,4.339,4.364,4.281,4.307,73370.58
2025-04-24 09:00:00+00:00,4.307,4.345,4.301,4.339,42833.07
2025-04-24 10:00:00+00:00,4.338,4.382,4.337,4.372,49088.73
2025-04-24 11:00:00+00:00,4.372,4.379,4.342,4.36,50842.56
2025-04-24 12:00:00+00:00,4.362,4.406,4.346,4.405,70694.54
2025-04-24 13:00:00+00:00,4.406,4.473,4.403,4.458,151110.87
2025-04-24 14:00:00+00:00,4.458,4.594,4.448,4.534,675206.67
2025-04-24 15:00:00+00:00,4.533,4.593,4.506,4.556,187604.14
2025-04-24 16:00:00+00:00,4.556,4.589,4.53,4.584,106998.58
2025-04-24 17:00:00+00:00,4.582,4.615,4.52,4.556,219763.48
2025-04-24 18:00:00+00:00,4.555,4.58,4.541,4.557,70017.4
2025-04-24 19:00:00+00:00,4.556,4.561,4.527,4.552,75014.7
2025-04-24 20:00:00+00:00,4.553,4.583,4.553,4.563,48530.54
2025-04-24 21:00:00+00:00,4.562,4.579,4.535,4.569,58389.52
2025-04-24 22:00:00+00:00,4.57,4.602,4.557,4.582,39824.28
2025-04-24 23:00:00+00:00,4.583,4.588,4.534,4.551,112501.15
2025-04-25 00:00:00+00:00,4.55,4.555,4.489,4.512,155845.96
2025-04-25 01:00:00+00:00,4.512,4.56,4.511,4.518,66293.05
2025-04-25 02:00:00+00:00,4.518,4.526,4.424,4.437,102073.28
2025-04-25 03:00:00+00:00,4.437,4.49,4.429,4.484,62562.49
2025-04-25 04:00:00+00:00,4.484,4.495,4.45,4.47,54154.26
2025-04-25 05:00:00+00:00,4.47,4.51,4.46,4.506,49312.56
2025-04-25 06:00:00+00:00,4.507,4.564,4.507,4.559,62234.43
2025-04-25 07:00:00+00:00,4.56,4.579,4.551,4.57,69765.47
2025-04-25 08:00:00+00:00,4.571,4.579,4.552,4.566,53365.94
2025-04-25 09:00:00+00:00,4.565,4.569,4.538,4.561,47887.96
2025-04-25 10:00:00+00:00,4.561,4.576,4.508,4.53,141813.27
2025-04-25 11:00:00+00:00,4.531,4.566,4.531,4.549,45579.57
2025-04-25 12:00:00+00:00,4.55,4.572,4.507,4.52,114951.88
2025-04-25 13:00:00+00:00,4.52,4.54,4.492,4.522,70010.21
2025-04-25 14:00:00+00:00,4.521,4.581,4.517,4.566,121368.45
2025-04-25 15:00:00+00:00,4.567,4.612,4.557,4.607,184703.94
2025-04-25 16:00:00+00:00,4.607,4.621,4.573,4.601,109072.86
2025-04-25 17:00:00+00:00,4.6,4.63,4.561,4.567,91409.2
2025-04-25 18:00:00+00:00,4.565,4.581,4.548,4.549,49228.54
2025-04-25 19:00:00+00:00,4.549,4.561,4.521,4.544,61190.14
2025-04-25 20:00:00+00:00,4.544,4.564,4.541,4.552,41458.86
2025-04-25 21:00:00+00:00,4.552,4.585,4.51,4.527,46406.07
2025-04-25 22:00:00+00:00,4.526,4.565,4.526,4.563,22399.35
2025-04-25 23:00:00+00:00,4.563,4.563,4.538,4.543,21517.67
2025-04-26 00:00:00+00:00,4.544,4.575,4.544,4.568,21375.41
2025-04-26 01:00:00+00:00,4.568,4.628,4.555,4.625,69828.87
2025-04-26 02:00:00+00:00,4.627,4.642,4.599,4.613,53186.16
2025-04-26 03:00:00+00:00,4.613,4.62,4.593,4.6,50285.35
2025-04-26 04:00:00+00:00,4.601,4.607,4.57,4.575,29048.41
2025-04-26 05:00:00+00:00,4.574,4.606,4.555,4.59,60356.76
2025-04-26 06:00:00+00:00,4.591,4.624,4.578,4.621,122763.84
2025-04-26 07:00:00+00:00,4.622,4.663,4.62,4.644,143770.23
2025-04-26 08:00:00+00:00,4.644,4.67,4.594,4.6,304174.28
2025-04-26 09:00:00+00:00,4.599,4.601,4.553,4.586,99733.42
2025-04-26 10:00:00+00:00,4.587,4.636,4.574,4.628,81655.74
2025-04-26 11:00:00+00:00,4.628,4.641,4.548,4.558,418097.43
2025-04-26 12:00:00+00:00,4.558,4.591,4.558,4.572,65533.37
2025-04-26 13:00:00+00:00,4.571,4.605,4.549,4.577,85670.46
2025-04-26 14:00:00+00:00,4.575,4.636,4.566,4.626,115921.26
2025-04-26 15:00:00+00:00,4.626,4.692,4.626,4.664,129184.08
2025-04-26 16:00:00+00:00,4.665,4.734,4.665,4.726,98298.29
2025-04-26 17:00:00+00:00,4.725,4.727,4.692,4.7,92272.85
2025-04-26 18:00:00+00:00,4.7,4.708,4.656,4.657,48650.77
2025-04-26 19:00:00+00:00,4.656,4.658,4.628,4.643,51465.93
2025-04-26 20:00:00+00:00,4.644,4.651,4.603,4.603,30879.52
2025-04-26 21:00:00+00:00,4.603,4.643,4.602,4.607,39043.53
2025-04-26 22:00:00+00:00,4.608,4.635,4.605,4.61,26939.01
2025-04-26 23:00:00+00:00,4.61,4.612,4.576,4.587,35139.94
2025-04-27 00:00:00+00:00,4.588,4.626,4.588,4.595,43332.54
2025-04-27 01:00:00+00:00,4.595,4.599,4.479,4.488,152041.54
2025-04-27 02:00:00+00:00,4.487,4.514,4.466,4.486,100443.16
2025-04-27 03:00:00+00:00,4.487,4.509,4.483,4.499,29040.9
2025-04-27 04:00:00+00:00,4.499,4.504,4.445,4.462,85551.55
2025-04-27 05:00:00+00:00,4.46,4.523,4.454,4.473,354546.16
2025-04-27 06:00:00+00:00,4.474,4.495,4.435,4.467,284753.66
2025-04-27 07:00:00+00:00,4.466,4.51,4.46,4.478,420768.0
2025-04-27 08:00:00+00:00,4.479,4.479,4.457,4.462,46175.92
2025-04-27 09:00:00+00:00,4.461,4.469,4.447,4.458,32955.56
2025-04-27 10:00:00+00:00,4.458,4.462,4.439,4.453,28719.48
2025-04-27 11:00:00+00:00,4.453,4.49,4.451,4.481,52703.42
2025-04-27 12:00:00+00:00,4.481,4.493,4.447,4.459,60747.46
2025-04-27 13:00:00+00:00,4.459,4.484,4.441,4.455,62225.87
2025-04-27 14:00:00+00:00,4.454,4.467,4.443,4.446,45108.09
2025-04-27 15:00:00+00:00,4.446,4.45,4.408,4.417,96710.49
2025-04-27 16:00:00+00:00,4.417,4.436,4.363,4.409,99192.02
2025-04-27 17:00:00+00:00,4.408,4.428,4.391,4.395,54663.0
2025-04-27 18:00:00+00:00,4.395,4.419,4.385,4.402,52898.34
2025-04-27 19:00:00+00:00,4.403,4.462,4.4,4.459,138869.33
2025-04-27 20:00:00+00:00,4.46,4.465,4.407,4.409,246312.24
2025-04-27 21:00:00+00:00,4.409,4.44,4.389,4.43,383615.33
2025-04-27 22:00:00+00:00,4.429,4.429,4.388,4.397,37663.98
2025-04-27 23:00:00+00:00,4.396,4.398,4.374,4.378,38296.52
2025-04-28 00:00:00+00:00,4.379,4.393,4.346,4.362,113201.55
2025-04-28 01:00:00+00:00,4.362,4.373,4.282,4.304,118134.88
2025-04-28 02:00:00+00:00,4.304,4.363,4.296,4.361,54668.46
2025-04-28 03:00:00+00:00,4.361,4.392,4.343,4.386,44621.06
2025-04-28 04:00:00+00:00,4.387,4.421,4.386,4.389,36146.89
2025-04-28 05:00:00+00:00,4.39,4.411,4.379,4.388,40456.09
2025-04-28 06:00:00+00:00,4.389,4.452,4.384,4.436,106327.19
2025-04-28 07:00:00+00:00,4.437,4.484,4.43,4.47,141348.03
2025-04-28 08:00:00+00:00,4.47,4.496,4.445,4.447,125357.84
2025-04-28 09:00:00+00:00,4.447,4.466,4.433,4.435,60211.84
2025-04-28 10:00:00+00:00,4.436,4.477,4.406,4.455,102370.58
2025-04-28 11:00:00+00:00,4.455,4.476,4.439,4.448,72480.22
2025-04-28 12:00:00+00:00,4.449,4.457,4.43,4.44,43514.28
2025-04-28 13:00:00+00:00,4.441,4.452,4.373,4.383,152660.44
2025-04-28 14:00:00+00:00,4.384,4.44,4.369,4.414,92687.63
2025-04-28 15:00:00+00:00,4.415,4.427,4.336,4.366,78720.37
2025-04-28 16:00:00+00:00,4.365,4.415,4.346,4.406,49376.42
2025-04-28 17:00:00+00:00,4.406,4.439,4.398,4.438,36144.59
2025-04-28 18:00:00+00:00,4.436,4.455,4.423,4.45,56904.3
2025-04-28 19:00:00+00:00,4.449,4.482,4.449,4.466,38989.19
2025-04-28 20:00:00+00:00,4.466,4.484,4.458,4.477,78392.87
2025-04-28 21:00:00+00:00,4.478,4.487,4.456,4.482,26976.87
2025-04-28 22:00:00+00:00,4.482,4.494,4.467,4.486,37600.13
2025-04-28 23:00:00+00:00,4.486,4.486,4.454,4.461,40239.68
2025-04-29 00:00:00+00:00,4.461,4.495,4.45,4.493,40894.67
2025-04-29 01:00:00+00:00,4.492,4.498,4.468,4.47,38269.11
2025-04-29 02:00:00+00:00,4.471,4.478,4.45,4.466,39481.54
2025-04-29 03:00:00+00:00,4.467,4.487,4.461,4.462,45280.78
2025-04-29 04:00:00+00:00,4.462,4.484,4.434,4.443,46185.59
2025-04-29 05:00:00+00:00,4.443,4.485,4.439,4.477,41754.14
2025-04-29 06:00:00+00:00,4.475,4.53,4.475,4.527,56303.79
2025-04-29 07:00:00+00:00,4.528,4.533,4.513,4.515,40692.85
2025-04-29 08:00:00+00:00,4.516,4.538,4.502,4.52,96500.73
2025-04-29 09:00:00+00:00,4.521,4.521,4.484,4.497,67334.79
2025-04-29 10:00:00+00:00,4.497,4.509,4.451,4.473,60219.47
2025-04-29 11:00:00+00:00,4.473,4.493,4.469,4.477,49856.85
2025-04-29 12:00:00+00:00,4.477,4.48,4.428,4.438,63588.93
2025-04-29 13:00:00+00:00,4.437,4.47,4.423,4.465,77942.76
2025-04-29 14:00:00+00:00,4.464,4.498,4.444,4.474,98023.69
2025-04-29 15:00:00+00:00,4.475,4.509,4.463,4.481,203924.28
2025-04-29 16:00:00+00:00,4.481,4.511,4.47,4.475,42887.35
2025-04-29 17:00:00+00:00,4.475,4.489,4.462,4.475,36531.91
2025-04-29 18:00:00+00:00,4.477,4.486,4.469,4.478,14447.02
2025-04-29 19:00:00+00:00,4.478,4.481,4.456,4.458,30310.1
2025-04-29 20:00:00+00:00,4.458,4.466,4.431,4.444,54294.21
2025-04-29 21:00:00+00:00,4.442,4.445,4.389,4.421,77006.97
2025-04-29 22:00:00+00:00,4.42,4.421,4.368,4.377,59034.16
2025-04-29 23:00:00+00:00,4.376,4.387,4.334,4.377,109999.77
2025-04-30 00:00:00+00:00,4.376,4.407,4.366,4.38,71015.66
2025-04-30 01:00:00+00:00,4.381,4.384,4.328,4.365,35011.55
2025-04-30 02:00:00+00:00,4.365,4.392,4.352,4.383,40559.27
2025-04-30 03:00:00+00:00,4.382,4.387,4.365,4.38,42803.77
2025-04-30 04:00:00+00:00,4.38,4.388,4.37,4.384,42982.66
2025-04-30 05:00:00+00:00,4.385,4.385,4.354,4.37,21695.32
2025-04-30 06:00:00+00:00,4.37,4.38,4.356,4.361,42774.29
2025-04-30 07:00:00+00:00,4.361,4.364,4.335,4.351,52876.6
2025-04-30 08:00:00+00:00,4.351,4.362,4.334,4.344,42388.94
2025-04-30 09:00:00+00:00,4.343,4.397,4.34,4.39,49027.47
2025-04-30 10:00:00+00:00,4.389,4.424,4.383,4.414,53847.1
2025-04-30 11:00:00+00:00,4.414,4.428,4.404,4.407,43009.52
2025-04-30 12:00:00+00:00,4.407,4.414,4.322,4.342,104634.37
2025-04-30 13:00:00+00:00,4.342,4.351,4.223,4.233,237883.01
2025-04-30 14:00:00+00:00,4.231,4.311,4.216,4.281,136236.64
2025-04-30 15:00:00+00:00,4.282,4.301,4.268,4.275,69199.26
2025-04-30 16:00:00+00:00,4.274,4.283,4.238,4.268,83611.44
2025-04-30 17:00:00+00:00,4.268,4.302,4.247,4.294,54282.22
2025-04-30 18:00:00+00:00,4.293,4.321,4.275,4.284,75767.4
2025-04-30 19:00:00+00:00,4.285,4.31,4.257,4.295,42554.56
2025-04-30 20:00:00+00:00,4.294,4.35,4.291,4.322,77636.6
2025-04-30 21:00:00+00:00,4.322,4.329,4.299,4.307,22572.95
2025-04-30 22:00:00+00:00,4.306,4.327,4.293,4.298,22745.95
2025-04-30 23:00:00+00:00,4.297,4.312,4.283,4.301,28120.89
2025-05-01 00:00:00+00:00,4.302,4.331,4.292,4.326,42422.56
2025-05-01 01:00:00+00:00,4.327,4.345,4.321,4.341,21756.32
2025-05-01 02:00:00+00:00,4.341,4.354,4.324,4.324,35703.03
2025-05-01 03:00:00+00:00,4.325,4.346,4.315,4.321,11934.52
2025-05-01 04:00:00+00:00,4.322,4.323,4.307,4.316,12333.39
2025-05-01 05:00:00+00:00,4.317,4.352,4.312,4.343,22000.67
2025-05-01 06:00:00+00:00,4.341,4.348,4.321,4.324,24469.85
2025-05-01 07:00:00+00:00,4.323,4.348,4.315,4.341,23219.36
2025-05-01 08:00:00+00:00,4.34,4.369,4.329,4.368,55030.65
2025-05-01 09:00:00+00:00,4.367,4.374,4.357,4.358,37977.47
2025-05-01 10:00:00+00:00,4.358,4.394,4.352,4.388,117219.01
2025-05-01 11:00:00+00:00,4.389,4.4,4.369,4.39,56669.96
2025-05-01 12:00:00+00:00,4.391,4.411,4.388,4.408,47551.94
2025-05-01 13:00:00+00:00,4.409,4.414,4.345,4.345,69239.55
2025-05-01 14:00:00+00:00,4.346,4.401,4.346,4.399,71036.93
2025-05-01 15:00:00+00:00,4.4,4.423,4.388,4.399,86423.13
2025-05-01 16:00:00+00:00,4.4,4.456,4.4,4.431,77156.89
2025-05-01 17:00:00+00:00,4.431,4.484,4.43,4.463,79977.38
2025-05-01 18:00:00+00:00,4.463,4.467,4.43,4.465,47528.59
2025-05-01 19:00:00+00:00,4.466,4.476,4.446,4.446,47352.98
2025-05-01 20:00:00+00:00,4.447,4.474,4.437,4.472,33081.75
2025-05-01 21:00:00+00:00,4.473,4.477,4.446,4.446,17001.68
2025-05-01 22:00:00+00:00,4.447,4.469,4.447,4.466,26700.09
2025-05-01 23:00:00+00:00,4.466,4.469,4.423,4.433,39430.21
2025-05-02 00:00:00+00:00,4.433,4.472,4.416,4.471,63862.36
2025-05-02 01:00:00+00:00,4.47,4.489,4.432,4.453,59034.73
2025-05-02 02:00:00+00:00,4.451,4.499,4.442,4.496,30510.28
2025-05-02 03:00:00+00:00,4.496,4.513,4.468,4.473,52929.46
2025-05-02 04:00:00+00:00,4.474,4.486,4.43,4.447,44604.11
2025-05-02 05:00:00+00:00,4.446,4.45,4.41,4.435,31048.0
2025-05-02 06:00:00+00:00,4.434,4.469,4.427,4.452,54006.37
2025-05-02 07:00:00+00:00,4.452,4.453,4.416,4.419,39224.51
2025-05-02 08:00:00+00:00,4.42,4.474,4.416,4.456,34275.16
2025-05-02 09:00:00+00:00,4.455,4.461,4.426,4.43,21898.76
2025-05-02 10:00:00+00:00,4.431,4.451,4.423,4.425,46750.74
2025-05-02 11:00:00+00:00,4.426,4.447,4.41,4.412,55955.47
2025-05-02 12:00:00+00:00,4.413,4.451,4.404,4.438,93766.5
2025-05-02 13:00:00+00:00,4.437,4.454,4.423,4.437,75759.46
2025-05-02 14:00:00+00:00,4.438,4.474,4.436,4.468,73100.31
2025-05-02 15:00:00+00:00,4.468,4.473,4.436,4.442,67975.62
2025-05-02 16:00:00+00:00,4.443,4.481,4.439,4.443,46492.3
2025-05-02 17:00:00+00:00,4.443,4.443,4.419,4.431,33694.91
2025-05-02 18:00:00+00:00,4.43,4.441,4.421,4.423,17153.96
2025-05-02 19:00:00+00:00,4.422,4.423,4.362,4.374,49198.69
2025-05-02 20:00:00+00:00,4.373,4.382,4.364,4.372,47286.42
2025-05-02 21:00:00+00:00,4.371,4.379,4.345,4.351,43782.23
2025-05-02 22:00:00+00:00,4.35,4.355,4.331,4.336,73765.06
2025-05-02 23:00:00+00:00,4.335,4.369,4.329,4.368,54537.67
2025-05-03 00:00:00+00:00,4.367,4.369,4.334,4.341,21905.26
2025-05-03 01:00:00+00:00,4.341,4.348,4.32,4.327,37820.14
2025-05-03 02:00:00+00:00,4.327,4.35,4.323,4.341,12400.62
2025-05-03 03:00:00+00:00,4.342,4.355,4.338,4.351,25864.48
2025-05-03 04:00:00+00:00,4.352,4.359,4.34,4.357,13777.28
2025-05-03 05:00:00+00:00,4.358,4.36,4.346,4.354,13312.53
2025-05-03 06:00:00+00:00,4.353,4.353,4.325,4.331,15114.01
2025-05-03 07:00:00+00:00,4.331,4.339,4.311,4.322,49131.59
2025-05-03 08:00:00+00:00,4.322,4.325,4.3,4.314,45411.72
2025-05-03 09:00:00+00:00,4.313,4.313,4.298,4.306,54614.65
2025-05-03 10:00:00+00:00,4.306,4.311,4.26,4.263,103236.93
2025-05-03 11:00:00+00:00,4.264,4.282,4.256,4.264,78108.87
2025-05-03 12:00:00+00:00,4.264,4.279,4.258,4.264,33106.03
2025-05-03 13:00:00+00:00,4.263,4.271,4.248,4.252,35200.06
2025-05-03 14:00:00+00:00,4.252,4.262,4.236,4.251,46910.24
2025-05-03 15:00:00+00:00,4.25,4.273,4.245,4.253,30672.83
2025-05-03 16:00:00+00:00,4.253,4.254,4.191,4.206,84468.3
2025-05-03 17:00:00+00:00,4.206,4.233,4.161,4.23,77654.78
2025-05-03 18:00:00+00:00,4.229,4.244,4.2,4.21,31435.35
2025-05-03 19:00:00+00:00,4.21,4.263,4.202,4.261,29116.07
2025-05-03 20:00:00+00:00,4.261,4.262,4.231,4.246,44756.11
2025-05-03 21:00:00+00:00,4.246,4.254,4.221,4.226,24221.57
2025-05-03 22:00:00+00:00,4.225,4.241,4.214,4.235,25083.56
2025-05-03 23:00:00+00:00,4.234,4.235,4.217,4.217,21522.04
2025-05-04 00:00:00+00:00,4.216,4.232,4.198,4.201,34598.09
2025-05-04 01:00:00+00:00,4.202,4.235,4.19,4.226,35107.38
2025-05-04 02:00:00+00:00,4.227,4.249,4.205,4.217,42988.01
2025-05-04 03:00:00+00:00,4.216,4.232,4.196,4.208,45549.9
2025-05-04 04:00:00+00:00,4.208,4.225,4.189,4.209,29895.5
2025-05-04 05:00:00+00:00,4.209,4.235,4.206,4.223,31732.08
2025-05-04 06:00:00+00:00,4.223,4.228,4.194,4.194,76089.06
2025-05-04 07:00:00+00:00,4.195,4.204,4.173,4.189,82342.48
2025-05-04 08:00:00+00:00,4.19,4.192,4.138,4.154,90809.02
2025-05-04 09:00:00+00:00,4.153,4.159,4.138,4.144,42010.73
2025-05-04 10:00:00+00:00,4.144,4.16,4.141,4.15,32238.66
2025-05-04 11:00:00+00:00,4.149,4.172,4.141,4.148,30247.11
2025-05-04 12:00:00+00:00,4.149,4.157,4.136,4.148,43035.8
2025-05-04 13:00:00+00:00,4.148,4.15,4.112,4.133,57240.43
2025-05-04 14:00:00+00:00,4.133,4.162,4.13,4.146,32290.75
2025-05-04 15:00:00+00:00,4.146,4.153,4.116,4.131,47601.58
2025-05-04 16:00:00+00:00,4.13,4.135,4.084,4.095,97693.08
2025-05-04 17:00:00+00:00,4.095,4.113,4.077,4.101,70716.38
2025-05-04 18:00:00+00:00,4.102,4.113,4.083,4.083,40276.77
2025-05-04 19:00:00+00:00,4.083,4.106,4.063,4.092,83873.13
2025-05-04 20:00:00+00:00,4.093,4.111,4.091,4.107,54534.7
2025-05-04 21:00:00+00:00,4.108,4.122,4.095,4.112,36115.87
2025-05-04 22:00:00+00:00,4.111,4.111,4.065,4.093,58997.81
2025-05-04 23:00:00+00:00,4.091,4.103,4.074,4.095,55787.88
2025-05-05 00:00:00+00:00,4.095,4.138,4.085,4.129,50343.84
2025-05-05 01:00:00+00:00,4.128,4.138,4.09,4.113,62231.56
2025-05-05 02:00:00+00:00,4.112,4.178,4.105,4.157,91945.78
2025-05-05 03:00:00+00:00,4.158,4.168,4.15,4.153,22567.42
2025-05-05 04:00:00+00:00,4.152,4.175,4.14,4.175,46394.62
2025-05-05 05:00:00+00:00,4.174,4.199,4.167,4.197,99384.84
2025-05-05 06:00:00+00:00,4.196,4.203,4.156,4.162,69029.73
2025-05-05 07:00:00+00:00,4.162,4.163,4.138,4.155,52923.0
2025-05-05 08:00:00+00:00,4.155,4.16,4.135,4.141,30925.03
2025-05-05 09:00:00+00:00,4.141,4.151,4.125,4.128,30253.57
2025-05-05 10:00:00+00:00,4.127,4.127,4.047,4.085,115941.39
2025-05-05 11:00:00+00:00,4.084,4.094,4.062,4.075,78634.71
2025-05-05 12:00:00+00:00,4.076,4.089,4.065,4.074,93322.67
2025-05-05 13:00:00+00:00,4.075,4.086,4.047,4.083,85362.41
2025-05-05 14:00:00+00:00,4.084,4.098,4.071,4.085,85673.25
2025-05-05 15:00:00+00:00,4.083,4.093,4.054,4.069,64432.28
2025-05-05 16:00:00+00:00,4.07,4.087,4.064,4.066,62617.51
2025-05-05 17:00:00+00:00,4.067,4.107,4.058,4.106,57718.38
2025-05-05 18:00:00+00:00,4.107,4.15,4.105,4.123,74954.37
2025-05-05 19:00:00+00:00,4.122,4.128,4.092,4.095,31529.25
2025-05-05 20:00:00+00:00,4.097,4.098,4.052,4.076,57969.02
2025-05-05 21:00:00+00:00,4.077,4.104,4.072,4.09,29052.47
2025-05-05 22:00:00+00:00,4.09,4.112,4.088,4.109,47162.1
2025-05-05 23:00:00+00:00,4.11,4.11,4.066,4.074,32967.27
2025-05-06 00:00:00+00:00,4.073,4.076,4.054,4.063,34500.92
2025-05-06 01:00:00+00:00,4.063,4.09,4.052,4.062,37365.25
2025-05-06 02:00:00+00:00,4.062,4.069,4.027,4.063,73927.22
2025-05-06 03:00:00+00:00,4.063,4.084,4.055,4.077,42029.94
2025-05-06 04:00:00+00:00,4.078,4.087,4.068,4.069,22562.27
2025-05-06 05:00:00+00:00,4.07,4.075,4.045,4.047,26707.07
2025-05-06 06:00:00+00:00,4.048,4.066,4.048,4.058,32167.44
2025-05-06 07:00:00+00:00,4.058,4.071,4.045,4.058,43755.58
2025-05-06 08:00:00+00:00,4.057,4.066,4.01,4.056,96410.34
2025-05-06 09:00:00+00:00,4.055,4.06,4.03,4.052,48632.78
2025-05-06 10:00:00+00:00,4.051,4.053,4.022,4.027,61319.85
2025-05-06 11:00:00+00:00,4.028,4.043,4.003,4.03,89486.11
2025-05-06 12:00:00+00:00,4.031,4.038,4.013,4.034,39489.37
2025-05-06 13:00:00+00:00,4.035,4.051,4.015,4.032,65700.68
2025-05-06 14:00:00+00:00,4.033,4.083,4.033,4.055,51846.97
2025-05-06 15:00:00+00:00,4.054,4.069,4.033,4.036,31433.82
2025-05-06 16:00:00+00:00,4.037,4.043,4.012,4.015,60725.23
2025-05-06 17:00:00+00:00,4.016,4.055,4.016,4.039,34276.75
2025-05-06 18:00:00+00:00,4.038,4.068,4.033,4.065,40244.92
2025-05-06 19:00:00+00:00,4.065,4.083,4.058,4.066,55822.35
2025-05-06 20:00:00+00:00,4.067,4.075,4.026,4.037,25017.38
2025-05-06 21:00:00+00:00,4.038,4.053,3.981,4.03,81564.67
2025-05-06 22:00:00+00:00,4.029,4.096,4.029,4.096,73934.74
2025-05-06 23:00:00+00:00,4.096,4.122,4.072,4.108,46849.9
2025-05-07 00:00:00+00:00,4.109,4.139,4.105,4.131,74303.92
2025-05-07 01:00:00+00:00,4.132,4.163,4.13,4.15,58373.37
2025-05-07 02:00:00+00:00,4.15,4.153,4.101,4.107,46581.26
2025-05-07 03:00:00+00:00,4.108,4.131,4.096,4.128,48200.68
2025-05-07 04:00:00+00:00,4.127,4.151,4.127,4.141,17804.34
2025-05-07 05:00:00+00:00,4.14,4.154,4.111,4.116,164975.63
2025-05-07 06:00:00+00:00,4.115,4.133,4.089,4.1,136200.95
2025-05-07 07:00:00+00:00,4.1,4.139,4.095,4.131,179712.42
2025-05-07 08:00:00+00:00,4.132,4.167,4.12,4.159,126844.2
2025-05-07 09:00:00+00:00,4.159,4.185,4.149,4.178,106777.11
2025-05-07 10:00:00+00:00,4.179,4.191,4.139,4.142,211774.1
2025-05-07 11:00:00+00:00,4.144,4.148,4.127,4.136,202506.86
2025-05-07 12:00:00+00:00,4.135,4.153,4.124,4.137,100223.18
2025-05-07 13:00:00+00:00,4.136,4.151,4.119,4.145,37017.73
2025-05-07 14:00:00+00:00,4.145,4.162,4.126,4.135,85146.01
2025-05-07 15:00:00+00:00,4.135,4.145,4.115,4.118,34431.17
2025-05-07 16:00:00+00:00,4.118,4.119,4.084,4.113,43212.81
2025-05-07 17:00:00+00:00,4.113,4.12,4.089,4.11,26994.58
2025-05-07 18:00:00+00:00,4.108,4.158,4.087,4.137,75736.18
2025-05-07 19:00:00+00:00,4.138,4.139,4.1,4.119,53017.11
2025-05-07 20:00:00+00:00,4.119,4.138,4.108,4.127,26180.83
2025-05-07 21:00:00+00:00,4.127,4.159,4.123,4.145,25269.39
2025-05-07 22:00:00+00:00,4.146,4.18,4.139,4.176,54039.17
2025-05-07 23:00:00+00:00,4.176,4.189,4.161,4.17,40460.7
2025-05-08 00:00:00+00:00,4.17,4.191,4.155,4.188,22292.19
2025-05-08 01:00:00+00:00,4.189,4.21,4.188,4.196,79257.91
2025-05-08 02:00:00+00:00,4.197,4.249,4.196,4.242,53691.05
2025-05-08 03:00:00+00:00,4.242,4.282,4.241,4.279,106824.09
2025-05-08 04:00:00+00:00,4.28,4.323,4.28,4.303,128820.74
2025-05-08 05:00:00+00:00,4.303,4.315,4.292,4.294,79062.63
2025-05-08 06:00:00+00:00,4.294,4.31,4.288,4.3,38951.44
2025-05-08 07:00:00+00:00,4.301,4.333,4.301,4.31,119621.8
2025-05-08 08:00:00+00:00,4.309,4.354,4.309,4.34,129510.01
2025-05-08 09:00:00+00:00,4.341,4.362,4.334,4.362,61849.98
2025-05-08 10:00:00+00:00,4.361,4.382,4.358,4.375,69210.46
2025-05-08 11:00:00+00:00,4.375,4.379,4.355,4.356,79004.46
2025-05-08 12:00:00+00:00,4.355,4.386,4.347,4.351,107971.31
2025-05-08 13:00:00+00:00,4.351,4.364,4.336,4.344,71018.87
2025-05-08 14:00:00+00:00,4.345,4.375,4.334,4.349,68033.22
2025-05-08 15:00:00+00:00,4.348,4.457,4.347,4.424,219440.16
2025-05-08 16:00:00+00:00,4.425,4.443,4.413,4.434,87370.86
2025-05-08 17:00:00+00:00,4.434,4.455,4.414,4.427,72986.17
2025-05-08 18:00:00+00:00,4.429,4.449,4.429,4.432,35723.85
2025-05-08 19:00:00+00:00,4.431,4.457,4.422,4.452,51265.44
2025-05-08 20:00:00+00:00,4.454,4.556,4.454,4.545,154496.58
2025-05-08 21:00:00+00:00,4.546,4.587,4.499,4.529,168814.16
2025-05-08 22:00:00+00:00,4.531,4.539,4.503,4.52,119812.74
2025-05-08 23:00:00+00:00,4.52,4.541,4.51,4.541,55687.0
2025-05-09 00:00:00+00:00,4.541,4.574,4.523,4.557,87564.73
2025-05-09 01:00:00+00:00,4.557,4.599,4.549,4.599,116114.72
2025-05-09 02:00:00+00:00,4.6,4.609,4.576,4.593,83441.9
2025-05-09 03:00:00+00:00,4.593,4.638,4.56,4.565,130669.33
2025-05-09 04:00:00+00:00,4.566,4.591,4.557,4.587,64549.81
2025-05-09 05:00:00+00:00,4.587,4.636,4.581,4.627,189323.52
2025-05-09 06:00:00+00:00,4.628,4.693,4.597,4.674,357726.64
2025-05-09 07:00:00+00:00,4.674,4.756,4.66,4.723,410092.83
2025-05-09 08:00:00+00:00,4.723,4.857,4.716,4.799,472698.01
2025-05-09 09:00:00+00:00,4.799,4.857,4.762,4.8,396031.23
2025-05-09 10:00:00+00:00,4.8,4.9,4.796,4.895,227739.18
2025-05-09 11:00:00+00:00,4.896,4.95,4.852,4.917,424576.36
2025-05-09 12:00:00+00:00,4.917,4.937,4.874,4.901,175355.16
2025-05-09 13:00:00+00:00,4.901,4.974,4.888,4.962,196560.57
2025-05-09 14:00:00+00:00,4.961,4.999,4.874,4.932,264666.58
2025-05-09 15:00:00+00:00,4.933,4.955,4.876,4.936,119581.69
2025-05-09 16:00:00+00:00,4.937,4.945,4.75,4.885,244333.9
2025-05-09 17:00:00+00:00,4.884,4.994,4.874,4.976,172037.45
2025-05-09 18:00:00+00:00,4.975,4.979,4.923,4.923,118831.94
2025-05-09 19:00:00+00:00,4.923,4.933,4.889,4.913,74604.25
2025-05-09 20:00:00+00:00,4.915,4.953,4.909,4.953,47016.38
2025-05-09 21:00:00+00:00,4.953,4.979,4.92,4.951,72651.71
2025-05-09 22:00:00+00:00,4.951,4.962,4.915,4.918,51279.22
2025-05-09 23:00:00+00:00,4.918,4.947,4.883,4.946,122220.53
2025-05-10 00:00:00+00:00,4.946,5.04,4.884,4.892,238218.95
2025-05-10 01:00:00+00:00,4.892,4.933,4.856,4.873,145355.44
2025-05-10 02:00:00+00:00,4.874,4.924,4.867,4.916,55317.48
2025-05-10 03:00:00+00:00,4.916,4.95,4.901,4.941,76413.62
2025-05-10 04:00:00+00:00,4.939,4.942,4.898,4.936,38620.87
2025-05-10 05:00:00+00:00,4.937,4.98,4.915,4.968,57365.79
2025-05-10 06:00:00+00:00,4.968,4.998,4.941,4.973,97263.74
2025-05-10 07:00:00+00:00,4.973,5.002,4.947,4.991,121763.54
2025-05-10 08:00:00+00:00,4.994,5.022,4.946,4.978,148888.53
2025-05-10 09:00:00+00:00,4.979,5.023,4.95,5.015,103756.98
2025-05-10 10:00:00+00:00,5.016,5.04,4.991,4.993,112689.2
2025-05-10 11:00:00+00:00,4.992,5.049,4.985,5.016,123175.76
2025-05-10 12:00:00+00:00,5.016,5.079,5.015,5.02,175841.3
2025-05-10 13:00:00+00:00,5.021,5.061,4.987,5.045,79923.03
2025-05-10 14:00:00+00:00,5.043,5.095,5.024,5.089,77979.27
2025-05-10 15:00:00+00:00,5.089,5.089,5.019,5.035,77399.77
2025-05-10 16:00:00+00:00,5.034,5.178,5.026,5.171,308281.75
2025-05-10 17:00:00+00:00,5.172,5.212,5.134,5.135,225242.46
2025-05-10 18:00:00+00:00,5.134,5.172,5.104,5.143,113556.29
2025-05-10 19:00:00+00:00,5.142,5.147,5.107,5.136,56515.9
2025-05-10 20:00:00+00:00,5.134,5.196,5.096,5.193,93886.1
2025-05-10 21:00:00+00:00,5.195,5.275,5.187,5.258,116306.56
2025-05-10 22:00:00+00:00,5.262,5.302,5.228,5.283,155137.61
2025-05-10 23:00:00+00:00,5.283,5.392,5.275,5.384,198279.48
2025-05-11 00:00:00+00:00,5.383,5.42,5.26,5.365,237364.96
2025-05-11 01:00:00+00:00,5.365,5.368,5.214,5.239,152512.67
2025-05-11 02:00:00+00:00,5.239,5.355,5.219,5.297,136907.91
2025-05-11 03:00:00+00:00,5.296,5.369,5.265,5.311,240999.79
2025-05-11 04:00:00+00:00,5.31,5.379,5.31,5.345,133070.09
2025-05-11 05:00:00+00:00,5.345,5.357,5.274,5.277,59217.68
2025-05-11 06:00:00+00:00,5.277,5.282,5.208,5.23,61954.19
2025-05-11 07:00:00+00:00,5.23,5.231,5.116,5.178,175117.68
2025-05-11 08:00:00+00:00,5.178,5.218,5.147,5.164,64125.78
2025-05-11 09:00:00+00:00,5.168,5.249,5.166,5.23,69213.87
2025-05-11 10:00:00+00:00,5.23,5.328,5.21,5.295,154721.41
2025-05-11 11:00:00+00:00,5.296,5.324,5.265,5.275,66780.85
2025-05-11 12:00:00+00:00,5.274,5.287,5.24,5.256,68389.0
2025-05-11 13:00:00+00:00,5.257,5.288,5.164,5.167,106180.0
2025-05-11 14:00:00+00:00,5.168,5.242,5.167,5.214,63831.18
2025-05-11 15:00:00+00:00,5.213,5.253,5.177,5.238,74526.42
2025-05-11 16:00:00+00:00,5.238,5.286,5.175,5.231,92697.9
2025-05-11 17:00:00+00:00,5.232,5.305,5.216,5.278,89651.02
2025-05-11 18:00:00+00:00,5.277,5.307,5.248,5.281,61236.02
2025-05-11 19:00:00+00:00,5.28,5.332,5.276,5.284,67641.78
2025-05-11 20:00:00+00:00,5.285,5.304,5.277,5.288,37035.06
2025-05-11 21:00:00+00:00,5.287,5.327,5.254,5.319,38790.7
2025-05-11 22:00:00+00:00,5.319,5.336,5.277,5.326,60216.86
2025-05-11 23:00:00+00:00,5.326,5.333,5.288,5.31,36712.56
2025-05-12 00:00:00+00:00,5.309,5.355,5.296,5.33,101343.48
2025-05-12 01:00:00+00:00,5.331,5.361,5.232,5.298,138533.18
2025-05-12 02:00:00+00:00,5.299,5.37,5.298,5.328,128297.55
2025-05-12 03:00:00+00:00,5.329,5.346,5.296,5.329,37835.08
2025-05-12 04:00:00+00:00,5.329,5.362,5.292,5.353,73308.3
2025-05-12 05:00:00+00:00,5.354,5.364,5.299,5.316,70180.44
2025-05-12 06:00:00+00:00,5.316,5.37,5.3,5.363,65815.68
2025-05-12 07:00:00+00:00,5.364,5.499,5.362,5.386,373008.62
2025-05-12 08:00:00+00:00,5.387,5.457,5.316,5.42,185684.54
2025-05-12 09:00:00+00:00,5.421,5.432,5.365,5.369,87138.36
2025-05-12 10:00:00+00:00,5.369,5.39,5.341,5.355,111307.85
2025-05-12 11:00:00+00:00,5.353,5.377,5.289,5.294,128739.3
2025-05-12 12:00:00+00:00,5.293,5.382,5.293,5.365,129758.2
2025-05-12 13:00:00+00:00,5.365,5.418,5.318,5.38,123758.81
2025-05-12 14:00:00+00:00,5.382,5.405,5.232,5.267,230801.05
2025-05-12 15:00:00+00:00,5.268,5.301,5.204,5.256,152075.24
2025-05-12 16:00:00+00:00,5.256,5.352,5.231,5.333,119926.87
2025-05-12 17:00:00+00:00,5.334,5.405,5.318,5.322,107074.95
2025-05-12 18:00:00+00:00,5.323,5.346,5.115,5.209,301196.25
2025-05-12 19:00:00+00:00,5.21,5.258,5.189,5.23,158919.17
2025-05-12 20:00:00+00:00,5.23,5.276,5.198,5.24,86789.58
2025-05-12 21:00:00+00:00,5.241,5.279,5.236,5.263,38960.17
2025-05-12 22:00:00+00:00,5.263,5.298,5.254,5.273,50307.79
2025-05-12 23:00:00+00:00,5.273,5.274,5.232,5.235,37253.93
2025-05-13 00:00:00+00:00,5.235,5.243,5.138,5.14,62019.74
2025-05-13 01:00:00+00:00,5.142,5.169,5.074,5.083,94836.07
2025-05-13 02:00:00+00:00,5.084,5.101,5.017,5.056,121077.37
2025-05-13 03:00:00+00:00,5.056,5.083,5.0,5.024,81515.35
2025-05-13 04:00:00+00:00,5.025,5.13,5.011,5.127,88437.86
2025-05-13 05:00:00+00:00,5.127,5.134,5.086,5.105,61996.98
2025-05-13 06:00:00+00:00,5.106,5.124,5.095,5.098,74891.73
2025-05-13 07:00:00+00:00,5.099,5.13,5.059,5.073,51478.81
2025-05-13 08:00:00+00:00,5.074,5.102,5.054,5.065,147285.43
2025-05-13 09:00:00+00:00,5.065,5.124,5.06,5.115,165872.32
2025-05-13 10:00:00+00:00,5.115,5.12,5.07,5.093,58751.9
2025-05-13 11:00:00+00:00,5.092,5.155,5.092,5.114,75528.43
2025-05-13 12:00:00+00:00,5.114,5.188,5.08,5.156,128960.66
2025-05-13 13:00:00+00:00,5.155,5.171,5.121,5.138,109252.9
2025-05-13 14:00:00+00:00,5.139,5.144,5.062,5.097,133154.82
2025-05-13 15:00:00+00:00,5.096,5.153,5.093,5.151,91056.95
2025-05-13 16:00:00+00:00,5.152,5.292,5.14,5.199,254921.32
2025-05-13 17:00:00+00:00,5.2,5.245,5.195,5.22,85397.24
2025-05-13 18:00:00+00:00,5.22,5.281,5.212,5.278,66131.5
2025-05-13 19:00:00+00:00,5.279,5.367,5.251,5.318,130451.43
2025-05-13 20:00:00+00:00,5.317,5.341,5.277,5.338,71252.22
2025-05-13 21:00:00+00:00,5.337,5.345,5.282,5.299,103227.15
2025-05-13 22:00:00+00:00,5.3,5.345,5.289,5.333,77365.0
2025-05-13 23:00:00+00:00,5.333,5.338,5.262,5.262,78666.43
2025-05-14 00:00:00+00:00,5.262,5.328,5.262,5.324,67282.02
2025-05-14 01:00:00+00:00,5.325,5.349,5.271,5.287,107564.26
2025-05-14 02:00:00+00:00,5.287,5.29,5.21,5.267,96019.9
2025-05-14 03:00:00+00:00,5.266,5.272,5.222,5.262,38588.75
2025-05-14 04:00:00+00:00,5.263,5.278,5.229,5.268,46321.87
2025-05-14 05:00:00+00:00,5.269,5.28,5.247,5.267,79359.22
2025-05-14 06:00:00+00:00,5.268,5.282,5.252,5.274,34537.05
2025-05-14 07:00:00+00:00,5.275,5.275,5.197,5.218,69642.03
2025-05-14 08:00:00+00:00,5.218,5.23,5.096,5.102,146381.48
2025-05-14 09:00:00+00:00,5.103,5.163,5.103,5.154,66106.09
2025-05-14 10:00:00+00:00,5.154,5.19,5.15,5.164,56788.19
2025-05-14 11:00:00+00:00,5.165,5.21,5.165,5.192,64627.37
2025-05-14 12:00:00+00:00,5.192,5.193,5.121,5.133,91293.76
2025-05-14 13:00:00+00:00,5.132,5.181,5.087,5.144,124588.6
2025-05-14 14:00:00+00:00,5.143,5.144,5.041,5.072,115201.57
2025-05-14 15:00:00+00:00,5.072,5.101,5.045,5.098,73210.44
2025-05-14 16:00:00+00:00,5.098,5.123,5.067,5.108,63794.68
2025-05-14 17:00:00+00:00,5.107,5.119,5.048,5.119,43721.65
2025-05-14 18:00:00+00:00,5.12,5.135,5.087,5.118,53846.0
2025-05-14 19:00:00+00:00,5.116,5.126,5.097,5.113,17350.88
2025-05-14 20:00:00+00:00,5.112,5.128,5.106,5.11,21207.32
2025-05-14 21:00:00+00:00,5.111,5.12,5.062,5.116,35826.16
2025-05-14 22:00:00+00:00,5.115,5.121,5.082,5.089,33206.19
2025-05-14 23:00:00+00:00,5.089,5.097,5.041,5.091,44805.84
2025-05-15 00:00:00+00:00,5.09,5.127,5.084,5.118,33236.42
2025-05-15 01:00:00+00:00,5.118,5.124,5.014,5.026,70036.22
2025-05-15 02:00:00+00:00,5.025,5.079,5.019,5.057,44640.3
2025-05-15 03:00:00+00:00,5.058,5.087,5.043,5.052,102940.54
2025-05-15 04:00:00+00:00,5.053,5.08,5.046,5.058,144785.5
2025-05-15 05:00:00+00:00,5.058,5.058,4.951,4.964,269026.73
2025-05-15 06:00:00+00:00,4.964,4.997,4.931,4.95,62232.17
2025-05-15 07:00:00+00:00,4.948,4.959,4.86,4.868,114028.65
2025-05-15 08:00:00+00:00,4.867,4.975,4.866,4.972,93797.71
2025-05-15 09:00:00+00:00,4.972,4.972,4.858,4.901,98731.76
2025-05-15 10:00:00+00:00,4.902,4.908,4.822,4.872,134034.93
2025-05-15 11:00:00+00:00,4.871,4.907,4.859,4.882,79317.34
2025-05-15 12:00:00+00:00,4.882,4.92,4.86,4.871,131462.79
2025-05-15 13:00:00+00:00,4.87,4.905,4.8,4.843,151170.47
2025-05-15 14:00:00+00:00,4.843,4.857,4.763,4.795,137281.98
2025-05-15 15:00:00+00:00,4.795,4.913,4.791,4.904,107132.83
2025-05-15 16:00:00+00:00,4.904,4.985,4.882,4.981,106501.97
2025-05-15 17:00:00+00:00,4.982,5.001,4.957,4.97,68166.4
2025-05-15 18:00:00+00:00,4.969,4.975,4.845,4.853,298551.89
2025-05-15 19:00:00+00:00,4.852,4.9,4.833,4.868,46323.19
2025-05-15 20:00:00+00:00,4.869,4.896,4.827,4.872,99508.78
2025-05-15 21:00:00+00:00,4.871,4.888,4.799,4.883,76951.64
2025-05-15 22:00:00+00:00,4.883,4.919,4.859,4.861,54664.34
2025-05-15 23:00:00+00:00,4.861,4.874,4.777,4.866,92001.8
2025-05-16 00:00:00+00:00,4.866,4.906,4.844,4.87,47176.84
2025-05-16 01:00:00+00:00,4.87,4.917,4.845,4.904,36880.75
2025-05-16 02:00:00+00:00,4.905,4.948,4.896,4.932,84089.87
2025-05-16 03:00:00+00:00,4.932,4.955,4.921,4.943,45531.12
2025-05-16 04:00:00+00:00,4.944,4.96,4.894,4.916,41062.59
2025-05-16 05:00:00+00:00,4.917,4.956,4.917,4.94,36772.01
2025-05-16 06:00:00+00:00,4.939,4.978,4.928,4.959,23782.9
2025-05-16 07:00:00+00:00,4.959,4.985,4.929,4.94,48433.73
2025-05-16 08:00:00+00:00,4.94,4.951,4.857,4.892,60125.55
2025-05-16 09:00:00+00:00,4.893,4.969,4.891,4.966,51318.18
2025-05-16 10:00:00+00:00,4.967,4.979,4.942,4.973,49884.83
2025-05-16 11:00:00+00:00,4.974,4.987,4.932,4.943,56134.35
2025-05-16 12:00:00+00:00,4.944,4.956,4.914,4.915,33045.87
2025-05-16 13:00:00+00:00,4.914,4.978,4.91,4.974,43255.51
2025-05-16 14:00:00+00:00,4.973,4.973,4.9,4.922,44093.2
2025-05-16 15:00:00+00:00,4.923,4.959,4.918,4.937,38259.78
2025-05-16 16:00:00+00:00,4.937,4.953,4.875,4.923,32348.53
2025-05-16 17:00:00+00:00,4.923,4.929,4.877,4.885,28008.23
2025-05-16 18:00:00+00:00,4.886,4.905,4.879,4.892,17298.83
2025-05-16 19:00:00+00:00,4.891,4.922,4.879,4.909,159691.16
2025-05-16 20:00:00+00:00,4.907,4.909,4.836,4.862,185424.45
2025-05-16 21:00:00+00:00,4.862,4.895,4.848,4.867,286773.87
2025-05-16 22:00:00+00:00,4.866,4.868,4.78,4.8,48745.89
2025-05-16 23:00:00+00:00,4.801,4.84,4.8,4.812,31847.93
2025-05-17 00:00:00+00:00,4.812,4.836,4.722,4.742,119949.01
2025-05-17 01:00:00+00:00,4.741,4.741,4.661,4.684,103118.07
2025-05-17 02:00:00+00:00,4.684,4.728,4.654,4.716,62805.55
2025-05-17 03:00:00+00:00,4.717,4.748,4.687,4.746,35655.74
2025-05-17 04:00:00+00:00,4.746,4.784,4.74,4.774,33588.0
2025-05-17 05:00:00+00:00,4.774,4.781,4.726,4.729,45611.87
2025-05-17 06:00:00+00:00,4.73,4.758,4.718,4.748,17052.29
2025-05-17 07:00:00+00:00,4.748,4.78,4.729,4.751,30360.14
2025-05-17 08:00:00+00:00,4.751,4.783,4.741,4.742,35626.74
2025-05-17 09:00:00+00:00,4.743,4.753,4.712,4.734,32089.56
2025-05-17 10:00:00+00:00,4.733,4.783,4.728,4.78,21173.82
2025-05-17 11:00:00+00:00,4.781,4.8,4.746,4.782,45148.68
2025-05-17 12:00:00+00:00,4.782,4.81,4.751,4.754,42122.28
2025-05-17 13:00:00+00:00,4.755,4.765,4.689,4.697,90725.7
2025-05-17 14:00:00+00:00,4.697,4.786,4.696,4.784,85953.37
2025-05-17 15:00:00+00:00,4.784,4.791,4.757,4.757,31902.52
2025-05-17 16:00:00+00:00,4.757,4.767,4.695,4.747,47063.53
2025-05-17 17:00:00+00:00,4.747,4.78,4.73,4.73,46417.01
2025-05-17 18:00:00+00:00,4.731,4.763,4.699,4.702,72373.16
2025-05-17 19:00:00+00:00,4.702,4.735,4.693,4.706,33438.46
2025-05-17 20:00:00+00:00,4.706,4.772,4.694,4.756,54659.0
2025-05-17 21:00:00+00:00,4.759,4.761,4.726,4.749,15361.54
2025-05-17 22:00:00+00:00,4.748,4.749,4.682,4.704,50229.09
2025-05-17 23:00:00+00:00,4.704,4.733,4.697,4.718,14907.46
2025-05-18 00:00:00+00:00,4.719,4.737,4.701,4.729,23273.44
2025-05-18 01:00:00+00:00,4.729,4.756,4.71,4.744,26385.75
2025-05-18 02:00:00+00:00,4.745,4.751,4.707,4.715,31756.77
2025-05-18 03:00:00+00:00,4.715,4.732,4.688,4.708,56921.06
2025-05-18 04:00:00+00:00,4.708,4.756,4.707,4.725,190481.12
2025-05-18 05:00:00+00:00,4.725,4.795,4.718,4.792,314516.4
2025-05-18 06:00:00+00:00,4.792,4.796,4.737,4.742,329487.22
2025-05-18 07:00:00+00:00,4.743,4.802,4.729,4.799,242358.61
2025-05-18 08:00:00+00:00,4.8,4.863,4.799,4.814,335305.83
2025-05-18 09:00:00+00:00,4.817,4.831,4.788,4.802,198923.46
2025-05-18 10:00:00+00:00,4.802,4.815,4.785,4.81,33383.29
2025-05-18 11:00:00+00:00,4.81,4.839,4.805,4.825,48437.52
2025-05-18 12:00:00+00:00,4.826,4.84,4.797,4.839,58283.49
2025-05-18 13:00:00+00:00,4.839,4.893,4.832,4.888,43640.85
2025-05-18 14:00:00+00:00,4.891,5.037,4.889,5.031,243228.03
2025-05-18 15:00:00+00:00,5.032,5.107,5.002,5.105,154393.96
2025-05-18 16:00:00+00:00,5.105,5.136,5.05,5.069,140547.42
2025-05-18 17:00:00+00:00,5.068,5.069,4.905,4.909,81244.63
2025-05-18 18:00:00+00:00,4.912,4.912,4.798,4.838,154741.44
2025-05-18 19:00:00+00:00,4.837,4.853,4.724,4.731,140828.07
2025-05-18 20:00:00+00:00,4.731,4.755,4.637,4.748,272098.47
2025-05-18 21:00:00+00:00,4.749,4.836,4.749,4.791,86678.0
2025-05-18 22:00:00+00:00,4.792,4.891,4.756,4.891,101849.33
2025-05-18 23:00:00+00:00,4.89,4.979,4.848,4.963,199043.24
2025-05-19 00:00:00+00:00,4.963,5.004,4.846,4.861,249922.17
2025-05-19 01:00:00+00:00,4.86,4.874,4.804,4.805,67181.01
2025-05-19 02:00:00+00:00,4.804,4.82,4.761,4.769,46247.14
2025-05-19 03:00:00+00:00,4.768,4.785,4.703,4.71,73602.14
2025-05-19 04:00:00+00:00,4.711,4.75,4.659,4.679,61937.04
2025-05-19 05:00:00+00:00,4.679,4.728,4.652,4.726,85866.04
2025-05-19 06:00:00+00:00,4.726,4.784,4.652,4.656,113315.64
2025-05-19 07:00:00+00:00,4.655,4.738,4.653,4.722,59607.93
2025-05-19 08:00:00+00:00,4.721,4.739,4.677,4.708,56217.29
2025-05-19 09:00:00+00:00,4.706,4.734,4.671,4.689,113484.24
2025-05-19 10:00:00+00:00,4.688,4.691,4.619,4.633,149372.32
2025-05-19 11:00:00+00:00,4.635,4.66,4.627,4.645,28286.83
2025-05-19 12:00:00+00:00,4.645,4.649,4.582,4.607,111435.63
2025-05-19 13:00:00+00:00,4.607,4.715,4.604,4.686,68693.27
2025-05-19 14:00:00+00:00,4.685,4.724,4.678,4.704,79935.55
2025-05-19 15:00:00+00:00,4.703,4.75,4.699,4.74,53374.59
2025-05-19 16:00:00+00:00,4.739,4.82,4.716,4.817,64516.96
2025-05-19 17:00:00+00:00,4.817,4.858,4.795,4.801,88970.42
2025-05-19 18:00:00+00:00,4.8,4.817,4.744,4.769,57565.67
2025-05-19 19:00:00+00:00,4.77,4.809,4.762,4.796,68355.15
2025-05-19 20:00:00+00:00,4.796,4.812,4.78,4.797,52997.57
2025-05-19 21:00:00+00:00,4.797,4.799,4.751,4.793,55930.88
2025-05-19 22:00:00+00:00,4.792,4.792,4.754,4.761,46676.8
2025-05-19 23:00:00+00:00,4.761,4.79,4.755,4.779,54088.72
2025-05-20 00:00:00+00:00,4.779,4.827,4.747,4.751,87569.25
2025-05-20 01:00:00+00:00,4.751,4.828,4.741,4.808,55795.12
2025-05-20 02:00:00+00:00,4.809,4.885,4.809,4.821,120180.05
2025-05-20 03:00:00+00:00,4.82,4.836,4.792,4.821,46041.62
2025-05-20 04:00:00+00:00,4.821,4.841,4.799,4.834,41203.2
2025-05-20 05:00:00+00:00,4.834,4.867,4.83,4.843,47174.52
2025-05-20 06:00:00+00:00,4.844,4.85,4.811,4.833,26200.0
2025-05-20 07:00:00+00:00,4.833,4.839,4.778,4.797,101375.92
2025-05-20 08:00:00+00:00,4.796,4.815,4.756,4.783,59537.73
2025-05-20 09:00:00+00:00,4.783,4.798,4.745,4.751,36611.32
2025-05-20 10:00:00+00:00,4.751,4.757,4.708,4.723,74396.71
2025-05-20 11:00:00+00:00,4.725,4.727,4.679,4.715,83309.94
2025-05-20 12:00:00+00:00,4.716,4.716,4.656,4.67,55959.35
2025-05-20 13:00:00+00:00,4.671,4.708,4.668,4.688,50937.89
2025-05-20 14:00:00+00:00,4.687,4.725,4.675,4.693,30265.06
2025-05-20 15:00:00+00:00,4.693,4.731,4.688,4.714,27290.89
2025-05-20 16:00:00+00:00,4.715,4.735,4.679,4.685,37095.04
2025-05-20 17:00:00+00:00,4.686,4.76,4.679,4.741,67386.94
2025-05-20 18:00:00+00:00,4.743,4.756,4.663,4.67,61648.2
2025-05-20 19:00:00+00:00,4.67,4.776,4.662,4.761,52295.48
2025-05-20 20:00:00+00:00,4.759,4.814,4.742,4.804,67232.24
2025-05-20 21:00:00+00:00,4.805,4.872,4.799,4.847,59998.41
2025-05-20 22:00:00+00:00,4.848,4.868,4.804,4.844,56831.8
2025-05-20 23:00:00+00:00,4.843,4.865,4.821,4.848,39512.07
2025-05-21 00:00:00+00:00,4.849,4.869,4.82,4.836,50750.89
2025-05-21 01:00:00+00:00,4.835,4.861,4.807,4.807,39606.91
2025-05-21 02:00:00+00:00,4.808,4.873,4.777,4.868,59575.87
2025-05-21 03:00:00+00:00,4.87,4.91,4.858,4.896,66450.1
2025-05-21 04:00:00+00:00,4.898,4.972,4.888,4.946,87082.43
2025-05-21 05:00:00+00:00,4.946,5.005,4.94,4.989,114265.97
2025-05-21 06:00:00+00:00,4.99,5.013,4.961,4.996,60823.24
2025-05-21 07:00:00+00:00,4.996,5.002,4.903,4.919,97024.33
2025-05-21 08:00:00+00:00,4.919,4.956,4.895,4.895,80951.58
2025-05-21 09:00:00+00:00,4.896,4.899,4.862,4.869,59820.84
2025-05-21 10:00:00+00:00,4.868,4.896,4.848,4.892,43108.21
2025-05-21 11:00:00+00:00,4.893,4.95,4.893,4.926,46774.19
2025-05-21 12:00:00+00:00,4.926,4.946,4.907,4.92,40068.15
2025-05-21 13:00:00+00:00,4.921,4.982,4.893,4.957,51223.12
2025-05-21 14:00:00+00:00,4.958,4.977,4.903,4.968,86465.09
2025-05-21 15:00:00+00:00,4.968,4.988,4.936,4.965,140613.19
2025-05-21 16:00:00+00:00,4.966,5.067,4.961,5.025,110424.95
2025-05-21 17:00:00+00:00,5.026,5.044,4.832,4.862,273657.5
2025-05-21 18:00:00+00:00,4.863,4.937,4.836,4.894,96282.77
2025-05-21 19:00:00+00:00,4.895,4.977,4.882,4.966,86643.63
2025-05-21 20:00:00+00:00,4.966,4.977,4.93,4.953,49832.72
2025-05-21 21:00:00+00:00,4.954,4.974,4.931,4.933,19811.76
2025-05-21 22:00:00+00:00,4.932,4.965,4.921,4.961,53410.79
2025-05-21 23:00:00+00:00,4.961,5.026,4.948,4.974,89877.74
2025-05-22 00:00:00+00:00,4.975,5.035,4.97,5.032,60415.41
2025-05-22 01:00:00+00:00,5.033,5.055,5.017,5.022,105459.53
2025-05-22 02:00:00+00:00,5.022,5.049,5.01,5.036,68514.98
2025-05-22 03:00:00+00:00,5.037,5.115,5.024,5.092,107158.12
2025-05-22 04:00:00+00:00,5.093,5.099,5.065,5.079,68578.91
2025-05-22 05:00:00+00:00,5.079,5.08,5.027,5.029,109662.31
2025-05-22 06:00:00+00:00,5.03,5.048,5.003,5.009,65919.99
2025-05-22 07:00:00+00:00,5.01,5.067,4.996,5.06,55173.32
2025-05-22 08:00:00+00:00,5.06,5.113,5.047,5.099,81902.99
2025-05-22 09:00:00+00:00,5.098,5.15,5.093,5.124,97292.07
2025-05-22 10:00:00+00:00,5.123,5.148,5.106,5.113,49555.41
2025-05-22 11:00:00+00:00,5.112,5.125,5.069,5.115,101717.15
2025-05-22 12:00:00+00:00,5.115,5.121,5.086,5.114,48571.85
2025-05-22 13:00:00+00:00,5.115,5.124,5.074,5.096,99990.26
2025-05-22 14:00:00+00:00,5.096,5.16,5.086,5.148,81330.22
2025-05-22 15:00:00+00:00,5.149,5.219,5.146,5.179,139854.82
2025-05-22 16:00:00+00:00,5.181,5.224,5.173,5.177,78588.65
2025-05-22 17:00:00+00:00,5.178,5.228,5.178,5.203,49542.73
2025-05-22 18:00:00+00:00,5.202,5.225,5.189,5.218,36239.56
2025-05-22 19:00:00+00:00,5.218,5.229,5.169,5.18,54873.1
2025-05-22 20:00:00+00:00,5.181,5.217,5.171,5.18,47391.26
2025-05-22 21:00:00+00:00,5.18,5.189,5.15,5.166,66596.34
2025-05-22 22:00:00+00:00,5.167,5.217,5.165,5.184,42581.47
2025-05-22 23:00:00+00:00,5.185,5.222,5.185,5.219,39873.87
2025-05-23 00:00:00+00:00,5.218,5.233,5.189,5.209,61019.66
2025-05-23 01:00:00+00:00,5.208,5.256,5.175,5.25,105959.77
2025-05-23 02:00:00+00:00,5.251,5.341,5.247,5.307,161387.55
2025-05-23 03:00:00+00:00,5.306,5.337,5.296,5.327,58557.03
2025-05-23 04:00:00+00:00,5.328,5.344,5.22,5.253,107286.54
2025-05-23 05:00:00+00:00,5.252,5.261,5.201,5.234,39409.04
2025-05-23 06:00:00+00:00,5.233,5.236,5.136,5.156,58825.09
2025-05-23 07:00:00+00:00,5.156,5.213,5.156,5.178,35349.95
2025-05-23 08:00:00+00:00,5.179,5.238,5.179,5.225,48282.85
2025-05-23 09:00:00+00:00,5.224,5.28,5.217,5.275,43949.56
2025-05-23 10:00:00+00:00,5.276,5.277,5.218,5.235,57284.42
2025-05-23 11:00:00+00:00,5.236,5.281,5.055,5.077,391550.19
2025-05-23 12:00:00+00:00,5.081,5.095,4.964,5.037,385395.53
2025-05-23 13:00:00+00:00,5.037,5.105,5.001,5.103,207693.96
2025-05-23 14:00:00+00:00,5.106,5.147,5.086,5.114,67694.35
2025-05-23 15:00:00+00:00,5.114,5.129,5.036,5.04,103984.64
2025-05-23 16:00:00+00:00,5.04,5.062,4.995,5.049,88771.8
2025-05-23 17:00:00+00:00,5.048,5.095,5.046,5.058,43171.43
2025-05-23 18:00:00+00:00,5.057,5.071,4.998,5.015,91447.38
2025-05-23 19:00:00+00:00,5.015,5.034,4.996,5.008,43298.98
2025-05-23 20:00:00+00:00,5.008,5.008,4.926,4.936,96767.19
2025-05-23 21:00:00+00:00,4.936,4.959,4.887,4.912,70419.14
2025-05-23 22:00:00+00:00,4.913,4.941,4.865,4.866,60535.08
2025-05-23 23:00:00+00:00,4.866,4.875,4.769,4.792,120841.25
2025-05-24 00:00:00+00:00,4.793,4.835,4.772,4.779,63585.84
2025-05-24 01:00:00+00:00,4.778,4.818,4.773,4.777,73342.42
2025-05-24 02:00:00+00:00,4.776,4.822,4.763,4.819,31406.45
2025-05-24 03:00:00+00:00,4.818,4.857,4.813,4.851,28415.04
2025-05-24 04:00:00+00:00,4.851,4.862,4.834,4.84,38251.0
2025-05-24 05:00:00+00:00,4.841,4.842,4.799,4.83,37650.13
2025-05-24 06:00:00+00:00,4.828,4.835,4.79,4.812,46187.88
2025-05-24 07:00:00+00:00,4.813,4.84,4.796,4.807,62518.78
2025-05-24 08:00:00+00:00,4.807,4.823,4.786,4.811,44190.83
2025-05-24 09:00:00+00:00,4.81,4.824,4.791,4.793,39396.04
2025-05-24 10:00:00+00:00,4.794,4.83,4.784,4.821,57476.87
2025-05-24 11:00:00+00:00,4.822,4.835,4.795,4.798,90052.13
2025-05-24 12:00:00+00:00,4.8,4.812,4.776,4.81,54339.11
2025-05-24 13:00:00+00:00,4.81,4.814,4.775,4.779,52460.28
2025-05-24 14:00:00+00:00,4.778,4.827,4.772,4.823,56204.48
2025-05-24 15:00:00+00:00,4.823,4.833,4.781,4.8,75189.19
2025-05-24 16:00:00+00:00,4.8,4.806,4.758,4.794,52202.22
2025-05-24 17:00:00+00:00,4.795,4.823,4.793,4.807,51309.01
2025-05-24 18:00:00+00:00,4.806,4.82,4.76,4.764,40667.25
2025-05-24 19:00:00+00:00,4.762,4.77,4.732,4.762,81701.17
2025-05-24 20:00:00+00:00,4.762,4.764,4.725,4.737,75485.72
2025-05-24 21:00:00+00:00,4.738,4.75,4.707,4.743,59764.2
2025-05-24 22:00:00+00:00,4.743,4.744,4.702,4.706,35930.7
2025-05-24 23:00:00+00:00,4.707,4.736,4.694,4.715,50357.83
2025-05-25 00:00:00+00:00,4.716,4.73,4.646,4.66,133341.68
2025-05-25 01:00:00+00:00,4.66,4.687,4.638,4.667,54958.77
2025-05-25 02:00:00+00:00,4.667,4.703,4.652,4.694,28885.15
2025-05-25 03:00:00+00:00,4.695,4.712,4.694,4.698,37276.78
2025-05-25 04:00:00+00:00,4.698,4.706,4.684,4.705,52408.73
2025-05-25 05:00:00+00:00,4.704,4.717,4.691,4.712,44006.03
2025-05-25 06:00:00+00:00,4.712,4.714,4.685,4.699,21692.34
2025-05-25 07:00:00+00:00,4.698,4.699,4.664,4.686,48305.69
2025-05-25 08:00:00+00:00,4.687,4.687,4.614,4.633,64772.29
2025-05-25 09:00:00+00:00,4.632,4.65,4.606,4.645,65896.15
2025-05-25 10:00:00+00:00,4.645,4.658,4.634,4.64,28665.56
2025-05-25 11:00:00+00:00,4.64,4.656,4.626,4.649,27172.6
2025-05-25 12:00:00+00:00,4.648,4.685,4.635,4.685,37196.65
2025-05-25 13:00:00+00:00,4.685,4.692,4.663,4.674,29466.11
2025-05-25 14:00:00+00:00,4.674,4.679,4.63,4.64,30261.84
2025-05-25 15:00:00+00:00,4.641,4.642,4.573,4.632,118909.43
2025-05-25 16:00:00+00:00,4.631,4.631,4.582,4.629,56854.5
2025-05-25 17:00:00+00:00,4.629,4.659,4.627,4.658,148272.41
2025-05-25 18:00:00+00:00,4.659,4.683,4.654,4.677,58134.44
2025-05-25 19:00:00+00:00,4.676,4.737,4.673,4.721,75541.32
2025-05-25 20:00:00+00:00,4.721,4.744,4.706,4.737,102725.34
2025-05-25 21:00:00+00:00,4.737,4.758,4.69,4.695,135122.56
2025-05-25 22:00:00+00:00,4.696,4.81,4.69,4.809,104796.08
2025-05-25 23:00:00+00:00,4.808,4.819,4.771,4.79,89993.15
2025-05-26 00:00:00+00:00,4.791,4.829,4.76,4.827,138939.7
2025-05-26 01:00:00+00:00,4.827,4.833,4.81,4.824,36242.76
2025-05-26 02:00:00+00:00,4.824,4.833,4.805,4.81,24197.85
2025-05-26 03:00:00+00:00,4.809,4.832,4.797,4.809,96049.08
2025-05-26 04:00:00+00:00,4.81,4.812,4.797,4.803,24299.47
2025-05-26 05:00:00+00:00,4.803,4.827,4.799,4.822,58673.1
2025-05-26 06:00:00+00:00,4.821,4.857,4.816,4.855,39449.14
2025-05-26 07:00:00+00:00,4.856,4.918,4.855,4.916,121805.14
2025-05-26 08:00:00+00:00,4.917,4.953,4.892,4.9,99386.46
2025-05-26 09:00:00+00:00,4.9,4.93,4.871,4.878,57372.45
2025-05-26 10:00:00+00:00,4.878,4.894,4.852,4.854,42626.76
2025-05-26 11:00:00+00:00,4.853,4.88,4.842,4.858,46980.78
2025-05-26 12:00:00+00:00,4.857,4.875,4.848,4.867,51686.31
2025-05-26 13:00:00+00:00,4.866,4.877,4.791,4.809,130547.13
2025-05-26 14:00:00+00:00,4.809,4.825,4.779,4.804,86338.98
2025-05-26 15:00:00+00:00,4.805,4.872,4.795,4.857,47948.61
2025-05-26 16:00:00+00:00,4.859,4.883,4.802,4.828,76836.04
2025-05-26 17:00:00+00:00,4.827,4.838,4.752,4.756,47838.27
2025-05-26 18:00:00+00:00,4.755,4.788,4.747,4.765,25727.63
2025-05-26 19:00:00+00:00,4.764,4.775,4.745,4.767,33905.75
2025-05-26 20:00:00+00:00,4.766,4.801,4.745,4.8,37487.07
2025-05-26 21:00:00+00:00,4.799,4.809,4.777,4.786,18729.91
2025-05-26 22:00:00+00:00,4.785,4.828,4.767,4.768,26764.51
2025-05-26 23:00:00+00:00,4.767,4.781,4.746,4.776,20946.99
2025-05-27 00:00:00+00:00,4.778,4.796,4.734,4.737,19794.72
2025-05-27 01:00:00+00:00,4.737,4.737,4.678,4.724,63929.84
2025-05-27 02:00:00+00:00,4.723,4.766,4.722,4.75,21831.53
2025-05-27 03:00:00+00:00,4.749,4.791,4.746,4.757,25311.11
2025-05-27 04:00:00+00:00,4.757,4.789,4.753,4.762,18298.87
2025-05-27 05:00:00+00:00,4.762,4.786,4.734,4.783,36564.45
2025-05-27 06:00:00+00:00,4.784,4.861,4.784,4.811,80317.98
2025-05-27 07:00:00+00:00,4.812,4.854,4.807,4.842,87424.08
2025-05-27 08:00:00+00:00,4.843,4.885,4.843,4.878,48479.6
2025-05-27 09:00:00+00:00,4.879,4.9,4.87,4.889,43361.96
2025-05-27 10:00:00+00:00,4.89,4.904,4.875,4.895,52956.29
2025-05-27 11:00:00+00:00,4.894,4.908,4.861,4.9,43285.59
2025-05-27 12:00:00+00:00,4.899,4.918,4.878,4.888,114292.57
2025-05-27 13:00:00+00:00,4.889,4.959,4.856,4.881,239972.74
2025-05-27 14:00:00+00:00,4.882,4.897,4.812,4.844,97527.24
2025-05-27 15:00:00+00:00,4.844,4.894,4.819,4.86,68198.44
2025-05-27 16:00:00+00:00,4.861,4.888,4.851,4.871,71952.24
2025-05-27 17:00:00+00:00,4.871,4.886,4.845,4.848,238666.88
2025-05-27 18:00:00+00:00,4.849,4.858,4.81,4.823,280713.86
2025-05-27 19:00:00+00:00,4.822,4.827,4.762,4.765,115592.75
2025-05-27 20:00:00+00:00,4.765,4.809,4.743,4.793,87962.32
2025-05-27 21:00:00+00:00,4.792,4.813,4.758,4.773,41691.1
2025-05-27 22:00:00+00:00,4.774,4.779,4.739,4.75,38860.23
2025-05-27 23:00:00+00:00,4.749,4.762,4.736,4.754,42283.55
2025-05-28 00:00:00+00:00,4.754,4.764,4.718,4.761,43990.74
2025-05-28 01:00:00+00:00,4.761,4.79,4.722,4.727,110124.03
2025-05-28 02:00:00+00:00,4.727,4.73,4.694,4.717,44550.87
2025-05-28 03:00:00+00:00,4.717,4.734,4.703,4.731,61318.43
2025-05-28 04:00:00+00:00,4.73,4.75,4.704,4.732,34686.04
2025-05-28 05:00:00+00:00,4.733,4.745,4.711,4.736,26282.12
2025-05-28 06:00:00+00:00,4.736,4.736,4.696,4.698,42679.58
2025-05-28 07:00:00+00:00,4.7,4.735,4.695,4.719,39892.4
2025-05-28 08:00:00+00:00,4.719,4.744,4.703,4.74,38493.16
2025-05-28 09:00:00+00:00,4.741,4.745,4.71,4.719,39220.48
2025-05-28 10:00:00+00:00,4.72,4.767,4.691,4.76,67675.61
2025-05-28 11:00:00+00:00,4.761,4.797,4.76,4.793,89667.02
2025-05-28 12:00:00+00:00,4.794,4.852,4.784,4.827,124722.46
2025-05-28 13:00:00+00:00,4.827,4.833,4.764,4.766,69475.76
2025-05-28 14:00:00+00:00,4.765,4.783,4.731,4.755,109195.1
2025-05-28 15:00:00+00:00,4.755,4.78,4.685,4.688,180088.28
2025-05-28 16:00:00+00:00,4.69,4.734,4.683,4.734,43887.29
2025-05-28 17:00:00+00:00,4.734,4.76,4.71,4.727,50478.59
2025-05-28 18:00:00+00:00,4.727,4.741,4.681,4.681,54323.37
2025-05-28 19:00:00+00:00,4.68,4.712,4.64,4.656,69358.94
2025-05-28 20:00:00+00:00,4.656,4.717,4.651,4.713,47504.87
2025-05-28 21:00:00+00:00,4.712,4.748,4.699,4.745,52776.23
2025-05-28 22:00:00+00:00,4.744,4.757,4.717,4.752,47612.81
2025-05-28 23:00:00+00:00,4.752,4.847,4.748,4.845,262353.97
2025-05-29 00:00:00+00:00,4.845,4.899,4.825,4.888,106335.58
2025-05-29 01:00:00+00:00,4.889,4.891,4.84,4.862,71227.11
2025-05-29 02:00:00+00:00,4.862,4.905,4.842,4.902,61807.02
2025-05-29 03:00:00+00:00,4.902,4.917,4.867,4.872,59543.82
2025-05-29 04:00:00+00:00,4.872,4.881,4.722,4.8,128015.03
2025-05-29 05:00:00+00:00,4.801,4.809,4.782,4.794,42258.72
2025-05-29 06:00:00+00:00,4.794,4.831,4.79,4.816,56693.9
2025-05-29 07:00:00+00:00,4.816,4.821,4.801,4.811,30737.69
2025-05-29 08:00:00+00:00,4.812,4.841,4.793,4.83,52630.58
2025-05-29 09:00:00+00:00,4.829,4.829,4.797,4.811,32919.49
2025-05-29 10:00:00+00:00,4.813,4.837,4.794,4.831,39683.82
2025-05-29 11:00:00+00:00,4.831,4.846,4.822,4.84,49335.84
2025-05-29 12:00:00+00:00,4.84,4.84,4.799,4.82,53661.55
2025-05-29 13:00:00+00:00,4.821,4.853,4.791,4.799,86711.21
2025-05-29 14:00:00+00:00,4.801,4.826,4.74,4.821,125642.06
2025-05-29 15:00:00+00:00,4.82,4.833,4.76,4.768,62536.9
2025-05-29 16:00:00+00:00,4.768,4.793,4.732,4.743,84986.39
2025-05-29 17:00:00+00:00,4.743,4.752,4.709,4.729,87977.64
2025-05-29 18:00:00+00:00,4.73,4.754,4.683,4.683,49166.15
2025-05-29 19:00:00+00:00,4.683,4.7,4.643,4.662,49246.98
2025-05-29 20:00:00+00:00,4.662,4.691,4.656,4.669,71715.12
2025-05-29 21:00:00+00:00,4.667,4.708,4.665,4.705,28630.33
2025-05-29 22:00:00+00:00,4.704,4.709,4.649,4.65,33370.8
2025-05-29 23:00:00+00:00,4.65,4.662,4.596,4.614,121567.52
2025-05-30 00:00:00+00:00,4.615,4.639,4.374,4.434,548102.9
2025-05-30 01:00:00+00:00,4.435,4.506,4.42,4.484,154847.06
2025-05-30 02:00:00+00:00,4.483,4.532,4.479,4.511,84120.27
2025-05-30 03:00:00+00:00,4.511,4.529,4.496,4.506,94316.78
2025-05-30 04:00:00+00:00,4.505,4.521,4.486,4.505,37876.07
2025-05-30 05:00:00+00:00,4.505,4.525,4.491,4.508,46255.47
2025-05-30 06:00:00+00:00,4.507,4.507,4.428,4.447,98484.44
2025-05-30 07:00:00+00:00,4.448,4.493,4.446,4.452,73923.37
2025-05-30 08:00:00+00:00,4.452,4.486,4.439,4.464,53869.2
2025-05-30 09:00:00+00:00,4.465,4.49,4.434,4.484,71767.78
2025-05-30 10:00:00+00:00,4.482,4.495,4.458,4.48,52301.35
2025-05-30 11:00:00+00:00,4.48,4.5,4.468,4.471,56195.7
2025-05-30 12:00:00+00:00,4.472,4.472,4.402,4.435,103178.44
2025-05-30 13:00:00+00:00,4.436,4.452,4.393,4.403,91728.25
2025-05-30 14:00:00+00:00,4.403,4.446,4.397,4.439,80819.53
2025-05-30 15:00:00+00:00,4.438,4.457,4.414,4.417,47534.35
2025-05-30 16:00:00+00:00,4.416,4.438,4.277,4.332,349525.94
2025-05-30 17:00:00+00:00,4.331,4.384,4.33,4.381,86597.23
2025-05-30 18:00:00+00:00,4.379,4.429,4.378,4.426,63853.98
2025-05-30 19:00:00+00:00,4.425,4.442,4.414,4.417,41115.93
2025-05-30 20:00:00+00:00,4.417,4.427,4.396,4.406,32234.77
2025-05-30 21:00:00+00:00,4.405,4.405,4.357,4.366,57895.24
2025-05-30 22:00:00+00:00,4.366,4.377,4.275,4.275,80122.0
2025-05-30 23:00:00+00:00,4.276,4.308,4.234,4.291,149345.53
2025-05-31 00:00:00+00:00,4.29,4.305,4.204,4.237,120780.14
2025-05-31 01:00:00+00:00,4.238,4.268,4.177,4.229,158344.42
2025-05-31 02:00:00+00:00,4.228,4.273,4.206,4.224,59230.47
2025-05-31 03:00:00+00:00,4.225,4.25,4.191,4.231,54097.59
2025-05-31 04:00:00+00:00,4.231,4.252,4.204,4.246,38588.82
2025-05-31 05:00:00+00:00,4.246,4.257,4.221,4.232,45606.81
2025-05-31 06:00:00+00:00,4.232,4.275,4.228,4.258,22774.29
2025-05-31 07:00:00+00:00,4.258,4.274,4.243,4.262,52490.46
2025-05-31 08:00:00+00:00,4.262,4.272,4.229,4.251,31715.93
2025-05-31 09:00:00+00:00,4.251,4.264,4.232,4.251,44899.05
2025-05-31 10:00:00+00:00,4.249,4.285,4.219,4.249,107554.14
2025-05-31 11:00:00+00:00,4.249,4.254,4.226,4.242,28765.7
2025-05-31 12:00:00+00:00,4.243,4.316,4.239,4.316,53484.7
2025-05-31 13:00:00+00:00,4.315,4.338,4.297,4.302,105686.85
2025-05-31 14:00:00+00:00,4.302,4.324,4.29,4.314,69162.42
2025-05-31 15:00:00+00:00,4.312,4.343,4.302,4.306,97497.03
2025-05-31 16:00:00+00:00,4.306,4.335,4.298,4.327,24543.6
2025-05-31 17:00:00+00:00,4.327,4.334,4.307,4.312,30087.57
2025-05-31 18:00:00+00:00,4.311,4.353,4.308,4.35,42612.37
2025-05-31 19:00:00+00:00,4.351,4.369,4.34,4.345,23318.07
2025-05-31 20:00:00+00:00,4.346,4.363,4.335,4.361,12184.41
2025-05-31 21:00:00+00:00,4.361,4.393,4.361,4.377,110459.01
2025-05-31 22:00:00+00:00,4.378,4.382,4.345,4.345,23992.85
2025-05-31 23:00:00+00:00,4.345,4.368,4.34,4.348,57681.96
2025-06-01 00:00:00+00:00,4.349,4.351,4.321,4.344,29601.69
2025-06-01 01:00:00+00:00,4.345,4.367,4.314,4.328,28321.79
2025-06-01 02:00:00+00:00,4.327,4.348,4.308,4.342,23063.48
2025-06-01 03:00:00+00:00,4.343,4.344,4.312,4.327,31384.45
2025-06-01 04:00:00+00:00,4.328,4.365,4.323,4.362,28876.99
2025-06-01 05:00:00+00:00,4.362,4.374,4.348,4.352,17055.23
2025-06-01 06:00:00+00:00,4.351,4.351,4.323,4.327,23704.7
2025-06-01 07:00:00+00:00,4.326,4.334,4.316,4.324,18467.75
2025-06-01 08:00:00+00:00,4.323,4.327,4.294,4.312,37269.92
2025-06-01 09:00:00+00:00,4.313,4.32,4.255,4.278,34668.8
2025-06-01 10:00:00+00:00,4.278,4.29,4.267,4.29,27282.03
2025-06-01 11:00:00+00:00,4.288,4.311,4.278,4.295,19633.68
2025-06-01 12:00:00+00:00,4.295,4.303,4.263,4.279,25363.54
2025-06-01 13:00:00+00:00,4.278,4.314,4.276,4.304,26618.25
2025-06-01 14:00:00+00:00,4.304,4.342,4.303,4.329,34156.26
2025-06-01 15:00:00+00:00,4.33,4.349,4.327,4.338,16086.73
2025-06-01 16:00:00+00:00,4.338,4.372,4.336,4.347,115380.54
2025-06-01 17:00:00+00:00,4.347,4.363,4.33,4.333,44140.76
2025-06-01 18:00:00+00:00,4.333,4.333,4.281,4.31,53049.39
2025-06-01 19:00:00+00:00,4.309,4.331,4.307,4.331,32238.01
2025-06-01 20:00:00+00:00,4.332,4.358,4.321,4.338,36303.49
2025-06-01 21:00:00+00:00,4.338,4.367,4.334,4.362,24881.75
2025-06-01 22:00:00+00:00,4.363,4.385,4.36,4.367,27438.32
2025-06-01 23:00:00+00:00,4.368,4.385,4.36,4.366,21688.16
2025-06-02 00:00:00+00:00,4.367,4.367,4.342,4.351,33082.28
2025-06-02 01:00:00+00:00,4.352,4.369,4.33,4.331,42734.94
2025-06-02 02:00:00+00:00,4.33,4.334,4.308,4.313,54234.05
2025-06-02 03:00:00+00:00,4.313,4.319,4.289,4.305,45751.9
2025-06-02 04:00:00+00:00,4.305,4.317,4.293,4.298,16941.49
2025-06-02 05:00:00+00:00,4.297,4.311,4.275,4.291,22422.82
2025-06-02 06:00:00+00:00,4.29,4.325,4.279,4.307,32384.64
2025-06-02 07:00:00+00:00,4.306,4.344,4.305,4.316,47666.44
2025-06-02 08:00:00+00:00,4.317,4.331,4.285,4.293,32173.04
2025-06-02 09:00:00+00:00,4.295,4.295,4.267,4.274,50460.99
2025-06-02 10:00:00+00:00,4.272,4.287,4.257,4.28,64526.17
2025-06-02 11:00:00+00:00,4.279,4.3,4.271,4.288,47212.86
2025-06-02 12:00:00+00:00,4.288,4.311,4.278,4.305,58542.98
2025-06-02 13:00:00+00:00,4.306,4.328,4.288,4.301,24241.91
2025-06-02 14:00:00+00:00,4.301,4.346,4.292,4.336,64039.94
2025-06-02 15:00:00+00:00,4.334,4.358,4.321,4.342,42971.48
2025-06-02 16:00:00+00:00,4.343,4.349,4.319,4.341,32744.92
2025-06-02 17:00:00+00:00,4.341,4.347,4.311,4.323,28169.37
2025-06-02 18:00:00+00:00,4.322,4.356,4.32,4.325,60464.9
2025-06-02 19:00:00+00:00,4.326,4.338,4.304,4.325,26440.65
2025-06-02 20:00:00+00:00,4.326,4.379,4.326,4.379,34494.95
2025-06-02 21:00:00+00:00,4.379,4.423,4.377,4.423,62098.57
2025-06-02 22:00:00+00:00,4.423,4.492,4.423,4.457,96503.83
2025-06-02 23:00:00+00:00,4.458,4.481,4.458,4.468,45266.67
2025-06-03 00:00:00+00:00,4.469,4.508,4.46,4.494,77598.62
2025-06-03 01:00:00+00:00,4.496,4.526,4.492,4.526,40589.37
2025-06-03 02:00:00+00:00,4.527,4.53,4.479,4.486,62999.78
2025-06-03 03:00:00+00:00,4.486,4.488,4.455,4.459,30841.53
2025-06-03 04:00:00+00:00,4.458,4.46,4.425,4.436,24967.16
2025-06-03 05:00:00+00:00,4.437,4.477,4.437,4.475,54937.64
2025-06-03 06:00:00+00:00,4.474,4.481,4.442,4.468,71812.22
2025-06-03 07:00:00+00:00,4.468,4.475,4.448,4.45,37379.12
2025-06-03 08:00:00+00:00,4.451,4.455,4.42,4.443,36115.5
2025-06-03 09:00:00+00:00,4.443,4.466,4.439,4.46,25671.54
2025-06-03 10:00:00+00:00,4.46,4.47,4.453,4.462,25702.16
2025-06-03 11:00:00+00:00,4.462,4.478,4.444,4.447,87958.59
2025-06-03 12:00:00+00:00,4.447,4.457,4.43,4.434,63716.02
2025-06-03 13:00:00+00:00,4.434,4.474,4.432,4.443,92282.59
2025-06-03 14:00:00+00:00,4.442,4.474,4.415,4.47,105761.92
2025-06-03 15:00:00+00:00,4.471,4.475,4.438,4.441,85140.66
2025-06-03 16:00:00+00:00,4.442,4.46,4.432,4.438,38660.31
2025-06-03 17:00:00+00:00,4.436,4.469,4.434,4.46,34627.79
2025-06-03 18:00:00+00:00,4.461,4.461,4.434,4.452,33243.77
2025-06-03 19:00:00+00:00,4.453,4.48,4.452,4.475,25924.6
2025-06-03 20:00:00+00:00,4.477,4.478,4.41,4.433,37693.29
2025-06-03 21:00:00+00:00,4.432,4.447,4.372,4.395,43724.79
2025-06-03 22:00:00+00:00,4.394,4.437,4.391,4.431,19260.44
2025-06-03 23:00:00+00:00,4.432,4.435,4.409,4.415,12879.62
2025-06-04 00:00:00+00:00,4.416,4.432,4.398,4.429,66446.99
2025-06-04 01:00:00+00:00,4.43,4.469,4.43,4.451,45275.44
2025-06-04 02:00:00+00:00,4.451,4.466,4.427,4.429,56443.95
2025-06-04 03:00:00+00:00,4.43,4.459,4.429,4.451,18858.33
2025-06-04 04:00:00+00:00,4.452,4.462,4.442,4.457,15502.95
2025-06-04 05:00:00+00:00,4.458,4.463,4.441,4.444,20233.85
2025-06-04 06:00:00+00:00,4.444,4.454,4.424,4.446,46476.14
2025-06-04 07:00:00+00:00,4.446,4.449,4.424,4.432,24637.61
2025-06-04 08:00:00+00:00,4.433,4.454,4.43,4.448,32942.9
2025-06-04 09:00:00+00:00,4.449,4.455,4.422,4.433,22792.69
2025-06-04 10:00:00+00:00,4.434,4.442,4.402,4.402,32064.88
2025-06-04 11:00:00+00:00,4.402,4.414,4.363,4.372,84136.9
2025-06-04 12:00:00+00:00,4.374,4.382,4.348,4.354,60465.71
2025-06-04 13:00:00+00:00,4.353,4.371,4.336,4.347,44210.61
2025-06-04 14:00:00+00:00,4.347,4.347,4.312,4.345,74880.16
2025-06-04 15:00:00+00:00,4.345,4.373,4.332,4.361,64094.96
2025-06-04 16:00:00+00:00,4.361,4.366,4.333,4.349,39431.65
2025-06-04 17:00:00+00:00,4.35,4.353,4.29,4.297,59478.37
2025-06-04 18:00:00+00:00,4.297,4.317,4.292,4.304,75730.5
2025-06-04 19:00:00+00:00,4.305,4.322,4.285,4.286,44266.58
2025-06-04 20:00:00+00:00,4.286,4.293,4.241,4.268,114401.6
2025-06-04 21:00:00+00:00,4.268,4.31,4.252,4.301,60830.14
2025-06-04 22:00:00+00:00,4.3,4.309,4.283,4.287,37540.19
2025-06-04 23:00:00+00:00,4.286,4.3,4.265,4.267,39474.88
2025-06-05 00:00:00+00:00,4.268,4.29,4.249,4.285,43420.6
2025-06-05 01:00:00+00:00,4.285,4.299,4.264,4.276,18095.42
2025-06-05 02:00:00+00:00,4.277,4.315,4.276,4.299,34022.07
2025-06-05 03:00:00+00:00,4.298,4.311,4.292,4.309,28096.91
2025-06-05 04:00:00+00:00,4.31,4.323,4.305,4.313,24771.45
2025-06-05 05:00:00+00:00,4.313,4.319,4.273,4.286,33548.56
2025-06-05 06:00:00+00:00,4.287,4.303,4.282,4.291,36739.44
2025-06-05 07:00:00+00:00,4.291,4.337,4.283,4.307,40997.74
2025-06-05 08:00:00+00:00,4.307,4.323,4.298,4.316,48101.1
2025-06-05 09:00:00+00:00,4.317,4.361,4.315,4.322,103063.64
2025-06-05 10:00:00+00:00,4.321,4.324,4.271,4.289,53906.46
2025-06-05 11:00:00+00:00,4.289,4.295,4.274,4.293,32567.83
2025-06-05 12:00:00+00:00,4.293,4.351,4.285,4.336,67067.36
2025-06-05 13:00:00+00:00,4.336,4.345,4.269,4.274,33399.16
2025-06-05 14:00:00+00:00,4.273,4.317,4.235,4.303,67071.4
2025-06-05 15:00:00+00:00,4.301,4.325,4.297,4.303,40850.57
2025-06-05 16:00:00+00:00,4.303,4.304,4.23,4.241,77870.56
2025-06-05 17:00:00+00:00,4.241,4.283,4.241,4.266,54428.34
2025-06-05 18:00:00+00:00,4.265,4.277,4.234,4.258,34363.05
2025-06-05 19:00:00+00:00,4.257,4.262,4.132,4.184,259292.15
2025-06-05 20:00:00+00:00,4.185,4.197,4.029,4.037,361323.14
2025-06-05 21:00:00+00:00,4.038,4.109,4.029,4.106,159172.66
2025-06-05 22:00:00+00:00,4.106,4.12,4.075,4.102,69046.38
2025-06-05 23:00:00+00:00,4.103,4.108,4.079,4.081,69204.41
2025-06-06 00:00:00+00:00,4.081,4.116,4.066,4.11,78767.76
2025-06-06 01:00:00+00:00,4.11,4.125,4.101,4.12,45751.32
2025-06-06 02:00:00+00:00,4.12,4.131,4.088,4.131,66734.74
2025-06-06 03:00:00+00:00,4.131,4.157,4.121,4.156,36610.82
2025-06-06 04:00:00+00:00,4.156,4.171,4.142,4.16,24918.03
2025-06-06 05:00:00+00:00,4.16,4.173,4.155,4.165,19009.5
2025-06-06 06:00:00+00:00,4.166,4.182,4.156,4.161,27381.65
2025-06-06 07:00:00+00:00,4.161,4.165,4.138,4.139,25072.79
2025-06-06 08:00:00+00:00,4.14,4.149,4.131,4.132,40603.85
2025-06-06 09:00:00+00:00,4.132,4.153,4.124,4.125,52546.26
2025-06-06 10:00:00+00:00,4.126,4.144,4.125,4.131,20086.12
2025-06-06 11:00:00+00:00,4.131,4.152,4.128,4.149,28851.06
2025-06-06 12:00:00+00:00,4.15,4.212,4.15,4.181,86178.77
2025-06-06 13:00:00+00:00,4.181,4.238,4.179,4.219,46602.71
2025-06-06 14:00:00+00:00,4.219,4.265,4.216,4.264,96611.34
2025-06-06 15:00:00+00:00,4.264,4.285,4.246,4.257,71582.56
2025-06-06 16:00:00+00:00,4.257,4.285,4.243,4.271,92533.94
2025-06-06 17:00:00+00:00,4.272,4.285,4.226,4.264,85895.62
2025-06-06 18:00:00+00:00,4.264,4.27,4.234,4.239,50092.26
2025-06-06 19:00:00+00:00,4.238,4.264,4.237,4.256,25034.72
2025-06-06 20:00:00+00:00,4.256,4.294,4.25,4.263,49663.51
2025-06-06 21:00:00+00:00,4.264,4.265,4.245,4.247,16517.68
2025-06-06 22:00:00+00:00,4.248,4.249,4.217,4.241,25533.93
2025-06-06 23:00:00+00:00,4.241,4.241,4.172,4.174,107360.69
2025-06-07 00:00:00+00:00,4.174,4.213,4.172,4.211,40520.22
2025-06-07 01:00:00+00:00,4.211,4.23,4.207,4.226,21528.53
2025-06-07 02:00:00+00:00,4.225,4.248,4.222,4.244,14824.54
2025-06-07 03:00:00+00:00,4.241,4.273,4.238,4.264,20326.11
2025-06-07 04:00:00+00:00,4.265,4.278,4.258,4.273,13772.03
2025-06-07 05:00:00+00:00,4.274,4.299,4.272,4.296,30741.19
2025-06-07 06:00:00+00:00,4.297,4.317,4.28,4.317,30525.07
2025-06-07 07:00:00+00:00,4.317,4.317,4.289,4.304,21823.78
2025-06-07 08:00:00+00:00,4.304,4.315,4.282,4.29,38288.43
2025-06-07 09:00:00+00:00,4.291,4.298,4.27,4.282,28911.89
2025-06-07 10:00:00+00:00,4.283,4.313,4.283,4.308,48659.5
2025-06-07 11:00:00+00:00,4.308,4.311,4.293,4.3,43545.54
2025-06-07 12:00:00+00:00,4.301,4.316,4.291,4.302,59636.11
2025-06-07 13:00:00+00:00,4.305,4.317,4.299,4.308,54823.42
2025-06-07 14:00:00+00:00,4.308,4.315,4.304,4.309,24794.36
2025-06-07 15:00:00+00:00,4.31,4.312,4.295,4.31,20634.38
2025-06-07 16:00:00+00:00,4.31,4.315,4.288,4.291,34307.68
2025-06-07 17:00:00+00:00,4.29,4.305,4.286,4.291,15812.65
2025-06-07 18:00:00+00:00,4.291,4.314,4.289,4.3,23793.03
2025-06-07 19:00:00+00:00,4.3,4.313,4.29,4.292,14272.14
2025-06-07 20:00:00+00:00,4.293,4.301,4.288,4.296,12343.24
2025-06-07 21:00:00+00:00,4.297,4.316,4.297,4.312,13497.91
2025-06-07 22:00:00+00:00,4.312,4.332,4.305,4.312,13941.34
2025-06-07 23:00:00+00:00,4.312,4.316,4.298,4.309,19435.36
2025-06-08 00:00:00+00:00,4.309,4.311,4.289,4.292,15430.78
2025-06-08 01:00:00+00:00,4.292,4.306,4.286,4.306,12966.83
2025-06-08 02:00:00+00:00,4.305,4.311,4.292,4.293,14009.35
2025-06-08 03:00:00+00:00,4.294,4.295,4.285,4.286,20000.49
2025-06-08 04:00:00+00:00,4.287,4.296,4.282,4.293,15208.42
2025-06-08 05:00:00+00:00,4.293,4.296,4.266,4.271,32561.83
2025-06-08 06:00:00+00:00,4.272,4.283,4.263,4.265,19315.51
2025-06-08 07:00:00+00:00,4.263,4.277,4.255,4.258,21249.3
2025-06-08 08:00:00+00:00,4.258,4.265,4.246,4.251,36811.74
2025-06-08 09:00:00+00:00,4.252,4.254,4.212,4.216,150972.73
2025-06-08 10:00:00+00:00,4.217,4.241,4.201,4.223,243578.3
2025-06-08 11:00:00+00:00,4.223,4.268,4.221,4.256,45592.4
2025-06-08 12:00:00+00:00,4.257,4.274,4.244,4.254,50454.34
2025-06-08 13:00:00+00:00,4.255,4.301,4.247,4.261,48188.47
2025-06-08 14:00:00+00:00,4.26,4.284,4.256,4.283,42165.23
2025-06-08 15:00:00+00:00,4.283,4.298,4.283,4.288,30746.85
2025-06-08 16:00:00+00:00,4.288,4.318,4.288,4.317,36784.75
2025-06-08 17:00:00+00:00,4.318,4.327,4.292,4.296,37179.54
2025-06-08 18:00:00+00:00,4.297,4.304,4.288,4.3,18982.35
2025-06-08 19:00:00+00:00,4.301,4.303,4.281,4.296,21351.24
2025-06-08 20:00:00+00:00,4.295,4.307,4.279,4.285,23667.45
2025-06-08 21:00:00+00:00,4.287,4.309,4.287,4.301,23741.52
2025-06-08 22:00:00+00:00,4.302,4.304,4.264,4.268,39818.32
2025-06-08 23:00:00+00:00,4.269,4.27,4.257,4.267,18623.51
2025-06-09 00:00:00+00:00,4.27,4.275,4.252,4.262,30588.37
2025-06-09 01:00:00+00:00,4.262,4.27,4.25,4.257,16421.0
2025-06-09 02:00:00+00:00,4.258,4.274,4.252,4.258,15365.68
2025-06-09 03:00:00+00:00,4.258,4.26,4.243,4.256,15371.15
2025-06-09 04:00:00+00:00,4.255,4.261,4.237,4.238,12330.01
2025-06-09 05:00:00+00:00,4.239,4.239,4.21,4.22,44630.05
2025-06-09 06:00:00+00:00,4.22,4.243,4.208,4.24,33631.81
2025-06-09 07:00:00+00:00,4.239,4.239,4.216,4.231,28705.98
2025-06-09 08:00:00+00:00,4.231,4.241,4.21,4.24,34697.34
2025-06-09 09:00:00+00:00,4.24,4.276,4.229,4.261,70056.96
2025-06-09 10:00:00+00:00,4.261,4.312,4.257,4.3,73804.09
2025-06-09 11:00:00+00:00,4.301,4.324,4.29,4.308,75299.49
2025-06-09 12:00:00+00:00,4.309,4.328,4.304,4.328,70310.01
2025-06-09 13:00:00+00:00,4.329,4.33,4.277,4.288,74125.53
2025-06-09 14:00:00+00:00,4.289,4.314,4.284,4.303,51518.03
2025-06-09 15:00:00+00:00,4.303,4.335,4.301,4.321,60581.97
2025-06-09 16:00:00+00:00,4.322,4.369,4.322,4.354,59207.51
2025-06-09 17:00:00+00:00,4.355,4.382,4.353,4.373,44300.99
2025-06-09 18:00:00+00:00,4.374,4.384,4.366,4.384,25794.64
2025-06-09 19:00:00+00:00,4.384,4.39,4.362,4.376,29067.65
2025-06-09 20:00:00+00:00,4.378,4.388,4.363,4.365,83702.89
2025-06-09 21:00:00+00:00,4.366,4.445,4.366,4.426,114513.69
2025-06-09 22:00:00+00:00,4.426,4.442,4.421,4.44,58808.53
2025-06-09 23:00:00+00:00,4.44,4.446,4.416,4.433,57992.08
2025-06-10 00:00:00+00:00,4.434,4.465,4.432,4.444,47577.22
2025-06-10 01:00:00+00:00,4.444,4.47,4.435,4.461,28783.71
2025-06-10 02:00:00+00:00,4.461,4.463,4.436,4.438,39572.2
2025-06-10 03:00:00+00:00,4.439,4.439,4.416,4.426,43055.09
2025-06-10 04:00:00+00:00,4.427,4.444,4.419,4.443,31185.68
2025-06-10 05:00:00+00:00,4.443,4.446,4.39,4.396,69571.55
2025-06-10 06:00:00+00:00,4.397,4.407,4.38,4.398,45862.2
2025-06-10 07:00:00+00:00,4.397,4.412,4.382,4.403,36540.41
2025-06-10 08:00:00+00:00,4.404,4.413,4.38,4.386,38203.21
2025-06-10 09:00:00+00:00,4.387,4.424,4.382,4.422,40985.3
2025-06-10 10:00:00+00:00,4.422,4.431,4.403,4.43,54237.79
2025-06-10 11:00:00+00:00,4.43,4.541,4.418,4.537,340531.61
2025-06-10 12:00:00+00:00,4.536,4.576,4.528,4.57,204535.05
2025-06-10 13:00:00+00:00,4.57,4.582,4.504,4.526,179171.78
2025-06-10 14:00:00+00:00,4.526,4.532,4.474,4.48,88771.2
2025-06-10 15:00:00+00:00,4.479,4.516,4.457,4.496,72244.8
2025-06-10 16:00:00+00:00,4.497,4.528,4.494,4.495,47365.86
2025-06-10 17:00:00+00:00,4.495,4.545,4.493,4.535,75504.58
2025-06-10 18:00:00+00:00,4.534,4.578,4.526,4.576,68720.61
2025-06-10 19:00:00+00:00,4.576,4.621,4.571,4.597,111725.82
2025-06-10 20:00:00+00:00,4.597,4.602,4.562,4.601,61307.8
2025-06-10 21:00:00+00:00,4.602,4.613,4.565,4.58,88114.8
2025-06-10 22:00:00+00:00,4.58,4.626,4.58,4.599,72105.58
2025-06-10 23:00:00+00:00,4.6,4.602,4.584,4.601,36957.09
2025-06-11 00:00:00+00:00,4.602,4.612,4.559,4.564,58920.64
2025-06-11 01:00:00+00:00,4.564,4.565,4.539,4.549,54969.29
2025-06-11 02:00:00+00:00,4.548,4.567,4.543,4.557,20392.41
2025-06-11 03:00:00+00:00,4.556,4.596,4.552,4.585,62346.23
2025-06-11 04:00:00+00:00,4.586,4.596,4.579,4.59,21887.86
2025-06-11 05:00:00+00:00,4.591,4.591,4.57,4.581,20241.89
2025-06-11 06:00:00+00:00,4.582,4.602,4.578,4.596,51967.16
2025-06-11 07:00:00+00:00,4.596,4.613,4.582,4.599,57004.2
2025-06-11 08:00:00+00:00,4.599,4.618,4.572,4.577,87389.71
2025-06-11 09:00:00+00:00,4.577,4.58,4.521,4.527,90791.75
2025-06-11 10:00:00+00:00,4.528,4.543,4.516,4.536,60866.5
2025-06-11 11:00:00+00:00,4.536,4.539,4.494,4.526,102575.04
2025-06-11 12:00:00+00:00,4.525,4.587,4.5,4.562,162674.87
2025-06-11 13:00:00+00:00,4.563,4.591,4.547,4.563,96396.34
2025-06-11 14:00:00+00:00,4.564,4.629,4.559,4.599,161296.77
2025-06-11 15:00:00+00:00,4.6,4.62,4.568,4.612,134678.08
2025-06-11 16:00:00+00:00,4.613,4.616,4.583,4.602,82014.49
2025-06-11 17:00:00+00:00,4.601,4.601,4.539,4.539,56623.39
2025-06-11 18:00:00+00:00,4.538,4.549,4.517,4.518,82788.04
2025-06-11 19:00:00+00:00,4.518,4.533,4.505,4.515,40922.12
2025-06-11 20:00:00+00:00,4.515,4.544,4.488,4.531,48043.83
2025-06-11 21:00:00+00:00,4.532,4.559,4.467,4.478,77743.21
2025-06-11 22:00:00+00:00,4.477,4.494,4.454,4.469,66728.06
2025-06-11 23:00:00+00:00,4.469,4.518,4.467,4.509,46005.13
2025-06-12 00:00:00+00:00,4.51,4.519,4.466,4.503,59774.11
2025-06-12 01:00:00+00:00,4.502,4.513,4.474,4.505,57251.55
2025-06-12 02:00:00+00:00,4.504,4.515,4.466,4.472,103485.22
2025-06-12 03:00:00+00:00,4.471,4.475,4.43,4.442,48067.14
2025-06-12 04:00:00+00:00,4.442,4.45,4.426,4.44,31948.1
2025-06-12 05:00:00+00:00,4.439,4.45,4.418,4.441,29011.55
2025-06-12 06:00:00+00:00,4.439,4.448,4.409,4.423,42215.17
2025-06-12 07:00:00+00:00,4.422,4.435,4.4,4.406,54345.47
2025-06-12 08:00:00+00:00,4.405,4.406,4.377,4.39,57316.85
2025-06-12 09:00:00+00:00,4.39,4.403,4.381,4.39,35506.88
2025-06-12 10:00:00+00:00,4.389,4.39,4.34,4.358,108773.35
2025-06-12 11:00:00+00:00,4.357,4.367,4.333,4.343,52150.23
2025-06-12 12:00:00+00:00,4.342,4.396,4.341,4.382,67419.53
2025-06-12 13:00:00+00:00,4.382,4.428,4.38,4.415,70235.6
2025-06-12 14:00:00+00:00,4.416,4.44,4.416,4.425,37937.46
2025-06-12 15:00:00+00:00,4.425,4.437,4.359,4.364,58128.0
2025-06-12 16:00:00+00:00,4.364,4.419,4.362,4.411,49829.27
2025-06-12 17:00:00+00:00,4.409,4.433,4.407,4.418,40507.98
2025-06-12 18:00:00+00:00,4.419,4.419,4.354,4.366,62815.17
2025-06-12 19:00:00+00:00,4.366,4.375,4.301,4.308,73968.6
2025-06-12 20:00:00+00:00,4.307,4.326,4.234,4.253,117371.47
2025-06-12 21:00:00+00:00,4.252,4.301,4.229,4.237,158279.7
2025-06-12 22:00:00+00:00,4.237,4.277,4.237,4.244,52511.1
2025-06-12 23:00:00+00:00,4.243,4.259,4.213,4.214,55317.49
2025-06-13 00:00:00+00:00,4.215,4.216,4.045,4.074,540450.56
2025-06-13 01:00:00+00:00,4.074,4.076,4.001,4.049,286318.2
2025-06-13 02:00:00+00:00,4.049,4.053,4.01,4.035,131761.5
2025-06-13 03:00:00+00:00,4.035,4.113,4.034,4.095,80654.82
2025-06-13 04:00:00+00:00,4.096,4.096,4.051,4.066,69522.89
2025-06-13 05:00:00+00:00,4.066,4.086,4.056,4.068,77079.05
2025-06-13 06:00:00+00:00,4.067,4.079,4.025,4.079,144756.62
2025-06-13 07:00:00+00:00,4.078,4.085,4.046,4.063,107003.56
2025-06-13 08:00:00+00:00,4.062,4.101,4.05,4.065,116625.22
2025-06-13 09:00:00+00:00,4.065,4.073,4.037,4.048,152743.38
2025-06-13 10:00:00+00:00,4.049,4.079,4.037,4.077,84803.9
2025-06-13 11:00:00+00:00,4.078,4.097,4.057,4.094,61694.3
2025-06-13 12:00:00+00:00,4.094,4.108,4.066,4.07,72644.14
2025-06-13 13:00:00+00:00,4.07,4.098,4.061,4.078,94640.17
2025-06-13 14:00:00+00:00,4.079,4.094,4.044,4.078,104127.76
2025-06-13 15:00:00+00:00,4.078,4.13,4.072,4.117,76037.63
2025-06-13 16:00:00+00:00,4.118,4.158,4.103,4.148,106473.55
2025-06-13 17:00:00+00:00,4.148,4.148,4.094,4.122,48111.12
2025-06-13 18:00:00+00:00,4.122,4.123,4.058,4.076,55166.31
2025-06-13 19:00:00+00:00,4.075,4.093,4.065,4.078,26311.02
2025-06-13 20:00:00+00:00,4.079,4.118,4.072,4.105,25873.61
2025-06-13 21:00:00+00:00,4.107,4.117,4.095,4.111,17512.92
2025-06-13 22:00:00+00:00,4.112,4.133,4.104,4.121,31597.79
2025-06-13 23:00:00+00:00,4.121,4.134,4.117,4.131,16227.44
2025-06-14 00:00:00+00:00,4.13,4.135,4.115,4.117,44304.34
2025-06-14 01:00:00+00:00,4.117,4.117,4.098,4.105,40204.21
2025-06-14 02:00:00+00:00,4.103,4.113,4.097,4.109,32206.21
2025-06-14 03:00:00+00:00,4.109,4.129,4.104,4.116,25127.06
2025-06-14 04:00:00+00:00,4.117,4.133,4.115,4.13,11817.92
2025-06-14 05:00:00+00:00,4.129,4.144,4.119,4.136,18757.95
2025-06-14 06:00:00+00:00,4.136,4.137,4.119,4.12,25786.64
2025-06-14 07:00:00+00:00,4.12,4.126,4.098,4.121,34002.81
2025-06-14 08:00:00+00:00,4.12,4.126,4.105,4.122,42743.73
2025-06-14 09:00:00+00:00,4.122,4.129,4.105,4.106,18038.28
2025-06-14 10:00:00+00:00,4.106,4.131,4.103,4.127,26216.26
2025-06-14 11:00:00+00:00,4.127,4.141,4.127,4.136,9483.92
2025-06-14 12:00:00+00:00,4.136,4.146,4.118,4.145,30146.8
2025-06-14 13:00:00+00:00,4.145,4.159,4.114,4.125,39821.74
2025-06-14 14:00:00+00:00,4.126,4.133,4.11,4.116,35541.69
2025-06-14 15:00:00+00:00,4.116,4.134,4.085,4.098,109030.98
2025-06-14 16:00:00+00:00,4.098,4.107,4.051,4.061,69564.92
2025-06-14 17:00:00+00:00,4.061,4.101,4.059,4.091,37803.05
2025-06-14 18:00:00+00:00,4.091,4.11,4.052,4.077,55970.74
2025-06-14 19:00:00+00:00,4.077,4.084,4.048,4.048,40145.68
2025-06-14 20:00:00+00:00,4.049,4.065,4.02,4.056,91381.22
2025-06-14 21:00:00+00:00,4.057,4.107,4.055,4.1,35557.03
2025-06-14 22:00:00+00:00,4.1,4.111,4.084,4.09,31599.43
2025-06-14 23:00:00+00:00,4.09,4.101,4.086,4.087,15275.3
2025-06-15 00:00:00+00:00,4.087,4.111,4.086,4.107,16392.14
2025-06-15 01:00:00+00:00,4.107,4.115,4.095,4.1,18869.16
2025-06-15 02:00:00+00:00,4.101,4.118,4.1,4.108,13147.61
2025-06-15 03:00:00+00:00,4.108,4.115,4.106,4.109,9154.84
2025-06-15 04:00:00+00:00,4.109,4.118,4.107,4.117,14966.83
2025-06-15 05:00:00+00:00,4.117,4.13,4.093,4.127,23819.24
2025-06-15 06:00:00+00:00,4.128,4.133,4.045,4.087,104897.39
2025-06-15 07:00:00+00:00,4.088,4.096,4.078,4.093,17583.57
2025-06-15 08:00:00+00:00,4.093,4.093,4.073,4.08,37955.03
2025-06-15 09:00:00+00:00,4.08,4.08,4.054,4.057,33255.37
2025-06-15 10:00:00+00:00,4.058,4.076,4.056,4.073,29470.33
2025-06-15 11:00:00+00:00,4.072,4.078,4.052,4.069,40187.93
2025-06-15 12:00:00+00:00,4.069,4.079,4.056,4.075,27134.0
2025-06-15 13:00:00+00:00,4.074,4.09,4.065,4.087,48602.03
2025-06-15 14:00:00+00:00,4.088,4.126,4.067,4.121,79564.55
2025-06-15 15:00:00+00:00,4.122,4.129,4.094,4.098,65858.47
2025-06-15 16:00:00+00:00,4.099,4.106,4.084,4.091,31419.16
2025-06-15 17:00:00+00:00,4.09,4.091,4.066,4.076,54487.66
2025-06-15 18:00:00+00:00,4.076,4.078,4.047,4.058,27247.21
2025-06-15 19:00:00+00:00,4.057,4.072,4.038,4.051,46690.05
2025-06-15 20:00:00+00:00,4.051,4.054,4.008,4.024,70678.34
2025-06-15 21:00:00+00:00,4.024,4.051,4.011,4.048,38971.08
2025-06-15 22:00:00+00:00,4.049,4.094,4.047,4.088,30894.71
2025-06-15 23:00:00+00:00,4.086,4.097,4.078,4.093,10135.06
2025-06-16 00:00:00+00:00,4.094,4.094,4.076,4.087,34061.86
2025-06-16 01:00:00+00:00,4.088,4.115,4.062,4.113,29724.53
2025-06-16 02:00:00+00:00,4.114,4.135,4.114,4.128,44445.35
2025-06-16 03:00:00+00:00,4.128,4.136,4.116,4.117,14614.29
2025-06-16 04:00:00+00:00,4.117,4.145,4.116,4.14,16905.37
2025-06-16 05:00:00+00:00,4.139,4.188,4.133,4.178,56291.95
2025-06-16 06:00:00+00:00,4.178,4.199,4.178,4.185,55222.39
2025-06-16 07:00:00+00:00,4.185,4.218,4.185,4.213,54626.74
2025-06-16 08:00:00+00:00,4.214,4.231,4.208,4.229,35562.11
2025-06-16 09:00:00+00:00,4.229,4.242,4.222,4.226,29081.58
2025-06-16 10:00:00+00:00,4.227,4.238,4.213,4.223,44106.31
2025-06-16 11:00:00+00:00,4.222,4.245,4.195,4.241,46720.64
2025-06-16 12:00:00+00:00,4.241,4.247,4.22,4.234,35218.44
2025-06-16 13:00:00+00:00,4.235,4.266,4.233,4.263,40255.7
2025-06-16 14:00:00+00:00,4.264,4.295,4.257,4.272,78629.49
2025-06-16 15:00:00+00:00,4.273,4.275,4.239,4.245,59215.57
2025-06-16 16:00:00+00:00,4.245,4.279,4.245,4.261,71608.66
2025-06-16 17:00:00+00:00,4.261,4.266,4.244,4.262,32724.22
2025-06-16 18:00:00+00:00,4.262,4.273,4.254,4.271,33433.16
2025-06-16 19:00:00+00:00,4.271,4.284,4.263,4.271,59196.82
2025-06-16 20:00:00+00:00,4.272,4.297,4.257,4.286,58963.77
2025-06-16 21:00:00+00:00,4.287,4.292,4.265,4.275,24196.94
2025-06-16 22:00:00+00:00,4.278,4.287,4.164,4.197,144293.16
2025-06-16 23:00:00+00:00,4.196,4.211,4.132,4.141,133574.77
2025-06-17 00:00:00+00:00,4.141,4.176,4.064,4.175,118297.74
2025-06-17 01:00:00+00:00,4.176,4.193,4.16,4.162,25465.58
2025-06-17 02:00:00+00:00,4.163,4.192,4.142,4.187,30016.66
2025-06-17 03:00:00+00:00,4.189,4.199,4.17,4.178,25747.24
2025-06-17 04:00:00+00:00,4.178,4.181,4.155,4.162,14015.26
2025-06-17 05:00:00+00:00,4.161,4.168,4.14,4.148,22999.73
2025-06-17 06:00:00+00:00,4.147,4.156,4.133,4.139,24108.64
2025-06-17 07:00:00+00:00,4.14,4.15,4.13,4.132,14445.09
2025-06-17 08:00:00+00:00,4.132,4.133,4.087,4.096,47143.78
2025-06-17 09:00:00+00:00,4.095,4.108,4.089,4.102,59196.12
2025-06-17 10:00:00+00:00,4.102,4.104,4.072,4.096,66956.6
2025-06-17 11:00:00+00:00,4.095,4.095,4.055,4.071,61160.94
2025-06-17 12:00:00+00:00,4.071,4.081,4.059,4.073,37411.45
2025-06-17 13:00:00+00:00,4.072,4.097,4.07,4.083,51460.92
2025-06-17 14:00:00+00:00,4.085,4.115,4.063,4.066,55139.28
2025-06-17 15:00:00+00:00,4.067,4.068,4.004,4.039,168540.45
2025-06-17 16:00:00+00:00,4.04,4.042,3.982,3.983,168578.37
2025-06-17 17:00:00+00:00,3.983,4.033,3.971,4.005,116235.99
2025-06-17 18:00:00+00:00,4.004,4.055,4.001,4.055,59298.42
2025-06-17 19:00:00+00:00,4.055,4.104,4.05,4.084,63726.91
2025-06-17 20:00:00+00:00,4.083,4.095,4.065,4.066,32777.05
2025-06-17 21:00:00+00:00,4.066,4.07,4.031,4.055,42361.16
2025-06-17 22:00:00+00:00,4.055,4.059,4.017,4.02,37184.96
2025-06-17 23:00:00+00:00,4.02,4.04,4.018,4.021,30783.27
2025-06-18 00:00:00+00:00,4.022,4.045,4.009,4.041,37372.14
2025-06-18 01:00:00+00:00,4.042,4.059,4.027,4.03,21339.98
2025-06-18 02:00:00+00:00,4.031,4.038,4.015,4.023,13998.06
2025-06-18 03:00:00+00:00,4.022,4.054,4.019,4.052,12670.99
2025-06-18 04:00:00+00:00,4.053,4.078,4.047,4.067,19914.99
2025-06-18 05:00:00+00:00,4.068,4.07,4.051,4.053,12093.25
2025-06-18 06:00:00+00:00,4.054,4.06,4.037,4.045,12481.07
2025-06-18 07:00:00+00:00,4.045,4.049,4.029,4.048,24456.69
2025-06-18 08:00:00+00:00,4.048,4.059,4.014,4.023,21010.28
2025-06-18 09:00:00+00:00,4.023,4.03,3.996,4.008,46994.15
2025-06-18 10:00:00+00:00,4.008,4.009,3.946,3.952,82283.79
2025-06-18 11:00:00+00:00,3.952,3.988,3.942,3.987,67037.83
2025-06-18 12:00:00+00:00,3.988,3.993,3.962,3.964,34759.01
2025-06-18 13:00:00+00:00,3.964,3.979,3.919,3.977,119659.59
2025-06-18 14:00:00+00:00,3.977,4.027,3.969,3.993,72200.79
2025-06-18 15:00:00+00:00,3.994,4.013,3.964,3.999,47810.33
2025-06-18 16:00:00+00:00,3.999,3.999,3.95,3.966,30444.1
2025-06-18 17:00:00+00:00,3.966,3.987,3.932,3.98,55228.64
2025-06-18 18:00:00+00:00,3.979,4.001,3.939,3.939,87079.96
2025-06-18 19:00:00+00:00,3.938,3.982,3.933,3.955,40787.47
2025-06-18 20:00:00+00:00,3.957,4.046,3.95,4.042,34369.81
2025-06-18 21:00:00+00:00,4.043,4.058,4.022,4.043,60266.88
2025-06-18 22:00:00+00:00,4.042,4.051,4.028,4.03,19408.3
2025-06-18 23:00:00+00:00,4.03,4.04,4.002,4.014,21850.52
2025-06-19 00:00:00+00:00,4.015,4.048,4.009,4.023,44210.28
2025-06-19 01:00:00+00:00,4.023,4.026,3.993,3.997,20551.42
2025-06-19 02:00:00+00:00,3.999,4.016,3.985,3.997,13390.41
2025-06-19 03:00:00+00:00,3.997,4.019,3.997,4.017,30604.79
2025-06-19 04:00:00+00:00,4.017,4.024,3.999,4.019,16368.86
2025-06-19 05:00:00+00:00,4.02,4.042,4.005,4.009,20149.38
2025-06-19 06:00:00+00:00,4.009,4.019,3.992,3.999,27613.19
2025-06-19 07:00:00+00:00,3.998,4.012,3.998,4.0,19388.47
2025-06-19 08:00:00+00:00,4.0,4.02,4.0,4.001,15420.26
2025-06-19 09:00:00+00:00,4.0,4.041,3.999,4.031,24523.57
2025-06-19 10:00:00+00:00,4.032,4.036,4.015,4.023,37287.32
2025-06-19 11:00:00+00:00,4.024,4.026,4.008,4.014,24254.2
2025-06-19 12:00:00+00:00,4.014,4.028,4.007,4.023,19651.18
2025-06-19 13:00:00+00:00,4.024,4.028,3.993,3.998,43124.22
2025-06-19 14:00:00+00:00,3.996,4.013,3.969,3.979,72348.17
2025-06-19 15:00:00+00:00,3.979,4.0,3.974,3.981,28296.65
2025-06-19 16:00:00+00:00,3.981,3.995,3.959,3.963,25000.41
2025-06-19 17:00:00+00:00,3.963,4.027,3.96,4.01,43046.77
2025-06-19 18:00:00+00:00,4.009,4.029,4.004,4.02,19803.2
2025-06-19 19:00:00+00:00,4.02,4.033,4.015,4.027,36290.4
2025-06-19 20:00:00+00:00,4.028,4.05,4.026,4.037,34675.42
2025-06-19 21:00:00+00:00,4.037,4.063,4.03,4.056,50652.81
2025-06-19 22:00:00+00:00,4.058,4.075,4.053,4.062,26364.3
2025-06-19 23:00:00+00:00,4.063,4.064,4.035,4.038,40159.08
2025-06-20 00:00:00+00:00,4.039,4.044,4.024,4.037,30394.1
2025-06-20 01:00:00+00:00,4.037,4.037,4.016,4.031,14841.86
2025-06-20 02:00:00+00:00,4.031,4.032,4.013,4.019,20219.32
2025-06-20 03:00:00+00:00,4.019,4.021,4.007,4.015,12395.23
2025-06-20 04:00:00+00:00,4.014,4.02,3.98,3.983,30670.57
2025-06-20 05:00:00+00:00,3.982,4.004,3.981,4.004,35200.37
2025-06-20 06:00:00+00:00,4.005,4.021,3.997,4.02,16617.89
2025-06-20 07:00:00+00:00,4.019,4.061,4.014,4.06,88326.9
2025-06-20 08:00:00+00:00,4.061,4.084,4.048,4.056,58916.99
2025-06-20 09:00:00+00:00,4.055,4.062,4.045,4.056,18629.47
2025-06-20 10:00:00+00:00,4.054,4.062,4.041,4.049,20185.84
2025-06-20 11:00:00+00:00,4.049,4.077,4.045,4.063,89427.76
2025-06-20 12:00:00+00:00,4.064,4.066,4.05,4.052,20952.46
2025-06-20 13:00:00+00:00,4.053,4.068,4.03,4.044,25107.27
2025-06-20 14:00:00+00:00,4.044,4.055,3.967,3.97,93004.35
2025-06-20 15:00:00+00:00,3.969,3.994,3.963,3.975,115615.75
2025-06-20 16:00:00+00:00,3.976,3.977,3.92,3.922,94161.31
2025-06-20 17:00:00+00:00,3.923,3.934,3.827,3.902,266811.57
2025-06-20 18:00:00+00:00,3.901,3.932,3.897,3.926,51863.37
2025-06-20 19:00:00+00:00,3.927,3.945,3.905,3.94,37878.0
2025-06-20 20:00:00+00:00,3.94,3.977,3.94,3.962,18646.49
2025-06-20 21:00:00+00:00,3.962,3.969,3.935,3.935,23483.98
2025-06-20 22:00:00+00:00,3.936,3.936,3.895,3.913,76052.6
2025-06-20 23:00:00+00:00,3.911,3.931,3.902,3.928,18429.24
2025-06-21 00:00:00+00:00,3.928,3.941,3.918,3.931,17927.41
2025-06-21 01:00:00+00:00,3.931,3.957,3.928,3.947,13491.89
2025-06-21 02:00:00+00:00,3.949,3.961,3.944,3.955,10099.28
2025-06-21 03:00:00+00:00,3.955,3.97,3.951,3.964,17789.52
2025-06-21 04:00:00+00:00,3.963,3.969,3.955,3.964,9109.25
2025-06-21 05:00:00+00:00,3.964,3.979,3.958,3.978,10652.77
2025-06-21 06:00:00+00:00,3.976,3.991,3.974,3.981,50365.07
2025-06-21 07:00:00+00:00,3.982,3.983,3.964,3.967,19394.9
2025-06-21 08:00:00+00:00,3.968,3.989,3.965,3.987,14851.9
2025-06-21 09:00:00+00:00,3.988,3.988,3.967,3.975,26620.39
2025-06-21 10:00:00+00:00,3.977,3.987,3.961,3.964,26308.09
2025-06-21 11:00:00+00:00,3.964,3.967,3.948,3.95,25462.47
2025-06-21 12:00:00+00:00,3.953,3.957,3.926,3.928,20949.5
2025-06-21 13:00:00+00:00,3.929,3.94,3.876,3.882,126215.05
2025-06-21 14:00:00+00:00,3.882,3.897,3.865,3.882,94762.98
2025-06-21 15:00:00+00:00,3.881,3.893,3.856,3.884,41854.75
2025-06-21 16:00:00+00:00,3.883,3.89,3.859,3.868,27819.03
2025-06-21 17:00:00+00:00,3.867,3.884,3.833,3.838,43406.46
2025-06-21 18:00:00+00:00,3.838,3.865,3.833,3.842,72848.61
2025-06-21 19:00:00+00:00,3.841,3.848,3.8,3.805,88807.3
2025-06-21 20:00:00+00:00,3.806,3.836,3.802,3.826,86263.48
2025-06-21 21:00:00+00:00,3.826,3.829,3.691,3.747,299049.16
2025-06-21 22:00:00+00:00,3.747,3.776,3.729,3.773,108977.17
2025-06-21 23:00:00+00:00,3.774,3.795,3.725,3.794,154665.93
2025-06-22 00:00:00+00:00,3.794,3.846,3.77,3.827,113264.92
2025-06-22 01:00:00+00:00,3.826,3.843,3.792,3.792,57177.68
2025-06-22 02:00:00+00:00,3.792,3.814,3.757,3.782,66128.79
2025-06-22 03:00:00+00:00,3.782,3.796,3.744,3.763,71887.5
2025-06-22 04:00:00+00:00,3.764,3.793,3.753,3.781,36921.21
2025-06-22 05:00:00+00:00,3.782,3.801,3.779,3.796,51476.74
2025-06-22 06:00:00+00:00,3.796,3.813,3.784,3.806,33464.92
2025-06-22 07:00:00+00:00,3.807,3.809,3.771,3.775,26615.04
2025-06-22 08:00:00+00:00,3.777,3.778,3.758,3.766,59849.4
2025-06-22 09:00:00+00:00,3.767,3.778,3.719,3.725,130406.39
2025-06-22 10:00:00+00:00,3.726,3.766,3.722,3.755,47306.68
2025-06-22 11:00:00+00:00,3.755,3.779,3.748,3.762,74263.08
2025-06-22 12:00:00+00:00,3.761,3.776,3.73,3.768,41236.35
2025-06-22 13:00:00+00:00,3.767,3.771,3.615,3.65,408911.23
2025-06-22 14:00:00+00:00,3.65,3.676,3.596,3.674,235141.05
2025-06-22 15:00:00+00:00,3.674,3.688,3.634,3.655,1146430.22
2025-06-22 16:00:00+00:00,3.656,3.675,3.637,3.674,199971.91
2025-06-22 17:00:00+00:00,3.673,3.713,3.664,3.697,113114.97
2025-06-22 18:00:00+00:00,3.697,3.708,3.668,3.672,72308.9
2025-06-22 19:00:00+00:00,3.673,3.677,3.642,3.653,64217.43
2025-06-22 20:00:00+00:00,3.653,3.66,3.55,3.645,305062.82
2025-06-22 21:00:00+00:00,3.646,3.665,3.613,3.622,82214.82
2025-06-22 22:00:00+00:00,3.622,3.705,3.621,3.705,85648.15
2025-06-22 23:00:00+00:00,3.705,3.72,3.693,3.719,49165.46
2025-06-23 00:00:00+00:00,3.72,3.752,3.713,3.724,67393.02
2025-06-23 01:00:00+00:00,3.724,3.733,3.706,3.73,21162.07
2025-06-23 02:00:00+00:00,3.733,3.735,3.719,3.725,38655.99
2025-06-23 03:00:00+00:00,3.724,3.742,3.718,3.729,20312.67
2025-06-23 04:00:00+00:00,3.73,3.751,3.728,3.74,19216.56
2025-06-23 05:00:00+00:00,3.741,3.766,3.741,3.76,18892.77
2025-06-23 06:00:00+00:00,3.761,3.774,3.755,3.772,36908.23
2025-06-23 07:00:00+00:00,3.773,3.794,3.756,3.767,54147.51
2025-06-23 08:00:00+00:00,3.767,3.78,3.747,3.75,41561.34
2025-06-23 09:00:00+00:00,3.749,3.762,3.738,3.758,29475.52
2025-06-23 10:00:00+00:00,3.759,3.767,3.75,3.766,52896.83
2025-06-23 11:00:00+00:00,3.766,3.782,3.759,3.777,49846.78
2025-06-23 12:00:00+00:00,3.779,3.828,3.77,3.827,41288.2
2025-06-23 13:00:00+00:00,3.827,3.873,3.782,3.868,96787.5
2025-06-23 14:00:00+00:00,3.869,3.888,3.849,3.874,82311.83
2025-06-23 15:00:00+00:00,3.875,3.892,3.833,3.833,44973.83
2025-06-23 16:00:00+00:00,3.835,3.836,3.734,3.777,121719.89
2025-06-23 17:00:00+00:00,3.776,3.888,3.769,3.875,121975.49
2025-06-23 18:00:00+00:00,3.876,3.927,3.873,3.915,101724.43
2025-06-23 19:00:00+00:00,3.915,3.942,3.907,3.935,69200.72
2025-06-23 20:00:00+00:00,3.937,4.0,3.927,3.994,127698.0
2025-06-23 21:00:00+00:00,3.994,4.022,3.984,3.992,93313.41
2025-06-23 22:00:00+00:00,3.993,4.098,3.993,4.091,216225.0
2025-06-23 23:00:00+00:00,4.092,4.093,4.061,4.073,83320.3
2025-06-24 00:00:00+00:00,4.073,4.085,4.054,4.065,71155.9
2025-06-24 01:00:00+00:00,4.064,4.066,4.031,4.037,46080.06
2025-06-24 02:00:00+00:00,4.035,4.038,4.015,4.016,40069.65
2025-06-24 03:00:00+00:00,4.017,4.021,4.005,4.009,39225.59
2025-06-24 04:00:00+00:00,4.008,4.021,3.993,4.001,34247.5
2025-06-24 05:00:00+00:00,4.001,4.071,3.998,4.065,102436.93
2025-06-24 06:00:00+00:00,4.065,4.083,4.049,4.074,71224.82
2025-06-24 07:00:00+00:00,4.072,4.08,4.022,4.024,96248.32
2025-06-24 08:00:00+00:00,4.024,4.036,4.003,4.022,83198.81
2025-06-24 09:00:00+00:00,4.021,4.062,4.015,4.03,47937.74
2025-06-24 10:00:00+00:00,4.03,4.041,4.018,4.032,90849.22
2025-06-24 11:00:00+00:00,4.033,4.039,4.013,4.029,67906.28
2025-06-24 12:00:00+00:00,4.031,4.058,4.029,4.036,123787.73
2025-06-24 13:00:00+00:00,4.036,4.065,4.033,4.054,122281.22
2025-06-24 14:00:00+00:00,4.053,4.097,4.052,4.075,146533.86
2025-06-24 15:00:00+00:00,4.077,4.088,4.057,4.083,54128.98
2025-06-24 16:00:00+00:00,4.083,4.14,4.074,4.135,121337.05
2025-06-24 17:00:00+00:00,4.136,4.138,4.073,4.077,119063.61
2025-06-24 18:00:00+00:00,4.078,4.082,4.05,4.055,51910.98
2025-06-24 19:00:00+00:00,4.054,4.078,4.043,4.065,47444.74
2025-06-24 20:00:00+00:00,4.064,4.082,4.053,4.082,23865.39
2025-06-24 21:00:00+00:00,4.082,4.083,4.064,4.081,24240.2
2025-06-24 22:00:00+00:00,4.081,4.085,4.063,4.079,35140.44
2025-06-24 23:00:00+00:00,4.078,4.078,4.045,4.074,37090.75
2025-06-25 00:00:00+00:00,4.076,4.08,4.047,4.071,32565.55
2025-06-25 01:00:00+00:00,4.07,4.074,4.038,4.05,32183.05
2025-06-25 02:00:00+00:00,4.051,4.079,4.05,4.06,46009.59
2025-06-25 03:00:00+00:00,4.06,4.082,4.047,4.053,48958.68
2025-06-25 04:00:00+00:00,4.053,4.061,4.039,4.051,29108.38
2025-06-25 05:00:00+00:00,4.051,4.059,4.037,4.038,35309.74
2025-06-25 06:00:00+00:00,4.038,4.06,4.026,4.06,52461.54
2025-06-25 07:00:00+00:00,4.06,4.061,4.036,4.05,152928.69
2025-06-25 08:00:00+00:00,4.05,4.057,4.001,4.019,129005.1
2025-06-25 09:00:00+00:00,4.02,4.027,3.99,4.004,86531.11
2025-06-25 10:00:00+00:00,4.003,4.032,3.998,4.028,56386.81
2025-06-25 11:00:00+00:00,4.027,4.058,4.02,4.049,143072.54
2025-06-25 12:00:00+00:00,4.05,4.053,4.017,4.038,49322.53
2025-06-25 13:00:00+00:00,4.036,4.061,4.032,4.058,86241.41
2025-06-25 14:00:00+00:00,4.057,4.059,3.992,4.032,95969.57
2025-06-25 15:00:00+00:00,4.032,4.032,3.988,3.993,53655.01
2025-06-25 16:00:00+00:00,3.994,4.018,3.981,3.997,82884.06
2025-06-25 17:00:00+00:00,3.997,4.045,3.995,4.022,56221.63
2025-06-25 18:00:00+00:00,4.023,4.039,4.017,4.027,33832.88
2025-06-25 19:00:00+00:00,4.027,4.039,4.016,4.032,36910.34
2025-06-25 20:00:00+00:00,4.033,4.04,4.023,4.038,22985.99
2025-06-25 21:00:00+00:00,4.037,4.048,3.997,4.008,57589.48
2025-06-25 22:00:00+00:00,4.007,4.007,3.985,3.993,20512.42
2025-06-25 23:00:00+00:00,3.992,4.001,3.977,4.0,24214.88
2025-06-26 00:00:00+00:00,4.001,4.021,3.999,4.008,28333.7
2025-06-26 01:00:00+00:00,4.007,4.045,3.986,4.019,70266.46
2025-06-26 02:00:00+00:00,4.02,4.048,4.004,4.041,52218.5
2025-06-26 03:00:00+00:00,4.043,4.066,4.011,4.019,35651.98
2025-06-26 04:00:00+00:00,4.02,4.02,3.989,4.003,23773.59
2025-06-26 05:00:00+00:00,4.003,4.003,3.976,3.982,31482.77
2025-06-26 06:00:00+00:00,3.983,4.001,3.978,4.001,39613.43
2025-06-26 07:00:00+00:00,4.0,4.045,3.996,4.029,87406.87
2025-06-26 08:00:00+00:00,4.03,4.034,4.007,4.008,32342.5
2025-06-26 09:00:00+00:00,4.009,4.021,3.982,3.987,42656.39
2025-06-26 10:00:00+00:00,3.987,4.004,3.982,3.999,31659.3
2025-06-26 11:00:00+00:00,3.998,3.998,3.957,3.965,92950.26
2025-06-26 12:00:00+00:00,3.965,3.971,3.927,3.935,78519.3
2025-06-26 13:00:00+00:00,3.935,3.95,3.913,3.919,68545.18
2025-06-26 14:00:00+00:00,3.916,3.959,3.897,3.94,73902.78
2025-06-26 15:00:00+00:00,3.94,3.953,3.905,3.937,36381.08
2025-06-26 16:00:00+00:00,3.936,3.936,3.91,3.914,49463.46
2025-06-26 17:00:00+00:00,3.912,3.937,3.912,3.917,32543.3
2025-06-26 18:00:00+00:00,3.916,3.932,3.91,3.925,33229.85
2025-06-26 19:00:00+00:00,3.924,3.955,3.92,3.947,38615.38
2025-06-26 20:00:00+00:00,3.947,3.992,3.942,3.966,62688.93
2025-06-26 21:00:00+00:00,3.965,3.967,3.924,3.945,31491.87
2025-06-26 22:00:00+00:00,3.944,3.958,3.911,3.912,22337.69
2025-06-26 23:00:00+00:00,3.911,3.914,3.889,3.892,35016.05
2025-06-27 00:00:00+00:00,3.892,3.909,3.869,3.869,32453.57
2025-06-27 01:00:00+00:00,3.869,3.924,3.856,3.918,57336.49
2025-06-27 02:00:00+00:00,3.918,3.943,3.914,3.939,18550.4
2025-06-27 03:00:00+00:00,3.94,3.943,3.925,3.934,32071.97
2025-06-27 04:00:00+00:00,3.933,3.933,3.916,3.92,76951.84
2025-06-27 05:00:00+00:00,3.92,3.947,3.906,3.906,36616.17
2025-06-27 06:00:00+00:00,3.906,3.918,3.896,3.913,33327.73
2025-06-27 07:00:00+00:00,3.913,3.926,3.89,3.896,23622.74
2025-06-27 08:00:00+00:00,3.896,3.945,3.896,3.937,34443.78
2025-06-27 09:00:00+00:00,3.938,3.941,3.921,3.931,23697.62
2025-06-27 10:00:00+00:00,3.932,3.932,3.913,3.916,18919.56
2025-06-27 11:00:00+00:00,3.917,3.923,3.905,3.915,32288.87
2025-06-27 12:00:00+00:00,3.916,3.924,3.885,3.893,38008.3
2025-06-27 13:00:00+00:00,3.892,3.906,3.873,3.898,42165.29
2025-06-27 14:00:00+00:00,3.899,3.913,3.875,3.891,61747.85
2025-06-27 15:00:00+00:00,3.89,3.915,3.873,3.91,36648.86
2025-06-27 16:00:00+00:00,3.911,3.95,3.905,3.922,62461.92
2025-06-27 17:00:00+00:00,3.921,3.926,3.868,3.879,40075.44
2025-06-27 18:00:00+00:00,3.878,3.882,3.846,3.853,24547.25
2025-06-27 19:00:00+00:00,3.853,3.877,3.849,3.871,26597.1
2025-06-27 20:00:00+00:00,3.87,3.911,3.866,3.908,38972.49
2025-06-27 21:00:00+00:00,3.909,3.933,3.905,3.918,28453.56
2025-06-27 22:00:00+00:00,3.919,3.933,3.918,3.928,21160.51
2025-06-27 23:00:00+00:00,3.928,3.928,3.912,3.926,15993.42
2025-06-28 00:00:00+00:00,3.927,3.933,3.918,3.925,14574.3
2025-06-28 01:00:00+00:00,3.926,3.95,3.917,3.945,20597.63
2025-06-28 02:00:00+00:00,3.946,3.955,3.939,3.939,21534.98
2025-06-28 03:00:00+00:00,3.941,3.944,3.936,3.938,14566.24
2025-06-28 04:00:00+00:00,3.937,3.942,3.926,3.926,8348.32
2025-06-28 05:00:00+00:00,3.927,3.943,3.926,3.929,17203.64
2025-06-28 06:00:00+00:00,3.929,3.941,3.927,3.941,13122.47
2025-06-28 07:00:00+00:00,3.942,3.954,3.931,3.949,20691.26
2025-06-28 08:00:00+00:00,3.949,3.951,3.927,3.933,27151.05
2025-06-28 09:00:00+00:00,3.933,3.957,3.926,3.95,31559.91
2025-06-28 10:00:00+00:00,3.95,3.963,3.942,3.947,18362.9
2025-06-28 11:00:00+00:00,3.946,3.963,3.946,3.958,43473.71
2025-06-28 12:00:00+00:00,3.959,3.969,3.95,3.968,70108.07
2025-06-28 13:00:00+00:00,3.968,3.975,3.948,3.952,62987.44
2025-06-28 14:00:00+00:00,3.952,3.977,3.952,3.97,26424.88
2025-06-28 15:00:00+00:00,3.971,4.001,3.971,3.997,45352.92
2025-06-28 16:00:00+00:00,3.997,4.03,3.997,4.006,59545.38
2025-06-28 17:00:00+00:00,4.007,4.008,3.985,3.998,81623.98
2025-06-28 18:00:00+00:00,3.998,4.0,3.976,3.988,81252.44
2025-06-28 19:00:00+00:00,3.989,4.0,3.981,3.984,24919.03
2025-06-28 20:00:00+00:00,3.985,3.988,3.974,3.975,26872.66
2025-06-28 21:00:00+00:00,3.975,3.999,3.969,3.996,26836.84
2025-06-28 22:00:00+00:00,3.996,4.007,3.993,4.003,21783.81
2025-06-28 23:00:00+00:00,4.003,4.006,3.99,3.994,8341.71
2025-06-29 00:00:00+00:00,3.995,4.015,3.995,4.009,28483.23
2025-06-29 01:00:00+00:00,4.01,4.01,3.982,3.985,21385.24
2025-06-29 02:00:00+00:00,3.984,3.988,3.974,3.987,8346.51
2025-06-29 03:00:00+00:00,3.986,3.992,3.973,3.973,9478.21
2025-06-29 04:00:00+00:00,3.974,3.976,3.964,3.97,31949.98
2025-06-29 05:00:00+00:00,3.97,3.987,3.964,3.986,12324.92
2025-06-29 06:00:00+00:00,3.987,4.007,3.985,4.006,33242.55
2025-06-29 07:00:00+00:00,4.006,4.024,4.002,4.024,41478.98
2025-06-29 08:00:00+00:00,4.024,4.039,4.021,4.037,42843.5
2025-06-29 09:00:00+00:00,4.039,4.043,4.025,4.032,46316.0
2025-06-29 10:00:00+00:00,4.034,4.045,4.018,4.031,31798.45
2025-06-29 11:00:00+00:00,4.031,4.033,4.016,4.021,28098.51
2025-06-29 12:00:00+00:00,4.021,4.026,4.008,4.022,40703.76
2025-06-29 13:00:00+00:00,4.023,4.027,4.001,4.006,26247.78
2025-06-29 14:00:00+00:00,4.006,4.012,3.995,3.996,36027.76
2025-06-29 15:00:00+00:00,3.995,4.009,3.988,4.001,25227.62
2025-06-29 16:00:00+00:00,4.001,4.022,3.998,4.022,30332.04
2025-06-29 17:00:00+00:00,4.022,4.034,4.007,4.033,32818.35
2025-06-29 18:00:00+00:00,4.034,4.041,4.025,4.035,16848.75
2025-06-29 19:00:00+00:00,4.035,4.044,4.029,4.037,18274.65
2025-06-29 20:00:00+00:00,4.036,4.064,4.031,4.04,83269.36
2025-06-29 21:00:00+00:00,4.04,4.087,4.021,4.083,66808.78
2025-06-29 22:00:00+00:00,4.084,4.225,4.084,4.223,211230.84
2025-06-29 23:00:00+00:00,4.223,4.233,4.198,4.204,86975.04
2025-06-30 00:00:00+00:00,4.205,4.239,4.203,4.208,74359.48
2025-06-30 01:00:00+00:00,4.208,4.214,4.173,4.178,34642.27
2025-06-30 02:00:00+00:00,4.177,4.179,4.161,4.165,30776.05
2025-06-30 03:00:00+00:00,4.166,4.179,4.153,4.159,25196.94
2025-06-30 04:00:00+00:00,4.16,4.162,4.131,4.139,74697.96
2025-06-30 05:00:00+00:00,4.138,4.153,4.132,4.152,30342.77
2025-06-30 06:00:00+00:00,4.151,4.157,4.112,4.131,37815.67
2025-06-30 07:00:00+00:00,4.132,4.169,4.121,4.167,42055.66
2025-06-30 08:00:00+00:00,4.167,4.17,4.132,4.139,42646.47
2025-06-30 09:00:00+00:00,4.14,4.155,4.113,4.113,36760.16
2025-06-30 10:00:00+00:00,4.113,4.127,4.108,4.119,48394.98
2025-06-30 11:00:00+00:00,4.118,4.128,4.107,4.11,36260.49
2025-06-30 12:00:00+00:00,4.111,4.125,4.077,4.087,36885.22
2025-06-30 13:00:00+00:00,4.085,4.118,4.084,4.087,47743.84
2025-06-30 14:00:00+00:00,4.089,4.104,4.064,4.069,72029.46
2025-06-30 15:00:00+00:00,4.069,4.126,4.057,4.098,103060.95
2025-06-30 16:00:00+00:00,4.098,4.115,4.083,4.109,47017.69
2025-06-30 17:00:00+00:00,4.107,4.12,4.098,4.107,43997.5
2025-06-30 18:00:00+00:00,4.106,4.119,4.091,4.107,34115.94
2025-06-30 19:00:00+00:00,4.107,4.184,4.106,4.181,62188.44
2025-06-30 20:00:00+00:00,4.18,4.181,4.148,4.149,51052.11
2025-06-30 21:00:00+00:00,4.149,4.163,4.122,4.136,44829.24
2025-06-30 22:00:00+00:00,4.136,4.145,4.102,4.105,36868.86
2025-06-30 23:00:00+00:00,4.105,4.118,4.091,4.093,13876.93
2025-07-01 00:00:00+00:00,4.094,4.111,4.072,4.078,31445.28
2025-07-01 01:00:00+00:00,4.08,4.097,4.064,4.07,19244.03
2025-07-01 02:00:00+00:00,4.07,4.085,4.056,4.059,13538.63
2025-07-01 03:00:00+00:00,4.059,4.059,4.04,4.045,43619.32
2025-07-01 04:00:00+00:00,4.045,4.045,3.997,3.998,44729.65
2025-07-01 05:00:00+00:00,3.998,4.018,3.994,4.007,24571.13
2025-07-01 06:00:00+00:00,4.006,4.016,3.995,4.008,30156.78
2025-07-01 07:00:00+00:00,4.008,4.022,3.975,4.014,36537.12
2025-07-01 08:00:00+00:00,4.015,4.015,3.974,3.983,31464.69
2025-07-01 09:00:00+00:00,3.984,4.003,3.983,3.998,22316.38
2025-07-01 10:00:00+00:00,3.998,4.011,3.988,4.003,27122.75
2025-07-01 11:00:00+00:00,4.003,4.008,3.978,3.993,36107.49
2025-07-01 12:00:00+00:00,3.993,4.016,3.992,4.0,39945.01
2025-07-01 13:00:00+00:00,4.0,4.033,3.99,4.024,53634.07
2025-07-01 14:00:00+00:00,4.024,4.039,3.997,4.017,72407.0
2025-07-01 15:00:00+00:00,4.016,4.019,3.985,3.996,21874.42
2025-07-01 16:00:00+00:00,3.995,4.015,3.99,4.001,19502.79
2025-07-01 17:00:00+00:00,4.001,4.001,3.964,3.975,26460.72
2025-07-01 18:00:00+00:00,3.976,3.978,3.945,3.954,48027.48
2025-07-01 19:00:00+00:00,3.953,3.973,3.946,3.946,21904.32
2025-07-01 20:00:00+00:00,3.946,3.959,3.926,3.953,36716.98
2025-07-01 21:00:00+00:00,3.952,3.977,3.937,3.958,30320.12
2025-07-01 22:00:00+00:00,3.958,3.963,3.933,3.934,33374.11
2025-07-01 23:00:00+00:00,3.933,3.933,3.912,3.929,31676.63
2025-07-02 00:00:00+00:00,3.929,3.935,3.911,3.915,45495.2
2025-07-02 01:00:00+00:00,3.916,3.96,3.902,3.949,35106.64
2025-07-02 02:00:00+00:00,3.949,3.956,3.938,3.945,18187.2
2025-07-02 03:00:00+00:00,3.946,3.972,3.944,3.955,26278.59
2025-07-02 04:00:00+00:00,3.955,4.002,3.953,3.998,31727.69
2025-07-02 05:00:00+00:00,3.999,4.018,3.994,4.005,36891.18
2025-07-02 06:00:00+00:00,4.003,4.018,3.993,4.009,31976.49
2025-07-02 07:00:00+00:00,4.009,4.02,4.001,4.012,32455.19
2025-07-02 08:00:00+00:00,4.013,4.021,4.001,4.005,26438.83
2025-07-02 09:00:00+00:00,4.004,4.011,3.993,3.994,27053.16
2025-07-02 10:00:00+00:00,3.997,4.028,3.988,4.022,47467.18
2025-07-02 11:00:00+00:00,4.022,4.043,4.009,4.016,35039.58
2025-07-02 12:00:00+00:00,4.016,4.016,3.996,4.011,25870.4
2025-07-02 13:00:00+00:00,4.012,4.035,4.006,4.027,27377.04
2025-07-02 14:00:00+00:00,4.028,4.048,4.025,4.044,28705.42
2025-07-02 15:00:00+00:00,4.046,4.089,4.041,4.089,100814.93
2025-07-02 16:00:00+00:00,4.089,4.231,4.089,4.212,274154.8
2025-07-02 17:00:00+00:00,4.213,4.24,4.176,4.203,151114.74
2025-07-02 18:00:00+00:00,4.204,4.24,4.204,4.232,85055.8
2025-07-02 19:00:00+00:00,4.232,4.241,4.209,4.237,111052.21
2025-07-02 20:00:00+00:00,4.237,4.251,4.222,4.225,83780.85
2025-07-02 21:00:00+00:00,4.225,4.241,4.22,4.236,70344.3
2025-07-02 22:00:00+00:00,4.237,4.246,4.208,4.213,30118.23
2025-07-02 23:00:00+00:00,4.213,4.214,4.167,4.175,52715.63
2025-07-03 00:00:00+00:00,4.175,4.188,4.167,4.18,44999.21
2025-07-03 01:00:00+00:00,4.18,4.196,4.176,4.194,35348.93
2025-07-03 02:00:00+00:00,4.194,4.195,4.155,4.172,42173.08
2025-07-03 03:00:00+00:00,4.173,4.192,4.169,4.171,24361.12
2025-07-03 04:00:00+00:00,4.17,4.212,4.168,4.209,34343.91
2025-07-03 05:00:00+00:00,4.21,4.24,4.205,4.233,87073.66
2025-07-03 06:00:00+00:00,4.233,4.244,4.219,4.242,74167.57
2025-07-03 07:00:00+00:00,4.241,4.265,4.234,4.251,94145.51
2025-07-03 08:00:00+00:00,4.252,4.259,4.225,4.225,46932.24
2025-07-03 09:00:00+00:00,4.225,4.25,4.219,4.249,62675.59
2025-07-03 10:00:00+00:00,4.249,4.251,4.222,4.237,41920.72
2025-07-03 11:00:00+00:00,4.238,4.243,4.204,4.222,60450.56
2025-07-03 12:00:00+00:00,4.221,4.257,4.169,4.206,90063.23
2025-07-03 13:00:00+00:00,4.206,4.257,4.203,4.246,85693.08
2025-07-03 14:00:00+00:00,4.246,4.26,4.214,4.221,91575.64
2025-07-03 15:00:00+00:00,4.223,4.229,4.16,4.167,128936.21
2025-07-03 16:00:00+00:00,4.168,4.199,4.163,4.195,63591.01
2025-07-03 17:00:00+00:00,4.195,4.204,4.188,4.193,15218.41
2025-07-03 18:00:00+00:00,4.193,4.198,4.171,4.19,28195.69
2025-07-03 19:00:00+00:00,4.189,4.199,4.186,4.194,10372.97
2025-07-03 20:00:00+00:00,4.194,4.212,4.194,4.209,13101.07
2025-07-03 21:00:00+00:00,4.21,4.215,4.201,4.211,20955.68
2025-07-03 22:00:00+00:00,4.211,4.214,4.191,4.197,13687.92
2025-07-03 23:00:00+00:00,4.196,4.198,4.174,4.184,23043.84
2025-07-04 00:00:00+00:00,4.184,4.192,4.168,4.18,22310.79
2025-07-04 01:00:00+00:00,4.179,4.199,4.174,4.174,21547.27
2025-07-04 02:00:00+00:00,4.173,4.173,4.134,4.138,59630.98
2025-07-04 03:00:00+00:00,4.138,4.151,4.13,4.139,15194.35
2025-07-04 04:00:00+00:00,4.139,4.15,4.115,4.116,39517.4
2025-07-04 05:00:00+00:00,4.116,4.147,4.115,4.129,23179.94
2025-07-04 06:00:00+00:00,4.128,4.13,4.09,4.099,40244.42
2025-07-04 07:00:00+00:00,4.098,4.106,4.049,4.049,79620.8
2025-07-04 08:00:00+00:00,4.049,4.076,4.029,4.07,59086.28
2025-07-04 09:00:00+00:00,4.07,4.087,4.064,4.071,62884.11
2025-07-04 10:00:00+00:00,4.071,4.081,4.06,4.061,72202.2
2025-07-04 11:00:00+00:00,4.061,4.097,4.06,4.078,63637.91
2025-07-04 12:00:00+00:00,4.078,4.087,4.061,4.072,20443.64
2025-07-04 13:00:00+00:00,4.072,4.087,4.051,4.053,46843.71
2025-07-04 14:00:00+00:00,4.055,4.062,4.027,4.043,70458.74
2025-07-04 15:00:00+00:00,4.042,4.042,4.002,4.01,66624.33
2025-07-04 16:00:00+00:00,4.009,4.019,3.953,3.985,118141.97
2025-07-04 17:00:00+00:00,3.983,4.002,3.969,3.993,52697.6
2025-07-04 18:00:00+00:00,3.992,3.992,3.968,3.982,30799.62
2025-07-04 19:00:00+00:00,3.981,3.996,3.965,3.971,22303.22
2025-07-04 20:00:00+00:00,3.971,3.991,3.967,3.987,26635.24
2025-07-04 21:00:00+00:00,3.987,3.998,3.978,3.995,26242.08
2025-07-04 22:00:00+00:00,3.995,4.025,3.992,4.023,23256.06
2025-07-04 23:00:00+00:00,4.023,4.023,3.999,3.999,12322.0
2025-07-05 00:00:00+00:00,4.0,4.02,3.998,4.013,14896.4
2025-07-05 01:00:00+00:00,4.012,4.013,3.986,3.998,16085.66
2025-07-05 02:00:00+00:00,3.998,4.009,3.976,4.007,19222.99
2025-07-05 03:00:00+00:00,4.008,4.016,3.997,4.001,20173.34
2025-07-05 04:00:00+00:00,4.0,4.007,3.984,3.985,27633.79
2025-07-05 05:00:00+00:00,3.984,4.001,3.976,4.001,13623.48
2025-07-05 06:00:00+00:00,4.002,4.031,3.992,4.029,27021.66
2025-07-05 07:00:00+00:00,4.029,4.034,4.011,4.016,24899.88
2025-07-05 08:00:00+00:00,4.015,4.02,3.99,4.002,19425.97
2025-07-05 09:00:00+00:00,4.001,4.007,3.982,4.005,18270.08
2025-07-05 10:00:00+00:00,4.006,4.01,3.996,3.996,9097.1
2025-07-05 11:00:00+00:00,3.997,4.016,3.997,3.997,13941.66
2025-07-05 12:00:00+00:00,3.997,4.005,3.983,4.003,26090.07
2025-07-05 13:00:00+00:00,4.004,4.007,3.989,3.993,25344.65
2025-07-05 14:00:00+00:00,3.994,4.003,3.989,3.999,19610.75
2025-07-05 15:00:00+00:00,3.998,4.003,3.974,3.978,33533.71
2025-07-05 16:00:00+00:00,3.979,3.988,3.964,3.986,63261.75
2025-07-05 17:00:00+00:00,3.986,3.998,3.966,3.975,48415.45
2025-07-05 18:00:00+00:00,3.975,3.977,3.945,3.952,32562.85
2025-07-05 19:00:00+00:00,3.951,3.981,3.948,3.979,21941.11
2025-07-05 20:00:00+00:00,3.98,3.998,3.974,3.996,20916.83
2025-07-05 21:00:00+00:00,3.997,4.015,3.991,4.005,28496.71
2025-07-05 22:00:00+00:00,4.004,4.012,3.997,4.01,8547.17
2025-07-05 23:00:00+00:00,4.011,4.019,4.003,4.011,16753.06
2025-07-06 00:00:00+00:00,4.012,4.015,4.003,4.015,16017.01
2025-07-06 01:00:00+00:00,4.014,4.014,3.996,4.0,10982.41
2025-07-06 02:00:00+00:00,4.001,4.008,3.989,3.989,10145.0
2025-07-06 03:00:00+00:00,3.989,3.994,3.984,3.99,13513.67
2025-07-06 04:00:00+00:00,3.99,4.004,3.989,3.992,7812.01
2025-07-06 05:00:00+00:00,3.993,3.995,3.985,3.987,11721.63
2025-07-06 06:00:00+00:00,3.987,4.011,3.985,4.0,22513.92
2025-07-06 07:00:00+00:00,4.002,4.006,3.991,3.995,11836.58
2025-07-06 08:00:00+00:00,3.996,4.012,3.987,4.001,36273.28
2025-07-06 09:00:00+00:00,4.001,4.003,3.979,3.979,16349.8
2025-07-06 10:00:00+00:00,3.98,4.002,3.977,3.995,26606.06
2025-07-06 11:00:00+00:00,3.994,4.014,3.99,4.013,12173.75
2025-07-06 12:00:00+00:00,4.014,4.026,4.001,4.023,26099.64
2025-07-06 13:00:00+00:00,4.024,4.086,4.023,4.069,83176.35
2025-07-06 14:00:00+00:00,4.069,4.083,4.033,4.05,63184.62
2025-07-06 15:00:00+00:00,4.051,4.061,4.035,4.061,43277.04
2025-07-06 16:00:00+00:00,4.061,4.076,4.053,4.066,25338.27
2025-07-06 17:00:00+00:00,4.067,4.072,4.043,4.066,42933.89
2025-07-06 18:00:00+00:00,4.067,4.074,4.028,4.044,24262.14
2025-07-06 19:00:00+00:00,4.045,4.066,4.045,4.059,27075.52
2025-07-06 20:00:00+00:00,4.058,4.085,4.058,4.074,36401.36
2025-07-06 21:00:00+00:00,4.074,4.141,4.073,4.101,116760.9
2025-07-06 22:00:00+00:00,4.102,4.137,4.099,4.1,105205.25
2025-07-06 23:00:00+00:00,4.101,4.104,4.065,4.079,38643.99
2025-07-07 00:00:00+00:00,4.08,4.087,4.072,4.079,21489.37
2025-07-07 01:00:00+00:00,4.079,4.091,4.07,4.088,12652.22
2025-07-07 02:00:00+00:00,4.089,4.111,4.087,4.098,25273.78
2025-07-07 03:00:00+00:00,4.097,4.115,4.087,4.088,23626.49
2025-07-07 04:00:00+00:00,4.089,4.098,4.081,4.086,19255.54
2025-07-07 05:00:00+00:00,4.086,4.092,4.073,4.078,20050.56
2025-07-07 06:00:00+00:00,4.078,4.078,4.055,4.057,28172.18
2025-07-07 07:00:00+00:00,4.058,4.092,4.047,4.091,23781.93
2025-07-07 08:00:00+00:00,4.091,4.101,4.084,4.09,23428.42
2025-07-07 09:00:00+00:00,4.09,4.091,4.068,4.075,35659.82
2025-07-07 10:00:00+00:00,4.075,4.075,4.06,4.067,34435.1
2025-07-07 11:00:00+00:00,4.068,4.081,4.059,4.074,22526.73
2025-07-07 12:00:00+00:00,4.074,4.082,4.058,4.068,31007.67
2025-07-07 13:00:00+00:00,4.069,4.102,4.068,4.102,59682.33
2025-07-07 14:00:00+00:00,4.102,4.102,4.052,4.053,47338.41
2025-07-07 15:00:00+00:00,4.055,4.076,4.053,4.062,35466.57
2025-07-07 16:00:00+00:00,4.062,4.07,4.031,4.035,57029.73
2025-07-07 17:00:00+00:00,4.034,4.059,4.023,4.039,46363.28
2025-07-07 18:00:00+00:00,4.039,4.044,4.013,4.039,26581.15
2025-07-07 19:00:00+00:00,4.038,4.07,4.037,4.06,22499.01
2025-07-07 20:00:00+00:00,4.06,4.063,4.015,4.031,45223.34
2025-07-07 21:00:00+00:00,4.029,4.049,4.015,4.042,18258.26
2025-07-07 22:00:00+00:00,4.043,4.048,4.021,4.029,10301.43
2025-07-07 23:00:00+00:00,4.03,4.047,4.025,4.047,5981.23
2025-07-08 00:00:00+00:00,4.048,4.062,4.035,4.035,40173.47
2025-07-08 01:00:00+00:00,4.035,4.035,4.009,4.011,18235.2
2025-07-08 02:00:00+00:00,4.011,4.023,4.0,4.006,43479.53
2025-07-08 03:00:00+00:00,4.006,4.027,4.006,4.011,7908.54
2025-07-08 04:00:00+00:00,4.011,4.018,3.997,4.015,22835.24
2025-07-08 05:00:00+00:00,4.016,4.032,4.009,4.025,19888.25
2025-07-08 06:00:00+00:00,4.026,4.042,4.022,4.033,35006.92
2025-07-08 07:00:00+00:00,4.032,4.038,4.019,4.036,30129.29
2025-07-08 08:00:00+00:00,4.037,4.042,4.009,4.009,19150.08
2025-07-08 09:00:00+00:00,4.009,4.029,4.005,4.023,15829.24
2025-07-08 10:00:00+00:00,4.023,4.062,4.02,4.06,21249.14
2025-07-08 11:00:00+00:00,4.06,4.095,4.059,4.079,60252.85
2025-07-08 12:00:00+00:00,4.082,4.099,4.073,4.093,35837.03
2025-07-08 13:00:00+00:00,4.093,4.115,4.083,4.102,46048.62
2025-07-08 14:00:00+00:00,4.105,4.105,4.058,4.064,27827.67
2025-07-08 15:00:00+00:00,4.065,4.073,4.054,4.063,22552.16
2025-07-08 16:00:00+00:00,4.065,4.101,4.048,4.089,37204.53
2025-07-08 17:00:00+00:00,4.089,4.166,4.088,4.144,78672.92
2025-07-08 18:00:00+00:00,4.146,4.162,4.14,4.159,45806.62
2025-07-08 19:00:00+00:00,4.16,4.162,4.14,4.152,32091.64
2025-07-08 20:00:00+00:00,4.151,4.16,4.134,4.142,33433.83
2025-07-08 21:00:00+00:00,4.141,4.177,4.14,4.166,41449.67
2025-07-08 22:00:00+00:00,4.169,4.176,4.137,4.138,34872.53
2025-07-08 23:00:00+00:00,4.139,4.139,4.118,4.125,30089.49
2025-07-09 00:00:00+00:00,4.126,4.132,4.105,4.115,29763.9
2025-07-09 01:00:00+00:00,4.116,4.131,4.092,4.102,38986.11
2025-07-09 02:00:00+00:00,4.102,4.119,4.097,4.112,17352.99
2025-07-09 03:00:00+00:00,4.112,4.122,4.11,4.115,17304.41
2025-07-09 04:00:00+00:00,4.114,4.134,4.107,4.132,23604.45
2025-07-09 05:00:00+00:00,4.131,4.166,4.117,4.15,55143.55
2025-07-09 06:00:00+00:00,4.152,4.16,4.14,4.159,51109.48
2025-07-09 07:00:00+00:00,4.159,4.169,4.148,4.163,49954.03
2025-07-09 08:00:00+00:00,4.164,4.194,4.155,4.183,75895.3
2025-07-09 09:00:00+00:00,4.184,4.186,4.159,4.18,47622.76
2025-07-09 10:00:00+00:00,4.18,4.203,4.174,4.201,35337.09
2025-07-09 11:00:00+00:00,4.201,4.218,4.19,4.206,91575.44
2025-07-09 12:00:00+00:00,4.207,4.23,4.199,4.223,68960.1
2025-07-09 13:00:00+00:00,4.223,4.239,4.208,4.213,37512.77
2025-07-09 14:00:00+00:00,4.214,4.227,4.173,4.197,104455.61
2025-07-09 15:00:00+00:00,4.196,4.215,4.191,4.202,43228.2
2025-07-09 16:00:00+00:00,4.203,4.249,4.203,4.245,89330.42
2025-07-09 17:00:00+00:00,4.245,4.247,4.209,4.216,74766.5
2025-07-09 18:00:00+00:00,4.217,4.252,4.211,4.246,111258.16
2025-07-09 19:00:00+00:00,4.247,4.318,4.238,4.312,258076.6
2025-07-09 20:00:00+00:00,4.312,4.337,4.29,4.325,183589.43
2025-07-09 21:00:00+00:00,4.324,4.35,4.322,4.341,101575.09
2025-07-09 22:00:00+00:00,4.342,4.365,4.336,4.349,82266.17
2025-07-09 23:00:00+00:00,4.349,4.349,4.292,4.313,123784.82
2025-07-10 00:00:00+00:00,4.314,4.33,4.294,4.307,112559.58
2025-07-10 01:00:00+00:00,4.308,4.325,4.3,4.316,54318.23
2025-07-10 02:00:00+00:00,4.317,4.345,4.317,4.338,53793.1
2025-07-10 03:00:00+00:00,4.338,4.344,4.326,4.339,48926.2
2025-07-10 04:00:00+00:00,4.339,4.339,4.31,4.336,56829.06
2025-07-10 05:00:00+00:00,4.337,4.351,4.324,4.324,44706.72
2025-07-10 06:00:00+00:00,4.326,4.358,4.313,4.353,38968.61
2025-07-10 07:00:00+00:00,4.353,4.364,4.341,4.346,65839.02
2025-07-10 08:00:00+00:00,4.346,4.355,4.325,4.351,76683.53
2025-07-10 09:00:00+00:00,4.349,4.355,4.328,4.333,36392.03
2025-07-10 10:00:00+00:00,4.331,4.347,4.322,4.34,32086.98
2025-07-10 11:00:00+00:00,4.341,4.341,4.316,4.331,41877.5
2025-07-10 12:00:00+00:00,4.331,4.331,4.3,4.317,44380.04
2025-07-10 13:00:00+00:00,4.316,4.342,4.308,4.323,152770.93
2025-07-10 14:00:00+00:00,4.322,4.332,4.296,4.316,128001.54
2025-07-10 15:00:00+00:00,4.316,4.321,4.287,4.296,49493.09
2025-07-10 16:00:00+00:00,4.296,4.359,4.29,4.355,78974.99
2025-07-10 17:00:00+00:00,4.355,4.438,4.346,4.435,150705.67
2025-07-10 18:00:00+00:00,4.436,4.442,4.402,4.432,95267.69
2025-07-10 19:00:00+00:00,4.432,4.449,4.406,4.415,50282.23
2025-07-10 20:00:00+00:00,4.415,4.461,4.415,4.458,45028.99
2025-07-10 21:00:00+00:00,4.457,4.575,4.453,4.561,241201.63
2025-07-10 22:00:00+00:00,4.561,4.624,4.556,4.621,145958.8
2025-07-10 23:00:00+00:00,4.621,4.629,4.578,4.618,93622.59
2025-07-11 00:00:00+00:00,4.618,4.637,4.549,4.595,112152.06
2025-07-11 01:00:00+00:00,4.594,4.68,4.592,4.68,207353.01
2025-07-11 02:00:00+00:00,4.68,4.683,4.648,4.649,108535.52
2025-07-11 03:00:00+00:00,4.649,4.669,4.628,4.648,74365.47
2025-07-11 04:00:00+00:00,4.649,4.678,4.628,4.678,76438.69
2025-07-11 05:00:00+00:00,4.676,4.721,4.673,4.697,130116.99
2025-07-11 06:00:00+00:00,4.696,4.723,4.622,4.628,137844.76
2025-07-11 07:00:00+00:00,4.627,4.652,4.599,4.614,112470.95
2025-07-11 08:00:00+00:00,4.614,4.672,4.614,4.663,213852.77
2025-07-11 09:00:00+00:00,4.662,4.692,4.646,4.663,81501.37
2025-07-11 10:00:00+00:00,4.663,4.7,4.657,4.672,144609.01
2025-07-11 11:00:00+00:00,4.673,4.676,4.634,4.642,168614.29
2025-07-11 12:00:00+00:00,4.642,4.69,4.634,4.688,220981.14
2025-07-11 13:00:00+00:00,4.689,4.788,4.66,4.78,486099.62
2025-07-11 14:00:00+00:00,4.78,4.8,4.713,4.74,205979.78
2025-07-11 15:00:00+00:00,4.738,4.805,4.657,4.668,244569.01
2025-07-11 16:00:00+00:00,4.67,4.747,4.651,4.726,139801.38
2025-07-11 17:00:00+00:00,4.727,4.775,4.727,4.769,109408.17
2025-07-11 18:00:00+00:00,4.769,4.794,4.748,4.774,87626.09
2025-07-11 19:00:00+00:00,4.774,4.78,4.744,4.779,38989.22
2025-07-11 20:00:00+00:00,4.78,4.78,4.706,4.708,49886.46
2025-07-11 21:00:00+00:00,4.709,4.728,4.64,4.673,113327.82
2025-07-11 22:00:00+00:00,4.674,4.688,4.578,4.633,135835.02
2025-07-11 23:00:00+00:00,4.633,4.659,4.622,4.64,54705.01
2025-07-12 00:00:00+00:00,4.641,4.659,4.574,4.601,99957.19
2025-07-12 01:00:00+00:00,4.602,4.688,4.602,4.68,49711.42
2025-07-12 02:00:00+00:00,4.68,4.714,4.674,4.681,53651.01
2025-07-12 03:00:00+00:00,4.681,4.702,4.677,4.691,50063.7
2025-07-12 04:00:00+00:00,4.692,4.698,4.621,4.629,51185.48
2025-07-12 05:00:00+00:00,4.629,4.665,4.603,4.652,44051.69
2025-07-12 06:00:00+00:00,4.651,4.718,4.641,4.711,40874.25
2025-07-12 07:00:00+00:00,4.711,4.723,4.683,4.703,44516.36
2025-07-12 08:00:00+00:00,4.703,4.721,4.656,4.675,44496.51
2025-07-12 09:00:00+00:00,4.674,4.708,4.664,4.701,41339.83
2025-07-12 10:00:00+00:00,4.7,4.715,4.677,4.705,27051.31
2025-07-12 11:00:00+00:00,4.703,4.731,4.682,4.702,60906.51
2025-07-12 12:00:00+00:00,4.702,4.717,4.595,4.629,105305.91
2025-07-12 13:00:00+00:00,4.629,4.629,4.547,4.599,94668.5
2025-07-12 14:00:00+00:00,4.599,4.626,4.559,4.568,60125.9
2025-07-12 15:00:00+00:00,4.568,4.576,4.494,4.523,106636.06
2025-07-12 16:00:00+00:00,4.525,4.576,4.503,4.532,86455.77
2025-07-12 17:00:00+00:00,4.533,4.59,4.529,4.587,68598.68
2025-07-12 18:00:00+00:00,4.586,4.606,4.566,4.595,46678.84
2025-07-12 19:00:00+00:00,4.595,4.6,4.572,4.594,22815.67
2025-07-12 20:00:00+00:00,4.595,4.595,4.53,4.53,31580.45
2025-07-12 21:00:00+00:00,4.53,4.585,4.527,4.584,37369.49
2025-07-12 22:00:00+00:00,4.585,4.59,4.548,4.579,26259.98
2025-07-12 23:00:00+00:00,4.579,4.597,4.561,4.58,28268.77
2025-07-13 00:00:00+00:00,4.581,4.607,4.572,4.587,59742.91
2025-07-13 01:00:00+00:00,4.589,4.612,4.576,4.597,30764.52
2025-07-13 02:00:00+00:00,4.596,4.609,4.565,4.596,25062.91
2025-07-13 03:00:00+00:00,4.597,4.605,4.584,4.598,27195.27
2025-07-13 04:00:00+00:00,4.599,4.639,4.579,4.636,33157.83
2025-07-13 05:00:00+00:00,4.637,4.65,4.615,4.618,49289.07
2025-07-13 06:00:00+00:00,4.617,4.671,4.614,4.643,44857.31
2025-07-13 07:00:00+00:00,4.642,4.685,4.641,4.679,35499.45
2025-07-13 08:00:00+00:00,4.679,4.68,4.632,4.656,62067.74
2025-07-13 09:00:00+00:00,4.658,4.668,4.614,4.628,24795.41
2025-07-13 10:00:00+00:00,4.629,4.653,4.606,4.617,52096.77
2025-07-13 11:00:00+00:00,4.617,4.656,4.613,4.656,40230.96
2025-07-13 12:00:00+00:00,4.653,4.685,4.639,4.68,47638.2
2025-07-13 13:00:00+00:00,4.679,4.707,4.646,4.694,55467.56
2025-07-13 14:00:00+00:00,4.694,4.739,4.666,4.677,97511.02
2025-07-13 15:00:00+00:00,4.678,4.735,4.678,4.706,78675.45
2025-07-13 16:00:00+00:00,4.706,4.735,4.664,4.671,70035.46
2025-07-13 17:00:00+00:00,4.671,4.707,4.654,4.687,46580.82
2025-07-13 18:00:00+00:00,4.689,4.73,4.686,4.721,35625.98
2025-07-13 19:00:00+00:00,4.722,4.758,4.711,4.73,77878.33
2025-07-13 20:00:00+00:00,4.73,4.746,4.707,4.74,32105.75
2025-07-13 21:00:00+00:00,4.74,4.743,4.64,4.672,66383.02
2025-07-13 22:00:00+00:00,4.671,4.688,4.639,4.663,47172.03
2025-07-13 23:00:00+00:00,4.662,4.692,4.651,4.679,37315.71
2025-07-14 00:00:00+00:00,4.68,4.714,4.669,4.696,47079.21
2025-07-14 01:00:00+00:00,4.697,4.744,4.671,4.74,62255.9
2025-07-14 02:00:00+00:00,4.743,4.792,4.725,4.761,71622.4
2025-07-14 03:00:00+00:00,4.76,4.845,4.753,4.809,134579.43
2025-07-14 04:00:00+00:00,4.808,4.854,4.788,4.849,77638.48
2025-07-14 05:00:00+00:00,4.849,4.853,4.739,4.779,176708.93
2025-07-14 06:00:00+00:00,4.779,4.782,4.729,4.748,104412.58
2025-07-14 07:00:00+00:00,4.748,4.804,4.747,4.794,97716.39
2025-07-14 08:00:00+00:00,4.794,4.795,4.729,4.757,59971.92
2025-07-14 09:00:00+00:00,4.758,4.791,4.745,4.764,66863.82
2025-07-14 10:00:00+00:00,4.762,4.777,4.724,4.756,70917.64
2025-07-14 11:00:00+00:00,4.754,4.759,4.698,4.716,60820.42
2025-07-14 12:00:00+00:00,4.715,4.727,4.679,4.697,121498.66
2025-07-14 13:00:00+00:00,4.698,4.732,4.67,4.711,98085.5
2025-07-14 14:00:00+00:00,4.711,4.728,4.617,4.652,156835.43
2025-07-14 15:00:00+00:00,4.652,4.655,4.578,4.612,138541.85
2025-07-14 16:00:00+00:00,4.612,4.636,4.579,4.628,135960.88
2025-07-14 17:00:00+00:00,4.628,4.629,4.584,4.597,68249.49
2025-07-14 18:00:00+00:00,4.598,4.604,4.545,4.551,103276.22
2025-07-14 19:00:00+00:00,4.55,4.565,4.52,4.533,108198.88
2025-07-14 20:00:00+00:00,4.533,4.575,4.488,4.552,133307.86
2025-07-14 21:00:00+00:00,4.552,4.568,4.541,4.556,44990.11
2025-07-14 22:00:00+00:00,4.555,4.575,4.54,4.568,60932.6
2025-07-14 23:00:00+00:00,4.567,4.572,4.538,4.555,43687.37
2025-07-15 00:00:00+00:00,4.555,4.582,4.506,4.516,62443.2
2025-07-15 01:00:00+00:00,4.515,4.555,4.475,4.517,95656.02
2025-07-15 02:00:00+00:00,4.516,4.538,4.479,4.489,105883.48
2025-07-15 03:00:00+00:00,4.488,4.49,4.432,4.472,182646.15
2025-07-15 04:00:00+00:00,4.473,4.513,4.441,4.494,79005.91
2025-07-15 05:00:00+00:00,4.495,4.506,4.468,4.485,32232.67
2025-07-15 06:00:00+00:00,4.485,4.503,4.462,4.48,56339.15
2025-07-15 07:00:00+00:00,4.48,4.501,4.465,4.467,62669.64
2025-07-15 08:00:00+00:00,4.468,4.482,4.437,4.468,45553.45
2025-07-15 09:00:00+00:00,4.466,4.509,4.464,4.491,123968.2
2025-07-15 10:00:00+00:00,4.49,4.514,4.49,4.502,50477.35
2025-07-15 11:00:00+00:00,4.502,4.515,4.471,4.508,57947.74
2025-07-15 12:00:00+00:00,4.509,4.545,4.468,4.522,116555.19
2025-07-15 13:00:00+00:00,4.523,4.586,4.522,4.567,97914.86
2025-07-15 14:00:00+00:00,4.568,4.586,4.461,4.474,124866.41
2025-07-15 15:00:00+00:00,4.474,4.574,4.467,4.56,101196.91
2025-07-15 16:00:00+00:00,4.559,4.621,4.559,4.601,118691.77
2025-07-15 17:00:00+00:00,4.601,4.673,4.588,4.672,88615.3
2025-07-15 18:00:00+00:00,4.673,4.701,4.591,4.62,165749.15
2025-07-15 19:00:00+00:00,4.62,4.647,4.553,4.555,97459.78
2025-07-15 20:00:00+00:00,4.557,4.6,4.542,4.576,65478.43
2025-07-15 21:00:00+00:00,4.576,4.65,4.573,4.637,40859.28
2025-07-15 22:00:00+00:00,4.638,4.64,4.616,4.64,26102.18
2025-07-15 23:00:00+00:00,4.64,4.721,4.639,4.668,202800.99
2025-07-16 00:00:00+00:00,4.668,4.698,4.65,4.695,89257.02
2025-07-16 01:00:00+00:00,4.693,4.711,4.686,4.694,81310.11
2025-07-16 02:00:00+00:00,4.693,4.693,4.609,4.627,64783.1
2025-07-16 03:00:00+00:00,4.628,4.643,4.619,4.635,38808.93
2025-07-16 04:00:00+00:00,4.635,4.652,4.604,4.65,30935.42
2025-07-16 05:00:00+00:00,4.652,4.679,4.65,4.656,30981.42
2025-07-16 06:00:00+00:00,4.657,4.69,4.64,4.686,34582.98
2025-07-16 07:00:00+00:00,4.686,4.715,4.67,4.689,43580.38
2025-07-16 08:00:00+00:00,4.689,4.696,4.678,4.686,43334.87
2025-07-16 09:00:00+00:00,4.686,4.701,4.657,4.67,56319.17
2025-07-16 10:00:00+00:00,4.67,4.675,4.642,4.643,76474.23
2025-07-16 11:00:00+00:00,4.644,4.655,4.636,4.65,45270.88
2025-07-16 12:00:00+00:00,4.651,4.666,4.633,4.639,111032.02
2025-07-16 13:00:00+00:00,4.64,4.661,4.623,4.642,90198.47
2025-07-16 14:00:00+00:00,4.642,4.701,4.621,4.69,175001.47
2025-07-16 15:00:00+00:00,4.691,4.716,4.644,4.682,155315.97
2025-07-16 16:00:00+00:00,4.682,4.745,4.662,4.744,105062.2
2025-07-16 17:00:00+00:00,4.745,4.764,4.728,4.759,102559.79
2025-07-16 18:00:00+00:00,4.76,4.796,4.756,4.767,140072.88
2025-07-16 19:00:00+00:00,4.769,4.776,4.74,4.764,101757.57
2025-07-16 20:00:00+00:00,4.766,4.844,4.766,4.823,121955.08
2025-07-16 21:00:00+00:00,4.823,4.874,4.807,4.86,118465.1
2025-07-16 22:00:00+00:00,4.862,4.88,4.766,4.781,105834.83
2025-07-16 23:00:00+00:00,4.782,4.786,4.723,4.744,64897.57
2025-07-17 00:00:00+00:00,4.745,4.805,4.737,4.75,72254.17
2025-07-17 01:00:00+00:00,4.749,4.765,4.636,4.679,110034.23
2025-07-17 02:00:00+00:00,4.679,4.722,4.671,4.719,47667.6
2025-07-17 03:00:00+00:00,4.72,4.72,4.637,4.669,59499.59
2025-07-17 04:00:00+00:00,4.668,4.712,4.66,4.712,38412.98
2025-07-17 05:00:00+00:00,4.712,4.749,4.69,4.748,41060.17
2025-07-17 06:00:00+00:00,4.748,4.789,4.726,4.762,85461.7
2025-07-17 07:00:00+00:00,4.761,4.767,4.711,4.756,68984.9
2025-07-17 08:00:00+00:00,4.757,4.781,4.748,4.781,52836.47
2025-07-17 09:00:00+00:00,4.781,4.834,4.769,4.815,102846.79
2025-07-17 10:00:00+00:00,4.815,4.824,4.777,4.784,97214.84
2025-07-17 11:00:00+00:00,4.785,4.803,4.755,4.778,77738.87
2025-07-17 12:00:00+00:00,4.779,4.811,4.737,4.793,119381.25
2025-07-17 13:00:00+00:00,4.792,4.81,4.706,4.787,148139.81
2025-07-17 14:00:00+00:00,4.787,4.846,4.778,4.814,155230.43
2025-07-17 15:00:00+00:00,4.816,4.835,4.758,4.819,102781.17
2025-07-17 16:00:00+00:00,4.818,4.823,4.716,4.755,137617.61
2025-07-17 17:00:00+00:00,4.753,4.809,4.74,4.808,103209.77
2025-07-17 18:00:00+00:00,4.809,4.828,4.792,4.824,80199.48
2025-07-17 19:00:00+00:00,4.824,4.846,4.747,4.75,129894.94
2025-07-17 20:00:00+00:00,4.75,4.769,4.689,4.747,197325.72
2025-07-17 21:00:00+00:00,4.747,4.852,4.746,4.819,172427.87
2025-07-17 22:00:00+00:00,4.819,4.893,4.81,4.868,126357.2
2025-07-17 23:00:00+00:00,4.869,4.901,4.839,4.855,122773.71
2025-07-18 00:00:00+00:00,4.856,4.928,4.826,4.925,113950.04
2025-07-18 01:00:00+00:00,4.926,4.996,4.916,4.989,409589.95
2025-07-18 02:00:00+00:00,4.989,4.993,4.943,4.982,75525.09
2025-07-18 03:00:00+00:00,4.982,5.019,4.964,5.015,147792.31
2025-07-18 04:00:00+00:00,5.014,5.089,4.983,5.087,115302.16
2025-07-18 05:00:00+00:00,5.089,5.154,5.083,5.144,281933.44
2025-07-18 06:00:00+00:00,5.144,5.144,5.077,5.122,155681.93
2025-07-18 07:00:00+00:00,5.122,5.156,5.033,5.038,156617.57
2025-07-18 08:00:00+00:00,5.037,5.117,5.022,5.066,430022.79
2025-07-18 09:00:00+00:00,5.066,5.093,5.031,5.081,150362.96
2025-07-18 10:00:00+00:00,5.082,5.084,4.997,5.082,104730.43
2025-07-18 11:00:00+00:00,5.081,5.1,5.005,5.042,111772.21
2025-07-18 12:00:00+00:00,5.043,5.115,5.031,5.115,111486.76
2025-07-18 13:00:00+00:00,5.113,5.118,5.053,5.079,129026.23
2025-07-18 14:00:00+00:00,5.079,5.131,4.961,5.01,272744.8
2025-07-18 15:00:00+00:00,5.01,5.018,4.902,4.948,192068.15
2025-07-18 16:00:00+00:00,4.948,5.016,4.932,4.979,93320.37
2025-07-18 17:00:00+00:00,4.98,5.01,4.957,4.984,52252.36
2025-07-18 18:00:00+00:00,4.985,4.987,4.906,4.911,54152.73
2025-07-18 19:00:00+00:00,4.912,4.942,4.872,4.91,81625.72
2025-07-18 20:00:00+00:00,4.911,4.917,4.782,4.853,187931.66
2025-07-18 21:00:00+00:00,4.852,4.915,4.846,4.875,61702.22
2025-07-18 22:00:00+00:00,4.876,4.891,4.809,4.819,102259.46
2025-07-18 23:00:00+00:00,4.82,4.857,4.785,4.855,74139.27
2025-07-19 00:00:00+00:00,4.855,4.884,4.785,4.787,159834.71
2025-07-19 01:00:00+00:00,4.788,4.844,4.753,4.828,81856.29
2025-07-19 02:00:00+00:00,4.829,4.871,4.801,4.861,89905.22
2025-07-19 03:00:00+00:00,4.862,4.946,4.857,4.946,55937.91
2025-07-19 04:00:00+00:00,4.947,4.998,4.934,4.951,58321.71
2025-07-19 05:00:00+00:00,4.952,4.962,4.918,4.942,51224.94
2025-07-19 06:00:00+00:00,4.941,4.945,4.903,4.915,51596.0
2025-07-19 07:00:00+00:00,4.915,4.93,4.883,4.889,43858.61
2025-07-19 08:00:00+00:00,4.889,4.902,4.854,4.876,53710.6
2025-07-19 09:00:00+00:00,4.877,4.892,4.858,4.881,51879.26
2025-07-19 10:00:00+00:00,4.882,4.907,4.866,4.875,68252.66
2025-07-19 11:00:00+00:00,4.876,4.888,4.834,4.837,57058.8
2025-07-19 12:00:00+00:00,4.838,4.853,4.815,4.853,41712.4
2025-07-19 13:00:00+00:00,4.852,4.853,4.806,4.818,57790.79
2025-07-19 14:00:00+00:00,4.818,4.827,4.758,4.764,169158.98
2025-07-19 15:00:00+00:00,4.764,4.831,4.763,4.809,58784.37
2025-07-19 16:00:00+00:00,4.807,4.866,4.798,4.851,72285.7
2025-07-19 17:00:00+00:00,4.852,4.856,4.816,4.845,43129.83
2025-07-19 18:00:00+00:00,4.844,4.921,4.84,4.909,88875.31
2025-07-19 19:00:00+00:00,4.91,5.048,4.908,5.011,209129.88
2025-07-19 20:00:00+00:00,5.009,5.027,4.973,4.973,69374.04
2025-07-19 21:00:00+00:00,4.974,4.992,4.907,4.962,71815.68
2025-07-19 22:00:00+00:00,4.962,4.989,4.951,4.975,52150.83
2025-07-19 23:00:00+00:00,4.974,5.023,4.971,5.016,49031.49
2025-07-20 00:00:00+00:00,5.017,5.031,4.989,4.998,70386.13
2025-07-20 01:00:00+00:00,4.999,5.031,4.983,4.993,95826.03
2025-07-20 02:00:00+00:00,4.994,5.039,4.983,5.017,72745.73
2025-07-20 03:00:00+00:00,5.016,5.061,4.991,5.021,74241.04
2025-07-20 04:00:00+00:00,5.024,5.061,5.01,5.047,73535.76
2025-07-20 05:00:00+00:00,5.049,5.132,5.04,5.129,94901.15
2025-07-20 06:00:00+00:00,5.129,5.145,5.1,5.106,137835.87
2025-07-20 07:00:00+00:00,5.106,5.154,5.104,5.105,112965.31
2025-07-20 08:00:00+00:00,5.106,5.181,5.1,5.18,149407.1
2025-07-20 09:00:00+00:00,5.179,5.204,5.134,5.171,134299.01
2025-07-20 10:00:00+00:00,5.169,5.194,5.164,5.183,91653.03
2025-07-20 11:00:00+00:00,5.184,5.216,5.178,5.201,75577.07
2025-07-20 12:00:00+00:00,5.202,5.204,5.158,5.183,102186.39
2025-07-20 13:00:00+00:00,5.181,5.218,5.178,5.214,57150.21
2025-07-20 14:00:00+00:00,5.213,5.213,5.152,5.196,81090.93
2025-07-20 15:00:00+00:00,5.195,5.26,5.176,5.252,95241.65
2025-07-20 16:00:00+00:00,5.251,5.281,5.214,5.249,117864.04
2025-07-20 17:00:00+00:00,5.249,5.277,5.192,5.218,142885.5
2025-07-20 18:00:00+00:00,5.219,5.257,5.199,5.255,107772.16
2025-07-20 19:00:00+00:00,5.255,5.278,5.233,5.234,65471.62
2025-07-20 20:00:00+00:00,5.234,5.236,5.187,5.207,61024.74
2025-07-20 21:00:00+00:00,5.208,5.221,5.148,5.221,88769.58
2025-07-20 22:00:00+00:00,5.221,5.229,5.068,5.16,194118.6
2025-07-20 23:00:00+00:00,5.159,5.197,5.134,5.174,78934.74
2025-07-21 00:00:00+00:00,5.174,5.187,5.084,5.145,103249.8
2025-07-21 01:00:00+00:00,5.147,5.16,5.063,5.116,91813.24
2025-07-21 02:00:00+00:00,5.117,5.16,5.117,5.159,55659.11
2025-07-21 03:00:00+00:00,5.161,5.216,5.159,5.211,102975.31
2025-07-21 04:00:00+00:00,5.211,5.217,5.188,5.199,62349.2
2025-07-21 05:00:00+00:00,5.198,5.216,5.166,5.216,66344.92
2025-07-21 06:00:00+00:00,5.216,5.262,5.213,5.237,141692.9
2025-07-21 07:00:00+00:00,5.237,5.276,5.234,5.241,91449.5
2025-07-21 08:00:00+00:00,5.24,5.28,5.221,5.236,115942.92
2025-07-21 09:00:00+00:00,5.236,5.241,5.196,5.235,109866.14
2025-07-21 10:00:00+00:00,5.234,5.262,5.192,5.26,74728.55
2025-07-21 11:00:00+00:00,5.259,5.298,5.252,5.257,130954.24
2025-07-21 12:00:00+00:00,5.257,5.267,5.227,5.258,145480.43
2025-07-21 13:00:00+00:00,5.258,5.281,5.208,5.27,152162.3
2025-07-21 14:00:00+00:00,5.27,5.313,5.232,5.274,230678.0
2025-07-21 15:00:00+00:00,5.274,5.317,5.229,5.24,147162.69
2025-07-21 16:00:00+00:00,5.24,5.25,5.122,5.181,182048.79
2025-07-21 17:00:00+00:00,5.18,5.231,5.173,5.216,118493.32
2025-07-21 18:00:00+00:00,5.217,5.272,5.165,5.176,86297.83
2025-07-21 19:00:00+00:00,5.175,5.209,5.121,5.139,102628.67
2025-07-21 20:00:00+00:00,5.139,5.179,5.117,5.133,91193.35
2025-07-21 21:00:00+00:00,5.132,5.186,5.121,5.17,40013.1
2025-07-21 22:00:00+00:00,5.169,5.209,5.165,5.2,46862.47
2025-07-21 23:00:00+00:00,5.2,5.22,5.174,5.186,36485.06
2025-07-22 00:00:00+00:00,5.186,5.202,5.11,5.12,79251.66
2025-07-22 01:00:00+00:00,5.119,5.209,5.024,5.193,204010.89
2025-07-22 02:00:00+00:00,5.195,5.209,5.108,5.125,80620.94
2025-07-22 03:00:00+00:00,5.125,5.137,5.052,5.09,108184.28
2025-07-22 04:00:00+00:00,5.09,5.105,4.962,4.962,155089.66
2025-07-22 05:00:00+00:00,4.964,5.058,4.96,5.015,110383.02
2025-07-22 06:00:00+00:00,5.016,5.061,4.998,5.037,74745.06
2025-07-22 07:00:00+00:00,5.038,5.092,5.021,5.035,83956.55
2025-07-22 08:00:00+00:00,5.035,5.035,4.932,4.986,125548.73
2025-07-22 09:00:00+00:00,4.987,5.005,4.922,4.98,99206.94
2025-07-22 10:00:00+00:00,4.98,5.056,4.978,5.055,87135.54
2025-07-22 11:00:00+00:00,5.056,5.066,5.013,5.05,80255.24
2025-07-22 12:00:00+00:00,5.05,5.06,5.018,5.033,48938.13
2025-07-22 13:00:00+00:00,5.034,5.088,4.982,4.999,126397.08
2025-07-22 14:00:00+00:00,5.001,5.082,4.941,5.082,122198.74
2025-07-22 15:00:00+00:00,5.081,5.123,5.049,5.059,83151.77
2025-07-22 16:00:00+00:00,5.059,5.12,5.046,5.068,64820.78
2025-07-22 17:00:00+00:00,5.066,5.08,5.003,5.04,71182.24
2025-07-22 18:00:00+00:00,5.04,5.108,5.01,5.083,97094.76
2025-07-22 19:00:00+00:00,5.081,5.09,4.969,4.987,130043.0
2025-07-22 20:00:00+00:00,4.983,5.06,4.975,5.043,105281.06
2025-07-22 21:00:00+00:00,5.046,5.054,5.018,5.043,69954.7
2025-07-22 22:00:00+00:00,5.043,5.067,5.029,5.064,64875.46
2025-07-22 23:00:00+00:00,5.065,5.115,5.057,5.11,75208.04
2025-07-23 00:00:00+00:00,5.111,5.138,5.03,5.034,105313.57
2025-07-23 01:00:00+00:00,5.035,5.054,5.002,5.052,56182.78
2025-07-23 02:00:00+00:00,5.052,5.071,5.031,5.054,79604.69
2025-07-23 03:00:00+00:00,5.056,5.088,5.037,5.056,44025.0
2025-07-23 04:00:00+00:00,5.055,5.13,5.048,5.128,68470.08
2025-07-23 05:00:00+00:00,5.127,5.135,5.094,5.097,61559.79
2025-07-23 06:00:00+00:00,5.097,5.108,5.027,5.05,84089.09
2025-07-23 07:00:00+00:00,5.049,5.082,5.017,5.037,78806.39
2025-07-23 08:00:00+00:00,5.035,5.069,5.021,5.068,49123.74
2025-07-23 09:00:00+00:00,5.068,5.074,4.959,4.96,108006.81
2025-07-23 10:00:00+00:00,4.959,4.989,4.924,4.98,140955.2
2025-07-23 11:00:00+00:00,4.979,5.007,4.946,5.004,75626.18
2025-07-23 12:00:00+00:00,5.003,5.013,4.86,4.876,211964.62
2025-07-23 13:00:00+00:00,4.877,4.919,4.743,4.784,687060.42
2025-07-23 14:00:00+00:00,4.784,4.848,4.768,4.836,189730.36
2025-07-23 15:00:00+00:00,4.836,4.843,4.772,4.816,133623.13
2025-07-23 16:00:00+00:00,4.816,4.817,4.715,4.722,134970.14
2025-07-23 17:00:00+00:00,4.724,4.745,4.648,4.712,283250.91
2025-07-23 18:00:00+00:00,4.713,4.746,4.704,4.744,77569.53
2025-07-23 19:00:00+00:00,4.743,4.749,4.704,4.708,72390.18
2025-07-23 20:00:00+00:00,4.707,4.733,4.583,4.661,318124.72
2025-07-23 21:00:00+00:00,4.663,4.69,4.558,4.67,261783.69
2025-07-23 22:00:00+00:00,4.671,4.715,4.644,4.693,59236.45
2025-07-23 23:00:00+00:00,4.693,4.713,4.689,4.702,63389.5
2025-07-24 00:00:00+00:00,4.704,4.744,4.673,4.742,54467.96
2025-07-24 01:00:00+00:00,4.742,4.747,4.697,4.743,50435.42
2025-07-24 02:00:00+00:00,4.745,4.75,4.712,4.727,29650.9
2025-07-24 03:00:00+00:00,4.727,4.763,4.705,4.707,57148.49
2025-07-24 04:00:00+00:00,4.708,4.723,4.628,4.636,88332.99
2025-07-24 05:00:00+00:00,4.635,4.638,4.513,4.523,155072.33
2025-07-24 06:00:00+00:00,4.523,4.6,4.46,4.511,269901.32
2025-07-24 07:00:00+00:00,4.51,4.586,4.467,4.58,127879.47
2025-07-24 08:00:00+00:00,4.58,4.64,4.555,4.627,113425.34
2025-07-24 09:00:00+00:00,4.628,4.642,4.599,4.619,82815.91
2025-07-24 10:00:00+00:00,4.62,4.646,4.552,4.594,104291.69
2025-07-24 11:00:00+00:00,4.594,4.683,4.592,4.675,91900.9
2025-07-24 12:00:00+00:00,4.674,4.697,4.642,4.657,76809.9
2025-07-24 13:00:00+00:00,4.657,4.692,4.633,4.636,115577.11
2025-07-24 14:00:00+00:00,4.637,4.76,4.6,4.755,173702.71
2025-07-24 15:00:00+00:00,4.757,4.805,4.719,4.745,183650.76
2025-07-24 16:00:00+00:00,4.747,4.753,4.635,4.665,134954.88
2025-07-24 17:00:00+00:00,4.667,4.74,4.661,4.706,63995.48
2025-07-24 18:00:00+00:00,4.705,4.74,4.683,4.725,53010.84
2025-07-24 19:00:00+00:00,4.725,4.747,4.685,4.689,56791.59
2025-07-24 20:00:00+00:00,4.689,4.734,4.681,4.727,27641.81
2025-07-24 21:00:00+00:00,4.727,4.73,4.662,4.679,53448.85
2025-07-24 22:00:00+00:00,4.678,4.694,4.644,4.669,88772.25
2025-07-24 23:00:00+00:00,4.669,4.669,4.609,4.625,76492.91
2025-07-25 00:00:00+00:00,4.626,4.633,4.564,4.589,88188.78
2025-07-25 01:00:00+00:00,4.588,4.642,4.561,4.63,75138.22
2025-07-25 02:00:00+00:00,4.632,4.648,4.553,4.567,88993.28
2025-07-25 03:00:00+00:00,4.566,4.598,4.498,4.559,124607.16
2025-07-25 04:00:00+00:00,4.559,4.603,4.509,4.602,111243.49
2025-07-25 05:00:00+00:00,4.602,4.609,4.55,4.554,70218.63
2025-07-25 06:00:00+00:00,4.555,4.61,4.532,4.589,54538.4
2025-07-25 07:00:00+00:00,4.588,4.633,4.545,4.588,82600.6
2025-07-25 08:00:00+00:00,4.587,4.639,4.582,4.601,89274.67
2025-07-25 09:00:00+00:00,4.601,4.681,4.586,4.68,109232.53
2025-07-25 10:00:00+00:00,4.679,4.7,4.669,4.692,168513.59
2025-07-25 11:00:00+00:00,4.693,4.719,4.69,4.709,114082.58
2025-07-25 12:00:00+00:00,4.71,4.738,4.678,4.693,72832.68
2025-07-25 13:00:00+00:00,4.693,4.694,4.594,4.633,187196.68
2025-07-25 14:00:00+00:00,4.634,4.638,4.534,4.539,134347.18
2025-07-25 15:00:00+00:00,4.539,4.586,4.51,4.564,121894.14
2025-07-25 16:00:00+00:00,4.564,4.602,4.533,4.596,74728.56
2025-07-25 17:00:00+00:00,4.593,4.616,4.573,4.583,67215.95
2025-07-25 18:00:00+00:00,4.582,4.6,4.574,4.592,45189.7
2025-07-25 19:00:00+00:00,4.592,4.613,4.571,4.594,34222.2
2025-07-25 20:00:00+00:00,4.593,4.68,4.591,4.662,49717.42
2025-07-25 21:00:00+00:00,4.664,4.706,4.664,4.695,58696.15
2025-07-25 22:00:00+00:00,4.696,4.71,4.688,4.702,53425.95
2025-07-25 23:00:00+00:00,4.701,4.716,4.689,4.709,26067.82
2025-07-26 00:00:00+00:00,4.71,4.713,4.688,4.704,47100.99
2025-07-26 01:00:00+00:00,4.704,4.707,4.669,4.672,23992.0
2025-07-26 02:00:00+00:00,4.672,4.72,4.672,4.698,36740.2
2025-07-26 03:00:00+00:00,4.698,4.701,4.68,4.694,20611.96
2025-07-26 04:00:00+00:00,4.693,4.7,4.682,4.688,24972.49
2025-07-26 05:00:00+00:00,4.689,4.701,4.682,4.697,27117.22
2025-07-26 06:00:00+00:00,4.697,4.698,4.672,4.676,26955.56
2025-07-26 07:00:00+00:00,4.675,4.692,4.674,4.685,22554.44
2025-07-26 08:00:00+00:00,4.685,4.711,4.685,4.697,34115.53
2025-07-26 09:00:00+00:00,4.697,4.726,4.691,4.724,37882.61
2025-07-26 10:00:00+00:00,4.724,4.748,4.714,4.731,70870.75
2025-07-26 11:00:00+00:00,4.731,4.742,4.716,4.724,31894.12
2025-07-26 12:00:00+00:00,4.724,4.747,4.709,4.741,30056.75
2025-07-26 13:00:00+00:00,4.741,4.764,4.735,4.749,41256.01
2025-07-26 14:00:00+00:00,4.75,4.769,4.727,4.739,62209.41
2025-07-26 15:00:00+00:00,4.739,4.76,4.713,4.751,83554.59
2025-07-26 16:00:00+00:00,4.752,4.764,4.733,4.742,34165.59
2025-07-26 17:00:00+00:00,4.742,4.753,4.723,4.738,20455.82
2025-07-26 18:00:00+00:00,4.737,4.778,4.721,4.775,63693.59
2025-07-26 19:00:00+00:00,4.775,4.838,4.775,4.833,58632.68
2025-07-26 20:00:00+00:00,4.833,4.833,4.79,4.794,44302.88
2025-07-26 21:00:00+00:00,4.794,4.806,4.776,4.802,19961.87
2025-07-26 22:00:00+00:00,4.803,4.828,4.785,4.788,57799.16
2025-07-26 23:00:00+00:00,4.788,4.79,4.76,4.765,21938.12
2025-07-27 00:00:00+00:00,4.766,4.77,4.749,4.764,22963.45
2025-07-27 01:00:00+00:00,4.766,4.789,4.756,4.782,20402.15
2025-07-27 02:00:00+00:00,4.781,4.811,4.768,4.796,27909.31
2025-07-27 03:00:00+00:00,4.797,4.803,4.775,4.779,22094.62
2025-07-27 04:00:00+00:00,4.778,4.803,4.774,4.798,24239.98
2025-07-27 05:00:00+00:00,4.799,4.83,4.799,4.81,64135.87
2025-07-27 06:00:00+00:00,4.81,4.81,4.789,4.806,32219.45
2025-07-27 07:00:00+00:00,4.808,4.82,4.787,4.8,22851.91
2025-07-27 08:00:00+00:00,4.799,4.808,4.767,4.777,42135.13
2025-07-27 09:00:00+00:00,4.776,4.776,4.736,4.747,39255.19
2025-07-27 10:00:00+00:00,4.748,4.814,4.748,4.808,56677.92
2025-07-27 11:00:00+00:00,4.809,4.817,4.775,4.782,42789.07
2025-07-27 12:00:00+00:00,4.782,4.82,4.77,4.815,39088.83
2025-07-27 13:00:00+00:00,4.814,4.821,4.778,4.787,32716.78
2025-07-27 14:00:00+00:00,4.785,4.803,4.76,4.777,32105.39
2025-07-27 15:00:00+00:00,4.777,4.796,4.76,4.795,29618.77
2025-07-27 16:00:00+00:00,4.796,4.85,4.791,4.803,122941.55
2025-07-27 17:00:00+00:00,4.803,4.818,4.784,4.815,47192.34
2025-07-27 18:00:00+00:00,4.815,4.84,4.81,4.823,34014.95
2025-07-27 19:00:00+00:00,4.822,4.828,4.8,4.811,27966.99
2025-07-27 20:00:00+00:00,4.811,4.83,4.805,4.813,38039.2
2025-07-27 21:00:00+00:00,4.812,4.846,4.803,4.842,27193.88
2025-07-27 22:00:00+00:00,4.844,4.891,4.842,4.877,78062.08
2025-07-27 23:00:00+00:00,4.876,4.876,4.848,4.874,26037.99
2025-07-28 00:00:00+00:00,4.875,4.911,4.862,4.872,88694.49
2025-07-28 01:00:00+00:00,4.873,4.874,4.815,4.828,60412.44
2025-07-28 02:00:00+00:00,4.827,4.908,4.821,4.874,76465.91
2025-07-28 03:00:00+00:00,4.873,4.883,4.835,4.845,69838.79
2025-07-28 04:00:00+00:00,4.845,4.876,4.825,4.873,70957.86
2025-07-28 05:00:00+00:00,4.873,4.924,4.864,4.912,80256.96
2025-07-28 06:00:00+00:00,4.912,4.932,4.901,4.931,141204.52
2025-07-28 07:00:00+00:00,4.931,4.932,4.874,4.896,75946.15
2025-07-28 08:00:00+00:00,4.895,4.911,4.861,4.881,73461.35
2025-07-28 09:00:00+00:00,4.881,4.928,4.872,4.908,71730.32
2025-07-28 10:00:00+00:00,4.909,4.928,4.897,4.914,34634.4
2025-07-28 11:00:00+00:00,4.915,4.916,4.866,4.881,64301.21
2025-07-28 12:00:00+00:00,4.881,4.935,4.86,4.934,108950.47
2025-07-28 13:00:00+00:00,4.935,4.951,4.879,4.9,205743.79
2025-07-28 14:00:00+00:00,4.898,4.92,4.79,4.798,208332.71
2025-07-28 15:00:00+00:00,4.797,4.832,4.738,4.758,100682.9
2025-07-28 16:00:00+00:00,4.758,4.802,4.729,4.771,107281.14
2025-07-28 17:00:00+00:00,4.771,4.786,4.735,4.74,63488.24
2025-07-28 18:00:00+00:00,4.739,4.742,4.664,4.686,115069.39
2025-07-28 19:00:00+00:00,4.685,4.71,4.636,4.671,93843.93
2025-07-28 20:00:00+00:00,4.671,4.675,4.622,4.636,86748.86
2025-07-28 21:00:00+00:00,4.635,4.679,4.612,4.647,57285.25
2025-07-28 22:00:00+00:00,4.646,4.663,4.609,4.63,58266.84
2025-07-28 23:00:00+00:00,4.632,4.647,4.616,4.643,61255.91
2025-07-29 00:00:00+00:00,4.643,4.66,4.559,4.615,128675.93
2025-07-29 01:00:00+00:00,4.615,4.637,4.587,4.589,40602.43
2025-07-29 02:00:00+00:00,4.589,4.596,4.553,4.574,113038.62
2025-07-29 03:00:00+00:00,4.573,4.634,4.571,4.626,76481.88
2025-07-29 04:00:00+00:00,4.626,4.645,4.597,4.6,67579.48
2025-07-29 05:00:00+00:00,4.6,4.685,4.6,4.682,58573.31
2025-07-29 06:00:00+00:00,4.683,4.726,4.673,4.721,83312.94
2025-07-29 07:00:00+00:00,4.721,4.772,4.715,4.765,83961.6
2025-07-29 08:00:00+00:00,4.767,4.77,4.712,4.732,105853.85
2025-07-29 09:00:00+00:00,4.733,4.739,4.702,4.711,61858.1
2025-07-29 10:00:00+00:00,4.71,4.717,4.616,4.626,121297.63
2025-07-29 11:00:00+00:00,4.625,4.666,4.621,4.649,53701.31
2025-07-29 12:00:00+00:00,4.65,4.704,4.641,4.681,79955.03
2025-07-29 13:00:00+00:00,4.681,4.727,4.652,4.661,200527.95
2025-07-29 14:00:00+00:00,4.662,4.664,4.574,4.603,163938.05
2025-07-29 15:00:00+00:00,4.602,4.631,4.568,4.602,156192.94
2025-07-29 16:00:00+00:00,4.602,4.616,4.543,4.613,237103.94
2025-07-29 17:00:00+00:00,4.614,4.65,4.607,4.624,161199.0
2025-07-29 18:00:00+00:00,4.623,4.627,4.573,4.586,46017.62
2025-07-29 19:00:00+00:00,4.585,4.607,4.551,4.553,62453.74
2025-07-29 20:00:00+00:00,4.553,4.581,4.52,4.554,94755.07
2025-07-29 21:00:00+00:00,4.554,4.632,4.53,4.614,94482.43
2025-07-29 22:00:00+00:00,4.614,4.63,4.584,4.602,58560.28
2025-07-29 23:00:00+00:00,4.602,4.624,4.59,4.616,63011.58
2025-07-30 00:00:00+00:00,4.617,4.618,4.534,4.563,69869.47
2025-07-30 01:00:00+00:00,4.561,4.605,4.52,4.581,48447.12
2025-07-30 02:00:00+00:00,4.582,4.605,4.562,4.577,116298.4
2025-07-30 03:00:00+00:00,4.576,4.591,4.567,4.568,42619.0
2025-07-30 04:00:00+00:00,4.568,4.585,4.537,4.544,39279.52
2025-07-30 05:00:00+00:00,4.543,4.562,4.521,4.552,124271.68
2025-07-30 06:00:00+00:00,4.551,4.563,4.534,4.549,55916.49
2025-07-30 07:00:00+00:00,4.548,4.568,4.502,4.514,116896.38
2025-07-30 08:00:00+00:00,4.513,4.545,4.499,4.529,100929.29
2025-07-30 09:00:00+00:00,4.529,4.543,4.489,4.497,61895.31
2025-07-30 10:00:00+00:00,4.497,4.519,4.475,4.486,60631.43
2025-07-30 11:00:00+00:00,4.487,4.516,4.387,4.406,292303.66
2025-07-30 12:00:00+00:00,4.407,4.456,4.396,4.428,208923.26
2025-07-30 13:00:00+00:00,4.427,4.445,4.4,4.428,145856.15
2025-07-30 14:00:00+00:00,4.428,4.484,4.4,4.477,219308.95
2025-07-30 15:00:00+00:00,4.479,4.483,4.43,4.443,214888.2
2025-07-30 16:00:00+00:00,4.443,4.475,4.431,4.439,91266.05
2025-07-30 17:00:00+00:00,4.44,4.455,4.425,4.447,84459.61
2025-07-30 18:00:00+00:00,4.447,4.472,4.363,4.366,212306.78
2025-07-30 19:00:00+00:00,4.365,4.415,4.247,4.403,428846.33
2025-07-30 20:00:00+00:00,4.405,4.444,4.389,4.402,82146.6
2025-07-30 21:00:00+00:00,4.402,4.424,4.347,4.382,76459.25
2025-07-30 22:00:00+00:00,4.382,4.405,4.359,4.383,73822.63
2025-07-30 23:00:00+00:00,4.383,4.429,4.383,4.417,53343.02
2025-07-31 00:00:00+00:00,4.417,4.457,4.407,4.449,117870.93
2025-07-31 01:00:00+00:00,4.449,4.457,4.432,4.438,85770.02
2025-07-31 02:00:00+00:00,4.439,4.455,4.432,4.452,80813.97
2025-07-31 03:00:00+00:00,4.452,4.485,4.451,4.472,49868.47
2025-07-31 04:00:00+00:00,4.473,4.488,4.46,4.485,44237.13
2025-07-31 05:00:00+00:00,4.485,4.498,4.478,4.488,37085.35
2025-07-31 06:00:00+00:00,4.487,4.504,4.471,4.5,44501.75
2025-07-31 07:00:00+00:00,4.5,4.501,4.476,4.489,112485.01
2025-07-31 08:00:00+00:00,4.489,4.516,4.488,4.508,37197.75
2025-07-31 09:00:00+00:00,4.508,4.512,4.5,4.505,34112.27
2025-07-31 10:00:00+00:00,4.505,4.509,4.486,4.488,25244.61
2025-07-31 11:00:00+00:00,4.488,4.489,4.453,4.464,43829.25
2025-07-31 12:00:00+00:00,4.464,4.468,4.411,4.426,65177.35
2025-07-31 13:00:00+00:00,4.425,4.425,4.359,4.381,123666.98
2025-07-31 14:00:00+00:00,4.382,4.392,4.254,4.301,200350.3
2025-07-31 15:00:00+00:00,4.299,4.347,4.292,4.325,78593.15
2025-07-31 16:00:00+00:00,4.325,4.417,4.318,4.391,122195.11
2025-07-31 17:00:00+00:00,4.391,4.391,4.322,4.335,146141.29
2025-07-31 18:00:00+00:00,4.336,4.36,4.301,4.342,79412.25
2025-07-31 19:00:00+00:00,4.343,4.351,4.292,4.297,70828.05
2025-07-31 20:00:00+00:00,4.297,4.311,4.265,4.297,101463.06
2025-07-31 21:00:00+00:00,4.296,4.311,4.222,4.262,253624.74
2025-07-31 22:00:00+00:00,4.262,4.262,4.21,4.224,169639.82
2025-07-31 23:00:00+00:00,4.225,4.25,4.186,4.21,123293.32
2025-08-01 00:00:00+00:00,4.209,4.216,4.088,4.176,392310.99
2025-08-01 01:00:00+00:00,4.175,4.197,4.138,4.183,163404.29
2025-08-01 02:00:00+00:00,4.182,4.231,4.172,4.227,103039.73
2025-08-01 03:00:00+00:00,4.227,4.244,4.212,4.221,75818.93
2025-08-01 04:00:00+00:00,4.221,4.221,4.188,4.195,89566.79
2025-08-01 05:00:00+00:00,4.194,4.209,4.16,4.176,88940.22
2025-08-01 06:00:00+00:00,4.176,4.192,4.151,4.192,99097.44
2025-08-01 07:00:00+00:00,4.193,4.206,4.167,4.183,118111.26
2025-08-01 08:00:00+00:00,4.182,4.182,4.092,4.14,208291.08
2025-08-01 09:00:00+00:00,4.139,4.182,4.136,4.155,125841.15
2025-08-01 10:00:00+00:00,4.155,4.192,4.152,4.183,76446.43
2025-08-01 11:00:00+00:00,4.183,4.21,4.158,4.201,105892.9
2025-08-01 12:00:00+00:00,4.201,4.244,4.188,4.221,119560.36
2025-08-01 13:00:00+00:00,4.222,4.239,4.125,4.159,287986.06
2025-08-01 14:00:00+00:00,4.156,4.263,4.125,4.247,172676.12
2025-08-01 15:00:00+00:00,4.248,4.253,4.188,4.226,126047.21
2025-08-01 16:00:00+00:00,4.225,4.246,4.168,4.179,103702.14
2025-08-01 17:00:00+00:00,4.18,4.208,4.154,4.165,116812.15
2025-08-01 18:00:00+00:00,4.165,4.203,4.134,4.173,111683.21
2025-08-01 19:00:00+00:00,4.172,4.223,4.167,4.219,88217.68
2025-08-01 20:00:00+00:00,4.217,4.226,4.121,4.189,134198.41
2025-08-01 21:00:00+00:00,4.189,4.215,4.182,4.189,89896.51
2025-08-01 22:00:00+00:00,4.19,4.195,4.038,4.105,319953.11
2025-08-01 23:00:00+00:00,4.105,4.161,4.09,4.14,67668.05
2025-08-02 00:00:00+00:00,4.14,4.175,4.138,4.174,81758.57
2025-08-02 01:00:00+00:00,4.175,4.178,4.148,4.176,25345.61
2025-08-02 02:00:00+00:00,4.176,4.178,4.162,4.168,21399.6
2025-08-02 03:00:00+00:00,4.169,4.177,4.164,4.175,29820.4
2025-08-02 04:00:00+00:00,4.175,4.2,4.163,4.187,57744.69
2025-08-02 05:00:00+00:00,4.186,4.188,4.167,4.167,19525.83
2025-08-02 06:00:00+00:00,4.168,4.169,4.081,4.105,83252.25
2025-08-02 07:00:00+00:00,4.104,4.165,4.076,4.163,100970.95
2025-08-02 08:00:00+00:00,4.164,4.174,4.12,4.123,38048.98
2025-08-02 09:00:00+00:00,4.123,4.141,4.11,4.125,39950.75
2025-08-02 10:00:00+00:00,4.124,4.126,4.082,4.109,57018.12
2025-08-02 11:00:00+00:00,4.107,4.148,4.095,4.128,59677.2
2025-08-02 12:00:00+00:00,4.128,4.13,4.099,4.122,45859.65
2025-08-02 13:00:00+00:00,4.122,4.141,4.094,4.13,50550.88
2025-08-02 14:00:00+00:00,4.132,4.139,4.076,4.094,75597.72
2025-08-02 15:00:00+00:00,4.093,4.129,4.069,4.084,96299.53
2025-08-02 16:00:00+00:00,4.083,4.111,4.043,4.09,138551.27
2025-08-02 17:00:00+00:00,4.09,4.121,4.025,4.043,115291.64
2025-08-02 18:00:00+00:00,4.044,4.058,4.007,4.028,178946.55
2025-08-02 19:00:00+00:00,4.028,4.094,4.013,4.059,120420.76
2025-08-02 20:00:00+00:00,4.059,4.091,4.057,4.085,66472.21
2025-08-02 21:00:00+00:00,4.085,4.106,4.059,4.089,65470.58
2025-08-02 22:00:00+00:00,4.09,4.119,4.077,4.112,91685.06
2025-08-02 23:00:00+00:00,4.112,4.118,4.067,4.092,74273.71
2025-08-03 00:00:00+00:00,4.092,4.112,4.035,4.112,129822.83
2025-08-03 01:00:00+00:00,4.112,4.137,4.105,4.128,83047.44
2025-08-03 02:00:00+00:00,4.127,4.148,4.127,4.146,43953.43
2025-08-03 03:00:00+00:00,4.146,4.149,4.132,4.142,28469.61
2025-08-03 04:00:00+00:00,4.141,4.147,4.128,4.141,18389.38
2025-08-03 05:00:00+00:00,4.142,4.166,4.141,4.166,43107.92
2025-08-03 06:00:00+00:00,4.166,4.171,4.15,4.169,26851.71
2025-08-03 07:00:00+00:00,4.17,4.195,4.17,4.188,36855.51
2025-08-03 08:00:00+00:00,4.188,4.197,4.178,4.196,24763.62
2025-08-03 09:00:00+00:00,4.195,4.207,4.189,4.205,41007.56
2025-08-03 10:00:00+00:00,4.205,4.229,4.204,4.225,61766.63
2025-08-03 11:00:00+00:00,4.227,4.259,4.225,4.247,158811.21
2025-08-03 12:00:00+00:00,4.246,4.257,4.223,4.235,130310.04
2025-08-03 13:00:00+00:00,4.235,4.242,4.215,4.228,63467.05
2025-08-03 14:00:00+00:00,4.228,4.234,4.205,4.222,40352.61
2025-08-03 15:00:00+00:00,4.222,4.238,4.213,4.23,53710.35
2025-08-03 16:00:00+00:00,4.229,4.239,4.218,4.232,26979.82
2025-08-03 17:00:00+00:00,4.233,4.237,4.217,4.229,33322.71
2025-08-03 18:00:00+00:00,4.23,4.246,4.22,4.244,33894.47
2025-08-03 19:00:00+00:00,4.244,4.259,4.235,4.24,25418.52
2025-08-03 20:00:00+00:00,4.241,4.264,4.239,4.264,25956.65
2025-08-03 21:00:00+00:00,4.263,4.276,4.257,4.276,21976.38
2025-08-03 22:00:00+00:00,4.276,4.284,4.251,4.264,28765.76
2025-08-03 23:00:00+00:00,4.264,4.286,4.262,4.273,38345.93
2025-08-04 00:00:00+00:00,4.273,4.331,4.269,4.33,63335.93
2025-08-04 01:00:00+00:00,4.33,4.334,4.284,4.286,57521.48
2025-08-04 02:00:00+00:00,4.287,4.3,4.275,4.297,30352.76
2025-08-04 03:00:00+00:00,4.298,4.3,4.274,4.284,21010.69
2025-08-04 04:00:00+00:00,4.284,4.295,4.262,4.265,50983.63
2025-08-04 05:00:00+00:00,4.265,4.281,4.259,4.276,22784.26
2025-08-04 06:00:00+00:00,4.275,4.278,4.253,4.275,19374.43
2025-08-04 07:00:00+00:00,4.275,4.292,4.272,4.283,21084.68
2025-08-04 08:00:00+00:00,4.283,4.3,4.276,4.288,44970.53
2025-08-04 09:00:00+00:00,4.289,4.292,4.26,4.263,84410.98
2025-08-04 10:00:00+00:00,4.265,4.278,4.258,4.259,34503.34
2025-08-04 11:00:00+00:00,4.259,4.265,4.239,4.259,62305.37
2025-08-04 12:00:00+00:00,4.26,4.274,4.252,4.266,60323.66
2025-08-04 13:00:00+00:00,4.266,4.297,4.248,4.279,181336.94
2025-08-04 14:00:00+00:00,4.279,4.296,4.24,4.252,212243.88
2025-08-04 15:00:00+00:00,4.251,4.272,4.244,4.265,69437.01
2025-08-04 16:00:00+00:00,4.266,4.284,4.259,4.281,73126.9
2025-08-04 17:00:00+00:00,4.28,4.317,4.273,4.284,128274.52
2025-08-04 18:00:00+00:00,4.285,4.288,4.246,4.252,60812.83
2025-08-04 19:00:00+00:00,4.251,4.269,4.231,4.265,85599.69
2025-08-04 20:00:00+00:00,4.265,4.3,4.261,4.295,47108.95
2025-08-04 21:00:00+00:00,4.294,4.331,4.294,4.312,71767.14
2025-08-04 22:00:00+00:00,4.315,4.338,4.315,4.332,66687.93
2025-08-04 23:00:00+00:00,4.333,4.334,4.307,4.311,22697.65
2025-08-05 00:00:00+00:00,4.311,4.318,4.296,4.305,39198.27
2025-08-05 01:00:00+00:00,4.304,4.311,4.273,4.278,47039.81
2025-08-05 02:00:00+00:00,4.278,4.291,4.268,4.28,83390.8
2025-08-05 03:00:00+00:00,4.28,4.28,4.247,4.253,37548.59
2025-08-05 04:00:00+00:00,4.255,4.273,4.24,4.25,42714.01
2025-08-05 05:00:00+00:00,4.251,4.259,4.232,4.249,29178.87
2025-08-05 06:00:00+00:00,4.248,4.263,4.219,4.231,45804.84
2025-08-05 07:00:00+00:00,4.23,4.237,4.18,4.196,85497.01
2025-08-05 08:00:00+00:00,4.196,4.225,4.187,4.214,88610.97
2025-08-05 09:00:00+00:00,4.215,4.248,4.209,4.24,118215.63
2025-08-05 10:00:00+00:00,4.24,4.284,4.229,4.278,95702.68
2025-08-05 11:00:00+00:00,4.279,4.294,4.272,4.285,72699.1
2025-08-05 12:00:00+00:00,4.285,4.289,4.213,4.244,182505.18
2025-08-05 13:00:00+00:00,4.243,4.304,4.24,4.295,227699.2
2025-08-05 14:00:00+00:00,4.295,4.298,4.207,4.236,160144.7
2025-08-05 15:00:00+00:00,4.235,4.252,4.163,4.179,129462.9
2025-08-05 16:00:00+00:00,4.178,4.222,4.167,4.185,83179.17
2025-08-05 17:00:00+00:00,4.185,4.205,4.173,4.201,44698.35
2025-08-05 18:00:00+00:00,4.2,4.205,4.155,4.183,40400.11
2025-08-05 19:00:00+00:00,4.184,4.199,4.155,4.168,62204.42
2025-08-05 20:00:00+00:00,4.169,4.202,4.168,4.182,50043.37
2025-08-05 21:00:00+00:00,4.181,4.199,4.164,4.17,23520.66
2025-08-05 22:00:00+00:00,4.17,4.202,4.137,4.199,69446.94
2025-08-05 23:00:00+00:00,4.198,4.232,4.195,4.23,83754.75
2025-08-06 00:00:00+00:00,4.231,4.234,4.178,4.184,42768.28
2025-08-06 01:00:00+00:00,4.183,4.199,4.165,4.198,55026.52
2025-08-06 02:00:00+00:00,4.198,4.199,4.169,4.183,26684.26
2025-08-06 03:00:00+00:00,4.184,4.186,4.148,4.149,30465.82
2025-08-06 04:00:00+00:00,4.148,4.163,4.13,4.16,43025.14
2025-08-06 05:00:00+00:00,4.158,4.237,4.146,4.209,95447.18
2025-08-06 06:00:00+00:00,4.209,4.23,4.186,4.225,41212.76
2025-08-06 07:00:00+00:00,4.226,4.247,4.219,4.235,44472.25
2025-08-06 08:00:00+00:00,4.235,4.244,4.197,4.209,62278.38
2025-08-06 09:00:00+00:00,4.21,4.234,4.195,4.203,152025.32
2025-08-06 10:00:00+00:00,4.204,4.211,4.184,4.19,85214.6
2025-08-06 11:00:00+00:00,4.191,4.219,4.184,4.197,33970.68
2025-08-06 12:00:00+00:00,4.198,4.209,4.166,4.176,51818.13
2025-08-06 13:00:00+00:00,4.177,4.206,4.17,4.193,82153.23
2025-08-06 14:00:00+00:00,4.194,4.261,4.187,4.26,128130.76
2025-08-06 15:00:00+00:00,4.261,4.295,4.247,4.294,86005.79
2025-08-06 16:00:00+00:00,4.292,4.308,4.262,4.276,82053.39
2025-08-06 17:00:00+00:00,4.277,4.308,4.264,4.306,45536.6
2025-08-06 18:00:00+00:00,4.307,4.327,4.298,4.3,54164.39
2025-08-06 19:00:00+00:00,4.301,4.317,4.299,4.311,46864.22
2025-08-06 20:00:00+00:00,4.311,4.313,4.287,4.292,24186.06
2025-08-06 21:00:00+00:00,4.291,4.323,4.29,4.322,59117.67
2025-08-06 22:00:00+00:00,4.323,4.341,4.309,4.339,73823.66
2025-08-06 23:00:00+00:00,4.34,4.342,4.321,4.321,39634.62
2025-08-07 00:00:00+00:00,4.321,4.324,4.299,4.309,33380.96
2025-08-07 01:00:00+00:00,4.31,4.336,4.3,4.306,48076.18
2025-08-07 02:00:00+00:00,4.306,4.321,4.3,4.308,38248.86
2025-08-07 03:00:00+00:00,4.308,4.31,4.29,4.294,41749.91
2025-08-07 04:00:00+00:00,4.295,4.327,4.293,4.314,15869.17
2025-08-07 05:00:00+00:00,4.312,4.319,4.295,4.317,27021.86
2025-08-07 06:00:00+00:00,4.317,4.34,4.311,4.318,83893.03
2025-08-07 07:00:00+00:00,4.318,4.332,4.309,4.32,68955.9
2025-08-07 08:00:00+00:00,4.32,4.339,4.316,4.319,62634.54
2025-08-07 09:00:00+00:00,4.319,4.333,4.306,4.332,34351.54
2025-08-07 10:00:00+00:00,4.331,4.399,4.331,4.399,174954.33
2025-08-07 11:00:00+00:00,4.399,4.419,4.395,4.413,77489.08
2025-08-07 12:00:00+00:00,4.413,4.426,4.388,4.411,71174.68
2025-08-07 13:00:00+00:00,4.41,4.429,4.404,4.406,75104.19
2025-08-07 14:00:00+00:00,4.406,4.408,4.377,4.383,67991.69
2025-08-07 15:00:00+00:00,4.384,4.397,4.373,4.389,32885.01
2025-08-07 16:00:00+00:00,4.389,4.396,4.312,4.357,75956.25
2025-08-07 17:00:00+00:00,4.356,4.364,4.346,4.357,37628.55
2025-08-07 18:00:00+00:00,4.357,4.358,4.339,4.354,36327.47
2025-08-07 19:00:00+00:00,4.353,4.394,4.349,4.394,40344.6
2025-08-07 20:00:00+00:00,4.394,4.423,4.392,4.415,33987.95
2025-08-07 21:00:00+00:00,4.416,4.437,4.401,4.42,52243.08
2025-08-07 22:00:00+00:00,4.419,4.453,4.412,4.446,48365.29
2025-08-07 23:00:00+00:00,4.447,4.476,4.432,4.471,95450.27
2025-08-08 00:00:00+00:00,4.471,4.536,4.396,4.473,608057.11
2025-08-08 01:00:00+00:00,4.473,4.521,4.411,4.486,888126.85
2025-08-08 02:00:00+00:00,4.487,4.511,4.466,4.493,54150.83
2025-08-08 03:00:00+00:00,4.493,4.536,4.489,4.501,89173.47
2025-08-08 04:00:00+00:00,4.501,4.508,4.473,4.474,109673.42
2025-08-08 05:00:00+00:00,4.475,4.491,4.459,4.46,33250.6
2025-08-08 06:00:00+00:00,4.461,4.506,4.458,4.501,31504.88
2025-08-08 07:00:00+00:00,4.502,4.548,4.472,4.528,124852.73
2025-08-08 08:00:00+00:00,4.528,4.547,4.509,4.522,81698.34
2025-08-08 09:00:00+00:00,4.521,4.537,4.502,4.527,68226.02
2025-08-08 10:00:00+00:00,4.527,4.548,4.508,4.546,142936.69
2025-08-08 11:00:00+00:00,4.546,4.56,4.53,4.55,107252.0
2025-08-08 12:00:00+00:00,4.55,4.553,4.504,4.529,173893.48
2025-08-08 13:00:00+00:00,4.529,4.651,4.529,4.648,234034.21
2025-08-08 14:00:00+00:00,4.65,4.664,4.574,4.589,169504.33
2025-08-08 15:00:00+00:00,4.59,4.594,4.528,4.549,65871.26
2025-08-08 16:00:00+00:00,4.551,4.564,4.53,4.556,64394.81
2025-08-08 17:00:00+00:00,4.557,4.622,4.556,4.62,48811.19
2025-08-08 18:00:00+00:00,4.621,4.63,4.584,4.588,99883.65
2025-08-08 19:00:00+00:00,4.588,4.594,4.566,4.594,115299.89
2025-08-08 20:00:00+00:00,4.595,4.601,4.566,4.596,62197.73
2025-08-08 21:00:00+00:00,4.596,4.609,4.587,4.598,32427.11
2025-08-08 22:00:00+00:00,4.597,4.61,4.588,4.607,41383.54
2025-08-08 23:00:00+00:00,4.608,4.615,4.593,4.604,30088.8
2025-08-09 00:00:00+00:00,4.605,4.621,4.605,4.612,39953.18
2025-08-09 01:00:00+00:00,4.614,4.621,4.605,4.611,50148.53
2025-08-09 02:00:00+00:00,4.61,4.633,4.604,4.624,80106.19
2025-08-09 03:00:00+00:00,4.624,4.637,4.613,4.622,52873.21
2025-08-09 04:00:00+00:00,4.623,4.646,4.616,4.637,49375.17
2025-08-09 05:00:00+00:00,4.636,4.738,4.632,4.732,258305.77
2025-08-09 06:00:00+00:00,4.731,4.733,4.687,4.695,107779.62
2025-08-09 07:00:00+00:00,4.695,4.722,4.689,4.715,90828.85
2025-08-09 08:00:00+00:00,4.714,4.737,4.705,4.728,82124.36
2025-08-09 09:00:00+00:00,4.728,4.749,4.717,4.745,58740.61
2025-08-09 10:00:00+00:00,4.745,4.762,4.739,4.751,93614.42
2025-08-09 11:00:00+00:00,4.752,4.759,4.738,4.75,77260.34
2025-08-09 12:00:00+00:00,4.751,4.791,4.744,4.785,102283.32
2025-08-09 13:00:00+00:00,4.785,4.789,4.725,4.726,103282.12
2025-08-09 14:00:00+00:00,4.727,4.743,4.703,4.737,92106.48
2025-08-09 15:00:00+00:00,4.736,4.746,4.701,4.726,65196.03
2025-08-09 16:00:00+00:00,4.725,4.75,4.719,4.723,62064.2
2025-08-09 17:00:00+00:00,4.722,4.747,4.717,4.742,30170.56
2025-08-09 18:00:00+00:00,4.741,4.743,4.727,4.74,63067.85
2025-08-09 19:00:00+00:00,4.74,4.755,4.737,4.738,49596.76
2025-08-09 20:00:00+00:00,4.738,4.773,4.73,4.765,81532.78
2025-08-09 21:00:00+00:00,4.766,4.771,4.72,4.737,58371.54
2025-08-09 22:00:00+00:00,4.737,4.758,4.717,4.718,90010.98
2025-08-09 23:00:00+00:00,4.718,4.74,4.711,4.73,61251.98
2025-08-10 00:00:00+00:00,4.729,4.786,4.724,4.774,76565.37
2025-08-10 01:00:00+00:00,4.774,4.782,4.755,4.759,52732.03
2025-08-10 02:00:00+00:00,4.759,4.776,4.732,4.737,75237.81
2025-08-10 03:00:00+00:00,4.736,4.778,4.714,4.774,105713.43
2025-08-10 04:00:00+00:00,4.774,4.803,4.751,4.786,77031.72
2025-08-10 05:00:00+00:00,4.786,4.786,4.72,4.722,55646.03
2025-08-10 06:00:00+00:00,4.722,4.728,4.67,4.698,97064.33
2025-08-10 07:00:00+00:00,4.697,4.707,4.615,4.626,95294.07
2025-08-10 08:00:00+00:00,4.626,4.661,4.572,4.65,77058.74
2025-08-10 09:00:00+00:00,4.649,4.659,4.635,4.644,25596.62
2025-08-10 10:00:00+00:00,4.643,4.652,4.601,4.61,39689.49
2025-08-10 11:00:00+00:00,4.61,4.629,4.6,4.6,58138.42
2025-08-10 12:00:00+00:00,4.602,4.628,4.594,4.622,40090.15
2025-08-10 13:00:00+00:00,4.621,4.632,4.591,4.594,62160.13
2025-08-10 14:00:00+00:00,4.593,4.672,4.582,4.662,70761.76
2025-08-10 15:00:00+00:00,4.661,4.689,4.653,4.662,44966.69
2025-08-10 16:00:00+00:00,4.661,4.686,4.658,4.68,50617.69
2025-08-10 17:00:00+00:00,4.68,4.683,4.655,4.671,50257.42
2025-08-10 18:00:00+00:00,4.672,4.691,4.67,4.688,23678.23
2025-08-10 19:00:00+00:00,4.688,4.702,4.678,4.678,53377.52
2025-08-10 20:00:00+00:00,4.678,4.679,4.649,4.659,75496.74
2025-08-10 21:00:00+00:00,4.658,4.658,4.615,4.649,82914.34
2025-08-10 22:00:00+00:00,4.651,4.658,4.633,4.654,38574.71
2025-08-10 23:00:00+00:00,4.655,4.667,4.641,4.662,30475.41
2025-08-11 00:00:00+00:00,4.662,4.673,4.635,4.642,76442.65
2025-08-11 01:00:00+00:00,4.641,4.712,4.638,4.693,48914.66
2025-08-11 02:00:00+00:00,4.694,4.755,4.692,4.748,139035.99
2025-08-11 03:00:00+00:00,4.748,4.752,4.725,4.749,173182.69
2025-08-11 04:00:00+00:00,4.749,4.776,4.72,4.72,104704.74
2025-08-11 05:00:00+00:00,4.721,4.735,4.709,4.72,99899.8
2025-08-11 06:00:00+00:00,4.72,4.73,4.697,4.704,80362.15
2025-08-11 07:00:00+00:00,4.705,4.715,4.629,4.638,49164.23
2025-08-11 08:00:00+00:00,4.637,4.667,4.625,4.659,41155.68
2025-08-11 09:00:00+00:00,4.66,4.669,4.628,4.637,40207.15
2025-08-11 10:00:00+00:00,4.637,4.638,4.588,4.599,109297.95
2025-08-11 11:00:00+00:00,4.6,4.602,4.483,4.499,194679.74
2025-08-11 12:00:00+00:00,4.499,4.518,4.474,4.496,141877.03
2025-08-11 13:00:00+00:00,4.497,4.555,4.464,4.542,150048.92
2025-08-11 14:00:00+00:00,4.541,4.622,4.541,4.571,167181.84
2025-08-11 15:00:00+00:00,4.572,4.6,4.546,4.6,68544.64
2025-08-11 16:00:00+00:00,4.6,4.655,4.572,4.592,115851.48
2025-08-11 17:00:00+00:00,4.591,4.604,4.56,4.575,52411.65
2025-08-11 18:00:00+00:00,4.577,4.582,4.54,4.571,45411.03
2025-08-11 19:00:00+00:00,4.57,4.573,4.515,4.541,46140.76
2025-08-11 20:00:00+00:00,4.54,4.541,4.517,4.532,35527.96
2025-08-11 21:00:00+00:00,4.531,4.548,4.472,4.498,68353.06
2025-08-11 22:00:00+00:00,4.497,4.499,4.45,4.485,72080.12
2025-08-11 23:00:00+00:00,4.485,4.5,4.477,4.487,31594.17
2025-08-12 00:00:00+00:00,4.486,4.522,4.472,4.513,83909.37
2025-08-12 01:00:00+00:00,4.512,4.532,4.506,4.521,25906.26
2025-08-12 02:00:00+00:00,4.521,4.551,4.513,4.527,52081.36
2025-08-12 03:00:00+00:00,4.528,4.532,4.509,4.514,20980.14
2025-08-12 04:00:00+00:00,4.514,4.542,4.508,4.53,27017.74
2025-08-12 05:00:00+00:00,4.529,4.529,4.487,4.499,36961.13
2025-08-12 06:00:00+00:00,4.499,4.511,4.464,4.487,43239.0
2025-08-12 07:00:00+00:00,4.488,4.535,4.485,4.535,33418.97
2025-08-12 08:00:00+00:00,4.536,4.547,4.509,4.513,45579.56
2025-08-12 09:00:00+00:00,4.513,4.519,4.492,4.493,45043.7
2025-08-12 10:00:00+00:00,4.494,4.504,4.471,4.487,53745.7
2025-08-12 11:00:00+00:00,4.488,4.545,4.466,4.539,103303.88
2025-08-12 12:00:00+00:00,4.54,4.611,4.508,4.567,280701.41
2025-08-12 13:00:00+00:00,4.568,4.58,4.513,4.532,176554.73
2025-08-12 14:00:00+00:00,4.532,4.59,4.525,4.58,71831.43
2025-08-12 15:00:00+00:00,4.579,4.632,4.576,4.631,108988.23
2025-08-12 16:00:00+00:00,4.631,4.663,4.613,4.662,114686.71
2025-08-12 17:00:00+00:00,4.663,4.703,4.661,4.678,137003.34
2025-08-12 18:00:00+00:00,4.68,4.742,4.68,4.718,145197.83
2025-08-12 19:00:00+00:00,4.719,4.736,4.708,4.729,81513.74
2025-08-12 20:00:00+00:00,4.728,4.795,4.728,4.768,142988.48
2025-08-12 21:00:00+00:00,4.768,4.769,4.726,4.732,79384.36
2025-08-12 22:00:00+00:00,4.734,4.741,4.709,4.715,75893.69
2025-08-12 23:00:00+00:00,4.715,4.721,4.693,4.706,55619.41
2025-08-13 00:00:00+00:00,4.706,4.736,4.706,4.715,64749.02
2025-08-13 01:00:00+00:00,4.716,4.716,4.664,4.671,77874.22
2025-08-13 02:00:00+00:00,4.671,4.718,4.656,4.718,42449.0
2025-08-13 03:00:00+00:00,4.717,4.762,4.709,4.75,82193.46
2025-08-13 04:00:00+00:00,4.749,4.769,4.729,4.74,111311.59
2025-08-13 05:00:00+00:00,4.739,4.744,4.693,4.694,40250.75
2025-08-13 06:00:00+00:00,4.693,4.718,4.679,4.7,46735.02
2025-08-13 07:00:00+00:00,4.699,4.736,4.699,4.734,39857.73
2025-08-13 08:00:00+00:00,4.733,4.778,4.731,4.776,97898.89
2025-08-13 09:00:00+00:00,4.777,4.834,4.774,4.828,243071.55
2025-08-13 10:00:00+00:00,4.828,4.855,4.821,4.833,130362.95
2025-08-13 11:00:00+00:00,4.833,4.835,4.806,4.82,92960.24
2025-08-13 12:00:00+00:00,4.82,4.836,4.789,4.79,103557.0
2025-08-13 13:00:00+00:00,4.791,4.882,4.791,4.844,258769.18
2025-08-13 14:00:00+00:00,4.845,4.86,4.782,4.809,267867.02
2025-08-13 15:00:00+00:00,4.811,4.85,4.783,4.828,178216.13
2025-08-13 16:00:00+00:00,4.827,4.861,4.811,4.823,101235.1
2025-08-13 17:00:00+00:00,4.822,4.862,4.816,4.834,85251.43
2025-08-13 18:00:00+00:00,4.833,4.842,4.784,4.797,125220.7
2025-08-13 19:00:00+00:00,4.797,4.812,4.779,4.808,73706.19
2025-08-13 20:00:00+00:00,4.808,4.819,4.773,4.813,75016.66
2025-08-13 21:00:00+00:00,4.814,4.84,4.808,4.83,66940.14
2025-08-13 22:00:00+00:00,4.83,4.892,4.821,4.875,140077.7
2025-08-13 23:00:00+00:00,4.874,4.891,4.847,4.853,79507.06
2025-08-14 00:00:00+00:00,4.854,4.889,4.83,4.84,133845.3
2025-08-14 01:00:00+00:00,4.84,4.895,4.812,4.884,97937.47
2025-08-14 02:00:00+00:00,4.883,4.915,4.861,4.914,78870.04
2025-08-14 03:00:00+00:00,4.913,4.916,4.889,4.898,86833.61
2025-08-14 04:00:00+00:00,4.898,4.904,4.86,4.862,71347.54
2025-08-14 05:00:00+00:00,4.862,4.876,4.826,4.836,79706.37
2025-08-14 06:00:00+00:00,4.836,4.841,4.782,4.833,96039.32
2025-08-14 07:00:00+00:00,4.833,4.837,4.775,4.792,76217.82
2025-08-14 08:00:00+00:00,4.792,4.792,4.738,4.757,68122.07
2025-08-14 09:00:00+00:00,4.757,4.786,4.736,4.782,70020.51
2025-08-14 10:00:00+00:00,4.781,4.781,4.704,4.739,102918.15
2025-08-14 11:00:00+00:00,4.738,4.747,4.721,4.729,59400.11
2025-08-14 12:00:00+00:00,4.73,4.758,4.457,4.546,936453.3
2025-08-14 13:00:00+00:00,4.545,4.645,4.478,4.61,504377.04
2025-08-14 14:00:00+00:00,4.61,4.657,4.593,4.62,164743.33
2025-08-14 15:00:00+00:00,4.624,4.641,4.581,4.594,98319.72
2025-08-14 16:00:00+00:00,4.592,4.592,4.512,4.525,145391.23
2025-08-14 17:00:00+00:00,4.524,4.544,4.49,4.535,88553.22
2025-08-14 18:00:00+00:00,4.534,4.543,4.472,4.532,96001.64
2025-08-14 19:00:00+00:00,4.533,4.556,4.522,4.526,40603.41
2025-08-14 20:00:00+00:00,4.525,4.531,4.499,4.523,43728.29
2025-08-14 21:00:00+00:00,4.522,4.522,4.432,4.474,108491.43
2025-08-14 22:00:00+00:00,4.474,4.508,4.456,4.506,50852.41
2025-08-14 23:00:00+00:00,4.505,4.531,4.503,4.521,28065.57
2025-08-15 00:00:00+00:00,4.521,4.544,4.499,4.518,105213.95
2025-08-15 01:00:00+00:00,4.519,4.547,4.513,4.536,47671.36
2025-08-15 02:00:00+00:00,4.535,4.543,4.527,4.532,39262.89
2025-08-15 03:00:00+00:00,4.533,4.582,4.526,4.576,38034.6
2025-08-15 04:00:00+00:00,4.574,4.594,4.562,4.566,46109.74
2025-08-15 05:00:00+00:00,4.565,4.579,4.553,4.579,30663.34
2025-08-15 06:00:00+00:00,4.578,4.628,4.577,4.606,49043.9
2025-08-15 07:00:00+00:00,4.606,4.606,4.576,4.592,32068.29
2025-08-15 08:00:00+00:00,4.592,4.598,4.561,4.563,40230.51
2025-08-15 09:00:00+00:00,4.564,4.572,4.504,4.517,90022.96
2025-08-15 10:00:00+00:00,4.517,4.537,4.489,4.499,240999.18
2025-08-15 11:00:00+00:00,4.498,4.507,4.479,4.494,81970.51
2025-08-15 12:00:00+00:00,4.494,4.539,4.465,4.485,175003.91
2025-08-15 13:00:00+00:00,4.484,4.49,4.412,4.431,246208.24
2025-08-15 14:00:00+00:00,4.43,4.458,4.388,4.405,143021.19
2025-08-15 15:00:00+00:00,4.405,4.411,4.336,4.357,223142.87
2025-08-15 16:00:00+00:00,4.356,4.396,4.331,4.389,108416.69
2025-08-15 17:00:00+00:00,4.39,4.427,4.365,4.41,92061.36
2025-08-15 18:00:00+00:00,4.409,4.422,4.381,4.394,79801.18
2025-08-15 19:00:00+00:00,4.395,4.423,4.38,4.397,45526.71
2025-08-15 20:00:00+00:00,4.397,4.428,4.386,4.423,61157.29
2025-08-15 21:00:00+00:00,4.423,4.436,4.406,4.436,54858.41
2025-08-15 22:00:00+00:00,4.437,4.485,4.429,4.482,56575.35
2025-08-15 23:00:00+00:00,4.481,4.487,4.437,4.461,34186.32
2025-08-16 00:00:00+00:00,4.459,4.49,4.447,4.483,29877.48
2025-08-16 01:00:00+00:00,4.483,4.49,4.469,4.481,30376.62
2025-08-16 02:00:00+00:00,4.481,4.491,4.468,4.473,23736.05
2025-08-16 03:00:00+00:00,4.474,4.487,4.465,4.469,16255.05
2025-08-16 04:00:00+00:00,4.469,4.484,4.463,4.483,18581.87
2025-08-16 05:00:00+00:00,4.483,4.483,4.453,4.454,26436.64
2025-08-16 06:00:00+00:00,4.455,4.465,4.448,4.458,52746.22
2025-08-16 07:00:00+00:00,4.458,4.508,4.457,4.504,106377.05
2025-08-16 08:00:00+00:00,4.503,4.513,4.498,4.498,27294.97
2025-08-16 09:00:00+00:00,4.498,4.517,4.473,4.473,37703.49
2025-08-16 10:00:00+00:00,4.472,4.491,4.456,4.478,65192.83
2025-08-16 11:00:00+00:00,4.478,4.502,4.467,4.469,21794.73
2025-08-16 12:00:00+00:00,4.469,4.501,4.462,4.496,53636.06
2025-08-16 13:00:00+00:00,4.495,4.542,4.494,4.499,97611.12
2025-08-16 14:00:00+00:00,4.5,4.555,4.497,4.548,82892.13
2025-08-16 15:00:00+00:00,4.548,4.6,4.547,4.593,91500.35
2025-08-16 16:00:00+00:00,4.592,4.603,4.561,4.568,72284.9
2025-08-16 17:00:00+00:00,4.568,4.574,4.543,4.552,52030.05
2025-08-16 18:00:00+00:00,4.552,4.565,4.543,4.553,26745.35
2025-08-16 19:00:00+00:00,4.553,4.574,4.552,4.558,25332.49
2025-08-16 20:00:00+00:00,4.557,4.579,4.554,4.572,30285.66
2025-08-16 21:00:00+00:00,4.572,4.574,4.545,4.546,28563.81
2025-08-16 22:00:00+00:00,4.548,4.598,4.545,4.592,36370.67
2025-08-16 23:00:00+00:00,4.591,4.591,4.562,4.571,13611.43
2025-08-17 00:00:00+00:00,4.572,4.575,4.555,4.563,14640.42
2025-08-17 01:00:00+00:00,4.562,4.562,4.542,4.553,24592.2
2025-08-17 02:00:00+00:00,4.554,4.571,4.541,4.571,16294.55
2025-08-17 03:00:00+00:00,4.572,4.582,4.558,4.576,31241.34
2025-08-17 04:00:00+00:00,4.575,4.614,4.573,4.612,75556.39
2025-08-17 05:00:00+00:00,4.612,4.636,4.612,4.628,45942.83
2025-08-17 06:00:00+00:00,4.628,4.669,4.614,4.615,87913.3
2025-08-17 07:00:00+00:00,4.616,4.643,4.616,4.638,39003.55
2025-08-17 08:00:00+00:00,4.639,4.683,4.638,4.677,76933.78
2025-08-17 09:00:00+00:00,4.677,4.691,4.658,4.691,75493.09
2025-08-17 10:00:00+00:00,4.69,4.697,4.666,4.67,44485.43
2025-08-17 11:00:00+00:00,4.67,4.676,4.654,4.676,37034.72
2025-08-17 12:00:00+00:00,4.676,4.681,4.652,4.654,35176.13
2025-08-17 13:00:00+00:00,4.655,4.679,4.646,4.662,44465.81
2025-08-17 14:00:00+00:00,4.663,4.7,4.659,4.689,57309.17
2025-08-17 15:00:00+00:00,4.688,4.731,4.688,4.728,94857.93
2025-08-17 16:00:00+00:00,4.729,4.758,4.68,4.69,126757.93
2025-08-17 17:00:00+00:00,4.692,4.696,4.671,4.68,44888.99
2025-08-17 18:00:00+00:00,4.681,4.689,4.61,4.655,97856.27
2025-08-17 19:00:00+00:00,4.655,4.672,4.625,4.63,73067.31
2025-08-17 20:00:00+00:00,4.629,4.653,4.624,4.633,66908.63
2025-08-17 21:00:00+00:00,4.632,4.636,4.615,4.627,57243.98
2025-08-17 22:00:00+00:00,4.626,4.67,4.622,4.661,37896.58
2025-08-17 23:00:00+00:00,4.661,4.662,4.62,4.622,37076.21
2025-08-18 00:00:00+00:00,4.621,4.628,4.595,4.611,84503.47
2025-08-18 01:00:00+00:00,4.611,4.616,4.54,4.548,92677.41
2025-08-18 02:00:00+00:00,4.548,4.555,4.463,4.466,162321.08
2025-08-18 03:00:00+00:00,4.465,4.481,4.426,4.472,101756.06
2025-08-18 04:00:00+00:00,4.471,4.506,4.456,4.5,41075.4
2025-08-18 05:00:00+00:00,4.5,4.506,4.445,4.474,44393.8
2025-08-18 06:00:00+00:00,4.474,4.474,4.38,4.401,130243.09
2025-08-18 07:00:00+00:00,4.4,4.428,4.395,4.404,73749.19
2025-08-18 08:00:00+00:00,4.403,4.44,4.394,4.396,126306.24
2025-08-18 09:00:00+00:00,4.396,4.445,4.383,4.433,91623.38
2025-08-18 10:00:00+00:00,4.434,4.437,4.419,4.423,94955.2
2025-08-18 11:00:00+00:00,4.422,4.438,4.42,4.428,56552.01
2025-08-18 12:00:00+00:00,4.427,4.492,4.421,4.492,50651.96
2025-08-18 13:00:00+00:00,4.493,4.501,4.434,4.434,188186.79
2025-08-18 14:00:00+00:00,4.435,4.467,4.423,4.467,94724.16
2025-08-18 15:00:00+00:00,4.468,4.474,4.431,4.47,61509.01
2025-08-18 16:00:00+00:00,4.469,4.484,4.429,4.433,52843.46
2025-08-18 17:00:00+00:00,4.433,4.513,4.43,4.48,67003.51
2025-08-18 18:00:00+00:00,4.479,4.508,4.463,4.504,34200.1
2025-08-18 19:00:00+00:00,4.506,4.517,4.48,4.489,31125.47
2025-08-18 20:00:00+00:00,4.488,4.497,4.455,4.476,38288.36
2025-08-18 21:00:00+00:00,4.476,4.509,4.474,4.502,39397.79
2025-08-18 22:00:00+00:00,4.503,4.538,4.5,4.5,38020.64
2025-08-18 23:00:00+00:00,4.5,4.508,4.456,4.463,54319.21
2025-08-19 00:00:00+00:00,4.464,4.494,4.407,4.493,116204.35
2025-08-19 01:00:00+00:00,4.493,4.51,4.437,4.446,49026.33
2025-08-19 02:00:00+00:00,4.447,4.454,4.421,4.431,19104.66
2025-08-19 03:00:00+00:00,4.432,4.433,4.353,4.37,148100.22
2025-08-19 04:00:00+00:00,4.369,4.407,4.339,4.407,110866.71
2025-08-19 05:00:00+00:00,4.407,4.416,4.385,4.399,38059.07
2025-08-19 06:00:00+00:00,4.398,4.399,4.377,4.382,39702.42
2025-08-19 07:00:00+00:00,4.383,4.389,4.358,4.387,46400.78
2025-08-19 08:00:00+00:00,4.387,4.398,4.333,4.382,144464.09
2025-08-19 09:00:00+00:00,4.382,4.429,4.381,4.413,77845.08
2025-08-19 10:00:00+00:00,4.413,4.439,4.408,4.429,43502.82
2025-08-19 11:00:00+00:00,4.429,4.445,4.419,4.441,42111.89
2025-08-19 12:00:00+00:00,4.442,4.442,4.401,4.413,48738.44
2025-08-19 13:00:00+00:00,4.412,4.443,4.373,4.402,116538.27
2025-08-19 14:00:00+00:00,4.403,4.416,4.322,4.342,174077.05
2025-08-19 15:00:00+00:00,4.343,4.383,4.32,4.339,98289.02
2025-08-19 16:00:00+00:00,4.34,4.348,4.306,4.323,81635.54
2025-08-19 17:00:00+00:00,4.322,4.349,4.301,4.34,63675.0
2025-08-19 18:00:00+00:00,4.338,4.349,4.288,4.303,144437.25
2025-08-19 19:00:00+00:00,4.301,4.337,4.277,4.311,79756.29
2025-08-19 20:00:00+00:00,4.312,4.34,4.297,4.34,29364.72
2025-08-19 21:00:00+00:00,4.341,4.349,4.327,4.343,24731.95
2025-08-19 22:00:00+00:00,4.342,4.348,4.32,4.331,23621.69
2025-08-19 23:00:00+00:00,4.33,4.33,4.283,4.291,66254.14
2025-08-20 00:00:00+00:00,4.291,4.322,4.287,4.311,40452.46
2025-08-20 01:00:00+00:00,4.312,4.322,4.267,4.315,79561.25
2025-08-20 02:00:00+00:00,4.315,4.337,4.31,4.319,46772.84
2025-08-20 03:00:00+00:00,4.319,4.352,4.306,4.329,33660.21
2025-08-20 04:00:00+00:00,4.329,4.364,4.329,4.355,28839.37
2025-08-20 05:00:00+00:00,4.356,4.365,4.336,4.365,22552.56
2025-08-20 06:00:00+00:00,4.364,4.366,4.333,4.346,26822.42
2025-08-20 07:00:00+00:00,4.347,4.369,4.338,4.342,23833.79
2025-08-20 08:00:00+00:00,4.34,4.388,4.338,4.386,42757.79
2025-08-20 09:00:00+00:00,4.387,4.387,4.367,4.371,21051.87
2025-08-20 10:00:00+00:00,4.371,4.387,4.363,4.378,14518.84
2025-08-20 11:00:00+00:00,4.379,4.383,4.317,4.368,56979.45
2025-08-20 12:00:00+00:00,4.369,4.396,4.363,4.373,71278.41
2025-08-20 13:00:00+00:00,4.373,4.376,4.303,4.316,107812.46
2025-08-20 14:00:00+00:00,4.316,4.401,4.29,4.384,134271.46
2025-08-20 15:00:00+00:00,4.383,4.452,4.378,4.422,132124.45
2025-08-20 16:00:00+00:00,4.422,4.473,4.422,4.442,71081.7
2025-08-20 17:00:00+00:00,4.442,4.483,4.442,4.466,35501.58
2025-08-20 18:00:00+00:00,4.465,4.467,4.413,4.445,87759.55
2025-08-20 19:00:00+00:00,4.445,4.5,4.44,4.495,55832.24
2025-08-20 20:00:00+00:00,4.496,4.501,4.483,4.489,48588.19
2025-08-20 21:00:00+00:00,4.489,4.502,4.47,4.49,44209.67
2025-08-20 22:00:00+00:00,4.491,4.507,4.482,4.494,30836.35
2025-08-20 23:00:00+00:00,4.494,4.495,4.467,4.472,19490.54
2025-08-21 00:00:00+00:00,4.473,4.479,4.456,4.477,19302.84
2025-08-21 01:00:00+00:00,4.477,4.501,4.461,4.501,22107.6
2025-08-21 02:00:00+00:00,4.501,4.506,4.454,4.464,42232.42
2025-08-21 03:00:00+00:00,4.464,4.513,4.464,4.485,34774.81
2025-08-21 04:00:00+00:00,4.485,4.489,4.467,4.481,19354.91
2025-08-21 05:00:00+00:00,4.48,4.502,4.473,4.5,50512.78
2025-08-21 06:00:00+00:00,4.5,4.5,4.474,4.481,49577.33
2025-08-21 07:00:00+00:00,4.48,4.489,4.448,4.486,36988.51
2025-08-21 08:00:00+00:00,4.486,4.491,4.464,4.464,53413.07
2025-08-21 09:00:00+00:00,4.465,4.479,4.444,4.463,58290.5
2025-08-21 10:00:00+00:00,4.463,4.498,4.456,4.494,66001.32
2025-08-21 11:00:00+00:00,4.493,4.512,4.474,4.488,65024.96
2025-08-21 12:00:00+00:00,4.487,4.495,4.458,4.465,45172.41
2025-08-21 13:00:00+00:00,4.463,4.519,4.457,4.466,139084.15
2025-08-21 14:00:00+00:00,4.467,4.519,4.459,4.483,138039.55
2025-08-21 15:00:00+00:00,4.483,4.509,4.463,4.469,111524.01
2025-08-21 16:00:00+00:00,4.47,4.497,4.418,4.421,104237.11
2025-08-21 17:00:00+00:00,4.422,4.443,4.401,4.438,72935.2
2025-08-21 18:00:00+00:00,4.438,4.476,4.429,4.471,54157.52
2025-08-21 19:00:00+00:00,4.47,4.496,4.432,4.445,65842.22
2025-08-21 20:00:00+00:00,4.446,4.467,4.408,4.452,73554.05
2025-08-21 21:00:00+00:00,4.452,4.48,4.424,4.48,57269.6
2025-08-21 22:00:00+00:00,4.48,4.497,4.473,4.473,43733.41
2025-08-21 23:00:00+00:00,4.474,4.474,4.414,4.429,64246.01
2025-08-22 00:00:00+00:00,4.43,4.452,4.415,4.427,53845.48
2025-08-22 01:00:00+00:00,4.425,4.442,4.401,4.436,30825.64
2025-08-22 02:00:00+00:00,4.436,4.484,4.431,4.448,45416.7
2025-08-22 03:00:00+00:00,4.449,4.462,4.413,4.423,53481.67
2025-08-22 04:00:00+00:00,4.424,4.456,4.416,4.425,32414.25
2025-08-22 05:00:00+00:00,4.425,4.438,4.413,4.428,62519.23
2025-08-22 06:00:00+00:00,4.427,4.444,4.391,4.402,42997.76
2025-08-22 07:00:00+00:00,4.402,4.445,4.4,4.439,51945.96
2025-08-22 08:00:00+00:00,4.439,4.471,4.436,4.443,69951.27
2025-08-22 09:00:00+00:00,4.443,4.451,4.421,4.442,55804.08
2025-08-22 10:00:00+00:00,4.442,4.442,4.412,4.42,42422.56
2025-08-22 11:00:00+00:00,4.42,4.423,4.37,4.37,87797.31
2025-08-22 12:00:00+00:00,4.371,4.374,4.296,4.336,176047.89
2025-08-22 13:00:00+00:00,4.337,4.405,4.328,4.369,353710.53
2025-08-22 14:00:00+00:00,4.371,4.598,4.371,4.584,942693.74
2025-08-22 15:00:00+00:00,4.584,4.663,4.584,4.626,219182.98
2025-08-22 16:00:00+00:00,4.627,4.725,4.627,4.694,260996.7
2025-08-22 17:00:00+00:00,4.695,4.755,4.69,4.708,176925.25
2025-08-22 18:00:00+00:00,4.709,4.729,4.682,4.709,238022.16
2025-08-22 19:00:00+00:00,4.71,4.771,4.705,4.761,138742.23
2025-08-22 20:00:00+00:00,4.762,4.808,4.762,4.806,201800.77
2025-08-22 21:00:00+00:00,4.807,4.852,4.8,4.845,235342.43
2025-08-22 22:00:00+00:00,4.845,4.854,4.808,4.814,134136.93
2025-08-22 23:00:00+00:00,4.813,4.838,4.799,4.819,81181.22
2025-08-23 00:00:00+00:00,4.82,4.84,4.778,4.783,255981.0
2025-08-23 01:00:00+00:00,4.784,4.793,4.729,4.763,125044.55
2025-08-23 02:00:00+00:00,4.764,4.773,4.673,4.714,165098.8
2025-08-23 03:00:00+00:00,4.714,4.729,4.7,4.711,70248.05
2025-08-23 04:00:00+00:00,4.711,4.81,4.711,4.809,173151.24
2025-08-23 05:00:00+00:00,4.809,4.85,4.795,4.847,114893.86
2025-08-23 06:00:00+00:00,4.846,4.85,4.818,4.828,107906.64
2025-08-23 07:00:00+00:00,4.827,4.843,4.804,4.815,84560.49
2025-08-23 08:00:00+00:00,4.817,4.838,4.805,4.827,81978.58
2025-08-23 09:00:00+00:00,4.827,4.851,4.809,4.848,134576.24
2025-08-23 10:00:00+00:00,4.847,4.853,4.819,4.824,58095.1
2025-08-23 11:00:00+00:00,4.823,4.848,4.82,4.835,81885.56
2025-08-23 12:00:00+00:00,4.836,4.882,4.822,4.846,124357.29
2025-08-23 13:00:00+00:00,4.847,4.872,4.833,4.845,79741.98
2025-08-23 14:00:00+00:00,4.846,4.905,4.838,4.891,215659.74
2025-08-23 15:00:00+00:00,4.892,4.914,4.871,4.885,145772.48
2025-08-23 16:00:00+00:00,4.883,4.885,4.859,4.884,83395.06
2025-08-23 17:00:00+00:00,4.883,4.911,4.858,4.871,145513.46
2025-08-23 18:00:00+00:00,4.873,4.882,4.862,4.875,49215.27
2025-08-23 19:00:00+00:00,4.875,4.932,4.872,4.929,78312.02
2025-08-23 20:00:00+00:00,4.93,4.934,4.879,4.906,148397.07
2025-08-23 21:00:00+00:00,4.906,4.91,4.865,4.872,54607.5
2025-08-23 22:00:00+00:00,4.873,4.896,4.873,4.892,31612.55
2025-08-23 23:00:00+00:00,4.892,4.904,4.885,4.89,20802.64
2025-08-24 00:00:00+00:00,4.89,4.903,4.87,4.877,53387.42
2025-08-24 01:00:00+00:00,4.875,4.875,4.836,4.838,54720.15
2025-08-24 02:00:00+00:00,4.837,4.853,4.827,4.834,24524.65
2025-08-24 03:00:00+00:00,4.833,4.833,4.81,4.829,34718.24
2025-08-24 04:00:00+00:00,4.829,4.831,4.808,4.815,53208.88
2025-08-24 05:00:00+00:00,4.814,4.814,4.775,4.78,28502.58
2025-08-24 06:00:00+00:00,4.779,4.78,4.722,4.723,56947.58
2025-08-24 07:00:00+00:00,4.724,4.76,4.724,4.731,27545.0
2025-08-24 08:00:00+00:00,4.732,4.747,4.717,4.743,28078.75
2025-08-24 09:00:00+00:00,4.742,4.749,4.72,4.735,37078.54
2025-08-24 10:00:00+00:00,4.735,4.737,4.658,4.666,202149.79
2025-08-24 11:00:00+00:00,4.665,4.684,4.654,4.665,49509.47
2025-08-24 12:00:00+00:00,4.665,4.697,4.661,4.693,34297.43
2025-08-24 13:00:00+00:00,4.693,4.696,4.674,4.68,36826.21
2025-08-24 14:00:00+00:00,4.679,4.703,4.664,4.697,54026.78
2025-08-24 15:00:00+00:00,4.697,4.738,4.685,4.693,94563.96
2025-08-24 16:00:00+00:00,4.692,4.706,4.679,4.7,50815.53
2025-08-24 17:00:00+00:00,4.701,4.785,4.701,4.772,97684.33
2025-08-24 18:00:00+00:00,4.772,4.913,4.761,4.906,204072.97
2025-08-24 19:00:00+00:00,4.906,4.971,4.721,4.806,669174.91
2025-08-24 20:00:00+00:00,4.807,4.822,4.703,4.78,264592.86
2025-08-24 21:00:00+00:00,4.78,4.863,4.752,4.829,286427.77
2025-08-24 22:00:00+00:00,4.828,4.83,4.745,4.812,76867.12
2025-08-24 23:00:00+00:00,4.812,4.838,4.781,4.791,47543.06
2025-08-25 00:00:00+00:00,4.791,4.819,4.711,4.757,117861.13
2025-08-25 01:00:00+00:00,4.758,4.795,4.741,4.769,59544.86
2025-08-25 02:00:00+00:00,4.769,4.843,4.769,4.841,75202.21
2025-08-25 03:00:00+00:00,4.841,4.85,4.805,4.817,47818.15
2025-08-25 04:00:00+00:00,4.818,4.828,4.777,4.777,77207.32
2025-08-25 05:00:00+00:00,4.777,4.79,4.711,4.712,140768.97
2025-08-25 06:00:00+00:00,4.712,4.714,4.616,4.636,499405.59
2025-08-25 07:00:00+00:00,4.637,4.654,4.534,4.552,355387.34
2025-08-25 08:00:00+00:00,4.551,4.595,4.519,4.578,158379.13
2025-08-25 09:00:00+00:00,4.577,4.59,4.541,4.562,79781.35
2025-08-25 10:00:00+00:00,4.562,4.562,4.494,4.518,120932.49
2025-08-25 11:00:00+00:00,4.519,4.572,4.519,4.572,52839.13
2025-08-25 12:00:00+00:00,4.572,4.582,4.558,4.579,113703.35
2025-08-25 13:00:00+00:00,4.578,4.657,4.557,4.624,219409.84
2025-08-25 14:00:00+00:00,4.624,4.67,4.619,4.639,134156.88
2025-08-25 15:00:00+00:00,4.639,4.66,4.607,4.615,118951.88
2025-08-25 16:00:00+00:00,4.615,4.623,4.576,4.577,154153.28
2025-08-25 17:00:00+00:00,4.577,4.58,4.542,4.572,123236.33
2025-08-25 18:00:00+00:00,4.573,4.602,4.554,4.594,165169.79
2025-08-25 19:00:00+00:00,4.593,4.598,4.496,4.504,243687.74
2025-08-25 20:00:00+00:00,4.504,4.525,4.397,4.4,598052.34
2025-08-25 21:00:00+00:00,4.4,4.448,4.389,4.41,244166.83
2025-08-25 22:00:00+00:00,4.411,4.466,4.408,4.437,82110.3
2025-08-25 23:00:00+00:00,4.435,4.437,4.397,4.414,83099.39
2025-08-26 00:00:00+00:00,4.414,4.441,4.388,4.414,149184.17
2025-08-26 01:00:00+00:00,4.414,4.484,4.401,4.482,79259.86
2025-08-26 02:00:00+00:00,4.482,4.508,4.463,4.481,49260.48
2025-08-26 03:00:00+00:00,4.48,4.498,4.466,4.466,25782.58
2025-08-26 04:00:00+00:00,4.467,4.491,4.464,4.474,58403.81
2025-08-26 05:00:00+00:00,4.474,4.487,4.464,4.464,47648.95
2025-08-26 06:00:00+00:00,4.464,4.483,4.421,4.429,53465.15
2025-08-26 07:00:00+00:00,4.43,4.484,4.425,4.463,56323.33
2025-08-26 08:00:00+00:00,4.462,4.472,4.443,4.458,56971.22
2025-08-26 09:00:00+00:00,4.456,4.478,4.452,4.46,56545.27
2025-08-26 10:00:00+00:00,4.46,4.484,4.449,4.468,52224.74
2025-08-26 11:00:00+00:00,4.468,4.479,4.446,4.473,113596.94
2025-08-26 12:00:00+00:00,4.473,4.575,4.46,4.514,326904.21
2025-08-26 13:00:00+00:00,4.513,4.515,4.389,4.438,329881.95
2025-08-26 14:00:00+00:00,4.437,4.496,4.409,4.483,209856.02
2025-08-26 15:00:00+00:00,4.482,4.496,4.435,4.45,95708.64
2025-08-26 16:00:00+00:00,4.449,4.481,4.446,4.481,49792.92
2025-08-26 17:00:00+00:00,4.481,4.484,4.438,4.453,27208.0
2025-08-26 18:00:00+00:00,4.454,4.502,4.453,4.497,33882.53
2025-08-26 19:00:00+00:00,4.497,4.571,4.484,4.564,79523.09
2025-08-26 20:00:00+00:00,4.563,4.583,4.542,4.554,76523.71
2025-08-26 21:00:00+00:00,4.554,4.557,4.529,4.557,36540.61
2025-08-26 22:00:00+00:00,4.558,4.563,4.538,4.549,30029.45
2025-08-26 23:00:00+00:00,4.549,4.564,4.52,4.526,46864.67
2025-08-27 00:00:00+00:00,4.526,4.532,4.503,4.509,27608.74
2025-08-27 01:00:00+00:00,4.509,4.509,4.486,4.505,43034.08
2025-08-27 02:00:00+00:00,4.505,4.53,4.481,4.523,26447.01
2025-08-27 03:00:00+00:00,4.522,4.559,4.502,4.546,45663.11
2025-08-27 04:00:00+00:00,4.546,4.573,4.54,4.567,39712.73
2025-08-27 05:00:00+00:00,4.567,4.573,4.538,4.544,42299.72
2025-08-27 06:00:00+00:00,4.544,4.546,4.519,4.52,40625.39
2025-08-27 07:00:00+00:00,4.52,4.522,4.491,4.498,32965.41
2025-08-27 08:00:00+00:00,4.499,4.506,4.473,4.503,52234.69
2025-08-27 09:00:00+00:00,4.502,4.52,4.497,4.499,59642.91
2025-08-27 10:00:00+00:00,4.499,4.512,4.487,4.489,30182.63
2025-08-27 11:00:00+00:00,4.489,4.52,4.487,4.515,36470.64
2025-08-27 12:00:00+00:00,4.516,4.527,4.486,4.512,35938.49
2025-08-27 13:00:00+00:00,4.512,4.541,4.483,4.5,63517.76
2025-08-27 14:00:00+00:00,4.501,4.576,4.493,4.542,114330.11
2025-08-27 15:00:00+00:00,4.543,4.571,4.533,4.554,59502.64
2025-08-27 16:00:00+00:00,4.555,4.558,4.518,4.541,35281.9
2025-08-27 17:00:00+00:00,4.54,4.568,4.524,4.563,35158.07
2025-08-27 18:00:00+00:00,4.564,4.586,4.549,4.549,68495.69
2025-08-27 19:00:00+00:00,4.551,4.557,4.507,4.541,67963.76
2025-08-27 20:00:00+00:00,4.542,4.592,4.495,4.586,276574.73
2025-08-27 21:00:00+00:00,4.585,4.599,4.528,4.535,78113.39
2025-08-27 22:00:00+00:00,4.536,4.538,4.494,4.521,62571.18
2025-08-27 23:00:00+00:00,4.521,4.523,4.487,4.491,27751.08
2025-08-28 00:00:00+00:00,4.491,4.513,4.461,4.495,57788.77
2025-08-28 01:00:00+00:00,4.496,4.541,4.493,4.537,36755.54
2025-08-28 02:00:00+00:00,4.536,4.564,4.526,4.534,30764.01
2025-08-28 03:00:00+00:00,4.535,4.564,4.529,4.559,33697.65
2025-08-28 04:00:00+00:00,4.56,4.578,4.542,4.572,63063.3
2025-08-28 05:00:00+00:00,4.573,4.586,4.557,4.569,38266.57
2025-08-28 06:00:00+00:00,4.569,4.57,4.552,4.569,15679.15
2025-08-28 07:00:00+00:00,4.57,4.573,4.547,4.571,33764.5
2025-08-28 08:00:00+00:00,4.571,4.6,4.571,4.58,72982.89
2025-08-28 09:00:00+00:00,4.581,4.581,4.547,4.558,41440.53
2025-08-28 10:00:00+00:00,4.558,4.584,4.549,4.58,35633.59
2025-08-28 11:00:00+00:00,4.58,4.593,4.567,4.593,28156.9
2025-08-28 12:00:00+00:00,4.593,4.652,4.591,4.652,117767.43
2025-08-28 13:00:00+00:00,4.653,4.692,4.642,4.683,148831.74
2025-08-28 14:00:00+00:00,4.684,4.722,4.661,4.706,143266.2
2025-08-28 15:00:00+00:00,4.706,4.716,4.649,4.657,106955.7
2025-08-28 16:00:00+00:00,4.657,4.704,4.612,4.612,113306.78
2025-08-28 17:00:00+00:00,4.613,4.645,4.609,4.63,47361.67
2025-08-28 18:00:00+00:00,4.63,4.65,4.615,4.642,40784.96
2025-08-28 19:00:00+00:00,4.643,4.669,4.602,4.602,63292.89
2025-08-28 20:00:00+00:00,4.603,4.645,4.594,4.635,67633.65
2025-08-28 21:00:00+00:00,4.636,4.673,4.636,4.666,34604.72
2025-08-28 22:00:00+00:00,4.666,4.783,4.666,4.772,178517.78
2025-08-28 23:00:00+00:00,4.773,4.808,4.745,4.782,187259.75
2025-08-29 00:00:00+00:00,4.782,4.809,4.756,4.791,118509.3
2025-08-29 01:00:00+00:00,4.792,4.798,4.739,4.754,60780.71
2025-08-29 02:00:00+00:00,4.754,4.803,4.747,4.791,87945.37
2025-08-29 03:00:00+00:00,4.791,4.795,4.741,4.742,63693.48
2025-08-29 04:00:00+00:00,4.741,4.753,4.716,4.725,66898.79
2025-08-29 05:00:00+00:00,4.726,4.73,4.696,4.711,64333.99
2025-08-29 06:00:00+00:00,4.711,4.718,4.677,4.691,199900.31
2025-08-29 07:00:00+00:00,4.692,4.692,4.6,4.605,129477.89
2025-08-29 08:00:00+00:00,4.606,4.618,4.54,4.546,104102.62
2025-08-29 09:00:00+00:00,4.545,4.592,4.512,4.589,81357.6
2025-08-29 10:00:00+00:00,4.587,4.614,4.585,4.602,55369.79
2025-08-29 11:00:00+00:00,4.602,4.618,4.573,4.574,41433.64
2025-08-29 12:00:00+00:00,4.573,4.661,4.567,4.605,147992.01
2025-08-29 13:00:00+00:00,4.605,4.611,4.523,4.554,128711.84
2025-08-29 14:00:00+00:00,4.555,4.585,4.495,4.556,209837.75
2025-08-29 15:00:00+00:00,4.556,4.602,4.541,4.555,108500.03
2025-08-29 16:00:00+00:00,4.555,4.558,4.516,4.522,67200.8
2025-08-29 17:00:00+00:00,4.521,4.522,4.474,4.482,90885.42
2025-08-29 18:00:00+00:00,4.483,4.49,4.434,4.437,140980.92
2025-08-29 19:00:00+00:00,4.436,4.5,4.425,4.476,97390.29
2025-08-29 20:00:00+00:00,4.475,4.476,4.44,4.448,81520.48
2025-08-29 21:00:00+00:00,4.446,4.508,4.43,4.505,71270.47
2025-08-29 22:00:00+00:00,4.505,4.505,4.468,4.484,30390.29
2025-08-29 23:00:00+00:00,4.485,4.499,4.465,4.483,50686.42
2025-08-30 00:00:00+00:00,4.483,4.483,4.448,4.467,95627.48
2025-08-30 01:00:00+00:00,4.468,4.487,4.418,4.425,96134.97
2025-08-30 02:00:00+00:00,4.425,4.489,4.419,4.486,51291.93
2025-08-30 03:00:00+00:00,4.486,4.552,4.482,4.532,57544.6
2025-08-30 04:00:00+00:00,4.533,4.537,4.509,4.51,27366.97
2025-08-30 05:00:00+00:00,4.51,4.547,4.505,4.529,58958.72
2025-08-30 06:00:00+00:00,4.53,4.554,4.527,4.55,60405.85
2025-08-30 07:00:00+00:00,4.55,4.56,4.54,4.555,34207.2
2025-08-30 08:00:00+00:00,4.556,4.558,4.533,4.533,22889.12
2025-08-30 09:00:00+00:00,4.533,4.536,4.51,4.512,37447.41
2025-08-30 10:00:00+00:00,4.512,4.533,4.511,4.531,21983.05
2025-08-30 11:00:00+00:00,4.531,4.535,4.508,4.524,29277.54
2025-08-30 12:00:00+00:00,4.524,4.524,4.475,4.479,42274.59
2025-08-30 13:00:00+00:00,4.478,4.483,4.449,4.477,63284.32
2025-08-30 14:00:00+00:00,4.476,4.491,4.452,4.488,30108.67
2025-08-30 15:00:00+00:00,4.488,4.523,4.477,4.523,48684.99
2025-08-30 16:00:00+00:00,4.523,4.523,4.477,4.478,66561.65
2025-08-30 17:00:00+00:00,4.478,4.5,4.473,4.482,22252.44
2025-08-30 18:00:00+00:00,4.482,4.49,4.467,4.481,19897.44
2025-08-30 19:00:00+00:00,4.48,4.498,4.475,4.494,13376.86
2025-08-30 20:00:00+00:00,4.493,4.494,4.465,4.485,18969.88
2025-08-30 21:00:00+00:00,4.484,4.489,4.469,4.483,17038.09
2025-08-30 22:00:00+00:00,4.483,4.495,4.469,4.49,9983.55
2025-08-30 23:00:00+00:00,4.49,4.507,4.49,4.505,19085.37
2025-08-31 00:00:00+00:00,4.504,4.561,4.504,4.561,64001.55
2025-08-31 01:00:00+00:00,4.562,4.576,4.542,4.57,42958.27
2025-08-31 02:00:00+00:00,4.57,4.591,4.565,4.591,23309.34
2025-08-31 03:00:00+00:00,4.591,4.604,4.586,4.596,53702.68
2025-08-31 04:00:00+00:00,4.597,4.6,4.567,4.575,30099.61
2025-08-31 05:00:00+00:00,4.576,4.577,4.556,4.561,20204.95
2025-08-31 06:00:00+00:00,4.562,4.564,4.54,4.544,24048.38
2025-08-31 07:00:00+00:00,4.544,4.561,4.541,4.555,23352.53
2025-08-31 08:00:00+00:00,4.556,4.588,4.555,4.588,20645.18
2025-08-31 09:00:00+00:00,4.588,4.588,4.558,4.559,25459.23
2025-08-31 10:00:00+00:00,4.56,4.57,4.536,4.564,56112.07
2025-08-31 11:00:00+00:00,4.564,4.59,4.559,4.59,50618.01
2025-08-31 12:00:00+00:00,4.591,4.617,4.576,4.613,64583.8
2025-08-31 13:00:00+00:00,4.612,4.618,4.561,4.564,48521.33
2025-08-31 14:00:00+00:00,4.564,4.568,4.535,4.538,44813.87
2025-08-31 15:00:00+00:00,4.538,4.571,4.537,4.565,33071.25
2025-08-31 16:00:00+00:00,4.565,4.566,4.541,4.544,19692.43
2025-08-31 17:00:00+00:00,4.543,4.551,4.532,4.534,22793.27
2025-08-31 18:00:00+00:00,4.533,4.562,4.529,4.562,23917.21
2025-08-31 19:00:00+00:00,4.561,4.562,4.535,4.537,15293.81
2025-08-31 20:00:00+00:00,4.537,4.552,4.529,4.543,18891.44
2025-08-31 21:00:00+00:00,4.541,4.55,4.531,4.543,26599.87
2025-08-31 22:00:00+00:00,4.544,4.544,4.509,4.512,32472.41
2025-08-31 23:00:00+00:00,4.512,4.512,4.462,4.467,77495.38
2025-09-01 00:00:00+00:00,4.465,4.467,4.396,4.431,162722.61
2025-09-01 01:00:00+00:00,4.431,4.464,4.411,4.449,40593.46
2025-09-01 02:00:00+00:00,4.448,4.448,4.383,4.397,88980.88
2025-09-01 03:00:00+00:00,4.396,4.42,4.386,4.413,49871.69
2025-09-01 04:00:00+00:00,4.413,4.422,4.368,4.383,77196.71
2025-09-01 05:00:00+00:00,4.383,4.411,4.369,4.402,51876.67
2025-09-01 06:00:00+00:00,4.403,4.419,4.372,4.406,84984.45
2025-09-01 07:00:00+00:00,4.407,4.525,4.393,4.524,126430.58
2025-09-01 08:00:00+00:00,4.524,4.585,4.522,4.583,177351.31
2025-09-01 09:00:00+00:00,4.584,4.598,4.545,4.548,76279.47
2025-09-01 10:00:00+00:00,4.548,4.548,4.477,4.497,124945.37
2025-09-01 11:00:00+00:00,4.498,4.505,4.471,4.479,32951.87
2025-09-01 12:00:00+00:00,4.479,4.506,4.46,4.464,127253.7
2025-09-01 13:00:00+00:00,4.465,4.476,4.425,4.434,58799.69
2025-09-01 14:00:00+00:00,4.434,4.463,4.415,4.434,39618.91
2025-09-01 15:00:00+00:00,4.434,4.445,4.407,4.413,45450.54
2025-09-01 16:00:00+00:00,4.413,4.421,4.393,4.405,82464.4
2025-09-01 17:00:00+00:00,4.405,4.417,4.388,4.401,42526.71
2025-09-01 18:00:00+00:00,4.402,4.434,4.401,4.418,35968.2
2025-09-01 19:00:00+00:00,4.418,4.456,4.414,4.445,47960.26
2025-09-01 20:00:00+00:00,4.444,4.454,4.342,4.376,195959.63
2025-09-01 21:00:00+00:00,4.376,4.378,4.321,4.36,114293.9
2025-09-01 22:00:00+00:00,4.36,4.375,4.328,4.358,59019.14
2025-09-01 23:00:00+00:00,4.357,4.397,4.353,4.395,75307.95
2025-09-02 00:00:00+00:00,4.396,4.401,4.373,4.38,30649.93
2025-09-02 01:00:00+00:00,4.379,4.423,4.366,4.403,37842.83
2025-09-02 02:00:00+00:00,4.404,4.443,4.399,4.441,42064.74
2025-09-02 03:00:00+00:00,4.443,4.459,4.431,4.45,50558.0
2025-09-02 04:00:00+00:00,4.451,4.458,4.439,4.45,25212.27
2025-09-02 05:00:00+00:00,4.451,4.451,4.431,4.434,34248.07
2025-09-02 06:00:00+00:00,4.434,4.445,4.429,4.44,48937.1
2025-09-02 07:00:00+00:00,4.44,4.441,4.398,4.404,35981.79
2025-09-02 08:00:00+00:00,4.405,4.44,4.404,4.43,57931.4
2025-09-02 09:00:00+00:00,4.429,4.446,4.425,4.443,42537.72
2025-09-02 10:00:00+00:00,4.444,4.446,4.426,4.446,38189.77
2025-09-02 11:00:00+00:00,4.447,4.447,4.409,4.412,32885.31
2025-09-02 12:00:00+00:00,4.411,4.416,4.351,4.352,113970.42
2025-09-02 13:00:00+00:00,4.352,4.454,4.351,4.452,138716.17
2025-09-02 14:00:00+00:00,4.452,4.471,4.418,4.426,163623.6
2025-09-02 15:00:00+00:00,4.426,4.427,4.353,4.36,83835.87
2025-09-02 16:00:00+00:00,4.361,4.39,4.357,4.377,70029.03
2025-09-02 17:00:00+00:00,4.378,4.41,4.378,4.393,31577.02
2025-09-02 18:00:00+00:00,4.394,4.403,4.36,4.391,60832.67
2025-09-02 19:00:00+00:00,4.393,4.412,4.369,4.382,31835.3
2025-09-02 20:00:00+00:00,4.38,4.435,4.374,4.432,61649.76
2025-09-02 21:00:00+00:00,4.433,4.45,4.426,4.444,36297.97
2025-09-02 22:00:00+00:00,4.443,4.446,4.426,4.434,24373.51
2025-09-02 23:00:00+00:00,4.435,4.443,4.418,4.43,20174.6
2025-09-03 00:00:00+00:00,4.431,4.444,4.415,4.418,43624.89
2025-09-03 01:00:00+00:00,4.419,4.443,4.405,4.443,22941.12
2025-09-03 02:00:00+00:00,4.443,4.47,4.431,4.464,45765.87
2025-09-03 03:00:00+00:00,4.465,4.471,4.439,4.459,17274.15
2025-09-03 04:00:00+00:00,4.458,4.463,4.441,4.443,14875.28
2025-09-03 05:00:00+00:00,4.443,4.443,4.416,4.422,52871.35
2025-09-03 06:00:00+00:00,4.422,4.437,4.403,4.421,23927.33
2025-09-03 07:00:00+00:00,4.421,4.429,4.403,4.429,19487.27
2025-09-03 08:00:00+00:00,4.428,4.462,4.416,4.446,155360.69
2025-09-03 09:00:00+00:00,4.447,4.475,4.435,4.474,45192.24
2025-09-03 10:00:00+00:00,4.475,4.49,4.464,4.483,58051.8
2025-09-03 11:00:00+00:00,4.483,4.489,4.463,4.465,75595.24
2025-09-03 12:00:00+00:00,4.465,4.49,4.451,4.46,32914.31
2025-09-03 13:00:00+00:00,4.46,4.493,4.454,4.47,66639.36
2025-09-03 14:00:00+00:00,4.47,4.522,4.462,4.522,100839.76
2025-09-03 15:00:00+00:00,4.522,4.538,4.51,4.537,60178.63
2025-09-03 16:00:00+00:00,4.538,4.564,4.522,4.537,110696.77
2025-09-03 17:00:00+00:00,4.537,4.557,4.525,4.533,51292.42
2025-09-03 18:00:00+00:00,4.534,4.538,4.509,4.519,47853.6
2025-09-03 19:00:00+00:00,4.518,4.54,4.512,4.54,20095.73
2025-09-03 20:00:00+00:00,4.541,4.549,4.523,4.524,55042.66
2025-09-03 21:00:00+00:00,4.526,4.535,4.506,4.528,23874.48
2025-09-03 22:00:00+00:00,4.527,4.539,4.52,4.53,25865.89
2025-09-03 23:00:00+00:00,4.531,4.538,4.514,4.521,28479.9
2025-09-04 00:00:00+00:00,4.522,4.539,4.52,4.532,23828.55
2025-09-04 01:00:00+00:00,4.533,4.533,4.509,4.517,16814.35
2025-09-04 02:00:00+00:00,4.517,4.518,4.478,4.478,25188.6
2025-09-04 03:00:00+00:00,4.479,4.481,4.445,4.447,50836.85
2025-09-04 04:00:00+00:00,4.446,4.455,4.427,4.427,57671.68
2025-09-04 05:00:00+00:00,4.426,4.426,4.395,4.408,77674.16
2025-09-04 06:00:00+00:00,4.408,4.416,4.398,4.404,47938.6
2025-09-04 07:00:00+00:00,4.404,4.434,4.402,4.422,36641.52
2025-09-04 08:00:00+00:00,4.421,4.444,4.415,4.42,41328.54
2025-09-04 09:00:00+00:00,4.42,4.424,4.408,4.417,58264.31
2025-09-04 10:00:00+00:00,4.418,4.438,4.414,4.416,47542.26
2025-09-04 11:00:00+00:00,4.415,4.445,4.409,4.412,22154.94
2025-09-04 12:00:00+00:00,4.412,4.433,4.397,4.431,64262.31
2025-09-04 13:00:00+00:00,4.432,4.435,4.396,4.409,61575.74
2025-09-04 14:00:00+00:00,4.407,4.416,4.37,4.398,79849.66
2025-09-04 15:00:00+00:00,4.397,4.399,4.375,4.391,55447.13
2025-09-04 16:00:00+00:00,4.39,4.397,4.378,4.379,39668.35
2025-09-04 17:00:00+00:00,4.379,4.407,4.379,4.382,33341.16
2025-09-04 18:00:00+00:00,4.381,4.392,4.356,4.364,54693.35
2025-09-04 19:00:00+00:00,4.363,4.377,4.338,4.347,60620.45
2025-09-04 20:00:00+00:00,4.348,4.406,4.347,4.381,138467.74
2025-09-04 21:00:00+00:00,4.38,4.396,4.371,4.393,26799.98
2025-09-04 22:00:00+00:00,4.394,4.427,4.389,4.421,60216.95
2025-09-04 23:00:00+00:00,4.421,4.439,4.384,4.386,100353.87
2025-09-05 00:00:00+00:00,4.386,4.4,4.365,4.372,62725.94
2025-09-05 01:00:00+00:00,4.373,4.394,4.365,4.383,35546.28
2025-09-05 02:00:00+00:00,4.383,4.403,4.37,4.402,62523.15
2025-09-05 03:00:00+00:00,4.402,4.402,4.375,4.398,24483.33
2025-09-05 04:00:00+00:00,4.398,4.403,4.388,4.396,21916.98
2025-09-05 05:00:00+00:00,4.396,4.407,4.39,4.401,16252.92
2025-09-05 06:00:00+00:00,4.401,4.402,4.387,4.397,17169.53
2025-09-05 07:00:00+00:00,4.398,4.463,4.397,4.462,109979.27
2025-09-05 08:00:00+00:00,4.462,4.472,4.447,4.459,66532.47
2025-09-05 09:00:00+00:00,4.459,4.466,4.433,4.466,44216.27
2025-09-05 10:00:00+00:00,4.466,4.472,4.448,4.456,92448.42
2025-09-05 11:00:00+00:00,4.455,4.491,4.45,4.475,131845.33
2025-09-05 12:00:00+00:00,4.475,4.533,4.475,4.533,261840.69
2025-09-05 13:00:00+00:00,4.534,4.555,4.526,4.529,127071.56
2025-09-05 14:00:00+00:00,4.53,4.532,4.395,4.418,461693.88
2025-09-05 15:00:00+00:00,4.417,4.446,4.401,4.424,122520.89
2025-09-05 16:00:00+00:00,4.423,4.439,4.413,4.42,63002.87
2025-09-05 17:00:00+00:00,4.42,4.426,4.403,4.405,69155.99
2025-09-05 18:00:00+00:00,4.405,4.431,4.388,4.425,38084.98
2025-09-05 19:00:00+00:00,4.426,4.433,4.415,4.431,32723.35
2025-09-05 20:00:00+00:00,4.432,4.449,4.425,4.449,39454.57
2025-09-05 21:00:00+00:00,4.448,4.466,4.416,4.418,79267.81
2025-09-05 22:00:00+00:00,4.42,4.458,4.415,4.45,30824.43
2025-09-05 23:00:00+00:00,4.449,4.453,4.433,4.441,19749.8
2025-09-06 00:00:00+00:00,4.441,4.457,4.441,4.454,30531.54
2025-09-06 01:00:00+00:00,4.452,4.458,4.442,4.451,12998.09
2025-09-06 02:00:00+00:00,4.451,4.458,4.433,4.452,21380.78
2025-09-06 03:00:00+00:00,4.451,4.457,4.445,4.448,15608.85
2025-09-06 04:00:00+00:00,4.447,4.447,4.414,4.424,21222.03
2025-09-06 05:00:00+00:00,4.423,4.425,4.407,4.407,12847.95
2025-09-06 06:00:00+00:00,4.406,4.406,4.384,4.397,46907.69
2025-09-06 07:00:00+00:00,4.396,4.401,4.386,4.395,23056.96
2025-09-06 08:00:00+00:00,4.395,4.402,4.391,4.394,30696.49
2025-09-06 09:00:00+00:00,4.394,4.394,4.372,4.372,30788.32
2025-09-06 10:00:00+00:00,4.373,4.385,4.362,4.385,28535.29
2025-09-06 11:00:00+00:00,4.384,4.384,4.365,4.377,22852.13
2025-09-06 12:00:00+00:00,4.376,4.38,4.363,4.367,23743.74
2025-09-06 13:00:00+00:00,4.368,4.379,4.366,4.378,18416.71
2025-09-06 14:00:00+00:00,4.379,4.407,4.377,4.4,34969.96
2025-09-06 15:00:00+00:00,4.4,4.4,4.368,4.371,23846.12
2025-09-06 16:00:00+00:00,4.372,4.402,4.361,4.393,49660.53
2025-09-06 17:00:00+00:00,4.393,4.403,4.373,4.384,16876.76
2025-09-06 18:00:00+00:00,4.384,4.399,4.382,4.39,30192.46
2025-09-06 19:00:00+00:00,4.39,4.391,4.361,4.365,31578.92
2025-09-06 20:00:00+00:00,4.365,4.396,4.362,4.395,18701.49
2025-09-06 21:00:00+00:00,4.396,4.399,4.386,4.395,24379.75
2025-09-06 22:00:00+00:00,4.395,4.427,4.393,4.42,59514.6
2025-09-06 23:00:00+00:00,4.421,4.442,4.406,4.409,66662.53
2025-09-07 00:00:00+00:00,4.41,4.427,4.409,4.424,21643.98
2025-09-07 01:00:00+00:00,4.425,4.449,4.424,4.44,48880.49
2025-09-07 02:00:00+00:00,4.441,4.455,4.438,4.455,14175.74
2025-09-07 03:00:00+00:00,4.454,4.46,4.444,4.447,20541.42
2025-09-07 04:00:00+00:00,4.448,4.455,4.442,4.447,17930.87
2025-09-07 05:00:00+00:00,4.448,4.474,4.444,4.471,54709.07
2025-09-07 06:00:00+00:00,4.471,4.473,4.445,4.446,27847.33
2025-09-07 07:00:00+00:00,4.447,4.461,4.436,4.446,50087.05
2025-09-07 08:00:00+00:00,4.447,4.468,4.445,4.464,30965.96
2025-09-07 09:00:00+00:00,4.464,4.464,4.429,4.441,57646.3
2025-09-07 10:00:00+00:00,4.441,4.455,4.441,4.454,26637.77
2025-09-07 11:00:00+00:00,4.454,4.458,4.442,4.456,24534.44
2025-09-07 12:00:00+00:00,4.458,4.461,4.44,4.46,42461.39
2025-09-07 13:00:00+00:00,4.459,4.489,4.458,4.484,102025.23
2025-09-07 14:00:00+00:00,4.484,4.488,4.467,4.483,90418.9
2025-09-07 15:00:00+00:00,4.483,4.484,4.451,4.462,42288.09
2025-09-07 16:00:00+00:00,4.462,4.47,4.449,4.454,24622.18
2025-09-07 17:00:00+00:00,4.454,4.461,4.439,4.442,26971.23
2025-09-07 18:00:00+00:00,4.442,4.459,4.436,4.449,34536.96
2025-09-07 19:00:00+00:00,4.449,4.47,4.444,4.463,34787.3
2025-09-07 20:00:00+00:00,4.462,4.47,4.447,4.463,56104.95
2025-09-07 21:00:00+00:00,4.464,4.465,4.45,4.462,30125.15
2025-09-07 22:00:00+00:00,4.46,4.477,4.456,4.477,19465.73
2025-09-07 23:00:00+00:00,4.478,4.51,4.478,4.484,42824.93
2025-09-08 00:00:00+00:00,4.485,4.512,4.484,4.486,58049.68
2025-09-08 01:00:00+00:00,4.487,4.495,4.476,4.493,37030.09
2025-09-08 02:00:00+00:00,4.493,4.537,4.485,4.536,61388.57
2025-09-08 03:00:00+00:00,4.537,4.549,4.505,4.514,87281.75
2025-09-08 04:00:00+00:00,4.512,4.512,4.485,4.494,60031.63
2025-09-08 05:00:00+00:00,4.495,4.514,4.49,4.503,23050.21
2025-09-08 06:00:00+00:00,4.503,4.505,4.477,4.492,21138.47
2025-09-08 07:00:00+00:00,4.492,4.506,4.485,4.492,26299.83
2025-09-08 08:00:00+00:00,4.493,4.526,4.493,4.524,64748.97
2025-09-08 09:00:00+00:00,4.522,4.544,4.514,4.537,83683.66
2025-09-08 10:00:00+00:00,4.537,4.563,4.533,4.538,77076.36
2025-09-08 11:00:00+00:00,4.538,4.541,4.504,4.524,53216.75
2025-09-08 12:00:00+00:00,4.525,4.542,4.511,4.54,67388.35
2025-09-08 13:00:00+00:00,4.54,4.555,4.52,4.522,46763.64
2025-09-08 14:00:00+00:00,4.521,4.56,4.52,4.56,52780.47
2025-09-08 15:00:00+00:00,4.559,4.587,4.558,4.574,87102.38
2025-09-08 16:00:00+00:00,4.572,4.595,4.556,4.575,225629.43
2025-09-08 17:00:00+00:00,4.575,4.598,4.553,4.562,73794.05
2025-09-08 18:00:00+00:00,4.562,4.593,4.551,4.58,111561.58
2025-09-08 19:00:00+00:00,4.581,4.582,4.522,4.545,86415.31
2025-09-08 20:00:00+00:00,4.546,4.567,4.511,4.516,128850.5
2025-09-08 21:00:00+00:00,4.516,4.549,4.505,4.549,59577.08
2025-09-08 22:00:00+00:00,4.55,4.556,4.54,4.546,26040.38
2025-09-08 23:00:00+00:00,4.545,4.557,4.532,4.539,19485.55
2025-09-09 00:00:00+00:00,4.541,4.575,4.538,4.565,42624.78
2025-09-09 01:00:00+00:00,4.566,4.577,4.536,4.537,37874.71
2025-09-09 02:00:00+00:00,4.537,4.541,4.489,4.505,50055.18
2025-09-09 03:00:00+00:00,4.504,4.552,4.5,4.548,47791.82
2025-09-09 04:00:00+00:00,4.547,4.567,4.535,4.56,42945.03
2025-09-09 05:00:00+00:00,4.56,4.573,4.546,4.573,32426.24
2025-09-09 06:00:00+00:00,4.573,4.647,4.573,4.634,116390.43
2025-09-09 07:00:00+00:00,4.635,4.656,4.612,4.627,74924.18
2025-09-09 08:00:00+00:00,4.627,4.643,4.626,4.64,39680.03
2025-09-09 09:00:00+00:00,4.64,4.647,4.627,4.637,52980.45
2025-09-09 10:00:00+00:00,4.636,4.652,4.619,4.636,119123.22
2025-09-09 11:00:00+00:00,4.636,4.679,4.63,4.643,125249.24
2025-09-09 12:00:00+00:00,4.643,4.666,4.596,4.606,204477.2
2025-09-09 13:00:00+00:00,4.605,4.618,4.581,4.606,80515.19
2025-09-09 14:00:00+00:00,4.606,4.616,4.514,4.549,231071.79
2025-09-09 15:00:00+00:00,4.549,4.556,4.511,4.529,112088.93
2025-09-09 16:00:00+00:00,4.529,4.536,4.509,4.534,63872.14
2025-09-09 17:00:00+00:00,4.534,4.573,4.525,4.568,167967.32
2025-09-09 18:00:00+00:00,4.568,4.587,4.556,4.572,38671.26
2025-09-09 19:00:00+00:00,4.573,4.617,4.567,4.607,100298.87
2025-09-09 20:00:00+00:00,4.606,4.611,4.581,4.594,41218.43
2025-09-09 21:00:00+00:00,4.594,4.609,4.575,4.577,42533.73
2025-09-09 22:00:00+00:00,4.577,4.598,4.567,4.594,25844.08
2025-09-09 23:00:00+00:00,4.595,4.603,4.57,4.591,34574.03
2025-09-10 00:00:00+00:00,4.591,4.597,4.559,4.564,50227.08
2025-09-10 01:00:00+00:00,4.564,4.597,4.557,4.578,39705.88
2025-09-10 02:00:00+00:00,4.579,4.614,4.579,4.599,28851.81
2025-09-10 03:00:00+00:00,4.599,4.62,4.589,4.618,54985.29
2025-09-10 04:00:00+00:00,4.616,4.62,4.594,4.618,32271.49
2025-09-10 05:00:00+00:00,4.618,4.62,4.569,4.597,112554.95
2025-09-10 06:00:00+00:00,4.597,4.612,4.579,4.602,21086.43
2025-09-10 07:00:00+00:00,4.602,4.625,4.598,4.613,55021.22
2025-09-10 08:00:00+00:00,4.613,4.617,4.59,4.615,59226.24
2025-09-10 09:00:00+00:00,4.616,4.643,4.611,4.63,74433.9
2025-09-10 10:00:00+00:00,4.63,4.649,4.628,4.632,115092.35
2025-09-10 11:00:00+00:00,4.631,4.642,4.614,4.623,48083.62
2025-09-10 12:00:00+00:00,4.625,4.693,4.622,4.69,171397.57
2025-09-10 13:00:00+00:00,4.689,4.717,4.668,4.695,91316.73
2025-09-10 14:00:00+00:00,4.696,4.71,4.663,4.686,132182.79
2025-09-10 15:00:00+00:00,4.686,4.713,4.657,4.689,153719.35
2025-09-10 16:00:00+00:00,4.69,4.691,4.657,4.688,24380.94
2025-09-10 17:00:00+00:00,4.688,4.692,4.655,4.667,40918.12
2025-09-10 18:00:00+00:00,4.666,4.67,4.644,4.654,88830.18
2025-09-10 19:00:00+00:00,4.655,4.655,4.604,4.618,53522.8
2025-09-10 20:00:00+00:00,4.618,4.662,4.616,4.649,64136.63
2025-09-10 21:00:00+00:00,4.648,4.694,4.647,4.679,65483.43
2025-09-10 22:00:00+00:00,4.679,4.714,4.673,4.676,90646.17
2025-09-10 23:00:00+00:00,4.677,4.687,4.666,4.68,33595.43
2025-09-11 00:00:00+00:00,4.681,4.689,4.675,4.684,23905.33
2025-09-11 01:00:00+00:00,4.684,4.701,4.68,4.693,56994.1
2025-09-11 02:00:00+00:00,4.692,4.703,4.681,4.682,34199.26
2025-09-11 03:00:00+00:00,4.681,4.704,4.673,4.701,26644.55
2025-09-11 04:00:00+00:00,4.701,4.705,4.687,4.696,54269.65
2025-09-11 05:00:00+00:00,4.696,4.696,4.658,4.668,59742.84
2025-09-11 06:00:00+00:00,4.667,4.68,4.656,4.675,18447.62
2025-09-11 07:00:00+00:00,4.676,4.686,4.669,4.673,31243.03
2025-09-11 08:00:00+00:00,4.672,4.679,4.663,4.667,18426.07
2025-09-11 09:00:00+00:00,4.667,4.667,4.645,4.652,22603.03
2025-09-11 10:00:00+00:00,4.652,4.659,4.639,4.65,43719.5
2025-09-11 11:00:00+00:00,4.649,4.66,4.629,4.631,36091.11
2025-09-11 12:00:00+00:00,4.631,4.678,4.587,4.64,249540.58
2025-09-11 13:00:00+00:00,4.641,4.672,4.597,4.671,83545.57
2025-09-11 14:00:00+00:00,4.672,4.678,4.626,4.651,50060.88
2025-09-11 15:00:00+00:00,4.65,4.664,4.628,4.628,45477.65
2025-09-11 16:00:00+00:00,4.629,4.658,4.628,4.646,39407.77
2025-09-11 17:00:00+00:00,4.646,4.664,4.639,4.66,11832.77
2025-09-11 18:00:00+00:00,4.66,4.667,4.646,4.665,38318.63
2025-09-11 19:00:00+00:00,4.664,4.684,4.661,4.677,41356.78
2025-09-11 20:00:00+00:00,4.677,4.697,4.676,4.686,33897.78
2025-09-11 21:00:00+00:00,4.686,4.697,4.68,4.695,18329.92
2025-09-11 22:00:00+00:00,4.695,4.703,4.688,4.69,46171.8
2025-09-11 23:00:00+00:00,4.689,4.703,4.689,4.692,24477.17
2025-09-12 00:00:00+00:00,4.693,4.737,4.686,4.721,83198.98
2025-09-12 01:00:00+00:00,4.722,4.729,4.692,4.692,44926.18
2025-09-12 02:00:00+00:00,4.693,4.7,4.679,4.686,70166.65
2025-09-12 03:00:00+00:00,4.687,4.688,4.666,4.679,21101.29
2025-09-12 04:00:00+00:00,4.678,4.689,4.669,4.688,24562.23
2025-09-12 05:00:00+00:00,4.688,4.708,4.677,4.707,23759.03
2025-09-12 06:00:00+00:00,4.708,4.709,4.683,4.686,28496.28
2025-09-12 07:00:00+00:00,4.686,4.698,4.667,4.674,68078.32
2025-09-12 08:00:00+00:00,4.674,4.675,4.636,4.662,192628.46
2025-09-12 09:00:00+00:00,4.661,4.664,4.633,4.642,31058.02
2025-09-12 10:00:00+00:00,4.641,4.644,4.625,4.641,27871.0
2025-09-12 11:00:00+00:00,4.64,4.648,4.619,4.622,27570.62
2025-09-12 12:00:00+00:00,4.621,4.664,4.601,4.655,204481.31
2025-09-12 13:00:00+00:00,4.655,4.668,4.646,4.661,48885.91
2025-09-12 14:00:00+00:00,4.661,4.685,4.653,4.672,48089.07
2025-09-12 15:00:00+00:00,4.673,4.673,4.64,4.653,35992.83
2025-09-12 16:00:00+00:00,4.653,4.684,4.648,4.682,40602.98
2025-09-12 17:00:00+00:00,4.681,4.703,4.669,4.697,40618.86
2025-09-12 18:00:00+00:00,4.697,4.726,4.693,4.726,63067.02
2025-09-12 19:00:00+00:00,4.727,4.744,4.724,4.741,52467.92
2025-09-12 20:00:00+00:00,4.741,4.741,4.711,4.734,63692.69
2025-09-12 21:00:00+00:00,4.733,4.733,4.709,4.721,32317.61
2025-09-12 22:00:00+00:00,4.721,4.752,4.72,4.747,48140.24
2025-09-12 23:00:00+00:00,4.747,4.754,4.732,4.748,44873.45
2025-09-13 00:00:00+00:00,4.749,4.761,4.74,4.746,69028.96
2025-09-13 01:00:00+00:00,4.747,4.789,4.744,4.745,77326.97
2025-09-13 02:00:00+00:00,4.745,4.759,4.737,4.759,25241.0
2025-09-13 03:00:00+00:00,4.759,4.773,4.711,4.761,467876.77
2025-09-13 04:00:00+00:00,4.761,4.777,4.749,4.774,78251.28
2025-09-13 05:00:00+00:00,4.774,4.795,4.773,4.793,62346.77
2025-09-13 06:00:00+00:00,4.794,4.805,4.783,4.793,110100.44
2025-09-13 07:00:00+00:00,4.793,4.8,4.785,4.788,42259.4
2025-09-13 08:00:00+00:00,4.788,4.819,4.787,4.819,68003.02
2025-09-13 09:00:00+00:00,4.819,4.849,4.812,4.848,107471.74
2025-09-13 10:00:00+00:00,4.847,4.865,4.83,4.848,96242.17
2025-09-13 11:00:00+00:00,4.847,4.869,4.824,4.867,48010.59
2025-09-13 12:00:00+00:00,4.867,4.876,4.853,4.874,71666.26
2025-09-13 13:00:00+00:00,4.873,4.886,4.787,4.835,159291.16
2025-09-13 14:00:00+00:00,4.835,4.867,4.798,4.852,87149.38
2025-09-13 15:00:00+00:00,4.852,4.887,4.836,4.85,135234.35
2025-09-13 16:00:00+00:00,4.851,4.881,4.804,4.814,115165.2
2025-09-13 17:00:00+00:00,4.815,4.84,4.761,4.835,170792.84
2025-09-13 18:00:00+00:00,4.834,4.835,4.802,4.822,77232.26
2025-09-13 19:00:00+00:00,4.822,4.823,4.795,4.806,49688.3
2025-09-13 20:00:00+00:00,4.806,4.844,4.806,4.827,78792.18
2025-09-13 21:00:00+00:00,4.826,4.846,4.82,4.83,35885.61
2025-09-13 22:00:00+00:00,4.831,4.844,4.816,4.825,24549.69
2025-09-13 23:00:00+00:00,4.826,4.833,4.814,4.823,17023.73
2025-09-14 00:00:00+00:00,4.822,4.828,4.785,4.795,31140.36
2025-09-14 01:00:00+00:00,4.794,4.799,4.757,4.798,49949.98
2025-09-14 02:00:00+00:00,4.799,4.82,4.786,4.8,45858.53
2025-09-14 03:00:00+00:00,4.801,4.804,4.749,4.753,43704.08
2025-09-14 04:00:00+00:00,4.753,4.76,4.705,4.754,67552.77
2025-09-14 05:00:00+00:00,4.755,4.794,4.752,4.794,57700.44
2025-09-14 06:00:00+00:00,4.794,4.8,4.76,4.78,36523.24
2025-09-14 07:00:00+00:00,4.78,4.78,4.753,4.766,38005.29
2025-09-14 08:00:00+00:00,4.765,4.773,4.743,4.747,37090.59
2025-09-14 09:00:00+00:00,4.747,4.783,4.74,4.777,55314.91
2025-09-14 10:00:00+00:00,4.777,4.787,4.759,4.76,27489.74
2025-09-14 11:00:00+00:00,4.76,4.767,4.683,4.688,101003.51
2025-09-14 12:00:00+00:00,4.688,4.702,4.65,4.685,88210.68
2025-09-14 13:00:00+00:00,4.686,4.686,4.641,4.658,72770.22
2025-09-14 14:00:00+00:00,4.659,4.688,4.616,4.634,105490.58
2025-09-14 15:00:00+00:00,4.633,4.654,4.612,4.639,60250.6
2025-09-14 16:00:00+00:00,4.639,4.675,4.634,4.665,55169.93
2025-09-14 17:00:00+00:00,4.664,4.692,4.655,4.685,35064.4
2025-09-14 18:00:00+00:00,4.684,4.684,4.653,4.657,29156.98
2025-09-14 19:00:00+00:00,4.656,4.672,4.645,4.657,21702.74
2025-09-14 20:00:00+00:00,4.657,4.672,4.654,4.657,38746.31
2025-09-14 21:00:00+00:00,4.657,4.683,4.639,4.672,38542.25
2025-09-14 22:00:00+00:00,4.673,4.686,4.654,4.674,38884.28
2025-09-14 23:00:00+00:00,4.675,4.675,4.631,4.635,26318.86
2025-09-15 00:00:00+00:00,4.635,4.668,4.628,4.634,82137.07
2025-09-15 01:00:00+00:00,4.633,4.653,4.595,4.641,76360.06
2025-09-15 02:00:00+00:00,4.64,4.664,4.626,4.628,31731.55
2025-09-15 03:00:00+00:00,4.627,4.658,4.625,4.652,52111.53
2025-09-15 04:00:00+00:00,4.651,4.665,4.638,4.65,41881.54
2025-09-15 05:00:00+00:00,4.649,4.676,4.647,4.67,47849.49
2025-09-15 06:00:00+00:00,4.67,4.67,4.584,4.597,108037.35
2025-09-15 07:00:00+00:00,4.597,4.626,4.544,4.56,209221.0
2025-09-15 08:00:00+00:00,4.56,4.56,4.473,4.48,270941.5
2025-09-15 09:00:00+00:00,4.479,4.528,4.476,4.511,85810.67
2025-09-15 10:00:00+00:00,4.51,4.524,4.487,4.514,65432.36
2025-09-15 11:00:00+00:00,4.514,4.532,4.506,4.52,53354.81
2025-09-15 12:00:00+00:00,4.52,4.526,4.496,4.499,56397.12
2025-09-15 13:00:00+00:00,4.5,4.539,4.493,4.518,87527.38
2025-09-15 14:00:00+00:00,4.517,4.532,4.489,4.502,62385.89
2025-09-15 15:00:00+00:00,4.502,4.514,4.466,4.493,69930.11
2025-09-15 16:00:00+00:00,4.493,4.495,4.456,4.461,60314.4
2025-09-15 17:00:00+00:00,4.461,4.487,4.458,4.487,44993.86
2025-09-15 18:00:00+00:00,4.486,4.491,4.451,4.487,106327.28
2025-09-15 19:00:00+00:00,4.487,4.5,4.463,4.494,47623.24
2025-09-15 20:00:00+00:00,4.494,4.514,4.49,4.513,31257.02
2025-09-15 21:00:00+00:00,4.513,4.523,4.501,4.523,61659.01
2025-09-15 22:00:00+00:00,4.522,4.53,4.502,4.506,23950.71
2025-09-15 23:00:00+00:00,4.505,4.515,4.497,4.51,12660.88
2025-09-16 00:00:00+00:00,4.51,4.51,4.468,4.481,30314.97
2025-09-16 01:00:00+00:00,4.481,4.494,4.446,4.449,67664.77
2025-09-16 02:00:00+00:00,4.45,4.47,4.44,4.443,72549.02
2025-09-16 03:00:00+00:00,4.443,4.46,4.426,4.445,172198.12
2025-09-16 04:00:00+00:00,4.446,4.458,4.418,4.456,92119.79
2025-09-16 05:00:00+00:00,4.456,4.481,4.452,4.48,54606.48
2025-09-16 06:00:00+00:00,4.48,4.483,4.442,4.456,55975.44
2025-09-16 07:00:00+00:00,4.457,4.485,4.455,4.475,36529.79
2025-09-16 08:00:00+00:00,4.476,4.509,4.476,4.493,91590.71
2025-09-16 09:00:00+00:00,4.492,4.492,4.465,4.483,83097.88
2025-09-16 10:00:00+00:00,4.483,4.483,4.457,4.458,88011.68
2025-09-16 11:00:00+00:00,4.458,4.472,4.45,4.461,54715.98
2025-09-16 12:00:00+00:00,4.462,4.477,4.453,4.469,57256.05
2025-09-16 13:00:00+00:00,4.47,4.503,4.44,4.474,136631.4
2025-09-16 14:00:00+00:00,4.473,4.492,4.443,4.491,68749.96
2025-09-16 15:00:00+00:00,4.492,4.527,4.478,4.525,56962.98
2025-09-16 16:00:00+00:00,4.526,4.528,4.497,4.521,64899.57
2025-09-16 17:00:00+00:00,4.521,4.573,4.521,4.548,109447.26
2025-09-16 18:00:00+00:00,4.549,4.562,4.523,4.535,66384.86
2025-09-16 19:00:00+00:00,4.536,4.558,4.528,4.547,38997.23
2025-09-16 20:00:00+00:00,4.548,4.559,4.541,4.546,34960.58
2025-09-16 21:00:00+00:00,4.546,4.548,4.527,4.541,42954.63
2025-09-16 22:00:00+00:00,4.542,4.564,4.54,4.56,79401.3
2025-09-16 23:00:00+00:00,4.559,4.569,4.541,4.547,43434.8
2025-09-17 00:00:00+00:00,4.547,4.564,4.531,4.532,48814.6
2025-09-17 01:00:00+00:00,4.532,4.544,4.516,4.526,31198.88
2025-09-17 02:00:00+00:00,4.526,4.557,4.518,4.54,65966.57
2025-09-17 03:00:00+00:00,4.541,4.555,4.517,4.52,34707.24
2025-09-17 04:00:00+00:00,4.52,4.53,4.487,4.495,36965.82
2025-09-17 05:00:00+00:00,4.495,4.525,4.489,4.524,31700.52
2025-09-17 06:00:00+00:00,4.524,4.547,4.52,4.546,42289.19
2025-09-17 07:00:00+00:00,4.545,4.548,4.532,4.536,36586.08
2025-09-17 08:00:00+00:00,4.536,4.536,4.495,4.505,43228.92
2025-09-17 09:00:00+00:00,4.505,4.513,4.484,4.484,129135.12
2025-09-17 10:00:00+00:00,4.485,4.492,4.471,4.483,53272.68
2025-09-17 11:00:00+00:00,4.482,4.498,4.48,4.492,18323.16
2025-09-17 12:00:00+00:00,4.492,4.501,4.476,4.489,30025.16
2025-09-17 13:00:00+00:00,4.489,4.503,4.478,4.482,36038.11
2025-09-17 14:00:00+00:00,4.481,4.493,4.468,4.474,26867.58
2025-09-17 15:00:00+00:00,4.475,4.481,4.467,4.473,28234.84
2025-09-17 16:00:00+00:00,4.473,4.492,4.451,4.489,37826.43
2025-09-17 17:00:00+00:00,4.488,4.526,4.464,4.469,92851.48
2025-09-17 18:00:00+00:00,4.469,4.54,4.462,4.48,280612.01
2025-09-17 19:00:00+00:00,4.481,4.555,4.479,4.554,92450.52
2025-09-17 20:00:00+00:00,4.555,4.584,4.524,4.529,75368.07
2025-09-17 21:00:00+00:00,4.528,4.577,4.511,4.576,51954.81
2025-09-17 22:00:00+00:00,4.577,4.632,4.577,4.622,105915.39
2025-09-17 23:00:00+00:00,4.622,4.639,4.59,4.613,100938.34
2025-09-18 00:00:00+00:00,4.614,4.623,4.587,4.592,27375.4
2025-09-18 01:00:00+00:00,4.592,4.628,4.592,4.607,33127.72
2025-09-18 02:00:00+00:00,4.607,4.613,4.583,4.613,47029.39
2025-09-18 03:00:00+00:00,4.613,4.642,4.611,4.629,73881.79
2025-09-18 04:00:00+00:00,4.63,4.634,4.61,4.624,47706.89
2025-09-18 05:00:00+00:00,4.624,4.624,4.586,4.595,28484.11
2025-09-18 06:00:00+00:00,4.596,4.601,4.555,4.57,68734.46
2025-09-18 07:00:00+00:00,4.57,4.594,4.564,4.585,48474.91
2025-09-18 08:00:00+00:00,4.584,4.618,4.582,4.617,45010.87
2025-09-18 09:00:00+00:00,4.617,4.621,4.605,4.609,50954.23
2025-09-18 10:00:00+00:00,4.609,4.612,4.58,4.587,39129.82
2025-09-18 11:00:00+00:00,4.587,4.6,4.583,4.598,33938.21
2025-09-18 12:00:00+00:00,4.598,4.613,4.583,4.608,64111.56
2025-09-18 13:00:00+00:00,4.608,4.629,4.588,4.617,57419.99
2025-09-18 14:00:00+00:00,4.617,4.639,4.616,4.618,73432.95
2025-09-18 15:00:00+00:00,4.618,4.627,4.606,4.619,35798.58
2025-09-18 16:00:00+00:00,4.62,4.643,4.62,4.635,52081.71
2025-09-18 17:00:00+00:00,4.636,4.673,4.629,4.666,109075.24
2025-09-18 18:00:00+00:00,4.665,4.698,4.658,4.696,68041.45
2025-09-18 19:00:00+00:00,4.696,4.697,4.645,4.671,58332.25
2025-09-18 20:00:00+00:00,4.67,4.695,4.666,4.693,58483.4
2025-09-18 21:00:00+00:00,4.693,4.702,4.675,4.694,112376.21
2025-09-18 22:00:00+00:00,4.692,4.704,4.672,4.672,64600.73
2025-09-18 23:00:00+00:00,4.672,4.68,4.645,4.672,51078.04
2025-09-19 00:00:00+00:00,4.672,4.73,4.672,4.728,65922.9
2025-09-19 01:00:00+00:00,4.728,4.751,4.708,4.716,107151.09
2025-09-19 02:00:00+00:00,4.715,4.726,4.668,4.668,43851.43
2025-09-19 03:00:00+00:00,4.669,4.688,4.622,4.628,101813.13
2025-09-19 04:00:00+00:00,4.628,4.66,4.595,4.656,68849.21
2025-09-19 05:00:00+00:00,4.655,4.66,4.62,4.644,35021.93
2025-09-19 06:00:00+00:00,4.645,4.646,4.612,4.617,58749.25
2025-09-19 07:00:00+00:00,4.617,4.656,4.612,4.639,48823.23
2025-09-19 08:00:00+00:00,4.638,4.672,4.637,4.655,59704.2
2025-09-19 09:00:00+00:00,4.656,4.684,4.604,4.622,100430.42
2025-09-19 10:00:00+00:00,4.622,4.65,4.616,4.638,107775.15
2025-09-19 11:00:00+00:00,4.637,4.637,4.579,4.591,84094.83
2025-09-19 12:00:00+00:00,4.592,4.604,4.573,4.574,60920.39
2025-09-19 13:00:00+00:00,4.575,4.615,4.57,4.59,88071.92
2025-09-19 14:00:00+00:00,4.591,4.598,4.55,4.567,70449.52
2025-09-19 15:00:00+00:00,4.567,4.568,4.522,4.546,88332.06
2025-09-19 16:00:00+00:00,4.547,4.556,4.533,4.543,29880.02
2025-09-19 17:00:00+00:00,4.543,4.545,4.497,4.498,81348.88
2025-09-19 18:00:00+00:00,4.497,4.51,4.476,4.497,80421.67
2025-09-19 19:00:00+00:00,4.498,4.518,4.494,4.494,37240.87
2025-09-19 20:00:00+00:00,4.494,4.509,4.489,4.494,36290.65
2025-09-19 21:00:00+00:00,4.493,4.503,4.477,4.503,38523.68
2025-09-19 22:00:00+00:00,4.502,4.508,4.485,4.487,14539.21
2025-09-19 23:00:00+00:00,4.487,4.488,4.452,4.477,68699.42
2025-09-20 00:00:00+00:00,4.476,4.498,4.465,4.496,42820.46
2025-09-20 01:00:00+00:00,4.496,4.496,4.466,4.478,29753.01
2025-09-20 02:00:00+00:00,4.477,4.477,4.425,4.464,120814.88
2025-09-20 03:00:00+00:00,4.465,4.47,4.454,4.466,22386.21
2025-09-20 04:00:00+00:00,4.465,4.475,4.455,4.471,35558.6
2025-09-20 05:00:00+00:00,4.471,4.488,4.469,4.486,45628.56
2025-09-20 06:00:00+00:00,4.485,4.486,4.467,4.485,28766.85
2025-09-20 07:00:00+00:00,4.485,4.497,4.478,4.496,27295.79
2025-09-20 08:00:00+00:00,4.495,4.496,4.456,4.456,27101.75
2025-09-20 09:00:00+00:00,4.457,4.467,4.444,4.45,35891.03
2025-09-20 10:00:00+00:00,4.45,4.462,4.44,4.444,33807.5
2025-09-20 11:00:00+00:00,4.444,4.461,4.437,4.458,30828.3
2025-09-20 12:00:00+00:00,4.458,4.46,4.449,4.457,36478.27
2025-09-20 13:00:00+00:00,4.457,4.457,4.441,4.443,48869.66
2025-09-20 14:00:00+00:00,4.444,4.475,4.42,4.472,86893.74
2025-09-20 15:00:00+00:00,4.472,4.499,4.469,4.48,66041.3
2025-09-20 16:00:00+00:00,4.48,4.485,4.459,4.481,42846.96
2025-09-20 17:00:00+00:00,4.48,4.48,4.453,4.459,28160.3
2025-09-20 18:00:00+00:00,4.458,4.458,4.434,4.441,35081.25
2025-09-20 19:00:00+00:00,4.44,4.454,4.434,4.438,19802.79
2025-09-20 20:00:00+00:00,4.437,4.474,4.432,4.47,34212.28
2025-09-20 21:00:00+00:00,4.471,4.483,4.464,4.468,37179.75
2025-09-20 22:00:00+00:00,4.467,4.469,4.451,4.46,11265.99
2025-09-20 23:00:00+00:00,4.459,4.459,4.441,4.453,13548.83
2025-09-21 00:00:00+00:00,4.452,4.472,4.443,4.468,28297.38
2025-09-21 01:00:00+00:00,4.468,4.472,4.445,4.451,71704.78
2025-09-21 02:00:00+00:00,4.451,4.472,4.349,4.463,209155.41
2025-09-21 03:00:00+00:00,4.463,4.48,4.458,4.477,127999.56
2025-09-21 04:00:00+00:00,4.476,4.482,4.463,4.477,65231.21
2025-09-21 05:00:00+00:00,4.478,4.498,4.472,4.497,34938.95
2025-09-21 06:00:00+00:00,4.498,4.511,4.492,4.493,62358.31
2025-09-21 07:00:00+00:00,4.492,4.504,4.483,4.498,49094.59
2025-09-21 08:00:00+00:00,4.499,4.507,4.476,4.483,52904.05
2025-09-21 09:00:00+00:00,4.483,4.487,4.424,4.467,131989.31
2025-09-21 10:00:00+00:00,4.466,4.472,4.435,4.438,58713.12
2025-09-21 11:00:00+00:00,4.437,4.452,4.429,4.438,60077.61
2025-09-21 12:00:00+00:00,4.438,4.468,4.438,4.443,37510.57
2025-09-21 13:00:00+00:00,4.442,4.459,4.439,4.45,33401.79
2025-09-21 14:00:00+00:00,4.449,4.46,4.434,4.439,50706.56
2025-09-21 15:00:00+00:00,4.439,4.454,4.432,4.434,40386.22
2025-09-21 16:00:00+00:00,4.434,4.444,4.405,4.425,92018.28
2025-09-21 17:00:00+00:00,4.424,4.439,4.398,4.438,54299.17
2025-09-21 18:00:00+00:00,4.439,4.45,4.43,4.45,23378.36
2025-09-21 19:00:00+00:00,4.45,4.45,4.419,4.445,37273.62
2025-09-21 20:00:00+00:00,4.446,4.451,4.423,4.427,39497.19
2025-09-21 21:00:00+00:00,4.429,4.434,4.414,4.423,27607.26
2025-09-21 22:00:00+00:00,4.423,4.433,4.402,4.431,30622.6
2025-09-21 23:00:00+00:00,4.43,4.43,4.399,4.4,32809.43
2025-09-22 00:00:00+00:00,4.4,4.422,4.318,4.326,309097.38
2025-09-22 01:00:00+00:00,4.325,4.365,4.316,4.339,96570.54
2025-09-22 02:00:00+00:00,4.341,4.351,4.257,4.293,233958.67
2025-09-22 03:00:00+00:00,4.293,4.325,4.292,4.312,110817.57
2025-09-22 04:00:00+00:00,4.312,4.326,4.296,4.31,69256.47
2025-09-22 05:00:00+00:00,4.31,4.319,4.243,4.246,118943.22
2025-09-22 06:00:00+00:00,4.246,4.25,4.031,4.187,976490.7
2025-09-22 07:00:00+00:00,4.186,4.197,4.156,4.158,209471.18
2025-09-22 08:00:00+00:00,4.159,4.178,4.14,4.155,153600.38
2025-09-22 09:00:00+00:00,4.157,4.161,4.126,4.13,151495.32
2025-09-22 10:00:00+00:00,4.131,4.18,4.128,4.178,98907.03
2025-09-22 11:00:00+00:00,4.177,4.182,4.153,4.16,97509.44
2025-09-22 12:00:00+00:00,4.16,4.184,4.146,4.173,88723.2
2025-09-22 13:00:00+00:00,4.172,4.19,4.149,4.185,85202.68
2025-09-22 14:00:00+00:00,4.186,4.189,4.134,4.143,106953.14
2025-09-22 15:00:00+00:00,4.143,4.15,4.114,4.124,117193.85
2025-09-22 16:00:00+00:00,4.124,4.142,4.106,4.117,91410.25
2025-09-22 17:00:00+00:00,4.117,4.135,4.102,4.125,84529.43
2025-09-22 18:00:00+00:00,4.124,4.128,4.109,4.112,59201.55
2025-09-22 19:00:00+00:00,4.112,4.117,4.081,4.088,131937.38
2025-09-22 20:00:00+00:00,4.089,4.135,4.083,4.133,45629.86
2025-09-22 21:00:00+00:00,4.133,4.162,4.125,4.161,54976.11
2025-09-22 22:00:00+00:00,4.161,4.161,4.143,4.15,23358.73
2025-09-22 23:00:00+00:00,4.148,4.162,4.143,4.161,25697.11
2025-09-23 00:00:00+00:00,4.161,4.173,4.144,4.145,58512.18
2025-09-23 01:00:00+00:00,4.146,4.151,4.124,4.126,49283.75
2025-09-23 02:00:00+00:00,4.126,4.144,4.11,4.112,81672.87
2025-09-23 03:00:00+00:00,4.113,4.179,4.096,4.165,104045.4
2025-09-23 04:00:00+00:00,4.166,4.176,4.14,4.155,61620.14
2025-09-23 05:00:00+00:00,4.156,4.171,4.138,4.152,35059.59
2025-09-23 06:00:00+00:00,4.152,4.211,4.149,4.201,67305.71
2025-09-23 07:00:00+00:00,4.2,4.211,4.184,4.185,35893.64
2025-09-23 08:00:00+00:00,4.186,4.207,4.182,4.201,34910.22
2025-09-23 09:00:00+00:00,4.201,4.217,4.17,4.179,40565.79
2025-09-23 10:00:00+00:00,4.178,4.2,4.177,4.196,43527.87
2025-09-23 11:00:00+00:00,4.196,4.2,4.177,4.189,39354.41
2025-09-23 12:00:00+00:00,4.189,4.211,4.183,4.203,64749.91
2025-09-23 13:00:00+00:00,4.203,4.21,4.172,4.179,66455.91
2025-09-23 14:00:00+00:00,4.179,4.205,4.165,4.169,63738.71
2025-09-23 15:00:00+00:00,4.17,4.2,4.154,4.187,54154.98
2025-09-23 16:00:00+00:00,4.187,4.222,4.167,4.209,56027.88
2025-09-23 17:00:00+00:00,4.208,4.208,4.155,4.161,46560.54
2025-09-23 18:00:00+00:00,4.162,4.18,4.149,4.155,54641.09
2025-09-23 19:00:00+00:00,4.155,4.183,4.145,4.153,48475.84
2025-09-23 20:00:00+00:00,4.152,4.168,4.128,4.157,55502.04
2025-09-23 21:00:00+00:00,4.158,4.173,4.142,4.17,25859.95
2025-09-23 22:00:00+00:00,4.17,4.175,4.143,4.144,34252.5
2025-09-23 23:00:00+00:00,4.144,4.154,4.12,4.127,42206.32
2025-09-24 00:00:00+00:00,4.128,4.164,4.122,4.148,36733.67
2025-09-24 01:00:00+00:00,4.147,4.184,4.137,4.181,20896.17
2025-09-24 02:00:00+00:00,4.181,4.185,4.153,4.168,33904.05
2025-09-24 03:00:00+00:00,4.168,4.174,4.108,4.115,69861.49
2025-09-24 04:00:00+00:00,4.115,4.163,4.07,4.139,128886.82
2025-09-24 05:00:00+00:00,4.138,4.193,4.137,4.191,70143.9
2025-09-24 06:00:00+00:00,4.191,4.202,4.168,4.194,151986.39
2025-09-24 07:00:00+00:00,4.195,4.209,4.179,4.194,28839.14
2025-09-24 08:00:00+00:00,4.195,4.209,4.19,4.199,42249.97
2025-09-24 09:00:00+00:00,4.199,4.218,4.192,4.216,35499.8
2025-09-24 10:00:00+00:00,4.215,4.217,4.198,4.211,48394.27
2025-09-24 11:00:00+00:00,4.211,4.224,4.206,4.22,51653.06
2025-09-24 12:00:00+00:00,4.22,4.228,4.21,4.217,31341.27
2025-09-24 13:00:00+00:00,4.217,4.223,4.183,4.185,93430.75
2025-09-24 14:00:00+00:00,4.186,4.224,4.185,4.205,55524.97
2025-09-24 15:00:00+00:00,4.205,4.208,4.166,4.174,131557.66
2025-09-24 16:00:00+00:00,4.174,4.191,4.167,4.178,33376.36
2025-09-24 17:00:00+00:00,4.179,4.197,4.174,4.188,35773.2
2025-09-24 18:00:00+00:00,4.189,4.191,4.168,4.173,25498.4
2025-09-24 19:00:00+00:00,4.174,4.181,4.163,4.176,52667.06
2025-09-24 20:00:00+00:00,4.175,4.184,4.155,4.18,23945.93
2025-09-24 21:00:00+00:00,4.18,4.18,4.147,4.152,32686.41
2025-09-24 22:00:00+00:00,4.153,4.17,4.15,4.16,17251.64
2025-09-24 23:00:00+00:00,4.161,4.168,4.144,4.153,24837.0
2025-09-25 00:00:00+00:00,4.153,4.163,4.126,4.133,47525.13
2025-09-25 01:00:00+00:00,4.133,4.145,4.112,4.125,86930.73
2025-09-25 02:00:00+00:00,4.124,4.16,4.102,4.138,106452.76
2025-09-25 03:00:00+00:00,4.137,4.137,4.089,4.12,63223.39
2025-09-25 04:00:00+00:00,4.119,4.132,4.05,4.074,114968.06
2025-09-25 05:00:00+00:00,4.073,4.121,4.059,4.108,67566.21
2025-09-25 06:00:00+00:00,4.108,4.111,4.067,4.072,49926.4
2025-09-25 07:00:00+00:00,4.072,4.098,4.067,4.072,30361.31
2025-09-25 08:00:00+00:00,4.072,4.092,4.048,4.063,111423.17
2025-09-25 09:00:00+00:00,4.061,4.092,4.052,4.056,77979.71
2025-09-25 10:00:00+00:00,4.055,4.088,4.054,4.058,29113.23
2025-09-25 11:00:00+00:00,4.058,4.067,4.038,4.051,66824.12
2025-09-25 12:00:00+00:00,4.049,4.09,4.0,4.067,216927.35
2025-09-25 13:00:00+00:00,4.067,4.12,4.052,4.072,198202.46
2025-09-25 14:00:00+00:00,4.074,4.12,4.074,4.088,82814.04
2025-09-25 15:00:00+00:00,4.087,4.094,4.057,4.063,59270.2
2025-09-25 16:00:00+00:00,4.063,4.073,4.004,4.011,87307.82
2025-09-25 17:00:00+00:00,4.012,4.024,3.941,3.964,431402.27
2025-09-25 18:00:00+00:00,3.964,4.055,3.944,4.055,183773.72
2025-09-25 19:00:00+00:00,4.056,4.08,4.037,4.043,64775.56
2025-09-25 20:00:00+00:00,4.043,4.047,4.007,4.011,65327.34
2025-09-25 21:00:00+00:00,4.011,4.047,4.0,4.041,64109.76
2025-09-25 22:00:00+00:00,4.04,4.056,4.012,4.026,28764.72
2025-09-25 23:00:00+00:00,4.026,4.044,3.98,4.012,68441.71
2025-09-26 00:00:00+00:00,4.013,4.062,4.006,4.055,48219.67
2025-09-26 01:00:00+00:00,4.056,4.064,4.038,4.048,46109.59
2025-09-26 02:00:00+00:00,4.047,4.061,4.03,4.041,25139.17
2025-09-26 03:00:00+00:00,4.04,4.052,4.029,4.046,26570.2
2025-09-26 04:00:00+00:00,4.046,4.052,4.027,4.031,34680.96
2025-09-26 05:00:00+00:00,4.031,4.05,4.012,4.019,24489.27
2025-09-26 06:00:00+00:00,4.02,4.039,4.001,4.014,56977.67
2025-09-26 07:00:00+00:00,4.014,4.034,3.996,4.021,37446.62
2025-09-26 08:00:00+00:00,4.021,4.044,4.02,4.028,84135.68
2025-09-26 09:00:00+00:00,4.03,4.04,4.002,4.017,44249.72
2025-09-26 10:00:00+00:00,4.018,4.019,3.981,3.993,60192.25
2025-09-26 11:00:00+00:00,3.992,4.012,3.975,4.003,47164.46
2025-09-26 12:00:00+00:00,4.003,4.052,3.964,4.028,115246.97
2025-09-26 13:00:00+00:00,4.028,4.061,4.009,4.051,92675.86
2025-09-26 14:00:00+00:00,4.051,4.057,4.011,4.022,71700.13
2025-09-26 15:00:00+00:00,4.023,4.06,4.022,4.058,75340.96
2025-09-26 16:00:00+00:00,4.057,4.108,4.056,4.106,71923.12
2025-09-26 17:00:00+00:00,4.107,4.158,4.101,4.151,170858.97
2025-09-26 18:00:00+00:00,4.15,4.183,4.149,4.175,99629.89
2025-09-26 19:00:00+00:00,4.175,4.175,4.128,4.145,74452.31
2025-09-26 20:00:00+00:00,4.146,4.151,4.116,4.118,40812.37
2025-09-26 21:00:00+00:00,4.118,4.13,4.111,4.121,34170.13
2025-09-26 22:00:00+00:00,4.121,4.134,4.115,4.115,44410.93
2025-09-26 23:00:00+00:00,4.115,4.119,4.106,4.114,37761.16
2025-09-27 00:00:00+00:00,4.116,4.121,4.1,4.111,33420.83
2025-09-27 01:00:00+00:00,4.11,4.11,4.09,4.097,17888.11
2025-09-27 02:00:00+00:00,4.097,4.1,4.087,4.088,14212.04
2025-09-27 03:00:00+00:00,4.086,4.106,4.086,4.089,30121.78
2025-09-27 04:00:00+00:00,4.088,4.099,4.084,4.098,19188.12
2025-09-27 05:00:00+00:00,4.098,4.113,4.085,4.107,24465.7
2025-09-27 06:00:00+00:00,4.108,4.121,4.103,4.121,45698.95
2025-09-27 07:00:00+00:00,4.122,4.125,4.101,4.108,30158.48
2025-09-27 08:00:00+00:00,4.108,4.109,4.068,4.073,51085.61
2025-09-27 09:00:00+00:00,4.072,4.093,4.06,4.089,55906.29
2025-09-27 10:00:00+00:00,4.088,4.104,4.079,4.093,43413.31
2025-09-27 11:00:00+00:00,4.093,4.095,4.084,4.092,24061.22
2025-09-27 12:00:00+00:00,4.093,4.104,4.075,4.1,37656.41
2025-09-27 13:00:00+00:00,4.101,4.101,4.084,4.087,26243.91
2025-09-27 14:00:00+00:00,4.087,4.096,4.083,4.088,26643.6
2025-09-27 15:00:00+00:00,4.09,4.099,4.068,4.097,52775.78
2025-09-27 16:00:00+00:00,4.098,4.1,4.075,4.084,69342.48
2025-09-27 17:00:00+00:00,4.084,4.084,4.055,4.075,69676.23
2025-09-27 18:00:00+00:00,4.075,4.078,4.06,4.072,43612.06
2025-09-27 19:00:00+00:00,4.073,4.08,4.059,4.077,41938.95
2025-09-27 20:00:00+00:00,4.077,4.096,4.076,4.095,56236.04
2025-09-27 21:00:00+00:00,4.094,4.13,4.094,4.127,77998.94
2025-09-27 22:00:00+00:00,4.127,4.162,4.126,4.138,72753.56
2025-09-27 23:00:00+00:00,4.137,4.142,4.11,4.111,63689.66
2025-09-28 00:00:00+00:00,4.112,4.124,4.095,4.096,35970.57
2025-09-28 01:00:00+00:00,4.095,4.095,4.065,4.074,34275.56
2025-09-28 02:00:00+00:00,4.074,4.085,4.065,4.074,16173.02
2025-09-28 03:00:00+00:00,4.075,4.076,4.056,4.07,22600.63
2025-09-28 04:00:00+00:00,4.069,4.071,4.056,4.069,19740.75
2025-09-28 05:00:00+00:00,4.068,4.077,4.054,4.058,31227.06
2025-09-28 06:00:00+00:00,4.058,4.061,4.031,4.046,120198.21
2025-09-28 07:00:00+00:00,4.046,4.053,4.033,4.042,31969.04
2025-09-28 08:00:00+00:00,4.042,4.052,4.03,4.036,45591.5
2025-09-28 09:00:00+00:00,4.036,4.049,4.026,4.036,29121.02
2025-09-28 10:00:00+00:00,4.036,4.052,4.023,4.049,25095.12
2025-09-28 11:00:00+00:00,4.05,4.053,4.03,4.045,63626.72
2025-09-28 12:00:00+00:00,4.046,4.049,4.024,4.042,61780.66
2025-09-28 13:00:00+00:00,4.042,4.102,4.038,4.097,108247.51
2025-09-28 14:00:00+00:00,4.097,4.11,4.086,4.1,49288.81
2025-09-28 15:00:00+00:00,4.1,4.105,4.083,4.092,36148.12
2025-09-28 16:00:00+00:00,4.094,4.122,4.085,4.095,39008.4
2025-09-28 17:00:00+00:00,4.095,4.109,4.074,4.107,44434.39
2025-09-28 18:00:00+00:00,4.106,4.124,4.097,4.124,28911.47
2025-09-28 19:00:00+00:00,4.124,4.125,4.106,4.111,19657.78
2025-09-28 20:00:00+00:00,4.112,4.138,4.11,4.131,30830.23
2025-09-28 21:00:00+00:00,4.132,4.145,4.12,4.13,43889.8
2025-09-28 22:00:00+00:00,4.131,4.187,4.13,4.179,99714.44
2025-09-28 23:00:00+00:00,4.18,4.187,4.174,4.183,52746.84
2025-09-29 00:00:00+00:00,4.183,4.184,4.167,4.169,53302.66
2025-09-29 01:00:00+00:00,4.17,4.17,4.143,4.145,40901.12
2025-09-29 02:00:00+00:00,4.146,4.165,4.139,4.154,21844.3
2025-09-29 03:00:00+00:00,4.154,4.155,4.141,4.149,37800.04
2025-09-29 04:00:00+00:00,4.15,4.15,4.123,4.128,21964.24
2025-09-29 05:00:00+00:00,4.127,4.131,4.111,4.131,21307.54
2025-09-29 06:00:00+00:00,4.13,4.132,4.111,4.112,27465.8
2025-09-29 07:00:00+00:00,4.111,4.137,4.104,4.124,33071.78
2025-09-29 08:00:00+00:00,4.124,4.158,4.117,4.149,51160.41
2025-09-29 09:00:00+00:00,4.149,4.157,4.13,4.135,35864.58
2025-09-29 10:00:00+00:00,4.135,4.142,4.108,4.109,26339.12
2025-09-29 11:00:00+00:00,4.109,4.117,4.085,4.104,104444.08
2025-09-29 12:00:00+00:00,4.104,4.104,4.043,4.051,98302.4
2025-09-29 13:00:00+00:00,4.05,4.087,4.008,4.074,232349.5
2025-09-29 14:00:00+00:00,4.073,4.13,4.069,4.125,134416.51
2025-09-29 15:00:00+00:00,4.125,4.134,4.087,4.092,76857.61
2025-09-29 16:00:00+00:00,4.093,4.114,4.059,4.06,119135.46
2025-09-29 17:00:00+00:00,4.061,4.091,4.049,4.088,81340.39
2025-09-29 18:00:00+00:00,4.087,4.093,4.071,4.093,54382.05
2025-09-29 19:00:00+00:00,4.094,4.119,4.087,4.114,76581.9
2025-09-29 20:00:00+00:00,4.113,4.161,4.111,4.156,65386.44
2025-09-29 21:00:00+00:00,4.157,4.165,4.139,4.142,43432.72
2025-09-29 22:00:00+00:00,4.143,4.145,4.122,4.125,22849.97
2025-09-29 23:00:00+00:00,4.125,4.131,4.112,4.113,30053.4
2025-09-30 00:00:00+00:00,4.113,4.113,4.072,4.073,81904.96
2025-09-30 01:00:00+00:00,4.073,4.09,4.044,4.063,70183.22
2025-09-30 02:00:00+00:00,4.062,4.079,4.055,4.063,42691.45
2025-09-30 03:00:00+00:00,4.063,4.082,4.059,4.069,41476.93
2025-09-30 04:00:00+00:00,4.069,4.083,4.065,4.07,30677.42
2025-09-30 05:00:00+00:00,4.071,4.085,4.058,4.075,68273.89
2025-09-30 06:00:00+00:00,4.076,4.081,4.061,4.061,53769.77
2025-09-30 07:00:00+00:00,4.062,4.073,4.046,4.057,59613.07
2025-09-30 08:00:00+00:00,4.057,4.06,4.035,4.037,50684.24
2025-09-30 09:00:00+00:00,4.036,4.045,4.019,4.021,73962.78
2025-09-30 10:00:00+00:00,4.02,4.042,4.015,4.037,48206.46
2025-09-30 11:00:00+00:00,4.038,4.068,4.029,4.067,65619.56
2025-09-30 12:00:00+00:00,4.066,4.066,4.037,4.039,34804.22
2025-09-30 13:00:00+00:00,4.04,4.062,4.03,4.04,43009.31
2025-09-30 14:00:00+00:00,4.04,4.044,4.017,4.031,48711.83
2025-09-30 15:00:00+00:00,4.031,4.031,3.976,4.016,98459.68
2025-09-30 16:00:00+00:00,4.014,4.023,3.999,4.013,29415.7
2025-09-30 17:00:00+00:00,4.013,4.033,4.009,4.01,40267.84
2025-09-30 18:00:00+00:00,4.012,4.04,4.005,4.033,25204.68
2025-09-30 19:00:00+00:00,4.032,4.076,4.026,4.075,66163.06
2025-09-30 20:00:00+00:00,4.075,4.09,4.067,4.09,50700.99
2025-09-30 21:00:00+00:00,4.091,4.102,4.079,4.081,113983.32
2025-09-30 22:00:00+00:00,4.083,4.108,4.083,4.099,66422.34
2025-09-30 23:00:00+00:00,4.1,4.101,4.083,4.1,35164.36
2025-10-01 00:00:00+00:00,4.101,4.119,4.083,4.106,42169.4
2025-10-01 01:00:00+00:00,4.108,4.13,4.094,4.127,49458.67
2025-10-01 02:00:00+00:00,4.127,4.135,4.104,4.106,102878.15
2025-10-01 03:00:00+00:00,4.106,4.115,4.082,4.082,34428.83
2025-10-01 04:00:00+00:00,4.081,4.119,4.08,4.105,34594.06
2025-10-01 05:00:00+00:00,4.106,4.131,4.106,4.115,26592.77
2025-10-01 06:00:00+00:00,4.114,4.119,4.093,4.096,33468.51
2025-10-01 07:00:00+00:00,4.096,4.12,4.09,4.102,30867.8
2025-10-01 08:00:00+00:00,4.101,4.239,4.095,4.232,314527.93
2025-10-01 09:00:00+00:00,4.232,4.257,4.215,4.235,387597.91
2025-10-01 10:00:00+00:00,4.236,4.241,4.201,4.213,91194.89
2025-10-01 11:00:00+00:00,4.213,4.222,4.201,4.207,59593.95
2025-10-01 12:00:00+00:00,4.208,4.216,4.189,4.191,73061.27
2025-10-01 13:00:00+00:00,4.19,4.207,4.185,4.196,90298.78
2025-10-01 14:00:00+00:00,4.196,4.219,4.19,4.194,230620.49
2025-10-01 15:00:00+00:00,4.195,4.202,4.178,4.194,164724.77
2025-10-01 16:00:00+00:00,4.195,4.2,4.158,4.168,219281.83
2025-10-01 17:00:00+00:00,4.167,4.182,4.138,4.14,322380.23
2025-10-01 18:00:00+00:00,4.14,4.204,4.14,4.202,118609.55
2025-10-01 19:00:00+00:00,4.201,4.215,4.154,4.156,575073.24
2025-10-01 20:00:00+00:00,4.156,4.164,4.102,4.107,509795.52
2025-10-01 21:00:00+00:00,4.106,4.106,4.062,4.101,539957.14
2025-10-01 22:00:00+00:00,4.102,4.122,4.102,4.106,208704.51
2025-10-01 23:00:00+00:00,4.106,4.137,4.095,4.136,170663.26
2025-10-02 00:00:00+00:00,4.137,4.153,4.129,4.139,170173.01
2025-10-02 01:00:00+00:00,4.139,4.204,4.135,4.201,133513.16
2025-10-02 02:00:00+00:00,4.2,4.221,4.177,4.206,71190.27
2025-10-02 03:00:00+00:00,4.206,4.221,4.197,4.201,75458.42
2025-10-02 04:00:00+00:00,4.201,4.219,4.186,4.215,120147.95
2025-10-02 05:00:00+00:00,4.216,4.242,4.21,4.21,144316.74
2025-10-02 06:00:00+00:00,4.211,4.238,4.206,4.225,146314.52
2025-10-02 07:00:00+00:00,4.225,4.24,4.214,4.216,56837.38
2025-10-02 08:00:00+00:00,4.217,4.233,4.212,4.224,71057.9
2025-10-02 09:00:00+00:00,4.223,4.24,4.218,4.235,48564.29
2025-10-02 10:00:00+00:00,4.234,4.261,4.218,4.253,117736.42
2025-10-02 11:00:00+00:00,4.251,4.272,4.241,4.257,76719.48
2025-10-02 12:00:00+00:00,4.257,4.281,4.248,4.277,96479.41
2025-10-02 13:00:00+00:00,4.278,4.281,4.231,4.273,215596.61
2025-10-02 14:00:00+00:00,4.272,4.274,4.18,4.193,170488.56
2025-10-02 15:00:00+00:00,4.193,4.233,4.168,4.232,122845.06
2025-10-02 16:00:00+00:00,4.231,4.269,4.229,4.246,213808.63
2025-10-02 17:00:00+00:00,4.248,4.28,4.24,4.27,186646.79
2025-10-02 18:00:00+00:00,4.272,4.304,4.271,4.279,310857.75
2025-10-02 19:00:00+00:00,4.279,4.313,4.271,4.297,184812.36
2025-10-02 20:00:00+00:00,4.297,4.309,4.278,4.307,85245.11
2025-10-02 21:00:00+00:00,4.308,4.319,4.299,4.306,75456.67
2025-10-02 22:00:00+00:00,4.307,4.321,4.293,4.298,80607.39
2025-10-02 23:00:00+00:00,4.299,4.317,4.287,4.315,41789.99
2025-10-03 00:00:00+00:00,4.314,4.318,4.258,4.26,86385.79
2025-10-03 01:00:00+00:00,4.26,4.269,4.227,4.237,46464.36
2025-10-03 02:00:00+00:00,4.236,4.258,4.233,4.251,63360.91
2025-10-03 03:00:00+00:00,4.25,4.278,4.227,4.23,86310.26
2025-10-03 04:00:00+00:00,4.23,4.261,4.229,4.25,46409.04
2025-10-03 05:00:00+00:00,4.251,4.253,4.221,4.236,39440.35
2025-10-03 06:00:00+00:00,4.237,4.263,4.223,4.238,85462.77
2025-10-03 07:00:00+00:00,4.238,4.242,4.221,4.241,41152.76
2025-10-03 08:00:00+00:00,4.241,4.248,4.213,4.247,131507.09
2025-10-03 09:00:00+00:00,4.246,4.25,4.23,4.246,63249.37
2025-10-03 10:00:00+00:00,4.245,4.252,4.235,4.242,39915.79
2025-10-03 11:00:00+00:00,4.244,4.245,4.224,4.228,46869.65
2025-10-03 12:00:00+00:00,4.228,4.245,4.222,4.237,54738.12
2025-10-03 13:00:00+00:00,4.238,4.25,4.208,4.233,177879.76
2025-10-03 14:00:00+00:00,4.234,4.255,4.195,4.246,150701.45
2025-10-03 15:00:00+00:00,4.246,4.31,4.22,4.307,275916.69
2025-10-03 16:00:00+00:00,4.306,4.353,4.297,4.3,247589.77
2025-10-03 17:00:00+00:00,4.3,4.31,4.234,4.258,227254.74
2025-10-03 18:00:00+00:00,4.259,4.305,4.244,4.301,68733.15
2025-10-03 19:00:00+00:00,4.302,4.326,4.292,4.31,59143.31
2025-10-03 20:00:00+00:00,4.311,4.322,4.294,4.317,39787.53
2025-10-03 21:00:00+00:00,4.317,4.325,4.298,4.303,49527.27
2025-10-03 22:00:00+00:00,4.303,4.313,4.295,4.298,38422.84
2025-10-03 23:00:00+00:00,4.297,4.299,4.277,4.278,54065.55
2025-10-04 00:00:00+00:00,4.28,4.293,4.262,4.272,48425.32
2025-10-04 01:00:00+00:00,4.273,4.273,4.233,4.242,52245.21
2025-10-04 02:00:00+00:00,4.242,4.255,4.221,4.238,42655.97
2025-10-04 03:00:00+00:00,4.237,4.239,4.214,4.227,33342.35
2025-10-04 04:00:00+00:00,4.227,4.237,4.212,4.218,32368.74
2025-10-04 05:00:00+00:00,4.219,4.233,4.211,4.222,43453.07
2025-10-04 06:00:00+00:00,4.223,4.236,4.219,4.229,41574.0
2025-10-04 07:00:00+00:00,4.23,4.23,4.194,4.202,73202.4
2025-10-04 08:00:00+00:00,4.202,4.203,4.161,4.169,72971.84
2025-10-04 09:00:00+00:00,4.169,4.181,4.129,4.136,124904.18
2025-10-04 10:00:00+00:00,4.135,4.157,4.124,4.131,90537.15
2025-10-04 11:00:00+00:00,4.13,4.141,4.123,4.135,49896.58
2025-10-04 12:00:00+00:00,4.136,4.142,4.123,4.127,77893.47
2025-10-04 13:00:00+00:00,4.127,4.159,4.123,4.138,59197.95
2025-10-04 14:00:00+00:00,4.138,4.153,4.105,4.105,90394.57
2025-10-04 15:00:00+00:00,4.105,4.123,4.091,4.102,112669.04
2025-10-04 16:00:00+00:00,4.102,4.114,4.088,4.11,63057.39
2025-10-04 17:00:00+00:00,4.109,4.123,4.103,4.112,44533.2
2025-10-04 18:00:00+00:00,4.113,4.117,4.1,4.103,52489.93
2025-10-04 19:00:00+00:00,4.103,4.119,4.103,4.116,26220.3
2025-10-04 20:00:00+00:00,4.117,4.13,4.115,4.121,31524.21
2025-10-04 21:00:00+00:00,4.121,4.14,4.12,4.128,25172.89
2025-10-04 22:00:00+00:00,4.128,4.145,4.124,4.138,38579.58
2025-10-04 23:00:00+00:00,4.138,4.14,4.128,4.136,31257.52
2025-10-05 00:00:00+00:00,4.136,4.147,4.113,4.115,39248.97
2025-10-05 01:00:00+00:00,4.115,4.134,4.114,4.13,19272.33
2025-10-05 02:00:00+00:00,4.131,4.176,4.117,4.176,128509.49
2025-10-05 03:00:00+00:00,4.176,4.19,4.166,4.169,77579.4
2025-10-05 04:00:00+00:00,4.169,4.237,4.163,4.199,255850.58
2025-10-05 05:00:00+00:00,4.2,4.212,4.187,4.212,47638.22
2025-10-05 06:00:00+00:00,4.211,4.222,4.207,4.217,50989.22
2025-10-05 07:00:00+00:00,4.216,4.268,4.216,4.268,92954.08
2025-10-05 08:00:00+00:00,4.268,4.284,4.263,4.28,145763.3
2025-10-05 09:00:00+00:00,4.28,4.307,4.255,4.268,228611.41
2025-10-05 10:00:00+00:00,4.269,4.273,4.233,4.233,80009.67
2025-10-05 11:00:00+00:00,4.232,4.24,4.195,4.226,276163.59
2025-10-05 12:00:00+00:00,4.225,4.226,4.187,4.187,98938.61
2025-10-05 13:00:00+00:00,4.188,4.241,4.187,4.239,191571.74
2025-10-05 14:00:00+00:00,4.24,4.26,4.196,4.207,81890.74
2025-10-05 15:00:00+00:00,4.207,4.225,4.2,4.217,55842.21
2025-10-05 16:00:00+00:00,4.217,4.236,4.19,4.221,101555.11
2025-10-05 17:00:00+00:00,4.22,4.233,4.17,4.178,68626.28
2025-10-05 18:00:00+00:00,4.178,4.197,4.161,4.189,54729.55
2025-10-05 19:00:00+00:00,4.188,4.188,4.133,4.138,69142.99
2025-10-05 20:00:00+00:00,4.138,4.163,4.123,4.146,49574.26
2025-10-05 21:00:00+00:00,4.145,4.153,4.134,4.148,27773.76
2025-10-05 22:00:00+00:00,4.147,4.165,4.133,4.159,28144.98
2025-10-05 23:00:00+00:00,4.159,4.166,4.146,4.148,26661.47
2025-10-06 00:00:00+00:00,4.148,4.175,4.119,4.129,116260.52
2025-10-06 01:00:00+00:00,4.129,4.174,4.109,4.155,94992.52
2025-10-06 02:00:00+00:00,4.155,4.175,4.13,4.161,78391.0
2025-10-06 03:00:00+00:00,4.16,4.176,4.15,4.158,22809.26
2025-10-06 04:00:00+00:00,4.158,4.162,4.136,4.139,49263.26
2025-10-06 05:00:00+00:00,4.138,4.157,4.123,4.154,49120.17
2025-10-06 06:00:00+00:00,4.154,4.187,4.153,4.17,68728.94
2025-10-06 07:00:00+00:00,4.171,4.185,4.142,4.156,107209.48
2025-10-06 08:00:00+00:00,4.158,4.183,4.157,4.171,87759.3
2025-10-06 09:00:00+00:00,4.171,4.182,4.16,4.165,96917.12
2025-10-06 10:00:00+00:00,4.164,4.18,4.154,4.177,57724.23
2025-10-06 11:00:00+00:00,4.177,4.193,4.158,4.167,62677.15
2025-10-06 12:00:00+00:00,4.166,4.183,4.164,4.179,123283.94
2025-10-06 13:00:00+00:00,4.179,4.228,4.172,4.227,109134.23
2025-10-06 14:00:00+00:00,4.227,4.243,4.207,4.215,150079.81
2025-10-06 15:00:00+00:00,4.216,4.273,4.216,4.258,97994.1
2025-10-06 16:00:00+00:00,4.258,4.277,4.226,4.276,159689.61
2025-10-06 17:00:00+00:00,4.276,4.307,4.265,4.274,154696.27
2025-10-06 18:00:00+00:00,4.275,4.294,4.271,4.284,62044.95
2025-10-06 19:00:00+00:00,4.284,4.295,4.275,4.286,63972.31
2025-10-06 20:00:00+00:00,4.287,4.305,4.272,4.275,61305.35
2025-10-06 21:00:00+00:00,4.276,4.292,4.262,4.284,55599.36
2025-10-06 22:00:00+00:00,4.285,4.295,4.271,4.288,38460.29
2025-10-06 23:00:00+00:00,4.288,4.291,4.264,4.272,39490.83
2025-10-07 00:00:00+00:00,4.272,4.286,4.264,4.276,51853.71
2025-10-07 01:00:00+00:00,4.276,4.291,4.25,4.256,38322.14
2025-10-07 02:00:00+00:00,4.255,4.259,4.235,4.24,35204.44
2025-10-07 03:00:00+00:00,4.24,4.246,4.23,4.242,20816.61
2025-10-07 04:00:00+00:00,4.241,4.296,4.224,4.282,72693.25
2025-10-07 05:00:00+00:00,4.282,4.293,4.264,4.269,54461.39
2025-10-07 06:00:00+00:00,4.268,4.271,4.202,4.208,112513.63
2025-10-07 07:00:00+00:00,4.208,4.229,4.196,4.212,70745.48
2025-10-07 08:00:00+00:00,4.212,4.212,4.17,4.198,127754.68
2025-10-07 09:00:00+00:00,4.196,4.22,4.19,4.199,156457.24
2025-10-07 10:00:00+00:00,4.198,4.215,4.13,4.178,664026.76
2025-10-07 11:00:00+00:00,4.177,4.221,4.177,4.219,83952.65
2025-10-07 12:00:00+00:00,4.219,4.227,4.203,4.226,70501.71
2025-10-07 13:00:00+00:00,4.227,4.23,4.155,4.185,164387.77
2025-10-07 14:00:00+00:00,4.185,4.191,4.116,4.117,210927.56
2025-10-07 15:00:00+00:00,4.118,4.12,4.034,4.063,509387.22
2025-10-07 16:00:00+00:00,4.062,4.098,4.04,4.077,170097.32
2025-10-07 17:00:00+00:00,4.077,4.087,4.048,4.054,120185.04
2025-10-07 18:00:00+00:00,4.055,4.069,4.048,4.049,66625.62
2025-10-07 19:00:00+00:00,4.049,4.079,4.046,4.065,102781.23
2025-10-07 20:00:00+00:00,4.066,4.099,4.063,4.079,63480.59
2025-10-07 21:00:00+00:00,4.079,4.094,4.061,4.068,42085.78
2025-10-07 22:00:00+00:00,4.069,4.085,4.059,4.077,41601.03
2025-10-07 23:00:00+00:00,4.076,4.079,4.045,4.056,86681.82
2025-10-08 00:00:00+00:00,4.055,4.085,4.052,4.078,54242.71
2025-10-08 01:00:00+00:00,4.078,4.09,4.071,4.084,29246.66
2025-10-08 02:00:00+00:00,4.083,4.089,4.065,4.065,32428.82
2025-10-08 03:00:00+00:00,4.064,4.065,4.01,4.028,100462.04
2025-10-08 04:00:00+00:00,4.029,4.055,4.011,4.052,66410.43
2025-10-08 05:00:00+00:00,4.052,4.052,4.024,4.044,36588.66
2025-10-08 06:00:00+00:00,4.043,4.058,4.03,4.052,34084.96
2025-10-08 07:00:00+00:00,4.051,4.069,4.045,4.069,41604.16
2025-10-08 08:00:00+00:00,4.068,4.091,4.061,4.08,69253.56
2025-10-08 09:00:00+00:00,4.079,4.083,4.059,4.073,32538.05
2025-10-08 10:00:00+00:00,4.072,4.083,4.068,4.074,30507.47
2025-10-08 11:00:00+00:00,4.076,4.084,4.061,4.066,46092.37
2025-10-08 12:00:00+00:00,4.066,4.074,4.06,4.071,49335.88
2025-10-08 13:00:00+00:00,4.072,4.1,4.058,4.1,69997.01
2025-10-08 14:00:00+00:00,4.1,4.142,4.085,4.094,139461.97
2025-10-08 15:00:00+00:00,4.093,4.122,4.092,4.11,21402.19
2025-10-08 16:00:00+00:00,4.111,4.144,4.108,4.143,53862.45
2025-10-08 17:00:00+00:00,4.144,4.204,4.142,4.196,207218.61
2025-10-08 18:00:00+00:00,4.196,4.202,4.154,4.165,71057.55
2025-10-08 19:00:00+00:00,4.164,4.176,4.152,4.173,59384.08
2025-10-08 20:00:00+00:00,4.173,4.186,4.16,4.164,76972.72
2025-10-08 21:00:00+00:00,4.162,4.18,4.152,4.161,39678.33
2025-10-08 22:00:00+00:00,4.162,4.195,4.161,4.174,57374.29
2025-10-08 23:00:00+00:00,4.174,4.189,4.159,4.173,54740.56
2025-10-09 00:00:00+00:00,4.173,4.186,4.135,4.136,55802.87
2025-10-09 01:00:00+00:00,4.137,4.139,4.114,4.128,44151.46
2025-10-09 02:00:00+00:00,4.128,4.128,4.052,4.062,83553.73
2025-10-09 03:00:00+00:00,4.061,4.098,4.06,4.089,33153.86
2025-10-09 04:00:00+00:00,4.09,4.108,4.084,4.108,24228.32
2025-10-09 05:00:00+00:00,4.108,4.111,4.081,4.089,49461.34
2025-10-09 06:00:00+00:00,4.089,4.089,4.066,4.072,57271.25
2025-10-09 07:00:00+00:00,4.071,4.077,4.049,4.06,34532.13
2025-10-09 08:00:00+00:00,4.06,4.065,4.001,4.006,164175.84
2025-10-09 09:00:00+00:00,4.005,4.038,4.005,4.029,70329.5
2025-10-09 10:00:00+00:00,4.029,4.055,4.01,4.038,132461.26
2025-10-09 11:00:00+00:00,4.039,4.05,4.029,4.031,79550.18
2025-10-09 12:00:00+00:00,4.031,4.076,4.028,4.063,96619.29
2025-10-09 13:00:00+00:00,4.063,4.066,4.018,4.02,65127.49
2025-10-09 14:00:00+00:00,4.02,4.045,3.992,4.022,161444.93
2025-10-09 15:00:00+00:00,4.023,4.038,3.993,4.013,112950.74
2025-10-09 16:00:00+00:00,4.013,4.025,3.986,3.995,168689.1
2025-10-09 17:00:00+00:00,3.993,4.046,3.991,4.046,80911.36
2025-10-09 18:00:00+00:00,4.046,4.048,4.028,4.03,59869.25
2025-10-09 19:00:00+00:00,4.029,4.056,4.027,4.036,53545.81
2025-10-09 20:00:00+00:00,4.037,4.05,4.03,4.041,50237.7
2025-10-09 21:00:00+00:00,4.04,4.049,4.034,4.048,33253.13
2025-10-09 22:00:00+00:00,4.049,4.074,4.044,4.065,44174.16
2025-10-09 23:00:00+00:00,4.065,4.065,4.047,4.057,42651.4
2025-10-10 00:00:00+00:00,4.057,4.068,4.047,4.053,38109.53
2025-10-10 01:00:00+00:00,4.052,4.07,4.051,4.059,50225.44
2025-10-10 02:00:00+00:00,4.06,4.075,4.038,4.04,81172.2
2025-10-10 03:00:00+00:00,4.041,4.1,4.03,4.081,68876.0
2025-10-10 04:00:00+00:00,4.08,4.094,4.059,4.068,49380.87
2025-10-10 05:00:00+00:00,4.07,4.088,4.052,4.085,42261.76
2025-10-10 06:00:00+00:00,4.085,4.091,4.048,4.058,69348.35
2025-10-10 07:00:00+00:00,4.057,4.062,4.044,4.044,42902.98
2025-10-10 08:00:00+00:00,4.045,4.074,4.04,4.074,45463.31
2025-10-10 09:00:00+00:00,4.074,4.104,4.057,4.077,103747.45
2025-10-10 10:00:00+00:00,4.076,4.11,4.075,4.106,50984.51
2025-10-10 11:00:00+00:00,4.105,4.123,4.095,4.113,63808.39
2025-10-10 12:00:00+00:00,4.113,4.125,4.108,4.12,82215.27
2025-10-10 13:00:00+00:00,4.121,4.159,4.119,4.136,90799.51
2025-10-10 14:00:00+00:00,4.136,4.188,4.075,4.093,263666.1
2025-10-10 15:00:00+00:00,4.094,4.101,3.914,3.968,628586.21
2025-10-10 16:00:00+00:00,3.968,4.01,3.958,3.974,138484.4
2025-10-10 17:00:00+00:00,3.973,3.98,3.934,3.95,133277.78
2025-10-10 18:00:00+00:00,3.95,3.967,3.925,3.932,151405.81
2025-10-10 19:00:00+00:00,3.932,3.945,3.855,3.914,298645.03
2025-10-10 20:00:00+00:00,3.915,3.938,3.65,3.708,533690.97
2025-10-10 21:00:00+00:00,3.712,3.768,0.001,2.944,3732513.55
2025-10-10 22:00:00+00:00,2.948,2.976,2.656,2.904,2717621.89
2025-10-10 23:00:00+00:00,2.903,3.061,2.794,2.946,2571668.7
2025-10-11 00:00:00+00:00,2.942,3.042,2.856,2.94,1653040.37
2025-10-11 01:00:00+00:00,2.939,2.946,2.866,2.906,1033280.88
2025-10-11 02:00:00+00:00,2.905,3.103,2.902,3.081,727046.31
2025-10-11 03:00:00+00:00,3.081,3.098,3.011,3.048,457936.06
2025-10-11 04:00:00+00:00,3.048,3.166,3.044,3.166,315693.87
2025-10-11 05:00:00+00:00,3.167,3.18,3.102,3.127,262997.86
2025-10-11 06:00:00+00:00,3.127,3.196,3.112,3.146,189964.09
2025-10-11 07:00:00+00:00,3.147,3.159,3.111,3.144,421366.97
2025-10-11 08:00:00+00:00,3.146,3.261,3.128,3.254,330815.2
2025-10-11 09:00:00+00:00,3.254,3.296,3.226,3.235,245618.07
2025-10-11 10:00:00+00:00,3.234,3.286,3.225,3.258,262590.5
2025-10-11 11:00:00+00:00,3.258,3.261,3.196,3.197,218659.31
2025-10-11 12:00:00+00:00,3.197,3.197,3.122,3.125,318912.39
2025-10-11 13:00:00+00:00,3.124,3.141,3.081,3.131,314051.46
2025-10-11 14:00:00+00:00,3.131,3.159,3.104,3.156,222703.06
2025-10-11 15:00:00+00:00,3.155,3.207,3.155,3.196,211436.4
2025-10-11 16:00:00+00:00,3.196,3.234,3.192,3.225,182805.35
2025-10-11 17:00:00+00:00,3.226,3.261,3.214,3.241,158512.67
2025-10-11 18:00:00+00:00,3.241,3.244,3.206,3.227,111130.38
2025-10-11 19:00:00+00:00,3.226,3.242,3.129,3.15,309187.55
2025-10-11 20:00:00+00:00,3.148,3.155,3.073,3.088,300859.11
2025-10-11 21:00:00+00:00,3.088,3.144,3.042,3.135,239641.94
2025-10-11 22:00:00+00:00,3.135,3.177,3.133,3.149,108334.5
2025-10-11 23:00:00+00:00,3.148,3.163,3.135,3.143,88738.96
2025-10-12 00:00:00+00:00,3.142,3.142,3.049,3.058,198440.2
2025-10-12 01:00:00+00:00,3.058,3.094,3.043,3.047,168164.75
2025-10-12 02:00:00+00:00,3.047,3.087,3.036,3.072,199609.96
2025-10-12 03:00:00+00:00,3.071,3.144,3.064,3.123,146640.76
2025-10-12 04:00:00+00:00,3.123,3.177,3.122,3.164,70728.03
2025-10-12 05:00:00+00:00,3.165,3.198,3.162,3.186,82611.68
2025-10-12 06:00:00+00:00,3.186,3.23,3.179,3.23,90871.03
2025-10-12 07:00:00+00:00,3.229,3.278,3.205,3.267,152529.18
2025-10-12 08:00:00+00:00,3.268,3.323,3.257,3.307,219524.36
2025-10-12 09:00:00+00:00,3.307,3.354,3.276,3.297,218746.55
2025-10-12 10:00:00+00:00,3.297,3.302,3.238,3.238,129421.74
2025-10-12 11:00:00+00:00,3.238,3.269,3.227,3.258,226243.24
2025-10-12 12:00:00+00:00,3.257,3.284,3.255,3.263,130150.61
2025-10-12 13:00:00+00:00,3.262,3.285,3.239,3.258,154867.64
2025-10-12 14:00:00+00:00,3.257,3.393,3.256,3.363,318757.71
2025-10-12 15:00:00+00:00,3.364,3.451,3.358,3.441,293279.22
2025-10-12 16:00:00+00:00,3.444,3.5,3.439,3.481,226886.03
2025-10-12 17:00:00+00:00,3.48,3.521,3.471,3.503,163382.31
2025-10-12 18:00:00+00:00,3.504,3.518,3.462,3.48,120720.29
2025-10-12 19:00:00+00:00,3.48,3.529,3.477,3.526,97540.07
2025-10-12 20:00:00+00:00,3.527,3.55,3.507,3.524,111697.32
2025-10-12 21:00:00+00:00,3.524,3.533,3.451,3.481,122951.89
2025-10-12 22:00:00+00:00,3.483,3.503,3.46,3.486,131233.2
2025-10-12 23:00:00+00:00,3.485,3.493,3.463,3.483,81510.32
2025-10-13 00:00:00+00:00,3.482,3.514,3.456,3.468,117239.37
2025-10-13 01:00:00+00:00,3.467,3.498,3.444,3.495,99631.31
2025-10-13 02:00:00+00:00,3.497,3.527,3.459,3.507,267128.21
2025-10-13 03:00:00+00:00,3.509,3.518,3.479,3.483,62895.58
2025-10-13 04:00:00+00:00,3.482,3.496,3.454,3.488,111040.05
2025-10-13 05:00:00+00:00,3.486,3.491,3.46,3.476,73415.29
2025-10-13 06:00:00+00:00,3.477,3.537,3.46,3.523,83712.88
2025-10-13 07:00:00+00:00,3.522,3.566,3.515,3.534,111489.18
2025-10-13 08:00:00+00:00,3.534,3.576,3.53,3.567,60359.5
2025-10-13 09:00:00+00:00,3.566,3.588,3.552,3.588,86769.34
2025-10-13 10:00:00+00:00,3.588,3.592,3.541,3.556,89201.2
2025-10-13 11:00:00+00:00,3.556,3.556,3.444,3.515,323627.05
2025-10-13 12:00:00+00:00,3.514,3.545,3.49,3.51,146598.31
2025-10-13 13:00:00+00:00,3.509,3.601,3.502,3.582,367632.38
2025-10-13 14:00:00+00:00,3.581,3.595,3.501,3.517,192704.98
2025-10-13 15:00:00+00:00,3.518,3.567,3.514,3.541,107101.53
2025-10-13 16:00:00+00:00,3.542,3.563,3.51,3.536,133859.18
2025-10-13 17:00:00+00:00,3.537,3.618,3.535,3.615,216525.6
2025-10-13 18:00:00+00:00,3.614,3.624,3.58,3.593,114364.58
2025-10-13 19:00:00+00:00,3.592,3.617,3.587,3.599,121108.56
2025-10-13 20:00:00+00:00,3.599,3.636,3.591,3.635,101736.88
2025-10-13 21:00:00+00:00,3.635,3.669,3.62,3.626,202566.04
2025-10-13 22:00:00+00:00,3.626,3.665,3.616,3.619,132672.92
2025-10-13 23:00:00+00:00,3.62,3.651,3.604,3.645,160528.0
2025-10-14 00:00:00+00:00,3.645,3.667,3.613,3.634,160993.01
2025-10-14 01:00:00+00:00,3.633,3.636,3.591,3.599,98777.5
2025-10-14 02:00:00+00:00,3.597,3.597,3.536,3.544,126741.3
2025-10-14 03:00:00+00:00,3.543,3.557,3.518,3.536,102493.68
2025-10-14 04:00:00+00:00,3.537,3.539,3.475,3.492,109634.54
2025-10-14 05:00:00+00:00,3.492,3.527,3.437,3.459,201653.18
2025-10-14 06:00:00+00:00,3.459,3.475,3.311,3.37,469051.04
2025-10-14 07:00:00+00:00,3.37,3.398,3.344,3.36,195230.11
2025-10-14 08:00:00+00:00,3.359,3.403,3.341,3.383,116210.05
2025-10-14 09:00:00+00:00,3.382,3.404,3.372,3.384,89829.61
2025-10-14 10:00:00+00:00,3.383,3.384,3.305,3.338,157186.04
2025-10-14 11:00:00+00:00,3.339,3.385,3.338,3.368,157285.14
2025-10-14 12:00:00+00:00,3.367,3.372,3.33,3.333,105437.66
2025-10-14 13:00:00+00:00,3.333,3.39,3.287,3.363,271848.36
2025-10-14 14:00:00+00:00,3.363,3.417,3.347,3.37,267573.72
2025-10-14 15:00:00+00:00,3.371,3.446,3.344,3.441,225580.67
2025-10-14 16:00:00+00:00,3.442,3.489,3.418,3.44,261601.97
2025-10-14 17:00:00+00:00,3.438,3.49,3.407,3.462,174101.52
2025-10-14 18:00:00+00:00,3.463,3.493,3.46,3.473,74524.95
2025-10-14 19:00:00+00:00,3.473,3.502,3.434,3.477,218672.84
2025-10-14 20:00:00+00:00,3.478,3.49,3.452,3.48,87134.98
2025-10-14 21:00:00+00:00,3.48,3.483,3.45,3.479,50294.08
2025-10-14 22:00:00+00:00,3.478,3.499,3.464,3.47,40688.39
2025-10-14 23:00:00+00:00,3.469,3.488,3.462,3.471,49370.68
2025-10-15 00:00:00+00:00,3.471,3.478,3.455,3.478,62514.45
2025-10-15 01:00:00+00:00,3.477,3.482,3.434,3.458,56959.97
2025-10-15 02:00:00+00:00,3.459,3.497,3.454,3.469,79310.82
2025-10-15 03:00:00+00:00,3.469,3.476,3.432,3.452,62999.03
2025-10-15 04:00:00+00:00,3.452,3.473,3.442,3.467,105248.12
2025-10-15 05:00:00+00:00,3.466,3.48,3.455,3.462,71391.82
2025-10-15 06:00:00+00:00,3.462,3.473,3.428,3.464,72179.89
2025-10-15 07:00:00+00:00,3.464,3.475,3.45,3.47,45860.91
2025-10-15 08:00:00+00:00,3.47,3.519,3.464,3.477,135095.76
2025-10-15 09:00:00+00:00,3.475,3.477,3.44,3.449,113211.06
2025-10-15 10:00:00+00:00,3.448,3.453,3.417,3.425,91725.53
2025-10-15 11:00:00+00:00,3.423,3.434,3.392,3.418,79229.11
2025-10-15 12:00:00+00:00,3.417,3.428,3.368,3.374,98154.15
2025-10-15 13:00:00+00:00,3.372,3.387,3.305,3.369,204823.9
2025-10-15 14:00:00+00:00,3.371,3.401,3.334,3.349,154712.33
2025-10-15 15:00:00+00:00,3.35,3.374,3.315,3.336,82698.64
2025-10-15 16:00:00+00:00,3.337,3.353,3.319,3.338,130753.34
2025-10-15 17:00:00+00:00,3.337,3.348,3.309,3.347,55015.18
2025-10-15 18:00:00+00:00,3.347,3.361,3.334,3.358,49406.87
2025-10-15 19:00:00+00:00,3.357,3.358,3.318,3.327,70968.01
2025-10-15 20:00:00+00:00,3.326,3.339,3.279,3.316,115944.48
2025-10-15 21:00:00+00:00,3.312,3.345,3.294,3.32,79040.42
2025-10-15 22:00:00+00:00,3.32,3.35,3.318,3.323,55453.0
2025-10-15 23:00:00+00:00,3.324,3.342,3.319,3.334,65669.0
2025-10-16 00:00:00+00:00,3.335,3.345,3.312,3.315,86090.62
2025-10-16 01:00:00+00:00,3.312,3.365,3.312,3.361,35890.01
2025-10-16 02:00:00+00:00,3.361,3.376,3.343,3.362,70145.36
2025-10-16 03:00:00+00:00,3.363,3.365,3.33,3.332,34044.01
2025-10-16 04:00:00+00:00,3.331,3.36,3.328,3.343,26675.13
2025-10-16 05:00:00+00:00,3.34,3.366,3.33,3.344,52993.34
2025-10-16 06:00:00+00:00,3.346,3.382,3.345,3.379,95962.96
2025-10-16 07:00:00+00:00,3.379,3.379,3.342,3.353,56057.97
2025-10-16 08:00:00+00:00,3.352,3.359,3.331,3.338,41259.95
2025-10-16 09:00:00+00:00,3.338,3.376,3.263,3.363,172148.96
2025-10-16 10:00:00+00:00,3.362,3.4,3.362,3.382,90567.16
2025-10-16 11:00:00+00:00,3.381,3.397,3.368,3.396,59341.6
2025-10-16 12:00:00+00:00,3.397,3.414,3.387,3.398,105879.27
2025-10-16 13:00:00+00:00,3.396,3.42,3.383,3.392,68758.74
2025-10-16 14:00:00+00:00,3.393,3.415,3.34,3.371,157424.03
2025-10-16 15:00:00+00:00,3.372,3.385,3.279,3.294,204918.81
2025-10-16 16:00:00+00:00,3.294,3.355,3.245,3.354,274733.52
2025-10-16 17:00:00+00:00,3.355,3.355,3.307,3.311,93546.4
2025-10-16 18:00:00+00:00,3.314,3.315,3.276,3.294,145341.15
2025-10-16 19:00:00+00:00,3.294,3.3,3.219,3.243,144286.23
2025-10-16 20:00:00+00:00,3.246,3.258,3.196,3.214,91437.63
2025-10-16 21:00:00+00:00,3.215,3.257,3.207,3.256,96803.8
2025-10-16 22:00:00+00:00,3.256,3.26,3.224,3.226,60632.5
2025-10-16 23:00:00+00:00,3.225,3.259,3.22,3.256,31577.62
2025-10-17 00:00:00+00:00,3.256,3.286,3.252,3.28,58755.44
2025-10-17 01:00:00+00:00,3.281,3.306,3.264,3.274,52242.72
2025-10-17 02:00:00+00:00,3.274,3.281,3.243,3.258,49235.9
2025-10-17 03:00:00+00:00,3.259,3.271,3.256,3.271,32790.19
2025-10-17 04:00:00+00:00,3.27,3.272,3.25,3.255,29731.49
2025-10-17 05:00:00+00:00,3.254,3.257,3.223,3.231,114198.77
2025-10-17 06:00:00+00:00,3.232,3.242,3.116,3.138,236189.5
2025-10-17 07:00:00+00:00,3.14,3.143,3.059,3.066,232401.83
2025-10-17 08:00:00+00:00,3.065,3.088,3.016,3.051,241914.09
2025-10-17 09:00:00+00:00,3.051,3.144,3.045,3.101,189656.46
2025-10-17 10:00:00+00:00,3.102,3.114,3.045,3.094,168257.61
2025-10-17 11:00:00+00:00,3.095,3.189,3.091,3.158,182634.45
2025-10-17 12:00:00+00:00,3.158,3.178,3.143,3.144,80625.67
2025-10-17 13:00:00+00:00,3.144,3.187,3.124,3.171,152493.21
2025-10-17 14:00:00+00:00,3.171,3.182,3.114,3.144,162740.79
2025-10-17 15:00:00+00:00,3.144,3.187,3.129,3.187,117241.73
2025-10-17 16:00:00+00:00,3.187,3.223,3.163,3.171,139982.81
2025-10-17 17:00:00+00:00,3.172,3.188,3.159,3.18,63104.76
2025-10-17 18:00:00+00:00,3.181,3.199,3.171,3.174,45469.45
2025-10-17 19:00:00+00:00,3.178,3.187,3.151,3.16,38465.99
2025-10-17 20:00:00+00:00,3.161,3.191,3.153,3.181,24739.27
2025-10-17 21:00:00+00:00,3.181,3.208,3.181,3.194,51389.28
2025-10-17 22:00:00+00:00,3.194,3.2,3.169,3.178,34432.95
2025-10-17 23:00:00+00:00,3.177,3.177,3.148,3.152,86444.12
2025-10-18 00:00:00+00:00,3.152,3.17,3.143,3.163,52222.41
2025-10-18 01:00:00+00:00,3.165,3.203,3.165,3.201,53244.61
2025-10-18 02:00:00+00:00,3.2,3.209,3.171,3.182,50437.6
2025-10-18 03:00:00+00:00,3.181,3.2,3.181,3.193,18526.65
2025-10-18 04:00:00+00:00,3.194,3.194,3.166,3.169,34378.02
2025-10-18 05:00:00+00:00,3.168,3.185,3.159,3.182,33950.63
2025-10-18 06:00:00+00:00,3.182,3.194,3.167,3.188,37063.57
2025-10-18 07:00:00+00:00,3.19,3.228,3.187,3.197,86481.96
2025-10-18 08:00:00+00:00,3.196,3.208,3.189,3.194,59004.06
2025-10-18 09:00:00+00:00,3.193,3.218,3.188,3.213,34200.0
2025-10-18 10:00:00+00:00,3.215,3.218,3.198,3.216,35441.55
2025-10-18 11:00:00+00:00,3.217,3.23,3.209,3.223,32451.23
2025-10-18 12:00:00+00:00,3.224,3.234,3.211,3.211,23436.96
2025-10-18 13:00:00+00:00,3.21,3.211,3.182,3.188,37502.77
2025-10-18 14:00:00+00:00,3.187,3.199,3.17,3.189,103830.28
2025-10-18 15:00:00+00:00,3.189,3.198,3.172,3.185,30458.44
2025-10-18 16:00:00+00:00,3.183,3.188,3.153,3.172,48908.63
2025-10-18 17:00:00+00:00,3.173,3.201,3.165,3.199,36021.69
2025-10-18 18:00:00+00:00,3.198,3.202,3.181,3.184,16337.52
2025-10-18 19:00:00+00:00,3.184,3.189,3.178,3.187,24184.77
2025-10-18 20:00:00+00:00,3.187,3.204,3.184,3.184,48615.71
2025-10-18 21:00:00+00:00,3.184,3.191,3.171,3.187,33549.97
2025-10-18 22:00:00+00:00,3.187,3.191,3.174,3.182,22459.96
2025-10-18 23:00:00+00:00,3.182,3.186,3.176,3.185,25277.53
2025-10-19 00:00:00+00:00,3.186,3.189,3.166,3.171,36229.65
2025-10-19 01:00:00+00:00,3.168,3.18,3.16,3.179,31806.53
2025-10-19 02:00:00+00:00,3.179,3.187,3.163,3.17,20430.26
2025-10-19 03:00:00+00:00,3.17,3.198,3.164,3.188,58826.95
2025-10-19 04:00:00+00:00,3.189,3.191,3.161,3.162,65307.08
2025-10-19 05:00:00+00:00,3.165,3.177,3.151,3.154,37008.03
2025-10-19 06:00:00+00:00,3.155,3.16,3.139,3.144,36032.4
2025-10-19 07:00:00+00:00,3.144,3.163,3.144,3.16,36812.67
2025-10-19 08:00:00+00:00,3.16,3.185,3.132,3.138,233663.61
2025-10-19 09:00:00+00:00,3.137,3.193,3.116,3.172,203298.27
2025-10-19 10:00:00+00:00,3.173,3.214,3.164,3.206,102529.34
2025-10-19 11:00:00+00:00,3.208,3.227,3.193,3.197,64643.21
2025-10-19 12:00:00+00:00,3.198,3.21,3.184,3.208,45722.12
2025-10-19 13:00:00+00:00,3.209,3.262,3.202,3.257,81680.22
2025-10-19 14:00:00+00:00,3.258,3.275,3.243,3.272,109243.09
2025-10-19 15:00:00+00:00,3.271,3.272,3.252,3.256,31339.66
2025-10-19 16:00:00+00:00,3.258,3.271,3.245,3.262,77821.44
2025-10-19 17:00:00+00:00,3.262,3.293,3.25,3.253,136951.43
2025-10-19 18:00:00+00:00,3.255,3.266,3.248,3.261,35099.42
2025-10-19 19:00:00+00:00,3.26,3.262,3.249,3.257,36703.72
2025-10-19 20:00:00+00:00,3.256,3.267,3.25,3.266,20884.89
2025-10-19 21:00:00+00:00,3.267,3.271,3.243,3.251,40704.39
2025-10-19 22:00:00+00:00,3.251,3.267,3.249,3.257,45423.11
2025-10-19 23:00:00+00:00,3.256,3.256,3.225,3.228,67238.78
2025-10-20 00:00:00+00:00,3.229,3.229,3.179,3.216,73461.21
2025-10-20 01:00:00+00:00,3.217,3.227,3.207,3.217,31636.62
2025-10-20 02:00:00+00:00,3.215,3.239,3.201,3.232,37620.78
2025-10-20 03:00:00+00:00,3.231,3.3,3.228,3.294,54212.57
2025-10-20 04:00:00+00:00,3.294,3.301,3.279,3.291,60060.66
2025-10-20 05:00:00+00:00,3.292,3.298,3.274,3.293,51948.59
2025-10-20 06:00:00+00:00,3.292,3.318,3.286,3.309,61855.1
2025-10-20 07:00:00+00:00,3.309,3.315,3.285,3.293,57169.69
2025-10-20 08:00:00+00:00,3.294,3.309,3.278,3.299,110014.16
2025-10-20 09:00:00+00:00,3.298,3.298,3.28,3.293,85198.73
2025-10-20 10:00:00+00:00,3.294,3.315,3.287,3.297,40763.93
2025-10-20 11:00:00+00:00,3.298,3.299,3.284,3.291,49040.17
2025-10-20 12:00:00+00:00,3.292,3.298,3.277,3.286,37437.63
2025-10-20 13:00:00+00:00,3.287,3.321,3.28,3.317,76682.54
2025-10-20 14:00:00+00:00,3.318,3.325,3.29,3.312,72203.19
2025-10-20 15:00:00+00:00,3.312,3.316,3.274,3.275,44008.2
2025-10-20 16:00:00+00:00,3.274,3.279,3.216,3.263,191367.38
2025-10-20 17:00:00+00:00,3.262,3.279,3.247,3.265,54674.07
2025-10-20 18:00:00+00:00,3.267,3.283,3.258,3.281,47124.19
2025-10-20 19:00:00+00:00,3.28,3.317,3.273,3.306,167268.63
2025-10-20 20:00:00+00:00,3.305,3.325,3.299,3.322,131874.12
2025-10-20 21:00:00+00:00,3.322,3.326,3.283,3.287,96868.47
2025-10-20 22:00:00+00:00,3.286,3.301,3.281,3.29,41975.35
2025-10-20 23:00:00+00:00,3.289,3.29,3.273,3.273,31948.9
2025-10-21 00:00:00+00:00,3.273,3.279,3.268,3.276,48122.55
2025-10-21 01:00:00+00:00,3.275,3.277,3.253,3.262,49781.56
2025-10-21 02:00:00+00:00,3.261,3.263,3.244,3.248,31458.83
2025-10-21 03:00:00+00:00,3.249,3.254,3.231,3.236,43805.96
2025-10-21 04:00:00+00:00,3.236,3.238,3.17,3.174,153149.87
2025-10-21 05:00:00+00:00,3.174,3.2,3.17,3.19,94557.2
2025-10-21 06:00:00+00:00,3.19,3.215,3.184,3.208,65099.64
2025-10-21 07:00:00+00:00,3.206,3.224,3.192,3.219,48472.08
2025-10-21 08:00:00+00:00,3.219,3.219,3.175,3.193,99887.81
2025-10-21 09:00:00+00:00,3.193,3.196,3.184,3.187,24978.1
2025-10-21 10:00:00+00:00,3.187,3.225,3.182,3.214,61630.93
2025-10-21 11:00:00+00:00,3.214,3.222,3.204,3.217,41165.06
2025-10-21 12:00:00+00:00,3.217,3.252,3.211,3.221,52155.55
2025-10-21 13:00:00+00:00,3.225,3.25,3.206,3.231,65696.3
2025-10-21 14:00:00+00:00,3.233,3.333,3.232,3.329,181231.84
2025-10-21 15:00:00+00:00,3.331,3.373,3.319,3.35,240325.45
2025-10-21 16:00:00+00:00,3.349,3.372,3.307,3.313,222623.95
2025-10-21 17:00:00+00:00,3.316,3.335,3.293,3.317,198201.19
2025-10-21 18:00:00+00:00,3.318,3.328,3.297,3.312,78100.27
2025-10-21 19:00:00+00:00,3.311,3.315,3.297,3.303,42320.78
2025-10-21 20:00:00+00:00,3.304,3.307,3.265,3.283,132923.89
2025-10-21 21:00:00+00:00,3.281,3.303,3.243,3.291,141789.73
2025-10-21 22:00:00+00:00,3.29,3.29,3.225,3.238,155565.44
2025-10-21 23:00:00+00:00,3.238,3.247,3.182,3.188,124451.27
2025-10-22 00:00:00+00:00,3.188,3.207,3.163,3.182,62120.52
2025-10-22 01:00:00+00:00,3.182,3.206,3.179,3.19,60400.16
2025-10-22 02:00:00+00:00,3.191,3.208,3.19,3.195,49380.53
2025-10-22 03:00:00+00:00,3.197,3.202,3.177,3.201,46993.05
2025-10-22 04:00:00+00:00,3.201,3.226,3.201,3.214,47514.14
2025-10-22 05:00:00+00:00,3.213,3.215,3.158,3.187,57221.42
2025-10-22 06:00:00+00:00,3.186,3.186,3.17,3.171,27330.89
2025-10-22 07:00:00+00:00,3.172,3.179,3.157,3.174,56066.7
2025-10-22 08:00:00+00:00,3.174,3.174,3.154,3.162,26904.62
2025-10-22 09:00:00+00:00,3.162,3.179,3.135,3.147,235541.86
2025-10-22 10:00:00+00:00,3.147,3.159,3.141,3.143,28183.43
2025-10-22 11:00:00+00:00,3.144,3.181,3.116,3.161,121078.43
2025-10-22 12:00:00+00:00,3.161,3.182,3.156,3.159,49175.65
2025-10-22 13:00:00+00:00,3.16,3.194,3.146,3.191,119610.77
2025-10-22 14:00:00+00:00,3.189,3.191,3.123,3.181,188480.19
2025-10-22 15:00:00+00:00,3.182,3.192,3.141,3.16,100220.18
2025-10-22 16:00:00+00:00,3.16,3.171,3.13,3.147,114653.7
2025-10-22 17:00:00+00:00,3.147,3.159,3.12,3.13,56489.06
2025-10-22 18:00:00+00:00,3.13,3.142,3.117,3.134,53111.76
2025-10-22 19:00:00+00:00,3.134,3.159,3.109,3.134,61205.12
2025-10-22 20:00:00+00:00,3.134,3.136,3.104,3.108,36699.15
2025-10-22 21:00:00+00:00,3.108,3.111,3.028,3.075,252599.44
2025-10-22 22:00:00+00:00,3.073,3.092,3.064,3.076,77563.35
2025-10-22 23:00:00+00:00,3.075,3.118,3.075,3.114,55101.05
2025-10-23 00:00:00+00:00,3.115,3.128,3.109,3.124,37264.86
2025-10-23 01:00:00+00:00,3.122,3.136,3.119,3.127,65815.1
2025-10-23 02:00:00+00:00,3.128,3.14,3.126,3.132,77111.76
2025-10-23 03:00:00+00:00,3.132,3.137,3.123,3.13,27783.22
2025-10-23 04:00:00+00:00,3.129,3.14,3.124,3.129,29955.03
2025-10-23 05:00:00+00:00,3.129,3.138,3.126,3.138,42483.56
2025-10-23 06:00:00+00:00,3.138,3.169,3.132,3.168,80441.73
2025-10-23 07:00:00+00:00,3.168,3.169,3.151,3.162,43830.79
2025-10-23 08:00:00+00:00,3.163,3.18,3.163,3.167,69945.72
2025-10-23 09:00:00+00:00,3.168,3.172,3.163,3.168,26964.2
2025-10-23 10:00:00+00:00,3.168,3.182,3.168,3.168,40824.87
2025-10-23 11:00:00+00:00,3.167,3.172,3.153,3.158,28572.38
2025-10-23 12:00:00+00:00,3.158,3.171,3.136,3.171,62432.8
2025-10-23 13:00:00+00:00,3.169,3.195,3.159,3.186,58539.41
2025-10-23 14:00:00+00:00,3.187,3.199,3.166,3.19,57158.99
2025-10-23 15:00:00+00:00,3.191,3.219,3.185,3.202,85097.09
2025-10-23 16:00:00+00:00,3.202,3.215,3.186,3.207,74073.99
2025-10-23 17:00:00+00:00,3.208,3.235,3.189,3.224,92937.15
2025-10-23 18:00:00+00:00,3.225,3.228,3.201,3.206,38606.69
2025-10-23 19:00:00+00:00,3.206,3.208,3.192,3.202,46634.73
2025-10-23 20:00:00+00:00,3.201,3.201,3.157,3.166,70568.56
2025-10-23 21:00:00+00:00,3.166,3.181,3.164,3.171,23591.08
2025-10-23 22:00:00+00:00,3.17,3.183,3.166,3.177,39519.42
2025-10-23 23:00:00+00:00,3.178,3.188,3.169,3.182,22108.27
2025-10-24 00:00:00+00:00,3.183,3.187,3.163,3.169,40042.87
2025-10-24 01:00:00+00:00,3.169,3.174,3.157,3.161,42396.09
2025-10-24 02:00:00+00:00,3.161,3.162,3.142,3.149,48918.5
2025-10-24 03:00:00+00:00,3.148,3.149,3.13,3.135,54249.66
2025-10-24 04:00:00+00:00,3.136,3.183,3.127,3.178,86561.62
2025-10-24 05:00:00+00:00,3.177,3.189,3.169,3.185,51844.38
2025-10-24 06:00:00+00:00,3.185,3.191,3.177,3.19,50800.73
2025-10-24 07:00:00+00:00,3.19,3.194,3.168,3.176,58149.71
2025-10-24 08:00:00+00:00,3.177,3.193,3.166,3.181,53251.12
2025-10-24 09:00:00+00:00,3.182,3.186,3.174,3.176,69753.8
2025-10-24 10:00:00+00:00,3.176,3.177,3.157,3.163,82576.53
2025-10-24 11:00:00+00:00,3.164,3.167,3.14,3.156,83796.47
2025-10-24 12:00:00+00:00,3.155,3.221,3.152,3.18,182805.73
2025-10-24 13:00:00+00:00,3.181,3.184,3.149,3.174,72139.42
2025-10-24 14:00:00+00:00,3.173,3.174,3.14,3.155,103590.51
2025-10-24 15:00:00+00:00,3.155,3.164,3.133,3.143,68721.73
2025-10-24 16:00:00+00:00,3.142,3.153,3.131,3.139,73090.04
2025-10-24 17:00:00+00:00,3.14,3.15,3.131,3.136,40921.61
2025-10-24 18:00:00+00:00,3.134,3.166,3.131,3.166,112421.83
2025-10-24 19:00:00+00:00,3.166,3.193,3.165,3.184,67667.6
2025-10-24 20:00:00+00:00,3.184,3.22,3.183,3.213,124485.12
2025-10-24 21:00:00+00:00,3.214,3.226,3.206,3.216,112160.12
2025-10-24 22:00:00+00:00,3.216,3.216,3.187,3.191,46742.87
2025-10-24 23:00:00+00:00,3.19,3.191,3.181,3.186,15516.16
2025-10-25 00:00:00+00:00,3.185,3.187,3.168,3.173,27829.17
2025-10-25 01:00:00+00:00,3.173,3.187,3.168,3.184,44666.14
2025-10-25 02:00:00+00:00,3.185,3.197,3.18,3.19,34445.86
2025-10-25 03:00:00+00:00,3.189,3.19,3.165,3.165,26720.16
2025-10-25 04:00:00+00:00,3.164,3.179,3.164,3.168,25409.16
2025-10-25 05:00:00+00:00,3.169,3.17,3.157,3.16,16551.23
2025-10-25 06:00:00+00:00,3.161,3.162,3.144,3.145,66492.52
2025-10-25 07:00:00+00:00,3.147,3.161,3.143,3.147,31722.65
2025-10-25 08:00:00+00:00,3.147,3.161,3.146,3.157,20913.36
2025-10-25 09:00:00+00:00,3.158,3.158,3.143,3.145,23215.46
2025-10-25 10:00:00+00:00,3.145,3.152,3.136,3.146,25622.27
2025-10-25 11:00:00+00:00,3.146,3.154,3.144,3.152,9395.49
2025-10-25 12:00:00+00:00,3.153,3.165,3.152,3.159,23378.33
2025-10-25 13:00:00+00:00,3.159,3.159,3.142,3.148,20042.57
2025-10-25 14:00:00+00:00,3.148,3.155,3.141,3.155,24376.69
2025-10-25 15:00:00+00:00,3.155,3.163,3.149,3.161,34634.92
2025-10-25 16:00:00+00:00,3.161,3.172,3.156,3.163,53227.31
2025-10-25 17:00:00+00:00,3.163,3.163,3.145,3.146,54403.1
2025-10-25 18:00:00+00:00,3.145,3.174,3.141,3.168,57245.87
2025-10-25 19:00:00+00:00,3.168,3.171,3.161,3.168,15961.86
2025-10-25 20:00:00+00:00,3.169,3.17,3.151,3.154,21304.65
2025-10-25 21:00:00+00:00,3.154,3.161,3.145,3.151,60225.47
2025-10-25 22:00:00+00:00,3.151,3.161,3.146,3.157,21285.91
2025-10-25 23:00:00+00:00,3.157,3.158,3.147,3.15,13633.18
2025-10-26 00:00:00+00:00,3.151,3.154,3.137,3.148,28511.99
2025-10-26 01:00:00+00:00,3.147,3.15,3.131,3.139,60430.3
2025-10-26 02:00:00+00:00,3.138,3.138,3.122,3.128,46117.08
2025-10-26 03:00:00+00:00,3.128,3.129,3.117,3.121,47737.44
2025-10-26 04:00:00+00:00,3.12,3.138,3.119,3.137,16642.52
2025-10-26 05:00:00+00:00,3.137,3.152,3.133,3.149,19015.01
2025-10-26 06:00:00+00:00,3.149,3.151,3.131,3.143,27349.83
2025-10-26 07:00:00+00:00,3.143,3.161,3.138,3.161,20346.39
2025-10-26 08:00:00+00:00,3.161,3.187,3.161,3.183,136400.45
2025-10-26 09:00:00+00:00,3.184,3.204,3.177,3.198,69509.75
2025-10-26 10:00:00+00:00,3.199,3.199,3.181,3.187,55086.26
2025-10-26 11:00:00+00:00,3.187,3.222,3.178,3.218,99439.07
2025-10-26 12:00:00+00:00,3.217,3.224,3.201,3.222,91853.91
2025-10-26 13:00:00+00:00,3.222,3.245,3.218,3.236,66766.15
2025-10-26 14:00:00+00:00,3.237,3.24,3.219,3.224,87797.4
2025-10-26 15:00:00+00:00,3.226,3.249,3.217,3.248,48627.05
2025-10-26 16:00:00+00:00,3.248,3.254,3.23,3.243,70770.5
2025-10-26 17:00:00+00:00,3.243,3.248,3.236,3.236,36595.81
2025-10-26 18:00:00+00:00,3.236,3.245,3.229,3.237,49693.49
2025-10-26 19:00:00+00:00,3.235,3.24,3.227,3.24,25314.61
2025-10-26 20:00:00+00:00,3.24,3.24,3.218,3.22,42962.76
2025-10-26 21:00:00+00:00,3.22,3.238,3.214,3.234,49595.25
2025-10-26 22:00:00+00:00,3.235,3.283,3.235,3.268,108879.06
2025-10-26 23:00:00+00:00,3.269,3.274,3.252,3.254,42800.69
2025-10-27 00:00:00+00:00,3.255,3.268,3.248,3.258,35894.08
2025-10-27 01:00:00+00:00,3.257,3.279,3.252,3.277,37348.86
2025-10-27 02:00:00+00:00,3.276,3.278,3.252,3.261,47524.59
2025-10-27 03:00:00+00:00,3.26,3.264,3.245,3.252,45076.11
2025-10-27 04:00:00+00:00,3.251,3.264,3.246,3.263,30752.73
2025-10-27 05:00:00+00:00,3.262,3.286,3.257,3.266,49181.95
2025-10-27 06:00:00+00:00,3.266,3.271,3.254,3.26,58242.34
2025-10-27 07:00:00+00:00,3.259,3.269,3.231,3.247,61086.91
2025-10-27 08:00:00+00:00,3.248,3.262,3.228,3.242,98844.84
2025-10-27 09:00:00+00:00,3.241,3.243,3.213,3.223,60262.64
2025-10-27 10:00:00+00:00,3.222,3.229,3.214,3.217,45055.81
2025-10-27 11:00:00+00:00,3.218,3.23,3.199,3.225,77494.68
2025-10-27 12:00:00+00:00,3.227,3.229,3.198,3.198,61309.97
2025-10-27 13:00:00+00:00,3.199,3.214,3.175,3.21,86394.4
2025-10-27 14:00:00+00:00,3.211,3.215,3.183,3.197,52425.9
2025-10-27 15:00:00+00:00,3.197,3.225,3.197,3.218,30186.93
2025-10-27 16:00:00+00:00,3.219,3.251,3.219,3.248,75948.16
2025-10-27 17:00:00+00:00,3.249,3.25,3.23,3.233,27265.09
2025-10-27 18:00:00+00:00,3.234,3.236,3.222,3.228,38986.96
2025-10-27 19:00:00+00:00,3.228,3.232,3.209,3.21,34409.29
2025-10-27 20:00:00+00:00,3.21,3.21,3.178,3.179,75375.06
2025-10-27 21:00:00+00:00,3.178,3.195,3.163,3.182,38884.48
2025-10-27 22:00:00+00:00,3.182,3.191,3.16,3.167,55713.26
2025-10-27 23:00:00+00:00,3.166,3.185,3.159,3.178,139623.74
2025-10-28 00:00:00+00:00,3.179,3.191,3.164,3.173,39149.38
2025-10-28 01:00:00+00:00,3.175,3.188,3.172,3.179,19826.06
2025-10-28 02:00:00+00:00,3.18,3.184,3.147,3.167,55626.97
2025-10-28 03:00:00+00:00,3.166,3.174,3.147,3.158,40388.3
2025-10-28 04:00:00+00:00,3.155,3.176,3.149,3.171,23136.52
2025-10-28 05:00:00+00:00,3.169,3.177,3.141,3.143,60952.31
2025-10-28 06:00:00+00:00,3.144,3.203,3.144,3.201,70229.36
2025-10-28 07:00:00+00:00,3.202,3.211,3.176,3.179,49107.42
2025-10-28 08:00:00+00:00,3.182,3.197,3.176,3.185,20254.71
2025-10-28 09:00:00+00:00,3.186,3.189,3.17,3.182,37709.21
2025-10-28 10:00:00+00:00,3.181,3.182,3.167,3.174,47644.54
2025-10-28 11:00:00+00:00,3.175,3.188,3.169,3.17,40531.52
2025-10-28 12:00:00+00:00,3.17,3.191,3.165,3.189,35593.74
2025-10-28 13:00:00+00:00,3.19,3.21,3.188,3.2,58947.2
2025-10-28 14:00:00+00:00,3.202,3.213,3.126,3.175,177205.73
2025-10-28 15:00:00+00:00,3.176,3.192,3.157,3.166,128702.35
2025-10-28 16:00:00+00:00,3.165,3.192,3.16,3.184,82398.3
2025-10-28 17:00:00+00:00,3.186,3.208,3.182,3.205,142685.99
2025-10-28 18:00:00+00:00,3.203,3.218,3.177,3.184,101061.23
2025-10-28 19:00:00+00:00,3.185,3.188,3.13,3.143,116363.35
2025-10-28 20:00:00+00:00,3.142,3.143,3.065,3.069,300373.65
2025-10-28 21:00:00+00:00,3.068,3.089,3.034,3.069,184978.59
2025-10-28 22:00:00+00:00,3.07,3.108,3.064,3.105,57849.39
2025-10-28 23:00:00+00:00,3.106,3.107,3.092,3.098,24744.97
2025-10-29 00:00:00+00:00,3.098,3.113,3.089,3.091,25059.23
2025-10-29 01:00:00+00:00,3.091,3.112,3.083,3.096,28062.92
2025-10-29 02:00:00+00:00,3.096,3.1,3.09,3.095,18245.78
2025-10-29 03:00:00+00:00,3.094,3.098,3.084,3.093,26145.27
2025-10-29 04:00:00+00:00,3.093,3.109,3.093,3.106,23632.99
2025-10-29 05:00:00+00:00,3.105,3.123,3.104,3.114,54116.12
2025-10-29 06:00:00+00:00,3.113,3.122,3.11,3.118,34741.19
2025-10-29 07:00:00+00:00,3.118,3.128,3.111,3.122,27168.66
2025-10-29 08:00:00+00:00,3.121,3.127,3.102,3.104,27580.99
2025-10-29 09:00:00+00:00,3.104,3.108,3.095,3.104,39825.03
2025-10-29 10:00:00+00:00,3.103,3.133,3.102,3.124,32921.7
2025-10-29 11:00:00+00:00,3.124,3.142,3.121,3.121,71030.11
2025-10-29 12:00:00+00:00,3.121,3.125,3.113,3.12,46316.94
2025-10-29 13:00:00+00:00,3.121,3.136,3.114,3.12,79685.58
2025-10-29 14:00:00+00:00,3.121,3.123,3.104,3.115,25253.89
2025-10-29 15:00:00+00:00,3.116,3.119,3.07,3.08,75747.56
2025-10-29 16:00:00+00:00,3.08,3.108,3.069,3.096,129903.34
2025-10-29 17:00:00+00:00,3.096,3.154,3.094,3.154,59186.86
2025-10-29 18:00:00+00:00,3.154,3.16,3.036,3.114,494835.21
2025-10-29 19:00:00+00:00,3.116,3.151,3.109,3.142,129259.26
2025-10-29 20:00:00+00:00,3.143,3.177,3.127,3.159,113308.24
2025-10-29 21:00:00+00:00,3.159,3.161,3.142,3.143,34157.34
2025-10-29 22:00:00+00:00,3.142,3.149,3.132,3.132,14817.73
2025-10-29 23:00:00+00:00,3.134,3.134,3.085,3.095,69196.68
2025-10-30 00:00:00+00:00,3.096,3.114,3.087,3.11,34290.24
2025-10-30 01:00:00+00:00,3.11,3.11,3.093,3.098,38153.09
2025-10-30 02:00:00+00:00,3.097,3.116,3.094,3.113,15649.49
2025-10-30 03:00:00+00:00,3.113,3.114,3.09,3.097,24439.52
2025-10-30 04:00:00+00:00,3.096,3.096,3.002,3.032,200972.25
2025-10-30 05:00:00+00:00,3.032,3.083,3.027,3.078,44238.01
2025-10-30 06:00:00+00:00,3.078,3.108,3.064,3.104,74222.17
2025-10-30 07:00:00+00:00,3.105,3.154,3.103,3.121,118852.37
2025-10-30 08:00:00+00:00,3.123,3.127,3.091,3.091,109273.04
2025-10-30 09:00:00+00:00,3.092,3.096,3.065,3.07,51207.36
2025-10-30 10:00:00+00:00,3.07,3.081,3.054,3.062,57803.88
2025-10-30 11:00:00+00:00,3.061,3.067,3.042,3.043,29288.83
2025-10-30 12:00:00+00:00,3.043,3.047,2.99,3.01,185812.35
2025-10-30 13:00:00+00:00,3.009,3.015,2.953,2.961,213594.69
2025-10-30 14:00:00+00:00,2.963,2.988,2.959,2.969,66851.89
2025-10-30 15:00:00+00:00,2.969,2.975,2.921,2.927,139365.92
2025-10-30 16:00:00+00:00,2.928,2.938,2.906,2.928,106682.65
2025-10-30 17:00:00+00:00,2.93,2.943,2.898,2.929,134131.8
2025-10-30 18:00:00+00:00,2.929,2.931,2.874,2.884,179713.09
2025-10-30 19:00:00+00:00,2.883,2.892,2.854,2.864,173931.95
2025-10-30 20:00:00+00:00,2.864,2.901,2.86,2.9,122948.89
2025-10-30 21:00:00+00:00,2.9,2.958,2.898,2.935,114327.03
2025-10-30 22:00:00+00:00,2.939,2.982,2.934,2.972,109993.28
2025-10-30 23:00:00+00:00,2.972,2.976,2.945,2.951,115003.73
2025-10-31 00:00:00+00:00,2.951,2.982,2.936,2.973,106474.08
2025-10-31 01:00:00+00:00,2.974,2.998,2.973,2.995,84981.04
2025-10-31 02:00:00+00:00,2.996,2.998,2.972,2.986,107764.57
2025-10-31 03:00:00+00:00,2.986,3.009,2.98,3.003,100999.7
2025-10-31 04:00:00+00:00,3.004,3.018,3.0,3.009,91186.62
2025-10-31 05:00:00+00:00,3.006,3.006,2.983,2.985,29824.64
2025-10-31 06:00:00+00:00,2.988,2.993,2.981,2.988,68705.35
2025-10-31 07:00:00+00:00,2.988,2.998,2.981,2.988,63781.23
2025-10-31 08:00:00+00:00,2.988,3.02,2.986,3.02,317603.27
2025-10-31 09:00:00+00:00,3.019,3.02,2.989,2.992,47719.64
2025-10-31 10:00:00+00:00,2.992,3.002,2.991,2.993,14478.17
2025-10-31 11:00:00+00:00,2.993,3.015,2.985,3.014,28473.35
2025-10-31 12:00:00+00:00,3.014,3.029,3.007,3.008,47609.23
2025-10-31 13:00:00+00:00,3.009,3.015,2.979,3.005,234572.89
2025-10-31 14:00:00+00:00,3.006,3.026,2.99,3.022,57756.43
2025-10-31 15:00:00+00:00,3.022,3.033,3.006,3.012,62579.99
2025-10-31 16:00:00+00:00,3.01,3.016,2.954,2.956,79692.07
2025-10-31 17:00:00+00:00,2.955,2.973,2.939,2.964,71032.7
2025-10-31 18:00:00+00:00,2.966,2.982,2.949,2.964,62131.82
2025-10-31 19:00:00+00:00,2.964,2.999,2.948,2.987,91875.71
2025-10-31 20:00:00+00:00,2.986,2.989,2.964,2.968,52220.93
2025-10-31 21:00:00+00:00,2.968,2.976,2.957,2.964,36115.19
2025-10-31 22:00:00+00:00,2.965,2.981,2.964,2.97,61832.53
2025-10-31 23:00:00+00:00,2.969,2.975,2.96,2.962,38729.54
2025-11-01 00:00:00+00:00,2.963,2.968,2.952,2.965,24351.18
2025-11-01 01:00:00+00:00,2.963,2.976,2.96,2.961,22416.6
2025-11-01 02:00:00+00:00,2.959,2.97,2.946,2.969,24340.15
2025-11-01 03:00:00+00:00,2.969,2.987,2.969,2.978,48177.8
2025-11-01 04:00:00+00:00,2.98,2.98,2.966,2.969,23598.1
2025-11-01 05:00:00+00:00,2.969,2.971,2.96,2.962,33569.19
2025-11-01 06:00:00+00:00,2.962,2.973,2.961,2.972,21377.04
2025-11-01 07:00:00+00:00,2.973,3.014,2.971,3.009,96699.31
2025-11-01 08:00:00+00:00,3.011,3.021,2.994,3.013,48999.44
2025-11-01 09:00:00+00:00,3.014,3.02,2.995,2.999,66798.02
2025-11-01 10:00:00+00:00,2.999,3.015,2.996,3.008,42368.97
2025-11-01 11:00:00+00:00,3.01,3.021,3.005,3.015,54021.68
2025-11-01 12:00:00+00:00,3.016,3.02,2.997,3.013,109634.32
2025-11-01 13:00:00+00:00,3.013,3.02,2.996,3.007,48901.92
2025-11-01 14:00:00+00:00,3.009,3.014,2.98,2.993,71540.24
2025-11-01 15:00:00+00:00,2.992,3.017,2.991,3.01,89030.64
2025-11-01 16:00:00+00:00,3.01,3.045,3.006,3.027,134890.33
2025-11-01 17:00:00+00:00,3.027,3.032,3.02,3.025,34578.03
2025-11-01 18:00:00+00:00,3.025,3.04,3.015,3.034,59978.67
2025-11-01 19:00:00+00:00,3.033,3.036,3.025,3.029,42534.55
2025-11-01 20:00:00+00:00,3.029,3.047,3.026,3.033,32423.9
2025-11-01 21:00:00+00:00,3.032,3.037,3.008,3.009,43216.17
2025-11-01 22:00:00+00:00,3.008,3.024,3.007,3.023,23173.97
2025-11-01 23:00:00+00:00,3.024,3.038,3.018,3.03,53817.45
2025-11-02 00:00:00+00:00,3.029,3.029,3.006,3.016,81457.63
2025-11-02 01:00:00+00:00,3.016,3.02,2.999,3.007,37597.89
2025-11-02 02:00:00+00:00,3.007,3.02,3.001,3.001,22055.74
2025-11-02 03:00:00+00:00,3.0,3.007,2.992,2.997,20443.55
2025-11-02 04:00:00+00:00,2.997,3.019,2.991,3.017,36856.52
2025-11-02 05:00:00+00:00,3.017,3.029,3.011,3.028,17472.78
2025-11-02 06:00:00+00:00,3.028,3.042,3.021,3.031,94426.85
2025-11-02 07:00:00+00:00,3.032,3.059,3.027,3.054,63162.18
2025-11-02 08:00:00+00:00,3.054,3.057,3.035,3.04,71419.88
2025-11-02 09:00:00+00:00,3.04,3.061,3.033,3.034,67860.58
2025-11-02 10:00:00+00:00,3.033,3.041,3.005,3.013,90488.51
2025-11-02 11:00:00+00:00,3.012,3.049,3.009,3.049,78150.61
2025-11-02 12:00:00+00:00,3.048,3.05,3.032,3.044,89757.41
2025-11-02 13:00:00+00:00,3.043,3.045,3.02,3.03,52309.48
2025-11-02 14:00:00+00:00,3.028,3.03,2.963,2.975,145601.3
2025-11-02 15:00:00+00:00,2.974,2.995,2.96,2.978,80726.2
2025-11-02 16:00:00+00:00,2.979,2.988,2.952,2.985,90608.02
2025-11-02 17:00:00+00:00,2.984,2.987,2.966,2.98,59505.49
2025-11-02 18:00:00+00:00,2.981,2.983,2.965,2.969,35717.42
2025-11-02 19:00:00+00:00,2.968,2.971,2.953,2.97,55547.22
2025-11-02 20:00:00+00:00,2.97,2.983,2.962,2.98,23489.81
2025-11-02 21:00:00+00:00,2.981,2.998,2.977,2.997,66840.81
2025-11-02 22:00:00+00:00,2.996,3.029,2.996,3.019,115471.48
2025-11-02 23:00:00+00:00,3.02,3.078,3.02,3.054,143392.54
2025-11-03 00:00:00+00:00,3.055,3.064,2.999,3.001,67322.51
2025-11-03 01:00:00+00:00,3.0,3.001,2.958,2.966,116775.56
2025-11-03 02:00:00+00:00,2.965,2.968,2.923,2.937,126695.98
2025-11-03 03:00:00+00:00,2.936,2.942,2.859,2.863,292058.14
2025-11-03 04:00:00+00:00,2.862,2.875,2.843,2.873,131712.99
2025-11-03 05:00:00+00:00,2.872,2.893,2.839,2.842,115445.23
2025-11-03 06:00:00+00:00,2.842,2.856,2.815,2.848,148596.41
2025-11-03 07:00:00+00:00,2.846,2.868,2.837,2.853,76242.33
2025-11-03 08:00:00+00:00,2.853,2.86,2.817,2.838,123013.48
2025-11-03 09:00:00+00:00,2.836,2.861,2.798,2.799,180560.53
2025-11-03 10:00:00+00:00,2.798,2.811,2.751,2.759,312546.54
2025-11-03 11:00:00+00:00,2.759,2.794,2.759,2.771,178540.97
2025-11-03 12:00:00+00:00,2.772,2.79,2.764,2.766,120590.56
2025-11-03 13:00:00+00:00,2.765,2.793,2.758,2.775,167994.34
2025-11-03 14:00:00+00:00,2.775,2.804,2.763,2.784,96453.6
2025-11-03 15:00:00+00:00,2.785,2.79,2.617,2.627,1460908.3
2025-11-03 16:00:00+00:00,2.627,2.69,2.611,2.656,329820.82
2025-11-03 17:00:00+00:00,2.655,2.702,2.648,2.702,196053.64
2025-11-03 18:00:00+00:00,2.701,2.707,2.618,2.621,262736.31
2025-11-03 19:00:00+00:00,2.621,2.628,2.59,2.591,223246.1
2025-11-03 20:00:00+00:00,2.591,2.595,2.516,2.535,406056.48
2025-11-03 21:00:00+00:00,2.535,2.565,2.489,2.503,910123.53
2025-11-03 22:00:00+00:00,2.503,2.522,2.471,2.497,614373.93
2025-11-03 23:00:00+00:00,2.497,2.521,2.478,2.506,311100.04
2025-11-04 00:00:00+00:00,2.507,2.54,2.497,2.519,346722.7
2025-11-04 01:00:00+00:00,2.519,2.526,2.5,2.51,145635.34
2025-11-04 02:00:00+00:00,2.509,2.525,2.501,2.514,188113.08
2025-11-04 03:00:00+00:00,2.515,2.539,2.506,2.534,205696.13
2025-11-04 04:00:00+00:00,2.534,2.54,2.514,2.525,161495.99
2025-11-04 05:00:00+00:00,2.525,2.541,2.417,2.438,522032.78
2025-11-04 06:00:00+00:00,2.438,2.529,2.437,2.527,299537.63
2025-11-04 07:00:00+00:00,2.526,2.529,2.474,2.491,225456.95
2025-11-04 08:00:00+00:00,2.493,2.556,2.475,2.523,303416.35
2025-11-04 09:00:00+00:00,2.523,2.531,2.505,2.521,123071.64
2025-11-04 10:00:00+00:00,2.521,2.569,2.519,2.566,261398.81
2025-11-04 11:00:00+00:00,2.567,2.584,2.56,2.567,124605.23
2025-11-04 12:00:00+00:00,2.565,2.569,2.544,2.558,79159.36
2025-11-04 13:00:00+00:00,2.558,2.605,2.554,2.603,209626.03
2025-11-04 14:00:00+00:00,2.603,2.636,2.566,2.631,225453.95
2025-11-04 15:00:00+00:00,2.631,2.641,2.569,2.578,195683.58
2025-11-04 16:00:00+00:00,2.579,2.597,2.535,2.537,161470.85
2025-11-04 17:00:00+00:00,2.536,2.546,2.464,2.53,370482.16
2025-11-04 18:00:00+00:00,2.529,2.53,2.437,2.487,398494.68
2025-11-04 19:00:00+00:00,2.488,2.51,2.453,2.457,231592.04
2025-11-04 20:00:00+00:00,2.456,2.466,2.356,2.433,571482.55
2025-11-04 21:00:00+00:00,2.433,2.442,2.346,2.436,544327.44
2025-11-04 22:00:00+00:00,2.436,2.543,2.425,2.54,445330.52
2025-11-04 23:00:00+00:00,2.54,2.552,2.505,2.507,222736.41
2025-11-05 00:00:00+00:00,2.507,2.523,2.465,2.491,245723.4
2025-11-05 01:00:00+00:00,2.492,2.492,2.407,2.469,245713.34
2025-11-05 02:00:00+00:00,2.47,2.541,2.47,2.538,282058.87
2025-11-05 03:00:00+00:00,2.54,2.553,2.525,2.547,124832.25
2025-11-05 04:00:00+00:00,2.549,2.568,2.544,2.552,76183.0
2025-11-05 05:00:00+00:00,2.553,2.593,2.552,2.585,127383.99
2025-11-05 06:00:00+00:00,2.584,2.592,2.563,2.591,102302.1
2025-11-05 07:00:00+00:00,2.592,2.616,2.572,2.611,108957.35
2025-11-05 08:00:00+00:00,2.61,2.61,2.551,2.567,105145.55
2025-11-05 09:00:00+00:00,2.565,2.592,2.563,2.578,79102.91
2025-11-05 10:00:00+00:00,2.578,2.594,2.566,2.567,74463.61
2025-11-05 11:00:00+00:00,2.567,2.605,2.566,2.605,98772.18
2025-11-05 12:00:00+00:00,2.605,2.626,2.587,2.611,119140.16
2025-11-05 13:00:00+00:00,2.611,2.659,2.608,2.65,131209.08
2025-11-05 14:00:00+00:00,2.649,2.649,2.607,2.626,125677.69
2025-11-05 15:00:00+00:00,2.626,2.669,2.615,2.669,124279.73
2025-11-05 16:00:00+00:00,2.668,2.67,2.635,2.662,142608.17
2025-11-05 17:00:00+00:00,2.661,2.661,2.636,2.647,76392.58
2025-11-05 18:00:00+00:00,2.646,2.681,2.643,2.67,77184.19
2025-11-05 19:00:00+00:00,2.669,2.677,2.656,2.675,100378.62
2025-11-05 20:00:00+00:00,2.675,2.685,2.654,2.663,89600.96
2025-11-05 21:00:00+00:00,2.662,2.68,2.652,2.675,125828.77
2025-11-05 22:00:00+00:00,2.673,2.681,2.666,2.681,38967.98
2025-11-05 23:00:00+00:00,2.681,2.682,2.665,2.667,53547.25
2025-11-06 00:00:00+00:00,2.667,2.672,2.654,2.665,74301.4
2025-11-06 01:00:00+00:00,2.665,2.665,2.624,2.641,60841.28
2025-11-06 02:00:00+00:00,2.64,2.66,2.611,2.649,72303.92
2025-11-06 03:00:00+00:00,2.648,2.658,2.643,2.645,29665.45
2025-11-06 04:00:00+00:00,2.644,2.646,2.629,2.637,57179.73
2025-11-06 05:00:00+00:00,2.637,2.637,2.581,2.584,153885.72
2025-11-06 06:00:00+00:00,2.585,2.596,2.578,2.587,87765.07
2025-11-06 07:00:00+00:00,2.586,2.604,2.571,2.581,90254.19
2025-11-06 08:00:00+00:00,2.58,2.593,2.574,2.583,73969.58
2025-11-06 09:00:00+00:00,2.583,2.598,2.579,2.582,50010.75
2025-11-06 10:00:00+00:00,2.581,2.6,2.572,2.596,76010.92
2025-11-06 11:00:00+00:00,2.594,2.601,2.578,2.592,59053.7
2025-11-06 12:00:00+00:00,2.591,2.601,2.568,2.572,79287.41
2025-11-06 13:00:00+00:00,2.572,2.629,2.572,2.613,124447.84
2025-11-06 14:00:00+00:00,2.615,2.621,2.575,2.577,100273.99
2025-11-06 15:00:00+00:00,2.578,2.609,2.55,2.565,171574.86
2025-11-06 16:00:00+00:00,2.565,2.583,2.534,2.567,124653.28
2025-11-06 17:00:00+00:00,2.567,2.622,2.562,2.613,142942.8
2025-11-06 18:00:00+00:00,2.612,2.648,2.592,2.626,175182.2
2025-11-06 19:00:00+00:00,2.626,2.647,2.619,2.631,90962.47
2025-11-06 20:00:00+00:00,2.634,2.651,2.614,2.637,101499.3
2025-11-06 21:00:00+00:00,2.637,2.677,2.626,2.664,156867.69
2025-11-06 22:00:00+00:00,2.666,2.679,2.643,2.669,98636.46
2025-11-06 23:00:00+00:00,2.666,2.666,2.631,2.648,82814.94
2025-11-07 00:00:00+00:00,2.649,2.724,2.646,2.721,263813.91
2025-11-07 01:00:00+00:00,2.722,2.726,2.672,2.702,234607.63
2025-11-07 02:00:00+00:00,2.702,2.71,2.671,2.709,128428.04
2025-11-07 03:00:00+00:00,2.71,2.727,2.701,2.716,67926.41
2025-11-07 04:00:00+00:00,2.718,2.728,2.691,2.698,183718.35
2025-11-07 05:00:00+00:00,2.698,2.746,2.697,2.744,81170.28
2025-11-07 06:00:00+00:00,2.744,2.768,2.737,2.74,108977.35
2025-11-07 07:00:00+00:00,2.74,2.794,2.734,2.787,149672.49
2025-11-07 08:00:00+00:00,2.788,2.793,2.753,2.77,219300.68
2025-11-07 09:00:00+00:00,2.77,2.782,2.719,2.763,192897.89
2025-11-07 10:00:00+00:00,2.763,2.804,2.745,2.784,347900.37
2025-11-07 11:00:00+00:00,2.783,2.789,2.731,2.753,252303.75
2025-11-07 12:00:00+00:00,2.754,2.763,2.684,2.711,179983.27
2025-11-07 13:00:00+00:00,2.71,2.775,2.703,2.763,163441.18
2025-11-07 14:00:00+00:00,2.761,2.826,2.722,2.812,285069.86
2025-11-07 15:00:00+00:00,2.812,2.872,2.784,2.865,442839.33
2025-11-07 16:00:00+00:00,2.865,2.975,2.838,2.968,506703.55
2025-11-07 17:00:00+00:00,2.969,3.032,2.943,3.03,385593.53
2025-11-07 18:00:00+00:00,3.032,3.199,3.023,3.088,740465.15
2025-11-07 19:00:00+00:00,3.087,3.149,3.083,3.091,439692.27
2025-11-07 20:00:00+00:00,3.091,3.105,3.069,3.084,158449.66
2025-11-07 21:00:00+00:00,3.085,3.14,3.083,3.13,222150.62
2025-11-07 22:00:00+00:00,3.131,3.134,3.103,3.106,88125.15
2025-11-07 23:00:00+00:00,3.106,3.106,3.034,3.051,142516.68
2025-11-08 00:00:00+00:00,3.05,3.109,3.029,3.03,214132.68
2025-11-08 01:00:00+00:00,3.03,3.11,3.026,3.11,118713.34
2025-11-08 02:00:00+00:00,3.111,3.157,3.106,3.12,254220.53
2025-11-08 03:00:00+00:00,3.118,3.129,3.039,3.039,233847.61
2025-11-08 04:00:00+00:00,3.039,3.085,3.039,3.062,98966.51
2025-11-08 05:00:00+00:00,3.061,3.068,3.015,3.021,204875.8
2025-11-08 06:00:00+00:00,3.022,3.031,2.978,2.986,325405.46
2025-11-08 07:00:00+00:00,2.988,2.998,2.96,2.995,143007.37
2025-11-08 08:00:00+00:00,2.994,3.027,2.967,3.006,141460.33
2025-11-08 09:00:00+00:00,3.005,3.009,2.959,2.972,87085.83
2025-11-08 10:00:00+00:00,2.972,3.009,2.968,3.004,67747.31
2025-11-08 11:00:00+00:00,3.006,3.033,2.996,3.013,206380.66
2025-11-08 12:00:00+00:00,3.011,3.018,2.988,3.012,117170.86
2025-11-08 13:00:00+00:00,3.012,3.014,2.955,2.955,94012.11
2025-11-08 14:00:00+00:00,2.956,2.97,2.928,2.956,153270.72
2025-11-08 15:00:00+00:00,2.957,2.973,2.893,2.916,283519.4
2025-11-08 16:00:00+00:00,2.917,2.933,2.889,2.925,121198.63
2025-11-08 17:00:00+00:00,2.925,2.949,2.91,2.938,68403.83
2025-11-08 18:00:00+00:00,2.939,2.957,2.932,2.95,67477.35
2025-11-08 19:00:00+00:00,2.95,2.954,2.915,2.927,62430.48
2025-11-08 20:00:00+00:00,2.927,2.95,2.916,2.936,40373.91
2025-11-08 21:00:00+00:00,2.935,2.943,2.929,2.94,21704.64
2025-11-08 22:00:00+00:00,2.94,2.951,2.93,2.943,72938.35
2025-11-08 23:00:00+00:00,2.943,2.956,2.935,2.953,64858.29
2025-11-09 00:00:00+00:00,2.954,2.955,2.921,2.929,83764.26
2025-11-09 01:00:00+00:00,2.928,2.951,2.925,2.937,73217.59
2025-11-09 02:00:00+00:00,2.937,2.937,2.864,2.872,128130.71
2025-11-09 03:00:00+00:00,2.871,2.88,2.835,2.855,136101.48
2025-11-09 04:00:00+00:00,2.856,2.89,2.856,2.865,73138.64
2025-11-09 05:00:00+00:00,2.864,2.875,2.856,2.87,45898.94
2025-11-09 06:00:00+00:00,2.87,2.893,2.859,2.868,68019.47
2025-11-09 07:00:00+00:00,2.869,2.905,2.867,2.901,73812.9
2025-11-09 08:00:00+00:00,2.901,2.901,2.862,2.869,59343.01
2025-11-09 09:00:00+00:00,2.869,2.892,2.853,2.862,106490.49
2025-11-09 10:00:00+00:00,2.862,2.873,2.844,2.872,1216128.63
2025-11-09 11:00:00+00:00,2.872,2.93,2.869,2.916,906330.23
2025-11-09 12:00:00+00:00,2.916,2.932,2.905,2.905,103721.45
2025-11-09 13:00:00+00:00,2.904,2.922,2.893,2.908,74460.48
2025-11-09 14:00:00+00:00,2.906,2.961,2.892,2.926,228771.72
2025-11-09 15:00:00+00:00,2.927,2.98,2.927,2.968,203094.61
2025-11-09 16:00:00+00:00,2.969,2.983,2.947,2.977,92535.68
2025-11-09 17:00:00+00:00,2.978,2.981,2.937,2.948,128286.88
2025-11-09 18:00:00+00:00,2.949,2.983,2.932,2.979,76640.22
2025-11-09 19:00:00+00:00,2.979,3.0,2.965,2.999,78968.4
2025-11-09 20:00:00+00:00,3.0,3.002,2.971,2.972,74172.9
2025-11-09 21:00:00+00:00,2.972,2.979,2.959,2.975,61872.05
2025-11-09 22:00:00+00:00,2.974,2.981,2.951,2.97,50893.64
2025-11-09 23:00:00+00:00,2.972,3.0,2.958,2.972,79592.21
2025-11-10 00:00:00+00:00,2.972,3.015,2.95,2.996,107943.63
2025-11-10 01:00:00+00:00,2.995,3.008,2.974,2.974,83975.24
2025-11-10 02:00:00+00:00,2.975,2.992,2.968,2.991,31633.41
2025-11-10 03:00:00+00:00,2.991,3.025,2.991,3.011,94969.93
2025-11-10 04:00:00+00:00,3.012,3.026,2.992,3.014,74054.27
2025-11-10 05:00:00+00:00,3.014,3.033,3.001,3.023,53995.6
2025-11-10 06:00:00+00:00,3.023,3.033,3.008,3.02,64328.03
2025-11-10 07:00:00+00:00,3.02,3.035,3.001,3.009,55868.82
2025-11-10 08:00:00+00:00,3.009,3.011,2.975,2.987,72468.38
2025-11-10 09:00:00+00:00,2.987,3.052,2.985,3.045,84243.5
2025-11-10 10:00:00+00:00,3.046,3.065,3.011,3.022,126596.67
2025-11-10 11:00:00+00:00,3.022,3.07,3.022,3.056,109003.1
2025-11-10 12:00:00+00:00,3.057,3.092,3.038,3.067,303847.49
2025-11-10 13:00:00+00:00,3.066,3.109,3.061,3.079,110835.87
2025-11-10 14:00:00+00:00,3.079,3.079,3.008,3.032,175021.12
2025-11-10 15:00:00+00:00,3.034,3.093,3.031,3.065,104684.3
2025-11-10 16:00:00+00:00,3.065,3.086,3.033,3.048,94139.74
2025-11-10 17:00:00+00:00,3.048,3.075,3.026,3.057,230668.38
2025-11-10 18:00:00+00:00,3.057,3.062,3.032,3.032,72949.65
2025-11-10 19:00:00+00:00,3.033,3.082,3.032,3.064,43586.57
2025-11-10 20:00:00+00:00,3.064,3.096,3.064,3.089,48307.29
2025-11-10 21:00:00+00:00,3.09,3.09,3.056,3.08,49705.13
2025-11-10 22:00:00+00:00,3.082,3.155,3.06,3.142,145060.42
2025-11-10 23:00:00+00:00,3.143,3.147,3.096,3.108,110222.88
2025-11-11 00:00:00+00:00,3.109,3.12,3.047,3.077,198276.5
2025-11-11 01:00:00+00:00,3.077,3.156,3.076,3.079,151850.99
2025-11-11 02:00:00+00:00,3.08,3.137,3.067,3.119,152299.08
2025-11-11 03:00:00+00:00,3.118,3.135,3.105,3.114,52014.3
2025-11-11 04:00:00+00:00,3.113,3.129,3.068,3.072,86131.8
2025-11-11 05:00:00+00:00,3.072,3.072,3.033,3.039,82078.25
2025-11-11 06:00:00+00:00,3.04,3.056,3.025,3.052,124673.2
2025-11-11 07:00:00+00:00,3.052,3.054,3.0,3.005,77530.02
2025-11-11 08:00:00+00:00,3.004,3.031,2.999,3.029,71766.69
2025-11-11 09:00:00+00:00,3.028,3.046,3.02,3.02,87267.66
2025-11-11 10:00:00+00:00,3.019,3.032,3.011,3.021,42156.94
2025-11-11 11:00:00+00:00,3.022,3.039,3.015,3.023,65890.61
2025-11-11 12:00:00+00:00,3.024,3.038,2.988,2.994,125262.01
2025-11-11 13:00:00+00:00,2.995,3.041,2.995,3.018,98005.94
2025-11-11 14:00:00+00:00,3.019,3.06,3.005,3.057,182565.5
2025-11-11 15:00:00+00:00,3.057,3.071,3.03,3.053,96039.8
2025-11-11 16:00:00+00:00,3.053,3.079,3.035,3.055,91335.42
2025-11-11 17:00:00+00:00,3.055,3.079,3.045,3.054,50334.89
2025-11-11 18:00:00+00:00,3.054,3.067,3.014,3.019,75922.69
2025-11-11 19:00:00+00:00,3.019,3.019,2.979,2.984,91010.69
2025-11-11 20:00:00+00:00,2.985,2.992,2.961,2.97,71198.0
2025-11-11 21:00:00+00:00,2.971,2.985,2.947,2.954,65099.56
2025-11-11 22:00:00+00:00,2.953,2.995,2.937,2.987,71091.91
2025-11-11 23:00:00+00:00,2.986,2.986,2.936,2.942,51301.42
2025-11-12 00:00:00+00:00,2.942,2.957,2.923,2.928,51468.19
2025-11-12 01:00:00+00:00,2.929,2.984,2.926,2.975,68128.36
2025-11-12 02:00:00+00:00,2.975,2.983,2.937,2.965,52733.33
2025-11-12 03:00:00+00:00,2.964,2.987,2.96,2.978,44118.07
2025-11-12 04:00:00+00:00,2.979,2.98,2.956,2.969,79413.6
2025-11-12 05:00:00+00:00,2.969,2.987,2.954,2.981,98565.56
2025-11-12 06:00:00+00:00,2.982,3.009,2.98,2.988,49445.97
2025-11-12 07:00:00+00:00,2.987,3.0,2.973,2.977,46902.59
2025-11-12 08:00:00+00:00,2.978,3.048,2.978,3.035,92603.22
2025-11-12 09:00:00+00:00,3.038,3.06,3.031,3.059,63670.8
2025-11-12 10:00:00+00:00,3.059,3.067,3.04,3.047,63271.27
2025-11-12 11:00:00+00:00,3.045,3.071,3.045,3.06,55176.42
2025-11-12 12:00:00+00:00,3.061,3.107,3.06,3.085,113316.0
2025-11-12 13:00:00+00:00,3.085,3.114,3.064,3.106,97713.86
2025-11-12 14:00:00+00:00,3.105,3.108,2.994,3.02,253184.08
2025-11-12 15:00:00+00:00,3.018,3.041,2.94,2.952,190357.51
2025-11-12 16:00:00+00:00,2.951,2.958,2.89,2.898,175607.45
2025-11-12 17:00:00+00:00,2.898,2.928,2.872,2.91,113856.03
2025-11-12 18:00:00+00:00,2.909,2.925,2.889,2.895,74189.72
2025-11-12 19:00:00+00:00,2.891,2.901,2.861,2.887,76633.2
2025-11-12 20:00:00+00:00,2.887,2.926,2.882,2.911,39104.14
2025-11-12 21:00:00+00:00,2.912,2.923,2.904,2.917,26670.05
2025-11-12 22:00:00+00:00,2.919,2.924,2.894,2.914,36754.22
2025-11-12 23:00:00+00:00,2.914,2.914,2.886,2.891,24672.21
2025-11-13 00:00:00+00:00,2.891,2.919,2.886,2.901,33856.34
2025-11-13 01:00:00+00:00,2.901,2.949,2.899,2.931,83578.64
2025-11-13 02:00:00+00:00,2.931,2.951,2.922,2.927,31627.18
2025-11-13 03:00:00+00:00,2.928,3.0,2.89,2.983,134627.95
2025-11-13 04:00:00+00:00,2.982,2.997,2.961,2.982,103059.94
2025-11-13 05:00:00+00:00,2.981,3.007,2.966,2.998,61604.83
2025-11-13 06:00:00+00:00,3.0,3.005,2.979,2.979,62262.77
2025-11-13 07:00:00+00:00,2.979,2.993,2.955,2.96,59820.21
2025-11-13 08:00:00+00:00,2.959,2.973,2.953,2.965,35028.4
2025-11-13 09:00:00+00:00,2.966,2.968,2.93,2.932,57862.95
2025-11-13 10:00:00+00:00,2.934,2.972,2.934,2.944,51399.73
2025-11-13 11:00:00+00:00,2.943,2.955,2.938,2.945,34086.08
2025-11-13 12:00:00+00:00,2.946,2.959,2.941,2.953,40621.09
2025-11-13 13:00:00+00:00,2.954,2.974,2.941,2.959,83249.69
2025-11-13 14:00:00+00:00,2.96,3.011,2.935,2.991,185414.96
2025-11-13 15:00:00+00:00,2.988,3.016,2.936,2.952,99854.69
2025-11-13 16:00:00+00:00,2.952,2.965,2.9,2.904,83059.91
2025-11-13 17:00:00+00:00,2.905,2.917,2.826,2.831,162024.69
2025-11-13 18:00:00+00:00,2.832,2.844,2.799,2.818,168969.06
2025-11-13 19:00:00+00:00,2.819,2.832,2.768,2.784,133497.94
2025-11-13 20:00:00+00:00,2.785,2.808,2.768,2.793,83103.69
2025-11-13 21:00:00+00:00,2.793,2.808,2.774,2.799,55673.07
2025-11-13 22:00:00+00:00,2.797,2.864,2.793,2.857,79081.44
2025-11-13 23:00:00+00:00,2.856,2.893,2.85,2.867,73969.82
2025-11-14 00:00:00+00:00,2.867,2.899,2.846,2.867,92435.3
2025-11-14 01:00:00+00:00,2.868,2.883,2.841,2.844,75474.25
2025-11-14 02:00:00+00:00,2.845,2.877,2.839,2.856,114932.33
2025-11-14 03:00:00+00:00,2.855,2.858,2.83,2.844,49950.17
2025-11-14 04:00:00+00:00,2.843,2.848,2.762,2.816,180549.61
2025-11-14 05:00:00+00:00,2.815,2.884,2.815,2.874,210451.97
2025-11-14 06:00:00+00:00,2.874,2.914,2.838,2.911,131268.86
2025-11-14 07:00:00+00:00,2.911,2.911,2.878,2.886,91190.28
2025-11-14 08:00:00+00:00,2.886,2.887,2.843,2.856,96190.54
2025-11-14 09:00:00+00:00,2.855,2.866,2.801,2.807,130106.19
2025-11-14 10:00:00+00:00,2.809,2.834,2.807,2.82,67202.31
2025-11-14 11:00:00+00:00,2.819,2.823,2.78,2.797,85649.83
2025-11-14 12:00:00+00:00,2.797,2.823,2.75,2.817,199580.69
2025-11-14 13:00:00+00:00,2.817,2.838,2.792,2.813,94568.28
2025-11-14 14:00:00+00:00,2.812,2.872,2.793,2.851,239422.84
2025-11-14 15:00:00+00:00,2.852,2.881,2.825,2.861,93983.11
2025-11-14 16:00:00+00:00,2.861,2.888,2.84,2.883,78327.53
2025-11-14 17:00:00+00:00,2.882,2.897,2.861,2.87,83154.7
2025-11-14 18:00:00+00:00,2.869,2.91,2.854,2.863,79582.39
2025-11-14 19:00:00+00:00,2.863,2.911,2.856,2.89,69151.17
2025-11-14 20:00:00+00:00,2.891,2.898,2.825,2.838,78172.93
2025-11-14 21:00:00+00:00,2.837,2.87,2.832,2.854,43348.06
2025-11-14 22:00:00+00:00,2.854,2.872,2.824,2.831,32979.05
2025-11-14 23:00:00+00:00,2.831,2.833,2.767,2.8,104276.24
2025-11-15 00:00:00+00:00,2.801,2.835,2.798,2.832,67252.78
2025-11-15 01:00:00+00:00,2.832,2.869,2.815,2.863,62401.95
2025-11-15 02:00:00+00:00,2.862,2.874,2.85,2.874,41950.44
2025-11-15 03:00:00+00:00,2.874,2.892,2.868,2.887,46543.22
2025-11-15 04:00:00+00:00,2.887,2.907,2.884,2.893,101480.78
2025-11-15 05:00:00+00:00,2.894,2.943,2.886,2.942,79716.19
2025-11-15 06:00:00+00:00,2.943,2.985,2.921,2.972,160987.41
2025-11-15 07:00:00+00:00,2.971,3.0,2.951,2.96,148017.11
2025-11-15 08:00:00+00:00,2.961,2.967,2.902,2.909,87548.25
2025-11-15 09:00:00+00:00,2.908,2.931,2.902,2.903,78026.72
2025-11-15 10:00:00+00:00,2.903,2.903,2.873,2.89,94941.89
2025-11-15 11:00:00+00:00,2.89,2.901,2.866,2.877,50197.3
2025-11-15 12:00:00+00:00,2.876,2.961,2.869,2.953,126829.21
2025-11-15 13:00:00+00:00,2.951,2.989,2.944,2.952,92290.57
2025-11-15 14:00:00+00:00,2.953,2.953,2.897,2.905,82032.91
2025-11-15 15:00:00+00:00,2.904,2.915,2.889,2.891,36809.54
2025-11-15 16:00:00+00:00,2.891,2.895,2.864,2.885,44049.4
2025-11-15 17:00:00+00:00,2.886,2.904,2.877,2.897,53828.86
2025-11-15 18:00:00+00:00,2.897,2.909,2.891,2.895,46455.23
2025-11-15 19:00:00+00:00,2.895,2.901,2.881,2.885,30275.09
2025-11-15 20:00:00+00:00,2.885,2.889,2.862,2.864,31355.96
2025-11-15 21:00:00+00:00,2.863,2.88,2.836,2.841,35057.74
2025-11-15 22:00:00+00:00,2.84,2.866,2.837,2.861,33480.7
2025-11-15 23:00:00+00:00,2.862,2.865,2.852,2.854,15103.45
2025-11-16 00:00:00+00:00,2.854,2.861,2.828,2.847,20759.95
2025-11-16 01:00:00+00:00,2.846,2.852,2.805,2.837,36754.55
2025-11-16 02:00:00+00:00,2.836,2.87,2.823,2.867,33340.75
2025-11-16 03:00:00+00:00,2.866,2.876,2.853,2.857,28600.1
2025-11-16 04:00:00+00:00,2.856,2.857,2.833,2.847,19213.83
2025-11-16 05:00:00+00:00,2.848,2.872,2.847,2.855,26690.92
2025-11-16 06:00:00+00:00,2.855,2.879,2.854,2.859,24544.96
2025-11-16 07:00:00+00:00,2.86,2.873,2.857,2.872,27780.34
2025-11-16 08:00:00+00:00,2.872,2.872,2.85,2.856,40952.13
2025-11-16 09:00:00+00:00,2.855,2.883,2.846,2.88,65967.88
2025-11-16 10:00:00+00:00,2.881,2.883,2.865,2.868,61631.89
2025-11-16 11:00:00+00:00,2.869,2.872,2.81,2.814,118630.22
2025-11-16 12:00:00+00:00,2.812,2.834,2.801,2.815,51903.68
2025-11-16 13:00:00+00:00,2.814,2.826,2.791,2.802,79521.19
2025-11-16 14:00:00+00:00,2.802,2.82,2.791,2.806,90209.43
2025-11-16 15:00:00+00:00,2.807,2.808,2.753,2.756,133613.38
2025-11-16 16:00:00+00:00,2.757,2.783,2.725,2.735,107856.74
2025-11-16 17:00:00+00:00,2.735,2.746,2.698,2.729,153958.54
2025-11-16 18:00:00+00:00,2.728,2.777,2.713,2.72,108275.06
2025-11-16 19:00:00+00:00,2.721,2.756,2.715,2.73,147532.26
2025-11-16 20:00:00+00:00,2.73,2.754,2.726,2.729,28558.07
2025-11-16 21:00:00+00:00,2.728,2.733,2.706,2.732,53836.99
2025-11-16 22:00:00+00:00,2.733,2.762,2.707,2.754,64569.91
2025-11-16 23:00:00+00:00,2.754,2.782,2.696,2.766,100362.65
2025-11-17 00:00:00+00:00,2.767,2.8,2.741,2.788,73162.76
2025-11-17 01:00:00+00:00,2.789,2.793,2.769,2.776,39797.34
2025-11-17 02:00:00+00:00,2.776,2.792,2.769,2.789,67548.47
2025-11-17 03:00:00+00:00,2.79,2.815,2.788,2.807,59988.64
2025-11-17 04:00:00+00:00,2.808,2.817,2.792,2.8,56349.53
2025-11-17 05:00:00+00:00,2.801,2.803,2.784,2.796,47457.94
2025-11-17 06:00:00+00:00,2.795,2.818,2.783,2.818,75681.82
2025-11-17 07:00:00+00:00,2.819,2.83,2.809,2.824,118271.53
2025-11-17 08:00:00+00:00,2.824,2.829,2.814,2.822,25390.24
2025-11-17 09:00:00+00:00,2.823,2.845,2.815,2.833,71695.68
2025-11-17 10:00:00+00:00,2.832,2.858,2.83,2.85,66100.62
2025-11-17 11:00:00+00:00,2.849,2.881,2.849,2.873,74717.09
2025-11-17 12:00:00+00:00,2.872,2.883,2.861,2.866,106111.26
2025-11-17 13:00:00+00:00,2.865,2.874,2.791,2.815,114617.0
2025-11-17 14:00:00+00:00,2.813,2.914,2.797,2.872,252851.14
2025-11-17 15:00:00+00:00,2.873,2.906,2.828,2.839,189101.36
2025-11-17 16:00:00+00:00,2.84,2.859,2.788,2.854,136566.84
2025-11-17 17:00:00+00:00,2.854,2.857,2.779,2.787,123917.46
2025-11-17 18:00:00+00:00,2.788,2.806,2.735,2.753,176598.58
2025-11-17 19:00:00+00:00,2.752,2.762,2.708,2.719,158295.15
2025-11-17 20:00:00+00:00,2.718,2.746,2.702,2.731,187323.14
2025-11-17 21:00:00+00:00,2.732,2.746,2.687,2.697,134927.35
2025-11-17 22:00:00+00:00,2.697,2.721,2.688,2.699,84007.82
2025-11-17 23:00:00+00:00,2.7,2.709,2.686,2.708,45877.5
2025-11-18 00:00:00+00:00,2.707,2.728,2.667,2.723,85062.8
2025-11-18 01:00:00+00:00,2.723,2.748,2.718,2.742,52522.19
2025-11-18 02:00:00+00:00,2.742,2.779,2.708,2.729,194278.82
2025-11-18 03:00:00+00:00,2.73,2.767,2.698,2.758,269517.89
2025-11-18 04:00:00+00:00,2.759,2.78,2.724,2.777,115247.98
2025-11-18 05:00:00+00:00,2.777,2.803,2.755,2.769,77688.64
2025-11-18 06:00:00+00:00,2.768,2.776,2.725,2.726,50014.17
2025-11-18 07:00:00+00:00,2.725,2.763,2.717,2.756,71892.04
2025-11-18 08:00:00+00:00,2.757,2.783,2.751,2.768,64141.18
2025-11-18 09:00:00+00:00,2.768,2.773,2.718,2.722,128940.47
2025-11-18 10:00:00+00:00,2.72,2.722,2.683,2.698,351561.91
2025-11-18 11:00:00+00:00,2.697,2.698,2.677,2.685,156385.37
2025-11-18 12:00:00+00:00,2.684,2.702,2.67,2.694,75370.6
2025-11-18 13:00:00+00:00,2.695,2.714,2.69,2.711,54337.15
2025-11-18 14:00:00+00:00,2.71,2.751,2.701,2.706,137803.59
2025-11-18 15:00:00+00:00,2.705,2.788,2.694,2.771,137522.73
2025-11-18 16:00:00+00:00,2.771,2.822,2.765,2.808,127179.69
2025-11-18 17:00:00+00:00,2.808,2.809,2.757,2.761,66644.94
2025-11-18 18:00:00+00:00,2.762,2.785,2.76,2.764,69860.52
2025-11-18 19:00:00+00:00,2.763,2.788,2.758,2.765,73496.09
2025-11-18 20:00:00+00:00,2.766,2.777,2.761,2.767,38721.48
2025-11-18 21:00:00+00:00,2.766,2.773,2.74,2.741,30731.34
2025-11-18 22:00:00+00:00,2.741,2.783,2.741,2.778,44601.61
2025-11-18 23:00:00+00:00,2.778,2.778,2.754,2.76,27271.94
2025-11-19 00:00:00+00:00,2.759,2.766,2.727,2.757,54205.36
2025-11-19 01:00:00+00:00,2.758,2.771,2.743,2.754,51874.44
2025-11-19 02:00:00+00:00,2.755,2.77,2.744,2.748,17630.61
2025-11-19 03:00:00+00:00,2.748,2.751,2.707,2.71,54385.05
2025-11-19 04:00:00+00:00,2.709,2.716,2.694,2.697,53262.32
2025-11-19 05:00:00+00:00,2.697,2.7,2.644,2.664,90868.6
2025-11-19 06:00:00+00:00,2.665,2.69,2.66,2.688,35239.52
2025-11-19 07:00:00+00:00,2.687,2.718,2.686,2.716,31556.34
2025-11-19 08:00:00+00:00,2.716,2.732,2.711,2.72,33981.03
2025-11-19 09:00:00+00:00,2.72,2.743,2.711,2.743,77088.35
2025-11-19 10:00:00+00:00,2.743,2.758,2.737,2.74,32413.19
2025-11-19 11:00:00+00:00,2.739,2.759,2.739,2.753,35767.5
2025-11-19 12:00:00+00:00,2.752,2.778,2.752,2.767,51979.84
2025-11-19 13:00:00+00:00,2.768,2.772,2.738,2.74,35928.54
2025-11-19 14:00:00+00:00,2.74,2.752,2.715,2.75,90152.91
2025-11-19 15:00:00+00:00,2.75,2.789,2.715,2.719,146170.37
2025-11-19 16:00:00+00:00,2.72,2.739,2.677,2.686,128498.44
2025-11-19 17:00:00+00:00,2.685,2.697,2.639,2.67,95025.0
2025-11-19 18:00:00+00:00,2.669,2.68,2.619,2.641,100830.01
2025-11-19 19:00:00+00:00,2.642,2.65,2.623,2.638,64830.64
2025-11-19 20:00:00+00:00,2.638,2.678,2.632,2.673,91399.04
2025-11-19 21:00:00+00:00,2.673,2.725,2.667,2.721,148164.94
2025-11-19 22:00:00+00:00,2.721,2.723,2.7,2.71,46919.48
2025-11-19 23:00:00+00:00,2.711,2.742,2.711,2.733,118083.81
2025-11-20 00:00:00+00:00,2.731,2.747,2.719,2.735,73121.49
2025-11-20 01:00:00+00:00,2.735,2.79,2.733,2.784,163084.23
2025-11-20 02:00:00+00:00,2.783,2.791,2.762,2.788,76066.01
2025-11-20 03:00:00+00:00,2.789,2.83,2.784,2.826,112774.25
2025-11-20 04:00:00+00:00,2.828,2.917,2.828,2.914,381708.92
2025-11-20 05:00:00+00:00,2.915,2.928,2.87,2.913,329815.88
2025-11-20 06:00:00+00:00,2.914,2.957,2.913,2.956,327234.33
2025-11-20 07:00:00+00:00,2.955,3.048,2.934,3.034,522595.36
2025-11-20 08:00:00+00:00,3.035,3.078,3.014,3.075,441952.83
2025-11-20 09:00:00+00:00,3.075,3.141,3.051,3.11,930474.89
2025-11-20 10:00:00+00:00,3.11,3.12,3.034,3.063,645724.08
2025-11-20 11:00:00+00:00,3.062,3.07,3.014,3.03,286014.25
2025-11-20 12:00:00+00:00,3.031,3.06,3.018,3.047,187898.2
2025-11-20 13:00:00+00:00,3.046,3.05,2.992,2.994,278000.58
2025-11-20 14:00:00+00:00,2.996,3.052,2.966,3.046,367736.71
2025-11-20 15:00:00+00:00,3.047,3.075,3.001,3.005,369893.2
2025-11-20 16:00:00+00:00,3.005,3.008,2.837,2.849,473619.35
2025-11-20 17:00:00+00:00,2.847,2.862,2.779,2.789,364440.96
2025-11-20 18:00:00+00:00,2.788,2.815,2.762,2.762,131739.69
2025-11-20 19:00:00+00:00,2.761,2.842,2.746,2.838,180496.37
2025-11-20 20:00:00+00:00,2.838,2.838,2.796,2.809,113460.83
2025-11-20 21:00:00+00:00,2.809,2.831,2.797,2.798,96627.14
2025-11-20 22:00:00+00:00,2.798,2.832,2.797,2.824,80199.56
2025-11-20 23:00:00+00:00,2.823,2.827,2.733,2.739,220974.36
2025-11-21 00:00:00+00:00,2.738,2.787,2.738,2.786,88860.25
2025-11-21 01:00:00+00:00,2.787,2.826,2.778,2.795,182320.86
2025-11-21 02:00:00+00:00,2.795,2.795,2.727,2.734,143728.32
2025-11-21 03:00:00+00:00,2.734,2.777,2.731,2.748,62278.88
2025-11-21 04:00:00+00:00,2.748,2.752,2.7,2.729,126452.99
2025-11-21 05:00:00+00:00,2.729,2.736,2.69,2.702,57238.04
2025-11-21 06:00:00+00:00,2.702,2.713,2.688,2.696,53416.75
2025-11-21 07:00:00+00:00,2.697,2.705,2.49,2.588,457996.65
2025-11-21 08:00:00+00:00,2.587,2.649,2.575,2.633,200592.26
2025-11-21 09:00:00+00:00,2.633,2.655,2.584,2.585,104129.3
2025-11-21 10:00:00+00:00,2.586,2.61,2.566,2.576,185891.56
2025-11-21 11:00:00+00:00,2.576,2.598,2.54,2.545,110437.55
2025-11-21 12:00:00+00:00,2.545,2.599,2.49,2.571,242607.98
2025-11-21 13:00:00+00:00,2.571,2.589,2.542,2.561,196786.92
2025-11-21 14:00:00+00:00,2.562,2.591,2.532,2.561,190144.6
2025-11-21 15:00:00+00:00,2.562,2.567,2.507,2.52,147664.37
2025-11-21 16:00:00+00:00,2.519,2.575,2.486,2.574,187020.34
2025-11-21 17:00:00+00:00,2.575,2.607,2.566,2.6,129088.47
2025-11-21 18:00:00+00:00,2.601,2.627,2.549,2.603,144011.29
2025-11-21 19:00:00+00:00,2.604,2.61,2.556,2.563,81144.46
2025-11-21 20:00:00+00:00,2.562,2.565,2.513,2.527,134412.23
2025-11-21 21:00:00+00:00,2.526,2.551,2.506,2.533,98248.44
2025-11-21 22:00:00+00:00,2.532,2.537,2.45,2.456,143667.18
2025-11-21 23:00:00+00:00,2.455,2.528,2.446,2.515,99818.16
2025-11-22 00:00:00+00:00,2.514,2.52,2.481,2.496,99191.54
2025-11-22 01:00:00+00:00,2.495,2.528,2.49,2.517,51676.38
2025-11-22 02:00:00+00:00,2.518,2.519,2.483,2.499,57361.72
2025-11-22 03:00:00+00:00,2.496,2.503,2.484,2.488,46179.91
2025-11-22 04:00:00+00:00,2.489,2.491,2.452,2.48,87157.85
2025-11-22 05:00:00+00:00,2.479,2.48,2.438,2.461,66608.46
2025-11-22 06:00:00+00:00,2.462,2.491,2.443,2.486,86457.77
2025-11-22 07:00:00+00:00,2.485,2.492,2.468,2.483,27211.31
2025-11-22 08:00:00+00:00,2.484,2.489,2.442,2.455,75834.26
2025-11-22 09:00:00+00:00,2.456,2.497,2.454,2.477,104618.11
2025-11-22 10:00:00+00:00,2.479,2.491,2.455,2.464,38459.89
2025-11-22 11:00:00+00:00,2.465,2.493,2.459,2.481,46989.74
2025-11-22 12:00:00+00:00,2.48,2.481,2.453,2.464,46109.13
2025-11-22 13:00:00+00:00,2.464,2.469,2.444,2.457,35963.04
2025-11-22 14:00:00+00:00,2.459,2.493,2.459,2.48,61445.75
2025-11-22 15:00:00+00:00,2.48,2.487,2.441,2.457,77014.27
2025-11-22 16:00:00+00:00,2.457,2.492,2.455,2.489,80401.54
2025-11-22 17:00:00+00:00,2.489,2.502,2.478,2.494,211361.15
2025-11-22 18:00:00+00:00,2.495,2.503,2.486,2.494,78075.51
2025-11-22 19:00:00+00:00,2.495,2.5,2.476,2.486,60779.72
2025-11-22 20:00:00+00:00,2.486,2.502,2.48,2.489,38499.75
2025-11-22 21:00:00+00:00,2.489,2.501,2.487,2.5,32655.51
2025-11-22 22:00:00+00:00,2.5,2.533,2.488,2.525,74038.1
2025-11-22 23:00:00+00:00,2.523,2.528,2.505,2.514,56676.52
2025-11-23 00:00:00+00:00,2.515,2.527,2.504,2.508,51085.22
2025-11-23 01:00:00+00:00,2.509,2.543,2.508,2.536,76590.04
2025-11-23 02:00:00+00:00,2.536,2.546,2.526,2.533,37264.99
2025-11-23 03:00:00+00:00,2.533,2.539,2.514,2.526,44804.92
2025-11-23 04:00:00+00:00,2.527,2.554,2.526,2.547,94841.44
2025-11-23 05:00:00+00:00,2.547,2.547,2.526,2.538,41247.77
2025-11-23 06:00:00+00:00,2.537,2.545,2.518,2.53,40553.02
2025-11-23 07:00:00+00:00,2.528,2.544,2.503,2.542,86753.83
2025-11-23 08:00:00+00:00,2.543,2.551,2.534,2.546,52448.05
2025-11-23 09:00:00+00:00,2.546,2.556,2.54,2.552,39639.64
2025-11-23 10:00:00+00:00,2.552,2.569,2.539,2.557,225453.4
2025-11-23 11:00:00+00:00,2.558,2.562,2.533,2.544,139442.94
2025-11-23 12:00:00+00:00,2.544,2.569,2.535,2.538,58198.76
2025-11-23 13:00:00+00:00,2.537,2.542,2.527,2.535,57846.52
2025-11-23 14:00:00+00:00,2.535,2.543,2.511,2.513,143413.9
2025-11-23 15:00:00+00:00,2.514,2.543,2.51,2.538,110866.13
2025-11-23 16:00:00+00:00,2.538,2.546,2.517,2.517,87083.28
2025-11-23 17:00:00+00:00,2.519,2.519,2.501,2.507,41585.99
2025-11-23 18:00:00+00:00,2.507,2.525,2.504,2.506,38043.91
2025-11-23 19:00:00+00:00,2.507,2.529,2.506,2.518,33113.41
2025-11-23 20:00:00+00:00,2.519,2.523,2.509,2.517,22764.22
2025-11-23 21:00:00+00:00,2.517,2.523,2.488,2.521,140625.21
2025-11-23 22:00:00+00:00,2.521,2.533,2.508,2.514,105848.51
2025-11-23 23:00:00+00:00,2.515,2.518,2.483,2.497,57514.89
2025-11-24 00:00:00+00:00,2.497,2.504,2.476,2.489,52750.9
2025-11-24 01:00:00+00:00,2.488,2.5,2.478,2.497,26817.54
2025-11-24 02:00:00+00:00,2.497,2.545,2.495,2.528,113740.09
2025-11-24 03:00:00+00:00,2.53,2.541,2.519,2.528,42208.92
2025-11-24 04:00:00+00:00,2.528,2.533,2.492,2.509,44807.75
2025-11-24 05:00:00+00:00,2.507,2.547,2.506,2.523,95768.04
2025-11-24 06:00:00+00:00,2.525,2.525,2.49,2.504,63999.85
2025-11-24 07:00:00+00:00,2.504,2.504,2.485,2.486,62497.18
2025-11-24 08:00:00+00:00,2.486,2.487,2.457,2.459,135439.65
2025-11-24 09:00:00+00:00,2.459,2.459,2.43,2.44,126599.4
2025-11-24 10:00:00+00:00,2.439,2.453,2.437,2.451,54031.65
2025-11-24 11:00:00+00:00,2.451,2.455,2.444,2.448,79946.24
2025-11-24 12:00:00+00:00,2.448,2.448,2.42,2.424,187084.56
2025-11-24 13:00:00+00:00,2.424,2.449,2.419,2.421,227313.41
2025-11-24 14:00:00+00:00,2.419,2.434,2.384,2.426,415899.63
2025-11-24 15:00:00+00:00,2.427,2.438,2.404,2.438,162725.44
2025-11-24 16:00:00+00:00,2.437,2.471,2.435,2.459,168393.97
2025-11-24 17:00:00+00:00,2.46,2.52,2.46,2.518,151724.88
2025-11-24 18:00:00+00:00,2.518,2.527,2.491,2.507,87829.83
2025-11-24 19:00:00+00:00,2.507,2.519,2.502,2.507,55632.39
2025-11-24 20:00:00+00:00,2.508,2.526,2.499,2.521,53160.34
2025-11-24 21:00:00+00:00,2.521,2.527,2.506,2.515,38794.33
2025-11-24 22:00:00+00:00,2.516,2.533,2.511,2.519,38580.3
2025-11-24 23:00:00+00:00,2.519,2.523,2.498,2.501,31918.48
2025-11-25 00:00:00+00:00,2.501,2.519,2.497,2.517,35178.99
2025-11-25 01:00:00+00:00,2.518,2.531,2.513,2.517,38288.77
2025-11-25 02:00:00+00:00,2.517,2.527,2.503,2.525,44770.64
2025-11-25 03:00:00+00:00,2.524,2.532,2.518,2.528,32081.52
2025-11-25 04:00:00+00:00,2.528,2.531,2.511,2.52,33792.8
2025-11-25 05:00:00+00:00,2.519,2.531,2.508,2.521,28182.75
2025-11-25 06:00:00+00:00,2.521,2.527,2.506,2.515,51457.39
2025-11-25 07:00:00+00:00,2.516,2.529,2.51,2.512,56996.64
2025-11-25 08:00:00+00:00,2.513,2.528,2.501,2.501,49460.97
2025-11-25 09:00:00+00:00,2.502,2.506,2.475,2.485,110436.77
2025-11-25 10:00:00+00:00,2.484,2.495,2.474,2.494,36944.4
2025-11-25 11:00:00+00:00,2.494,2.494,2.468,2.469,60679.69
2025-11-25 12:00:00+00:00,2.47,2.494,2.465,2.478,74910.69
2025-11-25 13:00:00+00:00,2.478,2.483,2.451,2.456,69571.86
2025-11-25 14:00:00+00:00,2.457,2.471,2.424,2.448,85904.74
2025-11-25 15:00:00+00:00,2.447,2.455,2.416,2.441,107694.86
2025-11-25 16:00:00+00:00,2.441,2.464,2.437,2.45,47071.69
2025-11-25 17:00:00+00:00,2.451,2.476,2.44,2.464,69807.74
2025-11-25 18:00:00+00:00,2.465,2.479,2.454,2.454,55766.38
2025-11-25 19:00:00+00:00,2.455,2.458,2.414,2.441,76744.29
2025-11-25 20:00:00+00:00,2.441,2.471,2.439,2.465,33546.63
2025-11-25 21:00:00+00:00,2.464,2.467,2.451,2.456,18791.71
2025-11-25 22:00:00+00:00,2.455,2.487,2.433,2.482,79437.39
2025-11-25 23:00:00+00:00,2.482,2.495,2.465,2.467,52089.98
2025-11-26 00:00:00+00:00,2.469,2.476,2.464,2.464,28666.93
2025-11-26 01:00:00+00:00,2.463,2.479,2.452,2.464,43646.6
2025-11-26 02:00:00+00:00,2.464,2.466,2.45,2.456,32645.99
2025-11-26 03:00:00+00:00,2.456,2.462,2.443,2.447,36823.65
2025-11-26 04:00:00+00:00,2.446,2.457,2.446,2.449,37806.61
2025-11-26 05:00:00+00:00,2.448,2.475,2.447,2.47,33971.33
2025-11-26 06:00:00+00:00,2.47,2.477,2.458,2.475,41261.46
2025-11-26 07:00:00+00:00,2.474,2.492,2.474,2.489,63162.04
2025-11-26 08:00:00+00:00,2.489,2.498,2.48,2.485,90512.69
2025-11-26 09:00:00+00:00,2.486,2.491,2.46,2.46,91337.82
2025-11-26 10:00:00+00:00,2.46,2.473,2.46,2.469,36180.76
2025-11-26 11:00:00+00:00,2.47,2.486,2.459,2.466,154481.52
2025-11-26 12:00:00+00:00,2.465,2.469,2.444,2.45,60975.86
2025-11-26 13:00:00+00:00,2.449,2.477,2.446,2.474,55821.92
2025-11-26 14:00:00+00:00,2.474,2.474,2.442,2.445,76231.32
2025-11-26 15:00:00+00:00,2.445,2.459,2.434,2.445,62312.75
2025-11-26 16:00:00+00:00,2.446,2.469,2.446,2.463,53447.14
2025-11-26 17:00:00+00:00,2.463,2.528,2.461,2.527,126551.34
2025-11-26 18:00:00+00:00,2.527,2.561,2.516,2.559,154478.99
2025-11-26 19:00:00+00:00,2.557,2.557,2.522,2.533,110114.33
2025-11-26 20:00:00+00:00,2.535,2.541,2.523,2.532,38649.81
2025-11-26 21:00:00+00:00,2.533,2.543,2.515,2.534,49418.97
2025-11-26 22:00:00+00:00,2.536,2.548,2.524,2.543,61431.5
2025-11-26 23:00:00+00:00,2.542,2.543,2.521,2.524,25084.08
2025-11-27 00:00:00+00:00,2.525,2.538,2.518,2.527,53294.57
2025-11-27 01:00:00+00:00,2.527,2.535,2.517,2.53,49906.28
2025-11-27 02:00:00+00:00,2.529,2.542,2.523,2.526,47969.31
2025-11-27 03:00:00+00:00,2.525,2.528,2.51,2.514,44033.1
2025-11-27 04:00:00+00:00,2.513,2.538,2.513,2.533,43109.9
2025-11-27 05:00:00+00:00,2.532,2.536,2.519,2.52,56372.34
2025-11-27 06:00:00+00:00,2.521,2.538,2.519,2.531,14198.08
2025-11-27 07:00:00+00:00,2.531,2.537,2.515,2.52,79380.68
2025-11-27 08:00:00+00:00,2.521,2.523,2.508,2.52,53652.55
2025-11-27 09:00:00+00:00,2.52,2.532,2.511,2.515,55924.55
2025-11-27 10:00:00+00:00,2.514,2.532,2.504,2.53,60951.69
2025-11-27 11:00:00+00:00,2.53,2.534,2.525,2.528,38716.18
2025-11-27 12:00:00+00:00,2.529,2.531,2.514,2.517,32862.04
2025-11-27 13:00:00+00:00,2.517,2.53,2.516,2.524,73942.57
2025-11-27 14:00:00+00:00,2.523,2.54,2.512,2.538,78484.01
2025-11-27 15:00:00+00:00,2.538,2.542,2.5,2.526,139641.13
2025-11-27 16:00:00+00:00,2.527,2.543,2.522,2.542,52093.22
2025-11-27 17:00:00+00:00,2.541,2.544,2.533,2.541,39843.52
2025-11-27 18:00:00+00:00,2.541,2.553,2.531,2.55,67735.68
2025-11-27 19:00:00+00:00,2.55,2.55,2.538,2.541,46447.7
2025-11-27 20:00:00+00:00,2.542,2.551,2.541,2.548,26394.97
2025-11-27 21:00:00+00:00,2.548,2.556,2.54,2.542,19664.84
2025-11-27 22:00:00+00:00,2.541,2.544,2.516,2.525,28660.51
2025-11-27 23:00:00+00:00,2.524,2.527,2.515,2.52,30011.74
2025-11-28 00:00:00+00:00,2.52,2.523,2.508,2.511,23436.77
2025-11-28 01:00:00+00:00,2.51,2.515,2.484,2.487,57001.94
2025-11-28 02:00:00+00:00,2.488,2.501,2.477,2.495,44216.15
2025-11-28 03:00:00+00:00,2.496,2.497,2.487,2.492,17750.52
2025-11-28 04:00:00+00:00,2.492,2.497,2.484,2.485,6967.04
2025-11-28 05:00:00+00:00,2.483,2.495,2.481,2.491,26462.31
2025-11-28 06:00:00+00:00,2.489,2.489,2.465,2.474,39073.53
2025-11-28 07:00:00+00:00,2.474,2.492,2.474,2.485,17682.75
2025-11-28 08:00:00+00:00,2.485,2.544,2.485,2.537,81876.54
2025-11-28 09:00:00+00:00,2.537,2.537,2.512,2.513,25154.77
2025-11-28 10:00:00+00:00,2.514,2.517,2.503,2.509,38282.3
2025-11-28 11:00:00+00:00,2.509,2.512,2.479,2.489,35508.48
2025-11-28 12:00:00+00:00,2.488,2.496,2.483,2.484,13730.66
2025-11-28 13:00:00+00:00,2.484,2.511,2.475,2.503,49384.19
2025-11-28 14:00:00+00:00,2.502,2.513,2.485,2.495,86067.72
2025-11-28 15:00:00+00:00,2.496,2.515,2.484,2.509,88418.68
2025-11-28 16:00:00+00:00,2.508,2.509,2.469,2.469,116909.84
2025-11-28 17:00:00+00:00,2.47,2.474,2.441,2.448,78456.34
2025-11-28 18:00:00+00:00,2.447,2.45,2.427,2.446,70464.65
2025-11-28 19:00:00+00:00,2.445,2.463,2.441,2.459,30709.18
2025-11-28 20:00:00+00:00,2.458,2.463,2.448,2.462,29997.09
2025-11-28 21:00:00+00:00,2.462,2.464,2.436,2.437,79266.98
2025-11-28 22:00:00+00:00,2.437,2.457,2.432,2.455,60350.61
2025-11-28 23:00:00+00:00,2.456,2.46,2.438,2.439,40198.04
2025-11-29 00:00:00+00:00,2.439,2.443,2.435,2.441,15589.78
2025-11-29 01:00:00+00:00,2.441,2.455,2.441,2.446,23462.2
2025-11-29 02:00:00+00:00,2.445,2.446,2.432,2.446,23501.36
2025-11-29 03:00:00+00:00,2.447,2.451,2.44,2.441,20961.4
2025-11-29 04:00:00+00:00,2.441,2.453,2.432,2.453,43839.18
2025-11-29 05:00:00+00:00,2.452,2.453,2.438,2.438,15902.28
2025-11-29 06:00:00+00:00,2.437,2.44,2.418,2.429,66840.81
2025-11-29 07:00:00+00:00,2.428,2.433,2.418,2.419,20640.36
2025-11-29 08:00:00+00:00,2.418,2.426,2.408,2.41,47197.5
2025-11-29 09:00:00+00:00,2.409,2.416,2.408,2.413,35207.82
2025-11-29 10:00:00+00:00,2.413,2.424,2.403,2.419,58305.6
2025-11-29 11:00:00+00:00,2.419,2.433,2.418,2.43,75034.71
2025-11-29 12:00:00+00:00,2.43,2.433,2.418,2.418,43797.15
2025-11-29 13:00:00+00:00,2.418,2.424,2.414,2.416,36242.48
2025-11-29 14:00:00+00:00,2.416,2.416,2.399,2.405,123233.04
2025-11-29 15:00:00+00:00,2.406,2.428,2.403,2.425,87673.52
2025-11-29 16:00:00+00:00,2.425,2.431,2.415,2.418,17334.09
2025-11-29 17:00:00+00:00,2.419,2.421,2.398,2.4,71897.0
2025-11-29 18:00:00+00:00,2.4,2.415,2.389,2.412,56294.63
2025-11-29 19:00:00+00:00,2.413,2.417,2.405,2.409,14285.08
2025-11-29 20:00:00+00:00,2.407,2.424,2.402,2.423,15882.09
2025-11-29 21:00:00+00:00,2.423,2.427,2.42,2.426,12072.04
2025-11-29 22:00:00+00:00,2.425,2.426,2.417,2.422,8906.21
2025-11-29 23:00:00+00:00,2.422,2.43,2.415,2.427,12315.72
2025-11-30 00:00:00+00:00,2.427,2.434,2.425,2.428,13683.75
2025-11-30 01:00:00+00:00,2.427,2.446,2.424,2.435,33479.85
2025-11-30 02:00:00+00:00,2.435,2.454,2.432,2.433,53240.18
2025-11-30 03:00:00+00:00,2.433,2.437,2.417,2.437,21837.06
2025-11-30 04:00:00+00:00,2.438,2.44,2.424,2.429,5928.13
2025-11-30 05:00:00+00:00,2.428,2.428,2.415,2.42,39321.64
2025-11-30 06:00:00+00:00,2.42,2.439,2.417,2.431,12574.76
2025-11-30 07:00:00+00:00,2.431,2.438,2.429,2.433,12042.2
2025-11-30 08:00:00+00:00,2.434,2.447,2.429,2.437,43595.48
2025-11-30 09:00:00+00:00,2.439,2.444,2.431,2.435,29263.53
2025-11-30 10:00:00+00:00,2.435,2.436,2.427,2.428,31840.14
2025-11-30 11:00:00+00:00,2.427,2.432,2.419,2.42,35078.27
2025-11-30 12:00:00+00:00,2.421,2.441,2.415,2.433,37740.0
2025-11-30 13:00:00+00:00,2.433,2.445,2.43,2.44,30286.06
2025-11-30 14:00:00+00:00,2.44,2.44,2.422,2.425,31905.97
2025-11-30 15:00:00+00:00,2.425,2.426,2.412,2.418,63701.49
2025-11-30 16:00:00+00:00,2.417,2.432,2.417,2.432,19764.29
2025-11-30 17:00:00+00:00,2.431,2.433,2.417,2.43,18644.62
2025-11-30 18:00:00+00:00,2.43,2.43,2.416,2.426,23846.1
2025-11-30 19:00:00+00:00,2.426,2.426,2.414,2.416,44182.44
2025-11-30 20:00:00+00:00,2.417,2.428,2.406,2.414,52438.24
2025-11-30 21:00:00+00:00,2.413,2.415,2.399,2.409,68436.95
2025-11-30 22:00:00+00:00,2.408,2.426,2.407,2.417,38279.05
2025-11-30 23:00:00+00:00,2.418,2.418,2.371,2.376,142047.46
2025-12-01 00:00:00+00:00,2.376,2.385,2.246,2.256,472924.98
2025-12-01 01:00:00+00:00,2.254,2.286,2.25,2.266,103838.62
2025-12-01 02:00:00+00:00,2.266,2.283,2.264,2.268,103011.63
2025-12-01 03:00:00+00:00,2.268,2.271,2.244,2.249,125069.62
2025-12-01 04:00:00+00:00,2.249,2.269,2.248,2.266,101307.41
2025-12-01 05:00:00+00:00,2.267,2.293,2.266,2.287,134055.39
2025-12-01 06:00:00+00:00,2.288,2.301,2.271,2.274,124255.66
2025-12-01 07:00:00+00:00,2.274,2.282,2.268,2.28,89973.55
2025-12-01 08:00:00+00:00,2.281,2.287,2.27,2.274,27537.0
2025-12-01 09:00:00+00:00,2.274,2.28,2.269,2.276,48581.85
2025-12-01 10:00:00+00:00,2.275,2.298,2.275,2.282,399310.53
2025-12-01 11:00:00+00:00,2.281,2.281,2.257,2.259,171506.9
2025-12-01 12:00:00+00:00,2.26,2.261,2.219,2.25,126974.23
2025-12-01 13:00:00+00:00,2.249,2.259,2.23,2.24,101085.67
2025-12-01 14:00:00+00:00,2.239,2.259,2.232,2.233,120545.01
2025-12-01 15:00:00+00:00,2.233,2.236,2.14,2.171,325010.99
2025-12-01 16:00:00+00:00,2.172,2.211,2.167,2.193,200138.38
2025-12-01 17:00:00+00:00,2.193,2.204,2.183,2.184,58824.64
2025-12-01 18:00:00+00:00,2.185,2.215,2.183,2.213,120678.71
2025-12-01 19:00:00+00:00,2.213,2.218,2.202,2.212,60652.14
2025-12-01 20:00:00+00:00,2.213,2.242,2.213,2.227,93048.22
2025-12-01 21:00:00+00:00,2.228,2.249,2.225,2.248,74446.49
2025-12-01 22:00:00+00:00,2.248,2.276,2.248,2.27,75602.54
2025-12-01 23:00:00+00:00,2.271,2.28,2.263,2.268,99128.95
2025-12-02 00:00:00+00:00,2.269,2.28,2.261,2.266,137368.18
2025-12-02 01:00:00+00:00,2.266,2.285,2.253,2.259,109282.03
2025-12-02 02:00:00+00:00,2.258,2.275,2.257,2.268,46562.21
2025-12-02 03:00:00+00:00,2.268,2.272,2.252,2.271,34083.52
2025-12-02 04:00:00+00:00,2.272,2.274,2.256,2.261,49624.62
2025-12-02 05:00:00+00:00,2.261,2.262,2.254,2.259,38029.98
2025-12-02 06:00:00+00:00,2.259,2.264,2.255,2.262,32845.89
2025-12-02 07:00:00+00:00,2.262,2.267,2.257,2.263,54039.59
2025-12-02 08:00:00+00:00,2.263,2.264,2.247,2.251,34156.83
2025-12-02 09:00:00+00:00,2.252,2.26,2.246,2.253,21681.65
2025-12-02 10:00:00+00:00,2.253,2.276,2.253,2.272,76262.19
2025-12-02 11:00:00+00:00,2.272,2.279,2.262,2.277,35646.72
2025-12-02 12:00:00+00:00,2.277,2.281,2.269,2.274,38339.62
2025-12-02 13:00:00+00:00,2.275,2.298,2.271,2.29,70445.45
2025-12-02 14:00:00+00:00,2.291,2.329,2.29,2.328,103185.34
2025-12-02 15:00:00+00:00,2.328,2.431,2.328,2.422,232871.68
2025-12-02 16:00:00+00:00,2.423,2.432,2.38,2.389,117411.2
2025-12-02 17:00:00+00:00,2.39,2.41,2.388,2.397,100237.85
2025-12-02 18:00:00+00:00,2.395,2.41,2.392,2.403,72596.3
2025-12-02 19:00:00+00:00,2.403,2.405,2.388,2.39,57562.33
2025-12-02 20:00:00+00:00,2.389,2.392,2.368,2.386,92278.25
2025-12-02 21:00:00+00:00,2.387,2.395,2.382,2.393,50166.56
2025-12-02 22:00:00+00:00,2.393,2.396,2.378,2.384,30701.16
2025-12-02 23:00:00+00:00,2.384,2.385,2.365,2.365,29822.46
2025-12-03 00:00:00+00:00,2.366,2.372,2.352,2.369,72653.2
2025-12-03 01:00:00+00:00,2.368,2.385,2.368,2.378,112754.83
2025-12-03 02:00:00+00:00,2.377,2.405,2.376,2.396,150993.12
2025-12-03 03:00:00+00:00,2.394,2.401,2.385,2.385,41451.09
2025-12-03 04:00:00+00:00,2.386,2.403,2.382,2.401,41976.84
2025-12-03 05:00:00+00:00,2.402,2.409,2.395,2.398,42194.5
2025-12-03 06:00:00+00:00,2.398,2.408,2.387,2.393,51199.87
2025-12-03 07:00:00+00:00,2.393,2.396,2.387,2.389,42208.21
2025-12-03 08:00:00+00:00,2.391,2.398,2.385,2.393,29572.35
2025-12-03 09:00:00+00:00,2.394,2.394,2.372,2.381,55667.22
2025-12-03 10:00:00+00:00,2.382,2.388,2.363,2.364,35944.31
2025-12-03 11:00:00+00:00,2.365,2.376,2.36,2.374,43811.13
2025-12-03 12:00:00+00:00,2.374,2.375,2.35,2.355,152364.68
2025-12-03 13:00:00+00:00,2.355,2.366,2.353,2.356,33674.51
2025-12-03 14:00:00+00:00,2.356,2.37,2.311,2.34,215636.76
2025-12-03 15:00:00+00:00,2.34,2.353,2.332,2.337,123809.97
2025-12-03 16:00:00+00:00,2.337,2.352,2.323,2.338,129529.33
2025-12-03 17:00:00+00:00,2.336,2.371,2.336,2.366,73160.83
2025-12-03 18:00:00+00:00,2.366,2.381,2.354,2.361,65540.79
2025-12-03 19:00:00+00:00,2.36,2.373,2.359,2.37,40441.91
2025-12-03 20:00:00+00:00,2.37,2.387,2.365,2.375,69602.25
2025-12-03 21:00:00+00:00,2.374,2.405,2.371,2.403,141668.91
2025-12-03 22:00:00+00:00,2.402,2.413,2.386,2.407,90442.52
2025-12-03 23:00:00+00:00,2.406,2.417,2.391,2.393,51445.53
2025-12-04 00:00:00+00:00,2.394,2.398,2.377,2.383,81796.37
2025-12-04 01:00:00+00:00,2.383,2.408,2.377,2.379,91584.07
2025-12-04 02:00:00+00:00,2.378,2.383,2.368,2.37,57658.67
2025-12-04 03:00:00+00:00,2.37,2.378,2.363,2.364,35220.96
2025-12-04 04:00:00+00:00,2.365,2.369,2.353,2.362,24783.13
2025-12-04 05:00:00+00:00,2.363,2.364,2.35,2.36,47036.42
2025-12-04 06:00:00+00:00,2.361,2.373,2.357,2.373,35682.08
2025-12-04 07:00:00+00:00,2.373,2.373,2.357,2.368,33372.3
2025-12-04 08:00:00+00:00,2.367,2.373,2.359,2.363,19218.03
2025-12-04 09:00:00+00:00,2.363,2.375,2.361,2.367,22156.95
2025-12-04 10:00:00+00:00,2.367,2.37,2.358,2.359,16320.29
2025-12-04 11:00:00+00:00,2.358,2.365,2.354,2.363,38036.35
2025-12-04 12:00:00+00:00,2.363,2.37,2.353,2.357,30848.09
2025-12-04 13:00:00+00:00,2.358,2.365,2.341,2.346,70417.5
2025-12-04 14:00:00+00:00,2.345,2.357,2.325,2.329,66480.85
2025-12-04 15:00:00+00:00,2.331,2.38,2.331,2.367,96426.97
2025-12-04 16:00:00+00:00,2.368,2.374,2.345,2.348,94466.61
2025-12-04 17:00:00+00:00,2.347,2.35,2.322,2.337,47218.69
2025-12-04 18:00:00+00:00,2.336,2.345,2.324,2.328,31680.16
2025-12-04 19:00:00+00:00,2.327,2.329,2.284,2.321,121877.7
2025-12-04 20:00:00+00:00,2.322,2.332,2.311,2.324,29258.84
2025-12-04 21:00:00+00:00,2.324,2.329,2.302,2.302,27202.72
2025-12-04 22:00:00+00:00,2.303,2.326,2.301,2.321,54424.75
2025-12-04 23:00:00+00:00,2.321,2.326,2.31,2.311,56291.21
2025-12-05 00:00:00+00:00,2.311,2.323,2.307,2.311,16290.52
2025-12-05 01:00:00+00:00,2.312,2.327,2.311,2.316,24108.09
2025-12-05 02:00:00+00:00,2.315,2.338,2.31,2.326,149869.33
2025-12-05 03:00:00+00:00,2.327,2.334,2.312,2.316,43248.43
2025-12-05 04:00:00+00:00,2.316,2.32,2.294,2.3,45804.77
2025-12-05 05:00:00+00:00,2.301,2.307,2.296,2.303,9977.18
2025-12-05 06:00:00+00:00,2.303,2.314,2.303,2.31,20099.89
2025-12-05 07:00:00+00:00,2.309,2.322,2.308,2.314,23037.71
2025-12-05 08:00:00+00:00,2.314,2.315,2.294,2.303,19948.39
2025-12-05 09:00:00+00:00,2.302,2.302,2.266,2.271,60966.01
2025-12-05 10:00:00+00:00,2.27,2.286,2.267,2.275,41918.51
2025-12-05 11:00:00+00:00,2.275,2.281,2.255,2.262,65420.3
2025-12-05 12:00:00+00:00,2.262,2.265,2.253,2.263,39045.21
2025-12-05 13:00:00+00:00,2.262,2.272,2.246,2.259,114180.24
2025-12-05 14:00:00+00:00,2.259,2.267,2.234,2.24,96203.0
2025-12-05 15:00:00+00:00,2.24,2.277,2.24,2.248,112306.72
2025-12-05 16:00:00+00:00,2.248,2.249,2.168,2.179,141625.61
2025-12-05 17:00:00+00:00,2.178,2.192,2.162,2.186,89765.05
2025-12-05 18:00:00+00:00,2.185,2.203,2.159,2.161,104577.45
2025-12-05 19:00:00+00:00,2.16,2.192,2.15,2.184,158518.89
2025-12-05 20:00:00+00:00,2.183,2.188,2.168,2.17,41565.9
2025-12-05 21:00:00+00:00,2.168,2.179,2.168,2.173,42801.7
2025-12-05 22:00:00+00:00,2.174,2.198,2.169,2.192,32451.52
2025-12-05 23:00:00+00:00,2.193,2.211,2.187,2.197,36427.31
2025-12-06 00:00:00+00:00,2.198,2.208,2.185,2.205,41630.18
2025-12-06 01:00:00+00:00,2.204,2.206,2.194,2.196,21317.96
2025-12-06 02:00:00+00:00,2.196,2.197,2.19,2.197,10518.23
2025-12-06 03:00:00+00:00,2.197,2.21,2.195,2.209,48955.53
2025-12-06 04:00:00+00:00,2.21,2.219,2.194,2.203,76334.52
2025-12-06 05:00:00+00:00,2.204,2.208,2.196,2.2,22324.94
2025-12-06 06:00:00+00:00,2.2,2.21,2.198,2.207,12689.31
2025-12-06 07:00:00+00:00,2.207,2.211,2.197,2.204,23382.02
2025-12-06 08:00:00+00:00,2.204,2.212,2.199,2.199,32125.82
2025-12-06 09:00:00+00:00,2.199,2.216,2.198,2.213,36694.7
2025-12-06 10:00:00+00:00,2.213,2.215,2.199,2.201,18578.14
2025-12-06 11:00:00+00:00,2.2,2.211,2.199,2.208,16467.98
2025-12-06 12:00:00+00:00,2.207,2.219,2.204,2.21,38684.77
2025-12-06 13:00:00+00:00,2.21,2.22,2.207,2.216,29505.76
2025-12-06 14:00:00+00:00,2.216,2.239,2.213,2.229,92397.78
2025-12-06 15:00:00+00:00,2.229,2.237,2.219,2.235,40432.24
2025-12-06 16:00:00+00:00,2.236,2.246,2.236,2.24,30320.52
2025-12-06 17:00:00+00:00,2.241,2.261,2.24,2.254,57942.48
2025-12-06 18:00:00+00:00,2.254,2.283,2.25,2.258,82931.67
2025-12-06 19:00:00+00:00,2.257,2.259,2.235,2.24,95574.49
2025-12-06 20:00:00+00:00,2.241,2.251,2.238,2.247,72302.33
2025-12-06 21:00:00+00:00,2.246,2.264,2.242,2.248,55765.27
2025-12-06 22:00:00+00:00,2.248,2.248,2.231,2.236,27116.65
2025-12-06 23:00:00+00:00,2.236,2.243,2.227,2.239,28093.45
2025-12-07 00:00:00+00:00,2.238,2.249,2.234,2.243,18454.8
2025-12-07 01:00:00+00:00,2.242,2.242,2.23,2.231,10871.1
2025-12-07 02:00:00+00:00,2.23,2.239,2.228,2.236,4633.03
2025-12-07 03:00:00+00:00,2.236,2.238,2.231,2.235,6174.58
2025-12-07 04:00:00+00:00,2.235,2.238,2.224,2.226,23358.6
2025-12-07 05:00:00+00:00,2.227,2.234,2.219,2.228,24250.1
2025-12-07 06:00:00+00:00,2.227,2.238,2.227,2.236,17010.0
2025-12-07 07:00:00+00:00,2.236,2.237,2.216,2.221,19172.14
2025-12-07 08:00:00+00:00,2.221,2.226,2.213,2.215,15180.04
2025-12-07 09:00:00+00:00,2.216,2.22,2.2,2.206,25686.84
2025-12-07 10:00:00+00:00,2.206,2.211,2.2,2.204,17231.87
2025-12-07 11:00:00+00:00,2.205,2.21,2.193,2.194,53385.3
2025-12-07 12:00:00+00:00,2.194,2.207,2.189,2.199,37116.95
2025-12-07 13:00:00+00:00,2.199,2.201,2.175,2.184,50245.1
2025-12-07 14:00:00+00:00,2.183,2.184,2.134,2.148,166211.04
2025-12-07 15:00:00+00:00,2.148,2.204,2.148,2.199,107549.27
2025-12-07 16:00:00+00:00,2.198,2.198,2.168,2.185,74132.81
2025-12-07 17:00:00+00:00,2.185,2.222,2.171,2.209,146311.42
2025-12-07 18:00:00+00:00,2.209,2.226,2.209,2.218,49598.59
2025-12-07 19:00:00+00:00,2.219,2.228,2.211,2.225,43336.4
2025-12-07 20:00:00+00:00,2.226,2.237,2.221,2.235,32299.14
2025-12-07 21:00:00+00:00,2.235,2.236,2.185,2.196,54548.22
2025-12-07 22:00:00+00:00,2.195,2.195,2.153,2.173,81049.11
2025-12-07 23:00:00+00:00,2.172,2.181,2.162,2.18,33015.78
2025-12-08 00:00:00+00:00,2.18,2.194,2.174,2.174,36858.76
2025-12-08 01:00:00+00:00,2.175,2.217,2.175,2.197,46320.4
2025-12-08 02:00:00+00:00,2.197,2.214,2.194,2.213,24567.61
2025-12-08 03:00:00+00:00,2.213,2.221,2.209,2.213,22390.76
2025-12-08 04:00:00+00:00,2.214,2.235,2.214,2.225,14303.32
2025-12-08 05:00:00+00:00,2.224,2.238,2.222,2.234,18867.41
2025-12-08 06:00:00+00:00,2.234,2.251,2.233,2.245,50307.8
2025-12-08 07:00:00+00:00,2.246,2.255,2.241,2.249,54701.49
2025-12-08 08:00:00+00:00,2.25,2.26,2.244,2.249,54147.59
2025-12-08 09:00:00+00:00,2.249,2.271,2.249,2.253,73750.02
2025-12-08 10:00:00+00:00,2.254,2.255,2.245,2.247,36718.72
2025-12-08 11:00:00+00:00,2.248,2.248,2.234,2.234,29101.01
2025-12-08 12:00:00+00:00,2.236,2.236,2.221,2.233,44299.4
2025-12-08 13:00:00+00:00,2.233,2.246,2.232,2.237,77271.73
2025-12-08 14:00:00+00:00,2.235,2.253,2.223,2.234,122332.27
2025-12-08 15:00:00+00:00,2.235,2.243,2.213,2.231,107869.3
2025-12-08 16:00:00+00:00,2.232,2.258,2.221,2.236,93776.06
2025-12-08 17:00:00+00:00,2.236,2.244,2.224,2.239,87635.15
2025-12-08 18:00:00+00:00,2.241,2.258,2.224,2.234,90980.4
2025-12-08 19:00:00+00:00,2.235,2.247,2.234,2.237,28899.14
2025-12-08 20:00:00+00:00,2.238,2.258,2.238,2.255,25322.05
2025-12-08 21:00:00+00:00,2.254,2.271,2.251,2.268,63574.28
2025-12-08 22:00:00+00:00,2.269,2.271,2.249,2.257,16257.33
2025-12-08 23:00:00+00:00,2.258,2.259,2.24,2.249,21882.03
2025-12-09 00:00:00+00:00,2.249,2.262,2.242,2.244,19419.13
2025-12-09 01:00:00+00:00,2.244,2.248,2.224,2.231,31380.17
2025-12-09 02:00:00+00:00,2.23,2.235,2.223,2.224,9834.76
2025-12-09 03:00:00+00:00,2.223,2.233,2.214,2.231,44636.99
2025-12-09 04:00:00+00:00,2.232,2.234,2.209,2.211,23810.9
2025-12-09 05:00:00+00:00,2.21,2.218,2.201,2.207,25201.99
2025-12-09 06:00:00+00:00,2.207,2.209,2.195,2.208,46860.6
2025-12-09 07:00:00+00:00,2.209,2.225,2.206,2.222,22777.77
2025-12-09 08:00:00+00:00,2.222,2.225,2.215,2.221,22683.91
2025-12-09 09:00:00+00:00,2.221,2.221,2.206,2.212,26312.49
2025-12-09 10:00:00+00:00,2.211,2.228,2.211,2.221,25206.46
2025-12-09 11:00:00+00:00,2.222,2.234,2.22,2.232,30410.0
2025-12-09 12:00:00+00:00,2.232,2.252,2.23,2.251,38630.04
2025-12-09 13:00:00+00:00,2.252,2.26,2.241,2.251,59855.91
2025-12-09 14:00:00+00:00,2.252,2.258,2.236,2.246,63855.92
2025-12-09 15:00:00+00:00,2.246,2.331,2.245,2.324,257566.13
2025-12-09 16:00:00+00:00,2.326,2.417,2.326,2.404,340184.59
2025-12-09 17:00:00+00:00,2.406,2.421,2.391,2.395,218030.82
2025-12-09 18:00:00+00:00,2.396,2.405,2.381,2.386,117485.63
2025-12-09 19:00:00+00:00,2.387,2.388,2.371,2.377,99613.53
2025-12-09 20:00:00+00:00,2.376,2.376,2.324,2.339,125545.14
2025-12-09 21:00:00+00:00,2.339,2.346,2.306,2.322,74271.68
2025-12-09 22:00:00+00:00,2.323,2.353,2.321,2.328,122037.75
2025-12-09 23:00:00+00:00,2.328,2.333,2.32,2.325,34002.13
2025-12-10 00:00:00+00:00,2.327,2.336,2.309,2.31,35255.23
2025-12-10 01:00:00+00:00,2.31,2.312,2.288,2.298,66902.86
2025-12-10 02:00:00+00:00,2.297,2.303,2.289,2.298,26991.47
2025-12-10 03:00:00+00:00,2.299,2.302,2.29,2.297,22469.22
2025-12-10 04:00:00+00:00,2.297,2.304,2.292,2.293,29064.56
2025-12-10 05:00:00+00:00,2.293,2.299,2.286,2.291,23396.53
2025-12-10 06:00:00+00:00,2.291,2.292,2.283,2.289,15416.69
2025-12-10 07:00:00+00:00,2.289,2.289,2.272,2.289,32492.46
2025-12-10 08:00:00+00:00,2.289,2.298,2.282,2.283,45664.39
2025-12-10 09:00:00+00:00,2.284,2.289,2.265,2.286,119246.67
2025-12-10 10:00:00+00:00,2.285,2.293,2.253,2.253,185793.58
2025-12-10 11:00:00+00:00,2.253,2.261,2.248,2.26,105728.26
2025-12-10 12:00:00+00:00,2.259,2.26,2.246,2.255,96748.98
2025-12-10 13:00:00+00:00,2.254,2.265,2.253,2.264,76139.54
2025-12-10 14:00:00+00:00,2.263,2.265,2.252,2.259,221707.89
2025-12-10 15:00:00+00:00,2.258,2.275,2.255,2.266,179216.79
2025-12-10 16:00:00+00:00,2.265,2.284,2.26,2.273,249647.45
2025-12-10 17:00:00+00:00,2.272,2.293,2.267,2.282,120873.72
2025-12-10 18:00:00+00:00,2.282,2.318,2.276,2.29,161153.8
2025-12-10 19:00:00+00:00,2.29,2.331,2.274,2.322,326759.13
2025-12-10 20:00:00+00:00,2.322,2.373,2.305,2.313,381428.46
2025-12-10 21:00:00+00:00,2.313,2.325,2.272,2.277,195454.43
2025-12-10 22:00:00+00:00,2.276,2.294,2.251,2.291,111224.27
2025-12-10 23:00:00+00:00,2.29,2.294,2.267,2.267,37723.25
2025-12-11 00:00:00+00:00,2.268,2.272,2.226,2.234,103314.72
2025-12-11 01:00:00+00:00,2.234,2.235,2.205,2.207,105359.28
2025-12-11 02:00:00+00:00,2.207,2.207,2.188,2.193,152694.68
2025-12-11 03:00:00+00:00,2.192,2.193,2.166,2.17,144441.04
2025-12-11 04:00:00+00:00,2.17,2.194,2.16,2.191,161407.62
2025-12-11 05:00:00+00:00,2.191,2.203,2.181,2.193,87898.46
2025-12-11 06:00:00+00:00,2.193,2.197,2.18,2.19,36166.96
2025-12-11 07:00:00+00:00,2.191,2.199,2.188,2.191,46443.71
2025-12-11 08:00:00+00:00,2.191,2.192,2.179,2.189,52411.71
2025-12-11 09:00:00+00:00,2.187,2.196,2.176,2.179,60388.59
2025-12-11 10:00:00+00:00,2.18,2.185,2.17,2.182,107239.14
2025-12-11 11:00:00+00:00,2.181,2.188,2.179,2.18,21751.7
2025-12-11 12:00:00+00:00,2.18,2.191,2.175,2.186,58502.16
2025-12-11 13:00:00+00:00,2.186,2.192,2.179,2.185,43225.86
2025-12-11 14:00:00+00:00,2.185,2.196,2.166,2.178,139375.5
2025-12-11 15:00:00+00:00,2.177,2.196,2.17,2.177,74096.05
2025-12-11 16:00:00+00:00,2.176,2.19,2.164,2.177,83034.85
2025-12-11 17:00:00+00:00,2.177,2.194,2.174,2.18,66691.68
2025-12-11 18:00:00+00:00,2.179,2.198,2.173,2.183,130605.59
2025-12-11 19:00:00+00:00,2.183,2.197,2.175,2.178,57299.93
2025-12-11 20:00:00+00:00,2.178,2.195,2.176,2.195,68596.47
2025-12-11 21:00:00+00:00,2.195,2.228,2.192,2.216,113398.18
2025-12-11 22:00:00+00:00,2.216,2.233,2.195,2.205,127347.74
2025-12-11 23:00:00+00:00,2.205,2.208,2.182,2.185,67977.62
2025-12-12 00:00:00+00:00,2.185,2.204,2.16,2.162,103481.69
2025-12-12 01:00:00+00:00,2.163,2.186,2.161,2.177,41949.55
2025-12-12 02:00:00+00:00,2.178,2.192,2.173,2.191,50502.14
2025-12-12 03:00:00+00:00,2.191,2.194,2.178,2.18,27064.98
2025-12-12 04:00:00+00:00,2.18,2.181,2.173,2.173,25505.02
2025-12-12 05:00:00+00:00,2.175,2.192,2.171,2.192,26885.03
2025-12-12 06:00:00+00:00,2.192,2.206,2.184,2.184,60430.84
2025-12-12 07:00:00+00:00,2.186,2.187,2.178,2.18,45236.28
2025-12-12 08:00:00+00:00,2.179,2.187,2.173,2.18,43619.2
2025-12-12 09:00:00+00:00,2.181,2.194,2.177,2.194,22529.47
2025-12-12 10:00:00+00:00,2.193,2.2,2.184,2.184,35783.89
2025-12-12 11:00:00+00:00,2.184,2.185,2.177,2.184,35023.1
2025-12-12 12:00:00+00:00,2.184,2.189,2.176,2.187,41407.2
2025-12-12 13:00:00+00:00,2.187,2.19,2.179,2.181,54093.85
2025-12-12 14:00:00+00:00,2.18,2.19,2.172,2.183,93377.7
2025-12-12 15:00:00+00:00,2.182,2.182,2.091,2.103,485431.49
2025-12-12 16:00:00+00:00,2.103,2.114,2.071,2.08,437793.41
2025-12-12 17:00:00+00:00,2.081,2.114,2.08,2.098,170957.62
2025-12-12 18:00:00+00:00,2.099,2.133,2.097,2.115,83283.86
2025-12-12 19:00:00+00:00,2.117,2.118,2.104,2.115,39982.04
2025-12-12 20:00:00+00:00,2.115,2.124,2.112,2.122,50096.36
2025-12-12 21:00:00+00:00,2.123,2.143,2.122,2.137,44981.41
2025-12-12 22:00:00+00:00,2.137,2.149,2.133,2.147,26885.2
2025-12-12 23:00:00+00:00,2.147,2.15,2.137,2.14,65585.92
2025-12-13 00:00:00+00:00,2.141,2.152,2.139,2.15,41028.42
2025-12-13 01:00:00+00:00,2.15,2.156,2.148,2.152,39707.01
2025-12-13 02:00:00+00:00,2.152,2.159,2.152,2.156,17536.58
2025-12-13 03:00:00+00:00,2.155,2.171,2.154,2.167,38613.49
2025-12-13 04:00:00+00:00,2.168,2.168,2.161,2.165,11598.65
2025-12-13 05:00:00+00:00,2.165,2.171,2.155,2.159,19528.48
2025-12-13 06:00:00+00:00,2.158,2.162,2.155,2.162,23886.83
2025-12-13 07:00:00+00:00,2.162,2.168,2.162,2.164,15505.14
2025-12-13 08:00:00+00:00,2.164,2.179,2.164,2.174,25597.2
2025-12-13 09:00:00+00:00,2.176,2.186,2.175,2.181,31046.18
2025-12-13 10:00:00+00:00,2.18,2.188,2.17,2.181,52285.4
2025-12-13 11:00:00+00:00,2.182,2.183,2.174,2.178,31950.01
2025-12-13 12:00:00+00:00,2.177,2.187,2.175,2.181,49689.14
2025-12-13 13:00:00+00:00,2.182,2.183,2.173,2.178,28739.72
2025-12-13 14:00:00+00:00,2.178,2.187,2.176,2.182,57120.71
2025-12-13 15:00:00+00:00,2.182,2.191,2.179,2.182,42984.3
2025-12-13 16:00:00+00:00,2.182,2.19,2.18,2.18,18802.9
2025-12-13 17:00:00+00:00,2.179,2.187,2.173,2.185,28780.73
2025-12-13 18:00:00+00:00,2.185,2.195,2.18,2.181,75846.85
2025-12-13 19:00:00+00:00,2.182,2.191,2.181,2.187,36653.19
2025-12-13 20:00:00+00:00,2.186,2.19,2.179,2.18,10925.21
2025-12-13 21:00:00+00:00,2.18,2.182,2.165,2.181,30436.26
2025-12-13 22:00:00+00:00,2.18,2.182,2.169,2.178,22141.33
2025-12-13 23:00:00+00:00,2.176,2.184,2.174,2.183,24984.11
2025-12-14 00:00:00+00:00,2.184,2.188,2.177,2.185,42433.56
2025-12-14 01:00:00+00:00,2.185,2.187,2.177,2.181,42041.97
2025-12-14 02:00:00+00:00,2.181,2.191,2.18,2.19,35425.5
2025-12-14 03:00:00+00:00,2.189,2.191,2.183,2.184,25722.71
2025-12-14 04:00:00+00:00,2.183,2.183,2.17,2.172,26730.76
2025-12-14 05:00:00+00:00,2.171,2.171,2.159,2.164,30164.1
2025-12-14 06:00:00+00:00,2.163,2.163,2.157,2.161,41751.09
2025-12-14 07:00:00+00:00,2.161,2.171,2.16,2.163,44570.47
2025-12-14 08:00:00+00:00,2.163,2.175,2.163,2.165,39133.72
2025-12-14 09:00:00+00:00,2.165,2.169,2.163,2.164,15618.78
2025-12-14 10:00:00+00:00,2.165,2.169,2.153,2.157,40109.51
2025-12-14 11:00:00+00:00,2.156,2.156,2.127,2.147,203051.43
2025-12-14 12:00:00+00:00,2.146,2.155,2.137,2.145,59798.62
2025-12-14 13:00:00+00:00,2.144,2.145,2.134,2.141,24213.12
2025-12-14 14:00:00+00:00,2.142,2.146,2.118,2.123,84769.57
2025-12-14 15:00:00+00:00,2.124,2.126,2.116,2.123,38657.86
2025-12-14 16:00:00+00:00,2.123,2.142,2.121,2.129,86337.15
2025-12-14 17:00:00+00:00,2.13,2.132,2.106,2.109,78669.8
2025-12-14 18:00:00+00:00,2.109,2.124,2.108,2.124,20925.11
2025-12-14 19:00:00+00:00,2.123,2.124,2.106,2.112,20596.12
2025-12-14 20:00:00+00:00,2.112,2.123,2.102,2.109,88831.46
2025-12-14 21:00:00+00:00,2.109,2.115,2.096,2.099,33087.71
2025-12-14 22:00:00+00:00,2.1,2.114,2.094,2.106,74931.8
2025-12-14 23:00:00+00:00,2.107,2.114,2.082,2.103,84640.44
2025-12-15 00:00:00+00:00,2.103,2.122,2.102,2.118,61182.44
2025-12-15 01:00:00+00:00,2.118,2.147,2.115,2.141,63126.57
2025-12-15 02:00:00+00:00,2.141,2.165,2.14,2.141,90929.83
2025-12-15 03:00:00+00:00,2.14,2.145,2.136,2.139,49739.96
2025-12-15 04:00:00+00:00,2.14,2.152,2.136,2.151,92651.36
2025-12-15 05:00:00+00:00,2.15,2.159,2.15,2.157,23408.94
2025-12-15 06:00:00+00:00,2.158,2.16,2.152,2.154,40496.84
2025-12-15 07:00:00+00:00,2.154,2.155,2.141,2.144,117311.13
2025-12-15 08:00:00+00:00,2.145,2.15,2.141,2.145,35296.15
2025-12-15 09:00:00+00:00,2.145,2.152,2.144,2.148,32395.65
2025-12-15 10:00:00+00:00,2.148,2.156,2.138,2.14,55319.43
2025-12-15 11:00:00+00:00,2.14,2.143,2.134,2.137,26749.64
2025-12-15 12:00:00+00:00,2.137,2.147,2.132,2.146,31022.65
2025-12-15 13:00:00+00:00,2.146,2.147,2.126,2.132,42227.58
2025-12-15 14:00:00+00:00,2.131,2.143,2.081,2.099,140161.83
2025-12-15 15:00:00+00:00,2.098,2.099,2.043,2.057,258908.99
2025-12-15 16:00:00+00:00,2.057,2.064,2.039,2.047,78612.82
2025-12-15 17:00:00+00:00,2.047,2.05,2.022,2.022,84824.93
2025-12-15 18:00:00+00:00,2.021,2.029,2.002,2.027,111222.73
2025-12-15 19:00:00+00:00,2.028,2.045,2.027,2.033,63753.25
2025-12-15 20:00:00+00:00,2.033,2.037,2.017,2.029,51491.79
2025-12-15 21:00:00+00:00,2.028,2.047,2.025,2.046,61862.79
2025-12-15 22:00:00+00:00,2.046,2.053,2.041,2.053,43817.9
2025-12-15 23:00:00+00:00,2.053,2.058,2.046,2.05,43954.6
2025-12-16 00:00:00+00:00,2.051,2.053,2.033,2.034,35174.45
2025-12-16 01:00:00+00:00,2.034,2.044,2.03,2.036,31208.89
2025-12-16 02:00:00+00:00,2.035,2.047,2.029,2.041,23070.67
2025-12-16 03:00:00+00:00,2.042,2.046,2.031,2.045,29337.1
2025-12-16 04:00:00+00:00,2.046,2.047,2.018,2.038,60665.91
2025-12-16 05:00:00+00:00,2.038,2.042,2.034,2.04,44982.1
2025-12-16 06:00:00+00:00,2.04,2.05,2.039,2.048,21496.54
2025-12-16 07:00:00+00:00,2.048,2.05,2.025,2.03,45376.41
2025-12-16 08:00:00+00:00,2.029,2.045,2.028,2.04,16693.17
2025-12-16 09:00:00+00:00,2.04,2.042,2.029,2.033,56452.49
2025-12-16 10:00:00+00:00,2.033,2.063,2.03,2.054,59952.75
2025-12-16 11:00:00+00:00,2.054,2.071,2.05,2.061,101145.52
2025-12-16 12:00:00+00:00,2.062,2.068,2.055,2.057,39419.77
2025-12-16 13:00:00+00:00,2.057,2.071,2.031,2.031,153769.29
2025-12-16 14:00:00+00:00,2.032,2.047,2.017,2.033,263171.6
2025-12-16 15:00:00+00:00,2.034,2.051,2.022,2.042,511417.57
2025-12-16 16:00:00+00:00,2.042,2.044,2.024,2.03,271840.27
2025-12-16 17:00:00+00:00,2.031,2.04,2.005,2.006,103342.42
2025-12-16 18:00:00+00:00,2.005,2.021,2.001,2.017,220226.48
2025-12-16 19:00:00+00:00,2.018,2.032,2.007,2.03,98161.77
2025-12-16 20:00:00+00:00,2.029,2.035,2.024,2.026,47782.35
2025-12-16 21:00:00+00:00,2.025,2.025,2.016,2.021,23347.47
2025-12-16 22:00:00+00:00,2.022,2.027,2.015,2.015,22744.33
2025-12-16 23:00:00+00:00,2.015,2.015,1.989,1.999,169774.93
2025-12-17 00:00:00+00:00,2.001,2.001,1.988,1.996,64307.57
2025-12-17 01:00:00+00:00,1.996,2.018,1.996,2.01,110336.28
2025-12-17 02:00:00+00:00,2.011,2.012,1.996,2.008,34993.07
2025-12-17 03:00:00+00:00,2.008,2.012,2.002,2.005,15298.57
2025-12-17 04:00:00+00:00,2.006,2.009,1.992,2.0,37898.29
2025-12-17 05:00:00+00:00,2.0,2.01,1.991,2.005,45727.64
2025-12-17 06:00:00+00:00,2.005,2.015,2.005,2.006,39383.81
2025-12-17 07:00:00+00:00,2.007,2.019,2.005,2.01,56659.23
2025-12-17 08:00:00+00:00,2.009,2.009,1.991,1.991,113266.35
2025-12-17 09:00:00+00:00,1.992,1.994,1.982,1.99,123318.07
2025-12-17 10:00:00+00:00,1.989,1.996,1.982,1.987,83029.92
2025-12-17 11:00:00+00:00,1.986,2.008,1.985,2.006,159298.82
2025-12-17 12:00:00+00:00,2.006,2.009,1.999,2.008,82435.64
2025-12-17 13:00:00+00:00,2.008,2.026,2.001,2.025,121545.08
2025-12-17 14:00:00+00:00,2.026,2.051,1.987,2.051,441020.41
2025-12-17 15:00:00+00:00,2.052,2.094,2.011,2.015,434177.98
2025-12-17 16:00:00+00:00,2.014,2.025,1.949,1.974,256791.82
2025-12-17 17:00:00+00:00,1.975,1.983,1.949,1.951,112018.05
2025-12-17 18:00:00+00:00,1.951,1.965,1.931,1.934,132351.24
2025-12-17 19:00:00+00:00,1.935,1.949,1.923,1.949,100765.66
2025-12-17 20:00:00+00:00,1.95,1.967,1.943,1.949,60305.66
2025-12-17 21:00:00+00:00,1.948,1.955,1.936,1.94,32248.2
2025-12-17 22:00:00+00:00,1.941,1.949,1.933,1.947,37929.13
2025-12-17 23:00:00+00:00,1.947,1.947,1.937,1.944,46337.04
2025-12-18 00:00:00+00:00,1.944,1.946,1.932,1.933,40144.38
2025-12-18 01:00:00+00:00,1.932,1.932,1.906,1.91,140442.09
2025-12-18 02:00:00+00:00,1.911,1.932,1.907,1.919,43467.47
2025-12-18 03:00:00+00:00,1.92,1.921,1.898,1.906,61655.27
2025-12-18 04:00:00+00:00,1.906,1.916,1.902,1.905,173025.79
2025-12-18 05:00:00+00:00,1.904,1.905,1.885,1.889,66391.23
2025-12-18 06:00:00+00:00,1.888,1.9,1.884,1.895,233562.38
2025-12-18 07:00:00+00:00,1.895,1.91,1.891,1.903,207903.51
2025-12-18 08:00:00+00:00,1.903,1.919,1.9,1.917,148235.89
2025-12-18 09:00:00+00:00,1.916,1.918,1.905,1.907,226470.26
2025-12-18 10:00:00+00:00,1.906,1.909,1.902,1.904,97869.93
2025-12-18 11:00:00+00:00,1.904,1.905,1.895,1.901,127864.85
2025-12-18 12:00:00+00:00,1.902,1.908,1.895,1.9,109782.14
2025-12-18 13:00:00+00:00,1.9,1.949,1.9,1.949,579104.37
2025-12-18 14:00:00+00:00,1.949,1.969,1.928,1.944,271849.37
2025-12-18 15:00:00+00:00,1.944,1.974,1.931,1.958,122260.76
2025-12-18 16:00:00+00:00,1.96,1.961,1.949,1.954,53955.47
2025-12-18 17:00:00+00:00,1.954,1.954,1.86,1.894,400184.71
2025-12-18 18:00:00+00:00,1.893,1.908,1.868,1.874,130705.4
2025-12-18 19:00:00+00:00,1.874,1.876,1.832,1.836,198575.68
2025-12-18 20:00:00+00:00,1.835,1.858,1.833,1.842,100599.48
2025-12-18 21:00:00+00:00,1.842,1.873,1.842,1.873,141706.13
2025-12-18 22:00:00+00:00,1.872,1.878,1.865,1.866,53459.6
2025-12-18 23:00:00+00:00,1.867,1.869,1.851,1.852,55984.01
2025-12-19 00:00:00+00:00,1.853,1.863,1.851,1.863,80807.38
2025-12-19 01:00:00+00:00,1.863,1.863,1.849,1.854,52888.0
2025-12-19 02:00:00+00:00,1.853,1.863,1.846,1.856,70658.71
2025-12-19 03:00:00+00:00,1.856,1.913,1.856,1.897,184272.39
2025-12-19 04:00:00+00:00,1.898,1.905,1.892,1.896,70360.34
2025-12-19 05:00:00+00:00,1.896,1.897,1.873,1.874,106822.03
2025-12-19 06:00:00+00:00,1.874,1.875,1.855,1.868,145098.66
2025-12-19 07:00:00+00:00,1.867,1.895,1.862,1.882,191263.0
2025-12-19 08:00:00+00:00,1.881,1.887,1.869,1.882,118376.59
2025-12-19 09:00:00+00:00,1.882,1.883,1.873,1.877,109641.85
2025-12-19 10:00:00+00:00,1.877,1.879,1.86,1.866,119602.56
2025-12-19 11:00:00+00:00,1.865,1.877,1.86,1.874,114655.2
2025-12-19 12:00:00+00:00,1.873,1.884,1.868,1.879,63051.43
2025-12-19 13:00:00+00:00,1.88,1.893,1.88,1.892,76759.48
2025-12-19 14:00:00+00:00,1.892,1.928,1.889,1.918,136827.67
2025-12-19 15:00:00+00:00,1.917,1.958,1.914,1.929,272772.75
2025-12-19 16:00:00+00:00,1.93,1.967,1.929,1.958,122391.86
2025-12-19 17:00:00+00:00,1.958,1.971,1.932,1.933,131195.94
2025-12-19 18:00:00+00:00,1.932,1.955,1.932,1.951,63030.0
2025-12-19 19:00:00+00:00,1.951,1.985,1.95,1.978,104376.84
2025-12-19 20:00:00+00:00,1.979,1.991,1.975,1.985,88745.07
2025-12-19 21:00:00+00:00,1.984,1.984,1.964,1.965,32314.19
2025-12-19 22:00:00+00:00,1.965,1.981,1.959,1.976,39489.82
2025-12-19 23:00:00+00:00,1.976,1.976,1.962,1.965,27112.09
2025-12-20 00:00:00+00:00,1.966,1.971,1.959,1.968,29837.48
2025-12-20 01:00:00+00:00,1.968,1.972,1.966,1.966,4845.54
2025-12-20 02:00:00+00:00,1.965,1.976,1.963,1.97,63458.81
2025-12-20 03:00:00+00:00,1.97,1.981,1.964,1.978,34435.31
2025-12-20 04:00:00+00:00,1.978,1.979,1.97,1.973,44999.81
2025-12-20 05:00:00+00:00,1.973,1.977,1.97,1.971,43875.83
2025-12-20 06:00:00+00:00,1.972,1.98,1.971,1.974,31177.61
2025-12-20 07:00:00+00:00,1.974,1.996,1.971,1.994,82244.37
2025-12-20 08:00:00+00:00,1.995,2.004,1.989,1.991,52453.75
2025-12-20 09:00:00+00:00,1.99,1.994,1.989,1.99,17263.97
2025-12-20 10:00:00+00:00,1.989,1.989,1.976,1.977,47119.33
2025-12-20 11:00:00+00:00,1.978,1.978,1.969,1.975,44986.28
2025-12-20 12:00:00+00:00,1.976,1.977,1.965,1.969,22146.93
2025-12-20 13:00:00+00:00,1.969,1.974,1.961,1.972,62846.38
2025-12-20 14:00:00+00:00,1.971,1.978,1.962,1.978,31867.81
2025-12-20 15:00:00+00:00,1.978,1.982,1.971,1.981,46174.08
2025-12-20 16:00:00+00:00,1.982,1.984,1.972,1.974,20481.37
2025-12-20 17:00:00+00:00,1.975,1.984,1.972,1.978,31508.52
2025-12-20 18:00:00+00:00,1.978,1.986,1.977,1.984,24500.67
2025-12-20 19:00:00+00:00,1.984,1.984,1.972,1.973,18111.17
2025-12-20 20:00:00+00:00,1.972,1.978,1.971,1.978,29241.48
2025-12-20 21:00:00+00:00,1.979,1.99,1.979,1.988,23581.85
2025-12-20 22:00:00+00:00,1.988,1.998,1.987,1.996,31419.64
2025-12-20 23:00:00+00:00,1.996,1.996,1.98,1.983,23605.83
2025-12-21 00:00:00+00:00,1.983,1.996,1.982,1.986,21908.18
2025-12-21 01:00:00+00:00,1.986,1.987,1.972,1.973,34744.66
2025-12-21 02:00:00+00:00,1.972,1.976,1.96,1.963,36656.56
2025-12-21 03:00:00+00:00,1.963,1.976,1.962,1.972,27242.75
2025-12-21 04:00:00+00:00,1.971,1.975,1.963,1.965,14488.37
2025-12-21 05:00:00+00:00,1.965,1.976,1.964,1.967,31911.47
2025-12-21 06:00:00+00:00,1.967,1.975,1.967,1.974,15696.02
2025-12-21 07:00:00+00:00,1.973,1.975,1.969,1.972,19664.13
2025-12-21 08:00:00+00:00,1.972,1.983,1.967,1.979,30320.63
2025-12-21 09:00:00+00:00,1.979,1.984,1.972,1.975,27789.73
2025-12-21 10:00:00+00:00,1.977,1.981,1.96,1.963,28556.19
2025-12-21 11:00:00+00:00,1.963,1.963,1.955,1.956,15302.16
2025-12-21 12:00:00+00:00,1.956,1.965,1.946,1.952,33573.84
2025-12-21 13:00:00+00:00,1.952,1.952,1.907,1.91,76822.8
2025-12-21 14:00:00+00:00,1.909,1.928,1.907,1.913,81453.48
2025-12-21 15:00:00+00:00,1.913,1.921,1.909,1.918,61179.54
2025-12-21 16:00:00+00:00,1.918,1.928,1.913,1.924,33302.99
2025-12-21 17:00:00+00:00,1.925,1.937,1.923,1.923,39856.95
2025-12-21 18:00:00+00:00,1.924,1.927,1.915,1.926,24789.18
2025-12-21 19:00:00+00:00,1.927,1.935,1.921,1.933,35793.74
2025-12-21 20:00:00+00:00,1.933,1.934,1.923,1.925,51602.47
2025-12-21 21:00:00+00:00,1.926,1.93,1.916,1.918,22256.78
2025-12-21 22:00:00+00:00,1.917,1.94,1.916,1.94,31565.25
2025-12-21 23:00:00+00:00,1.94,1.951,1.933,1.942,33572.81
2025-12-22 00:00:00+00:00,1.943,1.981,1.943,1.955,101525.65
2025-12-22 01:00:00+00:00,1.953,1.968,1.947,1.948,51480.99
2025-12-22 02:00:00+00:00,1.947,1.948,1.923,1.938,50477.0
2025-12-22 03:00:00+00:00,1.938,1.954,1.933,1.948,27799.06
2025-12-22 04:00:00+00:00,1.948,1.957,1.947,1.952,27181.16
2025-12-22 05:00:00+00:00,1.954,1.957,1.947,1.949,22698.96
2025-12-22 06:00:00+00:00,1.949,1.954,1.945,1.95,14220.65
2025-12-22 07:00:00+00:00,1.949,1.959,1.947,1.951,24281.71
2025-12-22 08:00:00+00:00,1.951,1.965,1.945,1.95,61532.05
2025-12-22 09:00:00+00:00,1.951,1.959,1.948,1.954,63583.66
2025-12-22 10:00:00+00:00,1.955,1.959,1.95,1.955,26655.54
2025-12-22 11:00:00+00:00,1.955,1.968,1.948,1.967,52170.83
2025-12-22 12:00:00+00:00,1.967,1.984,1.964,1.973,82044.32
2025-12-22 13:00:00+00:00,1.973,1.976,1.963,1.974,27153.89
2025-12-22 14:00:00+00:00,1.974,1.99,1.965,1.983,82846.55
2025-12-22 15:00:00+00:00,1.983,1.994,1.97,1.989,123737.16
2025-12-22 16:00:00+00:00,1.99,2.0,1.986,1.99,92616.05
2025-12-22 17:00:00+00:00,1.989,1.989,1.978,1.984,35961.87
2025-12-22 18:00:00+00:00,1.984,1.988,1.973,1.977,52884.65
2025-12-22 19:00:00+00:00,1.977,1.977,1.94,1.944,95103.48
2025-12-22 20:00:00+00:00,1.943,1.948,1.929,1.934,94236.34
2025-12-22 21:00:00+00:00,1.933,1.951,1.933,1.948,63528.8
2025-12-22 22:00:00+00:00,1.948,1.961,1.94,1.958,56217.93
2025-12-22 23:00:00+00:00,1.957,1.957,1.947,1.95,23196.56
2025-12-23 00:00:00+00:00,1.95,1.966,1.947,1.963,38885.83
2025-12-23 01:00:00+00:00,1.963,1.965,1.948,1.953,21135.06
2025-12-23 02:00:00+00:00,1.953,1.959,1.94,1.94,66174.62
2025-12-23 03:00:00+00:00,1.94,1.949,1.933,1.945,31980.23
2025-12-23 04:00:00+00:00,1.944,1.949,1.935,1.936,16640.05
2025-12-23 05:00:00+00:00,1.935,1.938,1.925,1.932,44385.05
2025-12-23 06:00:00+00:00,1.932,1.936,1.918,1.924,48164.07
2025-12-23 07:00:00+00:00,1.924,1.927,1.919,1.924,21988.61
2025-12-23 08:00:00+00:00,1.924,1.934,1.919,1.921,22148.85
2025-12-23 09:00:00+00:00,1.92,1.934,1.918,1.933,84963.12
2025-12-23 10:00:00+00:00,1.931,1.949,1.931,1.947,62025.61
2025-12-23 11:00:00+00:00,1.947,1.967,1.944,1.957,76470.02
2025-12-23 12:00:00+00:00,1.957,1.958,1.945,1.953,46452.03
2025-12-23 13:00:00+00:00,1.952,1.963,1.943,1.958,78922.19
2025-12-23 14:00:00+00:00,1.958,1.962,1.924,1.936,150329.52
2025-12-23 15:00:00+00:00,1.935,1.961,1.93,1.961,65549.15
2025-12-23 16:00:00+00:00,1.962,2.001,1.954,1.984,188656.35
2025-12-23 17:00:00+00:00,1.984,1.989,1.967,1.968,61870.78
2025-12-23 18:00:00+00:00,1.969,1.993,1.969,1.979,58830.35
2025-12-23 19:00:00+00:00,1.98,1.981,1.964,1.971,66051.79
2025-12-23 20:00:00+00:00,1.971,1.998,1.968,1.986,46938.52
2025-12-23 21:00:00+00:00,1.986,1.988,1.98,1.984,13667.56
2025-12-23 22:00:00+00:00,1.984,1.986,1.967,1.97,34678.96
2025-12-23 23:00:00+00:00,1.971,1.971,1.963,1.971,19082.3
2025-12-24 00:00:00+00:00,1.971,1.994,1.971,1.987,60011.25
2025-12-24 01:00:00+00:00,1.988,1.99,1.967,1.971,43467.25
2025-12-24 02:00:00+00:00,1.971,1.971,1.947,1.948,38492.41
2025-12-24 03:00:00+00:00,1.947,1.953,1.934,1.952,38499.16
2025-12-24 04:00:00+00:00,1.953,1.958,1.938,1.939,104974.61
2025-12-24 05:00:00+00:00,1.938,1.943,1.928,1.929,56901.88
2025-12-24 06:00:00+00:00,1.929,1.937,1.927,1.93,44724.81
2025-12-24 07:00:00+00:00,1.93,1.939,1.928,1.934,57879.79
2025-12-24 08:00:00+00:00,1.931,1.944,1.93,1.936,57259.54
2025-12-24 09:00:00+00:00,1.937,1.946,1.931,1.934,41962.39
2025-12-24 10:00:00+00:00,1.933,1.938,1.93,1.931,40046.11
2025-12-24 11:00:00+00:00,1.931,1.939,1.931,1.933,29758.78
2025-12-24 12:00:00+00:00,1.932,1.944,1.931,1.941,32673.85
2025-12-24 13:00:00+00:00,1.941,1.942,1.931,1.936,18422.7
2025-12-24 14:00:00+00:00,1.935,1.944,1.916,1.933,80226.23
2025-12-24 15:00:00+00:00,1.932,1.954,1.928,1.954,50621.18
2025-12-24 16:00:00+00:00,1.955,1.961,1.941,1.954,59791.75
2025-12-24 17:00:00+00:00,1.956,1.959,1.941,1.943,168013.51
2025-12-24 18:00:00+00:00,1.942,1.951,1.939,1.946,28452.03
2025-12-24 19:00:00+00:00,1.946,1.954,1.942,1.951,14380.27
2025-12-24 20:00:00+00:00,1.952,1.961,1.952,1.958,32221.88
2025-12-24 21:00:00+00:00,1.959,1.975,1.959,1.975,86905.44
2025-12-24 22:00:00+00:00,1.974,1.991,1.974,1.985,54590.65
2025-12-24 23:00:00+00:00,1.986,1.988,1.975,1.982,23541.86
2025-12-25 00:00:00+00:00,1.982,1.993,1.982,1.988,65196.86
2025-12-25 01:00:00+00:00,1.989,1.998,1.986,1.987,105965.0
2025-12-25 02:00:00+00:00,1.988,2.01,1.982,2.001,96047.36
2025-12-25 03:00:00+00:00,2.002,2.002,1.989,1.993,20602.9
2025-12-25 04:00:00+00:00,1.994,1.994,1.987,1.989,20325.76
2025-12-25 05:00:00+00:00,1.989,1.99,1.983,1.985,18640.36
2025-12-25 06:00:00+00:00,1.984,1.995,1.984,1.995,21687.72
2025-12-25 07:00:00+00:00,1.994,1.999,1.987,1.997,32962.14
2025-12-25 08:00:00+00:00,1.998,2.027,1.997,2.009,121737.17
2025-12-25 09:00:00+00:00,2.01,2.013,2.002,2.006,68412.12
2025-12-25 10:00:00+00:00,2.006,2.006,1.983,1.99,45041.87
2025-12-25 11:00:00+00:00,1.989,2.0,1.989,1.996,54887.92
2025-12-25 12:00:00+00:00,1.995,1.999,1.99,1.998,32206.78
2025-12-25 13:00:00+00:00,1.998,2.003,1.992,1.994,54086.81
2025-12-25 14:00:00+00:00,1.994,1.997,1.988,1.993,39485.96
2025-12-25 15:00:00+00:00,1.993,2.012,1.99,2.006,59883.93
2025-12-25 16:00:00+00:00,2.007,2.019,2.004,2.016,50420.48
2025-12-25 17:00:00+00:00,2.017,2.017,2.005,2.012,32411.76
2025-12-25 18:00:00+00:00,2.011,2.015,2.004,2.008,50045.25
2025-12-25 19:00:00+00:00,2.008,2.009,2.004,2.009,13251.41
2025-12-25 20:00:00+00:00,2.01,2.013,2.005,2.012,63814.88
2025-12-25 21:00:00+00:00,2.011,2.012,2.004,2.01,46657.09
2025-12-25 22:00:00+00:00,2.01,2.013,1.967,1.978,79558.38
2025-12-25 23:00:00+00:00,1.977,1.985,1.955,1.957,61950.39
2025-12-26 00:00:00+00:00,1.957,1.964,1.951,1.957,37170.08
2025-12-26 01:00:00+00:00,1.957,1.972,1.955,1.971,37223.13
2025-12-26 02:00:00+00:00,1.97,2.042,1.968,2.038,279895.12
2025-12-26 03:00:00+00:00,2.038,2.048,2.035,2.044,70808.95
2025-12-26 04:00:00+00:00,2.044,2.06,2.037,2.049,70829.74
2025-12-26 05:00:00+00:00,2.05,2.052,2.038,2.044,33323.6
2025-12-26 06:00:00+00:00,2.044,2.048,2.034,2.038,29539.75
2025-12-26 07:00:00+00:00,2.037,2.042,2.021,2.025,30853.2
2025-12-26 08:00:00+00:00,2.026,2.036,2.024,2.034,23251.92
2025-12-26 09:00:00+00:00,2.035,2.037,2.027,2.033,24954.68
2025-12-26 10:00:00+00:00,2.033,2.033,2.024,2.024,18262.61
2025-12-26 11:00:00+00:00,2.024,2.028,2.021,2.026,11847.84
2025-12-26 12:00:00+00:00,2.025,2.033,2.023,2.031,18928.37
2025-12-26 13:00:00+00:00,2.032,2.035,2.027,2.033,16184.16
2025-12-26 14:00:00+00:00,2.033,2.04,2.007,2.018,51109.65
2025-12-26 15:00:00+00:00,2.017,2.03,2.001,2.021,73191.53
2025-12-26 16:00:00+00:00,2.023,2.028,1.996,1.996,46743.3
2025-12-26 17:00:00+00:00,1.997,2.017,1.997,2.013,28762.82
2025-12-26 18:00:00+00:00,2.013,2.03,2.011,2.03,48607.13
2025-12-26 19:00:00+00:00,2.03,2.048,2.03,2.039,73386.22
2025-12-26 20:00:00+00:00,2.039,2.043,2.03,2.04,19584.46
2025-12-26 21:00:00+00:00,2.04,2.045,2.033,2.034,14923.47
2025-12-26 22:00:00+00:00,2.034,2.048,2.034,2.048,29405.91
2025-12-26 23:00:00+00:00,2.048,2.051,2.044,2.048,20184.49
2025-12-27 00:00:00+00:00,2.047,2.055,2.046,2.051,49046.17
2025-12-27 01:00:00+00:00,2.052,2.054,2.048,2.052,19857.33
2025-12-27 02:00:00+00:00,2.053,2.055,2.036,2.037,36561.16
2025-12-27 03:00:00+00:00,2.036,2.055,2.036,2.047,40180.27
2025-12-27 04:00:00+00:00,2.047,2.047,2.036,2.036,13611.18
2025-12-27 05:00:00+00:00,2.037,2.037,2.029,2.034,22602.46
2025-12-27 06:00:00+00:00,2.034,2.041,2.033,2.04,25262.39
2025-12-27 07:00:00+00:00,2.039,2.043,2.034,2.034,18834.3
2025-12-27 08:00:00+00:00,2.033,2.038,2.032,2.033,14677.92
2025-12-27 09:00:00+00:00,2.032,2.038,2.029,2.036,39452.84
2025-12-27 10:00:00+00:00,2.036,2.046,2.031,2.046,27352.56
2025-12-27 11:00:00+00:00,2.046,2.055,2.041,2.051,71997.66
2025-12-27 12:00:00+00:00,2.051,2.055,2.046,2.05,35367.02
2025-12-27 13:00:00+00:00,2.051,2.051,2.034,2.04,20409.98
2025-12-27 14:00:00+00:00,2.041,2.053,2.041,2.05,22303.8
2025-12-27 15:00:00+00:00,2.05,2.058,2.048,2.054,63799.72
2025-12-27 16:00:00+00:00,2.055,2.058,2.047,2.047,29755.6
2025-12-27 17:00:00+00:00,2.047,2.052,2.047,2.05,11116.94
2025-12-27 18:00:00+00:00,2.049,2.057,2.047,2.055,25942.95
2025-12-27 19:00:00+00:00,2.054,2.058,2.052,2.055,20217.7
2025-12-27 20:00:00+00:00,2.056,2.059,2.05,2.053,17697.87
2025-12-27 21:00:00+00:00,2.053,2.07,2.049,2.069,66846.96
2025-12-27 22:00:00+00:00,2.069,2.081,2.058,2.063,122435.66
2025-12-27 23:00:00+00:00,2.063,2.099,2.063,2.08,330210.69
2025-12-28 00:00:00+00:00,2.08,2.092,2.079,2.081,48002.02
2025-12-28 01:00:00+00:00,2.081,2.083,2.073,2.076,45304.72
2025-12-28 02:00:00+00:00,2.076,2.088,2.075,2.085,23192.82
2025-12-28 03:00:00+00:00,2.086,2.086,2.078,2.083,33489.12
2025-12-28 04:00:00+00:00,2.082,2.088,2.08,2.086,25726.23
2025-12-28 05:00:00+00:00,2.086,2.096,2.083,2.095,51173.8
2025-12-28 06:00:00+00:00,2.095,2.107,2.093,2.105,50611.03
2025-12-28 07:00:00+00:00,2.106,2.109,2.098,2.108,42887.29
2025-12-28 08:00:00+00:00,2.108,2.109,2.1,2.103,36088.83
2025-12-28 09:00:00+00:00,2.102,2.105,2.094,2.102,29923.89
2025-12-28 10:00:00+00:00,2.102,2.11,2.101,2.107,48907.69
2025-12-28 11:00:00+00:00,2.107,2.112,2.091,2.096,70413.02
2025-12-28 12:00:00+00:00,2.096,2.098,2.082,2.083,34933.81
2025-12-28 13:00:00+00:00,2.084,2.091,2.083,2.085,38301.03
2025-12-28 14:00:00+00:00,2.084,2.095,2.084,2.09,38978.85
2025-12-28 15:00:00+00:00,2.089,2.093,2.079,2.081,21046.02
2025-12-28 16:00:00+00:00,2.08,2.088,2.079,2.081,75527.02
2025-12-28 17:00:00+00:00,2.082,2.086,2.077,2.078,19614.85
2025-12-28 18:00:00+00:00,2.078,2.079,2.063,2.067,68534.63
2025-12-28 19:00:00+00:00,2.067,2.072,2.059,2.059,44643.96
2025-12-28 20:00:00+00:00,2.06,2.066,2.055,2.06,44617.5
2025-12-28 21:00:00+00:00,2.06,2.065,2.058,2.061,30207.15
2025-12-28 22:00:00+00:00,2.062,2.075,2.061,2.072,29493.27
2025-12-28 23:00:00+00:00,2.072,2.077,2.064,2.074,24994.41
2025-12-29 00:00:00+00:00,2.075,2.093,2.069,2.087,41670.22
2025-12-29 01:00:00+00:00,2.086,2.096,2.072,2.083,45420.08
2025-12-29 02:00:00+00:00,2.084,2.103,2.082,2.084,59686.14
2025-12-29 03:00:00+00:00,2.084,2.101,2.081,2.098,53108.42
2025-12-29 04:00:00+00:00,2.098,2.101,2.089,2.093,48603.44
2025-12-29 05:00:00+00:00,2.093,2.095,2.074,2.074,138599.52
2025-12-29 06:00:00+00:00,2.074,2.075,2.061,2.062,58421.11
2025-12-29 07:00:00+00:00,2.063,2.071,2.053,2.066,134510.34
2025-12-29 08:00:00+00:00,2.068,2.068,2.053,2.055,51890.62
2025-12-29 09:00:00+00:00,2.056,2.059,2.03,2.036,90167.48
2025-12-29 10:00:00+00:00,2.036,2.047,2.034,2.043,70133.62
2025-12-29 11:00:00+00:00,2.043,2.044,2.033,2.037,44157.52
2025-12-29 12:00:00+00:00,2.037,2.037,2.008,2.017,124655.26
2025-12-29 13:00:00+00:00,2.018,2.02,2.004,2.009,53854.67
2025-12-29 14:00:00+00:00,2.009,2.031,2.001,2.011,98386.5
2025-12-29 15:00:00+00:00,2.011,2.022,2.009,2.009,72356.38
2025-12-29 16:00:00+00:00,2.008,2.018,2.0,2.0,211515.52
2025-12-29 17:00:00+00:00,2.0,2.003,1.984,1.99,108186.73
2025-12-29 18:00:00+00:00,1.99,1.993,1.975,1.976,91624.7
2025-12-29 19:00:00+00:00,1.975,1.986,1.971,1.972,71420.68
2025-12-29 20:00:00+00:00,1.973,1.977,1.959,1.963,98406.93
2025-12-29 21:00:00+00:00,1.964,1.973,1.963,1.969,39922.31
2025-12-29 22:00:00+00:00,1.97,1.978,1.967,1.971,34955.96
2025-12-29 23:00:00+00:00,1.971,1.977,1.964,1.965,52216.93
2025-12-30 00:00:00+00:00,1.965,1.968,1.956,1.962,72660.11
2025-12-30 01:00:00+00:00,1.963,1.974,1.959,1.969,21584.21
2025-12-30 02:00:00+00:00,1.969,1.977,1.966,1.975,43952.66
2025-12-30 03:00:00+00:00,1.975,1.982,1.966,1.977,38647.88
2025-12-30 04:00:00+00:00,1.976,1.982,1.97,1.975,26548.9
2025-12-30 05:00:00+00:00,1.975,1.976,1.966,1.974,29839.27
2025-12-30 06:00:00+00:00,1.974,1.99,1.973,1.987,46371.83
2025-12-30 07:00:00+00:00,1.988,1.991,1.975,1.979,73016.82
2025-12-30 08:00:00+00:00,1.978,2.001,1.977,1.99,100552.78
2025-12-30 09:00:00+00:00,1.99,1.994,1.984,1.987,55644.85
2025-12-30 10:00:00+00:00,1.987,1.994,1.987,1.993,30153.89
2025-12-30 11:00:00+00:00,1.993,1.994,1.979,1.984,57650.25
2025-12-30 12:00:00+00:00,1.984,1.987,1.976,1.978,85954.11
2025-12-30 13:00:00+00:00,1.978,1.989,1.978,1.984,45580.92
2025-12-30 14:00:00+00:00,1.984,1.99,1.964,1.981,141475.6
2025-12-30 15:00:00+00:00,1.981,1.984,1.969,1.977,74939.1
2025-12-30 16:00:00+00:00,1.978,1.979,1.958,1.964,56315.44
2025-12-30 17:00:00+00:00,1.964,1.969,1.961,1.965,35232.25
2025-12-30 18:00:00+00:00,1.964,1.972,1.961,1.97,41047.94
2025-12-30 19:00:00+00:00,1.97,1.979,1.962,1.978,56038.18
2025-12-30 20:00:00+00:00,1.978,1.981,1.969,1.97,38024.74
2025-12-30 21:00:00+00:00,1.97,1.975,1.969,1.974,41620.39
2025-12-30 22:00:00+00:00,1.973,1.981,1.968,1.973,28693.28
2025-12-30 23:00:00+00:00,1.972,1.977,1.965,1.967,24196.46
2025-12-31 00:00:00+00:00,1.967,1.969,1.961,1.964,29714.29
2025-12-31 01:00:00+00:00,1.965,1.985,1.964,1.98,34416.45
2025-12-31 02:00:00+00:00,1.979,1.98,1.968,1.973,39978.39
2025-12-31 03:00:00+00:00,1.972,1.974,1.962,1.967,23948.29
2025-12-31 04:00:00+00:00,1.968,1.975,1.966,1.968,10932.91
2025-12-31 05:00:00+00:00,1.967,1.973,1.965,1.966,20674.03
2025-12-31 06:00:00+00:00,1.966,1.968,1.963,1.965,19269.15
2025-12-31 07:00:00+00:00,1.966,1.973,1.962,1.971,22359.3
2025-12-31 08:00:00+00:00,1.971,1.973,1.958,1.959,26419.57
2025-12-31 09:00:00+00:00,1.959,1.964,1.957,1.96,58284.05
2025-12-31 10:00:00+00:00,1.96,1.963,1.952,1.956,26108.58
2025-12-31 11:00:00+00:00,1.956,1.968,1.955,1.965,38436.11
2025-12-31 12:00:00+00:00,1.966,1.967,1.954,1.958,21586.53
2025-12-31 13:00:00+00:00,1.956,1.966,1.955,1.963,30048.12
2025-12-31 14:00:00+00:00,1.963,1.974,1.956,1.963,87250.76
2025-12-31 15:00:00+00:00,1.963,1.963,1.945,1.95,43909.23
2025-12-31 16:00:00+00:00,1.951,1.952,1.911,1.93,78156.23
2025-12-31 17:00:00+00:00,1.929,1.93,1.912,1.914,33692.32
2025-12-31 18:00:00+00:00,1.915,1.926,1.91,1.913,43944.85
2025-12-31 19:00:00+00:00,1.913,1.927,1.913,1.919,26179.09
2025-12-31 20:00:00+00:00,1.919,1.933,1.907,1.931,40422.74
2025-12-31 21:00:00+00:00,1.93,1.936,1.929,1.931,23827.89
2025-12-31 22:00:00+00:00,1.931,1.934,1.926,1.928,38895.93
2025-12-31 23:00:00+00:00,1.927,1.931,1.926,1.93,12729.36
2026-01-01 00:00:00+00:00,1.93,1.938,1.927,1.93,44422.74
2026-01-01 01:00:00+00:00,1.929,1.933,1.921,1.926,57077.32
2026-01-01 02:00:00+00:00,1.926,1.928,1.921,1.928,22463.51
2026-01-01 03:00:00+00:00,1.927,1.93,1.925,1.927,17435.84
2026-01-01 04:00:00+00:00,1.928,1.929,1.92,1.923,32890.67
2026-01-01 05:00:00+00:00,1.923,1.933,1.923,1.929,46424.64
2026-01-01 06:00:00+00:00,1.93,1.933,1.925,1.926,22712.77
2026-01-01 07:00:00+00:00,1.927,1.938,1.927,1.934,34569.14
2026-01-01 08:00:00+00:00,1.933,1.939,1.933,1.939,20674.55
2026-01-01 09:00:00+00:00,1.939,1.95,1.939,1.944,52666.84
2026-01-01 10:00:00+00:00,1.944,1.949,1.94,1.949,72055.82
2026-01-01 11:00:00+00:00,1.949,1.95,1.941,1.95,22658.5
2026-01-01 12:00:00+00:00,1.949,1.953,1.945,1.951,38524.81
2026-01-01 13:00:00+00:00,1.951,1.973,1.95,1.97,49337.97
2026-01-01 14:00:00+00:00,1.971,1.993,1.971,1.988,89013.69
2026-01-01 15:00:00+00:00,1.989,2.024,1.989,2.011,86653.31
2026-01-01 16:00:00+00:00,2.012,2.024,2.009,2.016,119757.83
2026-01-01 17:00:00+00:00,2.017,2.038,2.017,2.026,67866.52
2026-01-01 18:00:00+00:00,2.027,2.035,2.022,2.032,106688.98
2026-01-01 19:00:00+00:00,2.032,2.049,2.031,2.049,55047.89
2026-01-01 20:00:00+00:00,2.049,2.06,2.045,2.048,60502.61
2026-01-01 21:00:00+00:00,2.048,2.055,2.044,2.053,41332.69
2026-01-01 22:00:00+00:00,2.052,2.073,2.052,2.072,71567.29
2026-01-01 23:00:00+00:00,2.073,2.079,2.062,2.069,76863.89
2026-01-02 00:00:00+00:00,2.069,2.076,2.059,2.067,19315.98
2026-01-02 01:00:00+00:00,2.067,2.071,2.06,2.071,20704.1
2026-01-02 02:00:00+00:00,2.071,2.087,2.067,2.086,36558.4
2026-01-02 03:00:00+00:00,2.087,2.126,2.083,2.123,169610.27
2026-01-02 04:00:00+00:00,2.124,2.129,2.087,2.092,55618.96
2026-01-02 05:00:00+00:00,2.093,2.102,2.088,2.102,30864.4
2026-01-02 06:00:00+00:00,2.102,2.111,2.097,2.098,49233.64
2026-01-02 07:00:00+00:00,2.097,2.1,2.086,2.088,57832.33
2026-01-02 08:00:00+00:00,2.088,2.094,2.082,2.093,52528.18
2026-01-02 09:00:00+00:00,2.093,2.119,2.089,2.11,60603.83
2026-01-02 10:00:00+00:00,2.11,2.116,2.104,2.114,59004.12
2026-01-02 11:00:00+00:00,2.114,2.116,2.097,2.106,29828.94
2026-01-02 12:00:00+00:00,2.105,2.12,2.098,2.117,70964.19
2026-01-02 13:00:00+00:00,2.117,2.122,2.115,2.119,78706.83
2026-01-02 14:00:00+00:00,2.12,2.141,2.105,2.126,133868.88
2026-01-02 15:00:00+00:00,2.128,2.139,2.11,2.128,99526.62
2026-01-02 16:00:00+00:00,2.129,2.148,2.124,2.147,88895.94
2026-01-02 17:00:00+00:00,2.147,2.154,2.134,2.142,85939.67
2026-01-02 18:00:00+00:00,2.142,2.148,2.125,2.134,36543.5
2026-01-02 19:00:00+00:00,2.135,2.154,2.132,2.15,80305.1
2026-01-02 20:00:00+00:00,2.15,2.154,2.137,2.141,35532.71
2026-01-02 21:00:00+00:00,2.14,2.157,2.138,2.157,38462.97
2026-01-02 22:00:00+00:00,2.157,2.17,2.154,2.161,74974.93
2026-01-02 23:00:00+00:00,2.161,2.169,2.157,2.168,30997.09
2026-01-03 00:00:00+00:00,2.168,2.199,2.167,2.184,99484.35
2026-01-03 01:00:00+00:00,2.183,2.186,2.171,2.185,63432.21
2026-01-03 02:00:00+00:00,2.185,2.192,2.181,2.19,26907.77
2026-01-03 03:00:00+00:00,2.19,2.245,2.189,2.241,130337.78
2026-01-03 04:00:00+00:00,2.242,2.244,2.217,2.236,76871.56
2026-01-03 05:00:00+00:00,2.237,2.252,2.222,2.24,104495.1
2026-01-03 06:00:00+00:00,2.241,2.255,2.207,2.218,93622.78
2026-01-03 07:00:00+00:00,2.218,2.231,2.195,2.196,134121.33
2026-01-03 08:00:00+00:00,2.197,2.207,2.189,2.189,43001.91
2026-01-03 09:00:00+00:00,2.189,2.191,2.176,2.18,55396.2
2026-01-03 10:00:00+00:00,2.18,2.195,2.179,2.188,41914.72
2026-01-03 11:00:00+00:00,2.188,2.205,2.184,2.205,71938.09
2026-01-03 12:00:00+00:00,2.204,2.233,2.2,2.231,58988.15
2026-01-03 13:00:00+00:00,2.23,2.23,2.213,2.216,24637.7
2026-01-03 14:00:00+00:00,2.216,2.225,2.211,2.218,36553.98
2026-01-03 15:00:00+00:00,2.218,2.237,2.214,2.215,64545.51
2026-01-03 16:00:00+00:00,2.214,2.251,2.208,2.242,157869.16
2026-01-03 17:00:00+00:00,2.241,2.242,2.224,2.229,40246.78
2026-01-03 18:00:00+00:00,2.229,2.232,2.216,2.227,37791.07
2026-01-03 19:00:00+00:00,2.227,2.23,2.219,2.23,34120.03
2026-01-03 20:00:00+00:00,2.23,2.238,2.219,2.232,22716.78
2026-01-03 21:00:00+00:00,2.233,2.241,2.225,2.239,40061.42
2026-01-03 22:00:00+00:00,2.237,2.26,2.233,2.252,51992.78
2026-01-03 23:00:00+00:00,2.252,2.254,2.237,2.239,25226.85
2026-01-04 00:00:00+00:00,2.24,2.258,2.235,2.246,53932.45
2026-01-04 01:00:00+00:00,2.245,2.255,2.23,2.253,66358.31
2026-01-04 02:00:00+00:00,2.252,2.26,2.24,2.244,38634.68
2026-01-04 03:00:00+00:00,2.244,2.269,2.244,2.255,74281.01
2026-01-04 04:00:00+00:00,2.255,2.259,2.248,2.25,66589.57
2026-01-04 05:00:00+00:00,2.249,2.274,2.249,2.267,60908.14
2026-01-04 06:00:00+00:00,2.267,2.28,2.25,2.257,53507.8
2026-01-04 07:00:00+00:00,2.257,2.27,2.256,2.263,39429.45
2026-01-04 08:00:00+00:00,2.264,2.27,2.254,2.266,44818.24
2026-01-04 09:00:00+00:00,2.267,2.292,2.261,2.288,140619.93
2026-01-04 10:00:00+00:00,2.288,2.301,2.286,2.3,89251.88
2026-01-04 11:00:00+00:00,2.3,2.325,2.295,2.313,117391.38
2026-01-04 12:00:00+00:00,2.313,2.348,2.295,2.3,296898.76
2026-01-04 13:00:00+00:00,2.299,2.308,2.292,2.305,63290.09
2026-01-04 14:00:00+00:00,2.305,2.315,2.3,2.313,42437.05
2026-01-04 15:00:00+00:00,2.311,2.333,2.309,2.331,74168.22
2026-01-04 16:00:00+00:00,2.331,2.346,2.311,2.321,358412.39
2026-01-04 17:00:00+00:00,2.32,2.329,2.313,2.327,42913.2
2026-01-04 18:00:00+00:00,2.328,2.331,2.308,2.33,53206.46
2026-01-04 19:00:00+00:00,2.329,2.332,2.299,2.311,68494.37
2026-01-04 20:00:00+00:00,2.31,2.316,2.304,2.313,18856.65
2026-01-04 21:00:00+00:00,2.312,2.338,2.308,2.33,54631.84
2026-01-04 22:00:00+00:00,2.329,2.334,2.322,2.329,32463.45
2026-01-04 23:00:00+00:00,2.33,2.345,2.329,2.34,36190.69
2026-01-05 00:00:00+00:00,2.341,2.353,2.328,2.344,87576.02
2026-01-05 01:00:00+00:00,2.345,2.386,2.339,2.369,122262.13
2026-01-05 02:00:00+00:00,2.37,2.375,2.342,2.349,76566.43
2026-01-05 03:00:00+00:00,2.349,2.351,2.329,2.336,76616.42
2026-01-05 04:00:00+00:00,2.336,2.339,2.308,2.327,78371.71
2026-01-05 05:00:00+00:00,2.326,2.333,2.31,2.311,62521.08
2026-01-05 06:00:00+00:00,2.311,2.316,2.293,2.306,54158.35
2026-01-05 07:00:00+00:00,2.305,2.315,2.302,2.309,68044.36
2026-01-05 08:00:00+00:00,2.309,2.314,2.295,2.295,52179.5
2026-01-05 09:00:00+00:00,2.295,2.295,2.275,2.277,53954.87
2026-01-05 10:00:00+00:00,2.277,2.293,2.268,2.273,76959.51
2026-01-05 11:00:00+00:00,2.273,2.283,2.264,2.283,59606.13
2026-01-05 12:00:00+00:00,2.284,2.301,2.273,2.299,56233.93
2026-01-05 13:00:00+00:00,2.299,2.302,2.283,2.292,78760.35
2026-01-05 14:00:00+00:00,2.294,2.341,2.288,2.329,106281.0
2026-01-05 15:00:00+00:00,2.329,2.361,2.316,2.357,119906.36
2026-01-05 16:00:00+00:00,2.358,2.364,2.344,2.352,76394.81
2026-01-05 17:00:00+00:00,2.352,2.361,2.322,2.358,88875.71
2026-01-05 18:00:00+00:00,2.358,2.383,2.355,2.381,163649.53
2026-01-05 19:00:00+00:00,2.381,2.383,2.36,2.364,47079.44
2026-01-05 20:00:00+00:00,2.363,2.391,2.356,2.362,61217.25
2026-01-05 21:00:00+00:00,2.361,2.368,2.348,2.35,66490.03
2026-01-05 22:00:00+00:00,2.349,2.385,2.348,2.377,44285.29
2026-01-05 23:00:00+00:00,2.375,2.377,2.367,2.369,22760.02
2026-01-06 00:00:00+00:00,2.37,2.379,2.352,2.379,42823.06
2026-01-06 01:00:00+00:00,2.38,2.395,2.374,2.378,82104.59
2026-01-06 02:00:00+00:00,2.378,2.388,2.37,2.376,12751.25
2026-01-06 03:00:00+00:00,2.376,2.407,2.375,2.393,69280.82
2026-01-06 04:00:00+00:00,2.393,2.397,2.387,2.391,9675.43
2026-01-06 05:00:00+00:00,2.391,2.397,2.377,2.378,25681.83
2026-01-06 06:00:00+00:00,2.379,2.407,2.378,2.398,54758.19
2026-01-06 07:00:00+00:00,2.397,2.403,2.378,2.384,197984.17
2026-01-06 08:00:00+00:00,2.384,2.399,2.374,2.38,42072.81
2026-01-06 09:00:00+00:00,2.379,2.389,2.373,2.379,49246.26
2026-01-06 10:00:00+00:00,2.378,2.398,2.373,2.397,84357.28
2026-01-06 11:00:00+00:00,2.397,2.426,2.396,2.423,76418.63
2026-01-06 12:00:00+00:00,2.423,2.462,2.421,2.461,118234.82
2026-01-06 13:00:00+00:00,2.459,2.49,2.454,2.481,131297.71
2026-01-06 14:00:00+00:00,2.481,2.55,2.481,2.535,309982.6
2026-01-06 15:00:00+00:00,2.536,2.546,2.469,2.48,227263.62
2026-01-06 16:00:00+00:00,2.481,2.49,2.423,2.428,183132.26
2026-01-06 17:00:00+00:00,2.429,2.448,2.377,2.382,143620.23
2026-01-06 18:00:00+00:00,2.38,2.418,2.375,2.413,80725.24
2026-01-06 19:00:00+00:00,2.412,2.422,2.407,2.416,30603.83
2026-01-06 20:00:00+00:00,2.417,2.468,2.417,2.448,70962.35
2026-01-06 21:00:00+00:00,2.448,2.492,2.438,2.491,89716.86
2026-01-06 22:00:00+00:00,2.491,2.499,2.466,2.475,48453.68
2026-01-06 23:00:00+00:00,2.475,2.549,2.474,2.532,115940.96
2026-01-07 00:00:00+00:00,2.531,2.535,2.49,2.492,176393.92
2026-01-07 01:00:00+00:00,2.493,2.503,2.475,2.475,63066.75
2026-01-07 02:00:00+00:00,2.475,2.481,2.449,2.463,66086.01
2026-01-07 03:00:00+00:00,2.463,2.467,2.436,2.438,55798.37
2026-01-07 04:00:00+00:00,2.44,2.455,2.424,2.428,38876.86
2026-01-07 05:00:00+00:00,2.428,2.443,2.421,2.433,29431.62
2026-01-07 06:00:00+00:00,2.435,2.437,2.424,2.434,26577.63
2026-01-07 07:00:00+00:00,2.433,2.458,2.431,2.456,95873.22
2026-01-07 08:00:00+00:00,2.457,2.479,2.455,2.472,66711.15
2026-01-07 09:00:00+00:00,2.472,2.472,2.424,2.426,84114.86
2026-01-07 10:00:00+00:00,2.426,2.432,2.411,2.414,68229.44
2026-01-07 11:00:00+00:00,2.413,2.423,2.403,2.415,92375.73
2026-01-07 12:00:00+00:00,2.415,2.42,2.396,2.402,145719.62
2026-01-07 13:00:00+00:00,2.403,2.457,2.398,2.453,290804.86
2026-01-07 14:00:00+00:00,2.454,2.49,2.408,2.452,257506.58
2026-01-07 15:00:00+00:00,2.453,2.453,2.396,2.403,126881.24
2026-01-07 16:00:00+00:00,2.403,2.422,2.394,2.404,99632.58
2026-01-07 17:00:00+00:00,2.403,2.466,2.402,2.44,118478.59
2026-01-07 18:00:00+00:00,2.44,2.455,2.42,2.425,73967.51
2026-01-07 19:00:00+00:00,2.425,2.431,2.411,2.426,52313.49
2026-01-07 20:00:00+00:00,2.425,2.431,2.398,2.4,64156.56
2026-01-07 21:00:00+00:00,2.4,2.411,2.395,2.401,34574.32
2026-01-07 22:00:00+00:00,2.4,2.428,2.397,2.419,45427.54
2026-01-07 23:00:00+00:00,2.419,2.463,2.408,2.433,61065.6
2026-01-08 00:00:00+00:00,2.434,2.452,2.433,2.447,32496.29
2026-01-08 01:00:00+00:00,2.447,2.447,2.419,2.429,52221.68
2026-01-08 02:00:00+00:00,2.429,2.437,2.398,2.42,74426.05
2026-01-08 03:00:00+00:00,2.421,2.434,2.397,2.406,83378.9
2026-01-08 04:00:00+00:00,2.405,2.429,2.402,2.415,59251.24
2026-01-08 05:00:00+00:00,2.416,2.439,2.416,2.422,63152.26
2026-01-08 06:00:00+00:00,2.424,2.428,2.405,2.405,99376.64
2026-01-08 07:00:00+00:00,2.406,2.441,2.395,2.437,114512.15
2026-01-08 08:00:00+00:00,2.438,2.449,2.422,2.427,109489.2
2026-01-08 09:00:00+00:00,2.428,2.442,2.417,2.43,135900.03
2026-01-08 10:00:00+00:00,2.431,2.465,2.409,2.461,171973.95
2026-01-08 11:00:00+00:00,2.462,2.476,2.431,2.465,295695.2
2026-01-08 12:00:00+00:00,2.464,2.464,2.434,2.448,148979.78
2026-01-08 13:00:00+00:00,2.449,2.476,2.442,2.474,94760.99
2026-01-08 14:00:00+00:00,2.473,2.507,2.461,2.479,295713.49
2026-01-08 15:00:00+00:00,2.478,2.487,2.439,2.474,175540.4
2026-01-08 16:00:00+00:00,2.475,2.482,2.432,2.444,108803.06
2026-01-08 17:00:00+00:00,2.445,2.461,2.439,2.456,63661.4
2026-01-08 18:00:00+00:00,2.455,2.458,2.421,2.43,64061.75
2026-01-08 19:00:00+00:00,2.429,2.438,2.406,2.408,47019.23
2026-01-08 20:00:00+00:00,2.407,2.416,2.378,2.416,71691.42
2026-01-08 21:00:00+00:00,2.416,2.428,2.4,2.425,35276.84
2026-01-08 22:00:00+00:00,2.425,2.451,2.418,2.45,50200.19
2026-01-08 23:00:00+00:00,2.451,2.463,2.434,2.461,55741.86
2026-01-09 00:00:00+00:00,2.463,2.466,2.43,2.435,166739.83
2026-01-09 01:00:00+00:00,2.436,2.467,2.432,2.439,100950.42
2026-01-09 02:00:00+00:00,2.438,2.45,2.412,2.418,388796.86
2026-01-09 03:00:00+00:00,2.418,2.434,2.411,2.422,46154.62
2026-01-09 04:00:00+00:00,2.421,2.431,2.418,2.427,24672.51
2026-01-09 05:00:00+00:00,2.427,2.441,2.416,2.44,34224.52
2026-01-09 06:00:00+00:00,2.439,2.479,2.429,2.46,106094.61
2026-01-09 07:00:00+00:00,2.461,2.467,2.443,2.445,49318.3
2026-01-09 08:00:00+00:00,2.445,2.458,2.432,2.445,60471.37
2026-01-09 09:00:00+00:00,2.445,2.472,2.443,2.463,64543.62
2026-01-09 10:00:00+00:00,2.464,2.476,2.45,2.458,68196.38
2026-01-09 11:00:00+00:00,2.46,2.49,2.457,2.469,63355.46
2026-01-09 12:00:00+00:00,2.468,2.494,2.468,2.48,92440.78
2026-01-09 13:00:00+00:00,2.48,2.517,2.479,2.502,156665.17
2026-01-09 14:00:00+00:00,2.503,2.514,2.468,2.475,103052.21
2026-01-09 15:00:00+00:00,2.474,2.555,2.457,2.503,198583.07
2026-01-09 16:00:00+00:00,2.504,2.568,2.504,2.56,136597.92
2026-01-09 17:00:00+00:00,2.561,2.588,2.538,2.583,180542.49
2026-01-09 18:00:00+00:00,2.582,2.587,2.539,2.562,120182.61
2026-01-09 19:00:00+00:00,2.563,2.563,2.517,2.546,119467.53
2026-01-09 20:00:00+00:00,2.546,2.648,2.543,2.626,503534.14
2026-01-09 21:00:00+00:00,2.626,2.654,2.613,2.619,249349.79
2026-01-09 22:00:00+00:00,2.618,2.625,2.598,2.606,85196.55
2026-01-09 23:00:00+00:00,2.606,2.611,2.578,2.592,58291.48
2026-01-10 00:00:00+00:00,2.592,2.596,2.557,2.57,184119.87
2026-01-10 01:00:00+00:00,2.571,2.609,2.57,2.601,89018.4
2026-01-10 02:00:00+00:00,2.601,2.601,2.553,2.567,65952.96
2026-01-10 03:00:00+00:00,2.568,2.578,2.545,2.576,64153.89
2026-01-10 04:00:00+00:00,2.576,2.6,2.559,2.59,70258.08
2026-01-10 05:00:00+00:00,2.591,2.646,2.591,2.623,187108.31
2026-01-10 06:00:00+00:00,2.623,2.623,2.568,2.605,105189.31
2026-01-10 07:00:00+00:00,2.606,2.671,2.606,2.632,287252.02
2026-01-10 08:00:00+00:00,2.632,2.64,2.598,2.635,120301.91
2026-01-10 09:00:00+00:00,2.634,2.653,2.618,2.631,86833.27
2026-01-10 10:00:00+00:00,2.63,2.63,2.607,2.62,118814.63
2026-01-10 11:00:00+00:00,2.621,2.629,2.597,2.615,100112.54
2026-01-10 12:00:00+00:00,2.615,2.682,2.614,2.657,173520.11
2026-01-10 13:00:00+00:00,2.656,2.656,2.58,2.591,253468.7
2026-01-10 14:00:00+00:00,2.59,2.601,2.579,2.601,77036.59
2026-01-10 15:00:00+00:00,2.6,2.606,2.587,2.596,59658.54
2026-01-10 16:00:00+00:00,2.596,2.602,2.582,2.598,61814.57
2026-01-10 17:00:00+00:00,2.599,2.62,2.578,2.578,59580.95
2026-01-10 18:00:00+00:00,2.58,2.594,2.564,2.591,54690.79
2026-01-10 19:00:00+00:00,2.592,2.593,2.579,2.589,30297.62
2026-01-10 20:00:00+00:00,2.589,2.589,2.572,2.575,62290.5
2026-01-10 21:00:00+00:00,2.575,2.588,2.571,2.573,25385.24
2026-01-10 22:00:00+00:00,2.572,2.573,2.548,2.555,35827.74
2026-01-10 23:00:00+00:00,2.554,2.578,2.553,2.57,36659.03
2026-01-11 00:00:00+00:00,2.569,2.58,2.561,2.571,30765.73
2026-01-11 01:00:00+00:00,2.571,2.586,2.567,2.581,23366.24
2026-01-11 02:00:00+00:00,2.581,2.609,2.578,2.598,40293.19
2026-01-11 03:00:00+00:00,2.597,2.617,2.591,2.611,27435.51
2026-01-11 04:00:00+00:00,2.611,2.615,2.586,2.614,39750.81
2026-01-11 05:00:00+00:00,2.614,2.639,2.609,2.611,72584.74
2026-01-11 06:00:00+00:00,2.61,2.621,2.596,2.611,63600.48
2026-01-11 07:00:00+00:00,2.61,2.627,2.604,2.613,103500.0
2026-01-11 08:00:00+00:00,2.612,2.638,2.611,2.619,59934.57
2026-01-11 09:00:00+00:00,2.619,2.638,2.602,2.611,134220.68
2026-01-11 10:00:00+00:00,2.61,2.621,2.602,2.607,33963.23
2026-01-11 11:00:00+00:00,2.607,2.635,2.603,2.628,44426.56
2026-01-11 12:00:00+00:00,2.628,2.642,2.617,2.627,46955.04
2026-01-11 13:00:00+00:00,2.628,2.634,2.614,2.618,31449.8
2026-01-11 14:00:00+00:00,2.618,2.624,2.602,2.619,58997.13
2026-01-11 15:00:00+00:00,2.619,2.621,2.588,2.594,46992.65
2026-01-11 16:00:00+00:00,2.593,2.613,2.584,2.601,83796.67
2026-01-11 17:00:00+00:00,2.601,2.62,2.593,2.619,104639.94
2026-01-11 18:00:00+00:00,2.619,2.621,2.59,2.593,32788.91
2026-01-11 19:00:00+00:00,2.593,2.6,2.587,2.591,39731.35
2026-01-11 20:00:00+00:00,2.59,2.592,2.566,2.585,55521.36
2026-01-11 21:00:00+00:00,2.585,2.596,2.569,2.581,58110.8
2026-01-11 22:00:00+00:00,2.58,2.591,2.557,2.571,126443.33
2026-01-11 23:00:00+00:00,2.57,2.588,2.556,2.574,51862.75
2026-01-12 00:00:00+00:00,2.573,2.583,2.536,2.562,174015.43
2026-01-12 01:00:00+00:00,2.562,2.593,2.56,2.59,71958.09
2026-01-12 02:00:00+00:00,2.589,2.626,2.586,2.625,80908.16
2026-01-12 03:00:00+00:00,2.626,2.651,2.612,2.612,84642.68
2026-01-12 04:00:00+00:00,2.612,2.635,2.612,2.631,32998.31
2026-01-12 05:00:00+00:00,2.63,2.635,2.603,2.623,35318.44
2026-01-12 06:00:00+00:00,2.624,2.633,2.606,2.63,86096.45
2026-01-12 07:00:00+00:00,2.629,2.656,2.597,2.598,97324.13
2026-01-12 08:00:00+00:00,2.6,2.604,2.562,2.583,64196.44
2026-01-12 09:00:00+00:00,2.582,2.588,2.563,2.567,76029.13
2026-01-12 10:00:00+00:00,2.568,2.604,2.564,2.574,95302.95
2026-01-12 11:00:00+00:00,2.573,2.581,2.564,2.566,34512.93
2026-01-12 12:00:00+00:00,2.565,2.592,2.563,2.591,74805.19
2026-01-12 13:00:00+00:00,2.592,2.607,2.558,2.559,122636.31
2026-01-12 14:00:00+00:00,2.56,2.599,2.548,2.574,104646.59
2026-01-12 15:00:00+00:00,2.574,2.597,2.568,2.579,41937.76
2026-01-12 16:00:00+00:00,2.578,2.584,2.55,2.55,56515.18
2026-01-12 17:00:00+00:00,2.55,2.563,2.503,2.53,91377.7
2026-01-12 18:00:00+00:00,2.529,2.538,2.511,2.52,24944.66
2026-01-12 19:00:00+00:00,2.519,2.534,2.515,2.529,17163.91
2026-01-12 20:00:00+00:00,2.528,2.537,2.501,2.526,60936.02
2026-01-12 21:00:00+00:00,2.524,2.524,2.492,2.503,35872.21
2026-01-12 22:00:00+00:00,2.502,2.523,2.502,2.519,16389.91
2026-01-12 23:00:00+00:00,2.519,2.519,2.478,2.487,84554.86
2026-01-13 00:00:00+00:00,2.486,2.497,2.485,2.495,36125.73
2026-01-13 01:00:00+00:00,2.495,2.518,2.495,2.509,44993.78
2026-01-13 02:00:00+00:00,2.509,2.527,2.506,2.514,32030.75
2026-01-13 03:00:00+00:00,2.516,2.537,2.515,2.536,26336.05
2026-01-13 04:00:00+00:00,2.535,2.554,2.535,2.546,21325.07
2026-01-13 05:00:00+00:00,2.547,2.556,2.538,2.547,39606.11
2026-01-13 06:00:00+00:00,2.548,2.56,2.547,2.549,35905.83
2026-01-13 07:00:00+00:00,2.549,2.55,2.527,2.533,40876.63
2026-01-13 08:00:00+00:00,2.533,2.553,2.53,2.551,32200.77
2026-01-13 09:00:00+00:00,2.552,2.565,2.546,2.55,65336.56
2026-01-13 10:00:00+00:00,2.551,2.552,2.537,2.543,39713.51
2026-01-13 11:00:00+00:00,2.542,2.553,2.532,2.536,55333.97
2026-01-13 12:00:00+00:00,2.536,2.542,2.527,2.54,56018.49
2026-01-13 13:00:00+00:00,2.54,2.572,2.528,2.565,119934.29
2026-01-13 14:00:00+00:00,2.566,2.617,2.563,2.594,162827.13
2026-01-13 15:00:00+00:00,2.593,2.638,2.589,2.626,168184.54
2026-01-13 16:00:00+00:00,2.627,2.667,2.622,2.651,132784.57
2026-01-13 17:00:00+00:00,2.652,2.657,2.606,2.616,75085.78
2026-01-13 18:00:00+00:00,2.617,2.627,2.606,2.609,61301.67
2026-01-13 19:00:00+00:00,2.609,2.623,2.598,2.622,45434.55
2026-01-13 20:00:00+00:00,2.623,2.631,2.588,2.592,65233.61
2026-01-13 21:00:00+00:00,2.592,2.599,2.582,2.596,38748.71
2026-01-13 22:00:00+00:00,2.597,2.678,2.597,2.658,200878.66
2026-01-13 23:00:00+00:00,2.658,2.667,2.621,2.636,65960.72
2026-01-14 00:00:00+00:00,2.635,2.662,2.633,2.66,101617.15
2026-01-14 01:00:00+00:00,2.66,2.663,2.64,2.646,63131.67
2026-01-14 02:00:00+00:00,2.645,2.657,2.637,2.641,31632.86
2026-01-14 03:00:00+00:00,2.641,2.649,2.632,2.647,36599.89
2026-01-14 04:00:00+00:00,2.646,2.658,2.635,2.636,166429.85
2026-01-14 05:00:00+00:00,2.636,2.665,2.625,2.661,63576.13
2026-01-14 06:00:00+00:00,2.662,2.674,2.644,2.673,109928.85
2026-01-14 07:00:00+00:00,2.672,2.697,2.656,2.657,134559.62
2026-01-14 08:00:00+00:00,2.658,2.674,2.65,2.659,66935.34
2026-01-14 09:00:00+00:00,2.66,2.683,2.656,2.679,86465.37
2026-01-14 10:00:00+00:00,2.679,2.682,2.648,2.65,90077.39
2026-01-14 11:00:00+00:00,2.649,2.655,2.635,2.649,88018.13
2026-01-14 12:00:00+00:00,2.65,2.661,2.631,2.642,69627.9
2026-01-14 13:00:00+00:00,2.641,2.645,2.617,2.619,51865.42
2026-01-14 14:00:00+00:00,2.618,2.655,2.618,2.638,77951.73
2026-01-14 15:00:00+00:00,2.637,2.665,2.627,2.648,110224.14
2026-01-14 16:00:00+00:00,2.649,2.663,2.633,2.634,122086.94
2026-01-14 17:00:00+00:00,2.634,2.636,2.583,2.594,144455.28
2026-01-14 18:00:00+00:00,2.593,2.605,2.582,2.596,63044.74
2026-01-14 19:00:00+00:00,2.596,2.614,2.586,2.595,91715.7
2026-01-14 20:00:00+00:00,2.594,2.608,2.582,2.587,55887.67
2026-01-14 21:00:00+00:00,2.587,2.604,2.576,2.592,48887.55
2026-01-14 22:00:00+00:00,2.592,2.595,2.568,2.579,46449.43
2026-01-14 23:00:00+00:00,2.578,2.591,2.576,2.582,23268.86
2026-01-15 00:00:00+00:00,2.583,2.593,2.575,2.592,34712.97
2026-01-15 01:00:00+00:00,2.593,2.599,2.577,2.578,33758.13
2026-01-15 02:00:00+00:00,2.577,2.581,2.56,2.563,55903.06
2026-01-15 03:00:00+00:00,2.563,2.57,2.523,2.541,117827.86
2026-01-15 04:00:00+00:00,2.54,2.551,2.528,2.531,49058.83
2026-01-15 05:00:00+00:00,2.531,2.542,2.531,2.538,20542.13
2026-01-15 06:00:00+00:00,2.538,2.552,2.536,2.546,48428.52
2026-01-15 07:00:00+00:00,2.545,2.56,2.545,2.549,84530.24
2026-01-15 08:00:00+00:00,2.549,2.549,2.526,2.538,69430.76
2026-01-15 09:00:00+00:00,2.536,2.558,2.524,2.541,59280.37
2026-01-15 10:00:00+00:00,2.541,2.543,2.526,2.532,24579.4
2026-01-15 11:00:00+00:00,2.531,2.538,2.525,2.533,24909.05
2026-01-15 12:00:00+00:00,2.532,2.541,2.528,2.534,61214.28
2026-01-15 13:00:00+00:00,2.534,2.534,2.52,2.528,85902.56
2026-01-15 14:00:00+00:00,2.528,2.536,2.493,2.5,156782.22
2026-01-15 15:00:00+00:00,2.5,2.509,2.443,2.487,142014.34
2026-01-15 16:00:00+00:00,2.487,2.49,2.472,2.485,69508.06
2026-01-15 17:00:00+00:00,2.484,2.494,2.467,2.47,40480.45
2026-01-15 18:00:00+00:00,2.471,2.477,2.453,2.459,47457.01
2026-01-15 19:00:00+00:00,2.459,2.481,2.45,2.481,60903.84
2026-01-15 20:00:00+00:00,2.48,2.493,2.457,2.462,42282.84
2026-01-15 21:00:00+00:00,2.462,2.475,2.46,2.461,24399.15
2026-01-15 22:00:00+00:00,2.461,2.475,2.458,2.472,26625.08
2026-01-15 23:00:00+00:00,2.472,2.479,2.466,2.477,15844.57
2026-01-16 00:00:00+00:00,2.477,2.486,2.467,2.467,32934.61
2026-01-16 01:00:00+00:00,2.467,2.481,2.466,2.473,18591.3
2026-01-16 02:00:00+00:00,2.474,2.483,2.45,2.48,117552.37
2026-01-16 03:00:00+00:00,2.48,2.488,2.467,2.469,19485.93
2026-01-16 04:00:00+00:00,2.469,2.477,2.454,2.46,39856.06
2026-01-16 05:00:00+00:00,2.459,2.482,2.457,2.476,23168.98
2026-01-16 06:00:00+00:00,2.476,2.484,2.473,2.484,11368.81
2026-01-16 07:00:00+00:00,2.482,2.495,2.481,2.487,20403.56
2026-01-16 08:00:00+00:00,2.487,2.504,2.487,2.491,43037.24
2026-01-16 09:00:00+00:00,2.491,2.495,2.479,2.481,37290.72
2026-01-16 10:00:00+00:00,2.481,2.484,2.478,2.48,14523.5
2026-01-16 11:00:00+00:00,2.479,2.484,2.471,2.482,14230.64
2026-01-16 12:00:00+00:00,2.482,2.491,2.473,2.48,169143.0
2026-01-16 13:00:00+00:00,2.479,2.484,2.472,2.476,24060.79
2026-01-16 14:00:00+00:00,2.477,2.495,2.476,2.487,68062.54
2026-01-16 15:00:00+00:00,2.484,2.496,2.427,2.443,147288.2
2026-01-16 16:00:00+00:00,2.442,2.463,2.437,2.453,80791.94
2026-01-16 17:00:00+00:00,2.452,2.456,2.437,2.455,32155.98
2026-01-16 18:00:00+00:00,2.457,2.46,2.44,2.442,20367.18
2026-01-16 19:00:00+00:00,2.441,2.452,2.429,2.45,23688.34
2026-01-16 20:00:00+00:00,2.45,2.482,2.447,2.482,156952.6
2026-01-16 21:00:00+00:00,2.483,2.502,2.483,2.495,65282.28
2026-01-16 22:00:00+00:00,2.495,2.508,2.489,2.498,38743.14
2026-01-16 23:00:00+00:00,2.498,2.501,2.489,2.494,8558.64
2026-01-17 00:00:00+00:00,2.493,2.51,2.489,2.509,27870.81
2026-01-17 01:00:00+00:00,2.508,2.52,2.508,2.517,38805.48
2026-01-17 02:00:00+00:00,2.516,2.531,2.496,2.5,85684.48
2026-01-17 03:00:00+00:00,2.5,2.521,2.496,2.518,26976.45
2026-01-17 04:00:00+00:00,2.519,2.527,2.511,2.525,19270.92
2026-01-17 05:00:00+00:00,2.527,2.532,2.514,2.516,35031.68
2026-01-17 06:00:00+00:00,2.517,2.528,2.513,2.518,27428.45
2026-01-17 07:00:00+00:00,2.519,2.549,2.506,2.543,67194.07
2026-01-17 08:00:00+00:00,2.543,2.572,2.539,2.563,62061.09
2026-01-17 09:00:00+00:00,2.564,2.575,2.546,2.556,70885.18
2026-01-17 10:00:00+00:00,2.556,2.583,2.552,2.566,67238.41
2026-01-17 11:00:00+00:00,2.565,2.591,2.561,2.566,64559.15
2026-01-17 12:00:00+00:00,2.564,2.588,2.56,2.573,42981.53
2026-01-17 13:00:00+00:00,2.574,2.58,2.558,2.565,47079.93
2026-01-17 14:00:00+00:00,2.563,2.587,2.555,2.584,38967.34
2026-01-17 15:00:00+00:00,2.583,2.6,2.574,2.588,62740.5
2026-01-17 16:00:00+00:00,2.588,2.594,2.562,2.581,78563.15
2026-01-17 17:00:00+00:00,2.582,2.588,2.568,2.58,23083.16
2026-01-17 18:00:00+00:00,2.58,2.59,2.573,2.588,24769.2
2026-01-17 19:00:00+00:00,2.588,2.601,2.579,2.584,36440.4
2026-01-17 20:00:00+00:00,2.583,2.591,2.575,2.577,25392.28
2026-01-17 21:00:00+00:00,2.577,2.577,2.561,2.571,34611.59
2026-01-17 22:00:00+00:00,2.571,2.575,2.556,2.563,26854.39
2026-01-17 23:00:00+00:00,2.563,2.569,2.557,2.567,36851.24
2026-01-18 00:00:00+00:00,2.568,2.595,2.567,2.575,38278.56
2026-01-18 01:00:00+00:00,2.575,2.583,2.553,2.558,44833.06
2026-01-18 02:00:00+00:00,2.558,2.563,2.541,2.554,40920.98
2026-01-18 03:00:00+00:00,2.555,2.556,2.535,2.536,24949.01
2026-01-18 04:00:00+00:00,2.537,2.539,2.523,2.532,21251.21
2026-01-18 05:00:00+00:00,2.532,2.533,2.513,2.523,26461.33
2026-01-18 06:00:00+00:00,2.523,2.526,2.509,2.522,35772.2
2026-01-18 07:00:00+00:00,2.522,2.529,2.506,2.512,98921.39
2026-01-18 08:00:00+00:00,2.512,2.517,2.498,2.499,36448.33
2026-01-18 09:00:00+00:00,2.499,2.52,2.49,2.515,143290.07
2026-01-18 10:00:00+00:00,2.515,2.516,2.499,2.506,26140.43
2026-01-18 11:00:00+00:00,2.507,2.512,2.5,2.505,36066.35
2026-01-18 12:00:00+00:00,2.505,2.51,2.486,2.49,95656.59
2026-01-18 13:00:00+00:00,2.489,2.503,2.485,2.493,45046.24
2026-01-18 14:00:00+00:00,2.491,2.516,2.49,2.492,47947.11
2026-01-18 15:00:00+00:00,2.493,2.513,2.489,2.509,34130.32
2026-01-18 16:00:00+00:00,2.509,2.524,2.504,2.508,27658.13
2026-01-18 17:00:00+00:00,2.508,2.52,2.501,2.518,37316.78
2026-01-18 18:00:00+00:00,2.517,2.532,2.511,2.527,26833.19
2026-01-18 19:00:00+00:00,2.528,2.533,2.511,2.512,16104.84
2026-01-18 20:00:00+00:00,2.512,2.534,2.508,2.519,26067.09
2026-01-18 21:00:00+00:00,2.52,2.528,2.513,2.525,31880.8
2026-01-18 22:00:00+00:00,2.525,2.534,2.524,2.533,20709.41
2026-01-18 23:00:00+00:00,2.532,2.532,2.422,2.426,221977.7
2026-01-19 00:00:00+00:00,2.426,2.427,2.231,2.352,881927.77
2026-01-19 01:00:00+00:00,2.351,2.356,2.331,2.342,135708.11
2026-01-19 02:00:00+00:00,2.342,2.375,2.342,2.367,72606.08
2026-01-19 03:00:00+00:00,2.366,2.396,2.364,2.387,43704.1
2026-01-19 04:00:00+00:00,2.386,2.387,2.367,2.368,42882.79
2026-01-19 05:00:00+00:00,2.368,2.386,2.366,2.386,63489.33
2026-01-19 06:00:00+00:00,2.386,2.397,2.365,2.368,55405.85
2026-01-19 07:00:00+00:00,2.369,2.383,2.367,2.37,73702.96
2026-01-19 08:00:00+00:00,2.37,2.399,2.365,2.392,78964.1
2026-01-19 09:00:00+00:00,2.392,2.401,2.381,2.387,80028.28
2026-01-19 10:00:00+00:00,2.387,2.387,2.373,2.376,41391.72
2026-01-19 11:00:00+00:00,2.377,2.41,2.375,2.382,116141.87
2026-01-19 12:00:00+00:00,2.381,2.384,2.37,2.377,71348.68
2026-01-19 13:00:00+00:00,2.377,2.387,2.366,2.368,95459.63
2026-01-19 14:00:00+00:00,2.369,2.397,2.367,2.385,61865.08
2026-01-19 15:00:00+00:00,2.385,2.39,2.375,2.38,54501.54
2026-01-19 16:00:00+00:00,2.38,2.399,2.375,2.396,56923.3
2026-01-19 17:00:00+00:00,2.397,2.418,2.392,2.409,68152.06
2026-01-19 18:00:00+00:00,2.411,2.431,2.406,2.43,47610.33
2026-01-19 19:00:00+00:00,2.431,2.485,2.431,2.468,139484.11
2026-01-19 20:00:00+00:00,2.468,2.478,2.454,2.46,64911.02
2026-01-19 21:00:00+00:00,2.461,2.468,2.433,2.435,91100.48
2026-01-19 22:00:00+00:00,2.435,2.449,2.426,2.428,58856.53
2026-01-19 23:00:00+00:00,2.427,2.469,2.427,2.456,43252.01
2026-01-20 00:00:00+00:00,2.457,2.468,2.443,2.446,42765.76
2026-01-20 01:00:00+00:00,2.445,2.452,2.435,2.437,42294.1
2026-01-20 02:00:00+00:00,2.437,2.484,2.434,2.479,160349.75
2026-01-20 03:00:00+00:00,2.479,2.505,2.471,2.493,195038.95
2026-01-20 04:00:00+00:00,2.493,2.539,2.493,2.533,166669.9
2026-01-20 05:00:00+00:00,2.534,2.547,2.497,2.502,220500.42
2026-01-20 06:00:00+00:00,2.502,2.505,2.444,2.448,125362.09
2026-01-20 07:00:00+00:00,2.448,2.455,2.414,2.416,77592.68
2026-01-20 08:00:00+00:00,2.417,2.422,2.392,2.414,114844.47
2026-01-20 09:00:00+00:00,2.414,2.439,2.402,2.431,67237.28
2026-01-20 10:00:00+00:00,2.43,2.457,2.407,2.408,111825.54
2026-01-20 11:00:00+00:00,2.407,2.411,2.381,2.386,40032.31
2026-01-20 12:00:00+00:00,2.386,2.429,2.382,2.402,83798.33
2026-01-20 13:00:00+00:00,2.401,2.401,2.345,2.358,110487.76
2026-01-20 14:00:00+00:00,2.358,2.393,2.344,2.37,155430.83
2026-01-20 15:00:00+00:00,2.37,2.371,2.33,2.351,125424.77
2026-01-20 16:00:00+00:00,2.351,2.359,2.305,2.308,89716.05
2026-01-20 17:00:00+00:00,2.308,2.326,2.293,2.297,49969.24
2026-01-20 18:00:00+00:00,2.298,2.311,2.29,2.299,58827.81
2026-01-20 19:00:00+00:00,2.301,2.331,2.301,2.32,58682.7
2026-01-20 20:00:00+00:00,2.319,2.357,2.309,2.353,81259.44
2026-01-20 21:00:00+00:00,2.353,2.358,2.321,2.323,60073.55
2026-01-20 22:00:00+00:00,2.323,2.329,2.29,2.304,155453.8
2026-01-20 23:00:00+00:00,2.304,2.31,2.285,2.295,95091.86
2026-01-21 00:00:00+00:00,2.295,2.334,2.293,2.332,62679.56
2026-01-21 01:00:00+00:00,2.331,2.353,2.327,2.349,75617.02
2026-01-21 02:00:00+00:00,2.349,2.431,2.348,2.429,328887.21
2026-01-21 03:00:00+00:00,2.43,2.435,2.379,2.379,433885.46
2026-01-21 04:00:00+00:00,2.378,2.393,2.362,2.379,98898.65
2026-01-21 05:00:00+00:00,2.379,2.408,2.377,2.407,73774.82
2026-01-21 06:00:00+00:00,2.408,2.409,2.374,2.375,78855.63
2026-01-21 07:00:00+00:00,2.375,2.411,2.37,2.394,105302.8
2026-01-21 08:00:00+00:00,2.394,2.411,2.381,2.392,50086.66
2026-01-21 09:00:00+00:00,2.391,2.391,2.371,2.39,50602.03
2026-01-21 10:00:00+00:00,2.388,2.404,2.382,2.383,100669.4
2026-01-21 11:00:00+00:00,2.382,2.402,2.373,2.377,125419.17
2026-01-21 12:00:00+00:00,2.377,2.38,2.343,2.356,137296.07
2026-01-21 13:00:00+00:00,2.355,2.364,2.33,2.335,113955.67
2026-01-21 14:00:00+00:00,2.334,2.432,2.332,2.427,264729.7
2026-01-21 15:00:00+00:00,2.427,2.441,2.377,2.388,259638.98
2026-01-21 16:00:00+00:00,2.39,2.398,2.307,2.312,251540.9
2026-01-21 17:00:00+00:00,2.314,2.33,2.3,2.321,127001.57
2026-01-21 18:00:00+00:00,2.32,2.356,2.317,2.346,137427.03
2026-01-21 19:00:00+00:00,2.346,2.427,2.338,2.426,137593.01
2026-01-21 20:00:00+00:00,2.427,2.437,2.399,2.437,98584.02
2026-01-21 21:00:00+00:00,2.437,2.453,2.429,2.438,75190.35
2026-01-21 22:00:00+00:00,2.437,2.442,2.411,2.413,30644.48
2026-01-21 23:00:00+00:00,2.412,2.413,2.377,2.382,46430.39
2026-01-22 00:00:00+00:00,2.382,2.413,2.382,2.396,35483.77
2026-01-22 01:00:00+00:00,2.397,2.436,2.395,2.434,36313.19
2026-01-22 02:00:00+00:00,2.433,2.44,2.4,2.411,101392.47
2026-01-22 03:00:00+00:00,2.414,2.419,2.392,2.397,32567.45
2026-01-22 04:00:00+00:00,2.396,2.407,2.396,2.402,14631.44
2026-01-22 05:00:00+00:00,2.402,2.416,2.39,2.392,36774.85
2026-01-22 06:00:00+00:00,2.393,2.398,2.372,2.384,28067.64
2026-01-22 07:00:00+00:00,2.384,2.389,2.371,2.378,30331.2
2026-01-22 08:00:00+00:00,2.379,2.393,2.369,2.393,29573.36
2026-01-22 09:00:00+00:00,2.393,2.404,2.379,2.399,49749.25
2026-01-22 10:00:00+00:00,2.398,2.408,2.391,2.392,63432.57
2026-01-22 11:00:00+00:00,2.394,2.394,2.359,2.382,98052.17
2026-01-22 12:00:00+00:00,2.384,2.386,2.37,2.375,30399.04
2026-01-22 13:00:00+00:00,2.375,2.389,2.364,2.372,35239.5
2026-01-22 14:00:00+00:00,2.373,2.374,2.342,2.348,60096.1
2026-01-22 15:00:00+00:00,2.346,2.365,2.33,2.351,44132.83
2026-01-22 16:00:00+00:00,2.351,2.362,2.339,2.356,58337.62
2026-01-22 17:00:00+00:00,2.357,2.36,2.334,2.347,39702.86
2026-01-22 18:00:00+00:00,2.346,2.346,2.333,2.333,33483.87
2026-01-22 19:00:00+00:00,2.333,2.358,2.329,2.352,37831.82
2026-01-22 20:00:00+00:00,2.351,2.354,2.333,2.344,30728.71
2026-01-22 21:00:00+00:00,2.344,2.354,2.342,2.345,24058.47
2026-01-22 22:00:00+00:00,2.345,2.355,2.332,2.338,36047.73
2026-01-22 23:00:00+00:00,2.338,2.338,2.327,2.335,24805.38
2026-01-23 00:00:00+00:00,2.336,2.355,2.33,2.349,50495.76
2026-01-23 01:00:00+00:00,2.35,2.376,2.35,2.375,30130.54
2026-01-23 02:00:00+00:00,2.374,2.377,2.362,2.364,32869.56
2026-01-23 03:00:00+00:00,2.363,2.392,2.361,2.386,66670.42
2026-01-23 04:00:00+00:00,2.386,2.404,2.376,2.396,59298.85
2026-01-23 05:00:00+00:00,2.395,2.397,2.377,2.386,35631.49
2026-01-23 06:00:00+00:00,2.386,2.388,2.365,2.373,38750.61
2026-01-23 07:00:00+00:00,2.373,2.377,2.367,2.369,29614.31
2026-01-23 08:00:00+00:00,2.369,2.374,2.349,2.36,36771.93
2026-01-23 09:00:00+00:00,2.36,2.391,2.36,2.387,69685.8
2026-01-23 10:00:00+00:00,2.386,2.387,2.367,2.376,51416.65
2026-01-23 11:00:00+00:00,2.376,2.389,2.369,2.377,47576.11
2026-01-23 12:00:00+00:00,2.379,2.383,2.367,2.369,30356.89
2026-01-23 13:00:00+00:00,2.369,2.384,2.365,2.379,35594.08
2026-01-23 14:00:00+00:00,2.38,2.38,2.333,2.35,116187.02
2026-01-23 15:00:00+00:00,2.351,2.392,2.337,2.39,95400.43
2026-01-23 16:00:00+00:00,2.39,2.407,2.375,2.393,59083.9
2026-01-23 17:00:00+00:00,2.393,2.419,2.378,2.398,61298.37
2026-01-23 18:00:00+00:00,2.398,2.413,2.388,2.391,29951.23
2026-01-23 19:00:00+00:00,2.392,2.393,2.358,2.368,53387.85
2026-01-23 20:00:00+00:00,2.366,2.373,2.34,2.352,41420.92
2026-01-23 21:00:00+00:00,2.351,2.366,2.35,2.35,27210.34
2026-01-23 22:00:00+00:00,2.35,2.372,2.35,2.371,22293.98
2026-01-23 23:00:00+00:00,2.37,2.37,2.359,2.368,18296.48
2026-01-24 00:00:00+00:00,2.368,2.373,2.356,2.356,29915.84
2026-01-24 01:00:00+00:00,2.355,2.359,2.35,2.355,15779.83
2026-01-24 02:00:00+00:00,2.356,2.361,2.354,2.355,15138.7
2026-01-24 03:00:00+00:00,2.355,2.364,2.354,2.357,15307.95
2026-01-24 04:00:00+00:00,2.357,2.359,2.349,2.356,15187.31
2026-01-24 05:00:00+00:00,2.357,2.361,2.351,2.358,19363.38
2026-01-24 06:00:00+00:00,2.358,2.381,2.357,2.369,52507.25
2026-01-24 07:00:00+00:00,2.369,2.369,2.358,2.365,20633.52
2026-01-24 08:00:00+00:00,2.365,2.38,2.357,2.379,33362.3
2026-01-24 09:00:00+00:00,2.379,2.379,2.368,2.372,19271.54
2026-01-24 10:00:00+00:00,2.373,2.379,2.368,2.378,16397.72
2026-01-24 11:00:00+00:00,2.377,2.387,2.374,2.377,20596.92
2026-01-24 12:00:00+00:00,2.378,2.383,2.376,2.379,21789.6
2026-01-24 13:00:00+00:00,2.38,2.381,2.301,2.304,199013.7
2026-01-24 14:00:00+00:00,2.303,2.325,2.303,2.318,61796.29
2026-01-24 15:00:00+00:00,2.319,2.328,2.293,2.297,42754.57
2026-01-24 16:00:00+00:00,2.296,2.325,2.296,2.321,45391.55
2026-01-24 17:00:00+00:00,2.321,2.33,2.315,2.328,18597.25
2026-01-24 18:00:00+00:00,2.329,2.331,2.319,2.324,17090.46
2026-01-24 19:00:00+00:00,2.323,2.325,2.318,2.323,19969.44
2026-01-24 20:00:00+00:00,2.324,2.331,2.32,2.327,14860.65
2026-01-24 21:00:00+00:00,2.327,2.329,2.321,2.324,14379.02
2026-01-24 22:00:00+00:00,2.324,2.342,2.323,2.34,26799.65
2026-01-24 23:00:00+00:00,2.34,2.343,2.331,2.334,20520.28
2026-01-25 00:00:00+00:00,2.333,2.337,2.324,2.333,24227.89
2026-01-25 01:00:00+00:00,2.331,2.336,2.317,2.318,37296.41
2026-01-25 02:00:00+00:00,2.318,2.326,2.314,2.319,21723.51
2026-01-25 03:00:00+00:00,2.319,2.322,2.305,2.306,19709.72
2026-01-25 04:00:00+00:00,2.306,2.311,2.289,2.29,33510.15
2026-01-25 05:00:00+00:00,2.291,2.307,2.291,2.307,23917.15
2026-01-25 06:00:00+00:00,2.307,2.307,2.294,2.295,12014.0
2026-01-25 07:00:00+00:00,2.294,2.295,2.283,2.292,19088.43
2026-01-25 08:00:00+00:00,2.291,2.295,2.271,2.283,47562.88
2026-01-25 09:00:00+00:00,2.283,2.294,2.282,2.289,33340.24
2026-01-25 10:00:00+00:00,2.29,2.3,2.288,2.298,37772.15
2026-01-25 11:00:00+00:00,2.298,2.305,2.293,2.295,29775.82
2026-01-25 12:00:00+00:00,2.295,2.295,2.272,2.275,63436.56
2026-01-25 13:00:00+00:00,2.276,2.276,2.248,2.272,194286.64
2026-01-25 14:00:00+00:00,2.271,2.271,2.255,2.265,58275.65
2026-01-25 15:00:00+00:00,2.265,2.272,2.262,2.265,68798.32
2026-01-25 16:00:00+00:00,2.264,2.265,2.227,2.248,98667.01
2026-01-25 17:00:00+00:00,2.247,2.253,2.235,2.241,30055.69
2026-01-25 18:00:00+00:00,2.241,2.243,2.218,2.23,66951.83
2026-01-25 19:00:00+00:00,2.23,2.232,2.201,2.227,117605.25
2026-01-25 20:00:00+00:00,2.229,2.238,2.219,2.229,73816.64
2026-01-25 21:00:00+00:00,2.229,2.248,2.228,2.238,44257.09
2026-01-25 22:00:00+00:00,2.239,2.244,2.222,2.23,50508.0
2026-01-25 23:00:00+00:00,2.231,2.243,2.22,2.236,31205.83
2026-01-26 00:00:00+00:00,2.237,2.252,2.23,2.249,37341.15
2026-01-26 01:00:00+00:00,2.25,2.275,2.248,2.268,62594.44
2026-01-26 02:00:00+00:00,2.266,2.266,2.24,2.248,82562.65
2026-01-26 03:00:00+00:00,2.249,2.254,2.234,2.239,32910.56
2026-01-26 04:00:00+00:00,2.24,2.26,2.24,2.249,22485.43
2026-01-26 05:00:00+00:00,2.25,2.252,2.24,2.244,13391.5
2026-01-26 06:00:00+00:00,2.244,2.274,2.24,2.273,29718.55
2026-01-26 07:00:00+00:00,2.273,2.278,2.258,2.26,48067.04
2026-01-26 08:00:00+00:00,2.26,2.281,2.256,2.262,63924.5
2026-01-26 09:00:00+00:00,2.262,2.263,2.25,2.258,65312.97
2026-01-26 10:00:00+00:00,2.259,2.268,2.253,2.267,51938.8
2026-01-26 11:00:00+00:00,2.268,2.271,2.259,2.266,44505.31
2026-01-26 12:00:00+00:00,2.265,2.28,2.265,2.278,39834.97
2026-01-26 13:00:00+00:00,2.278,2.29,2.277,2.283,48334.65
2026-01-26 14:00:00+00:00,2.282,2.302,2.272,2.3,97174.8
2026-01-26 15:00:00+00:00,2.3,2.314,2.27,2.272,95615.65
2026-01-26 16:00:00+00:00,2.273,2.278,2.221,2.229,209317.96
2026-01-26 17:00:00+00:00,2.228,2.24,2.211,2.232,138017.74
2026-01-26 18:00:00+00:00,2.231,2.25,2.226,2.247,65460.96
2026-01-26 19:00:00+00:00,2.248,2.249,2.224,2.227,53128.76
2026-01-26 20:00:00+00:00,2.227,2.233,2.215,2.218,60998.42
2026-01-26 21:00:00+00:00,2.217,2.248,2.21,2.231,79563.03
2026-01-26 22:00:00+00:00,2.231,2.234,2.215,2.221,30976.66
2026-01-26 23:00:00+00:00,2.22,2.232,2.216,2.222,49907.76
2026-01-27 00:00:00+00:00,2.223,2.242,2.216,2.238,99284.85
2026-01-27 01:00:00+00:00,2.237,2.245,2.219,2.239,34889.11
2026-01-27 02:00:00+00:00,2.24,2.247,2.233,2.238,17670.81
2026-01-27 03:00:00+00:00,2.237,2.239,2.217,2.224,52360.5
2026-01-27 04:00:00+00:00,2.224,2.238,2.224,2.23,30240.43
2026-01-27 05:00:00+00:00,2.23,2.231,2.221,2.228,27649.61
2026-01-27 06:00:00+00:00,2.227,2.227,2.217,2.218,37239.36
2026-01-27 07:00:00+00:00,2.219,2.225,2.217,2.219,45493.95
2026-01-27 08:00:00+00:00,2.221,2.227,2.201,2.206,45729.5
2026-01-27 09:00:00+00:00,2.206,2.209,2.195,2.196,67066.95
2026-01-27 10:00:00+00:00,2.196,2.221,2.183,2.217,143519.16
2026-01-27 11:00:00+00:00,2.218,2.227,2.21,2.219,134832.24
2026-01-27 12:00:00+00:00,2.219,2.223,2.212,2.223,42583.89
2026-01-27 13:00:00+00:00,2.222,2.227,2.201,2.201,120160.85
2026-01-27 14:00:00+00:00,2.201,2.217,2.197,2.202,81260.24
2026-01-27 15:00:00+00:00,2.201,2.212,2.188,2.212,47922.83
2026-01-27 16:00:00+00:00,2.213,2.248,2.209,2.245,83185.35
2026-01-27 17:00:00+00:00,2.243,2.243,2.204,2.208,60586.58
2026-01-27 18:00:00+00:00,2.208,2.243,2.205,2.236,30577.93
2026-01-27 19:00:00+00:00,2.236,2.25,2.231,2.243,20593.52
2026-01-27 20:00:00+00:00,2.245,2.27,2.243,2.254,64891.25
2026-01-27 21:00:00+00:00,2.254,2.254,2.234,2.238,48624.84
2026-01-27 22:00:00+00:00,2.239,2.258,2.239,2.247,17398.91
2026-01-27 23:00:00+00:00,2.247,2.251,2.243,2.244,13179.97
2026-01-28 00:00:00+00:00,2.244,2.248,2.235,2.245,26954.01
2026-01-28 01:00:00+00:00,2.245,2.245,2.228,2.23,17224.99
2026-01-28 02:00:00+00:00,2.23,2.249,2.223,2.238,54168.54
2026-01-28 03:00:00+00:00,2.239,2.24,2.224,2.225,23600.04
2026-01-28 04:00:00+00:00,2.225,2.226,2.22,2.224,18365.81
2026-01-28 05:00:00+00:00,2.225,2.236,2.219,2.235,24798.66
2026-01-28 06:00:00+00:00,2.234,2.245,2.234,2.241,40907.17
2026-01-28 07:00:00+00:00,2.241,2.241,2.231,2.238,19932.32
2026-01-28 08:00:00+00:00,2.238,2.25,2.236,2.241,75479.77
2026-01-28 09:00:00+00:00,2.241,2.266,2.24,2.265,75949.46
2026-01-28 10:00:00+00:00,2.266,2.28,2.261,2.274,87589.86
2026-01-28 11:00:00+00:00,2.275,2.292,2.264,2.291,161162.31
2026-01-28 12:00:00+00:00,2.291,2.295,2.283,2.288,65320.47
2026-01-28 13:00:00+00:00,2.288,2.298,2.276,2.294,70470.85
2026-01-28 14:00:00+00:00,2.295,2.303,2.272,2.284,109498.42
2026-01-28 15:00:00+00:00,2.285,2.295,2.245,2.247,108711.39
2026-01-28 16:00:00+00:00,2.247,2.257,2.226,2.247,68455.68
2026-01-28 17:00:00+00:00,2.247,2.272,2.236,2.259,45340.14
2026-01-28 18:00:00+00:00,2.259,2.259,2.242,2.246,726889.22
2026-01-28 19:00:00+00:00,2.245,2.253,2.233,2.247,114000.59
2026-01-28 20:00:00+00:00,2.246,2.255,2.228,2.234,63955.5
2026-01-28 21:00:00+00:00,2.235,2.247,2.224,2.239,57017.93
2026-01-28 22:00:00+00:00,2.24,2.252,2.226,2.25,32078.73
2026-01-28 23:00:00+00:00,2.252,2.252,2.235,2.237,24141.66
2026-01-29 00:00:00+00:00,2.238,2.242,2.213,2.225,42849.99
2026-01-29 01:00:00+00:00,2.224,2.227,2.206,2.212,60906.76
2026-01-29 02:00:00+00:00,2.212,2.218,2.177,2.186,71334.58
2026-01-29 03:00:00+00:00,2.187,2.193,2.182,2.187,40472.83
2026-01-29 04:00:00+00:00,2.186,2.192,2.176,2.188,23208.34
2026-01-29 05:00:00+00:00,2.187,2.192,2.175,2.178,30233.62
2026-01-29 06:00:00+00:00,2.178,2.193,2.178,2.193,14376.05
2026-01-29 07:00:00+00:00,2.193,2.195,2.185,2.189,26795.77
2026-01-29 08:00:00+00:00,2.189,2.189,2.173,2.18,46098.3
2026-01-29 09:00:00+00:00,2.18,2.184,2.171,2.177,34244.28
2026-01-29 10:00:00+00:00,2.178,2.181,2.171,2.174,22687.53
2026-01-29 11:00:00+00:00,2.173,2.174,2.153,2.164,76388.83
2026-01-29 12:00:00+00:00,2.164,2.167,2.151,2.166,58600.66
2026-01-29 13:00:00+00:00,2.165,2.181,2.165,2.181,55441.77
2026-01-29 14:00:00+00:00,2.181,2.187,2.136,2.14,135431.44
2026-01-29 15:00:00+00:00,2.141,2.142,2.086,2.105,190531.93
2026-01-29 16:00:00+00:00,2.104,2.138,2.088,2.135,113995.06
2026-01-29 17:00:00+00:00,2.136,2.155,2.111,2.113,121671.69
2026-01-29 18:00:00+00:00,2.113,2.115,2.077,2.083,158238.15
2026-01-29 19:00:00+00:00,2.082,2.12,2.082,2.112,100117.73
2026-01-29 20:00:00+00:00,2.111,2.127,2.107,2.126,33276.44
2026-01-29 21:00:00+00:00,2.127,2.137,2.125,2.131,52389.02
2026-01-29 22:00:00+00:00,2.132,2.137,2.125,2.129,26895.94
2026-01-29 23:00:00+00:00,2.129,2.131,2.114,2.128,49992.3
2026-01-30 00:00:00+00:00,2.128,2.132,2.113,2.12,33515.04
2026-01-30 01:00:00+00:00,2.121,2.135,2.06,2.107,222667.4
2026-01-30 02:00:00+00:00,2.107,2.108,2.062,2.083,96462.71
2026-01-30 03:00:00+00:00,2.084,2.093,2.077,2.081,19583.7
2026-01-30 04:00:00+00:00,2.08,2.107,2.08,2.092,23697.06
2026-01-30 05:00:00+00:00,2.093,2.095,2.083,2.083,43057.5
2026-01-30 06:00:00+00:00,2.083,2.083,2.051,2.07,64020.28
2026-01-30 07:00:00+00:00,2.071,2.103,2.07,2.094,41546.67
2026-01-30 08:00:00+00:00,2.094,2.101,2.078,2.087,38120.16
2026-01-30 09:00:00+00:00,2.087,2.094,2.074,2.082,38862.32
2026-01-30 10:00:00+00:00,2.083,2.086,2.074,2.081,30428.44
2026-01-30 11:00:00+00:00,2.08,2.109,2.076,2.101,41384.15
2026-01-30 12:00:00+00:00,2.102,2.104,2.075,2.089,60042.85
2026-01-30 13:00:00+00:00,2.09,2.094,2.072,2.084,62095.36
2026-01-30 14:00:00+00:00,2.085,2.104,2.075,2.082,63854.46
2026-01-30 15:00:00+00:00,2.083,2.109,2.073,2.102,89237.75
2026-01-30 16:00:00+00:00,2.102,2.117,2.088,2.101,48718.63
2026-01-30 17:00:00+00:00,2.102,2.117,2.091,2.105,34498.19
2026-01-30 18:00:00+00:00,2.105,2.134,2.067,2.127,118902.08
2026-01-30 19:00:00+00:00,2.128,2.135,2.116,2.119,48767.95
2026-01-30 20:00:00+00:00,2.118,2.119,2.092,2.098,75838.04
2026-01-30 21:00:00+00:00,2.098,2.112,2.09,2.103,47524.14
2026-01-30 22:00:00+00:00,2.103,2.108,2.089,2.105,14562.6
2026-01-30 23:00:00+00:00,2.106,2.112,2.091,2.112,13066.08
2026-01-31 00:00:00+00:00,2.113,2.116,2.098,2.101,30918.49
2026-01-31 01:00:00+00:00,2.102,2.106,2.092,2.099,31793.04
2026-01-31 02:00:00+00:00,2.099,2.1,2.088,2.095,21552.77
2026-01-31 03:00:00+00:00,2.094,2.097,2.083,2.084,12311.94
2026-01-31 04:00:00+00:00,2.084,2.09,2.071,2.076,77821.94
2026-01-31 05:00:00+00:00,2.075,2.081,2.072,2.076,24568.1
2026-01-31 06:00:00+00:00,2.076,2.078,2.057,2.065,32495.84
2026-01-31 07:00:00+00:00,2.066,2.067,2.043,2.058,33422.12
2026-01-31 08:00:00+00:00,2.059,2.064,2.02,2.04,107899.46
2026-01-31 09:00:00+00:00,2.042,2.058,2.038,2.044,36303.69
2026-01-31 10:00:00+00:00,2.043,2.058,2.037,2.05,23372.07
2026-01-31 11:00:00+00:00,2.051,2.055,2.041,2.043,33130.97
2026-01-31 12:00:00+00:00,2.044,2.056,2.041,2.046,53367.51
2026-01-31 13:00:00+00:00,2.047,2.047,2.021,2.034,39617.78
2026-01-31 14:00:00+00:00,2.035,2.045,1.952,1.977,319699.68
2026-01-31 15:00:00+00:00,1.977,2.005,1.977,1.993,100817.96
2026-01-31 16:00:00+00:00,1.994,2.033,1.97,1.975,215374.88
2026-01-31 17:00:00+00:00,1.976,1.98,1.896,1.921,392433.73
2026-01-31 18:00:00+00:00,1.921,1.935,1.81,1.896,410906.31
2026-01-31 19:00:00+00:00,1.897,1.924,1.894,1.914,177260.59
2026-01-31 20:00:00+00:00,1.914,1.923,1.89,1.921,61727.84
2026-01-31 21:00:00+00:00,1.92,1.947,1.906,1.94,75041.04
2026-01-31 22:00:00+00:00,1.941,1.947,1.929,1.945,79954.49
2026-01-31 23:00:00+00:00,1.944,1.978,1.937,1.971,80427.02
2026-02-01 00:00:00+00:00,1.972,1.983,1.967,1.976,54217.47
2026-02-01 01:00:00+00:00,1.976,1.978,1.954,1.967,39694.93
2026-02-01 02:00:00+00:00,1.968,1.984,1.963,1.98,25716.02
2026-02-01 03:00:00+00:00,1.979,1.983,1.972,1.976,31856.16
2026-02-01 04:00:00+00:00,1.977,1.983,1.973,1.977,23318.15
2026-02-01 05:00:00+00:00,1.978,1.981,1.964,1.97,25469.2
2026-02-01 06:00:00+00:00,1.97,1.986,1.968,1.978,41468.91
2026-02-01 07:00:00+00:00,1.978,1.993,1.972,1.982,40865.93
2026-02-01 08:00:00+00:00,1.983,1.987,1.973,1.976,37222.96
2026-02-01 09:00:00+00:00,1.976,1.983,1.968,1.98,45281.8
2026-02-01 10:00:00+00:00,1.982,1.993,1.958,1.962,78218.1
2026-02-01 11:00:00+00:00,1.962,1.977,1.958,1.97,67055.79
2026-02-01 12:00:00+00:00,1.971,1.972,1.956,1.961,67500.35
2026-02-01 13:00:00+00:00,1.962,1.981,1.959,1.965,82816.99
2026-02-01 14:00:00+00:00,1.965,1.971,1.935,1.955,111187.86
2026-02-01 15:00:00+00:00,1.954,1.955,1.898,1.916,128647.9
2026-02-01 16:00:00+00:00,1.916,1.932,1.898,1.909,94657.79
2026-02-01 17:00:00+00:00,1.909,1.916,1.895,1.912,78238.32
2026-02-01 18:00:00+00:00,1.912,1.948,1.912,1.932,94235.87
2026-02-01 19:00:00+00:00,1.93,1.935,1.901,1.911,66390.96
2026-02-01 20:00:00+00:00,1.911,1.932,1.891,1.911,64075.35
2026-02-01 21:00:00+00:00,1.912,1.922,1.895,1.902,102738.66
2026-02-01 22:00:00+00:00,1.903,1.94,1.902,1.927,93611.25
2026-02-01 23:00:00+00:00,1.927,1.939,1.874,1.91,131641.62
2026-02-02 00:00:00+00:00,1.913,1.947,1.899,1.938,73603.67
2026-02-02 01:00:00+00:00,1.939,1.961,1.916,1.943,56397.29
2026-02-02 02:00:00+00:00,1.942,1.951,1.928,1.93,46002.64
2026-02-02 03:00:00+00:00,1.93,1.934,1.864,1.931,136520.66
2026-02-02 04:00:00+00:00,1.933,1.957,1.901,1.93,80522.05
2026-02-02 05:00:00+00:00,1.929,1.93,1.883,1.903,91911.66
2026-02-02 06:00:00+00:00,1.903,1.946,1.87,1.917,190776.25
2026-02-02 07:00:00+00:00,1.917,1.929,1.91,1.913,87139.52
2026-02-02 08:00:00+00:00,1.914,1.928,1.913,1.922,46139.89
2026-02-02 09:00:00+00:00,1.922,1.95,1.913,1.944,116534.28
2026-02-02 10:00:00+00:00,1.944,1.946,1.931,1.94,65325.56
2026-02-02 11:00:00+00:00,1.941,1.952,1.936,1.945,42598.42
2026-02-02 12:00:00+00:00,1.946,1.953,1.94,1.95,76874.89
2026-02-02 13:00:00+00:00,1.949,1.962,1.943,1.959,37324.8
2026-02-02 14:00:00+00:00,1.959,1.98,1.943,1.968,109320.21
2026-02-02 15:00:00+00:00,1.968,2.001,1.964,1.991,76787.2
2026-02-02 16:00:00+00:00,1.992,2.007,1.988,1.993,53645.12
2026-02-02 17:00:00+00:00,1.994,2.002,1.982,1.987,29585.95
2026-02-02 18:00:00+00:00,1.989,1.998,1.981,1.991,26113.39
2026-02-02 19:00:00+00:00,1.991,1.998,1.981,1.981,24312.39
2026-02-02 20:00:00+00:00,1.98,1.988,1.973,1.976,31937.58
2026-02-02 21:00:00+00:00,1.976,1.987,1.976,1.981,13600.96
2026-02-02 22:00:00+00:00,1.983,1.988,1.979,1.985,13801.08
2026-02-02 23:00:00+00:00,1.987,1.987,1.976,1.982,11335.83
2026-02-03 00:00:00+00:00,1.982,1.984,1.968,1.976,16426.49
2026-02-03 01:00:00+00:00,1.977,1.977,1.964,1.966,10028.34
2026-02-03 02:00:00+00:00,1.966,1.967,1.944,1.944,31310.62
2026-02-03 03:00:00+00:00,1.944,1.975,1.941,1.974,27392.93
2026-02-03 04:00:00+00:00,1.974,1.993,1.97,1.988,24354.77
2026-02-03 05:00:00+00:00,1.989,1.99,1.973,1.974,19453.41
2026-02-03 06:00:00+00:00,1.975,1.989,1.965,1.985,27510.25
2026-02-03 07:00:00+00:00,1.984,2.005,1.98,1.998,37178.27
2026-02-03 08:00:00+00:00,2.0,2.01,1.991,1.996,48566.91
2026-02-03 09:00:00+00:00,1.998,2.006,1.972,1.993,116350.44
2026-02-03 10:00:00+00:00,1.992,2.017,1.992,2.008,68796.06
2026-02-03 11:00:00+00:00,2.007,2.008,1.984,2.003,95099.08
2026-02-03 12:00:00+00:00,2.001,2.029,1.996,2.024,105531.37
2026-02-03 13:00:00+00:00,2.024,2.029,2.003,2.01,69079.62
2026-02-03 14:00:00+00:00,2.01,2.013,1.967,1.967,112106.89
2026-02-03 15:00:00+00:00,1.967,1.999,1.959,1.996,136549.76
2026-02-03 16:00:00+00:00,1.997,1.997,1.966,1.969,101753.79
2026-02-03 17:00:00+00:00,1.97,1.973,1.929,1.93,103995.31
2026-02-03 18:00:00+00:00,1.931,1.939,1.889,1.892,172397.59
2026-02-03 19:00:00+00:00,1.891,1.989,1.89,1.979,234980.08
2026-02-03 20:00:00+00:00,1.979,2.045,1.962,2.044,241851.2
2026-02-03 21:00:00+00:00,2.043,2.053,1.999,2.0,97180.76
2026-02-03 22:00:00+00:00,2.0,2.0,1.976,1.985,67843.76
2026-02-03 23:00:00+00:00,1.983,2.045,1.968,2.036,239466.01
2026-02-04 00:00:00+00:00,2.034,2.061,2.015,2.058,246205.59
2026-02-04 01:00:00+00:00,2.06,2.081,2.053,2.079,162603.03
2026-02-04 02:00:00+00:00,2.078,2.086,2.053,2.073,124760.97
2026-02-04 03:00:00+00:00,2.073,2.106,2.07,2.085,176703.59
2026-02-04 04:00:00+00:00,2.086,2.098,2.079,2.081,55195.86
2026-02-04 05:00:00+00:00,2.081,2.09,2.069,2.072,81606.21
2026-02-04 06:00:00+00:00,2.072,2.095,2.061,2.088,57545.6
2026-02-04 07:00:00+00:00,2.089,2.097,2.083,2.083,164323.28
2026-02-04 08:00:00+00:00,2.083,2.097,2.078,2.085,171509.26
2026-02-04 09:00:00+00:00,2.083,2.085,2.056,2.063,74862.1
2026-02-04 10:00:00+00:00,2.063,2.065,2.051,2.052,67227.8
2026-02-04 11:00:00+00:00,2.052,2.063,2.039,2.062,120212.71
2026-02-04 12:00:00+00:00,2.061,2.063,2.042,2.045,64982.9
2026-02-04 13:00:00+00:00,2.044,2.052,2.027,2.03,109563.67
2026-02-04 14:00:00+00:00,2.028,2.058,2.009,2.026,148284.82
2026-02-04 15:00:00+00:00,2.025,2.056,2.011,2.015,208141.32
2026-02-04 16:00:00+00:00,2.015,2.041,1.993,2.027,285305.09
2026-02-04 17:00:00+00:00,2.026,2.036,2.001,2.009,162191.24
2026-02-04 18:00:00+00:00,2.01,2.038,1.982,2.013,223131.26
2026-02-04 19:00:00+00:00,2.014,2.037,1.997,2.035,118815.36
2026-02-04 20:00:00+00:00,2.035,2.035,2.003,2.003,64273.6
2026-02-04 21:00:00+00:00,2.004,2.019,1.995,2.003,54717.4
2026-02-04 22:00:00+00:00,2.003,2.038,1.976,2.003,92342.08
2026-02-04 23:00:00+00:00,2.002,2.008,1.984,1.995,99955.76
2026-02-05 00:00:00+00:00,1.995,2.016,1.984,2.011,88617.77
2026-02-05 01:00:00+00:00,2.011,2.057,2.006,2.011,236770.12
2026-02-05 02:00:00+00:00,2.011,2.019,1.985,1.987,96817.46
2026-02-05 03:00:00+00:00,1.989,2.008,1.984,1.997,96765.83
2026-02-05 04:00:00+00:00,1.997,2.023,1.99,2.018,122505.41
2026-02-05 05:00:00+00:00,2.019,2.041,1.996,2.025,169484.66
2026-02-05 06:00:00+00:00,2.026,2.031,2.0,2.024,174090.34
2026-02-05 07:00:00+00:00,2.023,2.041,2.007,2.01,141706.87
2026-02-05 08:00:00+00:00,2.012,2.027,2.008,2.015,84167.49
2026-02-05 09:00:00+00:00,2.015,2.032,2.006,2.014,105131.8
2026-02-05 10:00:00+00:00,2.015,2.028,2.005,2.01,97396.74
2026-02-05 11:00:00+00:00,2.01,2.016,1.943,1.979,344607.41
2026-02-05 12:00:00+00:00,1.979,1.994,1.941,1.982,238404.5
2026-02-05 13:00:00+00:00,1.981,2.004,1.973,1.991,171253.02
2026-02-05 14:00:00+00:00,1.991,2.048,1.99,2.011,197131.63
2026-02-05 15:00:00+00:00,2.01,2.017,1.905,1.908,576003.1
2026-02-05 16:00:00+00:00,1.908,1.963,1.878,1.929,416965.63
2026-02-05 17:00:00+00:00,1.927,1.938,1.852,1.865,328499.37
2026-02-05 18:00:00+00:00,1.866,1.918,1.848,1.913,279810.65
2026-02-05 19:00:00+00:00,1.914,1.919,1.864,1.873,148496.86
2026-02-05 20:00:00+00:00,1.872,1.886,1.77,1.807,725293.23
2026-02-05 21:00:00+00:00,1.805,1.851,1.786,1.818,466492.74
2026-02-05 22:00:00+00:00,1.818,1.85,1.794,1.823,264122.19
2026-02-05 23:00:00+00:00,1.823,1.862,1.807,1.819,201171.73
2026-02-06 00:00:00+00:00,1.819,1.826,1.654,1.806,1053165.23
2026-02-06 01:00:00+00:00,1.806,1.827,1.787,1.826,353972.62
2026-02-06 02:00:00+00:00,1.827,1.837,1.772,1.781,191280.09
2026-02-06 03:00:00+00:00,1.781,1.804,1.77,1.796,116388.22
2026-02-06 04:00:00+00:00,1.797,1.808,1.777,1.805,99712.55
2026-02-06 05:00:00+00:00,1.804,1.849,1.804,1.846,107937.13
2026-02-06 06:00:00+00:00,1.847,1.856,1.808,1.811,148559.16
2026-02-06 07:00:00+00:00,1.812,1.839,1.801,1.829,101496.31
2026-02-06 08:00:00+00:00,1.829,1.836,1.799,1.809,117525.91
2026-02-06 09:00:00+00:00,1.807,1.847,1.796,1.846,168575.37
2026-02-06 10:00:00+00:00,1.846,1.898,1.838,1.894,201862.77
2026-02-06 11:00:00+00:00,1.893,1.894,1.868,1.877,201916.51
2026-02-06 12:00:00+00:00,1.877,1.877,1.861,1.872,89575.25
2026-02-06 13:00:00+00:00,1.873,1.906,1.869,1.898,130622.95
2026-02-06 14:00:00+00:00,1.897,1.932,1.88,1.925,166497.63
2026-02-06 15:00:00+00:00,1.924,1.928,1.909,1.921,90897.8
2026-02-06 16:00:00+00:00,1.923,1.981,1.918,1.975,148205.43
2026-02-06 17:00:00+00:00,1.973,2.016,1.966,1.993,142918.42
2026-02-06 18:00:00+00:00,1.995,1.998,1.952,1.963,116111.1
2026-02-06 19:00:00+00:00,1.963,1.965,1.935,1.954,141717.37
2026-02-06 20:00:00+00:00,1.954,1.973,1.939,1.958,76531.75
2026-02-06 21:00:00+00:00,1.957,1.992,1.95,1.982,75731.1
2026-02-06 22:00:00+00:00,1.982,2.012,1.982,2.005,90126.28
2026-02-06 23:00:00+00:00,2.004,2.008,1.982,1.987,33369.05
2026-02-07 00:00:00+00:00,1.987,1.997,1.973,1.986,68224.02
2026-02-07 01:00:00+00:00,1.985,1.998,1.972,1.99,53917.03
2026-02-07 02:00:00+00:00,1.989,2.006,1.985,1.993,32458.06
2026-02-07 03:00:00+00:00,1.994,2.024,1.991,2.015,136513.53
2026-02-07 04:00:00+00:00,2.015,2.022,2.005,2.01,45073.44
2026-02-07 05:00:00+00:00,2.01,2.028,1.994,1.999,75574.99
2026-02-07 06:00:00+00:00,1.999,2.017,1.99,1.991,70159.9
2026-02-07 07:00:00+00:00,1.99,1.995,1.946,1.951,140968.44
2026-02-07 08:00:00+00:00,1.951,1.979,1.945,1.976,74476.2
2026-02-07 09:00:00+00:00,1.976,1.98,1.951,1.956,51032.45
2026-02-07 10:00:00+00:00,1.956,1.956,1.938,1.947,27972.11
2026-02-07 11:00:00+00:00,1.946,1.949,1.929,1.935,104885.09
2026-02-07 12:00:00+00:00,1.933,2.009,1.932,1.993,138894.72
2026-02-07 13:00:00+00:00,1.993,1.997,1.977,1.982,33816.03
2026-02-07 14:00:00+00:00,1.983,1.983,1.953,1.957,43680.28
2026-02-07 15:00:00+00:00,1.956,1.992,1.954,1.992,58756.72
2026-02-07 16:00:00+00:00,1.992,2.05,1.99,2.002,768824.59
2026-02-07 17:00:00+00:00,2.003,2.008,1.994,2.004,38603.43
2026-02-07 18:00:00+00:00,2.004,2.034,2.003,2.023,55858.7
2026-02-07 19:00:00+00:00,2.023,2.023,1.999,2.001,29149.22
2026-02-07 20:00:00+00:00,2.001,2.017,2.0,2.012,51532.23
2026-02-07 21:00:00+00:00,2.012,2.015,1.993,1.997,54756.56
2026-02-07 22:00:00+00:00,1.998,2.0,1.99,1.993,21460.59
2026-02-07 23:00:00+00:00,1.994,1.996,1.981,1.989,37301.74
2026-02-08 00:00:00+00:00,1.99,1.994,1.98,1.99,18220.21
2026-02-08 01:00:00+00:00,1.991,1.999,1.988,1.99,30594.76
2026-02-08 02:00:00+00:00,1.99,1.996,1.979,1.983,43086.65
2026-02-08 03:00:00+00:00,1.984,1.99,1.97,1.973,44305.77
2026-02-08 04:00:00+00:00,1.973,1.98,1.968,1.978,19926.0
2026-02-08 05:00:00+00:00,1.978,1.982,1.971,1.972,22594.0
2026-02-08 06:00:00+00:00,1.972,1.974,1.961,1.964,44383.14
2026-02-08 07:00:00+00:00,1.964,1.968,1.957,1.966,26789.34
2026-02-08 08:00:00+00:00,1.966,2.001,1.964,1.987,78822.83
2026-02-08 09:00:00+00:00,1.987,1.988,1.955,1.963,100862.72
2026-02-08 10:00:00+00:00,1.963,1.969,1.951,1.96,34985.71
2026-02-08 11:00:00+00:00,1.961,1.986,1.961,1.983,62883.99
2026-02-08 12:00:00+00:00,1.983,1.986,1.973,1.981,27035.42
2026-02-08 13:00:00+00:00,1.98,1.988,1.972,1.983,44016.39
2026-02-08 14:00:00+00:00,1.984,1.991,1.973,1.985,56617.82
2026-02-08 15:00:00+00:00,1.984,1.988,1.967,1.968,59232.97
2026-02-08 16:00:00+00:00,1.967,1.976,1.941,1.946,114548.96
2026-02-08 17:00:00+00:00,1.947,1.965,1.947,1.957,41917.39
2026-02-08 18:00:00+00:00,1.956,1.982,1.955,1.973,39495.18
2026-02-08 19:00:00+00:00,1.973,1.984,1.973,1.981,27934.53
2026-02-08 20:00:00+00:00,1.981,1.981,1.96,1.961,13134.13
2026-02-08 21:00:00+00:00,1.961,1.965,1.946,1.951,30389.53
2026-02-08 22:00:00+00:00,1.951,1.956,1.945,1.956,21992.89
2026-02-08 23:00:00+00:00,1.957,1.99,1.931,1.95,106385.58
2026-02-09 00:00:00+00:00,1.95,1.954,1.939,1.948,28841.56
2026-02-09 01:00:00+00:00,1.947,1.957,1.932,1.939,50824.75
2026-02-09 02:00:00+00:00,1.939,1.964,1.934,1.956,20380.05
2026-02-09 03:00:00+00:00,1.957,1.979,1.956,1.975,16731.35
2026-02-09 04:00:00+00:00,1.973,1.974,1.956,1.959,17049.55
2026-02-09 05:00:00+00:00,1.959,1.979,1.957,1.977,53244.68
2026-02-09 06:00:00+00:00,1.975,1.975,1.958,1.969,33196.34
2026-02-09 07:00:00+00:00,1.967,1.973,1.96,1.965,69407.31
2026-02-09 08:00:00+00:00,1.964,1.969,1.944,1.947,75546.75
2026-02-09 09:00:00+00:00,1.947,1.947,1.928,1.93,54004.0
2026-02-09 10:00:00+00:00,1.93,1.936,1.902,1.903,63963.65
2026-02-09 11:00:00+00:00,1.904,1.915,1.904,1.911,54491.9
2026-02-09 12:00:00+00:00,1.912,1.931,1.911,1.928,71853.01
2026-02-09 13:00:00+00:00,1.928,1.947,1.924,1.925,54717.21
2026-02-09 14:00:00+00:00,1.925,1.948,1.914,1.944,87947.97
2026-02-09 15:00:00+00:00,1.945,1.97,1.939,1.968,92237.77
2026-02-09 16:00:00+00:00,1.968,1.972,1.927,1.956,126334.31
2026-02-09 17:00:00+00:00,1.956,1.985,1.948,1.971,80681.87
2026-02-09 18:00:00+00:00,1.972,1.979,1.953,1.958,31309.1
2026-02-09 19:00:00+00:00,1.958,1.964,1.951,1.961,19436.0
2026-02-09 20:00:00+00:00,1.96,1.971,1.949,1.968,37259.27
2026-02-09 21:00:00+00:00,1.968,1.974,1.95,1.968,47341.09
2026-02-09 22:00:00+00:00,1.968,1.978,1.965,1.968,26210.98
2026-02-09 23:00:00+00:00,1.97,1.972,1.959,1.96,7106.65
2026-02-10 00:00:00+00:00,1.96,1.964,1.955,1.962,37965.67
2026-02-10 01:00:00+00:00,1.962,1.969,1.959,1.965,46516.47
2026-02-10 02:00:00+00:00,1.966,1.973,1.961,1.973,19939.19
2026-02-10 03:00:00+00:00,1.973,1.974,1.94,1.946,49766.53
2026-02-10 04:00:00+00:00,1.945,1.954,1.944,1.949,19531.79
2026-02-10 05:00:00+00:00,1.95,1.95,1.928,1.93,39732.92
2026-02-10 06:00:00+00:00,1.929,1.93,1.899,1.905,80082.37
2026-02-10 07:00:00+00:00,1.904,1.921,1.903,1.912,40255.15
2026-02-10 08:00:00+00:00,1.912,1.919,1.908,1.916,54233.72
2026-02-10 09:00:00+00:00,1.916,1.924,1.909,1.911,69763.62
2026-02-10 10:00:00+00:00,1.911,1.913,1.903,1.907,41252.46
2026-02-10 11:00:00+00:00,1.906,1.912,1.902,1.903,51395.27
2026-02-10 12:00:00+00:00,1.903,1.907,1.895,1.899,20960.09
2026-02-10 13:00:00+00:00,1.898,1.917,1.896,1.916,54588.56
2026-02-10 14:00:00+00:00,1.915,1.933,1.91,1.922,72534.62
2026-02-10 15:00:00+00:00,1.92,1.944,1.912,1.938,84610.55
2026-02-10 16:00:00+00:00,1.939,1.945,1.926,1.93,41675.39
2026-02-10 17:00:00+00:00,1.93,1.939,1.924,1.931,29603.12
2026-02-10 18:00:00+00:00,1.931,1.934,1.904,1.914,33171.07
2026-02-10 19:00:00+00:00,1.913,1.927,1.913,1.922,26767.19
2026-02-10 20:00:00+00:00,1.921,1.923,1.916,1.919,21659.94
2026-02-10 21:00:00+00:00,1.918,1.921,1.91,1.914,18919.38
2026-02-10 22:00:00+00:00,1.914,1.93,1.914,1.922,20431.89
2026-02-10 23:00:00+00:00,1.921,1.925,1.916,1.922,20457.12
2026-02-11 00:00:00+00:00,1.923,1.936,1.923,1.93,29965.2
2026-02-11 01:00:00+00:00,1.931,1.937,1.927,1.932,21769.5
2026-02-11 02:00:00+00:00,1.933,1.937,1.925,1.927,22961.92
2026-02-11 03:00:00+00:00,1.928,1.939,1.912,1.931,48604.32
2026-02-11 04:00:00+00:00,1.93,1.933,1.908,1.911,46945.46
2026-02-11 05:00:00+00:00,1.911,1.919,1.906,1.912,48138.77
2026-02-11 06:00:00+00:00,1.911,1.915,1.881,1.883,72215.25
2026-02-11 07:00:00+00:00,1.883,1.889,1.874,1.878,67550.55
2026-02-11 08:00:00+00:00,1.878,1.888,1.875,1.887,50942.09
2026-02-11 09:00:00+00:00,1.886,1.893,1.879,1.881,90357.07
2026-02-11 10:00:00+00:00,1.882,1.898,1.878,1.881,153016.96
2026-02-11 11:00:00+00:00,1.881,1.903,1.881,1.899,61732.13
2026-02-11 12:00:00+00:00,1.899,1.919,1.894,1.915,45920.56
2026-02-11 13:00:00+00:00,1.916,1.943,1.907,1.94,117027.56
2026-02-11 14:00:00+00:00,1.941,2.009,1.912,1.916,352519.19
2026-02-11 15:00:00+00:00,1.916,1.924,1.889,1.92,111699.35
2026-02-11 16:00:00+00:00,1.921,1.948,1.911,1.911,82020.72
2026-02-11 17:00:00+00:00,1.91,1.932,1.892,1.912,71471.91
2026-02-11 18:00:00+00:00,1.912,1.939,1.908,1.929,50727.58
2026-02-11 19:00:00+00:00,1.93,1.942,1.924,1.931,37092.44
2026-02-11 20:00:00+00:00,1.93,1.941,1.92,1.935,36211.13
2026-02-11 21:00:00+00:00,1.936,1.956,1.933,1.946,68728.09
2026-02-11 22:00:00+00:00,1.947,1.965,1.94,1.943,62682.08
2026-02-11 23:00:00+00:00,1.943,1.948,1.928,1.945,36289.79
2026-02-12 00:00:00+00:00,1.946,1.961,1.945,1.952,36779.85
2026-02-12 01:00:00+00:00,1.952,1.966,1.951,1.956,21991.26
2026-02-12 02:00:00+00:00,1.956,1.964,1.951,1.955,12806.5
2026-02-12 03:00:00+00:00,1.955,1.979,1.955,1.978,33690.97
2026-02-12 04:00:00+00:00,1.977,1.982,1.964,1.966,44921.71
2026-02-12 05:00:00+00:00,1.967,1.974,1.961,1.966,45166.43
2026-02-12 06:00:00+00:00,1.967,1.983,1.964,1.98,21417.74
2026-02-12 07:00:00+00:00,1.981,1.998,1.972,1.996,44300.17
2026-02-12 08:00:00+00:00,1.997,2.017,1.996,2.009,65503.67
2026-02-12 09:00:00+00:00,2.009,2.014,1.989,1.994,91721.7
2026-02-12 10:00:00+00:00,1.994,1.999,1.985,1.999,74696.13
2026-02-12 11:00:00+00:00,1.999,2.004,1.984,1.988,66222.21
2026-02-12 12:00:00+00:00,1.988,1.992,1.964,1.97,70955.99
2026-02-12 13:00:00+00:00,1.97,1.978,1.965,1.976,52474.65
2026-02-12 14:00:00+00:00,1.976,1.976,1.959,1.966,53680.01
2026-02-12 15:00:00+00:00,1.967,1.994,1.955,1.97,131590.73
2026-02-12 16:00:00+00:00,1.971,1.974,1.93,1.938,82362.69
2026-02-12 17:00:00+00:00,1.939,1.955,1.929,1.937,30059.61
2026-02-12 18:00:00+00:00,1.938,1.953,1.936,1.947,39185.55
2026-02-12 19:00:00+00:00,1.947,1.971,1.939,1.949,122883.51
2026-02-12 20:00:00+00:00,1.95,1.952,1.932,1.934,17041.97
2026-02-12 21:00:00+00:00,1.936,1.951,1.934,1.947,20138.68
2026-02-12 22:00:00+00:00,1.948,1.97,1.943,1.969,52299.19
2026-02-12 23:00:00+00:00,1.97,1.976,1.961,1.968,59224.96
2026-02-13 00:00:00+00:00,1.968,1.981,1.955,1.963,58748.51
2026-02-13 01:00:00+00:00,1.962,1.968,1.961,1.963,25340.87
2026-02-13 02:00:00+00:00,1.964,1.973,1.961,1.969,58661.95
2026-02-13 03:00:00+00:00,1.969,1.973,1.958,1.965,35124.19
2026-02-13 04:00:00+00:00,1.965,1.965,1.956,1.959,13015.62
2026-02-13 05:00:00+00:00,1.96,1.966,1.956,1.957,10043.25
2026-02-13 06:00:00+00:00,1.956,1.978,1.953,1.974,25597.35
2026-02-13 07:00:00+00:00,1.975,1.991,1.975,1.98,35742.43
2026-02-13 08:00:00+00:00,1.98,2.0,1.98,1.994,75623.31
2026-02-13 09:00:00+00:00,1.994,2.0,1.986,1.998,20269.7
2026-02-13 10:00:00+00:00,1.999,2.028,1.998,2.02,127559.0
2026-02-13 11:00:00+00:00,2.021,2.032,2.018,2.026,73005.5
2026-02-13 12:00:00+00:00,2.025,2.026,2.004,2.014,69939.09
2026-02-13 13:00:00+00:00,2.014,2.039,2.012,2.027,69956.14
2026-02-13 14:00:00+00:00,2.028,2.034,2.011,2.02,92203.34
2026-02-13 15:00:00+00:00,2.021,2.08,2.021,2.061,181497.59
2026-02-13 16:00:00+00:00,2.061,2.088,2.059,2.082,77376.1
2026-02-13 17:00:00+00:00,2.083,2.098,2.072,2.082,98191.71
2026-02-13 18:00:00+00:00,2.082,2.083,2.066,2.076,66019.74
2026-02-13 19:00:00+00:00,2.075,2.088,2.067,2.085,70857.13
2026-02-13 20:00:00+00:00,2.084,2.094,2.08,2.092,23430.87
2026-02-13 21:00:00+00:00,2.093,2.115,2.093,2.112,58737.99
2026-02-13 22:00:00+00:00,2.113,2.129,2.103,2.106,52021.48
2026-02-13 23:00:00+00:00,2.107,2.124,2.105,2.122,27359.78
2026-02-14 00:00:00+00:00,2.122,2.13,2.11,2.123,52646.06
2026-02-14 01:00:00+00:00,2.123,2.135,2.121,2.134,24431.14
2026-02-14 02:00:00+00:00,2.133,2.14,2.128,2.13,17206.98
2026-02-14 03:00:00+00:00,2.129,2.138,2.126,2.133,19548.11
2026-02-14 04:00:00+00:00,2.134,2.135,2.124,2.126,19622.92
2026-02-14 05:00:00+00:00,2.126,2.13,2.123,2.126,12352.8
2026-02-14 06:00:00+00:00,2.125,2.125,2.111,2.113,26159.47
2026-02-14 07:00:00+00:00,2.113,2.12,2.111,2.116,12832.86
2026-02-14 08:00:00+00:00,2.116,2.136,2.116,2.132,22819.64
2026-02-14 09:00:00+00:00,2.132,2.14,2.129,2.138,22421.56
2026-02-14 10:00:00+00:00,2.137,2.137,2.122,2.122,10301.85
2026-02-14 11:00:00+00:00,2.123,2.149,2.123,2.141,41422.17
2026-02-14 12:00:00+00:00,2.14,2.147,2.134,2.14,33781.03
2026-02-14 13:00:00+00:00,2.141,2.149,2.13,2.14,37114.98
2026-02-14 14:00:00+00:00,2.139,2.17,2.133,2.168,53804.57
2026-02-14 15:00:00+00:00,2.168,2.173,2.158,2.172,28215.31
2026-02-14 16:00:00+00:00,2.172,2.18,2.163,2.179,40266.72
2026-02-14 17:00:00+00:00,2.179,2.192,2.172,2.172,34699.83
2026-02-14 18:00:00+00:00,2.171,2.188,2.17,2.185,18426.63
2026-02-14 19:00:00+00:00,2.185,2.221,2.18,2.209,55085.21
2026-02-14 20:00:00+00:00,2.211,2.214,2.192,2.199,46611.91
2026-02-14 21:00:00+00:00,2.197,2.209,2.184,2.189,41647.78
2026-02-14 22:00:00+00:00,2.188,2.205,2.186,2.194,26151.99
2026-02-14 23:00:00+00:00,2.193,2.197,2.175,2.186,51658.97
2026-02-15 00:00:00+00:00,2.186,2.187,2.153,2.166,79790.8
2026-02-15 01:00:00+00:00,2.166,2.185,2.155,2.164,119600.83
2026-02-15 02:00:00+00:00,2.163,2.172,2.148,2.166,47032.4
2026-02-15 03:00:00+00:00,2.165,2.178,2.141,2.177,63487.73
2026-02-15 04:00:00+00:00,2.177,2.198,2.176,2.184,51477.54
2026-02-15 05:00:00+00:00,2.184,2.208,2.183,2.2,72549.99
2026-02-15 06:00:00+00:00,2.2,2.208,2.194,2.206,14580.69
2026-02-15 07:00:00+00:00,2.206,2.225,2.204,2.212,36900.78
2026-02-15 08:00:00+00:00,2.213,2.216,2.177,2.181,39703.06
2026-02-15 09:00:00+00:00,2.18,2.19,2.171,2.174,39642.17
2026-02-15 10:00:00+00:00,2.174,2.175,2.146,2.166,51466.26
2026-02-15 11:00:00+00:00,2.167,2.171,2.16,2.166,44112.25
2026-02-15 12:00:00+00:00,2.165,2.168,2.108,2.108,119552.27
2026-02-15 13:00:00+00:00,2.108,2.13,2.096,2.104,110172.99
2026-02-15 14:00:00+00:00,2.105,2.124,2.103,2.119,76433.01
2026-02-15 15:00:00+00:00,2.119,2.13,2.117,2.129,42306.38
2026-02-15 16:00:00+00:00,2.129,2.135,2.119,2.132,41844.04
2026-02-15 17:00:00+00:00,2.132,2.133,2.1,2.118,55178.91
2026-02-15 18:00:00+00:00,2.118,2.126,2.104,2.111,31400.49
2026-02-15 19:00:00+00:00,2.111,2.127,2.102,2.124,51023.42
2026-02-15 20:00:00+00:00,2.123,2.13,2.114,2.118,38360.8
2026-02-15 21:00:00+00:00,2.119,2.126,2.117,2.118,16587.76
2026-02-15 22:00:00+00:00,2.118,2.127,2.116,2.127,9650.33
2026-02-15 23:00:00+00:00,2.127,2.142,2.115,2.137,29183.66
2026-02-16 00:00:00+00:00,2.138,2.149,2.129,2.134,29835.47
2026-02-16 01:00:00+00:00,2.134,2.143,2.127,2.132,18942.51
2026-02-16 02:00:00+00:00,2.131,2.136,2.126,2.134,7541.97
2026-02-16 03:00:00+00:00,2.134,2.146,2.133,2.145,8905.4
2026-02-16 04:00:00+00:00,2.144,2.156,2.144,2.146,22499.86
2026-02-16 05:00:00+00:00,2.146,2.149,2.113,2.114,41775.11
2026-02-16 06:00:00+00:00,2.114,2.143,2.114,2.138,89793.05
2026-02-16 07:00:00+00:00,2.137,2.139,2.126,2.134,19006.29
2026-02-16 08:00:00+00:00,2.134,2.153,2.132,2.146,68568.16
2026-02-16 09:00:00+00:00,2.146,2.16,2.141,2.153,54445.59
2026-02-16 10:00:00+00:00,2.152,2.166,2.151,2.157,85652.33
2026-02-16 11:00:00+00:00,2.157,2.186,2.15,2.185,194908.8
2026-02-16 12:00:00+00:00,2.185,2.245,2.178,2.232,346442.16
2026-02-16 13:00:00+00:00,2.233,2.258,2.192,2.199,278274.15
2026-02-16 14:00:00+00:00,2.198,2.216,2.191,2.193,147384.71
2026-02-16 15:00:00+00:00,2.192,2.208,2.165,2.195,159346.91
2026-02-16 16:00:00+00:00,2.196,2.247,2.196,2.224,208820.82
2026-02-16 17:00:00+00:00,2.223,2.233,2.201,2.218,70653.65
2026-02-16 18:00:00+00:00,2.218,2.235,2.215,2.223,83676.87
2026-02-16 19:00:00+00:00,2.223,2.265,2.222,2.262,108643.08
2026-02-16 20:00:00+00:00,2.262,2.283,2.227,2.236,347975.34
2026-02-16 21:00:00+00:00,2.235,2.279,2.23,2.278,91774.52
2026-02-16 22:00:00+00:00,2.277,2.322,2.273,2.312,230335.23
2026-02-16 23:00:00+00:00,2.311,2.311,2.284,2.292,51086.71
2026-02-17 00:00:00+00:00,2.294,2.309,2.269,2.274,133935.04
2026-02-17 01:00:00+00:00,2.274,2.309,2.27,2.271,89748.61
2026-02-17 02:00:00+00:00,2.27,2.279,2.257,2.276,34997.06
2026-02-17 03:00:00+00:00,2.277,2.282,2.271,2.277,20062.01
2026-02-17 04:00:00+00:00,2.276,2.3,2.273,2.291,42471.83
2026-02-17 05:00:00+00:00,2.293,2.295,2.263,2.282,57713.93
2026-02-17 06:00:00+00:00,2.283,2.301,2.283,2.294,47663.24
2026-02-17 07:00:00+00:00,2.294,2.309,2.27,2.27,79976.02
2026-02-17 08:00:00+00:00,2.271,2.274,2.246,2.258,75299.22
2026-02-17 09:00:00+00:00,2.257,2.263,2.243,2.258,89821.91
2026-02-17 10:00:00+00:00,2.259,2.26,2.223,2.232,61340.4
2026-02-17 11:00:00+00:00,2.232,2.245,2.229,2.241,67446.09
2026-02-17 12:00:00+00:00,2.24,2.264,2.238,2.255,68831.83
2026-02-17 13:00:00+00:00,2.256,2.317,2.256,2.304,345029.7
2026-02-17 14:00:00+00:00,2.304,2.304,2.251,2.252,170400.59
2026-02-17 15:00:00+00:00,2.253,2.3,2.244,2.283,181916.4
2026-02-17 16:00:00+00:00,2.283,2.332,2.262,2.265,171320.98
2026-02-17 17:00:00+00:00,2.264,2.268,2.24,2.249,92786.51
2026-02-17 18:00:00+00:00,2.248,2.275,2.242,2.265,82902.59
2026-02-17 19:00:00+00:00,2.266,2.266,2.236,2.238,61076.83
2026-02-17 20:00:00+00:00,2.238,2.249,2.228,2.234,54374.09
2026-02-17 21:00:00+00:00,2.234,2.241,2.226,2.231,36613.95
2026-02-17 22:00:00+00:00,2.23,2.25,2.224,2.239,28970.82
2026-02-17 23:00:00+00:00,2.239,2.243,2.225,2.242,22852.38
2026-02-18 00:00:00+00:00,2.241,2.252,2.212,2.217,94569.68
2026-02-18 01:00:00+00:00,2.217,2.239,2.215,2.235,49665.68
2026-02-18 02:00:00+00:00,2.236,2.285,2.236,2.278,75230.5
2026-02-18 03:00:00+00:00,2.277,2.282,2.264,2.277,26331.88
2026-02-18 04:00:00+00:00,2.278,2.281,2.27,2.272,20360.37
2026-02-18 05:00:00+00:00,2.274,2.297,2.274,2.293,29697.64
2026-02-18 06:00:00+00:00,2.294,2.309,2.28,2.286,64662.47
2026-02-18 07:00:00+00:00,2.287,2.313,2.287,2.303,124720.66
2026-02-18 08:00:00+00:00,2.303,2.307,2.291,2.3,42991.41
2026-02-18 09:00:00+00:00,2.3,2.338,2.296,2.317,166489.8
2026-02-18 10:00:00+00:00,2.316,2.318,2.285,2.295,130654.36
2026-02-18 11:00:00+00:00,2.294,2.306,2.281,2.303,92406.82
2026-02-18 12:00:00+00:00,2.303,2.305,2.279,2.283,62620.52
2026-02-18 13:00:00+00:00,2.282,2.362,2.275,2.356,328596.38
2026-02-18 14:00:00+00:00,2.355,2.387,2.334,2.365,576477.08
2026-02-18 15:00:00+00:00,2.366,2.448,2.364,2.435,363766.85
2026-02-18 16:00:00+00:00,2.435,2.512,2.425,2.464,465333.51
2026-02-18 17:00:00+00:00,2.464,2.508,2.428,2.45,256609.41
2026-02-18 18:00:00+00:00,2.451,2.468,2.401,2.401,143029.7
2026-02-18 19:00:00+00:00,2.401,2.41,2.364,2.381,117628.14
2026-02-18 20:00:00+00:00,2.381,2.432,2.38,2.39,217303.53
2026-02-18 21:00:00+00:00,2.391,2.392,2.347,2.35,99211.75
2026-02-18 22:00:00+00:00,2.351,2.353,2.319,2.324,80215.32
2026-02-18 23:00:00+00:00,2.323,2.346,2.302,2.346,100131.15
2026-02-19 00:00:00+00:00,2.346,2.355,2.315,2.316,73984.03
2026-02-19 01:00:00+00:00,2.316,2.344,2.316,2.331,42751.86
2026-02-19 02:00:00+00:00,2.331,2.337,2.32,2.336,17600.66
2026-02-19 03:00:00+00:00,2.336,2.356,2.327,2.346,57774.15
2026-02-19 04:00:00+00:00,2.345,2.367,2.331,2.355,121702.31
2026-02-19 05:00:00+00:00,2.356,2.357,2.335,2.345,48332.76
2026-02-19 06:00:00+00:00,2.344,2.362,2.335,2.339,71618.69
2026-02-19 07:00:00+00:00,2.339,2.355,2.328,2.351,63174.18
2026-02-19 08:00:00+00:00,2.351,2.351,2.305,2.314,107880.87
2026-02-19 09:00:00+00:00,2.313,2.322,2.304,2.318,44924.79
2026-02-19 10:00:00+00:00,2.317,2.328,2.308,2.317,86185.25
2026-02-19 11:00:00+00:00,2.317,2.322,2.311,2.318,37161.28
2026-02-19 12:00:00+00:00,2.318,2.333,2.313,2.323,77524.78
2026-02-19 13:00:00+00:00,2.324,2.331,2.286,2.304,118862.79
2026-02-19 14:00:00+00:00,2.305,2.31,2.281,2.292,145863.32
2026-02-19 15:00:00+00:00,2.291,2.341,2.28,2.332,186961.43
2026-02-19 16:00:00+00:00,2.331,2.333,2.286,2.286,180335.68
2026-02-19 17:00:00+00:00,2.285,2.317,2.277,2.291,56963.24
2026-02-19 18:00:00+00:00,2.29,2.307,2.288,2.303,29874.96
2026-02-19 19:00:00+00:00,2.303,2.309,2.267,2.273,65124.54
2026-02-19 20:00:00+00:00,2.273,2.29,2.27,2.272,61615.81
2026-02-19 21:00:00+00:00,2.273,2.285,2.27,2.274,56695.47
2026-02-19 22:00:00+00:00,2.275,2.289,2.27,2.289,18466.52
2026-02-19 23:00:00+00:00,2.289,2.299,2.282,2.292,39853.52
2026-02-20 00:00:00+00:00,2.291,2.305,2.283,2.296,41492.95
2026-02-20 01:00:00+00:00,2.297,2.306,2.283,2.284,54666.22
2026-02-20 02:00:00+00:00,2.285,2.288,2.271,2.274,33541.34
2026-02-20 03:00:00+00:00,2.274,2.282,2.274,2.28,11474.02
2026-02-20 04:00:00+00:00,2.279,2.279,2.258,2.275,38945.91
2026-02-20 05:00:00+00:00,2.276,2.291,2.262,2.282,31003.6
2026-02-20 06:00:00+00:00,2.283,2.285,2.266,2.272,21194.84
2026-02-20 07:00:00+00:00,2.273,2.28,2.264,2.272,28775.09
2026-02-20 08:00:00+00:00,2.272,2.288,2.27,2.286,57289.49
2026-02-20 09:00:00+00:00,2.287,2.329,2.287,2.328,179110.01
2026-02-20 10:00:00+00:00,2.327,2.339,2.313,2.316,80651.64
2026-02-20 11:00:00+00:00,2.317,2.325,2.301,2.31,56037.45
2026-02-20 12:00:00+00:00,2.311,2.359,2.301,2.355,140187.34
2026-02-20 13:00:00+00:00,2.355,2.374,2.328,2.331,239974.24
2026-02-20 14:00:00+00:00,2.332,2.383,2.322,2.363,169110.51
2026-02-20 15:00:00+00:00,2.363,2.392,2.335,2.361,204724.45
2026-02-20 16:00:00+00:00,2.362,2.389,2.353,2.383,172612.02
2026-02-20 17:00:00+00:00,2.382,2.382,2.341,2.378,82354.11
2026-02-20 18:00:00+00:00,2.379,2.382,2.347,2.35,69720.2
2026-02-20 19:00:00+00:00,2.35,2.354,2.332,2.348,39829.31
2026-02-20 20:00:00+00:00,2.348,2.354,2.334,2.34,21854.48
2026-02-20 21:00:00+00:00,2.34,2.357,2.339,2.357,14825.83
2026-02-20 22:00:00+00:00,2.356,2.358,2.343,2.348,42226.18
2026-02-20 23:00:00+00:00,2.348,2.361,2.342,2.358,15970.56
2026-02-21 00:00:00+00:00,2.358,2.36,2.343,2.354,41971.26
2026-02-21 01:00:00+00:00,2.355,2.384,2.355,2.379,38745.0
2026-02-21 02:00:00+00:00,2.38,2.41,2.371,2.392,180380.27
2026-02-21 03:00:00+00:00,2.391,2.409,2.38,2.408,110414.69
2026-02-21 04:00:00+00:00,2.409,2.413,2.398,2.404,31037.8
2026-02-21 05:00:00+00:00,2.403,2.413,2.381,2.383,89415.38
2026-02-21 06:00:00+00:00,2.385,2.387,2.362,2.37,46592.76
2026-02-21 07:00:00+00:00,2.37,2.384,2.366,2.38,37904.75
2026-02-21 08:00:00+00:00,2.379,2.395,2.371,2.392,68007.67
2026-02-21 09:00:00+00:00,2.391,2.398,2.381,2.383,32668.97
2026-02-21 10:00:00+00:00,2.383,2.393,2.375,2.377,20996.59
2026-02-21 11:00:00+00:00,2.378,2.386,2.357,2.361,43990.91
2026-02-21 12:00:00+00:00,2.36,2.365,2.351,2.356,33761.71
2026-02-21 13:00:00+00:00,2.356,2.359,2.347,2.355,22025.26
2026-02-21 14:00:00+00:00,2.354,2.369,2.343,2.344,67917.5
2026-02-21 15:00:00+00:00,2.345,2.358,2.337,2.35,35183.44
2026-02-21 16:00:00+00:00,2.351,2.352,2.333,2.335,14082.22
2026-02-21 17:00:00+00:00,2.334,2.338,2.325,2.327,32334.63
2026-02-21 18:00:00+00:00,2.328,2.346,2.324,2.346,43856.82
2026-02-21 19:00:00+00:00,2.346,2.346,2.327,2.33,31392.21
2026-02-21 20:00:00+00:00,2.33,2.334,2.316,2.318,25218.16
2026-02-21 21:00:00+00:00,2.317,2.328,2.315,2.326,12564.9
2026-02-21 22:00:00+00:00,2.326,2.327,2.313,2.323,21653.28
2026-02-21 23:00:00+00:00,2.323,2.326,2.306,2.314,28934.14
2026-02-22 00:00:00+00:00,2.314,2.315,2.297,2.314,92061.86
2026-02-22 01:00:00+00:00,2.315,2.319,2.299,2.306,24343.27
2026-02-22 02:00:00+00:00,2.305,2.309,2.287,2.292,27087.19
2026-02-22 03:00:00+00:00,2.292,2.293,2.284,2.29,31581.48
2026-02-22 04:00:00+00:00,2.29,2.29,2.279,2.282,10283.83
2026-02-22 05:00:00+00:00,2.283,2.292,2.283,2.292,10173.73
2026-02-22 06:00:00+00:00,2.293,2.304,2.283,2.295,34761.31
2026-02-22 07:00:00+00:00,2.296,2.315,2.292,2.313,50423.98
2026-02-22 08:00:00+00:00,2.314,2.315,2.285,2.291,50167.15
2026-02-22 09:00:00+00:00,2.29,2.306,2.289,2.304,25167.33
2026-02-22 10:00:00+00:00,2.304,2.304,2.287,2.289,40329.48
2026-02-22 11:00:00+00:00,2.29,2.292,2.275,2.278,57790.53
2026-02-22 12:00:00+00:00,2.278,2.279,2.262,2.27,39561.48
2026-02-22 13:00:00+00:00,2.27,2.271,2.257,2.26,29534.78
2026-02-22 14:00:00+00:00,2.261,2.267,2.237,2.251,193715.56
2026-02-22 15:00:00+00:00,2.252,2.272,2.243,2.263,56369.4
2026-02-22 16:00:00+00:00,2.263,2.265,2.253,2.262,31014.54
2026-02-22 17:00:00+00:00,2.262,2.27,2.252,2.255,26717.98
2026-02-22 18:00:00+00:00,2.255,2.26,2.249,2.25,28224.16
2026-02-22 19:00:00+00:00,2.25,2.251,2.239,2.248,26337.2
2026-02-22 20:00:00+00:00,2.247,2.251,2.237,2.239,15453.64
2026-02-22 21:00:00+00:00,2.24,2.248,2.23,2.237,64360.63
2026-02-22 22:00:00+00:00,2.236,2.256,2.236,2.252,26604.51
2026-02-22 23:00:00+00:00,2.253,2.254,2.244,2.25,24346.09
2026-02-23 00:00:00+00:00,2.25,2.253,2.225,2.23,52076.62
2026-02-23 01:00:00+00:00,2.23,2.231,2.166,2.171,329721.33
2026-02-23 02:00:00+00:00,2.17,2.193,2.168,2.19,138779.2
2026-02-23 03:00:00+00:00,2.191,2.203,2.189,2.2,75107.72
2026-02-23 04:00:00+00:00,2.2,2.206,2.183,2.183,46963.94
2026-02-23 05:00:00+00:00,2.184,2.202,2.182,2.197,37340.78
2026-02-23 06:00:00+00:00,2.197,2.228,2.195,2.224,87533.34
2026-02-23 07:00:00+00:00,2.223,2.229,2.202,2.206,81522.33
2026-02-23 08:00:00+00:00,2.205,2.211,2.192,2.2,72807.38
2026-02-23 09:00:00+00:00,2.2,2.237,2.2,2.233,105755.97
2026-02-23 10:00:00+00:00,2.234,2.241,2.224,2.234,47947.39
2026-02-23 11:00:00+00:00,2.233,2.253,2.232,2.24,84028.25
2026-02-23 12:00:00+00:00,2.24,2.255,2.224,2.224,123190.15
2026-02-23 13:00:00+00:00,2.224,2.224,2.164,2.18,232098.99
2026-02-23 14:00:00+00:00,2.179,2.181,2.161,2.166,66685.22
2026-02-23 15:00:00+00:00,2.167,2.172,2.149,2.156,73460.14
2026-02-23 16:00:00+00:00,2.156,2.156,2.137,2.143,80409.11
2026-02-23 17:00:00+00:00,2.143,2.149,2.117,2.139,96125.02
2026-02-23 18:00:00+00:00,2.139,2.149,2.126,2.127,40712.46
2026-02-23 19:00:00+00:00,2.127,2.129,2.114,2.118,37017.06
2026-02-23 20:00:00+00:00,2.118,2.132,2.112,2.131,24327.82
2026-02-23 21:00:00+00:00,2.132,2.136,2.117,2.118,30026.38
2026-02-23 22:00:00+00:00,2.118,2.134,2.116,2.122,22780.05
2026-02-23 23:00:00+00:00,2.122,2.126,2.116,2.12,14155.81
2026-02-24 00:00:00+00:00,2.12,2.148,2.12,2.132,58402.44
2026-02-24 01:00:00+00:00,2.132,2.133,2.097,2.104,84969.61
2026-02-24 02:00:00+00:00,2.103,2.116,2.093,2.094,44632.25
2026-02-24 03:00:00+00:00,2.094,2.109,2.085,2.105,45270.68
2026-02-24 04:00:00+00:00,2.106,2.108,2.081,2.088,55295.2
2026-02-24 05:00:00+00:00,2.088,2.093,2.073,2.074,44658.22
2026-02-24 06:00:00+00:00,2.075,2.076,2.056,2.057,59409.28
2026-02-24 07:00:00+00:00,2.057,2.061,2.046,2.059,57878.07
2026-02-24 08:00:00+00:00,2.059,2.069,2.051,2.069,34387.23
2026-02-24 09:00:00+00:00,2.07,2.07,2.04,2.043,93298.08
2026-02-24 10:00:00+00:00,2.043,2.052,2.039,2.044,85961.46
2026-02-24 11:00:00+00:00,2.044,2.044,2.03,2.035,68449.72
2026-02-24 12:00:00+00:00,2.035,2.048,2.032,2.04,55579.94
2026-02-24 13:00:00+00:00,2.039,2.041,2.02,2.032,136132.24
2026-02-24 14:00:00+00:00,2.031,2.077,2.025,2.07,168024.12
2026-02-24 15:00:00+00:00,2.071,2.076,2.039,2.04,81310.3
2026-02-24 16:00:00+00:00,2.04,2.055,2.038,2.052,45044.79
2026-02-24 17:00:00+00:00,2.051,2.051,2.027,2.028,49153.35
2026-02-24 18:00:00+00:00,2.028,2.033,2.009,2.016,86588.55
2026-02-24 19:00:00+00:00,2.016,2.021,2.0,2.006,65278.89
2026-02-24 20:00:00+00:00,2.007,2.008,1.986,1.988,63976.25
2026-02-24 21:00:00+00:00,1.99,2.005,1.988,2.002,31297.81
2026-02-24 22:00:00+00:00,2.002,2.005,1.986,1.987,43568.59
2026-02-24 23:00:00+00:00,1.987,2.004,1.98,1.992,69889.49
2026-02-25 00:00:00+00:00,1.993,2.023,1.988,2.023,88016.52
2026-02-25 01:00:00+00:00,2.023,2.094,2.023,2.085,195266.19
2026-02-25 02:00:00+00:00,2.084,2.095,2.079,2.079,46288.41
2026-02-25 03:00:00+00:00,2.08,2.083,2.056,2.063,48062.73
2026-02-25 04:00:00+00:00,2.064,2.068,2.051,2.064,41795.95
2026-02-25 05:00:00+00:00,2.063,2.063,2.034,2.039,50330.36
2026-02-25 06:00:00+00:00,2.039,2.046,2.026,2.027,42201.54
2026-02-25 07:00:00+00:00,2.028,2.041,2.028,2.036,20543.56
2026-02-25 08:00:00+00:00,2.037,2.043,2.028,2.043,39372.85
2026-02-25 09:00:00+00:00,2.042,2.057,2.042,2.057,50043.92
2026-02-25 10:00:00+00:00,2.057,2.063,2.047,2.055,49341.25
2026-02-25 11:00:00+00:00,2.055,2.077,2.05,2.073,74946.69
2026-02-25 12:00:00+00:00,2.072,2.089,2.061,2.085,106598.92
2026-02-25 13:00:00+00:00,2.086,2.096,2.074,2.074,89904.09
2026-02-25 14:00:00+00:00,2.074,2.091,2.069,2.09,53180.75
2026-02-25 15:00:00+00:00,2.091,2.12,2.087,2.093,149008.12
2026-02-25 16:00:00+00:00,2.093,2.107,2.067,2.101,283062.48
2026-02-25 17:00:00+00:00,2.1,2.112,2.076,2.087,264872.3
2026-02-25 18:00:00+00:00,2.086,2.087,2.055,2.071,161275.15
2026-02-25 19:00:00+00:00,2.071,2.09,2.058,2.084,143135.76
2026-02-25 20:00:00+00:00,2.085,2.09,1.978,2.009,639992.3
2026-02-25 21:00:00+00:00,2.009,2.02,1.976,1.988,961315.27
2026-02-25 22:00:00+00:00,1.989,2.009,1.958,1.972,513492.25
2026-02-25 23:00:00+00:00,1.972,1.976,1.928,1.942,247355.01
2026-02-26 00:00:00+00:00,1.941,1.959,1.933,1.953,174301.52
2026-02-26 01:00:00+00:00,1.953,1.984,1.941,1.942,184369.1
2026-02-26 02:00:00+00:00,1.944,1.96,1.931,1.949,154938.65
2026-02-26 03:00:00+00:00,1.95,1.952,1.935,1.947,122729.36
2026-02-26 04:00:00+00:00,1.946,1.956,1.935,1.947,121830.2
2026-02-26 05:00:00+00:00,1.947,1.948,1.92,1.934,166987.49
2026-02-26 06:00:00+00:00,1.933,1.947,1.93,1.941,100920.43
2026-02-26 07:00:00+00:00,1.941,1.947,1.924,1.928,128133.18
2026-02-26 08:00:00+00:00,1.929,1.93,1.907,1.907,233139.77
2026-02-26 09:00:00+00:00,1.909,1.942,1.907,1.934,75171.88
2026-02-26 10:00:00+00:00,1.936,1.937,1.915,1.923,137237.29
2026-02-26 11:00:00+00:00,1.923,1.927,1.896,1.905,241288.35
2026-02-26 12:00:00+00:00,1.906,1.922,1.9,1.919,122682.92
2026-02-26 13:00:00+00:00,1.92,1.929,1.905,1.916,119142.61
2026-02-26 14:00:00+00:00,1.916,1.923,1.898,1.907,173629.78
2026-02-26 15:00:00+00:00,1.907,1.91,1.86,1.873,339540.24
2026-02-26 16:00:00+00:00,1.872,1.874,1.828,1.835,306196.38
2026-02-26 17:00:00+00:00,1.834,1.848,1.825,1.84,293991.34
2026-02-26 18:00:00+00:00,1.84,1.848,1.827,1.84,229061.37
2026-02-26 19:00:00+00:00,1.839,1.853,1.831,1.847,199412.45
2026-02-26 20:00:00+00:00,1.846,1.853,1.838,1.847,87249.72
2026-02-26 21:00:00+00:00,1.847,1.888,1.846,1.877,181553.16
2026-02-26 22:00:00+00:00,1.876,1.883,1.865,1.876,79704.34
2026-02-26 23:00:00+00:00,1.877,1.89,1.868,1.879,68659.54
2026-02-27 00:00:00+00:00,1.88,1.893,1.871,1.892,97828.32
2026-02-27 01:00:00+00:00,1.892,1.914,1.888,1.909,94419.68
2026-02-27 02:00:00+00:00,1.91,1.921,1.899,1.903,59066.09
2026-02-27 03:00:00+00:00,1.904,1.917,1.901,1.913,34730.01
2026-02-27 04:00:00+00:00,1.913,1.941,1.906,1.909,90068.11
2026-02-27 05:00:00+00:00,1.909,1.91,1.9,1.908,41075.73
2026-02-27 06:00:00+00:00,1.908,1.913,1.893,1.902,56988.93
2026-02-27 07:00:00+00:00,1.901,1.912,1.897,1.903,93435.74
2026-02-27 08:00:00+00:00,1.902,1.93,1.902,1.926,117017.79
2026-02-27 09:00:00+00:00,1.927,1.93,1.902,1.914,80392.29
2026-02-27 10:00:00+00:00,1.913,1.927,1.904,1.907,90839.39
2026-02-27 11:00:00+00:00,1.908,1.91,1.872,1.876,144600.13
2026-02-27 12:00:00+00:00,1.875,1.895,1.871,1.885,194431.05
2026-02-27 13:00:00+00:00,1.885,1.893,1.862,1.875,79122.47
2026-02-27 14:00:00+00:00,1.874,1.889,1.873,1.88,48258.55
2026-02-27 15:00:00+00:00,1.88,1.897,1.863,1.866,131184.51
2026-02-27 16:00:00+00:00,1.865,1.889,1.852,1.873,166346.89
2026-02-27 17:00:00+00:00,1.872,1.874,1.839,1.865,263579.15
2026-02-27 18:00:00+00:00,1.865,1.868,1.856,1.856,61693.46
2026-02-27 19:00:00+00:00,1.856,1.858,1.841,1.848,23279.98
2026-02-27 20:00:00+00:00,1.848,1.858,1.844,1.847,34604.08
2026-02-27 21:00:00+00:00,1.847,1.851,1.833,1.837,99782.49
2026-02-27 22:00:00+00:00,1.838,1.846,1.817,1.844,116670.85
2026-02-27 23:00:00+00:00,1.846,1.856,1.845,1.849,38383.5
2026-02-28 00:00:00+00:00,1.85,1.855,1.844,1.848,33167.48
2026-02-28 01:00:00+00:00,1.847,1.849,1.83,1.833,29696.71
2026-02-28 02:00:00+00:00,1.832,1.851,1.828,1.848,40030.56
2026-02-28 03:00:00+00:00,1.847,1.849,1.833,1.842,51848.57
2026-02-28 04:00:00+00:00,1.841,1.848,1.838,1.848,27586.13
2026-02-28 05:00:00+00:00,1.848,1.855,1.834,1.841,52982.17
2026-02-28 06:00:00+00:00,1.84,1.842,1.788,1.792,208502.72
2026-02-28 07:00:00+00:00,1.791,1.837,1.782,1.811,127920.84
2026-02-28 08:00:00+00:00,1.81,1.814,1.774,1.781,220047.06
2026-02-28 09:00:00+00:00,1.781,1.794,1.773,1.78,73805.07
2026-02-28 10:00:00+00:00,1.779,1.795,1.769,1.785,96008.55
2026-02-28 11:00:00+00:00,1.786,1.801,1.776,1.78,99096.94
2026-02-28 12:00:00+00:00,1.78,1.798,1.78,1.791,83005.44
2026-02-28 13:00:00+00:00,1.79,1.809,1.767,1.807,189171.83
2026-02-28 14:00:00+00:00,1.808,1.816,1.795,1.798,115715.48
2026-02-28 15:00:00+00:00,1.799,1.806,1.785,1.796,126558.8
2026-02-28 16:00:00+00:00,1.796,1.796,1.781,1.793,126546.74
2026-02-28 17:00:00+00:00,1.793,1.809,1.786,1.806,104965.36
2026-02-28 18:00:00+00:00,1.805,1.843,1.803,1.832,84199.2
2026-02-28 19:00:00+00:00,1.833,1.851,1.821,1.837,95673.57
2026-02-28 20:00:00+00:00,1.836,1.856,1.835,1.853,63976.17
2026-02-28 21:00:00+00:00,1.852,1.853,1.83,1.838,89513.53
2026-02-28 22:00:00+00:00,1.839,1.862,1.839,1.852,66077.81
2026-02-28 23:00:00+00:00,1.85,1.853,1.839,1.849,80526.05
2026-03-01 00:00:00+00:00,1.848,1.853,1.831,1.835,80653.05
2026-03-01 01:00:00+00:00,1.834,1.867,1.821,1.858,142216.3
2026-03-01 02:00:00+00:00,1.859,1.885,1.859,1.871,175751.91
2026-03-01 03:00:00+00:00,1.87,1.87,1.847,1.851,90463.78
2026-03-01 04:00:00+00:00,1.852,1.859,1.84,1.859,37681.26
2026-03-01 05:00:00+00:00,1.859,1.866,1.855,1.864,20976.95
2026-03-01 06:00:00+00:00,1.864,1.866,1.849,1.854,38852.1
2026-03-01 07:00:00+00:00,1.853,1.859,1.844,1.852,55018.23
2026-03-01 08:00:00+00:00,1.853,1.861,1.837,1.839,89706.47
2026-03-01 09:00:00+00:00,1.84,1.851,1.823,1.835,62502.89
2026-03-01 10:00:00+00:00,1.837,1.846,1.83,1.835,56003.21
2026-03-01 11:00:00+00:00,1.836,1.839,1.823,1.831,30958.59
2026-03-01 12:00:00+00:00,1.83,1.833,1.813,1.815,49443.72
2026-03-01 13:00:00+00:00,1.816,1.836,1.799,1.825,99244.95
2026-03-01 14:00:00+00:00,1.825,1.837,1.812,1.818,82300.49
2026-03-01 15:00:00+00:00,1.819,1.828,1.815,1.816,28295.51
2026-03-01 16:00:00+00:00,1.814,1.831,1.791,1.807,85426.28
2026-03-01 17:00:00+00:00,1.806,1.806,1.788,1.794,46229.33
2026-03-01 18:00:00+00:00,1.795,1.813,1.794,1.796,47505.35
2026-03-01 19:00:00+00:00,1.796,1.796,1.777,1.786,71173.64
2026-03-01 20:00:00+00:00,1.786,1.786,1.763,1.771,82369.36
2026-03-01 21:00:00+00:00,1.772,1.788,1.765,1.778,57377.35
2026-03-01 22:00:00+00:00,1.778,1.807,1.778,1.786,77435.71
2026-03-01 23:00:00+00:00,1.787,1.808,1.785,1.799,20962.86
2026-03-02 00:00:00+00:00,1.799,1.811,1.792,1.806,44226.13
2026-03-02 01:00:00+00:00,1.806,1.823,1.804,1.81,20354.32
2026-03-02 02:00:00+00:00,1.811,1.818,1.795,1.809,37315.82
2026-03-02 03:00:00+00:00,1.81,1.819,1.801,1.818,40156.15
2026-03-02 04:00:00+00:00,1.818,1.831,1.817,1.829,84680.72
2026-03-02 05:00:00+00:00,1.829,1.836,1.818,1.818,67267.04
2026-03-02 06:00:00+00:00,1.818,1.828,1.805,1.825,40212.86
2026-03-02 07:00:00+00:00,1.825,1.831,1.811,1.824,78181.19
2026-03-02 08:00:00+00:00,1.824,1.825,1.791,1.803,159315.35
2026-03-02 09:00:00+00:00,1.802,1.818,1.801,1.802,50698.57
2026-03-02 10:00:00+00:00,1.802,1.807,1.796,1.803,43933.37
2026-03-02 11:00:00+00:00,1.801,1.814,1.783,1.804,186229.65
2026-03-02 12:00:00+00:00,1.805,1.805,1.792,1.796,46174.74
2026-03-02 13:00:00+00:00,1.797,1.805,1.791,1.799,67823.17
2026-03-02 14:00:00+00:00,1.801,1.837,1.797,1.831,157592.97
2026-03-02 15:00:00+00:00,1.832,1.874,1.828,1.856,179472.31
2026-03-02 16:00:00+00:00,1.857,1.868,1.84,1.847,174071.24
2026-03-02 17:00:00+00:00,1.848,1.865,1.835,1.865,151386.55
2026-03-02 18:00:00+00:00,1.865,1.881,1.853,1.857,98129.47
2026-03-02 19:00:00+00:00,1.857,1.859,1.842,1.856,88228.47
2026-03-02 20:00:00+00:00,1.857,1.865,1.847,1.854,57437.39
2026-03-02 21:00:00+00:00,1.853,1.857,1.847,1.849,24373.78
2026-03-02 22:00:00+00:00,1.849,1.861,1.849,1.859,26889.31
2026-03-02 23:00:00+00:00,1.858,1.858,1.839,1.843,47752.75
2026-03-03 00:00:00+00:00,1.843,1.847,1.834,1.841,55928.76
2026-03-03 01:00:00+00:00,1.842,1.854,1.838,1.847,25656.96
2026-03-03 02:00:00+00:00,1.846,1.85,1.835,1.846,52886.64
2026-03-03 03:00:00+00:00,1.846,1.853,1.838,1.851,26023.65
2026-03-03 04:00:00+00:00,1.852,1.856,1.836,1.839,28707.46
2026-03-03 05:00:00+00:00,1.839,1.854,1.831,1.835,33635.81
2026-03-03 06:00:00+00:00,1.834,1.84,1.823,1.827,37258.38
2026-03-03 07:00:00+00:00,1.826,1.835,1.823,1.835,45165.31
2026-03-03 08:00:00+00:00,1.834,1.836,1.8,1.802,249698.47
2026-03-03 09:00:00+00:00,1.802,1.815,1.794,1.802,147013.64
2026-03-03 10:00:00+00:00,1.801,1.801,1.79,1.798,73817.28
2026-03-03 11:00:00+00:00,1.799,1.8,1.787,1.799,74474.88
2026-03-03 12:00:00+00:00,1.798,1.811,1.782,1.789,861110.22
2026-03-03 13:00:00+00:00,1.79,1.79,1.776,1.782,98340.71
2026-03-03 14:00:00+00:00,1.781,1.796,1.765,1.778,70699.61
2026-03-03 15:00:00+00:00,1.778,1.799,1.772,1.793,63603.22
2026-03-03 16:00:00+00:00,1.793,1.829,1.788,1.81,154995.44
2026-03-03 17:00:00+00:00,1.81,1.816,1.791,1.811,92341.69
2026-03-03 18:00:00+00:00,1.812,1.827,1.805,1.814,81742.43
2026-03-03 19:00:00+00:00,1.815,1.821,1.806,1.816,35157.68
2026-03-03 20:00:00+00:00,1.815,1.819,1.803,1.808,18834.18
2026-03-03 21:00:00+00:00,1.808,1.808,1.794,1.808,38323.77
2026-03-03 22:00:00+00:00,1.807,1.819,1.806,1.815,30431.99
2026-03-03 23:00:00+00:00,1.816,1.826,1.812,1.814,55436.98
2026-03-04 00:00:00+00:00,1.815,1.82,1.806,1.818,34884.36
2026-03-04 01:00:00+00:00,1.817,1.829,1.811,1.82,57085.88
2026-03-04 02:00:00+00:00,1.821,1.832,1.818,1.83,68643.91
2026-03-04 03:00:00+00:00,1.832,1.835,1.807,1.821,42617.15
2026-03-04 04:00:00+00:00,1.821,1.823,1.811,1.82,40114.09
2026-03-04 05:00:00+00:00,1.819,1.828,1.815,1.824,40704.49
2026-03-04 06:00:00+00:00,1.824,1.84,1.82,1.835,35501.73
2026-03-04 07:00:00+00:00,1.834,1.852,1.831,1.851,65084.91
2026-03-04 08:00:00+00:00,1.851,1.897,1.849,1.893,217703.27
2026-03-04 09:00:00+00:00,1.894,1.927,1.888,1.903,213134.23
2026-03-04 10:00:00+00:00,1.903,1.906,1.869,1.879,141216.51
2026-03-04 11:00:00+00:00,1.879,1.882,1.846,1.858,58705.71
2026-03-04 12:00:00+00:00,1.856,1.858,1.838,1.849,96420.84
2026-03-04 13:00:00+00:00,1.849,1.862,1.849,1.859,41112.63
2026-03-04 14:00:00+00:00,1.859,1.894,1.858,1.867,187898.35
2026-03-04 15:00:00+00:00,1.867,1.898,1.867,1.897,170838.99
2026-03-04 16:00:00+00:00,1.898,1.902,1.882,1.884,88791.67
2026-03-04 17:00:00+00:00,1.884,1.891,1.872,1.882,84662.51
2026-03-04 18:00:00+00:00,1.882,1.888,1.871,1.887,52787.38
2026-03-04 19:00:00+00:00,1.888,1.906,1.885,1.901,92820.97
2026-03-04 20:00:00+00:00,1.901,1.903,1.891,1.894,76984.84
2026-03-04 21:00:00+00:00,1.895,1.903,1.888,1.903,49810.83
2026-03-04 22:00:00+00:00,1.902,1.906,1.877,1.88,77706.42
2026-03-04 23:00:00+00:00,1.879,1.884,1.861,1.879,81580.78
2026-03-05 00:00:00+00:00,1.879,1.88,1.866,1.877,79869.94
2026-03-05 01:00:00+00:00,1.877,1.889,1.867,1.87,40022.89
2026-03-05 02:00:00+00:00,1.869,1.883,1.869,1.881,24473.88
2026-03-05 03:00:00+00:00,1.882,1.885,1.868,1.872,63006.06
2026-03-05 04:00:00+00:00,1.873,1.879,1.869,1.877,33460.92
2026-03-05 05:00:00+00:00,1.875,1.878,1.862,1.866,26610.22
2026-03-05 06:00:00+00:00,1.867,1.876,1.861,1.875,43715.66
2026-03-05 07:00:00+00:00,1.875,1.88,1.858,1.866,63739.86
2026-03-05 08:00:00+00:00,1.867,1.868,1.857,1.868,92642.78
2026-03-05 09:00:00+00:00,1.868,1.882,1.867,1.876,57637.64
2026-03-05 10:00:00+00:00,1.874,1.894,1.873,1.888,56462.44
2026-03-05 11:00:00+00:00,1.888,1.889,1.869,1.877,66980.68
2026-03-05 12:00:00+00:00,1.877,1.883,1.866,1.882,76904.8
2026-03-05 13:00:00+00:00,1.883,1.885,1.867,1.88,89255.59
2026-03-05 14:00:00+00:00,1.881,1.891,1.873,1.889,83430.68
2026-03-05 15:00:00+00:00,1.889,1.891,1.847,1.853,178737.91
2026-03-05 16:00:00+00:00,1.854,1.854,1.824,1.843,95132.77
2026-03-05 17:00:00+00:00,1.843,1.852,1.829,1.831,35918.5
2026-03-05 18:00:00+00:00,1.83,1.84,1.827,1.838,25982.84
2026-03-05 19:00:00+00:00,1.839,1.853,1.839,1.842,27285.24
2026-03-05 20:00:00+00:00,1.843,1.857,1.841,1.855,22871.19
2026-03-05 21:00:00+00:00,1.855,1.857,1.839,1.844,23643.72
2026-03-05 22:00:00+00:00,1.844,1.849,1.841,1.844,11132.88
2026-03-05 23:00:00+00:00,1.844,1.849,1.838,1.84,19160.91
2026-03-06 00:00:00+00:00,1.839,1.842,1.835,1.836,25303.41
2026-03-06 01:00:00+00:00,1.836,1.85,1.828,1.848,27598.62
2026-03-06 02:00:00+00:00,1.847,1.855,1.844,1.849,49551.47
2026-03-06 03:00:00+00:00,1.85,1.855,1.847,1.853,7778.54
2026-03-06 04:00:00+00:00,1.852,1.854,1.832,1.842,20312.78
2026-03-06 05:00:00+00:00,1.843,1.848,1.832,1.845,33062.13
2026-03-06 06:00:00+00:00,1.845,1.851,1.84,1.846,28941.25
2026-03-06 07:00:00+00:00,1.845,1.854,1.84,1.852,22983.97
2026-03-06 08:00:00+00:00,1.851,1.853,1.841,1.843,54703.88
2026-03-06 09:00:00+00:00,1.844,1.845,1.826,1.839,63953.63
2026-03-06 10:00:00+00:00,1.838,1.849,1.833,1.834,41559.76
2026-03-06 11:00:00+00:00,1.833,1.833,1.802,1.807,151367.82
2026-03-06 12:00:00+00:00,1.807,1.815,1.798,1.811,86179.03
2026-03-06 13:00:00+00:00,1.811,1.828,1.805,1.806,126403.63
2026-03-06 14:00:00+00:00,1.805,1.813,1.778,1.786,86692.52
2026-03-06 15:00:00+00:00,1.786,1.791,1.773,1.779,66100.79
2026-03-06 16:00:00+00:00,1.778,1.792,1.773,1.784,44382.25
2026-03-06 17:00:00+00:00,1.783,1.79,1.773,1.783,32079.36
2026-03-06 18:00:00+00:00,1.782,1.798,1.782,1.794,40105.75
2026-03-06 19:00:00+00:00,1.794,1.801,1.792,1.796,16890.85
2026-03-06 20:00:00+00:00,1.796,1.807,1.795,1.807,28891.91
2026-03-06 21:00:00+00:00,1.806,1.814,1.804,1.814,16661.44
2026-03-06 22:00:00+00:00,1.815,1.819,1.811,1.819,23080.48
2026-03-06 23:00:00+00:00,1.817,1.818,1.807,1.809,15739.91
2026-03-07 00:00:00+00:00,1.81,1.817,1.809,1.814,18361.32
2026-03-07 01:00:00+00:00,1.814,1.814,1.805,1.812,8811.14
2026-03-07 02:00:00+00:00,1.811,1.825,1.809,1.824,23320.12
2026-03-07 03:00:00+00:00,1.823,1.829,1.813,1.817,27705.01
2026-03-07 04:00:00+00:00,1.818,1.831,1.812,1.826,23392.58
2026-03-07 05:00:00+00:00,1.826,1.831,1.821,1.829,25383.91
2026-03-07 06:00:00+00:00,1.829,1.832,1.811,1.814,31898.01
2026-03-07 07:00:00+00:00,1.815,1.825,1.806,1.824,103560.69
2026-03-07 08:00:00+00:00,1.824,1.829,1.814,1.815,41357.71
2026-03-07 09:00:00+00:00,1.815,1.823,1.811,1.819,29360.51
2026-03-07 10:00:00+00:00,1.819,1.825,1.819,1.824,48926.21
2026-03-07 11:00:00+00:00,1.824,1.829,1.812,1.815,42276.48
2026-03-07 12:00:00+00:00,1.814,1.818,1.802,1.804,67885.18
2026-03-07 13:00:00+00:00,1.805,1.82,1.802,1.808,127842.17
2026-03-07 14:00:00+00:00,1.808,1.812,1.796,1.803,78387.02
2026-03-07 15:00:00+00:00,1.804,1.805,1.793,1.797,30986.78
2026-03-07 16:00:00+00:00,1.797,1.8,1.794,1.798,23013.92
2026-03-07 17:00:00+00:00,1.798,1.805,1.795,1.795,32885.69
2026-03-07 18:00:00+00:00,1.795,1.796,1.786,1.795,41704.67
2026-03-07 19:00:00+00:00,1.795,1.795,1.78,1.783,38271.81
2026-03-07 20:00:00+00:00,1.783,1.792,1.783,1.788,17461.21
2026-03-07 21:00:00+00:00,1.788,1.79,1.786,1.79,15972.2
2026-03-07 22:00:00+00:00,1.79,1.791,1.778,1.783,38702.32
2026-03-07 23:00:00+00:00,1.784,1.787,1.781,1.785,20742.16
2026-03-08 00:00:00+00:00,1.786,1.787,1.776,1.778,13487.95
2026-03-08 01:00:00+00:00,1.778,1.786,1.776,1.781,32854.23
2026-03-08 02:00:00+00:00,1.781,1.781,1.764,1.764,55959.7
2026-03-08 03:00:00+00:00,1.764,1.774,1.764,1.773,20541.3
2026-03-08 04:00:00+00:00,1.773,1.775,1.755,1.763,42565.07
2026-03-08 05:00:00+00:00,1.763,1.775,1.763,1.769,30149.6
2026-03-08 06:00:00+00:00,1.769,1.77,1.757,1.767,59361.11
2026-03-08 07:00:00+00:00,1.766,1.774,1.765,1.77,43864.39
2026-03-08 08:00:00+00:00,1.771,1.771,1.756,1.761,87146.82
2026-03-08 09:00:00+00:00,1.76,1.766,1.758,1.762,31899.38
2026-03-08 10:00:00+00:00,1.762,1.772,1.757,1.762,36479.72
2026-03-08 11:00:00+00:00,1.762,1.763,1.748,1.754,66211.86
2026-03-08 12:00:00+00:00,1.753,1.762,1.743,1.753,40309.82
2026-03-08 13:00:00+00:00,1.754,1.754,1.722,1.74,116366.5
2026-03-08 14:00:00+00:00,1.741,1.742,1.726,1.731,31312.94
2026-03-08 15:00:00+00:00,1.731,1.732,1.725,1.727,24846.06
2026-03-08 16:00:00+00:00,1.728,1.73,1.723,1.725,31771.47
2026-03-08 17:00:00+00:00,1.725,1.733,1.725,1.732,18053.34
2026-03-08 18:00:00+00:00,1.733,1.735,1.723,1.732,29546.36
2026-03-08 19:00:00+00:00,1.733,1.756,1.732,1.75,54692.82
2026-03-08 20:00:00+00:00,1.75,1.763,1.745,1.752,33464.49
2026-03-08 21:00:00+00:00,1.753,1.755,1.742,1.745,22605.28
2026-03-08 22:00:00+00:00,1.746,1.747,1.716,1.74,116722.94
2026-03-08 23:00:00+00:00,1.742,1.745,1.732,1.738,31250.79
2026-03-09 00:00:00+00:00,1.738,1.753,1.732,1.741,46646.77
2026-03-09 01:00:00+00:00,1.74,1.741,1.712,1.713,114775.35
2026-03-09 02:00:00+00:00,1.711,1.734,1.706,1.725,51082.11
2026-03-09 03:00:00+00:00,1.723,1.748,1.723,1.734,117425.13
2026-03-09 04:00:00+00:00,1.735,1.747,1.73,1.731,34248.97
2026-03-09 05:00:00+00:00,1.731,1.764,1.728,1.761,92587.87
2026-03-09 06:00:00+00:00,1.761,1.762,1.747,1.75,37596.02
2026-03-09 07:00:00+00:00,1.75,1.75,1.734,1.737,35751.21
2026-03-09 08:00:00+00:00,1.736,1.74,1.727,1.737,69897.44
2026-03-09 09:00:00+00:00,1.737,1.751,1.736,1.737,50241.26
2026-03-09 10:00:00+00:00,1.738,1.74,1.731,1.735,19830.69
2026-03-09 11:00:00+00:00,1.734,1.746,1.729,1.745,25334.2
2026-03-09 12:00:00+00:00,1.746,1.757,1.745,1.751,45789.87
2026-03-09 13:00:00+00:00,1.75,1.775,1.75,1.756,79840.83
2026-03-09 14:00:00+00:00,1.755,1.76,1.734,1.744,147239.07
2026-03-09 15:00:00+00:00,1.745,1.754,1.739,1.748,45328.73
2026-03-09 16:00:00+00:00,1.748,1.756,1.739,1.748,55668.08
2026-03-09 17:00:00+00:00,1.749,1.759,1.747,1.75,67251.72
2026-03-09 18:00:00+00:00,1.75,1.752,1.739,1.745,70928.19
2026-03-09 19:00:00+00:00,1.745,1.778,1.745,1.76,96771.6
2026-03-09 20:00:00+00:00,1.76,1.764,1.745,1.752,40282.47
2026-03-09 21:00:00+00:00,1.751,1.759,1.745,1.758,11781.09
2026-03-09 22:00:00+00:00,1.758,1.759,1.739,1.741,37253.55
2026-03-09 23:00:00+00:00,1.741,1.745,1.739,1.743,17738.96
2026-03-10 00:00:00+00:00,1.744,1.756,1.743,1.751,17750.72
2026-03-10 01:00:00+00:00,1.749,1.759,1.747,1.753,21526.27
2026-03-10 02:00:00+00:00,1.753,1.773,1.752,1.767,61831.29
2026-03-10 03:00:00+00:00,1.766,1.767,1.754,1.759,33584.62
2026-03-10 04:00:00+00:00,1.76,1.771,1.76,1.767,31218.14
2026-03-10 05:00:00+00:00,1.767,1.77,1.757,1.762,16048.2
2026-03-10 06:00:00+00:00,1.76,1.764,1.75,1.761,32854.82
2026-03-10 07:00:00+00:00,1.761,1.77,1.759,1.764,72023.57
2026-03-10 08:00:00+00:00,1.765,1.781,1.76,1.773,140921.94
2026-03-10 09:00:00+00:00,1.773,1.79,1.772,1.784,92688.03
2026-03-10 10:00:00+00:00,1.786,1.788,1.777,1.787,71461.44
2026-03-10 11:00:00+00:00,1.788,1.789,1.782,1.785,35580.41
2026-03-10 12:00:00+00:00,1.786,1.793,1.781,1.792,26202.48
2026-03-10 13:00:00+00:00,1.793,1.804,1.782,1.794,156388.97
2026-03-10 14:00:00+00:00,1.794,1.83,1.787,1.825,247716.36
2026-03-10 15:00:00+00:00,1.826,1.828,1.808,1.82,60727.28
2026-03-10 16:00:00+00:00,1.819,1.833,1.807,1.831,63761.54
2026-03-10 17:00:00+00:00,1.831,1.844,1.825,1.828,165691.87
2026-03-10 18:00:00+00:00,1.827,1.827,1.797,1.803,36764.99
2026-03-10 19:00:00+00:00,1.801,1.801,1.78,1.787,55628.63
2026-03-10 20:00:00+00:00,1.786,1.799,1.786,1.795,18031.84
2026-03-10 21:00:00+00:00,1.795,1.801,1.773,1.778,51410.59
2026-03-10 22:00:00+00:00,1.778,1.788,1.775,1.784,18903.67
2026-03-10 23:00:00+00:00,1.785,1.794,1.785,1.788,11568.83
2026-03-11 00:00:00+00:00,1.789,1.8,1.785,1.797,38015.41
2026-03-11 01:00:00+00:00,1.796,1.803,1.794,1.803,29866.31
2026-03-11 02:00:00+00:00,1.803,1.806,1.799,1.804,26130.68
2026-03-11 03:00:00+00:00,1.804,1.813,1.802,1.813,40817.05
2026-03-11 04:00:00+00:00,1.813,1.82,1.805,1.811,51302.49
2026-03-11 05:00:00+00:00,1.811,1.815,1.803,1.807,32238.01
2026-03-11 06:00:00+00:00,1.808,1.816,1.802,1.806,50757.6
2026-03-11 07:00:00+00:00,1.805,1.82,1.805,1.811,46331.52
2026-03-11 08:00:00+00:00,1.811,1.826,1.81,1.826,55807.02
2026-03-11 09:00:00+00:00,1.826,1.826,1.809,1.809,76873.65
2026-03-11 10:00:00+00:00,1.811,1.821,1.808,1.818,50565.0
2026-03-11 11:00:00+00:00,1.818,1.822,1.81,1.813,44739.59
2026-03-11 12:00:00+00:00,1.814,1.834,1.807,1.826,107695.54
2026-03-11 13:00:00+00:00,1.826,1.841,1.818,1.828,80664.72
2026-03-11 14:00:00+00:00,1.829,1.838,1.824,1.828,25739.19
2026-03-11 15:00:00+00:00,1.829,1.833,1.816,1.825,40876.56
2026-03-11 16:00:00+00:00,1.826,1.84,1.825,1.832,51820.25
2026-03-11 17:00:00+00:00,1.833,1.846,1.831,1.838,33860.4
2026-03-11 18:00:00+00:00,1.839,1.851,1.835,1.846,56615.61
2026-03-11 19:00:00+00:00,1.846,1.847,1.836,1.838,30979.63
2026-03-11 20:00:00+00:00,1.837,1.838,1.829,1.832,15937.13
2026-03-11 21:00:00+00:00,1.833,1.838,1.829,1.837,11916.7
2026-03-11 22:00:00+00:00,1.838,1.842,1.831,1.836,25781.88
2026-03-11 23:00:00+00:00,1.837,1.856,1.835,1.84,113239.27
2026-03-12 00:00:00+00:00,1.841,1.846,1.834,1.838,26141.51
2026-03-12 01:00:00+00:00,1.839,1.84,1.828,1.836,33731.47
2026-03-12 02:00:00+00:00,1.835,1.839,1.829,1.831,46652.4
2026-03-12 03:00:00+00:00,1.831,1.832,1.816,1.829,46510.32
2026-03-12 04:00:00+00:00,1.829,1.835,1.816,1.821,38996.88
2026-03-12 05:00:00+00:00,1.819,1.822,1.813,1.818,14863.34
2026-03-12 06:00:00+00:00,1.819,1.827,1.816,1.826,23181.98
2026-03-12 07:00:00+00:00,1.826,1.836,1.822,1.831,37321.99
2026-03-12 08:00:00+00:00,1.832,1.839,1.829,1.833,66893.25
2026-03-12 09:00:00+00:00,1.832,1.842,1.819,1.828,85236.58
2026-03-12 10:00:00+00:00,1.829,1.838,1.825,1.83,35319.43
2026-03-12 11:00:00+00:00,1.829,1.837,1.821,1.823,151915.81
2026-03-12 12:00:00+00:00,1.823,1.826,1.816,1.821,35098.7
2026-03-12 13:00:00+00:00,1.822,1.833,1.815,1.827,71103.08
2026-03-12 14:00:00+00:00,1.827,1.833,1.809,1.815,56800.27
2026-03-12 15:00:00+00:00,1.814,1.821,1.809,1.815,21311.13
2026-03-12 16:00:00+00:00,1.814,1.826,1.807,1.819,30006.82
2026-03-12 17:00:00+00:00,1.819,1.821,1.813,1.816,13547.73
2026-03-12 18:00:00+00:00,1.816,1.829,1.812,1.823,32905.26
2026-03-12 19:00:00+00:00,1.824,1.836,1.824,1.83,36592.11
2026-03-12 20:00:00+00:00,1.83,1.831,1.823,1.828,19968.85
2026-03-12 21:00:00+00:00,1.828,1.835,1.824,1.833,11583.7
2026-03-12 22:00:00+00:00,1.833,1.839,1.831,1.838,26910.01
2026-03-12 23:00:00+00:00,1.837,1.846,1.831,1.838,56906.99
2026-03-13 00:00:00+00:00,1.838,1.857,1.833,1.843,68340.73
2026-03-13 01:00:00+00:00,1.844,1.854,1.841,1.853,16349.56
2026-03-13 02:00:00+00:00,1.854,1.856,1.847,1.851,19272.52
2026-03-13 03:00:00+00:00,1.852,1.857,1.843,1.851,22072.03
2026-03-13 04:00:00+00:00,1.851,1.853,1.847,1.849,8050.64
2026-03-13 05:00:00+00:00,1.85,1.857,1.848,1.852,21118.35
2026-03-13 06:00:00+00:00,1.852,1.853,1.844,1.845,25460.73
2026-03-13 07:00:00+00:00,1.845,1.85,1.841,1.844,70378.07
2026-03-13 08:00:00+00:00,1.844,1.85,1.84,1.841,68311.34
2026-03-13 09:00:00+00:00,1.841,1.85,1.838,1.849,49435.17
2026-03-13 10:00:00+00:00,1.849,1.867,1.848,1.865,83323.88
2026-03-13 11:00:00+00:00,1.866,1.866,1.851,1.853,115265.07
2026-03-13 12:00:00+00:00,1.854,1.869,1.848,1.863,73001.71
2026-03-13 13:00:00+00:00,1.864,1.881,1.861,1.871,110991.56
2026-03-13 14:00:00+00:00,1.873,1.885,1.869,1.881,216413.87
2026-03-13 15:00:00+00:00,1.882,1.898,1.867,1.869,372472.06
2026-03-13 16:00:00+00:00,1.869,1.875,1.859,1.87,64517.82
2026-03-13 17:00:00+00:00,1.87,1.874,1.849,1.854,43061.24
2026-03-13 18:00:00+00:00,1.855,1.861,1.853,1.855,15063.39
2026-03-13 19:00:00+00:00,1.855,1.861,1.852,1.856,40671.39
2026-03-13 20:00:00+00:00,1.855,1.864,1.852,1.861,15951.44
2026-03-13 21:00:00+00:00,1.861,1.867,1.856,1.862,19321.43
2026-03-13 22:00:00+00:00,1.863,1.863,1.844,1.851,47058.68
2026-03-13 23:00:00+00:00,1.852,1.864,1.851,1.862,9767.26
2026-03-14 00:00:00+00:00,1.861,1.863,1.851,1.852,15244.94
2026-03-14 01:00:00+00:00,1.851,1.868,1.851,1.865,11825.63
2026-03-14 02:00:00+00:00,1.864,1.877,1.863,1.875,33571.06
2026-03-14 03:00:00+00:00,1.875,1.886,1.869,1.883,48975.64
2026-03-14 04:00:00+00:00,1.884,1.888,1.873,1.874,35492.83
2026-03-14 05:00:00+00:00,1.874,1.876,1.864,1.868,20567.0
2026-03-14 06:00:00+00:00,1.867,1.867,1.854,1.858,22800.09
2026-03-14 07:00:00+00:00,1.857,1.865,1.853,1.862,41142.2
2026-03-14 08:00:00+00:00,1.862,1.869,1.862,1.866,46723.66
2026-03-14 09:00:00+00:00,1.867,1.876,1.863,1.865,37411.59
2026-03-14 10:00:00+00:00,1.864,1.871,1.86,1.867,22895.14
2026-03-14 11:00:00+00:00,1.867,1.874,1.866,1.872,14052.31
2026-03-14 12:00:00+00:00,1.872,1.887,1.869,1.869,79324.93
2026-03-14 13:00:00+00:00,1.869,1.877,1.866,1.877,18371.0
2026-03-14 14:00:00+00:00,1.877,1.885,1.867,1.867,25450.93
2026-03-14 15:00:00+00:00,1.867,1.883,1.863,1.877,58141.63
2026-03-14 16:00:00+00:00,1.877,1.885,1.874,1.879,22489.13
2026-03-14 17:00:00+00:00,1.878,1.893,1.877,1.884,61695.61
2026-03-14 18:00:00+00:00,1.884,1.884,1.871,1.872,45867.55
2026-03-14 19:00:00+00:00,1.871,1.873,1.865,1.867,27922.72
2026-03-14 20:00:00+00:00,1.867,1.869,1.862,1.865,34739.35
2026-03-14 21:00:00+00:00,1.864,1.872,1.858,1.867,45440.91
2026-03-14 22:00:00+00:00,1.867,1.874,1.865,1.87,43145.68
2026-03-14 23:00:00+00:00,1.87,1.876,1.866,1.87,36693.62
2026-03-15 00:00:00+00:00,1.869,1.871,1.851,1.852,43021.21
2026-03-15 01:00:00+00:00,1.852,1.859,1.849,1.857,14444.42
2026-03-15 02:00:00+00:00,1.858,1.872,1.857,1.866,41532.51
2026-03-15 03:00:00+00:00,1.867,1.869,1.854,1.856,52966.45
2026-03-15 04:00:00+00:00,1.857,1.858,1.848,1.85,49537.7
2026-03-15 05:00:00+00:00,1.85,1.858,1.847,1.847,44742.16
2026-03-15 06:00:00+00:00,1.848,1.85,1.842,1.846,19103.07
2026-03-15 07:00:00+00:00,1.845,1.855,1.845,1.852,7354.58
2026-03-15 08:00:00+00:00,1.853,1.853,1.845,1.847,35631.58
2026-03-15 09:00:00+00:00,1.847,1.853,1.847,1.85,24703.46
2026-03-15 10:00:00+00:00,1.851,1.862,1.849,1.862,8688.29
2026-03-15 11:00:00+00:00,1.861,1.873,1.861,1.863,57589.57
2026-03-15 12:00:00+00:00,1.863,1.867,1.861,1.863,15387.48
2026-03-15 13:00:00+00:00,1.864,1.869,1.852,1.864,57823.81
2026-03-15 14:00:00+00:00,1.864,1.865,1.851,1.858,13803.58
2026-03-15 15:00:00+00:00,1.859,1.859,1.852,1.853,11428.93
2026-03-15 16:00:00+00:00,1.853,1.859,1.848,1.851,22455.44
2026-03-15 17:00:00+00:00,1.851,1.86,1.848,1.855,14186.2
2026-03-15 18:00:00+00:00,1.855,1.857,1.845,1.845,11038.3
2026-03-15 19:00:00+00:00,1.846,1.857,1.845,1.854,11969.97
2026-03-15 20:00:00+00:00,1.854,1.86,1.849,1.855,14398.86
2026-03-15 21:00:00+00:00,1.855,1.865,1.85,1.862,14806.47
2026-03-15 22:00:00+00:00,1.863,1.873,1.854,1.867,57892.27
2026-03-15 23:00:00+00:00,1.869,1.871,1.853,1.861,42179.63
2026-03-16 00:00:00+00:00,1.861,1.867,1.856,1.865,41109.54
2026-03-16 01:00:00+00:00,1.865,1.871,1.862,1.87,14918.99
2026-03-16 02:00:00+00:00,1.87,1.872,1.862,1.867,31770.16
2026-03-16 03:00:00+00:00,1.867,1.895,1.863,1.883,161688.46
2026-03-16 04:00:00+00:00,1.885,1.899,1.883,1.891,31255.7
2026-03-16 05:00:00+00:00,1.892,1.902,1.89,1.901,85445.01
2026-03-16 06:00:00+00:00,1.901,1.905,1.896,1.903,27200.77
2026-03-16 07:00:00+00:00,1.905,1.908,1.902,1.906,48678.86
2026-03-16 08:00:00+00:00,1.906,1.915,1.899,1.905,75549.13
2026-03-16 09:00:00+00:00,1.905,1.911,1.901,1.904,37602.58
2026-03-16 10:00:00+00:00,1.904,1.909,1.894,1.899,67670.11
2026-03-16 11:00:00+00:00,1.9,1.912,1.895,1.906,48182.72
2026-03-16 12:00:00+00:00,1.906,1.913,1.903,1.903,47671.34
2026-03-16 13:00:00+00:00,1.903,1.92,1.9,1.912,68057.13
2026-03-16 14:00:00+00:00,1.911,1.919,1.897,1.909,69214.72
2026-03-16 15:00:00+00:00,1.91,1.918,1.904,1.906,75974.73
2026-03-16 16:00:00+00:00,1.907,1.934,1.907,1.933,92091.56
2026-03-16 17:00:00+00:00,1.932,1.959,1.931,1.955,248690.49
2026-03-16 18:00:00+00:00,1.955,1.975,1.953,1.968,110187.16
2026-03-16 19:00:00+00:00,1.97,1.991,1.967,1.988,196091.33
2026-03-16 20:00:00+00:00,1.989,2.006,1.974,1.978,246852.39
2026-03-16 21:00:00+00:00,1.977,1.987,1.974,1.975,90250.98
2026-03-16 22:00:00+00:00,1.976,1.993,1.975,1.987,47444.51
2026-03-16 23:00:00+00:00,1.988,1.988,1.97,1.978,56497.0
2026-03-17 00:00:00+00:00,1.978,1.985,1.97,1.979,59934.87
2026-03-17 01:00:00+00:00,1.979,1.984,1.965,1.969,69294.73
2026-03-17 02:00:00+00:00,1.969,1.983,1.964,1.965,122602.75
2026-03-17 03:00:00+00:00,1.965,1.966,1.942,1.949,138324.71
2026-03-17 04:00:00+00:00,1.948,1.951,1.928,1.938,57178.66
2026-03-17 05:00:00+00:00,1.938,1.938,1.926,1.93,16894.27
2026-03-17 06:00:00+00:00,1.931,1.94,1.927,1.933,31011.63
2026-03-17 07:00:00+00:00,1.933,1.949,1.933,1.942,51282.5
2026-03-17 08:00:00+00:00,1.942,1.948,1.94,1.944,33556.91
2026-03-17 09:00:00+00:00,1.944,1.955,1.939,1.951,46541.66
2026-03-17 10:00:00+00:00,1.952,1.953,1.942,1.948,33994.66
2026-03-17 11:00:00+00:00,1.948,1.959,1.944,1.946,37135.46
2026-03-17 12:00:00+00:00,1.945,1.948,1.93,1.938,59361.13
2026-03-17 13:00:00+00:00,1.937,1.946,1.935,1.943,82620.11
2026-03-17 14:00:00+00:00,1.943,1.945,1.934,1.94,31756.07
2026-03-17 15:00:00+00:00,1.941,1.951,1.94,1.949,41935.65
2026-03-17 16:00:00+00:00,1.95,1.952,1.939,1.947,55047.35
2026-03-17 17:00:00+00:00,1.946,1.951,1.943,1.949,37764.76
2026-03-17 18:00:00+00:00,1.949,1.954,1.945,1.948,14374.13
2026-03-17 19:00:00+00:00,1.947,1.951,1.94,1.941,41740.5
2026-03-17 20:00:00+00:00,1.94,1.958,1.94,1.956,49148.33
2026-03-17 21:00:00+00:00,1.955,1.966,1.954,1.966,19022.56
2026-03-17 22:00:00+00:00,1.966,1.968,1.954,1.962,52049.4
2026-03-17 23:00:00+00:00,1.963,1.968,1.956,1.961,17432.23
2026-03-18 00:00:00+00:00,1.961,1.969,1.958,1.961,40888.81
2026-03-18 01:00:00+00:00,1.963,1.972,1.962,1.97,30987.18
2026-03-18 02:00:00+00:00,1.97,1.992,1.97,1.991,56040.89
2026-03-18 03:00:00+00:00,1.992,2.005,1.991,1.993,67785.04
2026-03-18 04:00:00+00:00,1.993,1.998,1.982,1.986,50803.14
2026-03-18 05:00:00+00:00,1.986,2.003,1.986,1.99,50408.79
2026-03-18 06:00:00+00:00,1.991,1.995,1.984,1.985,43531.47
2026-03-18 07:00:00+00:00,1.985,1.996,1.978,1.996,27138.13
2026-03-18 08:00:00+00:00,1.996,1.999,1.989,1.997,107667.12
2026-03-18 09:00:00+00:00,1.997,2.024,1.993,2.01,165401.22
2026-03-18 10:00:00+00:00,2.011,2.035,2.01,2.027,201380.07
2026-03-18 11:00:00+00:00,2.027,2.028,1.964,1.967,253785.63
2026-03-18 12:00:00+00:00,1.967,1.967,1.939,1.946,106116.7
2026-03-18 13:00:00+00:00,1.945,1.95,1.927,1.935,135474.3
2026-03-18 14:00:00+00:00,1.936,1.938,1.896,1.898,108775.46
2026-03-18 15:00:00+00:00,1.899,1.909,1.886,1.908,97089.18
2026-03-18 16:00:00+00:00,1.907,1.908,1.895,1.898,86442.02
2026-03-18 17:00:00+00:00,1.898,1.903,1.886,1.893,115351.86
2026-03-18 18:00:00+00:00,1.894,1.907,1.878,1.883,56009.82
2026-03-18 19:00:00+00:00,1.883,1.894,1.878,1.879,32219.87
2026-03-18 20:00:00+00:00,1.878,1.892,1.868,1.89,40250.89
2026-03-18 21:00:00+00:00,1.889,1.905,1.889,1.903,35971.1
2026-03-18 22:00:00+00:00,1.903,1.909,1.899,1.907,28629.19
2026-03-18 23:00:00+00:00,1.906,1.911,1.9,1.909,21100.82
2026-03-19 00:00:00+00:00,1.909,1.913,1.898,1.9,20930.57
2026-03-19 01:00:00+00:00,1.899,1.91,1.897,1.908,27868.38
2026-03-19 02:00:00+00:00,1.908,1.917,1.902,1.907,23130.75
2026-03-19 03:00:00+00:00,1.908,1.929,1.907,1.912,32716.01
2026-03-19 04:00:00+00:00,1.912,1.912,1.899,1.899,54003.33
2026-03-19 05:00:00+00:00,1.899,1.9,1.89,1.893,31428.15
2026-03-19 06:00:00+00:00,1.893,1.893,1.884,1.887,23854.6
2026-03-19 07:00:00+00:00,1.887,1.887,1.863,1.874,61878.36
2026-03-19 08:00:00+00:00,1.874,1.877,1.863,1.864,27364.01
2026-03-19 09:00:00+00:00,1.864,1.874,1.863,1.868,36065.79
2026-03-19 10:00:00+00:00,1.868,1.869,1.845,1.845,62404.41
2026-03-19 11:00:00+00:00,1.844,1.847,1.84,1.843,45479.69
2026-03-19 12:00:00+00:00,1.843,1.853,1.832,1.833,64922.28
2026-03-19 13:00:00+00:00,1.833,1.846,1.825,1.843,68730.5
2026-03-19 14:00:00+00:00,1.845,1.85,1.832,1.842,41163.81
2026-03-19 15:00:00+00:00,1.841,1.847,1.826,1.845,58180.46
2026-03-19 16:00:00+00:00,1.844,1.856,1.843,1.846,61217.23
2026-03-19 17:00:00+00:00,1.846,1.849,1.835,1.838,126181.93
2026-03-19 18:00:00+00:00,1.838,1.838,1.826,1.837,66991.2
2026-03-19 19:00:00+00:00,1.836,1.854,1.835,1.845,155591.46
2026-03-19 20:00:00+00:00,1.846,1.854,1.843,1.845,85325.9
2026-03-19 21:00:00+00:00,1.845,1.847,1.834,1.842,84785.76
2026-03-19 22:00:00+00:00,1.843,1.843,1.799,1.804,241283.82
2026-03-19 23:00:00+00:00,1.804,1.814,1.8,1.811,171717.24
2026-03-20 00:00:00+00:00,1.812,1.815,1.801,1.808,86008.34
2026-03-20 01:00:00+00:00,1.808,1.824,1.807,1.814,77352.21
2026-03-20 02:00:00+00:00,1.814,1.814,1.801,1.81,75334.9
2026-03-20 03:00:00+00:00,1.809,1.818,1.804,1.804,65918.63
2026-03-20 04:00:00+00:00,1.803,1.811,1.797,1.81,100909.65
2026-03-20 05:00:00+00:00,1.811,1.837,1.811,1.833,162152.13
2026-03-20 06:00:00+00:00,1.832,1.841,1.824,1.828,65665.33
2026-03-20 07:00:00+00:00,1.828,1.837,1.821,1.827,161769.94
2026-03-20 08:00:00+00:00,1.827,1.833,1.818,1.82,104345.77
2026-03-20 09:00:00+00:00,1.82,1.82,1.806,1.812,82644.98
2026-03-20 10:00:00+00:00,1.812,1.813,1.801,1.805,88596.41
2026-03-20 11:00:00+00:00,1.805,1.815,1.802,1.813,57797.24
2026-03-20 12:00:00+00:00,1.813,1.82,1.803,1.806,60288.59
2026-03-20 13:00:00+00:00,1.807,1.811,1.798,1.8,73532.97
2026-03-20 14:00:00+00:00,1.799,1.813,1.799,1.804,78481.29
2026-03-20 15:00:00+00:00,1.804,1.809,1.799,1.801,55703.82
2026-03-20 16:00:00+00:00,1.8,1.801,1.785,1.797,102305.87
2026-03-20 17:00:00+00:00,1.797,1.821,1.797,1.821,89498.1
2026-03-20 18:00:00+00:00,1.821,1.828,1.807,1.813,79208.82
2026-03-20 19:00:00+00:00,1.814,1.818,1.803,1.816,27338.96
2026-03-20 20:00:00+00:00,1.817,1.821,1.806,1.813,24536.74
2026-03-20 21:00:00+00:00,1.812,1.826,1.809,1.825,30776.78
2026-03-20 22:00:00+00:00,1.825,1.836,1.819,1.825,37208.76
2026-03-20 23:00:00+00:00,1.824,1.837,1.817,1.834,35544.08
2026-03-21 00:00:00+00:00,1.834,1.841,1.829,1.838,48965.28
2026-03-21 01:00:00+00:00,1.838,1.847,1.838,1.844,29103.54
2026-03-21 02:00:00+00:00,1.844,1.857,1.844,1.847,43397.19
2026-03-21 03:00:00+00:00,1.847,1.847,1.838,1.84,22590.76
2026-03-21 04:00:00+00:00,1.839,1.844,1.836,1.841,52218.8
2026-03-21 05:00:00+00:00,1.84,1.844,1.834,1.835,29276.95
2026-03-21 06:00:00+00:00,1.835,1.857,1.834,1.852,20160.5
2026-03-21 07:00:00+00:00,1.852,1.856,1.847,1.852,37857.5
2026-03-21 08:00:00+00:00,1.853,1.857,1.85,1.856,35481.2
2026-03-21 09:00:00+00:00,1.856,1.86,1.843,1.845,26284.14
2026-03-21 10:00:00+00:00,1.845,1.847,1.837,1.844,17140.07
2026-03-21 11:00:00+00:00,1.844,1.849,1.835,1.838,9526.27
2026-03-21 12:00:00+00:00,1.838,1.84,1.835,1.839,12279.46
2026-03-21 13:00:00+00:00,1.839,1.846,1.837,1.843,11038.52
2026-03-21 14:00:00+00:00,1.843,1.847,1.833,1.835,18592.77
2026-03-21 15:00:00+00:00,1.836,1.852,1.836,1.847,34103.0
2026-03-21 16:00:00+00:00,1.847,1.849,1.843,1.845,19969.26
2026-03-21 17:00:00+00:00,1.845,1.848,1.836,1.838,15154.3
2026-03-21 18:00:00+00:00,1.839,1.839,1.834,1.836,5209.06
2026-03-21 19:00:00+00:00,1.834,1.836,1.829,1.829,13316.21
2026-03-21 20:00:00+00:00,1.829,1.831,1.827,1.828,14698.64
2026-03-21 21:00:00+00:00,1.829,1.832,1.823,1.823,18165.83
2026-03-21 22:00:00+00:00,1.824,1.824,1.813,1.816,54723.78
2026-03-21 23:00:00+00:00,1.816,1.818,1.787,1.793,75655.72
2026-03-22 00:00:00+00:00,1.793,1.795,1.773,1.787,77368.68
2026-03-22 01:00:00+00:00,1.788,1.792,1.784,1.791,17240.82
2026-03-22 02:00:00+00:00,1.792,1.801,1.788,1.794,13912.25
2026-03-22 03:00:00+00:00,1.794,1.802,1.785,1.786,22923.15
2026-03-22 04:00:00+00:00,1.785,1.798,1.785,1.795,13398.19
2026-03-22 05:00:00+00:00,1.796,1.807,1.795,1.804,18348.5
2026-03-22 06:00:00+00:00,1.803,1.803,1.781,1.783,61640.29
2026-03-22 07:00:00+00:00,1.782,1.787,1.778,1.779,40173.41
2026-03-22 08:00:00+00:00,1.779,1.779,1.767,1.772,29098.82
2026-03-22 09:00:00+00:00,1.771,1.776,1.764,1.774,68548.38
2026-03-22 10:00:00+00:00,1.774,1.775,1.766,1.767,27819.42
2026-03-22 11:00:00+00:00,1.767,1.774,1.767,1.772,21260.65
2026-03-22 12:00:00+00:00,1.772,1.795,1.772,1.782,77732.0
2026-03-22 13:00:00+00:00,1.783,1.788,1.771,1.776,39157.86
2026-03-22 14:00:00+00:00,1.776,1.784,1.773,1.781,27954.55
2026-03-22 15:00:00+00:00,1.782,1.797,1.782,1.796,46843.02
2026-03-22 16:00:00+00:00,1.796,1.802,1.789,1.79,62778.46
2026-03-22 17:00:00+00:00,1.79,1.792,1.786,1.788,12228.52
2026-03-22 18:00:00+00:00,1.787,1.788,1.777,1.783,29946.89
2026-03-22 19:00:00+00:00,1.783,1.783,1.775,1.78,23906.12
2026-03-22 20:00:00+00:00,1.78,1.781,1.77,1.772,16938.21
2026-03-22 21:00:00+00:00,1.772,1.775,1.753,1.771,77388.85
2026-03-22 22:00:00+00:00,1.77,1.774,1.76,1.772,65408.06
2026-03-22 23:00:00+00:00,1.771,1.776,1.767,1.769,18704.44
2026-03-23 00:00:00+00:00,1.77,1.779,1.764,1.775,30993.27
2026-03-23 01:00:00+00:00,1.774,1.78,1.771,1.778,14353.95
2026-03-23 02:00:00+00:00,1.777,1.787,1.774,1.781,18349.55
2026-03-23 03:00:00+00:00,1.782,1.789,1.775,1.776,23752.73
2026-03-23 04:00:00+00:00,1.776,1.783,1.775,1.783,14440.84
2026-03-23 05:00:00+00:00,1.782,1.786,1.775,1.781,24299.78
2026-03-23 06:00:00+00:00,1.781,1.781,1.763,1.769,41531.52
2026-03-23 07:00:00+00:00,1.769,1.769,1.75,1.76,114029.05
2026-03-23 08:00:00+00:00,1.76,1.767,1.76,1.761,19491.65
2026-03-23 09:00:00+00:00,1.761,1.767,1.754,1.766,38126.43
2026-03-23 10:00:00+00:00,1.767,1.778,1.766,1.773,43702.66
2026-03-23 11:00:00+00:00,1.774,1.836,1.773,1.817,344675.5
2026-03-23 12:00:00+00:00,1.818,1.833,1.811,1.829,55136.52
2026-03-23 13:00:00+00:00,1.831,1.843,1.819,1.84,42945.1
2026-03-23 14:00:00+00:00,1.84,1.842,1.796,1.808,174902.89
2026-03-23 15:00:00+00:00,1.808,1.814,1.789,1.789,66350.2
2026-03-23 16:00:00+00:00,1.79,1.795,1.77,1.784,150323.95
2026-03-23 17:00:00+00:00,1.785,1.787,1.758,1.76,233927.29
2026-03-23 18:00:00+00:00,1.76,1.774,1.75,1.765,263434.27
2026-03-23 19:00:00+00:00,1.766,1.777,1.76,1.762,76377.33
2026-03-23 20:00:00+00:00,1.762,1.783,1.756,1.781,116408.42
2026-03-23 21:00:00+00:00,1.782,1.795,1.778,1.787,107212.62
2026-03-23 22:00:00+00:00,1.788,1.79,1.772,1.775,57079.7
2026-03-23 23:00:00+00:00,1.775,1.786,1.771,1.786,23798.92
2026-03-24 00:00:00+00:00,1.786,1.792,1.771,1.788,98740.6
2026-03-24 01:00:00+00:00,1.788,1.794,1.782,1.788,45628.92
2026-03-24 02:00:00+00:00,1.787,1.797,1.784,1.792,55253.12
2026-03-24 03:00:00+00:00,1.792,1.793,1.771,1.773,31437.15
2026-03-24 04:00:00+00:00,1.773,1.789,1.773,1.786,36699.12
2026-03-24 05:00:00+00:00,1.785,1.785,1.77,1.772,40774.11
2026-03-24 06:00:00+00:00,1.771,1.781,1.768,1.78,28610.87
2026-03-24 07:00:00+00:00,1.78,1.792,1.777,1.789,71105.36
2026-03-24 08:00:00+00:00,1.789,1.794,1.782,1.785,36903.35
2026-03-24 09:00:00+00:00,1.786,1.792,1.775,1.78,98824.4
2026-03-24 10:00:00+00:00,1.779,1.789,1.773,1.787,114939.95
2026-03-24 11:00:00+00:00,1.786,1.796,1.778,1.79,70491.07
2026-03-24 12:00:00+00:00,1.789,1.791,1.779,1.785,62845.93
2026-03-24 13:00:00+00:00,1.785,1.792,1.775,1.783,80964.39
2026-03-24 14:00:00+00:00,1.784,1.786,1.774,1.785,44181.49
2026-03-24 15:00:00+00:00,1.785,1.789,1.766,1.766,57267.19
2026-03-24 16:00:00+00:00,1.767,1.775,1.765,1.77,65352.94
2026-03-24 17:00:00+00:00,1.77,1.777,1.762,1.769,71712.16
2026-03-24 18:00:00+00:00,1.77,1.772,1.762,1.765,79448.32
2026-03-24 19:00:00+00:00,1.765,1.771,1.763,1.769,15726.9
2026-03-24 20:00:00+00:00,1.769,1.783,1.762,1.778,58684.14
2026-03-24 21:00:00+00:00,1.779,1.789,1.776,1.789,14980.67
2026-03-24 22:00:00+00:00,1.79,1.791,1.779,1.784,13576.68
2026-03-24 23:00:00+00:00,1.785,1.788,1.777,1.787,55444.11
2026-03-25 00:00:00+00:00,1.788,1.799,1.785,1.793,79353.59
2026-03-25 01:00:00+00:00,1.793,1.801,1.788,1.791,39140.55
2026-03-25 02:00:00+00:00,1.792,1.796,1.787,1.791,32162.43
2026-03-25 03:00:00+00:00,1.792,1.799,1.786,1.797,32089.48
2026-03-25 04:00:00+00:00,1.797,1.804,1.794,1.804,20177.22
2026-03-25 05:00:00+00:00,1.803,1.806,1.795,1.795,18598.59
2026-03-25 06:00:00+00:00,1.795,1.797,1.788,1.789,59998.39
2026-03-25 07:00:00+00:00,1.789,1.797,1.789,1.791,34858.24
2026-03-25 08:00:00+00:00,1.792,1.806,1.791,1.792,43966.28
2026-03-25 09:00:00+00:00,1.791,1.795,1.785,1.793,57776.6
2026-03-25 10:00:00+00:00,1.794,1.803,1.794,1.794,104126.1
2026-03-25 11:00:00+00:00,1.794,1.801,1.79,1.799,31071.88
2026-03-25 12:00:00+00:00,1.8,1.803,1.791,1.792,61132.87
2026-03-25 13:00:00+00:00,1.793,1.798,1.776,1.778,168757.56
2026-03-25 14:00:00+00:00,1.779,1.785,1.776,1.781,32960.38
2026-03-25 15:00:00+00:00,1.781,1.781,1.765,1.765,56007.69
2026-03-25 16:00:00+00:00,1.765,1.775,1.761,1.764,70427.04
2026-03-25 17:00:00+00:00,1.764,1.774,1.764,1.769,48697.57
2026-03-25 18:00:00+00:00,1.769,1.776,1.766,1.768,20771.89
2026-03-25 19:00:00+00:00,1.767,1.773,1.765,1.77,11444.82
2026-03-25 20:00:00+00:00,1.77,1.771,1.758,1.764,111452.72
2026-03-25 21:00:00+00:00,1.765,1.767,1.761,1.763,21895.9
2026-03-25 22:00:00+00:00,1.763,1.776,1.763,1.77,40915.72
2026-03-25 23:00:00+00:00,1.77,1.771,1.762,1.765,27443.18
2026-03-26 00:00:00+00:00,1.765,1.767,1.753,1.76,85546.42
2026-03-26 01:00:00+00:00,1.761,1.761,1.75,1.753,27480.8
2026-03-26 02:00:00+00:00,1.753,1.753,1.74,1.746,58581.12
2026-03-26 03:00:00+00:00,1.746,1.746,1.738,1.744,53939.03
2026-03-26 04:00:00+00:00,1.743,1.743,1.73,1.732,114906.37
2026-03-26 05:00:00+00:00,1.731,1.734,1.725,1.726,59499.73
2026-03-26 06:00:00+00:00,1.727,1.728,1.717,1.724,37632.82
2026-03-26 07:00:00+00:00,1.725,1.727,1.721,1.723,25716.24
2026-03-26 08:00:00+00:00,1.724,1.725,1.718,1.721,44294.75
2026-03-26 09:00:00+00:00,1.722,1.725,1.714,1.721,35797.38
2026-03-26 10:00:00+00:00,1.722,1.722,1.71,1.713,18571.91
2026-03-26 11:00:00+00:00,1.713,1.717,1.708,1.712,56343.39
2026-03-26 12:00:00+00:00,1.712,1.714,1.71,1.713,52641.79
2026-03-26 13:00:00+00:00,1.713,1.723,1.707,1.716,86664.99
2026-03-26 14:00:00+00:00,1.717,1.721,1.714,1.717,70131.62
2026-03-26 15:00:00+00:00,1.717,1.717,1.697,1.701,90117.0
2026-03-26 16:00:00+00:00,1.701,1.707,1.694,1.696,98174.39
2026-03-26 17:00:00+00:00,1.695,1.699,1.685,1.688,53681.36
2026-03-26 18:00:00+00:00,1.688,1.691,1.683,1.686,58848.01
2026-03-26 19:00:00+00:00,1.685,1.686,1.673,1.68,112372.78
2026-03-26 20:00:00+00:00,1.681,1.699,1.675,1.685,82331.05
2026-03-26 21:00:00+00:00,1.685,1.693,1.682,1.689,51627.88
2026-03-26 22:00:00+00:00,1.689,1.694,1.682,1.694,46350.89
2026-03-26 23:00:00+00:00,1.694,1.701,1.688,1.699,35380.26
2026-03-27 00:00:00+00:00,1.698,1.706,1.697,1.703,82111.84
2026-03-27 01:00:00+00:00,1.703,1.712,1.702,1.71,46887.46
2026-03-27 02:00:00+00:00,1.711,1.713,1.705,1.707,12557.26
2026-03-27 03:00:00+00:00,1.706,1.707,1.701,1.705,36777.77
2026-03-27 04:00:00+00:00,1.705,1.72,1.699,1.715,53999.52
2026-03-27 05:00:00+00:00,1.714,1.717,1.711,1.717,19339.38
2026-03-27 06:00:00+00:00,1.717,1.724,1.713,1.719,48111.27
2026-03-27 07:00:00+00:00,1.719,1.729,1.717,1.728,44139.35
2026-03-27 08:00:00+00:00,1.729,1.731,1.704,1.712,47874.29
2026-03-27 09:00:00+00:00,1.712,1.712,1.694,1.697,52148.1
2026-03-27 10:00:00+00:00,1.697,1.699,1.663,1.672,204269.33
2026-03-27 11:00:00+00:00,1.672,1.677,1.655,1.674,103951.84
2026-03-27 12:00:00+00:00,1.674,1.677,1.665,1.676,64218.16
2026-03-27 13:00:00+00:00,1.675,1.681,1.669,1.673,58633.59
2026-03-27 14:00:00+00:00,1.673,1.675,1.663,1.673,61111.94
2026-03-27 15:00:00+00:00,1.674,1.688,1.671,1.672,52102.77
2026-03-27 16:00:00+00:00,1.673,1.675,1.662,1.663,86084.36
2026-03-27 17:00:00+00:00,1.663,1.67,1.662,1.665,23400.73
2026-03-27 18:00:00+00:00,1.666,1.669,1.663,1.668,24409.33
2026-03-27 19:00:00+00:00,1.667,1.675,1.666,1.671,12661.98
2026-03-27 20:00:00+00:00,1.671,1.674,1.666,1.673,25599.53
2026-03-27 21:00:00+00:00,1.673,1.682,1.673,1.678,28283.68
2026-03-27 22:00:00+00:00,1.679,1.681,1.672,1.676,13364.14
2026-03-27 23:00:00+00:00,1.676,1.676,1.672,1.676,7622.54
2026-03-28 00:00:00+00:00,1.676,1.68,1.669,1.669,32469.29
2026-03-28 01:00:00+00:00,1.669,1.669,1.657,1.665,62058.47
2026-03-28 02:00:00+00:00,1.665,1.672,1.661,1.67,30893.0
2026-03-28 03:00:00+00:00,1.67,1.675,1.668,1.67,42649.03
2026-03-28 04:00:00+00:00,1.67,1.672,1.663,1.666,17549.88
2026-03-28 05:00:00+00:00,1.667,1.673,1.664,1.672,15592.24
2026-03-28 06:00:00+00:00,1.671,1.679,1.671,1.675,20761.97
2026-03-28 07:00:00+00:00,1.676,1.688,1.674,1.687,60170.43
2026-03-28 08:00:00+00:00,1.687,1.699,1.686,1.698,58907.75
2026-03-28 09:00:00+00:00,1.698,1.702,1.677,1.685,144731.49
2026-03-28 10:00:00+00:00,1.685,1.691,1.678,1.682,60401.54
2026-03-28 11:00:00+00:00,1.683,1.683,1.679,1.679,5625.34
2026-03-28 12:00:00+00:00,1.678,1.681,1.669,1.669,33129.42
2026-03-28 13:00:00+00:00,1.668,1.692,1.668,1.683,53596.16
2026-03-28 14:00:00+00:00,1.684,1.69,1.678,1.686,34231.73
2026-03-28 15:00:00+00:00,1.686,1.697,1.685,1.687,21930.9
2026-03-28 16:00:00+00:00,1.687,1.693,1.687,1.689,10545.48
2026-03-28 17:00:00+00:00,1.689,1.69,1.681,1.686,18886.21
2026-03-28 18:00:00+00:00,1.685,1.692,1.684,1.69,51039.94
2026-03-28 19:00:00+00:00,1.689,1.691,1.682,1.685,33016.16
2026-03-28 20:00:00+00:00,1.686,1.69,1.682,1.683,26446.23
2026-03-28 21:00:00+00:00,1.683,1.688,1.678,1.68,10788.79
2026-03-28 22:00:00+00:00,1.679,1.681,1.675,1.677,27384.83
2026-03-28 23:00:00+00:00,1.677,1.677,1.665,1.666,40426.93
2026-03-29 00:00:00+00:00,1.667,1.669,1.656,1.659,40269.45
2026-03-29 01:00:00+00:00,1.66,1.668,1.658,1.66,28793.99
2026-03-29 02:00:00+00:00,1.66,1.664,1.656,1.663,16459.11
2026-03-29 03:00:00+00:00,1.663,1.672,1.662,1.663,20394.65
2026-03-29 04:00:00+00:00,1.663,1.666,1.66,1.666,29632.71
2026-03-29 05:00:00+00:00,1.665,1.665,1.66,1.662,11429.3
2026-03-29 06:00:00+00:00,1.662,1.662,1.658,1.66,12048.14
2026-03-29 07:00:00+00:00,1.659,1.66,1.657,1.658,16391.77
2026-03-29 08:00:00+00:00,1.658,1.661,1.655,1.66,11741.08
2026-03-29 09:00:00+00:00,1.66,1.661,1.656,1.658,7127.26
2026-03-29 10:00:00+00:00,1.657,1.658,1.647,1.651,59477.51
2026-03-29 11:00:00+00:00,1.651,1.656,1.65,1.652,24524.69
2026-03-29 12:00:00+00:00,1.651,1.653,1.645,1.649,27602.56
2026-03-29 13:00:00+00:00,1.649,1.65,1.64,1.642,118118.68
2026-03-29 14:00:00+00:00,1.643,1.648,1.638,1.642,32509.59
2026-03-29 15:00:00+00:00,1.642,1.648,1.639,1.648,29759.4
2026-03-29 16:00:00+00:00,1.648,1.65,1.643,1.643,5618.47
2026-03-29 17:00:00+00:00,1.644,1.646,1.637,1.643,30471.02
2026-03-29 18:00:00+00:00,1.644,1.648,1.64,1.644,9678.89
2026-03-29 19:00:00+00:00,1.645,1.645,1.642,1.643,4544.04
2026-03-29 20:00:00+00:00,1.644,1.652,1.644,1.648,6485.75
2026-03-29 21:00:00+00:00,1.649,1.652,1.646,1.651,2469.27
2026-03-29 22:00:00+00:00,1.65,1.65,1.607,1.634,93269.96
2026-03-29 23:00:00+00:00,1.634,1.648,1.626,1.646,292275.21
2026-03-30 00:00:00+00:00,1.647,1.672,1.641,1.651,225608.73
2026-03-30 01:00:00+00:00,1.651,1.662,1.645,1.662,156905.88
2026-03-30 02:00:00+00:00,1.661,1.676,1.661,1.667,53909.96
2026-03-30 03:00:00+00:00,1.668,1.669,1.662,1.668,23806.1
2026-03-30 04:00:00+00:00,1.669,1.678,1.669,1.676,20316.95
2026-03-30 05:00:00+00:00,1.677,1.678,1.669,1.671,22974.17
2026-03-30 06:00:00+00:00,1.671,1.675,1.671,1.671,16854.78
2026-03-30 07:00:00+00:00,1.672,1.688,1.672,1.686,28700.55
2026-03-30 08:00:00+00:00,1.686,1.696,1.685,1.692,31971.88
2026-03-30 09:00:00+00:00,1.692,1.694,1.676,1.676,57547.72
2026-03-30 10:00:00+00:00,1.676,1.692,1.674,1.685,95101.89
2026-03-30 11:00:00+00:00,1.685,1.701,1.685,1.691,103322.68
2026-03-30 12:00:00+00:00,1.691,1.693,1.684,1.685,39469.07
2026-03-30 13:00:00+00:00,1.685,1.689,1.682,1.682,29099.87
2026-03-30 14:00:00+00:00,1.682,1.687,1.675,1.685,22885.41
2026-03-30 15:00:00+00:00,1.686,1.694,1.679,1.692,20547.51
2026-03-30 16:00:00+00:00,1.692,1.699,1.686,1.688,83743.95
2026-03-30 17:00:00+00:00,1.689,1.691,1.672,1.674,56305.83
2026-03-30 18:00:00+00:00,1.675,1.675,1.666,1.667,18011.96
2026-03-30 19:00:00+00:00,1.667,1.669,1.661,1.668,22364.34
2026-03-30 20:00:00+00:00,1.668,1.67,1.665,1.668,11596.21
2026-03-30 21:00:00+00:00,1.668,1.681,1.668,1.674,21616.12
2026-03-30 22:00:00+00:00,1.675,1.679,1.672,1.673,7441.83
2026-03-30 23:00:00+00:00,1.672,1.672,1.664,1.665,11088.54
2026-03-31 00:00:00+00:00,1.667,1.677,1.664,1.674,39661.63
2026-03-31 01:00:00+00:00,1.675,1.695,1.673,1.688,50197.13
2026-03-31 02:00:00+00:00,1.689,1.695,1.689,1.691,10202.37
2026-03-31 03:00:00+00:00,1.69,1.691,1.684,1.687,7114.44
2026-03-31 04:00:00+00:00,1.688,1.696,1.686,1.686,16760.02
2026-03-31 05:00:00+00:00,1.686,1.695,1.684,1.695,44038.13
2026-03-31 06:00:00+00:00,1.695,1.713,1.692,1.707,31297.12
2026-03-31 07:00:00+00:00,1.706,1.709,1.697,1.697,112544.39
2026-03-31 08:00:00+00:00,1.698,1.709,1.693,1.697,88492.15
2026-03-31 09:00:00+00:00,1.696,1.701,1.673,1.678,118944.75
2026-03-31 10:00:00+00:00,1.679,1.687,1.666,1.669,119825.68
2026-03-31 11:00:00+00:00,1.669,1.682,1.668,1.677,105713.45
2026-03-31 12:00:00+00:00,1.678,1.68,1.668,1.671,53651.37
2026-03-31 13:00:00+00:00,1.671,1.686,1.671,1.682,47571.75
2026-03-31 14:00:00+00:00,1.682,1.691,1.673,1.678,52585.17
2026-03-31 15:00:00+00:00,1.678,1.694,1.678,1.68,46935.88
2026-03-31 16:00:00+00:00,1.679,1.698,1.679,1.697,28315.64
2026-03-31 17:00:00+00:00,1.698,1.711,1.692,1.694,36033.68
2026-03-31 18:00:00+00:00,1.695,1.703,1.695,1.698,7446.72
2026-03-31 19:00:00+00:00,1.699,1.707,1.698,1.707,14437.83
2026-03-31 20:00:00+00:00,1.707,1.71,1.705,1.709,12129.87
2026-03-31 21:00:00+00:00,1.709,1.713,1.705,1.706,23785.72
2026-03-31 22:00:00+00:00,1.707,1.708,1.7,1.701,6049.9
2026-03-31 23:00:00+00:00,1.702,1.708,1.699,1.707,11598.16
2026-04-01 00:00:00+00:00,1.707,1.71,1.701,1.707,20587.87
2026-04-01 01:00:00+00:00,1.708,1.709,1.7,1.7,8735.83
2026-04-01 02:00:00+00:00,1.7,1.701,1.694,1.696,8929.49
2026-04-01 03:00:00+00:00,1.697,1.705,1.696,1.703,21968.88
2026-04-01 04:00:00+00:00,1.704,1.711,1.7,1.706,22139.53
2026-04-01 05:00:00+00:00,1.705,1.727,1.705,1.724,35819.33
2026-04-01 06:00:00+00:00,1.725,1.739,1.724,1.736,56809.25
2026-04-01 07:00:00+00:00,1.735,1.739,1.727,1.731,47442.56
2026-04-01 08:00:00+00:00,1.732,1.741,1.731,1.734,61695.24
2026-04-01 09:00:00+00:00,1.733,1.734,1.72,1.725,122972.66
2026-04-01 10:00:00+00:00,1.725,1.726,1.706,1.708,90088.13
2026-04-01 11:00:00+00:00,1.709,1.709,1.691,1.701,131921.62
2026-04-01 12:00:00+00:00,1.701,1.716,1.7,1.7,166619.14
2026-04-01 13:00:00+00:00,1.701,1.701,1.681,1.689,62445.21
2026-04-01 14:00:00+00:00,1.689,1.698,1.686,1.698,18990.91
2026-04-01 15:00:00+00:00,1.696,1.701,1.684,1.701,52520.78
2026-04-01 16:00:00+00:00,1.701,1.708,1.695,1.702,67456.6
2026-04-01 17:00:00+00:00,1.702,1.71,1.694,1.702,33987.28
2026-04-01 18:00:00+00:00,1.703,1.711,1.693,1.695,33812.72
2026-04-01 19:00:00+00:00,1.695,1.698,1.69,1.694,20158.35
2026-04-01 20:00:00+00:00,1.693,1.695,1.689,1.691,23437.58
2026-04-01 21:00:00+00:00,1.691,1.693,1.683,1.685,42640.65
2026-04-01 22:00:00+00:00,1.685,1.685,1.674,1.676,28583.96
2026-04-01 23:00:00+00:00,1.677,1.678,1.671,1.676,19908.04
2026-04-02 00:00:00+00:00,1.677,1.689,1.676,1.684,18175.37
2026-04-02 01:00:00+00:00,1.685,1.688,1.65,1.661,49686.0
2026-04-02 02:00:00+00:00,1.659,1.659,1.637,1.645,49096.32
2026-04-02 03:00:00+00:00,1.644,1.647,1.631,1.635,22625.07
2026-04-02 04:00:00+00:00,1.635,1.639,1.627,1.628,71740.11
2026-04-02 05:00:00+00:00,1.629,1.635,1.622,1.633,46541.67
2026-04-02 06:00:00+00:00,1.633,1.641,1.632,1.64,31833.47
2026-04-02 07:00:00+00:00,1.64,1.647,1.639,1.647,15959.77
2026-04-02 08:00:00+00:00,1.647,1.648,1.631,1.634,20199.63
2026-04-02 09:00:00+00:00,1.635,1.635,1.627,1.629,38611.55
2026-04-02 10:00:00+00:00,1.629,1.63,1.617,1.621,38918.02
2026-04-02 11:00:00+00:00,1.621,1.632,1.617,1.628,24097.96
2026-04-02 12:00:00+00:00,1.627,1.628,1.62,1.621,16638.7
2026-04-02 13:00:00+00:00,1.621,1.622,1.614,1.619,46592.28
2026-04-02 14:00:00+00:00,1.619,1.649,1.616,1.649,50597.75
2026-04-02 15:00:00+00:00,1.648,1.657,1.64,1.655,49103.47
2026-04-02 16:00:00+00:00,1.654,1.655,1.639,1.642,37259.24
2026-04-02 17:00:00+00:00,1.643,1.654,1.638,1.64,39874.73
2026-04-02 18:00:00+00:00,1.64,1.652,1.639,1.651,17356.99
2026-04-02 19:00:00+00:00,1.652,1.653,1.644,1.651,18694.31
2026-04-02 20:00:00+00:00,1.65,1.668,1.65,1.661,51853.61
2026-04-02 21:00:00+00:00,1.661,1.67,1.66,1.666,24982.82
2026-04-02 22:00:00+00:00,1.667,1.669,1.66,1.663,14074.25
2026-04-02 23:00:00+00:00,1.663,1.67,1.663,1.668,10432.9
2026-04-03 00:00:00+00:00,1.668,1.674,1.665,1.671,25547.66
2026-04-03 01:00:00+00:00,1.671,1.674,1.666,1.672,16035.32
2026-04-03 02:00:00+00:00,1.67,1.683,1.668,1.683,25911.7
2026-04-03 03:00:00+00:00,1.683,1.696,1.682,1.695,43915.21
2026-04-03 04:00:00+00:00,1.695,1.715,1.695,1.713,81442.41
2026-04-03 05:00:00+00:00,1.713,1.729,1.708,1.716,77421.07
2026-04-03 06:00:00+00:00,1.717,1.724,1.714,1.721,57510.99
2026-04-03 07:00:00+00:00,1.722,1.722,1.707,1.713,42020.9
2026-04-03 08:00:00+00:00,1.713,1.72,1.708,1.715,22261.77
2026-04-03 09:00:00+00:00,1.715,1.716,1.709,1.715,16875.7
2026-04-03 10:00:00+00:00,1.715,1.718,1.703,1.704,14358.33
2026-04-03 11:00:00+00:00,1.704,1.717,1.704,1.713,18984.9
2026-04-03 12:00:00+00:00,1.712,1.722,1.705,1.706,90131.44
2026-04-03 13:00:00+00:00,1.705,1.712,1.695,1.702,33757.83
2026-04-03 14:00:00+00:00,1.702,1.702,1.691,1.7,68351.97
2026-04-03 15:00:00+00:00,1.699,1.706,1.696,1.705,42268.13
2026-04-03 16:00:00+00:00,1.705,1.718,1.705,1.712,35992.57
2026-04-03 17:00:00+00:00,1.712,1.718,1.706,1.707,25615.37
2026-04-03 18:00:00+00:00,1.707,1.709,1.699,1.701,12264.32
2026-04-03 19:00:00+00:00,1.7,1.7,1.693,1.7,27560.74
2026-04-03 20:00:00+00:00,1.7,1.704,1.698,1.699,20899.51
2026-04-03 21:00:00+00:00,1.699,1.704,1.698,1.698,12478.64
2026-04-03 22:00:00+00:00,1.7,1.7,1.691,1.692,22059.61
2026-04-03 23:00:00+00:00,1.692,1.692,1.687,1.688,12656.69
2026-04-04 00:00:00+00:00,1.688,1.694,1.685,1.685,19702.8
2026-04-04 01:00:00+00:00,1.684,1.69,1.683,1.688,13669.38
2026-04-04 02:00:00+00:00,1.687,1.691,1.681,1.684,14880.33
2026-04-04 03:00:00+00:00,1.685,1.697,1.685,1.696,10394.1
2026-04-04 04:00:00+00:00,1.696,1.7,1.692,1.7,12216.28
2026-04-04 05:00:00+00:00,1.699,1.7,1.693,1.694,15673.45
2026-04-04 06:00:00+00:00,1.693,1.703,1.688,1.703,23479.3
2026-04-04 07:00:00+00:00,1.703,1.703,1.695,1.698,48651.52
2026-04-04 08:00:00+00:00,1.698,1.702,1.693,1.695,21167.26
2026-04-04 09:00:00+00:00,1.696,1.7,1.693,1.697,6683.34
2026-04-04 10:00:00+00:00,1.697,1.703,1.695,1.699,14123.43
2026-04-04 11:00:00+00:00,1.698,1.702,1.697,1.702,6714.64
2026-04-04 12:00:00+00:00,1.703,1.707,1.694,1.7,48900.79
2026-04-04 13:00:00+00:00,1.699,1.704,1.697,1.698,12516.22
2026-04-04 14:00:00+00:00,1.697,1.706,1.693,1.705,25347.55
2026-04-04 15:00:00+00:00,1.706,1.709,1.7,1.703,17555.16
2026-04-04 16:00:00+00:00,1.703,1.71,1.702,1.702,21770.38
2026-04-04 17:00:00+00:00,1.703,1.721,1.703,1.715,27836.73
2026-04-04 18:00:00+00:00,1.714,1.719,1.713,1.715,17492.02
2026-04-04 19:00:00+00:00,1.716,1.717,1.703,1.711,33294.03
2026-04-04 20:00:00+00:00,1.711,1.711,1.703,1.703,20183.5
2026-04-04 21:00:00+00:00,1.702,1.714,1.702,1.712,32444.97
2026-04-04 22:00:00+00:00,1.712,1.716,1.71,1.711,12802.58
2026-04-04 23:00:00+00:00,1.712,1.714,1.71,1.713,8684.85
2026-04-05 00:00:00+00:00,1.713,1.718,1.708,1.711,36301.7
2026-04-05 01:00:00+00:00,1.712,1.713,1.708,1.71,16509.32
2026-04-05 02:00:00+00:00,1.71,1.72,1.709,1.715,21805.63
2026-04-05 03:00:00+00:00,1.715,1.722,1.715,1.722,15132.36
2026-04-05 04:00:00+00:00,1.721,1.725,1.711,1.712,19307.58
2026-04-05 05:00:00+00:00,1.711,1.72,1.706,1.706,16773.86
2026-04-05 06:00:00+00:00,1.705,1.707,1.694,1.698,65653.46
2026-04-05 07:00:00+00:00,1.698,1.699,1.688,1.692,42598.14
2026-04-05 08:00:00+00:00,1.691,1.693,1.687,1.691,9926.65
2026-04-05 09:00:00+00:00,1.692,1.692,1.684,1.69,26114.35
2026-04-05 10:00:00+00:00,1.69,1.692,1.683,1.687,4119.68
2026-04-05 11:00:00+00:00,1.685,1.688,1.682,1.687,5390.51
2026-04-05 12:00:00+00:00,1.687,1.691,1.676,1.681,24792.11
2026-04-05 13:00:00+00:00,1.68,1.684,1.674,1.68,31288.7
2026-04-05 14:00:00+00:00,1.681,1.686,1.677,1.679,60951.99
2026-04-05 15:00:00+00:00,1.68,1.691,1.676,1.684,29287.8
2026-04-05 16:00:00+00:00,1.683,1.686,1.67,1.673,71293.98
2026-04-05 17:00:00+00:00,1.672,1.678,1.671,1.675,5700.55
2026-04-05 18:00:00+00:00,1.676,1.676,1.67,1.671,28128.56
2026-04-05 19:00:00+00:00,1.671,1.677,1.667,1.674,20117.69
2026-04-05 20:00:00+00:00,1.674,1.675,1.668,1.671,20853.12
2026-04-05 21:00:00+00:00,1.672,1.675,1.666,1.67,11414.13
2026-04-05 22:00:00+00:00,1.671,1.682,1.668,1.681,24940.23
2026-04-05 23:00:00+00:00,1.682,1.7,1.68,1.698,69119.21
2026-04-06 00:00:00+00:00,1.698,1.707,1.697,1.7,67981.57
2026-04-06 01:00:00+00:00,1.701,1.703,1.692,1.693,63358.85
2026-04-06 02:00:00+00:00,1.693,1.707,1.693,1.706,68045.84
2026-04-06 03:00:00+00:00,1.707,1.711,1.696,1.703,114256.67
2026-04-06 04:00:00+00:00,1.705,1.712,1.704,1.71,65575.97
2026-04-06 05:00:00+00:00,1.71,1.714,1.707,1.709,40094.16
2026-04-06 06:00:00+00:00,1.71,1.72,1.703,1.717,136782.57
2026-04-06 07:00:00+00:00,1.717,1.737,1.716,1.732,93977.35
2026-04-06 08:00:00+00:00,1.733,1.758,1.733,1.749,119091.87
2026-04-06 09:00:00+00:00,1.75,1.754,1.736,1.747,170691.36
2026-04-06 10:00:00+00:00,1.747,1.752,1.722,1.747,196090.44
2026-04-06 11:00:00+00:00,1.748,1.751,1.731,1.74,168887.64
2026-04-06 12:00:00+00:00,1.741,1.748,1.74,1.744,21906.3
2026-04-06 13:00:00+00:00,1.745,1.745,1.73,1.733,46409.96
2026-04-06 14:00:00+00:00,1.732,1.738,1.722,1.732,72751.43
2026-04-06 15:00:00+00:00,1.732,1.737,1.724,1.726,25043.36
2026-04-06 16:00:00+00:00,1.726,1.726,1.717,1.723,28930.18
2026-04-06 17:00:00+00:00,1.722,1.732,1.719,1.722,28355.93
2026-04-06 18:00:00+00:00,1.722,1.726,1.721,1.723,6087.66
2026-04-06 19:00:00+00:00,1.722,1.724,1.712,1.714,34154.46
2026-04-06 20:00:00+00:00,1.713,1.722,1.713,1.716,15986.68
2026-04-06 21:00:00+00:00,1.715,1.72,1.714,1.717,29879.61
2026-04-06 22:00:00+00:00,1.716,1.72,1.705,1.705,22557.21
2026-04-06 23:00:00+00:00,1.705,1.706,1.697,1.703,37225.27
2026-04-07 00:00:00+00:00,1.702,1.707,1.7,1.703,10084.75
2026-04-07 01:00:00+00:00,1.702,1.707,1.694,1.695,20429.52
2026-04-07 02:00:00+00:00,1.694,1.701,1.692,1.697,10595.35
2026-04-07 03:00:00+00:00,1.698,1.702,1.698,1.7,4153.05
2026-04-07 04:00:00+00:00,1.699,1.699,1.693,1.695,8428.85
2026-04-07 05:00:00+00:00,1.695,1.696,1.686,1.689,22497.47
2026-04-07 06:00:00+00:00,1.688,1.694,1.687,1.691,32755.02
2026-04-07 07:00:00+00:00,1.69,1.692,1.687,1.688,14875.04
2026-04-07 08:00:00+00:00,1.687,1.69,1.677,1.679,61406.38
2026-04-07 09:00:00+00:00,1.679,1.691,1.676,1.688,95924.74
2026-04-07 10:00:00+00:00,1.688,1.691,1.676,1.677,91915.67
2026-04-07 11:00:00+00:00,1.677,1.687,1.674,1.684,112959.87
2026-04-07 12:00:00+00:00,1.684,1.688,1.674,1.688,77693.89
2026-04-07 13:00:00+00:00,1.687,1.693,1.677,1.683,159074.41
2026-04-07 14:00:00+00:00,1.682,1.685,1.675,1.678,33415.22
2026-04-07 15:00:00+00:00,1.677,1.706,1.677,1.704,78581.26
2026-04-07 16:00:00+00:00,1.705,1.717,1.699,1.701,130361.97
2026-04-07 17:00:00+00:00,1.701,1.714,1.699,1.712,41889.61
2026-04-07 18:00:00+00:00,1.712,1.722,1.71,1.716,17774.34
2026-04-07 19:00:00+00:00,1.715,1.72,1.711,1.718,17528.26
2026-04-07 20:00:00+00:00,1.719,1.723,1.717,1.719,14367.96
2026-04-07 21:00:00+00:00,1.718,1.75,1.718,1.746,88511.58
2026-04-07 22:00:00+00:00,1.746,1.773,1.74,1.772,122419.04
2026-04-07 23:00:00+00:00,1.773,1.809,1.768,1.807,154236.83
2026-04-08 00:00:00+00:00,1.806,1.809,1.781,1.793,113642.63
2026-04-08 01:00:00+00:00,1.793,1.806,1.787,1.799,94525.91
2026-04-08 02:00:00+00:00,1.799,1.802,1.788,1.795,47825.2
2026-04-08 03:00:00+00:00,1.796,1.801,1.791,1.794,14422.51
2026-04-08 04:00:00+00:00,1.793,1.8,1.787,1.788,36811.45
2026-04-08 05:00:00+00:00,1.789,1.805,1.787,1.797,92253.25
2026-04-08 06:00:00+00:00,1.796,1.805,1.793,1.794,63015.01
2026-04-08 07:00:00+00:00,1.795,1.801,1.79,1.795,11410.6
2026-04-08 08:00:00+00:00,1.796,1.796,1.788,1.789,23684.77
2026-04-08 09:00:00+00:00,1.79,1.791,1.786,1.788,24931.1
2026-04-08 10:00:00+00:00,1.788,1.795,1.784,1.784,12417.0
2026-04-08 11:00:00+00:00,1.783,1.786,1.776,1.778,36291.75
2026-04-08 12:00:00+00:00,1.779,1.779,1.766,1.768,48731.88
2026-04-08 13:00:00+00:00,1.768,1.781,1.765,1.767,38384.93
2026-04-08 14:00:00+00:00,1.768,1.769,1.751,1.754,44059.35
2026-04-08 15:00:00+00:00,1.754,1.797,1.753,1.796,113496.16
2026-04-08 16:00:00+00:00,1.796,1.801,1.776,1.787,81612.18
2026-04-08 17:00:00+00:00,1.786,1.795,1.782,1.785,37660.1
2026-04-08 18:00:00+00:00,1.784,1.794,1.78,1.786,22512.73
2026-04-08 19:00:00+00:00,1.787,1.79,1.781,1.788,19916.49
2026-04-08 20:00:00+00:00,1.789,1.79,1.769,1.772,55759.25
2026-04-08 21:00:00+00:00,1.773,1.796,1.773,1.787,68790.42
2026-04-08 22:00:00+00:00,1.787,1.791,1.78,1.784,24055.69
2026-04-08 23:00:00+00:00,1.783,1.794,1.777,1.779,46797.58
2026-04-09 00:00:00+00:00,1.78,1.791,1.767,1.775,63308.9
2026-04-09 01:00:00+00:00,1.774,1.78,1.762,1.778,51343.2
2026-04-09 02:00:00+00:00,1.779,1.788,1.777,1.783,30375.09
2026-04-09 03:00:00+00:00,1.782,1.79,1.78,1.785,36634.45
2026-04-09 04:00:00+00:00,1.785,1.798,1.783,1.785,87343.34
2026-04-09 05:00:00+00:00,1.785,1.794,1.777,1.789,42627.46
2026-04-09 06:00:00+00:00,1.79,1.796,1.789,1.795,17992.14
2026-04-09 07:00:00+00:00,1.796,1.799,1.789,1.793,23319.54
2026-04-09 08:00:00+00:00,1.792,1.804,1.786,1.786,55356.68
2026-04-09 09:00:00+00:00,1.785,1.8,1.782,1.799,28064.2
2026-04-09 10:00:00+00:00,1.798,1.801,1.79,1.794,49030.06
2026-04-09 11:00:00+00:00,1.793,1.796,1.777,1.785,228579.0
2026-04-09 12:00:00+00:00,1.786,1.788,1.778,1.781,20946.93
2026-04-09 13:00:00+00:00,1.78,1.79,1.776,1.79,35969.8
2026-04-09 14:00:00+00:00,1.79,1.794,1.778,1.788,30456.12
2026-04-09 15:00:00+00:00,1.789,1.828,1.78,1.815,183914.22
2026-04-09 16:00:00+00:00,1.816,1.825,1.805,1.806,76363.48
2026-04-09 17:00:00+00:00,1.806,1.811,1.798,1.802,52640.07
2026-04-09 18:00:00+00:00,1.801,1.801,1.793,1.797,35863.18
2026-04-09 19:00:00+00:00,1.798,1.814,1.797,1.808,25585.29
2026-04-09 20:00:00+00:00,1.807,1.811,1.798,1.808,45793.23
2026-04-09 21:00:00+00:00,1.808,1.814,1.805,1.808,23082.65
2026-04-09 22:00:00+00:00,1.807,1.826,1.806,1.812,90312.41
2026-04-09 23:00:00+00:00,1.812,1.815,1.799,1.801,37914.79
2026-04-10 00:00:00+00:00,1.802,1.818,1.793,1.811,99354.15
2026-04-10 01:00:00+00:00,1.809,1.82,1.8,1.817,51373.02
2026-04-10 02:00:00+00:00,1.818,1.822,1.811,1.813,24950.72
2026-04-10 03:00:00+00:00,1.812,1.82,1.805,1.818,93271.6
2026-04-10 04:00:00+00:00,1.819,1.845,1.816,1.837,102877.14
2026-04-10 05:00:00+00:00,1.838,1.841,1.828,1.837,48755.01
2026-04-10 06:00:00+00:00,1.837,1.838,1.821,1.824,58436.23
2026-04-10 07:00:00+00:00,1.824,1.827,1.818,1.825,28044.27
2026-04-10 08:00:00+00:00,1.825,1.831,1.82,1.83,28799.52
2026-04-10 09:00:00+00:00,1.829,1.83,1.813,1.818,42690.1
2026-04-10 10:00:00+00:00,1.817,1.826,1.816,1.824,42326.43
2026-04-10 11:00:00+00:00,1.824,1.827,1.815,1.819,28507.38
2026-04-10 12:00:00+00:00,1.819,1.832,1.818,1.831,59383.66
2026-04-10 13:00:00+00:00,1.83,1.84,1.828,1.838,41866.98
2026-04-10 14:00:00+00:00,1.837,1.845,1.831,1.843,114050.35
2026-04-10 15:00:00+00:00,1.843,1.845,1.826,1.833,46312.51
2026-04-10 16:00:00+00:00,1.832,1.84,1.822,1.822,44947.69
2026-04-10 17:00:00+00:00,1.823,1.825,1.816,1.818,20865.64
2026-04-10 18:00:00+00:00,1.818,1.827,1.814,1.826,21753.87
2026-04-10 19:00:00+00:00,1.826,1.831,1.823,1.828,22458.28
2026-04-10 20:00:00+00:00,1.826,1.828,1.816,1.823,52816.68
2026-04-10 21:00:00+00:00,1.823,1.824,1.808,1.811,62471.64
2026-04-10 22:00:00+00:00,1.811,1.812,1.805,1.809,18400.92
2026-04-10 23:00:00+00:00,1.81,1.812,1.803,1.806,15801.17
2026-04-11 00:00:00+00:00,1.807,1.808,1.794,1.799,29389.66
2026-04-11 01:00:00+00:00,1.799,1.801,1.794,1.798,13380.01
2026-04-11 02:00:00+00:00,1.798,1.8,1.794,1.796,14289.78
2026-04-11 03:00:00+00:00,1.797,1.798,1.787,1.794,25938.15
2026-04-11 04:00:00+00:00,1.794,1.796,1.788,1.791,23407.48
2026-04-11 05:00:00+00:00,1.79,1.799,1.787,1.793,18468.5
2026-04-11 06:00:00+00:00,1.793,1.796,1.788,1.796,11617.04
2026-04-11 07:00:00+00:00,1.796,1.798,1.79,1.794,23272.98
2026-04-11 08:00:00+00:00,1.794,1.794,1.785,1.786,28620.71
2026-04-11 09:00:00+00:00,1.785,1.789,1.782,1.783,34306.13
2026-04-11 10:00:00+00:00,1.783,1.784,1.774,1.777,20339.8
2026-04-11 11:00:00+00:00,1.777,1.787,1.776,1.786,12862.11
2026-04-11 12:00:00+00:00,1.785,1.785,1.778,1.778,16704.62
2026-04-11 13:00:00+00:00,1.779,1.782,1.769,1.78,28073.72
2026-04-11 14:00:00+00:00,1.779,1.78,1.766,1.77,38762.7
2026-04-11 15:00:00+00:00,1.771,1.773,1.766,1.773,29587.7
2026-04-11 16:00:00+00:00,1.773,1.785,1.769,1.783,44415.02
2026-04-11 17:00:00+00:00,1.782,1.784,1.771,1.771,19717.45
2026-04-11 18:00:00+00:00,1.771,1.788,1.768,1.782,47898.64
2026-04-11 19:00:00+00:00,1.782,1.787,1.779,1.781,25788.43
2026-04-11 20:00:00+00:00,1.782,1.784,1.775,1.778,23469.77
2026-04-11 21:00:00+00:00,1.777,1.785,1.777,1.783,24430.79
2026-04-11 22:00:00+00:00,1.782,1.787,1.777,1.78,23964.7
2026-04-11 23:00:00+00:00,1.779,1.783,1.773,1.778,26425.56
2026-04-12 00:00:00+00:00,1.778,1.783,1.773,1.783,13909.12
2026-04-12 01:00:00+00:00,1.784,1.787,1.755,1.76,73255.78
2026-04-12 02:00:00+00:00,1.759,1.763,1.749,1.751,41349.0
2026-04-12 03:00:00+00:00,1.75,1.753,1.745,1.745,15124.24
2026-04-12 04:00:00+00:00,1.745,1.747,1.74,1.743,16081.63
2026-04-12 05:00:00+00:00,1.742,1.75,1.737,1.748,33751.2
2026-04-12 06:00:00+00:00,1.748,1.75,1.745,1.749,14163.54
2026-04-12 07:00:00+00:00,1.748,1.748,1.74,1.745,17432.89
2026-04-12 08:00:00+00:00,1.744,1.746,1.742,1.743,11183.43
2026-04-12 09:00:00+00:00,1.743,1.743,1.736,1.736,23803.85
2026-04-12 10:00:00+00:00,1.737,1.738,1.726,1.728,46313.17
2026-04-12 11:00:00+00:00,1.727,1.731,1.721,1.731,16615.68
2026-04-12 12:00:00+00:00,1.73,1.742,1.727,1.735,40917.18
2026-04-12 13:00:00+00:00,1.734,1.739,1.727,1.727,35149.95
2026-04-12 14:00:00+00:00,1.727,1.731,1.723,1.725,18171.5
2026-04-12 15:00:00+00:00,1.726,1.73,1.719,1.726,31114.68
2026-04-12 16:00:00+00:00,1.726,1.731,1.719,1.73,50030.15
2026-04-12 17:00:00+00:00,1.729,1.748,1.729,1.748,19491.31
2026-04-12 18:00:00+00:00,1.749,1.75,1.744,1.745,9882.16
2026-04-12 19:00:00+00:00,1.745,1.745,1.737,1.739,10684.6
2026-04-12 20:00:00+00:00,1.739,1.745,1.738,1.741,13895.71
2026-04-12 21:00:00+00:00,1.742,1.744,1.736,1.742,13198.82
2026-04-12 22:00:00+00:00,1.742,1.742,1.726,1.728,22223.84
2026-04-12 23:00:00+00:00,1.727,1.728,1.722,1.723,5536.65
2026-04-13 00:00:00+00:00,1.723,1.735,1.723,1.726,14466.83
2026-04-13 01:00:00+00:00,1.727,1.736,1.725,1.732,13620.87
2026-04-13 02:00:00+00:00,1.732,1.733,1.728,1.732,10944.86
2026-04-13 03:00:00+00:00,1.732,1.735,1.729,1.732,3884.4
2026-04-13 04:00:00+00:00,1.731,1.737,1.724,1.727,18935.17
2026-04-13 05:00:00+00:00,1.727,1.735,1.724,1.733,21703.11
2026-04-13 06:00:00+00:00,1.733,1.741,1.731,1.731,24739.43
2026-04-13 07:00:00+00:00,1.73,1.731,1.722,1.725,16866.61
2026-04-13 08:00:00+00:00,1.725,1.725,1.709,1.712,33121.7
2026-04-13 09:00:00+00:00,1.712,1.722,1.712,1.722,23232.57
2026-04-13 10:00:00+00:00,1.721,1.73,1.716,1.726,51948.17
2026-04-13 11:00:00+00:00,1.726,1.739,1.723,1.726,227880.33
2026-04-13 12:00:00+00:00,1.727,1.74,1.724,1.739,43733.32
2026-04-13 13:00:00+00:00,1.74,1.755,1.736,1.755,93008.79
2026-04-13 14:00:00+00:00,1.754,1.756,1.743,1.75,114540.89
2026-04-13 15:00:00+00:00,1.75,1.751,1.73,1.732,99425.96
2026-04-13 16:00:00+00:00,1.731,1.736,1.721,1.733,82698.11
2026-04-13 17:00:00+00:00,1.733,1.741,1.729,1.735,34153.6
2026-04-13 18:00:00+00:00,1.734,1.738,1.727,1.732,32567.13
2026-04-13 19:00:00+00:00,1.732,1.738,1.724,1.736,52342.78
2026-04-13 20:00:00+00:00,1.736,1.739,1.73,1.735,37827.34
2026-04-13 21:00:00+00:00,1.736,1.748,1.733,1.746,34195.83
2026-04-13 22:00:00+00:00,1.746,1.777,1.745,1.776,81223.99
2026-04-13 23:00:00+00:00,1.775,1.788,1.77,1.779,93071.79
2026-04-14 00:00:00+00:00,1.779,1.783,1.761,1.762,53525.57
2026-04-14 01:00:00+00:00,1.763,1.772,1.754,1.759,99947.9
2026-04-14 02:00:00+00:00,1.759,1.76,1.753,1.757,28831.59
2026-04-14 03:00:00+00:00,1.756,1.76,1.753,1.759,14806.3
2026-04-14 04:00:00+00:00,1.76,1.765,1.759,1.762,16423.83
2026-04-14 05:00:00+00:00,1.762,1.766,1.755,1.761,49526.81
2026-04-14 06:00:00+00:00,1.762,1.767,1.758,1.765,25801.53
2026-04-14 07:00:00+00:00,1.765,1.772,1.763,1.768,46967.11
2026-04-14 08:00:00+00:00,1.768,1.775,1.766,1.772,21129.71
2026-04-14 09:00:00+00:00,1.772,1.775,1.764,1.765,109659.13
2026-04-14 10:00:00+00:00,1.764,1.764,1.753,1.759,152809.44
2026-04-14 11:00:00+00:00,1.757,1.769,1.757,1.769,18185.51
2026-04-14 12:00:00+00:00,1.769,1.77,1.764,1.769,36091.2
2026-04-14 13:00:00+00:00,1.77,1.783,1.77,1.78,70025.45
2026-04-14 14:00:00+00:00,1.78,1.784,1.771,1.772,61064.92
2026-04-14 15:00:00+00:00,1.771,1.773,1.753,1.753,75927.82
2026-04-14 16:00:00+00:00,1.752,1.765,1.751,1.758,24121.44
2026-04-14 17:00:00+00:00,1.758,1.762,1.753,1.756,37069.77
2026-04-14 18:00:00+00:00,1.756,1.761,1.736,1.742,57620.34
2026-04-14 19:00:00+00:00,1.742,1.748,1.741,1.746,10799.77
2026-04-14 20:00:00+00:00,1.747,1.747,1.739,1.741,20229.79
2026-04-14 21:00:00+00:00,1.741,1.749,1.741,1.747,10651.69
2026-04-14 22:00:00+00:00,1.747,1.753,1.742,1.745,9673.29
2026-04-14 23:00:00+00:00,1.744,1.749,1.74,1.744,8038.89
2026-04-15 00:00:00+00:00,1.745,1.752,1.742,1.744,21615.13
2026-04-15 01:00:00+00:00,1.742,1.75,1.742,1.747,5486.9
2026-04-15 02:00:00+00:00,1.747,1.754,1.746,1.749,15647.88
2026-04-15 03:00:00+00:00,1.75,1.752,1.744,1.751,10120.99
2026-04-15 04:00:00+00:00,1.751,1.758,1.751,1.756,19733.03
2026-04-15 05:00:00+00:00,1.757,1.759,1.743,1.748,32173.61
2026-04-15 06:00:00+00:00,1.748,1.749,1.739,1.74,56769.07
2026-04-15 07:00:00+00:00,1.74,1.742,1.729,1.733,27058.63
2026-04-15 08:00:00+00:00,1.734,1.744,1.733,1.74,23859.94
2026-04-15 09:00:00+00:00,1.74,1.745,1.737,1.743,31737.66
2026-04-15 10:00:00+00:00,1.743,1.751,1.738,1.738,83560.82
2026-04-15 11:00:00+00:00,1.739,1.758,1.739,1.75,45387.37
2026-04-15 12:00:00+00:00,1.75,1.755,1.747,1.754,10349.15
2026-04-15 13:00:00+00:00,1.754,1.767,1.754,1.758,86326.45
2026-04-15 14:00:00+00:00,1.757,1.766,1.756,1.762,36326.68
2026-04-15 15:00:00+00:00,1.762,1.766,1.728,1.732,78826.13
2026-04-15 16:00:00+00:00,1.732,1.757,1.731,1.753,49947.19
2026-04-15 17:00:00+00:00,1.753,1.76,1.75,1.754,35770.89
2026-04-15 18:00:00+00:00,1.753,1.757,1.752,1.756,6948.99
2026-04-15 19:00:00+00:00,1.755,1.769,1.754,1.766,47600.04
2026-04-15 20:00:00+00:00,1.766,1.776,1.765,1.77,24017.94
2026-04-15 21:00:00+00:00,1.769,1.775,1.761,1.774,14951.33
2026-04-15 22:00:00+00:00,1.774,1.777,1.766,1.766,20532.25
2026-04-15 23:00:00+00:00,1.766,1.768,1.763,1.767,18273.16
2026-04-16 00:00:00+00:00,1.767,1.767,1.756,1.765,49828.82
2026-04-16 01:00:00+00:00,1.766,1.767,1.759,1.766,12551.15
2026-04-16 02:00:00+00:00,1.767,1.78,1.767,1.773,36608.72
2026-04-16 03:00:00+00:00,1.773,1.79,1.772,1.789,47091.31
2026-04-16 04:00:00+00:00,1.79,1.8,1.788,1.797,39830.91
2026-04-16 05:00:00+00:00,1.796,1.803,1.789,1.796,52697.26
2026-04-16 06:00:00+00:00,1.796,1.801,1.793,1.801,56301.25
2026-04-16 07:00:00+00:00,1.8,1.807,1.798,1.8,59133.15
2026-04-16 08:00:00+00:00,1.799,1.801,1.793,1.797,14705.55
2026-04-16 09:00:00+00:00,1.796,1.803,1.792,1.794,34222.55
2026-04-16 10:00:00+00:00,1.795,1.8,1.786,1.786,53734.91
2026-04-16 11:00:00+00:00,1.786,1.791,1.784,1.789,27493.64
2026-04-16 12:00:00+00:00,1.789,1.801,1.789,1.797,17249.46
2026-04-16 13:00:00+00:00,1.798,1.824,1.792,1.805,183275.77
2026-04-16 14:00:00+00:00,1.805,1.805,1.781,1.786,58764.14
2026-04-16 15:00:00+00:00,1.786,1.803,1.769,1.771,133712.21
2026-04-16 16:00:00+00:00,1.771,1.791,1.771,1.775,97784.8
2026-04-16 17:00:00+00:00,1.775,1.79,1.768,1.787,74213.56
2026-04-16 18:00:00+00:00,1.788,1.815,1.787,1.812,94523.5
2026-04-16 19:00:00+00:00,1.812,1.82,1.809,1.82,85822.89
2026-04-16 20:00:00+00:00,1.82,1.822,1.806,1.808,57510.22
2026-04-16 21:00:00+00:00,1.808,1.811,1.794,1.809,57560.08
2026-04-16 22:00:00+00:00,1.811,1.815,1.807,1.809,29174.9
2026-04-16 23:00:00+00:00,1.809,1.817,1.804,1.81,22664.26
2026-04-17 00:00:00+00:00,1.809,1.818,1.804,1.818,43930.6
2026-04-17 01:00:00+00:00,1.818,1.822,1.801,1.807,106397.48
2026-04-17 02:00:00+00:00,1.807,1.813,1.8,1.813,16081.29
2026-04-17 03:00:00+00:00,1.814,1.814,1.805,1.807,23137.94
2026-04-17 04:00:00+00:00,1.807,1.809,1.799,1.801,17462.23
2026-04-17 05:00:00+00:00,1.802,1.802,1.785,1.788,53588.79
2026-04-17 06:00:00+00:00,1.788,1.799,1.786,1.796,39837.38
2026-04-17 07:00:00+00:00,1.795,1.808,1.79,1.807,29371.0
2026-04-17 08:00:00+00:00,1.807,1.81,1.801,1.808,52491.36
2026-04-17 09:00:00+00:00,1.809,1.819,1.8,1.815,53314.48
2026-04-17 10:00:00+00:00,1.815,1.815,1.802,1.809,59369.08
2026-04-17 11:00:00+00:00,1.808,1.828,1.804,1.815,207052.49
2026-04-17 12:00:00+00:00,1.815,1.837,1.807,1.833,97831.39
2026-04-17 13:00:00+00:00,1.833,1.867,1.831,1.864,131986.12
2026-04-17 14:00:00+00:00,1.864,1.866,1.849,1.856,44495.77
2026-04-17 15:00:00+00:00,1.855,1.855,1.822,1.829,89285.86
2026-04-17 16:00:00+00:00,1.829,1.853,1.826,1.848,61603.64
2026-04-17 17:00:00+00:00,1.849,1.85,1.837,1.84,43327.43
2026-04-17 18:00:00+00:00,1.84,1.846,1.831,1.844,34511.23
2026-04-17 19:00:00+00:00,1.844,1.851,1.841,1.842,39525.54
2026-04-17 20:00:00+00:00,1.843,1.853,1.843,1.845,50285.49
2026-04-17 21:00:00+00:00,1.845,1.853,1.841,1.845,32331.88
2026-04-17 22:00:00+00:00,1.844,1.85,1.843,1.848,16516.38
2026-04-17 23:00:00+00:00,1.848,1.848,1.832,1.833,27990.31
2026-04-18 00:00:00+00:00,1.832,1.843,1.828,1.836,32928.73
2026-04-18 01:00:00+00:00,1.837,1.848,1.832,1.834,39951.98
2026-04-18 02:00:00+00:00,1.834,1.844,1.83,1.839,10956.82
2026-04-18 03:00:00+00:00,1.838,1.842,1.833,1.835,23530.81
2026-04-18 04:00:00+00:00,1.835,1.835,1.826,1.83,33554.2
2026-04-18 05:00:00+00:00,1.83,1.84,1.83,1.84,25812.34
2026-04-18 06:00:00+00:00,1.841,1.85,1.838,1.847,35310.85
2026-04-18 07:00:00+00:00,1.846,1.848,1.843,1.846,20643.84
2026-04-18 08:00:00+00:00,1.845,1.847,1.825,1.828,45824.52
2026-04-18 09:00:00+00:00,1.829,1.829,1.813,1.816,36879.01
2026-04-18 10:00:00+00:00,1.815,1.815,1.802,1.805,41326.41
2026-04-18 11:00:00+00:00,1.806,1.806,1.791,1.797,35481.5
2026-04-18 12:00:00+00:00,1.797,1.803,1.793,1.799,23510.7
2026-04-18 13:00:00+00:00,1.8,1.801,1.787,1.795,37100.07
2026-04-18 14:00:00+00:00,1.795,1.798,1.79,1.796,17706.84
2026-04-18 15:00:00+00:00,1.796,1.799,1.792,1.794,14156.84
2026-04-18 16:00:00+00:00,1.793,1.799,1.786,1.788,30077.99
2026-04-18 17:00:00+00:00,1.788,1.798,1.785,1.795,18769.08
2026-04-18 18:00:00+00:00,1.795,1.795,1.777,1.778,46199.94
2026-04-18 19:00:00+00:00,1.779,1.785,1.775,1.781,31740.37
2026-04-18 20:00:00+00:00,1.781,1.785,1.775,1.785,15442.84
2026-04-18 21:00:00+00:00,1.786,1.794,1.78,1.793,20153.16
2026-04-18 22:00:00+00:00,1.793,1.793,1.786,1.79,7506.63
2026-04-18 23:00:00+00:00,1.789,1.792,1.782,1.783,7194.06
2026-04-19 00:00:00+00:00,1.783,1.784,1.764,1.778,46135.04
2026-04-19 01:00:00+00:00,1.778,1.782,1.764,1.771,20492.71
2026-04-19 02:00:00+00:00,1.771,1.775,1.764,1.771,25764.37
2026-04-19 03:00:00+00:00,1.77,1.78,1.763,1.773,30601.07
2026-04-19 04:00:00+00:00,1.773,1.781,1.769,1.775,19497.57
2026-04-19 05:00:00+00:00,1.774,1.778,1.772,1.774,12759.31
2026-04-19 06:00:00+00:00,1.773,1.778,1.766,1.776,26778.15
2026-04-19 07:00:00+00:00,1.776,1.777,1.759,1.772,71290.66
2026-04-19 08:00:00+00:00,1.771,1.778,1.771,1.773,30101.08
2026-04-19 09:00:00+00:00,1.773,1.774,1.766,1.767,17994.33
2026-04-19 10:00:00+00:00,1.766,1.769,1.758,1.764,73845.71
2026-04-19 11:00:00+00:00,1.763,1.777,1.763,1.776,55420.4
2026-04-19 12:00:00+00:00,1.775,1.784,1.774,1.783,57982.53
2026-04-19 13:00:00+00:00,1.784,1.798,1.784,1.786,84825.84
2026-04-19 14:00:00+00:00,1.787,1.797,1.781,1.793,35546.95
2026-04-19 15:00:00+00:00,1.794,1.795,1.777,1.793,22850.91
2026-04-19 16:00:00+00:00,1.794,1.798,1.789,1.791,37166.47
2026-04-19 17:00:00+00:00,1.79,1.793,1.778,1.778,31701.7
2026-04-19 18:00:00+00:00,1.777,1.781,1.773,1.778,24788.14
2026-04-19 19:00:00+00:00,1.778,1.801,1.778,1.794,60060.6
2026-04-19 20:00:00+00:00,1.793,1.796,1.782,1.786,44672.76
2026-04-19 21:00:00+00:00,1.785,1.793,1.784,1.787,19693.43
2026-04-19 22:00:00+00:00,1.785,1.785,1.755,1.759,73914.24
2026-04-19 23:00:00+00:00,1.759,1.76,1.754,1.758,21416.32
2026-04-20 00:00:00+00:00,1.759,1.776,1.758,1.77,36298.05
2026-04-20 01:00:00+00:00,1.77,1.778,1.767,1.775,18320.85
2026-04-20 02:00:00+00:00,1.776,1.78,1.769,1.777,11692.46
2026-04-20 03:00:00+00:00,1.778,1.784,1.775,1.782,56847.33
2026-04-20 04:00:00+00:00,1.783,1.79,1.778,1.79,21844.4
2026-04-20 05:00:00+00:00,1.79,1.793,1.772,1.78,45945.23
2026-04-20 06:00:00+00:00,1.781,1.789,1.774,1.781,21322.04
2026-04-20 07:00:00+00:00,1.781,1.798,1.778,1.782,47004.27
2026-04-20 08:00:00+00:00,1.782,1.783,1.774,1.775,13557.95
2026-04-20 09:00:00+00:00,1.775,1.786,1.772,1.782,29889.15
2026-04-20 10:00:00+00:00,1.782,1.789,1.782,1.782,25242.85
2026-04-20 11:00:00+00:00,1.783,1.784,1.778,1.78,14206.18
2026-04-20 12:00:00+00:00,1.779,1.788,1.776,1.788,29159.2
2026-04-20 13:00:00+00:00,1.787,1.791,1.78,1.786,17612.62
2026-04-20 14:00:00+00:00,1.786,1.791,1.774,1.776,32100.56
2026-04-20 15:00:00+00:00,1.777,1.802,1.773,1.802,47668.85
2026-04-20 16:00:00+00:00,1.802,1.818,1.798,1.801,65535.94
2026-04-20 17:00:00+00:00,1.801,1.81,1.797,1.802,22639.29
2026-04-20 18:00:00+00:00,1.803,1.816,1.803,1.81,30077.48
2026-04-20 19:00:00+00:00,1.81,1.811,1.799,1.801,41446.84
2026-04-20 20:00:00+00:00,1.802,1.81,1.797,1.807,19482.76
2026-04-20 21:00:00+00:00,1.806,1.813,1.802,1.807,30233.44
2026-04-20 22:00:00+00:00,1.807,1.809,1.798,1.8,11422.0
2026-04-20 23:00:00+00:00,1.799,1.803,1.795,1.8,21367.7
2026-04-21 00:00:00+00:00,1.8,1.805,1.796,1.8,13489.27
2026-04-21 01:00:00+00:00,1.799,1.804,1.799,1.799,4278.34
2026-04-21 02:00:00+00:00,1.798,1.799,1.787,1.793,45893.71
2026-04-21 03:00:00+00:00,1.792,1.795,1.787,1.792,19066.31
2026-04-21 04:00:00+00:00,1.792,1.794,1.788,1.792,3958.01
2026-04-21 05:00:00+00:00,1.793,1.797,1.785,1.788,19270.53
2026-04-21 06:00:00+00:00,1.788,1.793,1.783,1.788,24961.06
2026-04-21 07:00:00+00:00,1.785,1.792,1.784,1.789,16533.23
2026-04-21 08:00:00+00:00,1.788,1.803,1.787,1.794,12569.73
2026-04-21 09:00:00+00:00,1.794,1.801,1.791,1.8,17477.03
2026-04-21 10:00:00+00:00,1.8,1.814,1.799,1.813,28761.55
2026-04-21 11:00:00+00:00,1.813,1.82,1.807,1.819,37407.14
2026-04-21 12:00:00+00:00,1.819,1.822,1.802,1.808,42498.96
2026-04-21 13:00:00+00:00,1.808,1.808,1.763,1.795,349309.63
2026-04-21 14:00:00+00:00,1.797,1.81,1.788,1.801,54350.33
2026-04-21 15:00:00+00:00,1.801,1.837,1.796,1.836,253370.61
2026-04-21 16:00:00+00:00,1.836,1.845,1.818,1.818,97744.2
2026-04-21 17:00:00+00:00,1.819,1.82,1.798,1.807,83112.46
2026-04-21 18:00:00+00:00,1.808,1.814,1.805,1.812,31357.59
2026-04-21 19:00:00+00:00,1.813,1.819,1.801,1.805,23692.34
2026-04-21 20:00:00+00:00,1.804,1.825,1.804,1.82,70503.73
2026-04-21 21:00:00+00:00,1.82,1.832,1.817,1.832,43180.21
2026-04-21 22:00:00+00:00,1.832,1.835,1.819,1.827,19441.11
2026-04-21 23:00:00+00:00,1.827,1.846,1.827,1.845,30114.76
2026-04-22 00:00:00+00:00,1.845,1.865,1.845,1.855,130871.95
2026-04-22 01:00:00+00:00,1.854,1.862,1.849,1.859,60753.1
2026-04-22 02:00:00+00:00,1.858,1.899,1.858,1.891,163430.09
2026-04-22 03:00:00+00:00,1.892,1.908,1.888,1.907,68607.85
2026-04-22 04:00:00+00:00,1.908,1.917,1.899,1.9,115059.66
2026-04-22 05:00:00+00:00,1.901,1.919,1.896,1.905,131999.44
2026-04-22 06:00:00+00:00,1.905,1.91,1.901,1.905,25899.33
2026-04-22 07:00:00+00:00,1.904,1.906,1.897,1.901,96989.41
2026-04-22 08:00:00+00:00,1.901,1.902,1.895,1.899,37169.85
2026-04-22 09:00:00+00:00,1.899,1.909,1.897,1.907,14906.72
2026-04-22 10:00:00+00:00,1.907,1.911,1.897,1.897,31140.45
2026-04-22 11:00:00+00:00,1.898,1.902,1.888,1.891,57303.91
2026-04-22 12:00:00+00:00,1.89,1.891,1.881,1.883,53776.95
2026-04-22 13:00:00+00:00,1.883,1.892,1.877,1.878,54031.26
2026-04-22 14:00:00+00:00,1.878,1.885,1.871,1.878,101904.64
2026-04-22 15:00:00+00:00,1.877,1.899,1.872,1.886,72163.91
2026-04-22 16:00:00+00:00,1.886,1.896,1.875,1.88,80774.89
2026-04-22 17:00:00+00:00,1.881,1.891,1.875,1.883,64412.32
2026-04-22 18:00:00+00:00,1.883,1.888,1.876,1.877,21445.23
2026-04-22 19:00:00+00:00,1.877,1.883,1.867,1.873,32099.23
2026-04-22 20:00:00+00:00,1.872,1.874,1.867,1.868,8824.36
2026-04-22 21:00:00+00:00,1.869,1.88,1.869,1.878,9342.55
2026-04-22 22:00:00+00:00,1.877,1.877,1.87,1.872,5276.86
2026-04-22 23:00:00+00:00,1.873,1.878,1.86,1.862,47850.75
2026-04-23 00:00:00+00:00,1.862,1.867,1.848,1.86,47766.64
2026-04-23 01:00:00+00:00,1.861,1.861,1.849,1.853,12175.77
2026-04-23 02:00:00+00:00,1.853,1.854,1.845,1.848,12572.98
2026-04-23 03:00:00+00:00,1.85,1.851,1.837,1.839,30103.85
2026-04-23 04:00:00+00:00,1.839,1.844,1.837,1.844,9437.06
2026-04-23 05:00:00+00:00,1.845,1.853,1.845,1.847,26055.95
2026-04-23 06:00:00+00:00,1.847,1.86,1.847,1.855,48091.88
2026-04-23 07:00:00+00:00,1.856,1.864,1.855,1.861,55801.01
2026-04-23 08:00:00+00:00,1.859,1.863,1.852,1.863,58680.72
2026-04-23 09:00:00+00:00,1.864,1.864,1.848,1.854,15213.98
2026-04-23 10:00:00+00:00,1.854,1.856,1.845,1.849,69680.38
2026-04-23 11:00:00+00:00,1.849,1.859,1.848,1.858,17012.43
2026-04-23 12:00:00+00:00,1.858,1.882,1.858,1.866,146377.2
2026-04-23 13:00:00+00:00,1.867,1.876,1.866,1.868,21169.98
2026-04-23 14:00:00+00:00,1.867,1.878,1.865,1.878,16054.89
2026-04-23 15:00:00+00:00,1.879,1.89,1.876,1.887,55009.75
2026-04-23 16:00:00+00:00,1.886,1.893,1.883,1.885,25567.22
2026-04-23 17:00:00+00:00,1.886,1.888,1.858,1.862,100557.45
2026-04-23 18:00:00+00:00,1.861,1.877,1.86,1.866,41640.7
2026-04-23 19:00:00+00:00,1.866,1.884,1.864,1.88,32972.1
2026-04-23 20:00:00+00:00,1.88,1.898,1.879,1.894,49891.34
2026-04-23 21:00:00+00:00,1.894,1.911,1.894,1.899,48587.6
2026-04-23 22:00:00+00:00,1.9,1.911,1.899,1.91,13516.69
2026-04-23 23:00:00+00:00,1.91,1.916,1.906,1.912,25345.94
2026-04-24 00:00:00+00:00,1.912,1.928,1.911,1.924,70181.05
2026-04-24 01:00:00+00:00,1.925,1.932,1.917,1.929,70670.31
2026-04-24 02:00:00+00:00,1.93,1.938,1.923,1.925,70720.45
2026-04-24 03:00:00+00:00,1.924,1.926,1.909,1.922,43153.88
2026-04-24 04:00:00+00:00,1.922,1.929,1.915,1.925,46779.32
2026-04-24 05:00:00+00:00,1.926,1.927,1.914,1.922,31253.73
2026-04-24 06:00:00+00:00,1.922,1.93,1.917,1.921,28079.18
2026-04-24 07:00:00+00:00,1.921,1.932,1.918,1.93,33426.62
2026-04-24 08:00:00+00:00,1.93,1.947,1.928,1.943,134262.19
2026-04-24 09:00:00+00:00,1.944,1.947,1.935,1.94,39276.62
2026-04-24 10:00:00+00:00,1.94,1.964,1.937,1.961,78638.79
2026-04-24 11:00:00+00:00,1.961,1.975,1.959,1.972,82846.29
2026-04-24 12:00:00+00:00,1.971,1.973,1.956,1.958,53792.49
2026-04-24 13:00:00+00:00,1.958,1.962,1.946,1.949,52214.72
2026-04-24 14:00:00+00:00,1.948,1.964,1.946,1.958,37290.44
2026-04-24 15:00:00+00:00,1.957,1.993,1.948,1.992,141614.74
2026-04-24 16:00:00+00:00,1.993,1.996,1.978,1.984,103444.48
2026-04-24 17:00:00+00:00,1.983,1.986,1.975,1.981,47334.43
2026-04-24 18:00:00+00:00,1.981,1.991,1.979,1.983,17065.0
2026-04-24 19:00:00+00:00,1.982,1.991,1.979,1.989,33772.4
2026-04-24 20:00:00+00:00,1.99,1.996,1.98,1.993,42443.31
2026-04-24 21:00:00+00:00,1.992,1.998,1.976,1.981,48052.62
2026-04-24 22:00:00+00:00,1.981,1.983,1.97,1.973,30250.96
2026-04-24 23:00:00+00:00,1.974,1.996,1.973,1.993,92110.25
2026-04-25 00:00:00+00:00,1.993,2.009,1.991,2.008,99484.74
2026-04-25 01:00:00+00:00,2.008,2.023,2.006,2.019,54435.18
2026-04-25 02:00:00+00:00,2.019,2.021,2.005,2.021,39094.32
2026-04-25 03:00:00+00:00,2.021,2.033,2.014,2.03,74545.81
2026-04-25 04:00:00+00:00,2.031,2.032,2.016,2.017,43355.15
2026-04-25 05:00:00+00:00,2.016,2.022,2.007,2.011,51238.34
2026-04-25 06:00:00+00:00,2.011,2.019,2.005,2.005,61102.96
2026-04-25 07:00:00+00:00,2.005,2.027,2.001,2.024,36895.23
2026-04-25 08:00:00+00:00,2.024,2.029,2.016,2.025,27620.52
2026-04-25 09:00:00+00:00,2.024,2.037,2.022,2.031,52035.03
2026-04-25 10:00:00+00:00,2.031,2.056,2.031,2.055,141544.35
2026-04-25 11:00:00+00:00,2.055,2.058,2.042,2.05,91897.12
2026-04-25 12:00:00+00:00,2.049,2.05,2.038,2.042,58477.87
2026-04-25 13:00:00+00:00,2.042,2.049,2.033,2.042,25521.97
2026-04-25 14:00:00+00:00,2.041,2.055,2.034,2.045,60581.06
2026-04-25 15:00:00+00:00,2.046,2.05,2.037,2.037,43626.31
2026-04-25 16:00:00+00:00,2.038,2.041,2.022,2.025,44853.52
2026-04-25 17:00:00+00:00,2.024,2.028,2.015,2.018,32410.64
2026-04-25 18:00:00+00:00,2.017,2.026,2.017,2.023,25090.29
2026-04-25 19:00:00+00:00,2.022,2.034,2.022,2.034,41956.44
2026-04-25 20:00:00+00:00,2.034,2.035,2.021,2.026,22810.01
2026-04-25 21:00:00+00:00,2.026,2.027,2.015,2.017,14177.82
2026-04-25 22:00:00+00:00,2.017,2.031,2.016,2.025,29125.52
2026-04-25 23:00:00+00:00,2.025,2.034,2.021,2.03,12958.0
2026-04-26 00:00:00+00:00,2.029,2.029,2.011,2.015,27313.6
2026-04-26 01:00:00+00:00,2.015,2.02,2.01,2.015,19007.37
2026-04-26 02:00:00+00:00,2.014,2.027,2.012,2.022,46714.56
2026-04-26 03:00:00+00:00,2.022,2.027,2.016,2.018,17513.58
2026-04-26 04:00:00+00:00,2.018,2.022,2.007,2.011,64145.38
2026-04-26 05:00:00+00:00,2.01,2.024,2.005,2.012,34941.81
2026-04-26 06:00:00+00:00,2.011,2.023,2.011,2.016,24076.07
2026-04-26 07:00:00+00:00,2.016,2.029,2.008,2.02,69692.63
2026-04-26 08:00:00+00:00,2.021,2.024,2.018,2.021,13158.49
2026-04-26 09:00:00+00:00,2.02,2.025,2.018,2.023,6204.26
2026-04-26 10:00:00+00:00,2.023,2.031,2.019,2.02,11121.01
2026-04-26 11:00:00+00:00,2.021,2.028,2.019,2.024,35522.6
2026-04-26 12:00:00+00:00,2.025,2.028,2.019,2.021,18552.37
2026-04-26 13:00:00+00:00,2.02,2.026,2.015,2.019,22711.93
2026-04-26 14:00:00+00:00,2.02,2.036,2.018,2.032,26599.44
2026-04-26 15:00:00+00:00,2.033,2.036,2.027,2.028,9103.65
2026-04-26 16:00:00+00:00,2.027,2.027,2.018,2.021,32593.62
2026-04-26 17:00:00+00:00,2.022,2.024,2.016,2.018,26422.28
2026-04-26 18:00:00+00:00,2.018,2.021,2.012,2.014,15484.58
2026-04-26 19:00:00+00:00,2.013,2.02,2.002,2.003,91107.58
2026-04-26 20:00:00+00:00,2.004,2.011,2.0,2.002,13413.82
2026-04-26 21:00:00+00:00,2.003,2.016,1.996,2.011,68489.79
2026-04-26 22:00:00+00:00,2.011,2.015,2.003,2.004,23520.79
2026-04-26 23:00:00+00:00,2.003,2.007,1.999,2.0,9060.5
2026-04-27 00:00:00+00:00,2.0,2.018,1.999,2.018,47717.87
2026-04-27 01:00:00+00:00,2.019,2.026,1.998,2.005,38805.71
2026-04-27 02:00:00+00:00,2.006,2.007,1.999,2.003,15111.99
2026-04-27 03:00:00+00:00,2.005,2.01,1.994,1.995,19310.53
2026-04-27 04:00:00+00:00,1.995,1.996,1.975,1.978,33187.88
2026-04-27 05:00:00+00:00,1.979,1.979,1.954,1.961,140525.35
2026-04-27 06:00:00+00:00,1.96,1.96,1.948,1.956,41085.46
2026-04-27 07:00:00+00:00,1.956,1.957,1.946,1.954,107709.53
2026-04-27 08:00:00+00:00,1.955,1.962,1.95,1.955,27368.11
2026-04-27 09:00:00+00:00,1.956,1.962,1.955,1.958,31359.92
2026-04-27 10:00:00+00:00,1.958,1.983,1.957,1.976,27627.06
2026-04-27 11:00:00+00:00,1.975,1.985,1.967,1.984,70817.84
2026-04-27 12:00:00+00:00,1.984,2.0,1.977,1.994,90298.53
2026-04-27 13:00:00+00:00,1.994,1.998,1.982,1.988,27583.24
2026-04-27 14:00:00+00:00,1.989,1.991,1.977,1.985,34536.98
2026-04-27 15:00:00+00:00,1.985,1.989,1.973,1.978,79519.41
2026-04-27 16:00:00+00:00,1.978,1.988,1.974,1.979,43376.64
2026-04-27 17:00:00+00:00,1.979,1.986,1.979,1.983,26343.87
2026-04-27 18:00:00+00:00,1.983,1.986,1.977,1.982,11944.82
2026-04-27 19:00:00+00:00,1.981,1.982,1.972,1.975,12764.02
2026-04-27 20:00:00+00:00,1.975,1.982,1.971,1.976,18819.0
2026-04-27 21:00:00+00:00,1.977,1.987,1.977,1.98,10704.2
2026-04-27 22:00:00+00:00,1.979,1.987,1.976,1.983,16597.57
2026-04-27 23:00:00+00:00,1.984,1.99,1.983,1.984,16339.75
2026-04-28 00:00:00+00:00,1.984,1.986,1.972,1.973,24778.22
2026-04-28 01:00:00+00:00,1.972,1.978,1.97,1.974,18741.48
2026-04-28 02:00:00+00:00,1.975,1.984,1.971,1.977,32872.43
2026-04-28 03:00:00+00:00,1.977,1.987,1.972,1.985,57169.02
2026-04-28 04:00:00+00:00,1.984,1.989,1.979,1.985,20079.18
2026-04-28 05:00:00+00:00,1.985,1.991,1.983,1.986,30911.15
2026-04-28 06:00:00+00:00,1.985,1.99,1.976,1.981,80208.69
2026-04-28 07:00:00+00:00,1.982,1.984,1.975,1.978,45462.75
2026-04-28 08:00:00+00:00,1.977,1.984,1.971,1.973,23226.26
2026-04-28 09:00:00+00:00,1.973,1.974,1.963,1.965,36231.26
2026-04-28 10:00:00+00:00,1.966,1.973,1.963,1.97,18331.15
2026-04-28 11:00:00+00:00,1.971,1.972,1.955,1.955,18430.19
2026-04-28 12:00:00+00:00,1.956,1.957,1.946,1.953,43206.09
2026-04-28 13:00:00+00:00,1.953,1.962,1.946,1.951,79078.13
2026-04-28 14:00:00+00:00,1.951,1.951,1.932,1.942,155583.44
2026-04-28 15:00:00+00:00,1.943,1.945,1.935,1.939,21783.62
2026-04-28 16:00:00+00:00,1.938,1.95,1.934,1.946,14373.14
2026-04-28 17:00:00+00:00,1.945,1.952,1.942,1.946,17127.44
2026-04-28 18:00:00+00:00,1.946,1.949,1.941,1.947,7705.13
2026-04-28 19:00:00+00:00,1.947,1.952,1.941,1.952,20865.69
2026-04-28 20:00:00+00:00,1.951,1.955,1.947,1.947,10124.59
2026-04-28 21:00:00+00:00,1.948,1.958,1.948,1.954,22069.51
2026-04-28 22:00:00+00:00,1.954,1.959,1.953,1.958,5405.34
2026-04-28 23:00:00+00:00,1.957,1.959,1.952,1.953,6164.72
2026-04-29 00:00:00+00:00,1.952,1.966,1.952,1.962,30252.91
2026-04-29 01:00:00+00:00,1.961,1.976,1.961,1.976,55238.3
2026-04-29 02:00:00+00:00,1.975,1.985,1.972,1.976,29938.1
2026-04-29 03:00:00+00:00,1.976,1.988,1.976,1.987,12132.41
2026-04-29 04:00:00+00:00,1.987,1.99,1.982,1.987,22239.0
2026-04-29 05:00:00+00:00,1.988,1.988,1.98,1.981,10829.85
2026-04-29 06:00:00+00:00,1.98,1.981,1.973,1.975,32810.03
2026-04-29 07:00:00+00:00,1.976,1.977,1.968,1.97,23688.8
2026-04-29 08:00:00+00:00,1.97,1.971,1.961,1.963,24273.11
2026-04-29 09:00:00+00:00,1.962,1.971,1.958,1.968,20024.17
2026-04-29 10:00:00+00:00,1.969,1.974,1.964,1.964,29679.07
2026-04-29 11:00:00+00:00,1.964,1.966,1.957,1.96,33216.0
2026-04-29 12:00:00+00:00,1.96,1.96,1.949,1.952,34451.89
2026-04-29 13:00:00+00:00,1.952,1.953,1.94,1.947,30631.8
2026-04-29 14:00:00+00:00,1.946,1.953,1.942,1.942,23767.46
2026-04-29 15:00:00+00:00,1.942,1.942,1.921,1.924,36287.48
2026-04-29 16:00:00+00:00,1.923,1.928,1.919,1.922,15635.48
2026-04-29 17:00:00+00:00,1.923,1.936,1.923,1.934,9518.88
2026-04-29 18:00:00+00:00,1.935,1.935,1.896,1.915,80376.97
2026-04-29 19:00:00+00:00,1.916,1.917,1.907,1.914,10704.56
2026-04-29 20:00:00+00:00,1.914,1.921,1.914,1.918,9837.4
2026-04-29 21:00:00+00:00,1.918,1.927,1.915,1.922,14102.51
2026-04-29 22:00:00+00:00,1.922,1.927,1.917,1.921,7892.04
2026-04-29 23:00:00+00:00,1.921,1.929,1.916,1.929,26835.27
2026-04-30 00:00:00+00:00,1.929,1.939,1.925,1.938,12734.81
2026-04-30 01:00:00+00:00,1.938,1.939,1.932,1.932,4874.9
2026-04-30 02:00:00+00:00,1.932,1.932,1.909,1.914,20565.94
2026-04-30 03:00:00+00:00,1.913,1.918,1.901,1.916,65405.22
2026-04-30 04:00:00+00:00,1.916,1.917,1.9,1.901,11655.72
2026-04-30 05:00:00+00:00,1.9,1.921,1.9,1.909,127512.12
2026-04-30 06:00:00+00:00,1.909,1.918,1.906,1.916,14745.21
2026-04-30 07:00:00+00:00,1.916,1.918,1.912,1.913,13377.17
2026-04-30 08:00:00+00:00,1.913,1.915,1.907,1.909,10439.71
2026-04-30 09:00:00+00:00,1.91,1.914,1.906,1.912,25025.7
2026-04-30 10:00:00+00:00,1.912,1.923,1.911,1.917,86010.76
2026-04-30 11:00:00+00:00,1.917,1.924,1.915,1.92,96692.86
2026-04-30 12:00:00+00:00,1.92,1.927,1.908,1.909,33024.38
2026-04-30 13:00:00+00:00,1.909,1.914,1.906,1.906,31242.65
2026-04-30 14:00:00+00:00,1.906,1.912,1.902,1.903,62683.92
2026-04-30 15:00:00+00:00,1.903,1.909,1.899,1.907,15462.32
2026-04-30 16:00:00+00:00,1.906,1.907,1.892,1.893,17311.86
2026-04-30 17:00:00+00:00,1.893,1.894,1.879,1.88,29381.26
2026-04-30 18:00:00+00:00,1.88,1.893,1.877,1.889,30908.32
2026-04-30 19:00:00+00:00,1.888,1.894,1.877,1.881,46181.44
2026-04-30 20:00:00+00:00,1.881,1.885,1.877,1.881,50700.0
2026-04-30 21:00:00+00:00,1.881,1.884,1.876,1.877,25550.7
2026-04-30 22:00:00+00:00,1.878,1.884,1.877,1.883,8547.99
2026-04-30 23:00:00+00:00,1.882,1.893,1.882,1.888,13154.93
2026-05-01 00:00:00+00:00,1.888,1.89,1.877,1.88,56461.2
2026-05-01 01:00:00+00:00,1.879,1.885,1.878,1.883,13129.55
2026-05-01 02:00:00+00:00,1.884,1.891,1.882,1.888,6309.56
2026-05-01 03:00:00+00:00,1.887,1.902,1.884,1.89,15389.55
2026-05-01 04:00:00+00:00,1.889,1.895,1.888,1.891,15983.4
2026-05-01 05:00:00+00:00,1.891,1.893,1.884,1.885,9514.34
2026-05-01 06:00:00+00:00,1.885,1.886,1.874,1.877,38245.53
2026-05-01 07:00:00+00:00,1.877,1.879,1.872,1.875,27032.25
2026-05-01 08:00:00+00:00,1.875,1.884,1.872,1.882,22525.51
2026-05-01 09:00:00+00:00,1.882,1.883,1.878,1.879,20520.27
2026-05-01 10:00:00+00:00,1.879,1.879,1.871,1.877,6215.32
2026-05-01 11:00:00+00:00,1.877,1.881,1.874,1.878,9441.94
2026-05-01 12:00:00+00:00,1.878,1.9,1.878,1.894,50008.75
2026-05-01 13:00:00+00:00,1.895,1.911,1.895,1.91,50202.0
2026-05-01 14:00:00+00:00,1.911,1.915,1.904,1.914,36772.87
2026-05-01 15:00:00+00:00,1.913,1.915,1.906,1.912,18896.45
2026-05-01 16:00:00+00:00,1.912,1.915,1.902,1.904,40162.13
2026-05-01 17:00:00+00:00,1.904,1.908,1.901,1.907,14876.06
2026-05-01 18:00:00+00:00,1.906,1.914,1.904,1.914,12685.04
2026-05-01 19:00:00+00:00,1.914,1.918,1.901,1.901,19337.17
2026-05-01 20:00:00+00:00,1.902,1.903,1.89,1.893,18514.0
2026-05-01 21:00:00+00:00,1.893,1.9,1.889,1.899,12550.51
2026-05-01 22:00:00+00:00,1.899,1.904,1.893,1.896,13602.82
2026-05-01 23:00:00+00:00,1.895,1.897,1.889,1.897,5225.59
2026-05-02 00:00:00+00:00,1.897,1.905,1.896,1.905,18485.85
2026-05-02 01:00:00+00:00,1.905,1.905,1.9,1.902,16814.22
2026-05-02 02:00:00+00:00,1.901,1.909,1.897,1.902,113095.17
2026-05-02 03:00:00+00:00,1.902,1.902,1.895,1.898,2551.35
2026-05-02 04:00:00+00:00,1.898,1.898,1.893,1.894,6923.07
2026-05-02 05:00:00+00:00,1.895,1.898,1.89,1.89,9754.15
2026-05-02 06:00:00+00:00,1.89,1.894,1.889,1.891,14222.02
2026-05-02 07:00:00+00:00,1.891,1.893,1.886,1.887,10079.69
2026-05-02 08:00:00+00:00,1.888,1.889,1.886,1.889,4987.0
2026-05-02 09:00:00+00:00,1.888,1.896,1.888,1.89,10590.66
2026-05-02 10:00:00+00:00,1.891,1.893,1.889,1.892,10467.25
2026-05-02 11:00:00+00:00,1.891,1.892,1.88,1.881,24425.13
2026-05-02 12:00:00+00:00,1.881,1.883,1.864,1.867,52267.58
2026-05-02 13:00:00+00:00,1.867,1.879,1.864,1.877,17158.31
2026-05-02 14:00:00+00:00,1.877,1.887,1.877,1.885,9563.3
2026-05-02 15:00:00+00:00,1.885,1.89,1.88,1.886,20735.49
2026-05-02 16:00:00+00:00,1.886,1.893,1.885,1.886,8785.56
2026-05-02 17:00:00+00:00,1.886,1.887,1.88,1.882,8620.98
2026-05-02 18:00:00+00:00,1.881,1.882,1.876,1.881,14041.58
2026-05-02 19:00:00+00:00,1.881,1.894,1.879,1.889,14389.79
2026-05-02 20:00:00+00:00,1.888,1.891,1.887,1.889,9072.46
2026-05-02 21:00:00+00:00,1.888,1.899,1.888,1.893,33826.51
2026-05-02 22:00:00+00:00,1.892,1.897,1.888,1.89,6220.76
2026-05-02 23:00:00+00:00,1.889,1.889,1.882,1.884,13493.72
2026-05-03 00:00:00+00:00,1.884,1.884,1.864,1.87,37528.34
2026-05-03 01:00:00+00:00,1.87,1.87,1.858,1.859,34907.79
2026-05-03 02:00:00+00:00,1.859,1.871,1.854,1.871,23549.03
2026-05-03 03:00:00+00:00,1.871,1.875,1.866,1.872,13557.8
2026-05-03 04:00:00+00:00,1.871,1.881,1.869,1.878,12042.88
2026-05-03 05:00:00+00:00,1.879,1.887,1.879,1.887,32017.33
2026-05-03 06:00:00+00:00,1.887,1.891,1.883,1.887,17410.15
2026-05-03 07:00:00+00:00,1.888,1.889,1.884,1.885,40881.36
2026-05-03 08:00:00+00:00,1.885,1.889,1.88,1.88,24788.54
2026-05-03 09:00:00+00:00,1.879,1.879,1.873,1.875,28338.34
2026-05-03 10:00:00+00:00,1.876,1.878,1.872,1.873,7809.21
2026-05-03 11:00:00+00:00,1.873,1.89,1.871,1.882,29887.73
2026-05-03 12:00:00+00:00,1.883,1.893,1.883,1.887,19469.96
2026-05-03 13:00:00+00:00,1.887,1.889,1.884,1.887,17794.98
2026-05-03 14:00:00+00:00,1.885,1.887,1.883,1.886,9015.82
2026-05-03 15:00:00+00:00,1.886,1.897,1.884,1.893,82974.82
2026-05-03 16:00:00+00:00,1.894,1.896,1.888,1.888,7190.67
2026-05-03 17:00:00+00:00,1.887,1.892,1.881,1.888,20350.85
2026-05-03 18:00:00+00:00,1.888,1.892,1.886,1.89,7283.83
2026-05-03 19:00:00+00:00,1.889,1.891,1.885,1.889,11163.73
2026-05-03 20:00:00+00:00,1.889,1.894,1.886,1.888,7822.64
2026-05-03 21:00:00+00:00,1.886,1.89,1.874,1.882,18940.37
2026-05-03 22:00:00+00:00,1.883,1.89,1.882,1.883,15482.47
2026-05-03 23:00:00+00:00,1.883,1.884,1.874,1.874,13633.58
2026-05-04 00:00:00+00:00,1.874,1.891,1.873,1.89,15807.83
2026-05-04 01:00:00+00:00,1.89,1.912,1.885,1.911,59219.94
2026-05-04 02:00:00+00:00,1.912,1.919,1.909,1.918,68256.34
2026-05-04 03:00:00+00:00,1.918,1.923,1.912,1.919,22234.82
2026-05-04 04:00:00+00:00,1.919,1.926,1.915,1.921,57385.12
2026-05-04 05:00:00+00:00,1.92,1.92,1.912,1.919,33041.62
2026-05-04 06:00:00+00:00,1.919,1.92,1.902,1.911,43465.56
2026-05-04 07:00:00+00:00,1.911,1.912,1.903,1.903,22398.57
2026-05-04 08:00:00+00:00,1.903,1.904,1.891,1.897,108565.07
2026-05-04 09:00:00+00:00,1.897,1.909,1.892,1.908,23040.53
2026-05-04 10:00:00+00:00,1.907,1.907,1.868,1.882,124993.87
2026-05-04 11:00:00+00:00,1.883,1.887,1.876,1.878,32181.21
2026-05-04 12:00:00+00:00,1.877,1.883,1.869,1.876,57561.91
2026-05-04 13:00:00+00:00,1.875,1.879,1.867,1.869,44537.12
2026-05-04 14:00:00+00:00,1.869,1.887,1.861,1.881,45857.94
2026-05-04 15:00:00+00:00,1.881,1.883,1.865,1.877,35932.95
2026-05-04 16:00:00+00:00,1.877,1.885,1.868,1.88,33847.95
2026-05-04 17:00:00+00:00,1.879,1.891,1.879,1.887,25509.4
2026-05-04 18:00:00+00:00,1.888,1.894,1.883,1.889,35418.43
2026-05-04 19:00:00+00:00,1.887,1.887,1.882,1.884,18326.97
2026-05-04 20:00:00+00:00,1.883,1.885,1.879,1.882,14495.57
2026-05-04 21:00:00+00:00,1.882,1.894,1.881,1.891,15574.05
2026-05-04 22:00:00+00:00,1.891,1.898,1.888,1.893,28984.35
2026-05-04 23:00:00+00:00,1.892,1.898,1.888,1.889,17658.71
2026-05-05 00:00:00+00:00,1.89,1.902,1.888,1.9,25128.55
2026-05-05 01:00:00+00:00,1.9,1.913,1.897,1.903,67237.09
2026-05-05 02:00:00+00:00,1.903,1.913,1.902,1.905,11992.13
2026-05-05 03:00:00+00:00,1.905,1.909,1.902,1.903,14792.79
2026-05-05 04:00:00+00:00,1.904,1.909,1.901,1.904,25545.36
2026-05-05 05:00:00+00:00,1.903,1.917,1.902,1.912,31147.21
2026-05-05 06:00:00+00:00,1.912,1.915,1.91,1.914,33063.09
2026-05-05 07:00:00+00:00,1.914,1.923,1.913,1.914,79801.89
2026-05-05 08:00:00+00:00,1.914,1.919,1.903,1.905,57703.96
2026-05-05 09:00:00+00:00,1.906,1.906,1.892,1.897,104984.86
2026-05-05 10:00:00+00:00,1.897,1.908,1.894,1.904,18425.25
2026-05-05 11:00:00+00:00,1.906,1.906,1.896,1.898,23358.68
2026-05-05 12:00:00+00:00,1.898,1.9,1.893,1.897,36683.68
2026-05-05 13:00:00+00:00,1.897,1.904,1.888,1.901,34804.44
2026-05-05 14:00:00+00:00,1.9,1.905,1.889,1.895,37003.51
2026-05-05 15:00:00+00:00,1.895,1.896,1.863,1.866,172158.15
2026-05-05 16:00:00+00:00,1.866,1.872,1.838,1.852,184031.0
2026-05-05 17:00:00+00:00,1.851,1.866,1.85,1.862,47548.22
2026-05-05 18:00:00+00:00,1.861,1.871,1.861,1.868,18687.53
2026-05-05 19:00:00+00:00,1.868,1.872,1.862,1.865,30605.25
2026-05-05 20:00:00+00:00,1.866,1.886,1.866,1.885,58608.22
2026-05-05 21:00:00+00:00,1.886,1.89,1.881,1.884,26419.53
2026-05-05 22:00:00+00:00,1.886,1.891,1.879,1.884,37513.92
2026-05-05 23:00:00+00:00,1.884,1.888,1.873,1.882,30099.37
2026-05-06 00:00:00+00:00,1.882,1.908,1.879,1.906,121398.26
2026-05-06 01:00:00+00:00,1.906,1.919,1.902,1.919,67338.72
2026-05-06 02:00:00+00:00,1.919,1.92,1.896,1.905,43688.14
2026-05-06 03:00:00+00:00,1.904,1.925,1.902,1.919,88930.48
2026-05-06 04:00:00+00:00,1.92,1.929,1.915,1.928,69723.68
2026-05-06 05:00:00+00:00,1.928,1.928,1.908,1.924,76385.54
2026-05-06 06:00:00+00:00,1.926,1.927,1.917,1.926,33482.45
2026-05-06 07:00:00+00:00,1.924,1.935,1.924,1.931,29054.66
2026-05-06 08:00:00+00:00,1.932,1.97,1.932,1.965,215884.29
2026-05-06 09:00:00+00:00,1.966,1.97,1.944,1.957,160951.65
2026-05-06 10:00:00+00:00,1.957,1.957,1.944,1.949,51462.44
2026-05-06 11:00:00+00:00,1.949,1.962,1.944,1.962,57083.23
2026-05-06 12:00:00+00:00,1.96,1.975,1.956,1.973,85908.38
2026-05-06 13:00:00+00:00,1.973,1.975,1.957,1.959,103320.01
2026-05-06 14:00:00+00:00,1.961,1.962,1.938,1.948,67382.41
2026-05-06 15:00:00+00:00,1.949,1.963,1.919,1.921,162112.36
2026-05-06 16:00:00+00:00,1.921,1.928,1.887,1.916,150325.23
2026-05-06 17:00:00+00:00,1.917,1.926,1.916,1.923,55046.58
2026-05-06 18:00:00+00:00,1.923,1.926,1.906,1.906,65683.39
2026-05-06 19:00:00+00:00,1.908,1.917,1.907,1.915,29363.49
2026-05-06 20:00:00+00:00,1.914,1.916,1.9,1.902,49720.87
2026-05-06 21:00:00+00:00,1.902,1.92,1.899,1.918,24632.23
2026-05-06 22:00:00+00:00,1.918,1.918,1.903,1.904,23038.02
2026-05-06 23:00:00+00:00,1.904,1.904,1.892,1.902,28983.65
2026-05-07 00:00:00+00:00,1.902,1.908,1.892,1.896,32960.19
2026-05-07 01:00:00+00:00,1.895,1.895,1.879,1.885,49230.46
2026-05-07 02:00:00+00:00,1.886,1.889,1.876,1.886,43641.54
2026-05-07 03:00:00+00:00,1.885,1.886,1.872,1.874,24276.02
2026-05-07 04:00:00+00:00,1.873,1.892,1.873,1.889,53809.68
2026-05-07 05:00:00+00:00,1.89,1.91,1.89,1.91,80323.29
2026-05-07 06:00:00+00:00,1.91,1.932,1.9,1.932,97274.16
2026-05-07 07:00:00+00:00,1.932,1.94,1.916,1.94,102917.2
2026-05-07 08:00:00+00:00,1.941,1.947,1.92,1.92,54974.63
2026-05-07 09:00:00+00:00,1.921,1.933,1.916,1.925,113204.94
2026-05-07 10:00:00+00:00,1.924,1.931,1.915,1.919,48047.74
2026-05-07 11:00:00+00:00,1.92,1.923,1.908,1.914,28651.69
2026-05-07 12:00:00+00:00,1.915,1.927,1.915,1.927,42948.66
2026-05-07 13:00:00+00:00,1.927,1.928,1.906,1.909,46151.44
2026-05-07 14:00:00+00:00,1.909,1.917,1.892,1.901,57683.25
2026-05-07 15:00:00+00:00,1.9,1.9,1.873,1.884,99059.93
2026-05-07 16:00:00+00:00,1.884,1.892,1.881,1.886,38367.47
2026-05-07 17:00:00+00:00,1.886,1.894,1.881,1.888,31828.73
2026-05-07 18:00:00+00:00,1.888,1.892,1.877,1.881,18243.26
2026-05-07 19:00:00+00:00,1.882,1.897,1.878,1.886,42094.71
2026-05-07 20:00:00+00:00,1.886,1.893,1.879,1.879,20147.98
2026-05-07 21:00:00+00:00,1.879,1.891,1.87,1.885,23503.87
2026-05-07 22:00:00+00:00,1.885,1.889,1.877,1.881,20417.91
2026-05-07 23:00:00+00:00,1.88,1.888,1.88,1.886,13747.18
2026-05-08 00:00:00+00:00,1.886,1.888,1.857,1.862,78325.36
2026-05-08 01:00:00+00:00,1.863,1.865,1.856,1.863,13145.43
2026-05-08 02:00:00+00:00,1.864,1.87,1.854,1.864,26226.16
2026-05-08 03:00:00+00:00,1.864,1.874,1.859,1.869,26606.08
2026-05-08 04:00:00+00:00,1.868,1.877,1.866,1.874,23631.32
2026-05-08 05:00:00+00:00,1.874,1.881,1.87,1.878,32105.38
2026-05-08 06:00:00+00:00,1.878,1.878,1.866,1.869,19283.18
2026-05-08 07:00:00+00:00,1.869,1.873,1.858,1.872,84415.38
2026-05-08 08:00:00+00:00,1.871,1.878,1.87,1.876,48078.48
2026-05-08 09:00:00+00:00,1.876,1.883,1.867,1.872,56493.84
2026-05-08 10:00:00+00:00,1.873,1.878,1.863,1.866,54001.07
2026-05-08 11:00:00+00:00,1.864,1.879,1.862,1.878,25520.47
2026-05-08 12:00:00+00:00,1.879,1.886,1.874,1.876,65790.88
2026-05-08 13:00:00+00:00,1.876,1.878,1.861,1.868,74758.52
2026-05-08 14:00:00+00:00,1.869,1.884,1.868,1.881,44134.28
2026-05-08 15:00:00+00:00,1.881,1.908,1.877,1.907,91928.93
2026-05-08 16:00:00+00:00,1.906,1.911,1.894,1.899,104429.87
2026-05-08 17:00:00+00:00,1.899,1.926,1.894,1.922,111376.53
2026-05-08 18:00:00+00:00,1.922,1.944,1.922,1.926,119151.98
2026-05-08 19:00:00+00:00,1.926,1.934,1.921,1.922,121565.81
2026-05-08 20:00:00+00:00,1.924,1.936,1.921,1.933,41549.84
2026-05-08 21:00:00+00:00,1.933,1.95,1.928,1.949,55335.31
2026-05-08 22:00:00+00:00,1.949,1.961,1.936,1.943,96424.57
2026-05-08 23:00:00+00:00,1.943,1.96,1.943,1.95,50459.25
2026-05-09 00:00:00+00:00,1.951,1.987,1.949,1.985,142493.92
2026-05-09 01:00:00+00:00,1.985,1.992,1.978,1.98,58731.23
2026-05-09 02:00:00+00:00,1.98,1.99,1.972,1.989,68047.36
2026-05-09 03:00:00+00:00,1.989,1.994,1.974,1.979,34782.84
2026-05-09 04:00:00+00:00,1.979,1.987,1.976,1.978,33739.02
2026-05-09 05:00:00+00:00,1.978,1.989,1.976,1.983,8932.56
2026-05-09 06:00:00+00:00,1.983,1.985,1.963,1.972,43054.01
2026-05-09 07:00:00+00:00,1.971,1.979,1.968,1.97,21041.77
2026-05-09 08:00:00+00:00,1.97,1.979,1.97,1.976,45318.18
2026-05-09 09:00:00+00:00,1.974,1.976,1.963,1.968,21860.67
2026-05-09 10:00:00+00:00,1.968,1.968,1.959,1.965,40269.83
2026-05-09 11:00:00+00:00,1.965,1.969,1.964,1.968,30777.64
2026-05-09 12:00:00+00:00,1.965,1.972,1.96,1.961,32792.51
2026-05-09 13:00:00+00:00,1.962,1.962,1.948,1.952,112461.66
2026-05-09 14:00:00+00:00,1.951,1.951,1.94,1.942,37490.4
2026-05-09 15:00:00+00:00,1.942,1.943,1.93,1.932,34214.68
2026-05-09 16:00:00+00:00,1.932,1.939,1.93,1.932,9744.0
2026-05-09 17:00:00+00:00,1.932,1.943,1.932,1.937,9073.54
2026-05-09 18:00:00+00:00,1.938,1.943,1.937,1.942,11553.89
2026-05-09 19:00:00+00:00,1.943,1.944,1.939,1.941,5596.59
2026-05-09 20:00:00+00:00,1.941,1.941,1.936,1.937,6351.06
2026-05-09 21:00:00+00:00,1.937,1.939,1.935,1.935,14074.52
2026-05-09 22:00:00+00:00,1.936,1.94,1.933,1.935,8252.35
2026-05-09 23:00:00+00:00,1.936,1.939,1.929,1.937,27797.57
2026-05-10 00:00:00+00:00,1.937,1.937,1.906,1.911,92489.45
2026-05-10 01:00:00+00:00,1.913,1.913,1.896,1.906,32215.66
2026-05-10 02:00:00+00:00,1.906,1.921,1.903,1.916,21711.67
2026-05-10 03:00:00+00:00,1.916,1.921,1.914,1.915,7755.49
2026-05-10 04:00:00+00:00,1.916,1.924,1.914,1.921,13776.47
2026-05-10 05:00:00+00:00,1.92,1.935,1.918,1.931,49508.51
2026-05-10 06:00:00+00:00,1.931,1.934,1.925,1.928,18505.23
2026-05-10 07:00:00+00:00,1.928,1.933,1.921,1.925,26154.47
2026-05-10 08:00:00+00:00,1.926,1.936,1.926,1.933,11175.27
2026-05-10 09:00:00+00:00,1.935,1.94,1.934,1.937,20956.18
2026-05-10 10:00:00+00:00,1.937,1.944,1.933,1.943,42409.95
2026-05-10 11:00:00+00:00,1.942,1.943,1.93,1.933,18642.87
2026-05-10 12:00:00+00:00,1.933,1.951,1.933,1.947,49797.96
2026-05-10 13:00:00+00:00,1.947,1.953,1.941,1.944,40827.91
2026-05-10 14:00:00+00:00,1.945,1.952,1.939,1.942,20727.99
2026-05-10 15:00:00+00:00,1.941,2.033,1.941,2.027,768317.33
2026-05-10 16:00:00+00:00,2.026,2.052,2.009,2.016,262709.02
2026-05-10 17:00:00+00:00,2.015,2.04,2.01,2.036,153569.8
2026-05-10 18:00:00+00:00,2.036,2.045,2.033,2.041,99570.58
2026-05-10 19:00:00+00:00,2.04,2.05,2.031,2.035,71173.25
2026-05-10 20:00:00+00:00,2.036,2.045,1.97,1.993,238077.23
2026-05-10 21:00:00+00:00,1.993,2.009,1.978,1.998,112050.85
2026-05-10 22:00:00+00:00,1.997,2.023,1.994,2.022,73313.59
2026-05-10 23:00:00+00:00,2.023,2.027,2.01,2.013,65538.88
2026-05-11 00:00:00+00:00,2.013,2.026,1.993,2.002,103402.83
2026-05-11 01:00:00+00:00,2.002,2.043,1.999,2.035,239765.3
2026-05-11 02:00:00+00:00,2.034,2.034,1.995,1.995,124858.43
2026-05-11 03:00:00+00:00,1.997,1.998,1.975,1.991,138617.55
2026-05-11 04:00:00+00:00,1.991,2.004,1.98,1.988,98185.7
2026-05-11 05:00:00+00:00,1.989,2.01,1.987,2.004,43169.68
2026-05-11 06:00:00+00:00,2.006,2.021,2.002,2.01,96453.7
2026-05-11 07:00:00+00:00,2.009,2.028,2.004,2.027,123257.33
2026-05-11 08:00:00+00:00,2.028,2.041,2.022,2.034,153188.24
2026-05-11 09:00:00+00:00,2.033,2.063,2.027,2.063,227862.5
2026-05-11 10:00:00+00:00,2.063,2.109,2.05,2.054,815247.91
2026-05-11 11:00:00+00:00,2.054,2.069,2.032,2.036,282195.92
2026-05-11 12:00:00+00:00,2.036,2.04,2.019,2.025,160967.13
2026-05-11 13:00:00+00:00,2.027,2.032,1.998,2.005,196507.81
2026-05-11 14:00:00+00:00,2.006,2.021,1.988,1.999,187676.16
2026-05-11 15:00:00+00:00,1.999,2.011,1.988,2.006,118619.28
2026-05-11 16:00:00+00:00,2.007,2.027,2.001,2.005,110200.61
2026-05-11 17:00:00+00:00,2.006,2.016,1.996,2.006,64991.44
2026-05-11 18:00:00+00:00,2.006,2.009,1.994,2.002,107390.0
2026-05-11 19:00:00+00:00,2.002,2.02,2.001,2.018,61311.04
2026-05-11 20:00:00+00:00,2.019,2.024,2.01,2.021,100705.62
2026-05-11 21:00:00+00:00,2.02,2.039,2.02,2.029,80367.99
2026-05-11 22:00:00+00:00,2.029,2.033,2.018,2.031,34939.94
2026-05-11 23:00:00+00:00,2.031,2.051,2.02,2.043,137734.57
2026-05-12 00:00:00+00:00,2.043,2.045,2.025,2.039,80646.3
2026-05-12 01:00:00+00:00,2.039,2.041,2.009,2.02,78193.81
2026-05-12 02:00:00+00:00,2.021,2.027,2.008,2.019,34777.7
2026-05-12 03:00:00+00:00,2.019,2.026,2.017,2.024,74492.1
2026-05-12 04:00:00+00:00,2.025,2.026,2.013,2.021,47554.88
2026-05-12 05:00:00+00:00,2.021,2.057,2.019,2.052,175507.56
2026-05-12 06:00:00+00:00,2.051,2.065,2.044,2.059,166718.1
2026-05-12 07:00:00+00:00,2.058,2.071,2.043,2.049,162111.77
2026-05-12 08:00:00+00:00,2.049,2.074,2.044,2.069,163021.04
2026-05-12 09:00:00+00:00,2.069,2.079,2.049,2.065,168134.25
2026-05-12 10:00:00+00:00,2.065,2.08,2.035,2.036,257895.38
2026-05-12 11:00:00+00:00,2.037,2.043,2.026,2.038,171926.6
2026-05-12 12:00:00+00:00,2.04,2.052,2.02,2.027,120783.68
2026-05-12 13:00:00+00:00,2.027,2.029,1.999,2.0,107663.78
2026-05-12 14:00:00+00:00,2.0,2.015,1.982,1.987,156841.94
2026-05-12 15:00:00+00:00,1.987,2.019,1.981,2.012,124875.46
2026-05-12 16:00:00+00:00,2.012,2.031,2.002,2.03,127413.61
2026-05-12 17:00:00+00:00,2.031,2.079,2.031,2.074,354521.98
2026-05-12 18:00:00+00:00,2.075,2.14,2.072,2.107,621540.44
2026-05-12 19:00:00+00:00,2.108,2.151,2.106,2.149,353103.58
2026-05-12 20:00:00+00:00,2.149,2.182,2.118,2.135,490233.23
2026-05-12 21:00:00+00:00,2.135,2.136,2.09,2.104,174401.4
2026-05-12 22:00:00+00:00,2.104,2.125,2.104,2.117,125676.9
2026-05-12 23:00:00+00:00,2.117,2.119,2.1,2.105,62989.6
2026-05-13 00:00:00+00:00,2.106,2.135,2.1,2.134,267113.01
2026-05-13 01:00:00+00:00,2.134,2.158,2.123,2.155,190379.73
2026-05-13 02:00:00+00:00,2.156,2.192,2.153,2.168,420849.81
2026-05-13 03:00:00+00:00,2.168,2.187,2.136,2.141,541307.64
2026-05-13 04:00:00+00:00,2.141,2.193,2.136,2.188,212356.88
2026-05-13 05:00:00+00:00,2.189,2.235,2.154,2.168,643032.38
2026-05-13 06:00:00+00:00,2.169,2.169,2.111,2.115,161553.15
2026-05-13 07:00:00+00:00,2.114,2.139,2.111,2.138,85997.01
2026-05-13 08:00:00+00:00,2.138,2.153,2.127,2.137,99902.75
2026-05-13 09:00:00+00:00,2.136,2.153,2.125,2.153,183343.81
2026-05-13 10:00:00+00:00,2.154,2.177,2.142,2.146,312208.76
2026-05-13 11:00:00+00:00,2.147,2.152,2.104,2.112,230143.83
2026-05-13 12:00:00+00:00,2.112,2.118,2.061,2.075,326069.37
2026-05-13 13:00:00+00:00,2.076,2.09,2.058,2.062,128425.63
2026-05-13 14:00:00+00:00,2.061,2.076,2.047,2.056,119989.83
2026-05-13 15:00:00+00:00,2.056,2.065,2.03,2.033,205897.0
2026-05-13 16:00:00+00:00,2.033,2.061,2.03,2.057,163735.32
2026-05-13 17:00:00+00:00,2.058,2.069,2.052,2.054,89801.74
2026-05-13 18:00:00+00:00,2.053,2.071,2.052,2.062,66680.05
2026-05-13 19:00:00+00:00,2.062,2.076,2.051,2.069,89317.64
2026-05-13 20:00:00+00:00,2.07,2.095,2.07,2.082,76092.8
2026-05-13 21:00:00+00:00,2.082,2.083,2.041,2.053,111093.17
2026-05-13 22:00:00+00:00,2.054,2.062,2.039,2.045,67236.21
2026-05-13 23:00:00+00:00,2.046,2.047,2.035,2.04,73252.86
2026-05-14 00:00:00+00:00,2.039,2.041,2.022,2.034,116631.43
2026-05-14 01:00:00+00:00,2.033,2.041,2.022,2.03,85111.08
2026-05-14 02:00:00+00:00,2.029,2.038,2.011,2.013,64567.0
2026-05-14 03:00:00+00:00,2.013,2.02,2.002,2.009,57512.67
2026-05-14 04:00:00+00:00,2.009,2.024,2.005,2.018,59310.23
2026-05-14 05:00:00+00:00,2.018,2.022,2.012,2.018,25807.79
2026-05-14 06:00:00+00:00,2.017,2.038,2.01,2.011,110112.13
2026-05-14 07:00:00+00:00,2.01,2.016,2.0,2.007,56518.6
2026-05-14 08:00:00+00:00,2.006,2.017,2.0,2.012,69623.06
2026-05-14 09:00:00+00:00,2.011,2.019,2.007,2.007,56783.1
2026-05-14 10:00:00+00:00,2.007,2.014,2.0,2.014,45741.78
2026-05-14 11:00:00+00:00,2.014,2.016,1.999,2.004,48584.85
2026-05-14 12:00:00+00:00,2.004,2.028,1.997,2.023,96588.23
2026-05-14 13:00:00+00:00,2.024,2.038,2.018,2.031,130043.2
2026-05-14 14:00:00+00:00,2.031,2.049,2.028,2.045,181194.44
2026-05-14 15:00:00+00:00,2.044,2.065,2.038,2.05,141504.03
2026-05-14 16:00:00+00:00,2.05,2.073,2.039,2.054,86610.74
2026-05-14 17:00:00+00:00,2.054,2.058,2.042,2.052,38665.48
2026-05-14 18:00:00+00:00,2.052,2.06,2.046,2.054,55921.59
2026-05-14 19:00:00+00:00,2.054,2.058,2.046,2.051,58144.24
2026-05-14 20:00:00+00:00,2.051,2.053,2.034,2.047,59494.63
2026-05-14 21:00:00+00:00,2.048,2.05,2.039,2.048,20718.18
2026-05-14 22:00:00+00:00,2.049,2.06,2.048,2.055,38795.23
2026-05-14 23:00:00+00:00,2.055,2.065,2.043,2.043,30849.36
2026-05-15 00:00:00+00:00,2.045,2.054,2.04,2.043,49852.07
2026-05-15 01:00:00+00:00,2.043,2.046,2.027,2.03,40157.97
2026-05-15 02:00:00+00:00,2.029,2.036,2.014,2.029,55721.14
2026-05-15 03:00:00+00:00,2.028,2.03,2.014,2.027,136157.38
2026-05-15 04:00:00+00:00,2.027,2.028,2.014,2.014,11662.26
2026-05-15 05:00:00+00:00,2.013,2.017,1.99,1.995,113816.57
2026-05-15 06:00:00+00:00,1.995,2.012,1.993,2.008,20625.72
2026-05-15 07:00:00+00:00,2.009,2.018,2.004,2.013,162038.43
2026-05-15 08:00:00+00:00,2.014,2.017,2.002,2.006,43720.5
2026-05-15 09:00:00+00:00,2.007,2.007,1.99,1.992,43100.18
2026-05-15 10:00:00+00:00,1.992,2.013,1.991,2.01,51175.64
2026-05-15 11:00:00+00:00,2.009,2.013,2.0,2.005,23584.43
2026-05-15 12:00:00+00:00,2.006,2.01,1.997,1.998,27280.48
2026-05-15 13:00:00+00:00,1.998,2.009,1.94,1.946,253535.32
2026-05-15 14:00:00+00:00,1.947,1.967,1.938,1.961,103210.98
2026-05-15 15:00:00+00:00,1.962,1.965,1.929,1.939,139113.67
2026-05-15 16:00:00+00:00,1.939,1.956,1.936,1.945,53220.44
2026-05-15 17:00:00+00:00,1.946,1.955,1.942,1.954,30326.19
2026-05-15 18:00:00+00:00,1.954,1.956,1.942,1.949,20049.68
2026-05-15 19:00:00+00:00,1.948,1.948,1.936,1.938,30266.86
2026-05-15 20:00:00+00:00,1.937,1.939,1.93,1.935,29505.52
2026-05-15 21:00:00+00:00,1.935,1.942,1.925,1.932,28933.21
2026-05-15 22:00:00+00:00,1.933,1.938,1.93,1.934,25870.38
2026-05-15 23:00:00+00:00,1.933,1.933,1.923,1.929,18470.06
2026-05-16 00:00:00+00:00,1.929,1.936,1.923,1.934,16692.36
2026-05-16 01:00:00+00:00,1.935,1.938,1.922,1.929,36736.21
2026-05-16 02:00:00+00:00,1.929,1.936,1.927,1.936,18760.43
2026-05-16 03:00:00+00:00,1.936,1.945,1.934,1.939,32210.2
2026-05-16 04:00:00+00:00,1.939,1.941,1.924,1.938,27973.58
2026-05-16 05:00:00+00:00,1.938,1.953,1.934,1.944,78165.89
2026-05-16 06:00:00+00:00,1.944,1.949,1.929,1.946,115004.05
2026-05-16 07:00:00+00:00,1.945,1.95,1.91,1.948,163590.8
2026-05-16 08:00:00+00:00,1.949,1.965,1.941,1.945,149637.12
2026-05-16 09:00:00+00:00,1.945,1.946,1.91,1.926,87493.32
2026-05-16 10:00:00+00:00,1.925,1.947,1.912,1.946,85975.67
2026-05-16 11:00:00+00:00,1.947,1.974,1.947,1.973,139357.69
2026-05-16 12:00:00+00:00,1.974,2.0,1.968,1.99,182004.56
2026-05-16 13:00:00+00:00,1.99,1.996,1.963,1.996,203777.72
2026-05-16 14:00:00+00:00,1.997,2.013,1.985,2.003,147729.38
2026-05-16 15:00:00+00:00,2.003,2.007,1.982,1.996,157963.49
2026-05-16 16:00:00+00:00,1.997,2.006,1.988,2.002,103019.01
2026-05-16 17:00:00+00:00,2.003,2.019,1.999,2.005,118130.39
2026-05-16 18:00:00+00:00,2.006,2.014,1.996,2.014,74681.0
2026-05-16 19:00:00+00:00,2.014,2.04,2.011,2.034,135704.63
2026-05-16 20:00:00+00:00,2.035,2.043,2.024,2.032,117730.08
2026-05-16 21:00:00+00:00,2.032,2.057,2.032,2.054,137468.18
2026-05-16 22:00:00+00:00,2.053,2.056,2.031,2.047,91696.03
2026-05-16 23:00:00+00:00,2.046,2.058,2.035,2.039,138746.3
2026-05-17 00:00:00+00:00,2.039,2.061,2.034,2.043,201909.26
2026-05-17 01:00:00+00:00,2.043,2.052,2.006,2.008,176613.4
2026-05-17 02:00:00+00:00,2.01,2.027,2.008,2.017,89285.49
2026-05-17 03:00:00+00:00,2.017,2.066,2.014,2.066,172968.29
2026-05-17 04:00:00+00:00,2.066,2.075,2.047,2.057,232742.94
2026-05-17 05:00:00+00:00,2.057,2.059,2.035,2.044,122574.22
2026-05-17 06:00:00+00:00,2.045,2.053,2.028,2.047,57142.11
2026-05-17 07:00:00+00:00,2.047,2.081,2.04,2.075,183173.33
2026-05-17 08:00:00+00:00,2.075,2.093,2.069,2.089,135489.11
2026-05-17 09:00:00+00:00,2.089,2.105,2.078,2.094,178787.51
2026-05-17 10:00:00+00:00,2.095,2.14,2.082,2.089,293192.23
2026-05-17 11:00:00+00:00,2.089,2.098,2.072,2.078,145085.46
2026-05-17 12:00:00+00:00,2.078,2.088,2.064,2.07,122555.8
2026-05-17 13:00:00+00:00,2.07,2.072,2.054,2.069,107446.53
2026-05-17 14:00:00+00:00,2.07,2.083,2.062,2.08,179098.98
2026-05-17 15:00:00+00:00,2.081,2.083,2.061,2.072,125335.79
2026-05-17 16:00:00+00:00,2.072,2.074,2.048,2.049,84061.04
2026-05-17 17:00:00+00:00,2.05,2.059,2.044,2.053,58050.37
2026-05-17 18:00:00+00:00,2.053,2.062,2.043,2.057,22508.53
2026-05-17 19:00:00+00:00,2.057,2.076,2.057,2.063,72858.08
2026-05-17 20:00:00+00:00,2.063,2.068,2.055,2.064,34374.76
2026-05-17 21:00:00+00:00,2.063,2.075,2.06,2.069,31355.63
2026-05-17 22:00:00+00:00,2.068,2.068,2.045,2.049,43945.47
2026-05-17 23:00:00+00:00,2.048,2.052,1.99,2.035,181770.07
2026-05-18 00:00:00+00:00,2.034,2.035,2.011,2.027,119103.93
2026-05-18 01:00:00+00:00,2.027,2.049,2.009,2.042,118012.61
2026-05-18 02:00:00+00:00,2.041,2.063,2.039,2.051,110263.02
2026-05-18 03:00:00+00:00,2.052,2.064,2.039,2.039,36172.0
2026-05-18 04:00:00+00:00,2.038,2.078,2.031,2.075,108536.12
2026-05-18 05:00:00+00:00,2.076,2.084,2.06,2.067,118492.13
2026-05-18 06:00:00+00:00,2.067,2.089,2.049,2.067,216350.38
2026-05-18 07:00:00+00:00,2.068,2.074,2.048,2.06,89964.66
2026-05-18 08:00:00+00:00,2.059,2.071,2.045,2.048,61638.44
2026-05-18 09:00:00+00:00,2.049,2.051,2.027,2.032,64503.46
2026-05-18 10:00:00+00:00,2.033,2.038,2.019,2.019,46400.57
2026-05-18 11:00:00+00:00,2.02,2.048,2.011,2.026,87951.56
2026-05-18 12:00:00+00:00,2.025,2.045,2.025,2.031,65816.01
2026-05-18 13:00:00+00:00,2.03,2.044,2.015,2.036,72301.95
2026-05-18 14:00:00+00:00,2.035,2.035,2.007,2.008,57563.07
2026-05-18 15:00:00+00:00,2.009,2.029,1.986,2.024,131669.82
2026-05-18 16:00:00+00:00,2.024,2.043,2.012,2.04,103909.85
2026-05-18 17:00:00+00:00,2.041,2.053,2.031,2.037,154695.55
2026-05-18 18:00:00+00:00,2.037,2.037,2.009,2.013,61025.92
2026-05-18 19:00:00+00:00,2.012,2.05,2.011,2.037,78856.9
2026-05-18 20:00:00+00:00,2.038,2.047,2.023,2.026,46830.07
2026-05-18 21:00:00+00:00,2.026,2.048,2.024,2.048,29757.48
2026-05-18 22:00:00+00:00,2.048,2.055,2.045,2.055,40124.8
2026-05-18 23:00:00+00:00,2.055,2.077,2.054,2.076,61637.43
2026-05-19 00:00:00+00:00,2.076,2.093,2.068,2.075,152089.07
2026-05-19 01:00:00+00:00,2.075,2.077,2.053,2.053,45207.94
2026-05-19 02:00:00+00:00,2.052,2.061,2.046,2.051,50546.89
2026-05-19 03:00:00+00:00,2.052,2.072,2.05,2.058,47706.24
2026-05-19 04:00:00+00:00,2.059,2.064,2.049,2.057,35688.15
2026-05-19 05:00:00+00:00,2.057,2.067,2.049,2.053,23073.63
2026-05-19 06:00:00+00:00,2.052,2.066,2.051,2.058,17880.85
2026-05-19 07:00:00+00:00,2.057,2.08,2.05,2.07,92239.57
2026-05-19 08:00:00+00:00,2.07,2.075,2.06,2.07,36737.59
2026-05-19 09:00:00+00:00,2.07,2.078,2.054,2.056,43320.48
2026-05-19 10:00:00+00:00,2.056,2.082,2.053,2.081,76707.29
2026-05-19 11:00:00+00:00,2.08,2.084,2.038,2.039,89484.56
2026-05-19 12:00:00+00:00,2.039,2.046,2.036,2.043,29150.05
2026-05-19 13:00:00+00:00,2.043,2.051,2.033,2.042,89456.29
2026-05-19 14:00:00+00:00,2.042,2.046,2.019,2.027,65791.19
2026-05-19 15:00:00+00:00,2.025,2.039,2.017,2.033,56660.14
2026-05-19 16:00:00+00:00,2.034,2.083,2.034,2.079,175374.21
2026-05-19 17:00:00+00:00,2.08,2.089,2.066,2.07,99076.95
2026-05-19 18:00:00+00:00,2.07,2.081,2.058,2.058,67428.9
2026-05-19 19:00:00+00:00,2.057,2.063,2.046,2.047,39382.76
2026-05-19 20:00:00+00:00,2.046,2.063,2.045,2.059,30003.03
2026-05-19 21:00:00+00:00,2.061,2.067,2.049,2.049,76646.49
2026-05-19 22:00:00+00:00,2.048,2.05,2.036,2.044,24323.31
2026-05-19 23:00:00+00:00,2.042,2.052,2.041,2.041,19857.62
2026-05-20 00:00:00+00:00,2.04,2.04,2.006,2.012,106264.13
2026-05-20 01:00:00+00:00,2.011,2.025,2.008,2.017,18477.36
2026-05-20 02:00:00+00:00,2.018,2.023,2.004,2.01,19582.16
2026-05-20 03:00:00+00:00,2.01,2.016,2.003,2.006,19194.89
2026-05-20 04:00:00+00:00,2.007,2.011,2.0,2.003,21124.76
2026-05-20 05:00:00+00:00,2.003,2.023,1.998,2.022,43728.15
2026-05-20 06:00:00+00:00,2.022,2.025,2.012,2.019,23900.14
2026-05-20 07:00:00+00:00,2.019,2.024,2.013,2.015,26902.54
2026-05-20 08:00:00+00:00,2.016,2.024,2.014,2.017,20742.51
2026-05-20 09:00:00+00:00,2.016,2.018,2.003,2.007,43372.23
2026-05-20 10:00:00+00:00,2.008,2.014,2.003,2.005,33043.14
2026-05-20 11:00:00+00:00,2.005,2.009,1.994,2.001,38396.78
2026-05-20 12:00:00+00:00,1.999,2.008,1.994,2.004,48799.37
2026-05-20 13:00:00+00:00,2.005,2.009,1.99,2.003,61263.0
2026-05-20 14:00:00+00:00,2.003,2.015,1.998,2.014,61475.03
2026-05-20 15:00:00+00:00,2.013,2.024,2.005,2.021,48373.81
2026-05-20 16:00:00+00:00,2.022,2.031,2.007,2.012,41416.24
2026-05-20 17:00:00+00:00,2.011,2.019,2.006,2.014,15710.11
2026-05-20 18:00:00+00:00,2.013,2.013,2.001,2.009,36359.47
2026-05-20 19:00:00+00:00,2.008,2.015,2.004,2.005,18134.47
2026-05-20 20:00:00+00:00,2.006,2.011,1.998,2.003,15537.6
2026-05-20 21:00:00+00:00,2.003,2.007,2.0,2.001,9124.92
2026-05-20 22:00:00+00:00,2.0,2.001,1.979,1.989,40813.57
2026-05-20 23:00:00+00:00,1.988,1.993,1.982,1.992,7452.79
2026-05-21 00:00:00+00:00,1.992,2.022,1.991,2.019,69564.56
2026-05-21 01:00:00+00:00,2.018,2.06,2.013,2.05,203956.14
2026-05-21 02:00:00+00:00,2.049,2.06,2.039,2.049,48951.0
2026-05-21 03:00:00+00:00,2.049,2.063,2.045,2.062,60829.41
2026-05-21 04:00:00+00:00,2.062,2.075,2.056,2.074,87105.65
2026-05-21 05:00:00+00:00,2.073,2.081,2.063,2.067,78481.14
2026-05-21 06:00:00+00:00,2.067,2.082,2.066,2.08,76316.2
2026-05-21 07:00:00+00:00,2.079,2.083,2.062,2.074,91887.42
2026-05-21 08:00:00+00:00,2.075,2.084,2.06,2.069,74313.4
2026-05-21 09:00:00+00:00,2.07,2.078,2.057,2.057,46413.5
2026-05-21 10:00:00+00:00,2.057,2.063,2.028,2.029,97309.98
2026-05-21 11:00:00+00:00,2.028,2.031,2.02,2.02,28385.05
2026-05-21 12:00:00+00:00,2.02,2.029,2.015,2.02,40215.75
2026-05-21 13:00:00+00:00,2.021,2.029,2.015,2.023,50199.5
2026-05-21 14:00:00+00:00,2.024,2.027,2.004,2.009,54752.28
2026-05-21 15:00:00+00:00,2.008,2.013,1.995,2.001,92151.11
2026-05-21 16:00:00+00:00,2.0,2.013,1.994,2.001,40240.23
2026-05-21 17:00:00+00:00,2.001,2.037,2.0,2.032,80814.11
2026-05-21 18:00:00+00:00,2.031,2.043,2.024,2.035,61939.96
2026-05-21 19:00:00+00:00,2.035,2.052,2.033,2.048,65445.51
2026-05-21 20:00:00+00:00,2.048,2.062,2.047,2.053,63773.14
2026-05-21 21:00:00+00:00,2.052,2.057,2.045,2.048,49413.25
2026-05-21 22:00:00+00:00,2.049,2.06,2.048,2.058,11635.45
2026-05-21 23:00:00+00:00,2.059,2.062,2.046,2.052,40906.89
2026-05-22 00:00:00+00:00,2.052,2.053,2.039,2.046,34506.19
2026-05-22 01:00:00+00:00,2.045,2.058,2.044,2.058,18971.37
2026-05-22 02:00:00+00:00,2.059,2.075,2.056,2.074,62273.76
2026-05-22 03:00:00+00:00,2.074,2.151,2.074,2.15,268607.32
2026-05-22 04:00:00+00:00,2.15,2.16,2.114,2.127,137138.13
2026-05-22 05:00:00+00:00,2.126,2.168,2.117,2.15,188492.6
2026-05-22 06:00:00+00:00,2.151,2.164,2.131,2.14,94368.38
2026-05-22 07:00:00+00:00,2.141,2.155,2.114,2.127,111533.36
2026-05-22 08:00:00+00:00,2.127,2.152,2.12,2.147,118015.01
2026-05-22 09:00:00+00:00,2.146,2.156,2.137,2.149,53656.55
2026-05-22 10:00:00+00:00,2.148,2.172,2.146,2.161,99113.16
2026-05-22 11:00:00+00:00,2.161,2.19,2.154,2.186,110797.97
2026-05-22 12:00:00+00:00,2.186,2.187,2.147,2.169,107821.9
2026-05-22 13:00:00+00:00,2.17,2.171,2.141,2.149,87348.12
2026-05-22 14:00:00+00:00,2.147,2.152,2.121,2.127,111320.01
2026-05-22 15:00:00+00:00,2.127,2.151,2.122,2.149,86836.03
2026-05-22 16:00:00+00:00,2.149,2.159,2.13,2.138,69786.44
2026-05-22 17:00:00+00:00,2.137,2.156,2.137,2.141,67245.22
2026-05-22 18:00:00+00:00,2.14,2.147,2.096,2.098,146045.71
2026-05-22 19:00:00+00:00,2.097,2.107,2.057,2.076,167215.39
2026-05-22 20:00:00+00:00,2.073,2.087,2.058,2.087,70247.74
2026-05-22 21:00:00+00:00,2.088,2.106,2.087,2.088,64261.94
2026-05-22 22:00:00+00:00,2.088,2.093,2.078,2.086,57288.59
2026-05-22 23:00:00+00:00,2.086,2.095,2.059,2.07,74042.71
2026-05-23 00:00:00+00:00,2.07,2.093,2.064,2.087,98659.15
2026-05-23 01:00:00+00:00,2.088,2.119,2.088,2.118,118416.67
2026-05-23 02:00:00+00:00,2.118,2.136,2.108,2.126,68889.99
2026-05-23 03:00:00+00:00,2.127,2.137,2.113,2.113,47490.08
2026-05-23 04:00:00+00:00,2.113,2.128,2.099,2.1,68389.58
2026-05-23 05:00:00+00:00,2.101,2.102,2.076,2.077,61044.72
2026-05-23 06:00:00+00:00,2.078,2.084,2.071,2.077,42825.97
2026-05-23 07:00:00+00:00,2.077,2.079,2.029,2.037,162890.31
2026-05-23 08:00:00+00:00,2.036,2.046,2.024,2.036,81454.83
2026-05-23 09:00:00+00:00,2.035,2.044,2.029,2.031,33465.71
2026-05-23 10:00:00+00:00,2.03,2.034,2.022,2.023,64377.41
2026-05-23 11:00:00+00:00,2.024,2.034,2.018,2.021,22902.59
2026-05-23 12:00:00+00:00,2.021,2.028,2.008,2.027,47678.2
2026-05-23 13:00:00+00:00,2.027,2.054,2.027,2.052,33970.05
2026-05-23 14:00:00+00:00,2.052,2.063,2.049,2.052,58624.29
2026-05-23 15:00:00+00:00,2.053,2.072,2.053,2.069,26451.38
2026-05-23 16:00:00+00:00,2.069,2.08,2.065,2.078,48912.82
2026-05-23 17:00:00+00:00,2.079,2.082,2.06,2.062,45544.85
2026-05-23 18:00:00+00:00,2.061,2.096,2.061,2.085,49039.02
2026-05-23 19:00:00+00:00,2.085,2.093,2.08,2.085,14497.78
2026-05-23 20:00:00+00:00,2.085,2.146,2.083,2.146,109182.44
2026-05-23 21:00:00+00:00,2.146,2.15,2.112,2.128,104621.27
2026-05-23 22:00:00+00:00,2.128,2.136,2.106,2.11,70640.46
2026-05-23 23:00:00+00:00,2.109,2.117,2.104,2.11,30723.65
2026-05-24 00:00:00+00:00,2.11,2.117,2.103,2.108,21079.35
2026-05-24 01:00:00+00:00,2.109,2.115,2.106,2.114,25876.62
2026-05-24 02:00:00+00:00,2.114,2.123,2.104,2.108,22179.89
2026-05-24 03:00:00+00:00,2.107,2.115,2.1,2.105,16887.47
2026-05-24 04:00:00+00:00,2.105,2.112,2.095,2.095,28441.01
2026-05-24 05:00:00+00:00,2.094,2.094,2.073,2.086,32264.18
2026-05-24 06:00:00+00:00,2.085,2.108,2.085,2.105,42490.65
2026-05-24 07:00:00+00:00,2.105,2.108,2.093,2.101,73379.59
2026-05-24 08:00:00+00:00,2.102,2.122,2.094,2.118,85851.32
2026-05-24 09:00:00+00:00,2.117,2.132,2.109,2.124,65037.41
2026-05-24 10:00:00+00:00,2.123,2.123,2.096,2.1,104133.38
2026-05-24 11:00:00+00:00,2.101,2.106,2.093,2.101,48713.05
2026-05-24 12:00:00+00:00,2.102,2.102,2.083,2.088,20160.5
2026-05-24 13:00:00+00:00,2.089,2.09,2.065,2.073,40127.84
2026-05-24 14:00:00+00:00,2.073,2.078,2.041,2.05,72342.61
2026-05-24 15:00:00+00:00,2.05,2.06,2.047,2.055,23297.28
2026-05-24 16:00:00+00:00,2.056,2.061,2.044,2.051,24525.08
2026-05-24 17:00:00+00:00,2.05,2.056,2.046,2.046,12193.36
2026-05-24 18:00:00+00:00,2.046,2.051,2.038,2.042,13162.29
2026-05-24 19:00:00+00:00,2.042,2.049,2.039,2.044,22216.65
2026-05-24 20:00:00+00:00,2.045,2.045,2.031,2.034,22533.27
2026-05-24 21:00:00+00:00,2.033,2.04,1.998,2.012,137873.7
2026-05-24 22:00:00+00:00,2.013,2.059,2.012,2.041,92586.84
2026-05-24 23:00:00+00:00,2.042,2.056,2.035,2.054,31127.72
2026-05-25 00:00:00+00:00,2.055,2.072,2.05,2.06,65796.19
2026-05-25 01:00:00+00:00,2.062,2.067,2.054,2.056,28261.83
2026-05-25 02:00:00+00:00,2.056,2.072,2.056,2.058,41251.16
2026-05-25 03:00:00+00:00,2.06,2.073,2.054,2.071,26662.48
2026-05-25 04:00:00+00:00,2.072,2.102,2.068,2.092,78691.36
2026-05-25 05:00:00+00:00,2.093,2.146,2.093,2.146,113967.39
2026-05-25 06:00:00+00:00,2.146,2.188,2.137,2.18,192929.27
2026-05-25 07:00:00+00:00,2.181,2.189,2.131,2.139,146976.13
2026-05-25 08:00:00+00:00,2.14,2.159,2.138,2.158,76494.93
2026-05-25 09:00:00+00:00,2.157,2.163,2.135,2.144,96744.05
2026-05-25 10:00:00+00:00,2.145,2.152,2.134,2.138,42729.37
2026-05-25 11:00:00+00:00,2.138,2.138,2.121,2.125,158622.39
2026-05-25 12:00:00+00:00,2.126,2.14,2.116,2.131,38830.95
2026-05-25 13:00:00+00:00,2.131,2.136,2.124,2.129,31956.31
2026-05-25 14:00:00+00:00,2.13,2.147,2.128,2.143,62851.21
2026-05-25 15:00:00+00:00,2.143,2.15,2.125,2.138,33708.76
2026-05-25 16:00:00+00:00,2.139,2.168,2.129,2.158,107170.63
2026-05-25 17:00:00+00:00,2.159,2.173,2.149,2.162,88290.62
2026-05-25 18:00:00+00:00,2.164,2.179,2.151,2.153,65688.61
2026-05-25 19:00:00+00:00,2.152,2.152,2.134,2.139,47487.92
2026-05-25 20:00:00+00:00,2.138,2.157,2.134,2.138,25241.62
2026-05-25 21:00:00+00:00,2.138,2.16,2.138,2.156,26811.02
2026-05-25 22:00:00+00:00,2.156,2.158,2.124,2.128,28758.5
2026-05-25 23:00:00+00:00,2.127,2.146,2.123,2.136,29314.55
2026-05-26 00:00:00+00:00,2.136,2.159,2.12,2.134,147279.73
2026-05-26 01:00:00+00:00,2.133,2.163,2.118,2.16,102648.52
2026-05-26 02:00:00+00:00,2.161,2.185,2.147,2.174,213677.74
2026-05-26 03:00:00+00:00,2.175,2.183,2.126,2.176,170444.49
2026-05-26 04:00:00+00:00,2.177,2.183,2.146,2.151,110487.91
2026-05-26 05:00:00+00:00,2.152,2.156,2.136,2.139,93471.04
2026-05-26 06:00:00+00:00,2.139,2.149,2.132,2.146,59817.3
2026-05-26 07:00:00+00:00,2.148,2.153,2.133,2.151,150793.15
2026-05-26 08:00:00+00:00,2.15,2.169,2.142,2.162,96563.03
2026-05-26 09:00:00+00:00,2.162,2.177,2.151,2.169,117602.02
2026-05-26 10:00:00+00:00,2.169,2.235,2.161,2.233,213851.52
2026-05-26 11:00:00+00:00,2.234,2.261,2.217,2.237,195903.43
2026-05-26 12:00:00+00:00,2.236,2.236,2.204,2.218,111722.29
2026-05-26 13:00:00+00:00,2.217,2.263,2.215,2.26,116783.38
2026-05-26 14:00:00+00:00,2.261,2.298,2.232,2.235,248754.75
2026-05-26 15:00:00+00:00,2.235,2.256,2.225,2.254,191629.95
2026-05-26 16:00:00+00:00,2.253,2.265,2.216,2.252,170933.46
2026-05-26 17:00:00+00:00,2.253,2.261,2.191,2.201,149310.58
2026-05-26 18:00:00+00:00,2.199,2.207,2.171,2.176,75508.91
2026-05-26 19:00:00+00:00,2.178,2.204,2.171,2.197,102181.15
2026-05-26 20:00:00+00:00,2.197,2.216,2.196,2.2,137600.58
2026-05-26 21:00:00+00:00,2.2,2.218,2.178,2.192,83300.44
2026-05-26 22:00:00+00:00,2.192,2.209,2.188,2.207,52196.1
2026-05-26 23:00:00+00:00,2.207,2.221,2.204,2.218,45529.5
2026-05-27 00:00:00+00:00,2.218,2.256,2.206,2.249,180821.59
2026-05-27 01:00:00+00:00,2.249,2.263,2.23,2.23,107537.51
2026-05-27 02:00:00+00:00,2.229,2.241,2.216,2.238,83544.59
2026-05-27 03:00:00+00:00,2.238,2.24,2.217,2.224,51342.75
2026-05-27 04:00:00+00:00,2.223,2.225,2.184,2.202,100714.04
2026-05-27 05:00:00+00:00,2.202,2.231,2.194,2.23,84014.17
2026-05-27 06:00:00+00:00,2.23,2.237,2.216,2.234,58600.97
2026-05-27 07:00:00+00:00,2.234,2.247,2.226,2.241,114813.32
2026-05-27 08:00:00+00:00,2.242,2.244,2.209,2.214,65529.81
2026-05-27 09:00:00+00:00,2.214,2.238,2.212,2.231,52167.24
2026-05-27 10:00:00+00:00,2.231,2.244,2.219,2.225,84535.2
2026-05-27 11:00:00+00:00,2.224,2.263,2.206,2.211,173178.02
2026-05-27 12:00:00+00:00,2.212,2.227,2.192,2.192,168510.63
2026-05-27 13:00:00+00:00,2.192,2.2,2.173,2.191,85676.86
2026-05-27 14:00:00+00:00,2.191,2.208,2.167,2.206,110402.14
2026-05-27 15:00:00+00:00,2.205,2.208,2.182,2.185,56331.13
2026-05-27 16:00:00+00:00,2.186,2.194,2.164,2.165,50472.22
2026-05-27 17:00:00+00:00,2.164,2.172,2.148,2.156,87317.53
2026-05-27 18:00:00+00:00,2.155,2.168,2.144,2.165,33211.19
2026-05-27 19:00:00+00:00,2.166,2.18,2.164,2.164,75901.19
2026-05-27 20:00:00+00:00,2.164,2.172,2.155,2.156,22513.08
2026-05-27 21:00:00+00:00,2.156,2.156,2.113,2.124,63161.78
2026-05-27 22:00:00+00:00,2.124,2.138,2.115,2.126,44879.0
2026-05-27 23:00:00+00:00,2.125,2.134,2.121,2.132,34918.75
2026-05-28 00:00:00+00:00,2.132,2.134,2.117,2.126,26480.2
2026-05-28 01:00:00+00:00,2.126,2.131,2.115,2.128,55357.59
2026-05-28 02:00:00+00:00,2.128,2.138,2.126,2.136,31034.84
2026-05-28 03:00:00+00:00,2.136,2.138,2.087,2.091,129520.36
2026-05-28 04:00:00+00:00,2.091,2.113,2.069,2.106,135608.09
2026-05-28 05:00:00+00:00,2.107,2.111,2.074,2.081,92817.51
2026-05-28 06:00:00+00:00,2.081,2.089,2.063,2.073,53834.93
2026-05-28 07:00:00+00:00,2.072,2.079,2.064,2.074,61882.85
2026-05-28 08:00:00+00:00,2.074,2.076,2.054,2.054,44693.74
2026-05-28 09:00:00+00:00,2.055,2.065,2.052,2.06,55028.81
2026-05-28 10:00:00+00:00,2.058,2.059,2.025,2.025,100938.16
2026-05-28 11:00:00+00:00,2.026,2.03,2.016,2.027,103431.71
2026-05-28 12:00:00+00:00,2.028,2.03,2.012,2.018,82265.38
2026-05-28 13:00:00+00:00,2.018,2.031,2.008,2.02,60033.54
2026-05-28 14:00:00+00:00,2.019,2.046,2.005,2.028,101018.72
2026-05-28 15:00:00+00:00,2.028,2.031,2.011,2.024,55386.92
2026-05-28 16:00:00+00:00,2.025,2.037,2.01,2.021,67624.48
2026-05-28 17:00:00+00:00,2.022,2.037,2.016,2.027,23013.52
2026-05-28 18:00:00+00:00,2.026,2.035,2.023,2.033,23988.52
2026-05-28 19:00:00+00:00,2.033,2.034,2.017,2.026,25047.24
2026-05-28 20:00:00+00:00,2.028,2.046,2.024,2.041,27565.99
2026-05-28 21:00:00+00:00,2.04,2.066,2.038,2.066,77843.85
2026-05-28 22:00:00+00:00,2.066,2.066,2.039,2.054,47311.55
2026-05-28 23:00:00+00:00,2.054,2.078,2.052,2.061,76786.86
2026-05-29 00:00:00+00:00,2.061,2.083,2.061,2.076,60886.6
2026-05-29 01:00:00+00:00,2.076,2.1,2.069,2.1,125479.42
2026-05-29 02:00:00+00:00,2.099,2.111,2.053,2.054,131519.99
2026-05-29 03:00:00+00:00,2.054,2.071,2.048,2.049,45580.47
2026-05-29 04:00:00+00:00,2.05,2.062,2.045,2.06,44315.83
2026-05-29 05:00:00+00:00,2.06,2.061,2.048,2.053,30297.41
2026-05-29 06:00:00+00:00,2.053,2.065,2.053,2.057,34168.02
2026-05-29 07:00:00+00:00,2.057,2.062,2.026,2.034,131862.96
2026-05-29 08:00:00+00:00,2.034,2.041,2.021,2.023,53352.13
2026-05-29 09:00:00+00:00,2.024,2.04,2.023,2.035,69695.9
2026-05-29 10:00:00+00:00,2.035,2.036,2.021,2.032,28701.11
2026-05-29 11:00:00+00:00,2.031,2.033,2.006,2.016,61292.52
2026-05-29 12:00:00+00:00,2.016,2.016,2.0,2.004,126693.81
2026-05-29 13:00:00+00:00,2.004,2.007,1.988,2.002,71151.35
2026-05-29 14:00:00+00:00,2.004,2.006,1.971,1.998,143499.05
2026-05-29 15:00:00+00:00,1.999,2.044,1.994,2.034,114907.42
2026-05-29 16:00:00+00:00,2.033,2.035,2.011,2.02,36010.42
2026-05-29 17:00:00+00:00,2.021,2.036,2.018,2.031,36861.82
2026-05-29 18:00:00+00:00,2.031,2.044,2.03,2.038,36172.2
2026-05-29 19:00:00+00:00,2.039,2.052,2.028,2.047,40490.65
2026-05-29 20:00:00+00:00,2.047,2.048,2.033,2.037,24128.69
2026-05-29 21:00:00+00:00,2.038,2.048,2.017,2.017,25604.99
2026-05-29 22:00:00+00:00,2.017,2.021,2.014,2.018,10944.3
2026-05-29 23:00:00+00:00,2.019,2.023,2.007,2.017,20666.04
2026-05-30 00:00:00+00:00,2.016,2.029,2.011,2.026,20346.9
2026-05-30 01:00:00+00:00,2.026,2.034,2.021,2.031,19123.47
2026-05-30 02:00:00+00:00,2.033,2.046,2.026,2.039,112028.31
2026-05-30 03:00:00+00:00,2.039,2.043,2.033,2.034,24950.26
2026-05-30 04:00:00+00:00,2.033,2.035,2.005,2.021,41689.2
2026-05-30 05:00:00+00:00,2.021,2.033,2.017,2.032,22877.71
2026-05-30 06:00:00+00:00,2.032,2.033,2.02,2.033,12728.47
2026-05-30 07:00:00+00:00,2.034,2.039,2.027,2.034,44668.99
2026-05-30 08:00:00+00:00,2.034,2.036,2.025,2.026,11445.98
2026-05-30 09:00:00+00:00,2.026,2.044,2.026,2.042,19152.22
2026-05-30 10:00:00+00:00,2.043,2.043,2.034,2.039,15144.72
2026-05-30 11:00:00+00:00,2.037,2.049,2.032,2.049,18466.8
2026-05-30 12:00:00+00:00,2.049,2.056,2.046,2.056,27890.35
2026-05-30 13:00:00+00:00,2.056,2.07,2.053,2.061,42992.2
2026-05-30 14:00:00+00:00,2.061,2.064,2.046,2.05,30878.53
2026-05-30 15:00:00+00:00,2.051,2.053,2.039,2.041,30236.31
2026-05-30 16:00:00+00:00,2.041,2.051,2.034,2.036,27472.67
2026-05-30 17:00:00+00:00,2.036,2.039,2.03,2.036,12322.2
2026-05-30 18:00:00+00:00,2.035,2.039,2.028,2.037,34451.31
2026-05-30 19:00:00+00:00,2.038,2.045,2.028,2.034,50124.67
2026-05-30 20:00:00+00:00,2.033,2.039,2.029,2.031,12967.27
2026-05-30 21:00:00+00:00,2.032,2.037,2.025,2.031,32485.86
2026-05-30 22:00:00+00:00,2.03,2.03,2.012,2.014,48424.72
2026-05-30 23:00:00+00:00,2.014,2.021,2.008,2.02,36066.63
2026-05-31 00:00:00+00:00,2.02,2.021,2.011,2.017,54572.58
2026-05-31 01:00:00+00:00,2.016,2.025,2.009,2.016,59018.29
2026-05-31 02:00:00+00:00,2.015,2.019,1.998,2.006,49992.16
2026-05-31 03:00:00+00:00,2.006,2.008,2.0,2.003,41627.51
2026-05-31 04:00:00+00:00,2.004,2.014,1.997,2.013,39816.42
2026-05-31 05:00:00+00:00,2.014,2.018,2.006,2.006,66147.76
2026-05-31 06:00:00+00:00,2.006,2.013,1.99,1.999,97406.48
2026-05-31 07:00:00+00:00,1.998,1.998,1.974,1.98,153339.88
2026-05-31 08:00:00+00:00,1.98,1.985,1.978,1.979,53674.01
2026-05-31 09:00:00+00:00,1.979,1.996,1.977,1.99,112040.85
2026-05-31 10:00:00+00:00,1.99,2.013,1.98,1.991,556855.77
2026-05-31 11:00:00+00:00,1.99,1.993,1.987,1.989,32905.27
2026-05-31 12:00:00+00:00,1.989,1.997,1.985,1.993,9951.32
2026-05-31 13:00:00+00:00,1.993,2.001,1.98,1.983,42710.19
2026-05-31 14:00:00+00:00,1.982,1.985,1.957,1.962,72689.64
2026-05-31 15:00:00+00:00,1.961,1.964,1.943,1.945,66474.96
2026-05-31 16:00:00+00:00,1.946,1.953,1.933,1.936,39906.36
2026-05-31 17:00:00+00:00,1.936,1.939,1.928,1.933,31241.6
2026-05-31 18:00:00+00:00,1.932,1.937,1.926,1.928,32130.34
2026-05-31 19:00:00+00:00,1.928,1.934,1.925,1.926,45058.52
2026-05-31 20:00:00+00:00,1.926,1.949,1.923,1.945,105233.03
2026-05-31 21:00:00+00:00,1.944,1.958,1.943,1.952,19898.83
2026-05-31 22:00:00+00:00,1.953,1.959,1.943,1.958,22121.64
2026-05-31 23:00:00+00:00,1.959,1.961,1.947,1.958,37393.4
2026-06-01 00:00:00+00:00,1.958,1.978,1.955,1.976,37503.79
2026-06-01 01:00:00+00:00,1.976,1.976,1.945,1.947,59150.88
2026-06-01 02:00:00+00:00,1.946,1.97,1.941,1.97,34164.55
2026-06-01 03:00:00+00:00,1.97,1.978,1.968,1.973,39309.47
2026-06-01 04:00:00+00:00,1.974,1.976,1.953,1.962,49026.37
2026-06-01 05:00:00+00:00,1.961,1.961,1.943,1.952,24685.5
2026-06-01 06:00:00+00:00,1.953,1.958,1.939,1.949,58887.42
2026-06-01 07:00:00+00:00,1.948,1.951,1.936,1.943,16419.5
2026-06-01 08:00:00+00:00,1.944,1.954,1.936,1.939,53223.18
2026-06-01 09:00:00+00:00,1.939,1.948,1.939,1.945,41163.15
2026-06-01 10:00:00+00:00,1.946,1.946,1.932,1.938,21869.89
2026-06-01 11:00:00+00:00,1.94,1.942,1.929,1.933,22863.19
2026-06-01 12:00:00+00:00,1.934,1.937,1.916,1.924,39378.79
2026-06-01 13:00:00+00:00,1.925,1.93,1.906,1.913,113167.35
2026-06-01 14:00:00+00:00,1.914,1.922,1.906,1.913,39165.23
2026-06-01 15:00:00+00:00,1.913,1.92,1.9,1.902,56751.53
2026-06-01 16:00:00+00:00,1.902,1.913,1.889,1.91,55196.11
2026-06-01 17:00:00+00:00,1.911,1.934,1.91,1.928,38315.76
2026-06-01 18:00:00+00:00,1.927,1.937,1.92,1.929,23654.61
2026-06-01 19:00:00+00:00,1.928,1.929,1.915,1.921,22795.53
2026-06-01 20:00:00+00:00,1.921,1.922,1.908,1.911,33753.78
2026-06-01 21:00:00+00:00,1.911,1.912,1.894,1.896,53201.7
2026-06-01 22:00:00+00:00,1.895,1.91,1.888,1.908,34008.26
2026-06-01 23:00:00+00:00,1.908,1.912,1.899,1.906,21576.99
2026-06-02 00:00:00+00:00,1.907,1.91,1.887,1.892,36844.03
2026-06-02 01:00:00+00:00,1.893,1.896,1.875,1.877,42823.47
2026-06-02 02:00:00+00:00,1.876,1.889,1.868,1.889,29063.35
2026-06-02 03:00:00+00:00,1.888,1.895,1.885,1.891,14149.67
2026-06-02 04:00:00+00:00,1.892,1.899,1.888,1.889,52032.38
2026-06-02 05:00:00+00:00,1.888,1.889,1.875,1.878,26924.82
2026-06-02 06:00:00+00:00,1.878,1.88,1.865,1.871,41351.74
2026-06-02 07:00:00+00:00,1.871,1.878,1.86,1.871,38063.31
2026-06-02 08:00:00+00:00,1.871,1.873,1.865,1.872,38502.87
2026-06-02 09:00:00+00:00,1.872,1.872,1.859,1.863,22380.36
2026-06-02 10:00:00+00:00,1.863,1.892,1.859,1.886,142198.0
2026-06-02 11:00:00+00:00,1.886,1.892,1.877,1.879,30137.43
2026-06-02 12:00:00+00:00,1.878,1.894,1.878,1.89,37965.17
2026-06-02 13:00:00+00:00,1.89,1.895,1.879,1.881,70677.21
2026-06-02 14:00:00+00:00,1.882,1.883,1.822,1.848,167132.04
2026-06-02 15:00:00+00:00,1.849,1.85,1.797,1.819,100663.24
2026-06-02 16:00:00+00:00,1.818,1.84,1.816,1.83,49776.58
2026-06-02 17:00:00+00:00,1.83,1.852,1.83,1.838,55381.09
2026-06-02 18:00:00+00:00,1.839,1.85,1.815,1.823,102027.09
2026-06-02 19:00:00+00:00,1.823,1.825,1.787,1.812,95584.77
2026-06-02 20:00:00+00:00,1.812,1.827,1.8,1.823,27489.23
2026-06-02 21:00:00+00:00,1.824,1.839,1.819,1.833,23767.31
2026-06-02 22:00:00+00:00,1.832,1.833,1.796,1.8,51095.46
2026-06-02 23:00:00+00:00,1.8,1.824,1.786,1.821,103541.64
2026-06-03 00:00:00+00:00,1.823,1.851,1.823,1.847,40982.9
2026-06-03 01:00:00+00:00,1.846,1.851,1.839,1.848,40765.32
2026-06-03 02:00:00+00:00,1.848,1.854,1.84,1.85,20260.88
2026-06-03 03:00:00+00:00,1.852,1.864,1.812,1.818,215364.03
2026-06-03 04:00:00+00:00,1.82,1.853,1.82,1.849,172274.56
2026-06-03 05:00:00+00:00,1.848,1.868,1.843,1.865,71506.95
2026-06-03 06:00:00+00:00,1.867,1.877,1.859,1.867,123165.32
2026-06-03 07:00:00+00:00,1.866,1.88,1.864,1.877,24011.88
2026-06-03 08:00:00+00:00,1.877,1.893,1.877,1.89,32735.54
2026-06-03 09:00:00+00:00,1.889,1.89,1.877,1.88,32681.17
2026-06-03 10:00:00+00:00,1.879,1.899,1.879,1.898,55799.41
2026-06-03 11:00:00+00:00,1.899,1.912,1.896,1.902,69208.76
2026-06-03 12:00:00+00:00,1.903,1.916,1.889,1.915,50608.52
2026-06-03 13:00:00+00:00,1.915,1.92,1.903,1.913,43549.21
2026-06-03 14:00:00+00:00,1.913,1.915,1.89,1.902,46262.51
2026-06-03 15:00:00+00:00,1.903,1.908,1.876,1.878,104581.12
2026-06-03 16:00:00+00:00,1.879,1.882,1.857,1.867,68741.85
2026-06-03 17:00:00+00:00,1.867,1.885,1.852,1.877,38353.88
2026-06-03 18:00:00+00:00,1.877,1.882,1.86,1.881,28034.62
2026-06-03 19:00:00+00:00,1.881,1.886,1.864,1.865,88607.44
2026-06-03 20:00:00+00:00,1.864,1.878,1.843,1.852,63570.17
2026-06-03 21:00:00+00:00,1.853,1.887,1.85,1.886,58151.64
2026-06-03 22:00:00+00:00,1.886,1.892,1.869,1.869,35338.2
2026-06-03 23:00:00+00:00,1.869,1.871,1.854,1.856,33180.72
2026-06-04 00:00:00+00:00,1.855,1.864,1.829,1.847,57830.19
2026-06-04 01:00:00+00:00,1.847,1.855,1.799,1.804,104689.14
2026-06-04 02:00:00+00:00,1.804,1.819,1.743,1.818,230511.49
2026-06-04 03:00:00+00:00,1.817,1.866,1.815,1.864,103614.4
2026-06-04 04:00:00+00:00,1.864,1.867,1.83,1.831,45297.05
2026-06-04 05:00:00+00:00,1.83,1.832,1.804,1.816,84187.84
2026-06-04 06:00:00+00:00,1.815,1.834,1.81,1.815,56123.6
2026-06-04 07:00:00+00:00,1.816,1.819,1.785,1.785,59167.47
2026-06-04 08:00:00+00:00,1.785,1.794,1.773,1.784,29039.28
2026-06-04 09:00:00+00:00,1.783,1.783,1.733,1.756,90591.06
2026-06-04 10:00:00+00:00,1.757,1.76,1.733,1.739,69746.56
2026-06-04 11:00:00+00:00,1.739,1.768,1.736,1.767,119897.68
2026-06-04 12:00:00+00:00,1.768,1.81,1.759,1.805,42752.01
2026-06-04 13:00:00+00:00,1.804,1.814,1.785,1.811,47892.65
2026-06-04 14:00:00+00:00,1.813,1.817,1.801,1.807,28750.01
2026-06-04 15:00:00+00:00,1.806,1.855,1.802,1.852,77382.81
2026-06-04 16:00:00+00:00,1.852,1.854,1.818,1.835,44447.21
2026-06-04 17:00:00+00:00,1.835,1.849,1.816,1.819,41279.89
2026-06-04 18:00:00+00:00,1.819,1.833,1.805,1.824,48597.1
2026-06-04 19:00:00+00:00,1.824,1.833,1.818,1.824,33483.25
2026-06-04 20:00:00+00:00,1.824,1.824,1.802,1.809,34656.14
2026-06-04 21:00:00+00:00,1.808,1.819,1.778,1.782,36034.16
2026-06-04 22:00:00+00:00,1.781,1.808,1.778,1.807,34862.69
2026-06-04 23:00:00+00:00,1.806,1.812,1.794,1.81,20699.72
2026-06-05 00:00:00+00:00,1.808,1.814,1.785,1.787,40289.05
2026-06-05 01:00:00+00:00,1.786,1.803,1.776,1.799,36210.09
2026-06-05 02:00:00+00:00,1.799,1.801,1.764,1.766,47067.38
2026-06-05 03:00:00+00:00,1.767,1.79,1.762,1.77,35160.12
2026-06-05 04:00:00+00:00,1.77,1.817,1.767,1.814,46718.82
2026-06-05 05:00:00+00:00,1.814,1.814,1.771,1.774,70360.07
2026-06-05 06:00:00+00:00,1.773,1.775,1.704,1.746,138332.63
2026-06-05 07:00:00+00:00,1.745,1.771,1.725,1.768,106245.2
2026-06-05 08:00:00+00:00,1.768,1.768,1.738,1.741,94413.27
2026-06-05 09:00:00+00:00,1.742,1.763,1.741,1.752,58986.96
2026-06-05 10:00:00+00:00,1.753,1.759,1.72,1.728,90473.23
2026-06-05 11:00:00+00:00,1.728,1.728,1.696,1.698,108091.08
2026-06-05 12:00:00+00:00,1.697,1.711,1.683,1.71,119624.97
2026-06-05 13:00:00+00:00,1.712,1.737,1.69,1.69,177577.27
2026-06-05 14:00:00+00:00,1.691,1.71,1.676,1.688,111297.59
2026-06-05 15:00:00+00:00,1.688,1.693,1.666,1.673,133332.17
2026-06-05 16:00:00+00:00,1.673,1.696,1.646,1.689,162549.64
2026-06-05 17:00:00+00:00,1.689,1.696,1.648,1.649,120448.85
2026-06-05 18:00:00+00:00,1.649,1.658,1.608,1.61,133013.51
2026-06-05 19:00:00+00:00,1.61,1.657,1.601,1.649,98320.44
2026-06-05 20:00:00+00:00,1.648,1.671,1.63,1.665,69006.27
2026-06-05 21:00:00+00:00,1.665,1.687,1.663,1.676,49719.89
2026-06-05 22:00:00+00:00,1.676,1.677,1.648,1.666,56907.44
2026-06-05 23:00:00+00:00,1.668,1.674,1.631,1.658,64580.23
2026-06-06 00:00:00+00:00,1.658,1.683,1.656,1.672,79829.37
2026-06-06 01:00:00+00:00,1.673,1.682,1.66,1.66,85810.52
2026-06-06 02:00:00+00:00,1.66,1.66,1.639,1.641,26817.19
2026-06-06 03:00:00+00:00,1.641,1.641,1.624,1.627,28819.26
2026-06-06 04:00:00+00:00,1.626,1.632,1.562,1.576,184656.04
2026-06-06 05:00:00+00:00,1.575,1.612,1.559,1.611,87432.86
2026-06-06 06:00:00+00:00,1.611,1.635,1.611,1.62,55868.9
2026-06-06 07:00:00+00:00,1.619,1.637,1.618,1.621,43162.46
2026-06-06 08:00:00+00:00,1.62,1.637,1.619,1.633,34285.39
2026-06-06 09:00:00+00:00,1.632,1.638,1.614,1.617,14721.96
2026-06-06 10:00:00+00:00,1.619,1.619,1.595,1.614,33971.51
2026-06-06 11:00:00+00:00,1.612,1.637,1.61,1.632,18066.06
2026-06-06 12:00:00+00:00,1.632,1.643,1.613,1.638,55910.82
2026-06-06 13:00:00+00:00,1.637,1.649,1.633,1.647,16084.37
2026-06-06 14:00:00+00:00,1.645,1.655,1.636,1.637,26983.45
2026-06-06 15:00:00+00:00,1.637,1.639,1.61,1.63,30467.92
2026-06-06 16:00:00+00:00,1.629,1.636,1.611,1.623,14636.26
2026-06-06 17:00:00+00:00,1.625,1.627,1.608,1.613,25251.57
2026-06-06 18:00:00+00:00,1.614,1.626,1.609,1.616,11022.16
2026-06-06 19:00:00+00:00,1.617,1.624,1.61,1.61,11702.01
2026-06-06 20:00:00+00:00,1.61,1.619,1.606,1.618,12905.04
2026-06-06 21:00:00+00:00,1.618,1.629,1.618,1.626,20781.95
2026-06-06 22:00:00+00:00,1.626,1.629,1.617,1.622,15182.64
2026-06-06 23:00:00+00:00,1.621,1.634,1.62,1.628,46126.88
2026-06-07 00:00:00+00:00,1.629,1.639,1.624,1.633,48464.0
2026-06-07 01:00:00+00:00,1.632,1.667,1.632,1.666,41549.42
2026-06-07 02:00:00+00:00,1.666,1.669,1.659,1.665,21136.17
2026-06-07 03:00:00+00:00,1.664,1.672,1.66,1.672,32171.43
2026-06-07 04:00:00+00:00,1.672,1.685,1.661,1.684,42640.66
2026-06-07 05:00:00+00:00,1.684,1.698,1.677,1.691,70871.58
2026-06-07 06:00:00+00:00,1.691,1.713,1.679,1.702,95748.76
2026-06-07 07:00:00+00:00,1.702,1.706,1.697,1.704,46045.28
2026-06-07 08:00:00+00:00,1.703,1.722,1.694,1.721,27423.31
2026-06-07 09:00:00+00:00,1.72,1.734,1.701,1.702,79768.87
2026-06-07 10:00:00+00:00,1.703,1.705,1.687,1.687,26758.14
2026-06-07 11:00:00+00:00,1.688,1.697,1.682,1.694,24085.38
2026-06-07 12:00:00+00:00,1.694,1.695,1.657,1.671,37817.65
2026-06-07 13:00:00+00:00,1.671,1.676,1.666,1.672,29979.47
2026-06-07 14:00:00+00:00,1.671,1.695,1.67,1.691,56638.61
2026-06-07 15:00:00+00:00,1.692,1.701,1.68,1.691,87681.48
2026-06-07 16:00:00+00:00,1.691,1.693,1.679,1.685,29742.35
2026-06-07 17:00:00+00:00,1.686,1.69,1.683,1.689,21761.32
2026-06-07 18:00:00+00:00,1.688,1.697,1.682,1.682,22551.3
2026-06-07 19:00:00+00:00,1.682,1.682,1.651,1.659,39191.41
2026-06-07 20:00:00+00:00,1.658,1.678,1.657,1.678,16328.73
2026-06-07 21:00:00+00:00,1.678,1.688,1.662,1.674,58699.91
2026-06-07 22:00:00+00:00,1.675,1.744,1.672,1.707,154868.15
2026-06-07 23:00:00+00:00,1.707,1.716,1.702,1.715,24350.93
2026-06-08 00:00:00+00:00,1.715,1.734,1.708,1.729,33290.3
2026-06-08 01:00:00+00:00,1.73,1.73,1.698,1.714,32985.74
2026-06-08 02:00:00+00:00,1.714,1.73,1.714,1.723,28786.49
2026-06-08 03:00:00+00:00,1.722,1.735,1.721,1.73,31134.67
2026-06-08 04:00:00+00:00,1.73,1.734,1.714,1.715,15877.02
2026-06-08 05:00:00+00:00,1.715,1.722,1.699,1.711,31714.42
2026-06-08 06:00:00+00:00,1.711,1.73,1.711,1.722,33083.27
2026-06-08 07:00:00+00:00,1.723,1.732,1.717,1.732,16117.53
2026-06-08 08:00:00+00:00,1.732,1.734,1.72,1.724,22235.16
2026-06-08 09:00:00+00:00,1.724,1.747,1.721,1.747,51922.73
2026-06-08 10:00:00+00:00,1.747,1.757,1.741,1.742,66946.81
2026-06-08 11:00:00+00:00,1.741,1.756,1.738,1.746,35779.69
2026-06-08 12:00:00+00:00,1.745,1.763,1.735,1.759,42108.2
2026-06-08 13:00:00+00:00,1.759,1.765,1.753,1.759,36809.67
2026-06-08 14:00:00+00:00,1.758,1.77,1.754,1.768,55276.38
2026-06-08 15:00:00+00:00,1.769,1.78,1.762,1.764,82118.27
2026-06-08 16:00:00+00:00,1.764,1.774,1.76,1.767,73663.89
2026-06-08 17:00:00+00:00,1.767,1.778,1.757,1.777,79460.83
2026-06-08 18:00:00+00:00,1.778,1.786,1.774,1.784,40647.81
2026-06-08 19:00:00+00:00,1.784,1.802,1.784,1.801,47609.82
2026-06-08 20:00:00+00:00,1.801,1.807,1.794,1.803,38637.5
2026-06-08 21:00:00+00:00,1.804,1.807,1.787,1.789,19025.55
2026-06-08 22:00:00+00:00,1.788,1.789,1.777,1.784,23321.18
2026-06-08 23:00:00+00:00,1.784,1.784,1.761,1.766,24573.31
2026-06-09 00:00:00+00:00,1.765,1.767,1.733,1.74,86296.28
2026-06-09 01:00:00+00:00,1.74,1.749,1.736,1.74,18851.17
2026-06-09 02:00:00+00:00,1.74,1.744,1.729,1.74,27536.7
2026-06-09 03:00:00+00:00,1.74,1.745,1.733,1.741,14340.26
2026-06-09 04:00:00+00:00,1.74,1.758,1.736,1.757,31137.92
2026-06-09 05:00:00+00:00,1.756,1.765,1.752,1.761,15940.06
2026-06-09 06:00:00+00:00,1.76,1.768,1.759,1.764,18477.93
2026-06-09 07:00:00+00:00,1.765,1.774,1.76,1.765,28193.02
2026-06-09 08:00:00+00:00,1.764,1.766,1.753,1.753,18583.16
2026-06-09 09:00:00+00:00,1.754,1.759,1.74,1.741,32436.43
2026-06-09 10:00:00+00:00,1.742,1.743,1.733,1.737,28625.81
2026-06-09 11:00:00+00:00,1.737,1.737,1.727,1.737,21298.41
2026-06-09 12:00:00+00:00,1.736,1.748,1.736,1.745,22738.53
2026-06-09 13:00:00+00:00,1.745,1.771,1.741,1.764,179060.47
2026-06-09 14:00:00+00:00,1.764,1.772,1.73,1.748,66743.98
2026-06-09 15:00:00+00:00,1.749,1.802,1.748,1.785,201665.07
2026-06-09 16:00:00+00:00,1.786,1.788,1.718,1.741,173095.23
2026-06-09 17:00:00+00:00,1.74,1.773,1.738,1.759,68495.14
2026-06-09 18:00:00+00:00,1.759,1.78,1.758,1.777,56775.01
2026-06-09 19:00:00+00:00,1.778,1.781,1.769,1.776,25509.32
2026-06-09 20:00:00+00:00,1.777,1.798,1.777,1.785,67753.37
2026-06-09 21:00:00+00:00,1.784,1.797,1.773,1.774,36764.59
2026-06-09 22:00:00+00:00,1.774,1.782,1.767,1.77,20922.66
2026-06-09 23:00:00+00:00,1.77,1.78,1.767,1.78,16972.65
2026-06-10 00:00:00+00:00,1.78,1.802,1.777,1.802,51117.96
2026-06-10 01:00:00+00:00,1.802,1.811,1.792,1.798,57532.3
2026-06-10 02:00:00+00:00,1.799,1.805,1.77,1.775,43046.61
2026-06-10 03:00:00+00:00,1.774,1.787,1.768,1.785,18462.69
2026-06-10 04:00:00+00:00,1.785,1.789,1.769,1.77,31420.82
2026-06-10 05:00:00+00:00,1.77,1.773,1.76,1.762,34211.0
2026-06-10 06:00:00+00:00,1.762,1.781,1.762,1.775,29399.46
2026-06-10 07:00:00+00:00,1.774,1.805,1.773,1.804,76034.43
2026-06-10 08:00:00+00:00,1.804,1.814,1.797,1.805,54259.07
2026-06-10 09:00:00+00:00,1.806,1.83,1.794,1.827,95634.94
2026-06-10 10:00:00+00:00,1.827,1.827,1.807,1.817,90079.39
2026-06-10 11:00:00+00:00,1.817,1.82,1.779,1.791,148316.46
2026-06-10 12:00:00+00:00,1.791,1.862,1.787,1.838,332748.44
2026-06-10 13:00:00+00:00,1.838,1.838,1.791,1.796,230501.99
2026-06-10 14:00:00+00:00,1.796,1.806,1.786,1.802,112718.55
2026-06-10 15:00:00+00:00,1.802,1.805,1.789,1.797,71412.58
2026-06-10 16:00:00+00:00,1.797,1.805,1.79,1.795,48293.93
2026-06-10 17:00:00+00:00,1.795,1.801,1.784,1.8,32676.57
2026-06-10 18:00:00+00:00,1.801,1.806,1.791,1.798,19128.84
2026-06-10 19:00:00+00:00,1.797,1.797,1.776,1.784,34994.05
2026-06-10 20:00:00+00:00,1.785,1.789,1.737,1.751,107869.26
2026-06-10 21:00:00+00:00,1.75,1.762,1.74,1.747,62977.98
2026-06-10 22:00:00+00:00,1.748,1.764,1.739,1.758,48170.63
2026-06-10 23:00:00+00:00,1.757,1.766,1.751,1.763,22022.36
2026-06-11 00:00:00+00:00,1.764,1.803,1.764,1.799,92805.8
2026-06-11 01:00:00+00:00,1.798,1.821,1.797,1.812,35289.31
2026-06-11 02:00:00+00:00,1.812,1.812,1.792,1.792,19745.61
2026-06-11 03:00:00+00:00,1.793,1.845,1.788,1.829,139311.15
2026-06-11 04:00:00+00:00,1.829,1.86,1.823,1.852,56326.47
2026-06-11 05:00:00+00:00,1.851,1.852,1.832,1.839,53257.78
2026-06-11 06:00:00+00:00,1.839,1.871,1.837,1.871,223286.43
2026-06-11 07:00:00+00:00,1.87,1.901,1.829,1.877,1268266.26
2026-06-11 08:00:00+00:00,1.878,1.896,1.862,1.888,114542.48
2026-06-11 09:00:00+00:00,1.887,1.889,1.849,1.864,56336.13
2026-06-11 10:00:00+00:00,1.864,1.897,1.861,1.893,137409.6
2026-06-11 11:00:00+00:00,1.892,1.939,1.884,1.934,156152.23
2026-06-11 12:00:00+00:00,1.935,1.949,1.914,1.936,339995.47
2026-06-11 13:00:00+00:00,1.935,1.957,1.93,1.937,165009.26
2026-06-11 14:00:00+00:00,1.938,1.944,1.925,1.933,106901.22
2026-06-11 15:00:00+00:00,1.931,1.974,1.921,1.974,112075.78
2026-06-11 16:00:00+00:00,1.974,1.99,1.934,1.94,256537.74
2026-06-11 17:00:00+00:00,1.94,2.007,1.931,2.007,266575.2
2026-06-11 18:00:00+00:00,2.008,2.013,1.981,1.981,111243.03
2026-06-11 19:00:00+00:00,1.981,1.996,1.973,1.99,69769.17
2026-06-11 20:00:00+00:00,1.99,2.015,1.986,2.014,69619.75
2026-06-11 21:00:00+00:00,2.014,2.033,2.011,2.023,119932.07
2026-06-11 22:00:00+00:00,2.021,2.029,2.011,2.015,47881.44
2026-06-11 23:00:00+00:00,2.015,2.035,1.994,2.034,130172.29
2026-06-12 00:00:00+00:00,2.035,2.037,1.996,1.998,101148.41
2026-06-12 01:00:00+00:00,1.998,1.998,1.974,1.975,50019.3
2026-06-12 02:00:00+00:00,1.975,1.997,1.971,1.992,74903.64
2026-06-12 03:00:00+00:00,1.993,2.011,1.989,2.005,131481.28
2026-06-12 04:00:00+00:00,2.004,2.036,2.001,2.026,108431.6
2026-06-12 05:00:00+00:00,2.025,2.027,1.993,1.995,119272.5
2026-06-12 06:00:00+00:00,1.994,2.003,1.977,1.985,129055.3
2026-06-12 07:00:00+00:00,1.985,1.993,1.977,1.978,58311.47
2026-06-12 08:00:00+00:00,1.978,2.0,1.976,1.993,96026.18
2026-06-12 09:00:00+00:00,1.994,2.008,1.987,1.992,69708.25
2026-06-12 10:00:00+00:00,1.992,2.004,1.987,1.993,51802.9
2026-06-12 11:00:00+00:00,1.991,1.996,1.98,1.981,44065.4
2026-06-12 12:00:00+00:00,1.98,1.981,1.942,1.96,215679.91
2026-06-12 13:00:00+00:00,1.96,1.961,1.932,1.942,81970.75
2026-06-12 14:00:00+00:00,1.943,1.963,1.942,1.955,64159.96
2026-06-12 15:00:00+00:00,1.956,1.967,1.948,1.948,55805.26
2026-06-12 16:00:00+00:00,1.949,1.968,1.947,1.963,47962.93
2026-06-12 17:00:00+00:00,1.963,1.978,1.958,1.96,38561.2
2026-06-12 18:00:00+00:00,1.96,1.965,1.952,1.953,25331.84
2026-06-12 19:00:00+00:00,1.953,1.967,1.953,1.962,28936.51
2026-06-12 20:00:00+00:00,1.962,1.968,1.955,1.961,24484.75
2026-06-12 21:00:00+00:00,1.961,1.969,1.959,1.96,17118.72
2026-06-12 22:00:00+00:00,1.959,1.97,1.956,1.966,38120.4
2026-06-12 23:00:00+00:00,1.966,1.982,1.963,1.981,42162.16
2026-06-13 00:00:00+00:00,1.98,2.004,1.969,2.001,89822.2
2026-06-13 01:00:00+00:00,2.001,2.024,2.001,2.006,128942.45
2026-06-13 02:00:00+00:00,2.008,2.01,1.992,2.009,65250.7
2026-06-13 03:00:00+00:00,2.009,2.018,1.995,1.995,65874.22
2026-06-13 04:00:00+00:00,1.996,2.013,1.993,1.999,51944.0
2026-06-13 05:00:00+00:00,1.999,2.002,1.975,1.98,50126.26
2026-06-13 06:00:00+00:00,1.981,1.991,1.977,1.988,47016.37
2026-06-13 07:00:00+00:00,1.987,1.995,1.982,1.985,42110.77
2026-06-13 08:00:00+00:00,1.985,1.994,1.981,1.992,37823.86
2026-06-13 09:00:00+00:00,1.993,1.997,1.984,1.99,37735.75
2026-06-13 10:00:00+00:00,1.99,1.993,1.978,1.982,27989.2
2026-06-13 11:00:00+00:00,1.983,1.988,1.983,1.986,18722.62
2026-06-13 12:00:00+00:00,1.986,1.99,1.982,1.984,13700.92
2026-06-13 13:00:00+00:00,1.984,1.987,1.972,1.973,37292.43
2026-06-13 14:00:00+00:00,1.973,1.977,1.97,1.977,15496.15
2026-06-13 15:00:00+00:00,1.977,1.982,1.973,1.977,27781.54
2026-06-13 16:00:00+00:00,1.976,1.976,1.957,1.97,56039.41
2026-06-13 17:00:00+00:00,1.97,1.971,1.961,1.965,15029.3
2026-06-13 18:00:00+00:00,1.965,1.967,1.955,1.96,23422.01
2026-06-13 19:00:00+00:00,1.959,1.97,1.956,1.963,14277.68
2026-06-13 20:00:00+00:00,1.963,1.965,1.954,1.956,12586.82
2026-06-13 21:00:00+00:00,1.957,1.971,1.95,1.962,27623.71
2026-06-13 22:00:00+00:00,1.963,1.963,1.945,1.945,38854.04
2026-06-13 23:00:00+00:00,1.945,1.952,1.94,1.949,33939.62
2026-06-14 00:00:00+00:00,1.949,1.95,1.936,1.94,53394.82
2026-06-14 01:00:00+00:00,1.94,1.947,1.938,1.945,26429.63
2026-06-14 02:00:00+00:00,1.945,1.956,1.943,1.954,21102.31
2026-06-14 03:00:00+00:00,1.954,1.957,1.95,1.951,31815.51
2026-06-14 04:00:00+00:00,1.951,1.951,1.926,1.932,77153.16
2026-06-14 05:00:00+00:00,1.932,1.943,1.928,1.937,47321.53
2026-06-14 06:00:00+00:00,1.937,1.958,1.937,1.946,43876.68
2026-06-14 07:00:00+00:00,1.946,1.946,1.937,1.941,29627.23
2026-06-14 08:00:00+00:00,1.942,1.948,1.937,1.938,15337.32
2026-06-14 09:00:00+00:00,1.937,1.949,1.937,1.941,26946.72
2026-06-14 10:00:00+00:00,1.94,1.945,1.937,1.937,8921.94
2026-06-14 11:00:00+00:00,1.937,1.943,1.93,1.94,56996.4
2026-06-14 12:00:00+00:00,1.939,1.939,1.923,1.926,50810.67
2026-06-14 13:00:00+00:00,1.927,1.941,1.927,1.935,33260.56
2026-06-14 14:00:00+00:00,1.936,1.946,1.931,1.945,79775.2
2026-06-14 15:00:00+00:00,1.946,1.986,1.943,1.959,180052.05
2026-06-14 16:00:00+00:00,1.958,1.98,1.958,1.966,155835.29
2026-06-14 17:00:00+00:00,1.964,1.978,1.96,1.961,92250.43
2026-06-14 18:00:00+00:00,1.962,2.008,1.96,1.993,176904.83
2026-06-14 19:00:00+00:00,1.994,1.996,1.974,1.982,75978.62
2026-06-14 20:00:00+00:00,1.983,1.996,1.97,1.992,53758.22
2026-06-14 21:00:00+00:00,1.99,2.016,1.982,2.002,68711.39
2026-06-14 22:00:00+00:00,2.002,2.008,1.996,1.997,40544.8
2026-06-14 23:00:00+00:00,1.998,2.009,1.995,2.008,16699.23
2026-06-15 00:00:00+00:00,2.007,2.012,1.99,1.991,50280.32
2026-06-15 01:00:00+00:00,1.991,1.995,1.982,1.988,39415.4
2026-06-15 02:00:00+00:00,1.99,2.0,1.987,1.993,54554.48
2026-06-15 03:00:00+00:00,1.993,1.994,1.981,1.981,29390.63
2026-06-15 04:00:00+00:00,1.982,1.994,1.978,1.989,50732.45
2026-06-15 05:00:00+00:00,1.988,1.993,1.982,1.987,39674.96
2026-06-15 06:00:00+00:00,1.985,1.987,1.979,1.981,25763.14
2026-06-15 07:00:00+00:00,1.982,1.982,1.963,1.964,57354.91
2026-06-15 08:00:00+00:00,1.964,1.968,1.959,1.965,85912.71
2026-06-15 09:00:00+00:00,1.966,1.973,1.956,1.971,44515.16
2026-06-15 10:00:00+00:00,1.972,1.991,1.967,1.985,100694.98
2026-06-15 11:00:00+00:00,1.984,2.009,1.974,2.009,128787.44
2026-06-15 12:00:00+00:00,2.009,2.024,2.002,2.02,64658.33
2026-06-15 13:00:00+00:00,2.019,2.021,2.0,2.005,97300.92
2026-06-15 14:00:00+00:00,2.005,2.006,1.994,1.996,44707.16
2026-06-15 15:00:00+00:00,1.995,2.005,1.978,2.003,131222.02
2026-06-15 16:00:00+00:00,2.002,2.004,1.986,1.987,44797.68
2026-06-15 17:00:00+00:00,1.987,1.987,1.971,1.98,83959.66
2026-06-15 18:00:00+00:00,1.979,1.983,1.971,1.973,38587.76
2026-06-15 19:00:00+00:00,1.974,1.983,1.956,1.961,71199.23
2026-06-15 20:00:00+00:00,1.961,1.966,1.95,1.954,38885.09
2026-06-15 21:00:00+00:00,1.954,1.962,1.95,1.959,14269.85
2026-06-15 22:00:00+00:00,1.959,1.961,1.947,1.953,67284.83
2026-06-15 23:00:00+00:00,1.953,1.969,1.952,1.965,22395.72
2026-06-16 00:00:00+00:00,1.964,1.967,1.948,1.952,58750.33
2026-06-16 01:00:00+00:00,1.952,1.958,1.95,1.952,38794.17
2026-06-16 02:00:00+00:00,1.951,1.956,1.94,1.947,82647.65
2026-06-16 03:00:00+00:00,1.948,1.96,1.94,1.958,21067.83
2026-06-16 04:00:00+00:00,1.959,1.96,1.943,1.946,14172.45
2026-06-16 05:00:00+00:00,1.947,1.963,1.947,1.96,24305.03
2026-06-16 06:00:00+00:00,1.959,1.971,1.958,1.97,36353.69
2026-06-16 07:00:00+00:00,1.969,2.005,1.968,1.993,92912.17
2026-06-16 08:00:00+00:00,1.994,2.001,1.987,1.994,29182.78
2026-06-16 09:00:00+00:00,1.993,2.009,1.989,1.998,35694.22
2026-06-16 10:00:00+00:00,1.998,2.012,1.994,1.998,35535.75
2026-06-16 11:00:00+00:00,1.996,1.999,1.98,1.987,42632.12
2026-06-16 12:00:00+00:00,1.987,2.01,1.982,2.01,27525.81
2026-06-16 13:00:00+00:00,2.01,2.012,1.985,1.986,46007.44
2026-06-16 14:00:00+00:00,1.986,1.992,1.955,1.973,72323.96
2026-06-16 15:00:00+00:00,1.974,1.993,1.973,1.984,50413.86
2026-06-16 16:00:00+00:00,1.985,1.997,1.984,1.987,48334.07
2026-06-16 17:00:00+00:00,1.987,2.003,1.987,2.0,33608.65
2026-06-16 18:00:00+00:00,2.0,2.011,1.995,2.003,55653.33
2026-06-16 19:00:00+00:00,2.002,2.006,1.993,1.994,27875.96
2026-06-16 20:00:00+00:00,1.995,2.016,1.991,2.012,77325.72
2026-06-16 21:00:00+00:00,2.011,2.011,1.993,2.0,21587.91
2026-06-16 22:00:00+00:00,1.999,2.006,1.992,1.997,12968.61
2026-06-16 23:00:00+00:00,1.998,2.004,1.988,1.992,16979.48
2026-06-17 00:00:00+00:00,1.993,2.017,1.991,2.015,58031.74
2026-06-17 01:00:00+00:00,2.015,2.023,2.005,2.012,36372.86
2026-06-17 02:00:00+00:00,2.013,2.023,2.003,2.009,20038.39
2026-06-17 03:00:00+00:00,2.008,2.009,1.994,1.996,25431.75
2026-06-17 04:00:00+00:00,1.997,2.006,1.996,1.998,17117.08
2026-06-17 05:00:00+00:00,1.998,2.006,1.991,1.997,20741.69
2026-06-17 06:00:00+00:00,1.997,1.998,1.983,1.986,39821.27
2026-06-17 07:00:00+00:00,1.986,1.993,1.977,1.981,36017.33
2026-06-17 08:00:00+00:00,1.982,1.983,1.964,1.967,39576.13
2026-06-17 09:00:00+00:00,1.966,1.976,1.966,1.973,40698.91
2026-06-17 10:00:00+00:00,1.972,1.976,1.967,1.971,18082.82
2026-06-17 11:00:00+00:00,1.97,1.982,1.959,1.977,24612.8
2026-06-17 12:00:00+00:00,1.977,1.986,1.967,1.986,31791.87
2026-06-17 13:00:00+00:00,1.984,1.996,1.977,1.991,27692.69
2026-06-17 14:00:00+00:00,1.992,2.009,1.977,1.984,143942.83
2026-06-17 15:00:00+00:00,1.982,2.005,1.979,2.005,58191.17
2026-06-17 16:00:00+00:00,2.005,2.01,1.99,1.99,50565.47
2026-06-17 17:00:00+00:00,1.992,1.993,1.971,1.974,60570.46
2026-06-17 18:00:00+00:00,1.975,1.975,1.933,1.966,191519.26
2026-06-17 19:00:00+00:00,1.965,1.977,1.932,1.938,158409.64
2026-06-17 20:00:00+00:00,1.941,1.941,1.927,1.936,62282.06
2026-06-17 21:00:00+00:00,1.935,1.935,1.883,1.891,174556.53
2026-06-17 22:00:00+00:00,1.892,1.907,1.875,1.901,68697.68
2026-06-17 23:00:00+00:00,1.901,1.904,1.895,1.9,33162.53
2026-06-18 00:00:00+00:00,1.901,1.908,1.877,1.882,63457.12
2026-06-18 01:00:00+00:00,1.881,1.89,1.876,1.884,53677.79
2026-06-18 02:00:00+00:00,1.885,1.889,1.87,1.877,65939.29
2026-06-18 03:00:00+00:00,1.877,1.877,1.852,1.854,48455.59
2026-06-18 04:00:00+00:00,1.855,1.867,1.845,1.866,42481.42
2026-06-18 05:00:00+00:00,1.864,1.87,1.855,1.865,32526.14
2026-06-18 06:00:00+00:00,1.864,1.872,1.859,1.872,15015.19
2026-06-18 07:00:00+00:00,1.87,1.875,1.851,1.862,73718.86
2026-06-18 08:00:00+00:00,1.862,1.866,1.857,1.863,15498.66
2026-06-18 09:00:00+00:00,1.863,1.867,1.859,1.864,51247.27
2026-06-18 10:00:00+00:00,1.863,1.863,1.797,1.822,263615.21
2026-06-18 11:00:00+00:00,1.823,1.845,1.817,1.828,161272.81
2026-06-18 12:00:00+00:00,1.829,1.84,1.825,1.835,61354.31
2026-06-18 13:00:00+00:00,1.835,1.84,1.824,1.825,26187.3
2026-06-18 14:00:00+00:00,1.826,1.84,1.826,1.835,34358.4
2026-06-18 15:00:00+00:00,1.835,1.835,1.783,1.791,129856.16
2026-06-18 16:00:00+00:00,1.79,1.809,1.79,1.802,108791.15
2026-06-18 17:00:00+00:00,1.801,1.801,1.78,1.786,41751.86
2026-06-18 18:00:00+00:00,1.787,1.788,1.779,1.782,28736.45
2026-06-18 19:00:00+00:00,1.781,1.812,1.781,1.804,123430.73
2026-06-18 20:00:00+00:00,1.804,1.811,1.801,1.806,64427.85
2026-06-18 21:00:00+00:00,1.806,1.807,1.793,1.798,10298.78
2026-06-18 22:00:00+00:00,1.797,1.801,1.792,1.801,18510.15
2026-06-18 23:00:00+00:00,1.801,1.813,1.799,1.813,25614.84
2026-06-19 00:00:00+00:00,1.814,1.817,1.805,1.815,15364.87
2026-06-19 01:00:00+00:00,1.816,1.822,1.81,1.82,19275.12
2026-06-19 02:00:00+00:00,1.82,1.821,1.812,1.815,18415.07
2026-06-19 03:00:00+00:00,1.815,1.819,1.796,1.811,61657.15
2026-06-19 04:00:00+00:00,1.811,1.811,1.795,1.796,26226.01
2026-06-19 05:00:00+00:00,1.799,1.816,1.799,1.815,38225.23
2026-06-19 06:00:00+00:00,1.815,1.838,1.814,1.826,34187.15
2026-06-19 07:00:00+00:00,1.826,1.83,1.812,1.823,24695.53
2026-06-19 08:00:00+00:00,1.823,1.83,1.817,1.826,23360.06
2026-06-19 09:00:00+00:00,1.826,1.827,1.811,1.816,17348.17
2026-06-19 10:00:00+00:00,1.816,1.816,1.8,1.806,44816.27
2026-06-19 11:00:00+00:00,1.805,1.815,1.801,1.812,11498.56
2026-06-19 12:00:00+00:00,1.813,1.824,1.81,1.822,41491.87
2026-06-19 13:00:00+00:00,1.824,1.854,1.821,1.841,32439.27
2026-06-19 14:00:00+00:00,1.841,1.848,1.832,1.834,37006.88
2026-06-19 15:00:00+00:00,1.834,1.837,1.824,1.825,14197.99
2026-06-19 16:00:00+00:00,1.825,1.829,1.809,1.81,22627.81
2026-06-19 17:00:00+00:00,1.81,1.82,1.81,1.814,12007.05
2026-06-19 18:00:00+00:00,1.815,1.817,1.802,1.811,17902.43
2026-06-19 19:00:00+00:00,1.812,1.813,1.801,1.803,8905.67
2026-06-19 20:00:00+00:00,1.804,1.809,1.796,1.809,22406.78
2026-06-19 21:00:00+00:00,1.808,1.808,1.799,1.803,3709.74
2026-06-19 22:00:00+00:00,1.803,1.811,1.803,1.804,5550.15
2026-06-19 23:00:00+00:00,1.804,1.814,1.8,1.81,10874.3
2026-06-20 00:00:00+00:00,1.811,1.818,1.806,1.808,8493.96
2026-06-20 01:00:00+00:00,1.807,1.807,1.794,1.795,16741.09
2026-06-20 02:00:00+00:00,1.794,1.795,1.788,1.79,16226.74
2026-06-20 03:00:00+00:00,1.789,1.795,1.787,1.794,10243.8
2026-06-20 04:00:00+00:00,1.794,1.801,1.79,1.801,11617.47
2026-06-20 05:00:00+00:00,1.802,1.812,1.8,1.804,14786.13
2026-06-20 06:00:00+00:00,1.803,1.807,1.801,1.804,7404.4
2026-06-20 07:00:00+00:00,1.805,1.805,1.798,1.798,13399.86
2026-06-20 08:00:00+00:00,1.798,1.8,1.796,1.799,19350.13
2026-06-20 09:00:00+00:00,1.798,1.802,1.795,1.797,11157.43
2026-06-20 10:00:00+00:00,1.797,1.805,1.791,1.792,18039.92
2026-06-20 11:00:00+00:00,1.792,1.792,1.786,1.786,12751.83
2026-06-20 12:00:00+00:00,1.786,1.792,1.785,1.786,22459.66
2026-06-20 13:00:00+00:00,1.786,1.786,1.771,1.772,52408.61
2026-06-20 14:00:00+00:00,1.771,1.795,1.762,1.791,46264.87
2026-06-20 15:00:00+00:00,1.791,1.8,1.786,1.791,24287.57
2026-06-20 16:00:00+00:00,1.791,1.791,1.776,1.784,42113.59
2026-06-20 17:00:00+00:00,1.784,1.791,1.78,1.789,24405.43
2026-06-20 18:00:00+00:00,1.789,1.798,1.789,1.794,15889.53
2026-06-20 19:00:00+00:00,1.794,1.805,1.793,1.803,22001.78
2026-06-20 20:00:00+00:00,1.804,1.808,1.797,1.799,20431.75
2026-06-20 21:00:00+00:00,1.799,1.809,1.799,1.808,17287.6
2026-06-20 22:00:00+00:00,1.807,1.81,1.798,1.807,55626.67
2026-06-20 23:00:00+00:00,1.807,1.808,1.802,1.803,15059.71
2026-06-21 00:00:00+00:00,1.803,1.811,1.798,1.798,11559.68
2026-06-21 01:00:00+00:00,1.797,1.798,1.79,1.793,11031.74
2026-06-21 02:00:00+00:00,1.792,1.793,1.781,1.789,15347.82
2026-06-21 03:00:00+00:00,1.789,1.793,1.784,1.786,10530.82
2026-06-21 04:00:00+00:00,1.786,1.789,1.78,1.781,11857.19
2026-06-21 05:00:00+00:00,1.781,1.784,1.778,1.779,5403.38
2026-06-21 06:00:00+00:00,1.78,1.79,1.78,1.786,6718.41
2026-06-21 07:00:00+00:00,1.786,1.787,1.779,1.779,10967.69
2026-06-21 08:00:00+00:00,1.779,1.784,1.77,1.783,28089.68
2026-06-21 09:00:00+00:00,1.784,1.789,1.782,1.788,14685.29
2026-06-21 10:00:00+00:00,1.788,1.791,1.782,1.782,15652.16
2026-06-21 11:00:00+00:00,1.782,1.783,1.774,1.774,11287.97
2026-06-21 12:00:00+00:00,1.775,1.779,1.773,1.778,20757.55
2026-06-21 13:00:00+00:00,1.778,1.782,1.775,1.778,41844.61
2026-06-21 14:00:00+00:00,1.779,1.781,1.77,1.775,19663.05
2026-06-21 15:00:00+00:00,1.775,1.78,1.77,1.773,19737.64
2026-06-21 16:00:00+00:00,1.772,1.772,1.763,1.772,27138.04
2026-06-21 17:00:00+00:00,1.772,1.777,1.766,1.767,4296.59
2026-06-21 18:00:00+00:00,1.766,1.775,1.763,1.773,16733.41
2026-06-21 19:00:00+00:00,1.773,1.777,1.773,1.774,5951.78
2026-06-21 20:00:00+00:00,1.774,1.775,1.768,1.769,8248.81
2026-06-21 21:00:00+00:00,1.769,1.773,1.75,1.761,38631.44
2026-06-21 22:00:00+00:00,1.761,1.768,1.756,1.762,14299.57
2026-06-21 23:00:00+00:00,1.762,1.762,1.751,1.756,8351.9
2026-06-22 00:00:00+00:00,1.758,1.776,1.753,1.775,18038.1
2026-06-22 01:00:00+00:00,1.776,1.793,1.772,1.781,32310.97
2026-06-22 02:00:00+00:00,1.78,1.785,1.777,1.78,12619.05
2026-06-22 03:00:00+00:00,1.779,1.789,1.775,1.781,32105.33
2026-06-22 04:00:00+00:00,1.781,1.801,1.776,1.796,133912.78
2026-06-22 05:00:00+00:00,1.795,1.808,1.794,1.803,38375.28
2026-06-22 06:00:00+00:00,1.804,1.809,1.799,1.805,39649.45
2026-06-22 07:00:00+00:00,1.805,1.814,1.804,1.804,51134.27
2026-06-22 08:00:00+00:00,1.804,1.806,1.8,1.802,11211.99
2026-06-22 09:00:00+00:00,1.801,1.827,1.799,1.827,58295.86
2026-06-22 10:00:00+00:00,1.826,1.833,1.815,1.819,38624.55
2026-06-22 11:00:00+00:00,1.82,1.837,1.817,1.827,30850.47
2026-06-22 12:00:00+00:00,1.827,1.838,1.824,1.834,60204.26
2026-06-22 13:00:00+00:00,1.834,1.835,1.825,1.831,44133.91
2026-06-22 14:00:00+00:00,1.83,1.83,1.811,1.822,36851.72
2026-06-22 15:00:00+00:00,1.822,1.824,1.794,1.802,36340.25
2026-06-22 16:00:00+00:00,1.803,1.814,1.798,1.813,25065.78
2026-06-22 17:00:00+00:00,1.812,1.812,1.799,1.803,22188.11
2026-06-22 18:00:00+00:00,1.804,1.805,1.796,1.796,11803.34
2026-06-22 19:00:00+00:00,1.796,1.801,1.788,1.792,28224.48
2026-06-22 20:00:00+00:00,1.79,1.797,1.788,1.796,26244.69
2026-06-22 21:00:00+00:00,1.796,1.8,1.795,1.799,6535.71
2026-06-22 22:00:00+00:00,1.799,1.802,1.783,1.791,26059.72
2026-06-22 23:00:00+00:00,1.79,1.799,1.788,1.799,12344.01
2026-06-23 00:00:00+00:00,1.799,1.803,1.789,1.802,27700.07
2026-06-23 01:00:00+00:00,1.802,1.806,1.79,1.795,22686.34
2026-06-23 02:00:00+00:00,1.795,1.799,1.792,1.792,11666.79
2026-06-23 03:00:00+00:00,1.791,1.794,1.786,1.788,15808.28
2026-06-23 04:00:00+00:00,1.789,1.79,1.781,1.782,15961.97
2026-06-23 05:00:00+00:00,1.781,1.791,1.769,1.779,65281.16
2026-06-23 06:00:00+00:00,1.78,1.783,1.745,1.756,80154.21
2026-06-23 07:00:00+00:00,1.756,1.771,1.755,1.762,66248.25
2026-06-23 08:00:00+00:00,1.762,1.767,1.726,1.742,121183.46
2026-06-23 09:00:00+00:00,1.742,1.753,1.742,1.749,23765.52
2026-06-23 10:00:00+00:00,1.751,1.763,1.751,1.758,59461.03
2026-06-23 11:00:00+00:00,1.759,1.773,1.759,1.77,31147.79
2026-06-23 12:00:00+00:00,1.771,1.776,1.752,1.756,122870.96
2026-06-23 13:00:00+00:00,1.755,1.76,1.737,1.757,119083.05
2026-06-23 14:00:00+00:00,1.757,1.76,1.742,1.743,27122.86
2026-06-23 15:00:00+00:00,1.743,1.743,1.719,1.725,45364.93
2026-06-23 16:00:00+00:00,1.726,1.747,1.725,1.738,22599.57
2026-06-23 17:00:00+00:00,1.737,1.738,1.72,1.722,23361.71
2026-06-23 18:00:00+00:00,1.721,1.73,1.716,1.726,9669.28
2026-06-23 19:00:00+00:00,1.724,1.732,1.715,1.725,51907.58
2026-06-23 20:00:00+00:00,1.726,1.729,1.721,1.721,28038.49
2026-06-23 21:00:00+00:00,1.722,1.733,1.722,1.731,13867.22
2026-06-23 22:00:00+00:00,1.73,1.733,1.723,1.724,20166.72
2026-06-23 23:00:00+00:00,1.724,1.724,1.715,1.719,29883.34
2026-06-24 00:00:00+00:00,1.719,1.725,1.718,1.724,30370.66
2026-06-24 01:00:00+00:00,1.725,1.734,1.718,1.732,48561.11
2026-06-24 02:00:00+00:00,1.731,1.731,1.717,1.718,28707.74
2026-06-24 03:00:00+00:00,1.718,1.718,1.704,1.705,43626.44
2026-06-24 04:00:00+00:00,1.704,1.707,1.686,1.704,52595.5
2026-06-24 05:00:00+00:00,1.704,1.71,1.694,1.706,73356.62
2026-06-24 06:00:00+00:00,1.706,1.707,1.698,1.702,40359.23
2026-06-24 07:00:00+00:00,1.701,1.705,1.696,1.697,31163.15
2026-06-24 08:00:00+00:00,1.698,1.698,1.681,1.684,116662.09
2026-06-24 09:00:00+00:00,1.684,1.684,1.667,1.671,110078.8
2026-06-24 10:00:00+00:00,1.67,1.67,1.655,1.655,136931.16
2026-06-24 11:00:00+00:00,1.656,1.662,1.65,1.652,158513.78
2026-06-24 12:00:00+00:00,1.652,1.652,1.641,1.647,150518.62
2026-06-24 13:00:00+00:00,1.647,1.648,1.617,1.647,241135.17
2026-06-24 14:00:00+00:00,1.647,1.666,1.642,1.666,66438.29
2026-06-24 15:00:00+00:00,1.665,1.666,1.629,1.635,63777.63
2026-06-24 16:00:00+00:00,1.635,1.644,1.609,1.618,169819.38
2026-06-24 17:00:00+00:00,1.618,1.63,1.603,1.608,97619.33
2026-06-24 18:00:00+00:00,1.609,1.637,1.606,1.626,74924.98
2026-06-24 19:00:00+00:00,1.627,1.638,1.619,1.634,31858.54
2026-06-24 20:00:00+00:00,1.633,1.662,1.632,1.659,62223.41
2026-06-24 21:00:00+00:00,1.658,1.659,1.648,1.658,24696.03
2026-06-24 22:00:00+00:00,1.659,1.665,1.65,1.651,22101.37
2026-06-24 23:00:00+00:00,1.651,1.653,1.647,1.651,18342.81
2026-06-25 00:00:00+00:00,1.651,1.655,1.639,1.64,53068.75
2026-06-25 01:00:00+00:00,1.641,1.644,1.64,1.644,11166.55
2026-06-25 02:00:00+00:00,1.644,1.647,1.642,1.645,12992.2
2026-06-25 03:00:00+00:00,1.645,1.647,1.641,1.647,14561.96
2026-06-25 04:00:00+00:00,1.648,1.657,1.642,1.655,17618.74
2026-06-25 05:00:00+00:00,1.655,1.679,1.655,1.674,41947.66
2026-06-25 06:00:00+00:00,1.673,1.677,1.667,1.672,27360.31
2026-06-25 07:00:00+00:00,1.673,1.673,1.656,1.661,107209.11
2026-06-25 08:00:00+00:00,1.662,1.663,1.655,1.656,16466.18
2026-06-25 09:00:00+00:00,1.656,1.661,1.648,1.659,78086.93
2026-06-25 10:00:00+00:00,1.659,1.661,1.632,1.637,64047.23
2026-06-25 11:00:00+00:00,1.637,1.638,1.625,1.626,45921.93
2026-06-25 12:00:00+00:00,1.627,1.629,1.609,1.619,92943.9
2026-06-25 13:00:00+00:00,1.619,1.628,1.548,1.553,200320.17
2026-06-25 14:00:00+00:00,1.554,1.604,1.554,1.592,144715.38
2026-06-25 15:00:00+00:00,1.592,1.633,1.589,1.628,150191.26
2026-06-25 16:00:00+00:00,1.627,1.633,1.593,1.596,36178.94
2026-06-25 17:00:00+00:00,1.597,1.617,1.596,1.616,52742.74
2026-06-25 18:00:00+00:00,1.615,1.621,1.59,1.593,95461.54
2026-06-25 19:00:00+00:00,1.593,1.594,1.584,1.588,31807.8
2026-06-25 20:00:00+00:00,1.589,1.6,1.585,1.589,28793.9
2026-06-25 21:00:00+00:00,1.588,1.608,1.586,1.607,19571.96
2026-06-25 22:00:00+00:00,1.607,1.611,1.602,1.61,42956.41
2026-06-25 23:00:00+00:00,1.61,1.614,1.607,1.613,30405.75
2026-06-26 00:00:00+00:00,1.613,1.619,1.61,1.615,29648.04
2026-06-26 01:00:00+00:00,1.616,1.617,1.602,1.604,23892.78
2026-06-26 02:00:00+00:00,1.604,1.605,1.573,1.598,129394.74
2026-06-26 03:00:00+00:00,1.599,1.649,1.59,1.649,183556.62
2026-06-26 04:00:00+00:00,1.647,1.647,1.607,1.619,134920.4
2026-06-26 05:00:00+00:00,1.618,1.619,1.608,1.617,38846.23
2026-06-26 06:00:00+00:00,1.617,1.625,1.61,1.624,55284.27
2026-06-26 07:00:00+00:00,1.623,1.631,1.62,1.622,31664.76
2026-06-26 08:00:00+00:00,1.622,1.628,1.61,1.61,48124.6
2026-06-26 09:00:00+00:00,1.61,1.613,1.604,1.604,14653.26
2026-06-26 10:00:00+00:00,1.605,1.608,1.597,1.599,42242.69
2026-06-26 11:00:00+00:00,1.599,1.606,1.594,1.602,20047.88
2026-06-26 12:00:00+00:00,1.602,1.607,1.582,1.589,37428.06
2026-06-26 13:00:00+00:00,1.589,1.62,1.586,1.62,57853.91
2026-06-26 14:00:00+00:00,1.619,1.622,1.598,1.599,48915.31
2026-06-26 15:00:00+00:00,1.599,1.611,1.596,1.597,58046.31
2026-06-26 16:00:00+00:00,1.598,1.606,1.586,1.598,64170.93
2026-06-26 17:00:00+00:00,1.597,1.611,1.597,1.611,42805.76
2026-06-26 18:00:00+00:00,1.611,1.623,1.607,1.611,23181.36
2026-06-26 19:00:00+00:00,1.611,1.612,1.58,1.594,102323.61
2026-06-26 20:00:00+00:00,1.595,1.607,1.589,1.593,112783.27
2026-06-26 21:00:00+00:00,1.593,1.6,1.585,1.593,46454.68
2026-06-26 22:00:00+00:00,1.592,1.597,1.587,1.595,37380.7
2026-06-26 23:00:00+00:00,1.594,1.6,1.592,1.595,26832.1
2026-06-27 00:00:00+00:00,1.596,1.596,1.586,1.587,27794.63
2026-06-27 01:00:00+00:00,1.587,1.588,1.578,1.579,18444.02
2026-06-27 02:00:00+00:00,1.579,1.595,1.577,1.594,25776.08
2026-06-27 03:00:00+00:00,1.594,1.594,1.583,1.585,36949.9
2026-06-27 04:00:00+00:00,1.585,1.604,1.585,1.598,79132.93
2026-06-27 05:00:00+00:00,1.597,1.599,1.588,1.594,35933.17
2026-06-27 06:00:00+00:00,1.595,1.605,1.591,1.597,47389.82
2026-06-27 07:00:00+00:00,1.597,1.597,1.591,1.591,24202.13
2026-06-27 08:00:00+00:00,1.591,1.592,1.584,1.586,26242.79
2026-06-27 09:00:00+00:00,1.587,1.59,1.579,1.584,28108.84
2026-06-27 10:00:00+00:00,1.585,1.588,1.58,1.587,17543.37
2026-06-27 11:00:00+00:00,1.587,1.609,1.585,1.609,89348.12
2026-06-27 12:00:00+00:00,1.608,1.617,1.596,1.596,92980.44
2026-06-27 13:00:00+00:00,1.597,1.605,1.595,1.603,68032.98
2026-06-27 14:00:00+00:00,1.601,1.605,1.599,1.604,22265.36
2026-06-27 15:00:00+00:00,1.605,1.617,1.602,1.609,68516.56
2026-06-27 16:00:00+00:00,1.61,1.613,1.601,1.603,55236.14
2026-06-27 17:00:00+00:00,1.603,1.605,1.595,1.598,26124.54
2026-06-27 18:00:00+00:00,1.598,1.599,1.579,1.586,54137.69
2026-06-27 19:00:00+00:00,1.586,1.587,1.562,1.571,93783.87
2026-06-27 20:00:00+00:00,1.57,1.579,1.57,1.572,21736.73
2026-06-27 21:00:00+00:00,1.573,1.575,1.561,1.569,30772.08
2026-06-27 22:00:00+00:00,1.569,1.573,1.559,1.57,14692.42
2026-06-27 23:00:00+00:00,1.572,1.583,1.565,1.583,127287.34
2026-06-28 00:00:00+00:00,1.581,1.585,1.573,1.577,53799.99
2026-06-28 01:00:00+00:00,1.576,1.577,1.567,1.57,13709.62
2026-06-28 02:00:00+00:00,1.57,1.575,1.569,1.571,13061.76
2026-06-28 03:00:00+00:00,1.57,1.577,1.57,1.575,10252.02
2026-06-28 04:00:00+00:00,1.575,1.575,1.564,1.565,40259.26
2026-06-28 05:00:00+00:00,1.564,1.569,1.554,1.567,51580.28
2026-06-28 06:00:00+00:00,1.567,1.567,1.557,1.563,34855.62
2026-06-28 07:00:00+00:00,1.562,1.581,1.561,1.568,54450.97
2026-06-28 08:00:00+00:00,1.567,1.579,1.562,1.575,29002.74
2026-06-28 09:00:00+00:00,1.576,1.581,1.57,1.571,71774.5
2026-06-28 10:00:00+00:00,1.571,1.575,1.566,1.567,21297.61
2026-06-28 11:00:00+00:00,1.568,1.581,1.567,1.58,63320.38
2026-06-28 12:00:00+00:00,1.58,1.584,1.575,1.579,29897.96
2026-06-28 13:00:00+00:00,1.578,1.578,1.567,1.567,25593.27
2026-06-28 14:00:00+00:00,1.567,1.581,1.567,1.577,31667.86
2026-06-28 15:00:00+00:00,1.578,1.58,1.571,1.573,11443.6
2026-06-28 16:00:00+00:00,1.574,1.577,1.571,1.576,9037.52
2026-06-28 17:00:00+00:00,1.577,1.582,1.57,1.573,52094.29
2026-06-28 18:00:00+00:00,1.572,1.577,1.568,1.573,20744.92
2026-06-28 19:00:00+00:00,1.572,1.576,1.567,1.568,118073.95
2026-06-28 20:00:00+00:00,1.568,1.579,1.567,1.577,25726.89
2026-06-28 21:00:00+00:00,1.577,1.58,1.556,1.56,22298.07
2026-06-28 22:00:00+00:00,1.562,1.575,1.556,1.564,61961.68
2026-06-28 23:00:00+00:00,1.564,1.578,1.562,1.573,94038.08
2026-06-29 00:00:00+00:00,1.573,1.582,1.566,1.582,49340.62
2026-06-29 01:00:00+00:00,1.582,1.583,1.568,1.575,41410.43
2026-06-29 02:00:00+00:00,1.575,1.582,1.562,1.582,47927.58
2026-06-29 03:00:00+00:00,1.581,1.595,1.581,1.59,34767.78
2026-06-29 04:00:00+00:00,1.591,1.592,1.575,1.575,28399.41
2026-06-29 05:00:00+00:00,1.575,1.58,1.568,1.58,27856.97
2026-06-29 06:00:00+00:00,1.581,1.585,1.579,1.58,25733.44
2026-06-29 07:00:00+00:00,1.58,1.585,1.572,1.575,49873.55
2026-06-29 08:00:00+00:00,1.575,1.578,1.567,1.568,52610.46
2026-06-29 09:00:00+00:00,1.568,1.577,1.567,1.575,20531.06
2026-06-29 10:00:00+00:00,1.572,1.578,1.564,1.567,72376.59
2026-06-29 11:00:00+00:00,1.566,1.571,1.558,1.561,76858.46
2026-06-29 12:00:00+00:00,1.561,1.575,1.556,1.562,93538.43
2026-06-29 13:00:00+00:00,1.561,1.571,1.531,1.54,273636.48
2026-06-29 14:00:00+00:00,1.54,1.546,1.529,1.546,99019.74
2026-06-29 15:00:00+00:00,1.546,1.549,1.537,1.54,47525.75
2026-06-29 16:00:00+00:00,1.54,1.54,1.519,1.526,125745.47
2026-06-29 17:00:00+00:00,1.527,1.547,1.526,1.527,170005.66
2026-06-29 18:00:00+00:00,1.527,1.542,1.525,1.538,103231.77
2026-06-29 19:00:00+00:00,1.538,1.557,1.534,1.537,145653.5
2026-06-29 20:00:00+00:00,1.538,1.539,1.531,1.532,41125.66
2026-06-29 21:00:00+00:00,1.532,1.543,1.532,1.54,26870.71
2026-06-29 22:00:00+00:00,1.541,1.544,1.522,1.522,75040.4
2026-06-29 23:00:00+00:00,1.523,1.535,1.52,1.535,74084.28
2026-06-30 00:00:00+00:00,1.536,1.536,1.509,1.518,115553.51
2026-06-30 01:00:00+00:00,1.518,1.52,1.511,1.518,22953.84
2026-06-30 02:00:00+00:00,1.517,1.521,1.511,1.52,23249.25
2026-06-30 03:00:00+00:00,1.52,1.525,1.517,1.523,65584.13
2026-06-30 04:00:00+00:00,1.523,1.53,1.517,1.525,24229.97
2026-06-30 05:00:00+00:00,1.524,1.524,1.514,1.52,27715.41
2026-06-30 06:00:00+00:00,1.52,1.521,1.516,1.517,10834.38
2026-06-30 07:00:00+00:00,1.517,1.518,1.51,1.514,41034.77
2026-06-30 08:00:00+00:00,1.514,1.518,1.505,1.516,45485.58
2026-06-30 09:00:00+00:00,1.517,1.519,1.508,1.515,46399.51
2026-06-30 10:00:00+00:00,1.516,1.526,1.515,1.524,90948.04
2026-06-30 11:00:00+00:00,1.523,1.527,1.506,1.509,65915.83
2026-06-30 12:00:00+00:00,1.509,1.514,1.504,1.506,94349.51
2026-06-30 13:00:00+00:00,1.507,1.541,1.506,1.54,186386.39
2026-06-30 14:00:00+00:00,1.541,1.542,1.521,1.525,81398.18
2026-06-30 15:00:00+00:00,1.525,1.539,1.52,1.529,55472.22
2026-06-30 16:00:00+00:00,1.529,1.532,1.506,1.511,174040.77
2026-06-30 17:00:00+00:00,1.512,1.515,1.508,1.509,58124.24
2026-06-30 18:00:00+00:00,1.509,1.516,1.505,1.508,120085.44
2026-06-30 19:00:00+00:00,1.508,1.514,1.504,1.505,93095.21
2026-06-30 20:00:00+00:00,1.505,1.509,1.503,1.504,48653.22
2026-06-30 21:00:00+00:00,1.506,1.512,1.5,1.511,48460.67
2026-06-30 22:00:00+00:00,1.511,1.516,1.505,1.508,15341.98
2026-06-30 23:00:00+00:00,1.508,1.515,1.506,1.513,8450.09
2026-07-01 00:00:00+00:00,1.514,1.515,1.507,1.513,17153.9
2026-07-01 01:00:00+00:00,1.512,1.516,1.482,1.513,80307.75
2026-07-01 02:00:00+00:00,1.514,1.526,1.512,1.525,27879.24
2026-07-01 03:00:00+00:00,1.526,1.534,1.522,1.533,28422.3
2026-07-01 04:00:00+00:00,1.533,1.534,1.528,1.533,12826.34
2026-07-01 05:00:00+00:00,1.533,1.533,1.516,1.517,22514.2
2026-07-01 06:00:00+00:00,1.516,1.519,1.507,1.509,21020.61
2026-07-01 07:00:00+00:00,1.509,1.513,1.506,1.512,23029.81
2026-07-01 08:00:00+00:00,1.512,1.514,1.505,1.51,11982.14
2026-07-01 09:00:00+00:00,1.509,1.515,1.508,1.511,13479.76
2026-07-01 10:00:00+00:00,1.51,1.512,1.504,1.507,22523.68
2026-07-01 11:00:00+00:00,1.506,1.529,1.505,1.516,66277.27
2026-07-01 12:00:00+00:00,1.518,1.521,1.508,1.513,85050.93
2026-07-01 13:00:00+00:00,1.514,1.523,1.497,1.521,111863.61
2026-07-01 14:00:00+00:00,1.522,1.544,1.518,1.533,113965.71
2026-07-01 15:00:00+00:00,1.534,1.559,1.534,1.553,92517.31
2026-07-01 16:00:00+00:00,1.554,1.572,1.546,1.548,109934.91
2026-07-01 17:00:00+00:00,1.547,1.559,1.544,1.554,26701.9
2026-07-01 18:00:00+00:00,1.557,1.559,1.552,1.554,48317.36
2026-07-01 19:00:00+00:00,1.555,1.559,1.545,1.545,36258.13
2026-07-01 20:00:00+00:00,1.547,1.55,1.542,1.546,20306.7
2026-07-01 21:00:00+00:00,1.548,1.561,1.548,1.559,56631.3
2026-07-01 22:00:00+00:00,1.559,1.564,1.544,1.545,50143.33
2026-07-01 23:00:00+00:00,1.546,1.546,1.538,1.539,20530.39
2026-07-02 00:00:00+00:00,1.54,1.55,1.537,1.549,19481.94
2026-07-02 01:00:00+00:00,1.55,1.56,1.548,1.555,24446.01
2026-07-02 02:00:00+00:00,1.554,1.562,1.552,1.559,16338.68
2026-07-02 03:00:00+00:00,1.558,1.57,1.556,1.57,72942.06
2026-07-02 04:00:00+00:00,1.571,1.58,1.556,1.559,153459.68
2026-07-02 05:00:00+00:00,1.558,1.559,1.546,1.549,35148.1
2026-07-02 06:00:00+00:00,1.548,1.55,1.541,1.542,28155.97
2026-07-02 07:00:00+00:00,1.541,1.546,1.538,1.543,38702.99
2026-07-02 08:00:00+00:00,1.544,1.548,1.542,1.546,64495.97
2026-07-02 09:00:00+00:00,1.545,1.556,1.542,1.554,71151.02
2026-07-02 10:00:00+00:00,1.552,1.56,1.55,1.557,172272.78
2026-07-02 11:00:00+00:00,1.556,1.56,1.553,1.554,27176.72
2026-07-02 12:00:00+00:00,1.553,1.564,1.55,1.56,52041.69
2026-07-02 13:00:00+00:00,1.561,1.575,1.558,1.572,49318.87
2026-07-02 14:00:00+00:00,1.571,1.574,1.551,1.554,93551.49
2026-07-02 15:00:00+00:00,1.554,1.555,1.543,1.545,37340.71
2026-07-02 16:00:00+00:00,1.545,1.553,1.542,1.547,84926.39
2026-07-02 17:00:00+00:00,1.548,1.551,1.542,1.543,12284.24
2026-07-02 18:00:00+00:00,1.544,1.553,1.544,1.548,66583.56
2026-07-02 19:00:00+00:00,1.548,1.553,1.545,1.553,40100.6
2026-07-02 20:00:00+00:00,1.554,1.554,1.546,1.549,22570.64
2026-07-02 21:00:00+00:00,1.549,1.553,1.547,1.55,46266.47
2026-07-02 22:00:00+00:00,1.551,1.554,1.548,1.553,10880.92
2026-07-02 23:00:00+00:00,1.552,1.561,1.551,1.56,16743.91
2026-07-03 00:00:00+00:00,1.56,1.564,1.559,1.563,15122.7
2026-07-03 01:00:00+00:00,1.563,1.573,1.562,1.573,31597.42
2026-07-03 02:00:00+00:00,1.573,1.573,1.562,1.563,68974.7
2026-07-03 03:00:00+00:00,1.563,1.565,1.556,1.564,23877.53
2026-07-03 04:00:00+00:00,1.565,1.565,1.553,1.554,31280.72
2026-07-03 05:00:00+00:00,1.554,1.565,1.552,1.563,13656.49
2026-07-03 06:00:00+00:00,1.564,1.593,1.563,1.581,110587.15
2026-07-03 07:00:00+00:00,1.581,1.586,1.575,1.579,31654.0
2026-07-03 08:00:00+00:00,1.579,1.588,1.578,1.579,24116.87
2026-07-03 09:00:00+00:00,1.579,1.6,1.576,1.598,62570.17
2026-07-03 10:00:00+00:00,1.597,1.598,1.59,1.591,34740.77
2026-07-03 11:00:00+00:00,1.59,1.606,1.588,1.591,87596.39
2026-07-03 12:00:00+00:00,1.592,1.597,1.588,1.595,30092.7
2026-07-03 13:00:00+00:00,1.596,1.602,1.593,1.594,18249.06
2026-07-03 14:00:00+00:00,1.595,1.597,1.58,1.597,48085.41
2026-07-03 15:00:00+00:00,1.597,1.606,1.596,1.604,58896.26
2026-07-03 16:00:00+00:00,1.604,1.606,1.596,1.599,37352.55
2026-07-03 17:00:00+00:00,1.599,1.602,1.596,1.599,11957.97
2026-07-03 18:00:00+00:00,1.597,1.603,1.593,1.6,12486.93
2026-07-03 19:00:00+00:00,1.6,1.611,1.599,1.603,35214.87
2026-07-03 20:00:00+00:00,1.602,1.613,1.6,1.609,28465.05
2026-07-03 21:00:00+00:00,1.609,1.609,1.597,1.605,22973.66
2026-07-03 22:00:00+00:00,1.604,1.604,1.595,1.603,9466.13
2026-07-03 23:00:00+00:00,1.603,1.604,1.595,1.597,5818.64
2026-07-04 00:00:00+00:00,1.597,1.605,1.595,1.6,17392.21
2026-07-04 01:00:00+00:00,1.6,1.6,1.588,1.591,23092.93
2026-07-04 02:00:00+00:00,1.59,1.606,1.59,1.605,17923.96
2026-07-04 03:00:00+00:00,1.606,1.612,1.601,1.609,19617.69
2026-07-04 04:00:00+00:00,1.61,1.61,1.595,1.597,21579.72
2026-07-04 05:00:00+00:00,1.596,1.596,1.588,1.588,25620.65
2026-07-04 06:00:00+00:00,1.588,1.592,1.585,1.589,13185.0
2026-07-04 07:00:00+00:00,1.587,1.593,1.581,1.584,26306.82
2026-07-04 08:00:00+00:00,1.584,1.587,1.581,1.584,8962.32
2026-07-04 09:00:00+00:00,1.584,1.586,1.58,1.585,21350.92
2026-07-04 10:00:00+00:00,1.584,1.589,1.58,1.588,14413.36
2026-07-04 11:00:00+00:00,1.587,1.601,1.586,1.596,37048.44
2026-07-04 12:00:00+00:00,1.595,1.598,1.594,1.596,5235.17
2026-07-04 13:00:00+00:00,1.595,1.597,1.587,1.591,9641.82
2026-07-04 14:00:00+00:00,1.592,1.596,1.59,1.593,8370.75
2026-07-04 15:00:00+00:00,1.594,1.605,1.594,1.599,28216.01
2026-07-04 16:00:00+00:00,1.6,1.603,1.593,1.593,21198.98
2026-07-04 17:00:00+00:00,1.593,1.606,1.588,1.606,19117.64
2026-07-04 18:00:00+00:00,1.606,1.608,1.601,1.605,16593.22
2026-07-04 19:00:00+00:00,1.605,1.611,1.601,1.604,40991.94
2026-07-04 20:00:00+00:00,1.604,1.607,1.597,1.597,14581.98
2026-07-04 21:00:00+00:00,1.599,1.603,1.596,1.596,10838.85
2026-07-04 22:00:00+00:00,1.597,1.599,1.595,1.599,3562.42
2026-07-04 23:00:00+00:00,1.599,1.599,1.586,1.593,42896.76
2026-07-05 00:00:00+00:00,1.593,1.594,1.579,1.581,42980.21
2026-07-05 01:00:00+00:00,1.582,1.584,1.574,1.576,21110.24
2026-07-05 02:00:00+00:00,1.576,1.577,1.567,1.57,23074.44
2026-07-05 03:00:00+00:00,1.571,1.575,1.562,1.564,24045.03
2026-07-05 04:00:00+00:00,1.565,1.568,1.558,1.561,32701.06
2026-07-05 05:00:00+00:00,1.561,1.561,1.555,1.558,30742.44
2026-07-05 06:00:00+00:00,1.558,1.559,1.55,1.558,32804.24
2026-07-05 07:00:00+00:00,1.557,1.561,1.552,1.559,23645.85
2026-07-05 08:00:00+00:00,1.559,1.561,1.548,1.552,23485.05
2026-07-05 09:00:00+00:00,1.553,1.557,1.544,1.547,16850.39
2026-07-05 10:00:00+00:00,1.546,1.559,1.543,1.558,39648.0
2026-07-05 11:00:00+00:00,1.559,1.559,1.55,1.551,11655.56
2026-07-05 12:00:00+00:00,1.55,1.56,1.546,1.559,10615.96
2026-07-05 13:00:00+00:00,1.559,1.559,1.553,1.555,17125.95
2026-07-05 14:00:00+00:00,1.556,1.561,1.554,1.56,32262.46
2026-07-05 15:00:00+00:00,1.56,1.565,1.558,1.561,14517.87
2026-07-05 16:00:00+00:00,1.562,1.565,1.557,1.563,65453.88
2026-07-05 17:00:00+00:00,1.563,1.566,1.557,1.558,15597.42
2026-07-05 18:00:00+00:00,1.559,1.572,1.558,1.57,43413.14
2026-07-05 19:00:00+00:00,1.57,1.578,1.568,1.572,19704.5
2026-07-05 20:00:00+00:00,1.572,1.577,1.572,1.575,5446.76
2026-07-05 21:00:00+00:00,1.574,1.587,1.571,1.586,31613.46
2026-07-05 22:00:00+00:00,1.586,1.6,1.585,1.594,47966.25
2026-07-05 23:00:00+00:00,1.595,1.6,1.592,1.598,30139.84
2026-07-06 00:00:00+00:00,1.599,1.599,1.583,1.591,48204.79
2026-07-06 01:00:00+00:00,1.59,1.599,1.587,1.587,10508.83
2026-07-06 02:00:00+00:00,1.588,1.596,1.586,1.591,17762.21
2026-07-06 03:00:00+00:00,1.591,1.593,1.582,1.584,22156.4
2026-07-06 04:00:00+00:00,1.584,1.584,1.577,1.577,28442.65
2026-07-06 05:00:00+00:00,1.578,1.579,1.567,1.573,45090.78
2026-07-06 06:00:00+00:00,1.573,1.58,1.57,1.578,35460.2
2026-07-06 07:00:00+00:00,1.578,1.61,1.578,1.606,145212.24
2026-07-06 08:00:00+00:00,1.607,1.607,1.585,1.592,57391.79
2026-07-06 09:00:00+00:00,1.591,1.592,1.579,1.583,64541.1
2026-07-06 10:00:00+00:00,1.582,1.592,1.582,1.587,16919.22
2026-07-06 11:00:00+00:00,1.587,1.59,1.57,1.571,35729.25
2026-07-06 12:00:00+00:00,1.572,1.572,1.545,1.555,133187.03
2026-07-06 13:00:00+00:00,1.556,1.583,1.554,1.574,75488.82
2026-07-06 14:00:00+00:00,1.574,1.582,1.572,1.574,21949.73
2026-07-06 15:00:00+00:00,1.576,1.584,1.57,1.584,44658.36
2026-07-06 16:00:00+00:00,1.584,1.595,1.584,1.592,41670.89
2026-07-06 17:00:00+00:00,1.593,1.599,1.591,1.593,22832.98
2026-07-06 18:00:00+00:00,1.595,1.601,1.594,1.597,14609.43
2026-07-06 19:00:00+00:00,1.597,1.607,1.596,1.596,39411.49
2026-07-06 20:00:00+00:00,1.595,1.609,1.594,1.607,38622.61
2026-07-06 21:00:00+00:00,1.609,1.63,1.609,1.624,131865.6
2026-07-06 22:00:00+00:00,1.624,1.624,1.605,1.606,40210.72
2026-07-06 23:00:00+00:00,1.606,1.609,1.599,1.603,26846.99
2026-07-07 00:00:00+00:00,1.602,1.612,1.601,1.605,22811.34
2026-07-07 01:00:00+00:00,1.604,1.604,1.592,1.601,39198.02
2026-07-07 02:00:00+00:00,1.602,1.605,1.593,1.596,13517.6
2026-07-07 03:00:00+00:00,1.595,1.601,1.593,1.596,15937.02
2026-07-07 04:00:00+00:00,1.598,1.6,1.592,1.593,7699.63
2026-07-07 05:00:00+00:00,1.592,1.595,1.58,1.592,49289.04
2026-07-07 06:00:00+00:00,1.593,1.597,1.588,1.594,15142.57
2026-07-07 07:00:00+00:00,1.593,1.596,1.585,1.585,16855.71
2026-07-07 08:00:00+00:00,1.586,1.59,1.583,1.588,16284.57
2026-07-07 09:00:00+00:00,1.588,1.592,1.586,1.59,7265.67
2026-07-07 10:00:00+00:00,1.59,1.602,1.582,1.586,150232.89
2026-07-07 11:00:00+00:00,1.586,1.598,1.584,1.591,59145.85
2026-07-07 12:00:00+00:00,1.591,1.598,1.587,1.589,30073.8
2026-07-07 13:00:00+00:00,1.587,1.593,1.582,1.589,25233.8
2026-07-07 14:00:00+00:00,1.587,1.596,1.578,1.595,35440.88
2026-07-07 15:00:00+00:00,1.596,1.607,1.595,1.602,46155.49
2026-07-07 16:00:00+00:00,1.602,1.608,1.595,1.603,27748.94
2026-07-07 17:00:00+00:00,1.605,1.608,1.596,1.606,54882.41
2026-07-07 18:00:00+00:00,1.606,1.609,1.586,1.587,92968.17
2026-07-07 19:00:00+00:00,1.587,1.592,1.58,1.592,45306.66
2026-07-07 20:00:00+00:00,1.592,1.593,1.581,1.586,13853.78
2026-07-07 21:00:00+00:00,1.585,1.588,1.573,1.573,68726.91
2026-07-07 22:00:00+00:00,1.573,1.577,1.562,1.574,47229.57
2026-07-07 23:00:00+00:00,1.575,1.578,1.573,1.575,18382.14
2026-07-08 00:00:00+00:00,1.575,1.583,1.569,1.582,24824.82
2026-07-08 01:00:00+00:00,1.584,1.584,1.562,1.571,115112.87
2026-07-08 02:00:00+00:00,1.571,1.572,1.559,1.57,40095.15
2026-07-08 03:00:00+00:00,1.571,1.576,1.563,1.564,35012.62
2026-07-08 04:00:00+00:00,1.563,1.568,1.56,1.567,15331.33
2026-07-08 05:00:00+00:00,1.567,1.572,1.566,1.571,7546.55
2026-07-08 06:00:00+00:00,1.57,1.58,1.563,1.566,79094.65
2026-07-08 07:00:00+00:00,1.567,1.574,1.558,1.564,32565.72
2026-07-08 08:00:00+00:00,1.565,1.57,1.54,1.546,165775.02
2026-07-08 09:00:00+00:00,1.547,1.548,1.53,1.53,61081.19
2026-07-08 10:00:00+00:00,1.53,1.544,1.529,1.541,37678.02
2026-07-08 11:00:00+00:00,1.541,1.556,1.533,1.554,169496.91
2026-07-08 12:00:00+00:00,1.555,1.573,1.551,1.558,159481.53
2026-07-08 13:00:00+00:00,1.558,1.573,1.554,1.561,89017.09
2026-07-08 14:00:00+00:00,1.562,1.566,1.556,1.562,20961.37
2026-07-08 15:00:00+00:00,1.562,1.562,1.545,1.55,27690.65
2026-07-08 16:00:00+00:00,1.55,1.562,1.549,1.56,12305.97
2026-07-08 17:00:00+00:00,1.56,1.567,1.558,1.558,13025.35
2026-07-08 18:00:00+00:00,1.558,1.563,1.552,1.56,12914.86
2026-07-08 19:00:00+00:00,1.559,1.561,1.556,1.56,4080.11
2026-07-08 20:00:00+00:00,1.56,1.563,1.555,1.555,9882.71
2026-07-08 21:00:00+00:00,1.555,1.56,1.549,1.556,14404.53
2026-07-08 22:00:00+00:00,1.558,1.568,1.556,1.56,42720.06
2026-07-08 23:00:00+00:00,1.559,1.566,1.559,1.566,9770.26
2026-07-09 00:00:00+00:00,1.566,1.58,1.564,1.567,98089.07
2026-07-09 01:00:00+00:00,1.567,1.58,1.563,1.566,28131.08
2026-07-09 02:00:00+00:00,1.565,1.574,1.562,1.564,5063.76
2026-07-09 03:00:00+00:00,1.564,1.568,1.56,1.567,10721.15
2026-07-09 04:00:00+00:00,1.567,1.574,1.566,1.573,15662.52
2026-07-09 05:00:00+00:00,1.573,1.584,1.57,1.578,37245.36
2026-07-09 06:00:00+00:00,1.579,1.582,1.577,1.577,11982.82
2026-07-09 07:00:00+00:00,1.577,1.58,1.568,1.571,18522.75
2026-07-09 08:00:00+00:00,1.572,1.576,1.568,1.573,27338.5
2026-07-09 09:00:00+00:00,1.572,1.574,1.565,1.569,19749.72
2026-07-09 10:00:00+00:00,1.569,1.569,1.562,1.564,29890.63
2026-07-09 11:00:00+00:00,1.565,1.566,1.561,1.565,23364.19
2026-07-09 12:00:00+00:00,1.565,1.568,1.56,1.564,18822.74
2026-07-09 13:00:00+00:00,1.564,1.57,1.56,1.568,54724.34
2026-07-09 14:00:00+00:00,1.569,1.571,1.553,1.555,18794.85
2026-07-09 15:00:00+00:00,1.555,1.561,1.549,1.549,50112.26
2026-07-09 16:00:00+00:00,1.548,1.552,1.546,1.548,20154.11
2026-07-09 17:00:00+00:00,1.547,1.556,1.547,1.553,13258.41
2026-07-09 18:00:00+00:00,1.555,1.562,1.55,1.554,79674.11
2026-07-09 19:00:00+00:00,1.555,1.559,1.551,1.552,12261.22
2026-07-09 20:00:00+00:00,1.553,1.562,1.551,1.562,23478.72
2026-07-09 21:00:00+00:00,1.563,1.568,1.551,1.552,23626.49
2026-07-09 22:00:00+00:00,1.552,1.556,1.551,1.552,9340.62
2026-07-09 23:00:00+00:00,1.551,1.557,1.548,1.552,34718.48
2026-07-10 00:00:00+00:00,1.552,1.553,1.544,1.551,16458.96
2026-07-10 01:00:00+00:00,1.552,1.574,1.551,1.568,69674.33
2026-07-10 02:00:00+00:00,1.569,1.572,1.564,1.567,16537.4
2026-07-10 03:00:00+00:00,1.567,1.567,1.561,1.565,12497.22
2026-07-10 04:00:00+00:00,1.566,1.57,1.561,1.568,17496.39
2026-07-10 05:00:00+00:00,1.566,1.569,1.565,1.568,14981.37
2026-07-10 06:00:00+00:00,1.568,1.568,1.561,1.561,13386.06
2026-07-10 07:00:00+00:00,1.561,1.563,1.557,1.561,7636.66
2026-07-10 08:00:00+00:00,1.562,1.578,1.562,1.577,26364.68
2026-07-10 09:00:00+00:00,1.577,1.588,1.571,1.587,32961.56
2026-07-10 10:00:00+00:00,1.588,1.591,1.583,1.591,16476.25
2026-07-10 11:00:00+00:00,1.591,1.593,1.577,1.584,72538.56
2026-07-10 12:00:00+00:00,1.583,1.585,1.576,1.577,28966.65
2026-07-10 13:00:00+00:00,1.576,1.584,1.574,1.582,26116.17
2026-07-10 14:00:00+00:00,1.582,1.585,1.562,1.571,80686.49
2026-07-10 15:00:00+00:00,1.571,1.581,1.571,1.581,12957.32
2026-07-10 16:00:00+00:00,1.581,1.585,1.576,1.584,14089.55
2026-07-10 17:00:00+00:00,1.584,1.586,1.576,1.576,16920.69
2026-07-10 18:00:00+00:00,1.576,1.591,1.575,1.582,41335.3
2026-07-10 19:00:00+00:00,1.582,1.591,1.582,1.588,11993.46
2026-07-10 20:00:00+00:00,1.588,1.594,1.586,1.587,9716.85
2026-07-10 21:00:00+00:00,1.587,1.595,1.587,1.59,22671.9
2026-07-10 22:00:00+00:00,1.589,1.594,1.585,1.587,11173.78
2026-07-10 23:00:00+00:00,1.587,1.589,1.582,1.588,34256.09
2026-07-11 00:00:00+00:00,1.589,1.611,1.588,1.609,109431.2
2026-07-11 01:00:00+00:00,1.609,1.613,1.601,1.602,15681.1
2026-07-11 02:00:00+00:00,1.601,1.609,1.601,1.603,14193.58
2026-07-11 03:00:00+00:00,1.602,1.603,1.597,1.603,11063.38
2026-07-11 04:00:00+00:00,1.603,1.603,1.593,1.595,26768.98
2026-07-11 05:00:00+00:00,1.593,1.603,1.59,1.594,57952.66
2026-07-11 06:00:00+00:00,1.593,1.598,1.586,1.588,48423.35
2026-07-11 07:00:00+00:00,1.588,1.591,1.585,1.589,9585.8
2026-07-11 08:00:00+00:00,1.59,1.593,1.588,1.592,16089.21
2026-07-11 09:00:00+00:00,1.591,1.596,1.59,1.59,14472.38
2026-07-11 10:00:00+00:00,1.591,1.596,1.59,1.592,20020.15
2026-07-11 11:00:00+00:00,1.593,1.599,1.592,1.598,13090.31
2026-07-11 12:00:00+00:00,1.597,1.607,1.595,1.603,53457.01
2026-07-11 13:00:00+00:00,1.604,1.604,1.597,1.598,14841.65
2026-07-11 14:00:00+00:00,1.598,1.6,1.591,1.594,76818.75
2026-07-11 15:00:00+00:00,1.594,1.599,1.588,1.594,51582.51
2026-07-11 16:00:00+00:00,1.594,1.603,1.593,1.601,45938.68
2026-07-11 17:00:00+00:00,1.6,1.604,1.598,1.602,22166.58
2026-07-11 18:00:00+00:00,1.602,1.605,1.601,1.604,12126.05
2026-07-11 19:00:00+00:00,1.605,1.607,1.601,1.607,7507.0
2026-07-11 20:00:00+00:00,1.607,1.609,1.603,1.604,11449.47
2026-07-11 21:00:00+00:00,1.605,1.609,1.598,1.601,5583.85
2026-07-11 22:00:00+00:00,1.601,1.602,1.588,1.593,25173.02
2026-07-11 23:00:00+00:00,1.593,1.594,1.579,1.581,33363.36
2026-07-12 00:00:00+00:00,1.581,1.582,1.569,1.575,24776.95
2026-07-12 01:00:00+00:00,1.575,1.589,1.574,1.585,38626.4
2026-07-12 02:00:00+00:00,1.584,1.586,1.578,1.58,7566.01
2026-07-12 03:00:00+00:00,1.578,1.586,1.576,1.581,5424.47
2026-07-12 04:00:00+00:00,1.582,1.587,1.572,1.572,55429.81
2026-07-12 05:00:00+00:00,1.572,1.581,1.571,1.577,23146.75
2026-07-12 06:00:00+00:00,1.577,1.577,1.569,1.57,12794.49
2026-07-12 07:00:00+00:00,1.57,1.572,1.556,1.563,135001.14
2026-07-12 08:00:00+00:00,1.562,1.563,1.554,1.562,61888.76
2026-07-12 09:00:00+00:00,1.562,1.565,1.557,1.561,40000.58
2026-07-12 10:00:00+00:00,1.561,1.565,1.559,1.565,12480.84
2026-07-12 11:00:00+00:00,1.564,1.57,1.563,1.567,11894.9
2026-07-12 12:00:00+00:00,1.569,1.573,1.568,1.572,11142.74
2026-07-12 13:00:00+00:00,1.572,1.576,1.57,1.57,34034.0
2026-07-12 14:00:00+00:00,1.57,1.589,1.561,1.589,109385.0
2026-07-12 15:00:00+00:00,1.589,1.591,1.583,1.587,18647.91
2026-07-12 16:00:00+00:00,1.588,1.59,1.585,1.587,13630.81
2026-07-12 17:00:00+00:00,1.587,1.591,1.579,1.582,25034.19
2026-07-12 18:00:00+00:00,1.583,1.587,1.579,1.586,63902.77
2026-07-12 19:00:00+00:00,1.587,1.589,1.582,1.585,7773.2
2026-07-12 20:00:00+00:00,1.586,1.586,1.582,1.582,6411.11
2026-07-12 21:00:00+00:00,1.583,1.584,1.577,1.58,9826.65
2026-07-12 22:00:00+00:00,1.579,1.579,1.559,1.565,37700.0
2026-07-12 23:00:00+00:00,1.565,1.568,1.562,1.568,4925.26
2026-07-13 00:00:00+00:00,1.568,1.584,1.562,1.572,65264.33
2026-07-13 01:00:00+00:00,1.571,1.573,1.549,1.55,34206.94
2026-07-13 02:00:00+00:00,1.551,1.552,1.54,1.551,55215.09
2026-07-13 03:00:00+00:00,1.551,1.551,1.533,1.54,51150.58
2026-07-13 04:00:00+00:00,1.54,1.544,1.536,1.539,68431.07
2026-07-13 05:00:00+00:00,1.538,1.548,1.535,1.548,28786.23
2026-07-13 06:00:00+00:00,1.548,1.55,1.538,1.544,70073.73
2026-07-13 07:00:00+00:00,1.544,1.549,1.541,1.548,11356.02
2026-07-13 08:00:00+00:00,1.549,1.549,1.543,1.548,28575.57
2026-07-13 09:00:00+00:00,1.548,1.56,1.545,1.546,59707.82
2026-07-13 10:00:00+00:00,1.546,1.549,1.544,1.549,10405.83
2026-07-13 11:00:00+00:00,1.549,1.552,1.546,1.546,11791.54
2026-07-13 12:00:00+00:00,1.547,1.548,1.538,1.543,19240.96
2026-07-13 13:00:00+00:00,1.543,1.543,1.535,1.539,23182.84
2026-07-13 14:00:00+00:00,1.54,1.55,1.532,1.549,60610.0
2026-07-13 15:00:00+00:00,1.549,1.553,1.547,1.55,10630.63
2026-07-13 16:00:00+00:00,1.551,1.553,1.542,1.544,15312.67
2026-07-13 17:00:00+00:00,1.544,1.544,1.531,1.531,15653.93
2026-07-13 18:00:00+00:00,1.53,1.538,1.53,1.536,14718.56
2026-07-13 19:00:00+00:00,1.536,1.544,1.535,1.543,15681.83
2026-07-13 20:00:00+00:00,1.544,1.546,1.538,1.54,25096.07
2026-07-13 21:00:00+00:00,1.54,1.54,1.522,1.533,42177.05
2026-07-13 22:00:00+00:00,1.533,1.539,1.531,1.532,15679.85
2026-07-13 23:00:00+00:00,1.533,1.542,1.53,1.538,17686.06
2026-07-14 00:00:00+00:00,1.539,1.544,1.537,1.54,20415.34
2026-07-14 01:00:00+00:00,1.539,1.544,1.536,1.539,22345.1
2026-07-14 02:00:00+00:00,1.538,1.538,1.528,1.529,15179.61
2026-07-14 03:00:00+00:00,1.529,1.529,1.517,1.52,21233.96
2026-07-14 04:00:00+00:00,1.52,1.528,1.518,1.526,31638.5
2026-07-14 05:00:00+00:00,1.527,1.538,1.526,1.538,71844.49
2026-07-14 06:00:00+00:00,1.537,1.54,1.535,1.537,20818.74
2026-07-14 07:00:00+00:00,1.536,1.536,1.527,1.527,29190.39
2026-07-14 08:00:00+00:00,1.527,1.543,1.522,1.526,104225.1
2026-07-14 09:00:00+00:00,1.526,1.53,1.521,1.522,17180.19
2026-07-14 10:00:00+00:00,1.522,1.528,1.52,1.527,17897.21
2026-07-14 11:00:00+00:00,1.527,1.537,1.526,1.534,15366.05
2026-07-14 12:00:00+00:00,1.533,1.548,1.53,1.547,70201.59
2026-07-14 13:00:00+00:00,1.547,1.561,1.546,1.549,89840.83
2026-07-14 14:00:00+00:00,1.547,1.564,1.544,1.563,80920.35
2026-07-14 15:00:00+00:00,1.563,1.567,1.557,1.557,32724.58
2026-07-14 16:00:00+00:00,1.557,1.558,1.553,1.553,21770.36
2026-07-14 17:00:00+00:00,1.553,1.564,1.552,1.561,29782.2
2026-07-14 18:00:00+00:00,1.561,1.562,1.555,1.557,17952.25
2026-07-14 19:00:00+00:00,1.557,1.563,1.555,1.563,24022.55
2026-07-14 20:00:00+00:00,1.563,1.564,1.554,1.556,9744.25
2026-07-14 21:00:00+00:00,1.556,1.562,1.555,1.559,14842.19
2026-07-14 22:00:00+00:00,1.559,1.565,1.552,1.56,19471.03
2026-07-14 23:00:00+00:00,1.56,1.564,1.559,1.564,8480.16
2026-07-15 00:00:00+00:00,1.564,1.572,1.556,1.558,52172.67
2026-07-15 01:00:00+00:00,1.558,1.559,1.554,1.555,15126.73
2026-07-15 02:00:00+00:00,1.554,1.56,1.554,1.56,20721.39
2026-07-15 03:00:00+00:00,1.56,1.573,1.56,1.571,27806.56
2026-07-15 04:00:00+00:00,1.57,1.573,1.559,1.56,32346.7
2026-07-15 05:00:00+00:00,1.559,1.561,1.552,1.561,89551.43
2026-07-15 06:00:00+00:00,1.561,1.567,1.558,1.559,53479.92
2026-07-15 07:00:00+00:00,1.558,1.561,1.554,1.559,27570.74
2026-07-15 08:00:00+00:00,1.56,1.571,1.557,1.563,77909.51
2026-07-15 09:00:00+00:00,1.562,1.572,1.56,1.562,62598.04
2026-07-15 10:00:00+00:00,1.562,1.579,1.561,1.566,156390.98
2026-07-15 11:00:00+00:00,1.566,1.579,1.564,1.575,46183.53
2026-07-15 12:00:00+00:00,1.575,1.589,1.574,1.589,69080.39
2026-07-15 13:00:00+00:00,1.589,1.594,1.577,1.584,56884.86
2026-07-15 14:00:00+00:00,1.584,1.585,1.573,1.579,46866.62
2026-07-15 15:00:00+00:00,1.578,1.579,1.569,1.575,65009.81
2026-07-15 16:00:00+00:00,1.576,1.577,1.56,1.565,57713.74
2026-07-15 17:00:00+00:00,1.564,1.593,1.561,1.565,103182.82
2026-07-15 18:00:00+00:00,1.565,1.566,1.559,1.56,23481.57
2026-07-15 19:00:00+00:00,1.56,1.562,1.553,1.556,34835.91
2026-07-15 20:00:00+00:00,1.556,1.566,1.554,1.56,22562.75
2026-07-15 21:00:00+00:00,1.559,1.561,1.557,1.559,14619.86
2026-07-15 22:00:00+00:00,1.559,1.567,1.555,1.56,30811.55
2026-07-15 23:00:00+00:00,1.56,1.563,1.555,1.556,18831.27
2026-07-16 00:00:00+00:00,1.556,1.559,1.547,1.547,48497.86
2026-07-16 01:00:00+00:00,1.547,1.55,1.54,1.549,29841.12
2026-07-16 02:00:00+00:00,1.548,1.552,1.546,1.552,15231.23
2026-07-16 03:00:00+00:00,1.552,1.564,1.548,1.551,72279.26
2026-07-16 04:00:00+00:00,1.55,1.554,1.547,1.552,22973.05
2026-07-16 05:00:00+00:00,1.552,1.562,1.551,1.56,32706.27
2026-07-16 06:00:00+00:00,1.56,1.565,1.555,1.559,43098.01
2026-07-16 07:00:00+00:00,1.559,1.569,1.542,1.545,128847.64
2026-07-16 08:00:00+00:00,1.546,1.546,1.528,1.534,64653.89
2026-07-16 09:00:00+00:00,1.535,1.537,1.53,1.53,59631.46
2026-07-16 10:00:00+00:00,1.531,1.544,1.529,1.537,77468.2
2026-07-16 11:00:00+00:00,1.537,1.537,1.53,1.534,57884.04
2026-07-16 12:00:00+00:00,1.534,1.537,1.525,1.527,59126.07
2026-07-16 13:00:00+00:00,1.527,1.538,1.525,1.533,55563.4
2026-07-16 14:00:00+00:00,1.533,1.547,1.528,1.529,95193.84
2026-07-16 15:00:00+00:00,1.53,1.537,1.524,1.527,42846.98
2026-07-16 16:00:00+00:00,1.528,1.538,1.525,1.529,63227.14
2026-07-16 17:00:00+00:00,1.529,1.529,1.512,1.52,92147.23
2026-07-16 18:00:00+00:00,1.52,1.533,1.519,1.53,25954.11
2026-07-16 19:00:00+00:00,1.53,1.534,1.529,1.533,26035.94
2026-07-16 20:00:00+00:00,1.533,1.535,1.527,1.531,18173.06
2026-07-16 21:00:00+00:00,1.532,1.533,1.527,1.527,7651.63
2026-07-16 22:00:00+00:00,1.528,1.529,1.512,1.512,22369.96
2026-07-16 23:00:00+00:00,1.513,1.514,1.504,1.512,51692.15
2026-07-17 00:00:00+00:00,1.513,1.515,1.504,1.515,45490.15
2026-07-17 01:00:00+00:00,1.514,1.52,1.505,1.507,22260.57
2026-07-17 02:00:00+00:00,1.506,1.51,1.501,1.505,52487.12
2026-07-17 03:00:00+00:00,1.505,1.512,1.503,1.51,19427.51
2026-07-17 04:00:00+00:00,1.509,1.516,1.5,1.51,58814.72
2026-07-17 05:00:00+00:00,1.509,1.509,1.494,1.496,47018.5
2026-07-17 06:00:00+00:00,1.496,1.507,1.496,1.506,27502.98
2026-07-17 07:00:00+00:00,1.506,1.509,1.5,1.502,32730.31
2026-07-17 08:00:00+00:00,1.503,1.507,1.5,1.503,31568.52
2026-07-17 09:00:00+00:00,1.503,1.504,1.499,1.503,63198.61
2026-07-17 10:00:00+00:00,1.502,1.511,1.501,1.505,30953.42
2026-07-17 11:00:00+00:00,1.505,1.506,1.498,1.499,17757.35
2026-07-17 12:00:00+00:00,1.5,1.5,1.491,1.496,44149.38
2026-07-17 13:00:00+00:00,1.496,1.512,1.489,1.512,232424.25
2026-07-17 14:00:00+00:00,1.511,1.518,1.506,1.509,33666.65
2026-07-17 15:00:00+00:00,1.508,1.513,1.5,1.513,68056.46
2026-07-17 16:00:00+00:00,1.513,1.524,1.509,1.521,52599.42
2026-07-17 17:00:00+00:00,1.521,1.53,1.518,1.518,58560.98
2026-07-17 18:00:00+00:00,1.518,1.524,1.514,1.522,21116.39
2026-07-17 19:00:00+00:00,1.522,1.523,1.511,1.516,46031.46
2026-07-17 20:00:00+00:00,1.515,1.519,1.512,1.514,40956.32
2026-07-17 21:00:00+00:00,1.513,1.517,1.512,1.512,8472.45
2026-07-17 22:00:00+00:00,1.511,1.513,1.498,1.507,71230.25
2026-07-17 23:00:00+00:00,1.508,1.512,1.503,1.511,21436.82
2026-07-18 00:00:00+00:00,1.51,1.514,1.508,1.51,38427.3
2026-07-18 01:00:00+00:00,1.51,1.51,1.506,1.507,15351.11
2026-07-18 02:00:00+00:00,1.507,1.509,1.505,1.505,20489.27
2026-07-18 03:00:00+00:00,1.504,1.507,1.502,1.502,19450.55
2026-07-18 04:00:00+00:00,1.503,1.503,1.496,1.497,17272.01
2026-07-18 05:00:00+00:00,1.496,1.499,1.493,1.498,16135.51
2026-07-18 06:00:00+00:00,1.498,1.5,1.496,1.498,12084.54
2026-07-18 07:00:00+00:00,1.498,1.498,1.494,1.495,15159.95
2026-07-18 08:00:00+00:00,1.494,1.506,1.494,1.494,73082.93
2026-07-18 09:00:00+00:00,1.495,1.495,1.487,1.49,37589.41
2026-07-18 10:00:00+00:00,1.491,1.495,1.488,1.494,24944.21
2026-07-18 11:00:00+00:00,1.493,1.497,1.491,1.492,20725.87
2026-07-18 12:00:00+00:00,1.492,1.496,1.484,1.493,45624.42
2026-07-18 13:00:00+00:00,1.494,1.494,1.488,1.489,18467.79
2026-07-18 14:00:00+00:00,1.49,1.495,1.485,1.49,66622.66
2026-07-18 15:00:00+00:00,1.49,1.493,1.488,1.493,14786.46
2026-07-18 16:00:00+00:00,1.494,1.502,1.491,1.495,59757.74
2026-07-18 17:00:00+00:00,1.495,1.501,1.493,1.501,27469.35
2026-07-18 18:00:00+00:00,1.502,1.506,1.494,1.497,74299.45
2026-07-18 19:00:00+00:00,1.498,1.501,1.495,1.499,15719.8
2026-07-18 20:00:00+00:00,1.5,1.504,1.495,1.499,20890.95
2026-07-18 21:00:00+00:00,1.499,1.504,1.493,1.496,30510.98
2026-07-18 22:00:00+00:00,1.497,1.506,1.496,1.503,34122.69
2026-07-18 23:00:00+00:00,1.503,1.503,1.497,1.498,15510.97
2026-07-19 00:00:00+00:00,1.498,1.504,1.496,1.504,26581.16
2026-07-19 01:00:00+00:00,1.505,1.505,1.498,1.499,9845.0
2026-07-19 02:00:00+00:00,1.5,1.505,1.497,1.497,42705.87
2026-07-19 03:00:00+00:00,1.498,1.5,1.492,1.494,21983.39
2026-07-19 04:00:00+00:00,1.495,1.497,1.491,1.495,19182.86
2026-07-19 05:00:00+00:00,1.495,1.497,1.493,1.495,7651.03
2026-07-19 06:00:00+00:00,1.495,1.497,1.493,1.494,20373.88
2026-07-19 07:00:00+00:00,1.494,1.501,1.491,1.491,51521.63
2026-07-19 08:00:00+00:00,1.491,1.501,1.491,1.496,69370.75
2026-07-19 09:00:00+00:00,1.497,1.497,1.488,1.488,24485.6
2026-07-19 10:00:00+00:00,1.488,1.495,1.487,1.49,19063.18
2026-07-19 11:00:00+00:00,1.491,1.492,1.48,1.483,125635.77
2026-07-19 12:00:00+00:00,1.482,1.489,1.482,1.489,73903.46
2026-07-19 13:00:00+00:00,1.489,1.494,1.485,1.489,61060.6
2026-07-19 14:00:00+00:00,1.489,1.491,1.487,1.488,43520.27
2026-07-19 15:00:00+00:00,1.487,1.49,1.486,1.486,15817.15
2026-07-19 16:00:00+00:00,1.487,1.489,1.483,1.484,13291.46
2026-07-19 17:00:00+00:00,1.483,1.489,1.472,1.488,67070.57
2026-07-19 18:00:00+00:00,1.487,1.489,1.478,1.482,31342.82
2026-07-19 19:00:00+00:00,1.482,1.482,1.476,1.479,16107.38
2026-07-19 20:00:00+00:00,1.48,1.481,1.478,1.478,11480.44
2026-07-19 21:00:00+00:00,1.478,1.479,1.473,1.477,29913.98
2026-07-19 22:00:00+00:00,1.476,1.482,1.474,1.475,28599.81
2026-07-19 23:00:00+00:00,1.475,1.478,1.472,1.477,15437.13
2026-07-20 00:00:00+00:00,1.477,1.485,1.466,1.468,85935.43
2026-07-20 01:00:00+00:00,1.467,1.475,1.456,1.459,74867.42
2026-07-20 02:00:00+00:00,1.459,1.466,1.458,1.462,26965.15
2026-07-20 03:00:00+00:00,1.462,1.499,1.46,1.474,229823.27
2026-07-20 04:00:00+00:00,1.475,1.476,1.463,1.467,22464.48
2026-07-20 05:00:00+00:00,1.468,1.473,1.45,1.455,109265.54
2026-07-20 06:00:00+00:00,1.454,1.46,1.445,1.454,94373.34
2026-07-20 07:00:00+00:00,1.455,1.466,1.454,1.465,20054.38
2026-07-20 08:00:00+00:00,1.464,1.465,1.454,1.459,22823.61
2026-07-20 09:00:00+00:00,1.459,1.469,1.457,1.468,26860.47
2026-07-20 10:00:00+00:00,1.468,1.474,1.467,1.473,34787.41
2026-07-20 11:00:00+00:00,1.473,1.485,1.47,1.484,51138.83
2026-07-20 12:00:00+00:00,1.484,1.492,1.481,1.482,57507.28
2026-07-20 13:00:00+00:00,1.481,1.486,1.473,1.474,42057.2
2026-07-20 14:00:00+00:00,1.474,1.486,1.468,1.48,88562.46
2026-07-20 15:00:00+00:00,1.479,1.49,1.478,1.489,40953.84
2026-07-20 16:00:00+00:00,1.49,1.501,1.483,1.487,128477.35
2026-07-20 17:00:00+00:00,1.488,1.491,1.486,1.488,18841.43
2026-07-20 18:00:00+00:00,1.489,1.499,1.489,1.494,64686.48
2026-07-20 19:00:00+00:00,1.494,1.495,1.49,1.492,27532.72
2026-07-20 20:00:00+00:00,1.492,1.509,1.491,1.506,63665.52
2026-07-20 21:00:00+00:00,1.506,1.508,1.492,1.498,104341.34
2026-07-20 22:00:00+00:00,1.497,1.499,1.492,1.494,14300.18
2026-07-20 23:00:00+00:00,1.494,1.5,1.494,1.496,30494.2
2026-07-21 00:00:00+00:00,1.495,1.499,1.493,1.495,15384.69
2026-07-21 01:00:00+00:00,1.495,1.497,1.489,1.491,20017.44
2026-07-21 02:00:00+00:00,1.49,1.496,1.486,1.494,35308.0
2026-07-21 03:00:00+00:00,1.494,1.504,1.494,1.503,42197.96
2026-07-21 04:00:00+00:00,1.503,1.505,1.496,1.497,44363.38
2026-07-21 05:00:00+00:00,1.498,1.507,1.496,1.503,57254.22
2026-07-21 06:00:00+00:00,1.503,1.511,1.503,1.506,33937.02
2026-07-21 07:00:00+00:00,1.505,1.51,1.503,1.507,32984.03
2026-07-21 08:00:00+00:00,1.507,1.51,1.502,1.502,28503.92
2026-07-21 09:00:00+00:00,1.501,1.506,1.493,1.504,111514.99
2026-07-21 10:00:00+00:00,1.504,1.508,1.498,1.498,66187.88
2026-07-21 11:00:00+00:00,1.497,1.506,1.495,1.503,64613.0
2026-07-21 12:00:00+00:00,1.502,1.505,1.501,1.502,21969.64
2026-07-21 13:00:00+00:00,1.501,1.503,1.497,1.502,26623.93
2026-07-21 14:00:00+00:00,1.502,1.503,1.494,1.495,50268.0
2026-07-21 15:00:00+00:00,1.494,1.498,1.492,1.494,24521.95
2026-07-21 16:00:00+00:00,1.495,1.497,1.49,1.494,22440.5
2026-07-21 17:00:00+00:00,1.494,1.495,1.485,1.49,39459.14
2026-07-21 18:00:00+00:00,1.49,1.496,1.487,1.492,58294.27
2026-07-21 19:00:00+00:00,1.491,1.491,1.486,1.487,34235.59
2026-07-21 20:00:00+00:00,1.487,1.489,1.485,1.486,20342.42
2026-07-21 21:00:00+00:00,1.486,1.488,1.484,1.485,20938.28
2026-07-21 22:00:00+00:00,1.485,1.487,1.482,1.483,17836.89
2026-07-21 23:00:00+00:00,1.483,1.495,1.478,1.486,86379.8
2026-07-22 00:00:00+00:00,1.485,1.491,1.484,1.489,18533.7
2026-07-22 01:00:00+00:00,1.489,1.492,1.482,1.491,43873.88
2026-07-22 02:00:00+00:00,1.49,1.493,1.485,1.485,47475.88
2026-07-22 03:00:00+00:00,1.485,1.489,1.48,1.481,23028.26
2026-07-22 04:00:00+00:00,1.481,1.485,1.479,1.481,24649.9
2026-07-22 05:00:00+00:00,1.48,1.481,1.472,1.472,42990.6
2026-07-22 06:00:00+00:00,1.472,1.476,1.47,1.473,42258.54
2026-07-22 07:00:00+00:00,1.473,1.473,1.466,1.468,28729.97
2026-07-22 08:00:00+00:00,1.469,1.471,1.462,1.468,38725.05
2026-07-22 09:00:00+00:00,1.467,1.471,1.463,1.463,39977.23
2026-07-22 10:00:00+00:00,1.464,1.469,1.464,1.465,23399.87
2026-07-22 11:00:00+00:00,1.465,1.469,1.464,1.467,38425.3
2026-07-22 12:00:00+00:00,1.467,1.468,1.458,1.466,61330.78
2026-07-22 13:00:00+00:00,1.466,1.473,1.464,1.471,33903.13
2026-07-22 14:00:00+00:00,1.47,1.473,1.461,1.464,49198.93
2026-07-22 15:00:00+00:00,1.464,1.471,1.462,1.471,39519.11
2026-07-22 16:00:00+00:00,1.47,1.472,1.46,1.47,63833.6
2026-07-22 17:00:00+00:00,1.47,1.471,1.464,1.468,23485.8
2026-07-22 18:00:00+00:00,1.467,1.47,1.464,1.469,33241.44
2026-07-22 19:00:00+00:00,1.468,1.468,1.464,1.467,21696.79
2026-07-22 20:00:00+00:00,1.466,1.474,1.465,1.471,125937.61
2026-07-22 21:00:00+00:00,1.471,1.472,1.464,1.466,10606.98
2026-07-22 22:00:00+00:00,1.467,1.47,1.464,1.468,23620.95
2026-07-22 23:00:00+00:00,1.468,1.47,1.461,1.469,36127.3
2026-07-23 00:00:00+00:00,1.469,1.472,1.467,1.467,19581.1
2026-07-23 01:00:00+00:00,1.466,1.469,1.463,1.464,17738.88
2026-07-23 02:00:00+00:00,1.464,1.464,1.453,1.459,104641.58
2026-07-23 03:00:00+00:00,1.458,1.458,1.451,1.452,30397.74
2026-07-23 04:00:00+00:00,1.452,1.458,1.449,1.455,21135.14
2026-07-23 05:00:00+00:00,1.455,1.458,1.452,1.452,24610.55
2026-07-23 06:00:00+00:00,1.452,1.464,1.452,1.463,44702.1
2026-07-23 07:00:00+00:00,1.464,1.471,1.461,1.467,62850.63
2026-07-23 08:00:00+00:00,1.468,1.48,1.467,1.475,119331.38
2026-07-23 09:00:00+00:00,1.476,1.479,1.46,1.463,157509.18
2026-07-23 10:00:00+00:00,1.462,1.467,1.46,1.464,45231.79
2026-07-23 11:00:00+00:00,1.465,1.467,1.455,1.457,69959.78
2026-07-23 12:00:00+00:00,1.457,1.459,1.445,1.453,58715.39
2026-07-23 13:00:00+00:00,1.452,1.452,1.436,1.437,78523.16
2026-07-23 14:00:00+00:00,1.437,1.445,1.435,1.441,42212.58
2026-07-23 15:00:00+00:00,1.441,1.446,1.43,1.443,43090.6
2026-07-23 16:00:00+00:00,1.443,1.443,1.434,1.435,16013.73
2026-07-23 17:00:00+00:00,1.435,1.436,1.421,1.423,28797.81
2026-07-23 18:00:00+00:00,1.424,1.428,1.42,1.423,34613.45
2026-07-23 19:00:00+00:00,1.423,1.428,1.42,1.423,26007.99
2026-07-23 20:00:00+00:00,1.422,1.429,1.422,1.427,14089.54
2026-07-23 21:00:00+00:00,1.428,1.43,1.42,1.422,23482.4
2026-07-23 22:00:00+00:00,1.421,1.425,1.418,1.423,29512.86
2026-07-23 23:00:00+00:00,1.423,1.424,1.419,1.42,12194.05
2026-07-24 00:00:00+00:00,1.421,1.422,1.411,1.422,37295.84
2026-07-24 01:00:00+00:00,1.422,1.429,1.42,1.426,29297.83
2026-07-24 02:00:00+00:00,1.426,1.428,1.422,1.422,20292.17
2026-07-24 03:00:00+00:00,1.423,1.431,1.422,1.429,19760.44
2026-07-24 04:00:00+00:00,1.429,1.431,1.425,1.428,17233.16
2026-07-24 05:00:00+00:00,1.428,1.43,1.419,1.422,85339.14
2026-07-24 06:00:00+00:00,1.422,1.422,1.419,1.42,21196.88
2026-07-24 07:00:00+00:00,1.42,1.426,1.416,1.422,30388.45
2026-07-24 08:00:00+00:00,1.422,1.422,1.416,1.418,14707.37
2026-07-24 09:00:00+00:00,1.418,1.419,1.41,1.41,47317.04
2026-07-24 10:00:00+00:00,1.411,1.412,1.397,1.398,70343.74
2026-07-24 11:00:00+00:00,1.398,1.401,1.388,1.393,61111.03
2026-07-24 12:00:00+00:00,1.393,1.398,1.387,1.388,25612.35
2026-07-24 13:00:00+00:00,1.388,1.388,1.373,1.376,110194.13
2026-07-24 14:00:00+00:00,1.377,1.392,1.375,1.391,82460.12
2026-07-24 15:00:00+00:00,1.391,1.398,1.388,1.397,23646.93
2026-07-24 16:00:00+00:00,1.397,1.404,1.393,1.395,35638.43
2026-07-24 17:00:00+00:00,1.396,1.404,1.396,1.402,34065.52
2026-07-24 18:00:00+00:00,1.402,1.402,1.391,1.395,15679.56
2026-07-24 19:00:00+00:00,1.395,1.397,1.393,1.397,17715.71
2026-07-24 20:00:00+00:00,1.396,1.402,1.396,1.397,18238.22
2026-07-24 21:00:00+00:00,1.397,1.399,1.387,1.388,20262.51
2026-07-24 22:00:00+00:00,1.388,1.394,1.387,1.39,47635.81
2026-07-24 23:00:00+00:00,1.39,1.396,1.39,1.394,13022.59
2026-07-25 00:00:00+00:00,1.394,1.4,1.393,1.399,13015.31
2026-07-25 01:00:00+00:00,1.399,1.402,1.394,1.394,16084.94
2026-07-25 02:00:00+00:00,1.394,1.394,1.388,1.389,20910.03
2026-07-25 03:00:00+00:00,1.389,1.392,1.381,1.383,24955.48
2026-07-25 04:00:00+00:00,1.383,1.389,1.382,1.384,14677.11
2026-07-25 05:00:00+00:00,1.385,1.386,1.374,1.376,41763.53
2026-07-25 06:00:00+00:00,1.375,1.379,1.37,1.376,29045.99
2026-07-25 07:00:00+00:00,1.376,1.377,1.374,1.377,28144.64
2026-07-25 08:00:00+00:00,1.376,1.382,1.375,1.381,20769.74
2026-07-25 09:00:00+00:00,1.381,1.386,1.38,1.385,19646.28
2026-07-25 10:00:00+00:00,1.384,1.386,1.38,1.38,19245.86
2026-07-25 11:00:00+00:00,1.381,1.385,1.378,1.38,34545.7
2026-07-25 12:00:00+00:00,1.381,1.386,1.38,1.385,19155.23
2026-07-25 13:00:00+00:00,1.385,1.39,1.385,1.387,23504.64
2026-07-25 14:00:00+00:00,1.387,1.388,1.382,1.384,31915.7
2026-07-25 15:00:00+00:00,1.384,1.391,1.379,1.386,59579.06
2026-07-25 16:00:00+00:00,1.385,1.388,1.38,1.382,42434.7
2026-07-25 17:00:00+00:00,1.382,1.391,1.382,1.39,35436.09
2026-07-25 18:00:00+00:00,1.39,1.393,1.389,1.391,16818.97
2026-07-25 19:00:00+00:00,1.391,1.392,1.388,1.39,4638.76
2026-07-25 20:00:00+00:00,1.39,1.391,1.385,1.388,7208.6
2026-07-25 21:00:00+00:00,1.387,1.39,1.381,1.387,26857.32
2026-07-25 22:00:00+00:00,1.387,1.393,1.386,1.392,26245.93
2026-07-25 23:00:00+00:00,1.391,1.391,1.383,1.383,18007.18
2026-07-26 00:00:00+00:00,1.383,1.386,1.382,1.386,17729.03
2026-07-26 01:00:00+00:00,1.386,1.388,1.382,1.387,39324.72
2026-07-26 02:00:00+00:00,1.387,1.389,1.381,1.387,35305.64
2026-07-26 03:00:00+00:00,1.387,1.388,1.385,1.387,17438.05
2026-07-26 04:00:00+00:00,1.387,1.395,1.385,1.394,29087.41
2026-07-26 05:00:00+00:00,1.394,1.401,1.391,1.392,36348.16
2026-07-26 06:00:00+00:00,1.391,1.396,1.386,1.396,24032.52
2026-07-26 07:00:00+00:00,1.395,1.401,1.393,1.396,51809.51
2026-07-26 08:00:00+00:00,1.396,1.397,1.389,1.392,25545.67
2026-07-26 09:00:00+00:00,1.392,1.394,1.386,1.392,60131.56
2026-07-26 10:00:00+00:00,1.392,1.399,1.391,1.397,53759.87
2026-07-26 11:00:00+00:00,1.396,1.4,1.396,1.398,41299.42
2026-07-26 12:00:00+00:00,1.398,1.399,1.385,1.391,109115.38
2026-07-26 13:00:00+00:00,1.391,1.391,1.386,1.386,20098.71
2026-07-26 14:00:00+00:00,1.386,1.392,1.385,1.389,46964.75
2026-07-26 15:00:00+00:00,1.388,1.392,1.387,1.391,6795.21
2026-07-26 16:00:00+00:00,1.391,1.398,1.39,1.392,23886.19
2026-07-26 17:00:00+00:00,1.393,1.397,1.39,1.393,13729.71
2026-07-26 18:00:00+00:00,1.394,1.399,1.393,1.395,42378.22
2026-07-26 19:00:00+00:00,1.396,1.397,1.393,1.395,22668.9
2026-07-26 20:00:00+00:00,1.395,1.396,1.391,1.392,13832.87
2026-07-26 21:00:00+00:00,1.391,1.4,1.39,1.399,16679.74
2026-07-26 22:00:00+00:00,1.399,1.405,1.399,1.403,25557.2
2026-07-26 23:00:00+00:00,1.403,1.404,1.397,1.399,29002.79
2026-07-27 00:00:00+00:00,1.399,1.399,1.394,1.394,25146.3
2026-07-27 01:00:00+00:00,1.394,1.394,1.387,1.392,45422.3
2026-07-27 02:00:00+00:00,1.392,1.399,1.389,1.398,33187.15
2026-07-27 03:00:00+00:00,1.399,1.399,1.396,1.398,20144.1
2026-07-27 04:00:00+00:00,1.398,1.4,1.394,1.395,53013.62
2026-07-27 05:00:00+00:00,1.394,1.396,1.392,1.392,13418.79
2026-07-27 06:00:00+00:00,1.393,1.399,1.388,1.39,32073.3
2026-07-27 07:00:00+00:00,1.389,1.393,1.387,1.388,45834.36
2026-07-27 08:00:00+00:00,1.388,1.39,1.383,1.388,57056.94
2026-07-27 09:00:00+00:00,1.388,1.388,1.383,1.385,22083.35
2026-07-27 10:00:00+00:00,1.384,1.39,1.383,1.385,42179.71
2026-07-27 11:00:00+00:00,1.384,1.384,1.378,1.38,69790.28
2026-07-27 12:00:00+00:00,1.38,1.382,1.373,1.378,37452.0
2026-07-27 13:00:00+00:00,1.379,1.387,1.375,1.379,22427.91
2026-07-27 14:00:00+00:00,1.38,1.381,1.35,1.36,178340.88
2026-07-27 15:00:00+00:00,1.359,1.36,1.339,1.343,116559.16
2026-07-27 16:00:00+00:00,1.342,1.351,1.341,1.348,81952.11
2026-07-27 17:00:00+00:00,1.348,1.359,1.348,1.353,103817.2
2026-07-27 18:00:00+00:00,1.353,1.355,1.343,1.347,64541.14
2026-07-27 19:00:00+00:00,1.347,1.356,1.346,1.347,50787.31
2026-07-27 20:00:00+00:00,1.347,1.348,1.341,1.345,32627.51
2026-07-27 21:00:00+00:00,1.345,1.345,1.33,1.338,36041.48
2026-07-27 22:00:00+00:00,1.337,1.337,1.298,1.305,155826.51
2026-07-27 23:00:00+00:00,1.302,1.309,1.295,1.299,206648.93
2026-07-28 00:00:00+00:00,1.3,1.31,1.296,1.303,192419.97
2026-07-28 01:00:00+00:00,1.303,1.304,1.285,1.29,104464.88
2026-07-28 02:00:00+00:00,1.29,1.306,1.287,1.306,108136.75
2026-07-28 03:00:00+00:00,1.306,1.308,1.297,1.298,34475.08
2026-07-28 04:00:00+00:00,1.299,1.305,1.296,1.299,20743.14
2026-07-28 05:00:00+00:00,1.298,1.313,1.297,1.311,126270.48
2026-07-28 06:00:00+00:00,1.311,1.313,1.306,1.308,26350.56
2026-07-28 07:00:00+00:00,1.307,1.31,1.301,1.303,128992.17
2026-07-28 08:00:00+00:00,1.303,1.307,1.298,1.298,57014.88
2026-07-28 09:00:00+00:00,1.298,1.311,1.296,1.305,194549.25
2026-07-28 10:00:00+00:00,1.305,1.309,1.303,1.306,47196.2
2026-07-28 11:00:00+00:00,1.306,1.309,1.299,1.305,125031.89
2026-07-28 12:00:00+00:00,1.305,1.307,1.303,1.305,44412.99
2026-07-28 13:00:00+00:00,1.305,1.309,1.288,1.293,109486.82
2026-07-28 14:00:00+00:00,1.293,1.297,1.288,1.295,26728.3
2026-07-28 15:00:00+00:00,1.295,1.305,1.292,1.301,69680.24
2026-07-28 16:00:00+00:00,1.302,1.302,1.292,1.293,37926.65
2026-07-28 17:00:00+00:00,1.293,1.297,1.289,1.293,48492.81
2026-07-28 18:00:00+00:00,1.294,1.298,1.293,1.297,39439.65
2026-07-28 19:00:00+00:00,1.297,1.308,1.297,1.307,58001.19
2026-07-28 20:00:00+00:00,1.307,1.312,1.304,1.311,55273.48
2026-07-28 21:00:00+00:00,1.311,1.316,1.307,1.315,70395.52
2026-07-28 22:00:00+00:00,1.315,1.316,1.298,1.299,25665.25
2026-07-28 23:00:00+00:00,1.299,1.308,1.295,1.308,41447.48
2026-07-29 00:00:00+00:00,1.308,1.312,1.301,1.304,80252.94
2026-07-29 01:00:00+00:00,1.304,1.304,1.284,1.286,50479.8
2026-07-29 02:00:00+00:00,1.287,1.297,1.282,1.297,29460.57
2026-07-29 03:00:00+00:00,1.296,1.3,1.284,1.284,66792.28
2026-07-29 04:00:00+00:00,1.285,1.294,1.276,1.292,56742.73
2026-07-29 05:00:00+00:00,1.293,1.296,1.289,1.291,61486.0
2026-07-29 06:00:00+00:00,1.29,1.295,1.289,1.291,22090.07
2026-07-29 07:00:00+00:00,1.29,1.291,1.283,1.287,34755.59
2026-07-29 08:00:00+00:00,1.287,1.289,1.279,1.287,92548.96
2026-07-29 09:00:00+00:00,1.287,1.295,1.287,1.29,49585.9
2026-07-29 10:00:00+00:00,1.29,1.291,1.284,1.286,18231.63
2026-07-29 11:00:00+00:00,1.287,1.291,1.285,1.286,10354.59
2026-07-29 12:00:00+00:00,1.286,1.286,1.28,1.283,20526.46
2026-07-29 13:00:00+00:00,1.282,1.289,1.277,1.287,69554.15
2026-07-29 14:00:00+00:00,1.287,1.291,1.282,1.283,55192.78
2026-07-29 15:00:00+00:00,1.283,1.284,1.273,1.275,39687.05
2026-07-29 16:00:00+00:00,1.276,1.278,1.269,1.272,33020.36
2026-07-29 17:00:00+00:00,1.272,1.285,1.272,1.284,16750.2
2026-07-29 18:00:00+00:00,1.286,1.296,1.28,1.293,107117.79
2026-07-29 19:00:00+00:00,1.293,1.294,1.273,1.278,35748.15
2026-07-29 20:00:00+00:00,1.278,1.28,1.269,1.272,43689.54
2026-07-29 21:00:00+00:00,1.272,1.283,1.265,1.282,43122.01
2026-07-29 22:00:00+00:00,1.282,1.286,1.278,1.285,57601.74
2026-07-29 23:00:00+00:00,1.285,1.286,1.281,1.283,43909.53
2026-07-30 00:00:00+00:00,1.283,1.286,1.277,1.279,20431.23
2026-07-30 01:00:00+00:00,1.28,1.288,1.28,1.286,10654.68
2026-07-30 02:00:00+00:00,1.286,1.287,1.277,1.277,10320.12
2026-07-30 03:00:00+00:00,1.277,1.278,1.272,1.274,15855.62
2026-07-30 04:00:00+00:00,1.273,1.276,1.271,1.272,14172.28
2026-07-30 05:00:00+00:00,1.273,1.279,1.271,1.278,9985.44
2026-07-30 06:00:00+00:00,1.279,1.281,1.277,1.278,6244.15
2026-07-30 07:00:00+00:00,1.279,1.289,1.279,1.287,27532.44
2026-07-30 08:00:00+00:00,1.287,1.292,1.284,1.287,34474.57
2026-07-30 09:00:00+00:00,1.288,1.29,1.284,1.289,8174.13
2026-07-30 10:00:00+00:00,1.289,1.293,1.285,1.286,18944.33
2026-07-30 11:00:00+00:00,1.286,1.292,1.286,1.291,23771.06
2026-07-30 12:00:00+00:00,1.291,1.294,1.288,1.291,31428.62
2026-07-30 13:00:00+00:00,1.291,1.303,1.285,1.301,50508.69
2026-07-30 14:00:00+00:00,1.302,1.308,1.298,1.299,45858.75
2026-07-30 15:00:00+00:00,1.298,1.3,1.293,1.294,37017.65
2026-07-30 16:00:00+00:00,1.293,1.295,1.289,1.292,16557.9
2026-07-30 17:00:00+00:00,1.292,1.295,1.289,1.294,11428.46
2026-07-30 18:00:00+00:00,1.294,1.296,1.288,1.291,20586.73
2026-07-30 19:00:00+00:00,1.291,1.297,1.29,1.292,9792.11
2026-07-30 20:00:00+00:00,1.293,1.295,1.285,1.285,46612.15
2026-07-30 21:00:00+00:00,1.285,1.288,1.283,1.288,15634.44
2026-07-30 22:00:00+00:00,1.287,1.29,1.284,1.284,11673.4
2026-07-30 23:00:00+00:00,1.284,1.287,1.281,1.282,26940.9
2026-07-31 00:00:00+00:00,1.281,1.286,1.28,1.281,38610.0
2026-07-31 01:00:00+00:00,1.281,1.29,1.271,1.274,99383.84
2026-07-31 02:00:00+00:00,1.274,1.274,1.266,1.267,46737.1
2026-07-31 03:00:00+00:00,1.268,1.272,1.25,1.255,173418.99
2026-07-31 04:00:00+00:00,1.254,1.255,1.222,1.23,410874.28
2026-07-31 05:00:00+00:00,1.23,1.236,1.23,1.233,59176.35
2026-07-31 06:00:00+00:00,1.234,1.238,1.233,1.235,70978.91
2026-07-31 07:00:00+00:00,1.235,1.239,1.224,1.235,182315.43
2026-07-31 08:00:00+00:00,1.234,1.236,1.224,1.23,93770.47
2026-07-31 09:00:00+00:00,1.23,1.236,1.228,1.233,39216.5
2026-07-31 10:00:00+00:00,1.233,1.235,1.229,1.232,25077.0
2026-07-31 11:00:00+00:00,1.231,1.235,1.228,1.232,80856.75
2026-07-31 12:00:00+00:00,1.232,1.243,1.231,1.243,44311.09
2026-07-31 13:00:00+00:00,1.244,1.244,1.235,1.237,24317.81
2026-07-31 14:00:00+00:00,1.238,1.243,1.229,1.241,66827.3
2026-07-31 15:00:00+00:00,1.24,1.244,1.236,1.237,38923.29
2026-07-31 16:00:00+00:00,1.236,1.24,1.234,1.24,17398.17
2026-07-31 17:00:00+00:00,1.241,1.248,1.239,1.242,73774.01
2026-07-31 18:00:00+00:00,1.242,1.243,1.228,1.231,74720.98
2026-07-31 19:00:00+00:00,1.231,1.232,1.219,1.227,40393.09
2026-07-31 20:00:00+00:00,1.227,1.227,1.223,1.225,27216.77
2026-07-31 21:00:00+00:00,1.225,1.229,1.223,1.224,12317.23
2026-07-31 22:00:00+00:00,1.223,1.226,1.223,1.224,14248.26
2026-07-31 23:00:00+00:00,1.224,1.232,1.224,1.229,38576.03
2026-08-01 00:00:00+00:00,1.228,1.232,1.225,1.23,29219.76
2026-08-01 01:00:00+00:00,1.23,1.233,1.228,1.231,31437.05
2026-08-01 02:00:00+00:00,1.232,1.236,1.232,1.232,17414.39
2026-08-01 03:00:00+00:00,1.232,1.235,1.228,1.234,23295.41
2026-08-01 04:00:00+00:00,1.234,1.237,1.231,1.234,17113.02
2026-08-01 05:00:00+00:00,1.235,1.235,1.228,1.231,32724.12
2026-08-01 06:00:00+00:00,1.23,1.232,1.227,1.231,12292.63
2026-08-01 07:00:00+00:00,1.232,1.236,1.229,1.232,12777.01
2026-08-01 08:00:00+00:00,1.234,1.24,1.232,1.237,23296.86
2026-08-01 09:00:00+00:00,1.236,1.238,1.23,1.23,32839.83
2026-08-01 10:00:00+00:00,1.23,1.23,1.226,1.228,14940.48
2026-08-01 11:00:00+00:00,1.228,1.231,1.227,1.23,4864.69
2026-08-01 12:00:00+00:00,1.231,1.234,1.231,1.233,6452.15
2026-08-01 13:00:00+00:00,1.232,1.235,1.23,1.235,15273.31
2026-08-01 14:00:00+00:00,1.236,1.239,1.235,1.238,10795.76
2026-08-01 15:00:00+00:00,1.238,1.24,1.234,1.237,13131.86
2026-08-01 16:00:00+00:00,1.237,1.24,1.23,1.232,13005.11
2026-08-01 17:00:00+00:00,1.232,1.235,1.223,1.227,18479.85
2026-08-01 18:00:00+00:00,1.227,1.228,1.212,1.223,80137.91
2026-08-01 19:00:00+00:00,1.223,1.227,1.221,1.221,18418.42
2026-08-01 20:00:00+00:00,1.221,1.222,1.216,1.22,21648.55
2026-08-01 21:00:00+00:00,1.22,1.229,1.22,1.229,11406.93
2026-08-01 22:00:00+00:00,1.229,1.231,1.223,1.223,14877.85
2026-08-01 23:00:00+00:00,1.223,1.226,1.222,1.224,9496.46
2026-08-02 00:00:00+00:00,1.224,1.228,1.222,1.224,50007.86
2026-08-02 01:00:00+00:00,1.226,1.235,1.225,1.235,87086.53
2026-08-02 02:00:00+00:00,1.233,1.248,1.233,1.245,121482.58
2026-08-02 03:00:00+00:00,1.245,1.245,1.236,1.238,54597.7
2026-08-02 04:00:00+00:00,1.239,1.252,1.239,1.251,27743.15
2026-08-02 05:00:00+00:00,1.252,1.256,1.249,1.253,61796.81
2026-08-02 06:00:00+00:00,1.253,1.26,1.252,1.258,61680.32
2026-08-02 07:00:00+00:00,1.259,1.264,1.259,1.263,30467.47
2026-08-02 08:00:00+00:00,1.262,1.263,1.254,1.259,62335.19
2026-08-02 09:00:00+00:00,1.259,1.262,1.254,1.255,20954.41
2026-08-02 10:00:00+00:00,1.255,1.255,1.247,1.251,45348.3
2026-08-02 11:00:00+00:00,1.25,1.256,1.248,1.254,46106.32
2026-08-02 12:00:00+00:00,1.254,1.259,1.253,1.256,46167.57
2026-08-02 13:00:00+00:00,1.255,1.258,1.249,1.254,11112.63
2026-08-02 14:00:00+00:00,1.255,1.257,1.248,1.252,162011.29
2026-08-02 15:00:00+00:00,1.252,1.263,1.252,1.255,110412.57
2026-08-02 16:00:00+00:00,1.255,1.259,1.254,1.255,27025.14
2026-08-02 17:00:00+00:00,1.255,1.268,1.254,1.265,61942.94
2026-08-02 18:00:00+00:00,1.266,1.27,1.261,1.267,17480.77
2026-08-02 19:00:00+00:00,1.267,1.27,1.264,1.267,11025.76
2026-08-02 20:00:00+00:00,1.268,1.27,1.264,1.267,17712.7
2026-08-02 21:00:00+00:00,1.267,1.273,1.264,1.267,38998.32
2026-08-02 22:00:00+00:00,1.268,1.269,1.262,1.264,10160.25
2026-08-02 23:00:00+00:00,1.264,1.27,1.262,1.266,39154.45
2026-08-03 00:00:00+00:00,1.267,1.274,1.265,1.266,32083.05
2026-08-03 01:00:00+00:00,1.265,1.267,1.26,1.264,42041.54
2026-08-03 02:00:00+00:00,1.264,1.266,1.26,1.261,16291.84
2026-08-03 03:00:00+00:00,1.262,1.262,1.254,1.259,66609.98
2026-08-03 04:00:00+00:00,1.257,1.264,1.257,1.261,18985.68
2026-08-03 05:00:00+00:00,1.262,1.268,1.261,1.267,25016.46
2026-08-03 06:00:00+00:00,1.268,1.269,1.26,1.266,113620.84
2026-08-03 07:00:00+00:00,1.265,1.277,1.263,1.273,65701.34
2026-08-03 08:00:00+00:00,1.272,1.276,1.267,1.273,29157.13
2026-08-03 09:00:00+00:00,1.272,1.28,1.27,1.28,35329.11
2026-08-03 10:00:00+00:00,1.28,1.284,1.274,1.275,47905.36
2026-08-03 11:00:00+00:00,1.275,1.285,1.274,1.283,33572.16
2026-08-03 12:00:00+00:00,1.283,1.292,1.276,1.278,99224.97
2026-08-03 13:00:00+00:00,1.277,1.295,1.276,1.294,80138.02
2026-08-03 14:00:00+00:00,1.294,1.322,1.292,1.319,215759.38
2026-08-03 15:00:00+00:00,1.32,1.35,1.32,1.347,400913.71
2026-08-03 16:00:00+00:00,1.348,1.349,1.332,1.341,194396.64
2026-08-03 17:00:00+00:00,1.34,1.36,1.338,1.356,192175.38
2026-08-03 18:00:00+00:00,1.356,1.357,1.344,1.346,139724.17
2026-08-03 19:00:00+00:00,1.347,1.393,1.347,1.366,532198.64
2026-08-03 20:00:00+00:00,1.367,1.378,1.362,1.372,276109.83
2026-08-03 21:00:00+00:00,1.372,1.375,1.366,1.372,99912.79
2026-08-03 22:00:00+00:00,1.372,1.375,1.355,1.359,62562.75
2026-08-03 23:00:00+00:00,1.359,1.37,1.354,1.366,104018.21
2026-08-04 00:00:00+00:00,1.365,1.368,1.356,1.359,144357.91
2026-08-04 01:00:00+00:00,1.36,1.368,1.354,1.366,61220.43
2026-08-04 02:00:00+00:00,1.366,1.375,1.363,1.369,39730.17
2026-08-04 03:00:00+00:00,1.368,1.376,1.368,1.372,35784.79
2026-08-04 04:00:00+00:00,1.373,1.386,1.37,1.379,152740.67
2026-08-04 05:00:00+00:00,1.379,1.38,1.372,1.379,57712.95
2026-08-04 06:00:00+00:00,1.378,1.382,1.366,1.367,64082.68
2026-08-04 07:00:00+00:00,1.367,1.375,1.362,1.374,112499.93
2026-08-04 08:00:00+00:00,1.374,1.388,1.37,1.383,128562.72
2026-08-04 09:00:00+00:00,1.383,1.395,1.375,1.382,116459.11
2026-08-04 10:00:00+00:00,1.383,1.394,1.379,1.383,160863.53
2026-08-04 11:00:00+00:00,1.383,1.386,1.379,1.38,52880.68
2026-08-04 12:00:00+00:00,1.38,1.381,1.369,1.37,78735.6
2026-08-04 13:00:00+00:00,1.371,1.372,1.362,1.369,123435.28
2026-08-04 14:00:00+00:00,1.37,1.381,1.366,1.378,78432.94
2026-08-04 15:00:00+00:00,1.379,1.38,1.367,1.369,58811.02
2026-08-04 16:00:00+00:00,1.368,1.368,1.363,1.368,24582.29
2026-08-04 17:00:00+00:00,1.368,1.372,1.368,1.368,13416.88
2026-08-04 18:00:00+00:00,1.367,1.373,1.364,1.365,16396.3
2026-08-04 19:00:00+00:00,1.365,1.368,1.364,1.366,13419.28
2026-08-04 20:00:00+00:00,1.365,1.369,1.363,1.365,37210.03
2026-08-04 21:00:00+00:00,1.364,1.374,1.364,1.373,48700.46
2026-08-04 22:00:00+00:00,1.374,1.378,1.373,1.377,21140.32
2026-08-04 23:00:00+00:00,1.377,1.379,1.375,1.376,10922.31
2026-08-05 00:00:00+00:00,1.375,1.382,1.369,1.371,97615.38
2026-08-05 01:00:00+00:00,1.371,1.379,1.369,1.375,19375.72
2026-08-05 02:00:00+00:00,1.374,1.384,1.374,1.379,28080.33
2026-08-05 03:00:00+00:00,1.378,1.378,1.356,1.359,126313.5
2026-08-05 04:00:00+00:00,1.359,1.364,1.358,1.36,30834.38
2026-08-05 05:00:00+00:00,1.359,1.367,1.358,1.359,25788.22
2026-08-05 06:00:00+00:00,1.36,1.36,1.353,1.357,72726.8
2026-08-05 07:00:00+00:00,1.357,1.364,1.352,1.357,167201.95
2026-08-05 08:00:00+00:00,1.358,1.359,1.354,1.354,13480.31
2026-08-05 09:00:00+00:00,1.354,1.356,1.348,1.353,93372.4
2026-08-05 10:00:00+00:00,1.352,1.359,1.349,1.35,61812.05
2026-08-05 11:00:00+00:00,1.35,1.351,1.345,1.348,26401.01
2026-08-05 12:00:00+00:00,1.348,1.353,1.346,1.349,28639.38
2026-08-05 13:00:00+00:00,1.35,1.352,1.345,1.351,51368.92
2026-08-05 14:00:00+00:00,1.35,1.356,1.348,1.352,30338.69
2026-08-05 15:00:00+00:00,1.35,1.351,1.341,1.344,52825.9
2026-08-05 16:00:00+00:00,1.343,1.347,1.338,1.345,19313.2
2026-08-05 17:00:00+00:00,1.347,1.354,1.347,1.354,27826.66
2026-08-05 18:00:00+00:00,1.353,1.354,1.348,1.35,26431.31
2026-08-05 19:00:00+00:00,1.35,1.35,1.348,1.349,10937.16
2026-08-05 20:00:00+00:00,1.349,1.357,1.348,1.351,41821.2
2026-08-05 21:00:00+00:00,1.351,1.356,1.349,1.35,17336.25
2026-08-05 22:00:00+00:00,1.35,1.354,1.349,1.351,6226.61
2026-08-05 23:00:00+00:00,1.351,1.358,1.351,1.355,24479.57
2026-08-06 00:00:00+00:00,1.355,1.362,1.353,1.358,22798.7
2026-08-06 01:00:00+00:00,1.358,1.365,1.35,1.352,23174.15
2026-08-06 02:00:00+00:00,1.351,1.354,1.332,1.339,79506.34
2026-08-06 03:00:00+00:00,1.338,1.343,1.336,1.338,19503.29
2026-08-06 04:00:00+00:00,1.338,1.341,1.334,1.339,9207.59
2026-08-06 05:00:00+00:00,1.339,1.34,1.333,1.334,21521.5
2026-08-06 06:00:00+00:00,1.333,1.343,1.333,1.34,39520.79
2026-08-06 07:00:00+00:00,1.341,1.341,1.337,1.338,15433.54
2026-08-06 08:00:00+00:00,1.339,1.341,1.336,1.339,7241.7
2026-08-06 09:00:00+00:00,1.338,1.338,1.33,1.333,13949.19
2026-08-06 10:00:00+00:00,1.332,1.337,1.33,1.334,14784.23
2026-08-06 11:00:00+00:00,1.334,1.34,1.331,1.337,27051.35
2026-08-06 12:00:00+00:00,1.337,1.337,1.329,1.329,54530.2
2026-08-06 13:00:00+00:00,1.328,1.343,1.327,1.343,31126.62
2026-08-06 14:00:00+00:00,1.342,1.349,1.341,1.348,41116.3
2026-08-06 15:00:00+00:00,1.349,1.39,1.348,1.387,179855.87
2026-08-06 16:00:00+00:00,1.386,1.397,1.373,1.391,187577.3
2026-08-06 17:00:00+00:00,1.39,1.391,1.37,1.37,87800.13
2026-08-06 18:00:00+00:00,1.37,1.371,1.363,1.363,27856.55
2026-08-06 19:00:00+00:00,1.364,1.365,1.359,1.361,19829.98
2026-08-06 20:00:00+00:00,1.359,1.363,1.359,1.359,18341.47
2026-08-06 21:00:00+00:00,1.36,1.367,1.36,1.363,14278.17
2026-08-06 22:00:00+00:00,1.362,1.363,1.352,1.355,18312.32
2026-08-06 23:00:00+00:00,1.355,1.356,1.351,1.354,10929.78
2026-08-07 00:00:00+00:00,1.354,1.357,1.351,1.355,39103.14
2026-08-07 01:00:00+00:00,1.356,1.361,1.354,1.356,31575.39
2026-08-07 02:00:00+00:00,1.356,1.36,1.353,1.353,23999.6
2026-08-07 03:00:00+00:00,1.353,1.36,1.353,1.357,12740.01
2026-08-07 04:00:00+00:00,1.357,1.358,1.349,1.351,30454.7
2026-08-07 05:00:00+00:00,1.352,1.354,1.35,1.353,17015.17
2026-08-07 06:00:00+00:00,1.353,1.355,1.351,1.352,17772.05
2026-08-07 07:00:00+00:00,1.351,1.355,1.35,1.352,19477.35
2026-08-07 08:00:00+00:00,1.352,1.363,1.352,1.362,18011.95
2026-08-07 09:00:00+00:00,1.362,1.364,1.356,1.356,27622.28
2026-08-07 10:00:00+00:00,1.356,1.359,1.349,1.35,32374.0
2026-08-07 11:00:00+00:00,1.349,1.352,1.344,1.344,34916.93
2026-08-07 12:00:00+00:00,1.344,1.35,1.342,1.345,58301.76
2026-08-07 13:00:00+00:00,1.345,1.347,1.341,1.341,23660.96
2026-08-07 14:00:00+00:00,1.341,1.344,1.336,1.338,42616.85
2026-08-07 15:00:00+00:00,1.338,1.367,1.336,1.355,157093.58
2026-08-07 16:00:00+00:00,1.354,1.364,1.354,1.36,72947.19
2026-08-07 17:00:00+00:00,1.36,1.36,1.348,1.351,32697.54
2026-08-07 18:00:00+00:00,1.352,1.353,1.345,1.346,4168.72
2026-08-07 19:00:00+00:00,1.346,1.349,1.345,1.348,8253.04
2026-08-07 20:00:00+00:00,1.348,1.358,1.347,1.357,34630.4
2026-08-07 21:00:00+00:00,1.358,1.361,1.351,1.353,23707.08
2026-08-07 22:00:00+00:00,1.352,1.358,1.352,1.355,9674.59
2026-08-07 23:00:00+00:00,1.356,1.364,1.356,1.364,15191.52
2026-08-08 00:00:00+00:00,1.364,1.366,1.362,1.366,6476.66
2026-08-08 01:00:00+00:00,1.365,1.376,1.364,1.371,50991.83
2026-08-08 02:00:00+00:00,1.372,1.374,1.367,1.368,12293.75
2026-08-08 03:00:00+00:00,1.368,1.373,1.365,1.372,10444.08
2026-08-08 04:00:00+00:00,1.373,1.376,1.369,1.371,35483.34
2026-08-08 05:00:00+00:00,1.372,1.385,1.372,1.378,46075.53
2026-08-08 06:00:00+00:00,1.377,1.38,1.372,1.372,18997.28
2026-08-08 07:00:00+00:00,1.372,1.374,1.37,1.371,14477.1
2026-08-08 08:00:00+00:00,1.372,1.384,1.372,1.381,16079.79
2026-08-08 09:00:00+00:00,1.382,1.391,1.378,1.389,49658.57
2026-08-08 10:00:00+00:00,1.388,1.4,1.388,1.399,45438.56
2026-08-08 11:00:00+00:00,1.399,1.4,1.389,1.4,27170.52
2026-08-08 12:00:00+00:00,1.4,1.401,1.393,1.396,27039.36
2026-08-08 13:00:00+00:00,1.397,1.403,1.395,1.397,34866.45
2026-08-08 14:00:00+00:00,1.397,1.401,1.387,1.391,76665.16
2026-08-08 15:00:00+00:00,1.391,1.393,1.385,1.393,25579.6
2026-08-08 16:00:00+00:00,1.392,1.394,1.386,1.389,15607.86
2026-08-08 17:00:00+00:00,1.389,1.389,1.386,1.387,11124.77
2026-08-08 18:00:00+00:00,1.388,1.388,1.383,1.384,11427.09
2026-08-08 19:00:00+00:00,1.384,1.384,1.38,1.382,14880.25
2026-08-08 20:00:00+00:00,1.382,1.388,1.381,1.386,13742.03
2026-08-08 21:00:00+00:00,1.386,1.39,1.384,1.384,4641.5
2026-08-08 22:00:00+00:00,1.385,1.389,1.384,1.385,17424.03
2026-08-08 23:00:00+00:00,1.386,1.39,1.385,1.388,3443.8
2026-08-09 00:00:00+00:00,1.388,1.388,1.382,1.385,16722.41
2026-08-09 01:00:00+00:00,1.386,1.388,1.382,1.382,15389.81
2026-08-09 02:00:00+00:00,1.382,1.384,1.378,1.38,11466.29
2026-08-09 03:00:00+00:00,1.38,1.383,1.375,1.382,33652.01
2026-08-09 04:00:00+00:00,1.381,1.391,1.38,1.386,33846.98
2026-08-09 05:00:00+00:00,1.385,1.385,1.374,1.376,15679.14
2026-08-09 06:00:00+00:00,1.377,1.388,1.377,1.385,31001.77
2026-08-09 07:00:00+00:00,1.384,1.385,1.376,1.379,13988.07
2026-08-09 08:00:00+00:00,1.378,1.382,1.376,1.38,13373.69
2026-08-09 09:00:00+00:00,1.379,1.385,1.379,1.384,14494.97
2026-08-09 10:00:00+00:00,1.384,1.384,1.378,1.382,43582.63
2026-08-09 11:00:00+00:00,1.381,1.381,1.371,1.374,13325.08
2026-08-09 12:00:00+00:00,1.374,1.38,1.373,1.375,31807.26
2026-08-09 13:00:00+00:00,1.375,1.379,1.374,1.375,29261.8
2026-08-09 14:00:00+00:00,1.375,1.388,1.375,1.384,31570.11
2026-08-09 15:00:00+00:00,1.384,1.389,1.383,1.387,17815.78
2026-08-09 16:00:00+00:00,1.387,1.394,1.385,1.39,25967.24
2026-08-09 17:00:00+00:00,1.39,1.392,1.386,1.389,10260.98
2026-08-09 18:00:00+00:00,1.39,1.39,1.384,1.387,9161.76
2026-08-09 19:00:00+00:00,1.387,1.387,1.379,1.383,15461.6
2026-08-09 20:00:00+00:00,1.383,1.391,1.382,1.389,13347.96
2026-08-09 21:00:00+00:00,1.39,1.393,1.389,1.392,15185.42
2026-08-09 22:00:00+00:00,1.393,1.396,1.384,1.386,16406.77
2026-08-09 23:00:00+00:00,1.386,1.387,1.37,1.375,28793.38
2026-08-10 00:00:00+00:00,1.375,1.384,1.371,1.374,26387.73
2026-08-10 01:00:00+00:00,1.374,1.378,1.37,1.376,23490.61
2026-08-10 02:00:00+00:00,1.377,1.377,1.37,1.376,8788.66
2026-08-10 03:00:00+00:00,1.375,1.375,1.369,1.369,7592.46
2026-08-10 04:00:00+00:00,1.37,1.381,1.37,1.376,35165.39
2026-08-10 05:00:00+00:00,1.375,1.383,1.375,1.383,19750.13
2026-08-10 06:00:00+00:00,1.383,1.383,1.378,1.38,10908.06
2026-08-10 07:00:00+00:00,1.379,1.384,1.378,1.382,14913.82
2026-08-10 08:00:00+00:00,1.383,1.384,1.378,1.382,13773.64
2026-08-10 09:00:00+00:00,1.381,1.386,1.381,1.382,23631.19
2026-08-10 10:00:00+00:00,1.382,1.383,1.376,1.377,16320.7
2026-08-10 11:00:00+00:00,1.376,1.381,1.375,1.38,18365.85
2026-08-10 12:00:00+00:00,1.38,1.387,1.38,1.382,40377.69
2026-08-10 13:00:00+00:00,1.382,1.384,1.376,1.384,26573.77
2026-08-10 14:00:00+00:00,1.384,1.392,1.382,1.383,45248.84
2026-08-10 15:00:00+00:00,1.382,1.412,1.38,1.41,94711.09
2026-08-10 16:00:00+00:00,1.41,1.422,1.402,1.416,263295.69
2026-08-10 17:00:00+00:00,1.416,1.431,1.414,1.425,87272.74
2026-08-10 18:00:00+00:00,1.425,1.426,1.403,1.415,57689.48
2026-08-10 19:00:00+00:00,1.416,1.418,1.408,1.408,37431.65
2026-08-10 20:00:00+00:00,1.408,1.413,1.402,1.403,18869.47
2026-08-10 21:00:00+00:00,1.402,1.411,1.4,1.402,28449.3
2026-08-10 22:00:00+00:00,1.402,1.403,1.395,1.397,22682.0
2026-08-10 23:00:00+00:00,1.396,1.403,1.396,1.4,12612.27
2026-08-11 00:00:00+00:00,1.4,1.406,1.395,1.403,45027.61
2026-08-11 01:00:00+00:00,1.403,1.407,1.398,1.403,16294.1
2026-08-11 02:00:00+00:00,1.403,1.407,1.399,1.399,7975.26
2026-08-11 03:00:00+00:00,1.399,1.4,1.395,1.395,18433.83
2026-08-11 04:00:00+00:00,1.395,1.396,1.392,1.393,9915.59
2026-08-11 05:00:00+00:00,1.392,1.397,1.39,1.391,38405.83
2026-08-11 06:00:00+00:00,1.391,1.396,1.389,1.395,43818.07
2026-08-11 07:00:00+00:00,1.396,1.403,1.392,1.403,20014.52
2026-08-11 08:00:00+00:00,1.403,1.409,1.397,1.408,35407.21
2026-08-11 09:00:00+00:00,1.408,1.415,1.405,1.415,24944.57
2026-08-11 10:00:00+00:00,1.414,1.421,1.41,1.42,34411.89
2026-08-11 11:00:00+00:00,1.421,1.428,1.417,1.426,40774.41
2026-08-11 12:00:00+00:00,1.428,1.429,1.419,1.423,31226.82
2026-08-11 13:00:00+00:00,1.422,1.433,1.421,1.431,58802.68
2026-08-11 14:00:00+00:00,1.432,1.434,1.413,1.416,58085.85
2026-08-11 15:00:00+00:00,1.415,1.424,1.41,1.418,52183.01
2026-08-11 16:00:00+00:00,1.42,1.425,1.417,1.424,23795.58
2026-08-11 17:00:00+00:00,1.424,1.444,1.421,1.44,222118.89
2026-08-11 18:00:00+00:00,1.44,1.445,1.428,1.433,109075.08
2026-08-11 19:00:00+00:00,1.434,1.441,1.428,1.438,35093.41
2026-08-11 20:00:00+00:00,1.438,1.442,1.435,1.44,21202.55
2026-08-11 21:00:00+00:00,1.441,1.446,1.439,1.439,19429.87
2026-08-11 22:00:00+00:00,1.44,1.445,1.435,1.44,101144.46
2026-08-11 23:00:00+00:00,1.439,1.445,1.436,1.436,11619.81
2026-08-12 00:00:00+00:00,1.436,1.439,1.431,1.433,19329.26
2026-08-12 01:00:00+00:00,1.434,1.443,1.432,1.44,22811.02
2026-08-12 02:00:00+00:00,1.44,1.447,1.44,1.442,31329.62
2026-08-12 03:00:00+00:00,1.441,1.447,1.439,1.443,26030.3
2026-08-12 04:00:00+00:00,1.444,1.448,1.426,1.426,35181.27
2026-08-12 05:00:00+00:00,1.426,1.433,1.425,1.43,22133.21
2026-08-12 06:00:00+00:00,1.429,1.433,1.421,1.422,51205.86
2026-08-12 07:00:00+00:00,1.423,1.429,1.421,1.425,18313.16
2026-08-12 08:00:00+00:00,1.425,1.425,1.415,1.417,17041.16
2026-08-12 09:00:00+00:00,1.417,1.425,1.417,1.418,28716.26
2026-08-12 10:00:00+00:00,1.419,1.419,1.408,1.415,62455.59
2026-08-12 11:00:00+00:00,1.415,1.418,1.412,1.417,22573.75
2026-08-12 12:00:00+00:00,1.417,1.426,1.412,1.418,48503.47
2026-08-12 13:00:00+00:00,1.417,1.421,1.411,1.419,34866.04
2026-08-12 14:00:00+00:00,1.42,1.423,1.408,1.409,28082.66
2026-08-12 15:00:00+00:00,1.408,1.416,1.405,1.412,40328.62
2026-08-12 16:00:00+00:00,1.411,1.414,1.404,1.407,25611.61
2026-08-12 17:00:00+00:00,1.407,1.408,1.399,1.399,28110.02
2026-08-12 18:00:00+00:00,1.399,1.405,1.397,1.398,33068.0
2026-08-12 19:00:00+00:00,1.398,1.399,1.393,1.395,21289.96
2026-08-12 20:00:00+00:00,1.396,1.403,1.396,1.399,17549.46
2026-08-12 21:00:00+00:00,1.4,1.405,1.395,1.396,24312.8
2026-08-12 22:00:00+00:00,1.396,1.404,1.396,1.4,10073.77
2026-08-12 23:00:00+00:00,1.399,1.401,1.397,1.4,12310.87
2026-08-13 00:00:00+00:00,1.4,1.411,1.396,1.405,39273.59
2026-08-13 01:00:00+00:00,1.404,1.405,1.399,1.405,12442.75
2026-08-13 02:00:00+00:00,1.405,1.405,1.395,1.396,14011.49
2026-08-13 03:00:00+00:00,1.396,1.398,1.393,1.394,14695.55
2026-08-13 04:00:00+00:00,1.395,1.401,1.395,1.398,24375.42
2026-08-13 05:00:00+00:00,1.398,1.405,1.398,1.4,11588.54
2026-08-13 06:00:00+00:00,1.401,1.411,1.401,1.41,29550.84
2026-08-13 07:00:00+00:00,1.41,1.411,1.407,1.409,9968.38
2026-08-13 08:00:00+00:00,1.41,1.413,1.408,1.413,22788.2
2026-08-13 09:00:00+00:00,1.412,1.42,1.409,1.42,27390.35
2026-08-13 10:00:00+00:00,1.419,1.421,1.414,1.414,29579.68
2026-08-13 11:00:00+00:00,1.414,1.465,1.413,1.456,338025.12
2026-08-13 12:00:00+00:00,1.456,1.48,1.451,1.477,147333.59
2026-08-13 13:00:00+00:00,1.477,1.507,1.473,1.499,304874.74
2026-08-13 14:00:00+00:00,1.5,1.528,1.499,1.528,201177.33
2026-08-13 15:00:00+00:00,1.527,1.532,1.511,1.519,181976.91
2026-08-13 16:00:00+00:00,1.52,1.523,1.493,1.503,155785.92
2026-08-13 17:00:00+00:00,1.504,1.52,1.503,1.52,72559.89
2026-08-13 18:00:00+00:00,1.52,1.52,1.506,1.508,50851.24
2026-08-13 19:00:00+00:00,1.507,1.516,1.506,1.511,72312.27
2026-08-13 20:00:00+00:00,1.512,1.52,1.51,1.516,28330.19
2026-08-13 21:00:00+00:00,1.517,1.523,1.51,1.511,38103.37
2026-08-13 22:00:00+00:00,1.511,1.518,1.506,1.506,30056.97
2026-08-13 23:00:00+00:00,1.506,1.511,1.502,1.502,26959.52
2026-08-14 00:00:00+00:00,1.502,1.515,1.502,1.508,33338.2
2026-08-14 01:00:00+00:00,1.508,1.529,1.507,1.529,60881.7
2026-08-14 02:00:00+00:00,1.528,1.558,1.527,1.55,234618.8
2026-08-14 03:00:00+00:00,1.55,1.551,1.532,1.542,62438.1
2026-08-14 04:00:00+00:00,1.543,1.545,1.528,1.534,54457.91
2026-08-14 05:00:00+00:00,1.534,1.545,1.529,1.545,57012.47
2026-08-14 06:00:00+00:00,1.545,1.57,1.541,1.55,232687.58
2026-08-14 07:00:00+00:00,1.55,1.555,1.54,1.551,81300.31
2026-08-14 08:00:00+00:00,1.552,1.553,1.526,1.544,221225.23
2026-08-14 09:00:00+00:00,1.544,1.56,1.539,1.55,84067.98
2026-08-14 10:00:00+00:00,1.55,1.573,1.55,1.562,125163.54
2026-08-14 11:00:00+00:00,1.561,1.563,1.538,1.557,158090.22
2026-08-14 12:00:00+00:00,1.558,1.563,1.533,1.536,102857.99
2026-08-14 13:00:00+00:00,1.535,1.536,1.525,1.528,48800.7
2026-08-14 14:00:00+00:00,1.529,1.535,1.521,1.522,66632.6
2026-08-14 15:00:00+00:00,1.522,1.526,1.517,1.522,39334.19
2026-08-14 16:00:00+00:00,1.522,1.523,1.512,1.52,44333.81
2026-08-14 17:00:00+00:00,1.52,1.526,1.515,1.515,32438.27
2026-08-14 18:00:00+00:00,1.515,1.516,1.499,1.501,61826.45
2026-08-14 19:00:00+00:00,1.5,1.5,1.486,1.49,62783.38
2026-08-14 20:00:00+00:00,1.49,1.499,1.477,1.487,124774.65
2026-08-14 21:00:00+00:00,1.487,1.49,1.479,1.485,33988.94
2026-08-14 22:00:00+00:00,1.485,1.506,1.484,1.5,63650.63
2026-08-14 23:00:00+00:00,1.5,1.513,1.5,1.512,22567.35
2026-08-15 00:00:00+00:00,1.513,1.514,1.502,1.506,18332.98
2026-08-15 01:00:00+00:00,1.507,1.507,1.498,1.499,81100.55
2026-08-15 02:00:00+00:00,1.499,1.507,1.495,1.505,49560.99
2026-08-15 03:00:00+00:00,1.505,1.509,1.497,1.5,30617.15
2026-08-15 04:00:00+00:00,1.501,1.502,1.498,1.499,17205.63
2026-08-15 05:00:00+00:00,1.499,1.503,1.492,1.492,39005.87
2026-08-15 06:00:00+00:00,1.493,1.495,1.485,1.485,52632.36
2026-08-15 07:00:00+00:00,1.485,1.487,1.481,1.486,44339.88
2026-08-15 08:00:00+00:00,1.484,1.486,1.479,1.485,55984.81
2026-08-15 09:00:00+00:00,1.484,1.494,1.482,1.494,38543.85
2026-08-15 10:00:00+00:00,1.494,1.496,1.483,1.483,14790.61
2026-08-15 11:00:00+00:00,1.483,1.485,1.48,1.48,15657.34
2026-08-15 12:00:00+00:00,1.479,1.48,1.467,1.468,90968.02
2026-08-15 13:00:00+00:00,1.468,1.47,1.465,1.467,42197.85
2026-08-15 14:00:00+00:00,1.467,1.475,1.467,1.47,35567.25
2026-08-15 15:00:00+00:00,1.47,1.477,1.464,1.476,57891.05
2026-08-15 16:00:00+00:00,1.476,1.477,1.468,1.476,27560.42
2026-08-15 17:00:00+00:00,1.476,1.476,1.47,1.471,13288.16
2026-08-15 18:00:00+00:00,1.471,1.472,1.467,1.47,19637.83
2026-08-15 19:00:00+00:00,1.469,1.478,1.469,1.476,23657.82
2026-08-15 20:00:00+00:00,1.475,1.475,1.47,1.474,15244.27
2026-08-15 21:00:00+00:00,1.474,1.476,1.471,1.473,3830.49
2026-08-15 22:00:00+00:00,1.474,1.481,1.474,1.48,10538.98
2026-08-15 23:00:00+00:00,1.48,1.483,1.475,1.475,33787.57
2026-08-16 00:00:00+00:00,1.475,1.484,1.473,1.483,40542.36
2026-08-16 01:00:00+00:00,1.484,1.502,1.481,1.498,100203.93
2026-08-16 02:00:00+00:00,1.499,1.499,1.486,1.488,37089.22
2026-08-16 03:00:00+00:00,1.488,1.488,1.478,1.479,20881.8
2026-08-16 04:00:00+00:00,1.478,1.491,1.476,1.487,21825.7
2026-08-16 05:00:00+00:00,1.488,1.491,1.474,1.479,79232.74
2026-08-16 06:00:00+00:00,1.479,1.482,1.477,1.482,12593.22
2026-08-16 07:00:00+00:00,1.482,1.494,1.48,1.488,32149.46
2026-08-16 08:00:00+00:00,1.489,1.5,1.487,1.496,46696.02
2026-08-16 09:00:00+00:00,1.497,1.505,1.493,1.494,32440.63
2026-08-16 10:00:00+00:00,1.494,1.502,1.494,1.496,16977.33
2026-08-16 11:00:00+00:00,1.497,1.498,1.491,1.498,32744.98
2026-08-16 12:00:00+00:00,1.498,1.499,1.489,1.49,21269.82
2026-08-16 13:00:00+00:00,1.49,1.49,1.479,1.48,25712.12
2026-08-16 14:00:00+00:00,1.479,1.486,1.477,1.481,30717.81
2026-08-16 15:00:00+00:00,1.481,1.488,1.48,1.483,15393.81
2026-08-16 16:00:00+00:00,1.482,1.488,1.479,1.479,19552.49
2026-08-16 17:00:00+00:00,1.479,1.479,1.47,1.471,23489.45
2026-08-16 18:00:00+00:00,1.47,1.474,1.466,1.469,36382.09
2026-08-16 19:00:00+00:00,1.469,1.473,1.468,1.469,14275.37
2026-08-16 20:00:00+00:00,1.469,1.472,1.462,1.464,20243.18
2026-08-16 21:00:00+00:00,1.464,1.469,1.457,1.458,36103.97
2026-08-16 22:00:00+00:00,1.458,1.459,1.45,1.456,54000.79
2026-08-16 23:00:00+00:00,1.456,1.459,1.455,1.455,23724.99
2026-08-17 00:00:00+00:00,1.455,1.461,1.453,1.455,44167.18
2026-08-17 01:00:00+00:00,1.454,1.46,1.449,1.452,57852.57
2026-08-17 02:00:00+00:00,1.452,1.465,1.45,1.461,40621.2
2026-08-17 03:00:00+00:00,1.46,1.461,1.453,1.46,26200.22
2026-08-17 04:00:00+00:00,1.46,1.462,1.452,1.453,71435.09
2026-08-17 05:00:00+00:00,1.453,1.458,1.452,1.457,11308.04
2026-08-17 06:00:00+00:00,1.457,1.458,1.453,1.457,15727.35
2026-08-17 07:00:00+00:00,1.457,1.464,1.453,1.463,20635.57
2026-08-17 08:00:00+00:00,1.462,1.465,1.448,1.448,80314.28
2026-08-17 09:00:00+00:00,1.447,1.447,1.435,1.437,69192.73
2026-08-17 10:00:00+00:00,1.437,1.445,1.435,1.442,63012.73
2026-08-17 11:00:00+00:00,1.442,1.449,1.44,1.441,15425.89
2026-08-17 12:00:00+00:00,1.442,1.442,1.423,1.424,163015.16
2026-08-17 13:00:00+00:00,1.424,1.432,1.42,1.425,82326.54
2026-08-17 14:00:00+00:00,1.425,1.425,1.418,1.418,26662.38
2026-08-17 15:00:00+00:00,1.418,1.42,1.41,1.414,59015.39
2026-08-17 16:00:00+00:00,1.414,1.422,1.412,1.415,69127.8
2026-08-17 17:00:00+00:00,1.415,1.415,1.407,1.414,35952.25
2026-08-17 18:00:00+00:00,1.414,1.419,1.411,1.413,36016.85
2026-08-17 19:00:00+00:00,1.414,1.417,1.41,1.41,14251.49
2026-08-17 20:00:00+00:00,1.409,1.425,1.4,1.424,131509.77
2026-08-17 21:00:00+00:00,1.425,1.426,1.416,1.422,22397.86
2026-08-17 22:00:00+00:00,1.421,1.426,1.417,1.421,16330.04
2026-08-17 23:00:00+00:00,1.421,1.422,1.414,1.415,11166.22
2026-08-18 00:00:00+00:00,1.415,1.421,1.406,1.42,49726.25
2026-08-18 01:00:00+00:00,1.42,1.424,1.418,1.423,28575.78
2026-08-18 02:00:00+00:00,1.424,1.427,1.41,1.415,48882.2
2026-08-18 03:00:00+00:00,1.414,1.418,1.408,1.408,31645.97
2026-08-18 04:00:00+00:00,1.408,1.418,1.408,1.417,25731.45
2026-08-18 05:00:00+00:00,1.417,1.417,1.406,1.408,28197.9
2026-08-18 06:00:00+00:00,1.408,1.409,1.399,1.399,60800.62
2026-08-18 07:00:00+00:00,1.398,1.4,1.393,1.398,37096.88
2026-08-18 08:00:00+00:00,1.397,1.397,1.379,1.381,121621.96
2026-08-18 09:00:00+00:00,1.381,1.387,1.38,1.385,37731.49
2026-08-18 10:00:00+00:00,1.385,1.39,1.379,1.39,78204.94
2026-08-18 11:00:00+00:00,1.389,1.403,1.389,1.398,105577.12
2026-08-18 12:00:00+00:00,1.398,1.4,1.388,1.39,37376.86
2026-08-18 13:00:00+00:00,1.391,1.4,1.389,1.392,66769.06
2026-08-18 14:00:00+00:00,1.392,1.411,1.391,1.402,188904.09
2026-08-18 15:00:00+00:00,1.401,1.418,1.401,1.416,97578.31
2026-08-18 16:00:00+00:00,1.416,1.418,1.405,1.405,42085.57
2026-08-18 17:00:00+00:00,1.406,1.421,1.406,1.415,69790.32
2026-08-18 18:00:00+00:00,1.415,1.456,1.413,1.439,199529.88
2026-08-18 19:00:00+00:00,1.44,1.443,1.427,1.429,88963.35
2026-08-18 20:00:00+00:00,1.429,1.431,1.425,1.427,36571.2
2026-08-18 21:00:00+00:00,1.428,1.429,1.418,1.419,46297.45
2026-08-18 22:00:00+00:00,1.419,1.421,1.413,1.415,40530.24
2026-08-18 23:00:00+00:00,1.415,1.419,1.412,1.413,23516.5
2026-08-19 00:00:00+00:00,1.414,1.42,1.409,1.417,65118.96
2026-08-19 01:00:00+00:00,1.418,1.435,1.416,1.418,202420.49
2026-08-19 02:00:00+00:00,1.418,1.418,1.412,1.414,23199.23
2026-08-19 03:00:00+00:00,1.414,1.416,1.409,1.413,74419.14
2026-08-19 04:00:00+00:00,1.413,1.415,1.412,1.414,16539.52
2026-08-19 05:00:00+00:00,1.415,1.42,1.412,1.412,31058.54
2026-08-19 06:00:00+00:00,1.412,1.414,1.408,1.412,37528.94
2026-08-19 07:00:00+00:00,1.412,1.412,1.407,1.41,18810.48
2026-08-19 08:00:00+00:00,1.41,1.413,1.407,1.409,40363.2
2026-08-19 09:00:00+00:00,1.409,1.416,1.405,1.408,141177.98
2026-08-19 10:00:00+00:00,1.408,1.408,1.402,1.408,40541.41
2026-08-19 11:00:00+00:00,1.408,1.418,1.408,1.417,11215.66
2026-08-19 12:00:00+00:00,1.418,1.418,1.404,1.405,29973.4
2026-08-19 13:00:00+00:00,1.405,1.408,1.4,1.404,57812.26
2026-08-19 14:00:00+00:00,1.405,1.419,1.396,1.414,190657.0
2026-08-19 15:00:00+00:00,1.414,1.443,1.411,1.43,275853.94
2026-08-19 16:00:00+00:00,1.431,1.439,1.425,1.435,104182.66
2026-08-19 17:00:00+00:00,1.434,1.44,1.425,1.43,82406.88
2026-08-19 18:00:00+00:00,1.43,1.448,1.424,1.448,61834.7
2026-08-19 19:00:00+00:00,1.448,1.466,1.446,1.462,159409.09
2026-08-19 20:00:00+00:00,1.464,1.496,1.462,1.494,246166.77
2026-08-19 21:00:00+00:00,1.493,1.514,1.489,1.498,185442.89
2026-08-19 22:00:00+00:00,1.498,1.507,1.49,1.501,102061.62
2026-08-19 23:00:00+00:00,1.502,1.502,1.491,1.494,50531.63
2026-08-20 00:00:00+00:00,1.494,1.5,1.493,1.494,39080.69
2026-08-20 01:00:00+00:00,1.494,1.496,1.49,1.493,27880.36
2026-08-20 02:00:00+00:00,1.493,1.493,1.477,1.477,33424.92
2026-08-20 03:00:00+00:00,1.477,1.479,1.465,1.472,41577.34
2026-08-20 04:00:00+00:00,1.472,1.477,1.469,1.474,16753.83
2026-08-20 05:00:00+00:00,1.474,1.478,1.473,1.476,25340.12
2026-08-20 06:00:00+00:00,1.476,1.483,1.471,1.482,37554.91
2026-08-20 07:00:00+00:00,1.481,1.483,1.473,1.478,35002.87
2026-08-20 08:00:00+00:00,1.478,1.503,1.478,1.498,80135.57
2026-08-20 09:00:00+00:00,1.498,1.506,1.489,1.49,84267.76
2026-08-20 10:00:00+00:00,1.491,1.5,1.488,1.493,47336.55
2026-08-20 11:00:00+00:00,1.493,1.501,1.49,1.494,19582.88
2026-08-20 12:00:00+00:00,1.494,1.494,1.475,1.477,48263.05
2026-08-20 13:00:00+00:00,1.477,1.49,1.476,1.486,39270.51
2026-08-20 14:00:00+00:00,1.487,1.492,1.484,1.492,33660.36
2026-08-20 15:00:00+00:00,1.492,1.503,1.492,1.5,50849.16
2026-08-20 16:00:00+00:00,1.501,1.508,1.497,1.507,60086.15
2026-08-20 17:00:00+00:00,1.506,1.523,1.505,1.507,121814.77
2026-08-20 18:00:00+00:00,1.507,1.509,1.489,1.489,74853.77
2026-08-20 19:00:00+00:00,1.489,1.491,1.472,1.482,74482.09
2026-08-20 20:00:00+00:00,1.482,1.494,1.48,1.491,57153.02
2026-08-20 21:00:00+00:00,1.492,1.507,1.488,1.5,122158.79
2026-08-20 22:00:00+00:00,1.499,1.504,1.494,1.496,54770.87
2026-08-20 23:00:00+00:00,1.495,1.516,1.495,1.514,60191.36
2026-08-21 00:00:00+00:00,1.514,1.52,1.509,1.516,82454.27
2026-08-21 01:00:00+00:00,1.515,1.523,1.509,1.519,70404.31
2026-08-21 02:00:00+00:00,1.52,1.547,1.518,1.527,193064.75
2026-08-21 03:00:00+00:00,1.528,1.539,1.523,1.526,64580.22
2026-08-21 04:00:00+00:00,1.527,1.541,1.523,1.536,117908.37
2026-08-21 05:00:00+00:00,1.536,1.544,1.53,1.544,92175.93
2026-08-21 06:00:00+00:00,1.544,1.547,1.535,1.541,50189.42
2026-08-21 07:00:00+00:00,1.541,1.568,1.541,1.568,129978.05
2026-08-21 08:00:00+00:00,1.569,1.596,1.567,1.595,135183.69
2026-08-21 09:00:00+00:00,1.594,1.594,1.55,1.574,356395.28
2026-08-21 10:00:00+00:00,1.575,1.578,1.559,1.574,139609.67
2026-08-21 11:00:00+00:00,1.575,1.575,1.556,1.566,92702.3
2026-08-21 12:00:00+00:00,1.565,1.567,1.546,1.547,137506.6
2026-08-21 13:00:00+00:00,1.548,1.57,1.544,1.569,134679.44
2026-08-21 14:00:00+00:00,1.569,1.579,1.561,1.578,93125.09
2026-08-21 15:00:00+00:00,1.578,1.584,1.57,1.579,75737.23
2026-08-21 16:00:00+00:00,1.58,1.581,1.565,1.576,62077.69
2026-08-21 17:00:00+00:00,1.576,1.582,1.56,1.561,40230.13
2026-08-21 18:00:00+00:00,1.561,1.571,1.55,1.556,52688.13
2026-08-21 19:00:00+00:00,1.556,1.557,1.544,1.548,30343.47
2026-08-21 20:00:00+00:00,1.546,1.564,1.543,1.562,37149.92
2026-08-21 21:00:00+00:00,1.562,1.598,1.558,1.595,105604.43
2026-08-21 22:00:00+00:00,1.594,1.623,1.591,1.611,228472.42
2026-08-21 23:00:00+00:00,1.611,1.614,1.596,1.603,92354.38
2026-08-22 00:00:00+00:00,1.602,1.612,1.587,1.612,80341.42
2026-08-22 01:00:00+00:00,1.611,1.622,1.597,1.6,140348.29
2026-08-22 02:00:00+00:00,1.6,1.65,1.6,1.646,213063.12
2026-08-22 03:00:00+00:00,1.646,1.651,1.631,1.636,227606.38
2026-08-22 04:00:00+00:00,1.637,1.713,1.637,1.712,485472.38
2026-08-22 05:00:00+00:00,1.711,1.721,1.513,1.614,895734.51
2026-08-22 06:00:00+00:00,1.614,1.62,1.587,1.608,154724.94
2026-08-22 07:00:00+00:00,1.607,1.616,1.595,1.597,63328.37
2026-08-22 08:00:00+00:00,1.598,1.603,1.576,1.593,116901.56
2026-08-22 09:00:00+00:00,1.594,1.594,1.57,1.573,83180.12
2026-08-22 10:00:00+00:00,1.574,1.574,1.546,1.565,121027.69
2026-08-22 11:00:00+00:00,1.565,1.578,1.557,1.574,70602.77
2026-08-22 12:00:00+00:00,1.573,1.587,1.571,1.579,58751.69
2026-08-22 13:00:00+00:00,1.578,1.593,1.575,1.592,58551.48
2026-08-22 14:00:00+00:00,1.591,1.593,1.579,1.585,48316.83
2026-08-22 15:00:00+00:00,1.583,1.585,1.563,1.566,61532.11
2026-08-22 16:00:00+00:00,1.566,1.594,1.565,1.588,63823.65
2026-08-22 17:00:00+00:00,1.587,1.598,1.583,1.595,34474.28
2026-08-22 18:00:00+00:00,1.594,1.603,1.589,1.598,38679.3
2026-08-22 19:00:00+00:00,1.598,1.606,1.595,1.6,39060.64
2026-08-22 20:00:00+00:00,1.601,1.605,1.59,1.592,21343.66
2026-08-22 21:00:00+00:00,1.591,1.591,1.566,1.571,54730.73
2026-08-22 22:00:00+00:00,1.57,1.583,1.565,1.58,23152.67
2026-08-22 23:00:00+00:00,1.581,1.582,1.571,1.578,16050.41
2026-08-23 00:00:00+00:00,1.579,1.588,1.572,1.584,54958.21
2026-08-23 01:00:00+00:00,1.583,1.583,1.567,1.568,31111.32
2026-08-23 02:00:00+00:00,1.568,1.568,1.551,1.552,106390.32
2026-08-23 03:00:00+00:00,1.551,1.553,1.538,1.543,46203.94
2026-08-23 04:00:00+00:00,1.543,1.55,1.529,1.53,98279.21
2026-08-23 05:00:00+00:00,1.529,1.541,1.519,1.529,74682.16
2026-08-23 06:00:00+00:00,1.528,1.535,1.521,1.532,55830.43
2026-08-23 07:00:00+00:00,1.531,1.546,1.529,1.543,29958.99
2026-08-23 08:00:00+00:00,1.543,1.562,1.543,1.556,73739.88
2026-08-23 09:00:00+00:00,1.557,1.563,1.555,1.562,29404.61
2026-08-23 10:00:00+00:00,1.563,1.572,1.561,1.564,33443.84
2026-08-23 11:00:00+00:00,1.564,1.581,1.562,1.579,27975.8
2026-08-23 12:00:00+00:00,1.58,1.591,1.576,1.59,58618.64
2026-08-23 13:00:00+00:00,1.591,1.615,1.591,1.607,92667.42
2026-08-23 14:00:00+00:00,1.608,1.612,1.585,1.602,76280.47
2026-08-23 15:00:00+00:00,1.601,1.607,1.588,1.597,32967.43
2026-08-23 16:00:00+00:00,1.599,1.608,1.598,1.607,31920.34
2026-08-23 17:00:00+00:00,1.608,1.62,1.603,1.608,56180.02
2026-08-23 18:00:00+00:00,1.608,1.618,1.607,1.61,30781.91
2026-08-23 19:00:00+00:00,1.61,1.614,1.605,1.608,22914.95
2026-08-23 20:00:00+00:00,1.606,1.61,1.599,1.608,32919.69
2026-08-23 21:00:00+00:00,1.607,1.623,1.607,1.61,62439.71
2026-08-23 22:00:00+00:00,1.611,1.614,1.601,1.605,29833.03
2026-08-23 23:00:00+00:00,1.604,1.611,1.598,1.602,27864.44
2026-08-24 00:00:00+00:00,1.603,1.607,1.575,1.588,61085.55
2026-08-24 01:00:00+00:00,1.587,1.587,1.559,1.56,106262.17
2026-08-24 02:00:00+00:00,1.561,1.575,1.557,1.568,22743.79
2026-08-24 03:00:00+00:00,1.569,1.569,1.561,1.566,27723.39
2026-08-24 04:00:00+00:00,1.565,1.579,1.565,1.572,23835.67
2026-08-24 05:00:00+00:00,1.57,1.583,1.57,1.577,35473.6
2026-08-24 06:00:00+00:00,1.577,1.581,1.57,1.573,18686.0
2026-08-24 07:00:00+00:00,1.573,1.583,1.569,1.57,17052.3
2026-08-24 08:00:00+00:00,1.569,1.57,1.558,1.569,47657.08
2026-08-24 09:00:00+00:00,1.567,1.578,1.566,1.574,30035.26
2026-08-24 10:00:00+00:00,1.574,1.582,1.569,1.57,63522.63
2026-08-24 11:00:00+00:00,1.568,1.584,1.563,1.581,53040.11
2026-08-24 12:00:00+00:00,1.579,1.581,1.562,1.579,97019.92
2026-08-24 13:00:00+00:00,1.58,1.586,1.54,1.552,271001.33
2026-08-24 14:00:00+00:00,1.551,1.569,1.548,1.567,93163.4
2026-08-24 15:00:00+00:00,1.568,1.579,1.553,1.557,119532.24
2026-08-24 16:00:00+00:00,1.558,1.569,1.551,1.554,63603.53
2026-08-24 17:00:00+00:00,1.554,1.559,1.531,1.545,117285.3
2026-08-24 18:00:00+00:00,1.546,1.551,1.539,1.541,27424.97
2026-08-24 19:00:00+00:00,1.542,1.545,1.534,1.535,44299.39
2026-08-24 20:00:00+00:00,1.535,1.54,1.529,1.539,25014.14
2026-08-24 21:00:00+00:00,1.539,1.548,1.539,1.548,12666.73
2026-08-24 22:00:00+00:00,1.546,1.546,1.529,1.531,52798.92
2026-08-24 23:00:00+00:00,1.53,1.53,1.514,1.523,83581.75
2026-08-25 00:00:00+00:00,1.523,1.529,1.508,1.527,128046.66
2026-08-25 01:00:00+00:00,1.527,1.531,1.515,1.527,73186.21
2026-08-25 02:00:00+00:00,1.527,1.552,1.525,1.543,105679.02
2026-08-25 03:00:00+00:00,1.543,1.556,1.54,1.545,86468.16
2026-08-25 04:00:00+00:00,1.546,1.557,1.546,1.553,90879.28
2026-08-25 05:00:00+00:00,1.553,1.561,1.55,1.557,38814.2
2026-08-25 06:00:00+00:00,1.556,1.558,1.528,1.532,88686.46
2026-08-25 07:00:00+00:00,1.531,1.546,1.52,1.533,94735.45
2026-08-25 08:00:00+00:00,1.533,1.553,1.532,1.536,62347.0
2026-08-25 09:00:00+00:00,1.535,1.547,1.526,1.532,74245.65
2026-08-25 10:00:00+00:00,1.532,1.565,1.529,1.551,108069.2
2026-08-25 11:00:00+00:00,1.551,1.558,1.545,1.546,33017.17
2026-08-25 12:00:00+00:00,1.546,1.546,1.527,1.54,58939.09
2026-08-25 13:00:00+00:00,1.541,1.545,1.512,1.521,168406.27
2026-08-25 14:00:00+00:00,1.521,1.545,1.518,1.533,86410.29
2026-08-25 15:00:00+00:00,1.533,1.542,1.529,1.54,66252.06
2026-08-25 16:00:00+00:00,1.539,1.544,1.529,1.532,61316.8
2026-08-25 17:00:00+00:00,1.533,1.539,1.53,1.537,52095.12
2026-08-25 18:00:00+00:00,1.537,1.559,1.537,1.538,91203.71
2026-08-25 19:00:00+00:00,1.539,1.547,1.537,1.544,23410.32
2026-08-25 20:00:00+00:00,1.545,1.549,1.516,1.522,148442.08
2026-08-25 21:00:00+00:00,1.521,1.528,1.493,1.517,140737.94
2026-08-25 22:00:00+00:00,1.518,1.544,1.518,1.534,75476.67
2026-08-25 23:00:00+00:00,1.534,1.537,1.52,1.523,40721.5
2026-08-26 00:00:00+00:00,1.524,1.534,1.517,1.532,54320.0
2026-08-26 01:00:00+00:00,1.532,1.539,1.513,1.518,60020.16
2026-08-26 02:00:00+00:00,1.518,1.537,1.517,1.535,26138.97
2026-08-26 03:00:00+00:00,1.534,1.536,1.524,1.531,35598.95
2026-08-26 04:00:00+00:00,1.531,1.534,1.527,1.527,8309.78
2026-08-26 05:00:00+00:00,1.528,1.536,1.522,1.534,17184.69
2026-08-26 06:00:00+00:00,1.535,1.543,1.533,1.538,51999.0
2026-08-26 07:00:00+00:00,1.539,1.544,1.532,1.532,91714.82
2026-08-26 08:00:00+00:00,1.533,1.551,1.53,1.541,48629.29
2026-08-26 09:00:00+00:00,1.54,1.548,1.531,1.536,105052.54
2026-08-26 10:00:00+00:00,1.535,1.566,1.529,1.565,121965.29
2026-08-26 11:00:00+00:00,1.566,1.566,1.554,1.566,62497.93
2026-08-26 12:00:00+00:00,1.566,1.566,1.544,1.56,105027.81
2026-08-26 13:00:00+00:00,1.561,1.565,1.532,1.537,96050.13
2026-08-26 14:00:00+00:00,1.536,1.542,1.508,1.511,164202.82
2026-08-26 15:00:00+00:00,1.51,1.525,1.501,1.51,86952.84
2026-08-26 16:00:00+00:00,1.51,1.512,1.493,1.496,55550.79
2026-08-26 17:00:00+00:00,1.496,1.514,1.495,1.508,47679.94
2026-08-26 18:00:00+00:00,1.508,1.508,1.495,1.5,48908.34
2026-08-26 19:00:00+00:00,1.499,1.502,1.488,1.488,45356.2
2026-08-26 20:00:00+00:00,1.488,1.497,1.483,1.491,54727.12
2026-08-26 21:00:00+00:00,1.49,1.506,1.489,1.503,32223.39
2026-08-26 22:00:00+00:00,1.5,1.508,1.497,1.502,31253.86
2026-08-26 23:00:00+00:00,1.502,1.515,1.499,1.513,42058.01
2026-08-27 00:00:00+00:00,1.513,1.514,1.497,1.498,61365.62
2026-08-27 01:00:00+00:00,1.497,1.507,1.493,1.503,36524.95
2026-08-27 02:00:00+00:00,1.503,1.511,1.502,1.502,19435.96
2026-08-27 03:00:00+00:00,1.502,1.506,1.492,1.495,19293.23
2026-08-27 04:00:00+00:00,1.496,1.501,1.487,1.494,48697.45
2026-08-27 05:00:00+00:00,1.494,1.5,1.475,1.494,71573.04
2026-08-27 06:00:00+00:00,1.495,1.497,1.488,1.494,47002.3
2026-08-27 07:00:00+00:00,1.493,1.499,1.489,1.498,36937.8
2026-08-27 08:00:00+00:00,1.498,1.527,1.495,1.519,105981.51
2026-08-27 09:00:00+00:00,1.519,1.53,1.514,1.522,111779.31
2026-08-27 10:00:00+00:00,1.523,1.533,1.505,1.514,108819.3
2026-08-27 11:00:00+00:00,1.514,1.52,1.504,1.513,51458.99
2026-08-27 12:00:00+00:00,1.512,1.52,1.509,1.51,26753.98
2026-08-27 13:00:00+00:00,1.51,1.514,1.49,1.496,64949.46
2026-08-27 14:00:00+00:00,1.497,1.516,1.494,1.515,45233.34
2026-08-27 15:00:00+00:00,1.514,1.523,1.511,1.516,103829.28
2026-08-27 16:00:00+00:00,1.517,1.552,1.511,1.544,181535.64
2026-08-27 17:00:00+00:00,1.544,1.545,1.533,1.536,44081.81
2026-08-27 18:00:00+00:00,1.534,1.535,1.522,1.531,98161.25
2026-08-27 19:00:00+00:00,1.531,1.535,1.523,1.525,32100.29
2026-08-27 20:00:00+00:00,1.526,1.533,1.522,1.532,13285.25
2026-08-27 21:00:00+00:00,1.531,1.538,1.528,1.536,41102.36
2026-08-27 22:00:00+00:00,1.535,1.552,1.535,1.551,45927.36
2026-08-27 23:00:00+00:00,1.552,1.564,1.551,1.562,65869.24
2026-08-28 00:00:00+00:00,1.563,1.579,1.554,1.567,142929.67
2026-08-28 01:00:00+00:00,1.568,1.58,1.567,1.57,68060.76
2026-08-28 02:00:00+00:00,1.57,1.572,1.537,1.538,106700.4
2026-08-28 03:00:00+00:00,1.538,1.54,1.529,1.534,49336.78
2026-08-28 04:00:00+00:00,1.533,1.537,1.51,1.511,74399.08
2026-08-28 05:00:00+00:00,1.51,1.521,1.509,1.517,31222.41
2026-08-28 06:00:00+00:00,1.518,1.524,1.511,1.516,80011.16
2026-08-28 07:00:00+00:00,1.514,1.514,1.498,1.499,45628.78
2026-08-28 08:00:00+00:00,1.499,1.508,1.484,1.487,121573.09
2026-08-28 09:00:00+00:00,1.487,1.496,1.484,1.486,69906.04
2026-08-28 10:00:00+00:00,1.486,1.491,1.479,1.49,40557.68
2026-08-28 11:00:00+00:00,1.489,1.496,1.489,1.491,20494.45
2026-08-28 12:00:00+00:00,1.491,1.502,1.491,1.502,25317.02
2026-08-28 13:00:00+00:00,1.503,1.508,1.495,1.501,39186.18
2026-08-28 14:00:00+00:00,1.501,1.516,1.478,1.511,107966.92
2026-08-28 15:00:00+00:00,1.514,1.521,1.478,1.481,108712.03
2026-08-28 16:00:00+00:00,1.481,1.481,1.454,1.477,138014.8
2026-08-28 17:00:00+00:00,1.477,1.485,1.475,1.482,39254.27
2026-08-28 18:00:00+00:00,1.481,1.482,1.47,1.482,106591.21
2026-08-28 19:00:00+00:00,1.482,1.488,1.477,1.477,17685.65
2026-08-28 20:00:00+00:00,1.477,1.484,1.475,1.482,27453.06
2026-08-28 21:00:00+00:00,1.482,1.49,1.473,1.475,43382.18
2026-08-28 22:00:00+00:00,1.476,1.509,1.475,1.482,157378.03
2026-08-28 23:00:00+00:00,1.482,1.487,1.48,1.482,9565.07
2026-08-29 00:00:00+00:00,1.483,1.491,1.482,1.488,33811.3
2026-08-29 01:00:00+00:00,1.487,1.495,1.485,1.491,22793.31
2026-08-29 02:00:00+00:00,1.493,1.506,1.49,1.503,39597.93
2026-08-29 03:00:00+00:00,1.503,1.51,1.498,1.5,38496.24
2026-08-29 04:00:00+00:00,1.499,1.516,1.499,1.511,14153.95
2026-08-29 05:00:00+00:00,1.511,1.516,1.505,1.51,21008.75
2026-08-29 06:00:00+00:00,1.508,1.508,1.486,1.488,20003.78
2026-08-29 07:00:00+00:00,1.489,1.495,1.487,1.49,9384.78
2026-08-29 08:00:00+00:00,1.49,1.491,1.485,1.49,18272.42
2026-08-29 09:00:00+00:00,1.489,1.494,1.485,1.49,14714.71
2026-08-29 10:00:00+00:00,1.49,1.501,1.49,1.497,18860.49
2026-08-29 11:00:00+00:00,1.496,1.498,1.494,1.496,4998.74
2026-08-29 12:00:00+00:00,1.498,1.51,1.498,1.506,26349.33
2026-08-29 13:00:00+00:00,1.505,1.514,1.503,1.511,41085.31
2026-08-29 14:00:00+00:00,1.511,1.517,1.507,1.514,34804.67
2026-08-29 15:00:00+00:00,1.514,1.514,1.505,1.506,28764.73
2026-08-29 16:00:00+00:00,1.507,1.517,1.502,1.504,86388.81
2026-08-29 17:00:00+00:00,1.503,1.504,1.495,1.496,33965.8
2026-08-29 18:00:00+00:00,1.496,1.502,1.494,1.5,9032.93
2026-08-29 19:00:00+00:00,1.5,1.51,1.497,1.497,16456.97
2026-08-29 20:00:00+00:00,1.498,1.504,1.496,1.499,9909.29
2026-08-29 21:00:00+00:00,1.499,1.506,1.499,1.502,14118.49
2026-08-29 22:00:00+00:00,1.502,1.503,1.496,1.501,17112.89
2026-08-29 23:00:00+00:00,1.5,1.504,1.499,1.502,12587.01
2026-08-30 00:00:00+00:00,1.502,1.502,1.491,1.493,30758.24
2026-08-30 01:00:00+00:00,1.493,1.493,1.484,1.485,17223.0
2026-08-30 02:00:00+00:00,1.486,1.496,1.486,1.496,9093.32
2026-08-30 03:00:00+00:00,1.496,1.499,1.49,1.49,18072.32
2026-08-30 04:00:00+00:00,1.491,1.492,1.482,1.486,10314.07
2026-08-30 05:00:00+00:00,1.486,1.492,1.486,1.49,23204.27
2026-08-30 06:00:00+00:00,1.49,1.492,1.484,1.488,26079.04
2026-08-30 07:00:00+00:00,1.488,1.488,1.477,1.477,27129.28
2026-08-30 08:00:00+00:00,1.478,1.483,1.474,1.478,31188.29
2026-08-30 09:00:00+00:00,1.477,1.48,1.474,1.477,14739.62
2026-08-30 10:00:00+00:00,1.476,1.486,1.473,1.481,23061.76
2026-08-30 11:00:00+00:00,1.482,1.493,1.479,1.489,57748.42
2026-08-30 12:00:00+00:00,1.489,1.5,1.487,1.499,43448.02
2026-08-30 13:00:00+00:00,1.499,1.5,1.49,1.496,11208.86
2026-08-30 14:00:00+00:00,1.496,1.498,1.49,1.494,12245.91
2026-08-30 15:00:00+00:00,1.494,1.494,1.484,1.486,24204.98
2026-08-30 16:00:00+00:00,1.487,1.495,1.483,1.494,32673.99
2026-08-30 17:00:00+00:00,1.494,1.495,1.485,1.49,35878.58
2026-08-30 18:00:00+00:00,1.49,1.498,1.483,1.497,11034.55
2026-08-30 19:00:00+00:00,1.497,1.497,1.487,1.489,24530.68
2026-08-30 20:00:00+00:00,1.489,1.499,1.48,1.487,36728.77
2026-08-30 21:00:00+00:00,1.486,1.49,1.462,1.488,92213.67
2026-08-30 22:00:00+00:00,1.488,1.495,1.469,1.477,31683.86
2026-08-30 23:00:00+00:00,1.477,1.478,1.436,1.458,237363.95
2026-08-31 00:00:00+00:00,1.457,1.469,1.453,1.462,29270.43
2026-08-31 01:00:00+00:00,1.461,1.467,1.457,1.462,24153.51
2026-08-31 02:00:00+00:00,1.461,1.469,1.45,1.455,19822.96
2026-08-31 03:00:00+00:00,1.454,1.461,1.453,1.458,9878.49
2026-08-31 04:00:00+00:00,1.458,1.462,1.453,1.462,18599.79
2026-08-31 05:00:00+00:00,1.461,1.486,1.457,1.482,71408.56
2026-08-31 06:00:00+00:00,1.482,1.488,1.479,1.485,42000.9
2026-08-31 07:00:00+00:00,1.485,1.495,1.485,1.49,35427.51
2026-08-31 08:00:00+00:00,1.489,1.494,1.477,1.482,35393.77
2026-08-31 09:00:00+00:00,1.481,1.485,1.465,1.471,95902.92
2026-08-31 10:00:00+00:00,1.472,1.482,1.468,1.482,45379.11
2026-08-31 11:00:00+00:00,1.481,1.481,1.465,1.465,46368.95
2026-08-31 12:00:00+00:00,1.465,1.471,1.458,1.464,32835.11
2026-08-31 13:00:00+00:00,1.465,1.472,1.46,1.464,23342.35
2026-08-31 14:00:00+00:00,1.464,1.483,1.463,1.476,27599.61
2026-08-31 15:00:00+00:00,1.476,1.477,1.455,1.464,97166.24
2026-08-31 16:00:00+00:00,1.464,1.476,1.464,1.467,61580.76
2026-08-31 17:00:00+00:00,1.467,1.474,1.466,1.471,25920.28
2026-08-31 18:00:00+00:00,1.47,1.479,1.47,1.476,38123.11
2026-08-31 19:00:00+00:00,1.477,1.48,1.47,1.475,8912.48
2026-08-31 20:00:00+00:00,1.474,1.478,1.467,1.469,20102.81
2026-08-31 21:00:00+00:00,1.471,1.475,1.466,1.472,10488.91
2026-08-31 22:00:00+00:00,1.473,1.474,1.465,1.468,7980.78
2026-08-31 23:00:00+00:00,1.468,1.47,1.467,1.47,3726.06
2026-09-01 00:00:00+00:00,1.47,1.475,1.469,1.47,12788.49
