timestamp,close
2025-01-01 00:00:00+00:00,36.2052123
2025-01-01 01:00:00+00:00,35.75556219
2025-01-01 02:00:00+00:00,35.81829516
2025-01-01 03:00:00+00:00,35.6211101
2025-01-01 04:00:00+00:00,35.36520234
2025-01-01 05:00:00+00:00,35.5379444
2025-01-01 06:00:00+00:00,35.69263734
2025-01-01 07:00:00+00:00,35.61349774
2025-01-01 08:00:00+00:00,35.28908326
2025-01-01 09:00:00+00:00,35.18748066
2025-01-01 10:00:00+00:00,35.23324279
2025-01-01 11:00:00+00:00,35.54236195
2025-01-01 12:00:00+00:00,35.94268581
2025-01-01 13:00:00+00:00,35.97719555
2025-01-01 14:00:00+00:00,36.06073453
2025-01-01 15:00:00+00:00,36.47404452
2025-01-01 16:00:00+00:00,36.44505958
2025-01-01 17:00:00+00:00,36.3521907
2025-01-01 18:00:00+00:00,36.83853702
2025-01-01 19:00:00+00:00,37.10228414
2025-01-01 20:00:00+00:00,37.66451105
2025-01-01 21:00:00+00:00,37.64617495
2025-01-01 22:00:00+00:00,37.89929506
2025-01-01 23:00:00+00:00,37.77291912
2025-01-02 00:00:00+00:00,38.50082145
2025-01-02 01:00:00+00:00,38.53441497
2025-01-02 02:00:00+00:00,38.59510454
2025-01-02 03:00:00+00:00,38.47607376
2025-01-02 04:00:00+00:00,39.11277478
2025-01-02 05:00:00+00:00,38.76122884
2025-01-02 06:00:00+00:00,38.65788387
2025-01-02 07:00:00+00:00,38.86129111
2025-01-02 08:00:00+00:00,39.25536083
2025-01-02 09:00:00+00:00,40.08012069
2025-01-02 10:00:00+00:00,40.45735145
2025-01-02 11:00:00+00:00,40.39698723
2025-01-02 12:00:00+00:00,39.94631124
2025-01-02 13:00:00+00:00,39.87217176
2025-01-02 14:00:00+00:00,39.93497575
2025-01-02 15:00:00+00:00,39.40254855
2025-01-02 16:00:00+00:00,39.6791145
2025-01-02 17:00:00+00:00,39.25988001
2025-01-02 18:00:00+00:00,39.3067362
2025-01-02 19:00:00+00:00,38.97947231
2025-01-02 20:00:00+00:00,39.04921075
2025-01-02 21:00:00+00:00,39.20432774
2025-01-02 22:00:00+00:00,39.1346983
2025-01-02 23:00:00+00:00,39.28085208
2025-01-03 00:00:00+00:00,39.11756089
2025-01-03 01:00:00+00:00,39.39992768
2025-01-03 02:00:00+00:00,39.67451634
2025-01-03 03:00:00+00:00,39.88435371
2025-01-03 04:00:00+00:00,39.76424465
2025-01-03 05:00:00+00:00,39.94640907
2025-01-03 06:00:00+00:00,39.72972252
2025-01-03 07:00:00+00:00,39.41721795
2025-01-03 08:00:00+00:00,40.2517418
2025-01-03 09:00:00+00:00,40.59137604
2025-01-03 10:00:00+00:00,40.89904133
2025-01-03 11:00:00+00:00,41.29731016
2025-01-03 12:00:00+00:00,41.33099006
2025-01-03 13:00:00+00:00,40.98445591
2025-01-03 14:00:00+00:00,41.48428501
2025-01-03 15:00:00+00:00,41.92633962
2025-01-03 16:00:00+00:00,41.88878332
2025-01-03 17:00:00+00:00,41.79381804
2025-01-03 18:00:00+00:00,41.89625263
2025-01-03 19:00:00+00:00,41.983114
2025-01-03 20:00:00+00:00,41.46979765
2025-01-03 21:00:00+00:00,41.75986842
2025-01-03 22:00:00+00:00,41.91285618
2025-01-03 23:00:00+00:00,41.93865634
2025-01-04 00:00:00+00:00,41.68678202
2025-01-04 01:00:00+00:00,42.10296522
2025-01-04 02:00:00+00:00,42.34951524
2025-01-04 03:00:00+00:00,41.89995339
2025-01-04 04:00:00+00:00,41.81013795
2025-01-04 05:00:00+00:00,41.94989261
2025-01-04 06:00:00+00:00,41.81730993
2025-01-04 07:00:00+00:00,42.01352074
2025-01-04 08:00:00+00:00,41.50676487
2025-01-04 09:00:00+00:00,41.51095758
2025-01-04 10:00:00+00:00,41.5715679
2025-01-04 11:00:00+00:00,41.46486121
2025-01-04 12:00:00+00:00,41.69976459
2025-01-04 13:00:00+00:00,41.90869272
2025-01-04 14:00:00+00:00,42.01860787
2025-01-04 15:00:00+00:00,41.07652478
2025-01-04 16:00:00+00:00,41.23782855
2025-01-04 17:00:00+00:00,41.60361537
2025-01-04 18:00:00+00:00,41.62475722
2025-01-04 19:00:00+00:00,41.94232408
2025-01-04 20:00:00+00:00,42.43874129
2025-01-04 21:00:00+00:00,42.81688605
2025-01-04 22:00:00+00:00,42.77280018
2025-01-04 23:00:00+00:00,42.62223222
2025-01-05 00:00:00+00:00,42.55496447
2025-01-05 01:00:00+00:00,41.98699067
2025-01-05 02:00:00+00:00,42.03278933
2025-01-05 03:00:00+00:00,42.2794994
2025-01-05 04:00:00+00:00,42.80093649
2025-01-05 05:00:00+00:00,42.28297989
2025-01-05 06:00:00+00:00,42.57776657
2025-01-05 07:00:00+00:00,42.2852235
2025-01-05 08:00:00+00:00,41.9303712
2025-01-05 09:00:00+00:00,41.61059676
2025-01-05 10:00:00+00:00,41.63557847
2025-01-05 11:00:00+00:00,41.76634123
2025-01-05 12:00:00+00:00,41.71987166
2025-01-05 13:00:00+00:00,41.61757672
2025-01-05 14:00:00+00:00,41.79874265
2025-01-05 15:00:00+00:00,41.77631223
2025-01-05 16:00:00+00:00,41.81936805
2025-01-05 17:00:00+00:00,41.86827997
2025-01-05 18:00:00+00:00,42.28594417
2025-01-05 19:00:00+00:00,42.40122598
2025-01-05 20:00:00+00:00,42.36638318
2025-01-05 21:00:00+00:00,42.70049431
2025-01-05 22:00:00+00:00,43.05335078
2025-01-05 23:00:00+00:00,43.10046256
2025-01-06 00:00:00+00:00,42.21716597
2025-01-06 01:00:00+00:00,43.01008574
2025-01-06 02:00:00+00:00,42.84843959
2025-01-06 03:00:00+00:00,43.65600039
2025-01-06 04:00:00+00:00,43.75068183
2025-01-06 05:00:00+00:00,43.72291842
2025-01-06 06:00:00+00:00,43.56913241
2025-01-06 07:00:00+00:00,43.20551217
2025-01-06 08:00:00+00:00,43.66220926
2025-01-06 09:00:00+00:00,43.80854979
2025-01-06 10:00:00+00:00,44.03633855
2025-01-06 11:00:00+00:00,44.26169423
2025-01-06 12:00:00+00:00,44.17517351
2025-01-06 13:00:00+00:00,44.00224701
2025-01-06 14:00:00+00:00,44.33087318
2025-01-06 15:00:00+00:00,44.73363282
2025-01-06 16:00:00+00:00,44.6800154
2025-01-06 17:00:00+00:00,44.06919743
2025-01-06 18:00:00+00:00,44.26523514
2025-01-06 19:00:00+00:00,44.31829227
2025-01-06 20:00:00+00:00,44.16907876
2025-01-06 21:00:00+00:00,43.9661601
2025-01-06 22:00:00+00:00,44.00353814
2025-01-06 23:00:00+00:00,44.05407169
2025-01-07 00:00:00+00:00,44.12774941
2025-01-07 01:00:00+00:00,44.04926669
2025-01-07 02:00:00+00:00,43.63490847
2025-01-07 03:00:00+00:00,43.88459851
2025-01-07 04:00:00+00:00,43.70658444
2025-01-07 05:00:00+00:00,43.99007269
2025-01-07 06:00:00+00:00,44.08205585
2025-01-07 07:00:00+00:00,43.79044556
2025-01-07 08:00:00+00:00,43.93067764
2025-01-07 09:00:00+00:00,43.74015091
2025-01-07 10:00:00+00:00,43.5753731
2025-01-07 11:00:00+00:00,43.13074859
2025-01-07 12:00:00+00:00,42.96439646
2025-01-07 13:00:00+00:00,43.03474481
2025-01-07 14:00:00+00:00,42.38160578
2025-01-07 15:00:00+00:00,40.89494905
2025-01-07 16:00:00+00:00,40.814831
2025-01-07 17:00:00+00:00,40.4114194
2025-01-07 18:00:00+00:00,40.2725739
2025-01-07 19:00:00+00:00,39.84964075
2025-01-07 20:00:00+00:00,39.83342735
2025-01-07 21:00:00+00:00,39.58672948
2025-01-07 22:00:00+00:00,39.7951175
2025-01-07 23:00:00+00:00,39.20264292
2025-01-08 00:00:00+00:00,39.81105255
2025-01-08 01:00:00+00:00,39.32097591
2025-01-08 02:00:00+00:00,39.12116649
2025-01-08 03:00:00+00:00,38.90594023
2025-01-08 04:00:00+00:00,38.48972195
2025-01-08 05:00:00+00:00,38.54925943
2025-01-08 06:00:00+00:00,37.59183253
2025-01-08 07:00:00+00:00,38.37222909
2025-01-08 08:00:00+00:00,38.83688243
2025-01-08 09:00:00+00:00,38.41798836
2025-01-08 10:00:00+00:00,38.49639101
2025-01-08 11:00:00+00:00,38.13903237
2025-01-08 12:00:00+00:00,37.77076472
2025-01-08 13:00:00+00:00,38.02458642
2025-01-08 14:00:00+00:00,38.31647201
2025-01-08 15:00:00+00:00,38.16805333
2025-01-08 16:00:00+00:00,37.3917674
2025-01-08 17:00:00+00:00,37.42382829
2025-01-08 18:00:00+00:00,37.42471983
2025-01-08 19:00:00+00:00,37.21525276
2025-01-08 20:00:00+00:00,37.0906967
2025-01-08 21:00:00+00:00,37.14538761
2025-01-08 22:00:00+00:00,37.53173105
2025-01-08 23:00:00+00:00,37.4235575
2025-01-09 00:00:00+00:00,37.52827048
2025-01-09 01:00:00+00:00,37.47863703
2025-01-09 02:00:00+00:00,37.42220742
2025-01-09 03:00:00+00:00,37.08614554
2025-01-09 04:00:00+00:00,37.20592084
2025-01-09 05:00:00+00:00,37.04360976
2025-01-09 06:00:00+00:00,36.80722704
2025-01-09 07:00:00+00:00,36.30580476
2025-01-09 08:00:00+00:00,36.67022656
2025-01-09 09:00:00+00:00,36.77618646
2025-01-09 10:00:00+00:00,36.67310912
2025-01-09 11:00:00+00:00,36.71891926
2025-01-09 12:00:00+00:00,36.65266552
2025-01-09 13:00:00+00:00,35.7196298
2025-01-09 14:00:00+00:00,36.29838361
2025-01-09 15:00:00+00:00,37.25750457
2025-01-09 16:00:00+00:00,37.14226969
2025-01-09 17:00:00+00:00,36.43339029
2025-01-09 18:00:00+00:00,36.62329553
2025-01-09 19:00:00+00:00,35.97923918
2025-01-09 20:00:00+00:00,36.06370899
2025-01-09 21:00:00+00:00,35.98652277
2025-01-09 22:00:00+00:00,36.36266252
2025-01-09 23:00:00+00:00,36.19925426
2025-01-10 00:00:00+00:00,36.37765997
2025-01-10 01:00:00+00:00,36.58535249
2025-01-10 02:00:00+00:00,36.77830817
2025-01-10 03:00:00+00:00,36.87343867
2025-01-10 04:00:00+00:00,36.78646007
2025-01-10 05:00:00+00:00,37.10929107
2025-01-10 06:00:00+00:00,37.36713091
2025-01-10 07:00:00+00:00,37.66558421
2025-01-10 08:00:00+00:00,37.57447171
2025-01-10 09:00:00+00:00,37.70724189
2025-01-10 10:00:00+00:00,37.73895301
2025-01-10 11:00:00+00:00,37.55453207
2025-01-10 12:00:00+00:00,37.59514881
2025-01-10 13:00:00+00:00,36.73194312
2025-01-10 14:00:00+00:00,36.97050667
2025-01-10 15:00:00+00:00,36.59252328
2025-01-10 16:00:00+00:00,36.12602898
2025-01-10 17:00:00+00:00,37.37602895
2025-01-10 18:00:00+00:00,36.84641728
2025-01-10 19:00:00+00:00,36.90035182
2025-01-10 20:00:00+00:00,36.59851175
2025-01-10 21:00:00+00:00,36.61536848
2025-01-10 22:00:00+00:00,36.71846063
2025-01-10 23:00:00+00:00,36.67434058
2025-01-11 00:00:00+00:00,36.6623393
2025-01-11 01:00:00+00:00,36.34808257
2025-01-11 02:00:00+00:00,36.33702451
2025-01-11 03:00:00+00:00,36.13347623
2025-01-11 04:00:00+00:00,36.25755144
2025-01-11 05:00:00+00:00,36.49577193
2025-01-11 06:00:00+00:00,36.48938283
2025-01-11 07:00:00+00:00,36.4511519
2025-01-11 08:00:00+00:00,36.28115908
2025-01-11 09:00:00+00:00,36.36103631
2025-01-11 10:00:00+00:00,36.72621534
2025-01-11 11:00:00+00:00,36.83337921
2025-01-11 12:00:00+00:00,36.55527031
2025-01-11 13:00:00+00:00,36.3890062
2025-01-11 14:00:00+00:00,36.59300908
2025-01-11 15:00:00+00:00,36.41834604
2025-01-11 16:00:00+00:00,36.61833952
2025-01-11 17:00:00+00:00,36.40666574
2025-01-11 18:00:00+00:00,36.50487253
2025-01-11 19:00:00+00:00,36.49831307
2025-01-11 20:00:00+00:00,37.37866299
2025-01-11 21:00:00+00:00,37.69536923
2025-01-11 22:00:00+00:00,37.1289906
2025-01-11 23:00:00+00:00,37.12751268
2025-01-12 00:00:00+00:00,36.93084529
2025-01-12 01:00:00+00:00,37.30245499
2025-01-12 02:00:00+00:00,37.23987313
2025-01-12 03:00:00+00:00,37.10236207
2025-01-12 04:00:00+00:00,37.06368864
2025-01-12 05:00:00+00:00,37.03105259
2025-01-12 06:00:00+00:00,36.69620538
2025-01-12 07:00:00+00:00,36.82897705
2025-01-12 08:00:00+00:00,36.60610402
2025-01-12 09:00:00+00:00,36.54759911
2025-01-12 10:00:00+00:00,36.66261223
2025-01-12 11:00:00+00:00,36.78139825
2025-01-12 12:00:00+00:00,36.74599287
2025-01-12 13:00:00+00:00,37.12711206
2025-01-12 14:00:00+00:00,37.14004976
2025-01-12 15:00:00+00:00,37.49182184
2025-01-12 16:00:00+00:00,37.20385968
2025-01-12 17:00:00+00:00,37.16489331
2025-01-12 18:00:00+00:00,36.91823196
2025-01-12 19:00:00+00:00,36.81149184
2025-01-12 20:00:00+00:00,36.77241941
2025-01-12 21:00:00+00:00,36.52403598
2025-01-12 22:00:00+00:00,36.2168479
2025-01-12 23:00:00+00:00,36.54787402
2025-01-13 00:00:00+00:00,36.99783071
2025-01-13 01:00:00+00:00,36.3686097
2025-01-13 02:00:00+00:00,35.63610509
2025-01-13 03:00:00+00:00,35.38328736
2025-01-13 04:00:00+00:00,35.6741027
2025-01-13 05:00:00+00:00,35.19480864
2025-01-13 06:00:00+00:00,34.88135532
2025-01-13 07:00:00+00:00,35.06834305
2025-01-13 08:00:00+00:00,34.5973515
2025-01-13 09:00:00+00:00,34.33063822
2025-01-13 10:00:00+00:00,33.98520229
2025-01-13 11:00:00+00:00,33.38472777
2025-01-13 12:00:00+00:00,33.61340005
2025-01-13 13:00:00+00:00,33.95846366
2025-01-13 14:00:00+00:00,34.14433339
2025-01-13 15:00:00+00:00,34.42190015
2025-01-13 16:00:00+00:00,33.69117975
2025-01-13 17:00:00+00:00,33.59323643
2025-01-13 18:00:00+00:00,33.55382
2025-01-13 19:00:00+00:00,33.82755488
2025-01-13 20:00:00+00:00,34.70520884
2025-01-13 21:00:00+00:00,34.96218976
2025-01-13 22:00:00+00:00,35.35835876
2025-01-13 23:00:00+00:00,35.29277527
2025-01-14 00:00:00+00:00,35.08464624
2025-01-14 01:00:00+00:00,35.10618223
2025-01-14 02:00:00+00:00,35.29043395
2025-01-14 03:00:00+00:00,35.18406006
2025-01-14 04:00:00+00:00,35.52400131
2025-01-14 05:00:00+00:00,35.33017271
2025-01-14 06:00:00+00:00,35.46461599
2025-01-14 07:00:00+00:00,35.21360337
2025-01-14 08:00:00+00:00,35.51257904
2025-01-14 09:00:00+00:00,36.24066279
2025-01-14 10:00:00+00:00,36.06959757
2025-01-14 11:00:00+00:00,35.9267525
2025-01-14 12:00:00+00:00,35.72305553
2025-01-14 13:00:00+00:00,36.15533475
2025-01-14 14:00:00+00:00,36.13574684
2025-01-14 15:00:00+00:00,36.19959793
2025-01-14 16:00:00+00:00,36.20722344
2025-01-14 17:00:00+00:00,36.40061701
2025-01-14 18:00:00+00:00,36.60003906
2025-01-14 19:00:00+00:00,36.41675009
2025-01-14 20:00:00+00:00,36.39618814
2025-01-14 21:00:00+00:00,36.32183285
2025-01-14 22:00:00+00:00,36.61744735
2025-01-14 23:00:00+00:00,36.5544129
2025-01-15 00:00:00+00:00,36.52089515
2025-01-15 01:00:00+00:00,36.6615454
2025-01-15 02:00:00+00:00,36.56547889
2025-01-15 03:00:00+00:00,36.86284765
2025-01-15 04:00:00+00:00,36.70076138
2025-01-15 05:00:00+00:00,36.83703018
2025-01-15 06:00:00+00:00,36.95223102
2025-01-15 07:00:00+00:00,37.24728466
2025-01-15 08:00:00+00:00,37.16421426
2025-01-15 09:00:00+00:00,36.44379888
2025-01-15 10:00:00+00:00,36.59796169
2025-01-15 11:00:00+00:00,37.02275207
2025-01-15 12:00:00+00:00,36.8207829
2025-01-15 13:00:00+00:00,39.03808296
2025-01-15 14:00:00+00:00,39.27536418
2025-01-15 15:00:00+00:00,39.32172577
2025-01-15 16:00:00+00:00,39.01241084
2025-01-15 17:00:00+00:00,38.65473952
2025-01-15 18:00:00+00:00,39.26586849
2025-01-15 19:00:00+00:00,39.47625983
2025-01-15 20:00:00+00:00,39.20493806
2025-01-15 21:00:00+00:00,39.16277984
2025-01-15 22:00:00+00:00,39.47693028
2025-01-15 23:00:00+00:00,39.82318647
2025-01-16 00:00:00+00:00,39.19709284
2025-01-16 01:00:00+00:00,39.50992923
2025-01-16 02:00:00+00:00,39.37279464
2025-01-16 03:00:00+00:00,39.00686312
2025-01-16 04:00:00+00:00,39.26303838
2025-01-16 05:00:00+00:00,39.15184095
2025-01-16 06:00:00+00:00,39.2526656
2025-01-16 07:00:00+00:00,39.31970181
2025-01-16 08:00:00+00:00,38.61951032
2025-01-16 09:00:00+00:00,38.71406146
2025-01-16 10:00:00+00:00,38.62000779
2025-01-16 11:00:00+00:00,39.49651726
2025-01-16 12:00:00+00:00,40.41264008
2025-01-16 13:00:00+00:00,39.61507081
2025-01-16 14:00:00+00:00,38.96641332
2025-01-16 15:00:00+00:00,39.75602684
2025-01-16 16:00:00+00:00,39.84565554
2025-01-16 17:00:00+00:00,39.95074687
2025-01-16 18:00:00+00:00,39.82150163
2025-01-16 19:00:00+00:00,40.23535335
2025-01-16 20:00:00+00:00,40.08086774
2025-01-16 21:00:00+00:00,40.01255838
2025-01-16 22:00:00+00:00,39.77410273
2025-01-16 23:00:00+00:00,40.05219422
2025-01-17 00:00:00+00:00,40.24594576
2025-01-17 01:00:00+00:00,40.98344519
2025-01-17 02:00:00+00:00,40.61980445
2025-01-17 03:00:00+00:00,40.46521244
2025-01-17 04:00:00+00:00,40.57789965
2025-01-17 05:00:00+00:00,40.69242765
2025-01-17 06:00:00+00:00,40.96066651
2025-01-17 07:00:00+00:00,41.34929482
2025-01-17 08:00:00+00:00,41.29979035
2025-01-17 09:00:00+00:00,41.25233534
2025-01-17 10:00:00+00:00,41.22728086
2025-01-17 11:00:00+00:00,41.10712676
2025-01-17 12:00:00+00:00,41.0057913
2025-01-17 13:00:00+00:00,40.9120926
2025-01-17 14:00:00+00:00,41.02179051
2025-01-17 15:00:00+00:00,40.98414658
2025-01-17 16:00:00+00:00,41.23736543
2025-01-17 17:00:00+00:00,40.69295752
2025-01-17 18:00:00+00:00,40.71404968
2025-01-17 19:00:00+00:00,40.90489772
2025-01-17 20:00:00+00:00,41.56879015
2025-01-17 21:00:00+00:00,41.18620206
2025-01-17 22:00:00+00:00,41.35737912
2025-01-17 23:00:00+00:00,41.37465744
2025-01-18 00:00:00+00:00,41.6325421
2025-01-18 01:00:00+00:00,41.28201928
2025-01-18 02:00:00+00:00,41.27672531
2025-01-18 03:00:00+00:00,40.62330142
2025-01-18 04:00:00+00:00,40.7594916
2025-01-18 05:00:00+00:00,39.45938077
2025-01-18 06:00:00+00:00,39.98927597
2025-01-18 07:00:00+00:00,39.35511548
2025-01-18 08:00:00+00:00,39.43632538
2025-01-18 09:00:00+00:00,39.00024404
2025-01-18 10:00:00+00:00,39.19677613
2025-01-18 11:00:00+00:00,39.44787623
2025-01-18 12:00:00+00:00,38.97942051
2025-01-18 13:00:00+00:00,39.58186135
2025-01-18 14:00:00+00:00,39.1038251
2025-01-18 15:00:00+00:00,39.09270061
2025-01-18 16:00:00+00:00,38.39186467
2025-01-18 17:00:00+00:00,38.65622508
2025-01-18 18:00:00+00:00,38.63113224
2025-01-18 19:00:00+00:00,39.00666711
2025-01-18 20:00:00+00:00,38.71149803
2025-01-18 21:00:00+00:00,38.77156599
2025-01-18 22:00:00+00:00,38.8521341
2025-01-18 23:00:00+00:00,39.2523212
2025-01-19 00:00:00+00:00,39.22187713
2025-01-19 01:00:00+00:00,40.27090676
2025-01-19 02:00:00+00:00,39.85725852
2025-01-19 03:00:00+00:00,39.39543277
2025-01-19 04:00:00+00:00,39.48983031
2025-01-19 05:00:00+00:00,39.39034929
2025-01-19 06:00:00+00:00,39.09872708
2025-01-19 07:00:00+00:00,38.53140568
2025-01-19 08:00:00+00:00,37.62444166
2025-01-19 09:00:00+00:00,37.71838433
2025-01-19 10:00:00+00:00,37.31989064
2025-01-19 11:00:00+00:00,36.65009893
2025-01-19 12:00:00+00:00,37.32182131
2025-01-19 13:00:00+00:00,37.65313303
2025-01-19 14:00:00+00:00,38.60120787
2025-01-19 15:00:00+00:00,38.47733014
2025-01-19 16:00:00+00:00,38.73306964
2025-01-19 17:00:00+00:00,38.97274759
2025-01-19 18:00:00+00:00,38.84070762
2025-01-19 19:00:00+00:00,38.76862269
2025-01-19 20:00:00+00:00,38.59992643
2025-01-19 21:00:00+00:00,36.5863987
2025-01-19 22:00:00+00:00,36.52107819
2025-01-19 23:00:00+00:00,35.66819435
2025-01-20 00:00:00+00:00,34.55874372
2025-01-20 01:00:00+00:00,34.87697788
2025-01-20 02:00:00+00:00,35.196783
2025-01-20 03:00:00+00:00,35.58914506
2025-01-20 04:00:00+00:00,35.70496006
2025-01-20 05:00:00+00:00,35.94599543
2025-01-20 06:00:00+00:00,37.96176325
2025-01-20 07:00:00+00:00,38.62804992
2025-01-20 08:00:00+00:00,38.82811563
2025-01-20 09:00:00+00:00,38.32352606
2025-01-20 10:00:00+00:00,38.05994988
2025-01-20 11:00:00+00:00,38.22299693
2025-01-20 12:00:00+00:00,37.24540997
2025-01-20 13:00:00+00:00,37.65869101
2025-01-20 14:00:00+00:00,38.22402301
2025-01-20 15:00:00+00:00,37.29835547
2025-01-20 16:00:00+00:00,37.69480496
2025-01-20 17:00:00+00:00,36.03783556
2025-01-20 18:00:00+00:00,36.63955592
2025-01-20 19:00:00+00:00,36.56143893
2025-01-20 20:00:00+00:00,36.46834742
2025-01-20 21:00:00+00:00,35.95552826
2025-01-20 22:00:00+00:00,36.400392
2025-01-20 23:00:00+00:00,36.02311141
2025-01-21 00:00:00+00:00,35.27854986
2025-01-21 01:00:00+00:00,35.28058799
2025-01-21 02:00:00+00:00,35.39340052
2025-01-21 03:00:00+00:00,35.26153103
2025-01-21 04:00:00+00:00,35.20240579
2025-01-21 05:00:00+00:00,34.70508817
2025-01-21 06:00:00+00:00,35.15528271
2025-01-21 07:00:00+00:00,35.34256212
2025-01-21 08:00:00+00:00,35.26645048
2025-01-21 09:00:00+00:00,35.65627996
2025-01-21 10:00:00+00:00,36.42451152
2025-01-21 11:00:00+00:00,36.40822585
2025-01-21 12:00:00+00:00,36.64550064
2025-01-21 13:00:00+00:00,36.55103809
2025-01-21 14:00:00+00:00,35.90727721
2025-01-21 15:00:00+00:00,36.19174003
2025-01-21 16:00:00+00:00,36.42972022
2025-01-21 17:00:00+00:00,37.15980523
2025-01-21 18:00:00+00:00,37.4001411
2025-01-21 19:00:00+00:00,37.08514429
2025-01-21 20:00:00+00:00,37.11105087
2025-01-21 21:00:00+00:00,37.1397837
2025-01-21 22:00:00+00:00,37.03152447
2025-01-21 23:00:00+00:00,36.95042356
2025-01-22 00:00:00+00:00,37.24365569
2025-01-22 01:00:00+00:00,36.77776476
2025-01-22 02:00:00+00:00,37.02809728
2025-01-22 03:00:00+00:00,37.1586001
2025-01-22 04:00:00+00:00,37.1465294
2025-01-22 05:00:00+00:00,36.92699916
2025-01-22 06:00:00+00:00,36.96535357
2025-01-22 07:00:00+00:00,36.8560411
2025-01-22 08:00:00+00:00,36.84612592
2025-01-22 09:00:00+00:00,36.86395276
2025-01-22 10:00:00+00:00,37.16876532
2025-01-22 11:00:00+00:00,37.54491694
2025-01-22 12:00:00+00:00,37.29775228
2025-01-22 13:00:00+00:00,36.80711879
2025-01-22 14:00:00+00:00,37.0124331
2025-01-22 15:00:00+00:00,36.91230038
2025-01-22 16:00:00+00:00,36.99587994
2025-01-22 17:00:00+00:00,37.33957311
2025-01-22 18:00:00+00:00,36.74594946
2025-01-22 19:00:00+00:00,37.21002002
2025-01-22 20:00:00+00:00,37.04015014
2025-01-22 21:00:00+00:00,37.14967289
2025-01-22 22:00:00+00:00,36.83701262
2025-01-22 23:00:00+00:00,36.79732104
2025-01-23 00:00:00+00:00,36.5993346
2025-01-23 01:00:00+00:00,36.19946854
2025-01-23 02:00:00+00:00,35.98159189
2025-01-23 03:00:00+00:00,36.0745093
2025-01-23 04:00:00+00:00,35.62889084
2025-01-23 05:00:00+00:00,35.74982521
2025-01-23 06:00:00+00:00,35.48550976
2025-01-23 07:00:00+00:00,35.67814389
2025-01-23 08:00:00+00:00,35.22166317
2025-01-23 09:00:00+00:00,35.12180113
2025-01-23 10:00:00+00:00,35.0893088
2025-01-23 11:00:00+00:00,35.2302917
2025-01-23 12:00:00+00:00,34.98611647
2025-01-23 13:00:00+00:00,35.40983492
2025-01-23 14:00:00+00:00,35.92764873
2025-01-23 15:00:00+00:00,35.9251079
2025-01-23 16:00:00+00:00,35.82065838
2025-01-23 17:00:00+00:00,35.8627189
2025-01-23 18:00:00+00:00,35.28097033
2025-01-23 19:00:00+00:00,34.89177256
2025-01-23 20:00:00+00:00,35.16995151
2025-01-23 21:00:00+00:00,34.92294636
2025-01-23 22:00:00+00:00,35.58478199
2025-01-23 23:00:00+00:00,35.5570452
2025-01-24 00:00:00+00:00,34.95052304
2025-01-24 01:00:00+00:00,34.84142038
2025-01-24 02:00:00+00:00,34.65021849
2025-01-24 03:00:00+00:00,35.02151014
2025-01-24 04:00:00+00:00,35.3540872
2025-01-24 05:00:00+00:00,36.24572203
2025-01-24 06:00:00+00:00,35.8741988
2025-01-24 07:00:00+00:00,35.78488456
2025-01-24 08:00:00+00:00,36.08996998
2025-01-24 09:00:00+00:00,36.23190401
2025-01-24 10:00:00+00:00,36.24833264
2025-01-24 11:00:00+00:00,36.19082715
2025-01-24 12:00:00+00:00,36.5069492
2025-01-24 13:00:00+00:00,36.33121167
2025-01-24 14:00:00+00:00,36.44774199
2025-01-24 15:00:00+00:00,36.24406475
2025-01-24 16:00:00+00:00,36.17605096
2025-01-24 17:00:00+00:00,36.47903148
2025-01-24 18:00:00+00:00,36.53786443
2025-01-24 19:00:00+00:00,36.26795381
2025-01-24 20:00:00+00:00,35.57870308
2025-01-24 21:00:00+00:00,35.62532177
2025-01-24 22:00:00+00:00,35.35760078
2025-01-24 23:00:00+00:00,35.34128706
2025-01-25 00:00:00+00:00,34.95773944
2025-01-25 01:00:00+00:00,35.46226816
2025-01-25 02:00:00+00:00,35.5266181
2025-01-25 03:00:00+00:00,35.93603709
2025-01-25 04:00:00+00:00,35.68484231
2025-01-25 05:00:00+00:00,35.59210235
2025-01-25 06:00:00+00:00,35.38361897
2025-01-25 07:00:00+00:00,35.31549557
2025-01-25 08:00:00+00:00,35.32287076
2025-01-25 09:00:00+00:00,35.17981067
2025-01-25 10:00:00+00:00,35.25340985
2025-01-25 11:00:00+00:00,35.48926894
2025-01-25 12:00:00+00:00,35.4854799
2025-01-25 13:00:00+00:00,35.42919657
2025-01-25 14:00:00+00:00,35.41789839
2025-01-25 15:00:00+00:00,36.45111678
2025-01-25 16:00:00+00:00,36.62980261
2025-01-25 17:00:00+00:00,36.75464818
2025-01-25 18:00:00+00:00,36.80890518
2025-01-25 19:00:00+00:00,36.94077121
2025-01-25 20:00:00+00:00,36.93685868
2025-01-25 21:00:00+00:00,36.97093003
2025-01-25 22:00:00+00:00,36.8918297
2025-01-25 23:00:00+00:00,36.60914531
2025-01-26 00:00:00+00:00,36.88632534
2025-01-26 01:00:00+00:00,37.24134911
2025-01-26 02:00:00+00:00,37.08836062
2025-01-26 03:00:00+00:00,37.45666776
2025-01-26 04:00:00+00:00,37.77821174
2025-01-26 05:00:00+00:00,37.6248362
2025-01-26 06:00:00+00:00,37.90849379
2025-01-26 07:00:00+00:00,37.64033382
2025-01-26 08:00:00+00:00,37.55013087
2025-01-26 09:00:00+00:00,37.28853913
2025-01-26 10:00:00+00:00,37.5542959
2025-01-26 11:00:00+00:00,37.59435794
2025-01-26 12:00:00+00:00,37.81795394
2025-01-26 13:00:00+00:00,37.62104425
2025-01-26 14:00:00+00:00,37.51541556
2025-01-26 15:00:00+00:00,37.41315643
2025-01-26 16:00:00+00:00,37.48580089
2025-01-26 17:00:00+00:00,37.9892069
2025-01-26 18:00:00+00:00,37.76482164
2025-01-26 19:00:00+00:00,37.83947053
2025-01-26 20:00:00+00:00,37.55208661
2025-01-26 21:00:00+00:00,37.05595226
2025-01-26 22:00:00+00:00,37.01585361
2025-01-26 23:00:00+00:00,35.75393461
2025-01-27 00:00:00+00:00,35.34718515
2025-01-27 01:00:00+00:00,35.22659526
2025-01-27 02:00:00+00:00,35.06776511
2025-01-27 03:00:00+00:00,35.24109842
2025-01-27 04:00:00+00:00,34.78764722
2025-01-27 05:00:00+00:00,34.69212211
2025-01-27 06:00:00+00:00,34.09561945
2025-01-27 07:00:00+00:00,33.81863549
2025-01-27 08:00:00+00:00,33.58864807
2025-01-27 09:00:00+00:00,33.67959104
2025-01-27 10:00:00+00:00,33.04107508
2025-01-27 11:00:00+00:00,33.09883946
2025-01-27 12:00:00+00:00,33.70889669
2025-01-27 13:00:00+00:00,33.5250675
2025-01-27 14:00:00+00:00,34.11283991
2025-01-27 15:00:00+00:00,33.67092019
2025-01-27 16:00:00+00:00,33.43058699
2025-01-27 17:00:00+00:00,33.29211074
2025-01-27 18:00:00+00:00,33.06203389
2025-01-27 19:00:00+00:00,33.27454189
2025-01-27 20:00:00+00:00,34.15643096
2025-01-27 21:00:00+00:00,33.92561486
2025-01-27 22:00:00+00:00,34.09163096
2025-01-27 23:00:00+00:00,34.20267832
2025-01-28 00:00:00+00:00,33.93725855
2025-01-28 01:00:00+00:00,33.83107283
2025-01-28 02:00:00+00:00,34.01033353
2025-01-28 03:00:00+00:00,34.11481762
2025-01-28 04:00:00+00:00,34.26045451
2025-01-28 05:00:00+00:00,34.3283154
2025-01-28 06:00:00+00:00,34.08783562
2025-01-28 07:00:00+00:00,34.2229058
2025-01-28 08:00:00+00:00,34.10357542
2025-01-28 09:00:00+00:00,34.11128465
2025-01-28 10:00:00+00:00,33.92923534
2025-01-28 11:00:00+00:00,34.00303647
2025-01-28 12:00:00+00:00,33.86056596
2025-01-28 13:00:00+00:00,33.81457877
2025-01-28 14:00:00+00:00,33.75652837
2025-01-28 15:00:00+00:00,33.77957769
2025-01-28 16:00:00+00:00,33.53315654
2025-01-28 17:00:00+00:00,33.6024716
2025-01-28 18:00:00+00:00,33.21068634
2025-01-28 19:00:00+00:00,33.20419733
2025-01-28 20:00:00+00:00,32.55953383
2025-01-28 21:00:00+00:00,32.07971681
2025-01-28 22:00:00+00:00,32.21197721
2025-01-28 23:00:00+00:00,32.07087836
2025-01-29 00:00:00+00:00,32.07516529
2025-01-29 01:00:00+00:00,32.31304328
2025-01-29 02:00:00+00:00,32.31413982
2025-01-29 03:00:00+00:00,32.72933841
2025-01-29 04:00:00+00:00,32.96488022
2025-01-29 05:00:00+00:00,33.0856519
2025-01-29 06:00:00+00:00,33.56605773
2025-01-29 07:00:00+00:00,33.44130456
2025-01-29 08:00:00+00:00,33.36059582
2025-01-29 09:00:00+00:00,33.20991724
2025-01-29 10:00:00+00:00,33.21378304
2025-01-29 11:00:00+00:00,33.24023811
2025-01-29 12:00:00+00:00,32.94129381
2025-01-29 13:00:00+00:00,32.37216157
2025-01-29 14:00:00+00:00,32.41123746
2025-01-29 15:00:00+00:00,32.60749023
2025-01-29 16:00:00+00:00,32.48988951
2025-01-29 17:00:00+00:00,32.7011937
2025-01-29 18:00:00+00:00,32.93069248
2025-01-29 19:00:00+00:00,32.95509601
2025-01-29 20:00:00+00:00,33.38734507
2025-01-29 21:00:00+00:00,33.49479261
2025-01-29 22:00:00+00:00,33.10808132
2025-01-29 23:00:00+00:00,32.79260078
2025-01-30 00:00:00+00:00,32.90850731
2025-01-30 01:00:00+00:00,33.25923933
2025-01-30 02:00:00+00:00,33.46026118
2025-01-30 03:00:00+00:00,33.83826661
2025-01-30 04:00:00+00:00,33.9083477
2025-01-30 05:00:00+00:00,33.78053318
2025-01-30 06:00:00+00:00,33.74400838
2025-01-30 07:00:00+00:00,33.6906437
2025-01-30 08:00:00+00:00,33.68225668
2025-01-30 09:00:00+00:00,33.91410176
2025-01-30 10:00:00+00:00,34.01836739
2025-01-30 11:00:00+00:00,33.97612729
2025-01-30 12:00:00+00:00,33.90817125
2025-01-30 13:00:00+00:00,34.35378327
2025-01-30 14:00:00+00:00,34.48294509
2025-01-30 15:00:00+00:00,34.39522779
2025-01-30 16:00:00+00:00,34.51973138
2025-01-30 17:00:00+00:00,34.48593652
2025-01-30 18:00:00+00:00,34.37151911
2025-01-30 19:00:00+00:00,34.5789283
2025-01-30 20:00:00+00:00,34.29805651
2025-01-30 21:00:00+00:00,34.35975969
2025-01-30 22:00:00+00:00,34.4039396
2025-01-30 23:00:00+00:00,34.28918784
2025-01-31 00:00:00+00:00,34.43681826
2025-01-31 01:00:00+00:00,34.52903525
2025-01-31 02:00:00+00:00,34.14308838
2025-01-31 03:00:00+00:00,33.96780944
2025-01-31 04:00:00+00:00,33.83226206
2025-01-31 05:00:00+00:00,34.43314445
2025-01-31 06:00:00+00:00,35.03282399
2025-01-31 07:00:00+00:00,34.68927777
2025-01-31 08:00:00+00:00,34.4296219
2025-01-31 09:00:00+00:00,34.60703061
2025-01-31 10:00:00+00:00,34.49720616
2025-01-31 11:00:00+00:00,35.13267735
2025-01-31 12:00:00+00:00,35.22167497
2025-01-31 13:00:00+00:00,35.35075788
2025-01-31 14:00:00+00:00,35.25185267
2025-01-31 15:00:00+00:00,35.93506458
2025-01-31 16:00:00+00:00,35.83503413
2025-01-31 17:00:00+00:00,35.45450046
2025-01-31 18:00:00+00:00,34.48848125
2025-01-31 19:00:00+00:00,34.6814904
2025-01-31 20:00:00+00:00,34.42793872
2025-01-31 21:00:00+00:00,34.32688333
2025-01-31 22:00:00+00:00,34.45827362
2025-01-31 23:00:00+00:00,34.413059
2025-02-01 00:00:00+00:00,34.7183275
2025-02-01 01:00:00+00:00,34.71048171
2025-02-01 02:00:00+00:00,35.05518681
2025-02-01 03:00:00+00:00,34.58386325
2025-02-01 04:00:00+00:00,34.59086726
2025-02-01 05:00:00+00:00,34.74591924
2025-02-01 06:00:00+00:00,34.6183298
2025-02-01 07:00:00+00:00,34.41295198
2025-02-01 08:00:00+00:00,34.26780383
2025-02-01 09:00:00+00:00,33.72799164
2025-02-01 10:00:00+00:00,33.69330839
2025-02-01 11:00:00+00:00,33.93387348
2025-02-01 12:00:00+00:00,33.9602561
2025-02-01 13:00:00+00:00,33.64733702
2025-02-01 14:00:00+00:00,33.57056632
2025-02-01 15:00:00+00:00,33.69612951
2025-02-01 16:00:00+00:00,33.48265999
2025-02-01 17:00:00+00:00,33.70283375
2025-02-01 18:00:00+00:00,33.30112448
2025-02-01 19:00:00+00:00,32.91168686
2025-02-01 20:00:00+00:00,32.68386667
2025-02-01 21:00:00+00:00,32.53471435
2025-02-01 22:00:00+00:00,32.29139192
2025-02-01 23:00:00+00:00,32.1112901
2025-02-02 00:00:00+00:00,32.4542972
2025-02-02 01:00:00+00:00,32.46216368
2025-02-02 02:00:00+00:00,31.78574222
2025-02-02 03:00:00+00:00,30.8005571
2025-02-02 04:00:00+00:00,30.86221114
2025-02-02 05:00:00+00:00,31.386669
2025-02-02 06:00:00+00:00,31.32884174
2025-02-02 07:00:00+00:00,31.25023257
2025-02-02 08:00:00+00:00,31.42150694
2025-02-02 09:00:00+00:00,31.39312923
2025-02-02 10:00:00+00:00,31.12126617
2025-02-02 11:00:00+00:00,30.53885171
2025-02-02 12:00:00+00:00,30.38125705
2025-02-02 13:00:00+00:00,30.99621134
2025-02-02 14:00:00+00:00,30.91808923
2025-02-02 15:00:00+00:00,30.70919645
2025-02-02 16:00:00+00:00,29.41581024
2025-02-02 17:00:00+00:00,28.38147493
2025-02-02 18:00:00+00:00,27.8099551
2025-02-02 19:00:00+00:00,28.65242447
2025-02-02 20:00:00+00:00,28.23140836
2025-02-02 21:00:00+00:00,27.76862805
2025-02-02 22:00:00+00:00,27.19244125
2025-02-02 23:00:00+00:00,27.62561768
2025-02-03 00:00:00+00:00,26.89634831
2025-02-03 01:00:00+00:00,23.73572599
2025-02-03 02:00:00+00:00,22.96022272
2025-02-03 03:00:00+00:00,23.88937852
2025-02-03 04:00:00+00:00,22.91038469
2025-02-03 05:00:00+00:00,24.23438489
2025-02-03 06:00:00+00:00,24.84992532
2025-02-03 07:00:00+00:00,25.55547114
2025-02-03 08:00:00+00:00,24.86788629
2025-02-03 09:00:00+00:00,24.77623741
2025-02-03 10:00:00+00:00,25.59031537
2025-02-03 11:00:00+00:00,25.32017655
2025-02-03 12:00:00+00:00,25.0725254
2025-02-03 13:00:00+00:00,25.02595709
2025-02-03 14:00:00+00:00,25.93936276
2025-02-03 15:00:00+00:00,27.34868532
2025-02-03 16:00:00+00:00,27.42895628
2025-02-03 17:00:00+00:00,27.32143985
2025-02-03 18:00:00+00:00,27.42584431
2025-02-03 19:00:00+00:00,28.18855963
2025-02-03 20:00:00+00:00,27.43602202
2025-02-03 21:00:00+00:00,28.39850675
2025-02-03 22:00:00+00:00,28.49231606
2025-02-03 23:00:00+00:00,28.40319708
2025-02-04 00:00:00+00:00,27.99490423
2025-02-04 01:00:00+00:00,28.15142338
2025-02-04 02:00:00+00:00,27.6603848
2025-02-04 03:00:00+00:00,27.60502264
2025-02-04 04:00:00+00:00,27.37135063
2025-02-04 05:00:00+00:00,25.95542732
2025-02-04 06:00:00+00:00,26.37550604
2025-02-04 07:00:00+00:00,25.65038309
2025-02-04 08:00:00+00:00,25.76666554
2025-02-04 09:00:00+00:00,25.63961513
2025-02-04 10:00:00+00:00,26.23446184
2025-02-04 11:00:00+00:00,26.39946685
2025-02-04 12:00:00+00:00,26.88261762
2025-02-04 13:00:00+00:00,26.70846093
2025-02-04 14:00:00+00:00,27.054277
2025-02-04 15:00:00+00:00,26.89989427
2025-02-04 16:00:00+00:00,27.04175286
2025-02-04 17:00:00+00:00,27.08481916
2025-02-04 18:00:00+00:00,27.29295431
2025-02-04 19:00:00+00:00,26.83898667
2025-02-04 20:00:00+00:00,26.51463672
2025-02-04 21:00:00+00:00,25.81757971
2025-02-04 22:00:00+00:00,26.1931602
2025-02-04 23:00:00+00:00,26.46128212
2025-02-05 00:00:00+00:00,26.54778292
2025-02-05 01:00:00+00:00,26.54564678
2025-02-05 02:00:00+00:00,26.92614937
2025-02-05 03:00:00+00:00,26.68955243
2025-02-05 04:00:00+00:00,26.7825424
2025-02-05 05:00:00+00:00,27.07223793
2025-02-05 06:00:00+00:00,26.57035372
2025-02-05 07:00:00+00:00,26.84401385
2025-02-05 08:00:00+00:00,26.88183755
2025-02-05 09:00:00+00:00,26.77751987
2025-02-05 10:00:00+00:00,27.03355694
2025-02-05 11:00:00+00:00,27.30345394
2025-02-05 12:00:00+00:00,27.02629348
2025-02-05 13:00:00+00:00,27.03039746
2025-02-05 14:00:00+00:00,26.68865472
2025-02-05 15:00:00+00:00,26.55840175
2025-02-05 16:00:00+00:00,26.2222698
2025-02-05 17:00:00+00:00,25.7295882
2025-02-05 18:00:00+00:00,25.83360273
2025-02-05 19:00:00+00:00,26.16554594
2025-02-05 20:00:00+00:00,25.94885778
2025-02-05 21:00:00+00:00,25.94336403
2025-02-05 22:00:00+00:00,25.75369333
2025-02-05 23:00:00+00:00,25.84330385
2025-02-06 00:00:00+00:00,25.8498907
2025-02-06 01:00:00+00:00,26.05307111
2025-02-06 02:00:00+00:00,26.17203045
2025-02-06 03:00:00+00:00,26.1601353
2025-02-06 04:00:00+00:00,26.31887397
2025-02-06 05:00:00+00:00,26.38254147
2025-02-06 06:00:00+00:00,26.80111139
2025-02-06 07:00:00+00:00,26.52595334
2025-02-06 08:00:00+00:00,26.34033212
2025-02-06 09:00:00+00:00,26.74094705
2025-02-06 10:00:00+00:00,26.7094508
2025-02-06 11:00:00+00:00,26.44286457
2025-02-06 12:00:00+00:00,26.02369013
2025-02-06 13:00:00+00:00,26.25280685
2025-02-06 14:00:00+00:00,25.5609233
2025-02-06 15:00:00+00:00,24.98596644
2025-02-06 16:00:00+00:00,24.83133864
2025-02-06 17:00:00+00:00,24.78928467
2025-02-06 18:00:00+00:00,24.66676957
2025-02-06 19:00:00+00:00,24.65219396
2025-02-06 20:00:00+00:00,25.03157749
2025-02-06 21:00:00+00:00,24.82293347
2025-02-06 22:00:00+00:00,24.70071653
2025-02-06 23:00:00+00:00,24.50525611
2025-02-07 00:00:00+00:00,24.59821382
2025-02-07 01:00:00+00:00,25.03280847
2025-02-07 02:00:00+00:00,25.17523556
2025-02-07 03:00:00+00:00,24.96246415
2025-02-07 04:00:00+00:00,25.03102937
2025-02-07 05:00:00+00:00,24.94590086
2025-02-07 06:00:00+00:00,24.66577926
2025-02-07 07:00:00+00:00,24.82107757
2025-02-07 08:00:00+00:00,25.01473445
2025-02-07 09:00:00+00:00,25.41109817
2025-02-07 10:00:00+00:00,25.27578571
2025-02-07 11:00:00+00:00,25.50543058
2025-02-07 12:00:00+00:00,25.35063661
2025-02-07 13:00:00+00:00,25.84004797
2025-02-07 14:00:00+00:00,26.05150079
2025-02-07 15:00:00+00:00,25.43697901
2025-02-07 16:00:00+00:00,25.08908412
2025-02-07 17:00:00+00:00,24.82834153
2025-02-07 18:00:00+00:00,25.14310783
2025-02-07 19:00:00+00:00,24.85960142
2025-02-07 20:00:00+00:00,23.8990731
2025-02-07 21:00:00+00:00,23.93479308
2025-02-07 22:00:00+00:00,23.97317451
2025-02-07 23:00:00+00:00,24.45912341
2025-02-08 00:00:00+00:00,24.62841128
2025-02-08 01:00:00+00:00,24.36523825
2025-02-08 02:00:00+00:00,24.35883632
2025-02-08 03:00:00+00:00,24.28563894
2025-02-08 04:00:00+00:00,24.15210567
2025-02-08 05:00:00+00:00,24.1238245
2025-02-08 06:00:00+00:00,24.10409805
2025-02-08 07:00:00+00:00,24.35105516
2025-02-08 08:00:00+00:00,24.068459
2025-02-08 09:00:00+00:00,24.16855078
2025-02-08 10:00:00+00:00,24.00437451
2025-02-08 11:00:00+00:00,24.13510991
2025-02-08 12:00:00+00:00,24.02631124
2025-02-08 13:00:00+00:00,24.30070121
2025-02-08 14:00:00+00:00,24.31904236
2025-02-08 15:00:00+00:00,24.22658374
2025-02-08 16:00:00+00:00,24.38008932
2025-02-08 17:00:00+00:00,24.55063749
2025-02-08 18:00:00+00:00,24.54787924
2025-02-08 19:00:00+00:00,24.5801818
2025-02-08 20:00:00+00:00,24.49102868
2025-02-08 21:00:00+00:00,24.52504781
2025-02-08 22:00:00+00:00,24.44432654
2025-02-08 23:00:00+00:00,24.58176171
2025-02-09 00:00:00+00:00,24.62536103
2025-02-09 01:00:00+00:00,24.70808248
2025-02-09 02:00:00+00:00,24.60212018
2025-02-09 03:00:00+00:00,25.24106888
2025-02-09 04:00:00+00:00,25.04298968
2025-02-09 05:00:00+00:00,25.09141339
2025-02-09 06:00:00+00:00,25.20157278
2025-02-09 07:00:00+00:00,25.32998706
2025-02-09 08:00:00+00:00,25.47846584
2025-02-09 09:00:00+00:00,25.17047023
2025-02-09 10:00:00+00:00,25.20401049
2025-02-09 11:00:00+00:00,24.96472611
2025-02-09 12:00:00+00:00,24.96516646
2025-02-09 13:00:00+00:00,24.56300603
2025-02-09 14:00:00+00:00,24.78132592
2025-02-09 15:00:00+00:00,25.10707198
2025-02-09 16:00:00+00:00,25.1808862
2025-02-09 17:00:00+00:00,24.86236282
2025-02-09 18:00:00+00:00,24.88298136
2025-02-09 19:00:00+00:00,24.68115463
2025-02-09 20:00:00+00:00,24.92497566
2025-02-09 21:00:00+00:00,23.91113298
2025-02-09 22:00:00+00:00,24.58389137
2025-02-09 23:00:00+00:00,24.87415399
2025-02-10 00:00:00+00:00,25.04802149
2025-02-10 01:00:00+00:00,24.1918252
2025-02-10 02:00:00+00:00,24.17486963
2025-02-10 03:00:00+00:00,24.8395588
2025-02-10 04:00:00+00:00,25.03949865
2025-02-10 05:00:00+00:00,25.13906163
2025-02-10 06:00:00+00:00,25.21186268
2025-02-10 07:00:00+00:00,25.39947385
2025-02-10 08:00:00+00:00,25.72070047
2025-02-10 09:00:00+00:00,25.48236153
2025-02-10 10:00:00+00:00,25.37756171
2025-02-10 11:00:00+00:00,25.43609335
2025-02-10 12:00:00+00:00,25.30164742
2025-02-10 13:00:00+00:00,25.88547408
2025-02-10 14:00:00+00:00,25.50934138
2025-02-10 15:00:00+00:00,25.42386181
2025-02-10 16:00:00+00:00,25.53637763
2025-02-10 17:00:00+00:00,25.55526043
2025-02-10 18:00:00+00:00,25.55984852
2025-02-10 19:00:00+00:00,25.45120634
2025-02-10 20:00:00+00:00,25.57648127
2025-02-10 21:00:00+00:00,25.48714542
2025-02-10 22:00:00+00:00,25.54001454
2025-02-10 23:00:00+00:00,25.66837905
2025-02-11 00:00:00+00:00,26.15978591
2025-02-11 01:00:00+00:00,26.14623438
2025-02-11 02:00:00+00:00,26.15012697
2025-02-11 03:00:00+00:00,26.31144858
2025-02-11 04:00:00+00:00,26.54462328
2025-02-11 05:00:00+00:00,26.76584663
2025-02-11 06:00:00+00:00,26.732047
2025-02-11 07:00:00+00:00,26.6982545
2025-02-11 08:00:00+00:00,26.94691084
2025-02-11 09:00:00+00:00,26.64619314
2025-02-11 10:00:00+00:00,26.43034831
2025-02-11 11:00:00+00:00,26.50826913
2025-02-11 12:00:00+00:00,26.41292809
2025-02-11 13:00:00+00:00,25.92365231
2025-02-11 14:00:00+00:00,26.30685917
2025-02-11 15:00:00+00:00,26.14284199
2025-02-11 16:00:00+00:00,25.89636418
2025-02-11 17:00:00+00:00,25.50205874
2025-02-11 18:00:00+00:00,25.20592824
2025-02-11 19:00:00+00:00,25.05859932
2025-02-11 20:00:00+00:00,25.30992943
2025-02-11 21:00:00+00:00,25.42391167
2025-02-11 22:00:00+00:00,25.19981728
2025-02-11 23:00:00+00:00,25.39398476
2025-02-12 00:00:00+00:00,25.53649707
2025-02-12 01:00:00+00:00,25.50703195
2025-02-12 02:00:00+00:00,25.20010897
2025-02-12 03:00:00+00:00,25.20211945
2025-02-12 04:00:00+00:00,25.07374707
2025-02-12 05:00:00+00:00,25.21973091
2025-02-12 06:00:00+00:00,24.96356458
2025-02-12 07:00:00+00:00,25.1373843
2025-02-12 08:00:00+00:00,25.18238612
2025-02-12 09:00:00+00:00,25.12536601
2025-02-12 10:00:00+00:00,25.05810188
2025-02-12 11:00:00+00:00,25.24387725
2025-02-12 12:00:00+00:00,25.2696342
2025-02-12 13:00:00+00:00,24.78591228
2025-02-12 14:00:00+00:00,25.01070519
2025-02-12 15:00:00+00:00,25.02742393
2025-02-12 16:00:00+00:00,25.51531364
2025-02-12 17:00:00+00:00,25.68340105
2025-02-12 18:00:00+00:00,25.65829798
2025-02-12 19:00:00+00:00,26.01128505
2025-02-12 20:00:00+00:00,26.16924385
2025-02-12 21:00:00+00:00,26.31543158
2025-02-12 22:00:00+00:00,26.62999241
2025-02-12 23:00:00+00:00,26.48949672
2025-02-13 00:00:00+00:00,26.41140239
2025-02-13 01:00:00+00:00,26.53224613
2025-02-13 02:00:00+00:00,26.25157508
2025-02-13 03:00:00+00:00,26.40204444
2025-02-13 04:00:00+00:00,25.99007569
2025-02-13 05:00:00+00:00,25.97323149
2025-02-13 06:00:00+00:00,25.60970667
2025-02-13 07:00:00+00:00,25.52024475
2025-02-13 08:00:00+00:00,25.47051913
2025-02-13 09:00:00+00:00,25.70799248
2025-02-13 10:00:00+00:00,25.79330256
2025-02-13 11:00:00+00:00,25.61862043
2025-02-13 12:00:00+00:00,25.4520636
2025-02-13 13:00:00+00:00,25.48360041
2025-02-13 14:00:00+00:00,25.33675106
2025-02-13 15:00:00+00:00,25.49106561
2025-02-13 16:00:00+00:00,25.21895227
2025-02-13 17:00:00+00:00,25.23756126
2025-02-13 18:00:00+00:00,25.54879478
2025-02-13 19:00:00+00:00,25.5063945
2025-02-13 20:00:00+00:00,25.4081861
2025-02-13 21:00:00+00:00,25.43933764
2025-02-13 22:00:00+00:00,25.34759239
2025-02-13 23:00:00+00:00,25.39177802
2025-02-14 00:00:00+00:00,25.52766855
2025-02-14 01:00:00+00:00,25.59933842
2025-02-14 02:00:00+00:00,25.69939949
2025-02-14 03:00:00+00:00,25.96947561
2025-02-14 04:00:00+00:00,25.72732494
2025-02-14 05:00:00+00:00,25.6844848
2025-02-14 06:00:00+00:00,25.68599491
2025-02-14 07:00:00+00:00,25.70289024
2025-02-14 08:00:00+00:00,25.89420721
2025-02-14 09:00:00+00:00,26.30071557
2025-02-14 10:00:00+00:00,26.12747371
2025-02-14 11:00:00+00:00,26.0732085
2025-02-14 12:00:00+00:00,25.93209136
2025-02-14 13:00:00+00:00,26.17278654
2025-02-14 14:00:00+00:00,26.53902332
2025-02-14 15:00:00+00:00,26.56715043
2025-02-14 16:00:00+00:00,26.86729049
2025-02-14 17:00:00+00:00,27.03114607
2025-02-14 18:00:00+00:00,26.83230997
2025-02-14 19:00:00+00:00,26.58945835
2025-02-14 20:00:00+00:00,26.21141061
2025-02-14 21:00:00+00:00,26.46848945
2025-02-14 22:00:00+00:00,26.16024911
2025-02-14 23:00:00+00:00,26.38778716
2025-02-15 00:00:00+00:00,26.41602112
2025-02-15 01:00:00+00:00,26.77829201
2025-02-15 02:00:00+00:00,26.90059306
2025-02-15 03:00:00+00:00,26.70339582
2025-02-15 04:00:00+00:00,26.69287738
2025-02-15 05:00:00+00:00,26.63959477
2025-02-15 06:00:00+00:00,26.41681002
2025-02-15 07:00:00+00:00,26.4018786
2025-02-15 08:00:00+00:00,26.39049607
2025-02-15 09:00:00+00:00,26.23032088
2025-02-15 10:00:00+00:00,26.22067616
2025-02-15 11:00:00+00:00,26.08859065
2025-02-15 12:00:00+00:00,26.122363
2025-02-15 13:00:00+00:00,26.00315037
2025-02-15 14:00:00+00:00,25.68563845
2025-02-15 15:00:00+00:00,25.67940047
2025-02-15 16:00:00+00:00,25.70867504
2025-02-15 17:00:00+00:00,25.66975033
2025-02-15 18:00:00+00:00,25.81096294
2025-02-15 19:00:00+00:00,25.56577436
2025-02-15 20:00:00+00:00,25.56955095
2025-02-15 21:00:00+00:00,25.63370346
2025-02-15 22:00:00+00:00,25.50655736
2025-02-15 23:00:00+00:00,25.48209752
2025-02-16 00:00:00+00:00,25.41423602
2025-02-16 01:00:00+00:00,25.42670951
2025-02-16 02:00:00+00:00,25.22411557
2025-02-16 03:00:00+00:00,25.44079909
2025-02-16 04:00:00+00:00,25.4831663
2025-02-16 05:00:00+00:00,25.43126991
2025-02-16 06:00:00+00:00,25.41858757
2025-02-16 07:00:00+00:00,25.21048076
2025-02-16 08:00:00+00:00,25.28845913
2025-02-16 09:00:00+00:00,25.40067515
2025-02-16 10:00:00+00:00,25.30868059
2025-02-16 11:00:00+00:00,25.4615479
2025-02-16 12:00:00+00:00,25.29315879
2025-02-16 13:00:00+00:00,25.0879907
2025-02-16 14:00:00+00:00,25.16038354
2025-02-16 15:00:00+00:00,25.14605465
2025-02-16 16:00:00+00:00,25.11641434
2025-02-16 17:00:00+00:00,25.00339472
2025-02-16 18:00:00+00:00,24.92932956
2025-02-16 19:00:00+00:00,24.96088679
2025-02-16 20:00:00+00:00,24.84300249
2025-02-16 21:00:00+00:00,25.06080463
2025-02-16 22:00:00+00:00,24.99959051
2025-02-16 23:00:00+00:00,24.85338535
2025-02-17 00:00:00+00:00,25.02494162
2025-02-17 01:00:00+00:00,25.15121391
2025-02-17 02:00:00+00:00,25.02555543
2025-02-17 03:00:00+00:00,25.01998975
2025-02-17 04:00:00+00:00,24.83036625
2025-02-17 05:00:00+00:00,24.92631965
2025-02-17 06:00:00+00:00,25.04843001
2025-02-17 07:00:00+00:00,24.93376482
2025-02-17 08:00:00+00:00,25.18081234
2025-02-17 09:00:00+00:00,25.35040652
2025-02-17 10:00:00+00:00,25.30804121
2025-02-17 11:00:00+00:00,25.40354325
2025-02-17 12:00:00+00:00,25.56849173
2025-02-17 13:00:00+00:00,25.56863583
2025-02-17 14:00:00+00:00,25.82401096
2025-02-17 15:00:00+00:00,25.14377654
2025-02-17 16:00:00+00:00,24.79844209
2025-02-17 17:00:00+00:00,24.8822753
2025-02-17 18:00:00+00:00,24.54128791
2025-02-17 19:00:00+00:00,24.81289436
2025-02-17 20:00:00+00:00,24.90892304
2025-02-17 21:00:00+00:00,25.42401831
2025-02-17 22:00:00+00:00,25.01119036
2025-02-17 23:00:00+00:00,25.03142961
2025-02-18 00:00:00+00:00,24.84620933
2025-02-18 01:00:00+00:00,24.93320509
2025-02-18 02:00:00+00:00,24.74346973
2025-02-18 03:00:00+00:00,24.76241413
2025-02-18 04:00:00+00:00,24.55112865
2025-02-18 05:00:00+00:00,24.10809104
2025-02-18 06:00:00+00:00,23.9299809
2025-02-18 07:00:00+00:00,23.98572628
2025-02-18 08:00:00+00:00,23.78980391
2025-02-18 09:00:00+00:00,24.20594953
2025-02-18 10:00:00+00:00,24.0343087
2025-02-18 11:00:00+00:00,23.9698007
2025-02-18 12:00:00+00:00,24.15052452
2025-02-18 13:00:00+00:00,24.08474931
2025-02-18 14:00:00+00:00,23.81955822
2025-02-18 15:00:00+00:00,23.44077586
2025-02-18 16:00:00+00:00,23.12201432
2025-02-18 17:00:00+00:00,23.18110441
2025-02-18 18:00:00+00:00,23.17851814
2025-02-18 19:00:00+00:00,23.15569545
2025-02-18 20:00:00+00:00,23.0548102
2025-02-18 21:00:00+00:00,23.29133514
2025-02-18 22:00:00+00:00,23.32399656
2025-02-18 23:00:00+00:00,23.52110832
2025-02-19 00:00:00+00:00,23.33784344
2025-02-19 01:00:00+00:00,23.18977753
2025-02-19 02:00:00+00:00,23.52586369
2025-02-19 03:00:00+00:00,23.53396165
2025-02-19 04:00:00+00:00,23.04400315
2025-02-19 05:00:00+00:00,23.27160018
2025-02-19 06:00:00+00:00,23.45049392
2025-02-19 07:00:00+00:00,23.73502614
2025-02-19 08:00:00+00:00,23.66411725
2025-02-19 09:00:00+00:00,23.76242164
2025-02-19 10:00:00+00:00,23.92226155
2025-02-19 11:00:00+00:00,24.00698675
2025-02-19 12:00:00+00:00,23.66021498
2025-02-19 13:00:00+00:00,23.78385944
2025-02-19 14:00:00+00:00,23.49028732
2025-02-19 15:00:00+00:00,23.49094775
2025-02-19 16:00:00+00:00,23.83069988
2025-02-19 17:00:00+00:00,23.75572795
2025-02-19 18:00:00+00:00,23.54797118
2025-02-19 19:00:00+00:00,23.66639577
2025-02-19 20:00:00+00:00,23.62422537
2025-02-19 21:00:00+00:00,23.4959276
2025-02-19 22:00:00+00:00,23.7293781
2025-02-19 23:00:00+00:00,23.74158723
2025-02-20 00:00:00+00:00,24.00661798
2025-02-20 01:00:00+00:00,23.81924569
2025-02-20 02:00:00+00:00,24.15245768
2025-02-20 03:00:00+00:00,24.23861664
2025-02-20 04:00:00+00:00,24.34819404
2025-02-20 05:00:00+00:00,24.1908146
2025-02-20 06:00:00+00:00,23.98541979
2025-02-20 07:00:00+00:00,23.9814131
2025-02-20 08:00:00+00:00,24.17218671
2025-02-20 09:00:00+00:00,24.18787839
2025-02-20 10:00:00+00:00,24.527557
2025-02-20 11:00:00+00:00,24.546321
2025-02-20 12:00:00+00:00,24.58820364
2025-02-20 13:00:00+00:00,24.65003171
2025-02-20 14:00:00+00:00,24.50475975
2025-02-20 15:00:00+00:00,24.25138735
2025-02-20 16:00:00+00:00,24.46580499
2025-02-20 17:00:00+00:00,24.79246408
2025-02-20 18:00:00+00:00,25.01473733
2025-02-20 19:00:00+00:00,25.19239247
2025-02-20 20:00:00+00:00,25.14034608
2025-02-20 21:00:00+00:00,25.01998536
2025-02-20 22:00:00+00:00,24.99753961
2025-02-20 23:00:00+00:00,25.15052099
2025-02-21 00:00:00+00:00,25.01918578
2025-02-21 01:00:00+00:00,24.91958643
2025-02-21 02:00:00+00:00,24.79989721
2025-02-21 03:00:00+00:00,24.85196591
2025-02-21 04:00:00+00:00,25.09119811
2025-02-21 05:00:00+00:00,25.09776769
2025-02-21 06:00:00+00:00,25.18997938
2025-02-21 07:00:00+00:00,25.15998073
2025-02-21 08:00:00+00:00,25.50232498
2025-02-21 09:00:00+00:00,25.5018649
2025-02-21 10:00:00+00:00,25.78430945
2025-02-21 11:00:00+00:00,25.66076468
2025-02-21 12:00:00+00:00,25.94899937
2025-02-21 13:00:00+00:00,26.42610376
2025-02-21 14:00:00+00:00,26.17754353
2025-02-21 15:00:00+00:00,25.46297485
2025-02-21 16:00:00+00:00,25.4984723
2025-02-21 17:00:00+00:00,24.60126805
2025-02-21 18:00:00+00:00,24.68791569
2025-02-21 19:00:00+00:00,23.91190937
2025-02-21 20:00:00+00:00,24.10454574
2025-02-21 21:00:00+00:00,24.1262827
2025-02-21 22:00:00+00:00,24.66467019
2025-02-21 23:00:00+00:00,24.54810748
2025-02-22 00:00:00+00:00,25.07499093
2025-02-22 01:00:00+00:00,25.14153675
2025-02-22 02:00:00+00:00,24.96123371
2025-02-22 03:00:00+00:00,25.12457948
2025-02-22 04:00:00+00:00,25.28212957
2025-02-22 05:00:00+00:00,25.03474785
2025-02-22 06:00:00+00:00,24.9429524
2025-02-22 07:00:00+00:00,24.91571536
2025-02-22 08:00:00+00:00,24.92871895
2025-02-22 09:00:00+00:00,25.21187315
2025-02-22 10:00:00+00:00,25.25230014
2025-02-22 11:00:00+00:00,25.26902551
2025-02-22 12:00:00+00:00,25.64320724
2025-02-22 13:00:00+00:00,25.73058521
2025-02-22 14:00:00+00:00,25.5759277
2025-02-22 15:00:00+00:00,25.83060352
2025-02-22 16:00:00+00:00,25.7436958
2025-02-22 17:00:00+00:00,26.20499228
2025-02-22 18:00:00+00:00,26.05116897
2025-02-22 19:00:00+00:00,26.03049074
2025-02-22 20:00:00+00:00,25.81423386
2025-02-22 21:00:00+00:00,25.94732273
2025-02-22 22:00:00+00:00,25.82341297
2025-02-22 23:00:00+00:00,25.83160434
2025-02-23 00:00:00+00:00,25.95598575
2025-02-23 01:00:00+00:00,25.72888037
2025-02-23 02:00:00+00:00,25.65125845
2025-02-23 03:00:00+00:00,25.69093808
2025-02-23 04:00:00+00:00,25.59027085
2025-02-23 05:00:00+00:00,25.53404681
2025-02-23 06:00:00+00:00,25.60249461
2025-02-23 07:00:00+00:00,25.84509553
2025-02-23 08:00:00+00:00,25.59038139
2025-02-23 09:00:00+00:00,25.40759396
2025-02-23 10:00:00+00:00,25.42642948
2025-02-23 11:00:00+00:00,25.13219945
2025-02-23 12:00:00+00:00,24.97282007
2025-02-23 13:00:00+00:00,25.12907199
2025-02-23 14:00:00+00:00,24.77464037
2025-02-23 15:00:00+00:00,24.55033288
2025-02-23 16:00:00+00:00,24.42813322
2025-02-23 17:00:00+00:00,24.6454926
2025-02-23 18:00:00+00:00,24.53982252
2025-02-23 19:00:00+00:00,24.50265223
2025-02-23 20:00:00+00:00,24.67127976
2025-02-23 21:00:00+00:00,24.73215957
2025-02-23 22:00:00+00:00,24.64297166
2025-02-23 23:00:00+00:00,24.85130281
2025-02-24 00:00:00+00:00,24.9797532
2025-02-24 01:00:00+00:00,24.45692509
2025-02-24 02:00:00+00:00,24.32690176
2025-02-24 03:00:00+00:00,24.01317918
2025-02-24 04:00:00+00:00,23.90030064
2025-02-24 05:00:00+00:00,24.12201279
2025-02-24 06:00:00+00:00,24.10725
2025-02-24 07:00:00+00:00,23.97854904
2025-02-24 08:00:00+00:00,23.61032951
2025-02-24 09:00:00+00:00,23.82330381
2025-02-24 10:00:00+00:00,23.68620883
2025-02-24 11:00:00+00:00,23.83412247
2025-02-24 12:00:00+00:00,23.6882514
2025-02-24 13:00:00+00:00,23.62960211
2025-02-24 14:00:00+00:00,23.14121479
2025-02-24 15:00:00+00:00,23.14180316
2025-02-24 16:00:00+00:00,23.1933414
2025-02-24 17:00:00+00:00,23.32139756
2025-02-24 18:00:00+00:00,23.10562355
2025-02-24 19:00:00+00:00,22.91012508
2025-02-24 20:00:00+00:00,22.99742903
2025-02-24 21:00:00+00:00,22.85211807
2025-02-24 22:00:00+00:00,21.73039335
2025-02-24 23:00:00+00:00,21.88062685
2025-02-25 00:00:00+00:00,21.66742429
2025-02-25 01:00:00+00:00,21.6465031
2025-02-25 02:00:00+00:00,21.95796071
2025-02-25 03:00:00+00:00,21.64840761
2025-02-25 04:00:00+00:00,21.62248705
2025-02-25 05:00:00+00:00,21.88472215
2025-02-25 06:00:00+00:00,21.47792759
2025-02-25 07:00:00+00:00,20.88320131
2025-02-25 08:00:00+00:00,21.15536223
2025-02-25 09:00:00+00:00,20.75045352
2025-02-25 10:00:00+00:00,20.99134161
2025-02-25 11:00:00+00:00,21.42100498
2025-02-25 12:00:00+00:00,21.48648657
2025-02-25 13:00:00+00:00,21.21860507
2025-02-25 14:00:00+00:00,20.743978
2025-02-25 15:00:00+00:00,20.98601142
2025-02-25 16:00:00+00:00,21.24687652
2025-02-25 17:00:00+00:00,21.26861916
2025-02-25 18:00:00+00:00,21.31265607
2025-02-25 19:00:00+00:00,21.79380049
2025-02-25 20:00:00+00:00,22.06785096
2025-02-25 21:00:00+00:00,22.12981735
2025-02-25 22:00:00+00:00,22.0849947
2025-02-25 23:00:00+00:00,21.94402155
2025-02-26 00:00:00+00:00,21.65292697
2025-02-26 01:00:00+00:00,21.95443392
2025-02-26 02:00:00+00:00,22.21641221
2025-02-26 03:00:00+00:00,22.21502554
2025-02-26 04:00:00+00:00,22.09753269
2025-02-26 05:00:00+00:00,21.93600135
2025-02-26 06:00:00+00:00,22.28765345
2025-02-26 07:00:00+00:00,22.17882228
2025-02-26 08:00:00+00:00,22.09443984
2025-02-26 09:00:00+00:00,22.49676092
2025-02-26 10:00:00+00:00,22.38390566
2025-02-26 11:00:00+00:00,22.17617543
2025-02-26 12:00:00+00:00,21.72263103
2025-02-26 13:00:00+00:00,21.76282908
2025-02-26 14:00:00+00:00,22.12080158
2025-02-26 15:00:00+00:00,22.25979923
2025-02-26 16:00:00+00:00,22.21778245
2025-02-26 17:00:00+00:00,21.74877626
2025-02-26 18:00:00+00:00,21.16110571
2025-02-26 19:00:00+00:00,21.22912917
2025-02-26 20:00:00+00:00,21.73101398
2025-02-26 21:00:00+00:00,21.85815775
2025-02-26 22:00:00+00:00,21.97955067
2025-02-26 23:00:00+00:00,21.87246593
2025-02-27 00:00:00+00:00,21.91383184
2025-02-27 01:00:00+00:00,22.14413771
2025-02-27 02:00:00+00:00,22.03094182
2025-02-27 03:00:00+00:00,22.33948795
2025-02-27 04:00:00+00:00,22.32288055
2025-02-27 05:00:00+00:00,22.55187539
2025-02-27 06:00:00+00:00,22.7936232
2025-02-27 07:00:00+00:00,23.00787761
2025-02-27 08:00:00+00:00,22.90537322
2025-02-27 09:00:00+00:00,23.07268301
2025-02-27 10:00:00+00:00,23.32295794
2025-02-27 11:00:00+00:00,23.02916911
2025-02-27 12:00:00+00:00,23.05573171
2025-02-27 13:00:00+00:00,23.07762895
2025-02-27 14:00:00+00:00,22.71148604
2025-02-27 15:00:00+00:00,22.78533213
2025-02-27 16:00:00+00:00,22.52428126
2025-02-27 17:00:00+00:00,22.53997048
2025-02-27 18:00:00+00:00,22.65756104
2025-02-27 19:00:00+00:00,22.33135346
2025-02-27 20:00:00+00:00,22.15092181
2025-02-27 21:00:00+00:00,22.58070167
2025-02-27 22:00:00+00:00,22.47926943
2025-02-27 23:00:00+00:00,22.52218282
2025-02-28 00:00:00+00:00,22.0898039
2025-02-28 01:00:00+00:00,21.14430268
2025-02-28 02:00:00+00:00,21.04748283
2025-02-28 03:00:00+00:00,20.57896962
2025-02-28 04:00:00+00:00,20.58595386
2025-02-28 05:00:00+00:00,20.53975772
2025-02-28 06:00:00+00:00,20.49609043
2025-02-28 07:00:00+00:00,20.62588323
2025-02-28 08:00:00+00:00,20.98880658
2025-02-28 09:00:00+00:00,21.42836712
2025-02-28 10:00:00+00:00,20.9104811
2025-02-28 11:00:00+00:00,20.9616672
2025-02-28 12:00:00+00:00,21.01826868
2025-02-28 13:00:00+00:00,21.2234169
2025-02-28 14:00:00+00:00,21.42459284
2025-02-28 15:00:00+00:00,21.73498718
2025-02-28 16:00:00+00:00,21.87756118
2025-02-28 17:00:00+00:00,21.81017944
2025-02-28 18:00:00+00:00,22.13608598
2025-02-28 19:00:00+00:00,22.11517631
2025-02-28 20:00:00+00:00,21.99328444
2025-02-28 21:00:00+00:00,22.16888936
2025-02-28 22:00:00+00:00,22.05247342
2025-02-28 23:00:00+00:00,22.37253431
2025-03-01 00:00:00+00:00,22.04320791
2025-03-01 01:00:00+00:00,22.46343547
2025-03-01 02:00:00+00:00,22.23803838
2025-03-01 03:00:00+00:00,22.22372595
2025-03-01 04:00:00+00:00,22.34518761
2025-03-01 05:00:00+00:00,22.20830259
2025-03-01 06:00:00+00:00,22.05153057
2025-03-01 07:00:00+00:00,21.88911562
2025-03-01 08:00:00+00:00,21.88510475
2025-03-01 09:00:00+00:00,21.92447953
2025-03-01 10:00:00+00:00,21.66610916
2025-03-01 11:00:00+00:00,21.47545716
2025-03-01 12:00:00+00:00,21.44247165
2025-03-01 13:00:00+00:00,21.1613338
2025-03-01 14:00:00+00:00,21.27114743
2025-03-01 15:00:00+00:00,21.30760895
2025-03-01 16:00:00+00:00,21.50513231
2025-03-01 17:00:00+00:00,21.38532417
2025-03-01 18:00:00+00:00,21.5117813
2025-03-01 19:00:00+00:00,21.69386859
2025-03-01 20:00:00+00:00,21.64939256
2025-03-01 21:00:00+00:00,21.98934284
2025-03-01 22:00:00+00:00,21.89002019
2025-03-01 23:00:00+00:00,21.86274492
2025-03-02 00:00:00+00:00,21.84584474
2025-03-02 01:00:00+00:00,21.84995973
2025-03-02 02:00:00+00:00,21.83416646
2025-03-02 03:00:00+00:00,21.83913395
2025-03-02 04:00:00+00:00,21.95101953
2025-03-02 05:00:00+00:00,21.91468015
2025-03-02 06:00:00+00:00,21.94594171
2025-03-02 07:00:00+00:00,21.89388184
2025-03-02 08:00:00+00:00,21.81822926
2025-03-02 09:00:00+00:00,22.02368862
2025-03-02 10:00:00+00:00,22.00831731
2025-03-02 11:00:00+00:00,22.06895128
2025-03-02 12:00:00+00:00,21.98972296
2025-03-02 13:00:00+00:00,22.00082563
2025-03-02 14:00:00+00:00,21.70012941
2025-03-02 15:00:00+00:00,22.50787427
2025-03-02 16:00:00+00:00,24.24823419
2025-03-02 17:00:00+00:00,24.56567028
2025-03-02 18:00:00+00:00,24.31752655
2025-03-02 19:00:00+00:00,24.6796743
2025-03-02 20:00:00+00:00,24.67112277
2025-03-02 21:00:00+00:00,24.76937322
2025-03-02 22:00:00+00:00,24.63711156
2025-03-02 23:00:00+00:00,24.95850508
2025-03-03 00:00:00+00:00,24.78310462
2025-03-03 01:00:00+00:00,24.30219614
2025-03-03 02:00:00+00:00,24.3977789
2025-03-03 03:00:00+00:00,24.53119753
2025-03-03 04:00:00+00:00,24.60861776
2025-03-03 05:00:00+00:00,24.52550899
2025-03-03 06:00:00+00:00,23.64627435
2025-03-03 07:00:00+00:00,23.83104966
2025-03-03 08:00:00+00:00,23.23014783
2025-03-03 09:00:00+00:00,23.37940333
2025-03-03 10:00:00+00:00,23.65461399
2025-03-03 11:00:00+00:00,23.5004392
2025-03-03 12:00:00+00:00,23.59496089
2025-03-03 13:00:00+00:00,23.85949516
2025-03-03 14:00:00+00:00,23.00696311
2025-03-03 15:00:00+00:00,23.24443489
2025-03-03 16:00:00+00:00,23.33243735
2025-03-03 17:00:00+00:00,23.03249057
2025-03-03 18:00:00+00:00,22.05375792
2025-03-03 19:00:00+00:00,20.95113115
2025-03-03 20:00:00+00:00,21.27545803
2025-03-03 21:00:00+00:00,20.64837706
2025-03-03 22:00:00+00:00,21.05752224
2025-03-03 23:00:00+00:00,20.94787987
2025-03-04 00:00:00+00:00,20.74950906
2025-03-04 01:00:00+00:00,20.15633239
2025-03-04 02:00:00+00:00,19.91286746
2025-03-04 03:00:00+00:00,19.83184197
2025-03-04 04:00:00+00:00,19.88085776
2025-03-04 05:00:00+00:00,20.17026977
2025-03-04 06:00:00+00:00,20.04625674
2025-03-04 07:00:00+00:00,20.04549409
2025-03-04 08:00:00+00:00,20.1989785
2025-03-04 09:00:00+00:00,19.82945023
2025-03-04 10:00:00+00:00,19.94802956
2025-03-04 11:00:00+00:00,19.91109487
2025-03-04 12:00:00+00:00,19.97160401
2025-03-04 13:00:00+00:00,19.57481539
2025-03-04 14:00:00+00:00,19.74217165
2025-03-04 15:00:00+00:00,19.93153769
2025-03-04 16:00:00+00:00,19.58008525
2025-03-04 17:00:00+00:00,20.13998573
2025-03-04 18:00:00+00:00,20.17111939
2025-03-04 19:00:00+00:00,20.34171207
2025-03-04 20:00:00+00:00,19.88454257
2025-03-04 21:00:00+00:00,20.1417607
2025-03-04 22:00:00+00:00,20.00229619
2025-03-04 23:00:00+00:00,19.99856
2025-03-05 00:00:00+00:00,19.82386544
2025-03-05 01:00:00+00:00,20.10736848
2025-03-05 02:00:00+00:00,20.11735619
2025-03-05 03:00:00+00:00,19.77061491
2025-03-05 04:00:00+00:00,19.84737965
2025-03-05 05:00:00+00:00,19.93566838
2025-03-05 06:00:00+00:00,20.10891866
2025-03-05 07:00:00+00:00,20.15299777
2025-03-05 08:00:00+00:00,20.45242081
2025-03-05 09:00:00+00:00,20.7483373
2025-03-05 10:00:00+00:00,21.18797499
2025-03-05 11:00:00+00:00,20.98950142
2025-03-05 12:00:00+00:00,21.03471735
2025-03-05 13:00:00+00:00,20.89400035
2025-03-05 14:00:00+00:00,20.59057614
2025-03-05 15:00:00+00:00,20.39567553
2025-03-05 16:00:00+00:00,20.45423229
2025-03-05 17:00:00+00:00,20.62532083
2025-03-05 18:00:00+00:00,20.70921595
2025-03-05 19:00:00+00:00,21.24822403
2025-03-05 20:00:00+00:00,21.69351236
2025-03-05 21:00:00+00:00,21.75577742
2025-03-05 22:00:00+00:00,21.59169992
2025-03-05 23:00:00+00:00,21.72917626
2025-03-06 00:00:00+00:00,21.67552006
2025-03-06 01:00:00+00:00,21.66781053
2025-03-06 02:00:00+00:00,22.0919308
2025-03-06 03:00:00+00:00,22.3740394
2025-03-06 04:00:00+00:00,22.41784143
2025-03-06 05:00:00+00:00,22.31068637
2025-03-06 06:00:00+00:00,21.93309415
2025-03-06 07:00:00+00:00,21.69237586
2025-03-06 08:00:00+00:00,21.94319853
2025-03-06 09:00:00+00:00,21.91364484
2025-03-06 10:00:00+00:00,22.13511686
2025-03-06 11:00:00+00:00,21.96241032
2025-03-06 12:00:00+00:00,21.65215846
2025-03-06 13:00:00+00:00,21.47249598
2025-03-06 14:00:00+00:00,21.47093926
2025-03-06 15:00:00+00:00,21.96687495
2025-03-06 16:00:00+00:00,21.50715051
2025-03-06 17:00:00+00:00,21.17654107
2025-03-06 18:00:00+00:00,21.09060227
2025-03-06 19:00:00+00:00,21.05856966
2025-03-06 20:00:00+00:00,21.11459314
2025-03-06 21:00:00+00:00,21.14314456
2025-03-06 22:00:00+00:00,21.19073767
2025-03-06 23:00:00+00:00,20.99417383
2025-03-07 00:00:00+00:00,19.80385556
2025-03-07 01:00:00+00:00,20.43943598
2025-03-07 02:00:00+00:00,20.35263858
2025-03-07 03:00:00+00:00,20.26023876
2025-03-07 04:00:00+00:00,20.35300422
2025-03-07 05:00:00+00:00,20.58052995
2025-03-07 06:00:00+00:00,20.63901139
2025-03-07 07:00:00+00:00,20.73405322
2025-03-07 08:00:00+00:00,20.52342584
2025-03-07 09:00:00+00:00,20.67231927
2025-03-07 10:00:00+00:00,20.78781948
2025-03-07 11:00:00+00:00,20.78173835
2025-03-07 12:00:00+00:00,20.56714886
2025-03-07 13:00:00+00:00,20.69719298
2025-03-07 14:00:00+00:00,20.86842629
2025-03-07 15:00:00+00:00,20.71955772
2025-03-07 16:00:00+00:00,20.19694649
2025-03-07 17:00:00+00:00,20.5154232
2025-03-07 18:00:00+00:00,21.06975632
2025-03-07 19:00:00+00:00,20.81727413
2025-03-07 20:00:00+00:00,20.67548827
2025-03-07 21:00:00+00:00,20.31016788
2025-03-07 22:00:00+00:00,20.28400055
2025-03-07 23:00:00+00:00,20.14006971
2025-03-08 00:00:00+00:00,20.20921628
2025-03-08 01:00:00+00:00,19.83024642
2025-03-08 02:00:00+00:00,19.85302957
2025-03-08 03:00:00+00:00,19.87300481
2025-03-08 04:00:00+00:00,20.03141319
2025-03-08 05:00:00+00:00,19.88194722
2025-03-08 06:00:00+00:00,19.87652062
2025-03-08 07:00:00+00:00,19.79576175
2025-03-08 08:00:00+00:00,19.7097789
2025-03-08 09:00:00+00:00,19.61051876
2025-03-08 10:00:00+00:00,19.71204026
2025-03-08 11:00:00+00:00,19.53034947
2025-03-08 12:00:00+00:00,19.74660651
2025-03-08 13:00:00+00:00,20.2052746
2025-03-08 14:00:00+00:00,20.40011534
2025-03-08 15:00:00+00:00,20.46872525
2025-03-08 16:00:00+00:00,20.60106751
2025-03-08 17:00:00+00:00,20.44116429
2025-03-08 18:00:00+00:00,20.57171985
2025-03-08 19:00:00+00:00,20.81979098
2025-03-08 20:00:00+00:00,20.77175457
2025-03-08 21:00:00+00:00,20.6191622
2025-03-08 22:00:00+00:00,20.56017461
2025-03-08 23:00:00+00:00,20.49048013
2025-03-09 00:00:00+00:00,20.57014104
2025-03-09 01:00:00+00:00,20.38830319
2025-03-09 02:00:00+00:00,20.27190092
2025-03-09 03:00:00+00:00,20.28382442
2025-03-09 04:00:00+00:00,20.33163379
2025-03-09 05:00:00+00:00,20.24037742
2025-03-09 06:00:00+00:00,20.07816634
2025-03-09 07:00:00+00:00,20.15071632
2025-03-09 08:00:00+00:00,19.97840473
2025-03-09 09:00:00+00:00,19.95803886
2025-03-09 10:00:00+00:00,19.65229007
2025-03-09 11:00:00+00:00,19.72596941
2025-03-09 12:00:00+00:00,19.6357138
2025-03-09 13:00:00+00:00,19.34842818
2025-03-09 14:00:00+00:00,19.3931472
2025-03-09 15:00:00+00:00,19.17902279
2025-03-09 16:00:00+00:00,18.76640089
2025-03-09 17:00:00+00:00,18.11266377
2025-03-09 18:00:00+00:00,18.06503909
2025-03-09 19:00:00+00:00,18.25495757
2025-03-09 20:00:00+00:00,18.34929466
2025-03-09 21:00:00+00:00,17.99054605
2025-03-09 22:00:00+00:00,17.94215753
2025-03-09 23:00:00+00:00,17.96610758
2025-03-10 00:00:00+00:00,18.17749525
2025-03-10 01:00:00+00:00,18.19545206
2025-03-10 02:00:00+00:00,18.27947643
2025-03-10 03:00:00+00:00,18.17321186
2025-03-10 04:00:00+00:00,18.43075981
2025-03-10 05:00:00+00:00,18.2535402
2025-03-10 06:00:00+00:00,18.28368598
2025-03-10 07:00:00+00:00,18.39846557
2025-03-10 08:00:00+00:00,18.09968996
2025-03-10 09:00:00+00:00,18.50346404
2025-03-10 10:00:00+00:00,18.49661034
2025-03-10 11:00:00+00:00,18.84405384
2025-03-10 12:00:00+00:00,18.83161657
2025-03-10 13:00:00+00:00,18.22499286
2025-03-10 14:00:00+00:00,17.54419342
2025-03-10 15:00:00+00:00,17.80011033
2025-03-10 16:00:00+00:00,17.41652841
2025-03-10 17:00:00+00:00,16.8477533
2025-03-10 18:00:00+00:00,16.25259243
2025-03-10 19:00:00+00:00,16.89463796
2025-03-10 20:00:00+00:00,16.70954147
2025-03-10 21:00:00+00:00,16.64441147
2025-03-10 22:00:00+00:00,16.48026114
2025-03-10 23:00:00+00:00,16.2538375
2025-03-11 00:00:00+00:00,15.63465773
2025-03-11 01:00:00+00:00,16.15323551
2025-03-11 02:00:00+00:00,16.43007356
2025-03-11 03:00:00+00:00,16.57695564
2025-03-11 04:00:00+00:00,16.65830534
2025-03-11 05:00:00+00:00,16.90908641
2025-03-11 06:00:00+00:00,16.78907838
2025-03-11 07:00:00+00:00,16.96813499
2025-03-11 08:00:00+00:00,17.14962058
2025-03-11 09:00:00+00:00,17.14926426
2025-03-11 10:00:00+00:00,17.25272393
2025-03-11 11:00:00+00:00,17.35893466
2025-03-11 12:00:00+00:00,17.04925628
2025-03-11 13:00:00+00:00,17.12804975
2025-03-11 14:00:00+00:00,16.64034547
2025-03-11 15:00:00+00:00,17.35400133
2025-03-11 16:00:00+00:00,17.37193927
2025-03-11 17:00:00+00:00,17.15617729
2025-03-11 18:00:00+00:00,17.7877053
2025-03-11 19:00:00+00:00,17.77139039
2025-03-11 20:00:00+00:00,17.64900841
2025-03-11 21:00:00+00:00,17.73715951
2025-03-11 22:00:00+00:00,17.79066538
2025-03-11 23:00:00+00:00,17.50639913
2025-03-12 00:00:00+00:00,17.36842317
2025-03-12 01:00:00+00:00,17.65194057
2025-03-12 02:00:00+00:00,17.32695726
2025-03-12 03:00:00+00:00,17.07205748
2025-03-12 04:00:00+00:00,17.08668611
2025-03-12 05:00:00+00:00,17.29078888
2025-03-12 06:00:00+00:00,17.22626282
2025-03-12 07:00:00+00:00,17.55543803
2025-03-12 08:00:00+00:00,17.86020373
2025-03-12 09:00:00+00:00,17.87997217
2025-03-12 10:00:00+00:00,17.87931152
2025-03-12 11:00:00+00:00,18.23309764
2025-03-12 12:00:00+00:00,18.78692342
2025-03-12 13:00:00+00:00,18.41200955
2025-03-12 14:00:00+00:00,17.86948551
2025-03-12 15:00:00+00:00,17.981709
2025-03-12 16:00:00+00:00,18.28454486
2025-03-12 17:00:00+00:00,18.10894406
2025-03-12 18:00:00+00:00,18.4827297
2025-03-12 19:00:00+00:00,18.4107851
2025-03-12 20:00:00+00:00,18.59233582
2025-03-12 21:00:00+00:00,18.52880594
2025-03-12 22:00:00+00:00,18.73241065
2025-03-12 23:00:00+00:00,18.91700905
2025-03-13 00:00:00+00:00,18.95013571
2025-03-13 01:00:00+00:00,19.04840952
2025-03-13 02:00:00+00:00,19.01084339
2025-03-13 03:00:00+00:00,18.86306189
2025-03-13 04:00:00+00:00,18.9185711
2025-03-13 05:00:00+00:00,18.76945555
2025-03-13 06:00:00+00:00,18.77464089
2025-03-13 07:00:00+00:00,18.79586396
2025-03-13 08:00:00+00:00,18.90119742
2025-03-13 09:00:00+00:00,19.22511544
2025-03-13 10:00:00+00:00,19.01914338
2025-03-13 11:00:00+00:00,19.02050801
2025-03-13 12:00:00+00:00,18.68834208
2025-03-13 13:00:00+00:00,18.36333833
2025-03-13 14:00:00+00:00,18.52146661
2025-03-13 15:00:00+00:00,18.38399126
2025-03-13 16:00:00+00:00,18.24848516
2025-03-13 17:00:00+00:00,17.93994725
2025-03-13 18:00:00+00:00,18.29449269
2025-03-13 19:00:00+00:00,18.16639255
2025-03-13 20:00:00+00:00,17.96683512
2025-03-13 21:00:00+00:00,17.95674975
2025-03-13 22:00:00+00:00,18.58322769
2025-03-13 23:00:00+00:00,18.50093271
2025-03-14 00:00:00+00:00,18.68138492
2025-03-14 01:00:00+00:00,18.63015554
2025-03-14 02:00:00+00:00,18.81434302
2025-03-14 03:00:00+00:00,18.76052475
2025-03-14 04:00:00+00:00,18.69408576
2025-03-14 05:00:00+00:00,18.64227995
2025-03-14 06:00:00+00:00,18.55706556
2025-03-14 07:00:00+00:00,18.65861572
2025-03-14 08:00:00+00:00,18.81495674
2025-03-14 09:00:00+00:00,18.68656076
2025-03-14 10:00:00+00:00,18.6761819
2025-03-14 11:00:00+00:00,18.77080677
2025-03-14 12:00:00+00:00,18.68547922
2025-03-14 13:00:00+00:00,18.73900172
2025-03-14 14:00:00+00:00,18.88727196
2025-03-14 15:00:00+00:00,19.00605648
2025-03-14 16:00:00+00:00,18.97553057
2025-03-14 17:00:00+00:00,18.89104188
2025-03-14 18:00:00+00:00,19.07111459
2025-03-14 19:00:00+00:00,18.98995279
2025-03-14 20:00:00+00:00,18.85835323
2025-03-14 21:00:00+00:00,18.80953185
2025-03-14 22:00:00+00:00,18.92230397
2025-03-14 23:00:00+00:00,18.57428375
2025-03-15 00:00:00+00:00,18.59706396
2025-03-15 01:00:00+00:00,18.48094114
2025-03-15 02:00:00+00:00,18.55581924
2025-03-15 03:00:00+00:00,18.63041518
2025-03-15 04:00:00+00:00,18.78999606
2025-03-15 05:00:00+00:00,18.75241809
2025-03-15 06:00:00+00:00,18.70287495
2025-03-15 07:00:00+00:00,18.61229079
2025-03-15 08:00:00+00:00,18.59166835
2025-03-15 09:00:00+00:00,18.5738483
2025-03-15 10:00:00+00:00,18.52004358
2025-03-15 11:00:00+00:00,18.56073046
2025-03-15 12:00:00+00:00,18.54491033
2025-03-15 13:00:00+00:00,18.66024433
2025-03-15 14:00:00+00:00,18.46993004
2025-03-15 15:00:00+00:00,18.54827737
2025-03-15 16:00:00+00:00,18.59978231
2025-03-15 17:00:00+00:00,18.67963995
2025-03-15 18:00:00+00:00,18.57942164
2025-03-15 19:00:00+00:00,18.61955067
2025-03-15 20:00:00+00:00,19.06304924
2025-03-15 21:00:00+00:00,19.13012108
2025-03-15 22:00:00+00:00,19.28356636
2025-03-15 23:00:00+00:00,19.39639913
2025-03-16 00:00:00+00:00,19.17960453
2025-03-16 01:00:00+00:00,19.0621641
2025-03-16 02:00:00+00:00,19.15976013
2025-03-16 03:00:00+00:00,19.68745158
2025-03-16 04:00:00+00:00,19.70534525
2025-03-16 05:00:00+00:00,19.60121348
2025-03-16 06:00:00+00:00,19.42083765
2025-03-16 07:00:00+00:00,19.353981
2025-03-16 08:00:00+00:00,19.28355302
2025-03-16 09:00:00+00:00,19.02199946
2025-03-16 10:00:00+00:00,18.76771374
2025-03-16 11:00:00+00:00,18.41606751
2025-03-16 12:00:00+00:00,18.56860821
2025-03-16 13:00:00+00:00,18.24919129
2025-03-16 14:00:00+00:00,18.52656187
2025-03-16 15:00:00+00:00,18.49455401
2025-03-16 16:00:00+00:00,18.72039633
2025-03-16 17:00:00+00:00,18.76023154
2025-03-16 18:00:00+00:00,18.580286
2025-03-16 19:00:00+00:00,18.32700258
2025-03-16 20:00:00+00:00,18.40764962
2025-03-16 21:00:00+00:00,18.36543837
2025-03-16 22:00:00+00:00,18.19097259
2025-03-16 23:00:00+00:00,18.256
2025-03-17 00:00:00+00:00,18.53096
2025-03-17 01:00:00+00:00,18.57348136
2025-03-17 02:00:00+00:00,18.64153361
2025-03-17 03:00:00+00:00,18.62600925
2025-03-17 04:00:00+00:00,18.62777965
2025-03-17 05:00:00+00:00,18.49017675
2025-03-17 06:00:00+00:00,18.43497344
2025-03-17 07:00:00+00:00,18.61066347
2025-03-17 08:00:00+00:00,18.60560035
2025-03-17 09:00:00+00:00,18.61393325
2025-03-17 10:00:00+00:00,18.64592811
2025-03-17 11:00:00+00:00,18.61759448
2025-03-17 12:00:00+00:00,18.46680209
2025-03-17 13:00:00+00:00,18.39759281
2025-03-17 14:00:00+00:00,18.30000665
2025-03-17 15:00:00+00:00,18.46081696
2025-03-17 16:00:00+00:00,18.45370008
2025-03-17 17:00:00+00:00,18.69548741
2025-03-17 18:00:00+00:00,19.02673056
2025-03-17 19:00:00+00:00,18.94128341
2025-03-17 20:00:00+00:00,18.80871515
2025-03-17 21:00:00+00:00,18.83960227
2025-03-17 22:00:00+00:00,18.848829
2025-03-17 23:00:00+00:00,18.81905327
2025-03-18 00:00:00+00:00,18.80331696
2025-03-18 01:00:00+00:00,18.55190834
2025-03-18 02:00:00+00:00,18.7029935
2025-03-18 03:00:00+00:00,18.57251286
2025-03-18 04:00:00+00:00,18.68214299
2025-03-18 05:00:00+00:00,18.9538234
2025-03-18 06:00:00+00:00,18.50783424
2025-03-18 07:00:00+00:00,18.8271315
2025-03-18 08:00:00+00:00,19.11531216
2025-03-18 09:00:00+00:00,18.98095647
2025-03-18 10:00:00+00:00,18.9903248
2025-03-18 11:00:00+00:00,18.79418527
2025-03-18 12:00:00+00:00,18.70249919
2025-03-18 13:00:00+00:00,18.48801466
2025-03-18 14:00:00+00:00,18.71810642
2025-03-18 15:00:00+00:00,18.44915466
2025-03-18 16:00:00+00:00,18.55308134
2025-03-18 17:00:00+00:00,18.40157079
2025-03-18 18:00:00+00:00,18.45029617
2025-03-18 19:00:00+00:00,18.66122931
2025-03-18 20:00:00+00:00,18.63066812
2025-03-18 21:00:00+00:00,18.5233924
2025-03-18 22:00:00+00:00,18.79089825
2025-03-18 23:00:00+00:00,18.97472807
2025-03-19 00:00:00+00:00,19.08918536
2025-03-19 01:00:00+00:00,18.87857875
2025-03-19 02:00:00+00:00,19.03111564
2025-03-19 03:00:00+00:00,19.19343583
2025-03-19 04:00:00+00:00,19.12934588
2025-03-19 05:00:00+00:00,19.21307973
2025-03-19 06:00:00+00:00,19.15871478
2025-03-19 07:00:00+00:00,18.90912212
2025-03-19 08:00:00+00:00,19.10779916
2025-03-19 09:00:00+00:00,19.1141024
2025-03-19 10:00:00+00:00,19.20869953
2025-03-19 11:00:00+00:00,19.54032231
2025-03-19 12:00:00+00:00,19.37892097
2025-03-19 13:00:00+00:00,19.60605737
2025-03-19 14:00:00+00:00,19.70345269
2025-03-19 15:00:00+00:00,19.85266451
2025-03-19 16:00:00+00:00,19.7486677
2025-03-19 17:00:00+00:00,19.63778485
2025-03-19 18:00:00+00:00,20.01652946
2025-03-19 19:00:00+00:00,19.58412089
2025-03-19 20:00:00+00:00,19.46925178
2025-03-19 21:00:00+00:00,19.43963069
2025-03-19 22:00:00+00:00,19.57538032
2025-03-19 23:00:00+00:00,19.73727014
2025-03-20 00:00:00+00:00,19.42475782
2025-03-20 01:00:00+00:00,19.34323551
2025-03-20 02:00:00+00:00,19.36515184
2025-03-20 03:00:00+00:00,19.28381148
2025-03-20 04:00:00+00:00,19.19057714
2025-03-20 05:00:00+00:00,19.23256662
2025-03-20 06:00:00+00:00,19.17085955
2025-03-20 07:00:00+00:00,19.14170623
2025-03-20 08:00:00+00:00,19.30000658
2025-03-20 09:00:00+00:00,19.09186067
2025-03-20 10:00:00+00:00,18.7927312
2025-03-20 11:00:00+00:00,18.84472564
2025-03-20 12:00:00+00:00,18.92084205
2025-03-20 13:00:00+00:00,18.88691322
2025-03-20 14:00:00+00:00,19.17787304
2025-03-20 15:00:00+00:00,18.77183867
2025-03-20 16:00:00+00:00,18.5105672
2025-03-20 17:00:00+00:00,18.64622091
2025-03-20 18:00:00+00:00,18.62097195
2025-03-20 19:00:00+00:00,18.71110174
2025-03-20 20:00:00+00:00,18.76975018
2025-03-20 21:00:00+00:00,18.70642801
2025-03-20 22:00:00+00:00,18.67818866
2025-03-20 23:00:00+00:00,18.74012983
2025-03-21 00:00:00+00:00,18.95278629
2025-03-21 01:00:00+00:00,19.10386097
2025-03-21 02:00:00+00:00,19.00425927
2025-03-21 03:00:00+00:00,18.82047432
2025-03-21 04:00:00+00:00,18.93175992
2025-03-21 05:00:00+00:00,18.99738744
2025-03-21 06:00:00+00:00,18.92288801
2025-03-21 07:00:00+00:00,18.75650214
2025-03-21 08:00:00+00:00,18.64552345
2025-03-21 09:00:00+00:00,18.61873487
2025-03-21 10:00:00+00:00,18.5704678
2025-03-21 11:00:00+00:00,18.52222574
2025-03-21 12:00:00+00:00,18.40901115
2025-03-21 13:00:00+00:00,18.55823591
2025-03-21 14:00:00+00:00,18.60254913
2025-03-21 15:00:00+00:00,18.48811023
2025-03-21 16:00:00+00:00,18.66717188
2025-03-21 17:00:00+00:00,18.7599298
2025-03-21 18:00:00+00:00,18.81874334
2025-03-21 19:00:00+00:00,18.89131057
2025-03-21 20:00:00+00:00,19.13895751
2025-03-21 21:00:00+00:00,19.22883271
2025-03-21 22:00:00+00:00,19.1530065
2025-03-21 23:00:00+00:00,19.17994869
2025-03-22 00:00:00+00:00,19.29823334
2025-03-22 01:00:00+00:00,19.12504022
2025-03-22 02:00:00+00:00,19.24512575
2025-03-22 03:00:00+00:00,19.30447732
2025-03-22 04:00:00+00:00,19.4243374
2025-03-22 05:00:00+00:00,19.405938
2025-03-22 06:00:00+00:00,19.43092174
2025-03-22 07:00:00+00:00,19.36975312
2025-03-22 08:00:00+00:00,19.38379354
2025-03-22 09:00:00+00:00,19.5188629
2025-03-22 10:00:00+00:00,19.57139138
2025-03-22 11:00:00+00:00,19.45573798
2025-03-22 12:00:00+00:00,19.44128085
2025-03-22 13:00:00+00:00,19.42354206
2025-03-22 14:00:00+00:00,19.30917992
2025-03-22 15:00:00+00:00,19.54864702
2025-03-22 16:00:00+00:00,19.536025
2025-03-22 17:00:00+00:00,19.54414963
2025-03-22 18:00:00+00:00,19.59060521
2025-03-22 19:00:00+00:00,19.64545849
2025-03-22 20:00:00+00:00,19.62775614
2025-03-22 21:00:00+00:00,19.51253116
2025-03-22 22:00:00+00:00,19.46360589
2025-03-22 23:00:00+00:00,19.42847992
2025-03-23 00:00:00+00:00,19.37815045
2025-03-23 01:00:00+00:00,19.55748696
2025-03-23 02:00:00+00:00,19.68700634
2025-03-23 03:00:00+00:00,19.70979153
2025-03-23 04:00:00+00:00,19.55891468
2025-03-23 05:00:00+00:00,19.5353971
2025-03-23 06:00:00+00:00,19.60804846
2025-03-23 07:00:00+00:00,19.58043314
2025-03-23 08:00:00+00:00,19.53603937
2025-03-23 09:00:00+00:00,19.52813356
2025-03-23 10:00:00+00:00,19.57002089
2025-03-23 11:00:00+00:00,19.62725748
2025-03-23 12:00:00+00:00,19.55044475
2025-03-23 13:00:00+00:00,19.62331821
2025-03-23 14:00:00+00:00,19.4525975
2025-03-23 15:00:00+00:00,19.48495465
2025-03-23 16:00:00+00:00,19.52627585
2025-03-23 17:00:00+00:00,19.46101601
2025-03-23 18:00:00+00:00,19.41775375
2025-03-23 19:00:00+00:00,19.49092346
2025-03-23 20:00:00+00:00,19.46222537
2025-03-23 21:00:00+00:00,19.43190755
2025-03-23 22:00:00+00:00,19.52999417
2025-03-23 23:00:00+00:00,19.81605083
2025-03-24 00:00:00+00:00,20.17353592
2025-03-24 01:00:00+00:00,20.11481644
2025-03-24 02:00:00+00:00,20.47711965
2025-03-24 03:00:00+00:00,21.14696158
2025-03-24 04:00:00+00:00,21.50996136
2025-03-24 05:00:00+00:00,21.56069187
2025-03-24 06:00:00+00:00,21.58003766
2025-03-24 07:00:00+00:00,21.5221816
2025-03-24 08:00:00+00:00,21.79092213
2025-03-24 09:00:00+00:00,21.88825847
2025-03-24 10:00:00+00:00,21.778213
2025-03-24 11:00:00+00:00,21.67944452
2025-03-24 12:00:00+00:00,21.90262743
2025-03-24 13:00:00+00:00,21.85682024
2025-03-24 14:00:00+00:00,21.61282726
2025-03-24 15:00:00+00:00,21.53762238
2025-03-24 16:00:00+00:00,21.35930625
2025-03-24 17:00:00+00:00,21.40929684
2025-03-24 18:00:00+00:00,21.4303322
2025-03-24 19:00:00+00:00,21.37978105
2025-03-24 20:00:00+00:00,21.29725809
2025-03-24 21:00:00+00:00,21.35117918
2025-03-24 22:00:00+00:00,21.30641212
2025-03-24 23:00:00+00:00,21.48112113
2025-03-25 00:00:00+00:00,21.6680076
2025-03-25 01:00:00+00:00,21.46077403
2025-03-25 02:00:00+00:00,21.41646554
2025-03-25 03:00:00+00:00,21.36089055
2025-03-25 04:00:00+00:00,21.5935455
2025-03-25 05:00:00+00:00,21.70477451
2025-03-25 06:00:00+00:00,21.82109247
2025-03-25 07:00:00+00:00,21.85345948
2025-03-25 08:00:00+00:00,22.02839928
2025-03-25 09:00:00+00:00,22.04394325
2025-03-25 10:00:00+00:00,22.14191323
2025-03-25 11:00:00+00:00,22.33194551
2025-03-25 12:00:00+00:00,22.15396529
2025-03-25 13:00:00+00:00,22.42368051
2025-03-25 14:00:00+00:00,22.64755228
2025-03-25 15:00:00+00:00,22.48251183
2025-03-25 16:00:00+00:00,22.56777965
2025-03-25 17:00:00+00:00,22.90749445
2025-03-25 18:00:00+00:00,23.01184812
2025-03-25 19:00:00+00:00,23.04248421
2025-03-25 20:00:00+00:00,23.32096716
2025-03-25 21:00:00+00:00,23.12904721
2025-03-25 22:00:00+00:00,22.92162137
2025-03-25 23:00:00+00:00,22.90088984
2025-03-26 00:00:00+00:00,23.08868295
2025-03-26 01:00:00+00:00,23.15041372
2025-03-26 02:00:00+00:00,22.76840101
2025-03-26 03:00:00+00:00,22.59023882
2025-03-26 04:00:00+00:00,22.65898602
2025-03-26 05:00:00+00:00,22.69357131
2025-03-26 06:00:00+00:00,22.73823486
2025-03-26 07:00:00+00:00,22.84914105
2025-03-26 08:00:00+00:00,22.73717388
2025-03-26 09:00:00+00:00,22.68001827
2025-03-26 10:00:00+00:00,22.80261359
2025-03-26 11:00:00+00:00,22.85640334
2025-03-26 12:00:00+00:00,22.66839579
2025-03-26 13:00:00+00:00,22.24015578
2025-03-26 14:00:00+00:00,22.1799395
2025-03-26 15:00:00+00:00,22.17419383
2025-03-26 16:00:00+00:00,22.21947511
2025-03-26 17:00:00+00:00,22.07989887
2025-03-26 18:00:00+00:00,21.96864648
2025-03-26 19:00:00+00:00,22.07296554
2025-03-26 20:00:00+00:00,22.17882386
2025-03-26 21:00:00+00:00,22.12008599
2025-03-26 22:00:00+00:00,22.029881
2025-03-26 23:00:00+00:00,22.03831229
2025-03-27 00:00:00+00:00,22.25811113
2025-03-27 01:00:00+00:00,22.22295293
2025-03-27 02:00:00+00:00,22.28714015
2025-03-27 03:00:00+00:00,22.16933824
2025-03-27 04:00:00+00:00,22.04712937
2025-03-27 05:00:00+00:00,21.97979027
2025-03-27 06:00:00+00:00,22.05365915
2025-03-27 07:00:00+00:00,22.08005676
2025-03-27 08:00:00+00:00,21.97087183
2025-03-27 09:00:00+00:00,22.01373323
2025-03-27 10:00:00+00:00,21.99059801
2025-03-27 11:00:00+00:00,21.87213117
2025-03-27 12:00:00+00:00,22.002035
2025-03-27 13:00:00+00:00,21.87193419
2025-03-27 14:00:00+00:00,22.27460301
2025-03-27 15:00:00+00:00,21.92054191
2025-03-27 16:00:00+00:00,21.92771676
2025-03-27 17:00:00+00:00,21.83105279
2025-03-27 18:00:00+00:00,22.03571455
2025-03-27 19:00:00+00:00,21.99450135
2025-03-27 20:00:00+00:00,22.05145941
2025-03-27 21:00:00+00:00,22.17950837
2025-03-27 22:00:00+00:00,22.0347827
2025-03-27 23:00:00+00:00,22.01713742
2025-03-28 00:00:00+00:00,22.15959504
2025-03-28 01:00:00+00:00,22.04847377
2025-03-28 02:00:00+00:00,21.81529733
2025-03-28 03:00:00+00:00,21.77329489
2025-03-28 04:00:00+00:00,21.43563612
2025-03-28 05:00:00+00:00,21.18093593
2025-03-28 06:00:00+00:00,21.03084944
2025-03-28 07:00:00+00:00,20.71032605
2025-03-28 08:00:00+00:00,20.66122489
2025-03-28 09:00:00+00:00,20.44133053
2025-03-28 10:00:00+00:00,20.36144471
2025-03-28 11:00:00+00:00,20.56328188
2025-03-28 12:00:00+00:00,20.29457125
2025-03-28 13:00:00+00:00,20.15850125
2025-03-28 14:00:00+00:00,20.19804377
2025-03-28 15:00:00+00:00,19.97960505
2025-03-28 16:00:00+00:00,19.82005231
2025-03-28 17:00:00+00:00,19.89711767
2025-03-28 18:00:00+00:00,19.89719767
2025-03-28 19:00:00+00:00,19.80909683
2025-03-28 20:00:00+00:00,19.82907677
2025-03-28 21:00:00+00:00,20.17349541
2025-03-28 22:00:00+00:00,20.59732467
2025-03-28 23:00:00+00:00,20.36197219
2025-03-29 00:00:00+00:00,20.39942213
2025-03-29 01:00:00+00:00,20.29698904
2025-03-29 02:00:00+00:00,20.1790847
2025-03-29 03:00:00+00:00,20.43070687
2025-03-29 04:00:00+00:00,20.357769
2025-03-29 05:00:00+00:00,20.23698631
2025-03-29 06:00:00+00:00,20.11097282
2025-03-29 07:00:00+00:00,19.87372263
2025-03-29 08:00:00+00:00,20.12461369
2025-03-29 09:00:00+00:00,20.06749142
2025-03-29 10:00:00+00:00,19.91609211
2025-03-29 11:00:00+00:00,19.85136867
2025-03-29 12:00:00+00:00,20.13886403
2025-03-29 13:00:00+00:00,20.28990591
2025-03-29 14:00:00+00:00,20.01294096
2025-03-29 15:00:00+00:00,19.99610992
2025-03-29 16:00:00+00:00,19.90673899
2025-03-29 17:00:00+00:00,19.82904822
2025-03-29 18:00:00+00:00,19.80221152
2025-03-29 19:00:00+00:00,19.87014977
2025-03-29 20:00:00+00:00,19.63334725
2025-03-29 21:00:00+00:00,19.64838405
2025-03-29 22:00:00+00:00,19.51659627
2025-03-29 23:00:00+00:00,19.60032298
2025-03-30 00:00:00+00:00,19.56898683
2025-03-30 01:00:00+00:00,19.66103144
2025-03-30 02:00:00+00:00,19.82298551
2025-03-30 03:00:00+00:00,19.6689919
2025-03-30 04:00:00+00:00,19.62853974
2025-03-30 05:00:00+00:00,19.46850736
2025-03-30 06:00:00+00:00,19.5183399
2025-03-30 07:00:00+00:00,19.44792259
2025-03-30 08:00:00+00:00,19.6072073
2025-03-30 09:00:00+00:00,19.55138463
2025-03-30 10:00:00+00:00,19.2398211
2025-03-30 11:00:00+00:00,19.35089978
2025-03-30 12:00:00+00:00,19.38087405
2025-03-30 13:00:00+00:00,19.08818354
2025-03-30 14:00:00+00:00,19.32751428
2025-03-30 15:00:00+00:00,19.30160748
2025-03-30 16:00:00+00:00,19.04580963
2025-03-30 17:00:00+00:00,19.05052835
2025-03-30 18:00:00+00:00,19.26852723
2025-03-30 19:00:00+00:00,19.12238956
2025-03-30 20:00:00+00:00,19.06048775
2025-03-30 21:00:00+00:00,18.9490268
2025-03-30 22:00:00+00:00,18.99611167
2025-03-30 23:00:00+00:00,18.85898618
2025-03-31 00:00:00+00:00,18.6114825
2025-03-31 01:00:00+00:00,18.91850667
2025-03-31 02:00:00+00:00,18.88741417
2025-03-31 03:00:00+00:00,18.62966013
2025-03-31 04:00:00+00:00,18.7482563
2025-03-31 05:00:00+00:00,18.7778553
2025-03-31 06:00:00+00:00,18.66631115
2025-03-31 07:00:00+00:00,18.56513336
2025-03-31 08:00:00+00:00,18.4271277
2025-03-31 09:00:00+00:00,18.27197547
2025-03-31 10:00:00+00:00,18.58615714
2025-03-31 11:00:00+00:00,18.64044797
2025-03-31 12:00:00+00:00,18.8774837
2025-03-31 13:00:00+00:00,18.66014389
2025-03-31 14:00:00+00:00,18.96318893
2025-03-31 15:00:00+00:00,18.97376761
2025-03-31 16:00:00+00:00,18.83688924
2025-03-31 17:00:00+00:00,18.72546264
2025-03-31 18:00:00+00:00,18.83119927
2025-03-31 19:00:00+00:00,18.64431385
2025-03-31 20:00:00+00:00,18.69658969
2025-03-31 21:00:00+00:00,18.71830063
2025-03-31 22:00:00+00:00,18.7381293
2025-03-31 23:00:00+00:00,18.7738842
2025-04-01 00:00:00+00:00,18.83703399
2025-04-01 01:00:00+00:00,18.77893946
2025-04-01 02:00:00+00:00,19.08036402
2025-04-01 03:00:00+00:00,19.02475461
2025-04-01 04:00:00+00:00,19.05993121
2025-04-01 05:00:00+00:00,19.20631771
2025-04-01 06:00:00+00:00,19.38987911
2025-04-01 07:00:00+00:00,19.21964754
2025-04-01 08:00:00+00:00,19.56816558
2025-04-01 09:00:00+00:00,19.6675965
2025-04-01 10:00:00+00:00,19.48122347
2025-04-01 11:00:00+00:00,19.40183842
2025-04-01 12:00:00+00:00,19.36745821
2025-04-01 13:00:00+00:00,19.39858569
2025-04-01 14:00:00+00:00,19.47497639
2025-04-01 15:00:00+00:00,19.85187069
2025-04-01 16:00:00+00:00,19.67207992
2025-04-01 17:00:00+00:00,19.59568949
2025-04-01 18:00:00+00:00,19.43210289
2025-04-01 19:00:00+00:00,19.44727199
2025-04-01 20:00:00+00:00,19.51812577
2025-04-01 21:00:00+00:00,19.57461208
2025-04-01 22:00:00+00:00,19.66201402
2025-04-01 23:00:00+00:00,19.8183654
2025-04-02 00:00:00+00:00,19.49842868
2025-04-02 01:00:00+00:00,19.43394547
2025-04-02 02:00:00+00:00,19.24191614
2025-04-02 03:00:00+00:00,19.22677795
2025-04-02 04:00:00+00:00,19.17293178
2025-04-02 05:00:00+00:00,18.83947231
2025-04-02 06:00:00+00:00,18.86343261
2025-04-02 07:00:00+00:00,19.06434654
2025-04-02 08:00:00+00:00,19.2597069
2025-04-02 09:00:00+00:00,19.44983663
2025-04-02 10:00:00+00:00,19.30953317
2025-04-02 11:00:00+00:00,19.2125556
2025-04-02 12:00:00+00:00,19.25583158
2025-04-02 13:00:00+00:00,19.18014045
2025-04-02 14:00:00+00:00,19.28527827
2025-04-02 15:00:00+00:00,19.61892912
2025-04-02 16:00:00+00:00,19.72027642
2025-04-02 17:00:00+00:00,19.29737771
2025-04-02 18:00:00+00:00,19.39381312
2025-04-02 19:00:00+00:00,19.43274287
2025-04-02 20:00:00+00:00,19.33065972
2025-04-02 21:00:00+00:00,18.92392856
2025-04-02 22:00:00+00:00,17.88780856
2025-04-02 23:00:00+00:00,17.99101058
2025-04-03 00:00:00+00:00,18.34379326
2025-04-03 01:00:00+00:00,18.5806278
2025-04-03 02:00:00+00:00,18.84048337
2025-04-03 03:00:00+00:00,18.76316567
2025-04-03 04:00:00+00:00,18.95283772
2025-04-03 05:00:00+00:00,18.65451362
2025-04-03 06:00:00+00:00,18.4261675
2025-04-03 07:00:00+00:00,18.37469154
2025-04-03 08:00:00+00:00,18.43823317
2025-04-03 09:00:00+00:00,18.2897796
2025-04-03 10:00:00+00:00,18.04769361
2025-04-03 11:00:00+00:00,18.09145767
2025-04-03 12:00:00+00:00,17.63051454
2025-04-03 13:00:00+00:00,18.17088229
2025-04-03 14:00:00+00:00,17.76752858
2025-04-03 15:00:00+00:00,17.96343437
2025-04-03 16:00:00+00:00,17.86858928
2025-04-03 17:00:00+00:00,17.88333002
2025-04-03 18:00:00+00:00,18.13154247
2025-04-03 19:00:00+00:00,18.00006729
2025-04-03 20:00:00+00:00,18.0654786
2025-04-03 21:00:00+00:00,18.22392177
2025-04-03 22:00:00+00:00,18.11879158
2025-04-03 23:00:00+00:00,18.14909474
2025-04-04 00:00:00+00:00,18.0740386
2025-04-04 01:00:00+00:00,17.94794157
2025-04-04 02:00:00+00:00,18.13866949
2025-04-04 03:00:00+00:00,18.03011368
2025-04-04 04:00:00+00:00,18.04104
2025-04-04 05:00:00+00:00,18.34036146
2025-04-04 06:00:00+00:00,18.37261439
2025-04-04 07:00:00+00:00,18.59918506
2025-04-04 08:00:00+00:00,18.60842636
2025-04-04 09:00:00+00:00,18.58898156
2025-04-04 10:00:00+00:00,17.91943579
2025-04-04 11:00:00+00:00,17.88523355
2025-04-04 12:00:00+00:00,18.10030177
2025-04-04 13:00:00+00:00,18.18980292
2025-04-04 14:00:00+00:00,18.0552218
2025-04-04 15:00:00+00:00,17.99935832
2025-04-04 16:00:00+00:00,17.91041952
2025-04-04 17:00:00+00:00,18.20245109
2025-04-04 18:00:00+00:00,18.01583201
2025-04-04 19:00:00+00:00,18.110009
2025-04-04 20:00:00+00:00,18.19393255
2025-04-04 21:00:00+00:00,18.25388927
2025-04-04 22:00:00+00:00,18.17919464
2025-04-04 23:00:00+00:00,18.18920631
2025-04-05 00:00:00+00:00,18.25594855
2025-04-05 01:00:00+00:00,18.28325458
2025-04-05 02:00:00+00:00,18.19704542
2025-04-05 03:00:00+00:00,18.11073203
2025-04-05 04:00:00+00:00,18.06200282
2025-04-05 05:00:00+00:00,18.0884975
2025-04-05 06:00:00+00:00,18.13177144
2025-04-05 07:00:00+00:00,18.20748418
2025-04-05 08:00:00+00:00,18.19766798
2025-04-05 09:00:00+00:00,18.32080011
2025-04-05 10:00:00+00:00,18.26938094
2025-04-05 11:00:00+00:00,18.23888815
2025-04-05 12:00:00+00:00,18.09960945
2025-04-05 13:00:00+00:00,17.90968546
2025-04-05 14:00:00+00:00,17.96641888
2025-04-05 15:00:00+00:00,17.84761677
2025-04-05 16:00:00+00:00,17.87026465
2025-04-05 17:00:00+00:00,17.86202807
2025-04-05 18:00:00+00:00,17.95815882
2025-04-05 19:00:00+00:00,17.8628583
2025-04-05 20:00:00+00:00,17.818173
2025-04-05 21:00:00+00:00,17.79141102
2025-04-05 22:00:00+00:00,17.86710404
2025-04-05 23:00:00+00:00,17.87844674
2025-04-06 00:00:00+00:00,17.78909289
2025-04-06 01:00:00+00:00,17.64219339
2025-04-06 02:00:00+00:00,17.41634625
2025-04-06 03:00:00+00:00,17.38964547
2025-04-06 04:00:00+00:00,17.4082147
2025-04-06 05:00:00+00:00,17.48770866
2025-04-06 06:00:00+00:00,17.24503052
2025-04-06 07:00:00+00:00,17.19940594
2025-04-06 08:00:00+00:00,17.35164415
2025-04-06 09:00:00+00:00,17.30688712
2025-04-06 10:00:00+00:00,17.21731955
2025-04-06 11:00:00+00:00,17.18557422
2025-04-06 12:00:00+00:00,17.08660731
2025-04-06 13:00:00+00:00,16.89718383
2025-04-06 14:00:00+00:00,17.1652027
2025-04-06 15:00:00+00:00,17.30915697
2025-04-06 16:00:00+00:00,17.12977922
2025-04-06 17:00:00+00:00,16.69467982
2025-04-06 18:00:00+00:00,16.31780445
2025-04-06 19:00:00+00:00,16.4163176
2025-04-06 20:00:00+00:00,16.02813575
2025-04-06 21:00:00+00:00,16.16229766
2025-04-06 22:00:00+00:00,15.98926863
2025-04-06 23:00:00+00:00,16.04176025
2025-04-07 00:00:00+00:00,15.95812945
2025-04-07 01:00:00+00:00,16.25064493
2025-04-07 02:00:00+00:00,16.06574759
2025-04-07 03:00:00+00:00,15.73910119
2025-04-07 04:00:00+00:00,15.90058841
2025-04-07 05:00:00+00:00,15.85187488
2025-04-07 06:00:00+00:00,14.82721186
2025-04-07 07:00:00+00:00,14.83278981
2025-04-07 08:00:00+00:00,15.32068634
2025-04-07 09:00:00+00:00,15.36567767
2025-04-07 10:00:00+00:00,15.5509989
2025-04-07 11:00:00+00:00,15.4417988
2025-04-07 12:00:00+00:00,15.83954106
2025-04-07 13:00:00+00:00,16.25415034
2025-04-07 14:00:00+00:00,16.52731834
2025-04-07 15:00:00+00:00,16.44578531
2025-04-07 16:00:00+00:00,16.16115423
2025-04-07 17:00:00+00:00,17.10818224
2025-04-07 18:00:00+00:00,16.76116913
2025-04-07 19:00:00+00:00,16.64020181
2025-04-07 20:00:00+00:00,16.88797638
2025-04-07 21:00:00+00:00,16.76221003
2025-04-07 22:00:00+00:00,16.92024349
2025-04-07 23:00:00+00:00,16.68030722
2025-04-08 00:00:00+00:00,16.74504934
2025-04-08 01:00:00+00:00,17.25922283
2025-04-08 02:00:00+00:00,17.10862187
2025-04-08 03:00:00+00:00,17.16697184
2025-04-08 04:00:00+00:00,17.39771847
2025-04-08 05:00:00+00:00,17.3564322
2025-04-08 06:00:00+00:00,17.10222864
2025-04-08 07:00:00+00:00,17.04523832
2025-04-08 08:00:00+00:00,16.98101105
2025-04-08 09:00:00+00:00,16.90293039
2025-04-08 10:00:00+00:00,16.94338665
2025-04-08 11:00:00+00:00,17.48620042
2025-04-08 12:00:00+00:00,17.33115772
2025-04-08 13:00:00+00:00,17.58904465
2025-04-08 14:00:00+00:00,17.21736656
2025-04-08 15:00:00+00:00,17.141502
2025-04-08 16:00:00+00:00,16.67443899
2025-04-08 17:00:00+00:00,16.50458902
2025-04-08 18:00:00+00:00,16.33720109
2025-04-08 19:00:00+00:00,16.03834392
2025-04-08 20:00:00+00:00,16.17806204
2025-04-08 21:00:00+00:00,16.19298953
2025-04-08 22:00:00+00:00,16.10124306
2025-04-08 23:00:00+00:00,16.15025184
2025-04-09 00:00:00+00:00,16.10908306
2025-04-09 01:00:00+00:00,16.18620148
2025-04-09 02:00:00+00:00,16.06114832
2025-04-09 03:00:00+00:00,16.060175
2025-04-09 04:00:00+00:00,16.35865716
2025-04-09 05:00:00+00:00,16.60647008
2025-04-09 06:00:00+00:00,16.54513111
2025-04-09 07:00:00+00:00,16.71496881
2025-04-09 08:00:00+00:00,16.63694129
2025-04-09 09:00:00+00:00,16.59348487
2025-04-09 10:00:00+00:00,16.51611968
2025-04-09 11:00:00+00:00,16.19136437
2025-04-09 12:00:00+00:00,16.1931185
2025-04-09 13:00:00+00:00,16.47574779
2025-04-09 14:00:00+00:00,16.6448332
2025-04-09 15:00:00+00:00,16.81217273
2025-04-09 16:00:00+00:00,17.36894596
2025-04-09 17:00:00+00:00,18.84039223
2025-04-09 18:00:00+00:00,18.2262614
2025-04-09 19:00:00+00:00,18.53818155
2025-04-09 20:00:00+00:00,18.6092951
2025-04-09 21:00:00+00:00,18.64986395
2025-04-09 22:00:00+00:00,18.55074155
2025-04-09 23:00:00+00:00,18.4433421
2025-04-10 00:00:00+00:00,18.29749907
2025-04-10 01:00:00+00:00,18.23089293
2025-04-10 02:00:00+00:00,18.18405339
2025-04-10 03:00:00+00:00,18.03056955
2025-04-10 04:00:00+00:00,18.16452931
2025-04-10 05:00:00+00:00,18.26056501
2025-04-10 06:00:00+00:00,18.27871804
2025-04-10 07:00:00+00:00,18.04327891
2025-04-10 08:00:00+00:00,18.0719022
2025-04-10 09:00:00+00:00,18.06845811
2025-04-10 10:00:00+00:00,17.97052739
2025-04-10 11:00:00+00:00,18.02661713
2025-04-10 12:00:00+00:00,18.13759706
2025-04-10 13:00:00+00:00,18.08107062
2025-04-10 14:00:00+00:00,18.20905112
2025-04-10 15:00:00+00:00,17.67188982
2025-04-10 16:00:00+00:00,17.94077244
2025-04-10 17:00:00+00:00,17.92431562
2025-04-10 18:00:00+00:00,18.16245238
2025-04-10 19:00:00+00:00,18.10973987
2025-04-10 20:00:00+00:00,18.3589381
2025-04-10 21:00:00+00:00,18.25941569
2025-04-10 22:00:00+00:00,18.19168672
2025-04-10 23:00:00+00:00,18.31413263
2025-04-11 00:00:00+00:00,18.39288805
2025-04-11 01:00:00+00:00,18.51721913
2025-04-11 02:00:00+00:00,18.46914309
2025-04-11 03:00:00+00:00,18.55046963
2025-04-11 04:00:00+00:00,18.53034653
2025-04-11 05:00:00+00:00,18.51035479
2025-04-11 06:00:00+00:00,18.60624917
2025-04-11 07:00:00+00:00,18.54890818
2025-04-11 08:00:00+00:00,18.49194713
2025-04-11 09:00:00+00:00,18.67401007
2025-04-11 10:00:00+00:00,18.84529053
2025-04-11 11:00:00+00:00,18.85178625
2025-04-11 12:00:00+00:00,19.18232121
2025-04-11 13:00:00+00:00,19.11641018
2025-04-11 14:00:00+00:00,19.45154465
2025-04-11 15:00:00+00:00,19.19241001
2025-04-11 16:00:00+00:00,19.28837147
2025-04-11 17:00:00+00:00,19.42942619
2025-04-11 18:00:00+00:00,19.24209724
2025-04-11 19:00:00+00:00,19.21623263
2025-04-11 20:00:00+00:00,19.24084752
2025-04-11 21:00:00+00:00,19.2164656
2025-04-11 22:00:00+00:00,19.1346428
2025-04-11 23:00:00+00:00,19.12394196
2025-04-12 00:00:00+00:00,19.04512814
2025-04-12 01:00:00+00:00,18.9586466
2025-04-12 02:00:00+00:00,18.85201259
2025-04-12 03:00:00+00:00,18.91171625
2025-04-12 04:00:00+00:00,19.14095705
2025-04-12 05:00:00+00:00,19.10589061
2025-04-12 06:00:00+00:00,19.10952647
2025-04-12 07:00:00+00:00,19.1037023
2025-04-12 08:00:00+00:00,19.07852068
2025-04-12 09:00:00+00:00,19.08838617
2025-04-12 10:00:00+00:00,19.02600744
2025-04-12 11:00:00+00:00,19.13246302
2025-04-12 12:00:00+00:00,19.18050618
2025-04-12 13:00:00+00:00,19.43943663
2025-04-12 14:00:00+00:00,19.9188177
2025-04-12 15:00:00+00:00,20.50118077
2025-04-12 16:00:00+00:00,20.38826452
2025-04-12 17:00:00+00:00,20.14963863
2025-04-12 18:00:00+00:00,20.41158998
2025-04-12 19:00:00+00:00,20.186255
2025-04-12 20:00:00+00:00,20.30994432
2025-04-12 21:00:00+00:00,20.55902807
2025-04-12 22:00:00+00:00,20.44852353
2025-04-12 23:00:00+00:00,20.49111178
2025-04-13 00:00:00+00:00,20.55937342
2025-04-13 01:00:00+00:00,20.2889481
2025-04-13 02:00:00+00:00,20.40125637
2025-04-13 03:00:00+00:00,20.24981761
2025-04-13 04:00:00+00:00,20.11750549
2025-04-13 05:00:00+00:00,20.0207318
2025-04-13 06:00:00+00:00,19.98976292
2025-04-13 07:00:00+00:00,19.92324394
2025-04-13 08:00:00+00:00,20.08859003
2025-04-13 09:00:00+00:00,20.24879403
2025-04-13 10:00:00+00:00,20.12776624
2025-04-13 11:00:00+00:00,20.00084871
2025-04-13 12:00:00+00:00,19.84638116
2025-04-13 13:00:00+00:00,19.58819336
2025-04-13 14:00:00+00:00,19.75336852
2025-04-13 15:00:00+00:00,19.75113622
2025-04-13 16:00:00+00:00,19.98582275
2025-04-13 17:00:00+00:00,20.39016873
2025-04-13 18:00:00+00:00,20.26707979
2025-04-13 19:00:00+00:00,19.73004245
2025-04-13 20:00:00+00:00,19.55146044
2025-04-13 21:00:00+00:00,19.47301434
2025-04-13 22:00:00+00:00,19.46026428
2025-04-13 23:00:00+00:00,19.58979421
2025-04-14 00:00:00+00:00,19.86291128
2025-04-14 01:00:00+00:00,20.07948499
2025-04-14 02:00:00+00:00,20.19128648
2025-04-14 03:00:00+00:00,19.95951668
2025-04-14 04:00:00+00:00,20.20705371
2025-04-14 05:00:00+00:00,19.92734604
2025-04-14 06:00:00+00:00,19.97187727
2025-04-14 07:00:00+00:00,20.12379226
2025-04-14 08:00:00+00:00,20.14132702
2025-04-14 09:00:00+00:00,20.07440942
2025-04-14 10:00:00+00:00,20.48050381
2025-04-14 11:00:00+00:00,20.50712564
2025-04-14 12:00:00+00:00,20.5449526
2025-04-14 13:00:00+00:00,20.16224756
2025-04-14 14:00:00+00:00,20.38423877
2025-04-14 15:00:00+00:00,19.83123255
2025-04-14 16:00:00+00:00,19.96121487
2025-04-14 17:00:00+00:00,20.34356265
2025-04-14 18:00:00+00:00,20.39925949
2025-04-14 19:00:00+00:00,20.2977505
2025-04-14 20:00:00+00:00,20.34213793
2025-04-14 21:00:00+00:00,20.16022258
2025-04-14 22:00:00+00:00,20.16680431
2025-04-14 23:00:00+00:00,20.11033449
2025-04-15 00:00:00+00:00,20.15863536
2025-04-15 01:00:00+00:00,20.00271686
2025-04-15 02:00:00+00:00,20.05455255
2025-04-15 03:00:00+00:00,20.2381972
2025-04-15 04:00:00+00:00,20.11941329
2025-04-15 05:00:00+00:00,19.94925288
2025-04-15 06:00:00+00:00,19.92127292
2025-04-15 07:00:00+00:00,19.98254886
2025-04-15 08:00:00+00:00,19.92850207
2025-04-15 09:00:00+00:00,20.14215389
2025-04-15 10:00:00+00:00,19.89241837
2025-04-15 11:00:00+00:00,19.90264546
2025-04-15 12:00:00+00:00,20.01931637
2025-04-15 13:00:00+00:00,19.928251
2025-04-15 14:00:00+00:00,19.75701121
2025-04-15 15:00:00+00:00,19.53576204
2025-04-15 16:00:00+00:00,19.49781261
2025-04-15 17:00:00+00:00,19.40399208
2025-04-15 18:00:00+00:00,19.52740236
2025-04-15 19:00:00+00:00,19.30935228
2025-04-15 20:00:00+00:00,19.25857869
2025-04-15 21:00:00+00:00,19.36757982
2025-04-15 22:00:00+00:00,19.03134894
2025-04-15 23:00:00+00:00,19.01295247
2025-04-16 00:00:00+00:00,18.77458399
2025-04-16 01:00:00+00:00,18.92142436
2025-04-16 02:00:00+00:00,18.93615729
2025-04-16 03:00:00+00:00,18.92991906
2025-04-16 04:00:00+00:00,18.83284626
2025-04-16 05:00:00+00:00,18.77442818
2025-04-16 06:00:00+00:00,18.8215825
2025-04-16 07:00:00+00:00,18.63906945
2025-04-16 08:00:00+00:00,18.85015348
2025-04-16 09:00:00+00:00,18.74704811
2025-04-16 10:00:00+00:00,18.87148662
2025-04-16 11:00:00+00:00,18.90891785
2025-04-16 12:00:00+00:00,18.81277176
2025-04-16 13:00:00+00:00,18.81986328
2025-04-16 14:00:00+00:00,19.02897593
2025-04-16 15:00:00+00:00,19.0427985
2025-04-16 16:00:00+00:00,19.05384924
2025-04-16 17:00:00+00:00,18.54843354
2025-04-16 18:00:00+00:00,18.7738234
2025-04-16 19:00:00+00:00,19.00862105
2025-04-16 20:00:00+00:00,18.81996267
2025-04-16 21:00:00+00:00,19.00326025
2025-04-16 22:00:00+00:00,18.88879047
2025-04-16 23:00:00+00:00,18.75937592
2025-04-17 00:00:00+00:00,18.82972681
2025-04-17 01:00:00+00:00,18.93651409
2025-04-17 02:00:00+00:00,18.94507503
2025-04-17 03:00:00+00:00,18.97779994
2025-04-17 04:00:00+00:00,19.06517572
2025-04-17 05:00:00+00:00,19.27110534
2025-04-17 06:00:00+00:00,19.36840649
2025-04-17 07:00:00+00:00,19.38914421
2025-04-17 08:00:00+00:00,19.24770757
2025-04-17 09:00:00+00:00,19.24875444
2025-04-17 10:00:00+00:00,19.22903046
2025-04-17 11:00:00+00:00,19.23826912
2025-04-17 12:00:00+00:00,19.39821367
2025-04-17 13:00:00+00:00,19.22089567
2025-04-17 14:00:00+00:00,18.95076294
2025-04-17 15:00:00+00:00,19.12967019
2025-04-17 16:00:00+00:00,19.39944668
2025-04-17 17:00:00+00:00,19.42397586
2025-04-17 18:00:00+00:00,19.2698716
2025-04-17 19:00:00+00:00,19.08479897
2025-04-17 20:00:00+00:00,19.14927443
2025-04-17 21:00:00+00:00,19.17324728
2025-04-17 22:00:00+00:00,18.92239992
2025-04-17 23:00:00+00:00,19.05516839
2025-04-18 00:00:00+00:00,18.93655523
2025-04-18 01:00:00+00:00,19.05174057
2025-04-18 02:00:00+00:00,19.05397148
2025-04-18 03:00:00+00:00,19.06090327
2025-04-18 04:00:00+00:00,19.06233093
2025-04-18 05:00:00+00:00,19.05948068
2025-04-18 06:00:00+00:00,19.04688958
2025-04-18 07:00:00+00:00,19.17810463
2025-04-18 08:00:00+00:00,19.21752244
2025-04-18 09:00:00+00:00,19.14350242
2025-04-18 10:00:00+00:00,19.02539869
2025-04-18 11:00:00+00:00,19.10386186
2025-04-18 12:00:00+00:00,19.1275006
2025-04-18 13:00:00+00:00,19.11645695
2025-04-18 14:00:00+00:00,18.99787147
2025-04-18 15:00:00+00:00,18.9064075
2025-04-18 16:00:00+00:00,18.94751888
2025-04-18 17:00:00+00:00,19.098787
2025-04-18 18:00:00+00:00,19.11819449
2025-04-18 19:00:00+00:00,19.15942256
2025-04-18 20:00:00+00:00,19.14869974
2025-04-18 21:00:00+00:00,19.194848
2025-04-18 22:00:00+00:00,19.1878232
2025-04-18 23:00:00+00:00,19.07070489
2025-04-19 00:00:00+00:00,19.08138468
2025-04-19 01:00:00+00:00,19.17638893
2025-04-19 02:00:00+00:00,19.29016327
2025-04-19 03:00:00+00:00,19.25209791
2025-04-19 04:00:00+00:00,19.28148367
2025-04-19 05:00:00+00:00,19.28857613
2025-04-19 06:00:00+00:00,19.27821106
2025-04-19 07:00:00+00:00,19.47006796
2025-04-19 08:00:00+00:00,19.51875064
2025-04-19 09:00:00+00:00,19.55331762
2025-04-19 10:00:00+00:00,19.53163743
2025-04-19 11:00:00+00:00,19.49669742
2025-04-19 12:00:00+00:00,19.62647899
2025-04-19 13:00:00+00:00,19.64835388
2025-04-19 14:00:00+00:00,19.68517132
2025-04-19 15:00:00+00:00,19.69349149
2025-04-19 16:00:00+00:00,19.6715304
2025-04-19 17:00:00+00:00,19.96053756
2025-04-19 18:00:00+00:00,19.96623936
2025-04-19 19:00:00+00:00,20.03147945
2025-04-19 20:00:00+00:00,20.27037736
2025-04-19 21:00:00+00:00,20.21266218
2025-04-19 22:00:00+00:00,20.05724123
2025-04-19 23:00:00+00:00,19.88910239
2025-04-20 00:00:00+00:00,19.92463954
2025-04-20 01:00:00+00:00,20.00290843
2025-04-20 02:00:00+00:00,19.92204131
2025-04-20 03:00:00+00:00,19.8795414
2025-04-20 04:00:00+00:00,19.91658604
2025-04-20 05:00:00+00:00,19.90240945
2025-04-20 06:00:00+00:00,19.73350919
2025-04-20 07:00:00+00:00,19.64801886
2025-04-20 08:00:00+00:00,19.62257417
2025-04-20 09:00:00+00:00,19.64022777
2025-04-20 10:00:00+00:00,19.37710759
2025-04-20 11:00:00+00:00,19.3091574
2025-04-20 12:00:00+00:00,19.3808317
2025-04-20 13:00:00+00:00,19.37985982
2025-04-20 14:00:00+00:00,19.50457471
2025-04-20 15:00:00+00:00,19.38485266
2025-04-20 16:00:00+00:00,19.52251422
2025-04-20 17:00:00+00:00,19.4493362
2025-04-20 18:00:00+00:00,19.45290696
2025-04-20 19:00:00+00:00,19.55139646
2025-04-20 20:00:00+00:00,19.57678598
2025-04-20 21:00:00+00:00,19.51439682
2025-04-20 22:00:00+00:00,19.38567497
2025-04-20 23:00:00+00:00,19.50788073
2025-04-21 00:00:00+00:00,19.90967298
2025-04-21 01:00:00+00:00,20.00656757
2025-04-21 02:00:00+00:00,19.98899988
2025-04-21 03:00:00+00:00,19.99421149
2025-04-21 04:00:00+00:00,20.02797816
2025-04-21 05:00:00+00:00,20.22079055
2025-04-21 06:00:00+00:00,20.37786935
2025-04-21 07:00:00+00:00,20.61707086
2025-04-21 08:00:00+00:00,20.7197275
2025-04-21 09:00:00+00:00,20.63916043
2025-04-21 10:00:00+00:00,20.66609878
2025-04-21 11:00:00+00:00,20.52818744
2025-04-21 12:00:00+00:00,20.49023211
2025-04-21 13:00:00+00:00,20.31871303
2025-04-21 14:00:00+00:00,20.57337073
2025-04-21 15:00:00+00:00,20.54196291
2025-04-21 16:00:00+00:00,20.09863079
2025-04-21 17:00:00+00:00,20.04950366
2025-04-21 18:00:00+00:00,20.00077532
2025-04-21 19:00:00+00:00,20.09206
2025-04-21 20:00:00+00:00,20.02781423
2025-04-21 21:00:00+00:00,19.96248811
2025-04-21 22:00:00+00:00,19.81337287
2025-04-21 23:00:00+00:00,19.91849534
2025-04-22 00:00:00+00:00,19.6498515
2025-04-22 01:00:00+00:00,20.11257882
2025-04-22 02:00:00+00:00,19.941787
2025-04-22 03:00:00+00:00,19.90143637
2025-04-22 04:00:00+00:00,19.78323776
2025-04-22 05:00:00+00:00,19.88294209
2025-04-22 06:00:00+00:00,19.72331213
2025-04-22 07:00:00+00:00,20.2878323
2025-04-22 08:00:00+00:00,20.25092447
2025-04-22 09:00:00+00:00,20.20334668
2025-04-22 10:00:00+00:00,20.37983596
2025-04-22 11:00:00+00:00,20.41419504
2025-04-22 12:00:00+00:00,20.48175556
2025-04-22 13:00:00+00:00,20.62390916
2025-04-22 14:00:00+00:00,21.35328866
2025-04-22 15:00:00+00:00,21.61431832
2025-04-22 16:00:00+00:00,21.562506
2025-04-22 17:00:00+00:00,21.65114221
2025-04-22 18:00:00+00:00,21.69359065
2025-04-22 19:00:00+00:00,21.55857885
2025-04-22 20:00:00+00:00,21.5589801
2025-04-22 21:00:00+00:00,21.9910948
2025-04-22 22:00:00+00:00,22.13237247
2025-04-22 23:00:00+00:00,22.08640438
2025-04-23 00:00:00+00:00,21.94455538
2025-04-23 01:00:00+00:00,22.19716022
2025-04-23 02:00:00+00:00,22.43238824
2025-04-23 03:00:00+00:00,22.46333246
2025-04-23 04:00:00+00:00,22.79103136
2025-04-23 05:00:00+00:00,22.60368113
2025-04-23 06:00:00+00:00,22.67309877
2025-04-23 07:00:00+00:00,22.8822458
2025-04-23 08:00:00+00:00,22.93598515
2025-04-23 09:00:00+00:00,22.8364858
2025-04-23 10:00:00+00:00,22.8819202
2025-04-23 11:00:00+00:00,22.70057436
2025-04-23 12:00:00+00:00,22.78004618
2025-04-23 13:00:00+00:00,22.22396286
2025-04-23 14:00:00+00:00,22.34886578
2025-04-23 15:00:00+00:00,22.27688066
2025-04-23 16:00:00+00:00,22.26146371
2025-04-23 17:00:00+00:00,22.36151994
2025-04-23 18:00:00+00:00,22.32917624
2025-04-23 19:00:00+00:00,22.22753323
2025-04-23 20:00:00+00:00,22.3610493
2025-04-23 21:00:00+00:00,22.33895778
2025-04-23 22:00:00+00:00,22.52858418
2025-04-23 23:00:00+00:00,22.33340435
2025-04-24 00:00:00+00:00,22.2659642
2025-04-24 01:00:00+00:00,22.29086242
2025-04-24 02:00:00+00:00,21.98680839
2025-04-24 03:00:00+00:00,21.86104346
2025-04-24 04:00:00+00:00,21.9963845
2025-04-24 05:00:00+00:00,22.00192603
2025-04-24 06:00:00+00:00,21.99071771
2025-04-24 07:00:00+00:00,21.8818101
2025-04-24 08:00:00+00:00,21.73711621
2025-04-24 09:00:00+00:00,21.99302531
2025-04-24 10:00:00+00:00,21.95498826
2025-04-24 11:00:00+00:00,22.04753251
2025-04-24 12:00:00+00:00,22.10762544
2025-04-24 13:00:00+00:00,22.00542205
2025-04-24 14:00:00+00:00,22.27865518
2025-04-24 15:00:00+00:00,22.339362
2025-04-24 16:00:00+00:00,22.33963884
2025-04-24 17:00:00+00:00,22.12891107
2025-04-24 18:00:00+00:00,22.29971221
2025-04-24 19:00:00+00:00,22.24045384
2025-04-24 20:00:00+00:00,22.23044824
2025-04-24 21:00:00+00:00,22.19166961
2025-04-24 22:00:00+00:00,22.22063211
2025-04-24 23:00:00+00:00,22.37090397
2025-04-25 00:00:00+00:00,22.33785864
2025-04-25 01:00:00+00:00,22.22162897
2025-04-25 02:00:00+00:00,21.85656055
2025-04-25 03:00:00+00:00,22.0815392
2025-04-25 04:00:00+00:00,22.02120007
2025-04-25 05:00:00+00:00,22.13470429
2025-04-25 06:00:00+00:00,22.42024186
2025-04-25 07:00:00+00:00,22.3264715
2025-04-25 08:00:00+00:00,22.45098496
2025-04-25 09:00:00+00:00,22.53502112
2025-04-25 10:00:00+00:00,22.23013956
2025-04-25 11:00:00+00:00,22.55858546
2025-04-25 12:00:00+00:00,22.36156957
2025-04-25 13:00:00+00:00,22.2206042
2025-04-25 14:00:00+00:00,22.76155942
2025-04-25 15:00:00+00:00,22.57991586
2025-04-25 16:00:00+00:00,22.65984536
2025-04-25 17:00:00+00:00,22.34640468
2025-04-25 18:00:00+00:00,22.38849263
2025-04-25 19:00:00+00:00,22.30947812
2025-04-25 20:00:00+00:00,22.36948436
2025-04-25 21:00:00+00:00,22.18871172
2025-04-25 22:00:00+00:00,22.29465964
2025-04-25 23:00:00+00:00,22.17031629
2025-04-26 00:00:00+00:00,22.40726857
2025-04-26 01:00:00+00:00,22.89569516
2025-04-26 02:00:00+00:00,22.79488858
2025-04-26 03:00:00+00:00,22.63835622
2025-04-26 04:00:00+00:00,22.36963314
2025-04-26 05:00:00+00:00,22.39051313
2025-04-26 06:00:00+00:00,22.5286696
2025-04-26 07:00:00+00:00,22.45914978
2025-04-26 08:00:00+00:00,22.44015732
2025-04-26 09:00:00+00:00,22.16675271
2025-04-26 10:00:00+00:00,22.24232191
2025-04-26 11:00:00+00:00,21.95778581
2025-04-26 12:00:00+00:00,21.85560192
2025-04-26 13:00:00+00:00,21.87571756
2025-04-26 14:00:00+00:00,21.92270368
2025-04-26 15:00:00+00:00,22.02912098
2025-04-26 16:00:00+00:00,21.95040974
2025-04-26 17:00:00+00:00,22.00480984
2025-04-26 18:00:00+00:00,21.98398214
2025-04-26 19:00:00+00:00,22.12652394
2025-04-26 20:00:00+00:00,22.09093364
2025-04-26 21:00:00+00:00,22.17075011
2025-04-26 22:00:00+00:00,22.31893348
2025-04-26 23:00:00+00:00,22.40989485
2025-04-27 00:00:00+00:00,22.73819273
2025-04-27 01:00:00+00:00,22.1528637
2025-04-27 02:00:00+00:00,22.17762246
2025-04-27 03:00:00+00:00,22.36911918
2025-04-27 04:00:00+00:00,22.2215468
2025-04-27 05:00:00+00:00,22.1752901
2025-04-27 06:00:00+00:00,22.25024632
2025-04-27 07:00:00+00:00,22.27086045
2025-04-27 08:00:00+00:00,22.40882994
2025-04-27 09:00:00+00:00,22.42973107
2025-04-27 10:00:00+00:00,22.28850945
2025-04-27 11:00:00+00:00,22.07329922
2025-04-27 12:00:00+00:00,22.08247714
2025-04-27 13:00:00+00:00,22.12917729
2025-04-27 14:00:00+00:00,21.94605899
2025-04-27 15:00:00+00:00,21.88976139
2025-04-27 16:00:00+00:00,21.72591398
2025-04-27 17:00:00+00:00,21.80256642
2025-04-27 18:00:00+00:00,21.91325878
2025-04-27 19:00:00+00:00,22.12214237
2025-04-27 20:00:00+00:00,22.03025297
2025-04-27 21:00:00+00:00,22.05622938
2025-04-27 22:00:00+00:00,21.88155008
2025-04-27 23:00:00+00:00,21.71466384
2025-04-28 00:00:00+00:00,21.5191594
2025-04-28 01:00:00+00:00,21.1602654
2025-04-28 02:00:00+00:00,21.41628421
2025-04-28 03:00:00+00:00,21.73154844
2025-04-28 04:00:00+00:00,21.95522959
2025-04-28 05:00:00+00:00,21.92114816
2025-04-28 06:00:00+00:00,22.20418141
2025-04-28 07:00:00+00:00,22.29771792
2025-04-28 08:00:00+00:00,22.24073866
2025-04-28 09:00:00+00:00,22.13610357
2025-04-28 10:00:00+00:00,22.20085464
2025-04-28 11:00:00+00:00,22.26878996
2025-04-28 12:00:00+00:00,22.01634053
2025-04-28 13:00:00+00:00,21.65727391
2025-04-28 14:00:00+00:00,21.7363606
2025-04-28 15:00:00+00:00,21.45684122
2025-04-28 16:00:00+00:00,21.50814292
2025-04-28 17:00:00+00:00,21.78601322
2025-04-28 18:00:00+00:00,21.8460907
2025-04-28 19:00:00+00:00,21.9994103
2025-04-28 20:00:00+00:00,21.87049712
2025-04-28 21:00:00+00:00,21.8085664
2025-04-28 22:00:00+00:00,21.84875142
2025-04-28 23:00:00+00:00,21.83095378
2025-04-29 00:00:00+00:00,21.91370885
2025-04-29 01:00:00+00:00,21.90266144
2025-04-29 02:00:00+00:00,21.73566674
2025-04-29 03:00:00+00:00,21.85235352
2025-04-29 04:00:00+00:00,21.68043359
2025-04-29 05:00:00+00:00,21.77596359
2025-04-29 06:00:00+00:00,22.06939377
2025-04-29 07:00:00+00:00,22.17833523
2025-04-29 08:00:00+00:00,22.19674135
2025-04-29 09:00:00+00:00,22.18709426
2025-04-29 10:00:00+00:00,22.00439162
2025-04-29 11:00:00+00:00,22.13137884
2025-04-29 12:00:00+00:00,22.00883737
2025-04-29 13:00:00+00:00,22.04216942
2025-04-29 14:00:00+00:00,22.14387965
2025-04-29 15:00:00+00:00,22.00185297
2025-04-29 16:00:00+00:00,22.09029155
2025-04-29 17:00:00+00:00,22.11151704
2025-04-29 18:00:00+00:00,22.0792835
2025-04-29 19:00:00+00:00,21.86183859
2025-04-29 20:00:00+00:00,21.78828345
2025-04-29 21:00:00+00:00,21.66075191
2025-04-29 22:00:00+00:00,21.49600048
2025-04-29 23:00:00+00:00,21.56120835
2025-04-30 00:00:00+00:00,21.72508508
2025-04-30 01:00:00+00:00,21.81366412
2025-04-30 02:00:00+00:00,21.81449837
2025-04-30 03:00:00+00:00,21.85301985
2025-04-30 04:00:00+00:00,21.86911223
2025-04-30 05:00:00+00:00,21.63884721
2025-04-30 06:00:00+00:00,21.62037656
2025-04-30 07:00:00+00:00,21.5782674
2025-04-30 08:00:00+00:00,21.48141325
2025-04-30 09:00:00+00:00,21.64494438
2025-04-30 10:00:00+00:00,21.68154288
2025-04-30 11:00:00+00:00,21.64474543
2025-04-30 12:00:00+00:00,21.21337593
2025-04-30 13:00:00+00:00,20.53067998
2025-04-30 14:00:00+00:00,20.86130709
2025-04-30 15:00:00+00:00,20.92405801
2025-04-30 16:00:00+00:00,20.87607145
2025-04-30 17:00:00+00:00,20.97213628
2025-04-30 18:00:00+00:00,20.88389586
2025-04-30 19:00:00+00:00,20.94955237
2025-04-30 20:00:00+00:00,21.07854242
2025-04-30 21:00:00+00:00,21.00532943
2025-04-30 22:00:00+00:00,20.89288479
2025-04-30 23:00:00+00:00,20.91602254
2025-05-01 00:00:00+00:00,21.00706069
2025-05-01 01:00:00+00:00,21.15178344
2025-05-01 02:00:00+00:00,21.06748657
2025-05-01 03:00:00+00:00,20.94877447
2025-05-01 04:00:00+00:00,20.94108457
2025-05-01 05:00:00+00:00,21.15564466
2025-05-01 06:00:00+00:00,21.06402408
2025-05-01 07:00:00+00:00,21.2265855
2025-05-01 08:00:00+00:00,21.32106612
2025-05-01 09:00:00+00:00,21.32741918
2025-05-01 10:00:00+00:00,21.54863877
2025-05-01 11:00:00+00:00,21.46974445
2025-05-01 12:00:00+00:00,21.41614274
2025-05-01 13:00:00+00:00,21.13778787
2025-05-01 14:00:00+00:00,21.39491802
2025-05-01 15:00:00+00:00,21.34905926
2025-05-01 16:00:00+00:00,21.45224988
2025-05-01 17:00:00+00:00,21.36194769
2025-05-01 18:00:00+00:00,21.79579514
2025-05-01 19:00:00+00:00,21.7566091
2025-05-01 20:00:00+00:00,21.65104233
2025-05-01 21:00:00+00:00,21.62814776
2025-05-01 22:00:00+00:00,21.61089988
2025-05-01 23:00:00+00:00,21.63672442
2025-05-02 00:00:00+00:00,21.95824351
2025-05-02 01:00:00+00:00,21.87605616
2025-05-02 02:00:00+00:00,22.00810073
2025-05-02 03:00:00+00:00,21.97540123
2025-05-02 04:00:00+00:00,21.82866885
2025-05-02 05:00:00+00:00,21.68483586
2025-05-02 06:00:00+00:00,21.55620196
2025-05-02 07:00:00+00:00,21.27071619
2025-05-02 08:00:00+00:00,21.40197103
2025-05-02 09:00:00+00:00,21.33805205
2025-05-02 10:00:00+00:00,21.35941771
2025-05-02 11:00:00+00:00,21.3070358
2025-05-02 12:00:00+00:00,21.45709917
2025-05-02 13:00:00+00:00,21.26713492
2025-05-02 14:00:00+00:00,21.61481643
2025-05-02 15:00:00+00:00,21.42105497
2025-05-02 16:00:00+00:00,21.49260893
2025-05-02 17:00:00+00:00,21.38799334
2025-05-02 18:00:00+00:00,21.18788053
2025-05-02 19:00:00+00:00,21.04138472
2025-05-02 20:00:00+00:00,21.14000745
2025-05-02 21:00:00+00:00,21.10784076
2025-05-02 22:00:00+00:00,21.2156685
2025-05-02 23:00:00+00:00,21.2497194
2025-05-03 00:00:00+00:00,21.17728226
2025-05-03 01:00:00+00:00,21.09831417
2025-05-03 02:00:00+00:00,21.1203343
2025-05-03 03:00:00+00:00,21.08239502
2025-05-03 04:00:00+00:00,21.12744194
2025-05-03 05:00:00+00:00,21.04867281
2025-05-03 06:00:00+00:00,20.94664774
2025-05-03 07:00:00+00:00,20.92540758
2025-05-03 08:00:00+00:00,20.99469317
2025-05-03 09:00:00+00:00,20.8975499
2025-05-03 10:00:00+00:00,20.68255822
2025-05-03 11:00:00+00:00,20.69851718
2025-05-03 12:00:00+00:00,20.81065526
2025-05-03 13:00:00+00:00,20.85633861
2025-05-03 14:00:00+00:00,20.91052375
2025-05-03 15:00:00+00:00,20.8683784
2025-05-03 16:00:00+00:00,20.73798048
2025-05-03 17:00:00+00:00,20.70238302
2025-05-03 18:00:00+00:00,20.65864253
2025-05-03 19:00:00+00:00,20.84302089
2025-05-03 20:00:00+00:00,20.80006592
2025-05-03 21:00:00+00:00,20.74645476
2025-05-03 22:00:00+00:00,20.65287303
2025-05-03 23:00:00+00:00,20.51959352
2025-05-04 00:00:00+00:00,20.46826534
2025-05-04 01:00:00+00:00,20.47422994
2025-05-04 02:00:00+00:00,20.37247927
2025-05-04 03:00:00+00:00,20.25122185
2025-05-04 04:00:00+00:00,20.28969379
2025-05-04 05:00:00+00:00,20.37589455
2025-05-04 06:00:00+00:00,20.28116457
2025-05-04 07:00:00+00:00,20.21908758
2025-05-04 08:00:00+00:00,20.1192556
2025-05-04 09:00:00+00:00,20.05520092
2025-05-04 10:00:00+00:00,20.06397993
2025-05-04 11:00:00+00:00,20.07601551
2025-05-04 12:00:00+00:00,20.12176619
2025-05-04 13:00:00+00:00,19.90627042
2025-05-04 14:00:00+00:00,20.02722401
2025-05-04 15:00:00+00:00,19.99963309
2025-05-04 16:00:00+00:00,19.93404992
2025-05-04 17:00:00+00:00,20.00185693
2025-05-04 18:00:00+00:00,20.00002555
2025-05-04 19:00:00+00:00,20.00429237
2025-05-04 20:00:00+00:00,20.15855216
2025-05-04 21:00:00+00:00,20.18661248
2025-05-04 22:00:00+00:00,20.00721408
2025-05-04 23:00:00+00:00,19.90743192
2025-05-05 00:00:00+00:00,20.01762982
2025-05-05 01:00:00+00:00,19.88641883
2025-05-05 02:00:00+00:00,20.17249039
2025-05-05 03:00:00+00:00,19.95130146
2025-05-05 04:00:00+00:00,20.06922388
2025-05-05 05:00:00+00:00,20.1984963
2025-05-05 06:00:00+00:00,20.01989496
2025-05-05 07:00:00+00:00,20.02876338
2025-05-05 08:00:00+00:00,19.93258462
2025-05-05 09:00:00+00:00,19.89172882
2025-05-05 10:00:00+00:00,19.7068021
2025-05-05 11:00:00+00:00,19.47381011
2025-05-05 12:00:00+00:00,19.52458154
2025-05-05 13:00:00+00:00,19.58014659
2025-05-05 14:00:00+00:00,19.50271839
2025-05-05 15:00:00+00:00,19.36611738
2025-05-05 16:00:00+00:00,19.51608909
2025-05-05 17:00:00+00:00,19.66448246
2025-05-05 18:00:00+00:00,19.77372483
2025-05-05 19:00:00+00:00,19.60692827
2025-05-05 20:00:00+00:00,19.52163751
2025-05-05 21:00:00+00:00,19.71249319
2025-05-05 22:00:00+00:00,19.79515738
2025-05-05 23:00:00+00:00,19.68470184
2025-05-06 00:00:00+00:00,19.63618806
2025-05-06 01:00:00+00:00,19.57025907
2025-05-06 02:00:00+00:00,19.64064957
2025-05-06 03:00:00+00:00,19.7562053
2025-05-06 04:00:00+00:00,19.81703419
2025-05-06 05:00:00+00:00,19.72567324
2025-05-06 06:00:00+00:00,19.82446107
2025-05-06 07:00:00+00:00,19.78307616
2025-05-06 08:00:00+00:00,19.77317937
2025-05-06 09:00:00+00:00,19.70041834
2025-05-06 10:00:00+00:00,19.47117839
2025-05-06 11:00:00+00:00,19.41040126
2025-05-06 12:00:00+00:00,19.58807554
2025-05-06 13:00:00+00:00,19.43247768
2025-05-06 14:00:00+00:00,19.63332188
2025-05-06 15:00:00+00:00,19.65034148
2025-05-06 16:00:00+00:00,19.5035125
2025-05-06 17:00:00+00:00,19.6139212
2025-05-06 18:00:00+00:00,19.8377972
2025-05-06 19:00:00+00:00,19.82515086
2025-05-06 20:00:00+00:00,19.60007937
2025-05-06 21:00:00+00:00,19.56545309
2025-05-06 22:00:00+00:00,19.9916774
2025-05-06 23:00:00+00:00,20.00680353
2025-05-07 00:00:00+00:00,20.13666604
2025-05-07 01:00:00+00:00,20.04447004
2025-05-07 02:00:00+00:00,19.84323653
2025-05-07 03:00:00+00:00,19.93835843
2025-05-07 04:00:00+00:00,19.88961079
2025-05-07 05:00:00+00:00,19.74899402
2025-05-07 06:00:00+00:00,19.76731552
2025-05-07 07:00:00+00:00,19.92677303
2025-05-07 08:00:00+00:00,19.95826297
2025-05-07 09:00:00+00:00,19.89102251
2025-05-07 10:00:00+00:00,19.77994798
2025-05-07 11:00:00+00:00,19.77288109
2025-05-07 12:00:00+00:00,19.59194398
2025-05-07 13:00:00+00:00,19.53897037
2025-05-07 14:00:00+00:00,19.45316248
2025-05-07 15:00:00+00:00,19.31308648
2025-05-07 16:00:00+00:00,19.22444639
2025-05-07 17:00:00+00:00,19.17821601
2025-05-07 18:00:00+00:00,19.29697547
2025-05-07 19:00:00+00:00,19.25704119
2025-05-07 20:00:00+00:00,19.35762038
2025-05-07 21:00:00+00:00,19.41804416
2025-05-07 22:00:00+00:00,19.583756
2025-05-07 23:00:00+00:00,19.54538442
2025-05-08 00:00:00+00:00,19.70851746
2025-05-08 01:00:00+00:00,19.73157753
2025-05-08 02:00:00+00:00,19.96935811
2025-05-08 03:00:00+00:00,20.33396203
2025-05-08 04:00:00+00:00,20.50222458
2025-05-08 05:00:00+00:00,20.47228927
2025-05-08 06:00:00+00:00,20.6782662
2025-05-08 07:00:00+00:00,20.84943333
2025-05-08 08:00:00+00:00,20.95134481
2025-05-08 09:00:00+00:00,21.06002834
2025-05-08 10:00:00+00:00,21.03531874
2025-05-08 11:00:00+00:00,20.92150073
2025-05-08 12:00:00+00:00,20.88847905
2025-05-08 13:00:00+00:00,20.72517098
2025-05-08 14:00:00+00:00,20.80541094
2025-05-08 15:00:00+00:00,21.19063058
2025-05-08 16:00:00+00:00,21.32085262
2025-05-08 17:00:00+00:00,21.25249561
2025-05-08 18:00:00+00:00,21.2595787
2025-05-08 19:00:00+00:00,21.42368597
2025-05-08 20:00:00+00:00,21.91642596
2025-05-08 21:00:00+00:00,21.82466165
2025-05-08 22:00:00+00:00,21.84544072
2025-05-08 23:00:00+00:00,22.15849629
2025-05-09 00:00:00+00:00,22.22037881
2025-05-09 01:00:00+00:00,22.3690931
2025-05-09 02:00:00+00:00,22.30044566
2025-05-09 03:00:00+00:00,22.06620392
2025-05-09 04:00:00+00:00,22.09488551
2025-05-09 05:00:00+00:00,22.29005724
2025-05-09 06:00:00+00:00,22.59325832
2025-05-09 07:00:00+00:00,23.01201312
2025-05-09 08:00:00+00:00,23.1785307
2025-05-09 09:00:00+00:00,23.06371227
2025-05-09 10:00:00+00:00,23.55400982
2025-05-09 11:00:00+00:00,23.52968303
2025-05-09 12:00:00+00:00,23.38918733
2025-05-09 13:00:00+00:00,23.58018294
2025-05-09 14:00:00+00:00,23.09152117
2025-05-09 15:00:00+00:00,23.13930462
2025-05-09 16:00:00+00:00,22.83894244
2025-05-09 17:00:00+00:00,23.30591777
2025-05-09 18:00:00+00:00,23.21512496
2025-05-09 19:00:00+00:00,23.09697311
2025-05-09 20:00:00+00:00,23.19023208
2025-05-09 21:00:00+00:00,23.09971978
2025-05-09 22:00:00+00:00,23.04716098
2025-05-09 23:00:00+00:00,23.26888495
2025-05-10 00:00:00+00:00,23.07135501
2025-05-10 01:00:00+00:00,23.33817157
2025-05-10 02:00:00+00:00,23.61753037
2025-05-10 03:00:00+00:00,23.48649088
2025-05-10 04:00:00+00:00,23.48693409
2025-05-10 05:00:00+00:00,23.81969471
2025-05-10 06:00:00+00:00,23.94767342
2025-05-10 07:00:00+00:00,24.17103896
2025-05-10 08:00:00+00:00,24.12291911
2025-05-10 09:00:00+00:00,24.39755483
2025-05-10 10:00:00+00:00,24.4305048
2025-05-10 11:00:00+00:00,24.05746857
2025-05-10 12:00:00+00:00,24.47534154
2025-05-10 13:00:00+00:00,24.52378027
2025-05-10 14:00:00+00:00,24.73245658
2025-05-10 15:00:00+00:00,24.37087902
2025-05-10 16:00:00+00:00,24.62199005
2025-05-10 17:00:00+00:00,24.48040657
2025-05-10 18:00:00+00:00,24.56455528
2025-05-10 19:00:00+00:00,24.52099639
2025-05-10 20:00:00+00:00,24.951352
2025-05-10 21:00:00+00:00,25.52128827
2025-05-10 22:00:00+00:00,25.64015697
2025-05-10 23:00:00+00:00,25.82002723
2025-05-11 00:00:00+00:00,25.50868392
2025-05-11 01:00:00+00:00,25.15169614
2025-05-11 02:00:00+00:00,25.26042334
2025-05-11 03:00:00+00:00,25.31046888
2025-05-11 04:00:00+00:00,25.40494486
2025-05-11 05:00:00+00:00,25.26725436
2025-05-11 06:00:00+00:00,24.89920934
2025-05-11 07:00:00+00:00,24.5319108
2025-05-11 08:00:00+00:00,24.46955394
2025-05-11 09:00:00+00:00,24.77768912
2025-05-11 10:00:00+00:00,24.74718629
2025-05-11 11:00:00+00:00,24.88221179
2025-05-11 12:00:00+00:00,24.74738824
2025-05-11 13:00:00+00:00,24.31659507
2025-05-11 14:00:00+00:00,24.51734269
2025-05-11 15:00:00+00:00,24.3856271
2025-05-11 16:00:00+00:00,24.42276155
2025-05-11 17:00:00+00:00,24.6706477
2025-05-11 18:00:00+00:00,24.86457723
2025-05-11 19:00:00+00:00,24.75009586
2025-05-11 20:00:00+00:00,24.65191347
2025-05-11 21:00:00+00:00,24.76130761
2025-05-11 22:00:00+00:00,24.71027605
2025-05-11 23:00:00+00:00,24.78558589
2025-05-12 00:00:00+00:00,25.01964258
2025-05-12 01:00:00+00:00,24.68176905
2025-05-12 02:00:00+00:00,24.97123626
2025-05-12 03:00:00+00:00,25.1498725
2025-05-12 04:00:00+00:00,25.30206308
2025-05-12 05:00:00+00:00,25.03901565
2025-05-12 06:00:00+00:00,25.54822269
2025-05-12 07:00:00+00:00,26.02780112
2025-05-12 08:00:00+00:00,25.74538832
2025-05-12 09:00:00+00:00,25.52925634
2025-05-12 10:00:00+00:00,25.48708242
2025-05-12 11:00:00+00:00,24.98348494
2025-05-12 12:00:00+00:00,25.4434383
2025-05-12 13:00:00+00:00,25.4957253
2025-05-12 14:00:00+00:00,24.89937108
2025-05-12 15:00:00+00:00,24.72050366
2025-05-12 16:00:00+00:00,24.99329006
2025-05-12 17:00:00+00:00,24.67884724
2025-05-12 18:00:00+00:00,24.09428228
2025-05-12 19:00:00+00:00,24.46742341
2025-05-12 20:00:00+00:00,24.76382264
2025-05-12 21:00:00+00:00,24.78271712
2025-05-12 22:00:00+00:00,24.8778584
2025-05-12 23:00:00+00:00,24.82742964
2025-05-13 00:00:00+00:00,24.41002838
2025-05-13 01:00:00+00:00,24.11532398
2025-05-13 02:00:00+00:00,23.84403131
2025-05-13 03:00:00+00:00,23.52365044
2025-05-13 04:00:00+00:00,24.16485127
2025-05-13 05:00:00+00:00,24.13534514
2025-05-13 06:00:00+00:00,24.2957175
2025-05-13 07:00:00+00:00,24.29393038
2025-05-13 08:00:00+00:00,24.33913563
2025-05-13 09:00:00+00:00,24.5641277
2025-05-13 10:00:00+00:00,24.4940919
2025-05-13 11:00:00+00:00,24.52006984
2025-05-13 12:00:00+00:00,24.69356998
2025-05-13 13:00:00+00:00,24.76722552
2025-05-13 14:00:00+00:00,24.60815156
2025-05-13 15:00:00+00:00,24.90076331
2025-05-13 16:00:00+00:00,25.22845941
2025-05-13 17:00:00+00:00,25.25129446
2025-05-13 18:00:00+00:00,25.51413649
2025-05-13 19:00:00+00:00,25.80819584
2025-05-13 20:00:00+00:00,25.89877821
2025-05-13 21:00:00+00:00,25.82074487
2025-05-13 22:00:00+00:00,25.75951325
2025-05-13 23:00:00+00:00,25.72355159
2025-05-14 00:00:00+00:00,25.87971912
2025-05-14 01:00:00+00:00,25.91188208
2025-05-14 02:00:00+00:00,26.22581536
2025-05-14 03:00:00+00:00,26.09377348
2025-05-14 04:00:00+00:00,26.47802681
2025-05-14 05:00:00+00:00,26.46850691
2025-05-14 06:00:00+00:00,26.49162238
2025-05-14 07:00:00+00:00,26.03404825
2025-05-14 08:00:00+00:00,25.45032612
2025-05-14 09:00:00+00:00,25.65917302
2025-05-14 10:00:00+00:00,25.74713795
2025-05-14 11:00:00+00:00,25.92814416
2025-05-14 12:00:00+00:00,25.65255149
2025-05-14 13:00:00+00:00,25.66689494
2025-05-14 14:00:00+00:00,25.34951132
2025-05-14 15:00:00+00:00,25.40837208
2025-05-14 16:00:00+00:00,25.29132335
2025-05-14 17:00:00+00:00,25.21593279
2025-05-14 18:00:00+00:00,25.16488718
2025-05-14 19:00:00+00:00,25.25500254
2025-05-14 20:00:00+00:00,25.13351426
2025-05-14 21:00:00+00:00,25.16011863
2025-05-14 22:00:00+00:00,24.84037152
2025-05-14 23:00:00+00:00,24.95912853
2025-05-15 00:00:00+00:00,25.06080311
2025-05-15 01:00:00+00:00,24.52518613
2025-05-15 02:00:00+00:00,24.58804577
2025-05-15 03:00:00+00:00,24.40221514
2025-05-15 04:00:00+00:00,24.58901387
2025-05-15 05:00:00+00:00,24.28900456
2025-05-15 06:00:00+00:00,24.12466193
2025-05-15 07:00:00+00:00,23.56758876
2025-05-15 08:00:00+00:00,24.16284038
2025-05-15 09:00:00+00:00,23.80685295
2025-05-15 10:00:00+00:00,23.71137495
2025-05-15 11:00:00+00:00,23.96009552
2025-05-15 12:00:00+00:00,23.8179873
2025-05-15 13:00:00+00:00,23.59652618
2025-05-15 14:00:00+00:00,23.2945496
2025-05-15 15:00:00+00:00,23.79878818
2025-05-15 16:00:00+00:00,24.09038542
2025-05-15 17:00:00+00:00,23.91942187
2025-05-15 18:00:00+00:00,23.35042229
2025-05-15 19:00:00+00:00,23.50353857
2025-05-15 20:00:00+00:00,23.39617394
2025-05-15 21:00:00+00:00,23.36822839
2025-05-15 22:00:00+00:00,23.32225104
2025-05-15 23:00:00+00:00,23.50508871
2025-05-16 00:00:00+00:00,23.48117495
2025-05-16 01:00:00+00:00,23.64002694
2025-05-16 02:00:00+00:00,23.86038857
2025-05-16 03:00:00+00:00,23.91958695
2025-05-16 04:00:00+00:00,23.86474957
2025-05-16 05:00:00+00:00,23.92440012
2025-05-16 06:00:00+00:00,23.89117689
2025-05-16 07:00:00+00:00,23.78736455
2025-05-16 08:00:00+00:00,23.41712755
2025-05-16 09:00:00+00:00,23.75664596
2025-05-16 10:00:00+00:00,23.9075257
2025-05-16 11:00:00+00:00,23.82467232
2025-05-16 12:00:00+00:00,23.67793757
2025-05-16 13:00:00+00:00,23.92451521
2025-05-16 14:00:00+00:00,23.57170008
2025-05-16 15:00:00+00:00,23.73490465
2025-05-16 16:00:00+00:00,23.63315665
2025-05-16 17:00:00+00:00,23.41901663
2025-05-16 18:00:00+00:00,23.47122328
2025-05-16 19:00:00+00:00,23.56984896
2025-05-16 20:00:00+00:00,23.25129646
2025-05-16 21:00:00+00:00,23.20624019
2025-05-16 22:00:00+00:00,22.92785049
2025-05-16 23:00:00+00:00,23.06110318
2025-05-17 00:00:00+00:00,22.71897294
2025-05-17 01:00:00+00:00,22.46118986
2025-05-17 02:00:00+00:00,22.60308292
2025-05-17 03:00:00+00:00,22.75645839
2025-05-17 04:00:00+00:00,23.05051075
2025-05-17 05:00:00+00:00,22.75031369
2025-05-17 06:00:00+00:00,22.8744262
2025-05-17 07:00:00+00:00,22.8087336
2025-05-17 08:00:00+00:00,22.75460597
2025-05-17 09:00:00+00:00,22.71721008
2025-05-17 10:00:00+00:00,22.80168262
2025-05-17 11:00:00+00:00,22.77336118
2025-05-17 12:00:00+00:00,22.59896517
2025-05-17 13:00:00+00:00,22.37286573
2025-05-17 14:00:00+00:00,22.66964889
2025-05-17 15:00:00+00:00,22.46134524
2025-05-17 16:00:00+00:00,22.31784659
2025-05-17 17:00:00+00:00,22.3508708
2025-05-17 18:00:00+00:00,22.21165382
2025-05-17 19:00:00+00:00,22.18136124
2025-05-17 20:00:00+00:00,22.5111546
2025-05-17 21:00:00+00:00,22.40185021
2025-05-17 22:00:00+00:00,22.08946093
2025-05-17 23:00:00+00:00,22.17297435
2025-05-18 00:00:00+00:00,22.26686719
2025-05-18 01:00:00+00:00,22.3193567
2025-05-18 02:00:00+00:00,22.20841936
2025-05-18 03:00:00+00:00,22.19386841
2025-05-18 04:00:00+00:00,22.45003664
2025-05-18 05:00:00+00:00,22.88964373
2025-05-18 06:00:00+00:00,22.72727287
2025-05-18 07:00:00+00:00,23.13274955
2025-05-18 08:00:00+00:00,23.25840559
2025-05-18 09:00:00+00:00,23.02763836
2025-05-18 10:00:00+00:00,23.03853929
2025-05-18 11:00:00+00:00,22.92598932
2025-05-18 12:00:00+00:00,23.0300133
2025-05-18 13:00:00+00:00,23.2667457
2025-05-18 14:00:00+00:00,23.54766878
2025-05-18 15:00:00+00:00,23.76036851
2025-05-18 16:00:00+00:00,23.53672651
2025-05-18 17:00:00+00:00,22.94277013
2025-05-18 18:00:00+00:00,22.47791608
2025-05-18 19:00:00+00:00,22.03628247
2025-05-18 20:00:00+00:00,22.09461805
2025-05-18 21:00:00+00:00,22.3194844
2025-05-18 22:00:00+00:00,22.70450025
2025-05-18 23:00:00+00:00,23.06201488
2025-05-19 00:00:00+00:00,22.47714963
2025-05-19 01:00:00+00:00,22.36047521
2025-05-19 02:00:00+00:00,22.11674554
2025-05-19 03:00:00+00:00,21.9089677
2025-05-19 04:00:00+00:00,21.6263407
2025-05-19 05:00:00+00:00,21.71556573
2025-05-19 06:00:00+00:00,21.28321336
2025-05-19 07:00:00+00:00,21.68353142
2025-05-19 08:00:00+00:00,21.65516299
2025-05-19 09:00:00+00:00,21.64763636
2025-05-19 10:00:00+00:00,21.63298483
2025-05-19 11:00:00+00:00,21.68114582
2025-05-19 12:00:00+00:00,21.50762362
2025-05-19 13:00:00+00:00,21.86240933
2025-05-19 14:00:00+00:00,21.96835423
2025-05-19 15:00:00+00:00,22.0908853
2025-05-19 16:00:00+00:00,22.38104403
2025-05-19 17:00:00+00:00,22.28526485
2025-05-19 18:00:00+00:00,22.16476769
2025-05-19 19:00:00+00:00,22.29389848
2025-05-19 20:00:00+00:00,22.2273964
2025-05-19 21:00:00+00:00,22.20798375
2025-05-19 22:00:00+00:00,22.09343638
2025-05-19 23:00:00+00:00,22.25366672
2025-05-20 00:00:00+00:00,22.13225167
2025-05-20 01:00:00+00:00,22.48638835
2025-05-20 02:00:00+00:00,22.51532197
2025-05-20 03:00:00+00:00,22.41085815
2025-05-20 04:00:00+00:00,22.55906041
2025-05-20 05:00:00+00:00,22.48241325
2025-05-20 06:00:00+00:00,22.46961896
2025-05-20 07:00:00+00:00,22.24787577
2025-05-20 08:00:00+00:00,22.28023208
2025-05-20 09:00:00+00:00,22.24588335
2025-05-20 10:00:00+00:00,22.15800433
2025-05-20 11:00:00+00:00,22.13065439
2025-05-20 12:00:00+00:00,21.96195922
2025-05-20 13:00:00+00:00,21.98118
2025-05-20 14:00:00+00:00,21.9844644
2025-05-20 15:00:00+00:00,22.1404971
2025-05-20 16:00:00+00:00,22.03070463
2025-05-20 17:00:00+00:00,22.2514409
2025-05-20 18:00:00+00:00,21.82171967
2025-05-20 19:00:00+00:00,22.4046075
2025-05-20 20:00:00+00:00,22.52802831
2025-05-20 21:00:00+00:00,22.6875582
2025-05-20 22:00:00+00:00,22.59396349
2025-05-20 23:00:00+00:00,22.60025326
2025-05-21 00:00:00+00:00,22.49874332
2025-05-21 01:00:00+00:00,22.36550778
2025-05-21 02:00:00+00:00,22.44326231
2025-05-21 03:00:00+00:00,22.54172645
2025-05-21 04:00:00+00:00,22.62973019
2025-05-21 05:00:00+00:00,22.77885021
2025-05-21 06:00:00+00:00,22.86686549
2025-05-21 07:00:00+00:00,22.55372224
2025-05-21 08:00:00+00:00,22.56007732
2025-05-21 09:00:00+00:00,22.42901852
2025-05-21 10:00:00+00:00,22.56091957
2025-05-21 11:00:00+00:00,22.75364325
2025-05-21 12:00:00+00:00,22.70213941
2025-05-21 13:00:00+00:00,22.7430163
2025-05-21 14:00:00+00:00,23.12444799
2025-05-21 15:00:00+00:00,23.22069173
2025-05-21 16:00:00+00:00,23.47262092
2025-05-21 17:00:00+00:00,22.55991787
2025-05-21 18:00:00+00:00,22.55165429
2025-05-21 19:00:00+00:00,22.87040404
2025-05-21 20:00:00+00:00,22.72991249
2025-05-21 21:00:00+00:00,22.71221741
2025-05-21 22:00:00+00:00,23.01177088
2025-05-21 23:00:00+00:00,23.17069841
2025-05-22 00:00:00+00:00,23.49825214
2025-05-22 01:00:00+00:00,23.39213189
2025-05-22 02:00:00+00:00,23.53007651
2025-05-22 03:00:00+00:00,23.78139601
2025-05-22 04:00:00+00:00,23.91029067
2025-05-22 05:00:00+00:00,23.81190003
2025-05-22 06:00:00+00:00,24.01653875
2025-05-22 07:00:00+00:00,24.13801982
2025-05-22 08:00:00+00:00,24.28665689
2025-05-22 09:00:00+00:00,24.47946646
2025-05-22 10:00:00+00:00,24.91103672
2025-05-22 11:00:00+00:00,25.10105556
2025-05-22 12:00:00+00:00,25.21103374
2025-05-22 13:00:00+00:00,24.85015531
2025-05-22 14:00:00+00:00,25.20909047
2025-05-22 15:00:00+00:00,25.04050226
2025-05-22 16:00:00+00:00,25.17859794
2025-05-22 17:00:00+00:00,25.15005784
2025-05-22 18:00:00+00:00,25.25430667
2025-05-22 19:00:00+00:00,25.0784415
2025-05-22 20:00:00+00:00,24.93966926
2025-05-22 21:00:00+00:00,24.85932425
2025-05-22 22:00:00+00:00,24.90666995
2025-05-22 23:00:00+00:00,25.25881322
2025-05-23 00:00:00+00:00,25.16985271
2025-05-23 01:00:00+00:00,25.33641284
2025-05-23 02:00:00+00:00,25.64822005
2025-05-23 03:00:00+00:00,25.743301
2025-05-23 04:00:00+00:00,25.55845516
2025-05-23 05:00:00+00:00,25.43882725
2025-05-23 06:00:00+00:00,25.02703381
2025-05-23 07:00:00+00:00,25.09467058
2025-05-23 08:00:00+00:00,25.50994756
2025-05-23 09:00:00+00:00,25.94148492
2025-05-23 10:00:00+00:00,25.63751285
2025-05-23 11:00:00+00:00,24.41821871
2025-05-23 12:00:00+00:00,24.24010829
2025-05-23 13:00:00+00:00,24.87074706
2025-05-23 14:00:00+00:00,24.87205544
2025-05-23 15:00:00+00:00,24.46361633
2025-05-23 16:00:00+00:00,24.44812536
2025-05-23 17:00:00+00:00,24.38976157
2025-05-23 18:00:00+00:00,24.14086121
2025-05-23 19:00:00+00:00,24.01505379
2025-05-23 20:00:00+00:00,23.69098855
2025-05-23 21:00:00+00:00,23.6818241
2025-05-23 22:00:00+00:00,23.53819324
2025-05-23 23:00:00+00:00,23.07123884
2025-05-24 00:00:00+00:00,22.98626746
2025-05-24 01:00:00+00:00,23.0393824
2025-05-24 02:00:00+00:00,23.25651223
2025-05-24 03:00:00+00:00,23.28224719
2025-05-24 04:00:00+00:00,23.39005672
2025-05-24 05:00:00+00:00,23.19484475
2025-05-24 06:00:00+00:00,23.1560242
2025-05-24 07:00:00+00:00,23.13887784
2025-05-24 08:00:00+00:00,23.14967115
2025-05-24 09:00:00+00:00,23.08825243
2025-05-24 10:00:00+00:00,23.36800467
2025-05-24 11:00:00+00:00,23.22671215
2025-05-24 12:00:00+00:00,23.18297948
2025-05-24 13:00:00+00:00,23.01267761
2025-05-24 14:00:00+00:00,23.17373011
2025-05-24 15:00:00+00:00,23.14018978
2025-05-24 16:00:00+00:00,23.07181916
2025-05-24 17:00:00+00:00,22.96946882
2025-05-24 18:00:00+00:00,22.85502068
2025-05-24 19:00:00+00:00,23.02611013
2025-05-24 20:00:00+00:00,23.003283
2025-05-24 21:00:00+00:00,22.95716761
2025-05-24 22:00:00+00:00,22.83409442
2025-05-24 23:00:00+00:00,22.95804764
2025-05-25 00:00:00+00:00,22.67874711
2025-05-25 01:00:00+00:00,22.65927102
2025-05-25 02:00:00+00:00,22.82792492
2025-05-25 03:00:00+00:00,22.90327526
2025-05-25 04:00:00+00:00,22.91390945
2025-05-25 05:00:00+00:00,22.83058353
2025-05-25 06:00:00+00:00,22.70468757
2025-05-25 07:00:00+00:00,22.47384946
2025-05-25 08:00:00+00:00,22.21041221
2025-05-25 09:00:00+00:00,22.33367033
2025-05-25 10:00:00+00:00,22.16208752
2025-05-25 11:00:00+00:00,22.37746239
2025-05-25 12:00:00+00:00,22.48778582
2025-05-25 13:00:00+00:00,22.44942825
2025-05-25 14:00:00+00:00,22.27150748
2025-05-25 15:00:00+00:00,22.26081326
2025-05-25 16:00:00+00:00,22.23372895
2025-05-25 17:00:00+00:00,22.31271393
2025-05-25 18:00:00+00:00,22.31764029
2025-05-25 19:00:00+00:00,22.49000974
2025-05-25 20:00:00+00:00,22.42245559
2025-05-25 21:00:00+00:00,22.40754217
2025-05-25 22:00:00+00:00,23.37019426
2025-05-25 23:00:00+00:00,23.42408197
2025-05-26 00:00:00+00:00,23.75094676
2025-05-26 01:00:00+00:00,23.57661818
2025-05-26 02:00:00+00:00,23.27366646
2025-05-26 03:00:00+00:00,23.36737625
2025-05-26 04:00:00+00:00,23.41481251
2025-05-26 05:00:00+00:00,23.45390041
2025-05-26 06:00:00+00:00,23.77610257
2025-05-26 07:00:00+00:00,23.90868934
2025-05-26 08:00:00+00:00,23.65574936
2025-05-26 09:00:00+00:00,23.61581848
2025-05-26 10:00:00+00:00,23.59851145
2025-05-26 11:00:00+00:00,23.69978594
2025-05-26 12:00:00+00:00,23.79557226
2025-05-26 13:00:00+00:00,23.35081865
2025-05-26 14:00:00+00:00,23.37898017
2025-05-26 15:00:00+00:00,23.48226262
2025-05-26 16:00:00+00:00,23.14540581
2025-05-26 17:00:00+00:00,23.05649957
2025-05-26 18:00:00+00:00,23.00374645
2025-05-26 19:00:00+00:00,22.99881963
2025-05-26 20:00:00+00:00,23.12047232
2025-05-26 21:00:00+00:00,23.10146615
2025-05-26 22:00:00+00:00,22.95865933
2025-05-26 23:00:00+00:00,23.06784412
2025-05-27 00:00:00+00:00,22.87649444
2025-05-27 01:00:00+00:00,22.71381245
2025-05-27 02:00:00+00:00,22.793709
2025-05-27 03:00:00+00:00,23.02140589
2025-05-27 04:00:00+00:00,23.51472019
2025-05-27 05:00:00+00:00,23.57687129
2025-05-27 06:00:00+00:00,23.33997695
2025-05-27 07:00:00+00:00,23.49063208
2025-05-27 08:00:00+00:00,23.59147184
2025-05-27 09:00:00+00:00,23.64820257
2025-05-27 10:00:00+00:00,23.54128586
2025-05-27 11:00:00+00:00,23.61906942
2025-05-27 12:00:00+00:00,23.61063554
2025-05-27 13:00:00+00:00,23.46766836
2025-05-27 14:00:00+00:00,23.30058734
2025-05-27 15:00:00+00:00,23.44802827
2025-05-27 16:00:00+00:00,23.50092603
2025-05-27 17:00:00+00:00,23.73068781
2025-05-27 18:00:00+00:00,23.52138548
2025-05-27 19:00:00+00:00,23.4059142
2025-05-27 20:00:00+00:00,23.5274006
2025-05-27 21:00:00+00:00,23.28737063
2025-05-27 22:00:00+00:00,23.28249054
2025-05-27 23:00:00+00:00,23.37555294
2025-05-28 00:00:00+00:00,23.60159933
2025-05-28 01:00:00+00:00,23.4939587
2025-05-28 02:00:00+00:00,23.60300907
2025-05-28 03:00:00+00:00,23.57235258
2025-05-28 04:00:00+00:00,23.53083448
2025-05-28 05:00:00+00:00,23.47778098
2025-05-28 06:00:00+00:00,23.21423595
2025-05-28 07:00:00+00:00,23.2830534
2025-05-28 08:00:00+00:00,23.46870605
2025-05-28 09:00:00+00:00,23.2139133
2025-05-28 10:00:00+00:00,23.48930118
2025-05-28 11:00:00+00:00,23.55802753
2025-05-28 12:00:00+00:00,23.62798969
2025-05-28 13:00:00+00:00,23.25884293
2025-05-28 14:00:00+00:00,23.04796775
2025-05-28 15:00:00+00:00,22.86546097
2025-05-28 16:00:00+00:00,23.1206271
2025-05-28 17:00:00+00:00,23.13192431
2025-05-28 18:00:00+00:00,22.92663214
2025-05-28 19:00:00+00:00,22.82583013
2025-05-28 20:00:00+00:00,23.1024429
2025-05-28 21:00:00+00:00,23.25667674
2025-05-28 22:00:00+00:00,23.06056409
2025-05-28 23:00:00+00:00,23.60156761
2025-05-29 00:00:00+00:00,23.94050631
2025-05-29 01:00:00+00:00,23.79983425
2025-05-29 02:00:00+00:00,24.24876166
2025-05-29 03:00:00+00:00,24.19147024
2025-05-29 04:00:00+00:00,23.74935804
2025-05-29 05:00:00+00:00,23.64332436
2025-05-29 06:00:00+00:00,23.67180803
2025-05-29 07:00:00+00:00,23.71885693
2025-05-29 08:00:00+00:00,23.65542464
2025-05-29 09:00:00+00:00,23.49805454
2025-05-29 10:00:00+00:00,23.46948124
2025-05-29 11:00:00+00:00,23.42658824
2025-05-29 12:00:00+00:00,23.20838579
2025-05-29 13:00:00+00:00,22.97977245
2025-05-29 14:00:00+00:00,23.0203089
2025-05-29 15:00:00+00:00,22.78413363
2025-05-29 16:00:00+00:00,22.75994492
2025-05-29 17:00:00+00:00,22.86929561
2025-05-29 18:00:00+00:00,22.62359421
2025-05-29 19:00:00+00:00,22.62502654
2025-05-29 20:00:00+00:00,22.6641435
2025-05-29 21:00:00+00:00,22.74274438
2025-05-29 22:00:00+00:00,22.45252774
2025-05-29 23:00:00+00:00,22.25173081
2025-05-30 00:00:00+00:00,21.39877736
2025-05-30 01:00:00+00:00,21.56527641
2025-05-30 02:00:00+00:00,21.72986265
2025-05-30 03:00:00+00:00,21.83216578
2025-05-30 04:00:00+00:00,21.79742343
2025-05-30 05:00:00+00:00,21.83621044
2025-05-30 06:00:00+00:00,21.42018055
2025-05-30 07:00:00+00:00,21.44067881
2025-05-30 08:00:00+00:00,21.47042221
2025-05-30 09:00:00+00:00,21.5640387
2025-05-30 10:00:00+00:00,21.58362334
2025-05-30 11:00:00+00:00,21.79970264
2025-05-30 12:00:00+00:00,21.80225577
2025-05-30 13:00:00+00:00,21.46215468
2025-05-30 14:00:00+00:00,21.61730303
2025-05-30 15:00:00+00:00,21.4789797
2025-05-30 16:00:00+00:00,20.99950282
2025-05-30 17:00:00+00:00,21.12000233
2025-05-30 18:00:00+00:00,21.35443488
2025-05-30 19:00:00+00:00,21.2693114
2025-05-30 20:00:00+00:00,21.2038779
2025-05-30 21:00:00+00:00,21.06819756
2025-05-30 22:00:00+00:00,20.60217902
2025-05-30 23:00:00+00:00,20.55801878
2025-05-31 00:00:00+00:00,20.19636799
2025-05-31 01:00:00+00:00,20.12379387
2025-05-31 02:00:00+00:00,19.96619029
2025-05-31 03:00:00+00:00,20.0690747
2025-05-31 04:00:00+00:00,20.1717253
2025-05-31 05:00:00+00:00,20.01611456
2025-05-31 06:00:00+00:00,20.17871755
2025-05-31 07:00:00+00:00,20.14820985
2025-05-31 08:00:00+00:00,20.22151251
2025-05-31 09:00:00+00:00,20.13035373
2025-05-31 10:00:00+00:00,20.18063444
2025-05-31 11:00:00+00:00,20.20147089
2025-05-31 12:00:00+00:00,20.55515526
2025-05-31 13:00:00+00:00,20.57423029
2025-05-31 14:00:00+00:00,20.71152797
2025-05-31 15:00:00+00:00,20.67554533
2025-05-31 16:00:00+00:00,20.94938633
2025-05-31 17:00:00+00:00,20.69855487
2025-05-31 18:00:00+00:00,20.89739591
2025-05-31 19:00:00+00:00,20.8844144
2025-05-31 20:00:00+00:00,20.99681678
2025-05-31 21:00:00+00:00,20.9675453
2025-05-31 22:00:00+00:00,20.85889148
2025-05-31 23:00:00+00:00,20.79828338
2025-06-01 00:00:00+00:00,20.76781297
2025-06-01 01:00:00+00:00,20.63105801
2025-06-01 02:00:00+00:00,20.68023768
2025-06-01 03:00:00+00:00,20.68037855
2025-06-01 04:00:00+00:00,20.85872954
2025-06-01 05:00:00+00:00,20.78483401
2025-06-01 06:00:00+00:00,20.66598665
2025-06-01 07:00:00+00:00,20.6646739
2025-06-01 08:00:00+00:00,20.6097507
2025-06-01 09:00:00+00:00,20.37002603
2025-06-01 10:00:00+00:00,20.41008358
2025-06-01 11:00:00+00:00,20.4001925
2025-06-01 12:00:00+00:00,20.27370003
2025-06-01 13:00:00+00:00,20.43307761
2025-06-01 14:00:00+00:00,20.64188539
2025-06-01 15:00:00+00:00,20.70889952
2025-06-01 16:00:00+00:00,20.80658595
2025-06-01 17:00:00+00:00,20.74845755
2025-06-01 18:00:00+00:00,20.55729167
2025-06-01 19:00:00+00:00,20.66150771
2025-06-01 20:00:00+00:00,20.67705846
2025-06-01 21:00:00+00:00,20.85295857
2025-06-01 22:00:00+00:00,20.8306674
2025-06-01 23:00:00+00:00,20.88102012
2025-06-02 00:00:00+00:00,20.8691158
2025-06-02 01:00:00+00:00,20.76023747
2025-06-02 02:00:00+00:00,20.65788621
2025-06-02 03:00:00+00:00,20.56706786
2025-06-02 04:00:00+00:00,20.58103321
2025-06-02 05:00:00+00:00,20.59555364
2025-06-02 06:00:00+00:00,20.6516396
2025-06-02 07:00:00+00:00,20.680788
2025-06-02 08:00:00+00:00,20.61740152
2025-06-02 09:00:00+00:00,20.35958044
2025-06-02 10:00:00+00:00,20.33471178
2025-06-02 11:00:00+00:00,20.32375482
2025-06-02 12:00:00+00:00,20.49278589
2025-06-02 13:00:00+00:00,20.43709149
2025-06-02 14:00:00+00:00,20.51066484
2025-06-02 15:00:00+00:00,20.56938151
2025-06-02 16:00:00+00:00,20.53663206
2025-06-02 17:00:00+00:00,20.55246978
2025-06-02 18:00:00+00:00,20.61113415
2025-06-02 19:00:00+00:00,20.54052354
2025-06-02 20:00:00+00:00,20.69416913
2025-06-02 21:00:00+00:00,20.88729923
2025-06-02 22:00:00+00:00,21.12095579
2025-06-02 23:00:00+00:00,21.15286906
2025-06-03 00:00:00+00:00,21.35798675
2025-06-03 01:00:00+00:00,21.65976514
2025-06-03 02:00:00+00:00,21.45561927
2025-06-03 03:00:00+00:00,21.27176005
2025-06-03 04:00:00+00:00,21.14020793
2025-06-03 05:00:00+00:00,21.41532627
2025-06-03 06:00:00+00:00,21.45182455
2025-06-03 07:00:00+00:00,21.29430412
2025-06-03 08:00:00+00:00,21.22117877
2025-06-03 09:00:00+00:00,21.21046668
2025-06-03 10:00:00+00:00,21.22710787
2025-06-03 11:00:00+00:00,21.22925085
2025-06-03 12:00:00+00:00,21.23227956
2025-06-03 13:00:00+00:00,21.3023558
2025-06-03 14:00:00+00:00,21.53540063
2025-06-03 15:00:00+00:00,21.36749233
2025-06-03 16:00:00+00:00,21.28640416
2025-06-03 17:00:00+00:00,21.44205603
2025-06-03 18:00:00+00:00,21.4418571
2025-06-03 19:00:00+00:00,21.55079237
2025-06-03 20:00:00+00:00,21.22955326
2025-06-03 21:00:00+00:00,20.99479308
2025-06-03 22:00:00+00:00,21.20711781
2025-06-03 23:00:00+00:00,21.14095274
2025-06-04 00:00:00+00:00,21.27982115
2025-06-04 01:00:00+00:00,21.51501405
2025-06-04 02:00:00+00:00,21.4250638
2025-06-04 03:00:00+00:00,21.48559666
2025-06-04 04:00:00+00:00,21.40051526
2025-06-04 05:00:00+00:00,21.34241439
2025-06-04 06:00:00+00:00,21.47173224
2025-06-04 07:00:00+00:00,21.41754606
2025-06-04 08:00:00+00:00,21.41020422
2025-06-04 09:00:00+00:00,21.32316445
2025-06-04 10:00:00+00:00,21.19928949
2025-06-04 11:00:00+00:00,21.04151358
2025-06-04 12:00:00+00:00,20.95894661
2025-06-04 13:00:00+00:00,20.88041985
2025-06-04 14:00:00+00:00,20.96551007
2025-06-04 15:00:00+00:00,21.09290491
2025-06-04 16:00:00+00:00,21.05027352
2025-06-04 17:00:00+00:00,20.83808253
2025-06-04 18:00:00+00:00,20.81316989
2025-06-04 19:00:00+00:00,20.67063462
2025-06-04 20:00:00+00:00,20.18934089
2025-06-04 21:00:00+00:00,20.35019308
2025-06-04 22:00:00+00:00,20.19629806
2025-06-04 23:00:00+00:00,20.08317832
2025-06-05 00:00:00+00:00,20.14830326
2025-06-05 01:00:00+00:00,20.0303124
2025-06-05 02:00:00+00:00,20.1770846
2025-06-05 03:00:00+00:00,20.21582235
2025-06-05 04:00:00+00:00,20.3239299
2025-06-05 05:00:00+00:00,20.11861476
2025-06-05 06:00:00+00:00,20.07981019
2025-06-05 07:00:00+00:00,20.21632394
2025-06-05 08:00:00+00:00,20.21427042
2025-06-05 09:00:00+00:00,20.26952828
2025-06-05 10:00:00+00:00,20.11139668
2025-06-05 11:00:00+00:00,20.18059805
2025-06-05 12:00:00+00:00,20.46730625
2025-06-05 13:00:00+00:00,20.02587248
2025-06-05 14:00:00+00:00,20.03809784
2025-06-05 15:00:00+00:00,19.99039993
2025-06-05 16:00:00+00:00,19.62820187
2025-06-05 17:00:00+00:00,19.65915475
2025-06-05 18:00:00+00:00,19.69617087
2025-06-05 19:00:00+00:00,19.27758675
2025-06-05 20:00:00+00:00,18.48049945
2025-06-05 21:00:00+00:00,18.8195155
2025-06-05 22:00:00+00:00,18.81384022
2025-06-05 23:00:00+00:00,18.74975797
2025-06-06 00:00:00+00:00,18.8592806
2025-06-06 01:00:00+00:00,18.8583845
2025-06-06 02:00:00+00:00,18.97047647
2025-06-06 03:00:00+00:00,19.16712368
2025-06-06 04:00:00+00:00,19.33653543
2025-06-06 05:00:00+00:00,19.33918276
2025-06-06 06:00:00+00:00,19.37345533
2025-06-06 07:00:00+00:00,19.35531568
2025-06-06 08:00:00+00:00,19.3987946
2025-06-06 09:00:00+00:00,19.29223702
2025-06-06 10:00:00+00:00,19.3484034
2025-06-06 11:00:00+00:00,19.36681451
2025-06-06 12:00:00+00:00,19.43590908
2025-06-06 13:00:00+00:00,19.63344407
2025-06-06 14:00:00+00:00,19.8523109
2025-06-06 15:00:00+00:00,19.7089979
2025-06-06 16:00:00+00:00,19.59577182
2025-06-06 17:00:00+00:00,19.63170451
2025-06-06 18:00:00+00:00,19.42622337
2025-06-06 19:00:00+00:00,19.40489794
2025-06-06 20:00:00+00:00,19.51541579
2025-06-06 21:00:00+00:00,19.74848188
2025-06-06 22:00:00+00:00,19.75007398
2025-06-06 23:00:00+00:00,19.64254973
2025-06-07 00:00:00+00:00,19.84768733
2025-06-07 01:00:00+00:00,19.69706263
2025-06-07 02:00:00+00:00,19.87968634
2025-06-07 03:00:00+00:00,20.10004439
2025-06-07 04:00:00+00:00,20.11349827
2025-06-07 05:00:00+00:00,20.28948107
2025-06-07 06:00:00+00:00,20.42466751
2025-06-07 07:00:00+00:00,20.64857084
2025-06-07 08:00:00+00:00,20.64032765
2025-06-07 09:00:00+00:00,20.70066417
2025-06-07 10:00:00+00:00,20.89212183
2025-06-07 11:00:00+00:00,21.03874575
2025-06-07 12:00:00+00:00,21.00575131
2025-06-07 13:00:00+00:00,20.9719573
2025-06-07 14:00:00+00:00,20.89397049
2025-06-07 15:00:00+00:00,20.90021983
2025-06-07 16:00:00+00:00,20.68001524
2025-06-07 17:00:00+00:00,20.69253833
2025-06-07 18:00:00+00:00,20.74878166
2025-06-07 19:00:00+00:00,20.82635093
2025-06-07 20:00:00+00:00,20.82104422
2025-06-07 21:00:00+00:00,20.85970628
2025-06-07 22:00:00+00:00,20.84516903
2025-06-07 23:00:00+00:00,20.65093921
2025-06-08 00:00:00+00:00,20.48570612
2025-06-08 01:00:00+00:00,20.56582899
2025-06-08 02:00:00+00:00,20.40274482
2025-06-08 03:00:00+00:00,20.35370134
2025-06-08 04:00:00+00:00,20.3597077
2025-06-08 05:00:00+00:00,20.27876529
2025-06-08 06:00:00+00:00,20.25990729
2025-06-08 07:00:00+00:00,20.27764392
2025-06-08 08:00:00+00:00,20.62465122
2025-06-08 09:00:00+00:00,20.17962423
2025-06-08 10:00:00+00:00,20.31019592
2025-06-08 11:00:00+00:00,20.49012413
2025-06-08 12:00:00+00:00,20.47096961
2025-06-08 13:00:00+00:00,20.50282119
2025-06-08 14:00:00+00:00,20.68993777
2025-06-08 15:00:00+00:00,20.68149017
2025-06-08 16:00:00+00:00,20.81073324
2025-06-08 17:00:00+00:00,20.94160825
2025-06-08 18:00:00+00:00,21.21157523
2025-06-08 19:00:00+00:00,21.33932832
2025-06-08 20:00:00+00:00,21.32976166
2025-06-08 21:00:00+00:00,21.38767069
2025-06-08 22:00:00+00:00,21.15301971
2025-06-08 23:00:00+00:00,21.04431475
2025-06-09 00:00:00+00:00,20.93010251
2025-06-09 01:00:00+00:00,20.8487865
2025-06-09 02:00:00+00:00,20.69901083
2025-06-09 03:00:00+00:00,20.74122829
2025-06-09 04:00:00+00:00,20.46989334
2025-06-09 05:00:00+00:00,20.28293321
2025-06-09 06:00:00+00:00,20.40132139
2025-06-09 07:00:00+00:00,20.34350347
2025-06-09 08:00:00+00:00,20.42063666
2025-06-09 09:00:00+00:00,20.62619611
2025-06-09 10:00:00+00:00,20.78515555
2025-06-09 11:00:00+00:00,20.80775731
2025-06-09 12:00:00+00:00,20.95812115
2025-06-09 13:00:00+00:00,20.65203206
2025-06-09 14:00:00+00:00,20.90327649
2025-06-09 15:00:00+00:00,21.02557297
2025-06-09 16:00:00+00:00,21.19046007
2025-06-09 17:00:00+00:00,21.38366475
2025-06-09 18:00:00+00:00,21.33702414
2025-06-09 19:00:00+00:00,21.37630966
2025-06-09 20:00:00+00:00,21.28906509
2025-06-09 21:00:00+00:00,21.79143516
2025-06-09 22:00:00+00:00,21.9559823
2025-06-09 23:00:00+00:00,21.95010859
2025-06-10 00:00:00+00:00,22.01226437
2025-06-10 01:00:00+00:00,22.07490051
2025-06-10 02:00:00+00:00,21.88173348
2025-06-10 03:00:00+00:00,21.82117677
2025-06-10 04:00:00+00:00,21.69444448
2025-06-10 05:00:00+00:00,21.63846499
2025-06-10 06:00:00+00:00,21.70746481
2025-06-10 07:00:00+00:00,21.68780647
2025-06-10 08:00:00+00:00,21.53386211
2025-06-10 09:00:00+00:00,21.68517177
2025-06-10 10:00:00+00:00,21.74457985
2025-06-10 11:00:00+00:00,22.21806252
2025-06-10 12:00:00+00:00,22.42349468
2025-06-10 13:00:00+00:00,22.05199476
2025-06-10 14:00:00+00:00,21.80186138
2025-06-10 15:00:00+00:00,21.92333071
2025-06-10 16:00:00+00:00,21.77427404
2025-06-10 17:00:00+00:00,21.89348656
2025-06-10 18:00:00+00:00,22.17039001
2025-06-10 19:00:00+00:00,22.21739173
2025-06-10 20:00:00+00:00,22.24568471
2025-06-10 21:00:00+00:00,22.22775536
2025-06-10 22:00:00+00:00,22.42510953
2025-06-10 23:00:00+00:00,22.56902497
2025-06-11 00:00:00+00:00,22.24282099
2025-06-11 01:00:00+00:00,22.08869715
2025-06-11 02:00:00+00:00,22.13688602
2025-06-11 03:00:00+00:00,22.31370554
2025-06-11 04:00:00+00:00,22.23184217
2025-06-11 05:00:00+00:00,22.19013256
2025-06-11 06:00:00+00:00,22.2800007
2025-06-11 07:00:00+00:00,22.3726235
2025-06-11 08:00:00+00:00,22.21018996
2025-06-11 09:00:00+00:00,21.97293453
2025-06-11 10:00:00+00:00,22.0820591
2025-06-11 11:00:00+00:00,21.99551551
2025-06-11 12:00:00+00:00,22.33517254
2025-06-11 13:00:00+00:00,22.24715081
2025-06-11 14:00:00+00:00,22.52641265
2025-06-11 15:00:00+00:00,22.56857564
2025-06-11 16:00:00+00:00,22.45137451
2025-06-11 17:00:00+00:00,21.90590629
2025-06-11 18:00:00+00:00,21.82364511
2025-06-11 19:00:00+00:00,21.71215558
2025-06-11 20:00:00+00:00,21.74320439
2025-06-11 21:00:00+00:00,21.52682743
2025-06-11 22:00:00+00:00,21.46107674
2025-06-11 23:00:00+00:00,21.56973645
2025-06-12 00:00:00+00:00,21.52592494
2025-06-12 01:00:00+00:00,21.48948013
2025-06-12 02:00:00+00:00,21.42301325
2025-06-12 03:00:00+00:00,21.21448307
2025-06-12 04:00:00+00:00,21.23213853
2025-06-12 05:00:00+00:00,21.18311282
2025-06-12 06:00:00+00:00,21.13872076
2025-06-12 07:00:00+00:00,21.03199371
2025-06-12 08:00:00+00:00,21.09038142
2025-06-12 09:00:00+00:00,21.02358311
2025-06-12 10:00:00+00:00,20.93202191
2025-06-12 11:00:00+00:00,20.80451077
2025-06-12 12:00:00+00:00,20.98226508
2025-06-12 13:00:00+00:00,21.16591184
2025-06-12 14:00:00+00:00,21.20911329
2025-06-12 15:00:00+00:00,20.86241137
2025-06-12 16:00:00+00:00,21.06659535
2025-06-12 17:00:00+00:00,21.17881812
2025-06-12 18:00:00+00:00,20.92080231
2025-06-12 19:00:00+00:00,20.59240535
2025-06-12 20:00:00+00:00,20.29894359
2025-06-12 21:00:00+00:00,20.29563584
2025-06-12 22:00:00+00:00,20.36078238
2025-06-12 23:00:00+00:00,20.28924154
2025-06-13 00:00:00+00:00,19.20042844
2025-06-13 01:00:00+00:00,18.82930971
2025-06-13 02:00:00+00:00,18.69838387
2025-06-13 03:00:00+00:00,19.10738715
2025-06-13 04:00:00+00:00,19.04137212
2025-06-13 05:00:00+00:00,18.96418004
2025-06-13 06:00:00+00:00,19.10834828
2025-06-13 07:00:00+00:00,19.13127879
2025-06-13 08:00:00+00:00,19.23851934
2025-06-13 09:00:00+00:00,19.1427912
2025-06-13 10:00:00+00:00,19.21951154
2025-06-13 11:00:00+00:00,19.25266523
2025-06-13 12:00:00+00:00,19.08491091
2025-06-13 13:00:00+00:00,19.04139635
2025-06-13 14:00:00+00:00,19.10783245
2025-06-13 15:00:00+00:00,19.29915588
2025-06-13 16:00:00+00:00,19.42898543
2025-06-13 17:00:00+00:00,19.23699462
2025-06-13 18:00:00+00:00,19.03823417
2025-06-13 19:00:00+00:00,19.0280763
2025-06-13 20:00:00+00:00,19.2119452
2025-06-13 21:00:00+00:00,19.21388031
2025-06-13 22:00:00+00:00,19.29143153
2025-06-13 23:00:00+00:00,19.4130121
2025-06-14 00:00:00+00:00,19.24522778
2025-06-14 01:00:00+00:00,19.22758869
2025-06-14 02:00:00+00:00,19.18614312
2025-06-14 03:00:00+00:00,19.25256272
2025-06-14 04:00:00+00:00,19.35464404
2025-06-14 05:00:00+00:00,19.27698293
2025-06-14 06:00:00+00:00,19.20084136
2025-06-14 07:00:00+00:00,19.24086367
2025-06-14 08:00:00+00:00,19.17730462
2025-06-14 09:00:00+00:00,19.04622752
2025-06-14 10:00:00+00:00,19.11879557
2025-06-14 11:00:00+00:00,19.13584903
2025-06-14 12:00:00+00:00,19.13622323
2025-06-14 13:00:00+00:00,19.09332507
2025-06-14 14:00:00+00:00,19.02609362
2025-06-14 15:00:00+00:00,18.96657241
2025-06-14 16:00:00+00:00,18.73735755
2025-06-14 17:00:00+00:00,18.93884333
2025-06-14 18:00:00+00:00,18.90662017
2025-06-14 19:00:00+00:00,18.88850621
2025-06-14 20:00:00+00:00,18.89212582
2025-06-14 21:00:00+00:00,19.0639977
2025-06-14 22:00:00+00:00,18.95765906
2025-06-14 23:00:00+00:00,18.9320069
2025-06-15 00:00:00+00:00,19.03398613
2025-06-15 01:00:00+00:00,18.95754415
2025-06-15 02:00:00+00:00,18.93646335
2025-06-15 03:00:00+00:00,18.97294131
2025-06-15 04:00:00+00:00,19.14795689
2025-06-15 05:00:00+00:00,19.2462615
2025-06-15 06:00:00+00:00,19.09779642
2025-06-15 07:00:00+00:00,18.97171523
2025-06-15 08:00:00+00:00,18.88397699
2025-06-15 09:00:00+00:00,18.80056986
2025-06-15 10:00:00+00:00,18.9520739
2025-06-15 11:00:00+00:00,18.97602195
2025-06-15 12:00:00+00:00,19.01976269
2025-06-15 13:00:00+00:00,19.02159124
2025-06-15 14:00:00+00:00,19.17270651
2025-06-15 15:00:00+00:00,19.0704382
2025-06-15 16:00:00+00:00,19.12486267
2025-06-15 17:00:00+00:00,19.13393455
2025-06-15 18:00:00+00:00,19.089685
2025-06-15 19:00:00+00:00,19.0820656
2025-06-15 20:00:00+00:00,18.82704868
2025-06-15 21:00:00+00:00,18.93682756
2025-06-15 22:00:00+00:00,19.11100296
2025-06-15 23:00:00+00:00,19.10411293
2025-06-16 00:00:00+00:00,19.08177713
2025-06-16 01:00:00+00:00,19.33786397
2025-06-16 02:00:00+00:00,19.35192491
2025-06-16 03:00:00+00:00,19.26857508
2025-06-16 04:00:00+00:00,19.40982993
2025-06-16 05:00:00+00:00,19.61186352
2025-06-16 06:00:00+00:00,19.64785523
2025-06-16 07:00:00+00:00,19.78918004
2025-06-16 08:00:00+00:00,19.71889431
2025-06-16 09:00:00+00:00,19.73352311
2025-06-16 10:00:00+00:00,19.61206142
2025-06-16 11:00:00+00:00,19.62969133
2025-06-16 12:00:00+00:00,19.51927365
2025-06-16 13:00:00+00:00,19.73745714
2025-06-16 14:00:00+00:00,19.73349445
2025-06-16 15:00:00+00:00,19.72064075
2025-06-16 16:00:00+00:00,19.77552357
2025-06-16 17:00:00+00:00,19.70497182
2025-06-16 18:00:00+00:00,19.8226247
2025-06-16 19:00:00+00:00,19.77038858
2025-06-16 20:00:00+00:00,19.93179195
2025-06-16 21:00:00+00:00,19.83958915
2025-06-16 22:00:00+00:00,19.34903505
2025-06-16 23:00:00+00:00,19.0539748
2025-06-17 00:00:00+00:00,19.27285999
2025-06-17 01:00:00+00:00,19.22789381
2025-06-17 02:00:00+00:00,19.37677332
2025-06-17 03:00:00+00:00,19.30814103
2025-06-17 04:00:00+00:00,19.25478365
2025-06-17 05:00:00+00:00,19.20350819
2025-06-17 06:00:00+00:00,19.09216033
2025-06-17 07:00:00+00:00,19.13821084
2025-06-17 08:00:00+00:00,18.99870875
2025-06-17 09:00:00+00:00,18.97655446
2025-06-17 10:00:00+00:00,18.98777125
2025-06-17 11:00:00+00:00,18.92830653
2025-06-17 12:00:00+00:00,18.91037766
2025-06-17 13:00:00+00:00,18.9194953
2025-06-17 14:00:00+00:00,18.73578455
2025-06-17 15:00:00+00:00,18.66761868
2025-06-17 16:00:00+00:00,18.15377506
2025-06-17 17:00:00+00:00,18.28783804
2025-06-17 18:00:00+00:00,18.58105851
2025-06-17 19:00:00+00:00,18.79923307
2025-06-17 20:00:00+00:00,18.65910773
2025-06-17 21:00:00+00:00,18.53688968
2025-06-17 22:00:00+00:00,18.35675256
2025-06-17 23:00:00+00:00,18.58245509
2025-06-18 00:00:00+00:00,18.69406093
2025-06-18 01:00:00+00:00,18.63887851
2025-06-18 02:00:00+00:00,18.58574038
2025-06-18 03:00:00+00:00,18.70654206
2025-06-18 04:00:00+00:00,18.84598215
2025-06-18 05:00:00+00:00,18.78728577
2025-06-18 06:00:00+00:00,18.6885878
2025-06-18 07:00:00+00:00,18.73132337
2025-06-18 08:00:00+00:00,18.62055532
2025-06-18 09:00:00+00:00,18.55019333
2025-06-18 10:00:00+00:00,18.28947537
2025-06-18 11:00:00+00:00,18.51878563
2025-06-18 12:00:00+00:00,18.38947843
2025-06-18 13:00:00+00:00,18.38155933
2025-06-18 14:00:00+00:00,18.36180291
2025-06-18 15:00:00+00:00,18.35063456
2025-06-18 16:00:00+00:00,18.21322344
2025-06-18 17:00:00+00:00,18.37049172
2025-06-18 18:00:00+00:00,18.11833577
2025-06-18 19:00:00+00:00,18.2180383
2025-06-18 20:00:00+00:00,18.59144531
2025-06-18 21:00:00+00:00,18.39814832
2025-06-18 22:00:00+00:00,18.1722483
2025-06-18 23:00:00+00:00,18.16396002
2025-06-19 00:00:00+00:00,18.15773382
2025-06-19 01:00:00+00:00,18.04998676
2025-06-19 02:00:00+00:00,17.98620118
2025-06-19 03:00:00+00:00,18.04924728
2025-06-19 04:00:00+00:00,17.88575315
2025-06-19 05:00:00+00:00,17.90570037
2025-06-19 06:00:00+00:00,17.92510598
2025-06-19 07:00:00+00:00,17.91627613
2025-06-19 08:00:00+00:00,17.92095992
2025-06-19 09:00:00+00:00,18.0389478
2025-06-19 10:00:00+00:00,17.98873101
2025-06-19 11:00:00+00:00,17.9065576
2025-06-19 12:00:00+00:00,17.95955492
2025-06-19 13:00:00+00:00,17.78633042
2025-06-19 14:00:00+00:00,17.70853365
2025-06-19 15:00:00+00:00,17.74009996
2025-06-19 16:00:00+00:00,17.65291415
2025-06-19 17:00:00+00:00,17.94560151
2025-06-19 18:00:00+00:00,17.95847312
2025-06-19 19:00:00+00:00,17.93762748
2025-06-19 20:00:00+00:00,18.03497678
2025-06-19 21:00:00+00:00,18.0028798
2025-06-19 22:00:00+00:00,18.11823072
2025-06-19 23:00:00+00:00,18.05842293
2025-06-20 00:00:00+00:00,18.08090969
2025-06-20 01:00:00+00:00,18.13192095
2025-06-20 02:00:00+00:00,18.05755339
2025-06-20 03:00:00+00:00,17.99911137
2025-06-20 04:00:00+00:00,17.85817996
2025-06-20 05:00:00+00:00,17.97045856
2025-06-20 06:00:00+00:00,18.01708844
2025-06-20 07:00:00+00:00,18.33067532
2025-06-20 08:00:00+00:00,18.21251581
2025-06-20 09:00:00+00:00,18.21774788
2025-06-20 10:00:00+00:00,18.28282417
2025-06-20 11:00:00+00:00,18.25379037
2025-06-20 12:00:00+00:00,18.31104408
2025-06-20 13:00:00+00:00,18.19045602
2025-06-20 14:00:00+00:00,17.74987232
2025-06-20 15:00:00+00:00,17.81668412
2025-06-20 16:00:00+00:00,17.49026012
2025-06-20 17:00:00+00:00,17.34086209
2025-06-20 18:00:00+00:00,17.41039348
2025-06-20 19:00:00+00:00,17.44549276
2025-06-20 20:00:00+00:00,17.55093073
2025-06-20 21:00:00+00:00,17.35315362
2025-06-20 22:00:00+00:00,17.30119972
2025-06-20 23:00:00+00:00,17.37052061
2025-06-21 00:00:00+00:00,17.43093785
2025-06-21 01:00:00+00:00,17.53217351
2025-06-21 02:00:00+00:00,17.53844316
2025-06-21 03:00:00+00:00,17.59958542
2025-06-21 04:00:00+00:00,17.52328569
2025-06-21 05:00:00+00:00,17.55793186
2025-06-21 06:00:00+00:00,17.57118157
2025-06-21 07:00:00+00:00,17.54508615
2025-06-21 08:00:00+00:00,17.60447924
2025-06-21 09:00:00+00:00,17.59728106
2025-06-21 10:00:00+00:00,17.52754304
2025-06-21 11:00:00+00:00,17.60220779
2025-06-21 12:00:00+00:00,17.3521893
2025-06-21 13:00:00+00:00,17.16199853
2025-06-21 14:00:00+00:00,17.13852487
2025-06-21 15:00:00+00:00,17.14742418
2025-06-21 16:00:00+00:00,17.07849037
2025-06-21 17:00:00+00:00,16.85837132
2025-06-21 18:00:00+00:00,16.81242266
2025-06-21 19:00:00+00:00,16.78369573
2025-06-21 20:00:00+00:00,17.07609432
2025-06-21 21:00:00+00:00,16.57893827
2025-06-21 22:00:00+00:00,16.69127042
2025-06-21 23:00:00+00:00,16.8189829
2025-06-22 00:00:00+00:00,16.98309846
2025-06-22 01:00:00+00:00,16.84290374
2025-06-22 02:00:00+00:00,16.78346897
2025-06-22 03:00:00+00:00,16.69920198
2025-06-22 04:00:00+00:00,16.9338204
2025-06-22 05:00:00+00:00,16.96092157
2025-06-22 06:00:00+00:00,16.98633249
2025-06-22 07:00:00+00:00,16.84417299
2025-06-22 08:00:00+00:00,16.87263341
2025-06-22 09:00:00+00:00,16.5330131
2025-06-22 10:00:00+00:00,16.69081381
2025-06-22 11:00:00+00:00,16.66581375
2025-06-22 12:00:00+00:00,16.68623592
2025-06-22 13:00:00+00:00,16.22852655
2025-06-22 14:00:00+00:00,16.29975361
2025-06-22 15:00:00+00:00,16.03516665
2025-06-22 16:00:00+00:00,16.1851802
2025-06-22 17:00:00+00:00,16.22669168
2025-06-22 18:00:00+00:00,16.06510921
2025-06-22 19:00:00+00:00,15.94152845
2025-06-22 20:00:00+00:00,16.0563662
2025-06-22 21:00:00+00:00,15.9519377
2025-06-22 22:00:00+00:00,16.39133988
2025-06-22 23:00:00+00:00,16.52831143
2025-06-23 00:00:00+00:00,16.56453582
2025-06-23 01:00:00+00:00,16.66992877
2025-06-23 02:00:00+00:00,16.63545418
2025-06-23 03:00:00+00:00,16.52250282
2025-06-23 04:00:00+00:00,16.64246158
2025-06-23 05:00:00+00:00,16.80715707
2025-06-23 06:00:00+00:00,16.93556861
2025-06-23 07:00:00+00:00,16.91455638
2025-06-23 08:00:00+00:00,17.07790444
2025-06-23 09:00:00+00:00,17.12617198
2025-06-23 10:00:00+00:00,16.89508356
2025-06-23 11:00:00+00:00,16.87198902
2025-06-23 12:00:00+00:00,17.03761754
2025-06-23 13:00:00+00:00,17.12033047
2025-06-23 14:00:00+00:00,16.97874764
2025-06-23 15:00:00+00:00,16.75873506
2025-06-23 16:00:00+00:00,16.36066486
2025-06-23 17:00:00+00:00,16.97865066
2025-06-23 18:00:00+00:00,17.17103359
2025-06-23 19:00:00+00:00,17.30741423
2025-06-23 20:00:00+00:00,17.52326967
2025-06-23 21:00:00+00:00,17.37905214
2025-06-23 22:00:00+00:00,18.01285298
2025-06-23 23:00:00+00:00,18.06349865
2025-06-24 00:00:00+00:00,18.02167693
2025-06-24 01:00:00+00:00,18.1446288
2025-06-24 02:00:00+00:00,18.11677586
2025-06-24 03:00:00+00:00,18.05735501
2025-06-24 04:00:00+00:00,18.06081529
2025-06-24 05:00:00+00:00,18.35028827
2025-06-24 06:00:00+00:00,18.45583307
2025-06-24 07:00:00+00:00,18.05413776
2025-06-24 08:00:00+00:00,18.04267289
2025-06-24 09:00:00+00:00,18.10403048
2025-06-24 10:00:00+00:00,18.14087461
2025-06-24 11:00:00+00:00,18.12758331
2025-06-24 12:00:00+00:00,18.09815888
2025-06-24 13:00:00+00:00,18.07029377
2025-06-24 14:00:00+00:00,18.2004753
2025-06-24 15:00:00+00:00,18.16787321
2025-06-24 16:00:00+00:00,18.39623117
2025-06-24 17:00:00+00:00,18.13644368
2025-06-24 18:00:00+00:00,18.09573397
2025-06-24 19:00:00+00:00,18.03055577
2025-06-24 20:00:00+00:00,18.18014122
2025-06-24 21:00:00+00:00,18.2031547
2025-06-24 22:00:00+00:00,18.1547992
2025-06-24 23:00:00+00:00,18.23007855
2025-06-25 00:00:00+00:00,18.30318474
2025-06-25 01:00:00+00:00,18.22825141
2025-06-25 02:00:00+00:00,18.18257595
2025-06-25 03:00:00+00:00,18.12066848
2025-06-25 04:00:00+00:00,18.1125612
2025-06-25 05:00:00+00:00,18.02316369
2025-06-25 06:00:00+00:00,18.0714876
2025-06-25 07:00:00+00:00,18.03236167
2025-06-25 08:00:00+00:00,17.91096946
2025-06-25 09:00:00+00:00,17.78198893
2025-06-25 10:00:00+00:00,17.89069738
2025-06-25 11:00:00+00:00,17.99078228
2025-06-25 12:00:00+00:00,17.9206643
2025-06-25 13:00:00+00:00,18.02947885
2025-06-25 14:00:00+00:00,17.80186363
2025-06-25 15:00:00+00:00,17.5868097
2025-06-25 16:00:00+00:00,17.60613997
2025-06-25 17:00:00+00:00,17.6772685
2025-06-25 18:00:00+00:00,17.60514386
2025-06-25 19:00:00+00:00,17.72478391
2025-06-25 20:00:00+00:00,17.74578513
2025-06-25 21:00:00+00:00,17.61227787
2025-06-25 22:00:00+00:00,17.50127628
2025-06-25 23:00:00+00:00,17.57178049
2025-06-26 00:00:00+00:00,17.54672696
2025-06-26 01:00:00+00:00,17.68541307
2025-06-26 02:00:00+00:00,17.85865198
2025-06-26 03:00:00+00:00,17.76125596
2025-06-26 04:00:00+00:00,17.70902571
2025-06-26 05:00:00+00:00,17.60369243
2025-06-26 06:00:00+00:00,17.64237591
2025-06-26 07:00:00+00:00,17.73675389
2025-06-26 08:00:00+00:00,17.60380102
2025-06-26 09:00:00+00:00,17.424967
2025-06-26 10:00:00+00:00,17.4819302
2025-06-26 11:00:00+00:00,17.41483763
2025-06-26 12:00:00+00:00,17.30076003
2025-06-26 13:00:00+00:00,17.20259719
2025-06-26 14:00:00+00:00,17.29077805
2025-06-26 15:00:00+00:00,17.25162826
2025-06-26 16:00:00+00:00,17.20557823
2025-06-26 17:00:00+00:00,17.17332953
2025-06-26 18:00:00+00:00,17.22365428
2025-06-26 19:00:00+00:00,17.33668785
2025-06-26 20:00:00+00:00,17.46206295
2025-06-26 21:00:00+00:00,17.29141507
2025-06-26 22:00:00+00:00,17.20128239
2025-06-26 23:00:00+00:00,17.23052866
2025-06-27 00:00:00+00:00,17.09374949
2025-06-27 01:00:00+00:00,17.33464575
2025-06-27 02:00:00+00:00,17.49334455
2025-06-27 03:00:00+00:00,17.49597403
2025-06-27 04:00:00+00:00,17.51308359
2025-06-27 05:00:00+00:00,17.3705972
2025-06-27 06:00:00+00:00,17.44951458
2025-06-27 07:00:00+00:00,17.40063866
2025-06-27 08:00:00+00:00,17.56987375
2025-06-27 09:00:00+00:00,17.51497364
2025-06-27 10:00:00+00:00,17.48630832
2025-06-27 11:00:00+00:00,17.4694461
2025-06-27 12:00:00+00:00,17.30993704
2025-06-27 13:00:00+00:00,17.41992245
2025-06-27 14:00:00+00:00,17.39154123
2025-06-27 15:00:00+00:00,17.54234352
2025-06-27 16:00:00+00:00,17.63922181
2025-06-27 17:00:00+00:00,17.36686138
2025-06-27 18:00:00+00:00,17.16999021
2025-06-27 19:00:00+00:00,17.33761049
2025-06-27 20:00:00+00:00,17.45872692
2025-06-27 21:00:00+00:00,17.51627678
2025-06-27 22:00:00+00:00,17.59838785
2025-06-27 23:00:00+00:00,17.57779948
2025-06-28 00:00:00+00:00,17.5609728
2025-06-28 01:00:00+00:00,17.62240955
2025-06-28 02:00:00+00:00,17.59529763
2025-06-28 03:00:00+00:00,17.59484308
2025-06-28 04:00:00+00:00,17.52861152
2025-06-28 05:00:00+00:00,17.51865443
2025-06-28 06:00:00+00:00,17.57659824
2025-06-28 07:00:00+00:00,17.67655624
2025-06-28 08:00:00+00:00,17.64035115
2025-06-28 09:00:00+00:00,17.70401105
2025-06-28 10:00:00+00:00,17.64200207
2025-06-28 11:00:00+00:00,17.67276698
2025-06-28 12:00:00+00:00,17.61501988
2025-06-28 13:00:00+00:00,17.57318135
2025-06-28 14:00:00+00:00,17.65080568
2025-06-28 15:00:00+00:00,17.75568112
2025-06-28 16:00:00+00:00,17.81091588
2025-06-28 17:00:00+00:00,17.989651
2025-06-28 18:00:00+00:00,17.99850485
2025-06-28 19:00:00+00:00,17.95182012
2025-06-28 20:00:00+00:00,17.87261407
2025-06-28 21:00:00+00:00,17.95893701
2025-06-28 22:00:00+00:00,18.0395355
2025-06-28 23:00:00+00:00,17.97074572
2025-06-29 00:00:00+00:00,17.96874391
2025-06-29 01:00:00+00:00,17.88731994
2025-06-29 02:00:00+00:00,17.86823883
2025-06-29 03:00:00+00:00,17.81417413
2025-06-29 04:00:00+00:00,17.84215682
2025-06-29 05:00:00+00:00,17.88717373
2025-06-29 06:00:00+00:00,17.94929506
2025-06-29 07:00:00+00:00,18.0266393
2025-06-29 08:00:00+00:00,18.08096274
2025-06-29 09:00:00+00:00,18.07989544
2025-06-29 10:00:00+00:00,18.03350642
2025-06-29 11:00:00+00:00,18.05983691
2025-06-29 12:00:00+00:00,18.01811064
2025-06-29 13:00:00+00:00,17.97470324
2025-06-29 14:00:00+00:00,17.8906545
2025-06-29 15:00:00+00:00,17.8427088
2025-06-29 16:00:00+00:00,17.94252187
2025-06-29 17:00:00+00:00,17.97026756
2025-06-29 18:00:00+00:00,18.0444741
2025-06-29 19:00:00+00:00,18.04535772
2025-06-29 20:00:00+00:00,18.01169583
2025-06-29 21:00:00+00:00,18.15271854
2025-06-29 22:00:00+00:00,18.78939565
2025-06-29 23:00:00+00:00,18.73305392
2025-06-30 00:00:00+00:00,18.65026635
2025-06-30 01:00:00+00:00,18.45887574
2025-06-30 02:00:00+00:00,18.37874835
2025-06-30 03:00:00+00:00,18.29937654
2025-06-30 04:00:00+00:00,18.15733574
2025-06-30 05:00:00+00:00,18.27053743
2025-06-30 06:00:00+00:00,18.09301888
2025-06-30 07:00:00+00:00,18.24883086
2025-06-30 08:00:00+00:00,18.09969272
2025-06-30 09:00:00+00:00,18.04208772
2025-06-30 10:00:00+00:00,18.09523719
2025-06-30 11:00:00+00:00,18.07432078
2025-06-30 12:00:00+00:00,17.96940355
2025-06-30 13:00:00+00:00,17.9564818
2025-06-30 14:00:00+00:00,17.86803531
2025-06-30 15:00:00+00:00,18.01948104
2025-06-30 16:00:00+00:00,18.01778878
2025-06-30 17:00:00+00:00,17.99820865
2025-06-30 18:00:00+00:00,17.91770947
2025-06-30 19:00:00+00:00,18.21726352
2025-06-30 20:00:00+00:00,18.10523132
2025-06-30 21:00:00+00:00,17.9455166
2025-06-30 22:00:00+00:00,17.93297901
2025-06-30 23:00:00+00:00,17.96493529
2025-07-01 00:00:00+00:00,17.93152365
2025-07-01 01:00:00+00:00,17.89643817
2025-07-01 02:00:00+00:00,17.75135985
2025-07-01 03:00:00+00:00,17.81612768
2025-07-01 04:00:00+00:00,17.56409763
2025-07-01 05:00:00+00:00,17.50006436
2025-07-01 06:00:00+00:00,17.5972379
2025-07-01 07:00:00+00:00,17.63766724
2025-07-01 08:00:00+00:00,17.55899243
2025-07-01 09:00:00+00:00,17.61620059
2025-07-01 10:00:00+00:00,17.59063877
2025-07-01 11:00:00+00:00,17.47354252
2025-07-01 12:00:00+00:00,17.42814405
2025-07-01 13:00:00+00:00,17.39618351
2025-07-01 14:00:00+00:00,17.32058987
2025-07-01 15:00:00+00:00,17.25557102
2025-07-01 16:00:00+00:00,17.27766064
2025-07-01 17:00:00+00:00,17.26708985
2025-07-01 18:00:00+00:00,17.10182121
2025-07-01 19:00:00+00:00,17.09108794
2025-07-01 20:00:00+00:00,17.08358607
2025-07-01 21:00:00+00:00,17.04156419
2025-07-01 22:00:00+00:00,17.02971114
2025-07-01 23:00:00+00:00,17.10424389
2025-07-02 00:00:00+00:00,17.04948793
2025-07-02 01:00:00+00:00,17.22214289
2025-07-02 02:00:00+00:00,17.15893358
2025-07-02 03:00:00+00:00,17.27338855
2025-07-02 04:00:00+00:00,17.47829707
2025-07-02 05:00:00+00:00,17.57635399
2025-07-02 06:00:00+00:00,17.63206576
2025-07-02 07:00:00+00:00,17.58356719
2025-07-02 08:00:00+00:00,17.5909823
2025-07-02 09:00:00+00:00,17.56102264
2025-07-02 10:00:00+00:00,17.57016955
2025-07-02 11:00:00+00:00,17.56349227
2025-07-02 12:00:00+00:00,17.46198245
2025-07-02 13:00:00+00:00,17.63310377
2025-07-02 14:00:00+00:00,17.83118881
2025-07-02 15:00:00+00:00,18.01069388
2025-07-02 16:00:00+00:00,18.57169635
2025-07-02 17:00:00+00:00,18.50104638
2025-07-02 18:00:00+00:00,18.62872528
2025-07-02 19:00:00+00:00,18.67737431
2025-07-02 20:00:00+00:00,18.60527178
2025-07-02 21:00:00+00:00,18.67966609
2025-07-02 22:00:00+00:00,18.66237335
2025-07-02 23:00:00+00:00,18.51143679
2025-07-03 00:00:00+00:00,18.58877147
2025-07-03 01:00:00+00:00,18.65077887
2025-07-03 02:00:00+00:00,18.54783375
2025-07-03 03:00:00+00:00,18.54908897
2025-07-03 04:00:00+00:00,18.70856089
2025-07-03 05:00:00+00:00,18.95805845
2025-07-03 06:00:00+00:00,19.13013052
2025-07-03 07:00:00+00:00,19.08238269
2025-07-03 08:00:00+00:00,18.96189529
2025-07-03 09:00:00+00:00,18.96255573
2025-07-03 10:00:00+00:00,18.84796362
2025-07-03 11:00:00+00:00,18.7783586
2025-07-03 12:00:00+00:00,18.6874238
2025-07-03 13:00:00+00:00,18.91456625
2025-07-03 14:00:00+00:00,18.68897021
2025-07-03 15:00:00+00:00,18.36791651
2025-07-03 16:00:00+00:00,18.50641237
2025-07-03 17:00:00+00:00,18.52654247
2025-07-03 18:00:00+00:00,18.52905069
2025-07-03 19:00:00+00:00,18.55880034
2025-07-03 20:00:00+00:00,18.629541
2025-07-03 21:00:00+00:00,18.65189245
2025-07-03 22:00:00+00:00,18.58452275
2025-07-03 23:00:00+00:00,18.54073063
2025-07-04 00:00:00+00:00,18.58854859
2025-07-04 01:00:00+00:00,18.74030525
2025-07-04 02:00:00+00:00,18.66072666
2025-07-04 03:00:00+00:00,18.76447138
2025-07-04 04:00:00+00:00,18.74694648
2025-07-04 05:00:00+00:00,18.64297398
2025-07-04 06:00:00+00:00,18.37297202
2025-07-04 07:00:00+00:00,18.11275507
2025-07-04 08:00:00+00:00,18.15890958
2025-07-04 09:00:00+00:00,18.1067246
2025-07-04 10:00:00+00:00,18.06575606
2025-07-04 11:00:00+00:00,18.08928057
2025-07-04 12:00:00+00:00,18.09323252
2025-07-04 13:00:00+00:00,17.97327959
2025-07-04 14:00:00+00:00,17.88673396
2025-07-04 15:00:00+00:00,17.71562985
2025-07-04 16:00:00+00:00,17.68727446
2025-07-04 17:00:00+00:00,17.72498563
2025-07-04 18:00:00+00:00,17.69134418
2025-07-04 19:00:00+00:00,17.68685323
2025-07-04 20:00:00+00:00,17.67208621
2025-07-04 21:00:00+00:00,17.75504412
2025-07-04 22:00:00+00:00,17.87965403
2025-07-04 23:00:00+00:00,17.7948374
2025-07-05 00:00:00+00:00,17.81919724
2025-07-05 01:00:00+00:00,17.75703865
2025-07-05 02:00:00+00:00,17.80692246
2025-07-05 03:00:00+00:00,17.84655063
2025-07-05 04:00:00+00:00,17.75776866
2025-07-05 05:00:00+00:00,17.81770305
2025-07-05 06:00:00+00:00,17.91975638
2025-07-05 07:00:00+00:00,17.81721593
2025-07-05 08:00:00+00:00,17.7467742
2025-07-05 09:00:00+00:00,17.81571689
2025-07-05 10:00:00+00:00,17.82808509
2025-07-05 11:00:00+00:00,17.89184934
2025-07-05 12:00:00+00:00,17.8943566
2025-07-05 13:00:00+00:00,17.83157592
2025-07-05 14:00:00+00:00,17.89064906
2025-07-05 15:00:00+00:00,17.83359452
2025-07-05 16:00:00+00:00,17.81032046
2025-07-05 17:00:00+00:00,17.8042198
2025-07-05 18:00:00+00:00,17.64847883
2025-07-05 19:00:00+00:00,17.78563333
2025-07-05 20:00:00+00:00,17.88956376
2025-07-05 21:00:00+00:00,17.87687481
2025-07-05 22:00:00+00:00,17.95485773
2025-07-05 23:00:00+00:00,17.91907354
2025-07-06 00:00:00+00:00,17.89027654
2025-07-06 01:00:00+00:00,17.82641516
2025-07-06 02:00:00+00:00,17.77239948
2025-07-06 03:00:00+00:00,17.82728895
2025-07-06 04:00:00+00:00,17.80696074
2025-07-06 05:00:00+00:00,17.79803046
2025-07-06 06:00:00+00:00,17.89863469
2025-07-06 07:00:00+00:00,17.84213879
2025-07-06 08:00:00+00:00,17.80643207
2025-07-06 09:00:00+00:00,17.77023173
2025-07-06 10:00:00+00:00,17.85377061
2025-07-06 11:00:00+00:00,17.87813738
2025-07-06 12:00:00+00:00,18.02133474
2025-07-06 13:00:00+00:00,18.21796256
2025-07-06 14:00:00+00:00,18.14947001
2025-07-06 15:00:00+00:00,18.15814917
2025-07-06 16:00:00+00:00,18.2829903
2025-07-06 17:00:00+00:00,18.19770182
2025-07-06 18:00:00+00:00,18.07935039
2025-07-06 19:00:00+00:00,18.16599974
2025-07-06 20:00:00+00:00,18.19512049
2025-07-06 21:00:00+00:00,18.35378872
2025-07-06 22:00:00+00:00,18.44985557
2025-07-06 23:00:00+00:00,18.29012515
2025-07-07 00:00:00+00:00,18.31383946
2025-07-07 01:00:00+00:00,18.34586525
2025-07-07 02:00:00+00:00,18.48316797
2025-07-07 03:00:00+00:00,18.41788888
2025-07-07 04:00:00+00:00,18.34358624
2025-07-07 05:00:00+00:00,18.27005513
2025-07-07 06:00:00+00:00,18.1392526
2025-07-07 07:00:00+00:00,18.29852039
2025-07-07 08:00:00+00:00,18.30683991
2025-07-07 09:00:00+00:00,18.19936677
2025-07-07 10:00:00+00:00,18.14501981
2025-07-07 11:00:00+00:00,18.17154581
2025-07-07 12:00:00+00:00,18.08273301
2025-07-07 13:00:00+00:00,18.2727776
2025-07-07 14:00:00+00:00,17.99463026
2025-07-07 15:00:00+00:00,18.03330558
2025-07-07 16:00:00+00:00,17.91266234
2025-07-07 17:00:00+00:00,17.95027273
2025-07-07 18:00:00+00:00,17.99077922
2025-07-07 19:00:00+00:00,18.00231813
2025-07-07 20:00:00+00:00,17.89265044
2025-07-07 21:00:00+00:00,17.93128779
2025-07-07 22:00:00+00:00,17.86375707
2025-07-07 23:00:00+00:00,17.99531181
2025-07-08 00:00:00+00:00,17.91124956
2025-07-08 01:00:00+00:00,17.78909065
2025-07-08 02:00:00+00:00,17.7748706
2025-07-08 03:00:00+00:00,17.78333098
2025-07-08 04:00:00+00:00,17.76517319
2025-07-08 05:00:00+00:00,17.83772238
2025-07-08 06:00:00+00:00,17.8599026
2025-07-08 07:00:00+00:00,17.90957879
2025-07-08 08:00:00+00:00,17.89148052
2025-07-08 09:00:00+00:00,17.9007013
2025-07-08 10:00:00+00:00,18.14278439
2025-07-08 11:00:00+00:00,18.13695337
2025-07-08 12:00:00+00:00,18.21798464
2025-07-08 13:00:00+00:00,18.2112161
2025-07-08 14:00:00+00:00,18.07074272
2025-07-08 15:00:00+00:00,18.00934399
2025-07-08 16:00:00+00:00,18.09649837
2025-07-08 17:00:00+00:00,18.33701247
2025-07-08 18:00:00+00:00,18.46835193
2025-07-08 19:00:00+00:00,18.3808472
2025-07-08 20:00:00+00:00,18.2400655
2025-07-08 21:00:00+00:00,18.40174016
2025-07-08 22:00:00+00:00,18.34817851
2025-07-08 23:00:00+00:00,18.36037013
2025-07-09 00:00:00+00:00,18.24262573
2025-07-09 01:00:00+00:00,18.14839886
2025-07-09 02:00:00+00:00,18.17202441
2025-07-09 03:00:00+00:00,18.13062876
2025-07-09 04:00:00+00:00,18.26379999
2025-07-09 05:00:00+00:00,18.4355974
2025-07-09 06:00:00+00:00,18.43178985
2025-07-09 07:00:00+00:00,18.40971927
2025-07-09 08:00:00+00:00,18.39316883
2025-07-09 09:00:00+00:00,18.39738961
2025-07-09 10:00:00+00:00,18.40989455
2025-07-09 11:00:00+00:00,18.52090114
2025-07-09 12:00:00+00:00,18.62041371
2025-07-09 13:00:00+00:00,18.57234779
2025-07-09 14:00:00+00:00,18.53810644
2025-07-09 15:00:00+00:00,18.53147923
2025-07-09 16:00:00+00:00,18.68701987
2025-07-09 17:00:00+00:00,18.53705708
2025-07-09 18:00:00+00:00,18.64979793
2025-07-09 19:00:00+00:00,19.10654334
2025-07-09 20:00:00+00:00,19.25899015
2025-07-09 21:00:00+00:00,19.44549946
2025-07-09 22:00:00+00:00,19.54610828
2025-07-09 23:00:00+00:00,19.50421092
2025-07-10 00:00:00+00:00,19.37252009
2025-07-10 01:00:00+00:00,19.4727026
2025-07-10 02:00:00+00:00,19.53240742
2025-07-10 03:00:00+00:00,19.49283622
2025-07-10 04:00:00+00:00,19.51604742
2025-07-10 05:00:00+00:00,19.38534831
2025-07-10 06:00:00+00:00,19.46388937
2025-07-10 07:00:00+00:00,19.50193343
2025-07-10 08:00:00+00:00,19.54038629
2025-07-10 09:00:00+00:00,19.51253232
2025-07-10 10:00:00+00:00,19.55592384
2025-07-10 11:00:00+00:00,19.58143952
2025-07-10 12:00:00+00:00,19.67448991
2025-07-10 13:00:00+00:00,19.50374151
2025-07-10 14:00:00+00:00,19.51112578
2025-07-10 15:00:00+00:00,19.45046566
2025-07-10 16:00:00+00:00,19.7217121
2025-07-10 17:00:00+00:00,19.93212999
2025-07-10 18:00:00+00:00,19.83561372
2025-07-10 19:00:00+00:00,19.77228353
2025-07-10 20:00:00+00:00,19.94525657
2025-07-10 21:00:00+00:00,20.50149935
2025-07-10 22:00:00+00:00,20.70891944
2025-07-10 23:00:00+00:00,20.70208134
2025-07-11 00:00:00+00:00,20.6013939
2025-07-11 01:00:00+00:00,20.8335268
2025-07-11 02:00:00+00:00,20.85658291
2025-07-11 03:00:00+00:00,20.86670599
2025-07-11 04:00:00+00:00,20.9496658
2025-07-11 05:00:00+00:00,21.05180735
2025-07-11 06:00:00+00:00,20.80034733
2025-07-11 07:00:00+00:00,20.74162079
2025-07-11 08:00:00+00:00,20.90962793
2025-07-11 09:00:00+00:00,21.07127981
2025-07-11 10:00:00+00:00,21.07507143
2025-07-11 11:00:00+00:00,20.98832751
2025-07-11 12:00:00+00:00,21.15910928
2025-07-11 13:00:00+00:00,21.29488486
2025-07-11 14:00:00+00:00,21.29777479
2025-07-11 15:00:00+00:00,20.94144986
2025-07-11 16:00:00+00:00,21.14199987
2025-07-11 17:00:00+00:00,21.33604669
2025-07-11 18:00:00+00:00,21.30196878
2025-07-11 19:00:00+00:00,21.31908575
2025-07-11 20:00:00+00:00,21.02562419
2025-07-11 21:00:00+00:00,20.81543604
2025-07-11 22:00:00+00:00,20.57101478
2025-07-11 23:00:00+00:00,20.67647998
2025-07-12 00:00:00+00:00,20.56512684
2025-07-12 01:00:00+00:00,20.85485949
2025-07-12 02:00:00+00:00,20.86891872
2025-07-12 03:00:00+00:00,20.84439409
2025-07-12 04:00:00+00:00,20.64799367
2025-07-12 05:00:00+00:00,20.7456065
2025-07-12 06:00:00+00:00,20.83998512
2025-07-12 07:00:00+00:00,20.8891371
2025-07-12 08:00:00+00:00,20.76070083
2025-07-12 09:00:00+00:00,20.88146994
2025-07-12 10:00:00+00:00,20.987975
2025-07-12 11:00:00+00:00,20.96693154
2025-07-12 12:00:00+00:00,20.67190687
2025-07-12 13:00:00+00:00,20.6530672
2025-07-12 14:00:00+00:00,20.6095362
2025-07-12 15:00:00+00:00,20.3239243
2025-07-12 16:00:00+00:00,20.47647475
2025-07-12 17:00:00+00:00,20.79994324
2025-07-12 18:00:00+00:00,20.73901633
2025-07-12 19:00:00+00:00,20.73695389
2025-07-12 20:00:00+00:00,20.41758748
2025-07-12 21:00:00+00:00,20.676771
2025-07-12 22:00:00+00:00,20.69749497
2025-07-12 23:00:00+00:00,20.68786191
2025-07-13 00:00:00+00:00,20.86750251
2025-07-13 01:00:00+00:00,21.07606087
2025-07-13 02:00:00+00:00,21.0074787
2025-07-13 03:00:00+00:00,21.10045252
2025-07-13 04:00:00+00:00,21.17707816
2025-07-13 05:00:00+00:00,21.00755751
2025-07-13 06:00:00+00:00,21.07688353
2025-07-13 07:00:00+00:00,21.31763342
2025-07-13 08:00:00+00:00,21.2589282
2025-07-13 09:00:00+00:00,21.21038408
2025-07-13 10:00:00+00:00,21.13164
2025-07-13 11:00:00+00:00,21.26839339
2025-07-13 12:00:00+00:00,21.25629436
2025-07-13 13:00:00+00:00,21.33729261
2025-07-13 14:00:00+00:00,21.29145489
2025-07-13 15:00:00+00:00,21.28847529
2025-07-13 16:00:00+00:00,21.16015154
2025-07-13 17:00:00+00:00,21.41629943
2025-07-13 18:00:00+00:00,21.65952563
2025-07-13 19:00:00+00:00,21.5306521
2025-07-13 20:00:00+00:00,21.46685124
2025-07-13 21:00:00+00:00,21.17191316
2025-07-13 22:00:00+00:00,21.07083995
2025-07-13 23:00:00+00:00,21.1987084
2025-07-14 00:00:00+00:00,21.23871081
2025-07-14 01:00:00+00:00,21.50462559
2025-07-14 02:00:00+00:00,21.61989136
2025-07-14 03:00:00+00:00,21.78401084
2025-07-14 04:00:00+00:00,22.04143023
2025-07-14 05:00:00+00:00,21.7485707
2025-07-14 06:00:00+00:00,21.686228
2025-07-14 07:00:00+00:00,21.83913044
2025-07-14 08:00:00+00:00,21.74612539
2025-07-14 09:00:00+00:00,21.80683001
2025-07-14 10:00:00+00:00,21.84670516
2025-07-14 11:00:00+00:00,21.7040447
2025-07-14 12:00:00+00:00,21.75129109
2025-07-14 13:00:00+00:00,21.90250408
2025-07-14 14:00:00+00:00,21.73336028
2025-07-14 15:00:00+00:00,21.45717646
2025-07-14 16:00:00+00:00,21.61824843
2025-07-14 17:00:00+00:00,21.46925466
2025-07-14 18:00:00+00:00,21.19631148
2025-07-14 19:00:00+00:00,21.25752307
2025-07-14 20:00:00+00:00,21.30406398
2025-07-14 21:00:00+00:00,21.36278293
2025-07-14 22:00:00+00:00,21.30164495
2025-07-14 23:00:00+00:00,21.27352314
2025-07-15 00:00:00+00:00,21.04100862
2025-07-15 01:00:00+00:00,20.99427131
2025-07-15 02:00:00+00:00,20.83559276
2025-07-15 03:00:00+00:00,20.58759683
2025-07-15 04:00:00+00:00,20.7657537
2025-07-15 05:00:00+00:00,20.80191685
2025-07-15 06:00:00+00:00,20.82167554
2025-07-15 07:00:00+00:00,20.75064102
2025-07-15 08:00:00+00:00,21.00590111
2025-07-15 09:00:00+00:00,21.29629532
2025-07-15 10:00:00+00:00,21.10509039
2025-07-15 11:00:00+00:00,21.11140651
2025-07-15 12:00:00+00:00,21.12695279
2025-07-15 13:00:00+00:00,21.13766266
2025-07-15 14:00:00+00:00,20.74207131
2025-07-15 15:00:00+00:00,21.17569983
2025-07-15 16:00:00+00:00,21.26859983
2025-07-15 17:00:00+00:00,21.78440582
2025-07-15 18:00:00+00:00,21.39196525
2025-07-15 19:00:00+00:00,21.20977553
2025-07-15 20:00:00+00:00,21.57680294
2025-07-15 21:00:00+00:00,21.99100515
2025-07-15 22:00:00+00:00,22.26376048
2025-07-15 23:00:00+00:00,22.50772379
2025-07-16 00:00:00+00:00,22.33444696
2025-07-16 01:00:00+00:00,22.17252646
2025-07-16 02:00:00+00:00,21.79113527
2025-07-16 03:00:00+00:00,21.71314748
2025-07-16 04:00:00+00:00,21.94213003
2025-07-16 05:00:00+00:00,21.83308511
2025-07-16 06:00:00+00:00,22.01229039
2025-07-16 07:00:00+00:00,21.98852352
2025-07-16 08:00:00+00:00,22.00857492
2025-07-16 09:00:00+00:00,22.08070812
2025-07-16 10:00:00+00:00,21.96030022
2025-07-16 11:00:00+00:00,22.00548573
2025-07-16 12:00:00+00:00,22.06422635
2025-07-16 13:00:00+00:00,22.03005173
2025-07-16 14:00:00+00:00,22.2687389
2025-07-16 15:00:00+00:00,22.10527164
2025-07-16 16:00:00+00:00,22.35407211
2025-07-16 17:00:00+00:00,22.48242254
2025-07-16 18:00:00+00:00,22.5677161
2025-07-16 19:00:00+00:00,22.60008615
2025-07-16 20:00:00+00:00,22.79184974
2025-07-16 21:00:00+00:00,22.86179203
2025-07-16 22:00:00+00:00,22.68173352
2025-07-16 23:00:00+00:00,22.65991521
2025-07-17 00:00:00+00:00,22.6487134
2025-07-17 01:00:00+00:00,22.2392718
2025-07-17 02:00:00+00:00,22.35024909
2025-07-17 03:00:00+00:00,22.1677935
2025-07-17 04:00:00+00:00,22.28844462
2025-07-17 05:00:00+00:00,22.5270839
2025-07-17 06:00:00+00:00,22.74110028
2025-07-17 07:00:00+00:00,22.69044651
2025-07-17 08:00:00+00:00,22.79954245
2025-07-17 09:00:00+00:00,23.19663227
2025-07-17 10:00:00+00:00,23.02474165
2025-07-17 11:00:00+00:00,22.88478433
2025-07-17 12:00:00+00:00,22.99117173
2025-07-17 13:00:00+00:00,22.71493255
2025-07-17 14:00:00+00:00,22.82829461
2025-07-17 15:00:00+00:00,22.72430627
2025-07-17 16:00:00+00:00,22.49815703
2025-07-17 17:00:00+00:00,22.73934461
2025-07-17 18:00:00+00:00,22.82263667
2025-07-17 19:00:00+00:00,22.41494836
2025-07-17 20:00:00+00:00,22.50493816
2025-07-17 21:00:00+00:00,22.78104592
2025-07-17 22:00:00+00:00,23.04002121
2025-07-17 23:00:00+00:00,23.91585119
2025-07-18 00:00:00+00:00,24.38431014
2025-07-18 01:00:00+00:00,24.27284015
2025-07-18 02:00:00+00:00,24.15711124
2025-07-18 03:00:00+00:00,24.32166149
2025-07-18 04:00:00+00:00,24.55052015
2025-07-18 05:00:00+00:00,24.96119843
2025-07-18 06:00:00+00:00,24.73249181
2025-07-18 07:00:00+00:00,24.32593016
2025-07-18 08:00:00+00:00,24.32396069
2025-07-18 09:00:00+00:00,24.42764677
2025-07-18 10:00:00+00:00,24.35001392
2025-07-18 11:00:00+00:00,24.11723857
2025-07-18 12:00:00+00:00,24.46030102
2025-07-18 13:00:00+00:00,24.34867049
2025-07-18 14:00:00+00:00,24.02494161
2025-07-18 15:00:00+00:00,23.76358021
2025-07-18 16:00:00+00:00,23.86357516
2025-07-18 17:00:00+00:00,24.01773643
2025-07-18 18:00:00+00:00,23.74716681
2025-07-18 19:00:00+00:00,23.60938356
2025-07-18 20:00:00+00:00,23.36962856
2025-07-18 21:00:00+00:00,23.50964853
2025-07-18 22:00:00+00:00,23.32011419
2025-07-18 23:00:00+00:00,23.51079285
2025-07-19 00:00:00+00:00,23.14792632
2025-07-19 01:00:00+00:00,23.38983968
2025-07-19 02:00:00+00:00,23.53103034
2025-07-19 03:00:00+00:00,23.81077903
2025-07-19 04:00:00+00:00,23.89091345
2025-07-19 05:00:00+00:00,23.90109978
2025-07-19 06:00:00+00:00,23.86511842
2025-07-19 07:00:00+00:00,23.70641334
2025-07-19 08:00:00+00:00,23.54363189
2025-07-19 09:00:00+00:00,23.53518463
2025-07-19 10:00:00+00:00,23.59960314
2025-07-19 11:00:00+00:00,23.59620778
2025-07-19 12:00:00+00:00,23.83163897
2025-07-19 13:00:00+00:00,23.62974444
2025-07-19 14:00:00+00:00,23.33765343
2025-07-19 15:00:00+00:00,23.64545872
2025-07-19 16:00:00+00:00,23.78944398
2025-07-19 17:00:00+00:00,23.73660727
2025-07-19 18:00:00+00:00,24.35856221
2025-07-19 19:00:00+00:00,24.95007219
2025-07-19 20:00:00+00:00,24.83959915
2025-07-19 21:00:00+00:00,24.32025618
2025-07-19 22:00:00+00:00,24.3495969
2025-07-19 23:00:00+00:00,24.49157016
2025-07-20 00:00:00+00:00,24.41748029
2025-07-20 01:00:00+00:00,24.50112593
2025-07-20 02:00:00+00:00,24.52649591
2025-07-20 03:00:00+00:00,24.57147312
2025-07-20 04:00:00+00:00,24.59687479
2025-07-20 05:00:00+00:00,24.64645743
2025-07-20 06:00:00+00:00,24.59086711
2025-07-20 07:00:00+00:00,24.70752405
2025-07-20 08:00:00+00:00,25.02396593
2025-07-20 09:00:00+00:00,24.93373314
2025-07-20 10:00:00+00:00,24.91352017
2025-07-20 11:00:00+00:00,25.12860049
2025-07-20 12:00:00+00:00,24.99922445
2025-07-20 13:00:00+00:00,25.24061673
2025-07-20 14:00:00+00:00,25.17689992
2025-07-20 15:00:00+00:00,25.4030342
2025-07-20 16:00:00+00:00,25.33095313
2025-07-20 17:00:00+00:00,25.0361393
2025-07-20 18:00:00+00:00,25.21837594
2025-07-20 19:00:00+00:00,25.26818346
2025-07-20 20:00:00+00:00,25.14138728
2025-07-20 21:00:00+00:00,25.23170708
2025-07-20 22:00:00+00:00,25.00459681
2025-07-20 23:00:00+00:00,25.04521972
2025-07-21 00:00:00+00:00,25.03192494
2025-07-21 01:00:00+00:00,25.14539201
2025-07-21 02:00:00+00:00,25.24143781
2025-07-21 03:00:00+00:00,25.43698084
2025-07-21 04:00:00+00:00,25.45288449
2025-07-21 05:00:00+00:00,25.57283699
2025-07-21 06:00:00+00:00,25.6907732
2025-07-21 07:00:00+00:00,25.82998291
2025-07-21 08:00:00+00:00,25.78876831
2025-07-21 09:00:00+00:00,25.66674026
2025-07-21 10:00:00+00:00,25.91984349
2025-07-21 11:00:00+00:00,26.04991897
2025-07-21 12:00:00+00:00,25.88761917
2025-07-21 13:00:00+00:00,25.97859984
2025-07-21 14:00:00+00:00,26.03785085
2025-07-21 15:00:00+00:00,25.89583077
2025-07-21 16:00:00+00:00,25.58531781
2025-07-21 17:00:00+00:00,25.71666067
2025-07-21 18:00:00+00:00,25.39980821
2025-07-21 19:00:00+00:00,25.17662497
2025-07-21 20:00:00+00:00,25.16180667
2025-07-21 21:00:00+00:00,25.36079601
2025-07-21 22:00:00+00:00,25.48053986
2025-07-21 23:00:00+00:00,25.42840195
2025-07-22 00:00:00+00:00,25.42496914
2025-07-22 01:00:00+00:00,25.79006228
2025-07-22 02:00:00+00:00,25.86533361
2025-07-22 03:00:00+00:00,25.88571609
2025-07-22 04:00:00+00:00,25.12112025
2025-07-22 05:00:00+00:00,25.34985831
2025-07-22 06:00:00+00:00,25.53777793
2025-07-22 07:00:00+00:00,25.64272482
2025-07-22 08:00:00+00:00,25.29786354
2025-07-22 09:00:00+00:00,25.34860059
2025-07-22 10:00:00+00:00,25.60851938
2025-07-22 11:00:00+00:00,25.50383797
2025-07-22 12:00:00+00:00,25.5993994
2025-07-22 13:00:00+00:00,25.09936304
2025-07-22 14:00:00+00:00,25.34702092
2025-07-22 15:00:00+00:00,24.9646802
2025-07-22 16:00:00+00:00,24.99951028
2025-07-22 17:00:00+00:00,24.95086852
2025-07-22 18:00:00+00:00,25.24281858
2025-07-22 19:00:00+00:00,24.8646549
2025-07-22 20:00:00+00:00,25.20001911
2025-07-22 21:00:00+00:00,25.34488635
2025-07-22 22:00:00+00:00,25.42975105
2025-07-22 23:00:00+00:00,25.8809534
2025-07-23 00:00:00+00:00,25.59066817
2025-07-23 01:00:00+00:00,25.65967593
2025-07-23 02:00:00+00:00,25.67721355
2025-07-23 03:00:00+00:00,25.52186747
2025-07-23 04:00:00+00:00,25.80811721
2025-07-23 05:00:00+00:00,25.63072856
2025-07-23 06:00:00+00:00,25.33998629
2025-07-23 07:00:00+00:00,25.35001158
2025-07-23 08:00:00+00:00,25.54294072
2025-07-23 09:00:00+00:00,25.05501555
2025-07-23 10:00:00+00:00,25.01516359
2025-07-23 11:00:00+00:00,25.01186127
2025-07-23 12:00:00+00:00,24.5069864
2025-07-23 13:00:00+00:00,23.84779379
2025-07-23 14:00:00+00:00,24.10906211
2025-07-23 15:00:00+00:00,24.35027075
2025-07-23 16:00:00+00:00,23.70077173
2025-07-23 17:00:00+00:00,23.80964214
2025-07-23 18:00:00+00:00,24.030238
2025-07-23 19:00:00+00:00,23.84347811
2025-07-23 20:00:00+00:00,23.64281906
2025-07-23 21:00:00+00:00,23.71825941
2025-07-23 22:00:00+00:00,23.99131793
2025-07-23 23:00:00+00:00,23.94839012
2025-07-24 00:00:00+00:00,24.16757836
2025-07-24 01:00:00+00:00,24.18010331
2025-07-24 02:00:00+00:00,24.032238
2025-07-24 03:00:00+00:00,23.9496011
2025-07-24 04:00:00+00:00,23.62246397
2025-07-24 05:00:00+00:00,23.04868161
2025-07-24 06:00:00+00:00,22.81985164
2025-07-24 07:00:00+00:00,23.26690428
2025-07-24 08:00:00+00:00,23.59293106
2025-07-24 09:00:00+00:00,23.54310397
2025-07-24 10:00:00+00:00,23.45694032
2025-07-24 11:00:00+00:00,23.82045022
2025-07-24 12:00:00+00:00,23.7330861
2025-07-24 13:00:00+00:00,23.58973652
2025-07-24 14:00:00+00:00,24.32382636
2025-07-24 15:00:00+00:00,24.18164633
2025-07-24 16:00:00+00:00,23.83512088
2025-07-24 17:00:00+00:00,24.18515775
2025-07-24 18:00:00+00:00,24.22560479
2025-07-24 19:00:00+00:00,24.00456571
2025-07-24 20:00:00+00:00,24.17091939
2025-07-24 21:00:00+00:00,23.93993459
2025-07-24 22:00:00+00:00,23.92625818
2025-07-24 23:00:00+00:00,23.66423438
2025-07-25 00:00:00+00:00,23.38046938
2025-07-25 01:00:00+00:00,23.60049714
2025-07-25 02:00:00+00:00,23.21100453
2025-07-25 03:00:00+00:00,23.10891958
2025-07-25 04:00:00+00:00,23.33118329
2025-07-25 05:00:00+00:00,23.06941655
2025-07-25 06:00:00+00:00,23.1757852
2025-07-25 07:00:00+00:00,23.10193939
2025-07-25 08:00:00+00:00,23.19847235
2025-07-25 09:00:00+00:00,23.66571319
2025-07-25 10:00:00+00:00,23.76568116
2025-07-25 11:00:00+00:00,23.7062003
2025-07-25 12:00:00+00:00,23.69005672
2025-07-25 13:00:00+00:00,23.72670062
2025-07-25 14:00:00+00:00,23.14194415
2025-07-25 15:00:00+00:00,23.20466237
2025-07-25 16:00:00+00:00,23.4193868
2025-07-25 17:00:00+00:00,23.33989331
2025-07-25 18:00:00+00:00,23.37838502
2025-07-25 19:00:00+00:00,23.41929009
2025-07-25 20:00:00+00:00,23.83124579
2025-07-25 21:00:00+00:00,23.92605199
2025-07-25 22:00:00+00:00,24.01052159
2025-07-25 23:00:00+00:00,24.00719669
2025-07-26 00:00:00+00:00,23.96684752
2025-07-26 01:00:00+00:00,23.85393507
2025-07-26 02:00:00+00:00,24.08066484
2025-07-26 03:00:00+00:00,24.0670934
2025-07-26 04:00:00+00:00,24.07970558
2025-07-26 05:00:00+00:00,24.18082759
2025-07-26 06:00:00+00:00,24.08654234
2025-07-26 07:00:00+00:00,24.0890385
2025-07-26 08:00:00+00:00,24.19987289
2025-07-26 09:00:00+00:00,24.27781366
2025-07-26 10:00:00+00:00,24.30314959
2025-07-26 11:00:00+00:00,24.31748517
2025-07-26 12:00:00+00:00,24.27795806
2025-07-26 13:00:00+00:00,24.35874252
2025-07-26 14:00:00+00:00,24.70834173
2025-07-26 15:00:00+00:00,24.81788821
2025-07-26 16:00:00+00:00,24.71494129
2025-07-26 17:00:00+00:00,24.57892445
2025-07-26 18:00:00+00:00,25.64596072
2025-07-26 19:00:00+00:00,25.42900653
2025-07-26 20:00:00+00:00,25.11192881
2025-07-26 21:00:00+00:00,25.14383935
2025-07-26 22:00:00+00:00,25.00658589
2025-07-26 23:00:00+00:00,24.93351286
2025-07-27 00:00:00+00:00,24.96149597
2025-07-27 01:00:00+00:00,24.96961501
2025-07-27 02:00:00+00:00,25.0196088
2025-07-27 03:00:00+00:00,24.93970402
2025-07-27 04:00:00+00:00,25.03106242
2025-07-27 05:00:00+00:00,25.11142419
2025-07-27 06:00:00+00:00,25.17065638
2025-07-27 07:00:00+00:00,25.0161772
2025-07-27 08:00:00+00:00,24.9169429
2025-07-27 09:00:00+00:00,24.79972968
2025-07-27 10:00:00+00:00,25.08811429
2025-07-27 11:00:00+00:00,24.9277022
2025-07-27 12:00:00+00:00,25.06037063
2025-07-27 13:00:00+00:00,25.00634767
2025-07-27 14:00:00+00:00,24.96344596
2025-07-27 15:00:00+00:00,25.03138817
2025-07-27 16:00:00+00:00,25.19676604
2025-07-27 17:00:00+00:00,25.32189238
2025-07-27 18:00:00+00:00,25.43115364
2025-07-27 19:00:00+00:00,25.41408566
2025-07-27 20:00:00+00:00,25.53815081
2025-07-27 21:00:00+00:00,25.55573922
2025-07-27 22:00:00+00:00,25.94981139
2025-07-27 23:00:00+00:00,26.05183067
2025-07-28 00:00:00+00:00,25.99146922
2025-07-28 01:00:00+00:00,25.86034794
2025-07-28 02:00:00+00:00,26.23680708
2025-07-28 03:00:00+00:00,26.13097937
2025-07-28 04:00:00+00:00,26.51595885
2025-07-28 05:00:00+00:00,26.55862677
2025-07-28 06:00:00+00:00,26.74217277
2025-07-28 07:00:00+00:00,26.53801159
2025-07-28 08:00:00+00:00,26.68145593
2025-07-28 09:00:00+00:00,27.08536109
2025-07-28 10:00:00+00:00,27.03624097
2025-07-28 11:00:00+00:00,27.28333162
2025-07-28 12:00:00+00:00,27.20346489
2025-07-28 13:00:00+00:00,26.96132668
2025-07-28 14:00:00+00:00,26.31920326
2025-07-28 15:00:00+00:00,26.06120835
2025-07-28 16:00:00+00:00,25.89478076
2025-07-28 17:00:00+00:00,25.79070101
2025-07-28 18:00:00+00:00,25.58643587
2025-07-28 19:00:00+00:00,25.52991324
2025-07-28 20:00:00+00:00,25.32312652
2025-07-28 21:00:00+00:00,25.29790855
2025-07-28 22:00:00+00:00,25.18324817
2025-07-28 23:00:00+00:00,25.19148556
2025-07-29 00:00:00+00:00,24.93440157
2025-07-29 01:00:00+00:00,24.71590071
2025-07-29 02:00:00+00:00,24.60018982
2025-07-29 03:00:00+00:00,25.03300444
2025-07-29 04:00:00+00:00,24.87406692
2025-07-29 05:00:00+00:00,25.07344141
2025-07-29 06:00:00+00:00,25.28266736
2025-07-29 07:00:00+00:00,25.46223178
2025-07-29 08:00:00+00:00,25.23678783
2025-07-29 09:00:00+00:00,24.96252778
2025-07-29 10:00:00+00:00,24.56086051
2025-07-29 11:00:00+00:00,24.73161652
2025-07-29 12:00:00+00:00,24.99822593
2025-07-29 13:00:00+00:00,24.9716731
2025-07-29 14:00:00+00:00,24.52127026
2025-07-29 15:00:00+00:00,24.32011733
2025-07-29 16:00:00+00:00,24.32103167
2025-07-29 17:00:00+00:00,24.35752142
2025-07-29 18:00:00+00:00,24.22528952
2025-07-29 19:00:00+00:00,24.08007861
2025-07-29 20:00:00+00:00,24.09033525
2025-07-29 21:00:00+00:00,24.40062748
2025-07-29 22:00:00+00:00,24.33064909
2025-07-29 23:00:00+00:00,24.37223311
2025-07-30 00:00:00+00:00,24.22174535
2025-07-30 01:00:00+00:00,24.36478359
2025-07-30 02:00:00+00:00,24.37705611
2025-07-30 03:00:00+00:00,24.29257744
2025-07-30 04:00:00+00:00,24.08877884
2025-07-30 05:00:00+00:00,24.15450963
2025-07-30 06:00:00+00:00,24.22086571
2025-07-30 07:00:00+00:00,24.00300399
2025-07-30 08:00:00+00:00,23.95308146
2025-07-30 09:00:00+00:00,23.70151428
2025-07-30 10:00:00+00:00,23.57632465
2025-07-30 11:00:00+00:00,23.42830798
2025-07-30 12:00:00+00:00,23.31229774
2025-07-30 13:00:00+00:00,23.21311708
2025-07-30 14:00:00+00:00,23.60865818
2025-07-30 15:00:00+00:00,23.23217635
2025-07-30 16:00:00+00:00,23.30734028
2025-07-30 17:00:00+00:00,23.57048307
2025-07-30 18:00:00+00:00,22.91080915
2025-07-30 19:00:00+00:00,23.23445111
2025-07-30 20:00:00+00:00,23.21924817
2025-07-30 21:00:00+00:00,23.15036249
2025-07-30 22:00:00+00:00,23.13837868
2025-07-30 23:00:00+00:00,23.30597957
2025-07-31 00:00:00+00:00,23.47155458
2025-07-31 01:00:00+00:00,23.41810029
2025-07-31 02:00:00+00:00,23.56185549
2025-07-31 03:00:00+00:00,23.67497934
2025-07-31 04:00:00+00:00,23.91135984
2025-07-31 05:00:00+00:00,24.0300632
2025-07-31 06:00:00+00:00,23.98020761
2025-07-31 07:00:00+00:00,23.88068578
2025-07-31 08:00:00+00:00,23.95142026
2025-07-31 09:00:00+00:00,24.09588181
2025-07-31 10:00:00+00:00,23.96030775
2025-07-31 11:00:00+00:00,23.66707862
2025-07-31 12:00:00+00:00,23.51914209
2025-07-31 13:00:00+00:00,23.01575497
2025-07-31 14:00:00+00:00,22.89740798
2025-07-31 15:00:00+00:00,23.10539121
2025-07-31 16:00:00+00:00,23.38516649
2025-07-31 17:00:00+00:00,23.03907581
2025-07-31 18:00:00+00:00,23.02266816
2025-07-31 19:00:00+00:00,22.8255697
2025-07-31 20:00:00+00:00,22.80592758
2025-07-31 21:00:00+00:00,22.70987909
2025-07-31 22:00:00+00:00,22.50503904
2025-07-31 23:00:00+00:00,22.46693092
2025-08-01 00:00:00+00:00,22.28188113
2025-08-01 01:00:00+00:00,22.32515129
2025-08-01 02:00:00+00:00,22.4102838
2025-08-01 03:00:00+00:00,22.42563445
2025-08-01 04:00:00+00:00,22.16777508
2025-08-01 05:00:00+00:00,21.91741221
2025-08-01 06:00:00+00:00,21.98975496
2025-08-01 07:00:00+00:00,22.16464687
2025-08-01 08:00:00+00:00,21.84878609
2025-08-01 09:00:00+00:00,21.82797276
2025-08-01 10:00:00+00:00,21.98437253
2025-08-01 11:00:00+00:00,22.13156122
2025-08-01 12:00:00+00:00,22.13904401
2025-08-01 13:00:00+00:00,21.75480041
2025-08-01 14:00:00+00:00,22.27639897
2025-08-01 15:00:00+00:00,22.09024233
2025-08-01 16:00:00+00:00,21.84350064
2025-08-01 17:00:00+00:00,21.69799051
2025-08-01 18:00:00+00:00,21.75060048
2025-08-01 19:00:00+00:00,21.90063581
2025-08-01 20:00:00+00:00,21.75726336
2025-08-01 21:00:00+00:00,21.73032944
2025-08-01 22:00:00+00:00,21.27244837
2025-08-01 23:00:00+00:00,21.51586412
2025-08-02 00:00:00+00:00,21.7009915
2025-08-02 01:00:00+00:00,21.71891609
2025-08-02 02:00:00+00:00,21.71003172
2025-08-02 03:00:00+00:00,21.69953193
2025-08-02 04:00:00+00:00,21.80527707
2025-08-02 05:00:00+00:00,21.70377322
2025-08-02 06:00:00+00:00,21.33262688
2025-08-02 07:00:00+00:00,21.6627568
2025-08-02 08:00:00+00:00,21.43048331
2025-08-02 09:00:00+00:00,21.46739463
2025-08-02 10:00:00+00:00,21.40919699
2025-08-02 11:00:00+00:00,21.4951615
2025-08-02 12:00:00+00:00,21.53563273
2025-08-02 13:00:00+00:00,21.59796917
2025-08-02 14:00:00+00:00,21.30745902
2025-08-02 15:00:00+00:00,21.21850617
2025-08-02 16:00:00+00:00,21.198588
2025-08-02 17:00:00+00:00,20.89288933
2025-08-02 18:00:00+00:00,20.77032491
2025-08-02 19:00:00+00:00,20.87887076
2025-08-02 20:00:00+00:00,21.01809035
2025-08-02 21:00:00+00:00,20.97894749
2025-08-02 22:00:00+00:00,20.99861228
2025-08-02 23:00:00+00:00,20.8617763
2025-08-03 00:00:00+00:00,21.02921324
2025-08-03 01:00:00+00:00,21.03732303
2025-08-03 02:00:00+00:00,21.17774818
2025-08-03 03:00:00+00:00,21.14004567
2025-08-03 04:00:00+00:00,21.145245
2025-08-03 05:00:00+00:00,21.15983029
2025-08-03 06:00:00+00:00,21.1509604
2025-08-03 07:00:00+00:00,21.17005292
2025-08-03 08:00:00+00:00,21.24708932
2025-08-03 09:00:00+00:00,21.25105506
2025-08-03 10:00:00+00:00,21.35746968
2025-08-03 11:00:00+00:00,21.36880488
2025-08-03 12:00:00+00:00,21.42476074
2025-08-03 13:00:00+00:00,21.3697175
2025-08-03 14:00:00+00:00,21.34115124
2025-08-03 15:00:00+00:00,21.42134862
2025-08-03 16:00:00+00:00,21.4351399
2025-08-03 17:00:00+00:00,21.40157035
2025-08-03 18:00:00+00:00,21.4266688
2025-08-03 19:00:00+00:00,21.39752115
2025-08-03 20:00:00+00:00,21.39166475
2025-08-03 21:00:00+00:00,21.41325306
2025-08-03 22:00:00+00:00,21.4064273
2025-08-03 23:00:00+00:00,21.36955793
2025-08-04 00:00:00+00:00,21.82149478
2025-08-04 01:00:00+00:00,21.72907646
2025-08-04 02:00:00+00:00,21.87244283
2025-08-04 03:00:00+00:00,21.76876675
2025-08-04 04:00:00+00:00,21.91725763
2025-08-04 05:00:00+00:00,21.87855318
2025-08-04 06:00:00+00:00,21.91548377
2025-08-04 07:00:00+00:00,21.92969492
2025-08-04 08:00:00+00:00,21.97038739
2025-08-04 09:00:00+00:00,21.90762816
2025-08-04 10:00:00+00:00,21.83401942
2025-08-04 11:00:00+00:00,21.84686979
2025-08-04 12:00:00+00:00,21.90331005
2025-08-04 13:00:00+00:00,22.18789647
2025-08-04 14:00:00+00:00,22.13314755
2025-08-04 15:00:00+00:00,22.35808334
2025-08-04 16:00:00+00:00,22.64089655
2025-08-04 17:00:00+00:00,22.5665147
2025-08-04 18:00:00+00:00,22.44045305
2025-08-04 19:00:00+00:00,22.30147117
2025-08-04 20:00:00+00:00,22.58172225
2025-08-04 21:00:00+00:00,22.83659581
2025-08-04 22:00:00+00:00,23.10465427
2025-08-04 23:00:00+00:00,23.11576455
2025-08-05 00:00:00+00:00,23.1072695
2025-08-05 01:00:00+00:00,22.86011294
2025-08-05 02:00:00+00:00,22.82554094
2025-08-05 03:00:00+00:00,22.72951242
2025-08-05 04:00:00+00:00,22.7348632
2025-08-05 05:00:00+00:00,22.78338091
2025-08-05 06:00:00+00:00,22.46219905
2025-08-05 07:00:00+00:00,22.22020672
2025-08-05 08:00:00+00:00,22.35292374
2025-08-05 09:00:00+00:00,22.58454403
2025-08-05 10:00:00+00:00,22.79579641
2025-08-05 11:00:00+00:00,22.65739952
2025-08-05 12:00:00+00:00,22.326154
2025-08-05 13:00:00+00:00,22.38457518
2025-08-05 14:00:00+00:00,21.92595476
2025-08-05 15:00:00+00:00,21.71549912
2025-08-05 16:00:00+00:00,21.78670251
2025-08-05 17:00:00+00:00,21.91056639
2025-08-05 18:00:00+00:00,21.79693628
2025-08-05 19:00:00+00:00,21.68572092
2025-08-05 20:00:00+00:00,21.6754063
2025-08-05 21:00:00+00:00,21.59729234
2025-08-05 22:00:00+00:00,21.77320942
2025-08-05 23:00:00+00:00,21.91117414
2025-08-06 00:00:00+00:00,21.74672491
2025-08-06 01:00:00+00:00,21.78974147
2025-08-06 02:00:00+00:00,21.74210447
2025-08-06 03:00:00+00:00,21.66123894
2025-08-06 04:00:00+00:00,21.73315013
2025-08-06 05:00:00+00:00,22.12736257
2025-08-06 06:00:00+00:00,22.1477571
2025-08-06 07:00:00+00:00,22.24412427
2025-08-06 08:00:00+00:00,22.06731817
2025-08-06 09:00:00+00:00,22.04065063
2025-08-06 10:00:00+00:00,21.95048736
2025-08-06 11:00:00+00:00,21.94256191
2025-08-06 12:00:00+00:00,21.82708722
2025-08-06 13:00:00+00:00,21.91740181
2025-08-06 14:00:00+00:00,22.21805558
2025-08-06 15:00:00+00:00,22.34717677
2025-08-06 16:00:00+00:00,22.08017516
2025-08-06 17:00:00+00:00,22.25222634
2025-08-06 18:00:00+00:00,22.21930567
2025-08-06 19:00:00+00:00,22.25517836
2025-08-06 20:00:00+00:00,22.16736516
2025-08-06 21:00:00+00:00,22.18153571
2025-08-06 22:00:00+00:00,22.27092725
2025-08-06 23:00:00+00:00,22.22872974
2025-08-07 00:00:00+00:00,22.17789331
2025-08-07 01:00:00+00:00,22.10584361
2025-08-07 02:00:00+00:00,22.04218231
2025-08-07 03:00:00+00:00,22.00766507
2025-08-07 04:00:00+00:00,22.00687781
2025-08-07 05:00:00+00:00,22.17928589
2025-08-07 06:00:00+00:00,22.17082226
2025-08-07 07:00:00+00:00,22.20965931
2025-08-07 08:00:00+00:00,22.2763113
2025-08-07 09:00:00+00:00,22.31915998
2025-08-07 10:00:00+00:00,22.78625467
2025-08-07 11:00:00+00:00,22.7724461
2025-08-07 12:00:00+00:00,22.74326533
2025-08-07 13:00:00+00:00,22.74823857
2025-08-07 14:00:00+00:00,22.56901413
2025-08-07 15:00:00+00:00,22.65390928
2025-08-07 16:00:00+00:00,22.46820136
2025-08-07 17:00:00+00:00,22.52848939
2025-08-07 18:00:00+00:00,22.54111742
2025-08-07 19:00:00+00:00,22.86669551
2025-08-07 20:00:00+00:00,22.98047209
2025-08-07 21:00:00+00:00,23.07885911
2025-08-07 22:00:00+00:00,23.33383192
2025-08-07 23:00:00+00:00,23.35795163
2025-08-08 00:00:00+00:00,23.29169431
2025-08-08 01:00:00+00:00,23.20618712
2025-08-08 02:00:00+00:00,23.21165498
2025-08-08 03:00:00+00:00,23.27698507
2025-08-08 04:00:00+00:00,23.12113013
2025-08-08 05:00:00+00:00,23.06190546
2025-08-08 06:00:00+00:00,23.40525987
2025-08-08 07:00:00+00:00,23.48663404
2025-08-08 08:00:00+00:00,23.42825034
2025-08-08 09:00:00+00:00,23.54952081
2025-08-08 10:00:00+00:00,23.51364512
2025-08-08 11:00:00+00:00,23.50771741
2025-08-08 12:00:00+00:00,23.25243849
2025-08-08 13:00:00+00:00,23.68852126
2025-08-08 14:00:00+00:00,23.38181589
2025-08-08 15:00:00+00:00,23.1868863
2025-08-08 16:00:00+00:00,23.28679755
2025-08-08 17:00:00+00:00,23.76052355
2025-08-08 18:00:00+00:00,23.68413983
2025-08-08 19:00:00+00:00,23.79363605
2025-08-08 20:00:00+00:00,23.75000319
2025-08-08 21:00:00+00:00,23.74335764
2025-08-08 22:00:00+00:00,23.80620757
2025-08-08 23:00:00+00:00,23.79123331
2025-08-09 00:00:00+00:00,23.81226526
2025-08-09 01:00:00+00:00,24.02219528
2025-08-09 02:00:00+00:00,24.08212958
2025-08-09 03:00:00+00:00,23.98856729
2025-08-09 04:00:00+00:00,24.15276359
2025-08-09 05:00:00+00:00,24.47165513
2025-08-09 06:00:00+00:00,24.22091266
2025-08-09 07:00:00+00:00,24.41677251
2025-08-09 08:00:00+00:00,24.43762238
2025-08-09 09:00:00+00:00,24.67415459
2025-08-09 10:00:00+00:00,24.66414815
2025-08-09 11:00:00+00:00,24.5824519
2025-08-09 12:00:00+00:00,24.76888848
2025-08-09 13:00:00+00:00,24.31948893
2025-08-09 14:00:00+00:00,24.29863689
2025-08-09 15:00:00+00:00,24.16244739
2025-08-09 16:00:00+00:00,24.20663415
2025-08-09 17:00:00+00:00,24.33952164
2025-08-09 18:00:00+00:00,24.4580285
2025-08-09 19:00:00+00:00,24.47842545
2025-08-09 20:00:00+00:00,24.74294517
2025-08-09 21:00:00+00:00,24.58204714
2025-08-09 22:00:00+00:00,24.39195609
2025-08-09 23:00:00+00:00,24.23391278
2025-08-10 00:00:00+00:00,24.44101614
2025-08-10 01:00:00+00:00,24.3468662
2025-08-10 02:00:00+00:00,24.12796232
2025-08-10 03:00:00+00:00,24.39018871
2025-08-10 04:00:00+00:00,24.46223974
2025-08-10 05:00:00+00:00,24.07075525
2025-08-10 06:00:00+00:00,23.9381738
2025-08-10 07:00:00+00:00,23.48095698
2025-08-10 08:00:00+00:00,23.65154851
2025-08-10 09:00:00+00:00,23.64232955
2025-08-10 10:00:00+00:00,23.50706284
2025-08-10 11:00:00+00:00,23.53239886
2025-08-10 12:00:00+00:00,23.66010501
2025-08-10 13:00:00+00:00,23.50228938
2025-08-10 14:00:00+00:00,23.83734349
2025-08-10 15:00:00+00:00,23.95842994
2025-08-10 16:00:00+00:00,23.82203449
2025-08-10 17:00:00+00:00,23.82631647
2025-08-10 18:00:00+00:00,23.93568713
2025-08-10 19:00:00+00:00,23.90575674
2025-08-10 20:00:00+00:00,23.73211649
2025-08-10 21:00:00+00:00,23.73766457
2025-08-10 22:00:00+00:00,23.77855018
2025-08-10 23:00:00+00:00,23.83342707
2025-08-11 00:00:00+00:00,23.68474917
2025-08-11 01:00:00+00:00,23.99579211
2025-08-11 02:00:00+00:00,24.41961723
2025-08-11 03:00:00+00:00,24.40595453
2025-08-11 04:00:00+00:00,24.4338787
2025-08-11 05:00:00+00:00,24.46525392
2025-08-11 06:00:00+00:00,24.54460931
2025-08-11 07:00:00+00:00,24.10427476
2025-08-11 08:00:00+00:00,24.21705489
2025-08-11 09:00:00+00:00,24.03953069
2025-08-11 10:00:00+00:00,23.90985126
2025-08-11 11:00:00+00:00,23.39306315
2025-08-11 12:00:00+00:00,23.25752372
2025-08-11 13:00:00+00:00,23.52404933
2025-08-11 14:00:00+00:00,23.51819324
2025-08-11 15:00:00+00:00,23.74703954
2025-08-11 16:00:00+00:00,23.663882
2025-08-11 17:00:00+00:00,23.52080912
2025-08-11 18:00:00+00:00,23.47860217
2025-08-11 19:00:00+00:00,23.25626957
2025-08-11 20:00:00+00:00,23.19931263
2025-08-11 21:00:00+00:00,22.89999143
2025-08-11 22:00:00+00:00,22.79829478
2025-08-11 23:00:00+00:00,22.79397648
2025-08-12 00:00:00+00:00,23.03386707
2025-08-12 01:00:00+00:00,23.05567015
2025-08-12 02:00:00+00:00,23.1286543
2025-08-12 03:00:00+00:00,23.00848397
2025-08-12 04:00:00+00:00,23.1889368
2025-08-12 05:00:00+00:00,22.96662464
2025-08-12 06:00:00+00:00,22.97969873
2025-08-12 07:00:00+00:00,23.12798685
2025-08-12 08:00:00+00:00,22.97504842
2025-08-12 09:00:00+00:00,22.98165001
2025-08-12 10:00:00+00:00,22.97501285
2025-08-12 11:00:00+00:00,22.98174434
2025-08-12 12:00:00+00:00,23.59082106
2025-08-12 13:00:00+00:00,23.48752976
2025-08-12 14:00:00+00:00,23.94612666
2025-08-12 15:00:00+00:00,24.19822642
2025-08-12 16:00:00+00:00,24.30514292
2025-08-12 17:00:00+00:00,24.29966093
2025-08-12 18:00:00+00:00,24.28829918
2025-08-12 19:00:00+00:00,24.59486104
2025-08-12 20:00:00+00:00,24.83663747
2025-08-12 21:00:00+00:00,24.61912376
2025-08-12 22:00:00+00:00,24.63318994
2025-08-12 23:00:00+00:00,24.6724863
2025-08-13 00:00:00+00:00,24.79458828
2025-08-13 01:00:00+00:00,24.49105538
2025-08-13 02:00:00+00:00,24.86123944
2025-08-13 03:00:00+00:00,24.97579228
2025-08-13 04:00:00+00:00,24.9309797
2025-08-13 05:00:00+00:00,24.56743691
2025-08-13 06:00:00+00:00,24.58232557
2025-08-13 07:00:00+00:00,24.75070348
2025-08-13 08:00:00+00:00,24.92781857
2025-08-13 09:00:00+00:00,25.29818754
2025-08-13 10:00:00+00:00,25.26815765
2025-08-13 11:00:00+00:00,25.04268485
2025-08-13 12:00:00+00:00,25.04869055
2025-08-13 13:00:00+00:00,25.14078919
2025-08-13 14:00:00+00:00,24.88604245
2025-08-13 15:00:00+00:00,24.99081483
2025-08-13 16:00:00+00:00,25.07136196
2025-08-13 17:00:00+00:00,25.1541143
2025-08-13 18:00:00+00:00,25.09788251
2025-08-13 19:00:00+00:00,25.35828571
2025-08-13 20:00:00+00:00,25.32084073
2025-08-13 21:00:00+00:00,25.31525645
2025-08-13 22:00:00+00:00,25.49630968
2025-08-13 23:00:00+00:00,25.47184371
2025-08-14 00:00:00+00:00,25.3698485
2025-08-14 01:00:00+00:00,25.45328692
2025-08-14 02:00:00+00:00,25.88641469
2025-08-14 03:00:00+00:00,25.92558833
2025-08-14 04:00:00+00:00,25.55374667
2025-08-14 05:00:00+00:00,25.46693854
2025-08-14 06:00:00+00:00,25.55381959
2025-08-14 07:00:00+00:00,25.28622372
2025-08-14 08:00:00+00:00,25.0641265
2025-08-14 09:00:00+00:00,25.25238234
2025-08-14 10:00:00+00:00,24.9681068
2025-08-14 11:00:00+00:00,25.03059705
2025-08-14 12:00:00+00:00,23.75714349
2025-08-14 13:00:00+00:00,23.95606494
2025-08-14 14:00:00+00:00,24.09120478
2025-08-14 15:00:00+00:00,23.88202193
2025-08-14 16:00:00+00:00,23.65222286
2025-08-14 17:00:00+00:00,23.71763811
2025-08-14 18:00:00+00:00,23.62287873
2025-08-14 19:00:00+00:00,23.60965864
2025-08-14 20:00:00+00:00,23.55683231
2025-08-14 21:00:00+00:00,23.36570985
2025-08-14 22:00:00+00:00,23.5556051
2025-08-14 23:00:00+00:00,23.66411865
2025-08-15 00:00:00+00:00,23.96182585
2025-08-15 01:00:00+00:00,23.92333278
2025-08-15 02:00:00+00:00,23.95967623
2025-08-15 03:00:00+00:00,24.87248458
2025-08-15 04:00:00+00:00,24.62879657
2025-08-15 05:00:00+00:00,25.21955171
2025-08-15 06:00:00+00:00,25.19860934
2025-08-15 07:00:00+00:00,25.42636684
2025-08-15 08:00:00+00:00,25.18253695
2025-08-15 09:00:00+00:00,24.82492139
2025-08-15 10:00:00+00:00,24.69773334
2025-08-15 11:00:00+00:00,24.57212687
2025-08-15 12:00:00+00:00,24.39859832
2025-08-15 13:00:00+00:00,24.18048062
2025-08-15 14:00:00+00:00,23.87355715
2025-08-15 15:00:00+00:00,23.70710271
2025-08-15 16:00:00+00:00,23.83002309
2025-08-15 17:00:00+00:00,24.11939769
2025-08-15 18:00:00+00:00,23.63538621
2025-08-15 19:00:00+00:00,23.53839037
2025-08-15 20:00:00+00:00,23.7561807
2025-08-15 21:00:00+00:00,23.76337945
2025-08-15 22:00:00+00:00,24.08682755
2025-08-15 23:00:00+00:00,23.7692137
2025-08-16 00:00:00+00:00,24.09429173
2025-08-16 01:00:00+00:00,23.95720884
2025-08-16 02:00:00+00:00,23.88217183
2025-08-16 03:00:00+00:00,23.8799194
2025-08-16 04:00:00+00:00,23.92853614
2025-08-16 05:00:00+00:00,23.69820909
2025-08-16 06:00:00+00:00,23.72796809
2025-08-16 07:00:00+00:00,23.99934351
2025-08-16 08:00:00+00:00,23.98121088
2025-08-16 09:00:00+00:00,23.63763796
2025-08-16 10:00:00+00:00,23.62127059
2025-08-16 11:00:00+00:00,23.60042051
2025-08-16 12:00:00+00:00,23.80927968
2025-08-16 13:00:00+00:00,23.72130496
2025-08-16 14:00:00+00:00,23.9812806
2025-08-16 15:00:00+00:00,24.20204336
2025-08-16 16:00:00+00:00,24.09738048
2025-08-16 17:00:00+00:00,23.97085261
2025-08-16 18:00:00+00:00,23.99930992
2025-08-16 19:00:00+00:00,24.16982604
2025-08-16 20:00:00+00:00,24.31571882
2025-08-16 21:00:00+00:00,24.19352314
2025-08-16 22:00:00+00:00,24.2526697
2025-08-16 23:00:00+00:00,24.30153984
2025-08-17 00:00:00+00:00,24.07223615
2025-08-17 01:00:00+00:00,24.09324081
2025-08-17 02:00:00+00:00,24.36684043
2025-08-17 03:00:00+00:00,24.42981865
2025-08-17 04:00:00+00:00,24.64011055
2025-08-17 05:00:00+00:00,24.5799585
2025-08-17 06:00:00+00:00,24.48901264
2025-08-17 07:00:00+00:00,24.55944042
2025-08-17 08:00:00+00:00,24.73872419
2025-08-17 09:00:00+00:00,24.83003175
2025-08-17 10:00:00+00:00,24.78280585
2025-08-17 11:00:00+00:00,24.83132435
2025-08-17 12:00:00+00:00,24.66640671
2025-08-17 13:00:00+00:00,24.84062006
2025-08-17 14:00:00+00:00,25.04925506
2025-08-17 15:00:00+00:00,25.41176227
2025-08-17 16:00:00+00:00,24.99245724
2025-08-17 17:00:00+00:00,25.53236525
2025-08-17 18:00:00+00:00,25.17936824
2025-08-17 19:00:00+00:00,25.06808763
2025-08-17 20:00:00+00:00,25.08876162
2025-08-17 21:00:00+00:00,25.04706834
2025-08-17 22:00:00+00:00,25.24039625
2025-08-17 23:00:00+00:00,25.07045478
2025-08-18 00:00:00+00:00,25.21070228
2025-08-18 01:00:00+00:00,24.69749424
2025-08-18 02:00:00+00:00,24.04846403
2025-08-18 03:00:00+00:00,23.95279517
2025-08-18 04:00:00+00:00,24.08866541
2025-08-18 05:00:00+00:00,23.93030766
2025-08-18 06:00:00+00:00,23.57401318
2025-08-18 07:00:00+00:00,23.53226509
2025-08-18 08:00:00+00:00,23.52205085
2025-08-18 09:00:00+00:00,23.72392213
2025-08-18 10:00:00+00:00,23.77227962
2025-08-18 11:00:00+00:00,23.69089554
2025-08-18 12:00:00+00:00,24.07856494
2025-08-18 13:00:00+00:00,23.57715336
2025-08-18 14:00:00+00:00,23.63708717
2025-08-18 15:00:00+00:00,23.7744817
2025-08-18 16:00:00+00:00,23.47842235
2025-08-18 17:00:00+00:00,23.68291118
2025-08-18 18:00:00+00:00,23.85278999
2025-08-18 19:00:00+00:00,23.83546455
2025-08-18 20:00:00+00:00,23.74967954
2025-08-18 21:00:00+00:00,23.90333351
2025-08-18 22:00:00+00:00,23.86963275
2025-08-18 23:00:00+00:00,23.69003825
2025-08-19 00:00:00+00:00,23.92741449
2025-08-19 01:00:00+00:00,23.60361734
2025-08-19 02:00:00+00:00,23.49486837
2025-08-19 03:00:00+00:00,23.10977151
2025-08-19 04:00:00+00:00,23.24304556
2025-08-19 05:00:00+00:00,23.16133181
2025-08-19 06:00:00+00:00,23.12078655
2025-08-19 07:00:00+00:00,23.02754728
2025-08-19 08:00:00+00:00,23.04516006
2025-08-19 09:00:00+00:00,23.16735655
2025-08-19 10:00:00+00:00,23.28735319
2025-08-19 11:00:00+00:00,23.35063445
2025-08-19 12:00:00+00:00,23.24690249
2025-08-19 13:00:00+00:00,23.16318657
2025-08-19 14:00:00+00:00,22.82311176
2025-08-19 15:00:00+00:00,22.78119024
2025-08-19 16:00:00+00:00,22.69764316
2025-08-19 17:00:00+00:00,22.76661174
2025-08-19 18:00:00+00:00,22.47684491
2025-08-19 19:00:00+00:00,22.51046274
2025-08-19 20:00:00+00:00,22.68875244
2025-08-19 21:00:00+00:00,22.68189525
2025-08-19 22:00:00+00:00,22.61062537
2025-08-19 23:00:00+00:00,22.36560139
2025-08-20 00:00:00+00:00,22.50158223
2025-08-20 01:00:00+00:00,22.56435711
2025-08-20 02:00:00+00:00,22.62364654
2025-08-20 03:00:00+00:00,22.69673431
2025-08-20 04:00:00+00:00,22.83298834
2025-08-20 05:00:00+00:00,22.96823531
2025-08-20 06:00:00+00:00,22.84143245
2025-08-20 07:00:00+00:00,22.77137381
2025-08-20 08:00:00+00:00,23.0187622
2025-08-20 09:00:00+00:00,22.91422456
2025-08-20 10:00:00+00:00,22.94482645
2025-08-20 11:00:00+00:00,22.80905227
2025-08-20 12:00:00+00:00,22.93018995
2025-08-20 13:00:00+00:00,22.60031197
2025-08-20 14:00:00+00:00,22.87984019
2025-08-20 15:00:00+00:00,23.09925273
2025-08-20 16:00:00+00:00,23.17653435
2025-08-20 17:00:00+00:00,23.37702362
2025-08-20 18:00:00+00:00,23.15726619
2025-08-20 19:00:00+00:00,23.521287
2025-08-20 20:00:00+00:00,23.48102575
2025-08-20 21:00:00+00:00,23.468035
2025-08-20 22:00:00+00:00,23.53315043
2025-08-20 23:00:00+00:00,23.45370469
2025-08-21 00:00:00+00:00,23.46297936
2025-08-21 01:00:00+00:00,23.54385664
2025-08-21 02:00:00+00:00,23.25735441
2025-08-21 03:00:00+00:00,23.40141479
2025-08-21 04:00:00+00:00,23.4048888
2025-08-21 05:00:00+00:00,23.51346882
2025-08-21 06:00:00+00:00,23.40714857
2025-08-21 07:00:00+00:00,23.40315086
2025-08-21 08:00:00+00:00,23.11103264
2025-08-21 09:00:00+00:00,23.09516614
2025-08-21 10:00:00+00:00,23.14088986
2025-08-21 11:00:00+00:00,23.11005057
2025-08-21 12:00:00+00:00,23.03073335
2025-08-21 13:00:00+00:00,23.12443524
2025-08-21 14:00:00+00:00,23.14856533
2025-08-21 15:00:00+00:00,22.9303855
2025-08-21 16:00:00+00:00,22.83923919
2025-08-21 17:00:00+00:00,22.91505311
2025-08-21 18:00:00+00:00,23.00948164
2025-08-21 19:00:00+00:00,22.83324833
2025-08-21 20:00:00+00:00,22.95195236
2025-08-21 21:00:00+00:00,22.99905543
2025-08-21 22:00:00+00:00,22.97298758
2025-08-21 23:00:00+00:00,22.77153665
2025-08-22 00:00:00+00:00,22.77054993
2025-08-22 01:00:00+00:00,22.92693131
2025-08-22 02:00:00+00:00,23.09555565
2025-08-22 03:00:00+00:00,22.88714305
2025-08-22 04:00:00+00:00,22.97986425
2025-08-22 05:00:00+00:00,23.009571
2025-08-22 06:00:00+00:00,22.86932515
2025-08-22 07:00:00+00:00,23.05949195
2025-08-22 08:00:00+00:00,23.00308301
2025-08-22 09:00:00+00:00,23.00906293
2025-08-22 10:00:00+00:00,22.76066223
2025-08-22 11:00:00+00:00,22.5866808
2025-08-22 12:00:00+00:00,22.46736014
2025-08-22 13:00:00+00:00,22.63862216
2025-08-22 14:00:00+00:00,24.10024327
2025-08-22 15:00:00+00:00,24.27481238
2025-08-22 16:00:00+00:00,24.79347114
2025-08-22 17:00:00+00:00,24.97588814
2025-08-22 18:00:00+00:00,24.95968762
2025-08-22 19:00:00+00:00,25.06688485
2025-08-22 20:00:00+00:00,25.18299878
2025-08-22 21:00:00+00:00,25.19011302
2025-08-22 22:00:00+00:00,25.10679551
2025-08-22 23:00:00+00:00,25.24981895
2025-08-23 00:00:00+00:00,25.12484421
2025-08-23 01:00:00+00:00,24.8975506
2025-08-23 02:00:00+00:00,24.73635691
2025-08-23 03:00:00+00:00,24.94618387
2025-08-23 04:00:00+00:00,25.26056897
2025-08-23 05:00:00+00:00,25.45856073
2025-08-23 06:00:00+00:00,25.3694652
2025-08-23 07:00:00+00:00,25.31985747
2025-08-23 08:00:00+00:00,25.29394117
2025-08-23 09:00:00+00:00,25.81613447
2025-08-23 10:00:00+00:00,25.75139396
2025-08-23 11:00:00+00:00,25.88889521
2025-08-23 12:00:00+00:00,26.15920693
2025-08-23 13:00:00+00:00,26.63345233
2025-08-23 14:00:00+00:00,26.10506067
2025-08-23 15:00:00+00:00,25.62861123
2025-08-23 16:00:00+00:00,25.46332229
2025-08-23 17:00:00+00:00,25.76691062
2025-08-23 18:00:00+00:00,25.85805162
2025-08-23 19:00:00+00:00,25.98802943
2025-08-23 20:00:00+00:00,25.83919415
2025-08-23 21:00:00+00:00,25.84405673
2025-08-23 22:00:00+00:00,26.17441767
2025-08-23 23:00:00+00:00,26.25710697
2025-08-24 00:00:00+00:00,26.06889235
2025-08-24 01:00:00+00:00,26.04949327
2025-08-24 02:00:00+00:00,26.00574317
2025-08-24 03:00:00+00:00,25.92543128
2025-08-24 04:00:00+00:00,25.91561737
2025-08-24 05:00:00+00:00,25.6203603
2025-08-24 06:00:00+00:00,25.4683424
2025-08-24 07:00:00+00:00,25.45564024
2025-08-24 08:00:00+00:00,25.53269037
2025-08-24 09:00:00+00:00,25.47089569
2025-08-24 10:00:00+00:00,25.00332032
2025-08-24 11:00:00+00:00,25.06593643
2025-08-24 12:00:00+00:00,25.11271103
2025-08-24 13:00:00+00:00,25.11126531
2025-08-24 14:00:00+00:00,25.49233006
2025-08-24 15:00:00+00:00,25.51495083
2025-08-24 16:00:00+00:00,25.70547679
2025-08-24 17:00:00+00:00,25.98437988
2025-08-24 18:00:00+00:00,26.44168786
2025-08-24 19:00:00+00:00,25.79796852
2025-08-24 20:00:00+00:00,25.61410732
2025-08-24 21:00:00+00:00,25.66523092
2025-08-24 22:00:00+00:00,25.7590557
2025-08-24 23:00:00+00:00,25.80972197
2025-08-25 00:00:00+00:00,25.34775626
2025-08-25 01:00:00+00:00,25.65128103
2025-08-25 02:00:00+00:00,25.74965451
2025-08-25 03:00:00+00:00,25.4983905
2025-08-25 04:00:00+00:00,25.37370595
2025-08-25 05:00:00+00:00,25.08983184
2025-08-25 06:00:00+00:00,24.64151145
2025-08-25 07:00:00+00:00,24.28234717
2025-08-25 08:00:00+00:00,24.32062661
2025-08-25 09:00:00+00:00,24.32112516
2025-08-25 10:00:00+00:00,24.08840735
2025-08-25 11:00:00+00:00,24.26260881
2025-08-25 12:00:00+00:00,24.333191
2025-08-25 13:00:00+00:00,24.26089632
2025-08-25 14:00:00+00:00,24.40980843
2025-08-25 15:00:00+00:00,24.18810339
2025-08-25 16:00:00+00:00,24.11551196
2025-08-25 17:00:00+00:00,24.01139002
2025-08-25 18:00:00+00:00,23.94963682
2025-08-25 19:00:00+00:00,23.5495472
2025-08-25 20:00:00+00:00,23.17094581
2025-08-25 21:00:00+00:00,23.12275401
2025-08-25 22:00:00+00:00,23.37643036
2025-08-25 23:00:00+00:00,23.3511736
2025-08-26 00:00:00+00:00,23.17899937
2025-08-26 01:00:00+00:00,23.48823668
2025-08-26 02:00:00+00:00,23.37408552
2025-08-26 03:00:00+00:00,23.31857225
2025-08-26 04:00:00+00:00,23.49832875
2025-08-26 05:00:00+00:00,23.3775063
2025-08-26 06:00:00+00:00,23.24064854
2025-08-26 07:00:00+00:00,23.29433396
2025-08-26 08:00:00+00:00,23.28469239
2025-08-26 09:00:00+00:00,23.34061897
2025-08-26 10:00:00+00:00,23.50129131
2025-08-26 11:00:00+00:00,23.41142111
2025-08-26 12:00:00+00:00,23.68164457
2025-08-26 13:00:00+00:00,23.49377936
2025-08-26 14:00:00+00:00,23.83013834
2025-08-26 15:00:00+00:00,23.68902927
2025-08-26 16:00:00+00:00,23.91676182
2025-08-26 17:00:00+00:00,23.76513055
2025-08-26 18:00:00+00:00,23.92092365
2025-08-26 19:00:00+00:00,24.22095661
2025-08-26 20:00:00+00:00,24.16428571
2025-08-26 21:00:00+00:00,24.18522926
2025-08-26 22:00:00+00:00,24.21045212
2025-08-26 23:00:00+00:00,24.17504682
2025-08-27 00:00:00+00:00,24.0168881
2025-08-27 01:00:00+00:00,23.99173038
2025-08-27 02:00:00+00:00,24.1265416
2025-08-27 03:00:00+00:00,24.44725783
2025-08-27 04:00:00+00:00,24.56047118
2025-08-27 05:00:00+00:00,24.53029301
2025-08-27 06:00:00+00:00,24.39660538
2025-08-27 07:00:00+00:00,24.31558065
2025-08-27 08:00:00+00:00,24.44747358
2025-08-27 09:00:00+00:00,24.45979
2025-08-27 10:00:00+00:00,24.44346722
2025-08-27 11:00:00+00:00,24.50303063
2025-08-27 12:00:00+00:00,24.71291064
2025-08-27 13:00:00+00:00,24.70236771
2025-08-27 14:00:00+00:00,25.19388942
2025-08-27 15:00:00+00:00,24.98179768
2025-08-27 16:00:00+00:00,25.00946122
2025-08-27 17:00:00+00:00,25.13847136
2025-08-27 18:00:00+00:00,24.88254925
2025-08-27 19:00:00+00:00,24.68068801
2025-08-27 20:00:00+00:00,24.98799045
2025-08-27 21:00:00+00:00,24.61613764
2025-08-27 22:00:00+00:00,24.51917612
2025-08-27 23:00:00+00:00,24.4229622
2025-08-28 00:00:00+00:00,24.42572629
2025-08-28 01:00:00+00:00,24.68149282
2025-08-28 02:00:00+00:00,24.44280918
2025-08-28 03:00:00+00:00,24.68113153
2025-08-28 04:00:00+00:00,24.77716877
2025-08-28 05:00:00+00:00,24.76898124
2025-08-28 06:00:00+00:00,24.73053915
2025-08-28 07:00:00+00:00,24.716237
2025-08-28 08:00:00+00:00,24.75056358
2025-08-28 09:00:00+00:00,24.5421868
2025-08-28 10:00:00+00:00,24.54922487
2025-08-28 11:00:00+00:00,24.49780171
2025-08-28 12:00:00+00:00,24.54361511
2025-08-28 13:00:00+00:00,24.74702142
2025-08-28 14:00:00+00:00,24.84312611
2025-08-28 15:00:00+00:00,24.59413721
2025-08-28 16:00:00+00:00,24.27249
2025-08-28 17:00:00+00:00,24.41589318
2025-08-28 18:00:00+00:00,24.41372122
2025-08-28 19:00:00+00:00,24.16416601
2025-08-28 20:00:00+00:00,24.23323782
2025-08-28 21:00:00+00:00,24.48643748
2025-08-28 22:00:00+00:00,24.7887123
2025-08-28 23:00:00+00:00,24.92698578
2025-08-29 00:00:00+00:00,24.88428329
2025-08-29 01:00:00+00:00,24.75191271
2025-08-29 02:00:00+00:00,25.02895684
2025-08-29 03:00:00+00:00,25.1018215
2025-08-29 04:00:00+00:00,24.92530124
2025-08-29 05:00:00+00:00,24.97257416
2025-08-29 06:00:00+00:00,24.6983971
2025-08-29 07:00:00+00:00,24.14992043
2025-08-29 08:00:00+00:00,23.6473014
2025-08-29 09:00:00+00:00,23.79358166
2025-08-29 10:00:00+00:00,23.80302796
2025-08-29 11:00:00+00:00,23.75475419
2025-08-29 12:00:00+00:00,24.12077353
2025-08-29 13:00:00+00:00,23.741707
2025-08-29 14:00:00+00:00,23.61687219
2025-08-29 15:00:00+00:00,23.52601992
2025-08-29 16:00:00+00:00,23.56871748
2025-08-29 17:00:00+00:00,23.35295714
2025-08-29 18:00:00+00:00,23.27267035
2025-08-29 19:00:00+00:00,23.46415543
2025-08-29 20:00:00+00:00,23.32202774
2025-08-29 21:00:00+00:00,23.57815593
2025-08-29 22:00:00+00:00,23.54462077
2025-08-29 23:00:00+00:00,23.54830563
2025-08-30 00:00:00+00:00,23.42304335
2025-08-30 01:00:00+00:00,23.12432787
2025-08-30 02:00:00+00:00,23.28259884
2025-08-30 03:00:00+00:00,23.53625155
2025-08-30 04:00:00+00:00,23.56371319
2025-08-30 05:00:00+00:00,23.65581156
2025-08-30 06:00:00+00:00,23.82269223
2025-08-30 07:00:00+00:00,23.81381599
2025-08-30 08:00:00+00:00,23.67041449
2025-08-30 09:00:00+00:00,23.53989349
2025-08-30 10:00:00+00:00,23.60731384
2025-08-30 11:00:00+00:00,23.75868317
2025-08-30 12:00:00+00:00,23.58097148
2025-08-30 13:00:00+00:00,23.58570811
2025-08-30 14:00:00+00:00,23.71873332
2025-08-30 15:00:00+00:00,23.91917438
2025-08-30 16:00:00+00:00,23.72091514
2025-08-30 17:00:00+00:00,23.68180926
2025-08-30 18:00:00+00:00,23.71738505
2025-08-30 19:00:00+00:00,23.7419739
2025-08-30 20:00:00+00:00,23.63898399
2025-08-30 21:00:00+00:00,23.69132947
2025-08-30 22:00:00+00:00,23.74917085
2025-08-30 23:00:00+00:00,23.77970622
2025-08-31 00:00:00+00:00,24.04865389
2025-08-31 01:00:00+00:00,24.00321667
2025-08-31 02:00:00+00:00,23.99666083
2025-08-31 03:00:00+00:00,24.02688916
2025-08-31 04:00:00+00:00,23.91121338
2025-08-31 05:00:00+00:00,23.88999845
2025-08-31 06:00:00+00:00,23.80278244
2025-08-31 07:00:00+00:00,23.86688558
2025-08-31 08:00:00+00:00,24.1788457
2025-08-31 09:00:00+00:00,24.00502084
2025-08-31 10:00:00+00:00,23.90271252
2025-08-31 11:00:00+00:00,24.02577961
2025-08-31 12:00:00+00:00,24.09431532
2025-08-31 13:00:00+00:00,23.95841634
2025-08-31 14:00:00+00:00,23.90945112
2025-08-31 15:00:00+00:00,24.04993891
2025-08-31 16:00:00+00:00,24.01710554
2025-08-31 17:00:00+00:00,23.94047832
2025-08-31 18:00:00+00:00,24.02707754
2025-08-31 19:00:00+00:00,23.80991677
2025-08-31 20:00:00+00:00,23.79357291
2025-08-31 21:00:00+00:00,23.88304083
2025-08-31 22:00:00+00:00,23.70562227
2025-08-31 23:00:00+00:00,23.39441164
2025-09-01 00:00:00+00:00,23.37606149
2025-09-01 01:00:00+00:00,23.42075735
2025-09-01 02:00:00+00:00,23.11094475
2025-09-01 03:00:00+00:00,23.17303139
2025-09-01 04:00:00+00:00,23.00064733
2025-09-01 05:00:00+00:00,23.03844811
2025-09-01 06:00:00+00:00,23.09680494
2025-09-01 07:00:00+00:00,23.78311416
2025-09-01 08:00:00+00:00,24.11350718
2025-09-01 09:00:00+00:00,24.12355178
2025-09-01 10:00:00+00:00,23.9710976
2025-09-01 11:00:00+00:00,23.75824102
2025-09-01 12:00:00+00:00,23.78083005
2025-09-01 13:00:00+00:00,23.78684089
2025-09-01 14:00:00+00:00,23.81586014
2025-09-01 15:00:00+00:00,23.66308788
2025-09-01 16:00:00+00:00,23.74208715
2025-09-01 17:00:00+00:00,23.44411138
2025-09-01 18:00:00+00:00,23.48961708
2025-09-01 19:00:00+00:00,23.56802003
2025-09-01 20:00:00+00:00,23.16582231
2025-09-01 21:00:00+00:00,22.82899728
2025-09-01 22:00:00+00:00,22.86190799
2025-09-01 23:00:00+00:00,23.21249486
2025-09-02 00:00:00+00:00,23.11986997
2025-09-02 01:00:00+00:00,23.22952447
2025-09-02 02:00:00+00:00,23.60176021
2025-09-02 03:00:00+00:00,23.68229624
2025-09-02 04:00:00+00:00,23.92611141
2025-09-02 05:00:00+00:00,23.98366317
2025-09-02 06:00:00+00:00,24.05283622
2025-09-02 07:00:00+00:00,23.90117585
2025-09-02 08:00:00+00:00,23.90241355
2025-09-02 09:00:00+00:00,24.20761256
2025-09-02 10:00:00+00:00,24.24610724
2025-09-02 11:00:00+00:00,23.99594313
2025-09-02 12:00:00+00:00,23.61512224
2025-09-02 13:00:00+00:00,24.06196819
2025-09-02 14:00:00+00:00,23.94226977
2025-09-02 15:00:00+00:00,23.6155946
2025-09-02 16:00:00+00:00,23.71025149
2025-09-02 17:00:00+00:00,23.89305989
2025-09-02 18:00:00+00:00,23.86614888
2025-09-02 19:00:00+00:00,23.83821057
2025-09-02 20:00:00+00:00,24.09882896
2025-09-02 21:00:00+00:00,24.26005528
2025-09-02 22:00:00+00:00,24.46065065
2025-09-02 23:00:00+00:00,24.46105878
2025-09-03 00:00:00+00:00,24.55783863
2025-09-03 01:00:00+00:00,24.54962145
2025-09-03 02:00:00+00:00,24.50876604
2025-09-03 03:00:00+00:00,24.3912095
2025-09-03 04:00:00+00:00,24.45813006
2025-09-03 05:00:00+00:00,24.49230327
2025-09-03 06:00:00+00:00,24.60684565
2025-09-03 07:00:00+00:00,24.7498337
2025-09-03 08:00:00+00:00,25.04584373
2025-09-03 09:00:00+00:00,25.16904335
2025-09-03 10:00:00+00:00,24.96739714
2025-09-03 11:00:00+00:00,24.9986463
2025-09-03 12:00:00+00:00,24.92613055
2025-09-03 13:00:00+00:00,25.1401747
2025-09-03 14:00:00+00:00,25.38708348
2025-09-03 15:00:00+00:00,25.45099272
2025-09-03 16:00:00+00:00,25.27364025
2025-09-03 17:00:00+00:00,25.2826552
2025-09-03 18:00:00+00:00,25.21483049
2025-09-03 19:00:00+00:00,25.35709718
2025-09-03 20:00:00+00:00,25.24939064
2025-09-03 21:00:00+00:00,25.21206
2025-09-03 22:00:00+00:00,25.19682748
2025-09-03 23:00:00+00:00,25.19703527
2025-09-04 00:00:00+00:00,25.22213457
2025-09-04 01:00:00+00:00,25.25762263
2025-09-04 02:00:00+00:00,25.1324177
2025-09-04 03:00:00+00:00,25.13439343
2025-09-04 04:00:00+00:00,24.9634583
2025-09-04 05:00:00+00:00,24.87278796
2025-09-04 06:00:00+00:00,24.68483738
2025-09-04 07:00:00+00:00,24.76961243
2025-09-04 08:00:00+00:00,24.78568687
2025-09-04 09:00:00+00:00,24.78027036
2025-09-04 10:00:00+00:00,24.65113614
2025-09-04 11:00:00+00:00,24.60228987
2025-09-04 12:00:00+00:00,24.71461512
2025-09-04 13:00:00+00:00,24.71255023
2025-09-04 14:00:00+00:00,24.63549658
2025-09-04 15:00:00+00:00,24.7317095
2025-09-04 16:00:00+00:00,24.6059865
2025-09-04 17:00:00+00:00,24.38589315
2025-09-04 18:00:00+00:00,24.35454464
2025-09-04 19:00:00+00:00,24.23141193
2025-09-04 20:00:00+00:00,24.4600933
2025-09-04 21:00:00+00:00,24.44480882
2025-09-04 22:00:00+00:00,24.51274686
2025-09-04 23:00:00+00:00,24.21137345
2025-09-05 00:00:00+00:00,23.93727966
2025-09-05 01:00:00+00:00,24.09505813
2025-09-05 02:00:00+00:00,24.28843558
2025-09-05 03:00:00+00:00,24.34223793
2025-09-05 04:00:00+00:00,24.46841463
2025-09-05 05:00:00+00:00,24.480143
2025-09-05 06:00:00+00:00,24.38967677
2025-09-05 07:00:00+00:00,24.85235336
2025-09-05 08:00:00+00:00,24.74791923
2025-09-05 09:00:00+00:00,24.69320851
2025-09-05 10:00:00+00:00,24.72871534
2025-09-05 11:00:00+00:00,24.76960736
2025-09-05 12:00:00+00:00,25.03115586
2025-09-05 13:00:00+00:00,24.97744741
2025-09-05 14:00:00+00:00,24.30726401
2025-09-05 15:00:00+00:00,24.31141094
2025-09-05 16:00:00+00:00,24.44922199
2025-09-05 17:00:00+00:00,24.26264152
2025-09-05 18:00:00+00:00,24.38675519
2025-09-05 19:00:00+00:00,24.41973165
2025-09-05 20:00:00+00:00,24.55872019
2025-09-05 21:00:00+00:00,24.26075279
2025-09-05 22:00:00+00:00,24.39928058
2025-09-05 23:00:00+00:00,24.47753921
2025-09-06 00:00:00+00:00,24.4622379
2025-09-06 01:00:00+00:00,24.38159517
2025-09-06 02:00:00+00:00,24.42688076
2025-09-06 03:00:00+00:00,24.41035809
2025-09-06 04:00:00+00:00,24.29328502
2025-09-06 05:00:00+00:00,24.23019819
2025-09-06 06:00:00+00:00,24.23807545
2025-09-06 07:00:00+00:00,24.25753025
2025-09-06 08:00:00+00:00,24.2535137
2025-09-06 09:00:00+00:00,24.12089848
2025-09-06 10:00:00+00:00,24.16627701
2025-09-06 11:00:00+00:00,24.15749779
2025-09-06 12:00:00+00:00,24.13520867
2025-09-06 13:00:00+00:00,24.27422432
2025-09-06 14:00:00+00:00,24.35967887
2025-09-06 15:00:00+00:00,24.22720915
2025-09-06 16:00:00+00:00,24.55721459
2025-09-06 17:00:00+00:00,24.363574
2025-09-06 18:00:00+00:00,24.46552713
2025-09-06 19:00:00+00:00,24.31527505
2025-09-06 20:00:00+00:00,24.40156284
2025-09-06 21:00:00+00:00,24.40939141
2025-09-06 22:00:00+00:00,24.36917244
2025-09-06 23:00:00+00:00,24.3760745
2025-09-07 00:00:00+00:00,24.41490643
2025-09-07 01:00:00+00:00,24.4895371
2025-09-07 02:00:00+00:00,24.54477952
2025-09-07 03:00:00+00:00,24.57390998
2025-09-07 04:00:00+00:00,24.56390961
2025-09-07 05:00:00+00:00,24.67718132
2025-09-07 06:00:00+00:00,24.51845573
2025-09-07 07:00:00+00:00,24.53808501
2025-09-07 08:00:00+00:00,24.56246753
2025-09-07 09:00:00+00:00,24.4585856
2025-09-07 10:00:00+00:00,24.44944794
2025-09-07 11:00:00+00:00,24.48370499
2025-09-07 12:00:00+00:00,24.4410791
2025-09-07 13:00:00+00:00,24.63205547
2025-09-07 14:00:00+00:00,24.60550022
2025-09-07 15:00:00+00:00,24.60778652
2025-09-07 16:00:00+00:00,24.4808245
2025-09-07 17:00:00+00:00,24.30225502
2025-09-07 18:00:00+00:00,24.3285463
2025-09-07 19:00:00+00:00,24.53054756
2025-09-07 20:00:00+00:00,24.59209272
2025-09-07 21:00:00+00:00,24.5022386
2025-09-07 22:00:00+00:00,24.66241589
2025-09-07 23:00:00+00:00,24.6837008
2025-09-08 00:00:00+00:00,24.64271074
2025-09-08 01:00:00+00:00,24.55285057
2025-09-08 02:00:00+00:00,24.89146816
2025-09-08 03:00:00+00:00,24.86299206
2025-09-08 04:00:00+00:00,24.78315091
2025-09-08 05:00:00+00:00,24.72150523
2025-09-08 06:00:00+00:00,24.82881056
2025-09-08 07:00:00+00:00,24.87746145
2025-09-08 08:00:00+00:00,25.09782171
2025-09-08 09:00:00+00:00,25.2571992
2025-09-08 10:00:00+00:00,25.32919002
2025-09-08 11:00:00+00:00,25.1689333
2025-09-08 12:00:00+00:00,25.25087347
2025-09-08 13:00:00+00:00,25.07223166
2025-09-08 14:00:00+00:00,25.39883085
2025-09-08 15:00:00+00:00,25.71939489
2025-09-08 16:00:00+00:00,25.62671485
2025-09-08 17:00:00+00:00,25.51363239
2025-09-08 18:00:00+00:00,25.57959917
2025-09-08 19:00:00+00:00,25.35173771
2025-09-08 20:00:00+00:00,25.29574112
2025-09-08 21:00:00+00:00,25.4214655
2025-09-08 22:00:00+00:00,25.41964981
2025-09-08 23:00:00+00:00,25.28534406
2025-09-09 00:00:00+00:00,25.26610381
2025-09-09 01:00:00+00:00,25.15941633
2025-09-09 02:00:00+00:00,24.95633691
2025-09-09 03:00:00+00:00,25.15998591
2025-09-09 04:00:00+00:00,25.29967629
2025-09-09 05:00:00+00:00,25.33783885
2025-09-09 06:00:00+00:00,25.95204442
2025-09-09 07:00:00+00:00,25.90052213
2025-09-09 08:00:00+00:00,25.93968149
2025-09-09 09:00:00+00:00,26.02574117
2025-09-09 10:00:00+00:00,25.96896951
2025-09-09 11:00:00+00:00,25.97957413
2025-09-09 12:00:00+00:00,26.03732819
2025-09-09 13:00:00+00:00,26.17177876
2025-09-09 14:00:00+00:00,25.82817308
2025-09-09 15:00:00+00:00,25.93451004
2025-09-09 16:00:00+00:00,25.8981464
2025-09-09 17:00:00+00:00,26.05198011
2025-09-09 18:00:00+00:00,26.03816445
2025-09-09 19:00:00+00:00,25.89866495
2025-09-09 20:00:00+00:00,25.94663847
2025-09-09 21:00:00+00:00,25.88826518
2025-09-09 22:00:00+00:00,26.02732253
2025-09-09 23:00:00+00:00,25.93424029
2025-09-10 00:00:00+00:00,25.77940024
2025-09-10 01:00:00+00:00,25.91848094
2025-09-10 02:00:00+00:00,26.22142108
2025-09-10 03:00:00+00:00,26.22485525
2025-09-10 04:00:00+00:00,26.44102851
2025-09-10 05:00:00+00:00,26.36005903
2025-09-10 06:00:00+00:00,26.97314286
2025-09-10 07:00:00+00:00,26.93028571
2025-09-10 08:00:00+00:00,26.71842503
2025-09-10 09:00:00+00:00,26.62972598
2025-09-10 10:00:00+00:00,26.76057847
2025-09-10 11:00:00+00:00,26.88710744
2025-09-10 12:00:00+00:00,28.12469658
2025-09-10 13:00:00+00:00,28.37987526
2025-09-10 14:00:00+00:00,28.54105108
2025-09-10 15:00:00+00:00,28.66009359
2025-09-10 16:00:00+00:00,29.07820393
2025-09-10 17:00:00+00:00,28.65102248
2025-09-10 18:00:00+00:00,28.8477929
2025-09-10 19:00:00+00:00,28.53113952
2025-09-10 20:00:00+00:00,28.79393804
2025-09-10 21:00:00+00:00,29.31050223
2025-09-10 22:00:00+00:00,29.12302713
2025-09-10 23:00:00+00:00,29.47706863
2025-09-11 00:00:00+00:00,29.07931383
2025-09-11 01:00:00+00:00,29.12015847
2025-09-11 02:00:00+00:00,28.91020622
2025-09-11 03:00:00+00:00,29.41147761
2025-09-11 04:00:00+00:00,29.12762574
2025-09-11 05:00:00+00:00,28.62647226
2025-09-11 06:00:00+00:00,28.7461133
2025-09-11 07:00:00+00:00,28.77646188
2025-09-11 08:00:00+00:00,28.83343069
2025-09-11 09:00:00+00:00,29.08192179
2025-09-11 10:00:00+00:00,28.98559665
2025-09-11 11:00:00+00:00,28.96413654
2025-09-11 12:00:00+00:00,28.9398102
2025-09-11 13:00:00+00:00,28.99012997
2025-09-11 14:00:00+00:00,28.84719825
2025-09-11 15:00:00+00:00,28.93869736
2025-09-11 16:00:00+00:00,28.89193755
2025-09-11 17:00:00+00:00,29.071206
2025-09-11 18:00:00+00:00,28.99404002
2025-09-11 19:00:00+00:00,28.98178641
2025-09-11 20:00:00+00:00,28.73432137
2025-09-11 21:00:00+00:00,28.88765266
2025-09-11 22:00:00+00:00,29.10967372
2025-09-11 23:00:00+00:00,29.1479337
2025-09-12 00:00:00+00:00,29.26950408
2025-09-12 01:00:00+00:00,28.87438724
2025-09-12 02:00:00+00:00,28.92377427
2025-09-12 03:00:00+00:00,28.78288076
2025-09-12 04:00:00+00:00,28.53315939
2025-09-12 05:00:00+00:00,28.99744979
2025-09-12 06:00:00+00:00,28.8277764
2025-09-12 07:00:00+00:00,28.67723559
2025-09-12 08:00:00+00:00,28.60007037
2025-09-12 09:00:00+00:00,28.54767691
2025-09-12 10:00:00+00:00,28.43748205
2025-09-12 11:00:00+00:00,28.34763913
2025-09-12 12:00:00+00:00,28.43163265
2025-09-12 13:00:00+00:00,28.47944222
2025-09-12 14:00:00+00:00,28.72993933
2025-09-12 15:00:00+00:00,28.54357859
2025-09-12 16:00:00+00:00,28.53700383
2025-09-12 17:00:00+00:00,28.5999678
2025-09-12 18:00:00+00:00,28.61115875
2025-09-12 19:00:00+00:00,28.63036833
2025-09-12 20:00:00+00:00,28.62240439
2025-09-12 21:00:00+00:00,28.55619524
2025-09-12 22:00:00+00:00,28.71967833
2025-09-12 23:00:00+00:00,28.98693322
2025-09-13 00:00:00+00:00,28.9409633
2025-09-13 01:00:00+00:00,28.80892367
2025-09-13 02:00:00+00:00,29.86595255
2025-09-13 03:00:00+00:00,30.24661858
2025-09-13 04:00:00+00:00,30.73539885
2025-09-13 05:00:00+00:00,31.18649143
2025-09-13 06:00:00+00:00,30.74540663
2025-09-13 07:00:00+00:00,30.85414626
2025-09-13 08:00:00+00:00,30.76206187
2025-09-13 09:00:00+00:00,30.48518672
2025-09-13 10:00:00+00:00,30.15988163
2025-09-13 11:00:00+00:00,30.48294824
2025-09-13 12:00:00+00:00,30.34779483
2025-09-13 13:00:00+00:00,29.94930821
2025-09-13 14:00:00+00:00,29.89851982
2025-09-13 15:00:00+00:00,29.82959691
2025-09-13 16:00:00+00:00,29.54466553
2025-09-13 17:00:00+00:00,29.59175705
2025-09-13 18:00:00+00:00,29.63782389
2025-09-13 19:00:00+00:00,29.6145349
2025-09-13 20:00:00+00:00,29.81346759
2025-09-13 21:00:00+00:00,29.92708855
2025-09-13 22:00:00+00:00,29.90398269
2025-09-13 23:00:00+00:00,30.08619599
2025-09-14 00:00:00+00:00,30.01783831
2025-09-14 01:00:00+00:00,29.95878594
2025-09-14 02:00:00+00:00,30.00138595
2025-09-14 03:00:00+00:00,29.7701798
2025-09-14 04:00:00+00:00,30.1422041
2025-09-14 05:00:00+00:00,30.57022848
2025-09-14 06:00:00+00:00,30.17871476
2025-09-14 07:00:00+00:00,29.96116821
2025-09-14 08:00:00+00:00,29.99061934
2025-09-14 09:00:00+00:00,30.18985781
2025-09-14 10:00:00+00:00,30.0108284
2025-09-14 11:00:00+00:00,29.67260463
2025-09-14 12:00:00+00:00,29.53142543
2025-09-14 13:00:00+00:00,29.30701389
2025-09-14 14:00:00+00:00,29.15632048
2025-09-14 15:00:00+00:00,29.1219997
2025-09-14 16:00:00+00:00,29.52163478
2025-09-14 17:00:00+00:00,29.61495708
2025-09-14 18:00:00+00:00,29.52546466
2025-09-14 19:00:00+00:00,29.60423674
2025-09-14 20:00:00+00:00,29.53880298
2025-09-14 21:00:00+00:00,29.49368193
2025-09-14 22:00:00+00:00,30.08753852
2025-09-14 23:00:00+00:00,29.44183304
2025-09-15 00:00:00+00:00,29.51707277
2025-09-15 01:00:00+00:00,29.58523972
2025-09-15 02:00:00+00:00,29.55438534
2025-09-15 03:00:00+00:00,29.63293089
2025-09-15 04:00:00+00:00,29.79778382
2025-09-15 05:00:00+00:00,30.1042574
2025-09-15 06:00:00+00:00,29.52143741
2025-09-15 07:00:00+00:00,29.18784994
2025-09-15 08:00:00+00:00,28.34308064
2025-09-15 09:00:00+00:00,28.58138315
2025-09-15 10:00:00+00:00,28.76533254
2025-09-15 11:00:00+00:00,28.84603197
2025-09-15 12:00:00+00:00,28.72148708
2025-09-15 13:00:00+00:00,28.92150499
2025-09-15 14:00:00+00:00,28.62770914
2025-09-15 15:00:00+00:00,28.49442071
2025-09-15 16:00:00+00:00,28.4960755
2025-09-15 17:00:00+00:00,28.80871047
2025-09-15 18:00:00+00:00,28.82334154
2025-09-15 19:00:00+00:00,29.12093179
2025-09-15 20:00:00+00:00,30.01884841
2025-09-15 21:00:00+00:00,30.28947268
2025-09-15 22:00:00+00:00,29.74917584
2025-09-15 23:00:00+00:00,29.81113858
2025-09-16 00:00:00+00:00,29.51190633
2025-09-16 01:00:00+00:00,29.37813291
2025-09-16 02:00:00+00:00,29.41606059
2025-09-16 03:00:00+00:00,29.34713626
2025-09-16 04:00:00+00:00,29.42551894
2025-09-16 05:00:00+00:00,29.68029059
2025-09-16 06:00:00+00:00,29.70137922
2025-09-16 07:00:00+00:00,30.61776472
2025-09-16 08:00:00+00:00,30.60015266
2025-09-16 09:00:00+00:00,30.63146069
2025-09-16 10:00:00+00:00,30.6659338
2025-09-16 11:00:00+00:00,30.43677162
2025-09-16 12:00:00+00:00,30.46974416
2025-09-16 13:00:00+00:00,30.27916476
2025-09-16 14:00:00+00:00,29.90421508
2025-09-16 15:00:00+00:00,30.12110934
2025-09-16 16:00:00+00:00,30.05871745
2025-09-16 17:00:00+00:00,30.23572694
2025-09-16 18:00:00+00:00,30.02031999
2025-09-16 19:00:00+00:00,29.9740179
2025-09-16 20:00:00+00:00,30.04364166
2025-09-16 21:00:00+00:00,30.15781478
2025-09-16 22:00:00+00:00,30.10989898
2025-09-16 23:00:00+00:00,30.07719279
2025-09-17 00:00:00+00:00,30.03093869
2025-09-17 01:00:00+00:00,30.05845288
2025-09-17 02:00:00+00:00,30.03225706
2025-09-17 03:00:00+00:00,29.72202914
2025-09-17 04:00:00+00:00,29.63232314
2025-09-17 05:00:00+00:00,29.71811232
2025-09-17 06:00:00+00:00,30.14689739
2025-09-17 07:00:00+00:00,30.10963033
2025-09-17 08:00:00+00:00,30.11230125
2025-09-17 09:00:00+00:00,30.02019012
2025-09-17 10:00:00+00:00,29.88732667
2025-09-17 11:00:00+00:00,29.91368683
2025-09-17 12:00:00+00:00,29.84007517
2025-09-17 13:00:00+00:00,29.68049468
2025-09-17 14:00:00+00:00,29.58895179
2025-09-17 15:00:00+00:00,29.51383349
2025-09-17 16:00:00+00:00,29.66566648
2025-09-17 17:00:00+00:00,29.76122767
2025-09-17 18:00:00+00:00,29.78017775
2025-09-17 19:00:00+00:00,30.05475213
2025-09-17 20:00:00+00:00,29.94528869
2025-09-17 21:00:00+00:00,30.0950489
2025-09-17 22:00:00+00:00,31.55331695
2025-09-17 23:00:00+00:00,31.81855917
2025-09-18 00:00:00+00:00,31.89716883
2025-09-18 01:00:00+00:00,32.51657851
2025-09-18 02:00:00+00:00,32.79065171
2025-09-18 03:00:00+00:00,32.90118432
2025-09-18 04:00:00+00:00,32.8069628
2025-09-18 05:00:00+00:00,32.74103375
2025-09-18 06:00:00+00:00,32.55939186
2025-09-18 07:00:00+00:00,32.7996524
2025-09-18 08:00:00+00:00,32.93121035
2025-09-18 09:00:00+00:00,32.91620171
2025-09-18 10:00:00+00:00,32.85804612
2025-09-18 11:00:00+00:00,32.77364527
2025-09-18 12:00:00+00:00,33.36041921
2025-09-18 13:00:00+00:00,33.17613997
2025-09-18 14:00:00+00:00,33.07634615
2025-09-18 15:00:00+00:00,33.15112799
2025-09-18 16:00:00+00:00,33.25736801
2025-09-18 17:00:00+00:00,34.31261617
2025-09-18 18:00:00+00:00,34.76975199
2025-09-18 19:00:00+00:00,34.7102279
2025-09-18 20:00:00+00:00,34.80512397
2025-09-18 21:00:00+00:00,35.16748996
2025-09-18 22:00:00+00:00,34.81560616
2025-09-18 23:00:00+00:00,35.18266166
2025-09-19 00:00:00+00:00,35.23010211
2025-09-19 01:00:00+00:00,35.36335084
2025-09-19 02:00:00+00:00,35.46930815
2025-09-19 03:00:00+00:00,34.76299435
2025-09-19 04:00:00+00:00,34.78276778
2025-09-19 05:00:00+00:00,34.37307569
2025-09-19 06:00:00+00:00,34.01789101
2025-09-19 07:00:00+00:00,34.43893884
2025-09-19 08:00:00+00:00,34.27384851
2025-09-19 09:00:00+00:00,34.11713742
2025-09-19 10:00:00+00:00,34.39867017
2025-09-19 11:00:00+00:00,33.95983043
2025-09-19 12:00:00+00:00,34.14608598
2025-09-19 13:00:00+00:00,34.23100135
2025-09-19 14:00:00+00:00,33.87495726
2025-09-19 15:00:00+00:00,33.94861873
2025-09-19 16:00:00+00:00,34.04572303
2025-09-19 17:00:00+00:00,33.89690532
2025-09-19 18:00:00+00:00,33.99336295
2025-09-19 19:00:00+00:00,33.81094233
2025-09-19 20:00:00+00:00,33.64928851
2025-09-19 21:00:00+00:00,33.82132908
2025-09-19 22:00:00+00:00,33.94038055
2025-09-19 23:00:00+00:00,33.74200373
2025-09-20 00:00:00+00:00,33.89902126
2025-09-20 01:00:00+00:00,33.96408832
2025-09-20 02:00:00+00:00,33.75479627
2025-09-20 03:00:00+00:00,33.66443171
2025-09-20 04:00:00+00:00,33.94557211
2025-09-20 05:00:00+00:00,33.8598254
2025-09-20 06:00:00+00:00,33.79302993
2025-09-20 07:00:00+00:00,33.93586787
2025-09-20 08:00:00+00:00,33.69094109
2025-09-20 09:00:00+00:00,33.66098247
2025-09-20 10:00:00+00:00,33.13465534
2025-09-20 11:00:00+00:00,33.08801106
2025-09-20 12:00:00+00:00,32.97351115
2025-09-20 13:00:00+00:00,33.24888162
2025-09-20 14:00:00+00:00,33.73974977
2025-09-20 15:00:00+00:00,33.60667587
2025-09-20 16:00:00+00:00,33.67080339
2025-09-20 17:00:00+00:00,33.46623677
2025-09-20 18:00:00+00:00,33.20664763
2025-09-20 19:00:00+00:00,33.26891586
2025-09-20 20:00:00+00:00,33.29172839
2025-09-20 21:00:00+00:00,33.35885749
2025-09-20 22:00:00+00:00,33.33976542
2025-09-20 23:00:00+00:00,33.17590036
2025-09-21 00:00:00+00:00,33.0402636
2025-09-21 01:00:00+00:00,32.95237231
2025-09-21 02:00:00+00:00,33.03195795
2025-09-21 03:00:00+00:00,33.27944879
2025-09-21 04:00:00+00:00,33.04610145
2025-09-21 05:00:00+00:00,33.06035693
2025-09-21 06:00:00+00:00,32.96477269
2025-09-21 07:00:00+00:00,32.96774524
2025-09-21 08:00:00+00:00,32.69165692
2025-09-21 09:00:00+00:00,33.12977271
2025-09-21 10:00:00+00:00,33.16360555
2025-09-21 11:00:00+00:00,32.8637775
2025-09-21 12:00:00+00:00,32.84307267
2025-09-21 13:00:00+00:00,32.9892879
2025-09-21 14:00:00+00:00,32.92111386
2025-09-21 15:00:00+00:00,33.05118531
2025-09-21 16:00:00+00:00,32.81512206
2025-09-21 17:00:00+00:00,32.95448789
2025-09-21 18:00:00+00:00,33.01240528
2025-09-21 19:00:00+00:00,33.22964358
2025-09-21 20:00:00+00:00,32.99887014
2025-09-21 21:00:00+00:00,33.10346221
2025-09-21 22:00:00+00:00,33.13668458
2025-09-21 23:00:00+00:00,33.03816676
2025-09-22 00:00:00+00:00,31.8658356
2025-09-22 01:00:00+00:00,31.84110976
2025-09-22 02:00:00+00:00,31.51491596
2025-09-22 03:00:00+00:00,31.79936805
2025-09-22 04:00:00+00:00,31.64205476
2025-09-22 05:00:00+00:00,31.07279025
2025-09-22 06:00:00+00:00,30.9412092
2025-09-22 07:00:00+00:00,30.54084846
2025-09-22 08:00:00+00:00,30.94897141
2025-09-22 09:00:00+00:00,30.63904206
2025-09-22 10:00:00+00:00,31.37841591
2025-09-22 11:00:00+00:00,31.10131291
2025-09-22 12:00:00+00:00,31.49699776
2025-09-22 13:00:00+00:00,31.80036937
2025-09-22 14:00:00+00:00,31.3687484
2025-09-22 15:00:00+00:00,31.97132948
2025-09-22 16:00:00+00:00,31.840186
2025-09-22 17:00:00+00:00,31.89250848
2025-09-22 18:00:00+00:00,31.72158593
2025-09-22 19:00:00+00:00,31.37795102
2025-09-22 20:00:00+00:00,32.18940737
2025-09-22 21:00:00+00:00,32.81644145
2025-09-22 22:00:00+00:00,33.15546262
2025-09-22 23:00:00+00:00,33.86355213
2025-09-23 00:00:00+00:00,33.49258332
2025-09-23 01:00:00+00:00,33.04472508
2025-09-23 02:00:00+00:00,32.90021875
2025-09-23 03:00:00+00:00,34.92087018
2025-09-23 04:00:00+00:00,34.13642933
2025-09-23 05:00:00+00:00,34.67138418
2025-09-23 06:00:00+00:00,35.21219765
2025-09-23 07:00:00+00:00,34.94762478
2025-09-23 08:00:00+00:00,35.36023728
2025-09-23 09:00:00+00:00,34.66896991
2025-09-23 10:00:00+00:00,34.75547485
2025-09-23 11:00:00+00:00,34.45805527
2025-09-23 12:00:00+00:00,34.38988668
2025-09-23 13:00:00+00:00,34.26661249
2025-09-23 14:00:00+00:00,35.26598439
2025-09-23 15:00:00+00:00,35.13948232
2025-09-23 16:00:00+00:00,34.96518088
2025-09-23 17:00:00+00:00,34.42088549
2025-09-23 18:00:00+00:00,34.13977093
2025-09-23 19:00:00+00:00,33.77336285
2025-09-23 20:00:00+00:00,33.88604913
2025-09-23 21:00:00+00:00,33.69235268
2025-09-23 22:00:00+00:00,33.68335842
2025-09-23 23:00:00+00:00,33.6043056
2025-09-24 00:00:00+00:00,34.61174973
2025-09-24 01:00:00+00:00,34.32473656
2025-09-24 02:00:00+00:00,33.77401413
2025-09-24 03:00:00+00:00,33.25222358
2025-09-24 04:00:00+00:00,33.64763509
2025-09-24 05:00:00+00:00,34.08603533
2025-09-24 06:00:00+00:00,34.44533216
2025-09-24 07:00:00+00:00,34.12778694
2025-09-24 08:00:00+00:00,34.31896312
2025-09-24 09:00:00+00:00,34.21004543
2025-09-24 10:00:00+00:00,34.26243772
2025-09-24 11:00:00+00:00,34.15197286
2025-09-24 12:00:00+00:00,34.34373054
2025-09-24 13:00:00+00:00,34.19163449
2025-09-24 14:00:00+00:00,34.49040848
2025-09-24 15:00:00+00:00,34.48925972
2025-09-24 16:00:00+00:00,34.60677963
2025-09-24 17:00:00+00:00,34.55954928
2025-09-24 18:00:00+00:00,34.54159506
2025-09-24 19:00:00+00:00,34.23030767
2025-09-24 20:00:00+00:00,33.55433459
2025-09-24 21:00:00+00:00,32.9606337
2025-09-24 22:00:00+00:00,32.39352245
2025-09-24 23:00:00+00:00,32.30927148
2025-09-25 00:00:00+00:00,32.32816461
2025-09-25 01:00:00+00:00,32.4482613
2025-09-25 02:00:00+00:00,32.37150507
2025-09-25 03:00:00+00:00,31.83824347
2025-09-25 04:00:00+00:00,31.17341968
2025-09-25 05:00:00+00:00,31.32429563
2025-09-25 06:00:00+00:00,30.8423992
2025-09-25 07:00:00+00:00,30.72313566
2025-09-25 08:00:00+00:00,30.73279987
2025-09-25 09:00:00+00:00,30.80188032
2025-09-25 10:00:00+00:00,30.84903311
2025-09-25 11:00:00+00:00,30.60873084
2025-09-25 12:00:00+00:00,30.64735946
2025-09-25 13:00:00+00:00,30.22754156
2025-09-25 14:00:00+00:00,30.24277509
2025-09-25 15:00:00+00:00,30.25082264
2025-09-25 16:00:00+00:00,29.56672183
2025-09-25 17:00:00+00:00,29.21070711
2025-09-25 18:00:00+00:00,29.83221369
2025-09-25 19:00:00+00:00,29.46920925
2025-09-25 20:00:00+00:00,29.07667667
2025-09-25 21:00:00+00:00,29.09499067
2025-09-25 22:00:00+00:00,29.06197825
2025-09-25 23:00:00+00:00,28.63562535
2025-09-26 00:00:00+00:00,28.90641015
2025-09-26 01:00:00+00:00,28.7927043
2025-09-26 02:00:00+00:00,28.40130244
2025-09-26 03:00:00+00:00,28.25797076
2025-09-26 04:00:00+00:00,28.20173792
2025-09-26 05:00:00+00:00,27.98350649
2025-09-26 06:00:00+00:00,28.12227253
2025-09-26 07:00:00+00:00,28.27444578
2025-09-26 08:00:00+00:00,28.39865248
2025-09-26 09:00:00+00:00,28.13074399
2025-09-26 10:00:00+00:00,27.65764685
2025-09-26 11:00:00+00:00,27.58585831
2025-09-26 12:00:00+00:00,27.5951316
2025-09-26 13:00:00+00:00,27.83603436
2025-09-26 14:00:00+00:00,27.16527831
2025-09-26 15:00:00+00:00,27.89452083
2025-09-26 16:00:00+00:00,28.81441016
2025-09-26 17:00:00+00:00,29.51983428
2025-09-26 18:00:00+00:00,29.10795398
2025-09-26 19:00:00+00:00,28.73231906
2025-09-26 20:00:00+00:00,28.70964547
2025-09-26 21:00:00+00:00,28.7168923
2025-09-26 22:00:00+00:00,28.88418531
2025-09-26 23:00:00+00:00,29.09202878
2025-09-27 00:00:00+00:00,28.97333384
2025-09-27 01:00:00+00:00,28.93349549
2025-09-27 02:00:00+00:00,28.79610043
2025-09-27 03:00:00+00:00,28.75497283
2025-09-27 04:00:00+00:00,28.94529163
2025-09-27 05:00:00+00:00,28.79049819
2025-09-27 06:00:00+00:00,28.78896685
2025-09-27 07:00:00+00:00,28.67709709
2025-09-27 08:00:00+00:00,28.40546402
2025-09-27 09:00:00+00:00,28.48594461
2025-09-27 10:00:00+00:00,28.39201974
2025-09-27 11:00:00+00:00,28.34700759
2025-09-27 12:00:00+00:00,28.43894409
2025-09-27 13:00:00+00:00,28.46067121
2025-09-27 14:00:00+00:00,28.75664392
2025-09-27 15:00:00+00:00,28.68107284
2025-09-27 16:00:00+00:00,28.60752641
2025-09-27 17:00:00+00:00,28.63135713
2025-09-27 18:00:00+00:00,28.54744667
2025-09-27 19:00:00+00:00,28.76935308
2025-09-27 20:00:00+00:00,28.68690946
2025-09-27 21:00:00+00:00,28.75789037
2025-09-27 22:00:00+00:00,28.84978059
2025-09-27 23:00:00+00:00,28.74226888
2025-09-28 00:00:00+00:00,28.69931314
2025-09-28 01:00:00+00:00,28.49864363
2025-09-28 02:00:00+00:00,28.31008331
2025-09-28 03:00:00+00:00,28.26741838
2025-09-28 04:00:00+00:00,28.35961548
2025-09-28 05:00:00+00:00,28.25991251
2025-09-28 06:00:00+00:00,28.22206366
2025-09-28 07:00:00+00:00,28.38853875
2025-09-28 08:00:00+00:00,28.29695134
2025-09-28 09:00:00+00:00,28.35010868
2025-09-28 10:00:00+00:00,28.27061366
2025-09-28 11:00:00+00:00,28.11647032
2025-09-28 12:00:00+00:00,28.04446679
2025-09-28 13:00:00+00:00,28.89631001
2025-09-28 14:00:00+00:00,28.86019624
2025-09-28 15:00:00+00:00,28.8239331
2025-09-28 16:00:00+00:00,28.99199271
2025-09-28 17:00:00+00:00,28.9669986
2025-09-28 18:00:00+00:00,28.9890498
2025-09-28 19:00:00+00:00,28.99276679
2025-09-28 20:00:00+00:00,29.1216933
2025-09-28 21:00:00+00:00,29.01471576
2025-09-28 22:00:00+00:00,29.77742155
2025-09-28 23:00:00+00:00,30.00561663
2025-09-29 00:00:00+00:00,29.97073145
2025-09-29 01:00:00+00:00,29.58558966
2025-09-29 02:00:00+00:00,29.79069047
2025-09-29 03:00:00+00:00,29.75504067
2025-09-29 04:00:00+00:00,29.52155804
2025-09-29 05:00:00+00:00,29.40034771
2025-09-29 06:00:00+00:00,29.54276723
2025-09-29 07:00:00+00:00,29.57878921
2025-09-29 08:00:00+00:00,29.77915332
2025-09-29 09:00:00+00:00,29.80633877
2025-09-29 10:00:00+00:00,29.38114999
2025-09-29 11:00:00+00:00,29.6895369
2025-09-29 12:00:00+00:00,29.33891652
2025-09-29 13:00:00+00:00,29.67569152
2025-09-29 14:00:00+00:00,30.19276325
2025-09-29 15:00:00+00:00,30.46129144
2025-09-29 16:00:00+00:00,30.12050884
2025-09-29 17:00:00+00:00,30.46773128
2025-09-29 18:00:00+00:00,30.3647901
2025-09-29 19:00:00+00:00,30.48050607
2025-09-29 20:00:00+00:00,30.71444029
2025-09-29 21:00:00+00:00,30.54708969
2025-09-29 22:00:00+00:00,30.48307517
2025-09-29 23:00:00+00:00,30.40293856
2025-09-30 00:00:00+00:00,30.41987432
2025-09-30 01:00:00+00:00,30.00079153
2025-09-30 02:00:00+00:00,29.88368952
2025-09-30 03:00:00+00:00,29.87827942
2025-09-30 04:00:00+00:00,29.7895784
2025-09-30 05:00:00+00:00,29.78101629
2025-09-30 06:00:00+00:00,29.72797382
2025-09-30 07:00:00+00:00,29.51926399
2025-09-30 08:00:00+00:00,29.35979346
2025-09-30 09:00:00+00:00,29.35171415
2025-09-30 10:00:00+00:00,29.58896868
2025-09-30 11:00:00+00:00,29.44232998
2025-09-30 12:00:00+00:00,29.26674519
2025-09-30 13:00:00+00:00,29.17195895
2025-09-30 14:00:00+00:00,29.32183292
2025-09-30 15:00:00+00:00,29.07515123
2025-09-30 16:00:00+00:00,28.84290071
2025-09-30 17:00:00+00:00,28.95689281
2025-09-30 18:00:00+00:00,29.47619492
2025-09-30 19:00:00+00:00,30.02711879
2025-09-30 20:00:00+00:00,30.25140316
2025-09-30 21:00:00+00:00,29.91587112
2025-09-30 22:00:00+00:00,29.86693064
2025-09-30 23:00:00+00:00,30.01099818
2025-10-01 00:00:00+00:00,29.99278286
2025-10-01 01:00:00+00:00,30.20237559
2025-10-01 02:00:00+00:00,29.93195701
2025-10-01 03:00:00+00:00,29.64358674
2025-10-01 04:00:00+00:00,29.8880774
2025-10-01 05:00:00+00:00,29.89936901
2025-10-01 06:00:00+00:00,29.6901085
2025-10-01 07:00:00+00:00,30.01010939
2025-10-01 08:00:00+00:00,30.87757068
2025-10-01 09:00:00+00:00,31.07201431
2025-10-01 10:00:00+00:00,30.72683586
2025-10-01 11:00:00+00:00,30.80290196
2025-10-01 12:00:00+00:00,30.53912788
2025-10-01 13:00:00+00:00,30.5178751
2025-10-01 14:00:00+00:00,30.44988158
2025-10-01 15:00:00+00:00,30.58650338
2025-10-01 16:00:00+00:00,30.54540562
2025-10-01 17:00:00+00:00,30.52646307
2025-10-01 18:00:00+00:00,30.53412013
2025-10-01 19:00:00+00:00,30.60450455
2025-10-01 20:00:00+00:00,30.57016479
2025-10-01 21:00:00+00:00,30.56448357
2025-10-01 22:00:00+00:00,30.56141083
2025-10-01 23:00:00+00:00,30.72744077
2025-10-02 00:00:00+00:00,30.55019074
2025-10-02 01:00:00+00:00,30.94776342
2025-10-02 02:00:00+00:00,31.31332453
2025-10-02 03:00:00+00:00,30.86343443
2025-10-02 04:00:00+00:00,30.88858224
2025-10-02 05:00:00+00:00,30.75355568
2025-10-02 06:00:00+00:00,30.7520595
2025-10-02 07:00:00+00:00,30.59020564
2025-10-02 08:00:00+00:00,30.52852529
2025-10-02 09:00:00+00:00,30.53397103
2025-10-02 10:00:00+00:00,30.5798037
2025-10-02 11:00:00+00:00,30.52738333
2025-10-02 12:00:00+00:00,30.61356322
2025-10-02 13:00:00+00:00,30.27909865
2025-10-02 14:00:00+00:00,29.77035581
2025-10-02 15:00:00+00:00,30.01100296
2025-10-02 16:00:00+00:00,30.23372252
2025-10-02 17:00:00+00:00,30.50253142
2025-10-02 18:00:00+00:00,30.69435407
2025-10-02 19:00:00+00:00,31.01370202
2025-10-02 20:00:00+00:00,30.90805109
2025-10-02 21:00:00+00:00,30.89943163
2025-10-02 22:00:00+00:00,30.93827715
2025-10-02 23:00:00+00:00,30.97727724
2025-10-03 00:00:00+00:00,30.74843606
2025-10-03 01:00:00+00:00,30.49006045
2025-10-03 02:00:00+00:00,30.87843504
2025-10-03 03:00:00+00:00,30.75638642
2025-10-03 04:00:00+00:00,30.8113489
2025-10-03 05:00:00+00:00,30.57502223
2025-10-03 06:00:00+00:00,30.26468933
2025-10-03 07:00:00+00:00,30.1755609
2025-10-03 08:00:00+00:00,30.3239533
2025-10-03 09:00:00+00:00,30.35151659
2025-10-03 10:00:00+00:00,30.36318673
2025-10-03 11:00:00+00:00,30.15930863
2025-10-03 12:00:00+00:00,30.27026412
2025-10-03 13:00:00+00:00,30.34047592
2025-10-03 14:00:00+00:00,30.50590838
2025-10-03 15:00:00+00:00,31.22827252
2025-10-03 16:00:00+00:00,31.06353472
2025-10-03 17:00:00+00:00,30.94000748
2025-10-03 18:00:00+00:00,31.2260506
2025-10-03 19:00:00+00:00,31.16723949
2025-10-03 20:00:00+00:00,31.21049362
2025-10-03 21:00:00+00:00,31.24566234
2025-10-03 22:00:00+00:00,31.36748532
2025-10-03 23:00:00+00:00,31.31913758
2025-10-04 00:00:00+00:00,31.24299318
2025-10-04 01:00:00+00:00,31.21351923
2025-10-04 02:00:00+00:00,31.18219306
2025-10-04 03:00:00+00:00,31.22667932
2025-10-04 04:00:00+00:00,31.18948152
2025-10-04 05:00:00+00:00,31.20097088
2025-10-04 06:00:00+00:00,31.13587215
2025-10-04 07:00:00+00:00,30.81138408
2025-10-04 08:00:00+00:00,30.61177416
2025-10-04 09:00:00+00:00,30.53033607
2025-10-04 10:00:00+00:00,30.40648585
2025-10-04 11:00:00+00:00,30.32315572
2025-10-04 12:00:00+00:00,30.19527646
2025-10-04 13:00:00+00:00,30.376951
2025-10-04 14:00:00+00:00,29.8999884
2025-10-04 15:00:00+00:00,29.92545921
2025-10-04 16:00:00+00:00,30.03829349
2025-10-04 17:00:00+00:00,29.96946792
2025-10-04 18:00:00+00:00,29.93958366
2025-10-04 19:00:00+00:00,30.03863022
2025-10-04 20:00:00+00:00,30.06987149
2025-10-04 21:00:00+00:00,30.10156853
2025-10-04 22:00:00+00:00,30.18080119
2025-10-04 23:00:00+00:00,30.12022283
2025-10-05 00:00:00+00:00,29.88139311
2025-10-05 01:00:00+00:00,29.93766168
2025-10-05 02:00:00+00:00,30.50103923
2025-10-05 03:00:00+00:00,30.48001644
2025-10-05 04:00:00+00:00,30.87532163
2025-10-05 05:00:00+00:00,30.83884953
2025-10-05 06:00:00+00:00,30.70093153
2025-10-05 07:00:00+00:00,31.07490055
2025-10-05 08:00:00+00:00,30.98301514
2025-10-05 09:00:00+00:00,30.66183696
2025-10-05 10:00:00+00:00,30.43462614
2025-10-05 11:00:00+00:00,30.34204017
2025-10-05 12:00:00+00:00,30.12913014
2025-10-05 13:00:00+00:00,30.11042955
2025-10-05 14:00:00+00:00,30.08124197
2025-10-05 15:00:00+00:00,30.24428307
2025-10-05 16:00:00+00:00,30.24130447
2025-10-05 17:00:00+00:00,29.92780138
2025-10-05 18:00:00+00:00,29.95242374
2025-10-05 19:00:00+00:00,29.70176934
2025-10-05 20:00:00+00:00,29.82184592
2025-10-05 21:00:00+00:00,29.84972983
2025-10-05 22:00:00+00:00,29.89619803
2025-10-05 23:00:00+00:00,30.07715904
2025-10-06 00:00:00+00:00,30.02711404
2025-10-06 01:00:00+00:00,30.20157726
2025-10-06 02:00:00+00:00,30.28718078
2025-10-06 03:00:00+00:00,30.24790227
2025-10-06 04:00:00+00:00,30.25957934
2025-10-06 05:00:00+00:00,30.22219773
2025-10-06 06:00:00+00:00,30.34947802
2025-10-06 07:00:00+00:00,30.29589765
2025-10-06 08:00:00+00:00,30.39148046
2025-10-06 09:00:00+00:00,30.57128636
2025-10-06 10:00:00+00:00,30.4957468
2025-10-06 11:00:00+00:00,30.49728976
2025-10-06 12:00:00+00:00,30.52384424
2025-10-06 13:00:00+00:00,30.55937986
2025-10-06 14:00:00+00:00,30.62808166
2025-10-06 15:00:00+00:00,30.8285112
2025-10-06 16:00:00+00:00,30.77749657
2025-10-06 17:00:00+00:00,30.89666148
2025-10-06 18:00:00+00:00,30.91090239
2025-10-06 19:00:00+00:00,30.83730114
2025-10-06 20:00:00+00:00,30.76294375
2025-10-06 21:00:00+00:00,30.69017515
2025-10-06 22:00:00+00:00,30.5880831
2025-10-06 23:00:00+00:00,30.61978363
2025-10-07 00:00:00+00:00,30.57866838
2025-10-07 01:00:00+00:00,30.41798926
2025-10-07 02:00:00+00:00,30.33573211
2025-10-07 03:00:00+00:00,30.34134314
2025-10-07 04:00:00+00:00,30.49934115
2025-10-07 05:00:00+00:00,30.45898587
2025-10-07 06:00:00+00:00,30.16695114
2025-10-07 07:00:00+00:00,30.10336589
2025-10-07 08:00:00+00:00,29.80171129
2025-10-07 09:00:00+00:00,29.75842454
2025-10-07 10:00:00+00:00,29.93004228
2025-10-07 11:00:00+00:00,30.02227475
2025-10-07 12:00:00+00:00,29.95353834
2025-10-07 13:00:00+00:00,29.36655442
2025-10-07 14:00:00+00:00,28.88357739
2025-10-07 15:00:00+00:00,28.53844217
2025-10-07 16:00:00+00:00,28.58021224
2025-10-07 17:00:00+00:00,28.41148271
2025-10-07 18:00:00+00:00,28.31429678
2025-10-07 19:00:00+00:00,28.10100687
2025-10-07 20:00:00+00:00,28.29870339
2025-10-07 21:00:00+00:00,28.26039085
2025-10-07 22:00:00+00:00,28.18933244
2025-10-07 23:00:00+00:00,27.92866878
2025-10-08 00:00:00+00:00,28.25682884
2025-10-08 01:00:00+00:00,28.3239788
2025-10-08 02:00:00+00:00,28.2208146
2025-10-08 03:00:00+00:00,27.96847977
2025-10-08 04:00:00+00:00,28.23885968
2025-10-08 05:00:00+00:00,28.12264439
2025-10-08 06:00:00+00:00,28.15824257
2025-10-08 07:00:00+00:00,28.29252262
2025-10-08 08:00:00+00:00,28.34953138
2025-10-08 09:00:00+00:00,28.2834741
2025-10-08 10:00:00+00:00,28.36772191
2025-10-08 11:00:00+00:00,28.30220511
2025-10-08 12:00:00+00:00,28.45847722
2025-10-08 13:00:00+00:00,28.52487751
2025-10-08 14:00:00+00:00,28.35326533
2025-10-08 15:00:00+00:00,28.29022572
2025-10-08 16:00:00+00:00,28.51437871
2025-10-08 17:00:00+00:00,28.96231431
2025-10-08 18:00:00+00:00,29.33829969
2025-10-08 19:00:00+00:00,29.19765547
2025-10-08 20:00:00+00:00,28.94172407
2025-10-08 21:00:00+00:00,28.86659274
2025-10-08 22:00:00+00:00,28.80883117
2025-10-08 23:00:00+00:00,28.81504236
2025-10-09 00:00:00+00:00,28.58073168
2025-10-09 01:00:00+00:00,28.49684579
2025-10-09 02:00:00+00:00,28.17248044
2025-10-09 03:00:00+00:00,28.40161614
2025-10-09 04:00:00+00:00,28.52719451
2025-10-09 05:00:00+00:00,28.50268808
2025-10-09 06:00:00+00:00,28.38254758
2025-10-09 07:00:00+00:00,28.36340637
2025-10-09 08:00:00+00:00,27.99438386
2025-10-09 09:00:00+00:00,28.08998857
2025-10-09 10:00:00+00:00,28.15353222
2025-10-09 11:00:00+00:00,28.31014666
2025-10-09 12:00:00+00:00,28.65095009
2025-10-09 13:00:00+00:00,28.14576011
2025-10-09 14:00:00+00:00,28.08158892
2025-10-09 15:00:00+00:00,27.9669252
2025-10-09 16:00:00+00:00,27.6498669
2025-10-09 17:00:00+00:00,28.06251389
2025-10-09 18:00:00+00:00,27.95920489
2025-10-09 19:00:00+00:00,28.07231538
2025-10-09 20:00:00+00:00,28.04609504
2025-10-09 21:00:00+00:00,28.12741394
2025-10-09 22:00:00+00:00,28.3780411
2025-10-09 23:00:00+00:00,28.3797338
2025-10-10 00:00:00+00:00,28.39678494
2025-10-10 01:00:00+00:00,28.3579949
2025-10-10 02:00:00+00:00,28.35608053
2025-10-10 03:00:00+00:00,28.36630982
2025-10-10 04:00:00+00:00,28.40887521
2025-10-10 05:00:00+00:00,28.54808745
2025-10-10 06:00:00+00:00,28.35787747
2025-10-10 07:00:00+00:00,28.21186916
2025-10-10 08:00:00+00:00,28.40831386
2025-10-10 09:00:00+00:00,28.07496448
2025-10-10 10:00:00+00:00,28.24598426
2025-10-10 11:00:00+00:00,28.26590562
2025-10-10 12:00:00+00:00,28.31413693
2025-10-10 13:00:00+00:00,28.29151541
2025-10-10 14:00:00+00:00,27.912382
2025-10-10 15:00:00+00:00,26.99351516
2025-10-10 16:00:00+00:00,26.84510113
2025-10-10 17:00:00+00:00,26.71698252
2025-10-10 18:00:00+00:00,26.49403624
2025-10-10 19:00:00+00:00,26.43096518
2025-10-10 20:00:00+00:00,24.86357905
2025-10-10 21:00:00+00:00,21.72181995
2025-10-10 22:00:00+00:00,20.79394241
2025-10-10 23:00:00+00:00,20.65434685
2025-10-11 00:00:00+00:00,21.22881951
2025-10-11 01:00:00+00:00,20.97922362
2025-10-11 02:00:00+00:00,22.64355308
2025-10-11 03:00:00+00:00,21.94243788
2025-10-11 04:00:00+00:00,22.16571221
2025-10-11 05:00:00+00:00,22.0313097
2025-10-11 06:00:00+00:00,22.22866434
2025-10-11 07:00:00+00:00,22.20360874
2025-10-11 08:00:00+00:00,23.11559447
2025-10-11 09:00:00+00:00,22.78858547
2025-10-11 10:00:00+00:00,22.71643565
2025-10-11 11:00:00+00:00,22.67783474
2025-10-11 12:00:00+00:00,22.36224143
2025-10-11 13:00:00+00:00,22.58294787
2025-10-11 14:00:00+00:00,22.71358098
2025-10-11 15:00:00+00:00,22.80964783
2025-10-11 16:00:00+00:00,22.89995009
2025-10-11 17:00:00+00:00,22.97635326
2025-10-11 18:00:00+00:00,22.64305693
2025-10-11 19:00:00+00:00,21.88919308
2025-10-11 20:00:00+00:00,21.33969111
2025-10-11 21:00:00+00:00,21.42298383
2025-10-11 22:00:00+00:00,21.6305866
2025-10-11 23:00:00+00:00,21.45112441
2025-10-12 00:00:00+00:00,20.91319094
2025-10-12 01:00:00+00:00,20.85451772
2025-10-12 02:00:00+00:00,20.77776508
2025-10-12 03:00:00+00:00,21.02176722
2025-10-12 04:00:00+00:00,21.31970032
2025-10-12 05:00:00+00:00,21.37811471
2025-10-12 06:00:00+00:00,21.50073325
2025-10-12 07:00:00+00:00,21.37451369
2025-10-12 08:00:00+00:00,21.14464825
2025-10-12 09:00:00+00:00,21.25768417
2025-10-12 10:00:00+00:00,20.99191677
2025-10-12 11:00:00+00:00,21.09560396
2025-10-12 12:00:00+00:00,21.28561346
2025-10-12 13:00:00+00:00,20.82944633
2025-10-12 14:00:00+00:00,21.79336843
2025-10-12 15:00:00+00:00,22.37459838
2025-10-12 16:00:00+00:00,22.57728241
2025-10-12 17:00:00+00:00,22.74911615
2025-10-12 18:00:00+00:00,22.61052656
2025-10-12 19:00:00+00:00,23.0184059
2025-10-12 20:00:00+00:00,22.95029405
2025-10-12 21:00:00+00:00,22.68165289
2025-10-12 22:00:00+00:00,22.60949772
2025-10-12 23:00:00+00:00,22.51196912
2025-10-13 00:00:00+00:00,22.00549685
2025-10-13 01:00:00+00:00,22.39787559
2025-10-13 02:00:00+00:00,22.20098794
2025-10-13 03:00:00+00:00,22.23158155
2025-10-13 04:00:00+00:00,22.51125347
2025-10-13 05:00:00+00:00,22.33894045
2025-10-13 06:00:00+00:00,22.59401709
2025-10-13 07:00:00+00:00,22.69963403
2025-10-13 08:00:00+00:00,22.86572787
2025-10-13 09:00:00+00:00,22.92386768
2025-10-13 10:00:00+00:00,22.65297726
2025-10-13 11:00:00+00:00,22.19980389
2025-10-13 12:00:00+00:00,22.35944273
2025-10-13 13:00:00+00:00,22.83712096
2025-10-13 14:00:00+00:00,22.42201714
2025-10-13 15:00:00+00:00,22.79554735
2025-10-13 16:00:00+00:00,22.99768524
2025-10-13 17:00:00+00:00,23.48406391
2025-10-13 18:00:00+00:00,23.50446753
2025-10-13 19:00:00+00:00,23.84836588
2025-10-13 20:00:00+00:00,23.95829107
2025-10-13 21:00:00+00:00,23.77874703
2025-10-13 22:00:00+00:00,23.84010147
2025-10-13 23:00:00+00:00,23.80946754
2025-10-14 00:00:00+00:00,23.84649351
2025-10-14 01:00:00+00:00,23.82680065
2025-10-14 02:00:00+00:00,23.36192639
2025-10-14 03:00:00+00:00,23.33127768
2025-10-14 04:00:00+00:00,22.97377076
2025-10-14 05:00:00+00:00,22.82208229
2025-10-14 06:00:00+00:00,22.34756471
2025-10-14 07:00:00+00:00,22.14988716
2025-10-14 08:00:00+00:00,22.38799629
2025-10-14 09:00:00+00:00,22.549085
2025-10-14 10:00:00+00:00,22.22825073
2025-10-14 11:00:00+00:00,22.42108751
2025-10-14 12:00:00+00:00,22.11621257
2025-10-14 13:00:00+00:00,22.17992888
2025-10-14 14:00:00+00:00,22.29196738
2025-10-14 15:00:00+00:00,22.80001503
2025-10-14 16:00:00+00:00,22.79505721
2025-10-14 17:00:00+00:00,22.82232671
2025-10-14 18:00:00+00:00,22.79917214
2025-10-14 19:00:00+00:00,22.57295704
2025-10-14 20:00:00+00:00,22.71991836
2025-10-14 21:00:00+00:00,22.67246508
2025-10-14 22:00:00+00:00,22.67422534
2025-10-14 23:00:00+00:00,22.7384575
2025-10-15 00:00:00+00:00,22.68710426
2025-10-15 01:00:00+00:00,22.61138422
2025-10-15 02:00:00+00:00,22.67578409
2025-10-15 03:00:00+00:00,22.47430816
2025-10-15 04:00:00+00:00,22.71704093
2025-10-15 05:00:00+00:00,22.74273746
2025-10-15 06:00:00+00:00,22.81357432
2025-10-15 07:00:00+00:00,22.97965212
2025-10-15 08:00:00+00:00,23.0396166
2025-10-15 09:00:00+00:00,22.82951994
2025-10-15 10:00:00+00:00,22.61216911
2025-10-15 11:00:00+00:00,22.57019028
2025-10-15 12:00:00+00:00,22.34160093
2025-10-15 13:00:00+00:00,22.24143232
2025-10-15 14:00:00+00:00,22.07265658
2025-10-15 15:00:00+00:00,21.92989326
2025-10-15 16:00:00+00:00,21.87174333
2025-10-15 17:00:00+00:00,21.96622889
2025-10-15 18:00:00+00:00,22.07877479
2025-10-15 19:00:00+00:00,21.99719139
2025-10-15 20:00:00+00:00,21.90724288
2025-10-15 21:00:00+00:00,21.8210623
2025-10-15 22:00:00+00:00,21.80104856
2025-10-15 23:00:00+00:00,21.89943179
2025-10-16 00:00:00+00:00,21.80117085
2025-10-16 01:00:00+00:00,22.05756358
2025-10-16 02:00:00+00:00,22.07873777
2025-10-16 03:00:00+00:00,21.92566665
2025-10-16 04:00:00+00:00,21.8680544
2025-10-16 05:00:00+00:00,21.82800251
2025-10-16 06:00:00+00:00,22.06773658
2025-10-16 07:00:00+00:00,21.87525161
2025-10-16 08:00:00+00:00,21.7866395
2025-10-16 09:00:00+00:00,21.99811911
2025-10-16 10:00:00+00:00,22.18127022
2025-10-16 11:00:00+00:00,22.25411845
2025-10-16 12:00:00+00:00,22.14313701
2025-10-16 13:00:00+00:00,21.99302817
2025-10-16 14:00:00+00:00,21.83210009
2025-10-16 15:00:00+00:00,21.14988731
2025-10-16 16:00:00+00:00,21.49429963
2025-10-16 17:00:00+00:00,21.15686827
2025-10-16 18:00:00+00:00,21.08324871
2025-10-16 19:00:00+00:00,20.78140649
2025-10-16 20:00:00+00:00,20.74196958
2025-10-16 21:00:00+00:00,20.94162466
2025-10-16 22:00:00+00:00,20.73141795
2025-10-16 23:00:00+00:00,20.9724049
2025-10-17 00:00:00+00:00,21.07542488
2025-10-17 01:00:00+00:00,21.01649369
2025-10-17 02:00:00+00:00,20.94393641
2025-10-17 03:00:00+00:00,20.96877609
2025-10-17 04:00:00+00:00,20.73584648
2025-10-17 05:00:00+00:00,20.58265148
2025-10-17 06:00:00+00:00,19.91359077
2025-10-17 07:00:00+00:00,19.39572912
2025-10-17 08:00:00+00:00,19.11878139
2025-10-17 09:00:00+00:00,19.46323722
2025-10-17 10:00:00+00:00,19.45255842
2025-10-17 11:00:00+00:00,19.82588377
2025-10-17 12:00:00+00:00,19.75659697
2025-10-17 13:00:00+00:00,19.87451286
2025-10-17 14:00:00+00:00,19.61768319
2025-10-17 15:00:00+00:00,19.935005
2025-10-17 16:00:00+00:00,19.88781649
2025-10-17 17:00:00+00:00,19.99743226
2025-10-17 18:00:00+00:00,19.98704265
2025-10-17 19:00:00+00:00,19.92801154
2025-10-17 20:00:00+00:00,20.08826831
2025-10-17 21:00:00+00:00,20.19956062
2025-10-17 22:00:00+00:00,20.07405795
2025-10-17 23:00:00+00:00,19.95209542
2025-10-18 00:00:00+00:00,19.99880623
2025-10-18 01:00:00+00:00,20.1638148
2025-10-18 02:00:00+00:00,20.00436201
2025-10-18 03:00:00+00:00,20.03785636
2025-10-18 04:00:00+00:00,19.88741036
2025-10-18 05:00:00+00:00,20.08964389
2025-10-18 06:00:00+00:00,20.14199684
2025-10-18 07:00:00+00:00,20.16833991
2025-10-18 08:00:00+00:00,20.1898815
2025-10-18 09:00:00+00:00,20.3049928
2025-10-18 10:00:00+00:00,20.16776734
2025-10-18 11:00:00+00:00,20.21037855
2025-10-18 12:00:00+00:00,20.11738054
2025-10-18 13:00:00+00:00,19.93340923
2025-10-18 14:00:00+00:00,20.04073575
2025-10-18 15:00:00+00:00,20.02883183
2025-10-18 16:00:00+00:00,19.95564778
2025-10-18 17:00:00+00:00,20.16288691
2025-10-18 18:00:00+00:00,20.10822958
2025-10-18 19:00:00+00:00,20.16833991
2025-10-18 20:00:00+00:00,20.1831694
2025-10-18 21:00:00+00:00,20.2445394
2025-10-18 22:00:00+00:00,20.19849587
2025-10-18 23:00:00+00:00,20.2102897
2025-10-19 00:00:00+00:00,20.06735978
2025-10-19 01:00:00+00:00,20.11725791
2025-10-19 02:00:00+00:00,20.12675176
2025-10-19 03:00:00+00:00,20.27598726
2025-10-19 04:00:00+00:00,20.22947961
2025-10-19 05:00:00+00:00,20.16395482
2025-10-19 06:00:00+00:00,19.98154406
2025-10-19 07:00:00+00:00,19.95615175
2025-10-19 08:00:00+00:00,19.8897165
2025-10-19 09:00:00+00:00,20.15817135
2025-10-19 10:00:00+00:00,20.43334573
2025-10-19 11:00:00+00:00,20.40289588
2025-10-19 12:00:00+00:00,20.43175766
2025-10-19 13:00:00+00:00,20.73289106
2025-10-19 14:00:00+00:00,20.77435417
2025-10-19 15:00:00+00:00,20.73737782
2025-10-19 16:00:00+00:00,20.64798836
2025-10-19 17:00:00+00:00,20.68400401
2025-10-19 18:00:00+00:00,20.78870999
2025-10-19 19:00:00+00:00,20.72497167
2025-10-19 20:00:00+00:00,20.80647502
2025-10-19 21:00:00+00:00,20.66920322
2025-10-19 22:00:00+00:00,20.74231914
2025-10-19 23:00:00+00:00,20.59206009
2025-10-20 00:00:00+00:00,20.3969025
2025-10-20 01:00:00+00:00,20.34759115
2025-10-20 02:00:00+00:00,20.45825167
2025-10-20 03:00:00+00:00,21.01958145
2025-10-20 04:00:00+00:00,21.04072692
2025-10-20 05:00:00+00:00,20.95245185
2025-10-20 06:00:00+00:00,21.05634879
2025-10-20 07:00:00+00:00,20.91638961
2025-10-20 08:00:00+00:00,20.80426704
2025-10-20 09:00:00+00:00,20.77042077
2025-10-20 10:00:00+00:00,20.71727877
2025-10-20 11:00:00+00:00,20.77662365
2025-10-20 12:00:00+00:00,20.66773338
2025-10-20 13:00:00+00:00,20.77857563
2025-10-20 14:00:00+00:00,20.73797603
2025-10-20 15:00:00+00:00,20.61641679
2025-10-20 16:00:00+00:00,20.35092706
2025-10-20 17:00:00+00:00,20.36807674
2025-10-20 18:00:00+00:00,20.45151872
2025-10-20 19:00:00+00:00,20.53152534
2025-10-20 20:00:00+00:00,20.54872854
2025-10-20 21:00:00+00:00,20.38634578
2025-10-20 22:00:00+00:00,20.42077818
2025-10-20 23:00:00+00:00,20.34672253
2025-10-21 00:00:00+00:00,20.29235547
2025-10-21 01:00:00+00:00,20.10186802
2025-10-21 02:00:00+00:00,19.94262271
2025-10-21 03:00:00+00:00,19.85743254
2025-10-21 04:00:00+00:00,19.51869437
2025-10-21 05:00:00+00:00,19.49306103
2025-10-21 06:00:00+00:00,19.65808361
2025-10-21 07:00:00+00:00,19.77703224
2025-10-21 08:00:00+00:00,19.75143456
2025-10-21 09:00:00+00:00,19.79724112
2025-10-21 10:00:00+00:00,19.9362269
2025-10-21 11:00:00+00:00,19.99044156
2025-10-21 12:00:00+00:00,20.02211733
2025-10-21 13:00:00+00:00,19.87218486
2025-10-21 14:00:00+00:00,20.54572171
2025-10-21 15:00:00+00:00,20.7594026
2025-10-21 16:00:00+00:00,20.39679406
2025-10-21 17:00:00+00:00,20.4400399
2025-10-21 18:00:00+00:00,20.47322886
2025-10-21 19:00:00+00:00,20.40150283
2025-10-21 20:00:00+00:00,20.13352876
2025-10-21 21:00:00+00:00,20.09666048
2025-10-21 22:00:00+00:00,19.77402065
2025-10-21 23:00:00+00:00,19.53860968
2025-10-22 00:00:00+00:00,19.38082207
2025-10-22 01:00:00+00:00,19.54000035
2025-10-22 02:00:00+00:00,19.469086
2025-10-22 03:00:00+00:00,19.45442578
2025-10-22 04:00:00+00:00,19.60786601
2025-10-22 05:00:00+00:00,19.44953874
2025-10-22 06:00:00+00:00,19.41972647
2025-10-22 07:00:00+00:00,19.56396826
2025-10-22 08:00:00+00:00,19.59471571
2025-10-22 09:00:00+00:00,19.43715909
2025-10-22 10:00:00+00:00,19.40628905
2025-10-22 11:00:00+00:00,19.58702418
2025-10-22 12:00:00+00:00,19.52090295
2025-10-22 13:00:00+00:00,19.6564448
2025-10-22 14:00:00+00:00,19.61152835
2025-10-22 15:00:00+00:00,19.54047181
2025-10-22 16:00:00+00:00,19.44875794
2025-10-22 17:00:00+00:00,19.28849298
2025-10-22 18:00:00+00:00,19.20929885
2025-10-22 19:00:00+00:00,19.07844154
2025-10-22 20:00:00+00:00,18.93167456
2025-10-22 21:00:00+00:00,18.68588031
2025-10-22 22:00:00+00:00,18.7671476
2025-10-22 23:00:00+00:00,19.01832426
2025-10-23 00:00:00+00:00,19.04038648
2025-10-23 01:00:00+00:00,19.08723461
2025-10-23 02:00:00+00:00,19.11786054
2025-10-23 03:00:00+00:00,19.11109308
2025-10-23 04:00:00+00:00,19.19844898
2025-10-23 05:00:00+00:00,19.33608666
2025-10-23 06:00:00+00:00,19.56690944
2025-10-23 07:00:00+00:00,19.54747354
2025-10-23 08:00:00+00:00,19.52396426
2025-10-23 09:00:00+00:00,19.54364471
2025-10-23 10:00:00+00:00,19.52947369
2025-10-23 11:00:00+00:00,19.41794769
2025-10-23 12:00:00+00:00,19.37855751
2025-10-23 13:00:00+00:00,19.42870818
2025-10-23 14:00:00+00:00,19.41751939
2025-10-23 15:00:00+00:00,19.5423859
2025-10-23 16:00:00+00:00,19.68801705
2025-10-23 17:00:00+00:00,19.68275031
2025-10-23 18:00:00+00:00,19.5032968
2025-10-23 19:00:00+00:00,19.37894288
2025-10-23 20:00:00+00:00,19.14866149
2025-10-23 21:00:00+00:00,19.10176171
2025-10-23 22:00:00+00:00,19.06682399
2025-10-23 23:00:00+00:00,19.13547149
2025-10-24 00:00:00+00:00,19.21881578
2025-10-24 01:00:00+00:00,19.21568804
2025-10-24 02:00:00+00:00,19.20100522
2025-10-24 03:00:00+00:00,19.21979918
2025-10-24 04:00:00+00:00,19.54657977
2025-10-24 05:00:00+00:00,19.61231566
2025-10-24 06:00:00+00:00,19.61912068
2025-10-24 07:00:00+00:00,19.49033395
2025-10-24 08:00:00+00:00,19.59560662
2025-10-24 09:00:00+00:00,19.56093982
2025-10-24 10:00:00+00:00,19.50079755
2025-10-24 11:00:00+00:00,19.4926678
2025-10-24 12:00:00+00:00,19.61040073
2025-10-24 13:00:00+00:00,19.63928897
2025-10-24 14:00:00+00:00,19.31132944
2025-10-24 15:00:00+00:00,19.26180498
2025-10-24 16:00:00+00:00,19.21568804
2025-10-24 17:00:00+00:00,19.2449707
2025-10-24 18:00:00+00:00,19.39093139
2025-10-24 19:00:00+00:00,19.51443935
2025-10-24 20:00:00+00:00,19.57806042
2025-10-24 21:00:00+00:00,19.60364741
2025-10-24 22:00:00+00:00,19.55936964
2025-10-24 23:00:00+00:00,19.49394434
2025-10-25 00:00:00+00:00,19.41113544
2025-10-25 01:00:00+00:00,19.44507236
2025-10-25 02:00:00+00:00,19.39345644
2025-10-25 03:00:00+00:00,19.34023748
2025-10-25 04:00:00+00:00,19.32585529
2025-10-25 05:00:00+00:00,19.35310575
2025-10-25 06:00:00+00:00,19.31172062
2025-10-25 07:00:00+00:00,19.35886827
2025-10-25 08:00:00+00:00,19.43330241
2025-10-25 09:00:00+00:00,19.33223133
2025-10-25 10:00:00+00:00,19.30094152
2025-10-25 11:00:00+00:00,19.33435116
2025-10-25 12:00:00+00:00,19.55162354
2025-10-25 13:00:00+00:00,19.51128358
2025-10-25 14:00:00+00:00,19.5494312
2025-10-25 15:00:00+00:00,19.52917223
2025-10-25 16:00:00+00:00,19.49117676
2025-10-25 17:00:00+00:00,19.52146124
2025-10-25 18:00:00+00:00,19.70268367
2025-10-25 19:00:00+00:00,19.73288338
2025-10-25 20:00:00+00:00,19.66986151
2025-10-25 21:00:00+00:00,19.69637313
2025-10-25 22:00:00+00:00,19.75921062
2025-10-25 23:00:00+00:00,19.71324571
2025-10-26 00:00:00+00:00,19.67462631
2025-10-26 01:00:00+00:00,19.52896969
2025-10-26 02:00:00+00:00,19.42653987
2025-10-26 03:00:00+00:00,19.38774216
2025-10-26 04:00:00+00:00,19.48818385
2025-10-26 05:00:00+00:00,19.66159846
2025-10-26 06:00:00+00:00,19.65472983
2025-10-26 07:00:00+00:00,19.70333302
2025-10-26 08:00:00+00:00,20.01133934
2025-10-26 09:00:00+00:00,20.07155102
2025-10-26 10:00:00+00:00,19.99594821
2025-10-26 11:00:00+00:00,20.37219273
2025-10-26 12:00:00+00:00,20.33907872
2025-10-26 13:00:00+00:00,20.58759358
2025-10-26 14:00:00+00:00,20.45910889
2025-10-26 15:00:00+00:00,20.41156215
2025-10-26 16:00:00+00:00,20.28381555
2025-10-26 17:00:00+00:00,20.26482253
2025-10-26 18:00:00+00:00,20.2689524
2025-10-26 19:00:00+00:00,20.3113321
2025-10-26 20:00:00+00:00,20.18111688
2025-10-26 21:00:00+00:00,20.26139518
2025-10-26 22:00:00+00:00,20.71831113
2025-10-26 23:00:00+00:00,20.82209344
2025-10-27 00:00:00+00:00,20.79736955
2025-10-27 01:00:00+00:00,20.97188511
2025-10-27 02:00:00+00:00,20.91478499
2025-10-27 03:00:00+00:00,20.80390698
2025-10-27 04:00:00+00:00,20.97922475
2025-10-27 05:00:00+00:00,20.94978492
2025-10-27 06:00:00+00:00,20.97616577
2025-10-27 07:00:00+00:00,20.81157711
2025-10-27 08:00:00+00:00,20.6578767
2025-10-27 09:00:00+00:00,20.53156721
2025-10-27 10:00:00+00:00,20.56527496
2025-10-27 11:00:00+00:00,20.55799882
2025-10-27 12:00:00+00:00,20.38264872
2025-10-27 13:00:00+00:00,20.49836088
2025-10-27 14:00:00+00:00,20.36084033
2025-10-27 15:00:00+00:00,20.45732353
2025-10-27 16:00:00+00:00,20.72673535
2025-10-27 17:00:00+00:00,20.66913682
2025-10-27 18:00:00+00:00,20.66217185
2025-10-27 19:00:00+00:00,20.59842305
2025-10-27 20:00:00+00:00,20.48158559
2025-10-27 21:00:00+00:00,20.47603186
2025-10-27 22:00:00+00:00,20.32765097
2025-10-27 23:00:00+00:00,20.33108447
2025-10-28 00:00:00+00:00,20.31958101
2025-10-28 01:00:00+00:00,20.43575279
2025-10-28 02:00:00+00:00,20.30827101
2025-10-28 03:00:00+00:00,20.22495647
2025-10-28 04:00:00+00:00,20.38569561
2025-10-28 05:00:00+00:00,20.01250504
2025-10-28 06:00:00+00:00,20.37859939
2025-10-28 07:00:00+00:00,20.30817764
2025-10-28 08:00:00+00:00,20.46152333
2025-10-28 09:00:00+00:00,20.32297831
2025-10-28 10:00:00+00:00,20.28898701
2025-10-28 11:00:00+00:00,20.18619331
2025-10-28 12:00:00+00:00,20.30641153
2025-10-28 13:00:00+00:00,20.37167396
2025-10-28 14:00:00+00:00,20.09070408
2025-10-28 15:00:00+00:00,20.00871283
2025-10-28 16:00:00+00:00,20.1233829
2025-10-28 17:00:00+00:00,20.09144061
2025-10-28 18:00:00+00:00,19.98056043
2025-10-28 19:00:00+00:00,19.63722078
2025-10-28 20:00:00+00:00,19.35339898
2025-10-28 21:00:00+00:00,19.40146881
2025-10-28 22:00:00+00:00,19.54756952
2025-10-28 23:00:00+00:00,19.47417805
2025-10-29 00:00:00+00:00,19.39934583
2025-10-29 01:00:00+00:00,19.440003
2025-10-29 02:00:00+00:00,19.52025273
2025-10-29 03:00:00+00:00,19.46564496
2025-10-29 04:00:00+00:00,19.49224147
2025-10-29 05:00:00+00:00,19.53889842
2025-10-29 06:00:00+00:00,19.53428681
2025-10-29 07:00:00+00:00,19.60443029
2025-10-29 08:00:00+00:00,19.5020491
2025-10-29 09:00:00+00:00,19.48830533
2025-10-29 10:00:00+00:00,19.63049324
2025-10-29 11:00:00+00:00,19.72957429
2025-10-29 12:00:00+00:00,19.69280436
2025-10-29 13:00:00+00:00,19.67171771
2025-10-29 14:00:00+00:00,19.58558097
2025-10-29 15:00:00+00:00,19.43892535
2025-10-29 16:00:00+00:00,19.52728454
2025-10-29 17:00:00+00:00,20.02142464
2025-10-29 18:00:00+00:00,19.91090339
2025-10-29 19:00:00+00:00,19.93690388
2025-10-29 20:00:00+00:00,20.07910383
2025-10-29 21:00:00+00:00,20.03177975
2025-10-29 22:00:00+00:00,19.97537786
2025-10-29 23:00:00+00:00,19.65965683
2025-10-30 00:00:00+00:00,19.73313146
2025-10-30 01:00:00+00:00,19.7610862
2025-10-30 02:00:00+00:00,19.95673889
2025-10-30 03:00:00+00:00,19.83643414
2025-10-30 04:00:00+00:00,19.30304896
2025-10-30 05:00:00+00:00,19.66176623
2025-10-30 06:00:00+00:00,19.67470041
2025-10-30 07:00:00+00:00,19.83448756
2025-10-30 08:00:00+00:00,19.64012578
2025-10-30 09:00:00+00:00,19.44035774
2025-10-30 10:00:00+00:00,19.26051513
2025-10-30 11:00:00+00:00,19.24566063
2025-10-30 12:00:00+00:00,18.78144536
2025-10-30 13:00:00+00:00,18.48788193
2025-10-30 14:00:00+00:00,18.45597489
2025-10-30 15:00:00+00:00,18.22826017
2025-10-30 16:00:00+00:00,18.24121543
2025-10-30 17:00:00+00:00,18.13150941
2025-10-30 18:00:00+00:00,17.90775463
2025-10-30 19:00:00+00:00,17.58841981
2025-10-30 20:00:00+00:00,17.94198834
2025-10-30 21:00:00+00:00,18.00143218
2025-10-30 22:00:00+00:00,18.09781438
2025-10-30 23:00:00+00:00,18.11577922
2025-10-31 00:00:00+00:00,18.25250986
2025-10-31 01:00:00+00:00,18.3898078
2025-10-31 02:00:00+00:00,18.2168896
2025-10-31 03:00:00+00:00,18.26331057
2025-10-31 04:00:00+00:00,18.43323654
2025-10-31 05:00:00+00:00,18.33412205
2025-10-31 06:00:00+00:00,18.40620394
2025-10-31 07:00:00+00:00,18.25414218
2025-10-31 08:00:00+00:00,18.33351446
2025-10-31 09:00:00+00:00,18.23267307
2025-10-31 10:00:00+00:00,18.26489542
2025-10-31 11:00:00+00:00,18.50490506
2025-10-31 12:00:00+00:00,18.35492632
2025-10-31 13:00:00+00:00,18.43938213
2025-10-31 14:00:00+00:00,18.48850009
2025-10-31 15:00:00+00:00,18.27361263
2025-10-31 16:00:00+00:00,17.92707464
2025-10-31 17:00:00+00:00,17.87680079
2025-10-31 18:00:00+00:00,17.9938705
2025-10-31 19:00:00+00:00,18.27974304
2025-10-31 20:00:00+00:00,18.09784301
2025-10-31 21:00:00+00:00,18.13517806
2025-10-31 22:00:00+00:00,18.19278861
2025-10-31 23:00:00+00:00,18.19386687
2025-11-01 00:00:00+00:00,18.17662937
2025-11-01 01:00:00+00:00,18.24312643
2025-11-01 02:00:00+00:00,18.33429469
2025-11-01 03:00:00+00:00,18.41535272
2025-11-01 04:00:00+00:00,18.41461202
2025-11-01 05:00:00+00:00,18.33680875
2025-11-01 06:00:00+00:00,18.35367908
2025-11-01 07:00:00+00:00,18.51025829
2025-11-01 08:00:00+00:00,18.54551698
2025-11-01 09:00:00+00:00,18.5610191
2025-11-01 10:00:00+00:00,18.63153832
2025-11-01 11:00:00+00:00,18.66175208
2025-11-01 12:00:00+00:00,18.68838393
2025-11-01 13:00:00+00:00,18.59414271
2025-11-01 14:00:00+00:00,18.49231218
2025-11-01 15:00:00+00:00,18.6322311
2025-11-01 16:00:00+00:00,18.67301362
2025-11-01 17:00:00+00:00,18.57233797
2025-11-01 18:00:00+00:00,18.65108152
2025-11-01 19:00:00+00:00,18.64176611
2025-11-01 20:00:00+00:00,18.67579528
2025-11-01 21:00:00+00:00,18.5176229
2025-11-01 22:00:00+00:00,18.6044934
2025-11-01 23:00:00+00:00,18.7277709
2025-11-02 00:00:00+00:00,18.68465243
2025-11-02 01:00:00+00:00,18.67460143
2025-11-02 02:00:00+00:00,18.72420858
2025-11-02 03:00:00+00:00,18.68199723
2025-11-02 04:00:00+00:00,18.89996061
2025-11-02 05:00:00+00:00,18.881224
2025-11-02 06:00:00+00:00,18.94427549
2025-11-02 07:00:00+00:00,18.95650855
2025-11-02 08:00:00+00:00,18.83952629
2025-11-02 09:00:00+00:00,18.76384628
2025-11-02 10:00:00+00:00,18.67642992
2025-11-02 11:00:00+00:00,18.83222069
2025-11-02 12:00:00+00:00,18.74357284
2025-11-02 13:00:00+00:00,18.53969535
2025-11-02 14:00:00+00:00,18.2776357
2025-11-02 15:00:00+00:00,18.28231329
2025-11-02 16:00:00+00:00,18.30907368
2025-11-02 17:00:00+00:00,18.26826987
2025-11-02 18:00:00+00:00,18.23658372
2025-11-02 19:00:00+00:00,18.16680105
2025-11-02 20:00:00+00:00,18.26257032
2025-11-02 21:00:00+00:00,18.30159269
2025-11-02 22:00:00+00:00,18.34879452
2025-11-02 23:00:00+00:00,18.80946139
2025-11-03 00:00:00+00:00,18.58288128
2025-11-03 01:00:00+00:00,18.28083054
2025-11-03 02:00:00+00:00,18.12840218
2025-11-03 03:00:00+00:00,17.53872189
2025-11-03 04:00:00+00:00,17.62695581
2025-11-03 05:00:00+00:00,17.457072
2025-11-03 06:00:00+00:00,17.40213917
2025-11-03 07:00:00+00:00,17.48314568
2025-11-03 08:00:00+00:00,17.47135983
2025-11-03 09:00:00+00:00,17.35125663
2025-11-03 10:00:00+00:00,17.25491171
2025-11-03 11:00:00+00:00,17.47726
2025-11-03 12:00:00+00:00,17.47279807
2025-11-03 13:00:00+00:00,17.45293501
2025-11-03 14:00:00+00:00,17.49353529
2025-11-03 15:00:00+00:00,16.36684764
2025-11-03 16:00:00+00:00,16.75245257
2025-11-03 17:00:00+00:00,17.01853094
2025-11-03 18:00:00+00:00,16.90903085
2025-11-03 19:00:00+00:00,16.78555866
2025-11-03 20:00:00+00:00,16.52794509
2025-11-03 21:00:00+00:00,16.75711836
2025-11-03 22:00:00+00:00,16.61859355
2025-11-03 23:00:00+00:00,16.6528099
2025-11-04 00:00:00+00:00,16.75392732
2025-11-04 01:00:00+00:00,16.85768276
2025-11-04 02:00:00+00:00,16.84236135
2025-11-04 03:00:00+00:00,16.91464744
2025-11-04 04:00:00+00:00,16.77026605
2025-11-04 05:00:00+00:00,15.99308764
2025-11-04 06:00:00+00:00,16.33529387
2025-11-04 07:00:00+00:00,16.16004461
2025-11-04 08:00:00+00:00,16.40740878
2025-11-04 09:00:00+00:00,16.62806274
2025-11-04 10:00:00+00:00,16.6392382
2025-11-04 11:00:00+00:00,16.72636471
2025-11-04 12:00:00+00:00,16.54189183
2025-11-04 13:00:00+00:00,16.4288825
2025-11-04 14:00:00+00:00,16.7499086
2025-11-04 15:00:00+00:00,16.4216559
2025-11-04 16:00:00+00:00,15.97764745
2025-11-04 17:00:00+00:00,15.89946172
2025-11-04 18:00:00+00:00,15.8603034
2025-11-04 19:00:00+00:00,15.59129896
2025-11-04 20:00:00+00:00,15.65266283
2025-11-04 21:00:00+00:00,15.6666648
2025-11-04 22:00:00+00:00,16.11284027
2025-11-04 23:00:00+00:00,15.98542465
2025-11-05 00:00:00+00:00,15.84054545
2025-11-05 01:00:00+00:00,15.77525734
2025-11-05 02:00:00+00:00,16.34698365
2025-11-05 03:00:00+00:00,16.43623236
2025-11-05 04:00:00+00:00,16.46826736
2025-11-05 05:00:00+00:00,16.5261497
2025-11-05 06:00:00+00:00,16.52693732
2025-11-05 07:00:00+00:00,16.54637938
2025-11-05 08:00:00+00:00,16.35907446
2025-11-05 09:00:00+00:00,16.43177374
2025-11-05 10:00:00+00:00,16.24078433
2025-11-05 11:00:00+00:00,16.56153747
2025-11-05 12:00:00+00:00,16.68875243
2025-11-05 13:00:00+00:00,16.72195051
2025-11-05 14:00:00+00:00,16.65538348
2025-11-05 15:00:00+00:00,16.7614482
2025-11-05 16:00:00+00:00,16.88061646
2025-11-05 17:00:00+00:00,16.92186014
2025-11-05 18:00:00+00:00,16.93354978
2025-11-05 19:00:00+00:00,16.77883718
2025-11-05 20:00:00+00:00,16.68683598
2025-11-05 21:00:00+00:00,16.63150516
2025-11-05 22:00:00+00:00,16.70275959
2025-11-05 23:00:00+00:00,16.609148
2025-11-06 00:00:00+00:00,16.6191918
2025-11-06 01:00:00+00:00,16.54405032
2025-11-06 02:00:00+00:00,16.6185635
2025-11-06 03:00:00+00:00,16.64194354
2025-11-06 04:00:00+00:00,16.67941214
2025-11-06 05:00:00+00:00,16.34784554
2025-11-06 06:00:00+00:00,16.31079846
2025-11-06 07:00:00+00:00,16.29084162
2025-11-06 08:00:00+00:00,16.27578784
2025-11-06 09:00:00+00:00,16.28174982
2025-11-06 10:00:00+00:00,16.37034381
2025-11-06 11:00:00+00:00,16.28904414
2025-11-06 12:00:00+00:00,16.11692322
2025-11-06 13:00:00+00:00,16.33427742
2025-11-06 14:00:00+00:00,16.04905095
2025-11-06 15:00:00+00:00,15.84922706
2025-11-06 16:00:00+00:00,15.80279579
2025-11-06 17:00:00+00:00,15.96748847
2025-11-06 18:00:00+00:00,16.07683442
2025-11-06 19:00:00+00:00,16.12167308
2025-11-06 20:00:00+00:00,16.0338535
2025-11-06 21:00:00+00:00,16.15503428
2025-11-06 22:00:00+00:00,16.14057868
2025-11-06 23:00:00+00:00,16.12819884
2025-11-07 00:00:00+00:00,16.28471798
2025-11-07 01:00:00+00:00,16.2815169
2025-11-07 02:00:00+00:00,16.40850339
2025-11-07 03:00:00+00:00,16.45759248
2025-11-07 04:00:00+00:00,16.45322571
2025-11-07 05:00:00+00:00,16.66942063
2025-11-07 06:00:00+00:00,16.67350485
2025-11-07 07:00:00+00:00,16.92245581
2025-11-07 08:00:00+00:00,16.87045148
2025-11-07 09:00:00+00:00,16.72603603
2025-11-07 10:00:00+00:00,16.60357614
2025-11-07 11:00:00+00:00,16.46429883
2025-11-07 12:00:00+00:00,16.21380385
2025-11-07 13:00:00+00:00,16.39090883
2025-11-07 14:00:00+00:00,16.63722445
2025-11-07 15:00:00+00:00,16.81711378
2025-11-07 16:00:00+00:00,17.31947116
2025-11-07 17:00:00+00:00,17.73766627
2025-11-07 18:00:00+00:00,17.7409919
2025-11-07 19:00:00+00:00,17.82855722
2025-11-07 20:00:00+00:00,17.78982377
2025-11-07 21:00:00+00:00,17.9911428
2025-11-07 22:00:00+00:00,18.00958466
2025-11-07 23:00:00+00:00,17.7428584
2025-11-08 00:00:00+00:00,17.67960277
2025-11-08 01:00:00+00:00,18.00175314
2025-11-08 02:00:00+00:00,18.08891405
2025-11-08 03:00:00+00:00,17.84039425
2025-11-08 04:00:00+00:00,17.92270414
2025-11-08 05:00:00+00:00,17.76516917
2025-11-08 06:00:00+00:00,17.69333617
2025-11-08 07:00:00+00:00,17.86646013
2025-11-08 08:00:00+00:00,17.96557741
2025-11-08 09:00:00+00:00,17.7047783
2025-11-08 10:00:00+00:00,17.8680579
2025-11-08 11:00:00+00:00,17.79255595
2025-11-08 12:00:00+00:00,17.67731732
2025-11-08 13:00:00+00:00,17.37627562
2025-11-08 14:00:00+00:00,17.40382231
2025-11-08 15:00:00+00:00,17.14086305
2025-11-08 16:00:00+00:00,17.12242252
2025-11-08 17:00:00+00:00,17.25018256
2025-11-08 18:00:00+00:00,17.3335487
2025-11-08 19:00:00+00:00,17.28824853
2025-11-08 20:00:00+00:00,17.36638133
2025-11-08 21:00:00+00:00,17.36704167
2025-11-08 22:00:00+00:00,17.44438804
2025-11-08 23:00:00+00:00,17.49799158
2025-11-09 00:00:00+00:00,17.27292035
2025-11-09 01:00:00+00:00,17.25194761
2025-11-09 02:00:00+00:00,16.91213141
2025-11-09 03:00:00+00:00,16.88960174
2025-11-09 04:00:00+00:00,16.97760508
2025-11-09 05:00:00+00:00,17.02566845
2025-11-09 06:00:00+00:00,17.00724614
2025-11-09 07:00:00+00:00,17.13113609
2025-11-09 08:00:00+00:00,17.04883455
2025-11-09 09:00:00+00:00,16.9782804
2025-11-09 10:00:00+00:00,17.17947008
2025-11-09 11:00:00+00:00,17.27693921
2025-11-09 12:00:00+00:00,17.33798094
2025-11-09 13:00:00+00:00,17.47736064
2025-11-09 14:00:00+00:00,17.60152476
2025-11-09 15:00:00+00:00,17.69293465
2025-11-09 16:00:00+00:00,17.78313017
2025-11-09 17:00:00+00:00,17.56298859
2025-11-09 18:00:00+00:00,17.72912037
2025-11-09 19:00:00+00:00,17.8903544
2025-11-09 20:00:00+00:00,17.7798352
2025-11-09 21:00:00+00:00,17.74606703
2025-11-09 22:00:00+00:00,17.7464331
2025-11-09 23:00:00+00:00,17.77381125
2025-11-10 00:00:00+00:00,18.01952863
2025-11-10 01:00:00+00:00,17.91172967
2025-11-10 02:00:00+00:00,18.00013903
2025-11-10 03:00:00+00:00,17.99020251
2025-11-10 04:00:00+00:00,18.01164177
2025-11-10 05:00:00+00:00,17.99566825
2025-11-10 06:00:00+00:00,18.02370633
2025-11-10 07:00:00+00:00,18.0001046
2025-11-10 08:00:00+00:00,17.90565646
2025-11-10 09:00:00+00:00,18.25032905
2025-11-10 10:00:00+00:00,18.08546796
2025-11-10 11:00:00+00:00,18.09308954
2025-11-10 12:00:00+00:00,18.13584558
2025-11-10 13:00:00+00:00,18.2531411
2025-11-10 14:00:00+00:00,17.9198604
2025-11-10 15:00:00+00:00,17.93204083
2025-11-10 16:00:00+00:00,17.79747982
2025-11-10 17:00:00+00:00,18.05927715
2025-11-10 18:00:00+00:00,17.92330815
2025-11-10 19:00:00+00:00,18.00437598
2025-11-10 20:00:00+00:00,18.11046192
2025-11-10 21:00:00+00:00,17.93364168
2025-11-10 22:00:00+00:00,18.33058574
2025-11-10 23:00:00+00:00,18.17376547
2025-11-11 00:00:00+00:00,18.14076254
2025-11-11 01:00:00+00:00,18.08802499
2025-11-11 02:00:00+00:00,18.37235354
2025-11-11 03:00:00+00:00,18.35562652
2025-11-11 04:00:00+00:00,17.9948196
2025-11-11 05:00:00+00:00,17.81007722
2025-11-11 06:00:00+00:00,17.77400907
2025-11-11 07:00:00+00:00,17.56073116
2025-11-11 08:00:00+00:00,17.65096619
2025-11-11 09:00:00+00:00,17.66217369
2025-11-11 10:00:00+00:00,17.76064706
2025-11-11 11:00:00+00:00,17.79808159
2025-11-11 12:00:00+00:00,17.74139533
2025-11-11 13:00:00+00:00,17.72183592
2025-11-11 14:00:00+00:00,17.85672475
2025-11-11 15:00:00+00:00,17.63205278
2025-11-11 16:00:00+00:00,17.60989327
2025-11-11 17:00:00+00:00,17.5309781
2025-11-11 18:00:00+00:00,17.4097526
2025-11-11 19:00:00+00:00,17.26542323
2025-11-11 20:00:00+00:00,17.13849682
2025-11-11 21:00:00+00:00,17.05976777
2025-11-11 22:00:00+00:00,17.17987381
2025-11-11 23:00:00+00:00,17.00162855
2025-11-12 00:00:00+00:00,16.94745631
2025-11-12 01:00:00+00:00,17.11714423
2025-11-12 02:00:00+00:00,17.05559066
2025-11-12 03:00:00+00:00,17.12039753
2025-11-12 04:00:00+00:00,17.13725007
2025-11-12 05:00:00+00:00,17.26362089
2025-11-12 06:00:00+00:00,17.28395041
2025-11-12 07:00:00+00:00,17.14303528
2025-11-12 08:00:00+00:00,17.40661185
2025-11-12 09:00:00+00:00,17.51993133
2025-11-12 10:00:00+00:00,17.59622079
2025-11-12 11:00:00+00:00,17.5533505
2025-11-12 12:00:00+00:00,17.59684666
2025-11-12 13:00:00+00:00,17.71683781
2025-11-12 14:00:00+00:00,17.3869158
2025-11-12 15:00:00+00:00,17.0325762
2025-11-12 16:00:00+00:00,16.78898554
2025-11-12 17:00:00+00:00,16.84886958
2025-11-12 18:00:00+00:00,16.85281367
2025-11-12 19:00:00+00:00,16.79796555
2025-11-12 20:00:00+00:00,16.8703745
2025-11-12 21:00:00+00:00,16.92707157
2025-11-12 22:00:00+00:00,16.95595247
2025-11-12 23:00:00+00:00,16.81851819
2025-11-13 00:00:00+00:00,16.86694354
2025-11-13 01:00:00+00:00,17.02760099
2025-11-13 02:00:00+00:00,17.08053329
2025-11-13 03:00:00+00:00,17.44732131
2025-11-13 04:00:00+00:00,17.41389189
2025-11-13 05:00:00+00:00,17.58330435
2025-11-13 06:00:00+00:00,17.58543665
2025-11-13 07:00:00+00:00,17.39178955
2025-11-13 08:00:00+00:00,17.42187288
2025-11-13 09:00:00+00:00,17.25058383
2025-11-13 10:00:00+00:00,17.24324536
2025-11-13 11:00:00+00:00,17.2699907
2025-11-13 12:00:00+00:00,17.3900341
2025-11-13 13:00:00+00:00,17.17277478
2025-11-13 14:00:00+00:00,17.24673542
2025-11-13 15:00:00+00:00,16.95854872
2025-11-13 16:00:00+00:00,16.71900235
2025-11-13 17:00:00+00:00,16.38240177
2025-11-13 18:00:00+00:00,16.19058836
2025-11-13 19:00:00+00:00,15.98130073
2025-11-13 20:00:00+00:00,15.87947282
2025-11-13 21:00:00+00:00,15.90990391
2025-11-13 22:00:00+00:00,16.11760175
2025-11-13 23:00:00+00:00,16.10027949
2025-11-14 00:00:00+00:00,15.93823361
2025-11-14 01:00:00+00:00,15.95186461
2025-11-14 02:00:00+00:00,16.01281601
2025-11-14 03:00:00+00:00,15.92796262
2025-11-14 04:00:00+00:00,15.7078666
2025-11-14 05:00:00+00:00,15.87362416
2025-11-14 06:00:00+00:00,16.0468492
2025-11-14 07:00:00+00:00,15.92347498
2025-11-14 08:00:00+00:00,15.78074468
2025-11-14 09:00:00+00:00,15.52795045
2025-11-14 10:00:00+00:00,15.55453751
2025-11-14 11:00:00+00:00,15.39131365
2025-11-14 12:00:00+00:00,15.42782079
2025-11-14 13:00:00+00:00,15.33204725
2025-11-14 14:00:00+00:00,15.41736557
2025-11-14 15:00:00+00:00,15.51301323
2025-11-14 16:00:00+00:00,15.66303752
2025-11-14 17:00:00+00:00,15.38982324
2025-11-14 18:00:00+00:00,15.40604046
2025-11-14 19:00:00+00:00,15.6583178
2025-11-14 20:00:00+00:00,15.24884798
2025-11-14 21:00:00+00:00,15.34772651
2025-11-14 22:00:00+00:00,15.27972804
2025-11-14 23:00:00+00:00,15.1287395
2025-11-15 00:00:00+00:00,15.33915966
2025-11-15 01:00:00+00:00,15.47192055
2025-11-15 02:00:00+00:00,15.59359602
2025-11-15 03:00:00+00:00,15.59798503
2025-11-15 04:00:00+00:00,15.54706989
2025-11-15 05:00:00+00:00,15.65300682
2025-11-15 06:00:00+00:00,15.64119633
2025-11-15 07:00:00+00:00,15.63054087
2025-11-15 08:00:00+00:00,15.38464477
2025-11-15 09:00:00+00:00,15.41037259
2025-11-15 10:00:00+00:00,15.50369748
2025-11-15 11:00:00+00:00,15.45720244
2025-11-15 12:00:00+00:00,15.59357219
2025-11-15 13:00:00+00:00,15.59777627
2025-11-15 14:00:00+00:00,15.6036506
2025-11-15 15:00:00+00:00,15.61755888
2025-11-15 16:00:00+00:00,15.58695493
2025-11-15 17:00:00+00:00,15.74703512
2025-11-15 18:00:00+00:00,15.68303743
2025-11-15 19:00:00+00:00,15.69038257
2025-11-15 20:00:00+00:00,15.55093154
2025-11-15 21:00:00+00:00,15.48831156
2025-11-15 22:00:00+00:00,15.60171526
2025-11-15 23:00:00+00:00,15.52980779
2025-11-16 00:00:00+00:00,15.47104632
2025-11-16 01:00:00+00:00,15.44045484
2025-11-16 02:00:00+00:00,15.66053768
2025-11-16 03:00:00+00:00,15.6943256
2025-11-16 04:00:00+00:00,15.64008805
2025-11-16 05:00:00+00:00,15.65969271
2025-11-16 06:00:00+00:00,15.61920903
2025-11-16 07:00:00+00:00,15.74473313
2025-11-16 08:00:00+00:00,15.68706273
2025-11-16 09:00:00+00:00,15.83804967
2025-11-16 10:00:00+00:00,15.80020123
2025-11-16 11:00:00+00:00,15.44731655
2025-11-16 12:00:00+00:00,15.49717191
2025-11-16 13:00:00+00:00,15.29544667
2025-11-16 14:00:00+00:00,15.44032544
2025-11-16 15:00:00+00:00,15.08489534
2025-11-16 16:00:00+00:00,14.88084232
2025-11-16 17:00:00+00:00,14.78037921
2025-11-16 18:00:00+00:00,14.8027735
2025-11-16 19:00:00+00:00,14.93939649
2025-11-16 20:00:00+00:00,14.91856459
2025-11-16 21:00:00+00:00,14.88945719
2025-11-16 22:00:00+00:00,15.00847678
2025-11-16 23:00:00+00:00,15.1462748
2025-11-17 00:00:00+00:00,15.25621542
2025-11-17 01:00:00+00:00,15.1112717
2025-11-17 02:00:00+00:00,15.49210794
2025-11-17 03:00:00+00:00,15.54142045
2025-11-17 04:00:00+00:00,15.56343086
2025-11-17 05:00:00+00:00,15.589711
2025-11-17 06:00:00+00:00,15.73782663
2025-11-17 07:00:00+00:00,15.63123519
2025-11-17 08:00:00+00:00,15.63713129
2025-11-17 09:00:00+00:00,15.65768739
2025-11-17 10:00:00+00:00,15.65256826
2025-11-17 11:00:00+00:00,15.61412561
2025-11-17 12:00:00+00:00,15.63833765
2025-11-17 13:00:00+00:00,15.19643093
2025-11-17 14:00:00+00:00,15.53297947
2025-11-17 15:00:00+00:00,15.24739187
2025-11-17 16:00:00+00:00,15.31933691
2025-11-17 17:00:00+00:00,14.75036244
2025-11-17 18:00:00+00:00,14.59016366
2025-11-17 19:00:00+00:00,14.37625161
2025-11-17 20:00:00+00:00,14.37941518
2025-11-17 21:00:00+00:00,14.44787042
2025-11-17 22:00:00+00:00,14.55423094
2025-11-17 23:00:00+00:00,14.52998676
2025-11-18 00:00:00+00:00,14.44917553
2025-11-18 01:00:00+00:00,14.17665417
2025-11-18 02:00:00+00:00,14.14709674
2025-11-18 03:00:00+00:00,14.49181597
2025-11-18 04:00:00+00:00,14.61476649
2025-11-18 05:00:00+00:00,14.51499057
2025-11-18 06:00:00+00:00,14.39166513
2025-11-18 07:00:00+00:00,14.53728546
2025-11-18 08:00:00+00:00,14.63371278
2025-11-18 09:00:00+00:00,14.63370306
2025-11-18 10:00:00+00:00,14.62713958
2025-11-18 11:00:00+00:00,14.58447946
2025-11-18 12:00:00+00:00,14.61819576
2025-11-18 13:00:00+00:00,14.53030207
2025-11-18 14:00:00+00:00,14.44516173
2025-11-18 15:00:00+00:00,14.73247162
2025-11-18 16:00:00+00:00,14.82935415
2025-11-18 17:00:00+00:00,14.71824832
2025-11-18 18:00:00+00:00,14.79745921
2025-11-18 19:00:00+00:00,14.73413208
2025-11-18 20:00:00+00:00,14.70194246
2025-11-18 21:00:00+00:00,14.50284808
2025-11-18 22:00:00+00:00,14.66902455
2025-11-18 23:00:00+00:00,14.58431439
2025-11-19 00:00:00+00:00,14.57405029
2025-11-19 01:00:00+00:00,14.54405614
2025-11-19 02:00:00+00:00,14.64085245
2025-11-19 03:00:00+00:00,14.43212928
2025-11-19 04:00:00+00:00,14.33284399
2025-11-19 05:00:00+00:00,14.03780208
2025-11-19 06:00:00+00:00,14.19558822
2025-11-19 07:00:00+00:00,14.35936712
2025-11-19 08:00:00+00:00,14.38525565
2025-11-19 09:00:00+00:00,14.33418482
2025-11-19 10:00:00+00:00,14.44448154
2025-11-19 11:00:00+00:00,14.44742933
2025-11-19 12:00:00+00:00,14.56358983
2025-11-19 13:00:00+00:00,14.30144022
2025-11-19 14:00:00+00:00,14.29215124
2025-11-19 15:00:00+00:00,14.06374848
2025-11-19 16:00:00+00:00,13.9154033
2025-11-19 17:00:00+00:00,13.94020483
2025-11-19 18:00:00+00:00,13.84838364
2025-11-19 19:00:00+00:00,13.77842768
2025-11-19 20:00:00+00:00,14.04579224
2025-11-19 21:00:00+00:00,14.26171778
2025-11-19 22:00:00+00:00,14.22791908
2025-11-19 23:00:00+00:00,14.28179093
2025-11-20 00:00:00+00:00,14.25763947
2025-11-20 01:00:00+00:00,14.33164236
2025-11-20 02:00:00+00:00,14.35747609
2025-11-20 03:00:00+00:00,14.34066423
2025-11-20 04:00:00+00:00,14.42669806
2025-11-20 05:00:00+00:00,14.29882162
2025-11-20 06:00:00+00:00,14.27290768
2025-11-20 07:00:00+00:00,14.36624571
2025-11-20 08:00:00+00:00,14.34467807
2025-11-20 09:00:00+00:00,14.2694308
2025-11-20 10:00:00+00:00,14.289428
2025-11-20 11:00:00+00:00,14.40598544
2025-11-20 12:00:00+00:00,14.43201701
2025-11-20 13:00:00+00:00,14.39318251
2025-11-20 14:00:00+00:00,14.43817507
2025-11-20 15:00:00+00:00,14.22982949
2025-11-20 16:00:00+00:00,13.70399436
2025-11-20 17:00:00+00:00,13.74966781
2025-11-20 18:00:00+00:00,13.61919186
2025-11-20 19:00:00+00:00,13.76942111
2025-11-20 20:00:00+00:00,13.78655109
2025-11-20 21:00:00+00:00,13.88962905
2025-11-20 22:00:00+00:00,13.94359887
2025-11-20 23:00:00+00:00,13.80934122
2025-11-21 00:00:00+00:00,13.93121951
2025-11-21 01:00:00+00:00,13.9470859
2025-11-21 02:00:00+00:00,13.72463985
2025-11-21 03:00:00+00:00,13.77710545
2025-11-21 04:00:00+00:00,13.72112935
2025-11-21 05:00:00+00:00,13.67897944
2025-11-21 06:00:00+00:00,13.69556886
2025-11-21 07:00:00+00:00,13.18617568
2025-11-21 08:00:00+00:00,13.3301632
2025-11-21 09:00:00+00:00,13.00264126
2025-11-21 10:00:00+00:00,12.99184714
2025-11-21 11:00:00+00:00,12.92687044
2025-11-21 12:00:00+00:00,13.12299007
2025-11-21 13:00:00+00:00,13.14164541
2025-11-21 14:00:00+00:00,13.22229365
2025-11-21 15:00:00+00:00,12.99954635
2025-11-21 16:00:00+00:00,13.30051602
2025-11-21 17:00:00+00:00,13.31282006
2025-11-21 18:00:00+00:00,13.32027211
2025-11-21 19:00:00+00:00,13.28822688
2025-11-21 20:00:00+00:00,13.28037489
2025-11-21 21:00:00+00:00,13.32639608
2025-11-21 22:00:00+00:00,13.22034752
2025-11-21 23:00:00+00:00,13.28414769
2025-11-22 00:00:00+00:00,13.28449072
2025-11-22 01:00:00+00:00,13.29947892
2025-11-22 02:00:00+00:00,13.28778741
2025-11-22 03:00:00+00:00,13.28128116
2025-11-22 04:00:00+00:00,13.2871141
2025-11-22 05:00:00+00:00,13.26618109
2025-11-22 06:00:00+00:00,13.31242473
2025-11-22 07:00:00+00:00,13.28971685
2025-11-22 08:00:00+00:00,13.2729112
2025-11-22 09:00:00+00:00,13.26628279
2025-11-22 10:00:00+00:00,13.272394
2025-11-22 11:00:00+00:00,13.27197728
2025-11-22 12:00:00+00:00,13.16452362
2025-11-22 13:00:00+00:00,13.11444671
2025-11-22 14:00:00+00:00,13.24030582
2025-11-22 15:00:00+00:00,13.18819166
2025-11-22 16:00:00+00:00,13.25367458
2025-11-22 17:00:00+00:00,13.247576
2025-11-22 18:00:00+00:00,13.24686968
2025-11-22 19:00:00+00:00,13.23406077
2025-11-22 20:00:00+00:00,13.23275979
2025-11-22 21:00:00+00:00,13.25240072
2025-11-22 22:00:00+00:00,13.31396595
2025-11-22 23:00:00+00:00,13.23394104
2025-11-23 00:00:00+00:00,13.23779761
2025-11-23 01:00:00+00:00,13.29175935
2025-11-23 02:00:00+00:00,13.34583968
2025-11-23 03:00:00+00:00,13.34900851
2025-11-23 04:00:00+00:00,13.3614583
2025-11-23 05:00:00+00:00,13.3675794
2025-11-23 06:00:00+00:00,13.33632074
2025-11-23 07:00:00+00:00,13.29137919
2025-11-23 08:00:00+00:00,13.33278045
2025-11-23 09:00:00+00:00,13.32849678
2025-11-23 10:00:00+00:00,13.29362132
2025-11-23 11:00:00+00:00,13.2971282
2025-11-23 12:00:00+00:00,13.32764461
2025-11-23 13:00:00+00:00,13.36162962
2025-11-23 14:00:00+00:00,13.29026011
2025-11-23 15:00:00+00:00,13.41315053
2025-11-23 16:00:00+00:00,13.32186742
2025-11-23 17:00:00+00:00,13.29410672
2025-11-23 18:00:00+00:00,13.34617086
2025-11-23 19:00:00+00:00,13.37839307
2025-11-23 20:00:00+00:00,13.38967651
2025-11-23 21:00:00+00:00,13.45767497
2025-11-23 22:00:00+00:00,13.40546457
2025-11-23 23:00:00+00:00,13.27220222
2025-11-24 00:00:00+00:00,13.22253018
2025-11-24 01:00:00+00:00,13.29594842
2025-11-24 02:00:00+00:00,13.40162081
2025-11-24 03:00:00+00:00,13.45793571
2025-11-24 04:00:00+00:00,13.33788689
2025-11-24 05:00:00+00:00,13.50326525
2025-11-24 06:00:00+00:00,13.48978569
2025-11-24 07:00:00+00:00,13.44748428
2025-11-24 08:00:00+00:00,13.44352237
2025-11-24 09:00:00+00:00,13.31242072
2025-11-24 10:00:00+00:00,13.32130431
2025-11-24 11:00:00+00:00,13.39351541
2025-11-24 12:00:00+00:00,13.32138223
2025-11-24 13:00:00+00:00,13.39052655
2025-11-24 14:00:00+00:00,13.42577093
2025-11-24 15:00:00+00:00,13.50688156
2025-11-24 16:00:00+00:00,13.58978076
2025-11-24 17:00:00+00:00,13.89532789
2025-11-24 18:00:00+00:00,13.93083099
2025-11-24 19:00:00+00:00,13.91795475
2025-11-24 20:00:00+00:00,14.00195932
2025-11-24 21:00:00+00:00,13.91194662
2025-11-24 22:00:00+00:00,13.91929727
2025-11-24 23:00:00+00:00,13.89219928
2025-11-25 00:00:00+00:00,13.9031117
2025-11-25 01:00:00+00:00,13.87162053
2025-11-25 02:00:00+00:00,13.93140866
2025-11-25 03:00:00+00:00,13.90081424
2025-11-25 04:00:00+00:00,13.92816197
2025-11-25 05:00:00+00:00,13.91737726
2025-11-25 06:00:00+00:00,13.93250513
2025-11-25 07:00:00+00:00,13.88188759
2025-11-25 08:00:00+00:00,13.87010167
2025-11-25 09:00:00+00:00,13.93011247
2025-11-25 10:00:00+00:00,13.92255358
2025-11-25 11:00:00+00:00,13.90092801
2025-11-25 12:00:00+00:00,13.92843182
2025-11-25 13:00:00+00:00,13.89195117
2025-11-25 14:00:00+00:00,13.82042724
2025-11-25 15:00:00+00:00,13.91275959
2025-11-25 16:00:00+00:00,13.9457833
2025-11-25 17:00:00+00:00,13.92792638
2025-11-25 18:00:00+00:00,13.93300571
2025-11-25 19:00:00+00:00,13.99173214
2025-11-25 20:00:00+00:00,14.08360924
2025-11-25 21:00:00+00:00,14.04015952
2025-11-25 22:00:00+00:00,14.13012288
2025-11-25 23:00:00+00:00,14.17904003
2025-11-26 00:00:00+00:00,14.30175885
2025-11-26 01:00:00+00:00,14.22227807
2025-11-26 02:00:00+00:00,14.13371094
2025-11-26 03:00:00+00:00,14.03764187
2025-11-26 04:00:00+00:00,14.00879116
2025-11-26 05:00:00+00:00,14.02670494
2025-11-26 06:00:00+00:00,14.06651467
2025-11-26 07:00:00+00:00,14.09007994
2025-11-26 08:00:00+00:00,14.00738606
2025-11-26 09:00:00+00:00,14.00213619
2025-11-26 10:00:00+00:00,14.02836047
2025-11-26 11:00:00+00:00,14.00655365
2025-11-26 12:00:00+00:00,13.93737515
2025-11-26 13:00:00+00:00,13.97768157
2025-11-26 14:00:00+00:00,13.93877795
2025-11-26 15:00:00+00:00,13.97696285
2025-11-26 16:00:00+00:00,14.1029994
2025-11-26 17:00:00+00:00,14.39456775
2025-11-26 18:00:00+00:00,14.58589993
2025-11-26 19:00:00+00:00,14.54730793
2025-11-26 20:00:00+00:00,14.66064584
2025-11-26 21:00:00+00:00,14.66666275
2025-11-26 22:00:00+00:00,14.70802027
2025-11-26 23:00:00+00:00,14.95045698
2025-11-27 00:00:00+00:00,14.94111625
2025-11-27 01:00:00+00:00,14.97985989
2025-11-27 02:00:00+00:00,14.92240214
2025-11-27 03:00:00+00:00,14.92664644
2025-11-27 04:00:00+00:00,14.91731068
2025-11-27 05:00:00+00:00,14.93062264
2025-11-27 06:00:00+00:00,14.92901753
2025-11-27 07:00:00+00:00,14.95234403
2025-11-27 08:00:00+00:00,14.95246832
2025-11-27 09:00:00+00:00,14.92424903
2025-11-27 10:00:00+00:00,14.95848802
2025-11-27 11:00:00+00:00,14.93668899
2025-11-27 12:00:00+00:00,14.93834473
2025-11-27 13:00:00+00:00,14.95959353
2025-11-27 14:00:00+00:00,14.94372155
2025-11-27 15:00:00+00:00,14.96523061
2025-11-27 16:00:00+00:00,15.1177618
2025-11-27 17:00:00+00:00,15.1165775
2025-11-27 18:00:00+00:00,15.15589948
2025-11-27 19:00:00+00:00,15.03643502
2025-11-27 20:00:00+00:00,15.03792127
2025-11-27 21:00:00+00:00,15.04641852
2025-11-27 22:00:00+00:00,15.03570533
2025-11-27 23:00:00+00:00,15.02089119
2025-11-28 00:00:00+00:00,15.03809726
2025-11-28 01:00:00+00:00,15.01401602
2025-11-28 02:00:00+00:00,15.04710306
2025-11-28 03:00:00+00:00,15.04890099
2025-11-28 04:00:00+00:00,15.01304432
2025-11-28 05:00:00+00:00,15.04698538
2025-11-28 06:00:00+00:00,15.04256154
2025-11-28 07:00:00+00:00,15.01019749
2025-11-28 08:00:00+00:00,15.07816025
2025-11-28 09:00:00+00:00,15.04076208
2025-11-28 10:00:00+00:00,15.04690577
2025-11-28 11:00:00+00:00,15.0221359
2025-11-28 12:00:00+00:00,15.0123885
2025-11-28 13:00:00+00:00,15.07717517
2025-11-28 14:00:00+00:00,15.11394511
2025-11-28 15:00:00+00:00,15.0903855
2025-11-28 16:00:00+00:00,14.84249397
2025-11-28 17:00:00+00:00,14.8435523
2025-11-28 18:00:00+00:00,14.86481423
2025-11-28 19:00:00+00:00,14.88650648
2025-11-28 20:00:00+00:00,14.87079563
2025-11-28 21:00:00+00:00,14.83814467
2025-11-28 22:00:00+00:00,14.85316863
2025-11-28 23:00:00+00:00,14.84271037
2025-11-29 00:00:00+00:00,14.87793858
2025-11-29 01:00:00+00:00,14.8514651
2025-11-29 02:00:00+00:00,14.87149553
2025-11-29 03:00:00+00:00,14.85349405
2025-11-29 04:00:00+00:00,14.89475936
2025-11-29 05:00:00+00:00,14.85647958
2025-11-29 06:00:00+00:00,14.79024024
2025-11-29 07:00:00+00:00,14.67991423
2025-11-29 08:00:00+00:00,14.7213161
2025-11-29 09:00:00+00:00,14.76780236
2025-11-29 10:00:00+00:00,14.84408649
2025-11-29 11:00:00+00:00,14.87301374
2025-11-29 12:00:00+00:00,14.85139615
2025-11-29 13:00:00+00:00,14.84358879
2025-11-29 14:00:00+00:00,14.74944091
2025-11-29 15:00:00+00:00,14.85657388
2025-11-29 16:00:00+00:00,14.81318022
2025-11-29 17:00:00+00:00,14.68772736
2025-11-29 18:00:00+00:00,14.52143385
2025-11-29 19:00:00+00:00,14.44968527
2025-11-29 20:00:00+00:00,14.36400523
2025-11-29 21:00:00+00:00,14.35403462
2025-11-29 22:00:00+00:00,14.38001704
2025-11-29 23:00:00+00:00,14.25048787
2025-11-30 00:00:00+00:00,14.21921667
2025-11-30 01:00:00+00:00,14.28814351
2025-11-30 02:00:00+00:00,14.2428596
2025-11-30 03:00:00+00:00,14.20581225
2025-11-30 04:00:00+00:00,14.16017124
2025-11-30 05:00:00+00:00,14.0388623
2025-11-30 06:00:00+00:00,14.0912297
2025-11-30 07:00:00+00:00,14.14122102
2025-11-30 08:00:00+00:00,14.17356596
2025-11-30 09:00:00+00:00,14.15163942
2025-11-30 10:00:00+00:00,14.09074628
2025-11-30 11:00:00+00:00,14.0661704
2025-11-30 12:00:00+00:00,14.18794481
2025-11-30 13:00:00+00:00,14.2716706
2025-11-30 14:00:00+00:00,14.15561048
2025-11-30 15:00:00+00:00,14.16839416
2025-11-30 16:00:00+00:00,14.26752763
2025-11-30 17:00:00+00:00,14.22003461
2025-11-30 18:00:00+00:00,13.96479972
2025-11-30 19:00:00+00:00,14.00196782
2025-11-30 20:00:00+00:00,13.97709765
2025-11-30 21:00:00+00:00,13.83160644
2025-11-30 22:00:00+00:00,13.92927578
2025-11-30 23:00:00+00:00,13.70551566
2025-12-01 00:00:00+00:00,13.11698178
2025-12-01 01:00:00+00:00,13.1112946
2025-12-01 02:00:00+00:00,13.14064191
2025-12-01 03:00:00+00:00,12.96014272
2025-12-01 04:00:00+00:00,12.92909278
2025-12-01 05:00:00+00:00,12.91677766
2025-12-01 06:00:00+00:00,12.95271016
2025-12-01 07:00:00+00:00,13.0748815
2025-12-01 08:00:00+00:00,13.06676102
2025-12-01 09:00:00+00:00,13.00935358
2025-12-01 10:00:00+00:00,12.98192341
2025-12-01 11:00:00+00:00,12.94936583
2025-12-01 12:00:00+00:00,12.91349846
2025-12-01 13:00:00+00:00,12.8268264
2025-12-01 14:00:00+00:00,12.87797806
2025-12-01 15:00:00+00:00,12.69911645
2025-12-01 16:00:00+00:00,12.61872391
2025-12-01 17:00:00+00:00,12.68873728
2025-12-01 18:00:00+00:00,12.71352841
2025-12-01 19:00:00+00:00,12.61990828
2025-12-01 20:00:00+00:00,12.6496952
2025-12-01 21:00:00+00:00,12.79855794
2025-12-01 22:00:00+00:00,12.79198651
2025-12-01 23:00:00+00:00,12.75737167
2025-12-02 00:00:00+00:00,12.79050893
2025-12-02 01:00:00+00:00,12.84644376
2025-12-02 02:00:00+00:00,12.92347253
2025-12-02 03:00:00+00:00,12.94862062
2025-12-02 04:00:00+00:00,12.90698417
2025-12-02 05:00:00+00:00,12.93715396
2025-12-02 06:00:00+00:00,13.0017239
2025-12-02 07:00:00+00:00,13.02754705
2025-12-02 08:00:00+00:00,12.93968456
2025-12-02 09:00:00+00:00,12.97069013
2025-12-02 10:00:00+00:00,13.10058858
2025-12-02 11:00:00+00:00,12.90619456
2025-12-02 12:00:00+00:00,12.90861447
2025-12-02 13:00:00+00:00,13.01430752
2025-12-02 14:00:00+00:00,13.25492898
2025-12-02 15:00:00+00:00,13.67335
2025-12-02 16:00:00+00:00,13.59197081
2025-12-02 17:00:00+00:00,13.58842967
2025-12-02 18:00:00+00:00,13.65810738
2025-12-02 19:00:00+00:00,13.64647824
2025-12-02 20:00:00+00:00,13.64954447
2025-12-02 21:00:00+00:00,13.6596507
2025-12-02 22:00:00+00:00,13.72896873
2025-12-02 23:00:00+00:00,13.62349298
2025-12-03 00:00:00+00:00,13.65734212
2025-12-03 01:00:00+00:00,13.70562668
2025-12-03 02:00:00+00:00,13.78991904
2025-12-03 03:00:00+00:00,13.81812858
2025-12-03 04:00:00+00:00,13.9177734
2025-12-03 05:00:00+00:00,14.05048254
2025-12-03 06:00:00+00:00,14.11122158
2025-12-03 07:00:00+00:00,14.13018513
2025-12-03 08:00:00+00:00,14.14837372
2025-12-03 09:00:00+00:00,14.08392122
2025-12-03 10:00:00+00:00,14.04077066
2025-12-03 11:00:00+00:00,14.06727986
2025-12-03 12:00:00+00:00,14.1088954
2025-12-03 13:00:00+00:00,14.18120121
2025-12-03 14:00:00+00:00,14.1115673
2025-12-03 15:00:00+00:00,14.16582941
2025-12-03 16:00:00+00:00,14.27228216
2025-12-03 17:00:00+00:00,14.38212554
2025-12-03 18:00:00+00:00,14.37201575
2025-12-03 19:00:00+00:00,14.49091112
2025-12-03 20:00:00+00:00,14.45113659
2025-12-03 21:00:00+00:00,14.90688499
2025-12-03 22:00:00+00:00,14.851401
2025-12-03 23:00:00+00:00,14.7812819
2025-12-04 00:00:00+00:00,14.81694374
2025-12-04 01:00:00+00:00,14.70775398
2025-12-04 02:00:00+00:00,14.74397602
2025-12-04 03:00:00+00:00,14.72292835
2025-12-04 04:00:00+00:00,14.73194912
2025-12-04 05:00:00+00:00,14.74806095
2025-12-04 06:00:00+00:00,14.71255396
2025-12-04 07:00:00+00:00,14.72161405
2025-12-04 08:00:00+00:00,14.72337828
2025-12-04 09:00:00+00:00,14.74152017
2025-12-04 10:00:00+00:00,14.73789178
2025-12-04 11:00:00+00:00,14.74197371
2025-12-04 12:00:00+00:00,14.73580188
2025-12-04 13:00:00+00:00,14.72068442
2025-12-04 14:00:00+00:00,14.67221625
2025-12-04 15:00:00+00:00,14.74503504
2025-12-04 16:00:00+00:00,14.72303385
2025-12-04 17:00:00+00:00,14.57198141
2025-12-04 18:00:00+00:00,14.4876869
2025-12-04 19:00:00+00:00,14.43099407
2025-12-04 20:00:00+00:00,14.4739411
2025-12-04 21:00:00+00:00,14.39124351
2025-12-04 22:00:00+00:00,14.44778453
2025-12-04 23:00:00+00:00,14.4057558
2025-12-05 00:00:00+00:00,14.45808738
2025-12-05 01:00:00+00:00,14.47237972
2025-12-05 02:00:00+00:00,14.48929378
2025-12-05 03:00:00+00:00,14.45054214
2025-12-05 04:00:00+00:00,14.41107143
2025-12-05 05:00:00+00:00,14.35366726
2025-12-05 06:00:00+00:00,14.37046157
2025-12-05 07:00:00+00:00,14.36230398
2025-12-05 08:00:00+00:00,14.20887325
2025-12-05 09:00:00+00:00,13.96235997
2025-12-05 10:00:00+00:00,13.96474958
2025-12-05 11:00:00+00:00,13.80929617
2025-12-05 12:00:00+00:00,13.74978481
2025-12-05 13:00:00+00:00,13.69253565
2025-12-05 14:00:00+00:00,13.62947899
2025-12-05 15:00:00+00:00,13.67768337
2025-12-05 16:00:00+00:00,13.44632554
2025-12-05 17:00:00+00:00,13.41945893
2025-12-05 18:00:00+00:00,13.26226977
2025-12-05 19:00:00+00:00,13.42077121
2025-12-05 20:00:00+00:00,13.3419564
2025-12-05 21:00:00+00:00,13.28427756
2025-12-05 22:00:00+00:00,13.24400767
2025-12-05 23:00:00+00:00,13.21089171
2025-12-06 00:00:00+00:00,13.26203872
2025-12-06 01:00:00+00:00,13.38692633
2025-12-06 02:00:00+00:00,13.30476811
2025-12-06 03:00:00+00:00,13.32101499
2025-12-06 04:00:00+00:00,13.29035802
2025-12-06 05:00:00+00:00,13.30824558
2025-12-06 06:00:00+00:00,13.24799531
2025-12-06 07:00:00+00:00,13.23279549
2025-12-06 08:00:00+00:00,13.17754202
2025-12-06 09:00:00+00:00,13.28013948
2025-12-06 10:00:00+00:00,13.2081544
2025-12-06 11:00:00+00:00,13.22713356
2025-12-06 12:00:00+00:00,13.19278906
2025-12-06 13:00:00+00:00,13.20663549
2025-12-06 14:00:00+00:00,13.30968463
2025-12-06 15:00:00+00:00,13.31877114
2025-12-06 16:00:00+00:00,13.362355
2025-12-06 17:00:00+00:00,13.37754473
2025-12-06 18:00:00+00:00,13.43355398
2025-12-06 19:00:00+00:00,13.30411513
2025-12-06 20:00:00+00:00,13.38597249
2025-12-06 21:00:00+00:00,13.42607109
2025-12-06 22:00:00+00:00,13.38547425
2025-12-06 23:00:00+00:00,13.40271571
2025-12-07 00:00:00+00:00,13.4748893
2025-12-07 01:00:00+00:00,13.45974526
2025-12-07 02:00:00+00:00,13.54896551
2025-12-07 03:00:00+00:00,13.49275059
2025-12-07 04:00:00+00:00,13.41220862
2025-12-07 05:00:00+00:00,13.46913191
2025-12-07 06:00:00+00:00,13.48826711
2025-12-07 07:00:00+00:00,13.39975348
2025-12-07 08:00:00+00:00,13.38836598
2025-12-07 09:00:00+00:00,13.33820902
2025-12-07 10:00:00+00:00,13.35582312
2025-12-07 11:00:00+00:00,13.34501319
2025-12-07 12:00:00+00:00,13.4258692
2025-12-07 13:00:00+00:00,13.3307826
2025-12-07 14:00:00+00:00,13.01890362
2025-12-07 15:00:00+00:00,13.42557182
2025-12-07 16:00:00+00:00,13.42594004
2025-12-07 17:00:00+00:00,13.66854101
2025-12-07 18:00:00+00:00,13.77063354
2025-12-07 19:00:00+00:00,13.75694343
2025-12-07 20:00:00+00:00,13.81103767
2025-12-07 21:00:00+00:00,13.52177572
2025-12-07 22:00:00+00:00,13.38007417
2025-12-07 23:00:00+00:00,13.48873538
2025-12-08 00:00:00+00:00,13.38718734
2025-12-08 01:00:00+00:00,13.52932461
2025-12-08 02:00:00+00:00,13.57236735
2025-12-08 03:00:00+00:00,13.54550386
2025-12-08 04:00:00+00:00,13.6469665
2025-12-08 05:00:00+00:00,13.70389576
2025-12-08 06:00:00+00:00,13.6892803
2025-12-08 07:00:00+00:00,13.68113285
2025-12-08 08:00:00+00:00,13.7494246
2025-12-08 09:00:00+00:00,13.77737552
2025-12-08 10:00:00+00:00,13.81679657
2025-12-08 11:00:00+00:00,13.74169405
2025-12-08 12:00:00+00:00,13.73942603
2025-12-08 13:00:00+00:00,13.73114198
2025-12-08 14:00:00+00:00,13.71095648
2025-12-08 15:00:00+00:00,13.58935944
2025-12-08 16:00:00+00:00,13.63123972
2025-12-08 17:00:00+00:00,13.68094912
2025-12-08 18:00:00+00:00,13.53362941
2025-12-08 19:00:00+00:00,13.5514272
2025-12-08 20:00:00+00:00,13.63150829
2025-12-08 21:00:00+00:00,13.73214095
2025-12-08 22:00:00+00:00,13.68025775
2025-12-08 23:00:00+00:00,13.64332399
2025-12-09 00:00:00+00:00,13.61859429
2025-12-09 01:00:00+00:00,13.56035818
2025-12-09 02:00:00+00:00,13.59067723
2025-12-09 03:00:00+00:00,13.72410136
2025-12-09 04:00:00+00:00,13.66148845
2025-12-09 05:00:00+00:00,13.58296729
2025-12-09 06:00:00+00:00,13.61744192
2025-12-09 07:00:00+00:00,13.72238059
2025-12-09 08:00:00+00:00,13.69235992
2025-12-09 09:00:00+00:00,13.58094934
2025-12-09 10:00:00+00:00,13.56825122
2025-12-09 11:00:00+00:00,13.5934915
2025-12-09 12:00:00+00:00,13.66001397
2025-12-09 13:00:00+00:00,13.63259069
2025-12-09 14:00:00+00:00,13.62060072
2025-12-09 15:00:00+00:00,14.12488201
2025-12-09 16:00:00+00:00,14.60436639
2025-12-09 17:00:00+00:00,14.58055294
2025-12-09 18:00:00+00:00,14.62762435
2025-12-09 19:00:00+00:00,14.62169902
2025-12-09 20:00:00+00:00,14.60589139
2025-12-09 21:00:00+00:00,14.60039231
2025-12-09 22:00:00+00:00,14.60997191
2025-12-09 23:00:00+00:00,14.599645
2025-12-10 00:00:00+00:00,14.57986078
2025-12-10 01:00:00+00:00,14.61133597
2025-12-10 02:00:00+00:00,14.61654135
2025-12-10 03:00:00+00:00,14.61846665
2025-12-10 04:00:00+00:00,14.59109814
2025-12-10 05:00:00+00:00,14.58454605
2025-12-10 06:00:00+00:00,14.60182219
2025-12-10 07:00:00+00:00,14.6119557
2025-12-10 08:00:00+00:00,14.58003385
2025-12-10 09:00:00+00:00,14.6360828
2025-12-10 10:00:00+00:00,14.3503322
2025-12-10 11:00:00+00:00,14.26100967
2025-12-10 12:00:00+00:00,14.23352376
2025-12-10 13:00:00+00:00,14.30361825
2025-12-10 14:00:00+00:00,14.22764953
2025-12-10 15:00:00+00:00,14.23900467
2025-12-10 16:00:00+00:00,14.30919047
2025-12-10 17:00:00+00:00,14.34192381
2025-12-10 18:00:00+00:00,14.46522242
2025-12-10 19:00:00+00:00,14.55261767
2025-12-10 20:00:00+00:00,14.42016292
2025-12-10 21:00:00+00:00,14.27484129
2025-12-10 22:00:00+00:00,14.26440174
2025-12-10 23:00:00+00:00,14.11161369
2025-12-11 00:00:00+00:00,13.81161166
2025-12-11 01:00:00+00:00,13.60181043
2025-12-11 02:00:00+00:00,13.43822754
2025-12-11 03:00:00+00:00,13.31024973
2025-12-11 04:00:00+00:00,13.4085754
2025-12-11 05:00:00+00:00,13.42884544
2025-12-11 06:00:00+00:00,13.45681788
2025-12-11 07:00:00+00:00,13.3941745
2025-12-11 08:00:00+00:00,13.36733727
2025-12-11 09:00:00+00:00,13.35911976
2025-12-11 10:00:00+00:00,13.29279013
2025-12-11 11:00:00+00:00,13.32820516
2025-12-11 12:00:00+00:00,13.2902613
2025-12-11 13:00:00+00:00,13.3488777
2025-12-11 14:00:00+00:00,13.1176405
2025-12-11 15:00:00+00:00,13.01048988
2025-12-11 16:00:00+00:00,13.03683196
2025-12-11 17:00:00+00:00,13.07243775
2025-12-11 18:00:00+00:00,13.21813099
2025-12-11 19:00:00+00:00,13.25229716
2025-12-11 20:00:00+00:00,13.36290819
2025-12-11 21:00:00+00:00,13.51644485
2025-12-11 22:00:00+00:00,13.43006319
2025-12-11 23:00:00+00:00,13.41894529
2025-12-12 00:00:00+00:00,13.33758891
2025-12-12 01:00:00+00:00,13.54414043
2025-12-12 02:00:00+00:00,13.69223824
2025-12-12 03:00:00+00:00,13.60878249
2025-12-12 04:00:00+00:00,13.59681237
2025-12-12 05:00:00+00:00,13.69078268
2025-12-12 06:00:00+00:00,13.74835225
2025-12-12 07:00:00+00:00,13.65503457
2025-12-12 08:00:00+00:00,13.53865788
2025-12-12 09:00:00+00:00,13.63741153
2025-12-12 10:00:00+00:00,13.59611919
2025-12-12 11:00:00+00:00,13.55890399
2025-12-12 12:00:00+00:00,13.58699318
2025-12-12 13:00:00+00:00,13.61794173
2025-12-12 14:00:00+00:00,13.5214818
2025-12-12 15:00:00+00:00,12.90376501
2025-12-12 16:00:00+00:00,12.91919607
2025-12-12 17:00:00+00:00,12.99031893
2025-12-12 18:00:00+00:00,13.12564274
2025-12-12 19:00:00+00:00,13.07375439
2025-12-12 20:00:00+00:00,13.0782602
2025-12-12 21:00:00+00:00,13.07804429
2025-12-12 22:00:00+00:00,13.11286707
2025-12-12 23:00:00+00:00,13.10273612
2025-12-13 00:00:00+00:00,13.11194526
2025-12-13 01:00:00+00:00,13.13272137
2025-12-13 02:00:00+00:00,13.18209203
2025-12-13 03:00:00+00:00,13.21488394
2025-12-13 04:00:00+00:00,13.23337212
2025-12-13 05:00:00+00:00,13.29486987
2025-12-13 06:00:00+00:00,13.34694595
2025-12-13 07:00:00+00:00,13.32853159
2025-12-13 08:00:00+00:00,13.39868853
2025-12-13 09:00:00+00:00,13.38714025
2025-12-13 10:00:00+00:00,13.44817517
2025-12-13 11:00:00+00:00,13.37880019
2025-12-13 12:00:00+00:00,13.26312723
2025-12-13 13:00:00+00:00,13.28752862
2025-12-13 14:00:00+00:00,13.30193893
2025-12-13 15:00:00+00:00,13.36186177
2025-12-13 16:00:00+00:00,13.37575449
2025-12-13 17:00:00+00:00,13.36371319
2025-12-13 18:00:00+00:00,13.3751731
2025-12-13 19:00:00+00:00,13.38395097
2025-12-13 20:00:00+00:00,13.33119036
2025-12-13 21:00:00+00:00,13.32023997
2025-12-13 22:00:00+00:00,13.32143907
2025-12-13 23:00:00+00:00,13.37421071
2025-12-14 00:00:00+00:00,13.3623293
2025-12-14 01:00:00+00:00,13.32178171
2025-12-14 02:00:00+00:00,13.35939897
2025-12-14 03:00:00+00:00,13.3070114
2025-12-14 04:00:00+00:00,13.26906831
2025-12-14 05:00:00+00:00,13.23138694
2025-12-14 06:00:00+00:00,13.20840971
2025-12-14 07:00:00+00:00,13.24721165
2025-12-14 08:00:00+00:00,13.18630296
2025-12-14 09:00:00+00:00,13.1619484
2025-12-14 10:00:00+00:00,13.15580447
2025-12-14 11:00:00+00:00,13.06927218
2025-12-14 12:00:00+00:00,13.1115257
2025-12-14 13:00:00+00:00,13.05916421
2025-12-14 14:00:00+00:00,13.01308093
2025-12-14 15:00:00+00:00,13.02200401
2025-12-14 16:00:00+00:00,13.03929073
2025-12-14 17:00:00+00:00,12.94704425
2025-12-14 18:00:00+00:00,13.03804465
2025-12-14 19:00:00+00:00,12.97871261
2025-12-14 20:00:00+00:00,12.93318503
2025-12-14 21:00:00+00:00,12.87399533
2025-12-14 22:00:00+00:00,12.91496042
2025-12-14 23:00:00+00:00,12.87172205
2025-12-15 00:00:00+00:00,12.95895257
2025-12-15 01:00:00+00:00,13.10474937
2025-12-15 02:00:00+00:00,13.10291739
2025-12-15 03:00:00+00:00,13.08082621
2025-12-15 04:00:00+00:00,13.17129155
2025-12-15 05:00:00+00:00,13.21276404
2025-12-15 06:00:00+00:00,13.26216037
2025-12-15 07:00:00+00:00,13.1976638
2025-12-15 08:00:00+00:00,13.20196815
2025-12-15 09:00:00+00:00,13.22356875
2025-12-15 10:00:00+00:00,13.29132234
2025-12-15 11:00:00+00:00,13.2176773
2025-12-15 12:00:00+00:00,13.19823215
2025-12-15 13:00:00+00:00,13.10656725
2025-12-15 14:00:00+00:00,12.87630674
2025-12-15 15:00:00+00:00,12.50492661
2025-12-15 16:00:00+00:00,12.43470699
2025-12-15 17:00:00+00:00,12.31961953
2025-12-15 18:00:00+00:00,12.38141823
2025-12-15 19:00:00+00:00,12.40051184
2025-12-15 20:00:00+00:00,12.32434734
2025-12-15 21:00:00+00:00,12.35631135
2025-12-15 22:00:00+00:00,12.35783056
2025-12-15 23:00:00+00:00,12.34348782
2025-12-16 00:00:00+00:00,12.20771218
2025-12-16 01:00:00+00:00,12.28216766
2025-12-16 02:00:00+00:00,12.26683595
2025-12-16 03:00:00+00:00,12.26755795
2025-12-16 04:00:00+00:00,12.20148984
2025-12-16 05:00:00+00:00,12.20954241
2025-12-16 06:00:00+00:00,12.32946747
2025-12-16 07:00:00+00:00,12.19443695
2025-12-16 08:00:00+00:00,12.17913574
2025-12-16 09:00:00+00:00,12.17816909
2025-12-16 10:00:00+00:00,12.32912755
2025-12-16 11:00:00+00:00,12.35865344
2025-12-16 12:00:00+00:00,12.24268007
2025-12-16 13:00:00+00:00,12.00175492
2025-12-16 14:00:00+00:00,12.1803956
2025-12-16 15:00:00+00:00,12.35319371
2025-12-16 16:00:00+00:00,12.29194068
2025-12-16 17:00:00+00:00,12.17259752
2025-12-16 18:00:00+00:00,12.3093351
2025-12-16 19:00:00+00:00,12.28266869
2025-12-16 20:00:00+00:00,12.31334903
2025-12-16 21:00:00+00:00,12.32289542
2025-12-16 22:00:00+00:00,12.31173801
2025-12-16 23:00:00+00:00,12.34745211
2025-12-17 00:00:00+00:00,12.3200896
2025-12-17 01:00:00+00:00,12.32745355
2025-12-17 02:00:00+00:00,12.33948203
2025-12-17 03:00:00+00:00,12.29990527
2025-12-17 04:00:00+00:00,12.19648827
2025-12-17 05:00:00+00:00,12.17731214
2025-12-17 06:00:00+00:00,12.20586161
2025-12-17 07:00:00+00:00,12.22249266
2025-12-17 08:00:00+00:00,12.13644085
2025-12-17 09:00:00+00:00,12.0987027
2025-12-17 10:00:00+00:00,12.09040947
2025-12-17 11:00:00+00:00,12.17675136
2025-12-17 12:00:00+00:00,12.17867478
2025-12-17 13:00:00+00:00,12.28886
2025-12-17 14:00:00+00:00,12.47004611
2025-12-17 15:00:00+00:00,12.16047687
2025-12-17 16:00:00+00:00,12.00762197
2025-12-17 17:00:00+00:00,11.90168691
2025-12-17 18:00:00+00:00,11.79706489
2025-12-17 19:00:00+00:00,11.88807146
2025-12-17 20:00:00+00:00,11.89420639
2025-12-17 21:00:00+00:00,11.82971857
2025-12-17 22:00:00+00:00,11.88511893
2025-12-17 23:00:00+00:00,11.86633247
2025-12-18 00:00:00+00:00,11.8195611
2025-12-18 01:00:00+00:00,11.74032424
2025-12-18 02:00:00+00:00,11.84029937
2025-12-18 03:00:00+00:00,11.73898366
2025-12-18 04:00:00+00:00,11.76081745
2025-12-18 05:00:00+00:00,11.67766256
2025-12-18 06:00:00+00:00,11.73059856
2025-12-18 07:00:00+00:00,11.75965552
2025-12-18 08:00:00+00:00,11.74660995
2025-12-18 09:00:00+00:00,11.73559434
2025-12-18 10:00:00+00:00,11.75964862
2025-12-18 11:00:00+00:00,11.72769898
2025-12-18 12:00:00+00:00,11.76761981
2025-12-18 13:00:00+00:00,12.17030297
2025-12-18 14:00:00+00:00,12.1374139
2025-12-18 15:00:00+00:00,12.18221287
2025-12-18 16:00:00+00:00,12.11409396
2025-12-18 17:00:00+00:00,11.65518094
2025-12-18 18:00:00+00:00,11.54002269
2025-12-18 19:00:00+00:00,11.30642475
2025-12-18 20:00:00+00:00,11.36015825
2025-12-18 21:00:00+00:00,11.54637274
2025-12-18 22:00:00+00:00,11.4654312
2025-12-18 23:00:00+00:00,11.44595943
2025-12-19 00:00:00+00:00,11.3983965
2025-12-19 01:00:00+00:00,11.32480461
2025-12-19 02:00:00+00:00,11.36062702
2025-12-19 03:00:00+00:00,11.73196435
2025-12-19 04:00:00+00:00,11.67841366
2025-12-19 05:00:00+00:00,11.69655777
2025-12-19 06:00:00+00:00,11.77829027
2025-12-19 07:00:00+00:00,11.93621072
2025-12-19 08:00:00+00:00,11.97611788
2025-12-19 09:00:00+00:00,11.95357679
2025-12-19 10:00:00+00:00,11.94100496
2025-12-19 11:00:00+00:00,11.98297956
2025-12-19 12:00:00+00:00,11.98103628
2025-12-19 13:00:00+00:00,12.02850312
2025-12-19 14:00:00+00:00,12.15410632
2025-12-19 15:00:00+00:00,12.18795486
2025-12-19 16:00:00+00:00,12.30087836
2025-12-19 17:00:00+00:00,12.08870936
2025-12-19 18:00:00+00:00,12.18997476
2025-12-19 19:00:00+00:00,12.32510531
2025-12-19 20:00:00+00:00,12.3539212
2025-12-19 21:00:00+00:00,12.26042201
2025-12-19 22:00:00+00:00,12.29479014
2025-12-19 23:00:00+00:00,12.25251267
2025-12-20 00:00:00+00:00,12.22417202
2025-12-20 01:00:00+00:00,12.2133606
2025-12-20 02:00:00+00:00,12.22078316
2025-12-20 03:00:00+00:00,12.25833185
2025-12-20 04:00:00+00:00,12.22020449
2025-12-20 05:00:00+00:00,12.2487337
2025-12-20 06:00:00+00:00,12.27917725
2025-12-20 07:00:00+00:00,12.33168527
2025-12-20 08:00:00+00:00,12.33061131
2025-12-20 09:00:00+00:00,12.33902266
2025-12-20 10:00:00+00:00,12.26000102
2025-12-20 11:00:00+00:00,12.31190308
2025-12-20 12:00:00+00:00,12.28099074
2025-12-20 13:00:00+00:00,12.24475319
2025-12-20 14:00:00+00:00,12.2705481
2025-12-20 15:00:00+00:00,12.27258208
2025-12-20 16:00:00+00:00,12.29307028
2025-12-20 17:00:00+00:00,12.2544926
2025-12-20 18:00:00+00:00,12.26415053
2025-12-20 19:00:00+00:00,12.26079198
2025-12-20 20:00:00+00:00,12.27192525
2025-12-20 21:00:00+00:00,12.214402
2025-12-20 22:00:00+00:00,12.16461345
2025-12-20 23:00:00+00:00,12.21079193
2025-12-21 00:00:00+00:00,12.25146409
2025-12-21 01:00:00+00:00,12.1539447
2025-12-21 02:00:00+00:00,12.12238841
2025-12-21 03:00:00+00:00,12.18448543
2025-12-21 04:00:00+00:00,12.16302283
2025-12-21 05:00:00+00:00,12.14070232
2025-12-21 06:00:00+00:00,12.13181846
2025-12-21 07:00:00+00:00,12.12238915
2025-12-21 08:00:00+00:00,12.21084431
2025-12-21 09:00:00+00:00,12.27318817
2025-12-21 10:00:00+00:00,12.22588451
2025-12-21 11:00:00+00:00,12.24149969
2025-12-21 12:00:00+00:00,12.23995853
2025-12-21 13:00:00+00:00,11.98738847
2025-12-21 14:00:00+00:00,12.05856414
2025-12-21 15:00:00+00:00,12.09313372
2025-12-21 16:00:00+00:00,12.13845523
2025-12-21 17:00:00+00:00,12.09086689
2025-12-21 18:00:00+00:00,12.0795155
2025-12-21 19:00:00+00:00,12.12239573
2025-12-21 20:00:00+00:00,12.06097457
2025-12-21 21:00:00+00:00,11.99317658
2025-12-21 22:00:00+00:00,12.12748623
2025-12-21 23:00:00+00:00,12.14348788
2025-12-22 00:00:00+00:00,12.23148254
2025-12-22 01:00:00+00:00,12.18312432
2025-12-22 02:00:00+00:00,12.09937837
2025-12-22 03:00:00+00:00,12.19782927
2025-12-22 04:00:00+00:00,12.22403079
2025-12-22 05:00:00+00:00,12.18288982
2025-12-22 06:00:00+00:00,12.1433388
2025-12-22 07:00:00+00:00,12.19192658
2025-12-22 08:00:00+00:00,12.21112927
2025-12-22 09:00:00+00:00,12.24972346
2025-12-22 10:00:00+00:00,12.28179117
2025-12-22 11:00:00+00:00,12.36442121
2025-12-22 12:00:00+00:00,12.37155966
2025-12-22 13:00:00+00:00,12.37348256
2025-12-22 14:00:00+00:00,12.36843402
2025-12-22 15:00:00+00:00,12.37009672
2025-12-22 16:00:00+00:00,12.36753327
2025-12-22 17:00:00+00:00,12.37484599
2025-12-22 18:00:00+00:00,12.34987833
2025-12-22 19:00:00+00:00,12.14774845
2025-12-22 20:00:00+00:00,12.17058821
2025-12-22 21:00:00+00:00,12.33577001
2025-12-22 22:00:00+00:00,12.40702232
2025-12-22 23:00:00+00:00,12.41582394
2025-12-23 00:00:00+00:00,12.471975
2025-12-23 01:00:00+00:00,12.45698651
2025-12-23 02:00:00+00:00,12.39266582
2025-12-23 03:00:00+00:00,12.40995464
2025-12-23 04:00:00+00:00,12.33913346
2025-12-23 05:00:00+00:00,12.30376742
2025-12-23 06:00:00+00:00,12.19994696
2025-12-23 07:00:00+00:00,12.19250394
2025-12-23 08:00:00+00:00,12.19619322
2025-12-23 09:00:00+00:00,12.1920502
2025-12-23 10:00:00+00:00,12.23238009
2025-12-23 11:00:00+00:00,12.2931305
2025-12-23 12:00:00+00:00,12.17361375
2025-12-23 13:00:00+00:00,12.07611383
2025-12-23 14:00:00+00:00,11.94433499
2025-12-23 15:00:00+00:00,11.95179672
2025-12-23 16:00:00+00:00,12.05764269
2025-12-23 17:00:00+00:00,11.96993637
2025-12-23 18:00:00+00:00,12.14445574
2025-12-23 19:00:00+00:00,12.11810996
2025-12-23 20:00:00+00:00,12.26903177
2025-12-23 21:00:00+00:00,12.24025175
2025-12-23 22:00:00+00:00,12.18157342
2025-12-23 23:00:00+00:00,12.1803923
2025-12-24 00:00:00+00:00,12.18680829
2025-12-24 01:00:00+00:00,12.15327462
2025-12-24 02:00:00+00:00,12.00163145
2025-12-24 03:00:00+00:00,12.07030958
2025-12-24 04:00:00+00:00,12.01961896
2025-12-24 05:00:00+00:00,11.98022805
2025-12-24 06:00:00+00:00,11.99853519
2025-12-24 07:00:00+00:00,11.97985726
2025-12-24 08:00:00+00:00,11.99894817
2025-12-24 09:00:00+00:00,12.01477511
2025-12-24 10:00:00+00:00,12.0629256
2025-12-24 11:00:00+00:00,12.10738969
2025-12-24 12:00:00+00:00,12.13821514
2025-12-24 13:00:00+00:00,12.05885754
2025-12-24 14:00:00+00:00,11.97941044
2025-12-24 15:00:00+00:00,12.00455325
2025-12-24 16:00:00+00:00,11.97235852
2025-12-24 17:00:00+00:00,11.92255342
2025-12-24 18:00:00+00:00,11.98688806
2025-12-24 19:00:00+00:00,12.03153822
2025-12-24 20:00:00+00:00,12.04287042
2025-12-24 21:00:00+00:00,12.06953292
2025-12-24 22:00:00+00:00,12.12449387
2025-12-24 23:00:00+00:00,12.1019999
2025-12-25 00:00:00+00:00,12.06415483
2025-12-25 01:00:00+00:00,12.1072597
2025-12-25 02:00:00+00:00,12.18182004
2025-12-25 03:00:00+00:00,12.15999462
2025-12-25 04:00:00+00:00,12.19185952
2025-12-25 05:00:00+00:00,12.17307279
2025-12-25 06:00:00+00:00,12.20624913
2025-12-25 07:00:00+00:00,12.25115938
2025-12-25 08:00:00+00:00,12.26037496
2025-12-25 09:00:00+00:00,12.27032348
2025-12-25 10:00:00+00:00,12.13324746
2025-12-25 11:00:00+00:00,12.15279982
2025-12-25 12:00:00+00:00,12.19612576
2025-12-25 13:00:00+00:00,12.23963414
2025-12-25 14:00:00+00:00,12.21128844
2025-12-25 15:00:00+00:00,12.34953848
2025-12-25 16:00:00+00:00,12.40694649
2025-12-25 17:00:00+00:00,12.39928415
2025-12-25 18:00:00+00:00,12.47843512
2025-12-25 19:00:00+00:00,12.47200306
2025-12-25 20:00:00+00:00,12.429695
2025-12-25 21:00:00+00:00,12.41350023
2025-12-25 22:00:00+00:00,12.31869039
2025-12-25 23:00:00+00:00,12.08891665
2025-12-26 00:00:00+00:00,12.12109164
2025-12-26 01:00:00+00:00,12.34037888
2025-12-26 02:00:00+00:00,12.51515925
2025-12-26 03:00:00+00:00,12.52510734
2025-12-26 04:00:00+00:00,12.51791556
2025-12-26 05:00:00+00:00,12.50310718
2025-12-26 06:00:00+00:00,12.48885356
2025-12-26 07:00:00+00:00,12.41087367
2025-12-26 08:00:00+00:00,12.45660244
2025-12-26 09:00:00+00:00,12.497594
2025-12-26 10:00:00+00:00,12.47406107
2025-12-26 11:00:00+00:00,12.45426493
2025-12-26 12:00:00+00:00,12.45102335
2025-12-26 13:00:00+00:00,12.47664293
2025-12-26 14:00:00+00:00,12.29359381
2025-12-26 15:00:00+00:00,12.23772866
2025-12-26 16:00:00+00:00,12.20257508
2025-12-26 17:00:00+00:00,12.30957906
2025-12-26 18:00:00+00:00,12.33967581
2025-12-26 19:00:00+00:00,12.37954782
2025-12-26 20:00:00+00:00,12.35652307
2025-12-26 21:00:00+00:00,12.3599609
2025-12-26 22:00:00+00:00,12.3508703
2025-12-26 23:00:00+00:00,12.34527305
2025-12-27 00:00:00+00:00,12.37521864
2025-12-27 01:00:00+00:00,12.36196121
2025-12-27 02:00:00+00:00,12.35764409
2025-12-27 03:00:00+00:00,12.41481373
2025-12-27 04:00:00+00:00,12.39731715
2025-12-27 05:00:00+00:00,12.44122424
2025-12-27 06:00:00+00:00,12.41797882
2025-12-27 07:00:00+00:00,12.45784312
2025-12-27 08:00:00+00:00,12.46708943
2025-12-27 09:00:00+00:00,12.43012587
2025-12-27 10:00:00+00:00,12.4488954
2025-12-27 11:00:00+00:00,12.46856995
2025-12-27 12:00:00+00:00,12.48752666
2025-12-27 13:00:00+00:00,12.48636126
2025-12-27 14:00:00+00:00,12.51388902
2025-12-27 15:00:00+00:00,12.55365344
2025-12-27 16:00:00+00:00,12.57625575
2025-12-27 17:00:00+00:00,12.57357733
2025-12-27 18:00:00+00:00,12.52779088
2025-12-27 19:00:00+00:00,12.52977749
2025-12-27 20:00:00+00:00,12.54333204
2025-12-27 21:00:00+00:00,12.60043806
2025-12-27 22:00:00+00:00,12.57349139
2025-12-27 23:00:00+00:00,12.69382165
2025-12-28 00:00:00+00:00,12.74444057
2025-12-28 01:00:00+00:00,12.76676431
2025-12-28 02:00:00+00:00,12.78927033
2025-12-28 03:00:00+00:00,12.78704869
2025-12-28 04:00:00+00:00,12.7972306
2025-12-28 05:00:00+00:00,12.80719088
2025-12-28 06:00:00+00:00,12.83347422
2025-12-28 07:00:00+00:00,12.79148851
2025-12-28 08:00:00+00:00,12.81302025
2025-12-28 09:00:00+00:00,12.75278983
2025-12-28 10:00:00+00:00,12.75189265
2025-12-28 11:00:00+00:00,12.69175243
2025-12-28 12:00:00+00:00,12.6729476
2025-12-28 13:00:00+00:00,12.66993311
2025-12-28 14:00:00+00:00,12.74258106
2025-12-28 15:00:00+00:00,12.73712838
2025-12-28 16:00:00+00:00,12.69239025
2025-12-28 17:00:00+00:00,12.68172825
2025-12-28 18:00:00+00:00,12.59355285
2025-12-28 19:00:00+00:00,12.58372454
2025-12-28 20:00:00+00:00,12.55209034
2025-12-28 21:00:00+00:00,12.56515145
2025-12-28 22:00:00+00:00,12.63312405
2025-12-28 23:00:00+00:00,12.64156499
2025-12-29 00:00:00+00:00,12.74175347
2025-12-29 01:00:00+00:00,12.77968519
2025-12-29 02:00:00+00:00,12.86257663
2025-12-29 03:00:00+00:00,13.08300621
2025-12-29 04:00:00+00:00,13.09450313
2025-12-29 05:00:00+00:00,13.04937995
2025-12-29 06:00:00+00:00,13.03887359
2025-12-29 07:00:00+00:00,13.01347127
2025-12-29 08:00:00+00:00,12.90709676
2025-12-29 09:00:00+00:00,12.72012411
2025-12-29 10:00:00+00:00,12.73796805
2025-12-29 11:00:00+00:00,12.72802241
2025-12-29 12:00:00+00:00,12.6059525
2025-12-29 13:00:00+00:00,12.57667878
2025-12-29 14:00:00+00:00,12.59200579
2025-12-29 15:00:00+00:00,12.70047007
2025-12-29 16:00:00+00:00,12.61772491
2025-12-29 17:00:00+00:00,12.64139601
2025-12-29 18:00:00+00:00,12.54654596
2025-12-29 19:00:00+00:00,12.50028518
2025-12-29 20:00:00+00:00,12.42331582
2025-12-29 21:00:00+00:00,12.44450535
2025-12-29 22:00:00+00:00,12.44131077
2025-12-29 23:00:00+00:00,12.37678588
2025-12-30 00:00:00+00:00,12.38750003
2025-12-30 01:00:00+00:00,12.38087639
2025-12-30 02:00:00+00:00,12.36946253
2025-12-30 03:00:00+00:00,12.40165454
2025-12-30 04:00:00+00:00,12.39886247
2025-12-30 05:00:00+00:00,12.38810532
2025-12-30 06:00:00+00:00,12.43727259
2025-12-30 07:00:00+00:00,12.42766265
2025-12-30 08:00:00+00:00,12.52221022
2025-12-30 09:00:00+00:00,12.52730433
2025-12-30 10:00:00+00:00,12.48796465
2025-12-30 11:00:00+00:00,12.50693805
2025-12-30 12:00:00+00:00,12.49797403
2025-12-30 13:00:00+00:00,12.52692397
2025-12-30 14:00:00+00:00,12.56090867
2025-12-30 15:00:00+00:00,12.58956931
2025-12-30 16:00:00+00:00,12.56772368
2025-12-30 17:00:00+00:00,12.56058082
2025-12-30 18:00:00+00:00,12.53064473
2025-12-30 19:00:00+00:00,12.50071415
2025-12-30 20:00:00+00:00,12.48667586
2025-12-30 21:00:00+00:00,12.51768725
2025-12-30 22:00:00+00:00,12.57155418
2025-12-30 23:00:00+00:00,12.58048845
2025-12-31 00:00:00+00:00,12.54477371
2025-12-31 01:00:00+00:00,12.6585755
2025-12-31 02:00:00+00:00,12.63544709
2025-12-31 03:00:00+00:00,12.5926285
2025-12-31 04:00:00+00:00,12.59209614
2025-12-31 05:00:00+00:00,12.55746101
2025-12-31 06:00:00+00:00,12.56194459
2025-12-31 07:00:00+00:00,12.54368565
2025-12-31 08:00:00+00:00,12.48156939
2025-12-31 09:00:00+00:00,12.50321728
2025-12-31 10:00:00+00:00,12.49956804
2025-12-31 11:00:00+00:00,12.57973799
2025-12-31 12:00:00+00:00,12.55687233
2025-12-31 13:00:00+00:00,12.57395342
2025-12-31 14:00:00+00:00,12.54738417
2025-12-31 15:00:00+00:00,12.47306387
2025-12-31 16:00:00+00:00,12.32885291
2025-12-31 17:00:00+00:00,12.34122803
2025-12-31 18:00:00+00:00,12.34298897
2025-12-31 19:00:00+00:00,12.32122555
2025-12-31 20:00:00+00:00,12.36050424
2025-12-31 21:00:00+00:00,12.35219592
2025-12-31 22:00:00+00:00,12.35550789
2025-12-31 23:00:00+00:00,12.31774503
2026-01-01 00:00:00+00:00,12.33953079
2026-01-01 01:00:00+00:00,12.33087405
2026-01-01 02:00:00+00:00,12.31514326
2026-01-01 03:00:00+00:00,12.28129001
2026-01-01 04:00:00+00:00,12.24137261
2026-01-01 05:00:00+00:00,12.26247313
2026-01-01 06:00:00+00:00,12.27150474
2026-01-01 07:00:00+00:00,12.27982801
2026-01-01 08:00:00+00:00,12.31005235
2026-01-01 09:00:00+00:00,12.34150377
2026-01-01 10:00:00+00:00,12.34355572
2026-01-01 11:00:00+00:00,12.3730326
2026-01-01 12:00:00+00:00,12.35990099
2026-01-01 13:00:00+00:00,12.41257879
2026-01-01 14:00:00+00:00,12.42769
2026-01-01 15:00:00+00:00,12.52021493
2026-01-01 16:00:00+00:00,12.56906428
2026-01-01 17:00:00+00:00,12.68605269
2026-01-01 18:00:00+00:00,12.93855454
2026-01-01 19:00:00+00:00,13.53638475
2026-01-01 20:00:00+00:00,13.43938832
2026-01-01 21:00:00+00:00,13.56688839
2026-01-01 22:00:00+00:00,13.65586552
2026-01-01 23:00:00+00:00,13.57993904
2026-01-02 00:00:00+00:00,13.62808327
2026-01-02 01:00:00+00:00,13.60915011
2026-01-02 02:00:00+00:00,13.74830414
2026-01-02 03:00:00+00:00,13.73668295
2026-01-02 04:00:00+00:00,13.56321202
2026-01-02 05:00:00+00:00,13.60844933
2026-01-02 06:00:00+00:00,13.53015603
2026-01-02 07:00:00+00:00,13.39134695
2026-01-02 08:00:00+00:00,13.4495359
2026-01-02 09:00:00+00:00,13.52999895
2026-01-02 10:00:00+00:00,13.5435636
2026-01-02 11:00:00+00:00,13.38949929
2026-01-02 12:00:00+00:00,13.42014248
2026-01-02 13:00:00+00:00,13.38326096
2026-01-02 14:00:00+00:00,13.28290449
2026-01-02 15:00:00+00:00,13.28863118
2026-01-02 16:00:00+00:00,13.50038431
2026-01-02 17:00:00+00:00,13.59881358
2026-01-02 18:00:00+00:00,13.55081076
2026-01-02 19:00:00+00:00,13.64995881
2026-01-02 20:00:00+00:00,13.61320529
2026-01-02 21:00:00+00:00,13.86019129
2026-01-02 22:00:00+00:00,13.83038372
2026-01-02 23:00:00+00:00,13.81695531
2026-01-03 00:00:00+00:00,13.89853692
2026-01-03 01:00:00+00:00,13.8570317
2026-01-03 02:00:00+00:00,13.93527545
2026-01-03 03:00:00+00:00,14.25727581
2026-01-03 04:00:00+00:00,14.10812569
2026-01-03 05:00:00+00:00,13.98052021
2026-01-03 06:00:00+00:00,13.88356497
2026-01-03 07:00:00+00:00,13.72689626
2026-01-03 08:00:00+00:00,13.82637666
2026-01-03 09:00:00+00:00,13.94564339
2026-01-03 10:00:00+00:00,13.96176787
2026-01-03 11:00:00+00:00,13.98803503
2026-01-03 12:00:00+00:00,14.15801078
2026-01-03 13:00:00+00:00,14.06852268
2026-01-03 14:00:00+00:00,13.98008636
2026-01-03 15:00:00+00:00,13.86183464
2026-01-03 16:00:00+00:00,13.91037701
2026-01-03 17:00:00+00:00,13.89940345
2026-01-03 18:00:00+00:00,13.88326584
2026-01-03 19:00:00+00:00,13.85480042
2026-01-03 20:00:00+00:00,13.88757367
2026-01-03 21:00:00+00:00,13.90983156
2026-01-03 22:00:00+00:00,13.96907771
2026-01-03 23:00:00+00:00,13.98869986
2026-01-04 00:00:00+00:00,14.01098382
2026-01-04 01:00:00+00:00,13.95316629
2026-01-04 02:00:00+00:00,13.91998679
2026-01-04 03:00:00+00:00,14.01231619
2026-01-04 04:00:00+00:00,13.99832732
2026-01-04 05:00:00+00:00,14.03798809
2026-01-04 06:00:00+00:00,14.00242595
2026-01-04 07:00:00+00:00,14.04073872
2026-01-04 08:00:00+00:00,14.03163509
2026-01-04 09:00:00+00:00,14.07683916
2026-01-04 10:00:00+00:00,14.02866617
2026-01-04 11:00:00+00:00,14.07781412
2026-01-04 12:00:00+00:00,14.06735794
2026-01-04 13:00:00+00:00,14.20020654
2026-01-04 14:00:00+00:00,14.11454281
2026-01-04 15:00:00+00:00,14.19048131
2026-01-04 16:00:00+00:00,14.24277226
2026-01-04 17:00:00+00:00,14.21023994
2026-01-04 18:00:00+00:00,14.16098299
2026-01-04 19:00:00+00:00,14.13896189
2026-01-04 20:00:00+00:00,14.1851411
2026-01-04 21:00:00+00:00,14.39309599
2026-01-04 22:00:00+00:00,14.27172868
2026-01-04 23:00:00+00:00,14.24990017
2026-01-05 00:00:00+00:00,14.30388295
2026-01-05 01:00:00+00:00,14.44460189
2026-01-05 02:00:00+00:00,14.41517578
2026-01-05 03:00:00+00:00,14.39303339
2026-01-05 04:00:00+00:00,14.17434543
2026-01-05 05:00:00+00:00,14.12823092
2026-01-05 06:00:00+00:00,14.26493863
2026-01-05 07:00:00+00:00,14.27723671
2026-01-05 08:00:00+00:00,14.2414351
2026-01-05 09:00:00+00:00,14.17458207
2026-01-05 10:00:00+00:00,14.21947621
2026-01-05 11:00:00+00:00,14.2027244
2026-01-05 12:00:00+00:00,14.166417
2026-01-05 13:00:00+00:00,14.0884745
2026-01-05 14:00:00+00:00,14.18580628
2026-01-05 15:00:00+00:00,14.17945618
2026-01-05 16:00:00+00:00,14.12781273
2026-01-05 17:00:00+00:00,14.21027285
2026-01-05 18:00:00+00:00,14.28376721
2026-01-05 19:00:00+00:00,14.27226391
2026-01-05 20:00:00+00:00,14.41922889
2026-01-05 21:00:00+00:00,14.46382123
2026-01-05 22:00:00+00:00,14.55581033
2026-01-05 23:00:00+00:00,14.45136998
2026-01-06 00:00:00+00:00,14.4899253
2026-01-06 01:00:00+00:00,14.40611658
2026-01-06 02:00:00+00:00,14.29833827
2026-01-06 03:00:00+00:00,14.42432367
2026-01-06 04:00:00+00:00,14.44318226
2026-01-06 05:00:00+00:00,14.37043648
2026-01-06 06:00:00+00:00,14.49961779
2026-01-06 07:00:00+00:00,14.27692502
2026-01-06 08:00:00+00:00,14.26924994
2026-01-06 09:00:00+00:00,14.39427588
2026-01-06 10:00:00+00:00,14.45787617
2026-01-06 11:00:00+00:00,14.52864512
2026-01-06 12:00:00+00:00,14.62958349
2026-01-06 13:00:00+00:00,14.59745575
2026-01-06 14:00:00+00:00,14.63907615
2026-01-06 15:00:00+00:00,14.53258174
2026-01-06 16:00:00+00:00,14.50637353
2026-01-06 17:00:00+00:00,14.35000604
2026-01-06 18:00:00+00:00,14.49210242
2026-01-06 19:00:00+00:00,14.48080436
2026-01-06 20:00:00+00:00,14.48264714
2026-01-06 21:00:00+00:00,14.54761764
2026-01-06 22:00:00+00:00,14.51457874
2026-01-06 23:00:00+00:00,14.59233528
2026-01-07 00:00:00+00:00,14.47945817
2026-01-07 01:00:00+00:00,14.46926125
2026-01-07 02:00:00+00:00,14.50077645
2026-01-07 03:00:00+00:00,14.48016897
2026-01-07 04:00:00+00:00,14.47154624
2026-01-07 05:00:00+00:00,14.46271701
2026-01-07 06:00:00+00:00,14.47527512
2026-01-07 07:00:00+00:00,14.51735833
2026-01-07 08:00:00+00:00,14.50845889
2026-01-07 09:00:00+00:00,14.46532221
2026-01-07 10:00:00+00:00,14.4912664
2026-01-07 11:00:00+00:00,14.49187563
2026-01-07 12:00:00+00:00,14.38824485
2026-01-07 13:00:00+00:00,14.35826331
2026-01-07 14:00:00+00:00,14.24281306
2026-01-07 15:00:00+00:00,14.01101793
2026-01-07 16:00:00+00:00,13.98852972
2026-01-07 17:00:00+00:00,14.05532641
2026-01-07 18:00:00+00:00,14.07132487
2026-01-07 19:00:00+00:00,14.11318418
2026-01-07 20:00:00+00:00,14.07451493
2026-01-07 21:00:00+00:00,14.05145628
2026-01-07 22:00:00+00:00,14.06216787
2026-01-07 23:00:00+00:00,14.11513173
2026-01-08 00:00:00+00:00,14.14931814
2026-01-08 01:00:00+00:00,14.20079327
2026-01-08 02:00:00+00:00,14.12949587
2026-01-08 03:00:00+00:00,14.0280547
2026-01-08 04:00:00+00:00,14.0841514
2026-01-08 05:00:00+00:00,14.03625197
2026-01-08 06:00:00+00:00,13.78768641
2026-01-08 07:00:00+00:00,13.90070338
2026-01-08 08:00:00+00:00,13.85543755
2026-01-08 09:00:00+00:00,13.7578247
2026-01-08 10:00:00+00:00,13.92616277
2026-01-08 11:00:00+00:00,13.8982736
2026-01-08 12:00:00+00:00,13.78973485
2026-01-08 13:00:00+00:00,13.75996362
2026-01-08 14:00:00+00:00,13.73719635
2026-01-08 15:00:00+00:00,13.94102816
2026-01-08 16:00:00+00:00,13.9711551
2026-01-08 17:00:00+00:00,14.02978651
2026-01-08 18:00:00+00:00,13.89747328
2026-01-08 19:00:00+00:00,13.85534993
2026-01-08 20:00:00+00:00,13.83883862
2026-01-08 21:00:00+00:00,13.95791054
2026-01-08 22:00:00+00:00,13.9397064
2026-01-08 23:00:00+00:00,13.8866915
2026-01-09 00:00:00+00:00,13.93739398
2026-01-09 01:00:00+00:00,13.90953218
2026-01-09 02:00:00+00:00,13.90108285
2026-01-09 03:00:00+00:00,13.98314449
2026-01-09 04:00:00+00:00,13.94274963
2026-01-09 05:00:00+00:00,13.99263677
2026-01-09 06:00:00+00:00,14.0125274
2026-01-09 07:00:00+00:00,13.93051456
2026-01-09 08:00:00+00:00,13.71161389
2026-01-09 09:00:00+00:00,13.77843221
2026-01-09 10:00:00+00:00,13.803312
2026-01-09 11:00:00+00:00,13.76989531
2026-01-09 12:00:00+00:00,13.71322824
2026-01-09 13:00:00+00:00,13.83830961
2026-01-09 14:00:00+00:00,13.69481446
2026-01-09 15:00:00+00:00,13.97076678
2026-01-09 16:00:00+00:00,14.15875699
2026-01-09 17:00:00+00:00,14.01308784
2026-01-09 18:00:00+00:00,13.86325078
2026-01-09 19:00:00+00:00,13.74800792
2026-01-09 20:00:00+00:00,13.76368656
2026-01-09 21:00:00+00:00,13.83792325
2026-01-09 22:00:00+00:00,13.83027065
2026-01-09 23:00:00+00:00,13.78915154
2026-01-10 00:00:00+00:00,13.73148594
2026-01-10 01:00:00+00:00,13.78021038
2026-01-10 02:00:00+00:00,13.71891202
2026-01-10 03:00:00+00:00,13.6993952
2026-01-10 04:00:00+00:00,13.6523605
2026-01-10 05:00:00+00:00,13.68195631
2026-01-10 06:00:00+00:00,13.71984602
2026-01-10 07:00:00+00:00,13.81060391
2026-01-10 08:00:00+00:00,13.79089077
2026-01-10 09:00:00+00:00,13.84305046
2026-01-10 10:00:00+00:00,13.84998084
2026-01-10 11:00:00+00:00,13.86576997
2026-01-10 12:00:00+00:00,13.86903267
2026-01-10 13:00:00+00:00,13.86869154
2026-01-10 14:00:00+00:00,13.81684617
2026-01-10 15:00:00+00:00,13.83748169
2026-01-10 16:00:00+00:00,13.86204321
2026-01-10 17:00:00+00:00,13.86058866
2026-01-10 18:00:00+00:00,13.84007431
2026-01-10 19:00:00+00:00,13.85972007
2026-01-10 20:00:00+00:00,13.83869002
2026-01-10 21:00:00+00:00,13.76793925
2026-01-10 22:00:00+00:00,13.69104722
2026-01-10 23:00:00+00:00,13.73756956
2026-01-11 00:00:00+00:00,13.72169476
2026-01-11 01:00:00+00:00,13.72029421
2026-01-11 02:00:00+00:00,13.69954609
2026-01-11 03:00:00+00:00,13.72764961
2026-01-11 04:00:00+00:00,13.77679533
2026-01-11 05:00:00+00:00,13.80045964
2026-01-11 06:00:00+00:00,13.8200428
2026-01-11 07:00:00+00:00,13.81273165
2026-01-11 08:00:00+00:00,13.80777381
2026-01-11 09:00:00+00:00,13.80184771
2026-01-11 10:00:00+00:00,13.80589122
2026-01-11 11:00:00+00:00,13.80887717
2026-01-11 12:00:00+00:00,13.86740983
2026-01-11 13:00:00+00:00,13.82717214
2026-01-11 14:00:00+00:00,13.95504764
2026-01-11 15:00:00+00:00,13.80055409
2026-01-11 16:00:00+00:00,13.94453562
2026-01-11 17:00:00+00:00,13.94672709
2026-01-11 18:00:00+00:00,13.90259192
2026-01-11 19:00:00+00:00,13.84661771
2026-01-11 20:00:00+00:00,13.73647091
2026-01-11 21:00:00+00:00,13.75364812
2026-01-11 22:00:00+00:00,13.61992714
2026-01-11 23:00:00+00:00,13.69463057
2026-01-12 00:00:00+00:00,13.76816332
2026-01-12 01:00:00+00:00,13.84269768
2026-01-12 02:00:00+00:00,14.05380873
2026-01-12 03:00:00+00:00,13.97922839
2026-01-12 04:00:00+00:00,14.02668061
2026-01-12 05:00:00+00:00,13.99114252
2026-01-12 06:00:00+00:00,13.93898499
2026-01-12 07:00:00+00:00,13.73970944
2026-01-12 08:00:00+00:00,13.61091041
2026-01-12 09:00:00+00:00,13.61704028
2026-01-12 10:00:00+00:00,13.58014004
2026-01-12 11:00:00+00:00,13.65201208
2026-01-12 12:00:00+00:00,13.63347089
2026-01-12 13:00:00+00:00,13.5764777
2026-01-12 14:00:00+00:00,13.63007156
2026-01-12 15:00:00+00:00,13.87099874
2026-01-12 16:00:00+00:00,13.86628239
2026-01-12 17:00:00+00:00,13.72806338
2026-01-12 18:00:00+00:00,13.67747538
2026-01-12 19:00:00+00:00,13.71986999
2026-01-12 20:00:00+00:00,13.63023149
2026-01-12 21:00:00+00:00,13.52912183
2026-01-12 22:00:00+00:00,13.54120231
2026-01-12 23:00:00+00:00,13.52431092
2026-01-13 00:00:00+00:00,13.54599409
2026-01-13 01:00:00+00:00,13.52749059
2026-01-13 02:00:00+00:00,13.52517468
2026-01-13 03:00:00+00:00,13.587266
2026-01-13 04:00:00+00:00,13.67780871
2026-01-13 05:00:00+00:00,13.72905722
2026-01-13 06:00:00+00:00,13.74726788
2026-01-13 07:00:00+00:00,13.71642984
2026-01-13 08:00:00+00:00,13.79743103
2026-01-13 09:00:00+00:00,13.80675303
2026-01-13 10:00:00+00:00,13.79869024
2026-01-13 11:00:00+00:00,13.7634994
2026-01-13 12:00:00+00:00,13.81282567
2026-01-13 13:00:00+00:00,13.88001548
2026-01-13 14:00:00+00:00,13.97452953
2026-01-13 15:00:00+00:00,14.35933986
2026-01-13 16:00:00+00:00,14.49213615
2026-01-13 17:00:00+00:00,14.52303499
2026-01-13 18:00:00+00:00,14.48141002
2026-01-13 19:00:00+00:00,14.51827781
2026-01-13 20:00:00+00:00,14.4965679
2026-01-13 21:00:00+00:00,14.5197843
2026-01-13 22:00:00+00:00,14.76598319
2026-01-13 23:00:00+00:00,14.75087955
2026-01-14 00:00:00+00:00,14.75040778
2026-01-14 01:00:00+00:00,14.75018247
2026-01-14 02:00:00+00:00,14.72945755
2026-01-14 03:00:00+00:00,14.76046386
2026-01-14 04:00:00+00:00,14.71251754
2026-01-14 05:00:00+00:00,14.6989841
2026-01-14 06:00:00+00:00,14.70078142
2026-01-14 07:00:00+00:00,14.68130965
2026-01-14 08:00:00+00:00,14.68763392
2026-01-14 09:00:00+00:00,14.71689769
2026-01-14 10:00:00+00:00,14.59281741
2026-01-14 11:00:00+00:00,14.5103237
2026-01-14 12:00:00+00:00,14.53140871
2026-01-14 13:00:00+00:00,14.43907724
2026-01-14 14:00:00+00:00,14.61051032
2026-01-14 15:00:00+00:00,14.75745172
2026-01-14 16:00:00+00:00,14.8370674
2026-01-14 17:00:00+00:00,14.62565959
2026-01-14 18:00:00+00:00,14.54338994
2026-01-14 19:00:00+00:00,14.64038317
2026-01-14 20:00:00+00:00,14.68473151
2026-01-14 21:00:00+00:00,14.65398275
2026-01-14 22:00:00+00:00,14.58035589
2026-01-14 23:00:00+00:00,14.60235
2026-01-15 00:00:00+00:00,14.51008393
2026-01-15 01:00:00+00:00,14.46227653
2026-01-15 02:00:00+00:00,14.33062801
2026-01-15 03:00:00+00:00,14.15156218
2026-01-15 04:00:00+00:00,14.25138571
2026-01-15 05:00:00+00:00,14.26597918
2026-01-15 06:00:00+00:00,14.18981846
2026-01-15 07:00:00+00:00,14.34791038
2026-01-15 08:00:00+00:00,14.42400236
2026-01-15 09:00:00+00:00,14.43547905
2026-01-15 10:00:00+00:00,14.37954755
2026-01-15 11:00:00+00:00,14.3081258
2026-01-15 12:00:00+00:00,14.37201631
2026-01-15 13:00:00+00:00,14.36352628
2026-01-15 14:00:00+00:00,14.18444706
2026-01-15 15:00:00+00:00,14.0477059
2026-01-15 16:00:00+00:00,14.01585562
2026-01-15 17:00:00+00:00,13.91018358
2026-01-15 18:00:00+00:00,13.74368901
2026-01-15 19:00:00+00:00,13.74951435
2026-01-15 20:00:00+00:00,13.67262628
2026-01-15 21:00:00+00:00,13.73126656
2026-01-15 22:00:00+00:00,13.79364548
2026-01-15 23:00:00+00:00,13.82392329
2026-01-16 00:00:00+00:00,13.81970448
2026-01-16 01:00:00+00:00,13.76890146
2026-01-16 02:00:00+00:00,13.84105347
2026-01-16 03:00:00+00:00,13.74985544
2026-01-16 04:00:00+00:00,13.73100356
2026-01-16 05:00:00+00:00,13.80685791
2026-01-16 06:00:00+00:00,13.82910576
2026-01-16 07:00:00+00:00,13.81104544
2026-01-16 08:00:00+00:00,13.82135581
2026-01-16 09:00:00+00:00,13.78838215
2026-01-16 10:00:00+00:00,13.7526391
2026-01-16 11:00:00+00:00,13.79632884
2026-01-16 12:00:00+00:00,13.79732816
2026-01-16 13:00:00+00:00,13.76287734
2026-01-16 14:00:00+00:00,13.76027399
2026-01-16 15:00:00+00:00,13.40532707
2026-01-16 16:00:00+00:00,13.37200779
2026-01-16 17:00:00+00:00,13.40971483
2026-01-16 18:00:00+00:00,13.37035935
2026-01-16 19:00:00+00:00,13.40233172
2026-01-16 20:00:00+00:00,13.58378222
2026-01-16 21:00:00+00:00,13.58266715
2026-01-16 22:00:00+00:00,13.60098452
2026-01-16 23:00:00+00:00,13.58945725
2026-01-17 00:00:00+00:00,13.59190455
2026-01-17 01:00:00+00:00,13.6019975
2026-01-17 02:00:00+00:00,13.57082253
2026-01-17 03:00:00+00:00,13.57219146
2026-01-17 04:00:00+00:00,13.57002765
2026-01-17 05:00:00+00:00,13.58655746
2026-01-17 06:00:00+00:00,13.56207718
2026-01-17 07:00:00+00:00,13.60269054
2026-01-17 08:00:00+00:00,13.68818071
2026-01-17 09:00:00+00:00,13.66766656
2026-01-17 10:00:00+00:00,13.65843901
2026-01-17 11:00:00+00:00,13.64243754
2026-01-17 12:00:00+00:00,13.6975743
2026-01-17 13:00:00+00:00,13.7705903
2026-01-17 14:00:00+00:00,13.9021521
2026-01-17 15:00:00+00:00,13.89090597
2026-01-17 16:00:00+00:00,13.80889987
2026-01-17 17:00:00+00:00,13.79257573
2026-01-17 18:00:00+00:00,13.8314692
2026-01-17 19:00:00+00:00,13.82252067
2026-01-17 20:00:00+00:00,13.81727937
2026-01-17 21:00:00+00:00,13.81121534
2026-01-17 22:00:00+00:00,13.75964136
2026-01-17 23:00:00+00:00,13.74672905
2026-01-18 00:00:00+00:00,13.77417116
2026-01-18 01:00:00+00:00,13.68969391
2026-01-18 02:00:00+00:00,13.67714531
2026-01-18 03:00:00+00:00,13.67984305
2026-01-18 04:00:00+00:00,13.6692492
2026-01-18 05:00:00+00:00,13.68518833
2026-01-18 06:00:00+00:00,13.64284949
2026-01-18 07:00:00+00:00,13.62753881
2026-01-18 08:00:00+00:00,13.63763235
2026-01-18 09:00:00+00:00,13.65129066
2026-01-18 10:00:00+00:00,13.5972128
2026-01-18 11:00:00+00:00,13.58741676
2026-01-18 12:00:00+00:00,13.55584326
2026-01-18 13:00:00+00:00,13.55165904
2026-01-18 14:00:00+00:00,13.51508222
2026-01-18 15:00:00+00:00,13.56956962
2026-01-18 16:00:00+00:00,13.59608848
2026-01-18 17:00:00+00:00,13.59002742
2026-01-18 18:00:00+00:00,13.69337806
2026-01-18 19:00:00+00:00,13.66103278
2026-01-18 20:00:00+00:00,13.69908005
2026-01-18 21:00:00+00:00,13.70281845
2026-01-18 22:00:00+00:00,13.73441396
2026-01-18 23:00:00+00:00,12.98586365
2026-01-19 00:00:00+00:00,12.57074815
2026-01-19 01:00:00+00:00,12.61558585
2026-01-19 02:00:00+00:00,12.69755093
2026-01-19 03:00:00+00:00,12.72027095
2026-01-19 04:00:00+00:00,12.6301275
2026-01-19 05:00:00+00:00,12.61767106
2026-01-19 06:00:00+00:00,12.59983647
2026-01-19 07:00:00+00:00,12.6433688
2026-01-19 08:00:00+00:00,12.8075626
2026-01-19 09:00:00+00:00,12.80546192
2026-01-19 10:00:00+00:00,12.74908132
2026-01-19 11:00:00+00:00,12.70976228
2026-01-19 12:00:00+00:00,12.70099488
2026-01-19 13:00:00+00:00,12.7203009
2026-01-19 14:00:00+00:00,12.75551098
2026-01-19 15:00:00+00:00,12.72866846
2026-01-19 16:00:00+00:00,12.74862568
2026-01-19 17:00:00+00:00,12.69526209
2026-01-19 18:00:00+00:00,12.74916955
2026-01-19 19:00:00+00:00,12.81212831
2026-01-19 20:00:00+00:00,12.79351009
2026-01-19 21:00:00+00:00,12.77938605
2026-01-19 22:00:00+00:00,12.64537629
2026-01-19 23:00:00+00:00,12.73680189
2026-01-20 00:00:00+00:00,12.66797202
2026-01-20 01:00:00+00:00,12.68472889
2026-01-20 02:00:00+00:00,12.70318531
2026-01-20 03:00:00+00:00,12.70569472
2026-01-20 04:00:00+00:00,12.68280541
2026-01-20 05:00:00+00:00,12.74199775
2026-01-20 06:00:00+00:00,12.58362615
2026-01-20 07:00:00+00:00,12.55822247
2026-01-20 08:00:00+00:00,12.4764412
2026-01-20 09:00:00+00:00,12.55641114
2026-01-20 10:00:00+00:00,12.49700603
2026-01-20 11:00:00+00:00,12.45909503
2026-01-20 12:00:00+00:00,12.47053014
2026-01-20 13:00:00+00:00,12.33855048
2026-01-20 14:00:00+00:00,12.4678938
2026-01-20 15:00:00+00:00,12.39554864
2026-01-20 16:00:00+00:00,12.21842227
2026-01-20 17:00:00+00:00,12.14239297
2026-01-20 18:00:00+00:00,12.14573152
2026-01-20 19:00:00+00:00,12.18560944
2026-01-20 20:00:00+00:00,12.26878178
2026-01-20 21:00:00+00:00,12.19394575
2026-01-20 22:00:00+00:00,12.14207762
2026-01-20 23:00:00+00:00,12.09317963
2026-01-21 00:00:00+00:00,12.25800413
2026-01-21 01:00:00+00:00,12.26175116
2026-01-21 02:00:00+00:00,12.29394499
2026-01-21 03:00:00+00:00,12.29452321
2026-01-21 04:00:00+00:00,12.26478732
2026-01-21 05:00:00+00:00,12.36233454
2026-01-21 06:00:00+00:00,12.25313697
2026-01-21 07:00:00+00:00,12.23850697
2026-01-21 08:00:00+00:00,12.22008658
2026-01-21 09:00:00+00:00,12.2202545
2026-01-21 10:00:00+00:00,12.18867208
2026-01-21 11:00:00+00:00,12.11121415
2026-01-21 12:00:00+00:00,12.090262
2026-01-21 13:00:00+00:00,12.03216377
2026-01-21 14:00:00+00:00,12.29714132
2026-01-21 15:00:00+00:00,12.39804347
2026-01-21 16:00:00+00:00,11.90316761
2026-01-21 17:00:00+00:00,12.02575943
2026-01-21 18:00:00+00:00,12.12832891
2026-01-21 19:00:00+00:00,12.59040781
2026-01-21 20:00:00+00:00,12.53040493
2026-01-21 21:00:00+00:00,12.62139448
2026-01-21 22:00:00+00:00,12.51493151
2026-01-21 23:00:00+00:00,12.41628924
2026-01-22 00:00:00+00:00,12.48185975
2026-01-22 01:00:00+00:00,12.58806747
2026-01-22 02:00:00+00:00,12.54048655
2026-01-22 03:00:00+00:00,12.49149617
2026-01-22 04:00:00+00:00,12.51112721
2026-01-22 05:00:00+00:00,12.49945282
2026-01-22 06:00:00+00:00,12.49836191
2026-01-22 07:00:00+00:00,12.42959485
2026-01-22 08:00:00+00:00,12.44377368
2026-01-22 09:00:00+00:00,12.48839135
2026-01-22 10:00:00+00:00,12.45995016
2026-01-22 11:00:00+00:00,12.35057455
2026-01-22 12:00:00+00:00,12.30263216
2026-01-22 13:00:00+00:00,12.27364736
2026-01-22 14:00:00+00:00,12.16047944
2026-01-22 15:00:00+00:00,12.1696771
2026-01-22 16:00:00+00:00,12.22273265
2026-01-22 17:00:00+00:00,12.19926254
2026-01-22 18:00:00+00:00,12.10919855
2026-01-22 19:00:00+00:00,12.16340155
2026-01-22 20:00:00+00:00,12.12007646
2026-01-22 21:00:00+00:00,12.15177686
2026-01-22 22:00:00+00:00,12.1746085
2026-01-22 23:00:00+00:00,12.19689619
2026-01-23 00:00:00+00:00,12.20196557
2026-01-23 01:00:00+00:00,12.29011617
2026-01-23 02:00:00+00:00,12.21808423
2026-01-23 03:00:00+00:00,12.25733523
2026-01-23 04:00:00+00:00,12.36085378
2026-01-23 05:00:00+00:00,12.29410231
2026-01-23 06:00:00+00:00,12.24619758
2026-01-23 07:00:00+00:00,12.13114152
2026-01-23 08:00:00+00:00,12.06783407
2026-01-23 09:00:00+00:00,12.14693531
2026-01-23 10:00:00+00:00,12.15261019
2026-01-23 11:00:00+00:00,12.20036288
2026-01-23 12:00:00+00:00,12.19258451
2026-01-23 13:00:00+00:00,12.20205909
2026-01-23 14:00:00+00:00,12.06886136
2026-01-23 15:00:00+00:00,12.23243561
2026-01-23 16:00:00+00:00,12.29572795
2026-01-23 17:00:00+00:00,12.37093284
2026-01-23 18:00:00+00:00,12.3425434
2026-01-23 19:00:00+00:00,12.17038256
2026-01-23 20:00:00+00:00,12.08427921
2026-01-23 21:00:00+00:00,12.10966467
2026-01-23 22:00:00+00:00,12.17039312
2026-01-23 23:00:00+00:00,12.1307904
2026-01-24 00:00:00+00:00,12.12073053
2026-01-24 01:00:00+00:00,12.13069028
2026-01-24 02:00:00+00:00,12.14141544
2026-01-24 03:00:00+00:00,12.15211813
2026-01-24 04:00:00+00:00,12.16994192
2026-01-24 05:00:00+00:00,12.15835726
2026-01-24 06:00:00+00:00,12.14763095
2026-01-24 07:00:00+00:00,12.12068739
2026-01-24 08:00:00+00:00,12.12994685
2026-01-24 09:00:00+00:00,12.09619272
2026-01-24 10:00:00+00:00,12.09791892
2026-01-24 11:00:00+00:00,12.11797705
2026-01-24 12:00:00+00:00,12.12731394
2026-01-24 13:00:00+00:00,12.08056226
2026-01-24 14:00:00+00:00,12.07807546
2026-01-24 15:00:00+00:00,12.03597358
2026-01-24 16:00:00+00:00,12.05565601
2026-01-24 17:00:00+00:00,12.04809959
2026-01-24 18:00:00+00:00,12.04150973
2026-01-24 19:00:00+00:00,12.03945429
2026-01-24 20:00:00+00:00,12.08266409
2026-01-24 21:00:00+00:00,12.0718251
2026-01-24 22:00:00+00:00,12.10735712
2026-01-24 23:00:00+00:00,12.0498918
2026-01-25 00:00:00+00:00,12.06801105
2026-01-25 01:00:00+00:00,12.00678117
2026-01-25 02:00:00+00:00,11.99478117
2026-01-25 03:00:00+00:00,11.93299135
2026-01-25 04:00:00+00:00,11.95349912
2026-01-25 05:00:00+00:00,11.98496907
2026-01-25 06:00:00+00:00,11.94083207
2026-01-25 07:00:00+00:00,11.93059255
2026-01-25 08:00:00+00:00,11.88323543
2026-01-25 09:00:00+00:00,11.95995829
2026-01-25 10:00:00+00:00,11.99773429
2026-01-25 11:00:00+00:00,11.95623053
2026-01-25 12:00:00+00:00,11.93766324
2026-01-25 13:00:00+00:00,11.96850798
2026-01-25 14:00:00+00:00,11.87656213
2026-01-25 15:00:00+00:00,11.85633577
2026-01-25 16:00:00+00:00,11.67744237
2026-01-25 17:00:00+00:00,11.63761653
2026-01-25 18:00:00+00:00,11.54722779
2026-01-25 19:00:00+00:00,11.3033116
2026-01-25 20:00:00+00:00,11.35932571
2026-01-25 21:00:00+00:00,11.42154128
2026-01-25 22:00:00+00:00,11.38930089
2026-01-25 23:00:00+00:00,11.49283371
2026-01-26 00:00:00+00:00,11.57069537
2026-01-26 01:00:00+00:00,11.71123892
2026-01-26 02:00:00+00:00,11.61636222
2026-01-26 03:00:00+00:00,11.52901634
2026-01-26 04:00:00+00:00,11.59278885
2026-01-26 05:00:00+00:00,11.61218302
2026-01-26 06:00:00+00:00,11.67658101
2026-01-26 07:00:00+00:00,11.69045984
2026-01-26 08:00:00+00:00,11.69431495
2026-01-26 09:00:00+00:00,11.61631457
2026-01-26 10:00:00+00:00,11.65935884
2026-01-26 11:00:00+00:00,11.66443571
2026-01-26 12:00:00+00:00,11.6615155
2026-01-26 13:00:00+00:00,11.72009649
2026-01-26 14:00:00+00:00,11.79125065
2026-01-26 15:00:00+00:00,11.75726739
2026-01-26 16:00:00+00:00,11.75813662
2026-01-26 17:00:00+00:00,11.70955492
2026-01-26 18:00:00+00:00,11.77594529
2026-01-26 19:00:00+00:00,11.70148825
2026-01-26 20:00:00+00:00,11.65535195
2026-01-26 21:00:00+00:00,11.75937128
2026-01-26 22:00:00+00:00,11.75017463
2026-01-26 23:00:00+00:00,11.72005461
2026-01-27 00:00:00+00:00,11.72816352
2026-01-27 01:00:00+00:00,11.77091409
2026-01-27 02:00:00+00:00,11.83986886
2026-01-27 03:00:00+00:00,11.78889872
2026-01-27 04:00:00+00:00,11.77633262
2026-01-27 05:00:00+00:00,11.76040398
2026-01-27 06:00:00+00:00,11.73642305
2026-01-27 07:00:00+00:00,11.75572474
2026-01-27 08:00:00+00:00,11.76096404
2026-01-27 09:00:00+00:00,11.69757864
2026-01-27 10:00:00+00:00,11.67742773
2026-01-27 11:00:00+00:00,11.67965769
2026-01-27 12:00:00+00:00,11.69150685
2026-01-27 13:00:00+00:00,11.63000158
2026-01-27 14:00:00+00:00,11.6302539
2026-01-27 15:00:00+00:00,11.72100413
2026-01-27 16:00:00+00:00,11.89213955
2026-01-27 17:00:00+00:00,11.63668424
2026-01-27 18:00:00+00:00,11.84092657
2026-01-27 19:00:00+00:00,11.85807083
2026-01-27 20:00:00+00:00,12.08106717
2026-01-27 21:00:00+00:00,12.03155346
2026-01-27 22:00:00+00:00,12.0915732
2026-01-27 23:00:00+00:00,12.13584404
2026-01-28 00:00:00+00:00,12.1390284
2026-01-28 01:00:00+00:00,12.12008852
2026-01-28 02:00:00+00:00,12.06981437
2026-01-28 03:00:00+00:00,12.06402878
2026-01-28 04:00:00+00:00,12.05472346
2026-01-28 05:00:00+00:00,12.09697891
2026-01-28 06:00:00+00:00,12.15026424
2026-01-28 07:00:00+00:00,12.08079956
2026-01-28 08:00:00+00:00,12.0576095
2026-01-28 09:00:00+00:00,12.16253142
2026-01-28 10:00:00+00:00,12.16381266
2026-01-28 11:00:00+00:00,12.23415853
2026-01-28 12:00:00+00:00,12.15487841
2026-01-28 13:00:00+00:00,12.15191547
2026-01-28 14:00:00+00:00,12.0806664
2026-01-28 15:00:00+00:00,12.01703515
2026-01-28 16:00:00+00:00,12.01102902
2026-01-28 17:00:00+00:00,12.08706997
2026-01-28 18:00:00+00:00,12.03100711
2026-01-28 19:00:00+00:00,12.06870365
2026-01-28 20:00:00+00:00,12.05072823
2026-01-28 21:00:00+00:00,12.07072295
2026-01-28 22:00:00+00:00,12.12773767
2026-01-28 23:00:00+00:00,12.07143382
2026-01-29 00:00:00+00:00,12.0168649
2026-01-29 01:00:00+00:00,11.92753962
2026-01-29 02:00:00+00:00,11.79778272
2026-01-29 03:00:00+00:00,11.79022435
2026-01-29 04:00:00+00:00,11.79256831
2026-01-29 05:00:00+00:00,11.79803268
2026-01-29 06:00:00+00:00,11.83108286
2026-01-29 07:00:00+00:00,11.79679225
2026-01-29 08:00:00+00:00,11.75035397
2026-01-29 09:00:00+00:00,11.73088205
2026-01-29 10:00:00+00:00,11.71290532
2026-01-29 11:00:00+00:00,11.66283515
2026-01-29 12:00:00+00:00,11.55688986
2026-01-29 13:00:00+00:00,11.59786325
2026-01-29 14:00:00+00:00,11.17737543
2026-01-29 15:00:00+00:00,11.0039372
2026-01-29 16:00:00+00:00,11.02718203
2026-01-29 17:00:00+00:00,11.01108951
2026-01-29 18:00:00+00:00,10.82129439
2026-01-29 19:00:00+00:00,10.99101973
2026-01-29 20:00:00+00:00,11.03394668
2026-01-29 21:00:00+00:00,11.03768237
2026-01-29 22:00:00+00:00,11.02999153
2026-01-29 23:00:00+00:00,11.04220884
2026-01-30 00:00:00+00:00,11.06857008
2026-01-30 01:00:00+00:00,10.95960506
2026-01-30 02:00:00+00:00,10.91321928
2026-01-30 03:00:00+00:00,10.92232315
2026-01-30 04:00:00+00:00,10.97142544
2026-01-30 05:00:00+00:00,10.95260067
2026-01-30 06:00:00+00:00,10.79601965
2026-01-30 07:00:00+00:00,10.95754519
2026-01-30 08:00:00+00:00,10.88298549
2026-01-30 09:00:00+00:00,10.85648659
2026-01-30 10:00:00+00:00,10.93642828
2026-01-30 11:00:00+00:00,11.01152701
2026-01-30 12:00:00+00:00,10.9612081
2026-01-30 13:00:00+00:00,10.87284008
2026-01-30 14:00:00+00:00,10.94839018
2026-01-30 15:00:00+00:00,10.93855372
2026-01-30 16:00:00+00:00,10.95034679
2026-01-30 17:00:00+00:00,10.9312008
2026-01-30 18:00:00+00:00,10.99711066
2026-01-30 19:00:00+00:00,10.99164174
2026-01-30 20:00:00+00:00,10.85851445
2026-01-30 21:00:00+00:00,10.93727599
2026-01-30 22:00:00+00:00,10.89834483
2026-01-30 23:00:00+00:00,10.87334906
2026-01-31 00:00:00+00:00,10.86541192
2026-01-31 01:00:00+00:00,10.87307769
2026-01-31 02:00:00+00:00,10.86063502
2026-01-31 03:00:00+00:00,10.84138737
2026-01-31 04:00:00+00:00,10.82051769
2026-01-31 05:00:00+00:00,10.81626764
2026-01-31 06:00:00+00:00,10.73691688
2026-01-31 07:00:00+00:00,10.65723462
2026-01-31 08:00:00+00:00,10.56971223
2026-01-31 09:00:00+00:00,10.6036236
2026-01-31 10:00:00+00:00,10.62317341
2026-01-31 11:00:00+00:00,10.59481417
2026-01-31 12:00:00+00:00,10.55055301
2026-01-31 13:00:00+00:00,10.4756527
2026-01-31 14:00:00+00:00,10.12258224
2026-01-31 15:00:00+00:00,10.16254384
2026-01-31 16:00:00+00:00,10.07766441
2026-01-31 17:00:00+00:00,9.78200215
2026-01-31 18:00:00+00:00,9.7782597
2026-01-31 19:00:00+00:00,9.84118719
2026-01-31 20:00:00+00:00,9.88764849
2026-01-31 21:00:00+00:00,9.97532765
2026-01-31 22:00:00+00:00,9.9760997
2026-01-31 23:00:00+00:00,10.11930824
2026-02-01 00:00:00+00:00,10.1874261
2026-02-01 01:00:00+00:00,10.17291343
2026-02-01 02:00:00+00:00,10.21081096
2026-02-01 03:00:00+00:00,10.21105174
2026-02-01 04:00:00+00:00,10.21267758
2026-02-01 05:00:00+00:00,10.16476662
2026-02-01 06:00:00+00:00,10.17181479
2026-02-01 07:00:00+00:00,10.18882077
2026-02-01 08:00:00+00:00,10.16789622
2026-02-01 09:00:00+00:00,10.1948385
2026-02-01 10:00:00+00:00,10.02157767
2026-02-01 11:00:00+00:00,10.12179791
2026-02-01 12:00:00+00:00,10.06931338
2026-02-01 13:00:00+00:00,10.06485588
2026-02-01 14:00:00+00:00,10.03871304
2026-02-01 15:00:00+00:00,9.86039695
2026-02-01 16:00:00+00:00,9.86701185
2026-02-01 17:00:00+00:00,9.89397146
2026-02-01 18:00:00+00:00,9.98919831
2026-02-01 19:00:00+00:00,9.88796703
2026-02-01 20:00:00+00:00,9.93091861
2026-02-01 21:00:00+00:00,9.86568472
2026-02-01 22:00:00+00:00,9.99005525
2026-02-01 23:00:00+00:00,9.91055324
2026-02-02 00:00:00+00:00,10.01941145
2026-02-02 01:00:00+00:00,10.07041273
2026-02-02 02:00:00+00:00,9.93086332
2026-02-02 03:00:00+00:00,9.8600337
2026-02-02 04:00:00+00:00,9.83299871
2026-02-02 05:00:00+00:00,9.68070694
2026-02-02 06:00:00+00:00,9.81662878
2026-02-02 07:00:00+00:00,9.88459167
2026-02-02 08:00:00+00:00,9.94029396
2026-02-02 09:00:00+00:00,10.01100456
2026-02-02 10:00:00+00:00,9.97837438
2026-02-02 11:00:00+00:00,9.98547679
2026-02-02 12:00:00+00:00,10.07646284
2026-02-02 13:00:00+00:00,10.12083765
2026-02-02 14:00:00+00:00,10.14852445
2026-02-02 15:00:00+00:00,10.24054508
2026-02-02 16:00:00+00:00,10.19698795
2026-02-02 17:00:00+00:00,10.1621588
2026-02-02 18:00:00+00:00,10.17081704
2026-02-02 19:00:00+00:00,10.14244997
2026-02-02 20:00:00+00:00,10.10361121
2026-02-02 21:00:00+00:00,10.15259692
2026-02-02 22:00:00+00:00,10.17880161
2026-02-02 23:00:00+00:00,10.14329064
2026-02-03 00:00:00+00:00,10.1471075
2026-02-03 01:00:00+00:00,10.13451052
2026-02-03 02:00:00+00:00,9.98314823
2026-02-03 03:00:00+00:00,10.13916614
2026-02-03 04:00:00+00:00,10.16417315
2026-02-03 05:00:00+00:00,10.08853202
2026-02-03 06:00:00+00:00,10.12926108
2026-02-03 07:00:00+00:00,10.14854904
2026-02-03 08:00:00+00:00,10.10252418
2026-02-03 09:00:00+00:00,10.05714978
2026-02-03 10:00:00+00:00,10.05326745
2026-02-03 11:00:00+00:00,10.08138169
2026-02-03 12:00:00+00:00,10.14984919
2026-02-03 13:00:00+00:00,10.1448504
2026-02-03 14:00:00+00:00,9.93589659
2026-02-03 15:00:00+00:00,10.15375155
2026-02-03 16:00:00+00:00,9.95234034
2026-02-03 17:00:00+00:00,9.75064804
2026-02-03 18:00:00+00:00,9.56270846
2026-02-03 19:00:00+00:00,9.9690665
2026-02-03 20:00:00+00:00,10.20878818
2026-02-03 21:00:00+00:00,10.09771154
2026-02-03 22:00:00+00:00,9.96980136
2026-02-03 23:00:00+00:00,9.92893647
2026-02-04 00:00:00+00:00,9.98817534
2026-02-04 01:00:00+00:00,10.05992003
2026-02-04 02:00:00+00:00,10.0182779
2026-02-04 03:00:00+00:00,10.10915566
2026-02-04 04:00:00+00:00,10.10723619
2026-02-04 05:00:00+00:00,10.04665188
2026-02-04 06:00:00+00:00,10.13192447
2026-02-04 07:00:00+00:00,10.1555936
2026-02-04 08:00:00+00:00,10.14063484
2026-02-04 09:00:00+00:00,10.07168754
2026-02-04 10:00:00+00:00,10.04036654
2026-02-04 11:00:00+00:00,10.02282749
2026-02-04 12:00:00+00:00,10.01104554
2026-02-04 13:00:00+00:00,9.8762653
2026-02-04 14:00:00+00:00,9.73605885
2026-02-04 15:00:00+00:00,9.72966924
2026-02-04 16:00:00+00:00,9.69990959
2026-02-04 17:00:00+00:00,9.70248365
2026-02-04 18:00:00+00:00,9.77081928
2026-02-04 19:00:00+00:00,9.93103516
2026-02-04 20:00:00+00:00,9.84073791
2026-02-04 21:00:00+00:00,9.7261757
2026-02-04 22:00:00+00:00,9.64143881
2026-02-04 23:00:00+00:00,9.71873036
2026-02-05 00:00:00+00:00,9.73790209
2026-02-05 01:00:00+00:00,9.74223574
2026-02-05 02:00:00+00:00,9.65268174
2026-02-05 03:00:00+00:00,9.62084784
2026-02-05 04:00:00+00:00,9.58018507
2026-02-05 05:00:00+00:00,9.56181756
2026-02-05 06:00:00+00:00,9.49682742
2026-02-05 07:00:00+00:00,9.50824574
2026-02-05 08:00:00+00:00,9.56999036
2026-02-05 09:00:00+00:00,9.56276818
2026-02-05 10:00:00+00:00,9.35899687
2026-02-05 11:00:00+00:00,9.26332582
2026-02-05 12:00:00+00:00,9.2521706
2026-02-05 13:00:00+00:00,9.2287837
2026-02-05 14:00:00+00:00,9.18720175
2026-02-05 15:00:00+00:00,8.86451534
2026-02-05 16:00:00+00:00,8.99388889
2026-02-05 17:00:00+00:00,8.82289535
2026-02-05 18:00:00+00:00,8.90015742
2026-02-05 19:00:00+00:00,8.69315618
2026-02-05 20:00:00+00:00,8.37059991
2026-02-05 21:00:00+00:00,8.36902709
2026-02-05 22:00:00+00:00,8.38902411
2026-02-05 23:00:00+00:00,8.31577064
2026-02-06 00:00:00+00:00,8.22347927
2026-02-06 01:00:00+00:00,8.45657713
2026-02-06 02:00:00+00:00,8.31674316
2026-02-06 03:00:00+00:00,8.26135823
2026-02-06 04:00:00+00:00,8.37143118
2026-02-06 05:00:00+00:00,8.60723049
2026-02-06 06:00:00+00:00,8.42154052
2026-02-06 07:00:00+00:00,8.41696485
2026-02-06 08:00:00+00:00,8.38417543
2026-02-06 09:00:00+00:00,8.60326608
2026-02-06 10:00:00+00:00,8.68390088
2026-02-06 11:00:00+00:00,8.71212318
2026-02-06 12:00:00+00:00,8.71652127
2026-02-06 13:00:00+00:00,8.80387287
2026-02-06 14:00:00+00:00,8.97739677
2026-02-06 15:00:00+00:00,9.03806768
2026-02-06 16:00:00+00:00,9.2527012
2026-02-06 17:00:00+00:00,9.34755677
2026-02-06 18:00:00+00:00,9.22937375
2026-02-06 19:00:00+00:00,9.25023852
2026-02-06 20:00:00+00:00,9.16371371
2026-02-06 21:00:00+00:00,9.18860752
2026-02-06 22:00:00+00:00,9.31731261
2026-02-06 23:00:00+00:00,9.27959986
2026-02-07 00:00:00+00:00,9.19449751
2026-02-07 01:00:00+00:00,9.24981148
2026-02-07 02:00:00+00:00,9.21976641
2026-02-07 03:00:00+00:00,9.28892988
2026-02-07 04:00:00+00:00,9.25911998
2026-02-07 05:00:00+00:00,9.26105874
2026-02-07 06:00:00+00:00,9.11370332
2026-02-07 07:00:00+00:00,8.99932533
2026-02-07 08:00:00+00:00,9.06697494
2026-02-07 09:00:00+00:00,9.00125004
2026-02-07 10:00:00+00:00,8.97433632
2026-02-07 11:00:00+00:00,8.98845991
2026-02-07 12:00:00+00:00,9.1689132
2026-02-07 13:00:00+00:00,9.12045467
2026-02-07 14:00:00+00:00,9.05787263
2026-02-07 15:00:00+00:00,9.17224943
2026-02-07 16:00:00+00:00,9.20994518
2026-02-07 17:00:00+00:00,9.23908689
2026-02-07 18:00:00+00:00,9.32931063
2026-02-07 19:00:00+00:00,9.25748601
2026-02-07 20:00:00+00:00,9.31706508
2026-02-07 21:00:00+00:00,9.2528607
2026-02-07 22:00:00+00:00,9.25541918
2026-02-07 23:00:00+00:00,9.22991082
2026-02-08 00:00:00+00:00,9.19852959
2026-02-08 01:00:00+00:00,9.21057607
2026-02-08 02:00:00+00:00,9.17751774
2026-02-08 03:00:00+00:00,9.1287408
2026-02-08 04:00:00+00:00,9.15836589
2026-02-08 05:00:00+00:00,9.13011065
2026-02-08 06:00:00+00:00,9.11358613
2026-02-08 07:00:00+00:00,9.14157845
2026-02-08 08:00:00+00:00,9.26897629
2026-02-08 09:00:00+00:00,9.18556845
2026-02-08 10:00:00+00:00,9.14918186
2026-02-08 11:00:00+00:00,9.26707214
2026-02-08 12:00:00+00:00,9.25688861
2026-02-08 13:00:00+00:00,9.2694244
2026-02-08 14:00:00+00:00,9.25832385
2026-02-08 15:00:00+00:00,9.16921373
2026-02-08 16:00:00+00:00,9.04041915
2026-02-08 17:00:00+00:00,9.09973019
2026-02-08 18:00:00+00:00,9.15956181
2026-02-08 19:00:00+00:00,9.20496955
2026-02-08 20:00:00+00:00,9.10062466
2026-02-08 21:00:00+00:00,9.05669787
2026-02-08 22:00:00+00:00,9.0824153
2026-02-08 23:00:00+00:00,9.07946715
2026-02-09 00:00:00+00:00,9.10240551
2026-02-09 01:00:00+00:00,9.08111806
2026-02-09 02:00:00+00:00,9.11826146
2026-02-09 03:00:00+00:00,9.18189171
2026-02-09 04:00:00+00:00,9.12218339
2026-02-09 05:00:00+00:00,9.13724608
2026-02-09 06:00:00+00:00,9.06028899
2026-02-09 07:00:00+00:00,9.03156274
2026-02-09 08:00:00+00:00,8.92670871
2026-02-09 09:00:00+00:00,8.87084719
2026-02-09 10:00:00+00:00,8.76260735
2026-02-09 11:00:00+00:00,8.78129398
2026-02-09 12:00:00+00:00,8.83818755
2026-02-09 13:00:00+00:00,8.77210916
2026-02-09 14:00:00+00:00,8.91299252
2026-02-09 15:00:00+00:00,8.99782577
2026-02-09 16:00:00+00:00,9.06852914
2026-02-09 17:00:00+00:00,9.13181943
2026-02-09 18:00:00+00:00,9.08384018
2026-02-09 19:00:00+00:00,9.11163613
2026-02-09 20:00:00+00:00,9.0929029
2026-02-09 21:00:00+00:00,9.08089641
2026-02-09 22:00:00+00:00,9.08593207
2026-02-09 23:00:00+00:00,9.0567317
2026-02-10 00:00:00+00:00,9.01840244
2026-02-10 01:00:00+00:00,9.09057617
2026-02-10 02:00:00+00:00,9.02181374
2026-02-10 03:00:00+00:00,8.90283451
2026-02-10 04:00:00+00:00,8.9689885
2026-02-10 05:00:00+00:00,8.90682121
2026-02-10 06:00:00+00:00,8.77867647
2026-02-10 07:00:00+00:00,8.82358973
2026-02-10 08:00:00+00:00,8.8678227
2026-02-10 09:00:00+00:00,8.86244905
2026-02-10 10:00:00+00:00,8.82321269
2026-02-10 11:00:00+00:00,8.78360203
2026-02-10 12:00:00+00:00,8.77184472
2026-02-10 13:00:00+00:00,8.8091034
2026-02-10 14:00:00+00:00,8.76485218
2026-02-10 15:00:00+00:00,8.78701306
2026-02-10 16:00:00+00:00,8.78155278
2026-02-10 17:00:00+00:00,8.81879525
2026-02-10 18:00:00+00:00,8.71431573
2026-02-10 19:00:00+00:00,8.72385646
2026-02-10 20:00:00+00:00,8.71154286
2026-02-10 21:00:00+00:00,8.68780679
2026-02-10 22:00:00+00:00,8.72961125
2026-02-10 23:00:00+00:00,8.75499504
2026-02-11 00:00:00+00:00,8.7707451
2026-02-11 01:00:00+00:00,8.77188796
2026-02-11 02:00:00+00:00,8.8557603
2026-02-11 03:00:00+00:00,8.87523836
2026-02-11 04:00:00+00:00,8.73864067
2026-02-11 05:00:00+00:00,8.67848839
2026-02-11 06:00:00+00:00,8.56869359
2026-02-11 07:00:00+00:00,8.58516437
2026-02-11 08:00:00+00:00,8.55046924
2026-02-11 09:00:00+00:00,8.52343456
2026-02-11 10:00:00+00:00,8.52312778
2026-02-11 11:00:00+00:00,8.58784987
2026-02-11 12:00:00+00:00,8.58854921
2026-02-11 13:00:00+00:00,8.65785216
2026-02-11 14:00:00+00:00,8.55543164
2026-02-11 15:00:00+00:00,8.51900344
2026-02-11 16:00:00+00:00,8.55967677
2026-02-11 17:00:00+00:00,8.63272684
2026-02-11 18:00:00+00:00,8.71638232
2026-02-11 19:00:00+00:00,8.70889364
2026-02-11 20:00:00+00:00,8.69912569
2026-02-11 21:00:00+00:00,8.74986949
2026-02-11 22:00:00+00:00,8.67375058
2026-02-11 23:00:00+00:00,8.63225767
2026-02-12 00:00:00+00:00,8.72643102
2026-02-12 01:00:00+00:00,8.73732725
2026-02-12 02:00:00+00:00,8.7214554
2026-02-12 03:00:00+00:00,8.7526799
2026-02-12 04:00:00+00:00,8.74055957
2026-02-12 05:00:00+00:00,8.77799185
2026-02-12 06:00:00+00:00,8.81069687
2026-02-12 07:00:00+00:00,8.81998921
2026-02-12 08:00:00+00:00,8.80276802
2026-02-12 09:00:00+00:00,8.87530304
2026-02-12 10:00:00+00:00,8.950938
2026-02-12 11:00:00+00:00,8.91160276
2026-02-12 12:00:00+00:00,8.84193697
2026-02-12 13:00:00+00:00,8.93862055
2026-02-12 14:00:00+00:00,8.92021463
2026-02-12 15:00:00+00:00,8.80153868
2026-02-12 16:00:00+00:00,8.66952866
2026-02-12 17:00:00+00:00,8.67171048
2026-02-12 18:00:00+00:00,8.73778328
2026-02-12 19:00:00+00:00,8.76945615
2026-02-12 20:00:00+00:00,8.70070111
2026-02-12 21:00:00+00:00,8.74146155
2026-02-12 22:00:00+00:00,8.83666741
2026-02-12 23:00:00+00:00,8.90102307
2026-02-13 00:00:00+00:00,8.85152363
2026-02-13 01:00:00+00:00,8.8670561
2026-02-13 02:00:00+00:00,8.87048482
2026-02-13 03:00:00+00:00,8.85783862
2026-02-13 04:00:00+00:00,8.80868014
2026-02-13 05:00:00+00:00,8.7898995
2026-02-13 06:00:00+00:00,8.81062489
2026-02-13 07:00:00+00:00,8.83770535
2026-02-13 08:00:00+00:00,8.8992858
2026-02-13 09:00:00+00:00,8.88003719
2026-02-13 10:00:00+00:00,8.89570079
2026-02-13 11:00:00+00:00,8.87160467
2026-02-13 12:00:00+00:00,8.85824595
2026-02-13 13:00:00+00:00,8.92962133
2026-02-13 14:00:00+00:00,8.98248672
2026-02-13 15:00:00+00:00,9.10235391
2026-02-13 16:00:00+00:00,9.19034778
2026-02-13 17:00:00+00:00,9.16900936
2026-02-13 18:00:00+00:00,9.1787589
2026-02-13 19:00:00+00:00,9.18383673
2026-02-13 20:00:00+00:00,9.20340526
2026-02-13 21:00:00+00:00,9.22033087
2026-02-13 22:00:00+00:00,9.1913432
2026-02-13 23:00:00+00:00,9.14760377
2026-02-14 00:00:00+00:00,9.19104886
2026-02-14 01:00:00+00:00,9.17377482
2026-02-14 02:00:00+00:00,9.18859113
2026-02-14 03:00:00+00:00,9.20563292
2026-02-14 04:00:00+00:00,9.17343894
2026-02-14 05:00:00+00:00,9.16342078
2026-02-14 06:00:00+00:00,9.17869947
2026-02-14 07:00:00+00:00,9.20016287
2026-02-14 08:00:00+00:00,9.26378564
2026-02-14 09:00:00+00:00,9.25741563
2026-02-14 10:00:00+00:00,9.25014464
2026-02-14 11:00:00+00:00,9.37629457
2026-02-14 12:00:00+00:00,9.30351197
2026-02-14 13:00:00+00:00,9.28972199
2026-02-14 14:00:00+00:00,9.37345428
2026-02-14 15:00:00+00:00,9.38607461
2026-02-14 16:00:00+00:00,9.43373879
2026-02-14 17:00:00+00:00,9.46522733
2026-02-14 18:00:00+00:00,9.56127077
2026-02-14 19:00:00+00:00,9.63054611
2026-02-14 20:00:00+00:00,9.59929104
2026-02-14 21:00:00+00:00,9.64416505
2026-02-14 22:00:00+00:00,9.64276467
2026-02-14 23:00:00+00:00,9.59258115
2026-02-15 00:00:00+00:00,9.57880346
2026-02-15 01:00:00+00:00,9.57626844
2026-02-15 02:00:00+00:00,9.55415522
2026-02-15 03:00:00+00:00,9.59916439
2026-02-15 04:00:00+00:00,9.61270969
2026-02-15 05:00:00+00:00,9.6885927
2026-02-15 06:00:00+00:00,9.63673882
2026-02-15 07:00:00+00:00,9.69834307
2026-02-15 08:00:00+00:00,9.58161845
2026-02-15 09:00:00+00:00,9.58570866
2026-02-15 10:00:00+00:00,9.55127846
2026-02-15 11:00:00+00:00,9.52410818
2026-02-15 12:00:00+00:00,9.33117944
2026-02-15 13:00:00+00:00,9.29948768
2026-02-15 14:00:00+00:00,9.3754819
2026-02-15 15:00:00+00:00,9.3834061
2026-02-15 16:00:00+00:00,9.36624306
2026-02-15 17:00:00+00:00,9.25941344
2026-02-15 18:00:00+00:00,9.19783957
2026-02-15 19:00:00+00:00,9.18299929
2026-02-15 20:00:00+00:00,9.22673812
2026-02-15 21:00:00+00:00,9.24805482
2026-02-15 22:00:00+00:00,9.28658484
2026-02-15 23:00:00+00:00,9.28842899
2026-02-16 00:00:00+00:00,9.28630247
2026-02-16 01:00:00+00:00,9.2432823
2026-02-16 02:00:00+00:00,9.21114223
2026-02-16 03:00:00+00:00,9.24013153
2026-02-16 04:00:00+00:00,9.31141674
2026-02-16 05:00:00+00:00,9.20235221
2026-02-16 06:00:00+00:00,9.26082546
2026-02-16 07:00:00+00:00,9.25965517
2026-02-16 08:00:00+00:00,9.28054755
2026-02-16 09:00:00+00:00,9.32386476
2026-02-16 10:00:00+00:00,9.27525888
2026-02-16 11:00:00+00:00,9.27799902
2026-02-16 12:00:00+00:00,9.36989912
2026-02-16 13:00:00+00:00,9.21120009
2026-02-16 14:00:00+00:00,9.22399598
2026-02-16 15:00:00+00:00,9.08942015
2026-02-16 16:00:00+00:00,9.13564221
2026-02-16 17:00:00+00:00,9.15776181
2026-02-16 18:00:00+00:00,9.12700213
2026-02-16 19:00:00+00:00,9.14596455
2026-02-16 20:00:00+00:00,9.20727549
2026-02-16 21:00:00+00:00,9.2778433
2026-02-16 22:00:00+00:00,9.26836927
2026-02-16 23:00:00+00:00,9.26022189
2026-02-17 00:00:00+00:00,9.24257309
2026-02-17 01:00:00+00:00,9.22631559
2026-02-17 02:00:00+00:00,9.27962563
2026-02-17 03:00:00+00:00,9.22116144
2026-02-17 04:00:00+00:00,9.22494688
2026-02-17 05:00:00+00:00,9.16907218
2026-02-17 06:00:00+00:00,9.20018796
2026-02-17 07:00:00+00:00,9.19819135
2026-02-17 08:00:00+00:00,9.15939817
2026-02-17 09:00:00+00:00,9.13077722
2026-02-17 10:00:00+00:00,9.08669606
2026-02-17 11:00:00+00:00,9.11178582
2026-02-17 12:00:00+00:00,9.14149765
2026-02-17 13:00:00+00:00,9.19496304
2026-02-17 14:00:00+00:00,9.04544545
2026-02-17 15:00:00+00:00,9.08071259
2026-02-17 16:00:00+00:00,9.14281934
2026-02-17 17:00:00+00:00,9.07856025
2026-02-17 18:00:00+00:00,9.2282316
2026-02-17 19:00:00+00:00,9.17831212
2026-02-17 20:00:00+00:00,9.16049713
2026-02-17 21:00:00+00:00,9.17099444
2026-02-17 22:00:00+00:00,9.16619272
2026-02-17 23:00:00+00:00,9.13902996
2026-02-18 00:00:00+00:00,9.11546634
2026-02-18 01:00:00+00:00,9.10648626
2026-02-18 02:00:00+00:00,9.11573733
2026-02-18 03:00:00+00:00,9.11038337
2026-02-18 04:00:00+00:00,9.07067467
2026-02-18 05:00:00+00:00,9.03814171
2026-02-18 06:00:00+00:00,9.06017344
2026-02-18 07:00:00+00:00,9.12450698
2026-02-18 08:00:00+00:00,9.1389485
2026-02-18 09:00:00+00:00,9.11849837
2026-02-18 10:00:00+00:00,9.09067154
2026-02-18 11:00:00+00:00,9.04474145
2026-02-18 12:00:00+00:00,9.04857357
2026-02-18 13:00:00+00:00,8.99293277
2026-02-18 14:00:00+00:00,9.01941726
2026-02-18 15:00:00+00:00,9.11693781
2026-02-18 16:00:00+00:00,9.03625352
2026-02-18 17:00:00+00:00,9.01865039
2026-02-18 18:00:00+00:00,8.92724675
2026-02-18 19:00:00+00:00,8.86896104
2026-02-18 20:00:00+00:00,8.87692764
2026-02-18 21:00:00+00:00,8.85210665
2026-02-18 22:00:00+00:00,8.85222541
2026-02-18 23:00:00+00:00,8.85900186
2026-02-19 00:00:00+00:00,8.83984787
2026-02-19 01:00:00+00:00,8.90997403
2026-02-19 02:00:00+00:00,8.90021012
2026-02-19 03:00:00+00:00,8.91199482
2026-02-19 04:00:00+00:00,8.8990872
2026-02-19 05:00:00+00:00,8.87570686
2026-02-19 06:00:00+00:00,8.90399107
2026-02-19 07:00:00+00:00,8.90126262
2026-02-19 08:00:00+00:00,8.83165787
2026-02-19 09:00:00+00:00,8.83587678
2026-02-19 10:00:00+00:00,8.82988053
2026-02-19 11:00:00+00:00,8.7913796
2026-02-19 12:00:00+00:00,8.79651905
2026-02-19 13:00:00+00:00,8.70217849
2026-02-19 14:00:00+00:00,8.78011847
2026-02-19 15:00:00+00:00,8.82622194
2026-02-19 16:00:00+00:00,8.8467635
2026-02-19 17:00:00+00:00,8.80152505
2026-02-19 18:00:00+00:00,8.89034508
2026-02-19 19:00:00+00:00,8.88760297
2026-02-19 20:00:00+00:00,8.8970872
2026-02-19 21:00:00+00:00,8.89561538
2026-02-19 22:00:00+00:00,8.9049833
2026-02-19 23:00:00+00:00,8.90559322
2026-02-20 00:00:00+00:00,8.94158616
2026-02-20 01:00:00+00:00,8.93584209
2026-02-20 02:00:00+00:00,8.93649144
2026-02-20 03:00:00+00:00,8.94120965
2026-02-20 04:00:00+00:00,8.91996066
2026-02-20 05:00:00+00:00,9.00717849
2026-02-20 06:00:00+00:00,9.08172465
2026-02-20 07:00:00+00:00,9.19353618
2026-02-20 08:00:00+00:00,9.22303946
2026-02-20 09:00:00+00:00,9.28195279
2026-02-20 10:00:00+00:00,9.23577852
2026-02-20 11:00:00+00:00,9.1052351
2026-02-20 12:00:00+00:00,9.10517748
2026-02-20 13:00:00+00:00,8.98637428
2026-02-20 14:00:00+00:00,9.02721462
2026-02-20 15:00:00+00:00,9.17862701
2026-02-20 16:00:00+00:00,9.16089063
2026-02-20 17:00:00+00:00,9.15110616
2026-02-20 18:00:00+00:00,9.1415219
2026-02-20 19:00:00+00:00,9.14443099
2026-02-20 20:00:00+00:00,9.13477291
2026-02-20 21:00:00+00:00,9.14405245
2026-02-20 22:00:00+00:00,9.14692066
2026-02-20 23:00:00+00:00,9.16969945
2026-02-21 00:00:00+00:00,9.13166312
2026-02-21 01:00:00+00:00,9.15219246
2026-02-21 02:00:00+00:00,9.19023377
2026-02-21 03:00:00+00:00,9.16148794
2026-02-21 04:00:00+00:00,9.17414842
2026-02-21 05:00:00+00:00,9.20093108
2026-02-21 06:00:00+00:00,9.15036383
2026-02-21 07:00:00+00:00,9.15230413
2026-02-21 08:00:00+00:00,9.21037106
2026-02-21 09:00:00+00:00,9.23589722
2026-02-21 10:00:00+00:00,9.26439289
2026-02-21 11:00:00+00:00,9.27275542
2026-02-21 12:00:00+00:00,9.2866657
2026-02-21 13:00:00+00:00,9.34875273
2026-02-21 14:00:00+00:00,9.35011503
2026-02-21 15:00:00+00:00,9.28511013
2026-02-21 16:00:00+00:00,9.22894941
2026-02-21 17:00:00+00:00,9.2693229
2026-02-21 18:00:00+00:00,9.30101688
2026-02-21 19:00:00+00:00,9.26712719
2026-02-21 20:00:00+00:00,9.1635251
2026-02-21 21:00:00+00:00,9.19757648
2026-02-21 22:00:00+00:00,9.16195177
2026-02-21 23:00:00+00:00,9.11880598
2026-02-22 00:00:00+00:00,9.06688125
2026-02-22 01:00:00+00:00,9.08526678
2026-02-22 02:00:00+00:00,9.03223977
2026-02-22 03:00:00+00:00,9.05429985
2026-02-22 04:00:00+00:00,9.04036584
2026-02-22 05:00:00+00:00,9.00898752
2026-02-22 06:00:00+00:00,9.00845314
2026-02-22 07:00:00+00:00,9.0172396
2026-02-22 08:00:00+00:00,8.98736649
2026-02-22 09:00:00+00:00,8.9967963
2026-02-22 10:00:00+00:00,9.02844645
2026-02-22 11:00:00+00:00,9.00887529
2026-02-22 12:00:00+00:00,8.93155974
2026-02-22 13:00:00+00:00,8.90681837
2026-02-22 14:00:00+00:00,8.8677742
2026-02-22 15:00:00+00:00,8.88308922
2026-02-22 16:00:00+00:00,8.87852121
2026-02-22 17:00:00+00:00,8.81142034
2026-02-22 18:00:00+00:00,8.81848074
2026-02-22 19:00:00+00:00,8.82605015
2026-02-22 20:00:00+00:00,8.79951391
2026-02-22 21:00:00+00:00,8.82210614
2026-02-22 22:00:00+00:00,8.86188396
2026-02-22 23:00:00+00:00,8.8750747
2026-02-23 00:00:00+00:00,8.78666194
2026-02-23 01:00:00+00:00,8.36818901
2026-02-23 02:00:00+00:00,8.41804366
2026-02-23 03:00:00+00:00,8.4144514
2026-02-23 04:00:00+00:00,8.36206297
2026-02-23 05:00:00+00:00,8.4286275
2026-02-23 06:00:00+00:00,8.57693243
2026-02-23 07:00:00+00:00,8.56547903
2026-02-23 08:00:00+00:00,8.51633555
2026-02-23 09:00:00+00:00,8.69630743
2026-02-23 10:00:00+00:00,8.68004869
2026-02-23 11:00:00+00:00,8.65024252
2026-02-23 12:00:00+00:00,8.73163012
2026-02-23 13:00:00+00:00,8.68542066
2026-02-23 14:00:00+00:00,8.63921651
2026-02-23 15:00:00+00:00,8.57004467
2026-02-23 16:00:00+00:00,8.5571717
2026-02-23 17:00:00+00:00,8.43223114
2026-02-23 18:00:00+00:00,8.4133574
2026-02-23 19:00:00+00:00,8.3685231
2026-02-23 20:00:00+00:00,8.34914804
2026-02-23 21:00:00+00:00,8.4012777
2026-02-23 22:00:00+00:00,8.41063523
2026-02-23 23:00:00+00:00,8.36177867
2026-02-24 00:00:00+00:00,8.41853133
2026-02-24 01:00:00+00:00,8.37129529
2026-02-24 02:00:00+00:00,8.38745393
2026-02-24 03:00:00+00:00,8.30731543
2026-02-24 04:00:00+00:00,8.27496285
2026-02-24 05:00:00+00:00,8.25169793
2026-02-24 06:00:00+00:00,8.23861238
2026-02-24 07:00:00+00:00,8.25694019
2026-02-24 08:00:00+00:00,8.30987871
2026-02-24 09:00:00+00:00,8.2856475
2026-02-24 10:00:00+00:00,8.27788336
2026-02-24 11:00:00+00:00,8.31711429
2026-02-24 12:00:00+00:00,8.30144678
2026-02-24 13:00:00+00:00,8.259506
2026-02-24 14:00:00+00:00,8.32030909
2026-02-24 15:00:00+00:00,8.33427481
2026-02-24 16:00:00+00:00,8.38968622
2026-02-24 17:00:00+00:00,8.38869997
2026-02-24 18:00:00+00:00,8.3987478
2026-02-24 19:00:00+00:00,8.34996155
2026-02-24 20:00:00+00:00,8.35226493
2026-02-24 21:00:00+00:00,8.30800989
2026-02-24 22:00:00+00:00,8.31161205
2026-02-24 23:00:00+00:00,8.28817127
2026-02-25 00:00:00+00:00,8.32845272
2026-02-25 01:00:00+00:00,8.61935539
2026-02-25 02:00:00+00:00,8.62918876
2026-02-25 03:00:00+00:00,8.51078518
2026-02-25 04:00:00+00:00,8.53657221
2026-02-25 05:00:00+00:00,8.47619812
2026-02-25 06:00:00+00:00,8.50768733
2026-02-25 07:00:00+00:00,8.5731327
2026-02-25 08:00:00+00:00,8.62844772
2026-02-25 09:00:00+00:00,8.73759664
2026-02-25 10:00:00+00:00,8.79847872
2026-02-25 11:00:00+00:00,8.97048147
2026-02-25 12:00:00+00:00,9.30244298
2026-02-25 13:00:00+00:00,9.3829777
2026-02-25 14:00:00+00:00,9.47560491
2026-02-25 15:00:00+00:00,9.52052834
2026-02-25 16:00:00+00:00,9.78923359
2026-02-25 17:00:00+00:00,9.66097554
2026-02-25 18:00:00+00:00,9.73250412
2026-02-25 19:00:00+00:00,9.74393427
2026-02-25 20:00:00+00:00,9.68700751
2026-02-25 21:00:00+00:00,9.70038051
2026-02-25 22:00:00+00:00,9.58404765
2026-02-25 23:00:00+00:00,9.51544797
2026-02-26 00:00:00+00:00,9.52715249
2026-02-26 01:00:00+00:00,9.50147517
2026-02-26 02:00:00+00:00,9.48075399
2026-02-26 03:00:00+00:00,9.45300831
2026-02-26 04:00:00+00:00,9.50842659
2026-02-26 05:00:00+00:00,9.43506962
2026-02-26 06:00:00+00:00,9.36168719
2026-02-26 07:00:00+00:00,9.32208183
2026-02-26 08:00:00+00:00,9.32283004
2026-02-26 09:00:00+00:00,9.37984208
2026-02-26 10:00:00+00:00,9.29793221
2026-02-26 11:00:00+00:00,9.24173279
2026-02-26 12:00:00+00:00,9.35264081
2026-02-26 13:00:00+00:00,9.33657736
2026-02-26 14:00:00+00:00,9.32155025
2026-02-26 15:00:00+00:00,9.3085738
2026-02-26 16:00:00+00:00,9.11445687
2026-02-26 17:00:00+00:00,9.12427871
2026-02-26 18:00:00+00:00,9.21362562
2026-02-26 19:00:00+00:00,9.30832967
2026-02-26 20:00:00+00:00,9.24977511
2026-02-26 21:00:00+00:00,9.24817983
2026-02-26 22:00:00+00:00,9.32710934
2026-02-26 23:00:00+00:00,9.3063949
2026-02-27 00:00:00+00:00,9.28050277
2026-02-27 01:00:00+00:00,9.3029233
2026-02-27 02:00:00+00:00,9.35130313
2026-02-27 03:00:00+00:00,9.41129998
2026-02-27 04:00:00+00:00,9.39912001
2026-02-27 05:00:00+00:00,9.41400746
2026-02-27 06:00:00+00:00,9.40962045
2026-02-27 07:00:00+00:00,9.38408954
2026-02-27 08:00:00+00:00,9.38079627
2026-02-27 09:00:00+00:00,9.27937543
2026-02-27 10:00:00+00:00,9.10830328
2026-02-27 11:00:00+00:00,9.03868648
2026-02-27 12:00:00+00:00,9.02401521
2026-02-27 13:00:00+00:00,9.0070563
2026-02-27 14:00:00+00:00,8.96017525
2026-02-27 15:00:00+00:00,9.01692862
2026-02-27 16:00:00+00:00,8.91028316
2026-02-27 17:00:00+00:00,8.95246092
2026-02-27 18:00:00+00:00,8.93311955
2026-02-27 19:00:00+00:00,8.89937944
2026-02-27 20:00:00+00:00,8.90102501
2026-02-27 21:00:00+00:00,8.89045907
2026-02-27 22:00:00+00:00,8.89711913
2026-02-27 23:00:00+00:00,8.95204684
2026-02-28 00:00:00+00:00,8.95448987
2026-02-28 01:00:00+00:00,8.9111105
2026-02-28 02:00:00+00:00,8.93072027
2026-02-28 03:00:00+00:00,8.88763246
2026-02-28 04:00:00+00:00,8.8895098
2026-02-28 05:00:00+00:00,8.88106635
2026-02-28 06:00:00+00:00,8.54875573
2026-02-28 07:00:00+00:00,8.62716975
2026-02-28 08:00:00+00:00,8.48687323
2026-02-28 09:00:00+00:00,8.48217286
2026-02-28 10:00:00+00:00,8.50851984
2026-02-28 11:00:00+00:00,8.47137223
2026-02-28 12:00:00+00:00,8.50614093
2026-02-28 13:00:00+00:00,8.69192093
2026-02-28 14:00:00+00:00,8.60355163
2026-02-28 15:00:00+00:00,8.63725243
2026-02-28 16:00:00+00:00,8.68305395
2026-02-28 17:00:00+00:00,8.73822555
2026-02-28 18:00:00+00:00,8.89410063
2026-02-28 19:00:00+00:00,8.9295902
2026-02-28 20:00:00+00:00,9.15089403
2026-02-28 21:00:00+00:00,9.12822523
2026-02-28 22:00:00+00:00,9.2031017
2026-02-28 23:00:00+00:00,9.16259102
2026-03-01 00:00:00+00:00,9.13994534
2026-03-01 01:00:00+00:00,9.26070413
2026-03-01 02:00:00+00:00,9.35028794
2026-03-01 03:00:00+00:00,9.26025776
2026-03-01 04:00:00+00:00,9.26344613
2026-03-01 05:00:00+00:00,9.2616193
2026-03-01 06:00:00+00:00,9.18246206
2026-03-01 07:00:00+00:00,9.21763033
2026-03-01 08:00:00+00:00,9.14068973
2026-03-01 09:00:00+00:00,9.14128713
2026-03-01 10:00:00+00:00,9.16161039
2026-03-01 11:00:00+00:00,9.12202441
2026-03-01 12:00:00+00:00,9.07238068
2026-03-01 13:00:00+00:00,9.16281942
2026-03-01 14:00:00+00:00,9.14091269
2026-03-01 15:00:00+00:00,9.13225253
2026-03-01 16:00:00+00:00,9.02276631
2026-03-01 17:00:00+00:00,9.00799427
2026-03-01 18:00:00+00:00,9.03333735
2026-03-01 19:00:00+00:00,8.95629588
2026-03-01 20:00:00+00:00,8.87625426
2026-03-01 21:00:00+00:00,8.94948494
2026-03-01 22:00:00+00:00,8.96137332
2026-03-01 23:00:00+00:00,9.02988844
2026-03-02 00:00:00+00:00,9.09176294
2026-03-02 01:00:00+00:00,9.10134537
2026-03-02 02:00:00+00:00,9.05093579
2026-03-02 03:00:00+00:00,9.11521251
2026-03-02 04:00:00+00:00,9.09333671
2026-03-02 05:00:00+00:00,9.06678975
2026-03-02 06:00:00+00:00,8.95227135
2026-03-02 07:00:00+00:00,8.9319258
2026-03-02 08:00:00+00:00,8.97727246
2026-03-02 09:00:00+00:00,8.96416159
2026-03-02 10:00:00+00:00,8.96287971
2026-03-02 11:00:00+00:00,8.97743898
2026-03-02 12:00:00+00:00,8.95732656
2026-03-02 13:00:00+00:00,8.91247288
2026-03-02 14:00:00+00:00,9.14583888
2026-03-02 15:00:00+00:00,9.30918621
2026-03-02 16:00:00+00:00,9.3714731
2026-03-02 17:00:00+00:00,9.2768688
2026-03-02 18:00:00+00:00,9.23237048
2026-03-02 19:00:00+00:00,9.23389895
2026-03-02 20:00:00+00:00,9.22327277
2026-03-02 21:00:00+00:00,9.21178394
2026-03-02 22:00:00+00:00,9.26163476
2026-03-02 23:00:00+00:00,9.17150215
2026-03-03 00:00:00+00:00,9.21626568
2026-03-03 01:00:00+00:00,9.16582644
2026-03-03 02:00:00+00:00,9.15989273
2026-03-03 03:00:00+00:00,9.15613481
2026-03-03 04:00:00+00:00,9.11725898
2026-03-03 05:00:00+00:00,9.10021742
2026-03-03 06:00:00+00:00,9.1021633
2026-03-03 07:00:00+00:00,9.11682709
2026-03-03 08:00:00+00:00,9.00624711
2026-03-03 09:00:00+00:00,8.99709233
2026-03-03 10:00:00+00:00,8.98882365
2026-03-03 11:00:00+00:00,9.01413211
2026-03-03 12:00:00+00:00,9.05874659
2026-03-03 13:00:00+00:00,8.96984546
2026-03-03 14:00:00+00:00,8.96798416
2026-03-03 15:00:00+00:00,9.16689077
2026-03-03 16:00:00+00:00,9.2042539
2026-03-03 17:00:00+00:00,9.2402288
2026-03-03 18:00:00+00:00,9.24153876
2026-03-03 19:00:00+00:00,9.17944169
2026-03-03 20:00:00+00:00,9.1418477
2026-03-03 21:00:00+00:00,9.11628925
2026-03-03 22:00:00+00:00,9.16799286
2026-03-03 23:00:00+00:00,9.17858729
2026-03-04 00:00:00+00:00,9.18242232
2026-03-04 01:00:00+00:00,9.18182948
2026-03-04 02:00:00+00:00,9.21927807
2026-03-04 03:00:00+00:00,9.17448795
2026-03-04 04:00:00+00:00,9.10991492
2026-03-04 05:00:00+00:00,9.04972807
2026-03-04 06:00:00+00:00,9.07650541
2026-03-04 07:00:00+00:00,9.1866491
2026-03-04 08:00:00+00:00,9.37785025
2026-03-04 09:00:00+00:00,9.39128433
2026-03-04 10:00:00+00:00,9.33970636
2026-03-04 11:00:00+00:00,9.30246198
2026-03-04 12:00:00+00:00,9.32030547
2026-03-04 13:00:00+00:00,9.34951671
2026-03-04 14:00:00+00:00,9.37828557
2026-03-04 15:00:00+00:00,9.70223006
2026-03-04 16:00:00+00:00,9.57953289
2026-03-04 17:00:00+00:00,9.60970057
2026-03-04 18:00:00+00:00,9.62934795
2026-03-04 19:00:00+00:00,9.67005195
2026-03-04 20:00:00+00:00,9.58136233
2026-03-04 21:00:00+00:00,9.54924974
2026-03-04 22:00:00+00:00,9.48278252
2026-03-04 23:00:00+00:00,9.50048906
2026-03-05 00:00:00+00:00,9.47022025
2026-03-05 01:00:00+00:00,9.43582494
2026-03-05 02:00:00+00:00,9.4771907
2026-03-05 03:00:00+00:00,9.45271757
2026-03-05 04:00:00+00:00,9.47590043
2026-03-05 05:00:00+00:00,9.4092219
2026-03-05 06:00:00+00:00,9.44756497
2026-03-05 07:00:00+00:00,9.37846853
2026-03-05 08:00:00+00:00,9.43018131
2026-03-05 09:00:00+00:00,9.46792818
2026-03-05 10:00:00+00:00,9.55663899
2026-03-05 11:00:00+00:00,9.45659832
2026-03-05 12:00:00+00:00,9.5054794
2026-03-05 13:00:00+00:00,9.43419528
2026-03-05 14:00:00+00:00,9.50402283
2026-03-05 15:00:00+00:00,9.40424911
2026-03-05 16:00:00+00:00,9.37731169
2026-03-05 17:00:00+00:00,9.27387839
2026-03-05 18:00:00+00:00,9.35917073
2026-03-05 19:00:00+00:00,9.38703778
2026-03-05 20:00:00+00:00,9.47379924
2026-03-05 21:00:00+00:00,9.43812279
2026-03-05 22:00:00+00:00,9.41580401
2026-03-05 23:00:00+00:00,9.38480283
2026-03-06 00:00:00+00:00,9.37929679
2026-03-06 01:00:00+00:00,9.43510008
2026-03-06 02:00:00+00:00,9.39626379
2026-03-06 03:00:00+00:00,9.4178035
2026-03-06 04:00:00+00:00,9.36858356
2026-03-06 05:00:00+00:00,9.36873941
2026-03-06 06:00:00+00:00,9.3687863
2026-03-06 07:00:00+00:00,9.45709681
2026-03-06 08:00:00+00:00,9.40068066
2026-03-06 09:00:00+00:00,9.31681086
2026-03-06 10:00:00+00:00,9.33289619
2026-03-06 11:00:00+00:00,9.25745822
2026-03-06 12:00:00+00:00,9.21418571
2026-03-06 13:00:00+00:00,9.09177956
2026-03-06 14:00:00+00:00,8.95986577
2026-03-06 15:00:00+00:00,8.97887062
2026-03-06 16:00:00+00:00,8.96836711
2026-03-06 17:00:00+00:00,8.91543507
2026-03-06 18:00:00+00:00,8.9658087
2026-03-06 19:00:00+00:00,8.96307618
2026-03-06 20:00:00+00:00,8.95553741
2026-03-06 21:00:00+00:00,9.0363723
2026-03-06 22:00:00+00:00,9.06084143
2026-03-06 23:00:00+00:00,9.01320031
2026-03-07 00:00:00+00:00,9.04695913
2026-03-07 01:00:00+00:00,9.0333625
2026-03-07 02:00:00+00:00,9.04569147
2026-03-07 03:00:00+00:00,9.0257388
2026-03-07 04:00:00+00:00,9.00488351
2026-03-07 05:00:00+00:00,9.0147379
2026-03-07 06:00:00+00:00,8.98091639
2026-03-07 07:00:00+00:00,9.01227217
2026-03-07 08:00:00+00:00,9.00740311
2026-03-07 09:00:00+00:00,9.02103923
2026-03-07 10:00:00+00:00,9.00544103
2026-03-07 11:00:00+00:00,9.01910852
2026-03-07 12:00:00+00:00,8.99100838
2026-03-07 13:00:00+00:00,8.99302399
2026-03-07 14:00:00+00:00,8.99094234
2026-03-07 15:00:00+00:00,8.96736318
2026-03-07 16:00:00+00:00,8.97950201
2026-03-07 17:00:00+00:00,8.99396051
2026-03-07 18:00:00+00:00,8.94140479
2026-03-07 19:00:00+00:00,8.88789204
2026-03-07 20:00:00+00:00,8.92674236
2026-03-07 21:00:00+00:00,8.93701838
2026-03-07 22:00:00+00:00,8.88316477
2026-03-07 23:00:00+00:00,8.90794282
2026-03-08 00:00:00+00:00,8.89001606
2026-03-08 01:00:00+00:00,8.90828121
2026-03-08 02:00:00+00:00,8.82863606
2026-03-08 03:00:00+00:00,8.85122749
2026-03-08 04:00:00+00:00,8.81592464
2026-03-08 05:00:00+00:00,8.86130543
2026-03-08 06:00:00+00:00,8.86550288
2026-03-08 07:00:00+00:00,8.88044278
2026-03-08 08:00:00+00:00,8.87735716
2026-03-08 09:00:00+00:00,8.93205107
2026-03-08 10:00:00+00:00,8.97929285
2026-03-08 11:00:00+00:00,8.91749226
2026-03-08 12:00:00+00:00,8.95781919
2026-03-08 13:00:00+00:00,8.89837498
2026-03-08 14:00:00+00:00,8.89872827
2026-03-08 15:00:00+00:00,8.87459907
2026-03-08 16:00:00+00:00,8.83162824
2026-03-08 17:00:00+00:00,8.85692157
2026-03-08 18:00:00+00:00,8.84993432
2026-03-08 19:00:00+00:00,8.95924252
2026-03-08 20:00:00+00:00,8.93693632
2026-03-08 21:00:00+00:00,8.90836669
2026-03-08 22:00:00+00:00,8.84113487
2026-03-08 23:00:00+00:00,8.81737899
2026-03-09 00:00:00+00:00,8.90797774
2026-03-09 01:00:00+00:00,8.84463663
2026-03-09 02:00:00+00:00,8.91808268
2026-03-09 03:00:00+00:00,8.97150219
2026-03-09 04:00:00+00:00,8.99074949
2026-03-09 05:00:00+00:00,9.21177819
2026-03-09 06:00:00+00:00,9.12280712
2026-03-09 07:00:00+00:00,9.0807243
2026-03-09 08:00:00+00:00,9.08643124
2026-03-09 09:00:00+00:00,9.1093441
2026-03-09 10:00:00+00:00,9.06546905
2026-03-09 11:00:00+00:00,9.0871926
2026-03-09 12:00:00+00:00,9.13632469
2026-03-09 13:00:00+00:00,9.28859398
2026-03-09 14:00:00+00:00,9.25319931
2026-03-09 15:00:00+00:00,9.27955002
2026-03-09 16:00:00+00:00,9.29135355
2026-03-09 17:00:00+00:00,9.25357033
2026-03-09 18:00:00+00:00,9.24700789
2026-03-09 19:00:00+00:00,9.38891842
2026-03-09 20:00:00+00:00,9.36749381
2026-03-09 21:00:00+00:00,9.35965937
2026-03-09 22:00:00+00:00,9.25738112
2026-03-09 23:00:00+00:00,9.26356954
2026-03-10 00:00:00+00:00,9.32262831
2026-03-10 01:00:00+00:00,9.35183059
2026-03-10 02:00:00+00:00,9.44947883
2026-03-10 03:00:00+00:00,9.32951143
2026-03-10 04:00:00+00:00,9.43743105
2026-03-10 05:00:00+00:00,9.38684341
2026-03-10 06:00:00+00:00,9.35247913
2026-03-10 07:00:00+00:00,9.40007272
2026-03-10 08:00:00+00:00,9.42439282
2026-03-10 09:00:00+00:00,9.57362049
2026-03-10 10:00:00+00:00,9.53208249
2026-03-10 11:00:00+00:00,9.4896201
2026-03-10 12:00:00+00:00,9.43200789
2026-03-10 13:00:00+00:00,9.38509885
2026-03-10 14:00:00+00:00,9.64826968
2026-03-10 15:00:00+00:00,9.76745398
2026-03-10 16:00:00+00:00,9.83939731
2026-03-10 17:00:00+00:00,9.87171436
2026-03-10 18:00:00+00:00,9.62989867
2026-03-10 19:00:00+00:00,9.60099059
2026-03-10 20:00:00+00:00,9.62608426
2026-03-10 21:00:00+00:00,9.54012627
2026-03-10 22:00:00+00:00,9.50406178
2026-03-10 23:00:00+00:00,9.53188604
2026-03-11 00:00:00+00:00,9.55862174
2026-03-11 01:00:00+00:00,9.55852174
2026-03-11 02:00:00+00:00,9.55939429
2026-03-11 03:00:00+00:00,9.5438561
2026-03-11 04:00:00+00:00,9.69935861
2026-03-11 05:00:00+00:00,9.50093733
2026-03-11 06:00:00+00:00,9.61892253
2026-03-11 07:00:00+00:00,9.51415334
2026-03-11 08:00:00+00:00,9.54892246
2026-03-11 09:00:00+00:00,9.51752309
2026-03-11 10:00:00+00:00,9.58077331
2026-03-11 11:00:00+00:00,9.55401395
2026-03-11 12:00:00+00:00,9.60172356
2026-03-11 13:00:00+00:00,9.71676464
2026-03-11 14:00:00+00:00,9.68053625
2026-03-11 15:00:00+00:00,9.59992569
2026-03-11 16:00:00+00:00,9.63740854
2026-03-11 17:00:00+00:00,9.67853908
2026-03-11 18:00:00+00:00,9.73649828
2026-03-11 19:00:00+00:00,9.70161609
2026-03-11 20:00:00+00:00,9.66778538
2026-03-11 21:00:00+00:00,9.64752449
2026-03-11 22:00:00+00:00,9.60129395
2026-03-11 23:00:00+00:00,9.55056379
2026-03-12 00:00:00+00:00,9.54836154
2026-03-12 01:00:00+00:00,9.51607905
2026-03-12 02:00:00+00:00,9.44993514
2026-03-12 03:00:00+00:00,9.49037861
2026-03-12 04:00:00+00:00,9.48044057
2026-03-12 05:00:00+00:00,9.47165587
2026-03-12 06:00:00+00:00,9.5313507
2026-03-12 07:00:00+00:00,9.5877577
2026-03-12 08:00:00+00:00,9.57930771
2026-03-12 09:00:00+00:00,9.58788078
2026-03-12 10:00:00+00:00,9.61805298
2026-03-12 11:00:00+00:00,9.57139208
2026-03-12 12:00:00+00:00,9.61650325
2026-03-12 13:00:00+00:00,9.56804266
2026-03-12 14:00:00+00:00,9.50517821
2026-03-12 15:00:00+00:00,9.58706776
2026-03-12 16:00:00+00:00,9.59465313
2026-03-12 17:00:00+00:00,9.55319716
2026-03-12 18:00:00+00:00,9.54065075
2026-03-12 19:00:00+00:00,9.60797281
2026-03-12 20:00:00+00:00,9.61016862
2026-03-12 21:00:00+00:00,9.65882185
2026-03-12 22:00:00+00:00,9.64740099
2026-03-12 23:00:00+00:00,9.67325388
2026-03-13 00:00:00+00:00,9.82556467
2026-03-13 01:00:00+00:00,9.95743426
2026-03-13 02:00:00+00:00,9.89392924
2026-03-13 03:00:00+00:00,9.95351754
2026-03-13 04:00:00+00:00,9.91273908
2026-03-13 05:00:00+00:00,9.9516861
2026-03-13 06:00:00+00:00,9.85809508
2026-03-13 07:00:00+00:00,9.85130798
2026-03-13 08:00:00+00:00,9.84709489
2026-03-13 09:00:00+00:00,9.95007836
2026-03-13 10:00:00+00:00,10.01276481
2026-03-13 11:00:00+00:00,10.0096007
2026-03-13 12:00:00+00:00,10.09354263
2026-03-13 13:00:00+00:00,10.21526388
2026-03-13 14:00:00+00:00,9.96044513
2026-03-13 15:00:00+00:00,9.89881315
2026-03-13 16:00:00+00:00,9.89182937
2026-03-13 17:00:00+00:00,9.75960138
2026-03-13 18:00:00+00:00,9.78380174
2026-03-13 19:00:00+00:00,9.77146302
2026-03-13 20:00:00+00:00,9.79118366
2026-03-13 21:00:00+00:00,9.76228791
2026-03-13 22:00:00+00:00,9.71121583
2026-03-13 23:00:00+00:00,9.72076338
2026-03-14 00:00:00+00:00,9.66805536
2026-03-14 01:00:00+00:00,9.70168662
2026-03-14 02:00:00+00:00,9.71062349
2026-03-14 03:00:00+00:00,9.73514376
2026-03-14 04:00:00+00:00,9.71154833
2026-03-14 05:00:00+00:00,9.67270654
2026-03-14 06:00:00+00:00,9.6220114
2026-03-14 07:00:00+00:00,9.59175566
2026-03-14 08:00:00+00:00,9.59459351
2026-03-14 09:00:00+00:00,9.56066399
2026-03-14 10:00:00+00:00,9.55213357
2026-03-14 11:00:00+00:00,9.57573733
2026-03-14 12:00:00+00:00,9.56260008
2026-03-14 13:00:00+00:00,9.57045528
2026-03-14 14:00:00+00:00,9.55091445
2026-03-14 15:00:00+00:00,9.56277809
2026-03-14 16:00:00+00:00,9.60366308
2026-03-14 17:00:00+00:00,9.58181057
2026-03-14 18:00:00+00:00,9.57217977
2026-03-14 19:00:00+00:00,9.57193952
2026-03-14 20:00:00+00:00,9.59057206
2026-03-14 21:00:00+00:00,9.61229788
2026-03-14 22:00:00+00:00,9.62353786
2026-03-14 23:00:00+00:00,9.73025504
2026-03-15 00:00:00+00:00,9.69234947
2026-03-15 01:00:00+00:00,9.71297891
2026-03-15 02:00:00+00:00,9.78157272
2026-03-15 03:00:00+00:00,9.71359665
2026-03-15 04:00:00+00:00,9.71022567
2026-03-15 05:00:00+00:00,9.71179676
2026-03-15 06:00:00+00:00,9.70091041
2026-03-15 07:00:00+00:00,9.71511698
2026-03-15 08:00:00+00:00,9.78160762
2026-03-15 09:00:00+00:00,9.7814592
2026-03-15 10:00:00+00:00,9.80354137
2026-03-15 11:00:00+00:00,9.80018443
2026-03-15 12:00:00+00:00,9.83897395
2026-03-15 13:00:00+00:00,9.75815694
2026-03-15 14:00:00+00:00,9.75198289
2026-03-15 15:00:00+00:00,9.71179992
2026-03-15 16:00:00+00:00,9.70334564
2026-03-15 17:00:00+00:00,9.77039987
2026-03-15 18:00:00+00:00,9.6956278
2026-03-15 19:00:00+00:00,9.76719488
2026-03-15 20:00:00+00:00,9.79426903
2026-03-15 21:00:00+00:00,9.84057742
2026-03-15 22:00:00+00:00,9.971882
2026-03-15 23:00:00+00:00,9.9491185
2026-03-16 00:00:00+00:00,9.93954049
2026-03-16 01:00:00+00:00,10.00053517
2026-03-16 02:00:00+00:00,9.96413144
2026-03-16 03:00:00+00:00,10.26223433
2026-03-16 04:00:00+00:00,10.42645996
2026-03-16 05:00:00+00:00,10.48478768
2026-03-16 06:00:00+00:00,10.41073843
2026-03-16 07:00:00+00:00,10.36693635
2026-03-16 08:00:00+00:00,10.24241299
2026-03-16 09:00:00+00:00,10.27378888
2026-03-16 10:00:00+00:00,10.26763062
2026-03-16 11:00:00+00:00,10.21445822
2026-03-16 12:00:00+00:00,10.17792755
2026-03-16 13:00:00+00:00,10.18931909
2026-03-16 14:00:00+00:00,10.14135441
2026-03-16 15:00:00+00:00,10.07970744
2026-03-16 16:00:00+00:00,10.24753789
2026-03-16 17:00:00+00:00,10.25641573
2026-03-16 18:00:00+00:00,10.24203668
2026-03-16 19:00:00+00:00,10.27282349
2026-03-16 20:00:00+00:00,10.33063128
2026-03-16 21:00:00+00:00,10.37945784
2026-03-16 22:00:00+00:00,10.49896155
2026-03-16 23:00:00+00:00,10.4872236
2026-03-17 00:00:00+00:00,10.50280814
2026-03-17 01:00:00+00:00,10.49885855
2026-03-17 02:00:00+00:00,10.47534654
2026-03-17 03:00:00+00:00,10.35215397
2026-03-17 04:00:00+00:00,10.28986704
2026-03-17 05:00:00+00:00,10.27966006
2026-03-17 06:00:00+00:00,10.29724605
2026-03-17 07:00:00+00:00,10.31101669
2026-03-17 08:00:00+00:00,10.29565413
2026-03-17 09:00:00+00:00,10.27170959
2026-03-17 10:00:00+00:00,10.26197789
2026-03-17 11:00:00+00:00,10.26223763
2026-03-17 12:00:00+00:00,10.24137169
2026-03-17 13:00:00+00:00,10.2525965
2026-03-17 14:00:00+00:00,10.27911759
2026-03-17 15:00:00+00:00,10.26605581
2026-03-17 16:00:00+00:00,10.2670901
2026-03-17 17:00:00+00:00,10.29410032
2026-03-17 18:00:00+00:00,10.30108444
2026-03-17 19:00:00+00:00,10.25004742
2026-03-17 20:00:00+00:00,10.28378657
2026-03-17 21:00:00+00:00,10.303001
2026-03-17 22:00:00+00:00,10.26637952
2026-03-17 23:00:00+00:00,10.19746484
2026-03-18 00:00:00+00:00,10.20386472
2026-03-18 01:00:00+00:00,10.2251701
2026-03-18 02:00:00+00:00,10.26155134
2026-03-18 03:00:00+00:00,10.31652521
2026-03-18 04:00:00+00:00,10.24990617
2026-03-18 05:00:00+00:00,10.24195336
2026-03-18 06:00:00+00:00,10.2685281
2026-03-18 07:00:00+00:00,10.24721626
2026-03-18 08:00:00+00:00,10.2477763
2026-03-18 09:00:00+00:00,10.25056577
2026-03-18 10:00:00+00:00,10.21276
2026-03-18 11:00:00+00:00,9.98830253
2026-03-18 12:00:00+00:00,9.80688859
2026-03-18 13:00:00+00:00,9.79577626
2026-03-18 14:00:00+00:00,9.57740896
2026-03-18 15:00:00+00:00,9.5691455
2026-03-18 16:00:00+00:00,9.53817223
2026-03-18 17:00:00+00:00,9.62263492
2026-03-18 18:00:00+00:00,9.58948328
2026-03-18 19:00:00+00:00,9.61648314
2026-03-18 20:00:00+00:00,9.66276412
2026-03-18 21:00:00+00:00,9.71840678
2026-03-18 22:00:00+00:00,9.69402421
2026-03-18 23:00:00+00:00,9.68715089
2026-03-19 00:00:00+00:00,9.66146247
2026-03-19 01:00:00+00:00,9.66160105
2026-03-19 02:00:00+00:00,9.62007196
2026-03-19 03:00:00+00:00,9.66758221
2026-03-19 04:00:00+00:00,9.62386044
2026-03-19 05:00:00+00:00,9.60254321
2026-03-19 06:00:00+00:00,9.59931455
2026-03-19 07:00:00+00:00,9.51348697
2026-03-19 08:00:00+00:00,9.51747116
2026-03-19 09:00:00+00:00,9.59971645
2026-03-19 10:00:00+00:00,9.54580494
2026-03-19 11:00:00+00:00,9.54872205
2026-03-19 12:00:00+00:00,9.4320427
2026-03-19 13:00:00+00:00,9.4624245
2026-03-19 14:00:00+00:00,9.43481933
2026-03-19 15:00:00+00:00,9.40459856
2026-03-19 16:00:00+00:00,9.37337097
2026-03-19 17:00:00+00:00,9.46042869
2026-03-19 18:00:00+00:00,9.457755
2026-03-19 19:00:00+00:00,9.5066768
2026-03-19 20:00:00+00:00,9.50286498
2026-03-19 21:00:00+00:00,9.51673513
2026-03-19 22:00:00+00:00,9.46036657
2026-03-19 23:00:00+00:00,9.47783565
2026-03-20 00:00:00+00:00,9.51868871
2026-03-20 01:00:00+00:00,9.55791921
2026-03-20 02:00:00+00:00,9.54589108
2026-03-20 03:00:00+00:00,9.56600096
2026-03-20 04:00:00+00:00,9.57764638
2026-03-20 05:00:00+00:00,9.56287006
2026-03-20 06:00:00+00:00,9.51066409
2026-03-20 07:00:00+00:00,9.53206789
2026-03-20 08:00:00+00:00,9.57775663
2026-03-20 09:00:00+00:00,9.52701792
2026-03-20 10:00:00+00:00,9.54148543
2026-03-20 11:00:00+00:00,9.51797473
2026-03-20 12:00:00+00:00,9.48878203
2026-03-20 13:00:00+00:00,9.45522218
2026-03-20 14:00:00+00:00,9.44954019
2026-03-20 15:00:00+00:00,9.48696034
2026-03-20 16:00:00+00:00,9.48134995
2026-03-20 17:00:00+00:00,9.49492804
2026-03-20 18:00:00+00:00,9.46667801
2026-03-20 19:00:00+00:00,9.52796779
2026-03-20 20:00:00+00:00,9.51687399
2026-03-20 21:00:00+00:00,9.57343119
2026-03-20 22:00:00+00:00,9.58496452
2026-03-20 23:00:00+00:00,9.56440479
2026-03-21 00:00:00+00:00,9.56226507
2026-03-21 01:00:00+00:00,9.5485657
2026-03-21 02:00:00+00:00,9.60565604
2026-03-21 03:00:00+00:00,9.58796047
2026-03-21 04:00:00+00:00,9.56700465
2026-03-21 05:00:00+00:00,9.58772671
2026-03-21 06:00:00+00:00,9.61818641
2026-03-21 07:00:00+00:00,9.58688567
2026-03-21 08:00:00+00:00,9.5674005
2026-03-21 09:00:00+00:00,9.54897368
2026-03-21 10:00:00+00:00,9.50079202
2026-03-21 11:00:00+00:00,9.50770551
2026-03-21 12:00:00+00:00,9.50825026
2026-03-21 13:00:00+00:00,9.49412109
2026-03-21 14:00:00+00:00,9.47322709
2026-03-21 15:00:00+00:00,9.53945143
2026-03-21 16:00:00+00:00,9.49326395
2026-03-21 17:00:00+00:00,9.49235486
2026-03-21 18:00:00+00:00,9.49201174
2026-03-21 19:00:00+00:00,9.49634499
2026-03-21 20:00:00+00:00,9.52632936
2026-03-21 21:00:00+00:00,9.5024203
2026-03-21 22:00:00+00:00,9.4967211
2026-03-21 23:00:00+00:00,9.21820546
2026-03-22 00:00:00+00:00,9.22084557
2026-03-22 01:00:00+00:00,9.2325349
2026-03-22 02:00:00+00:00,9.29075924
2026-03-22 03:00:00+00:00,9.28064803
2026-03-22 04:00:00+00:00,9.30130832
2026-03-22 05:00:00+00:00,9.24281474
2026-03-22 06:00:00+00:00,9.24233697
2026-03-22 07:00:00+00:00,9.19290636
2026-03-22 08:00:00+00:00,9.1528315
2026-03-22 09:00:00+00:00,9.1389776
2026-03-22 10:00:00+00:00,9.10734125
2026-03-22 11:00:00+00:00,9.0675512
2026-03-22 12:00:00+00:00,9.11829358
2026-03-22 13:00:00+00:00,9.10323058
2026-03-22 14:00:00+00:00,9.08359168
2026-03-22 15:00:00+00:00,9.09826077
2026-03-22 16:00:00+00:00,9.08538199
2026-03-22 17:00:00+00:00,9.07955667
2026-03-22 18:00:00+00:00,9.03779279
2026-03-22 19:00:00+00:00,8.9778739
2026-03-22 20:00:00+00:00,8.9857145
2026-03-22 21:00:00+00:00,8.97748429
2026-03-22 22:00:00+00:00,9.04682914
2026-03-22 23:00:00+00:00,9.02654241
2026-03-23 00:00:00+00:00,9.04622043
2026-03-23 01:00:00+00:00,9.07118495
2026-03-23 02:00:00+00:00,9.11676411
2026-03-23 03:00:00+00:00,9.09991921
2026-03-23 04:00:00+00:00,9.15751422
2026-03-23 05:00:00+00:00,9.15756867
2026-03-23 06:00:00+00:00,9.02917103
2026-03-23 07:00:00+00:00,9.02100646
2026-03-23 08:00:00+00:00,8.98290338
2026-03-23 09:00:00+00:00,9.0037533
2026-03-23 10:00:00+00:00,9.00307652
2026-03-23 11:00:00+00:00,9.38119002
2026-03-23 12:00:00+00:00,9.46536782
2026-03-23 13:00:00+00:00,9.61907138
2026-03-23 14:00:00+00:00,9.64044142
2026-03-23 15:00:00+00:00,9.42141806
2026-03-23 16:00:00+00:00,9.4598243
2026-03-23 17:00:00+00:00,9.52250697
2026-03-23 18:00:00+00:00,9.53087495
2026-03-23 19:00:00+00:00,9.46639533
2026-03-23 20:00:00+00:00,9.53633384
2026-03-23 21:00:00+00:00,9.56598714
2026-03-23 22:00:00+00:00,9.55947775
2026-03-23 23:00:00+00:00,9.5631184
2026-03-24 00:00:00+00:00,9.53892548
2026-03-24 01:00:00+00:00,9.50140743
2026-03-24 02:00:00+00:00,9.51617073
2026-03-24 03:00:00+00:00,9.57216797
2026-03-24 04:00:00+00:00,9.52144203
2026-03-24 05:00:00+00:00,9.52943627
2026-03-24 06:00:00+00:00,9.54619041
2026-03-24 07:00:00+00:00,9.60170894
2026-03-24 08:00:00+00:00,9.58984762
2026-03-24 09:00:00+00:00,9.6005471
2026-03-24 10:00:00+00:00,9.56703966
2026-03-24 11:00:00+00:00,9.54995479
2026-03-24 12:00:00+00:00,9.54913554
2026-03-24 13:00:00+00:00,9.45191727
2026-03-24 14:00:00+00:00,9.468515
2026-03-24 15:00:00+00:00,9.44169431
2026-03-24 16:00:00+00:00,9.40359736
2026-03-24 17:00:00+00:00,9.38612544
2026-03-24 18:00:00+00:00,9.40967926
2026-03-24 19:00:00+00:00,9.38951289
2026-03-24 20:00:00+00:00,9.55816649
2026-03-24 21:00:00+00:00,9.56031626
2026-03-24 22:00:00+00:00,9.57368845
2026-03-24 23:00:00+00:00,9.62142861
2026-03-25 00:00:00+00:00,9.63771402
2026-03-25 01:00:00+00:00,9.60825891
2026-03-25 02:00:00+00:00,9.58114182
2026-03-25 03:00:00+00:00,9.61911671
2026-03-25 04:00:00+00:00,9.64408824
2026-03-25 05:00:00+00:00,9.64334407
2026-03-25 06:00:00+00:00,9.64059998
2026-03-25 07:00:00+00:00,9.64580876
2026-03-25 08:00:00+00:00,9.69681235
2026-03-25 09:00:00+00:00,9.70873261
2026-03-25 10:00:00+00:00,9.71465129
2026-03-25 11:00:00+00:00,9.74576051
2026-03-25 12:00:00+00:00,9.73686184
2026-03-25 13:00:00+00:00,9.73097392
2026-03-25 14:00:00+00:00,9.70027551
2026-03-25 15:00:00+00:00,9.66925762
2026-03-25 16:00:00+00:00,9.70236749
2026-03-25 17:00:00+00:00,9.65392966
2026-03-25 18:00:00+00:00,9.66161193
2026-03-25 19:00:00+00:00,9.67855485
2026-03-25 20:00:00+00:00,9.6507638
2026-03-25 21:00:00+00:00,9.64220718
2026-03-25 22:00:00+00:00,9.68276814
2026-03-25 23:00:00+00:00,9.67974513
2026-03-26 00:00:00+00:00,9.67563491
2026-03-26 01:00:00+00:00,9.66978584
2026-03-26 02:00:00+00:00,9.59712393
2026-03-26 03:00:00+00:00,9.57237831
2026-03-26 04:00:00+00:00,9.55338943
2026-03-26 05:00:00+00:00,9.44992183
2026-03-26 06:00:00+00:00,9.43408371
2026-03-26 07:00:00+00:00,9.44022842
2026-03-26 08:00:00+00:00,9.41142258
2026-03-26 09:00:00+00:00,9.29351391
2026-03-26 10:00:00+00:00,9.26375818
2026-03-26 11:00:00+00:00,9.2347524
2026-03-26 12:00:00+00:00,9.24948014
2026-03-26 13:00:00+00:00,9.29920836
2026-03-26 14:00:00+00:00,9.24479901
2026-03-26 15:00:00+00:00,9.18071366
2026-03-26 16:00:00+00:00,9.13634671
2026-03-26 17:00:00+00:00,9.05948117
2026-03-26 18:00:00+00:00,9.02688234
2026-03-26 19:00:00+00:00,9.01892945
2026-03-26 20:00:00+00:00,9.09835451
2026-03-26 21:00:00+00:00,9.10865558
2026-03-26 22:00:00+00:00,9.11744822
2026-03-26 23:00:00+00:00,9.10834389
2026-03-27 00:00:00+00:00,9.11177247
2026-03-27 01:00:00+00:00,9.13590677
2026-03-27 02:00:00+00:00,9.12047876
2026-03-27 03:00:00+00:00,9.08006988
2026-03-27 04:00:00+00:00,9.05500527
2026-03-27 05:00:00+00:00,9.07796417
2026-03-27 06:00:00+00:00,9.08653741
2026-03-27 07:00:00+00:00,9.06867795
2026-03-27 08:00:00+00:00,8.97907142
2026-03-27 09:00:00+00:00,8.93774447
2026-03-27 10:00:00+00:00,8.71866128
2026-03-27 11:00:00+00:00,8.75737487
2026-03-27 12:00:00+00:00,8.78062944
2026-03-27 13:00:00+00:00,8.78362443
2026-03-27 14:00:00+00:00,8.79812285
2026-03-27 15:00:00+00:00,8.80336158
2026-03-27 16:00:00+00:00,8.76826885
2026-03-27 17:00:00+00:00,8.72695049
2026-03-27 18:00:00+00:00,8.72305063
2026-03-27 19:00:00+00:00,8.76756755
2026-03-27 20:00:00+00:00,8.76834677
2026-03-27 21:00:00+00:00,8.77128385
2026-03-27 22:00:00+00:00,8.76514893
2026-03-27 23:00:00+00:00,8.78773914
2026-03-28 00:00:00+00:00,8.76696379
2026-03-28 01:00:00+00:00,8.74296511
2026-03-28 02:00:00+00:00,8.73623152
2026-03-28 03:00:00+00:00,8.73913275
2026-03-28 04:00:00+00:00,8.73852695
2026-03-28 05:00:00+00:00,8.76666183
2026-03-28 06:00:00+00:00,8.78682819
2026-03-28 07:00:00+00:00,8.8310229
2026-03-28 08:00:00+00:00,8.80786035
2026-03-28 09:00:00+00:00,8.79824365
2026-03-28 10:00:00+00:00,8.79709108
2026-03-28 11:00:00+00:00,8.81796875
2026-03-28 12:00:00+00:00,8.78778355
2026-03-28 13:00:00+00:00,8.88953458
2026-03-28 14:00:00+00:00,8.87725895
2026-03-28 15:00:00+00:00,8.93578692
2026-03-28 16:00:00+00:00,8.9189723
2026-03-28 17:00:00+00:00,8.88617126
2026-03-28 18:00:00+00:00,8.90795921
2026-03-28 19:00:00+00:00,8.88495048
2026-03-28 20:00:00+00:00,8.8893269
2026-03-28 21:00:00+00:00,8.83945174
2026-03-28 22:00:00+00:00,8.83354597
2026-03-28 23:00:00+00:00,8.75373363
2026-03-29 00:00:00+00:00,8.74838657
2026-03-29 01:00:00+00:00,8.76516523
2026-03-29 02:00:00+00:00,8.77684995
2026-03-29 03:00:00+00:00,8.79852443
2026-03-29 04:00:00+00:00,8.77837982
2026-03-29 05:00:00+00:00,8.77069304
2026-03-29 06:00:00+00:00,8.75912181
2026-03-29 07:00:00+00:00,8.74945328
2026-03-29 08:00:00+00:00,8.74845658
2026-03-29 09:00:00+00:00,8.72590843
2026-03-29 10:00:00+00:00,8.69787008
2026-03-29 11:00:00+00:00,8.72954789
2026-03-29 12:00:00+00:00,8.70225619
2026-03-29 13:00:00+00:00,8.6505875
2026-03-29 14:00:00+00:00,8.68720794
2026-03-29 15:00:00+00:00,8.65948127
2026-03-29 16:00:00+00:00,8.63205749
2026-03-29 17:00:00+00:00,8.61231432
2026-03-29 18:00:00+00:00,8.62129242
2026-03-29 19:00:00+00:00,8.60700431
2026-03-29 20:00:00+00:00,8.64766788
2026-03-29 21:00:00+00:00,8.66832469
2026-03-29 22:00:00+00:00,8.55865996
2026-03-29 23:00:00+00:00,8.59902984
2026-03-30 00:00:00+00:00,8.67122159
2026-03-30 01:00:00+00:00,8.72828768
2026-03-30 02:00:00+00:00,8.79847179
2026-03-30 03:00:00+00:00,8.80689641
2026-03-30 04:00:00+00:00,8.85458925
2026-03-30 05:00:00+00:00,8.83941106
2026-03-30 06:00:00+00:00,8.82081248
2026-03-30 07:00:00+00:00,8.91780782
2026-03-30 08:00:00+00:00,9.00401858
2026-03-30 09:00:00+00:00,8.91642822
2026-03-30 10:00:00+00:00,8.93667175
2026-03-30 11:00:00+00:00,8.98081796
2026-03-30 12:00:00+00:00,9.00062193
2026-03-30 13:00:00+00:00,8.93985118
2026-03-30 14:00:00+00:00,8.97565462
2026-03-30 15:00:00+00:00,8.94402738
2026-03-30 16:00:00+00:00,8.9169247
2026-03-30 17:00:00+00:00,8.84310837
2026-03-30 18:00:00+00:00,8.78650731
2026-03-30 19:00:00+00:00,8.80028998
2026-03-30 20:00:00+00:00,8.80018392
2026-03-30 21:00:00+00:00,8.8465265
2026-03-30 22:00:00+00:00,8.82754159
2026-03-30 23:00:00+00:00,8.8091491
2026-03-31 00:00:00+00:00,8.85522175
2026-03-31 01:00:00+00:00,9.00720256
2026-03-31 02:00:00+00:00,9.03102921
2026-03-31 03:00:00+00:00,8.97205328
2026-03-31 04:00:00+00:00,8.93217269
2026-03-31 05:00:00+00:00,8.94457857
2026-03-31 06:00:00+00:00,8.95720422
2026-03-31 07:00:00+00:00,8.91466835
2026-03-31 08:00:00+00:00,8.81347982
2026-03-31 09:00:00+00:00,8.7199649
2026-03-31 10:00:00+00:00,8.72405125
2026-03-31 11:00:00+00:00,8.76842892
2026-03-31 12:00:00+00:00,8.77793612
2026-03-31 13:00:00+00:00,8.86374177
2026-03-31 14:00:00+00:00,8.77196301
2026-03-31 15:00:00+00:00,8.7416802
2026-03-31 16:00:00+00:00,8.86080007
2026-03-31 17:00:00+00:00,8.82100597
2026-03-31 18:00:00+00:00,8.90152194
2026-03-31 19:00:00+00:00,8.90619423
2026-03-31 20:00:00+00:00,8.93993213
2026-03-31 21:00:00+00:00,8.90128169
2026-03-31 22:00:00+00:00,8.89108995
2026-03-31 23:00:00+00:00,8.91330475
2026-04-01 00:00:00+00:00,8.96989053
2026-04-01 01:00:00+00:00,8.90134689
2026-04-01 02:00:00+00:00,8.8808558
2026-04-01 03:00:00+00:00,8.958201
2026-04-01 04:00:00+00:00,8.97131208
2026-04-01 05:00:00+00:00,9.08938292
2026-04-01 06:00:00+00:00,9.38794022
2026-04-01 07:00:00+00:00,9.34104117
2026-04-01 08:00:00+00:00,9.24478905
2026-04-01 09:00:00+00:00,9.21352179
2026-04-01 10:00:00+00:00,9.17435567
2026-04-01 11:00:00+00:00,9.20789179
2026-04-01 12:00:00+00:00,9.23004514
2026-04-01 13:00:00+00:00,9.16936037
2026-04-01 14:00:00+00:00,9.20263375
2026-04-01 15:00:00+00:00,9.21795512
2026-04-01 16:00:00+00:00,9.23263922
2026-04-01 17:00:00+00:00,9.18792469
2026-04-01 18:00:00+00:00,9.12452354
2026-04-01 19:00:00+00:00,9.16281002
2026-04-01 20:00:00+00:00,9.1292606
2026-04-01 21:00:00+00:00,9.18309241
2026-04-01 22:00:00+00:00,9.11983298
2026-04-01 23:00:00+00:00,9.12754971
2026-04-02 00:00:00+00:00,9.18713643
2026-04-02 01:00:00+00:00,8.92734707
2026-04-02 02:00:00+00:00,8.80812126
2026-04-02 03:00:00+00:00,8.77557097
2026-04-02 04:00:00+00:00,8.68324185
2026-04-02 05:00:00+00:00,8.71622672
2026-04-02 06:00:00+00:00,8.70815697
2026-04-02 07:00:00+00:00,8.74793175
2026-04-02 08:00:00+00:00,8.66901488
2026-04-02 09:00:00+00:00,8.66686298
2026-04-02 10:00:00+00:00,8.67891624
2026-04-02 11:00:00+00:00,8.68562719
2026-04-02 12:00:00+00:00,8.66026966
2026-04-02 13:00:00+00:00,8.68913971
2026-04-02 14:00:00+00:00,8.81982328
2026-04-02 15:00:00+00:00,8.73278035
2026-04-02 16:00:00+00:00,8.73341194
2026-04-02 17:00:00+00:00,8.64999524
2026-04-02 18:00:00+00:00,8.69704539
2026-04-02 19:00:00+00:00,8.7073504
2026-04-02 20:00:00+00:00,8.71244429
2026-04-02 21:00:00+00:00,8.72555903
2026-04-02 22:00:00+00:00,8.73232192
2026-04-02 23:00:00+00:00,8.75136877
2026-04-03 00:00:00+00:00,8.78134898
2026-04-03 01:00:00+00:00,8.75834919
2026-04-03 02:00:00+00:00,8.77933378
2026-04-03 03:00:00+00:00,8.80846746
2026-04-03 04:00:00+00:00,8.8284943
2026-04-03 05:00:00+00:00,8.89329422
2026-04-03 06:00:00+00:00,8.91808272
2026-04-03 07:00:00+00:00,8.89929422
2026-04-03 08:00:00+00:00,8.90895615
2026-04-03 09:00:00+00:00,8.93138102
2026-04-03 10:00:00+00:00,8.9403971
2026-04-03 11:00:00+00:00,8.95985125
2026-04-03 12:00:00+00:00,8.96151607
2026-04-03 13:00:00+00:00,8.98586284
2026-04-03 14:00:00+00:00,9.02272966
2026-04-03 15:00:00+00:00,9.01343244
2026-04-03 16:00:00+00:00,9.11943778
2026-04-03 17:00:00+00:00,9.03180501
2026-04-03 18:00:00+00:00,8.99152073
2026-04-03 19:00:00+00:00,8.96358675
2026-04-03 20:00:00+00:00,8.94296293
2026-04-03 21:00:00+00:00,8.94426484
2026-04-03 22:00:00+00:00,8.90940687
2026-04-03 23:00:00+00:00,8.91221496
2026-04-04 00:00:00+00:00,8.8696591
2026-04-04 01:00:00+00:00,8.89884898
2026-04-04 02:00:00+00:00,8.89083953
2026-04-04 03:00:00+00:00,8.89865088
2026-04-04 04:00:00+00:00,8.90723462
2026-04-04 05:00:00+00:00,8.86932512
2026-04-04 06:00:00+00:00,8.90184159
2026-04-04 07:00:00+00:00,8.87275637
2026-04-04 08:00:00+00:00,8.85719035
2026-04-04 09:00:00+00:00,8.85298209
2026-04-04 10:00:00+00:00,8.89379658
2026-04-04 11:00:00+00:00,8.89218344
2026-04-04 12:00:00+00:00,8.89187175
2026-04-04 13:00:00+00:00,8.87005926
2026-04-04 14:00:00+00:00,8.89240089
2026-04-04 15:00:00+00:00,8.95055211
2026-04-04 16:00:00+00:00,8.93393979
2026-04-04 17:00:00+00:00,9.04212786
2026-04-04 18:00:00+00:00,9.02615549
2026-04-04 19:00:00+00:00,9.01820392
2026-04-04 20:00:00+00:00,8.99702812
2026-04-04 21:00:00+00:00,9.00311129
2026-04-04 22:00:00+00:00,8.99068092
2026-04-04 23:00:00+00:00,8.98877396
2026-04-05 00:00:00+00:00,9.00786369
2026-04-05 01:00:00+00:00,8.98035389
2026-04-05 02:00:00+00:00,8.97030889
2026-04-05 03:00:00+00:00,8.95142977
2026-04-05 04:00:00+00:00,8.9369359
2026-04-05 05:00:00+00:00,8.87137341
2026-04-05 06:00:00+00:00,8.81987315
2026-04-05 07:00:00+00:00,8.80096604
2026-04-05 08:00:00+00:00,8.82409369
2026-04-05 09:00:00+00:00,8.82818184
2026-04-05 10:00:00+00:00,8.81079192
2026-04-05 11:00:00+00:00,8.8264581
2026-04-05 12:00:00+00:00,8.79030198
2026-04-05 13:00:00+00:00,8.81326178
2026-04-05 14:00:00+00:00,8.81976472
2026-04-05 15:00:00+00:00,8.87180933
2026-04-05 16:00:00+00:00,8.84230358
2026-04-05 17:00:00+00:00,8.86742449
2026-04-05 18:00:00+00:00,8.84960228
2026-04-05 19:00:00+00:00,8.84337499
2026-04-05 20:00:00+00:00,8.88164871
2026-04-05 21:00:00+00:00,8.85891867
2026-04-05 22:00:00+00:00,8.95916906
2026-04-05 23:00:00+00:00,9.06338231
2026-04-06 00:00:00+00:00,9.41158143
2026-04-06 01:00:00+00:00,9.42761971
2026-04-06 02:00:00+00:00,9.59309802
2026-04-06 03:00:00+00:00,9.44254826
2026-04-06 04:00:00+00:00,9.49107909
2026-04-06 05:00:00+00:00,9.46760579
2026-04-06 06:00:00+00:00,9.39059242
2026-04-06 07:00:00+00:00,9.38808938
2026-04-06 08:00:00+00:00,9.41768357
2026-04-06 09:00:00+00:00,9.44657765
2026-04-06 10:00:00+00:00,9.45991258
2026-04-06 11:00:00+00:00,9.44408273
2026-04-06 12:00:00+00:00,9.41543146
2026-04-06 13:00:00+00:00,9.35895077
2026-04-06 14:00:00+00:00,9.3605967
2026-04-06 15:00:00+00:00,9.38664466
2026-04-06 16:00:00+00:00,9.33145654
2026-04-06 17:00:00+00:00,9.32630287
2026-04-06 18:00:00+00:00,9.34288265
2026-04-06 19:00:00+00:00,9.31965885
2026-04-06 20:00:00+00:00,9.33793267
2026-04-06 21:00:00+00:00,9.27922633
2026-04-06 22:00:00+00:00,9.12302102
2026-04-06 23:00:00+00:00,8.90787025
2026-04-07 00:00:00+00:00,8.82904241
2026-04-07 01:00:00+00:00,8.71128252
2026-04-07 02:00:00+00:00,8.66865197
2026-04-07 03:00:00+00:00,8.688046
2026-04-07 04:00:00+00:00,8.70671013
2026-04-07 05:00:00+00:00,8.55895291
2026-04-07 06:00:00+00:00,8.58112776
2026-04-07 07:00:00+00:00,8.64824016
2026-04-07 08:00:00+00:00,8.69323683
2026-04-07 09:00:00+00:00,8.6969747
2026-04-07 10:00:00+00:00,8.62033196
2026-04-07 11:00:00+00:00,8.61828704
2026-04-07 12:00:00+00:00,8.66105528
2026-04-07 13:00:00+00:00,8.60757819
2026-04-07 14:00:00+00:00,8.56877045
2026-04-07 15:00:00+00:00,8.58783612
2026-04-07 16:00:00+00:00,8.56823748
2026-04-07 17:00:00+00:00,8.60545098
2026-04-07 18:00:00+00:00,8.64000162
2026-04-07 19:00:00+00:00,8.79190071
2026-04-07 20:00:00+00:00,8.7615579
2026-04-07 21:00:00+00:00,9.03968411
2026-04-07 22:00:00+00:00,9.34880782
2026-04-07 23:00:00+00:00,9.42998068
2026-04-08 00:00:00+00:00,9.3687781
2026-04-08 01:00:00+00:00,9.41331998
2026-04-08 02:00:00+00:00,9.42805578
2026-04-08 03:00:00+00:00,9.43797032
2026-04-08 04:00:00+00:00,9.46108648
2026-04-08 05:00:00+00:00,9.46739997
2026-04-08 06:00:00+00:00,9.41125346
2026-04-08 07:00:00+00:00,9.39098977
2026-04-08 08:00:00+00:00,9.37804008
2026-04-08 09:00:00+00:00,9.3618577
2026-04-08 10:00:00+00:00,9.36053303
2026-04-08 11:00:00+00:00,9.30344637
2026-04-08 12:00:00+00:00,9.35684634
2026-04-08 13:00:00+00:00,9.32417569
2026-04-08 14:00:00+00:00,9.17537403
2026-04-08 15:00:00+00:00,9.21974886
2026-04-08 16:00:00+00:00,9.22276492
2026-04-08 17:00:00+00:00,9.27578547
2026-04-08 18:00:00+00:00,9.14215633
2026-04-08 19:00:00+00:00,9.18154087
2026-04-08 20:00:00+00:00,9.14774824
2026-04-08 21:00:00+00:00,9.19569921
2026-04-08 22:00:00+00:00,9.11967061
2026-04-08 23:00:00+00:00,9.05254436
2026-04-09 00:00:00+00:00,8.96790017
2026-04-09 01:00:00+00:00,8.98437953
2026-04-09 02:00:00+00:00,9.0368898
2026-04-09 03:00:00+00:00,9.02898447
2026-04-09 04:00:00+00:00,9.04182283
2026-04-09 05:00:00+00:00,9.01765084
2026-04-09 06:00:00+00:00,9.04898176
2026-04-09 07:00:00+00:00,9.0807425
2026-04-09 08:00:00+00:00,9.15645294
2026-04-09 09:00:00+00:00,9.12865739
2026-04-09 10:00:00+00:00,9.10253589
2026-04-09 11:00:00+00:00,9.08146978
2026-04-09 12:00:00+00:00,9.10136706
2026-04-09 13:00:00+00:00,9.09793152
2026-04-09 14:00:00+00:00,9.15754217
2026-04-09 15:00:00+00:00,9.33662338
2026-04-09 16:00:00+00:00,9.28773143
2026-04-09 17:00:00+00:00,9.36290577
2026-04-09 18:00:00+00:00,9.28111798
2026-04-09 19:00:00+00:00,9.30085291
2026-04-09 20:00:00+00:00,9.32664901
2026-04-09 21:00:00+00:00,9.41858969
2026-04-09 22:00:00+00:00,9.47791793
2026-04-09 23:00:00+00:00,9.36533382
2026-04-10 00:00:00+00:00,9.33409326
2026-04-10 01:00:00+00:00,9.34658239
2026-04-10 02:00:00+00:00,9.3265047
2026-04-10 03:00:00+00:00,9.3096813
2026-04-10 04:00:00+00:00,9.38045039
2026-04-10 05:00:00+00:00,9.37241488
2026-04-10 06:00:00+00:00,9.30244319
2026-04-10 07:00:00+00:00,9.27227733
2026-04-10 08:00:00+00:00,9.27193095
2026-04-10 09:00:00+00:00,9.31010456
2026-04-10 10:00:00+00:00,9.27185224
2026-04-10 11:00:00+00:00,9.30304564
2026-04-10 12:00:00+00:00,9.38043504
2026-04-10 13:00:00+00:00,9.36985341
2026-04-10 14:00:00+00:00,9.4406992
2026-04-10 15:00:00+00:00,9.42000512
2026-04-10 16:00:00+00:00,9.42281056
2026-04-10 17:00:00+00:00,9.39709552
2026-04-10 18:00:00+00:00,9.5177619
2026-04-10 19:00:00+00:00,9.52646948
2026-04-10 20:00:00+00:00,9.5130219
2026-04-10 21:00:00+00:00,9.45345711
2026-04-10 22:00:00+00:00,9.41783556
2026-04-10 23:00:00+00:00,9.39742972
2026-04-11 00:00:00+00:00,9.35377259
2026-04-11 01:00:00+00:00,9.34785906
2026-04-11 02:00:00+00:00,9.34715777
2026-04-11 03:00:00+00:00,9.32661838
2026-04-11 04:00:00+00:00,9.30951579
2026-04-11 05:00:00+00:00,9.26257127
2026-04-11 06:00:00+00:00,9.27632313
2026-04-11 07:00:00+00:00,9.28732397
2026-04-11 08:00:00+00:00,9.28108393
2026-04-11 09:00:00+00:00,9.28651458
2026-04-11 10:00:00+00:00,9.26849215
2026-04-11 11:00:00+00:00,9.2811931
2026-04-11 12:00:00+00:00,9.27146483
2026-04-11 13:00:00+00:00,9.23967928
2026-04-11 14:00:00+00:00,9.27052742
2026-04-11 15:00:00+00:00,9.33626827
2026-04-11 16:00:00+00:00,9.445302
2026-04-11 17:00:00+00:00,9.3905466
2026-04-11 18:00:00+00:00,9.49458854
2026-04-11 19:00:00+00:00,9.57955442
2026-04-11 20:00:00+00:00,9.4647296
2026-04-11 21:00:00+00:00,9.46638987
2026-04-11 22:00:00+00:00,9.41847018
2026-04-11 23:00:00+00:00,9.37707404
2026-04-12 00:00:00+00:00,9.36665997
2026-04-12 01:00:00+00:00,9.08135013
2026-04-12 02:00:00+00:00,9.13524209
2026-04-12 03:00:00+00:00,9.08839906
2026-04-12 04:00:00+00:00,9.06949162
2026-04-12 05:00:00+00:00,9.07610574
2026-04-12 06:00:00+00:00,9.05176245
2026-04-12 07:00:00+00:00,9.02211087
2026-04-12 08:00:00+00:00,9.0387646
2026-04-12 09:00:00+00:00,9.02555693
2026-04-12 10:00:00+00:00,8.99780846
2026-04-12 11:00:00+00:00,9.03726389
2026-04-12 12:00:00+00:00,9.02301996
2026-04-12 13:00:00+00:00,8.96313439
2026-04-12 14:00:00+00:00,8.97978698
2026-04-12 15:00:00+00:00,8.9637573
2026-04-12 16:00:00+00:00,9.01731832
2026-04-12 17:00:00+00:00,9.10302414
2026-04-12 18:00:00+00:00,9.10211505
2026-04-12 19:00:00+00:00,9.08080884
2026-04-12 20:00:00+00:00,9.13084923
2026-04-12 21:00:00+00:00,9.15107168
2026-04-12 22:00:00+00:00,9.06069774
2026-04-12 23:00:00+00:00,9.03042256
2026-04-13 00:00:00+00:00,9.10050616
2026-04-13 01:00:00+00:00,9.13774906
2026-04-13 02:00:00+00:00,9.05861135
2026-04-13 03:00:00+00:00,9.07148354
2026-04-13 04:00:00+00:00,9.0525648
2026-04-13 05:00:00+00:00,9.06083121
2026-04-13 06:00:00+00:00,9.15128668
2026-04-13 07:00:00+00:00,9.06314244
2026-04-13 08:00:00+00:00,9.03058857
2026-04-13 09:00:00+00:00,9.07865984
2026-04-13 10:00:00+00:00,8.98917418
2026-04-13 11:00:00+00:00,9.06808612
2026-04-13 12:00:00+00:00,9.15217565
2026-04-13 13:00:00+00:00,9.26150131
2026-04-13 14:00:00+00:00,9.31311762
2026-04-13 15:00:00+00:00,9.2093394
2026-04-13 16:00:00+00:00,9.2889259
2026-04-13 17:00:00+00:00,9.26106068
2026-04-13 18:00:00+00:00,9.26148266
2026-04-13 19:00:00+00:00,9.40477992
2026-04-13 20:00:00+00:00,9.29676385
2026-04-13 21:00:00+00:00,9.31975089
2026-04-13 22:00:00+00:00,9.59318616
2026-04-13 23:00:00+00:00,9.65967688
2026-04-14 00:00:00+00:00,9.51001627
2026-04-14 01:00:00+00:00,9.49761188
2026-04-14 02:00:00+00:00,9.45941694
2026-04-14 03:00:00+00:00,9.45548095
2026-04-14 04:00:00+00:00,9.44767714
2026-04-14 05:00:00+00:00,9.38608622
2026-04-14 06:00:00+00:00,9.42262852
2026-04-14 07:00:00+00:00,9.41599729
2026-04-14 08:00:00+00:00,9.44547912
2026-04-14 09:00:00+00:00,9.42650724
2026-04-14 10:00:00+00:00,9.41070785
2026-04-14 11:00:00+00:00,9.38349838
2026-04-14 12:00:00+00:00,9.37723124
2026-04-14 13:00:00+00:00,9.49306577
2026-04-14 14:00:00+00:00,9.39400475
2026-04-14 15:00:00+00:00,9.42405709
2026-04-14 16:00:00+00:00,9.38923926
2026-04-14 17:00:00+00:00,9.37938444
2026-04-14 18:00:00+00:00,9.25307921
2026-04-14 19:00:00+00:00,9.34914095
2026-04-14 20:00:00+00:00,9.31856139
2026-04-14 21:00:00+00:00,9.36775791
2026-04-14 22:00:00+00:00,9.3115116
2026-04-14 23:00:00+00:00,9.30606463
2026-04-15 00:00:00+00:00,9.33698764
2026-04-15 01:00:00+00:00,9.36039853
2026-04-15 02:00:00+00:00,9.31918312
2026-04-15 03:00:00+00:00,9.34740827
2026-04-15 04:00:00+00:00,9.40636001
2026-04-15 05:00:00+00:00,9.34711147
2026-04-15 06:00:00+00:00,9.30608595
2026-04-15 07:00:00+00:00,9.26906116
2026-04-15 08:00:00+00:00,9.35053457
2026-04-15 09:00:00+00:00,9.32180919
2026-04-15 10:00:00+00:00,9.33912907
2026-04-15 11:00:00+00:00,9.42689999
2026-04-15 12:00:00+00:00,9.43644313
2026-04-15 13:00:00+00:00,9.39968782
2026-04-15 14:00:00+00:00,9.44498071
2026-04-15 15:00:00+00:00,9.36616839
2026-04-15 16:00:00+00:00,9.42904818
2026-04-15 17:00:00+00:00,9.45055594
2026-04-15 18:00:00+00:00,9.4724919
2026-04-15 19:00:00+00:00,9.52941285
2026-04-15 20:00:00+00:00,9.47217563
2026-04-15 21:00:00+00:00,9.49851818
2026-04-15 22:00:00+00:00,9.48809934
2026-04-15 23:00:00+00:00,9.43103556
2026-04-16 00:00:00+00:00,9.40274758
2026-04-16 01:00:00+00:00,9.36805492
2026-04-16 02:00:00+00:00,9.44369403
2026-04-16 03:00:00+00:00,9.48904811
2026-04-16 04:00:00+00:00,9.48339027
2026-04-16 05:00:00+00:00,9.49230852
2026-04-16 06:00:00+00:00,9.56249164
2026-04-16 07:00:00+00:00,9.51126643
2026-04-16 08:00:00+00:00,9.44730813
2026-04-16 09:00:00+00:00,9.43802414
2026-04-16 10:00:00+00:00,9.40678391
2026-04-16 11:00:00+00:00,9.46381964
2026-04-16 12:00:00+00:00,9.50226927
2026-04-16 13:00:00+00:00,9.41030108
2026-04-16 14:00:00+00:00,9.40099812
2026-04-16 15:00:00+00:00,9.5821032
2026-04-16 16:00:00+00:00,9.45974021
2026-04-16 17:00:00+00:00,9.53441148
2026-04-16 18:00:00+00:00,9.77059652
2026-04-16 19:00:00+00:00,9.85667725
2026-04-16 20:00:00+00:00,9.69747341
2026-04-16 21:00:00+00:00,9.72617841
2026-04-16 22:00:00+00:00,9.71738964
2026-04-16 23:00:00+00:00,9.72973473
2026-04-17 00:00:00+00:00,9.69142542
2026-04-17 01:00:00+00:00,9.6379929
2026-04-17 02:00:00+00:00,9.58775685
2026-04-17 03:00:00+00:00,9.55416317
2026-04-17 04:00:00+00:00,9.54999885
2026-04-17 05:00:00+00:00,9.45325436
2026-04-17 06:00:00+00:00,9.5597781
2026-04-17 07:00:00+00:00,9.62130451
2026-04-17 08:00:00+00:00,9.67100581
2026-04-17 09:00:00+00:00,9.68517217
2026-04-17 10:00:00+00:00,9.54807815
2026-04-17 11:00:00+00:00,9.65142934
2026-04-17 12:00:00+00:00,9.73476347
2026-04-17 13:00:00+00:00,9.89743599
2026-04-17 14:00:00+00:00,9.93697542
2026-04-17 15:00:00+00:00,9.80961512
2026-04-17 16:00:00+00:00,9.92300215
2026-04-17 17:00:00+00:00,9.83522114
2026-04-17 18:00:00+00:00,9.77770967
2026-04-17 19:00:00+00:00,9.79748851
2026-04-17 20:00:00+00:00,9.78668865
2026-04-17 21:00:00+00:00,9.79387899
2026-04-17 22:00:00+00:00,9.80146261
2026-04-17 23:00:00+00:00,9.72315111
2026-04-18 00:00:00+00:00,9.74175792
2026-04-18 01:00:00+00:00,9.70641871
2026-04-18 02:00:00+00:00,9.7118068
2026-04-18 03:00:00+00:00,9.6405532
2026-04-18 04:00:00+00:00,9.66103132
2026-04-18 05:00:00+00:00,9.70053495
2026-04-18 06:00:00+00:00,9.69250193
2026-04-18 07:00:00+00:00,9.70269416
2026-04-18 08:00:00+00:00,9.55970591
2026-04-18 09:00:00+00:00,9.52734854
2026-04-18 10:00:00+00:00,9.42843877
2026-04-18 11:00:00+00:00,9.39902254
2026-04-18 12:00:00+00:00,9.4126149
2026-04-18 13:00:00+00:00,9.39677235
2026-04-18 14:00:00+00:00,9.42588833
2026-04-18 15:00:00+00:00,9.40739274
2026-04-18 16:00:00+00:00,9.38981513
2026-04-18 17:00:00+00:00,9.39502021
2026-04-18 18:00:00+00:00,9.33758737
2026-04-18 19:00:00+00:00,9.37913216
2026-04-18 20:00:00+00:00,9.40015051
2026-04-18 21:00:00+00:00,9.39242735
2026-04-18 22:00:00+00:00,9.38775429
2026-04-18 23:00:00+00:00,9.33020433
2026-04-19 00:00:00+00:00,9.29987513
2026-04-19 01:00:00+00:00,9.28006717
2026-04-19 02:00:00+00:00,9.27124967
2026-04-19 03:00:00+00:00,9.29803236
2026-04-19 04:00:00+00:00,9.29128318
2026-04-19 05:00:00+00:00,9.27053059
2026-04-19 06:00:00+00:00,9.28009597
2026-04-19 07:00:00+00:00,9.21812975
2026-04-19 08:00:00+00:00,9.19817961
2026-04-19 09:00:00+00:00,9.17789997
2026-04-19 10:00:00+00:00,9.18260173
2026-04-19 11:00:00+00:00,9.24679606
2026-04-19 12:00:00+00:00,9.26914438
2026-04-19 13:00:00+00:00,9.29254883
2026-04-19 14:00:00+00:00,9.31930639
2026-04-19 15:00:00+00:00,9.2783313
2026-04-19 16:00:00+00:00,9.22845536
2026-04-19 17:00:00+00:00,9.14935821
2026-04-19 18:00:00+00:00,9.17733233
2026-04-19 19:00:00+00:00,9.19723077
2026-04-19 20:00:00+00:00,9.14965554
2026-04-19 21:00:00+00:00,9.12798176
2026-04-19 22:00:00+00:00,9.00994916
2026-04-19 23:00:00+00:00,9.00273611
2026-04-20 00:00:00+00:00,9.08291034
2026-04-20 01:00:00+00:00,9.12709494
2026-04-20 02:00:00+00:00,9.11371831
2026-04-20 03:00:00+00:00,9.15442378
2026-04-20 04:00:00+00:00,9.13991183
2026-04-20 05:00:00+00:00,9.07663143
2026-04-20 06:00:00+00:00,9.14793708
2026-04-20 07:00:00+00:00,9.21803503
2026-04-20 08:00:00+00:00,9.16310701
2026-04-20 09:00:00+00:00,9.20837469
2026-04-20 10:00:00+00:00,9.21861185
2026-04-20 11:00:00+00:00,9.21542252
2026-04-20 12:00:00+00:00,9.25111231
2026-04-20 13:00:00+00:00,9.25937503
2026-04-20 14:00:00+00:00,9.20739456
2026-04-20 15:00:00+00:00,9.22750235
2026-04-20 16:00:00+00:00,9.1713148
2026-04-20 17:00:00+00:00,9.26041217
2026-04-20 18:00:00+00:00,9.32263402
2026-04-20 19:00:00+00:00,9.31471366
2026-04-20 20:00:00+00:00,9.38095379
2026-04-20 21:00:00+00:00,9.40167935
2026-04-20 22:00:00+00:00,9.36510773
2026-04-20 23:00:00+00:00,9.27113175
2026-04-21 00:00:00+00:00,9.32639374
2026-04-21 01:00:00+00:00,9.31359742
2026-04-21 02:00:00+00:00,9.28037346
2026-04-21 03:00:00+00:00,9.28803315
2026-04-21 04:00:00+00:00,9.31821786
2026-04-21 05:00:00+00:00,9.36426896
2026-04-21 06:00:00+00:00,9.32633946
2026-04-21 07:00:00+00:00,9.3409563
2026-04-21 08:00:00+00:00,9.36752061
2026-04-21 09:00:00+00:00,9.39367049
2026-04-21 10:00:00+00:00,9.41316987
2026-04-21 11:00:00+00:00,9.44169225
2026-04-21 12:00:00+00:00,9.3968045
2026-04-21 13:00:00+00:00,9.37185262
2026-04-21 14:00:00+00:00,9.36167869
2026-04-21 15:00:00+00:00,9.38884056
2026-04-21 16:00:00+00:00,9.32572496
2026-04-21 17:00:00+00:00,9.33130439
2026-04-21 18:00:00+00:00,9.31293694
2026-04-21 19:00:00+00:00,9.20268831
2026-04-21 20:00:00+00:00,9.31294818
2026-04-21 21:00:00+00:00,9.30334846
2026-04-21 22:00:00+00:00,9.29925013
2026-04-21 23:00:00+00:00,9.3893169
2026-04-22 00:00:00+00:00,9.41596303
2026-04-22 01:00:00+00:00,9.39302172
2026-04-22 02:00:00+00:00,9.58215393
2026-04-22 03:00:00+00:00,9.56143595
2026-04-22 04:00:00+00:00,9.55210884
2026-04-22 05:00:00+00:00,9.61753963
2026-04-22 06:00:00+00:00,9.60930148
2026-04-22 07:00:00+00:00,9.57188134
2026-04-22 08:00:00+00:00,9.56072834
2026-04-22 09:00:00+00:00,9.60123995
2026-04-22 10:00:00+00:00,9.57810688
2026-04-22 11:00:00+00:00,9.57000443
2026-04-22 12:00:00+00:00,9.52618034
2026-04-22 13:00:00+00:00,9.55030718
2026-04-22 14:00:00+00:00,9.56844836
2026-04-22 15:00:00+00:00,9.54663306
2026-04-22 16:00:00+00:00,9.49273972
2026-04-22 17:00:00+00:00,9.52575229
2026-04-22 18:00:00+00:00,9.51619165
2026-04-22 19:00:00+00:00,9.47803303
2026-04-22 20:00:00+00:00,9.44064619
2026-04-22 21:00:00+00:00,9.47924996
2026-04-22 22:00:00+00:00,9.42991325
2026-04-22 23:00:00+00:00,9.33370628
2026-04-23 00:00:00+00:00,9.34226893
2026-04-23 01:00:00+00:00,9.3325887
2026-04-23 02:00:00+00:00,9.3061433
2026-04-23 03:00:00+00:00,9.26987337
2026-04-23 04:00:00+00:00,9.31859981
2026-04-23 05:00:00+00:00,9.27584494
2026-04-23 06:00:00+00:00,9.32605171
2026-04-23 07:00:00+00:00,9.28305008
2026-04-23 08:00:00+00:00,9.28823627
2026-04-23 09:00:00+00:00,9.24201945
2026-04-23 10:00:00+00:00,9.22198649
2026-04-23 11:00:00+00:00,9.27949402
2026-04-23 12:00:00+00:00,9.28977741
2026-04-23 13:00:00+00:00,9.27610227
2026-04-23 14:00:00+00:00,9.35676802
2026-04-23 15:00:00+00:00,9.39558591
2026-04-23 16:00:00+00:00,9.33172871
2026-04-23 17:00:00+00:00,9.26237927
2026-04-23 18:00:00+00:00,9.26662157
2026-04-23 19:00:00+00:00,9.2768013
2026-04-23 20:00:00+00:00,9.31896344
2026-04-23 21:00:00+00:00,9.33846213
2026-04-23 22:00:00+00:00,9.35612469
2026-04-23 23:00:00+00:00,9.38124779
2026-04-24 00:00:00+00:00,9.4116374
2026-04-24 01:00:00+00:00,9.43267182
2026-04-24 02:00:00+00:00,9.36387193
2026-04-24 03:00:00+00:00,9.32237144
2026-04-24 04:00:00+00:00,9.31674674
2026-04-24 05:00:00+00:00,9.36188948
2026-04-24 06:00:00+00:00,9.37238634
2026-04-24 07:00:00+00:00,9.36921381
2026-04-24 08:00:00+00:00,9.37030253
2026-04-24 09:00:00+00:00,9.35852977
2026-04-24 10:00:00+00:00,9.39898178
2026-04-24 11:00:00+00:00,9.43798278
2026-04-24 12:00:00+00:00,9.41098063
2026-04-24 13:00:00+00:00,9.41389694
2026-04-24 14:00:00+00:00,9.40999161
2026-04-24 15:00:00+00:00,9.46059426
2026-04-24 16:00:00+00:00,9.42855268
2026-04-24 17:00:00+00:00,9.42410761
2026-04-24 18:00:00+00:00,9.42409893
2026-04-24 19:00:00+00:00,9.43683863
2026-04-24 20:00:00+00:00,9.45944519
2026-04-24 21:00:00+00:00,9.44833217
2026-04-24 22:00:00+00:00,9.38925341
2026-04-24 23:00:00+00:00,9.39956544
2026-04-25 00:00:00+00:00,9.41133191
2026-04-25 01:00:00+00:00,9.43433281
2026-04-25 02:00:00+00:00,9.43617691
2026-04-25 03:00:00+00:00,9.44016829
2026-04-25 04:00:00+00:00,9.44309957
2026-04-25 05:00:00+00:00,9.4481039
2026-04-25 06:00:00+00:00,9.45750649
2026-04-25 07:00:00+00:00,9.45120346
2026-04-25 08:00:00+00:00,9.45135065
2026-04-25 09:00:00+00:00,9.47780132
2026-04-25 10:00:00+00:00,9.46991395
2026-04-25 11:00:00+00:00,9.40625794
2026-04-25 12:00:00+00:00,9.38771483
2026-04-25 13:00:00+00:00,9.41732378
2026-04-25 14:00:00+00:00,9.39709117
2026-04-25 15:00:00+00:00,9.34317082
2026-04-25 16:00:00+00:00,9.33272128
2026-04-25 17:00:00+00:00,9.30286714
2026-04-25 18:00:00+00:00,9.31473927
2026-04-25 19:00:00+00:00,9.30439362
2026-04-25 20:00:00+00:00,9.32674783
2026-04-25 21:00:00+00:00,9.32796254
2026-04-25 22:00:00+00:00,9.3432951
2026-04-25 23:00:00+00:00,9.36171023
2026-04-26 00:00:00+00:00,9.33152075
2026-04-26 01:00:00+00:00,9.32109681
2026-04-26 02:00:00+00:00,9.346447
2026-04-26 03:00:00+00:00,9.34071532
2026-04-26 04:00:00+00:00,9.36938114
2026-04-26 05:00:00+00:00,9.4006995
2026-04-26 06:00:00+00:00,9.41780393
2026-04-26 07:00:00+00:00,9.43197647
2026-04-26 08:00:00+00:00,9.43779814
2026-04-26 09:00:00+00:00,9.44929104
2026-04-26 10:00:00+00:00,9.44900914
2026-04-26 11:00:00+00:00,9.48213853
2026-04-26 12:00:00+00:00,9.43344212
2026-04-26 13:00:00+00:00,9.41270638
2026-04-26 14:00:00+00:00,9.46917345
2026-04-26 15:00:00+00:00,9.4853639
2026-04-26 16:00:00+00:00,9.43301418
2026-04-26 17:00:00+00:00,9.42709233
2026-04-26 18:00:00+00:00,9.47887446
2026-04-26 19:00:00+00:00,9.47865391
2026-04-26 20:00:00+00:00,9.45068789
2026-04-26 21:00:00+00:00,9.46075325
2026-04-26 22:00:00+00:00,9.44932856
2026-04-26 23:00:00+00:00,9.4524282
2026-04-27 00:00:00+00:00,9.50625541
2026-04-27 01:00:00+00:00,9.54854618
2026-04-27 02:00:00+00:00,9.53703088
2026-04-27 03:00:00+00:00,9.51007829
2026-04-27 04:00:00+00:00,9.49828562
2026-04-27 05:00:00+00:00,9.29153762
2026-04-27 06:00:00+00:00,9.25701262
2026-04-27 07:00:00+00:00,9.23130105
2026-04-27 08:00:00+00:00,9.2510474
2026-04-27 09:00:00+00:00,9.25776824
2026-04-27 10:00:00+00:00,9.26118787
2026-04-27 11:00:00+00:00,9.26809061
2026-04-27 12:00:00+00:00,9.24130312
2026-04-27 13:00:00+00:00,9.23343311
2026-04-27 14:00:00+00:00,9.26923734
2026-04-27 15:00:00+00:00,9.13275334
2026-04-27 16:00:00+00:00,9.1555837
2026-04-27 17:00:00+00:00,9.17026951
2026-04-27 18:00:00+00:00,9.19184421
2026-04-27 19:00:00+00:00,9.17627836
2026-04-27 20:00:00+00:00,9.17242536
2026-04-27 21:00:00+00:00,9.17601833
2026-04-27 22:00:00+00:00,9.22192069
2026-04-27 23:00:00+00:00,9.26863768
2026-04-28 00:00:00+00:00,9.25694138
2026-04-28 01:00:00+00:00,9.25026634
2026-04-28 02:00:00+00:00,9.21931711
2026-04-28 03:00:00+00:00,9.22201818
2026-04-28 04:00:00+00:00,9.21958543
2026-04-28 05:00:00+00:00,9.22199427
2026-04-28 06:00:00+00:00,9.18650924
2026-04-28 07:00:00+00:00,9.17928692
2026-04-28 08:00:00+00:00,9.18382192
2026-04-28 09:00:00+00:00,9.15462056
2026-04-28 10:00:00+00:00,9.21129508
2026-04-28 11:00:00+00:00,9.15752977
2026-04-28 12:00:00+00:00,9.19029968
2026-04-28 13:00:00+00:00,9.19313598
2026-04-28 14:00:00+00:00,9.17021042
2026-04-28 15:00:00+00:00,9.16688458
2026-04-28 16:00:00+00:00,9.16857143
2026-04-28 17:00:00+00:00,9.16280377
2026-04-28 18:00:00+00:00,9.16784996
2026-04-28 19:00:00+00:00,9.18119012
2026-04-28 20:00:00+00:00,9.18175982
2026-04-28 21:00:00+00:00,9.17941528
2026-04-28 22:00:00+00:00,9.16164804
2026-04-28 23:00:00+00:00,9.17387253
2026-04-29 00:00:00+00:00,9.17773574
2026-04-29 01:00:00+00:00,9.17805458
2026-04-29 02:00:00+00:00,9.17892178
2026-04-29 03:00:00+00:00,9.25908432
2026-04-29 04:00:00+00:00,9.33717474
2026-04-29 05:00:00+00:00,9.33268403
2026-04-29 06:00:00+00:00,9.29821283
2026-04-29 07:00:00+00:00,9.29875067
2026-04-29 08:00:00+00:00,9.26974259
2026-04-29 09:00:00+00:00,9.39943382
2026-04-29 10:00:00+00:00,9.39828046
2026-04-29 11:00:00+00:00,9.34882819
2026-04-29 12:00:00+00:00,9.26643063
2026-04-29 13:00:00+00:00,9.21849839
2026-04-29 14:00:00+00:00,9.19891432
2026-04-29 15:00:00+00:00,9.11842672
2026-04-29 16:00:00+00:00,9.11588161
2026-04-29 17:00:00+00:00,9.18157316
2026-04-29 18:00:00+00:00,9.06670543
2026-04-29 19:00:00+00:00,9.0562042
2026-04-29 20:00:00+00:00,9.10111015
2026-04-29 21:00:00+00:00,9.12621721
2026-04-29 22:00:00+00:00,9.11999278
2026-04-29 23:00:00+00:00,9.12247832
2026-04-30 00:00:00+00:00,9.21263608
2026-04-30 01:00:00+00:00,9.19404185
2026-04-30 02:00:00+00:00,9.12290245
2026-04-30 03:00:00+00:00,9.16337645
2026-04-30 04:00:00+00:00,9.08205567
2026-04-30 05:00:00+00:00,9.0918905
2026-04-30 06:00:00+00:00,9.11021073
2026-04-30 07:00:00+00:00,9.15004311
2026-04-30 08:00:00+00:00,9.15207844
2026-04-30 09:00:00+00:00,9.18205752
2026-04-30 10:00:00+00:00,9.14037485
2026-04-30 11:00:00+00:00,9.14151659
2026-04-30 12:00:00+00:00,9.13021824
2026-04-30 13:00:00+00:00,9.12901389
2026-04-30 14:00:00+00:00,9.11874603
2026-04-30 15:00:00+00:00,9.13447615
2026-04-30 16:00:00+00:00,9.09942064
2026-04-30 17:00:00+00:00,9.10110047
2026-04-30 18:00:00+00:00,9.10733297
2026-04-30 19:00:00+00:00,9.10281291
2026-04-30 20:00:00+00:00,9.09419715
2026-04-30 21:00:00+00:00,9.08774728
2026-04-30 22:00:00+00:00,9.06326554
2026-04-30 23:00:00+00:00,9.09153033
2026-05-01 00:00:00+00:00,9.10383977
2026-05-01 01:00:00+00:00,9.12898954
2026-05-01 02:00:00+00:00,9.10882827
2026-05-01 03:00:00+00:00,9.15155982
2026-05-01 04:00:00+00:00,9.12061899
2026-05-01 05:00:00+00:00,9.11992691
2026-05-01 06:00:00+00:00,9.08896751
2026-05-01 07:00:00+00:00,9.10210169
2026-05-01 08:00:00+00:00,9.13863259
2026-05-01 09:00:00+00:00,9.10569317
2026-05-01 10:00:00+00:00,9.11128591
2026-05-01 11:00:00+00:00,9.12847081
2026-05-01 12:00:00+00:00,9.16082581
2026-05-01 13:00:00+00:00,9.24842676
2026-05-01 14:00:00+00:00,9.21833121
2026-05-01 15:00:00+00:00,9.19816701
2026-05-01 16:00:00+00:00,9.16928833
2026-05-01 17:00:00+00:00,9.18739073
2026-05-01 18:00:00+00:00,9.16952927
2026-05-01 19:00:00+00:00,9.15766803
2026-05-01 20:00:00+00:00,9.08289744
2026-05-01 21:00:00+00:00,9.11032256
2026-05-01 22:00:00+00:00,9.09289572
2026-05-01 23:00:00+00:00,9.08959874
2026-05-02 00:00:00+00:00,9.09267118
2026-05-02 01:00:00+00:00,9.10730142
2026-05-02 02:00:00+00:00,9.11174874
2026-05-02 03:00:00+00:00,9.12391276
2026-05-02 04:00:00+00:00,9.08405742
2026-05-02 05:00:00+00:00,9.08072616
2026-05-02 06:00:00+00:00,9.10209052
2026-05-02 07:00:00+00:00,9.09862701
2026-05-02 08:00:00+00:00,9.09474853
2026-05-02 09:00:00+00:00,9.11168012
2026-05-02 10:00:00+00:00,9.12690069
2026-05-02 11:00:00+00:00,9.08222949
2026-05-02 12:00:00+00:00,9.08144194
2026-05-02 13:00:00+00:00,9.11712536
2026-05-02 14:00:00+00:00,9.12923661
2026-05-02 15:00:00+00:00,9.15726701
2026-05-02 16:00:00+00:00,9.16732519
2026-05-02 17:00:00+00:00,9.13939894
2026-05-02 18:00:00+00:00,9.15000359
2026-05-02 19:00:00+00:00,9.16669776
2026-05-02 20:00:00+00:00,9.1743219
2026-05-02 21:00:00+00:00,9.20773154
2026-05-02 22:00:00+00:00,9.21036243
2026-05-02 23:00:00+00:00,9.18109185
2026-05-03 00:00:00+00:00,9.13824029
2026-05-03 01:00:00+00:00,9.07923553
2026-05-03 02:00:00+00:00,9.05956668
2026-05-03 03:00:00+00:00,9.04708416
2026-05-03 04:00:00+00:00,9.02425495
2026-05-03 05:00:00+00:00,9.03677343
2026-05-03 06:00:00+00:00,9.04820007
2026-05-03 07:00:00+00:00,9.05631077
2026-05-03 08:00:00+00:00,9.0304098
2026-05-03 09:00:00+00:00,9.05560133
2026-05-03 10:00:00+00:00,9.04843351
2026-05-03 11:00:00+00:00,9.08010021
2026-05-03 12:00:00+00:00,9.09401087
2026-05-03 13:00:00+00:00,9.06081272
2026-05-03 14:00:00+00:00,9.09377862
2026-05-03 15:00:00+00:00,9.10882494
2026-05-03 16:00:00+00:00,9.09117199
2026-05-03 17:00:00+00:00,9.09782224
2026-05-03 18:00:00+00:00,9.10268516
2026-05-03 19:00:00+00:00,9.13016415
2026-05-03 20:00:00+00:00,9.12379385
2026-05-03 21:00:00+00:00,9.08308012
2026-05-03 22:00:00+00:00,9.16990007
2026-05-03 23:00:00+00:00,9.08217103
2026-05-04 00:00:00+00:00,9.05889252
2026-05-04 01:00:00+00:00,9.1894941
2026-05-04 02:00:00+00:00,9.2924003
2026-05-04 03:00:00+00:00,9.29079175
2026-05-04 04:00:00+00:00,9.33086656
2026-05-04 05:00:00+00:00,9.31948041
2026-05-04 06:00:00+00:00,9.26443962
2026-05-04 07:00:00+00:00,9.23696075
2026-05-04 08:00:00+00:00,9.20159628
2026-05-04 09:00:00+00:00,9.2877564
2026-05-04 10:00:00+00:00,9.11889919
2026-05-04 11:00:00+00:00,9.14127919
2026-05-04 12:00:00+00:00,9.10886913
2026-05-04 13:00:00+00:00,9.11670309
2026-05-04 14:00:00+00:00,9.23711046
2026-05-04 15:00:00+00:00,9.14856125
2026-05-04 16:00:00+00:00,9.19153157
2026-05-04 17:00:00+00:00,9.26343954
2026-05-04 18:00:00+00:00,9.26749444
2026-05-04 19:00:00+00:00,9.2336542
2026-05-04 20:00:00+00:00,9.14831625
2026-05-04 21:00:00+00:00,9.23364212
2026-05-04 22:00:00+00:00,9.18879197
2026-05-04 23:00:00+00:00,9.17655325
2026-05-05 00:00:00+00:00,9.20935377
2026-05-05 01:00:00+00:00,9.24065036
2026-05-05 02:00:00+00:00,9.25877839
2026-05-05 03:00:00+00:00,9.28219183
2026-05-05 04:00:00+00:00,9.27049513
2026-05-05 05:00:00+00:00,9.29791125
2026-05-05 06:00:00+00:00,9.32802518
2026-05-05 07:00:00+00:00,9.33473044
2026-05-05 08:00:00+00:00,9.34474881
2026-05-05 09:00:00+00:00,9.34170192
2026-05-05 10:00:00+00:00,9.40142099
2026-05-05 11:00:00+00:00,9.39257105
2026-05-05 12:00:00+00:00,9.42084826
2026-05-05 13:00:00+00:00,9.48021059
2026-05-05 14:00:00+00:00,9.44791101
2026-05-05 15:00:00+00:00,9.41005976
2026-05-05 16:00:00+00:00,9.37365413
2026-05-05 17:00:00+00:00,9.37299943
2026-05-05 18:00:00+00:00,9.39854832
2026-05-05 19:00:00+00:00,9.40399402
2026-05-05 20:00:00+00:00,9.44001517
2026-05-05 21:00:00+00:00,9.45256174
2026-05-05 22:00:00+00:00,9.4192036
2026-05-05 23:00:00+00:00,9.40382916
2026-05-06 00:00:00+00:00,9.40029468
2026-05-06 01:00:00+00:00,9.49332146
2026-05-06 02:00:00+00:00,9.48849029
2026-05-06 03:00:00+00:00,9.56430962
2026-05-06 04:00:00+00:00,9.51570256
2026-05-06 05:00:00+00:00,9.55176257
2026-05-06 06:00:00+00:00,9.52912056
2026-05-06 07:00:00+00:00,9.56140614
2026-05-06 08:00:00+00:00,9.72597244
2026-05-06 09:00:00+00:00,9.73160556
2026-05-06 10:00:00+00:00,9.74063329
2026-05-06 11:00:00+00:00,9.74299916
2026-05-06 12:00:00+00:00,9.75002662
2026-05-06 13:00:00+00:00,9.56888263
2026-05-06 14:00:00+00:00,9.55083638
2026-05-06 15:00:00+00:00,9.61885195
2026-05-06 16:00:00+00:00,9.62608604
2026-05-06 17:00:00+00:00,9.59333207
2026-05-06 18:00:00+00:00,9.57367226
2026-05-06 19:00:00+00:00,9.61009595
2026-05-06 20:00:00+00:00,9.60117155
2026-05-06 21:00:00+00:00,9.651535
2026-05-06 22:00:00+00:00,9.59698747
2026-05-06 23:00:00+00:00,9.6128962
2026-05-07 00:00:00+00:00,9.53795596
2026-05-07 01:00:00+00:00,9.521316
2026-05-07 02:00:00+00:00,9.50712401
2026-05-07 03:00:00+00:00,9.46744259
2026-05-07 04:00:00+00:00,9.56627537
2026-05-07 05:00:00+00:00,9.5827737
2026-05-07 06:00:00+00:00,9.65990277
2026-05-07 07:00:00+00:00,9.68206459
2026-05-07 08:00:00+00:00,9.64306677
2026-05-07 09:00:00+00:00,9.56865483
2026-05-07 10:00:00+00:00,9.57661441
2026-05-07 11:00:00+00:00,9.57368761
2026-05-07 12:00:00+00:00,9.64165998
2026-05-07 13:00:00+00:00,9.53648374
2026-05-07 14:00:00+00:00,9.45959131
2026-05-07 15:00:00+00:00,9.41264393
2026-05-07 16:00:00+00:00,9.44767761
2026-05-07 17:00:00+00:00,9.50900148
2026-05-07 18:00:00+00:00,9.50243143
2026-05-07 19:00:00+00:00,9.47262834
2026-05-07 20:00:00+00:00,9.44024699
2026-05-07 21:00:00+00:00,9.44955595
2026-05-07 22:00:00+00:00,9.45909532
2026-05-07 23:00:00+00:00,9.50153285
2026-05-08 00:00:00+00:00,9.49932898
2026-05-08 01:00:00+00:00,9.49041596
2026-05-08 02:00:00+00:00,9.48979511
2026-05-08 03:00:00+00:00,9.48863072
2026-05-08 04:00:00+00:00,9.50410728
2026-05-08 05:00:00+00:00,9.4892877
2026-05-08 06:00:00+00:00,9.48725034
2026-05-08 07:00:00+00:00,9.51939929
2026-05-08 08:00:00+00:00,9.54542226
2026-05-08 09:00:00+00:00,9.56426692
2026-05-08 10:00:00+00:00,9.59924001
2026-05-08 11:00:00+00:00,9.59178898
2026-05-08 12:00:00+00:00,9.57255349
2026-05-08 13:00:00+00:00,9.54394525
2026-05-08 14:00:00+00:00,9.70888004
2026-05-08 15:00:00+00:00,9.77959904
2026-05-08 16:00:00+00:00,9.74006881
2026-05-08 17:00:00+00:00,9.80865825
2026-05-08 18:00:00+00:00,9.8958744
2026-05-08 19:00:00+00:00,9.91393317
2026-05-08 20:00:00+00:00,9.89650011
2026-05-08 21:00:00+00:00,9.98863424
2026-05-08 22:00:00+00:00,9.95151706
2026-05-08 23:00:00+00:00,9.90690293
2026-05-09 00:00:00+00:00,9.9987629
2026-05-09 01:00:00+00:00,10.08476649
2026-05-09 02:00:00+00:00,10.040056
2026-05-09 03:00:00+00:00,9.98176064
2026-05-09 04:00:00+00:00,9.96674207
2026-05-09 05:00:00+00:00,10.00067532
2026-05-09 06:00:00+00:00,9.95457695
2026-05-09 07:00:00+00:00,9.94792013
2026-05-09 08:00:00+00:00,9.96911344
2026-05-09 09:00:00+00:00,9.89127723
2026-05-09 10:00:00+00:00,9.90672348
2026-05-09 11:00:00+00:00,9.93208827
2026-05-09 12:00:00+00:00,9.93381918
2026-05-09 13:00:00+00:00,9.907102
2026-05-09 14:00:00+00:00,9.84631872
2026-05-09 15:00:00+00:00,9.83663916
2026-05-09 16:00:00+00:00,9.84130155
2026-05-09 17:00:00+00:00,9.94730438
2026-05-09 18:00:00+00:00,9.9601223
2026-05-09 19:00:00+00:00,9.99550821
2026-05-09 20:00:00+00:00,9.96607813
2026-05-09 21:00:00+00:00,9.96531678
2026-05-09 22:00:00+00:00,9.97872416
2026-05-09 23:00:00+00:00,9.96584467
2026-05-10 00:00:00+00:00,9.9273436
2026-05-10 01:00:00+00:00,9.88829707
2026-05-10 02:00:00+00:00,9.9157984
2026-05-10 03:00:00+00:00,9.90987632
2026-05-10 04:00:00+00:00,9.92083392
2026-05-10 05:00:00+00:00,9.92716282
2026-05-10 06:00:00+00:00,9.94630879
2026-05-10 07:00:00+00:00,9.92416555
2026-05-10 08:00:00+00:00,10.03074614
2026-05-10 09:00:00+00:00,9.99699689
2026-05-10 10:00:00+00:00,10.00912317
2026-05-10 11:00:00+00:00,9.98009162
2026-05-10 12:00:00+00:00,10.00009585
2026-05-10 13:00:00+00:00,10.07196373
2026-05-10 14:00:00+00:00,10.04907807
2026-05-10 15:00:00+00:00,10.15727396
2026-05-10 16:00:00+00:00,10.25058989
2026-05-10 17:00:00+00:00,10.35912482
2026-05-10 18:00:00+00:00,10.40211827
2026-05-10 19:00:00+00:00,10.41242447
2026-05-10 20:00:00+00:00,10.08867881
2026-05-10 21:00:00+00:00,10.13827676
2026-05-10 22:00:00+00:00,10.28099018
2026-05-10 23:00:00+00:00,10.21623647
2026-05-11 00:00:00+00:00,10.15600798
2026-05-11 01:00:00+00:00,10.1416117
2026-05-11 02:00:00+00:00,10.06293796
2026-05-11 03:00:00+00:00,10.03031178
2026-05-11 04:00:00+00:00,10.03734233
2026-05-11 05:00:00+00:00,10.0819403
2026-05-11 06:00:00+00:00,10.1066191
2026-05-11 07:00:00+00:00,10.0913681
2026-05-11 08:00:00+00:00,10.07189507
2026-05-11 09:00:00+00:00,10.14949966
2026-05-11 10:00:00+00:00,10.10820442
2026-05-11 11:00:00+00:00,10.12561422
2026-05-11 12:00:00+00:00,10.07332059
2026-05-11 13:00:00+00:00,10.10617129
2026-05-11 14:00:00+00:00,10.10875885
2026-05-11 15:00:00+00:00,10.23631324
2026-05-11 16:00:00+00:00,10.18018579
2026-05-11 17:00:00+00:00,10.21967355
2026-05-11 18:00:00+00:00,10.16770534
2026-05-11 19:00:00+00:00,10.2082145
2026-05-11 20:00:00+00:00,10.18868049
2026-05-11 21:00:00+00:00,10.16074341
2026-05-11 22:00:00+00:00,10.14795207
2026-05-11 23:00:00+00:00,10.13771012
2026-05-12 00:00:00+00:00,10.15261634
2026-05-12 01:00:00+00:00,10.02776843
2026-05-12 02:00:00+00:00,10.0577961
2026-05-12 03:00:00+00:00,10.01601318
2026-05-12 04:00:00+00:00,10.03005204
2026-05-12 05:00:00+00:00,10.04693283
2026-05-12 06:00:00+00:00,10.02580301
2026-05-12 07:00:00+00:00,10.01669419
2026-05-12 08:00:00+00:00,9.9668666
2026-05-12 09:00:00+00:00,9.91269938
2026-05-12 10:00:00+00:00,9.86182431
2026-05-12 11:00:00+00:00,9.86654477
2026-05-12 12:00:00+00:00,9.88726586
2026-05-12 13:00:00+00:00,9.79128856
2026-05-12 14:00:00+00:00,9.73992677
2026-05-12 15:00:00+00:00,9.73814688
2026-05-12 16:00:00+00:00,9.69921454
2026-05-12 17:00:00+00:00,9.79150915
2026-05-12 18:00:00+00:00,9.83105352
2026-05-12 19:00:00+00:00,9.86376795
2026-05-12 20:00:00+00:00,9.86000518
2026-05-12 21:00:00+00:00,9.87633815
2026-05-12 22:00:00+00:00,9.87151611
2026-05-12 23:00:00+00:00,9.83333136
2026-05-13 00:00:00+00:00,9.87770474
2026-05-13 01:00:00+00:00,9.94375766
2026-05-13 02:00:00+00:00,9.98144541
2026-05-13 03:00:00+00:00,10.03023052
2026-05-13 04:00:00+00:00,10.04878166
2026-05-13 05:00:00+00:00,9.99980239
2026-05-13 06:00:00+00:00,9.97446631
2026-05-13 07:00:00+00:00,10.00112478
2026-05-13 08:00:00+00:00,10.03403364
2026-05-13 09:00:00+00:00,10.14305764
2026-05-13 10:00:00+00:00,10.07567332
2026-05-13 11:00:00+00:00,9.95141031
2026-05-13 12:00:00+00:00,9.86069622
2026-05-13 13:00:00+00:00,9.76250358
2026-05-13 14:00:00+00:00,9.80637016
2026-05-13 15:00:00+00:00,9.63928525
2026-05-13 16:00:00+00:00,9.73534609
2026-05-13 17:00:00+00:00,9.77112695
2026-05-13 18:00:00+00:00,9.77905464
2026-05-13 19:00:00+00:00,9.73498253
2026-05-13 20:00:00+00:00,9.78594565
2026-05-13 21:00:00+00:00,9.71158911
2026-05-13 22:00:00+00:00,9.7601285
2026-05-13 23:00:00+00:00,9.75834417
2026-05-14 00:00:00+00:00,9.79855833
2026-05-14 01:00:00+00:00,9.79383106
2026-05-14 02:00:00+00:00,9.73266758
2026-05-14 03:00:00+00:00,9.64999124
2026-05-14 04:00:00+00:00,9.71778443
2026-05-14 05:00:00+00:00,9.78270864
2026-05-14 06:00:00+00:00,9.74468652
2026-05-14 07:00:00+00:00,9.7080199
2026-05-14 08:00:00+00:00,9.70817042
2026-05-14 09:00:00+00:00,9.67598335
2026-05-14 10:00:00+00:00,9.7118375
2026-05-14 11:00:00+00:00,9.6758559
2026-05-14 12:00:00+00:00,9.76390423
2026-05-14 13:00:00+00:00,9.77938421
2026-05-14 14:00:00+00:00,10.03427096
2026-05-14 15:00:00+00:00,10.05874142
2026-05-14 16:00:00+00:00,10.05106384
2026-05-14 17:00:00+00:00,10.01571013
2026-05-14 18:00:00+00:00,10.09246774
2026-05-14 19:00:00+00:00,10.01564174
2026-05-14 20:00:00+00:00,9.9881087
2026-05-14 21:00:00+00:00,9.97999708
2026-05-14 22:00:00+00:00,9.98062046
2026-05-14 23:00:00+00:00,9.905792
2026-05-15 00:00:00+00:00,9.94768941
2026-05-15 01:00:00+00:00,9.87690385
2026-05-15 02:00:00+00:00,9.91895673
2026-05-15 03:00:00+00:00,9.88044856
2026-05-15 04:00:00+00:00,9.8098516
2026-05-15 05:00:00+00:00,9.70186657
2026-05-15 06:00:00+00:00,9.7574261
2026-05-15 07:00:00+00:00,9.8191219
2026-05-15 08:00:00+00:00,9.7829535
2026-05-15 09:00:00+00:00,9.75046703
2026-05-15 10:00:00+00:00,9.81198628
2026-05-15 11:00:00+00:00,9.78456658
2026-05-15 12:00:00+00:00,9.72689739
2026-05-15 13:00:00+00:00,9.45955721
2026-05-15 14:00:00+00:00,9.48457705
2026-05-15 15:00:00+00:00,9.48335947
2026-05-15 16:00:00+00:00,9.56244062
2026-05-15 17:00:00+00:00,9.59275463
2026-05-15 18:00:00+00:00,9.57853477
2026-05-15 19:00:00+00:00,9.54683632
2026-05-15 20:00:00+00:00,9.52926938
2026-05-15 21:00:00+00:00,9.51501955
2026-05-15 22:00:00+00:00,9.55174636
2026-05-15 23:00:00+00:00,9.54037244
2026-05-16 00:00:00+00:00,9.54011595
2026-05-16 01:00:00+00:00,9.55641032
2026-05-16 02:00:00+00:00,9.53947093
2026-05-16 03:00:00+00:00,9.53281365
2026-05-16 04:00:00+00:00,9.48704778
2026-05-16 05:00:00+00:00,9.47552181
2026-05-16 06:00:00+00:00,9.37365378
2026-05-16 07:00:00+00:00,9.34134381
2026-05-16 08:00:00+00:00,9.33936569
2026-05-16 09:00:00+00:00,9.24581709
2026-05-16 10:00:00+00:00,9.24165482
2026-05-16 11:00:00+00:00,9.25611141
2026-05-16 12:00:00+00:00,9.27848873
2026-05-16 13:00:00+00:00,9.26935885
2026-05-16 14:00:00+00:00,9.29306851
2026-05-16 15:00:00+00:00,9.31914388
2026-05-16 16:00:00+00:00,9.33233766
2026-05-16 17:00:00+00:00,9.35364115
2026-05-16 18:00:00+00:00,9.33251042
2026-05-16 19:00:00+00:00,9.31166507
2026-05-16 20:00:00+00:00,9.30872249
2026-05-16 21:00:00+00:00,9.32049871
2026-05-16 22:00:00+00:00,9.29807245
2026-05-16 23:00:00+00:00,9.29127966
2026-05-17 00:00:00+00:00,9.23948735
2026-05-17 01:00:00+00:00,9.20922364
2026-05-17 02:00:00+00:00,9.22779924
2026-05-17 03:00:00+00:00,9.27389064
2026-05-17 04:00:00+00:00,9.30443677
2026-05-17 05:00:00+00:00,9.32237799
2026-05-17 06:00:00+00:00,9.34826384
2026-05-17 07:00:00+00:00,9.31981167
2026-05-17 08:00:00+00:00,9.30295035
2026-05-17 09:00:00+00:00,9.36153383
2026-05-17 10:00:00+00:00,9.37080314
2026-05-17 11:00:00+00:00,9.36243199
2026-05-17 12:00:00+00:00,9.35325358
2026-05-17 13:00:00+00:00,9.33215768
2026-05-17 14:00:00+00:00,9.2932823
2026-05-17 15:00:00+00:00,9.29796362
2026-05-17 16:00:00+00:00,9.27240191
2026-05-17 17:00:00+00:00,9.26261416
2026-05-17 18:00:00+00:00,9.28082633
2026-05-17 19:00:00+00:00,9.31099403
2026-05-17 20:00:00+00:00,9.29984875
2026-05-17 21:00:00+00:00,9.32145621
2026-05-17 22:00:00+00:00,9.2441542
2026-05-17 23:00:00+00:00,9.19903006
2026-05-18 00:00:00+00:00,9.19019935
2026-05-18 01:00:00+00:00,9.16688595
2026-05-18 02:00:00+00:00,9.19981801
2026-05-18 03:00:00+00:00,9.19638972
2026-05-18 04:00:00+00:00,9.21734723
2026-05-18 05:00:00+00:00,9.15876384
2026-05-18 06:00:00+00:00,9.13032118
2026-05-18 07:00:00+00:00,9.11345251
2026-05-18 08:00:00+00:00,9.13332319
2026-05-18 09:00:00+00:00,9.08245896
2026-05-18 10:00:00+00:00,9.06724056
2026-05-18 11:00:00+00:00,9.15814257
2026-05-18 12:00:00+00:00,9.19983872
2026-05-18 13:00:00+00:00,9.14615963
2026-05-18 14:00:00+00:00,9.07077137
2026-05-18 15:00:00+00:00,9.09041155
2026-05-18 16:00:00+00:00,9.1000709
2026-05-18 17:00:00+00:00,9.12303699
2026-05-18 18:00:00+00:00,9.02209292
2026-05-18 19:00:00+00:00,9.17781356
2026-05-18 20:00:00+00:00,9.17919409
2026-05-18 21:00:00+00:00,9.24840607
2026-05-18 22:00:00+00:00,9.24118859
2026-05-18 23:00:00+00:00,9.24279473
2026-05-19 00:00:00+00:00,9.28075131
2026-05-19 01:00:00+00:00,9.24057384
2026-05-19 02:00:00+00:00,9.20838906
2026-05-19 03:00:00+00:00,9.23824597
2026-05-19 04:00:00+00:00,9.24598076
2026-05-19 05:00:00+00:00,9.24428163
2026-05-19 06:00:00+00:00,9.2555264
2026-05-19 07:00:00+00:00,9.27839994
2026-05-19 08:00:00+00:00,9.2417102
2026-05-19 09:00:00+00:00,9.19533292
2026-05-19 10:00:00+00:00,9.1577593
2026-05-19 11:00:00+00:00,9.10256406
2026-05-19 12:00:00+00:00,9.14782495
2026-05-19 13:00:00+00:00,9.12121143
2026-05-19 14:00:00+00:00,9.06768212
2026-05-19 15:00:00+00:00,9.09797745
2026-05-19 16:00:00+00:00,9.1678676
2026-05-19 17:00:00+00:00,9.15521704
2026-05-19 18:00:00+00:00,9.13643643
2026-05-19 19:00:00+00:00,9.11166697
2026-05-19 20:00:00+00:00,9.13802103
2026-05-19 21:00:00+00:00,9.12900461
2026-05-19 22:00:00+00:00,9.08409553
2026-05-19 23:00:00+00:00,9.10685743
2026-05-20 00:00:00+00:00,9.10180003
2026-05-20 01:00:00+00:00,9.10989314
2026-05-20 02:00:00+00:00,9.0974244
2026-05-20 03:00:00+00:00,9.11794949
2026-05-20 04:00:00+00:00,9.12951552
2026-05-20 05:00:00+00:00,9.19354247
2026-05-20 06:00:00+00:00,9.23579891
2026-05-20 07:00:00+00:00,9.20695092
2026-05-20 08:00:00+00:00,9.2388377
2026-05-20 09:00:00+00:00,9.20360578
2026-05-20 10:00:00+00:00,9.22135352
2026-05-20 11:00:00+00:00,9.20246589
2026-05-20 12:00:00+00:00,9.25367827
2026-05-20 13:00:00+00:00,9.1914918
2026-05-20 14:00:00+00:00,9.31333509
2026-05-20 15:00:00+00:00,9.33744254
2026-05-20 16:00:00+00:00,9.33432287
2026-05-20 17:00:00+00:00,9.34199971
2026-05-20 18:00:00+00:00,9.28887969
2026-05-20 19:00:00+00:00,9.31736765
2026-05-20 20:00:00+00:00,9.30625193
2026-05-20 21:00:00+00:00,9.26814457
2026-05-20 22:00:00+00:00,9.27718353
2026-05-20 23:00:00+00:00,9.29729221
2026-05-21 00:00:00+00:00,9.35468806
2026-05-21 01:00:00+00:00,9.35352723
2026-05-21 02:00:00+00:00,9.36290526
2026-05-21 03:00:00+00:00,9.38361654
2026-05-21 04:00:00+00:00,9.38909648
2026-05-21 05:00:00+00:00,9.34590509
2026-05-21 06:00:00+00:00,9.38816908
2026-05-21 07:00:00+00:00,9.47117997
2026-05-21 08:00:00+00:00,9.41144354
2026-05-21 09:00:00+00:00,9.38015671
2026-05-21 10:00:00+00:00,9.32269523
2026-05-21 11:00:00+00:00,9.29740376
2026-05-21 12:00:00+00:00,9.30693018
2026-05-21 13:00:00+00:00,9.32971175
2026-05-21 14:00:00+00:00,9.3166195
2026-05-21 15:00:00+00:00,9.37612998
2026-05-21 16:00:00+00:00,9.33111105
2026-05-21 17:00:00+00:00,9.48096013
2026-05-21 18:00:00+00:00,9.4504491
2026-05-21 19:00:00+00:00,9.49454135
2026-05-21 20:00:00+00:00,9.48087081
2026-05-21 21:00:00+00:00,9.46853657
2026-05-21 22:00:00+00:00,9.45375952
2026-05-21 23:00:00+00:00,9.45171847
2026-05-22 00:00:00+00:00,9.39179782
2026-05-22 01:00:00+00:00,9.43006996
2026-05-22 02:00:00+00:00,9.47150234
2026-05-22 03:00:00+00:00,9.50406841
2026-05-22 04:00:00+00:00,9.51739085
2026-05-22 05:00:00+00:00,9.53214842
2026-05-22 06:00:00+00:00,9.49326748
2026-05-22 07:00:00+00:00,9.51060151
2026-05-22 08:00:00+00:00,9.51034359
2026-05-22 09:00:00+00:00,9.49495574
2026-05-22 10:00:00+00:00,9.49589848
2026-05-22 11:00:00+00:00,9.53040968
2026-05-22 12:00:00+00:00,9.58473949
2026-05-22 13:00:00+00:00,9.53394059
2026-05-22 14:00:00+00:00,9.42602073
2026-05-22 15:00:00+00:00,9.43400418
2026-05-22 16:00:00+00:00,9.4381326
2026-05-22 17:00:00+00:00,9.40797123
2026-05-22 18:00:00+00:00,9.29522419
2026-05-22 19:00:00+00:00,9.22057861
2026-05-22 20:00:00+00:00,9.25164243
2026-05-22 21:00:00+00:00,9.26299219
2026-05-22 22:00:00+00:00,9.23141364
2026-05-22 23:00:00+00:00,9.15438641
2026-05-23 00:00:00+00:00,9.16945072
2026-05-23 01:00:00+00:00,9.18140205
2026-05-23 02:00:00+00:00,9.1918205
2026-05-23 03:00:00+00:00,9.20228715
2026-05-23 04:00:00+00:00,9.15778914
2026-05-23 05:00:00+00:00,9.14731833
2026-05-23 06:00:00+00:00,9.11776871
2026-05-23 07:00:00+00:00,8.92439241
2026-05-23 08:00:00+00:00,8.88991935
2026-05-23 09:00:00+00:00,8.87564182
2026-05-23 10:00:00+00:00,8.90511327
2026-05-23 11:00:00+00:00,8.89974282
2026-05-23 12:00:00+00:00,8.92924
2026-05-23 13:00:00+00:00,9.00983843
2026-05-23 14:00:00+00:00,9.10111037
2026-05-23 15:00:00+00:00,9.13377951
2026-05-23 16:00:00+00:00,9.15367052
2026-05-23 17:00:00+00:00,9.14456911
2026-05-23 18:00:00+00:00,9.27428681
2026-05-23 19:00:00+00:00,9.28515445
2026-05-23 20:00:00+00:00,9.53901751
2026-05-23 21:00:00+00:00,9.48123223
2026-05-23 22:00:00+00:00,9.41259966
2026-05-23 23:00:00+00:00,9.39092066
2026-05-24 00:00:00+00:00,9.405768
2026-05-24 01:00:00+00:00,9.4078696
2026-05-24 02:00:00+00:00,9.35992194
2026-05-24 03:00:00+00:00,9.33462259
2026-05-24 04:00:00+00:00,9.35540105
2026-05-24 05:00:00+00:00,9.35189685
2026-05-24 06:00:00+00:00,9.36417952
2026-05-24 07:00:00+00:00,9.32665663
2026-05-24 08:00:00+00:00,9.34446099
2026-05-24 09:00:00+00:00,9.35718737
2026-05-24 10:00:00+00:00,9.34593012
2026-05-24 11:00:00+00:00,9.3507724
2026-05-24 12:00:00+00:00,9.32177772
2026-05-24 13:00:00+00:00,9.2753475
2026-05-24 14:00:00+00:00,9.23748981
2026-05-24 15:00:00+00:00,9.2378389
2026-05-24 16:00:00+00:00,9.25661197
2026-05-24 17:00:00+00:00,9.26046853
2026-05-24 18:00:00+00:00,9.23308906
2026-05-24 19:00:00+00:00,9.23476669
2026-05-24 20:00:00+00:00,9.20034318
2026-05-24 21:00:00+00:00,9.07837945
2026-05-24 22:00:00+00:00,9.16832628
2026-05-24 23:00:00+00:00,9.21246487
2026-05-25 00:00:00+00:00,9.22288366
2026-05-25 01:00:00+00:00,9.15591158
2026-05-25 02:00:00+00:00,9.17945335
2026-05-25 03:00:00+00:00,9.17086764
2026-05-25 04:00:00+00:00,9.25216099
2026-05-25 05:00:00+00:00,9.2931057
2026-05-25 06:00:00+00:00,9.31911941
2026-05-25 07:00:00+00:00,9.34061855
2026-05-25 08:00:00+00:00,9.35829713
2026-05-25 09:00:00+00:00,9.37461435
2026-05-25 10:00:00+00:00,9.41666079
2026-05-25 11:00:00+00:00,9.37489804
2026-05-25 12:00:00+00:00,9.38974436
2026-05-25 13:00:00+00:00,9.40812777
2026-05-25 14:00:00+00:00,9.47214044
2026-05-25 15:00:00+00:00,9.43251434
2026-05-25 16:00:00+00:00,9.4627214
2026-05-25 17:00:00+00:00,9.43433252
2026-05-25 18:00:00+00:00,9.3984388
2026-05-25 19:00:00+00:00,9.38683836
2026-05-25 20:00:00+00:00,9.3464386
2026-05-25 21:00:00+00:00,9.34239655
2026-05-25 22:00:00+00:00,9.28379501
2026-05-25 23:00:00+00:00,9.31023739
2026-05-26 00:00:00+00:00,9.25319067
2026-05-26 01:00:00+00:00,9.2095446
2026-05-26 02:00:00+00:00,9.20799841
2026-05-26 03:00:00+00:00,9.22428816
2026-05-26 04:00:00+00:00,9.25738838
2026-05-26 05:00:00+00:00,9.30182424
2026-05-26 06:00:00+00:00,9.30564511
2026-05-26 07:00:00+00:00,9.2693598
2026-05-26 08:00:00+00:00,9.2814153
2026-05-26 09:00:00+00:00,9.28844972
2026-05-26 10:00:00+00:00,9.43216561
2026-05-26 11:00:00+00:00,9.3829083
2026-05-26 12:00:00+00:00,9.3903492
2026-05-26 13:00:00+00:00,9.42230026
2026-05-26 14:00:00+00:00,9.35729182
2026-05-26 15:00:00+00:00,9.2920356
2026-05-26 16:00:00+00:00,9.25675823
2026-05-26 17:00:00+00:00,9.17140491
2026-05-26 18:00:00+00:00,9.15360128
2026-05-26 19:00:00+00:00,9.17312826
2026-05-26 20:00:00+00:00,9.18297944
2026-05-26 21:00:00+00:00,9.14487912
2026-05-26 22:00:00+00:00,9.13743652
2026-05-26 23:00:00+00:00,9.14026302
2026-05-27 00:00:00+00:00,9.19194932
2026-05-27 01:00:00+00:00,9.14916737
2026-05-27 02:00:00+00:00,9.16739818
2026-05-27 03:00:00+00:00,9.14254936
2026-05-27 04:00:00+00:00,9.14068619
2026-05-27 05:00:00+00:00,9.16952992
2026-05-27 06:00:00+00:00,9.19486523
2026-05-27 07:00:00+00:00,9.19490509
2026-05-27 08:00:00+00:00,9.16600965
2026-05-27 09:00:00+00:00,9.1374065
2026-05-27 10:00:00+00:00,9.16112639
2026-05-27 11:00:00+00:00,9.15415839
2026-05-27 12:00:00+00:00,9.18839075
2026-05-27 13:00:00+00:00,9.15139445
2026-05-27 14:00:00+00:00,9.17135706
2026-05-27 15:00:00+00:00,9.2405236
2026-05-27 16:00:00+00:00,9.21030561
2026-05-27 17:00:00+00:00,9.11222175
2026-05-27 18:00:00+00:00,9.16180914
2026-05-27 19:00:00+00:00,9.1889188
2026-05-27 20:00:00+00:00,9.19404267
2026-05-27 21:00:00+00:00,9.04225363
2026-05-27 22:00:00+00:00,9.03035588
2026-05-27 23:00:00+00:00,9.04405439
2026-05-28 00:00:00+00:00,9.05670781
2026-05-28 01:00:00+00:00,9.04858724
2026-05-28 02:00:00+00:00,9.05546554
2026-05-28 03:00:00+00:00,8.88254951
2026-05-28 04:00:00+00:00,8.82542881
2026-05-28 05:00:00+00:00,8.77414362
2026-05-28 06:00:00+00:00,8.8055336
2026-05-28 07:00:00+00:00,8.84633417
2026-05-28 08:00:00+00:00,8.80606413
2026-05-28 09:00:00+00:00,8.8708716
2026-05-28 10:00:00+00:00,8.8074482
2026-05-28 11:00:00+00:00,8.81865968
2026-05-28 12:00:00+00:00,8.85312399
2026-05-28 13:00:00+00:00,8.83408334
2026-05-28 14:00:00+00:00,8.86814738
2026-05-28 15:00:00+00:00,8.8520292
2026-05-28 16:00:00+00:00,8.96138116
2026-05-28 17:00:00+00:00,8.99050907
2026-05-28 18:00:00+00:00,8.98724895
2026-05-28 19:00:00+00:00,8.91488515
2026-05-28 20:00:00+00:00,8.93785745
2026-05-28 21:00:00+00:00,8.97377367
2026-05-28 22:00:00+00:00,8.90898147
2026-05-28 23:00:00+00:00,8.9277746
2026-05-29 00:00:00+00:00,8.9462633
2026-05-29 01:00:00+00:00,8.94324594
2026-05-29 02:00:00+00:00,8.87296572
2026-05-29 03:00:00+00:00,8.88263532
2026-05-29 04:00:00+00:00,8.90381466
2026-05-29 05:00:00+00:00,8.9299933
2026-05-29 06:00:00+00:00,8.95454461
2026-05-29 07:00:00+00:00,8.93027235
2026-05-29 08:00:00+00:00,8.93149744
2026-05-29 09:00:00+00:00,8.96526672
2026-05-29 10:00:00+00:00,8.9158989
2026-05-29 11:00:00+00:00,8.87285896
2026-05-29 12:00:00+00:00,8.83321005
2026-05-29 13:00:00+00:00,8.82030663
2026-05-29 14:00:00+00:00,8.71890084
2026-05-29 15:00:00+00:00,8.92531862
2026-05-29 16:00:00+00:00,8.95563173
2026-05-29 17:00:00+00:00,8.92724125
2026-05-29 18:00:00+00:00,8.84149934
2026-05-29 19:00:00+00:00,8.83657021
2026-05-29 20:00:00+00:00,8.81506527
2026-05-29 21:00:00+00:00,8.79109251
2026-05-29 22:00:00+00:00,8.81546488
2026-05-29 23:00:00+00:00,8.82738166
2026-05-30 00:00:00+00:00,8.87285613
2026-05-30 01:00:00+00:00,8.94731046
2026-05-30 02:00:00+00:00,9.01626422
2026-05-30 03:00:00+00:00,8.97299437
2026-05-30 04:00:00+00:00,8.90051003
2026-05-30 05:00:00+00:00,8.94081619
2026-05-30 06:00:00+00:00,8.91965695
2026-05-30 07:00:00+00:00,8.91518673
2026-05-30 08:00:00+00:00,8.89643941
2026-05-30 09:00:00+00:00,8.93001812
2026-05-30 10:00:00+00:00,8.91717019
2026-05-30 11:00:00+00:00,8.92172912
2026-05-30 12:00:00+00:00,8.93172569
2026-05-30 13:00:00+00:00,8.95294247
2026-05-30 14:00:00+00:00,8.96787673
2026-05-30 15:00:00+00:00,8.96312558
2026-05-30 16:00:00+00:00,8.98459483
2026-05-30 17:00:00+00:00,8.98999145
2026-05-30 18:00:00+00:00,8.99451947
2026-05-30 19:00:00+00:00,8.9904349
2026-05-30 20:00:00+00:00,8.99869525
2026-05-30 21:00:00+00:00,8.99965026
2026-05-30 22:00:00+00:00,8.94011489
2026-05-30 23:00:00+00:00,8.94405845
2026-05-31 00:00:00+00:00,8.97378864
2026-05-31 01:00:00+00:00,8.98645467
2026-05-31 02:00:00+00:00,9.01571872
2026-05-31 03:00:00+00:00,9.0117633
2026-05-31 04:00:00+00:00,9.0344023
2026-05-31 05:00:00+00:00,9.04544367
2026-05-31 06:00:00+00:00,9.0274797
2026-05-31 07:00:00+00:00,8.99154514
2026-05-31 08:00:00+00:00,9.00179281
2026-05-31 09:00:00+00:00,8.98590213
2026-05-31 10:00:00+00:00,8.98932319
2026-05-31 11:00:00+00:00,9.01591659
2026-05-31 12:00:00+00:00,9.02913528
2026-05-31 13:00:00+00:00,9.00994673
2026-05-31 14:00:00+00:00,8.87679862
2026-05-31 15:00:00+00:00,8.88513988
2026-05-31 16:00:00+00:00,8.82969289
2026-05-31 17:00:00+00:00,8.86691414
2026-05-31 18:00:00+00:00,8.85950396
2026-05-31 19:00:00+00:00,8.83933679
2026-05-31 20:00:00+00:00,8.89315063
2026-05-31 21:00:00+00:00,8.9392094
2026-05-31 22:00:00+00:00,8.97950988
2026-05-31 23:00:00+00:00,8.98051914
2026-06-01 00:00:00+00:00,9.03899873
2026-06-01 01:00:00+00:00,8.89144419
2026-06-01 02:00:00+00:00,9.03069485
2026-06-01 03:00:00+00:00,9.0194337
2026-06-01 04:00:00+00:00,8.95067804
2026-06-01 05:00:00+00:00,8.88947277
2026-06-01 06:00:00+00:00,8.84555857
2026-06-01 07:00:00+00:00,8.79242167
2026-06-01 08:00:00+00:00,8.83658833
2026-06-01 09:00:00+00:00,8.86410131
2026-06-01 10:00:00+00:00,8.86089947
2026-06-01 11:00:00+00:00,8.83101871
2026-06-01 12:00:00+00:00,8.83353819
2026-06-01 13:00:00+00:00,8.78021834
2026-06-01 14:00:00+00:00,8.74908842
2026-06-01 15:00:00+00:00,8.73168933
2026-06-01 16:00:00+00:00,8.87549427
2026-06-01 17:00:00+00:00,8.92648923
2026-06-01 18:00:00+00:00,8.89530009
2026-06-01 19:00:00+00:00,8.95909102
2026-06-01 20:00:00+00:00,8.93750923
2026-06-01 21:00:00+00:00,8.88230369
2026-06-01 22:00:00+00:00,8.9289947
2026-06-01 23:00:00+00:00,8.93659319
2026-06-02 00:00:00+00:00,8.88241981
2026-06-02 01:00:00+00:00,8.77580587
2026-06-02 02:00:00+00:00,8.85501528
2026-06-02 03:00:00+00:00,8.88434398
2026-06-02 04:00:00+00:00,8.81076366
2026-06-02 05:00:00+00:00,8.73937676
2026-06-02 06:00:00+00:00,8.71387855
2026-06-02 07:00:00+00:00,8.71797435
2026-06-02 08:00:00+00:00,8.70726716
2026-06-02 09:00:00+00:00,8.68268968
2026-06-02 10:00:00+00:00,8.74136145
2026-06-02 11:00:00+00:00,8.68386753
2026-06-02 12:00:00+00:00,8.69801139
2026-06-02 13:00:00+00:00,8.69321844
2026-06-02 14:00:00+00:00,8.46083868
2026-06-02 15:00:00+00:00,8.36835706
2026-06-02 16:00:00+00:00,8.41197368
2026-06-02 17:00:00+00:00,8.45415092
2026-06-02 18:00:00+00:00,8.34900976
2026-06-02 19:00:00+00:00,8.33267763
2026-06-02 20:00:00+00:00,8.33689211
2026-06-02 21:00:00+00:00,8.33070881
2026-06-02 22:00:00+00:00,8.12374428
2026-06-02 23:00:00+00:00,8.17940528
2026-06-03 00:00:00+00:00,8.21887463
2026-06-03 01:00:00+00:00,8.24384731
2026-06-03 02:00:00+00:00,8.18328597
2026-06-03 03:00:00+00:00,8.05127196
2026-06-03 04:00:00+00:00,8.17020512
2026-06-03 05:00:00+00:00,8.28741536
2026-06-03 06:00:00+00:00,8.27017293
2026-06-03 07:00:00+00:00,8.31927852
2026-06-03 08:00:00+00:00,8.31034598
2026-06-03 09:00:00+00:00,8.28216552
2026-06-03 10:00:00+00:00,8.3544123
2026-06-03 11:00:00+00:00,8.30008896
2026-06-03 12:00:00+00:00,8.30405795
2026-06-03 13:00:00+00:00,8.3126224
2026-06-03 14:00:00+00:00,8.27607181
2026-06-03 15:00:00+00:00,8.1898296
2026-06-03 16:00:00+00:00,8.12268515
2026-06-03 17:00:00+00:00,8.14094961
2026-06-03 18:00:00+00:00,8.1846901
2026-06-03 19:00:00+00:00,8.04527716
2026-06-03 20:00:00+00:00,7.95745217
2026-06-03 21:00:00+00:00,8.17272266
2026-06-03 22:00:00+00:00,8.10676504
2026-06-03 23:00:00+00:00,8.05143481
2026-06-04 00:00:00+00:00,7.98645793
2026-06-04 01:00:00+00:00,7.76280149
2026-06-04 02:00:00+00:00,7.84250334
2026-06-04 03:00:00+00:00,8.03511267
2026-06-04 04:00:00+00:00,7.98610322
2026-06-04 05:00:00+00:00,7.89680346
2026-06-04 06:00:00+00:00,7.92984529
2026-06-04 07:00:00+00:00,7.82705004
2026-06-04 08:00:00+00:00,7.80314022
2026-06-04 09:00:00+00:00,7.71765367
2026-06-04 10:00:00+00:00,7.57795954
2026-06-04 11:00:00+00:00,7.66102485
2026-06-04 12:00:00+00:00,7.80216363
2026-06-04 13:00:00+00:00,7.78345214
2026-06-04 14:00:00+00:00,7.76817926
2026-06-04 15:00:00+00:00,7.76499657
2026-06-04 16:00:00+00:00,7.75861415
2026-06-04 17:00:00+00:00,7.75416425
2026-06-04 18:00:00+00:00,7.81205924
2026-06-04 19:00:00+00:00,7.78082479
2026-06-04 20:00:00+00:00,7.73964337
2026-06-04 21:00:00+00:00,7.59922672
2026-06-04 22:00:00+00:00,7.67311996
2026-06-04 23:00:00+00:00,7.70674152
2026-06-05 00:00:00+00:00,7.64070446
2026-06-05 01:00:00+00:00,7.64827926
2026-06-05 02:00:00+00:00,7.43447927
2026-06-05 03:00:00+00:00,7.31850225
2026-06-05 04:00:00+00:00,7.47949218
2026-06-05 05:00:00+00:00,7.261729
2026-06-05 06:00:00+00:00,7.18017744
2026-06-05 07:00:00+00:00,7.3024063
2026-06-05 08:00:00+00:00,7.15709394
2026-06-05 09:00:00+00:00,7.25275056
2026-06-05 10:00:00+00:00,7.15733347
2026-06-05 11:00:00+00:00,7.07917014
2026-06-05 12:00:00+00:00,7.08394692
2026-06-05 13:00:00+00:00,6.97817238
2026-06-05 14:00:00+00:00,7.07740654
2026-06-05 15:00:00+00:00,6.90897066
2026-06-05 16:00:00+00:00,7.06365569
2026-06-05 17:00:00+00:00,7.02165916
2026-06-05 18:00:00+00:00,6.8278622
2026-06-05 19:00:00+00:00,6.69974164
2026-06-05 20:00:00+00:00,6.90944477
2026-06-05 21:00:00+00:00,6.95916448
2026-06-05 22:00:00+00:00,6.80703805
2026-06-05 23:00:00+00:00,6.72728483
2026-06-06 00:00:00+00:00,6.89882171
2026-06-06 01:00:00+00:00,6.74857811
2026-06-06 02:00:00+00:00,6.6587641
2026-06-06 03:00:00+00:00,6.52613169
2026-06-06 04:00:00+00:00,6.30648157
2026-06-06 05:00:00+00:00,6.58123552
2026-06-06 06:00:00+00:00,6.54598807
2026-06-06 07:00:00+00:00,6.67636495
2026-06-06 08:00:00+00:00,6.74460574
2026-06-06 09:00:00+00:00,6.70944004
2026-06-06 10:00:00+00:00,6.62050473
2026-06-06 11:00:00+00:00,6.68223705
2026-06-06 12:00:00+00:00,6.78478993
2026-06-06 13:00:00+00:00,6.76129365
2026-06-06 14:00:00+00:00,6.75392674
2026-06-06 15:00:00+00:00,6.69351525
2026-06-06 16:00:00+00:00,6.6951983
2026-06-06 17:00:00+00:00,6.61316185
2026-06-06 18:00:00+00:00,6.64012004
2026-06-06 19:00:00+00:00,6.60895544
2026-06-06 20:00:00+00:00,6.62223436
2026-06-06 21:00:00+00:00,6.62880258
2026-06-06 22:00:00+00:00,6.64050326
2026-06-06 23:00:00+00:00,6.66306067
2026-06-07 00:00:00+00:00,6.66244797
2026-06-07 01:00:00+00:00,6.78205514
2026-06-07 02:00:00+00:00,6.77496189
2026-06-07 03:00:00+00:00,6.75737686
2026-06-07 04:00:00+00:00,6.77719327
2026-06-07 05:00:00+00:00,6.77226352
2026-06-07 06:00:00+00:00,6.79288676
2026-06-07 07:00:00+00:00,6.82536145
2026-06-07 08:00:00+00:00,6.87163312
2026-06-07 09:00:00+00:00,6.77159867
2026-06-07 10:00:00+00:00,6.71336771
2026-06-07 11:00:00+00:00,6.72939519
2026-06-07 12:00:00+00:00,6.65097193
2026-06-07 13:00:00+00:00,6.66228354
2026-06-07 14:00:00+00:00,6.72399904
2026-06-07 15:00:00+00:00,6.70586788
2026-06-07 16:00:00+00:00,6.69669058
2026-06-07 17:00:00+00:00,6.68713408
2026-06-07 18:00:00+00:00,6.66951942
2026-06-07 19:00:00+00:00,6.54053744
2026-06-07 20:00:00+00:00,6.61009933
2026-06-07 21:00:00+00:00,6.59249094
2026-06-07 22:00:00+00:00,6.75028357
2026-06-07 23:00:00+00:00,6.81507789
2026-06-08 00:00:00+00:00,6.82183138
2026-06-08 01:00:00+00:00,6.70983261
2026-06-08 02:00:00+00:00,6.69911817
2026-06-08 03:00:00+00:00,6.66657143
2026-06-08 04:00:00+00:00,6.59727397
2026-06-08 05:00:00+00:00,6.5925533
2026-06-08 06:00:00+00:00,6.64690801
2026-06-08 07:00:00+00:00,6.70243101
2026-06-08 08:00:00+00:00,6.66067706
2026-06-08 09:00:00+00:00,6.71066231
2026-06-08 10:00:00+00:00,6.70301237
2026-06-08 11:00:00+00:00,6.78614638
2026-06-08 12:00:00+00:00,6.80703752
2026-06-08 13:00:00+00:00,6.73183358
2026-06-08 14:00:00+00:00,6.81593411
2026-06-08 15:00:00+00:00,6.8072539
2026-06-08 16:00:00+00:00,6.80387628
2026-06-08 17:00:00+00:00,6.83124628
2026-06-08 18:00:00+00:00,6.81997323
2026-06-08 19:00:00+00:00,6.821526
2026-06-08 20:00:00+00:00,6.7949798
2026-06-08 21:00:00+00:00,6.82020788
2026-06-08 22:00:00+00:00,6.80177238
2026-06-08 23:00:00+00:00,6.76573862
2026-06-09 00:00:00+00:00,6.61658128
2026-06-09 01:00:00+00:00,6.65730942
2026-06-09 02:00:00+00:00,6.65880938
2026-06-09 03:00:00+00:00,6.67157374
2026-06-09 04:00:00+00:00,6.74518636
2026-06-09 05:00:00+00:00,6.77854554
2026-06-09 06:00:00+00:00,6.75406459
2026-06-09 07:00:00+00:00,6.74869433
2026-06-09 08:00:00+00:00,6.71778932
2026-06-09 09:00:00+00:00,6.67661087
2026-06-09 10:00:00+00:00,6.69656614
2026-06-09 11:00:00+00:00,6.71093667
2026-06-09 12:00:00+00:00,6.73524307
2026-06-09 13:00:00+00:00,6.69413258
2026-06-09 14:00:00+00:00,6.60757326
2026-06-09 15:00:00+00:00,6.5273229
2026-06-09 16:00:00+00:00,6.52023488
2026-06-09 17:00:00+00:00,6.60845246
2026-06-09 18:00:00+00:00,6.65087393
2026-06-09 19:00:00+00:00,6.65927446
2026-06-09 20:00:00+00:00,6.67838781
2026-06-09 21:00:00+00:00,6.62468434
2026-06-09 22:00:00+00:00,6.61834628
2026-06-09 23:00:00+00:00,6.63904217
2026-06-10 00:00:00+00:00,6.66788112
2026-06-10 01:00:00+00:00,6.63553528
2026-06-10 02:00:00+00:00,6.56724022
2026-06-10 03:00:00+00:00,6.58277601
2026-06-10 04:00:00+00:00,6.54574572
2026-06-10 05:00:00+00:00,6.51394885
2026-06-10 06:00:00+00:00,6.52797211
2026-06-10 07:00:00+00:00,6.5642176
2026-06-10 08:00:00+00:00,6.47157735
2026-06-10 09:00:00+00:00,6.49413002
2026-06-10 10:00:00+00:00,6.49919171
2026-06-10 11:00:00+00:00,6.46206785
2026-06-10 12:00:00+00:00,6.54405702
2026-06-10 13:00:00+00:00,6.59653351
2026-06-10 14:00:00+00:00,6.55243397
2026-06-10 15:00:00+00:00,6.57952926
2026-06-10 16:00:00+00:00,6.50505308
2026-06-10 17:00:00+00:00,6.49026697
2026-06-10 18:00:00+00:00,6.53337183
2026-06-10 19:00:00+00:00,6.46241593
2026-06-10 20:00:00+00:00,6.44434155
2026-06-10 21:00:00+00:00,6.33592454
2026-06-10 22:00:00+00:00,6.33377032
2026-06-10 23:00:00+00:00,6.38357212
2026-06-11 00:00:00+00:00,6.43484389
2026-06-11 01:00:00+00:00,6.50097498
2026-06-11 02:00:00+00:00,6.48271489
2026-06-11 03:00:00+00:00,6.59856785
2026-06-11 04:00:00+00:00,6.60604855
2026-06-11 05:00:00+00:00,6.56715166
2026-06-11 06:00:00+00:00,6.57770382
2026-06-11 07:00:00+00:00,6.59130521
2026-06-11 08:00:00+00:00,6.61483979
2026-06-11 09:00:00+00:00,6.57855939
2026-06-11 10:00:00+00:00,6.57702988
2026-06-11 11:00:00+00:00,6.59887157
2026-06-11 12:00:00+00:00,6.55792517
2026-06-11 13:00:00+00:00,6.58496305
2026-06-11 14:00:00+00:00,6.54638887
2026-06-11 15:00:00+00:00,6.54254128
2026-06-11 16:00:00+00:00,6.51689673
2026-06-11 17:00:00+00:00,6.67055442
2026-06-11 18:00:00+00:00,6.6534062
2026-06-11 19:00:00+00:00,6.66700636
2026-06-11 20:00:00+00:00,6.63301082
2026-06-11 21:00:00+00:00,6.6501524
2026-06-11 22:00:00+00:00,6.64713515
2026-06-11 23:00:00+00:00,6.64712612
2026-06-12 00:00:00+00:00,6.63993908
2026-06-12 01:00:00+00:00,6.62846196
2026-06-12 02:00:00+00:00,6.66033899
2026-06-12 03:00:00+00:00,6.65836287
2026-06-12 04:00:00+00:00,6.66367729
2026-06-12 05:00:00+00:00,6.61889573
2026-06-12 06:00:00+00:00,6.54680727
2026-06-12 07:00:00+00:00,6.56991914
2026-06-12 08:00:00+00:00,6.62364284
2026-06-12 09:00:00+00:00,6.64753183
2026-06-12 10:00:00+00:00,6.63799662
2026-06-12 11:00:00+00:00,6.63695523
2026-06-12 12:00:00+00:00,6.61650989
2026-06-12 13:00:00+00:00,6.5404563
2026-06-12 14:00:00+00:00,6.66661691
2026-06-12 15:00:00+00:00,6.55136564
2026-06-12 16:00:00+00:00,6.62150062
2026-06-12 17:00:00+00:00,6.5956791
2026-06-12 18:00:00+00:00,6.58761705
2026-06-12 19:00:00+00:00,6.58616167
2026-06-12 20:00:00+00:00,6.58157036
2026-06-12 21:00:00+00:00,6.56568467
2026-06-12 22:00:00+00:00,6.57034328
2026-06-12 23:00:00+00:00,6.57065838
2026-06-13 00:00:00+00:00,6.58799719
2026-06-13 01:00:00+00:00,6.61929129
2026-06-13 02:00:00+00:00,6.60461987
2026-06-13 03:00:00+00:00,6.59817831
2026-06-13 04:00:00+00:00,6.58974527
2026-06-13 05:00:00+00:00,6.59104397
2026-06-13 06:00:00+00:00,6.63633298
2026-06-13 07:00:00+00:00,6.66591351
2026-06-13 08:00:00+00:00,6.6607858
2026-06-13 09:00:00+00:00,6.65292872
2026-06-13 10:00:00+00:00,6.6434768
2026-06-13 11:00:00+00:00,6.67318165
2026-06-13 12:00:00+00:00,6.68081341
2026-06-13 13:00:00+00:00,6.67497847
2026-06-13 14:00:00+00:00,6.68910869
2026-06-13 15:00:00+00:00,6.75468938
2026-06-13 16:00:00+00:00,6.7177651
2026-06-13 17:00:00+00:00,6.69635562
2026-06-13 18:00:00+00:00,6.70713684
2026-06-13 19:00:00+00:00,6.71539244
2026-06-13 20:00:00+00:00,6.71963603
2026-06-13 21:00:00+00:00,6.75006814
2026-06-13 22:00:00+00:00,6.7202655
2026-06-13 23:00:00+00:00,6.71730783
2026-06-14 00:00:00+00:00,6.70207841
2026-06-14 01:00:00+00:00,6.70903371
2026-06-14 02:00:00+00:00,6.71114809
2026-06-14 03:00:00+00:00,6.72330237
2026-06-14 04:00:00+00:00,6.67601076
2026-06-14 05:00:00+00:00,6.67933102
2026-06-14 06:00:00+00:00,6.6585758
2026-06-14 07:00:00+00:00,6.65746113
2026-06-14 08:00:00+00:00,6.65230309
2026-06-14 09:00:00+00:00,6.67483313
2026-06-14 10:00:00+00:00,6.64592046
2026-06-14 11:00:00+00:00,6.64649007
2026-06-14 12:00:00+00:00,6.60894646
2026-06-14 13:00:00+00:00,6.57972903
2026-06-14 14:00:00+00:00,6.52903134
2026-06-14 15:00:00+00:00,6.5314337
2026-06-14 16:00:00+00:00,6.52613242
2026-06-14 17:00:00+00:00,6.4717239
2026-06-14 18:00:00+00:00,6.40191506
2026-06-14 19:00:00+00:00,6.4336855
2026-06-14 20:00:00+00:00,6.46226496
2026-06-14 21:00:00+00:00,6.71451148
2026-06-14 22:00:00+00:00,6.72325776
2026-06-14 23:00:00+00:00,6.78870305
2026-06-15 00:00:00+00:00,6.75349737
2026-06-15 01:00:00+00:00,6.71921152
2026-06-15 02:00:00+00:00,6.73349245
2026-06-15 03:00:00+00:00,6.76326395
2026-06-15 04:00:00+00:00,6.74768184
2026-06-15 05:00:00+00:00,6.78801183
2026-06-15 06:00:00+00:00,6.7721815
2026-06-15 07:00:00+00:00,6.75696819
2026-06-15 08:00:00+00:00,6.77351436
2026-06-15 09:00:00+00:00,6.76248607
2026-06-15 10:00:00+00:00,6.8394947
2026-06-15 11:00:00+00:00,6.90840604
2026-06-15 12:00:00+00:00,6.92835346
2026-06-15 13:00:00+00:00,6.97517577
2026-06-15 14:00:00+00:00,6.95017069
2026-06-15 15:00:00+00:00,7.03285957
2026-06-15 16:00:00+00:00,7.03527516
2026-06-15 17:00:00+00:00,7.01706667
2026-06-15 18:00:00+00:00,6.97841133
2026-06-15 19:00:00+00:00,6.89208154
2026-06-15 20:00:00+00:00,6.8811587
2026-06-15 21:00:00+00:00,6.87566065
2026-06-15 22:00:00+00:00,6.83011628
2026-06-15 23:00:00+00:00,6.84071378
2026-06-16 00:00:00+00:00,6.83461091
2026-06-16 01:00:00+00:00,6.83562321
2026-06-16 02:00:00+00:00,6.76917414
2026-06-16 03:00:00+00:00,6.83457143
2026-06-16 04:00:00+00:00,6.76956204
2026-06-16 05:00:00+00:00,6.80621614
2026-06-16 06:00:00+00:00,6.86016267
2026-06-16 07:00:00+00:00,6.92326293
2026-06-16 08:00:00+00:00,7.03300233
2026-06-16 09:00:00+00:00,6.95940966
2026-06-16 10:00:00+00:00,6.95548722
2026-06-16 11:00:00+00:00,6.95000126
2026-06-16 12:00:00+00:00,6.96731201
2026-06-16 13:00:00+00:00,6.84058693
2026-06-16 14:00:00+00:00,6.76019796
2026-06-16 15:00:00+00:00,6.79122148
2026-06-16 16:00:00+00:00,6.78187153
2026-06-16 17:00:00+00:00,6.85238019
2026-06-16 18:00:00+00:00,6.87892277
2026-06-16 19:00:00+00:00,6.86304711
2026-06-16 20:00:00+00:00,6.93050254
2026-06-16 21:00:00+00:00,6.91756195
2026-06-16 22:00:00+00:00,6.90568621
2026-06-16 23:00:00+00:00,6.8787992
2026-06-17 00:00:00+00:00,6.89800491
2026-06-17 01:00:00+00:00,6.96571314
2026-06-17 02:00:00+00:00,6.98330432
2026-06-17 03:00:00+00:00,6.95253377
2026-06-17 04:00:00+00:00,6.95414987
2026-06-17 05:00:00+00:00,6.93884591
2026-06-17 06:00:00+00:00,6.90288803
2026-06-17 07:00:00+00:00,6.89910916
2026-06-17 08:00:00+00:00,6.81203878
2026-06-17 09:00:00+00:00,6.83651736
2026-06-17 10:00:00+00:00,6.81382556
2026-06-17 11:00:00+00:00,6.8064946
2026-06-17 12:00:00+00:00,6.84947055
2026-06-17 13:00:00+00:00,6.83437849
2026-06-17 14:00:00+00:00,6.83715836
2026-06-17 15:00:00+00:00,6.96826644
2026-06-17 16:00:00+00:00,6.91039382
2026-06-17 17:00:00+00:00,6.95568901
2026-06-17 18:00:00+00:00,6.89757703
2026-06-17 19:00:00+00:00,6.73551203
2026-06-17 20:00:00+00:00,6.79046612
2026-06-17 21:00:00+00:00,6.73918213
2026-06-17 22:00:00+00:00,6.73831623
2026-06-17 23:00:00+00:00,6.76485246
2026-06-18 00:00:00+00:00,6.7616639
2026-06-18 01:00:00+00:00,6.77070696
2026-06-18 02:00:00+00:00,6.78895755
2026-06-18 03:00:00+00:00,6.71256678
2026-06-18 04:00:00+00:00,6.6393119
2026-06-18 05:00:00+00:00,6.61947429
2026-06-18 06:00:00+00:00,6.64735444
2026-06-18 07:00:00+00:00,6.67631922
2026-06-18 08:00:00+00:00,6.67042396
2026-06-18 09:00:00+00:00,6.67368328
2026-06-18 10:00:00+00:00,6.65238797
2026-06-18 11:00:00+00:00,6.62012364
2026-06-18 12:00:00+00:00,6.66555844
2026-06-18 13:00:00+00:00,6.61749398
2026-06-18 14:00:00+00:00,6.59432229
2026-06-18 15:00:00+00:00,6.24271432
2026-06-18 16:00:00+00:00,6.33269138
2026-06-18 17:00:00+00:00,6.29119913
2026-06-18 18:00:00+00:00,6.30666463
2026-06-18 19:00:00+00:00,6.35642735
2026-06-18 20:00:00+00:00,6.35117733
2026-06-18 21:00:00+00:00,6.29382251
2026-06-18 22:00:00+00:00,6.30695144
2026-06-18 23:00:00+00:00,6.31778631
2026-06-19 00:00:00+00:00,6.3081537
2026-06-19 01:00:00+00:00,6.30638001
2026-06-19 02:00:00+00:00,6.27673078
2026-06-19 03:00:00+00:00,6.14970844
2026-06-19 04:00:00+00:00,6.04128313
2026-06-19 05:00:00+00:00,6.07054016
2026-06-19 06:00:00+00:00,6.04934716
2026-06-19 07:00:00+00:00,5.99011018
2026-06-19 08:00:00+00:00,6.05490439
2026-06-19 09:00:00+00:00,6.062126
2026-06-19 10:00:00+00:00,6.04203454
2026-06-19 11:00:00+00:00,6.04690586
2026-06-19 12:00:00+00:00,6.11114354
2026-06-19 13:00:00+00:00,6.16686181
2026-06-19 14:00:00+00:00,6.11912126
2026-06-19 15:00:00+00:00,6.1211271
2026-06-19 16:00:00+00:00,6.07156237
2026-06-19 17:00:00+00:00,5.99561055
2026-06-19 18:00:00+00:00,5.9193193
2026-06-19 19:00:00+00:00,5.87605626
2026-06-19 20:00:00+00:00,5.9332315
2026-06-19 21:00:00+00:00,5.94083995
2026-06-19 22:00:00+00:00,5.93296791
2026-06-19 23:00:00+00:00,5.89562285
2026-06-20 00:00:00+00:00,5.90141865
2026-06-20 01:00:00+00:00,5.94265377
2026-06-20 02:00:00+00:00,5.94061556
2026-06-20 03:00:00+00:00,5.95242648
2026-06-20 04:00:00+00:00,5.97925817
2026-06-20 05:00:00+00:00,6.02904835
2026-06-20 06:00:00+00:00,5.94059208
2026-06-20 07:00:00+00:00,6.14638513
2026-06-20 08:00:00+00:00,6.16360233
2026-06-20 09:00:00+00:00,6.18675974
2026-06-20 10:00:00+00:00,6.21355916
2026-06-20 11:00:00+00:00,6.16169413
2026-06-20 12:00:00+00:00,6.1679722
2026-06-20 13:00:00+00:00,6.12357251
2026-06-20 14:00:00+00:00,6.10599268
2026-06-20 15:00:00+00:00,6.15039754
2026-06-20 16:00:00+00:00,6.14121062
2026-06-20 17:00:00+00:00,6.10886181
2026-06-20 18:00:00+00:00,6.08926255
2026-06-20 19:00:00+00:00,6.11654811
2026-06-20 20:00:00+00:00,6.13998465
2026-06-20 21:00:00+00:00,6.18208445
2026-06-20 22:00:00+00:00,6.24272024
2026-06-20 23:00:00+00:00,6.2402143
2026-06-21 00:00:00+00:00,6.26523712
2026-06-21 01:00:00+00:00,6.24904947
2026-06-21 02:00:00+00:00,6.23737582
2026-06-21 03:00:00+00:00,6.26342803
2026-06-21 04:00:00+00:00,6.23720968
2026-06-21 05:00:00+00:00,6.21827826
2026-06-21 06:00:00+00:00,6.24227268
2026-06-21 07:00:00+00:00,6.28425699
2026-06-21 08:00:00+00:00,6.29091317
2026-06-21 09:00:00+00:00,6.31405646
2026-06-21 10:00:00+00:00,6.30193542
2026-06-21 11:00:00+00:00,6.26581393
2026-06-21 12:00:00+00:00,6.28287435
2026-06-21 13:00:00+00:00,6.2972221
2026-06-21 14:00:00+00:00,6.32324828
2026-06-21 15:00:00+00:00,6.33021647
2026-06-21 16:00:00+00:00,6.27328656
2026-06-21 17:00:00+00:00,6.24894006
2026-06-21 18:00:00+00:00,6.26630618
2026-06-21 19:00:00+00:00,6.26318391
2026-06-21 20:00:00+00:00,6.19926937
2026-06-21 21:00:00+00:00,6.17194465
2026-06-21 22:00:00+00:00,6.14436589
2026-06-21 23:00:00+00:00,6.11318421
2026-06-22 00:00:00+00:00,6.20287703
2026-06-22 01:00:00+00:00,6.26928728
2026-06-22 02:00:00+00:00,6.23336927
2026-06-22 03:00:00+00:00,6.22909696
2026-06-22 04:00:00+00:00,6.27632775
2026-06-22 05:00:00+00:00,6.30136177
2026-06-22 06:00:00+00:00,6.25155844
2026-06-22 07:00:00+00:00,6.28606636
2026-06-22 08:00:00+00:00,6.26629876
2026-06-22 09:00:00+00:00,6.24024471
2026-06-22 10:00:00+00:00,6.26867314
2026-06-22 11:00:00+00:00,6.3653914
2026-06-22 12:00:00+00:00,6.40559941
2026-06-22 13:00:00+00:00,6.46419769
2026-06-22 14:00:00+00:00,6.33105247
2026-06-22 15:00:00+00:00,6.30714017
2026-06-22 16:00:00+00:00,6.31329825
2026-06-22 17:00:00+00:00,6.31976175
2026-06-22 18:00:00+00:00,6.26991389
2026-06-22 19:00:00+00:00,6.27608838
2026-06-22 20:00:00+00:00,6.27710136
2026-06-22 21:00:00+00:00,6.24884117
2026-06-22 22:00:00+00:00,6.21050604
2026-06-22 23:00:00+00:00,6.24074533
2026-06-23 00:00:00+00:00,6.27489357
2026-06-23 01:00:00+00:00,6.27014833
2026-06-23 02:00:00+00:00,6.30223315
2026-06-23 03:00:00+00:00,6.31251299
2026-06-23 04:00:00+00:00,6.27464398
2026-06-23 05:00:00+00:00,6.23663261
2026-06-23 06:00:00+00:00,6.16861381
2026-06-23 07:00:00+00:00,6.1569351
2026-06-23 08:00:00+00:00,6.12426039
2026-06-23 09:00:00+00:00,6.20851988
2026-06-23 10:00:00+00:00,6.20135321
2026-06-23 11:00:00+00:00,6.2564386
2026-06-23 12:00:00+00:00,6.24712046
2026-06-23 13:00:00+00:00,6.28241055
2026-06-23 14:00:00+00:00,6.3259453
2026-06-23 15:00:00+00:00,6.36724911
2026-06-23 16:00:00+00:00,6.33818421
2026-06-23 17:00:00+00:00,6.28387181
2026-06-23 18:00:00+00:00,6.30236025
2026-06-23 19:00:00+00:00,6.34237075
2026-06-23 20:00:00+00:00,6.41307723
2026-06-23 21:00:00+00:00,6.43147684
2026-06-23 22:00:00+00:00,6.47329803
2026-06-23 23:00:00+00:00,6.48512047
2026-06-24 00:00:00+00:00,6.51343283
2026-06-24 01:00:00+00:00,6.45631686
2026-06-24 02:00:00+00:00,6.43792463
2026-06-24 03:00:00+00:00,6.4174687
2026-06-24 04:00:00+00:00,6.42797829
2026-06-24 05:00:00+00:00,6.43559484
2026-06-24 06:00:00+00:00,6.42212211
2026-06-24 07:00:00+00:00,6.39203969
2026-06-24 08:00:00+00:00,6.40930684
2026-06-24 09:00:00+00:00,6.41136856
2026-06-24 10:00:00+00:00,6.40521871
2026-06-24 11:00:00+00:00,6.44662978
2026-06-24 12:00:00+00:00,6.42621405
2026-06-24 13:00:00+00:00,6.30883856
2026-06-24 14:00:00+00:00,6.32909531
2026-06-24 15:00:00+00:00,6.23318863
2026-06-24 16:00:00+00:00,6.14508244
2026-06-24 17:00:00+00:00,6.02241054
2026-06-24 18:00:00+00:00,6.09538754
2026-06-24 19:00:00+00:00,6.14313987
2026-06-24 20:00:00+00:00,6.3381593
2026-06-24 21:00:00+00:00,6.37946657
2026-06-24 22:00:00+00:00,6.42243806
2026-06-24 23:00:00+00:00,6.44355643
2026-06-25 00:00:00+00:00,6.40285809
2026-06-25 01:00:00+00:00,6.42601431
2026-06-25 02:00:00+00:00,6.41130336
2026-06-25 03:00:00+00:00,6.41410262
2026-06-25 04:00:00+00:00,6.48520655
2026-06-25 05:00:00+00:00,6.54966847
2026-06-25 06:00:00+00:00,6.5775126
2026-06-25 07:00:00+00:00,6.53095121
2026-06-25 08:00:00+00:00,6.50580239
2026-06-25 09:00:00+00:00,6.5037884
2026-06-25 10:00:00+00:00,6.43201433
2026-06-25 11:00:00+00:00,6.40326463
2026-06-25 12:00:00+00:00,6.37828321
2026-06-25 13:00:00+00:00,5.96889768
2026-06-25 14:00:00+00:00,6.12331297
2026-06-25 15:00:00+00:00,6.11932707
2026-06-25 16:00:00+00:00,6.10604696
2026-06-25 17:00:00+00:00,6.256127
2026-06-25 18:00:00+00:00,6.13707027
2026-06-25 19:00:00+00:00,6.10469043
2026-06-25 20:00:00+00:00,6.14064048
2026-06-25 21:00:00+00:00,6.25145455
2026-06-25 22:00:00+00:00,6.20457732
2026-06-25 23:00:00+00:00,6.23403661
2026-06-26 00:00:00+00:00,6.2125347
2026-06-26 01:00:00+00:00,6.12785193
2026-06-26 02:00:00+00:00,5.99765313
2026-06-26 03:00:00+00:00,6.14150305
2026-06-26 04:00:00+00:00,6.08664832
2026-06-26 05:00:00+00:00,6.10806461
2026-06-26 06:00:00+00:00,6.24653326
2026-06-26 07:00:00+00:00,6.31574039
2026-06-26 08:00:00+00:00,6.22601257
2026-06-26 09:00:00+00:00,6.15884374
2026-06-26 10:00:00+00:00,6.14913743
2026-06-26 11:00:00+00:00,6.13590252
2026-06-26 12:00:00+00:00,6.09922247
2026-06-26 13:00:00+00:00,6.25143402
2026-06-26 14:00:00+00:00,6.22830437
2026-06-26 15:00:00+00:00,6.37405065
2026-06-26 16:00:00+00:00,6.38225454
2026-06-26 17:00:00+00:00,6.47221952
2026-06-26 18:00:00+00:00,6.4000653
2026-06-26 19:00:00+00:00,6.40703588
2026-06-26 20:00:00+00:00,6.35634244
2026-06-26 21:00:00+00:00,6.35071429
2026-06-26 22:00:00+00:00,6.53433431
2026-06-26 23:00:00+00:00,6.63002332
2026-06-27 00:00:00+00:00,6.5873687
2026-06-27 01:00:00+00:00,6.53678446
2026-06-27 02:00:00+00:00,6.65524077
2026-06-27 03:00:00+00:00,6.54906202
2026-06-27 04:00:00+00:00,6.55491006
2026-06-27 05:00:00+00:00,6.57046369
2026-06-27 06:00:00+00:00,6.59248492
2026-06-27 07:00:00+00:00,6.56303749
2026-06-27 08:00:00+00:00,6.56394658
2026-06-27 09:00:00+00:00,6.53303869
2026-06-27 10:00:00+00:00,6.52611227
2026-06-27 11:00:00+00:00,6.57651278
2026-06-27 12:00:00+00:00,6.53741757
2026-06-27 13:00:00+00:00,6.58075457
2026-06-27 14:00:00+00:00,6.6138571
2026-06-27 15:00:00+00:00,6.63816039
2026-06-27 16:00:00+00:00,6.62312933
2026-06-27 17:00:00+00:00,6.53593151
2026-06-27 18:00:00+00:00,6.50699679
2026-06-27 19:00:00+00:00,6.43176784
2026-06-27 20:00:00+00:00,6.42988435
2026-06-27 21:00:00+00:00,6.40034788
2026-06-27 22:00:00+00:00,6.42926304
2026-06-27 23:00:00+00:00,6.43262696
2026-06-28 00:00:00+00:00,6.42942071
2026-06-28 01:00:00+00:00,6.39410839
2026-06-28 02:00:00+00:00,6.37247248
2026-06-28 03:00:00+00:00,6.40609077
2026-06-28 04:00:00+00:00,6.3976523
2026-06-28 05:00:00+00:00,6.37313773
2026-06-28 06:00:00+00:00,6.33134037
2026-06-28 07:00:00+00:00,6.34110822
2026-06-28 08:00:00+00:00,6.36841045
2026-06-28 09:00:00+00:00,6.32772797
2026-06-28 10:00:00+00:00,6.32152042
2026-06-28 11:00:00+00:00,6.35742947
2026-06-28 12:00:00+00:00,6.32381092
2026-06-28 13:00:00+00:00,6.30227875
2026-06-28 14:00:00+00:00,6.32124046
2026-06-28 15:00:00+00:00,6.32370702
2026-06-28 16:00:00+00:00,6.31117994
2026-06-28 17:00:00+00:00,6.31946752
2026-06-28 18:00:00+00:00,6.34856961
2026-06-28 19:00:00+00:00,6.33498353
2026-06-28 20:00:00+00:00,6.40691213
2026-06-28 21:00:00+00:00,6.32456417
2026-06-28 22:00:00+00:00,6.35123738
2026-06-28 23:00:00+00:00,6.44913282
2026-06-29 00:00:00+00:00,6.48520471
2026-06-29 01:00:00+00:00,6.5096349
2026-06-29 02:00:00+00:00,6.52112077
2026-06-29 03:00:00+00:00,6.61477668
2026-06-29 04:00:00+00:00,6.58635841
2026-06-29 05:00:00+00:00,6.61257997
2026-06-29 06:00:00+00:00,6.5370804
2026-06-29 07:00:00+00:00,6.55056643
2026-06-29 08:00:00+00:00,6.52890082
2026-06-29 09:00:00+00:00,6.61148767
2026-06-29 10:00:00+00:00,6.59828158
2026-06-29 11:00:00+00:00,6.57526779
2026-06-29 12:00:00+00:00,6.56872521
2026-06-29 13:00:00+00:00,6.56041639
2026-06-29 14:00:00+00:00,6.56229509
2026-06-29 15:00:00+00:00,6.65758536
2026-06-29 16:00:00+00:00,6.68886277
2026-06-29 17:00:00+00:00,6.75542479
2026-06-29 18:00:00+00:00,6.72563013
2026-06-29 19:00:00+00:00,6.72357807
2026-06-29 20:00:00+00:00,6.67104868
2026-06-29 21:00:00+00:00,6.7025354
2026-06-29 22:00:00+00:00,6.69696447
2026-06-29 23:00:00+00:00,6.67831477
2026-06-30 00:00:00+00:00,6.65375153
2026-06-30 01:00:00+00:00,6.65851842
2026-06-30 02:00:00+00:00,6.67049736
2026-06-30 03:00:00+00:00,6.62948786
2026-06-30 04:00:00+00:00,6.63316179
2026-06-30 05:00:00+00:00,6.61146749
2026-06-30 06:00:00+00:00,6.5996129
2026-06-30 07:00:00+00:00,6.57884728
2026-06-30 08:00:00+00:00,6.64114975
2026-06-30 09:00:00+00:00,6.634591
2026-06-30 10:00:00+00:00,6.61145547
2026-06-30 11:00:00+00:00,6.5352269
2026-06-30 12:00:00+00:00,6.39724764
2026-06-30 13:00:00+00:00,6.47508006
2026-06-30 14:00:00+00:00,6.45029773
2026-06-30 15:00:00+00:00,6.49881777
2026-06-30 16:00:00+00:00,6.54068157
2026-06-30 17:00:00+00:00,6.50543282
2026-06-30 18:00:00+00:00,6.55757435
2026-06-30 19:00:00+00:00,6.57644996
2026-06-30 20:00:00+00:00,6.55480324
2026-06-30 21:00:00+00:00,6.55282322
2026-06-30 22:00:00+00:00,6.51906836
2026-06-30 23:00:00+00:00,6.5383229
2026-07-01 00:00:00+00:00,6.54092627
2026-07-01 01:00:00+00:00,6.57080489
2026-07-01 02:00:00+00:00,6.60479628
2026-07-01 03:00:00+00:00,6.70492348
2026-07-01 04:00:00+00:00,6.69881263
2026-07-01 05:00:00+00:00,6.68139023
2026-07-01 06:00:00+00:00,6.63413314
2026-07-01 07:00:00+00:00,6.65347454
2026-07-01 08:00:00+00:00,6.66784218
2026-07-01 09:00:00+00:00,6.68560355
2026-07-01 10:00:00+00:00,6.64786503
2026-07-01 11:00:00+00:00,6.65826204
2026-07-01 12:00:00+00:00,6.60824985
2026-07-01 13:00:00+00:00,6.64631249
2026-07-01 14:00:00+00:00,6.66858956
2026-07-01 15:00:00+00:00,6.73015303
2026-07-01 16:00:00+00:00,6.69318199
2026-07-01 17:00:00+00:00,6.74436761
2026-07-01 18:00:00+00:00,6.72066284
2026-07-01 19:00:00+00:00,6.69397305
2026-07-01 20:00:00+00:00,6.70965136
2026-07-01 21:00:00+00:00,6.78034843
2026-07-01 22:00:00+00:00,6.73034124
2026-07-01 23:00:00+00:00,6.66553447
2026-07-02 00:00:00+00:00,6.6420675
2026-07-02 01:00:00+00:00,6.69499023
2026-07-02 02:00:00+00:00,6.67155071
2026-07-02 03:00:00+00:00,6.71504931
2026-07-02 04:00:00+00:00,6.72726422
2026-07-02 05:00:00+00:00,6.69433077
2026-07-02 06:00:00+00:00,6.67311288
2026-07-02 07:00:00+00:00,6.67075521
2026-07-02 08:00:00+00:00,6.71094955
2026-07-02 09:00:00+00:00,6.76385931
2026-07-02 10:00:00+00:00,6.79536814
2026-07-02 11:00:00+00:00,6.78219064
2026-07-02 12:00:00+00:00,6.81777183
2026-07-02 13:00:00+00:00,6.81759223
2026-07-02 14:00:00+00:00,6.7661955
2026-07-02 15:00:00+00:00,6.7769592
2026-07-02 16:00:00+00:00,6.77442313
2026-07-02 17:00:00+00:00,6.7528864
2026-07-02 18:00:00+00:00,6.75551786
2026-07-02 19:00:00+00:00,6.74340198
2026-07-02 20:00:00+00:00,6.75398764
2026-07-02 21:00:00+00:00,6.7865603
2026-07-02 22:00:00+00:00,6.81316682
2026-07-02 23:00:00+00:00,6.8004423
2026-07-03 00:00:00+00:00,6.78903683
2026-07-03 01:00:00+00:00,6.85415941
2026-07-03 02:00:00+00:00,6.85960779
2026-07-03 03:00:00+00:00,6.85057403
2026-07-03 04:00:00+00:00,6.8199773
2026-07-03 05:00:00+00:00,6.84996037
2026-07-03 06:00:00+00:00,6.85543305
2026-07-03 07:00:00+00:00,6.83886151
2026-07-03 08:00:00+00:00,6.84244158
2026-07-03 09:00:00+00:00,6.83830802
2026-07-03 10:00:00+00:00,6.88206176
2026-07-03 11:00:00+00:00,6.90041979
2026-07-03 12:00:00+00:00,6.87019844
2026-07-03 13:00:00+00:00,6.85344712
2026-07-03 14:00:00+00:00,6.85835745
2026-07-03 15:00:00+00:00,6.82937261
2026-07-03 16:00:00+00:00,6.82339225
2026-07-03 17:00:00+00:00,6.86829184
2026-07-03 18:00:00+00:00,6.87513491
2026-07-03 19:00:00+00:00,6.91603086
2026-07-03 20:00:00+00:00,6.98893477
2026-07-03 21:00:00+00:00,7.00215775
2026-07-03 22:00:00+00:00,6.94511472
2026-07-03 23:00:00+00:00,6.94898067
2026-07-04 00:00:00+00:00,6.93266819
2026-07-04 01:00:00+00:00,6.88223983
2026-07-04 02:00:00+00:00,6.90054722
2026-07-04 03:00:00+00:00,6.93207871
2026-07-04 04:00:00+00:00,6.92936536
2026-07-04 05:00:00+00:00,6.89918475
2026-07-04 06:00:00+00:00,6.8664573
2026-07-04 07:00:00+00:00,6.86741864
2026-07-04 08:00:00+00:00,6.85940611
2026-07-04 09:00:00+00:00,6.82356768
2026-07-04 10:00:00+00:00,6.84312761
2026-07-04 11:00:00+00:00,6.85817504
2026-07-04 12:00:00+00:00,6.8866187
2026-07-04 13:00:00+00:00,6.88333435
2026-07-04 14:00:00+00:00,6.94126401
2026-07-04 15:00:00+00:00,6.98717828
2026-07-04 16:00:00+00:00,6.97965002
2026-07-04 17:00:00+00:00,7.08807876
2026-07-04 18:00:00+00:00,7.04820818
2026-07-04 19:00:00+00:00,7.01272107
2026-07-04 20:00:00+00:00,6.99291545
2026-07-04 21:00:00+00:00,7.01870087
2026-07-04 22:00:00+00:00,6.9945725
2026-07-04 23:00:00+00:00,6.96756511
2026-07-05 00:00:00+00:00,6.91739327
2026-07-05 01:00:00+00:00,6.89906421
2026-07-05 02:00:00+00:00,6.81495575
2026-07-05 03:00:00+00:00,6.80606206
2026-07-05 04:00:00+00:00,6.7906283
2026-07-05 05:00:00+00:00,6.78050438
2026-07-05 06:00:00+00:00,6.80006122
2026-07-05 07:00:00+00:00,6.818608
2026-07-05 08:00:00+00:00,6.82036968
2026-07-05 09:00:00+00:00,6.78828108
2026-07-05 10:00:00+00:00,6.84914446
2026-07-05 11:00:00+00:00,6.87999838
2026-07-05 12:00:00+00:00,6.88102859
2026-07-05 13:00:00+00:00,6.911158
2026-07-05 14:00:00+00:00,6.90978719
2026-07-05 15:00:00+00:00,6.92666384
2026-07-05 16:00:00+00:00,6.93270086
2026-07-05 17:00:00+00:00,6.92286001
2026-07-05 18:00:00+00:00,6.93005897
2026-07-05 19:00:00+00:00,6.91754998
2026-07-05 20:00:00+00:00,6.90608152
2026-07-05 21:00:00+00:00,6.9586904
2026-07-05 22:00:00+00:00,6.95147914
2026-07-05 23:00:00+00:00,6.92352778
2026-07-06 00:00:00+00:00,6.9078854
2026-07-06 01:00:00+00:00,6.88694543
2026-07-06 02:00:00+00:00,6.90851417
2026-07-06 03:00:00+00:00,6.91701856
2026-07-06 04:00:00+00:00,6.93371317
2026-07-06 05:00:00+00:00,6.87207004
2026-07-06 06:00:00+00:00,6.88646692
2026-07-06 07:00:00+00:00,6.93268468
2026-07-06 08:00:00+00:00,6.87094718
2026-07-06 09:00:00+00:00,6.82736494
2026-07-06 10:00:00+00:00,6.85557363
2026-07-06 11:00:00+00:00,6.82024762
2026-07-06 12:00:00+00:00,6.74485675
2026-07-06 13:00:00+00:00,6.79250485
2026-07-06 14:00:00+00:00,6.80435884
2026-07-06 15:00:00+00:00,6.91771382
2026-07-06 16:00:00+00:00,6.95553572
2026-07-06 17:00:00+00:00,6.90691229
2026-07-06 18:00:00+00:00,6.95604743
2026-07-06 19:00:00+00:00,6.95905751
2026-07-06 20:00:00+00:00,6.91575354
2026-07-06 21:00:00+00:00,7.0090844
2026-07-06 22:00:00+00:00,6.99745177
2026-07-06 23:00:00+00:00,6.92890435
2026-07-07 00:00:00+00:00,6.8992795
2026-07-07 01:00:00+00:00,6.83651617
2026-07-07 02:00:00+00:00,6.82268529
2026-07-07 03:00:00+00:00,6.80385843
2026-07-07 04:00:00+00:00,6.77133841
2026-07-07 05:00:00+00:00,6.75712356
2026-07-07 06:00:00+00:00,6.77782335
2026-07-07 07:00:00+00:00,6.7646161
2026-07-07 08:00:00+00:00,6.75250746
2026-07-07 09:00:00+00:00,6.78248452
2026-07-07 10:00:00+00:00,6.75580725
2026-07-07 11:00:00+00:00,6.79456203
2026-07-07 12:00:00+00:00,6.77073029
2026-07-07 13:00:00+00:00,6.75654847
2026-07-07 14:00:00+00:00,6.72754345
2026-07-07 15:00:00+00:00,6.76960547
2026-07-07 16:00:00+00:00,6.78491561
2026-07-07 17:00:00+00:00,6.79892241
2026-07-07 18:00:00+00:00,6.74418648
2026-07-07 19:00:00+00:00,6.75747155
2026-07-07 20:00:00+00:00,6.74249401
2026-07-07 21:00:00+00:00,6.68722744
2026-07-07 22:00:00+00:00,6.70711955
2026-07-07 23:00:00+00:00,6.6888638
2026-07-08 00:00:00+00:00,6.66816117
2026-07-08 01:00:00+00:00,6.49930717
2026-07-08 02:00:00+00:00,6.40827363
2026-07-08 03:00:00+00:00,6.39335335
2026-07-08 04:00:00+00:00,6.40530061
2026-07-08 05:00:00+00:00,6.41665704
2026-07-08 06:00:00+00:00,6.40256939
2026-07-08 07:00:00+00:00,6.44757643
2026-07-08 08:00:00+00:00,6.35283501
2026-07-08 09:00:00+00:00,6.37318099
2026-07-08 10:00:00+00:00,6.42022077
2026-07-08 11:00:00+00:00,6.44124171
2026-07-08 12:00:00+00:00,6.40253946
2026-07-08 13:00:00+00:00,6.45291998
2026-07-08 14:00:00+00:00,6.4069956
2026-07-08 15:00:00+00:00,6.3818203
2026-07-08 16:00:00+00:00,6.42513287
2026-07-08 17:00:00+00:00,6.43123743
2026-07-08 18:00:00+00:00,6.46084449
2026-07-08 19:00:00+00:00,6.45694122
2026-07-08 20:00:00+00:00,6.43537101
2026-07-08 21:00:00+00:00,6.45737216
2026-07-08 22:00:00+00:00,6.45729955
2026-07-08 23:00:00+00:00,6.47411788
2026-07-09 00:00:00+00:00,6.44820979
2026-07-09 01:00:00+00:00,6.49442559
2026-07-09 02:00:00+00:00,6.44310077
2026-07-09 03:00:00+00:00,6.46416251
2026-07-09 04:00:00+00:00,6.52895382
2026-07-09 05:00:00+00:00,6.6023703
2026-07-09 06:00:00+00:00,6.77194938
2026-07-09 07:00:00+00:00,6.7445524
2026-07-09 08:00:00+00:00,6.73718468
2026-07-09 09:00:00+00:00,6.72781405
2026-07-09 10:00:00+00:00,6.68698302
2026-07-09 11:00:00+00:00,6.70913487
2026-07-09 12:00:00+00:00,6.72515828
2026-07-09 13:00:00+00:00,6.77296054
2026-07-09 14:00:00+00:00,6.7219581
2026-07-09 15:00:00+00:00,6.75319906
2026-07-09 16:00:00+00:00,6.7077376
2026-07-09 17:00:00+00:00,6.74489424
2026-07-09 18:00:00+00:00,6.74268113
2026-07-09 19:00:00+00:00,6.72398529
2026-07-09 20:00:00+00:00,6.72083185
2026-07-09 21:00:00+00:00,6.7228684
2026-07-09 22:00:00+00:00,6.69894006
2026-07-09 23:00:00+00:00,6.67961441
2026-07-10 00:00:00+00:00,6.68419277
2026-07-10 01:00:00+00:00,6.77355977
2026-07-10 02:00:00+00:00,6.78827458
2026-07-10 03:00:00+00:00,6.77845179
2026-07-10 04:00:00+00:00,6.79358175
2026-07-10 05:00:00+00:00,6.80022247
2026-07-10 06:00:00+00:00,6.78145286
2026-07-10 07:00:00+00:00,6.75185481
2026-07-10 08:00:00+00:00,6.77473654
2026-07-10 09:00:00+00:00,6.75583091
2026-07-10 10:00:00+00:00,6.7689007
2026-07-10 11:00:00+00:00,6.75122292
2026-07-10 12:00:00+00:00,6.73359209
2026-07-10 13:00:00+00:00,6.77125161
2026-07-10 14:00:00+00:00,6.6927462
2026-07-10 15:00:00+00:00,6.74248963
2026-07-10 16:00:00+00:00,6.75806829
2026-07-10 17:00:00+00:00,6.73567529
2026-07-10 18:00:00+00:00,6.71791497
2026-07-10 19:00:00+00:00,6.74399829
2026-07-10 20:00:00+00:00,6.73920887
2026-07-10 21:00:00+00:00,6.7578053
2026-07-10 22:00:00+00:00,6.75360917
2026-07-10 23:00:00+00:00,6.73793725
2026-07-11 00:00:00+00:00,6.73421676
2026-07-11 01:00:00+00:00,6.71122563
2026-07-11 02:00:00+00:00,6.73166227
2026-07-11 03:00:00+00:00,6.72583784
2026-07-11 04:00:00+00:00,6.72691976
2026-07-11 05:00:00+00:00,6.71000485
2026-07-11 06:00:00+00:00,6.7089881
2026-07-11 07:00:00+00:00,6.70950758
2026-07-11 08:00:00+00:00,6.71372553
2026-07-11 09:00:00+00:00,6.69648645
2026-07-11 10:00:00+00:00,6.71283225
2026-07-11 11:00:00+00:00,6.71910215
2026-07-11 12:00:00+00:00,6.73572438
2026-07-11 13:00:00+00:00,6.74171364
2026-07-11 14:00:00+00:00,6.7522327
2026-07-11 15:00:00+00:00,6.75169242
2026-07-11 16:00:00+00:00,6.74171336
2026-07-11 17:00:00+00:00,6.75999972
2026-07-11 18:00:00+00:00,6.76322384
2026-07-11 19:00:00+00:00,6.75182229
2026-07-11 20:00:00+00:00,6.75319891
2026-07-11 21:00:00+00:00,6.7364384
2026-07-11 22:00:00+00:00,6.68636026
2026-07-11 23:00:00+00:00,6.55315451
2026-07-12 00:00:00+00:00,6.45392813
2026-07-12 01:00:00+00:00,6.5174891
2026-07-12 02:00:00+00:00,6.5002473
2026-07-12 03:00:00+00:00,6.52578526
2026-07-12 04:00:00+00:00,6.4381738
2026-07-12 05:00:00+00:00,6.44752105
2026-07-12 06:00:00+00:00,6.3459545
2026-07-12 07:00:00+00:00,6.37962432
2026-07-12 08:00:00+00:00,6.39504228
2026-07-12 09:00:00+00:00,6.41292629
2026-07-12 10:00:00+00:00,6.40676154
2026-07-12 11:00:00+00:00,6.43285017
2026-07-12 12:00:00+00:00,6.43594108
2026-07-12 13:00:00+00:00,6.44679782
2026-07-12 14:00:00+00:00,6.45771163
2026-07-12 15:00:00+00:00,6.43982144
2026-07-12 16:00:00+00:00,6.42358154
2026-07-12 17:00:00+00:00,6.42394148
2026-07-12 18:00:00+00:00,6.47796034
2026-07-12 19:00:00+00:00,6.47082634
2026-07-12 20:00:00+00:00,6.46270715
2026-07-12 21:00:00+00:00,6.42877776
2026-07-12 22:00:00+00:00,6.39962547
2026-07-12 23:00:00+00:00,6.40696037
2026-07-13 00:00:00+00:00,6.46166991
2026-07-13 01:00:00+00:00,6.42428977
2026-07-13 02:00:00+00:00,6.49106423
2026-07-13 03:00:00+00:00,6.48980728
2026-07-13 04:00:00+00:00,6.48009349
2026-07-13 05:00:00+00:00,6.49515235
2026-07-13 06:00:00+00:00,6.48988521
2026-07-13 07:00:00+00:00,6.50874024
2026-07-13 08:00:00+00:00,6.52982848
2026-07-13 09:00:00+00:00,6.6363617
2026-07-13 10:00:00+00:00,6.62683788
2026-07-13 11:00:00+00:00,6.64456711
2026-07-13 12:00:00+00:00,6.60455008
2026-07-13 13:00:00+00:00,6.56031826
2026-07-13 14:00:00+00:00,6.65862556
2026-07-13 15:00:00+00:00,6.56226888
2026-07-13 16:00:00+00:00,6.5112119
2026-07-13 17:00:00+00:00,6.43703411
2026-07-13 18:00:00+00:00,6.44289859
2026-07-13 19:00:00+00:00,6.47521329
2026-07-13 20:00:00+00:00,6.44865599
2026-07-13 21:00:00+00:00,6.39778168
2026-07-13 22:00:00+00:00,6.39869466
2026-07-13 23:00:00+00:00,6.45222452
2026-07-14 00:00:00+00:00,6.48291852
2026-07-14 01:00:00+00:00,6.49055413
2026-07-14 02:00:00+00:00,6.45212062
2026-07-14 03:00:00+00:00,6.44242953
2026-07-14 04:00:00+00:00,6.45253092
2026-07-14 05:00:00+00:00,6.49152667
2026-07-14 06:00:00+00:00,6.50717481
2026-07-14 07:00:00+00:00,6.4816881
2026-07-14 08:00:00+00:00,6.50832278
2026-07-14 09:00:00+00:00,6.47590657
2026-07-14 10:00:00+00:00,6.47277617
2026-07-14 11:00:00+00:00,6.44013313
2026-07-14 12:00:00+00:00,6.59137239
2026-07-14 13:00:00+00:00,6.65797572
2026-07-14 14:00:00+00:00,6.65940769
2026-07-14 15:00:00+00:00,6.65519467
2026-07-14 16:00:00+00:00,6.64362893
2026-07-14 17:00:00+00:00,6.6626631
2026-07-14 18:00:00+00:00,6.66844502
2026-07-14 19:00:00+00:00,6.67408815
2026-07-14 20:00:00+00:00,6.64548132
2026-07-14 21:00:00+00:00,6.63655299
2026-07-14 22:00:00+00:00,6.66795147
2026-07-14 23:00:00+00:00,6.70372472
2026-07-15 00:00:00+00:00,6.67842189
2026-07-15 01:00:00+00:00,6.64263992
2026-07-15 02:00:00+00:00,6.61025076
2026-07-15 03:00:00+00:00,6.65917279
2026-07-15 04:00:00+00:00,6.6607398
2026-07-15 05:00:00+00:00,6.68695266
2026-07-15 06:00:00+00:00,6.68522096
2026-07-15 07:00:00+00:00,6.62184082
2026-07-15 08:00:00+00:00,6.65293926
2026-07-15 09:00:00+00:00,6.66253373
2026-07-15 10:00:00+00:00,6.65362727
2026-07-15 11:00:00+00:00,6.66956179
2026-07-15 12:00:00+00:00,6.74824632
2026-07-15 13:00:00+00:00,6.69897559
2026-07-15 14:00:00+00:00,6.70606748
2026-07-15 15:00:00+00:00,6.72760321
2026-07-15 16:00:00+00:00,6.69716764
2026-07-15 17:00:00+00:00,6.72609127
2026-07-15 18:00:00+00:00,6.69627429
2026-07-15 19:00:00+00:00,6.69612577
2026-07-15 20:00:00+00:00,6.69917967
2026-07-15 21:00:00+00:00,6.68382516
2026-07-15 22:00:00+00:00,6.69693546
2026-07-15 23:00:00+00:00,6.70146539
2026-07-16 00:00:00+00:00,6.71336162
2026-07-16 01:00:00+00:00,6.7133149
2026-07-16 02:00:00+00:00,6.72161881
2026-07-16 03:00:00+00:00,6.71192536
2026-07-16 04:00:00+00:00,6.70335916
2026-07-16 05:00:00+00:00,6.71385396
2026-07-16 06:00:00+00:00,6.68219361
2026-07-16 07:00:00+00:00,6.6281779
2026-07-16 08:00:00+00:00,6.58845935
2026-07-16 09:00:00+00:00,6.57981843
2026-07-16 10:00:00+00:00,6.59580192
2026-07-16 11:00:00+00:00,6.57768127
2026-07-16 12:00:00+00:00,6.53526447
2026-07-16 13:00:00+00:00,6.6210696
2026-07-16 14:00:00+00:00,6.63162733
2026-07-16 15:00:00+00:00,6.62879415
2026-07-16 16:00:00+00:00,6.60697732
2026-07-16 17:00:00+00:00,6.53890121
2026-07-16 18:00:00+00:00,6.58071167
2026-07-16 19:00:00+00:00,6.5996347
2026-07-16 20:00:00+00:00,6.59784026
2026-07-16 21:00:00+00:00,6.60131296
2026-07-16 22:00:00+00:00,6.55688482
2026-07-16 23:00:00+00:00,6.51424386
2026-07-17 00:00:00+00:00,6.50295307
2026-07-17 01:00:00+00:00,6.46330963
2026-07-17 02:00:00+00:00,6.47753
2026-07-17 03:00:00+00:00,6.52861895
2026-07-17 04:00:00+00:00,6.52140324
2026-07-17 05:00:00+00:00,6.45715404
2026-07-17 06:00:00+00:00,6.49940757
2026-07-17 07:00:00+00:00,6.47935753
2026-07-17 08:00:00+00:00,6.4710538
2026-07-17 09:00:00+00:00,6.50057748
2026-07-17 10:00:00+00:00,6.49286942
2026-07-17 11:00:00+00:00,6.48797596
2026-07-17 12:00:00+00:00,6.45393202
2026-07-17 13:00:00+00:00,6.46156345
2026-07-17 14:00:00+00:00,6.459381
2026-07-17 15:00:00+00:00,6.48182083
2026-07-17 16:00:00+00:00,6.55985964
2026-07-17 17:00:00+00:00,6.59630837
2026-07-17 18:00:00+00:00,6.62421399
2026-07-17 19:00:00+00:00,6.57459876
2026-07-17 20:00:00+00:00,6.56364248
2026-07-17 21:00:00+00:00,6.57056337
2026-07-17 22:00:00+00:00,6.56077367
2026-07-17 23:00:00+00:00,6.58987833
2026-07-18 00:00:00+00:00,6.58938482
2026-07-18 01:00:00+00:00,6.61809517
2026-07-18 02:00:00+00:00,6.6273238
2026-07-18 03:00:00+00:00,6.64387341
2026-07-18 04:00:00+00:00,6.60412422
2026-07-18 05:00:00+00:00,6.6017745
2026-07-18 06:00:00+00:00,6.60906606
2026-07-18 07:00:00+00:00,6.60796629
2026-07-18 08:00:00+00:00,6.5766059
2026-07-18 09:00:00+00:00,6.54502823
2026-07-18 10:00:00+00:00,6.54580745
2026-07-18 11:00:00+00:00,6.54690094
2026-07-18 12:00:00+00:00,6.54901901
2026-07-18 13:00:00+00:00,6.54073303
2026-07-18 14:00:00+00:00,6.56789037
2026-07-18 15:00:00+00:00,6.54378148
2026-07-18 16:00:00+00:00,6.55315585
2026-07-18 17:00:00+00:00,6.57063652
2026-07-18 18:00:00+00:00,6.56702141
2026-07-18 19:00:00+00:00,6.5742068
2026-07-18 20:00:00+00:00,6.57451611
2026-07-18 21:00:00+00:00,6.57810998
2026-07-18 22:00:00+00:00,6.59133788
2026-07-18 23:00:00+00:00,6.57386203
2026-07-19 00:00:00+00:00,6.57782912
2026-07-19 01:00:00+00:00,6.57545838
2026-07-19 02:00:00+00:00,6.62174059
2026-07-19 03:00:00+00:00,6.58512821
2026-07-19 04:00:00+00:00,6.56686783
2026-07-19 05:00:00+00:00,6.56507085
2026-07-19 06:00:00+00:00,6.58253288
2026-07-19 07:00:00+00:00,6.55507067
2026-07-19 08:00:00+00:00,6.56199405
2026-07-19 09:00:00+00:00,6.49847632
2026-07-19 10:00:00+00:00,6.50650211
2026-07-19 11:00:00+00:00,6.48471079
2026-07-19 12:00:00+00:00,6.43277925
2026-07-19 13:00:00+00:00,6.43673209
2026-07-19 14:00:00+00:00,6.469739
2026-07-19 15:00:00+00:00,6.45550901
2026-07-19 16:00:00+00:00,6.44667874
2026-07-19 17:00:00+00:00,6.47377439
2026-07-19 18:00:00+00:00,6.40658724
2026-07-19 19:00:00+00:00,6.43654198
2026-07-19 20:00:00+00:00,6.44883254
2026-07-19 21:00:00+00:00,6.41666196
2026-07-19 22:00:00+00:00,6.45652841
2026-07-19 23:00:00+00:00,6.46715308
2026-07-20 00:00:00+00:00,6.48683558
2026-07-20 01:00:00+00:00,6.51220287
2026-07-20 02:00:00+00:00,6.6189518
2026-07-20 03:00:00+00:00,6.59815076
2026-07-20 04:00:00+00:00,6.54512478
2026-07-20 05:00:00+00:00,6.47976112
2026-07-20 06:00:00+00:00,6.4703882
2026-07-20 07:00:00+00:00,6.54671395
2026-07-20 08:00:00+00:00,6.50771119
2026-07-20 09:00:00+00:00,6.55649617
2026-07-20 10:00:00+00:00,6.54361478
2026-07-20 11:00:00+00:00,6.62758558
2026-07-20 12:00:00+00:00,6.56375966
2026-07-20 13:00:00+00:00,6.53178518
2026-07-20 14:00:00+00:00,6.52767429
2026-07-20 15:00:00+00:00,6.61175605
2026-07-20 16:00:00+00:00,6.57745178
2026-07-20 17:00:00+00:00,6.59632995
2026-07-20 18:00:00+00:00,6.56919317
2026-07-20 19:00:00+00:00,6.56594646
2026-07-20 20:00:00+00:00,6.59926998
2026-07-20 21:00:00+00:00,6.58455969
2026-07-20 22:00:00+00:00,6.55735778
2026-07-20 23:00:00+00:00,6.58016242
2026-07-21 00:00:00+00:00,6.6151494
2026-07-21 01:00:00+00:00,6.616427
2026-07-21 02:00:00+00:00,6.62777797
2026-07-21 03:00:00+00:00,6.64214775
2026-07-21 04:00:00+00:00,6.6163771
2026-07-21 05:00:00+00:00,6.6543795
2026-07-21 06:00:00+00:00,6.67495426
2026-07-21 07:00:00+00:00,6.67750451
2026-07-21 08:00:00+00:00,6.66250673
2026-07-21 09:00:00+00:00,6.65802964
2026-07-21 10:00:00+00:00,6.62788671
2026-07-21 11:00:00+00:00,6.63814246
2026-07-21 12:00:00+00:00,6.64925425
2026-07-21 13:00:00+00:00,6.64522118
2026-07-21 14:00:00+00:00,6.60352109
2026-07-21 15:00:00+00:00,6.6212248
2026-07-21 16:00:00+00:00,6.63293043
2026-07-21 17:00:00+00:00,6.61395727
2026-07-21 18:00:00+00:00,6.60945424
2026-07-21 19:00:00+00:00,6.61405845
2026-07-21 20:00:00+00:00,6.5811089
2026-07-21 21:00:00+00:00,6.56554321
2026-07-21 22:00:00+00:00,6.55937086
2026-07-21 23:00:00+00:00,6.57097419
2026-07-22 00:00:00+00:00,6.61276178
2026-07-22 01:00:00+00:00,6.58342533
2026-07-22 02:00:00+00:00,6.59505945
2026-07-22 03:00:00+00:00,6.5488559
2026-07-22 04:00:00+00:00,6.5589293
2026-07-22 05:00:00+00:00,6.49934533
2026-07-22 06:00:00+00:00,6.50845508
2026-07-22 07:00:00+00:00,6.50241498
2026-07-22 08:00:00+00:00,6.51842197
2026-07-22 09:00:00+00:00,6.51066849
2026-07-22 10:00:00+00:00,6.51970053
2026-07-22 11:00:00+00:00,6.51618067
2026-07-22 12:00:00+00:00,6.51014339
2026-07-22 13:00:00+00:00,6.56287981
2026-07-22 14:00:00+00:00,6.57243344
2026-07-22 15:00:00+00:00,6.63600386
2026-07-22 16:00:00+00:00,6.63155284
2026-07-22 17:00:00+00:00,6.60942619
2026-07-22 18:00:00+00:00,6.61158681
2026-07-22 19:00:00+00:00,6.60008504
2026-07-22 20:00:00+00:00,6.63624342
2026-07-22 21:00:00+00:00,6.64436339
2026-07-22 22:00:00+00:00,6.62973563
2026-07-22 23:00:00+00:00,6.62553476
2026-07-23 00:00:00+00:00,6.6322339
2026-07-23 01:00:00+00:00,6.61557242
2026-07-23 02:00:00+00:00,6.57899551
2026-07-23 03:00:00+00:00,6.53245161
2026-07-23 04:00:00+00:00,6.54364686
2026-07-23 05:00:00+00:00,6.56960229
2026-07-23 06:00:00+00:00,6.58340386
2026-07-23 07:00:00+00:00,6.56101698
2026-07-23 08:00:00+00:00,6.58290755
2026-07-23 09:00:00+00:00,6.57802206
2026-07-23 10:00:00+00:00,6.59415606
2026-07-23 11:00:00+00:00,6.58532997
2026-07-23 12:00:00+00:00,6.51326053
2026-07-23 13:00:00+00:00,6.44862379
2026-07-23 14:00:00+00:00,6.45151725
2026-07-23 15:00:00+00:00,6.45099322
2026-07-23 16:00:00+00:00,6.43594494
2026-07-23 17:00:00+00:00,6.32362938
2026-07-23 18:00:00+00:00,6.27388333
2026-07-23 19:00:00+00:00,6.28629566
2026-07-23 20:00:00+00:00,6.31498743
2026-07-23 21:00:00+00:00,6.30265306
2026-07-23 22:00:00+00:00,6.30866222
2026-07-23 23:00:00+00:00,6.26758895
2026-07-24 00:00:00+00:00,6.26876209
2026-07-24 01:00:00+00:00,6.23593651
2026-07-24 02:00:00+00:00,6.2422094
2026-07-24 03:00:00+00:00,6.26966687
2026-07-24 04:00:00+00:00,6.26133251
2026-07-24 05:00:00+00:00,6.24936136
2026-07-24 06:00:00+00:00,6.26099907
2026-07-24 07:00:00+00:00,6.28236941
2026-07-24 08:00:00+00:00,6.2602205
2026-07-24 09:00:00+00:00,6.27608607
2026-07-24 10:00:00+00:00,6.27406009
2026-07-24 11:00:00+00:00,6.25849553
2026-07-24 12:00:00+00:00,6.21878137
2026-07-24 13:00:00+00:00,6.20190222
2026-07-24 14:00:00+00:00,6.20560029
2026-07-24 15:00:00+00:00,6.20258902
2026-07-24 16:00:00+00:00,6.19576876
2026-07-24 17:00:00+00:00,6.22453808
2026-07-24 18:00:00+00:00,6.23822191
2026-07-24 19:00:00+00:00,6.23415729
2026-07-24 20:00:00+00:00,6.24347256
2026-07-24 21:00:00+00:00,6.24233415
2026-07-24 22:00:00+00:00,6.27189876
2026-07-24 23:00:00+00:00,6.30266204
2026-07-25 00:00:00+00:00,6.26247327
2026-07-25 01:00:00+00:00,6.26978984
2026-07-25 02:00:00+00:00,6.25979348
2026-07-25 03:00:00+00:00,6.24659786
2026-07-25 04:00:00+00:00,6.26091037
2026-07-25 05:00:00+00:00,6.26820542
2026-07-25 06:00:00+00:00,6.25879795
2026-07-25 07:00:00+00:00,6.24600195
2026-07-25 08:00:00+00:00,6.23702267
2026-07-25 09:00:00+00:00,6.27497313
2026-07-25 10:00:00+00:00,6.28072658
2026-07-25 11:00:00+00:00,6.28967905
2026-07-25 12:00:00+00:00,6.31810001
2026-07-25 13:00:00+00:00,6.47760407
2026-07-25 14:00:00+00:00,6.55803141
2026-07-25 15:00:00+00:00,6.58285949
2026-07-25 16:00:00+00:00,6.66560596
2026-07-25 17:00:00+00:00,6.66565791
2026-07-25 18:00:00+00:00,6.69543865
2026-07-25 19:00:00+00:00,6.71344812
2026-07-25 20:00:00+00:00,6.73052348
2026-07-25 21:00:00+00:00,6.7543679
2026-07-25 22:00:00+00:00,6.79894116
2026-07-25 23:00:00+00:00,6.77724781
2026-07-26 00:00:00+00:00,6.77724338
2026-07-26 01:00:00+00:00,6.78187507
2026-07-26 02:00:00+00:00,6.79345975
2026-07-26 03:00:00+00:00,6.76368295
2026-07-26 04:00:00+00:00,6.75626249
2026-07-26 05:00:00+00:00,6.78390942
2026-07-26 06:00:00+00:00,6.79416105
2026-07-26 07:00:00+00:00,6.78413535
2026-07-26 08:00:00+00:00,6.75787883
2026-07-26 09:00:00+00:00,6.73341358
2026-07-26 10:00:00+00:00,6.72495522
2026-07-26 11:00:00+00:00,6.70017035
2026-07-26 12:00:00+00:00,6.70170725
2026-07-26 13:00:00+00:00,6.67443189
2026-07-26 14:00:00+00:00,6.67094693
2026-07-26 15:00:00+00:00,6.69459735
2026-07-26 16:00:00+00:00,6.69085134
2026-07-26 17:00:00+00:00,6.68435385
2026-07-26 18:00:00+00:00,6.67378129
2026-07-26 19:00:00+00:00,6.66847053
2026-07-26 20:00:00+00:00,6.67680022
2026-07-26 21:00:00+00:00,6.67552442
2026-07-26 22:00:00+00:00,6.724645
2026-07-26 23:00:00+00:00,6.74407539
2026-07-27 00:00:00+00:00,6.72926938
2026-07-27 01:00:00+00:00,6.72490026
2026-07-27 02:00:00+00:00,6.68948237
2026-07-27 03:00:00+00:00,6.68999866
2026-07-27 04:00:00+00:00,6.69371295
2026-07-27 05:00:00+00:00,6.70029777
2026-07-27 06:00:00+00:00,6.70243414
2026-07-27 07:00:00+00:00,6.68306861
2026-07-27 08:00:00+00:00,6.63492152
2026-07-27 09:00:00+00:00,6.61357881
2026-07-27 10:00:00+00:00,6.65173612
2026-07-27 11:00:00+00:00,6.66831469
2026-07-27 12:00:00+00:00,6.67583468
2026-07-27 13:00:00+00:00,6.64152719
2026-07-27 14:00:00+00:00,6.52726968
2026-07-27 15:00:00+00:00,6.54473149
2026-07-27 16:00:00+00:00,6.61602608
2026-07-27 17:00:00+00:00,6.57783992
2026-07-27 18:00:00+00:00,6.57692189
2026-07-27 19:00:00+00:00,6.61219206
2026-07-27 20:00:00+00:00,6.60256193
2026-07-27 21:00:00+00:00,6.57664508
2026-07-27 22:00:00+00:00,6.45275618
2026-07-27 23:00:00+00:00,6.40902592
2026-07-28 00:00:00+00:00,6.42635993
2026-07-28 01:00:00+00:00,6.37434962
2026-07-28 02:00:00+00:00,6.41543318
2026-07-28 03:00:00+00:00,6.43367628
2026-07-28 04:00:00+00:00,6.44604253
2026-07-28 05:00:00+00:00,6.42139352
2026-07-28 06:00:00+00:00,6.44502629
2026-07-28 07:00:00+00:00,6.44635536
2026-07-28 08:00:00+00:00,6.43763103
2026-07-28 09:00:00+00:00,6.44168511
2026-07-28 10:00:00+00:00,6.46890777
2026-07-28 11:00:00+00:00,6.46164627
2026-07-28 12:00:00+00:00,6.48491914
2026-07-28 13:00:00+00:00,6.41855448
2026-07-28 14:00:00+00:00,6.44885211
2026-07-28 15:00:00+00:00,6.57268824
2026-07-28 16:00:00+00:00,6.55935437
2026-07-28 17:00:00+00:00,6.51990568
2026-07-28 18:00:00+00:00,6.53663834
2026-07-28 19:00:00+00:00,6.59244622
2026-07-28 20:00:00+00:00,6.58195688
2026-07-28 21:00:00+00:00,6.60522563
2026-07-28 22:00:00+00:00,6.53632665
2026-07-28 23:00:00+00:00,6.57719491
2026-07-29 00:00:00+00:00,6.56713841
2026-07-29 01:00:00+00:00,6.50803642
2026-07-29 02:00:00+00:00,6.50644488
2026-07-29 03:00:00+00:00,6.41210151
2026-07-29 04:00:00+00:00,6.41300877
2026-07-29 05:00:00+00:00,6.42477551
2026-07-29 06:00:00+00:00,6.43482355
2026-07-29 07:00:00+00:00,6.42680148
2026-07-29 08:00:00+00:00,6.40892476
2026-07-29 09:00:00+00:00,6.41595003
2026-07-29 10:00:00+00:00,6.40595298
2026-07-29 11:00:00+00:00,6.41467111
2026-07-29 12:00:00+00:00,6.38892101
2026-07-29 13:00:00+00:00,6.4008784
2026-07-29 14:00:00+00:00,6.37873098
2026-07-29 15:00:00+00:00,6.38294197
2026-07-29 16:00:00+00:00,6.38529348
2026-07-29 17:00:00+00:00,6.43408745
2026-07-29 18:00:00+00:00,6.47346425
2026-07-29 19:00:00+00:00,6.36243532
2026-07-29 20:00:00+00:00,6.34754729
2026-07-29 21:00:00+00:00,6.3901068
2026-07-29 22:00:00+00:00,6.41992669
2026-07-29 23:00:00+00:00,6.4310089
2026-07-30 00:00:00+00:00,6.40071237
2026-07-30 01:00:00+00:00,6.5002721
2026-07-30 02:00:00+00:00,6.49042415
2026-07-30 03:00:00+00:00,6.48668537
2026-07-30 04:00:00+00:00,6.43720538
2026-07-30 05:00:00+00:00,6.45664785
2026-07-30 06:00:00+00:00,6.43590668
2026-07-30 07:00:00+00:00,6.42362289
2026-07-30 08:00:00+00:00,6.44668313
2026-07-30 09:00:00+00:00,6.43941533
2026-07-30 10:00:00+00:00,6.45896275
2026-07-30 11:00:00+00:00,6.49480572
2026-07-30 12:00:00+00:00,6.46338969
2026-07-30 13:00:00+00:00,6.48046282
2026-07-30 14:00:00+00:00,6.49009388
2026-07-30 15:00:00+00:00,6.45429308
2026-07-30 16:00:00+00:00,6.48187584
2026-07-30 17:00:00+00:00,6.48528723
2026-07-30 18:00:00+00:00,6.46037294
2026-07-30 19:00:00+00:00,6.47336211
2026-07-30 20:00:00+00:00,6.45676768
2026-07-30 21:00:00+00:00,6.45387823
2026-07-30 22:00:00+00:00,6.45748223
2026-07-30 23:00:00+00:00,6.43455836
2026-07-31 00:00:00+00:00,6.44543203
2026-07-31 01:00:00+00:00,6.48342516
2026-07-31 02:00:00+00:00,6.41637206
2026-07-31 03:00:00+00:00,6.45500626
2026-07-31 04:00:00+00:00,6.45229926
2026-07-31 05:00:00+00:00,6.45912816
2026-07-31 06:00:00+00:00,6.44325126
2026-07-31 07:00:00+00:00,6.45691771
2026-07-31 08:00:00+00:00,6.46347704
2026-07-31 09:00:00+00:00,6.42193367
2026-07-31 10:00:00+00:00,6.48119612
2026-07-31 11:00:00+00:00,6.46222343
2026-07-31 12:00:00+00:00,6.44942129
2026-07-31 13:00:00+00:00,6.38706962
2026-07-31 14:00:00+00:00,6.40941267
2026-07-31 15:00:00+00:00,6.40285662
2026-07-31 16:00:00+00:00,6.41949832
2026-07-31 17:00:00+00:00,6.46257633
2026-07-31 18:00:00+00:00,6.45698351
2026-07-31 19:00:00+00:00,6.4220247
2026-07-31 20:00:00+00:00,6.40110209
2026-07-31 21:00:00+00:00,6.39805095
2026-07-31 22:00:00+00:00,6.39149262
2026-07-31 23:00:00+00:00,6.38595157
2026-08-01 00:00:00+00:00,6.38653987
2026-08-01 01:00:00+00:00,6.41376854
2026-08-01 02:00:00+00:00,6.41554332
2026-08-01 03:00:00+00:00,6.41002904
2026-08-01 04:00:00+00:00,6.44263887
2026-08-01 05:00:00+00:00,6.40978169
2026-08-01 06:00:00+00:00,6.41284821
2026-08-01 07:00:00+00:00,6.3792213
2026-08-01 08:00:00+00:00,6.37386227
2026-08-01 09:00:00+00:00,6.34685098
2026-08-01 10:00:00+00:00,6.34502862
2026-08-01 11:00:00+00:00,6.33342313
2026-08-01 12:00:00+00:00,6.35252565
2026-08-01 13:00:00+00:00,6.3572309
2026-08-01 14:00:00+00:00,6.36709582
2026-08-01 15:00:00+00:00,6.37534658
2026-08-01 16:00:00+00:00,6.3610493
2026-08-01 17:00:00+00:00,6.30516118
2026-08-01 18:00:00+00:00,6.1026486
2026-08-01 19:00:00+00:00,6.13144259
2026-08-01 20:00:00+00:00,6.15221157
2026-08-01 21:00:00+00:00,6.18820037
2026-08-01 22:00:00+00:00,6.18508047
2026-08-01 23:00:00+00:00,6.19075
2026-08-02 00:00:00+00:00,6.1986274
2026-08-02 01:00:00+00:00,6.2243333
2026-08-02 02:00:00+00:00,6.32500009
2026-08-02 03:00:00+00:00,6.32109975
2026-08-02 04:00:00+00:00,6.47975114
2026-08-02 05:00:00+00:00,6.57557623
2026-08-02 06:00:00+00:00,6.61078706
2026-08-02 07:00:00+00:00,6.60732826
2026-08-02 08:00:00+00:00,6.57552633
2026-08-02 09:00:00+00:00,6.61625623
2026-08-02 10:00:00+00:00,6.59317099
2026-08-02 11:00:00+00:00,6.59683609
2026-08-02 12:00:00+00:00,6.56359322
2026-08-02 13:00:00+00:00,6.59517285
2026-08-02 14:00:00+00:00,6.58976393
2026-08-02 15:00:00+00:00,6.59665964
2026-08-02 16:00:00+00:00,6.58651274
2026-08-02 17:00:00+00:00,6.62584186
2026-08-02 18:00:00+00:00,6.62432206
2026-08-02 19:00:00+00:00,6.60123926
2026-08-02 20:00:00+00:00,6.58672277
2026-08-02 21:00:00+00:00,6.64335879
2026-08-02 22:00:00+00:00,6.59979153
2026-08-02 23:00:00+00:00,6.55265277
2026-08-03 00:00:00+00:00,6.53711485
2026-08-03 01:00:00+00:00,6.51595418
2026-08-03 02:00:00+00:00,6.48445961
2026-08-03 03:00:00+00:00,6.42752711
2026-08-03 04:00:00+00:00,6.41235396
2026-08-03 05:00:00+00:00,6.42830126
2026-08-03 06:00:00+00:00,6.39096126
2026-08-03 07:00:00+00:00,6.40186119
2026-08-03 08:00:00+00:00,6.42945008
2026-08-03 09:00:00+00:00,6.45417518
2026-08-03 10:00:00+00:00,6.44391186
2026-08-03 11:00:00+00:00,6.44358365
2026-08-03 12:00:00+00:00,6.44272227
2026-08-03 13:00:00+00:00,6.54656397
2026-08-03 14:00:00+00:00,6.54091729
2026-08-03 15:00:00+00:00,6.51201866
2026-08-03 16:00:00+00:00,6.53170147
2026-08-03 17:00:00+00:00,6.53741756
2026-08-03 18:00:00+00:00,6.57018853
2026-08-03 19:00:00+00:00,6.57670144
2026-08-03 20:00:00+00:00,6.58349142
2026-08-03 21:00:00+00:00,6.57731834
2026-08-03 22:00:00+00:00,6.5768271
2026-08-03 23:00:00+00:00,6.5740696
2026-08-04 00:00:00+00:00,6.58726397
2026-08-04 01:00:00+00:00,6.86897299
2026-08-04 02:00:00+00:00,6.91890245
2026-08-04 03:00:00+00:00,6.86492255
2026-08-04 04:00:00+00:00,6.87777462
2026-08-04 05:00:00+00:00,6.83821212
2026-08-04 06:00:00+00:00,6.80335333
2026-08-04 07:00:00+00:00,6.83315635
2026-08-04 08:00:00+00:00,6.7691383
2026-08-04 09:00:00+00:00,6.79787217
2026-08-04 10:00:00+00:00,6.80289782
2026-08-04 11:00:00+00:00,6.81972817
2026-08-04 12:00:00+00:00,6.80101115
2026-08-04 13:00:00+00:00,6.74628028
2026-08-04 14:00:00+00:00,6.74124558
2026-08-04 15:00:00+00:00,6.75516857
2026-08-04 16:00:00+00:00,6.71991529
2026-08-04 17:00:00+00:00,6.70272224
2026-08-04 18:00:00+00:00,6.73636722
2026-08-04 19:00:00+00:00,6.73093432
2026-08-04 20:00:00+00:00,6.71380717
2026-08-04 21:00:00+00:00,6.70494052
2026-08-04 22:00:00+00:00,6.7177367
2026-08-04 23:00:00+00:00,6.68783443
2026-08-05 00:00:00+00:00,6.66557876
2026-08-05 01:00:00+00:00,6.67081226
2026-08-05 02:00:00+00:00,6.69558617
2026-08-05 03:00:00+00:00,6.62597346
2026-08-05 04:00:00+00:00,6.65420724
2026-08-05 05:00:00+00:00,6.68202919
2026-08-05 06:00:00+00:00,6.69347915
2026-08-05 07:00:00+00:00,6.68351347
2026-08-05 08:00:00+00:00,6.66326581
2026-08-05 09:00:00+00:00,6.67040078
2026-08-05 10:00:00+00:00,6.66800279
2026-08-05 11:00:00+00:00,6.66155844
2026-08-05 12:00:00+00:00,6.67198787
2026-08-05 13:00:00+00:00,6.61850917
2026-08-05 14:00:00+00:00,6.63607566
2026-08-05 15:00:00+00:00,6.64715727
2026-08-05 16:00:00+00:00,6.67695306
2026-08-05 17:00:00+00:00,6.67841591
2026-08-05 18:00:00+00:00,6.68311883
2026-08-05 19:00:00+00:00,6.66462338
2026-08-05 20:00:00+00:00,6.681485
2026-08-05 21:00:00+00:00,6.65445085
2026-08-05 22:00:00+00:00,6.65363614
2026-08-05 23:00:00+00:00,6.66050697
2026-08-06 00:00:00+00:00,6.66059048
2026-08-06 01:00:00+00:00,6.64510426
2026-08-06 02:00:00+00:00,6.65103574
2026-08-06 03:00:00+00:00,6.66899118
2026-08-06 04:00:00+00:00,6.67026943
2026-08-06 05:00:00+00:00,6.67099113
2026-08-06 06:00:00+00:00,6.67338898
2026-08-06 07:00:00+00:00,6.68632278
2026-08-06 08:00:00+00:00,6.67763072
2026-08-06 09:00:00+00:00,6.52604329
2026-08-06 10:00:00+00:00,6.40927356
2026-08-06 11:00:00+00:00,6.44261827
2026-08-06 12:00:00+00:00,6.41786456
2026-08-06 13:00:00+00:00,6.42068046
2026-08-06 14:00:00+00:00,6.45435577
2026-08-06 15:00:00+00:00,6.4714737
2026-08-06 16:00:00+00:00,6.5026219
2026-08-06 17:00:00+00:00,6.4630991
2026-08-06 18:00:00+00:00,6.45244671
2026-08-06 19:00:00+00:00,6.45005894
2026-08-06 20:00:00+00:00,6.45994822
2026-08-06 21:00:00+00:00,6.4632429
2026-08-06 22:00:00+00:00,6.45387498
2026-08-06 23:00:00+00:00,6.44047468
2026-08-07 00:00:00+00:00,6.41777921
2026-08-07 01:00:00+00:00,6.41734844
2026-08-07 02:00:00+00:00,6.42642871
2026-08-07 03:00:00+00:00,6.40799738
2026-08-07 04:00:00+00:00,6.39779221
2026-08-07 05:00:00+00:00,6.40880544
2026-08-07 06:00:00+00:00,6.41771142
2026-08-07 07:00:00+00:00,6.41475039
2026-08-07 08:00:00+00:00,6.41190722
2026-08-07 09:00:00+00:00,6.45193523
2026-08-07 10:00:00+00:00,6.44907717
2026-08-07 11:00:00+00:00,6.46619403
2026-08-07 12:00:00+00:00,6.49541378
2026-08-07 13:00:00+00:00,6.47886805
2026-08-07 14:00:00+00:00,6.42794368
2026-08-07 15:00:00+00:00,6.43955862
2026-08-07 16:00:00+00:00,6.40724384
2026-08-07 17:00:00+00:00,6.3956905
2026-08-07 18:00:00+00:00,6.407974
2026-08-07 19:00:00+00:00,6.44608819
2026-08-07 20:00:00+00:00,6.44894612
2026-08-07 21:00:00+00:00,6.44725781
2026-08-07 22:00:00+00:00,6.42378271
2026-08-07 23:00:00+00:00,6.43437672
2026-08-08 00:00:00+00:00,6.4374234
2026-08-08 01:00:00+00:00,6.5515799
2026-08-08 02:00:00+00:00,6.53583236
2026-08-08 03:00:00+00:00,6.52555183
2026-08-08 04:00:00+00:00,6.52352726
2026-08-08 05:00:00+00:00,6.52953647
2026-08-08 06:00:00+00:00,6.51746116
2026-08-08 07:00:00+00:00,6.52047804
2026-08-08 08:00:00+00:00,6.5332075
2026-08-08 09:00:00+00:00,6.54249567
2026-08-08 10:00:00+00:00,6.52768942
2026-08-08 11:00:00+00:00,6.55129135
2026-08-08 12:00:00+00:00,6.53765358
2026-08-08 13:00:00+00:00,6.51993648
2026-08-08 14:00:00+00:00,6.55144555
2026-08-08 15:00:00+00:00,6.54520082
2026-08-08 16:00:00+00:00,6.54930886
2026-08-08 17:00:00+00:00,6.541589
2026-08-08 18:00:00+00:00,6.53370162
2026-08-08 19:00:00+00:00,6.52581685
2026-08-08 20:00:00+00:00,6.51858444
2026-08-08 21:00:00+00:00,6.51568848
2026-08-08 22:00:00+00:00,6.47293594
2026-08-08 23:00:00+00:00,6.48196746
2026-08-09 00:00:00+00:00,6.48518542
2026-08-09 01:00:00+00:00,6.4807168
2026-08-09 02:00:00+00:00,6.47428557
2026-08-09 03:00:00+00:00,6.46192928
2026-08-09 04:00:00+00:00,6.47288587
2026-08-09 05:00:00+00:00,6.45498937
2026-08-09 06:00:00+00:00,6.49320663
2026-08-09 07:00:00+00:00,6.4839471
2026-08-09 08:00:00+00:00,6.47549106
2026-08-09 09:00:00+00:00,6.4825456
2026-08-09 10:00:00+00:00,6.47962482
2026-08-09 11:00:00+00:00,6.47595182
2026-08-09 12:00:00+00:00,6.46721281
2026-08-09 13:00:00+00:00,6.48001443
2026-08-09 14:00:00+00:00,6.50278844
2026-08-09 15:00:00+00:00,6.5492897
2026-08-09 16:00:00+00:00,6.54023283
2026-08-09 17:00:00+00:00,6.55081991
2026-08-09 18:00:00+00:00,6.53970789
2026-08-09 19:00:00+00:00,6.56500138
2026-08-09 20:00:00+00:00,6.56596595
2026-08-09 21:00:00+00:00,6.56362436
2026-08-09 22:00:00+00:00,6.49602205
2026-08-09 23:00:00+00:00,6.42216632
2026-08-10 00:00:00+00:00,6.46190237
2026-08-10 01:00:00+00:00,6.52463858
2026-08-10 02:00:00+00:00,6.51044968
2026-08-10 03:00:00+00:00,6.48555691
2026-08-10 04:00:00+00:00,6.4981546
2026-08-10 05:00:00+00:00,6.54824685
2026-08-10 06:00:00+00:00,6.53562546
2026-08-10 07:00:00+00:00,6.53607236
2026-08-10 08:00:00+00:00,6.51597928
2026-08-10 09:00:00+00:00,6.50976506
2026-08-10 10:00:00+00:00,6.52448478
2026-08-10 11:00:00+00:00,6.54876569
2026-08-10 12:00:00+00:00,6.53364426
2026-08-10 13:00:00+00:00,6.53265818
2026-08-10 14:00:00+00:00,6.52195584
2026-08-10 15:00:00+00:00,6.48858137
2026-08-10 16:00:00+00:00,6.43207884
2026-08-10 17:00:00+00:00,6.48722482
2026-08-10 18:00:00+00:00,6.49477168
2026-08-10 19:00:00+00:00,6.47171893
2026-08-10 20:00:00+00:00,6.45801132
2026-08-10 21:00:00+00:00,6.42530021
2026-08-10 22:00:00+00:00,6.42532618
2026-08-10 23:00:00+00:00,6.43596641
2026-08-11 00:00:00+00:00,6.47848196
2026-08-11 01:00:00+00:00,6.52571296
2026-08-11 02:00:00+00:00,6.54051544
2026-08-11 03:00:00+00:00,6.54035335
2026-08-11 04:00:00+00:00,6.53167357
2026-08-11 05:00:00+00:00,6.49781987
2026-08-11 06:00:00+00:00,6.48652517
2026-08-11 07:00:00+00:00,6.48363991
2026-08-11 08:00:00+00:00,6.48868544
2026-08-11 09:00:00+00:00,6.51013249
2026-08-11 10:00:00+00:00,6.49787332
2026-08-11 11:00:00+00:00,6.50851955
2026-08-11 12:00:00+00:00,6.48072875
2026-08-11 13:00:00+00:00,6.42588015
2026-08-11 14:00:00+00:00,6.25050949
2026-08-11 15:00:00+00:00,6.21740374
2026-08-11 16:00:00+00:00,6.21959683
2026-08-11 17:00:00+00:00,6.2133319
2026-08-11 18:00:00+00:00,6.24023275
2026-08-11 19:00:00+00:00,6.27840397
2026-08-11 20:00:00+00:00,6.30933243
2026-08-11 21:00:00+00:00,6.31553286
2026-08-11 22:00:00+00:00,6.32112439
2026-08-11 23:00:00+00:00,6.32288568
2026-08-12 00:00:00+00:00,6.29048708
2026-08-12 01:00:00+00:00,6.29392431
2026-08-12 02:00:00+00:00,6.29145574
2026-08-12 03:00:00+00:00,6.28760397
2026-08-12 04:00:00+00:00,6.29356067
2026-08-12 05:00:00+00:00,6.2948924
2026-08-12 06:00:00+00:00,6.24381622
2026-08-12 07:00:00+00:00,6.23532889
2026-08-12 08:00:00+00:00,6.22309736
2026-08-12 09:00:00+00:00,6.25171808
2026-08-12 10:00:00+00:00,6.28425007
2026-08-12 11:00:00+00:00,6.31018827
2026-08-12 12:00:00+00:00,6.41314866
2026-08-12 13:00:00+00:00,6.35361815
2026-08-12 14:00:00+00:00,6.29949407
2026-08-12 15:00:00+00:00,6.37760411
2026-08-12 16:00:00+00:00,6.34810036
2026-08-12 17:00:00+00:00,6.36326964
2026-08-12 18:00:00+00:00,6.38161513
2026-08-12 19:00:00+00:00,6.35585575
2026-08-12 20:00:00+00:00,6.39007195
2026-08-12 21:00:00+00:00,6.33819959
2026-08-12 22:00:00+00:00,6.3133082
2026-08-12 23:00:00+00:00,6.32041842
2026-08-13 00:00:00+00:00,6.37354852
2026-08-13 01:00:00+00:00,6.40303041
2026-08-13 02:00:00+00:00,6.42028493
2026-08-13 03:00:00+00:00,6.51131971
2026-08-13 04:00:00+00:00,6.50494849
2026-08-13 05:00:00+00:00,6.5169985
2026-08-13 06:00:00+00:00,6.53610153
2026-08-13 07:00:00+00:00,6.51884516
2026-08-13 08:00:00+00:00,6.51457404
2026-08-13 09:00:00+00:00,6.50281219
2026-08-13 10:00:00+00:00,6.51441565
2026-08-13 11:00:00+00:00,6.50419524
2026-08-13 12:00:00+00:00,6.54902658
2026-08-13 13:00:00+00:00,6.49391495
2026-08-13 14:00:00+00:00,6.49089431
2026-08-13 15:00:00+00:00,6.41290816
2026-08-13 16:00:00+00:00,6.392076
2026-08-13 17:00:00+00:00,6.41773621
2026-08-13 18:00:00+00:00,6.43238181
2026-08-13 19:00:00+00:00,6.42317184
2026-08-13 20:00:00+00:00,6.41598738
2026-08-13 21:00:00+00:00,6.42263018
2026-08-13 22:00:00+00:00,6.44464139
2026-08-13 23:00:00+00:00,6.45689484
2026-08-14 00:00:00+00:00,6.46602601
2026-08-14 01:00:00+00:00,6.46802601
2026-08-14 02:00:00+00:00,6.45044115
2026-08-14 03:00:00+00:00,6.41727093
2026-08-14 04:00:00+00:00,6.43334225
2026-08-14 05:00:00+00:00,6.42816853
2026-08-14 06:00:00+00:00,6.38349653
2026-08-14 07:00:00+00:00,6.37618267
2026-08-14 08:00:00+00:00,6.39257226
2026-08-14 09:00:00+00:00,6.35961849
2026-08-14 10:00:00+00:00,6.36494687
2026-08-14 11:00:00+00:00,6.3608356
2026-08-14 12:00:00+00:00,6.38287278
2026-08-14 13:00:00+00:00,6.39369659
2026-08-14 14:00:00+00:00,6.3856554
2026-08-14 15:00:00+00:00,6.4408459
2026-08-14 16:00:00+00:00,6.44402516
2026-08-14 17:00:00+00:00,6.4430629
2026-08-14 18:00:00+00:00,6.42729718
2026-08-14 19:00:00+00:00,6.43255025
2026-08-14 20:00:00+00:00,6.42490985
2026-08-14 21:00:00+00:00,6.40287399
2026-08-14 22:00:00+00:00,6.43089105
2026-08-14 23:00:00+00:00,6.47587628
2026-08-15 00:00:00+00:00,6.49973513
2026-08-15 01:00:00+00:00,6.48885626
2026-08-15 02:00:00+00:00,6.76341933
2026-08-15 03:00:00+00:00,6.76832881
2026-08-15 04:00:00+00:00,6.72463914
2026-08-15 05:00:00+00:00,6.6886522
2026-08-15 06:00:00+00:00,6.6535664
2026-08-15 07:00:00+00:00,6.620648
2026-08-15 08:00:00+00:00,6.5976768
2026-08-15 09:00:00+00:00,6.58979596
2026-08-15 10:00:00+00:00,6.59041395
2026-08-15 11:00:00+00:00,6.57324793
2026-08-15 12:00:00+00:00,6.59000018
2026-08-15 13:00:00+00:00,6.56531001
2026-08-15 14:00:00+00:00,6.55593805
2026-08-15 15:00:00+00:00,6.56218602
2026-08-15 16:00:00+00:00,6.50793533
2026-08-15 17:00:00+00:00,6.50450214
2026-08-15 18:00:00+00:00,6.49566132
2026-08-15 19:00:00+00:00,6.50677254
2026-08-15 20:00:00+00:00,6.49834275
2026-08-15 21:00:00+00:00,6.49649504
2026-08-15 22:00:00+00:00,6.37922762
2026-08-15 23:00:00+00:00,6.33354297
2026-08-16 00:00:00+00:00,6.32646704
2026-08-16 01:00:00+00:00,6.33778351
2026-08-16 02:00:00+00:00,6.35792306
2026-08-16 03:00:00+00:00,6.35256517
2026-08-16 04:00:00+00:00,6.34293727
2026-08-16 05:00:00+00:00,6.33573539
2026-08-16 06:00:00+00:00,6.33078972
2026-08-16 07:00:00+00:00,6.33516427
2026-08-16 08:00:00+00:00,6.33714212
2026-08-16 09:00:00+00:00,6.34473704
2026-08-16 10:00:00+00:00,6.37363615
2026-08-16 11:00:00+00:00,6.36042057
2026-08-16 12:00:00+00:00,6.38264071
2026-08-16 13:00:00+00:00,6.38256635
2026-08-16 14:00:00+00:00,6.41474168
2026-08-16 15:00:00+00:00,6.43163384
2026-08-16 16:00:00+00:00,6.36970703
2026-08-16 17:00:00+00:00,6.36021244
2026-08-16 18:00:00+00:00,6.33736889
2026-08-16 19:00:00+00:00,6.34587964
2026-08-16 20:00:00+00:00,6.3306272
2026-08-16 21:00:00+00:00,6.29865587
2026-08-16 22:00:00+00:00,6.32919824
2026-08-16 23:00:00+00:00,6.32979564
2026-08-17 00:00:00+00:00,6.31111801
2026-08-17 01:00:00+00:00,6.33838121
2026-08-17 02:00:00+00:00,6.37187342
2026-08-17 03:00:00+00:00,6.36700213
2026-08-17 04:00:00+00:00,6.38904102
2026-08-17 05:00:00+00:00,6.35807522
2026-08-17 06:00:00+00:00,6.3799254
2026-08-17 07:00:00+00:00,6.36306567
2026-08-17 08:00:00+00:00,6.31977308
2026-08-17 09:00:00+00:00,6.32614071
2026-08-17 10:00:00+00:00,6.34984588
2026-08-17 11:00:00+00:00,6.32739461
2026-08-17 12:00:00+00:00,6.310513
2026-08-17 13:00:00+00:00,6.30913637
2026-08-17 14:00:00+00:00,6.32872717
2026-08-17 15:00:00+00:00,6.32700462
2026-08-17 16:00:00+00:00,6.30096517
2026-08-17 17:00:00+00:00,6.32362441
2026-08-17 18:00:00+00:00,6.33855174
2026-08-17 19:00:00+00:00,6.34225409
2026-08-17 20:00:00+00:00,6.34274427
2026-08-17 21:00:00+00:00,6.3392041
2026-08-17 22:00:00+00:00,6.31711251
2026-08-17 23:00:00+00:00,6.35200479
2026-08-18 00:00:00+00:00,6.38626703
2026-08-18 01:00:00+00:00,6.33755999
2026-08-18 02:00:00+00:00,6.2504015
2026-08-18 03:00:00+00:00,6.27798197
2026-08-18 04:00:00+00:00,6.29921477
2026-08-18 05:00:00+00:00,6.33996505
2026-08-18 06:00:00+00:00,6.35273988
2026-08-18 07:00:00+00:00,6.31311395
2026-08-18 08:00:00+00:00,6.3266162
2026-08-18 09:00:00+00:00,6.32622659
2026-08-18 10:00:00+00:00,6.31404086
2026-08-18 11:00:00+00:00,6.33142493
2026-08-18 12:00:00+00:00,6.3287012
2026-08-18 13:00:00+00:00,6.32305468
2026-08-18 14:00:00+00:00,6.35354133
2026-08-18 15:00:00+00:00,6.37404097
2026-08-18 16:00:00+00:00,6.34081862
2026-08-18 17:00:00+00:00,6.35195692
2026-08-18 18:00:00+00:00,6.34899252
2026-08-18 19:00:00+00:00,6.34896655
2026-08-18 20:00:00+00:00,6.31392373
2026-08-18 21:00:00+00:00,6.31816101
2026-08-18 22:00:00+00:00,6.32131397
2026-08-18 23:00:00+00:00,6.33392905
2026-08-19 00:00:00+00:00,6.33034148
2026-08-19 01:00:00+00:00,6.35006476
2026-08-19 02:00:00+00:00,6.34467428
2026-08-19 03:00:00+00:00,6.36315116
2026-08-19 04:00:00+00:00,6.35019133
2026-08-19 05:00:00+00:00,6.34659988
2026-08-19 06:00:00+00:00,6.36447948
2026-08-19 07:00:00+00:00,6.349546
2026-08-19 08:00:00+00:00,6.36047234
2026-08-19 09:00:00+00:00,6.34462615
2026-08-19 10:00:00+00:00,6.34080446
2026-08-19 11:00:00+00:00,6.31292757
2026-08-19 12:00:00+00:00,6.35888056
2026-08-19 13:00:00+00:00,6.31160289
2026-08-19 14:00:00+00:00,6.37772584
2026-08-19 15:00:00+00:00,6.56065374
2026-08-19 16:00:00+00:00,6.60728916
2026-08-19 17:00:00+00:00,6.54389442
2026-08-19 18:00:00+00:00,6.5257927
2026-08-19 19:00:00+00:00,6.5879553
2026-08-19 20:00:00+00:00,6.71263802
2026-08-19 21:00:00+00:00,6.82820842
2026-08-19 22:00:00+00:00,6.795365
2026-08-19 23:00:00+00:00,6.77763353
2026-08-20 00:00:00+00:00,6.78465103
2026-08-20 01:00:00+00:00,6.79327922
2026-08-20 02:00:00+00:00,6.77498154
2026-08-20 03:00:00+00:00,6.75468556
2026-08-20 04:00:00+00:00,6.76371658
2026-08-20 05:00:00+00:00,6.75067532
2026-08-20 06:00:00+00:00,6.80393253
2026-08-20 07:00:00+00:00,6.80800062
2026-08-20 08:00:00+00:00,6.91255226
2026-08-20 09:00:00+00:00,6.87095601
2026-08-20 10:00:00+00:00,6.91578473
2026-08-20 11:00:00+00:00,6.89028167
2026-08-20 12:00:00+00:00,6.86397028
2026-08-20 13:00:00+00:00,6.91043017
2026-08-20 14:00:00+00:00,6.97082322
2026-08-20 15:00:00+00:00,7.05506013
2026-08-20 16:00:00+00:00,7.22273762
2026-08-20 17:00:00+00:00,7.26419114
2026-08-20 18:00:00+00:00,7.16647768
2026-08-20 19:00:00+00:00,7.13622083
2026-08-20 20:00:00+00:00,7.20995003
2026-08-20 21:00:00+00:00,7.20657142
2026-08-20 22:00:00+00:00,7.17169711
2026-08-20 23:00:00+00:00,7.29260018
2026-08-21 00:00:00+00:00,7.27281859
2026-08-21 01:00:00+00:00,7.30097339
2026-08-21 02:00:00+00:00,7.27234705
2026-08-21 03:00:00+00:00,7.30361249
2026-08-21 04:00:00+00:00,7.313429
2026-08-21 05:00:00+00:00,7.39380313
2026-08-21 06:00:00+00:00,7.36180841
2026-08-21 07:00:00+00:00,7.47377648
2026-08-21 08:00:00+00:00,7.68451662
2026-08-21 09:00:00+00:00,7.58824399
2026-08-21 10:00:00+00:00,7.62085736
2026-08-21 11:00:00+00:00,7.49471651
2026-08-21 12:00:00+00:00,7.55223591
2026-08-21 13:00:00+00:00,7.58282505
2026-08-21 14:00:00+00:00,7.63304084
2026-08-21 15:00:00+00:00,7.61661937
2026-08-21 16:00:00+00:00,7.63317433
2026-08-21 17:00:00+00:00,7.66058944
2026-08-21 18:00:00+00:00,7.52567079
2026-08-21 19:00:00+00:00,7.54007635
2026-08-21 20:00:00+00:00,7.6352639
2026-08-21 21:00:00+00:00,7.77225481
2026-08-21 22:00:00+00:00,7.85894893
2026-08-21 23:00:00+00:00,7.83948598
2026-08-22 00:00:00+00:00,7.87730667
2026-08-22 01:00:00+00:00,7.84822216
2026-08-22 02:00:00+00:00,8.06126253
2026-08-22 03:00:00+00:00,8.07527981
2026-08-22 04:00:00+00:00,8.23975061
2026-08-22 05:00:00+00:00,7.69928503
2026-08-22 06:00:00+00:00,7.67145698
2026-08-22 07:00:00+00:00,7.60838541
2026-08-22 08:00:00+00:00,7.53661834
2026-08-22 09:00:00+00:00,7.52769493
2026-08-22 10:00:00+00:00,7.50151338
2026-08-22 11:00:00+00:00,7.52584597
2026-08-22 12:00:00+00:00,7.55649769
2026-08-22 13:00:00+00:00,7.5416267
2026-08-22 14:00:00+00:00,7.47269244
2026-08-22 15:00:00+00:00,7.45128374
2026-08-22 16:00:00+00:00,7.5984471
2026-08-22 17:00:00+00:00,7.57781121
2026-08-22 18:00:00+00:00,7.56116284
2026-08-22 19:00:00+00:00,7.56649466
2026-08-22 20:00:00+00:00,7.5703336
2026-08-22 21:00:00+00:00,7.45640198
2026-08-22 22:00:00+00:00,7.48395842
2026-08-22 23:00:00+00:00,7.49447519
2026-08-23 00:00:00+00:00,7.572294
2026-08-23 01:00:00+00:00,7.51486199
2026-08-23 02:00:00+00:00,7.45981086
2026-08-23 03:00:00+00:00,7.40758963
2026-08-23 04:00:00+00:00,7.33212909
2026-08-23 05:00:00+00:00,7.31513732
2026-08-23 06:00:00+00:00,7.33947105
2026-08-23 07:00:00+00:00,7.37203315
2026-08-23 08:00:00+00:00,7.40647402
2026-08-23 09:00:00+00:00,7.41895821
2026-08-23 10:00:00+00:00,7.43669804
2026-08-23 11:00:00+00:00,7.527695
2026-08-23 12:00:00+00:00,7.54350489
2026-08-23 13:00:00+00:00,7.61146271
2026-08-23 14:00:00+00:00,7.56020181
2026-08-23 15:00:00+00:00,7.55511405
2026-08-23 16:00:00+00:00,7.5784481
2026-08-23 17:00:00+00:00,7.54759695
2026-08-23 18:00:00+00:00,7.58740782
2026-08-23 19:00:00+00:00,7.54426972
2026-08-23 20:00:00+00:00,7.57698649
2026-08-23 21:00:00+00:00,7.62730237
2026-08-23 22:00:00+00:00,7.62346094
2026-08-23 23:00:00+00:00,7.60902125
2026-08-24 00:00:00+00:00,7.56897001
2026-08-24 01:00:00+00:00,7.42371642
2026-08-24 02:00:00+00:00,7.50079202
2026-08-24 03:00:00+00:00,7.45298973
2026-08-24 04:00:00+00:00,7.50637632
2026-08-24 05:00:00+00:00,7.48936527
2026-08-24 06:00:00+00:00,7.47885817
2026-08-24 07:00:00+00:00,7.45894212
2026-08-24 08:00:00+00:00,7.44675183
2026-08-24 09:00:00+00:00,7.48891815
2026-08-24 10:00:00+00:00,7.46276944
2026-08-24 11:00:00+00:00,7.54676948
2026-08-24 12:00:00+00:00,7.5935487
2026-08-24 13:00:00+00:00,7.51551178
2026-08-24 14:00:00+00:00,7.56687387
2026-08-24 15:00:00+00:00,7.53818831
2026-08-24 16:00:00+00:00,7.5587237
2026-08-24 17:00:00+00:00,7.5288388
2026-08-24 18:00:00+00:00,7.52286614
2026-08-24 19:00:00+00:00,7.52987501
2026-08-24 20:00:00+00:00,7.55432895
2026-08-24 21:00:00+00:00,7.57360447
2026-08-24 22:00:00+00:00,7.52003179
2026-08-24 23:00:00+00:00,7.54435884
2026-08-25 00:00:00+00:00,7.62343079
2026-08-25 01:00:00+00:00,7.61934338
2026-08-25 02:00:00+00:00,7.68429334
2026-08-25 03:00:00+00:00,7.62276623
2026-08-25 04:00:00+00:00,7.64876111
2026-08-25 05:00:00+00:00,7.67403328
2026-08-25 06:00:00+00:00,7.5867569
2026-08-25 07:00:00+00:00,7.52993784
2026-08-25 08:00:00+00:00,7.53362647
2026-08-25 09:00:00+00:00,7.52868696
2026-08-25 10:00:00+00:00,7.52998875
2026-08-25 11:00:00+00:00,7.52255371
2026-08-25 12:00:00+00:00,7.52775785
2026-08-25 13:00:00+00:00,7.41543709
2026-08-25 14:00:00+00:00,7.49419535
2026-08-25 15:00:00+00:00,7.51019692
2026-08-25 16:00:00+00:00,7.46646115
2026-08-25 17:00:00+00:00,7.48556263
2026-08-25 18:00:00+00:00,7.49799119
2026-08-25 19:00:00+00:00,7.46046347
2026-08-25 20:00:00+00:00,7.34998997
2026-08-25 21:00:00+00:00,7.34991205
2026-08-25 22:00:00+00:00,7.39148565
2026-08-25 23:00:00+00:00,7.32787904
2026-08-26 00:00:00+00:00,7.36048229
2026-08-26 01:00:00+00:00,7.37309385
2026-08-26 02:00:00+00:00,7.39474728
2026-08-26 03:00:00+00:00,7.37045954
2026-08-26 04:00:00+00:00,7.33690767
2026-08-26 05:00:00+00:00,7.37418476
2026-08-26 06:00:00+00:00,7.39598051
2026-08-26 07:00:00+00:00,7.39207507
2026-08-26 08:00:00+00:00,7.3691151
2026-08-26 09:00:00+00:00,7.31985915
2026-08-26 10:00:00+00:00,7.402714
2026-08-26 11:00:00+00:00,7.336816
2026-08-26 12:00:00+00:00,7.35209527
2026-08-26 13:00:00+00:00,7.30891582
2026-08-26 14:00:00+00:00,7.20391203
2026-08-26 15:00:00+00:00,7.23080919
2026-08-26 16:00:00+00:00,7.21259627
2026-08-26 17:00:00+00:00,7.24582083
2026-08-26 18:00:00+00:00,7.24986909
2026-08-26 19:00:00+00:00,7.25509906
2026-08-26 20:00:00+00:00,7.27251408
2026-08-26 21:00:00+00:00,7.34786775
2026-08-26 22:00:00+00:00,7.37201329
2026-08-26 23:00:00+00:00,7.4415576
2026-08-27 00:00:00+00:00,7.36708308
2026-08-27 01:00:00+00:00,7.3862805
2026-08-27 02:00:00+00:00,7.34862738
2026-08-27 03:00:00+00:00,7.34657758
2026-08-27 04:00:00+00:00,7.33919338
2026-08-27 05:00:00+00:00,7.35071552
2026-08-27 06:00:00+00:00,7.36978577
2026-08-27 07:00:00+00:00,7.37713486
2026-08-27 08:00:00+00:00,7.47275752
2026-08-27 09:00:00+00:00,7.4520048
2026-08-27 10:00:00+00:00,7.41870902
2026-08-27 11:00:00+00:00,7.39493831
2026-08-27 12:00:00+00:00,7.39793207
2026-08-27 13:00:00+00:00,7.47203983
2026-08-27 14:00:00+00:00,7.50812475
2026-08-27 15:00:00+00:00,7.51963377
2026-08-27 16:00:00+00:00,7.52752005
2026-08-27 17:00:00+00:00,7.52766083
2026-08-27 18:00:00+00:00,7.51395595
2026-08-27 19:00:00+00:00,7.48293243
2026-08-27 20:00:00+00:00,7.52429987
2026-08-27 21:00:00+00:00,7.51737865
2026-08-27 22:00:00+00:00,7.51994386
2026-08-27 23:00:00+00:00,7.52713416
2026-08-28 00:00:00+00:00,7.51994697
2026-08-28 01:00:00+00:00,7.52021043
2026-08-28 02:00:00+00:00,7.43978511
2026-08-28 03:00:00+00:00,7.44294872
2026-08-28 04:00:00+00:00,7.43608016
2026-08-28 05:00:00+00:00,7.46339975
2026-08-28 06:00:00+00:00,7.48693714
2026-08-28 07:00:00+00:00,7.40037448
2026-08-28 08:00:00+00:00,7.39669212
2026-08-28 09:00:00+00:00,7.36649245
2026-08-28 10:00:00+00:00,7.41726561
2026-08-28 11:00:00+00:00,7.4284524
2026-08-28 12:00:00+00:00,7.40442447
2026-08-28 13:00:00+00:00,7.40435859
2026-08-28 14:00:00+00:00,7.43385053
2026-08-28 15:00:00+00:00,7.32939628
2026-08-28 16:00:00+00:00,7.29956771
2026-08-28 17:00:00+00:00,7.28968472
2026-08-28 18:00:00+00:00,7.24719885
2026-08-28 19:00:00+00:00,7.26976628
2026-08-28 20:00:00+00:00,7.27455122
2026-08-28 21:00:00+00:00,7.25687556
2026-08-28 22:00:00+00:00,7.30506296
2026-08-28 23:00:00+00:00,7.30836454
2026-08-29 00:00:00+00:00,7.2991842
2026-08-29 01:00:00+00:00,7.30043383
2026-08-29 02:00:00+00:00,7.28321487
2026-08-29 03:00:00+00:00,7.26147584
2026-08-29 04:00:00+00:00,7.29976843
2026-08-29 05:00:00+00:00,7.31295173
2026-08-29 06:00:00+00:00,7.27906526
2026-08-29 07:00:00+00:00,7.27173185
2026-08-29 08:00:00+00:00,7.24196081
2026-08-29 09:00:00+00:00,7.25705832
2026-08-29 10:00:00+00:00,7.26302862
2026-08-29 11:00:00+00:00,7.26055613
2026-08-29 12:00:00+00:00,7.28247475
2026-08-29 13:00:00+00:00,7.29971894
2026-08-29 14:00:00+00:00,7.3583811
2026-08-29 15:00:00+00:00,7.32989125
2026-08-29 16:00:00+00:00,7.32031826
2026-08-29 17:00:00+00:00,7.2890048
2026-08-29 18:00:00+00:00,7.31781037
2026-08-29 19:00:00+00:00,7.3191682
2026-08-29 20:00:00+00:00,7.32385221
2026-08-29 21:00:00+00:00,7.30717549
2026-08-29 22:00:00+00:00,7.32522447
2026-08-29 23:00:00+00:00,7.33152322
2026-08-30 00:00:00+00:00,7.31662853
2026-08-30 01:00:00+00:00,7.27929505
2026-08-30 02:00:00+00:00,7.28639753
2026-08-30 03:00:00+00:00,7.29206855
2026-08-30 04:00:00+00:00,7.28672539
2026-08-30 05:00:00+00:00,7.30524766
2026-08-30 06:00:00+00:00,7.34712337
2026-08-30 07:00:00+00:00,7.32702244
2026-08-30 08:00:00+00:00,7.32532549
2026-08-30 09:00:00+00:00,7.33952745
2026-08-30 10:00:00+00:00,7.37953303
2026-08-30 11:00:00+00:00,7.38452292
2026-08-30 12:00:00+00:00,7.39798233
2026-08-30 13:00:00+00:00,7.42591894
2026-08-30 14:00:00+00:00,7.42125802
2026-08-30 15:00:00+00:00,7.40957832
2026-08-30 16:00:00+00:00,7.44641785
2026-08-30 17:00:00+00:00,7.42156971
2026-08-30 18:00:00+00:00,7.44537889
2026-08-30 19:00:00+00:00,7.40982001
2026-08-30 20:00:00+00:00,7.36437471
2026-08-30 21:00:00+00:00,7.33607736
2026-08-30 22:00:00+00:00,7.31564294
2026-08-30 23:00:00+00:00,7.11520504
2026-08-31 00:00:00+00:00,7.15250396
2026-08-31 01:00:00+00:00,7.10960877
2026-08-31 02:00:00+00:00,7.09860213
2026-08-31 03:00:00+00:00,7.14357163
2026-08-31 04:00:00+00:00,7.14961793
2026-08-31 05:00:00+00:00,7.2104723
2026-08-31 06:00:00+00:00,7.22248613
2026-08-31 07:00:00+00:00,7.21855542
2026-08-31 08:00:00+00:00,7.21806829
2026-08-31 09:00:00+00:00,7.22438638
2026-08-31 10:00:00+00:00,7.23676676
2026-08-31 11:00:00+00:00,7.19707832
2026-08-31 12:00:00+00:00,7.1760364
2026-08-31 13:00:00+00:00,7.14950234
2026-08-31 14:00:00+00:00,7.2291282
2026-08-31 15:00:00+00:00,7.20407738
2026-08-31 16:00:00+00:00,7.20262284
2026-08-31 17:00:00+00:00,7.23247815
2026-08-31 18:00:00+00:00,7.23398175
2026-08-31 19:00:00+00:00,7.21260559
2026-08-31 20:00:00+00:00,7.21939993
2026-08-31 21:00:00+00:00,7.23955907
2026-08-31 22:00:00+00:00,7.22624574
2026-08-31 23:00:00+00:00,7.23235549
