timestamp,close
2025-01-01 00:00:00+00:00,0.85955071
2025-01-01 01:00:00+00:00,0.85276126
2025-01-01 02:00:00+00:00,0.85682041
2025-01-01 03:00:00+00:00,0.85216362
2025-01-01 04:00:00+00:00,0.84896457
2025-01-01 05:00:00+00:00,0.85593587
2025-01-01 06:00:00+00:00,0.85711453
2025-01-01 07:00:00+00:00,0.85155206
2025-01-01 08:00:00+00:00,0.84644335
2025-01-01 09:00:00+00:00,0.84599515
2025-01-01 10:00:00+00:00,0.84395026
2025-01-01 11:00:00+00:00,0.85313281
2025-01-01 12:00:00+00:00,0.86561506
2025-01-01 13:00:00+00:00,0.86473195
2025-01-01 14:00:00+00:00,0.864617
2025-01-01 15:00:00+00:00,0.87685949
2025-01-01 16:00:00+00:00,0.88959744
2025-01-01 17:00:00+00:00,0.88857742
2025-01-01 18:00:00+00:00,0.9213776
2025-01-01 19:00:00+00:00,0.91716829
2025-01-01 20:00:00+00:00,0.92038347
2025-01-01 21:00:00+00:00,0.918916
2025-01-01 22:00:00+00:00,0.92134177
2025-01-01 23:00:00+00:00,0.92208749
2025-01-02 00:00:00+00:00,0.94536421
2025-01-02 01:00:00+00:00,0.94632557
2025-01-02 02:00:00+00:00,0.94163017
2025-01-02 03:00:00+00:00,0.94194586
2025-01-02 04:00:00+00:00,0.94447352
2025-01-02 05:00:00+00:00,0.93256649
2025-01-02 06:00:00+00:00,0.92716876
2025-01-02 07:00:00+00:00,0.93344653
2025-01-02 08:00:00+00:00,0.93597805
2025-01-02 09:00:00+00:00,0.94890902
2025-01-02 10:00:00+00:00,0.96627646
2025-01-02 11:00:00+00:00,0.97083905
2025-01-02 12:00:00+00:00,0.97213584
2025-01-02 13:00:00+00:00,0.963411
2025-01-02 14:00:00+00:00,0.9647603
2025-01-02 15:00:00+00:00,0.9550831
2025-01-02 16:00:00+00:00,0.96142197
2025-01-02 17:00:00+00:00,0.95276175
2025-01-02 18:00:00+00:00,0.96135911
2025-01-02 19:00:00+00:00,0.95701522
2025-01-02 20:00:00+00:00,0.95994511
2025-01-02 21:00:00+00:00,0.96614323
2025-01-02 22:00:00+00:00,0.9623014
2025-01-02 23:00:00+00:00,0.96126452
2025-01-03 00:00:00+00:00,0.96305938
2025-01-03 01:00:00+00:00,0.97441793
2025-01-03 02:00:00+00:00,0.98793935
2025-01-03 03:00:00+00:00,1.02748976
2025-01-03 04:00:00+00:00,1.01445609
2025-01-03 05:00:00+00:00,1.02109804
2025-01-03 06:00:00+00:00,1.03983769
2025-01-03 07:00:00+00:00,1.03525722
2025-01-03 08:00:00+00:00,1.04108086
2025-01-03 09:00:00+00:00,1.05342827
2025-01-03 10:00:00+00:00,1.06012967
2025-01-03 11:00:00+00:00,1.07402507
2025-01-03 12:00:00+00:00,1.09021644
2025-01-03 13:00:00+00:00,1.07147178
2025-01-03 14:00:00+00:00,1.09142284
2025-01-03 15:00:00+00:00,1.08572051
2025-01-03 16:00:00+00:00,1.09098253
2025-01-03 17:00:00+00:00,1.08374033
2025-01-03 18:00:00+00:00,1.0812109
2025-01-03 19:00:00+00:00,1.09662518
2025-01-03 20:00:00+00:00,1.11590666
2025-01-03 21:00:00+00:00,1.08936149
2025-01-03 22:00:00+00:00,1.09761724
2025-01-03 23:00:00+00:00,1.08921489
2025-01-04 00:00:00+00:00,1.08527537
2025-01-04 01:00:00+00:00,1.10500671
2025-01-04 02:00:00+00:00,1.0938052
2025-01-04 03:00:00+00:00,1.09194506
2025-01-04 04:00:00+00:00,1.08808098
2025-01-04 05:00:00+00:00,1.08459728
2025-01-04 06:00:00+00:00,1.08575307
2025-01-04 07:00:00+00:00,1.07391799
2025-01-04 08:00:00+00:00,1.06285696
2025-01-04 09:00:00+00:00,1.06265098
2025-01-04 10:00:00+00:00,1.06067584
2025-01-04 11:00:00+00:00,1.0614008
2025-01-04 12:00:00+00:00,1.06971337
2025-01-04 13:00:00+00:00,1.07965853
2025-01-04 14:00:00+00:00,1.08911419
2025-01-04 15:00:00+00:00,1.06532188
2025-01-04 16:00:00+00:00,1.07632495
2025-01-04 17:00:00+00:00,1.07327843
2025-01-04 18:00:00+00:00,1.0675681
2025-01-04 19:00:00+00:00,1.07303894
2025-01-04 20:00:00+00:00,1.07803103
2025-01-04 21:00:00+00:00,1.07607428
2025-01-04 22:00:00+00:00,1.07448176
2025-01-04 23:00:00+00:00,1.07052251
2025-01-05 00:00:00+00:00,1.06368096
2025-01-05 01:00:00+00:00,1.06089305
2025-01-05 02:00:00+00:00,1.06198326
2025-01-05 03:00:00+00:00,1.05808218
2025-01-05 04:00:00+00:00,1.07034803
2025-01-05 05:00:00+00:00,1.07556359
2025-01-05 06:00:00+00:00,1.08958706
2025-01-05 07:00:00+00:00,1.09337647
2025-01-05 08:00:00+00:00,1.08560813
2025-01-05 09:00:00+00:00,1.07908612
2025-01-05 10:00:00+00:00,1.07900957
2025-01-05 11:00:00+00:00,1.07348352
2025-01-05 12:00:00+00:00,1.07821103
2025-01-05 13:00:00+00:00,1.09222076
2025-01-05 14:00:00+00:00,1.09525415
2025-01-05 15:00:00+00:00,1.08997061
2025-01-05 16:00:00+00:00,1.08192164
2025-01-05 17:00:00+00:00,1.08772158
2025-01-05 18:00:00+00:00,1.09292741
2025-01-05 19:00:00+00:00,1.0917536
2025-01-05 20:00:00+00:00,1.08880865
2025-01-05 21:00:00+00:00,1.08807356
2025-01-05 22:00:00+00:00,1.09642089
2025-01-05 23:00:00+00:00,1.09106706
2025-01-06 00:00:00+00:00,1.07643794
2025-01-06 01:00:00+00:00,1.09512224
2025-01-06 02:00:00+00:00,1.08415577
2025-01-06 03:00:00+00:00,1.09008267
2025-01-06 04:00:00+00:00,1.09005796
2025-01-06 05:00:00+00:00,1.08703018
2025-01-06 06:00:00+00:00,1.08186231
2025-01-06 07:00:00+00:00,1.07824875
2025-01-06 08:00:00+00:00,1.0767703
2025-01-06 09:00:00+00:00,1.0795962
2025-01-06 10:00:00+00:00,1.07856699
2025-01-06 11:00:00+00:00,1.0847592
2025-01-06 12:00:00+00:00,1.0769466
2025-01-06 13:00:00+00:00,1.07751806
2025-01-06 14:00:00+00:00,1.09138739
2025-01-06 15:00:00+00:00,1.09510398
2025-01-06 16:00:00+00:00,1.1055543
2025-01-06 17:00:00+00:00,1.09360895
2025-01-06 18:00:00+00:00,1.10399672
2025-01-06 19:00:00+00:00,1.1071165
2025-01-06 20:00:00+00:00,1.10633274
2025-01-06 21:00:00+00:00,1.10001744
2025-01-06 22:00:00+00:00,1.0990661
2025-01-06 23:00:00+00:00,1.09343605
2025-01-07 00:00:00+00:00,1.08912347
2025-01-07 01:00:00+00:00,1.09201528
2025-01-07 02:00:00+00:00,1.08147486
2025-01-07 03:00:00+00:00,1.08763135
2025-01-07 04:00:00+00:00,1.08779527
2025-01-07 05:00:00+00:00,1.08775531
2025-01-07 06:00:00+00:00,1.09902939
2025-01-07 07:00:00+00:00,1.10253977
2025-01-07 08:00:00+00:00,1.13872552
2025-01-07 09:00:00+00:00,1.13907481
2025-01-07 10:00:00+00:00,1.13976978
2025-01-07 11:00:00+00:00,1.13360154
2025-01-07 12:00:00+00:00,1.13244874
2025-01-07 13:00:00+00:00,1.13153617
2025-01-07 14:00:00+00:00,1.11466102
2025-01-07 15:00:00+00:00,1.04524391
2025-01-07 16:00:00+00:00,1.04266704
2025-01-07 17:00:00+00:00,1.02901716
2025-01-07 18:00:00+00:00,1.00952664
2025-01-07 19:00:00+00:00,1.00889002
2025-01-07 20:00:00+00:00,1.00657912
2025-01-07 21:00:00+00:00,0.99190324
2025-01-07 22:00:00+00:00,1.00469064
2025-01-07 23:00:00+00:00,0.98928858
2025-01-08 00:00:00+00:00,1.01797253
2025-01-08 01:00:00+00:00,1.00685823
2025-01-08 02:00:00+00:00,1.00157744
2025-01-08 03:00:00+00:00,0.99782313
2025-01-08 04:00:00+00:00,0.9900252
2025-01-08 05:00:00+00:00,0.98816358
2025-01-08 06:00:00+00:00,0.96308366
2025-01-08 07:00:00+00:00,0.98292339
2025-01-08 08:00:00+00:00,0.99831538
2025-01-08 09:00:00+00:00,0.98439858
2025-01-08 10:00:00+00:00,0.99550988
2025-01-08 11:00:00+00:00,0.98338604
2025-01-08 12:00:00+00:00,0.97831613
2025-01-08 13:00:00+00:00,0.96788691
2025-01-08 14:00:00+00:00,0.97877976
2025-01-08 15:00:00+00:00,0.97453533
2025-01-08 16:00:00+00:00,0.94743186
2025-01-08 17:00:00+00:00,0.94342408
2025-01-08 18:00:00+00:00,0.93564511
2025-01-08 19:00:00+00:00,0.91284542
2025-01-08 20:00:00+00:00,0.92437098
2025-01-08 21:00:00+00:00,0.92928851
2025-01-08 22:00:00+00:00,0.95293105
2025-01-08 23:00:00+00:00,0.9469503
2025-01-09 00:00:00+00:00,0.94892501
2025-01-09 01:00:00+00:00,0.9487801
2025-01-09 02:00:00+00:00,0.94524514
2025-01-09 03:00:00+00:00,0.93632986
2025-01-09 04:00:00+00:00,0.94157316
2025-01-09 05:00:00+00:00,0.93413366
2025-01-09 06:00:00+00:00,0.927013
2025-01-09 07:00:00+00:00,0.91443883
2025-01-09 08:00:00+00:00,0.91845504
2025-01-09 09:00:00+00:00,0.917054
2025-01-09 10:00:00+00:00,0.90874033
2025-01-09 11:00:00+00:00,0.91188696
2025-01-09 12:00:00+00:00,0.91032852
2025-01-09 13:00:00+00:00,0.88243777
2025-01-09 14:00:00+00:00,0.89745917
2025-01-09 15:00:00+00:00,0.92898266
2025-01-09 16:00:00+00:00,0.92659179
2025-01-09 17:00:00+00:00,0.91186765
2025-01-09 18:00:00+00:00,0.9183297
2025-01-09 19:00:00+00:00,0.89709365
2025-01-09 20:00:00+00:00,0.8982978
2025-01-09 21:00:00+00:00,0.89615596
2025-01-09 22:00:00+00:00,0.90920066
2025-01-09 23:00:00+00:00,0.90434818
2025-01-10 00:00:00+00:00,0.9119778
2025-01-10 01:00:00+00:00,0.9161117
2025-01-10 02:00:00+00:00,0.91886107
2025-01-10 03:00:00+00:00,0.92120504
2025-01-10 04:00:00+00:00,0.91850106
2025-01-10 05:00:00+00:00,0.92562133
2025-01-10 06:00:00+00:00,0.94834575
2025-01-10 07:00:00+00:00,0.96324911
2025-01-10 08:00:00+00:00,0.95733111
2025-01-10 09:00:00+00:00,0.95655607
2025-01-10 10:00:00+00:00,0.96054125
2025-01-10 11:00:00+00:00,0.95479782
2025-01-10 12:00:00+00:00,0.95393586
2025-01-10 13:00:00+00:00,0.92134776
2025-01-10 14:00:00+00:00,0.93035647
2025-01-10 15:00:00+00:00,0.92888073
2025-01-10 16:00:00+00:00,0.91872268
2025-01-10 17:00:00+00:00,0.95561646
2025-01-10 18:00:00+00:00,0.93860905
2025-01-10 19:00:00+00:00,0.94240007
2025-01-10 20:00:00+00:00,0.93273937
2025-01-10 21:00:00+00:00,0.92886157
2025-01-10 22:00:00+00:00,0.93272596
2025-01-10 23:00:00+00:00,0.93040273
2025-01-11 00:00:00+00:00,0.92870031
2025-01-11 01:00:00+00:00,0.9226608
2025-01-11 02:00:00+00:00,0.92279195
2025-01-11 03:00:00+00:00,0.91855432
2025-01-11 04:00:00+00:00,0.91995628
2025-01-11 05:00:00+00:00,0.92412845
2025-01-11 06:00:00+00:00,0.92066657
2025-01-11 07:00:00+00:00,0.92005695
2025-01-11 08:00:00+00:00,0.91686898
2025-01-11 09:00:00+00:00,0.9227942
2025-01-11 10:00:00+00:00,0.93861069
2025-01-11 11:00:00+00:00,0.94401737
2025-01-11 12:00:00+00:00,0.93952028
2025-01-11 13:00:00+00:00,0.93248285
2025-01-11 14:00:00+00:00,0.94250056
2025-01-11 15:00:00+00:00,0.93708308
2025-01-11 16:00:00+00:00,0.94938311
2025-01-11 17:00:00+00:00,0.94592262
2025-01-11 18:00:00+00:00,0.95442256
2025-01-11 19:00:00+00:00,0.95562936
2025-01-11 20:00:00+00:00,0.98795466
2025-01-11 21:00:00+00:00,1.00857651
2025-01-11 22:00:00+00:00,1.00471662
2025-01-11 23:00:00+00:00,0.99517935
2025-01-12 00:00:00+00:00,1.01575847
2025-01-12 01:00:00+00:00,1.0362989
2025-01-12 02:00:00+00:00,1.02185129
2025-01-12 03:00:00+00:00,1.02606747
2025-01-12 04:00:00+00:00,1.01939221
2025-01-12 05:00:00+00:00,1.00970744
2025-01-12 06:00:00+00:00,1.00254262
2025-01-12 07:00:00+00:00,1.00295156
2025-01-12 08:00:00+00:00,0.99680688
2025-01-12 09:00:00+00:00,0.98967083
2025-01-12 10:00:00+00:00,0.98189072
2025-01-12 11:00:00+00:00,0.98869242
2025-01-12 12:00:00+00:00,0.99056479
2025-01-12 13:00:00+00:00,1.00019582
2025-01-12 14:00:00+00:00,0.99183196
2025-01-12 15:00:00+00:00,0.99331404
2025-01-12 16:00:00+00:00,0.99236685
2025-01-12 17:00:00+00:00,0.99038972
2025-01-12 18:00:00+00:00,0.98712939
2025-01-12 19:00:00+00:00,0.98581031
2025-01-12 20:00:00+00:00,0.98170894
2025-01-12 21:00:00+00:00,0.97487759
2025-01-12 22:00:00+00:00,0.96331415
2025-01-12 23:00:00+00:00,0.96766706
2025-01-13 00:00:00+00:00,0.98098293
2025-01-13 01:00:00+00:00,0.9658284
2025-01-13 02:00:00+00:00,0.95462023
2025-01-13 03:00:00+00:00,0.94830521
2025-01-13 04:00:00+00:00,0.95570518
2025-01-13 05:00:00+00:00,0.94420172
2025-01-13 06:00:00+00:00,0.93333856
2025-01-13 07:00:00+00:00,0.93614764
2025-01-13 08:00:00+00:00,0.92638841
2025-01-13 09:00:00+00:00,0.92560774
2025-01-13 10:00:00+00:00,0.916433
2025-01-13 11:00:00+00:00,0.89339207
2025-01-13 12:00:00+00:00,0.89874966
2025-01-13 13:00:00+00:00,0.90657325
2025-01-13 14:00:00+00:00,0.91907327
2025-01-13 15:00:00+00:00,0.92598489
2025-01-13 16:00:00+00:00,0.91303743
2025-01-13 17:00:00+00:00,0.91294837
2025-01-13 18:00:00+00:00,0.90827806
2025-01-13 19:00:00+00:00,0.9120253
2025-01-13 20:00:00+00:00,0.93528317
2025-01-13 21:00:00+00:00,0.94371439
2025-01-13 22:00:00+00:00,0.95203018
2025-01-13 23:00:00+00:00,0.944296
2025-01-14 00:00:00+00:00,0.94328294
2025-01-14 01:00:00+00:00,0.94542583
2025-01-14 02:00:00+00:00,0.9497435
2025-01-14 03:00:00+00:00,0.94991183
2025-01-14 04:00:00+00:00,0.9572918
2025-01-14 05:00:00+00:00,0.94735334
2025-01-14 06:00:00+00:00,0.95949955
2025-01-14 07:00:00+00:00,0.95558707
2025-01-14 08:00:00+00:00,0.96474021
2025-01-14 09:00:00+00:00,0.98383915
2025-01-14 10:00:00+00:00,0.97122535
2025-01-14 11:00:00+00:00,0.96572628
2025-01-14 12:00:00+00:00,0.95959136
2025-01-14 13:00:00+00:00,0.97207864
2025-01-14 14:00:00+00:00,0.97714074
2025-01-14 15:00:00+00:00,0.98215286
2025-01-14 16:00:00+00:00,0.97596157
2025-01-14 17:00:00+00:00,0.99141927
2025-01-14 18:00:00+00:00,1.00281873
2025-01-14 19:00:00+00:00,0.99623741
2025-01-14 20:00:00+00:00,0.99630558
2025-01-14 21:00:00+00:00,0.99419062
2025-01-14 22:00:00+00:00,0.99702698
2025-01-14 23:00:00+00:00,0.99696926
2025-01-15 00:00:00+00:00,0.99628023
2025-01-15 01:00:00+00:00,1.01696523
2025-01-15 02:00:00+00:00,1.02674159
2025-01-15 03:00:00+00:00,1.02253534
2025-01-15 04:00:00+00:00,1.01860853
2025-01-15 05:00:00+00:00,1.02124385
2025-01-15 06:00:00+00:00,1.02799504
2025-01-15 07:00:00+00:00,1.05003006
2025-01-15 08:00:00+00:00,1.04404381
2025-01-15 09:00:00+00:00,1.01435335
2025-01-15 10:00:00+00:00,1.01369797
2025-01-15 11:00:00+00:00,1.00239734
2025-01-15 12:00:00+00:00,0.99977013
2025-01-15 13:00:00+00:00,1.05013989
2025-01-15 14:00:00+00:00,1.05114094
2025-01-15 15:00:00+00:00,1.06408964
2025-01-15 16:00:00+00:00,1.05393647
2025-01-15 17:00:00+00:00,1.05157638
2025-01-15 18:00:00+00:00,1.06576993
2025-01-15 19:00:00+00:00,1.06292346
2025-01-15 20:00:00+00:00,1.05595293
2025-01-15 21:00:00+00:00,1.05778769
2025-01-15 22:00:00+00:00,1.06755299
2025-01-15 23:00:00+00:00,1.07554479
2025-01-16 00:00:00+00:00,1.04630127
2025-01-16 01:00:00+00:00,1.05716569
2025-01-16 02:00:00+00:00,1.05141625
2025-01-16 03:00:00+00:00,1.051249
2025-01-16 04:00:00+00:00,1.05918713
2025-01-16 05:00:00+00:00,1.0519751
2025-01-16 06:00:00+00:00,1.05927102
2025-01-16 07:00:00+00:00,1.05671454
2025-01-16 08:00:00+00:00,1.03466867
2025-01-16 09:00:00+00:00,1.0445935
2025-01-16 10:00:00+00:00,1.04472196
2025-01-16 11:00:00+00:00,1.06695158
2025-01-16 12:00:00+00:00,1.10657223
2025-01-16 13:00:00+00:00,1.0890344
2025-01-16 14:00:00+00:00,1.06696554
2025-01-16 15:00:00+00:00,1.10249768
2025-01-16 16:00:00+00:00,1.12391601
2025-01-16 17:00:00+00:00,1.12815629
2025-01-16 18:00:00+00:00,1.12403145
2025-01-16 19:00:00+00:00,1.13631725
2025-01-16 20:00:00+00:00,1.1246746
2025-01-16 21:00:00+00:00,1.12137301
2025-01-16 22:00:00+00:00,1.09198605
2025-01-16 23:00:00+00:00,1.0889172
2025-01-17 00:00:00+00:00,1.10025647
2025-01-17 01:00:00+00:00,1.10703219
2025-01-17 02:00:00+00:00,1.11109245
2025-01-17 03:00:00+00:00,1.11733199
2025-01-17 04:00:00+00:00,1.12782724
2025-01-17 05:00:00+00:00,1.13058646
2025-01-17 06:00:00+00:00,1.12774283
2025-01-17 07:00:00+00:00,1.11522462
2025-01-17 08:00:00+00:00,1.12355091
2025-01-17 09:00:00+00:00,1.11470948
2025-01-17 10:00:00+00:00,1.12407814
2025-01-17 11:00:00+00:00,1.12468352
2025-01-17 12:00:00+00:00,1.11111089
2025-01-17 13:00:00+00:00,1.10579954
2025-01-17 14:00:00+00:00,1.11752009
2025-01-17 15:00:00+00:00,1.11038789
2025-01-17 16:00:00+00:00,1.13101762
2025-01-17 17:00:00+00:00,1.11380958
2025-01-17 18:00:00+00:00,1.118666
2025-01-17 19:00:00+00:00,1.13813195
2025-01-17 20:00:00+00:00,1.15679335
2025-01-17 21:00:00+00:00,1.14775925
2025-01-17 22:00:00+00:00,1.13676313
2025-01-17 23:00:00+00:00,1.13292693
2025-01-18 00:00:00+00:00,1.13789667
2025-01-18 01:00:00+00:00,1.12600486
2025-01-18 02:00:00+00:00,1.12250186
2025-01-18 03:00:00+00:00,1.10563034
2025-01-18 04:00:00+00:00,1.09581625
2025-01-18 05:00:00+00:00,1.06024377
2025-01-18 06:00:00+00:00,1.07720804
2025-01-18 07:00:00+00:00,1.06482579
2025-01-18 08:00:00+00:00,1.07249668
2025-01-18 09:00:00+00:00,1.07012538
2025-01-18 10:00:00+00:00,1.05922398
2025-01-18 11:00:00+00:00,1.0712261
2025-01-18 12:00:00+00:00,1.06599617
2025-01-18 13:00:00+00:00,1.09468945
2025-01-18 14:00:00+00:00,1.07192991
2025-01-18 15:00:00+00:00,1.0713344
2025-01-18 16:00:00+00:00,1.05482503
2025-01-18 17:00:00+00:00,1.05558955
2025-01-18 18:00:00+00:00,1.05805948
2025-01-18 19:00:00+00:00,1.07278383
2025-01-18 20:00:00+00:00,1.06220746
2025-01-18 21:00:00+00:00,1.06648204
2025-01-18 22:00:00+00:00,1.07386155
2025-01-18 23:00:00+00:00,1.10450099
2025-01-19 00:00:00+00:00,1.12119101
2025-01-19 01:00:00+00:00,1.13703619
2025-01-19 02:00:00+00:00,1.11607876
2025-01-19 03:00:00+00:00,1.08860789
2025-01-19 04:00:00+00:00,1.07395588
2025-01-19 05:00:00+00:00,1.07925192
2025-01-19 06:00:00+00:00,1.06750187
2025-01-19 07:00:00+00:00,1.06706713
2025-01-19 08:00:00+00:00,1.03972515
2025-01-19 09:00:00+00:00,1.04430525
2025-01-19 10:00:00+00:00,1.04027093
2025-01-19 11:00:00+00:00,1.02030951
2025-01-19 12:00:00+00:00,1.04547054
2025-01-19 13:00:00+00:00,1.05885463
2025-01-19 14:00:00+00:00,1.08378202
2025-01-19 15:00:00+00:00,1.07393267
2025-01-19 16:00:00+00:00,1.07141946
2025-01-19 17:00:00+00:00,1.08640536
2025-01-19 18:00:00+00:00,1.08644776
2025-01-19 19:00:00+00:00,1.08061833
2025-01-19 20:00:00+00:00,1.0662873
2025-01-19 21:00:00+00:00,1.01742799
2025-01-19 22:00:00+00:00,1.01530956
2025-01-19 23:00:00+00:00,0.99263529
2025-01-20 00:00:00+00:00,0.96227645
2025-01-20 01:00:00+00:00,0.98187039
2025-01-20 02:00:00+00:00,0.99569437
2025-01-20 03:00:00+00:00,1.0072014
2025-01-20 04:00:00+00:00,1.0046338
2025-01-20 05:00:00+00:00,1.00925719
2025-01-20 06:00:00+00:00,1.06074827
2025-01-20 07:00:00+00:00,1.07718906
2025-01-20 08:00:00+00:00,1.09641094
2025-01-20 09:00:00+00:00,1.06797109
2025-01-20 10:00:00+00:00,1.077504
2025-01-20 11:00:00+00:00,1.08238237
2025-01-20 12:00:00+00:00,1.05266673
2025-01-20 13:00:00+00:00,1.06539624
2025-01-20 14:00:00+00:00,1.0725271
2025-01-20 15:00:00+00:00,1.04721638
2025-01-20 16:00:00+00:00,1.05943517
2025-01-20 17:00:00+00:00,1.00787318
2025-01-20 18:00:00+00:00,1.03896362
2025-01-20 19:00:00+00:00,1.03360113
2025-01-20 20:00:00+00:00,1.02727255
2025-01-20 21:00:00+00:00,1.00753128
2025-01-20 22:00:00+00:00,1.02133867
2025-01-20 23:00:00+00:00,1.00931943
2025-01-21 00:00:00+00:00,0.99261124
2025-01-21 01:00:00+00:00,0.99348719
2025-01-21 02:00:00+00:00,0.99619898
2025-01-21 03:00:00+00:00,0.99479976
2025-01-21 04:00:00+00:00,0.99456053
2025-01-21 05:00:00+00:00,0.97439548
2025-01-21 06:00:00+00:00,0.97550301
2025-01-21 07:00:00+00:00,0.97657537
2025-01-21 08:00:00+00:00,0.95858793
2025-01-21 09:00:00+00:00,0.97059146
2025-01-21 10:00:00+00:00,0.99048217
2025-01-21 11:00:00+00:00,1.00011456
2025-01-21 12:00:00+00:00,0.99989503
2025-01-21 13:00:00+00:00,0.99484058
2025-01-21 14:00:00+00:00,0.98489564
2025-01-21 15:00:00+00:00,0.99377218
2025-01-21 16:00:00+00:00,0.99983046
2025-01-21 17:00:00+00:00,1.01780269
2025-01-21 18:00:00+00:00,1.02533724
2025-01-21 19:00:00+00:00,1.01476121
2025-01-21 20:00:00+00:00,1.00889945
2025-01-21 21:00:00+00:00,1.00847134
2025-01-21 22:00:00+00:00,1.0068472
2025-01-21 23:00:00+00:00,1.00587047
2025-01-22 00:00:00+00:00,1.01790286
2025-01-22 01:00:00+00:00,1.00291637
2025-01-22 02:00:00+00:00,1.00643501
2025-01-22 03:00:00+00:00,1.00278633
2025-01-22 04:00:00+00:00,0.99993864
2025-01-22 05:00:00+00:00,0.99760178
2025-01-22 06:00:00+00:00,0.99995227
2025-01-22 07:00:00+00:00,0.99030662
2025-01-22 08:00:00+00:00,0.9934448
2025-01-22 09:00:00+00:00,0.99563624
2025-01-22 10:00:00+00:00,1.00395884
2025-01-22 11:00:00+00:00,1.01440587
2025-01-22 12:00:00+00:00,1.00886993
2025-01-22 13:00:00+00:00,0.99297748
2025-01-22 14:00:00+00:00,0.99226113
2025-01-22 15:00:00+00:00,0.99077942
2025-01-22 16:00:00+00:00,0.99663824
2025-01-22 17:00:00+00:00,1.00052356
2025-01-22 18:00:00+00:00,0.98105081
2025-01-22 19:00:00+00:00,0.99582397
2025-01-22 20:00:00+00:00,0.99526173
2025-01-22 21:00:00+00:00,0.98957837
2025-01-22 22:00:00+00:00,0.98149435
2025-01-22 23:00:00+00:00,0.98256224
2025-01-23 00:00:00+00:00,0.98005469
2025-01-23 01:00:00+00:00,0.96965131
2025-01-23 02:00:00+00:00,0.97112345
2025-01-23 03:00:00+00:00,0.97410401
2025-01-23 04:00:00+00:00,0.96393954
2025-01-23 05:00:00+00:00,0.97020357
2025-01-23 06:00:00+00:00,0.9673283
2025-01-23 07:00:00+00:00,0.97172916
2025-01-23 08:00:00+00:00,0.96263427
2025-01-23 09:00:00+00:00,0.95766153
2025-01-23 10:00:00+00:00,0.95649541
2025-01-23 11:00:00+00:00,0.96647621
2025-01-23 12:00:00+00:00,0.9574295
2025-01-23 13:00:00+00:00,0.97340154
2025-01-23 14:00:00+00:00,0.99337198
2025-01-23 15:00:00+00:00,0.99448847
2025-01-23 16:00:00+00:00,0.99146161
2025-01-23 17:00:00+00:00,0.99061773
2025-01-23 18:00:00+00:00,0.97685101
2025-01-23 19:00:00+00:00,0.9693463
2025-01-23 20:00:00+00:00,0.98113283
2025-01-23 21:00:00+00:00,0.96891402
2025-01-23 22:00:00+00:00,0.98868078
2025-01-23 23:00:00+00:00,0.98650347
2025-01-24 00:00:00+00:00,0.96947148
2025-01-24 01:00:00+00:00,0.96881078
2025-01-24 02:00:00+00:00,0.96738595
2025-01-24 03:00:00+00:00,0.98343548
2025-01-24 04:00:00+00:00,0.99661908
2025-01-24 05:00:00+00:00,1.00722945
2025-01-24 06:00:00+00:00,0.99886309
2025-01-24 07:00:00+00:00,0.99773329
2025-01-24 08:00:00+00:00,1.0012671
2025-01-24 09:00:00+00:00,1.0013529
2025-01-24 10:00:00+00:00,1.00312138
2025-01-24 11:00:00+00:00,0.99984089
2025-01-24 12:00:00+00:00,1.00378584
2025-01-24 13:00:00+00:00,1.00027156
2025-01-24 14:00:00+00:00,1.00185423
2025-01-24 15:00:00+00:00,0.99502669
2025-01-24 16:00:00+00:00,0.98644556
2025-01-24 17:00:00+00:00,0.9942331
2025-01-24 18:00:00+00:00,0.99340637
2025-01-24 19:00:00+00:00,0.98770115
2025-01-24 20:00:00+00:00,0.97235766
2025-01-24 21:00:00+00:00,0.97522694
2025-01-24 22:00:00+00:00,0.96991098
2025-01-24 23:00:00+00:00,0.97127178
2025-01-25 00:00:00+00:00,0.96510347
2025-01-25 01:00:00+00:00,0.9759495
2025-01-25 02:00:00+00:00,0.97727578
2025-01-25 03:00:00+00:00,0.98804356
2025-01-25 04:00:00+00:00,0.98150213
2025-01-25 05:00:00+00:00,0.9785019
2025-01-25 06:00:00+00:00,0.97289016
2025-01-25 07:00:00+00:00,0.97629704
2025-01-25 08:00:00+00:00,0.97548803
2025-01-25 09:00:00+00:00,0.97339312
2025-01-25 10:00:00+00:00,0.97602403
2025-01-25 11:00:00+00:00,0.9797697
2025-01-25 12:00:00+00:00,0.97921192
2025-01-25 13:00:00+00:00,0.97760076
2025-01-25 14:00:00+00:00,0.98064846
2025-01-25 15:00:00+00:00,0.9872631
2025-01-25 16:00:00+00:00,0.98534169
2025-01-25 17:00:00+00:00,0.9831126
2025-01-25 18:00:00+00:00,0.98371654
2025-01-25 19:00:00+00:00,0.98446875
2025-01-25 20:00:00+00:00,0.98166142
2025-01-25 21:00:00+00:00,0.98184861
2025-01-25 22:00:00+00:00,0.98219821
2025-01-25 23:00:00+00:00,0.97652528
2025-01-26 00:00:00+00:00,0.97877465
2025-01-26 01:00:00+00:00,0.97745071
2025-01-26 02:00:00+00:00,0.9775233
2025-01-26 03:00:00+00:00,0.98356655
2025-01-26 04:00:00+00:00,0.98414708
2025-01-26 05:00:00+00:00,0.98723031
2025-01-26 06:00:00+00:00,0.98691564
2025-01-26 07:00:00+00:00,0.99250604
2025-01-26 08:00:00+00:00,0.99313988
2025-01-26 09:00:00+00:00,0.98265346
2025-01-26 10:00:00+00:00,0.98704243
2025-01-26 11:00:00+00:00,0.98660631
2025-01-26 12:00:00+00:00,0.99055982
2025-01-26 13:00:00+00:00,0.99018508
2025-01-26 14:00:00+00:00,0.99159363
2025-01-26 15:00:00+00:00,0.99246928
2025-01-26 16:00:00+00:00,0.99325814
2025-01-26 17:00:00+00:00,0.99404836
2025-01-26 18:00:00+00:00,0.99524703
2025-01-26 19:00:00+00:00,0.99908621
2025-01-26 20:00:00+00:00,0.98941588
2025-01-26 21:00:00+00:00,0.98177754
2025-01-26 22:00:00+00:00,0.97205766
2025-01-26 23:00:00+00:00,0.95315653
2025-01-27 00:00:00+00:00,0.93929896
2025-01-27 01:00:00+00:00,0.92722994
2025-01-27 02:00:00+00:00,0.91774962
2025-01-27 03:00:00+00:00,0.92872895
2025-01-27 04:00:00+00:00,0.91130594
2025-01-27 05:00:00+00:00,0.90809517
2025-01-27 06:00:00+00:00,0.89341434
2025-01-27 07:00:00+00:00,0.8874345
2025-01-27 08:00:00+00:00,0.88066348
2025-01-27 09:00:00+00:00,0.88976295
2025-01-27 10:00:00+00:00,0.87236068
2025-01-27 11:00:00+00:00,0.88101395
2025-01-27 12:00:00+00:00,0.90885335
2025-01-27 13:00:00+00:00,0.9069324
2025-01-27 14:00:00+00:00,0.92430003
2025-01-27 15:00:00+00:00,0.91847892
2025-01-27 16:00:00+00:00,0.90803095
2025-01-27 17:00:00+00:00,0.90303462
2025-01-27 18:00:00+00:00,0.89774477
2025-01-27 19:00:00+00:00,0.90490456
2025-01-27 20:00:00+00:00,0.93259756
2025-01-27 21:00:00+00:00,0.92916358
2025-01-27 22:00:00+00:00,0.93009433
2025-01-27 23:00:00+00:00,0.93448334
2025-01-28 00:00:00+00:00,0.92981114
2025-01-28 01:00:00+00:00,0.92792174
2025-01-28 02:00:00+00:00,0.93764258
2025-01-28 03:00:00+00:00,0.94192044
2025-01-28 04:00:00+00:00,0.95033857
2025-01-28 05:00:00+00:00,0.95840998
2025-01-28 06:00:00+00:00,0.95176348
2025-01-28 07:00:00+00:00,0.95741735
2025-01-28 08:00:00+00:00,0.9550755
2025-01-28 09:00:00+00:00,0.95213016
2025-01-28 10:00:00+00:00,0.96126264
2025-01-28 11:00:00+00:00,0.96098931
2025-01-28 12:00:00+00:00,0.95798991
2025-01-28 13:00:00+00:00,0.95718425
2025-01-28 14:00:00+00:00,0.95326689
2025-01-28 15:00:00+00:00,0.9589517
2025-01-28 16:00:00+00:00,0.94399242
2025-01-28 17:00:00+00:00,0.9440741
2025-01-28 18:00:00+00:00,0.93250903
2025-01-28 19:00:00+00:00,0.93469122
2025-01-28 20:00:00+00:00,0.91855524
2025-01-28 21:00:00+00:00,0.90520342
2025-01-28 22:00:00+00:00,0.91773682
2025-01-28 23:00:00+00:00,0.91676182
2025-01-29 00:00:00+00:00,0.92421004
2025-01-29 01:00:00+00:00,0.9238396
2025-01-29 02:00:00+00:00,0.92405576
2025-01-29 03:00:00+00:00,0.93986671
2025-01-29 04:00:00+00:00,0.94249645
2025-01-29 05:00:00+00:00,0.9436762
2025-01-29 06:00:00+00:00,0.94504757
2025-01-29 07:00:00+00:00,0.94374149
2025-01-29 08:00:00+00:00,0.93839086
2025-01-29 09:00:00+00:00,0.92881908
2025-01-29 10:00:00+00:00,0.93375214
2025-01-29 11:00:00+00:00,0.9328293
2025-01-29 12:00:00+00:00,0.92413576
2025-01-29 13:00:00+00:00,0.91945936
2025-01-29 14:00:00+00:00,0.91688131
2025-01-29 15:00:00+00:00,0.9224301
2025-01-29 16:00:00+00:00,0.92147398
2025-01-29 17:00:00+00:00,0.92385966
2025-01-29 18:00:00+00:00,0.93229688
2025-01-29 19:00:00+00:00,0.93515751
2025-01-29 20:00:00+00:00,0.95110333
2025-01-29 21:00:00+00:00,0.95390465
2025-01-29 22:00:00+00:00,0.94533314
2025-01-29 23:00:00+00:00,0.93997965
2025-01-30 00:00:00+00:00,0.94991669
2025-01-30 01:00:00+00:00,0.95712509
2025-01-30 02:00:00+00:00,0.96303007
2025-01-30 03:00:00+00:00,0.96758705
2025-01-30 04:00:00+00:00,0.96717716
2025-01-30 05:00:00+00:00,0.95998809
2025-01-30 06:00:00+00:00,0.96066484
2025-01-30 07:00:00+00:00,0.96177112
2025-01-30 08:00:00+00:00,0.95814193
2025-01-30 09:00:00+00:00,0.96348769
2025-01-30 10:00:00+00:00,0.96208069
2025-01-30 11:00:00+00:00,0.96370938
2025-01-30 12:00:00+00:00,0.95541509
2025-01-30 13:00:00+00:00,0.96071817
2025-01-30 14:00:00+00:00,0.97790062
2025-01-30 15:00:00+00:00,0.97590739
2025-01-30 16:00:00+00:00,0.97115339
2025-01-30 17:00:00+00:00,0.96883891
2025-01-30 18:00:00+00:00,0.96909028
2025-01-30 19:00:00+00:00,0.96822645
2025-01-30 20:00:00+00:00,0.96162787
2025-01-30 21:00:00+00:00,0.96313671
2025-01-30 22:00:00+00:00,0.96602267
2025-01-30 23:00:00+00:00,0.95952669
2025-01-31 00:00:00+00:00,0.95582654
2025-01-31 01:00:00+00:00,0.95210434
2025-01-31 02:00:00+00:00,0.94428302
2025-01-31 03:00:00+00:00,0.94345061
2025-01-31 04:00:00+00:00,0.93695611
2025-01-31 05:00:00+00:00,0.9465952
2025-01-31 06:00:00+00:00,0.95579673
2025-01-31 07:00:00+00:00,0.95138648
2025-01-31 08:00:00+00:00,0.94722859
2025-01-31 09:00:00+00:00,0.95648651
2025-01-31 10:00:00+00:00,0.95456351
2025-01-31 11:00:00+00:00,0.97428098
2025-01-31 12:00:00+00:00,0.97583785
2025-01-31 13:00:00+00:00,0.97044349
2025-01-31 14:00:00+00:00,0.96836401
2025-01-31 15:00:00+00:00,0.97929311
2025-01-31 16:00:00+00:00,0.97287098
2025-01-31 17:00:00+00:00,0.96401141
2025-01-31 18:00:00+00:00,0.94897665
2025-01-31 19:00:00+00:00,0.9462644
2025-01-31 20:00:00+00:00,0.94330073
2025-01-31 21:00:00+00:00,0.94781061
2025-01-31 22:00:00+00:00,0.94352441
2025-01-31 23:00:00+00:00,0.94270361
2025-02-01 00:00:00+00:00,0.94873129
2025-02-01 01:00:00+00:00,0.9501961
2025-02-01 02:00:00+00:00,0.95623949
2025-02-01 03:00:00+00:00,0.94533142
2025-02-01 04:00:00+00:00,0.94576114
2025-02-01 05:00:00+00:00,0.95263853
2025-02-01 06:00:00+00:00,0.94560332
2025-02-01 07:00:00+00:00,0.93738863
2025-02-01 08:00:00+00:00,0.93480109
2025-02-01 09:00:00+00:00,0.92327793
2025-02-01 10:00:00+00:00,0.92376049
2025-02-01 11:00:00+00:00,0.93281106
2025-02-01 12:00:00+00:00,0.9340842
2025-02-01 13:00:00+00:00,0.9241876
2025-02-01 14:00:00+00:00,0.92324176
2025-02-01 15:00:00+00:00,0.92695991
2025-02-01 16:00:00+00:00,0.92322384
2025-02-01 17:00:00+00:00,0.93047536
2025-02-01 18:00:00+00:00,0.92081243
2025-02-01 19:00:00+00:00,0.91425411
2025-02-01 20:00:00+00:00,0.91213304
2025-02-01 21:00:00+00:00,0.90845294
2025-02-01 22:00:00+00:00,0.90311433
2025-02-01 23:00:00+00:00,0.8947708
2025-02-02 00:00:00+00:00,0.90781701
2025-02-02 01:00:00+00:00,0.90683156
2025-02-02 02:00:00+00:00,0.88702032
2025-02-02 03:00:00+00:00,0.86823489
2025-02-02 04:00:00+00:00,0.87534436
2025-02-02 05:00:00+00:00,0.88960925
2025-02-02 06:00:00+00:00,0.89071006
2025-02-02 07:00:00+00:00,0.87990471
2025-02-02 08:00:00+00:00,0.89169036
2025-02-02 09:00:00+00:00,0.89523239
2025-02-02 10:00:00+00:00,0.88652337
2025-02-02 11:00:00+00:00,0.86919333
2025-02-02 12:00:00+00:00,0.85844532
2025-02-02 13:00:00+00:00,0.8765155
2025-02-02 14:00:00+00:00,0.87325479
2025-02-02 15:00:00+00:00,0.87026321
2025-02-02 16:00:00+00:00,0.83446862
2025-02-02 17:00:00+00:00,0.80178735
2025-02-02 18:00:00+00:00,0.79665645
2025-02-02 19:00:00+00:00,0.81598282
2025-02-02 20:00:00+00:00,0.81081607
2025-02-02 21:00:00+00:00,0.79265064
2025-02-02 22:00:00+00:00,0.79380747
2025-02-02 23:00:00+00:00,0.80442337
2025-02-03 00:00:00+00:00,0.76531914
2025-02-03 01:00:00+00:00,0.62616704
2025-02-03 02:00:00+00:00,0.62398972
2025-02-03 03:00:00+00:00,0.65926132
2025-02-03 04:00:00+00:00,0.63051618
2025-02-03 05:00:00+00:00,0.68257681
2025-02-03 06:00:00+00:00,0.68638798
2025-02-03 07:00:00+00:00,0.71847018
2025-02-03 08:00:00+00:00,0.69752914
2025-02-03 09:00:00+00:00,0.69106572
2025-02-03 10:00:00+00:00,0.71599275
2025-02-03 11:00:00+00:00,0.71237511
2025-02-03 12:00:00+00:00,0.70750487
2025-02-03 13:00:00+00:00,0.69697183
2025-02-03 14:00:00+00:00,0.72313904
2025-02-03 15:00:00+00:00,0.76546408
2025-02-03 16:00:00+00:00,0.76376303
2025-02-03 17:00:00+00:00,0.77818434
2025-02-03 18:00:00+00:00,0.78495041
2025-02-03 19:00:00+00:00,0.80134272
2025-02-03 20:00:00+00:00,0.78196993
2025-02-03 21:00:00+00:00,0.80259906
2025-02-03 22:00:00+00:00,0.81772998
2025-02-03 23:00:00+00:00,0.81202243
2025-02-04 00:00:00+00:00,0.80356394
2025-02-04 01:00:00+00:00,0.81469944
2025-02-04 02:00:00+00:00,0.79421043
2025-02-04 03:00:00+00:00,0.79211618
2025-02-04 04:00:00+00:00,0.77933418
2025-02-04 05:00:00+00:00,0.74557709
2025-02-04 06:00:00+00:00,0.75274482
2025-02-04 07:00:00+00:00,0.71673859
2025-02-04 08:00:00+00:00,0.7265001
2025-02-04 09:00:00+00:00,0.73503665
2025-02-04 10:00:00+00:00,0.74682462
2025-02-04 11:00:00+00:00,0.74658653
2025-02-04 12:00:00+00:00,0.76037749
2025-02-04 13:00:00+00:00,0.75316058
2025-02-04 14:00:00+00:00,0.77105045
2025-02-04 15:00:00+00:00,0.75817033
2025-02-04 16:00:00+00:00,0.75849363
2025-02-04 17:00:00+00:00,0.75621191
2025-02-04 18:00:00+00:00,0.7636026
2025-02-04 19:00:00+00:00,0.75260722
2025-02-04 20:00:00+00:00,0.7466246
2025-02-04 21:00:00+00:00,0.72495008
2025-02-04 22:00:00+00:00,0.73991978
2025-02-04 23:00:00+00:00,0.74393207
2025-02-05 00:00:00+00:00,0.7427438
2025-02-05 01:00:00+00:00,0.74484411
2025-02-05 02:00:00+00:00,0.75468616
2025-02-05 03:00:00+00:00,0.75338326
2025-02-05 04:00:00+00:00,0.74921668
2025-02-05 05:00:00+00:00,0.75612608
2025-02-05 06:00:00+00:00,0.74574536
2025-02-05 07:00:00+00:00,0.75132434
2025-02-05 08:00:00+00:00,0.75179278
2025-02-05 09:00:00+00:00,0.74923069
2025-02-05 10:00:00+00:00,0.75384301
2025-02-05 11:00:00+00:00,0.76850431
2025-02-05 12:00:00+00:00,0.76229124
2025-02-05 13:00:00+00:00,0.77074867
2025-02-05 14:00:00+00:00,0.76316974
2025-02-05 15:00:00+00:00,0.76282162
2025-02-05 16:00:00+00:00,0.7526699
2025-02-05 17:00:00+00:00,0.73636359
2025-02-05 18:00:00+00:00,0.73326258
2025-02-05 19:00:00+00:00,0.74846556
2025-02-05 20:00:00+00:00,0.74133894
2025-02-05 21:00:00+00:00,0.73798634
2025-02-05 22:00:00+00:00,0.72963848
2025-02-05 23:00:00+00:00,0.73245627
2025-02-06 00:00:00+00:00,0.73524745
2025-02-06 01:00:00+00:00,0.74298072
2025-02-06 02:00:00+00:00,0.74781879
2025-02-06 03:00:00+00:00,0.74966845
2025-02-06 04:00:00+00:00,0.756351
2025-02-06 05:00:00+00:00,0.75368297
2025-02-06 06:00:00+00:00,0.76513958
2025-02-06 07:00:00+00:00,0.75969954
2025-02-06 08:00:00+00:00,0.75436728
2025-02-06 09:00:00+00:00,0.76168546
2025-02-06 10:00:00+00:00,0.7615505
2025-02-06 11:00:00+00:00,0.75553972
2025-02-06 12:00:00+00:00,0.74080281
2025-02-06 13:00:00+00:00,0.74803376
2025-02-06 14:00:00+00:00,0.73114925
2025-02-06 15:00:00+00:00,0.7106846
2025-02-06 16:00:00+00:00,0.7069455
2025-02-06 17:00:00+00:00,0.71256526
2025-02-06 18:00:00+00:00,0.70566302
2025-02-06 19:00:00+00:00,0.70216197
2025-02-06 20:00:00+00:00,0.71940261
2025-02-06 21:00:00+00:00,0.71330296
2025-02-06 22:00:00+00:00,0.71217096
2025-02-06 23:00:00+00:00,0.70518569
2025-02-07 00:00:00+00:00,0.71312223
2025-02-07 01:00:00+00:00,0.72694763
2025-02-07 02:00:00+00:00,0.72635989
2025-02-07 03:00:00+00:00,0.72299976
2025-02-07 04:00:00+00:00,0.72258673
2025-02-07 05:00:00+00:00,0.71743789
2025-02-07 06:00:00+00:00,0.71048535
2025-02-07 07:00:00+00:00,0.71382671
2025-02-07 08:00:00+00:00,0.71985304
2025-02-07 09:00:00+00:00,0.73002681
2025-02-07 10:00:00+00:00,0.7298909
2025-02-07 11:00:00+00:00,0.73317858
2025-02-07 12:00:00+00:00,0.73051911
2025-02-07 13:00:00+00:00,0.74404027
2025-02-07 14:00:00+00:00,0.74707824
2025-02-07 15:00:00+00:00,0.73116155
2025-02-07 16:00:00+00:00,0.72551486
2025-02-07 17:00:00+00:00,0.71906557
2025-02-07 18:00:00+00:00,0.72487773
2025-02-07 19:00:00+00:00,0.71482063
2025-02-07 20:00:00+00:00,0.69653355
2025-02-07 21:00:00+00:00,0.69888714
2025-02-07 22:00:00+00:00,0.69700068
2025-02-07 23:00:00+00:00,0.70719533
2025-02-08 00:00:00+00:00,0.71271662
2025-02-08 01:00:00+00:00,0.70334353
2025-02-08 02:00:00+00:00,0.70298655
2025-02-08 03:00:00+00:00,0.7010869
2025-02-08 04:00:00+00:00,0.69559314
2025-02-08 05:00:00+00:00,0.69345173
2025-02-08 06:00:00+00:00,0.69428236
2025-02-08 07:00:00+00:00,0.69920839
2025-02-08 08:00:00+00:00,0.69065639
2025-02-08 09:00:00+00:00,0.69308153
2025-02-08 10:00:00+00:00,0.6895158
2025-02-08 11:00:00+00:00,0.69104986
2025-02-08 12:00:00+00:00,0.68967657
2025-02-08 13:00:00+00:00,0.69492877
2025-02-08 14:00:00+00:00,0.69290585
2025-02-08 15:00:00+00:00,0.68914348
2025-02-08 16:00:00+00:00,0.69254893
2025-02-08 17:00:00+00:00,0.69910929
2025-02-08 18:00:00+00:00,0.69926823
2025-02-08 19:00:00+00:00,0.69945054
2025-02-08 20:00:00+00:00,0.70030579
2025-02-08 21:00:00+00:00,0.70088078
2025-02-08 22:00:00+00:00,0.69855699
2025-02-08 23:00:00+00:00,0.70053386
2025-02-09 00:00:00+00:00,0.69881199
2025-02-09 01:00:00+00:00,0.70463675
2025-02-09 02:00:00+00:00,0.69859657
2025-02-09 03:00:00+00:00,0.7124166
2025-02-09 04:00:00+00:00,0.70999861
2025-02-09 05:00:00+00:00,0.70454424
2025-02-09 06:00:00+00:00,0.70448591
2025-02-09 07:00:00+00:00,0.70430377
2025-02-09 08:00:00+00:00,0.70494687
2025-02-09 09:00:00+00:00,0.70036684
2025-02-09 10:00:00+00:00,0.70053973
2025-02-09 11:00:00+00:00,0.69753972
2025-02-09 12:00:00+00:00,0.69566279
2025-02-09 13:00:00+00:00,0.6804259
2025-02-09 14:00:00+00:00,0.68474392
2025-02-09 15:00:00+00:00,0.69408383
2025-02-09 16:00:00+00:00,0.69594274
2025-02-09 17:00:00+00:00,0.68821331
2025-02-09 18:00:00+00:00,0.68862692
2025-02-09 19:00:00+00:00,0.68182707
2025-02-09 20:00:00+00:00,0.68315834
2025-02-09 21:00:00+00:00,0.6565011
2025-02-09 22:00:00+00:00,0.66851061
2025-02-09 23:00:00+00:00,0.68150631
2025-02-10 00:00:00+00:00,0.69307236
2025-02-10 01:00:00+00:00,0.66873234
2025-02-10 02:00:00+00:00,0.66862528
2025-02-10 03:00:00+00:00,0.68728172
2025-02-10 04:00:00+00:00,0.68828727
2025-02-10 05:00:00+00:00,0.69288426
2025-02-10 06:00:00+00:00,0.69223541
2025-02-10 07:00:00+00:00,0.69613117
2025-02-10 08:00:00+00:00,0.70318054
2025-02-10 09:00:00+00:00,0.70087599
2025-02-10 10:00:00+00:00,0.69832843
2025-02-10 11:00:00+00:00,0.70070117
2025-02-10 12:00:00+00:00,0.69396305
2025-02-10 13:00:00+00:00,0.71345787
2025-02-10 14:00:00+00:00,0.7028806
2025-02-10 15:00:00+00:00,0.69895995
2025-02-10 16:00:00+00:00,0.70186267
2025-02-10 17:00:00+00:00,0.70370335
2025-02-10 18:00:00+00:00,0.70531228
2025-02-10 19:00:00+00:00,0.69977247
2025-02-10 20:00:00+00:00,0.70649437
2025-02-10 21:00:00+00:00,0.70192766
2025-02-10 22:00:00+00:00,0.70679053
2025-02-10 23:00:00+00:00,0.71193603
2025-02-11 00:00:00+00:00,0.74261266
2025-02-11 01:00:00+00:00,0.7460952
2025-02-11 02:00:00+00:00,0.74478262
2025-02-11 03:00:00+00:00,0.75085552
2025-02-11 04:00:00+00:00,0.79016588
2025-02-11 05:00:00+00:00,0.80499236
2025-02-11 06:00:00+00:00,0.79613949
2025-02-11 07:00:00+00:00,0.80204595
2025-02-11 08:00:00+00:00,0.80631646
2025-02-11 09:00:00+00:00,0.79787796
2025-02-11 10:00:00+00:00,0.79623656
2025-02-11 11:00:00+00:00,0.80769774
2025-02-11 12:00:00+00:00,0.80979977
2025-02-11 13:00:00+00:00,0.78614254
2025-02-11 14:00:00+00:00,0.79153256
2025-02-11 15:00:00+00:00,0.79619578
2025-02-11 16:00:00+00:00,0.78340604
2025-02-11 17:00:00+00:00,0.76787912
2025-02-11 18:00:00+00:00,0.75592444
2025-02-11 19:00:00+00:00,0.76443285
2025-02-11 20:00:00+00:00,0.77734868
2025-02-11 21:00:00+00:00,0.78751554
2025-02-11 22:00:00+00:00,0.77490113
2025-02-11 23:00:00+00:00,0.77809237
2025-02-12 00:00:00+00:00,0.78175896
2025-02-12 01:00:00+00:00,0.77524135
2025-02-12 02:00:00+00:00,0.75900874
2025-02-12 03:00:00+00:00,0.76380848
2025-02-12 04:00:00+00:00,0.75864691
2025-02-12 05:00:00+00:00,0.76681181
2025-02-12 06:00:00+00:00,0.75896831
2025-02-12 07:00:00+00:00,0.76964487
2025-02-12 08:00:00+00:00,0.77098118
2025-02-12 09:00:00+00:00,0.7889694
2025-02-12 10:00:00+00:00,0.79285917
2025-02-12 11:00:00+00:00,0.78654264
2025-02-12 12:00:00+00:00,0.78540954
2025-02-12 13:00:00+00:00,0.7696397
2025-02-12 14:00:00+00:00,0.77171872
2025-02-12 15:00:00+00:00,0.77074837
2025-02-12 16:00:00+00:00,0.78538799
2025-02-12 17:00:00+00:00,0.78839736
2025-02-12 18:00:00+00:00,0.78458891
2025-02-12 19:00:00+00:00,0.78750485
2025-02-12 20:00:00+00:00,0.79133269
2025-02-12 21:00:00+00:00,0.79179208
2025-02-12 22:00:00+00:00,0.79679421
2025-02-12 23:00:00+00:00,0.7996477
2025-02-13 00:00:00+00:00,0.79351858
2025-02-13 01:00:00+00:00,0.80094442
2025-02-13 02:00:00+00:00,0.78962398
2025-02-13 03:00:00+00:00,0.78819157
2025-02-13 04:00:00+00:00,0.77744884
2025-02-13 05:00:00+00:00,0.78221226
2025-02-13 06:00:00+00:00,0.77494348
2025-02-13 07:00:00+00:00,0.78460941
2025-02-13 08:00:00+00:00,0.77572686
2025-02-13 09:00:00+00:00,0.78260454
2025-02-13 10:00:00+00:00,0.78012827
2025-02-13 11:00:00+00:00,0.78292078
2025-02-13 12:00:00+00:00,0.77987369
2025-02-13 13:00:00+00:00,0.78228123
2025-02-13 14:00:00+00:00,0.77894955
2025-02-13 15:00:00+00:00,0.78839962
2025-02-13 16:00:00+00:00,0.77786223
2025-02-13 17:00:00+00:00,0.78393614
2025-02-13 18:00:00+00:00,0.79915597
2025-02-13 19:00:00+00:00,0.79835421
2025-02-13 20:00:00+00:00,0.80767209
2025-02-13 21:00:00+00:00,0.81512351
2025-02-13 22:00:00+00:00,0.81073791
2025-02-13 23:00:00+00:00,0.81035433
2025-02-14 00:00:00+00:00,0.80374156
2025-02-14 01:00:00+00:00,0.80056181
2025-02-14 02:00:00+00:00,0.80049382
2025-02-14 03:00:00+00:00,0.81287469
2025-02-14 04:00:00+00:00,0.80497465
2025-02-14 05:00:00+00:00,0.79828766
2025-02-14 06:00:00+00:00,0.79735265
2025-02-14 07:00:00+00:00,0.79937431
2025-02-14 08:00:00+00:00,0.81272964
2025-02-14 09:00:00+00:00,0.81997351
2025-02-14 10:00:00+00:00,0.81171056
2025-02-14 11:00:00+00:00,0.80654162
2025-02-14 12:00:00+00:00,0.80053573
2025-02-14 13:00:00+00:00,0.8064543
2025-02-14 14:00:00+00:00,0.81349374
2025-02-14 15:00:00+00:00,0.80738592
2025-02-14 16:00:00+00:00,0.81030263
2025-02-14 17:00:00+00:00,0.82274543
2025-02-14 18:00:00+00:00,0.81632712
2025-02-14 19:00:00+00:00,0.81695681
2025-02-14 20:00:00+00:00,0.80492463
2025-02-14 21:00:00+00:00,0.80622301
2025-02-14 22:00:00+00:00,0.79500092
2025-02-14 23:00:00+00:00,0.79978267
2025-02-15 00:00:00+00:00,0.79482112
2025-02-15 01:00:00+00:00,0.80507586
2025-02-15 02:00:00+00:00,0.81331076
2025-02-15 03:00:00+00:00,0.80781596
2025-02-15 04:00:00+00:00,0.809493
2025-02-15 05:00:00+00:00,0.80568074
2025-02-15 06:00:00+00:00,0.79629342
2025-02-15 07:00:00+00:00,0.79647634
2025-02-15 08:00:00+00:00,0.80013031
2025-02-15 09:00:00+00:00,0.79783277
2025-02-15 10:00:00+00:00,0.79834571
2025-02-15 11:00:00+00:00,0.79372903
2025-02-15 12:00:00+00:00,0.79364124
2025-02-15 13:00:00+00:00,0.7918127
2025-02-15 14:00:00+00:00,0.78781044
2025-02-15 15:00:00+00:00,0.78660507
2025-02-15 16:00:00+00:00,0.78438213
2025-02-15 17:00:00+00:00,0.78318051
2025-02-15 18:00:00+00:00,0.78870176
2025-02-15 19:00:00+00:00,0.78379744
2025-02-15 20:00:00+00:00,0.7788906
2025-02-15 21:00:00+00:00,0.78074251
2025-02-15 22:00:00+00:00,0.78016432
2025-02-15 23:00:00+00:00,0.78103771
2025-02-16 00:00:00+00:00,0.78029432
2025-02-16 01:00:00+00:00,0.78067126
2025-02-16 02:00:00+00:00,0.77484676
2025-02-16 03:00:00+00:00,0.77657731
2025-02-16 04:00:00+00:00,0.78452649
2025-02-16 05:00:00+00:00,0.78570813
2025-02-16 06:00:00+00:00,0.78455494
2025-02-16 07:00:00+00:00,0.77804824
2025-02-16 08:00:00+00:00,0.77804281
2025-02-16 09:00:00+00:00,0.78055541
2025-02-16 10:00:00+00:00,0.77769714
2025-02-16 11:00:00+00:00,0.7834465
2025-02-16 12:00:00+00:00,0.77930113
2025-02-16 13:00:00+00:00,0.76835147
2025-02-16 14:00:00+00:00,0.77100611
2025-02-16 15:00:00+00:00,0.77043639
2025-02-16 16:00:00+00:00,0.77322726
2025-02-16 17:00:00+00:00,0.77252849
2025-02-16 18:00:00+00:00,0.77035775
2025-02-16 19:00:00+00:00,0.77177448
2025-02-16 20:00:00+00:00,0.77139227
2025-02-16 21:00:00+00:00,0.7790957
2025-02-16 22:00:00+00:00,0.78129375
2025-02-16 23:00:00+00:00,0.77130233
2025-02-17 00:00:00+00:00,0.78164029
2025-02-17 01:00:00+00:00,0.79596152
2025-02-17 02:00:00+00:00,0.79190845
2025-02-17 03:00:00+00:00,0.79445121
2025-02-17 04:00:00+00:00,0.80638129
2025-02-17 05:00:00+00:00,0.80190482
2025-02-17 06:00:00+00:00,0.80716111
2025-02-17 07:00:00+00:00,0.79425826
2025-02-17 08:00:00+00:00,0.7965871
2025-02-17 09:00:00+00:00,0.79621105
2025-02-17 10:00:00+00:00,0.79771546
2025-02-17 11:00:00+00:00,0.80048512
2025-02-17 12:00:00+00:00,0.80802598
2025-02-17 13:00:00+00:00,0.81272644
2025-02-17 14:00:00+00:00,0.82303121
2025-02-17 15:00:00+00:00,0.80974675
2025-02-17 16:00:00+00:00,0.79648212
2025-02-17 17:00:00+00:00,0.79521927
2025-02-17 18:00:00+00:00,0.78793257
2025-02-17 19:00:00+00:00,0.80647965
2025-02-17 20:00:00+00:00,0.80042005
2025-02-17 21:00:00+00:00,0.81739447
2025-02-17 22:00:00+00:00,0.80243485
2025-02-17 23:00:00+00:00,0.80893866
2025-02-18 00:00:00+00:00,0.79171107
2025-02-18 01:00:00+00:00,0.80337099
2025-02-18 02:00:00+00:00,0.79683951
2025-02-18 03:00:00+00:00,0.8076175
2025-02-18 04:00:00+00:00,0.80528529
2025-02-18 05:00:00+00:00,0.78918655
2025-02-18 06:00:00+00:00,0.77956048
2025-02-18 07:00:00+00:00,0.77701604
2025-02-18 08:00:00+00:00,0.7701751
2025-02-18 09:00:00+00:00,0.78403411
2025-02-18 10:00:00+00:00,0.77657608
2025-02-18 11:00:00+00:00,0.77362801
2025-02-18 12:00:00+00:00,0.790448
2025-02-18 13:00:00+00:00,0.78801818
2025-02-18 14:00:00+00:00,0.77548598
2025-02-18 15:00:00+00:00,0.75529476
2025-02-18 16:00:00+00:00,0.73970982
2025-02-18 17:00:00+00:00,0.74983291
2025-02-18 18:00:00+00:00,0.74304418
2025-02-18 19:00:00+00:00,0.74779615
2025-02-18 20:00:00+00:00,0.74306797
2025-02-18 21:00:00+00:00,0.74655044
2025-02-18 22:00:00+00:00,0.74839862
2025-02-18 23:00:00+00:00,0.75403292
2025-02-19 00:00:00+00:00,0.74975193
2025-02-19 01:00:00+00:00,0.74338293
2025-02-19 02:00:00+00:00,0.75530418
2025-02-19 03:00:00+00:00,0.75245537
2025-02-19 04:00:00+00:00,0.73629279
2025-02-19 05:00:00+00:00,0.7418771
2025-02-19 06:00:00+00:00,0.7511623
2025-02-19 07:00:00+00:00,0.76313974
2025-02-19 08:00:00+00:00,0.75671491
2025-02-19 09:00:00+00:00,0.76365642
2025-02-19 10:00:00+00:00,0.76571299
2025-02-19 11:00:00+00:00,0.77441008
2025-02-19 12:00:00+00:00,0.76119827
2025-02-19 13:00:00+00:00,0.76689928
2025-02-19 14:00:00+00:00,0.75242441
2025-02-19 15:00:00+00:00,0.75902627
2025-02-19 16:00:00+00:00,0.76764567
2025-02-19 17:00:00+00:00,0.766621
2025-02-19 18:00:00+00:00,0.75623219
2025-02-19 19:00:00+00:00,0.76022992
2025-02-19 20:00:00+00:00,0.75862914
2025-02-19 21:00:00+00:00,0.75761561
2025-02-19 22:00:00+00:00,0.7646018
2025-02-19 23:00:00+00:00,0.7737786
2025-02-20 00:00:00+00:00,0.77849113
2025-02-20 01:00:00+00:00,0.77580042
2025-02-20 02:00:00+00:00,0.78421949
2025-02-20 03:00:00+00:00,0.78243126
2025-02-20 04:00:00+00:00,0.77888648
2025-02-20 05:00:00+00:00,0.77680667
2025-02-20 06:00:00+00:00,0.78243903
2025-02-20 07:00:00+00:00,0.78111744
2025-02-20 08:00:00+00:00,0.78766215
2025-02-20 09:00:00+00:00,0.78570413
2025-02-20 10:00:00+00:00,0.79226876
2025-02-20 11:00:00+00:00,0.79133702
2025-02-20 12:00:00+00:00,0.78596627
2025-02-20 13:00:00+00:00,0.78938175
2025-02-20 14:00:00+00:00,0.7866854
2025-02-20 15:00:00+00:00,0.78389346
2025-02-20 16:00:00+00:00,0.79436286
2025-02-20 17:00:00+00:00,0.80060907
2025-02-20 18:00:00+00:00,0.80579488
2025-02-20 19:00:00+00:00,0.81059018
2025-02-20 20:00:00+00:00,0.80548294
2025-02-20 21:00:00+00:00,0.80238404
2025-02-20 22:00:00+00:00,0.80156589
2025-02-20 23:00:00+00:00,0.80356886
2025-02-21 00:00:00+00:00,0.79809886
2025-02-21 01:00:00+00:00,0.80194897
2025-02-21 02:00:00+00:00,0.80336022
2025-02-21 03:00:00+00:00,0.79925239
2025-02-21 04:00:00+00:00,0.80338347
2025-02-21 05:00:00+00:00,0.80211624
2025-02-21 06:00:00+00:00,0.79680479
2025-02-21 07:00:00+00:00,0.79725739
2025-02-21 08:00:00+00:00,0.80090407
2025-02-21 09:00:00+00:00,0.8024435
2025-02-21 10:00:00+00:00,0.80548991
2025-02-21 11:00:00+00:00,0.79822744
2025-02-21 12:00:00+00:00,0.80087164
2025-02-21 13:00:00+00:00,0.81609533
2025-02-21 14:00:00+00:00,0.80581029
2025-02-21 15:00:00+00:00,0.80001951
2025-02-21 16:00:00+00:00,0.79408814
2025-02-21 17:00:00+00:00,0.76957302
2025-02-21 18:00:00+00:00,0.77378365
2025-02-21 19:00:00+00:00,0.75366704
2025-02-21 20:00:00+00:00,0.75566638
2025-02-21 21:00:00+00:00,0.7555364
2025-02-21 22:00:00+00:00,0.76240483
2025-02-21 23:00:00+00:00,0.76184079
2025-02-22 00:00:00+00:00,0.77453656
2025-02-22 01:00:00+00:00,0.77356922
2025-02-22 02:00:00+00:00,0.76592168
2025-02-22 03:00:00+00:00,0.76493915
2025-02-22 04:00:00+00:00,0.77173172
2025-02-22 05:00:00+00:00,0.77005029
2025-02-22 06:00:00+00:00,0.7661531
2025-02-22 07:00:00+00:00,0.76288848
2025-02-22 08:00:00+00:00,0.76052822
2025-02-22 09:00:00+00:00,0.76594301
2025-02-22 10:00:00+00:00,0.76685597
2025-02-22 11:00:00+00:00,0.76874865
2025-02-22 12:00:00+00:00,0.77105537
2025-02-22 13:00:00+00:00,0.77010379
2025-02-22 14:00:00+00:00,0.76760067
2025-02-22 15:00:00+00:00,0.77343879
2025-02-22 16:00:00+00:00,0.77376935
2025-02-22 17:00:00+00:00,0.78193628
2025-02-22 18:00:00+00:00,0.78099025
2025-02-22 19:00:00+00:00,0.78014961
2025-02-22 20:00:00+00:00,0.77543627
2025-02-22 21:00:00+00:00,0.77838862
2025-02-22 22:00:00+00:00,0.77505639
2025-02-22 23:00:00+00:00,0.77340216
2025-02-23 00:00:00+00:00,0.77649948
2025-02-23 01:00:00+00:00,0.77301925
2025-02-23 02:00:00+00:00,0.76904895
2025-02-23 03:00:00+00:00,0.76922581
2025-02-23 04:00:00+00:00,0.76747798
2025-02-23 05:00:00+00:00,0.77188994
2025-02-23 06:00:00+00:00,0.77472015
2025-02-23 07:00:00+00:00,0.78713932
2025-02-23 08:00:00+00:00,0.78168447
2025-02-23 09:00:00+00:00,0.78029361
2025-02-23 10:00:00+00:00,0.77739758
2025-02-23 11:00:00+00:00,0.77281449
2025-02-23 12:00:00+00:00,0.77125343
2025-02-23 13:00:00+00:00,0.77711083
2025-02-23 14:00:00+00:00,0.76987508
2025-02-23 15:00:00+00:00,0.76162505
2025-02-23 16:00:00+00:00,0.7628835
2025-02-23 17:00:00+00:00,0.76623763
2025-02-23 18:00:00+00:00,0.76437866
2025-02-23 19:00:00+00:00,0.76540593
2025-02-23 20:00:00+00:00,0.76755781
2025-02-23 21:00:00+00:00,0.76900726
2025-02-23 22:00:00+00:00,0.7651901
2025-02-23 23:00:00+00:00,0.76960845
2025-02-24 00:00:00+00:00,0.7712666
2025-02-24 01:00:00+00:00,0.7648787
2025-02-24 02:00:00+00:00,0.7562796
2025-02-24 03:00:00+00:00,0.73845705
2025-02-24 04:00:00+00:00,0.73622799
2025-02-24 05:00:00+00:00,0.74360107
2025-02-24 06:00:00+00:00,0.74546866
2025-02-24 07:00:00+00:00,0.74536427
2025-02-24 08:00:00+00:00,0.73121062
2025-02-24 09:00:00+00:00,0.73557639
2025-02-24 10:00:00+00:00,0.73365652
2025-02-24 11:00:00+00:00,0.7352904
2025-02-24 12:00:00+00:00,0.73386814
2025-02-24 13:00:00+00:00,0.73089181
2025-02-24 14:00:00+00:00,0.71508796
2025-02-24 15:00:00+00:00,0.7182646
2025-02-24 16:00:00+00:00,0.72021782
2025-02-24 17:00:00+00:00,0.72911431
2025-02-24 18:00:00+00:00,0.72455082
2025-02-24 19:00:00+00:00,0.71592316
2025-02-24 20:00:00+00:00,0.7165969
2025-02-24 21:00:00+00:00,0.71371761
2025-02-24 22:00:00+00:00,0.67945447
2025-02-24 23:00:00+00:00,0.68145694
2025-02-25 00:00:00+00:00,0.68465771
2025-02-25 01:00:00+00:00,0.6823595
2025-02-25 02:00:00+00:00,0.6890126
2025-02-25 03:00:00+00:00,0.68103089
2025-02-25 04:00:00+00:00,0.67677096
2025-02-25 05:00:00+00:00,0.68950744
2025-02-25 06:00:00+00:00,0.6744031
2025-02-25 07:00:00+00:00,0.660109
2025-02-25 08:00:00+00:00,0.66155832
2025-02-25 09:00:00+00:00,0.64670603
2025-02-25 10:00:00+00:00,0.64525132
2025-02-25 11:00:00+00:00,0.659948
2025-02-25 12:00:00+00:00,0.66555958
2025-02-25 13:00:00+00:00,0.65473933
2025-02-25 14:00:00+00:00,0.64360317
2025-02-25 15:00:00+00:00,0.65408168
2025-02-25 16:00:00+00:00,0.65921118
2025-02-25 17:00:00+00:00,0.66190955
2025-02-25 18:00:00+00:00,0.66040736
2025-02-25 19:00:00+00:00,0.67528206
2025-02-25 20:00:00+00:00,0.6789557
2025-02-25 21:00:00+00:00,0.68589682
2025-02-25 22:00:00+00:00,0.69173275
2025-02-25 23:00:00+00:00,0.68300083
2025-02-26 00:00:00+00:00,0.67612435
2025-02-26 01:00:00+00:00,0.68089472
2025-02-26 02:00:00+00:00,0.68875292
2025-02-26 03:00:00+00:00,0.68966137
2025-02-26 04:00:00+00:00,0.68793406
2025-02-26 05:00:00+00:00,0.68056222
2025-02-26 06:00:00+00:00,0.68712603
2025-02-26 07:00:00+00:00,0.68205573
2025-02-26 08:00:00+00:00,0.67817296
2025-02-26 09:00:00+00:00,0.68879459
2025-02-26 10:00:00+00:00,0.68881721
2025-02-26 11:00:00+00:00,0.68010507
2025-02-26 12:00:00+00:00,0.66836074
2025-02-26 13:00:00+00:00,0.66516077
2025-02-26 14:00:00+00:00,0.67739169
2025-02-26 15:00:00+00:00,0.67705505
2025-02-26 16:00:00+00:00,0.67153837
2025-02-26 17:00:00+00:00,0.65719004
2025-02-26 18:00:00+00:00,0.64122955
2025-02-26 19:00:00+00:00,0.64006282
2025-02-26 20:00:00+00:00,0.65435833
2025-02-26 21:00:00+00:00,0.6524339
2025-02-26 22:00:00+00:00,0.65145129
2025-02-26 23:00:00+00:00,0.64727993
2025-02-27 00:00:00+00:00,0.64683891
2025-02-27 01:00:00+00:00,0.65284352
2025-02-27 02:00:00+00:00,0.65260229
2025-02-27 03:00:00+00:00,0.65809849
2025-02-27 04:00:00+00:00,0.65608084
2025-02-27 05:00:00+00:00,0.66296133
2025-02-27 06:00:00+00:00,0.66846807
2025-02-27 07:00:00+00:00,0.66863038
2025-02-27 08:00:00+00:00,0.66497562
2025-02-27 09:00:00+00:00,0.66896327
2025-02-27 10:00:00+00:00,0.67783083
2025-02-27 11:00:00+00:00,0.67549045
2025-02-27 12:00:00+00:00,0.67363655
2025-02-27 13:00:00+00:00,0.6713478
2025-02-27 14:00:00+00:00,0.66232001
2025-02-27 15:00:00+00:00,0.66607529
2025-02-27 16:00:00+00:00,0.65562039
2025-02-27 17:00:00+00:00,0.65490158
2025-02-27 18:00:00+00:00,0.6562384
2025-02-27 19:00:00+00:00,0.646564
2025-02-27 20:00:00+00:00,0.63349046
2025-02-27 21:00:00+00:00,0.64184497
2025-02-27 22:00:00+00:00,0.64793837
2025-02-27 23:00:00+00:00,0.64511796
2025-02-28 00:00:00+00:00,0.63822807
2025-02-28 01:00:00+00:00,0.61330202
2025-02-28 02:00:00+00:00,0.60865515
2025-02-28 03:00:00+00:00,0.60191309
2025-02-28 04:00:00+00:00,0.59834975
2025-02-28 05:00:00+00:00,0.59542836
2025-02-28 06:00:00+00:00,0.58847628
2025-02-28 07:00:00+00:00,0.59286992
2025-02-28 08:00:00+00:00,0.59543864
2025-02-28 09:00:00+00:00,0.60536874
2025-02-28 10:00:00+00:00,0.59478704
2025-02-28 11:00:00+00:00,0.59943531
2025-02-28 12:00:00+00:00,0.60258758
2025-02-28 13:00:00+00:00,0.61445658
2025-02-28 14:00:00+00:00,0.61873597
2025-02-28 15:00:00+00:00,0.63106793
2025-02-28 16:00:00+00:00,0.63196287
2025-02-28 17:00:00+00:00,0.62665445
2025-02-28 18:00:00+00:00,0.63365504
2025-02-28 19:00:00+00:00,0.63466382
2025-02-28 20:00:00+00:00,0.63139191
2025-02-28 21:00:00+00:00,0.63155589
2025-02-28 22:00:00+00:00,0.62902888
2025-02-28 23:00:00+00:00,0.63275069
2025-03-01 00:00:00+00:00,0.62924822
2025-03-01 01:00:00+00:00,0.64344777
2025-03-01 02:00:00+00:00,0.64510461
2025-03-01 03:00:00+00:00,0.6450867
2025-03-01 04:00:00+00:00,0.65347066
2025-03-01 05:00:00+00:00,0.6502769
2025-03-01 06:00:00+00:00,0.64664315
2025-03-01 07:00:00+00:00,0.63926918
2025-03-01 08:00:00+00:00,0.64472444
2025-03-01 09:00:00+00:00,0.64450986
2025-03-01 10:00:00+00:00,0.6375279
2025-03-01 11:00:00+00:00,0.63598536
2025-03-01 12:00:00+00:00,0.63487873
2025-03-01 13:00:00+00:00,0.62881214
2025-03-01 14:00:00+00:00,0.63101196
2025-03-01 15:00:00+00:00,0.6348105
2025-03-01 16:00:00+00:00,0.63548442
2025-03-01 17:00:00+00:00,0.63330009
2025-03-01 18:00:00+00:00,0.63716418
2025-03-01 19:00:00+00:00,0.6441568
2025-03-01 20:00:00+00:00,0.64778748
2025-03-01 21:00:00+00:00,0.66824786
2025-03-01 22:00:00+00:00,0.66731177
2025-03-01 23:00:00+00:00,0.65902725
2025-03-02 00:00:00+00:00,0.65640743
2025-03-02 01:00:00+00:00,0.66066356
2025-03-02 02:00:00+00:00,0.67035048
2025-03-02 03:00:00+00:00,0.67208531
2025-03-02 04:00:00+00:00,0.66231522
2025-03-02 05:00:00+00:00,0.66244236
2025-03-02 06:00:00+00:00,0.6651889
2025-03-02 07:00:00+00:00,0.66295375
2025-03-02 08:00:00+00:00,0.66192603
2025-03-02 09:00:00+00:00,0.66590253
2025-03-02 10:00:00+00:00,0.66371541
2025-03-02 11:00:00+00:00,0.66284658
2025-03-02 12:00:00+00:00,0.66004698
2025-03-02 13:00:00+00:00,0.65495201
2025-03-02 14:00:00+00:00,0.6473523
2025-03-02 15:00:00+00:00,0.86879333
2025-03-02 16:00:00+00:00,1.04135392
2025-03-02 17:00:00+00:00,1.03087176
2025-03-02 18:00:00+00:00,1.01323048
2025-03-02 19:00:00+00:00,1.04180408
2025-03-02 20:00:00+00:00,1.03064788
2025-03-02 21:00:00+00:00,1.05114492
2025-03-02 22:00:00+00:00,1.06967379
2025-03-02 23:00:00+00:00,1.13586708
2025-03-03 00:00:00+00:00,1.0868452
2025-03-03 01:00:00+00:00,1.08323709
2025-03-03 02:00:00+00:00,1.07651322
2025-03-03 03:00:00+00:00,1.07059462
2025-03-03 04:00:00+00:00,1.0724827
2025-03-03 05:00:00+00:00,1.06050956
2025-03-03 06:00:00+00:00,1.00658202
2025-03-03 07:00:00+00:00,1.01394864
2025-03-03 08:00:00+00:00,0.94171663
2025-03-03 09:00:00+00:00,0.95347735
2025-03-03 10:00:00+00:00,0.98412997
2025-03-03 11:00:00+00:00,0.96428436
2025-03-03 12:00:00+00:00,0.98653495
2025-03-03 13:00:00+00:00,1.00492343
2025-03-03 14:00:00+00:00,0.93570331
2025-03-03 15:00:00+00:00,0.95753528
2025-03-03 16:00:00+00:00,0.97031864
2025-03-03 17:00:00+00:00,0.96895876
2025-03-03 18:00:00+00:00,0.90130208
2025-03-03 19:00:00+00:00,0.83518178
2025-03-03 20:00:00+00:00,0.87471101
2025-03-03 21:00:00+00:00,0.83650467
2025-03-03 22:00:00+00:00,0.86023183
2025-03-03 23:00:00+00:00,0.8572483
2025-03-04 00:00:00+00:00,0.82608687
2025-03-04 01:00:00+00:00,0.78457697
2025-03-04 02:00:00+00:00,0.7914829
2025-03-04 03:00:00+00:00,0.80050055
2025-03-04 04:00:00+00:00,0.7965184
2025-03-04 05:00:00+00:00,0.82351576
2025-03-04 06:00:00+00:00,0.80991588
2025-03-04 07:00:00+00:00,0.80839365
2025-03-04 08:00:00+00:00,0.81526837
2025-03-04 09:00:00+00:00,0.80683299
2025-03-04 10:00:00+00:00,0.82116787
2025-03-04 11:00:00+00:00,0.81330421
2025-03-04 12:00:00+00:00,0.80585663
2025-03-04 13:00:00+00:00,0.7964477
2025-03-04 14:00:00+00:00,0.82072248
2025-03-04 15:00:00+00:00,0.85367523
2025-03-04 16:00:00+00:00,0.87291652
2025-03-04 17:00:00+00:00,0.92603464
2025-03-04 18:00:00+00:00,0.94030955
2025-03-04 19:00:00+00:00,0.92604956
2025-03-04 20:00:00+00:00,0.90710915
2025-03-04 21:00:00+00:00,0.94379777
2025-03-04 22:00:00+00:00,0.92761931
2025-03-04 23:00:00+00:00,0.94086938
2025-03-05 00:00:00+00:00,0.92895969
2025-03-05 01:00:00+00:00,0.96237099
2025-03-05 02:00:00+00:00,0.97018346
2025-03-05 03:00:00+00:00,0.92703181
2025-03-05 04:00:00+00:00,0.93377151
2025-03-05 05:00:00+00:00,0.92296071
2025-03-05 06:00:00+00:00,0.93554304
2025-03-05 07:00:00+00:00,0.93979535
2025-03-05 08:00:00+00:00,0.9469843
2025-03-05 09:00:00+00:00,0.9568642
2025-03-05 10:00:00+00:00,1.00040299
2025-03-05 11:00:00+00:00,0.9813953
2025-03-05 12:00:00+00:00,0.98917117
2025-03-05 13:00:00+00:00,0.96056457
2025-03-05 14:00:00+00:00,0.95024074
2025-03-05 15:00:00+00:00,0.94146289
2025-03-05 16:00:00+00:00,0.95665494
2025-03-05 17:00:00+00:00,0.96460678
2025-03-05 18:00:00+00:00,0.9784319
2025-03-05 19:00:00+00:00,0.99179268
2025-03-05 20:00:00+00:00,0.98593776
2025-03-05 21:00:00+00:00,0.98193785
2025-03-05 22:00:00+00:00,0.98518673
2025-03-05 23:00:00+00:00,0.97398267
2025-03-06 00:00:00+00:00,0.95041051
2025-03-06 01:00:00+00:00,0.97350351
2025-03-06 02:00:00+00:00,0.96849369
2025-03-06 03:00:00+00:00,0.95898029
2025-03-06 04:00:00+00:00,0.9645018
2025-03-06 05:00:00+00:00,0.94257473
2025-03-06 06:00:00+00:00,0.94089433
2025-03-06 07:00:00+00:00,0.93887172
2025-03-06 08:00:00+00:00,0.94987176
2025-03-06 09:00:00+00:00,0.94996761
2025-03-06 10:00:00+00:00,0.95924022
2025-03-06 11:00:00+00:00,0.95217139
2025-03-06 12:00:00+00:00,0.92956062
2025-03-06 13:00:00+00:00,0.93045036
2025-03-06 14:00:00+00:00,0.91789911
2025-03-06 15:00:00+00:00,0.93233287
2025-03-06 16:00:00+00:00,0.90192692
2025-03-06 17:00:00+00:00,0.89411678
2025-03-06 18:00:00+00:00,0.89359874
2025-03-06 19:00:00+00:00,0.90275033
2025-03-06 20:00:00+00:00,0.90755206
2025-03-06 21:00:00+00:00,0.91855815
2025-03-06 22:00:00+00:00,0.90732782
2025-03-06 23:00:00+00:00,0.90629663
2025-03-07 00:00:00+00:00,0.83040785
2025-03-07 01:00:00+00:00,0.86092266
2025-03-07 02:00:00+00:00,0.85185521
2025-03-07 03:00:00+00:00,0.85277011
2025-03-07 04:00:00+00:00,0.86558835
2025-03-07 05:00:00+00:00,0.87440598
2025-03-07 06:00:00+00:00,0.87259639
2025-03-07 07:00:00+00:00,0.87522858
2025-03-07 08:00:00+00:00,0.87198671
2025-03-07 09:00:00+00:00,0.87767944
2025-03-07 10:00:00+00:00,0.88227221
2025-03-07 11:00:00+00:00,0.87932074
2025-03-07 12:00:00+00:00,0.86890484
2025-03-07 13:00:00+00:00,0.87279086
2025-03-07 14:00:00+00:00,0.87657706
2025-03-07 15:00:00+00:00,0.85807131
2025-03-07 16:00:00+00:00,0.82808207
2025-03-07 17:00:00+00:00,0.84082254
2025-03-07 18:00:00+00:00,0.86016694
2025-03-07 19:00:00+00:00,0.85290162
2025-03-07 20:00:00+00:00,0.84302411
2025-03-07 21:00:00+00:00,0.82182994
2025-03-07 22:00:00+00:00,0.82129675
2025-03-07 23:00:00+00:00,0.81817845
2025-03-08 00:00:00+00:00,0.83382024
2025-03-08 01:00:00+00:00,0.82955093
2025-03-08 02:00:00+00:00,0.82361881
2025-03-08 03:00:00+00:00,0.8219967
2025-03-08 04:00:00+00:00,0.82677348
2025-03-08 05:00:00+00:00,0.81688996
2025-03-08 06:00:00+00:00,0.82473521
2025-03-08 07:00:00+00:00,0.82427318
2025-03-08 08:00:00+00:00,0.81469343
2025-03-08 09:00:00+00:00,0.80364187
2025-03-08 10:00:00+00:00,0.80788279
2025-03-08 11:00:00+00:00,0.80052197
2025-03-08 12:00:00+00:00,0.81189349
2025-03-08 13:00:00+00:00,0.81846625
2025-03-08 14:00:00+00:00,0.81702566
2025-03-08 15:00:00+00:00,0.81656795
2025-03-08 16:00:00+00:00,0.81268454
2025-03-08 17:00:00+00:00,0.80851105
2025-03-08 18:00:00+00:00,0.81041903
2025-03-08 19:00:00+00:00,0.81997729
2025-03-08 20:00:00+00:00,0.81288324
2025-03-08 21:00:00+00:00,0.81276487
2025-03-08 22:00:00+00:00,0.80868172
2025-03-08 23:00:00+00:00,0.80496818
2025-03-09 00:00:00+00:00,0.81215931
2025-03-09 01:00:00+00:00,0.80469111
2025-03-09 02:00:00+00:00,0.79543125
2025-03-09 03:00:00+00:00,0.8011892
2025-03-09 04:00:00+00:00,0.80015076
2025-03-09 05:00:00+00:00,0.81039141
2025-03-09 06:00:00+00:00,0.80893828
2025-03-09 07:00:00+00:00,0.81407995
2025-03-09 08:00:00+00:00,0.80770088
2025-03-09 09:00:00+00:00,0.80048831
2025-03-09 10:00:00+00:00,0.77488399
2025-03-09 11:00:00+00:00,0.78077658
2025-03-09 12:00:00+00:00,0.77736071
2025-03-09 13:00:00+00:00,0.75918435
2025-03-09 14:00:00+00:00,0.76821258
2025-03-09 15:00:00+00:00,0.75625266
2025-03-09 16:00:00+00:00,0.73817102
2025-03-09 17:00:00+00:00,0.72444818
2025-03-09 18:00:00+00:00,0.72145719
2025-03-09 19:00:00+00:00,0.73113488
2025-03-09 20:00:00+00:00,0.73861588
2025-03-09 21:00:00+00:00,0.72516863
2025-03-09 22:00:00+00:00,0.7145592
2025-03-09 23:00:00+00:00,0.72112093
2025-03-10 00:00:00+00:00,0.73193576
2025-03-10 01:00:00+00:00,0.73527687
2025-03-10 02:00:00+00:00,0.74436526
2025-03-10 03:00:00+00:00,0.7409026
2025-03-10 04:00:00+00:00,0.74521409
2025-03-10 05:00:00+00:00,0.7409874
2025-03-10 06:00:00+00:00,0.74004597
2025-03-10 07:00:00+00:00,0.74588736
2025-03-10 08:00:00+00:00,0.73199529
2025-03-10 09:00:00+00:00,0.74858993
2025-03-10 10:00:00+00:00,0.74444559
2025-03-10 11:00:00+00:00,0.75666458
2025-03-10 12:00:00+00:00,0.74969472
2025-03-10 13:00:00+00:00,0.71910797
2025-03-10 14:00:00+00:00,0.69357572
2025-03-10 15:00:00+00:00,0.70116169
2025-03-10 16:00:00+00:00,0.69134583
2025-03-10 17:00:00+00:00,0.6760094
2025-03-10 18:00:00+00:00,0.65907917
2025-03-10 19:00:00+00:00,0.68876478
2025-03-10 20:00:00+00:00,0.68673675
2025-03-10 21:00:00+00:00,0.68716455
2025-03-10 22:00:00+00:00,0.68177889
2025-03-10 23:00:00+00:00,0.67095759
2025-03-11 00:00:00+00:00,0.66582098
2025-03-11 01:00:00+00:00,0.69236247
2025-03-11 02:00:00+00:00,0.69386257
2025-03-11 03:00:00+00:00,0.70115362
2025-03-11 04:00:00+00:00,0.70793085
2025-03-11 05:00:00+00:00,0.72189121
2025-03-11 06:00:00+00:00,0.71556687
2025-03-11 07:00:00+00:00,0.71959226
2025-03-11 08:00:00+00:00,0.72756628
2025-03-11 09:00:00+00:00,0.730017
2025-03-11 10:00:00+00:00,0.73131324
2025-03-11 11:00:00+00:00,0.73104696
2025-03-11 12:00:00+00:00,0.71671016
2025-03-11 13:00:00+00:00,0.71863001
2025-03-11 14:00:00+00:00,0.7035478
2025-03-11 15:00:00+00:00,0.72636164
2025-03-11 16:00:00+00:00,0.7185456
2025-03-11 17:00:00+00:00,0.71133532
2025-03-11 18:00:00+00:00,0.73863036
2025-03-11 19:00:00+00:00,0.73195082
2025-03-11 20:00:00+00:00,0.7255354
2025-03-11 21:00:00+00:00,0.72820797
2025-03-11 22:00:00+00:00,0.73214774
2025-03-11 23:00:00+00:00,0.72393471
2025-03-12 00:00:00+00:00,0.72673663
2025-03-12 01:00:00+00:00,0.74144247
2025-03-12 02:00:00+00:00,0.72815935
2025-03-12 03:00:00+00:00,0.71634508
2025-03-12 04:00:00+00:00,0.71671274
2025-03-12 05:00:00+00:00,0.72416235
2025-03-12 06:00:00+00:00,0.71971063
2025-03-12 07:00:00+00:00,0.73446262
2025-03-12 08:00:00+00:00,0.73849366
2025-03-12 09:00:00+00:00,0.73476741
2025-03-12 10:00:00+00:00,0.73340767
2025-03-12 11:00:00+00:00,0.74234733
2025-03-12 12:00:00+00:00,0.76045229
2025-03-12 13:00:00+00:00,0.73488374
2025-03-12 14:00:00+00:00,0.72417948
2025-03-12 15:00:00+00:00,0.7297932
2025-03-12 16:00:00+00:00,0.72473969
2025-03-12 17:00:00+00:00,0.71823066
2025-03-12 18:00:00+00:00,0.73020436
2025-03-12 19:00:00+00:00,0.72979764
2025-03-12 20:00:00+00:00,0.72938749
2025-03-12 21:00:00+00:00,0.72886408
2025-03-12 22:00:00+00:00,0.73250482
2025-03-12 23:00:00+00:00,0.73580746
2025-03-13 00:00:00+00:00,0.72936737
2025-03-13 01:00:00+00:00,0.73571427
2025-03-13 02:00:00+00:00,0.72831339
2025-03-13 03:00:00+00:00,0.72719067
2025-03-13 04:00:00+00:00,0.72124122
2025-03-13 05:00:00+00:00,0.72053772
2025-03-13 06:00:00+00:00,0.71586257
2025-03-13 07:00:00+00:00,0.71750465
2025-03-13 08:00:00+00:00,0.71450645
2025-03-13 09:00:00+00:00,0.7321624
2025-03-13 10:00:00+00:00,0.72569992
2025-03-13 11:00:00+00:00,0.7281701
2025-03-13 12:00:00+00:00,0.72353032
2025-03-13 13:00:00+00:00,0.71400142
2025-03-13 14:00:00+00:00,0.71756214
2025-03-13 15:00:00+00:00,0.70647549
2025-03-13 16:00:00+00:00,0.70237926
2025-03-13 17:00:00+00:00,0.69842768
2025-03-13 18:00:00+00:00,0.70398955
2025-03-13 19:00:00+00:00,0.69780777
2025-03-13 20:00:00+00:00,0.69201476
2025-03-13 21:00:00+00:00,0.69789135
2025-03-13 22:00:00+00:00,0.70781742
2025-03-13 23:00:00+00:00,0.70286526
2025-03-14 00:00:00+00:00,0.70398547
2025-03-14 01:00:00+00:00,0.70280476
2025-03-14 02:00:00+00:00,0.70895322
2025-03-14 03:00:00+00:00,0.70596608
2025-03-14 04:00:00+00:00,0.70873198
2025-03-14 05:00:00+00:00,0.71357129
2025-03-14 06:00:00+00:00,0.71025415
2025-03-14 07:00:00+00:00,0.71136579
2025-03-14 08:00:00+00:00,0.71819823
2025-03-14 09:00:00+00:00,0.71995487
2025-03-14 10:00:00+00:00,0.71702057
2025-03-14 11:00:00+00:00,0.71893213
2025-03-14 12:00:00+00:00,0.71957778
2025-03-14 13:00:00+00:00,0.72588671
2025-03-14 14:00:00+00:00,0.73034885
2025-03-14 15:00:00+00:00,0.73965918
2025-03-14 16:00:00+00:00,0.74328327
2025-03-14 17:00:00+00:00,0.73342687
2025-03-14 18:00:00+00:00,0.73623054
2025-03-14 19:00:00+00:00,0.73649741
2025-03-14 20:00:00+00:00,0.73556796
2025-03-14 21:00:00+00:00,0.73754096
2025-03-14 22:00:00+00:00,0.74503114
2025-03-14 23:00:00+00:00,0.73711802
2025-03-15 00:00:00+00:00,0.74374843
2025-03-15 01:00:00+00:00,0.74028287
2025-03-15 02:00:00+00:00,0.74843284
2025-03-15 03:00:00+00:00,0.74902942
2025-03-15 04:00:00+00:00,0.75322185
2025-03-15 05:00:00+00:00,0.74460718
2025-03-15 06:00:00+00:00,0.74211211
2025-03-15 07:00:00+00:00,0.7337602
2025-03-15 08:00:00+00:00,0.73970065
2025-03-15 09:00:00+00:00,0.74111632
2025-03-15 10:00:00+00:00,0.74037976
2025-03-15 11:00:00+00:00,0.74330861
2025-03-15 12:00:00+00:00,0.74392836
2025-03-15 13:00:00+00:00,0.7502159
2025-03-15 14:00:00+00:00,0.74502618
2025-03-15 15:00:00+00:00,0.74919578
2025-03-15 16:00:00+00:00,0.75011014
2025-03-15 17:00:00+00:00,0.7521075
2025-03-15 18:00:00+00:00,0.74824543
2025-03-15 19:00:00+00:00,0.74861806
2025-03-15 20:00:00+00:00,0.75238145
2025-03-15 21:00:00+00:00,0.75665991
2025-03-15 22:00:00+00:00,0.74989039
2025-03-15 23:00:00+00:00,0.74665586
2025-03-16 00:00:00+00:00,0.74400298
2025-03-16 01:00:00+00:00,0.73680351
2025-03-16 02:00:00+00:00,0.73593862
2025-03-16 03:00:00+00:00,0.74238314
2025-03-16 04:00:00+00:00,0.74164584
2025-03-16 05:00:00+00:00,0.74388819
2025-03-16 06:00:00+00:00,0.73969354
2025-03-16 07:00:00+00:00,0.73899165
2025-03-16 08:00:00+00:00,0.73515407
2025-03-16 09:00:00+00:00,0.72743207
2025-03-16 10:00:00+00:00,0.72346176
2025-03-16 11:00:00+00:00,0.70572964
2025-03-16 12:00:00+00:00,0.70669756
2025-03-16 13:00:00+00:00,0.69787445
2025-03-16 14:00:00+00:00,0.70592883
2025-03-16 15:00:00+00:00,0.70447781
2025-03-16 16:00:00+00:00,0.70396051
2025-03-16 17:00:00+00:00,0.7060201
2025-03-16 18:00:00+00:00,0.70714958
2025-03-16 19:00:00+00:00,0.69867699
2025-03-16 20:00:00+00:00,0.7028013
2025-03-16 21:00:00+00:00,0.70117452
2025-03-16 22:00:00+00:00,0.69967134
2025-03-16 23:00:00+00:00,0.70481913
2025-03-17 00:00:00+00:00,0.71496736
2025-03-17 01:00:00+00:00,0.71355156
2025-03-17 02:00:00+00:00,0.71294556
2025-03-17 03:00:00+00:00,0.71553165
2025-03-17 04:00:00+00:00,0.7141534
2025-03-17 05:00:00+00:00,0.71046403
2025-03-17 06:00:00+00:00,0.71334645
2025-03-17 07:00:00+00:00,0.72098554
2025-03-17 08:00:00+00:00,0.72700145
2025-03-17 09:00:00+00:00,0.72515045
2025-03-17 10:00:00+00:00,0.72104414
2025-03-17 11:00:00+00:00,0.72366752
2025-03-17 12:00:00+00:00,0.71862901
2025-03-17 13:00:00+00:00,0.71829093
2025-03-17 14:00:00+00:00,0.71844171
2025-03-17 15:00:00+00:00,0.72432383
2025-03-17 16:00:00+00:00,0.71968353
2025-03-17 17:00:00+00:00,0.72328491
2025-03-17 18:00:00+00:00,0.72799345
2025-03-17 19:00:00+00:00,0.72561612
2025-03-17 20:00:00+00:00,0.7183769
2025-03-17 21:00:00+00:00,0.7195432
2025-03-17 22:00:00+00:00,0.71997615
2025-03-17 23:00:00+00:00,0.7174516
2025-03-18 00:00:00+00:00,0.71381699
2025-03-18 01:00:00+00:00,0.70662199
2025-03-18 02:00:00+00:00,0.70810793
2025-03-18 03:00:00+00:00,0.70484803
2025-03-18 04:00:00+00:00,0.70423197
2025-03-18 05:00:00+00:00,0.70896243
2025-03-18 06:00:00+00:00,0.7006759
2025-03-18 07:00:00+00:00,0.70876152
2025-03-18 08:00:00+00:00,0.71051757
2025-03-18 09:00:00+00:00,0.70586558
2025-03-18 10:00:00+00:00,0.70464698
2025-03-18 11:00:00+00:00,0.70159805
2025-03-18 12:00:00+00:00,0.70007862
2025-03-18 13:00:00+00:00,0.6861413
2025-03-18 14:00:00+00:00,0.6953977
2025-03-18 15:00:00+00:00,0.68709163
2025-03-18 16:00:00+00:00,0.68915514
2025-03-18 17:00:00+00:00,0.68555179
2025-03-18 18:00:00+00:00,0.6915336
2025-03-18 19:00:00+00:00,0.69606376
2025-03-18 20:00:00+00:00,0.6941508
2025-03-18 21:00:00+00:00,0.69301226
2025-03-18 22:00:00+00:00,0.69905687
2025-03-18 23:00:00+00:00,0.70170864
2025-03-19 00:00:00+00:00,0.70664356
2025-03-19 01:00:00+00:00,0.70129168
2025-03-19 02:00:00+00:00,0.70533198
2025-03-19 03:00:00+00:00,0.71189369
2025-03-19 04:00:00+00:00,0.70829999
2025-03-19 05:00:00+00:00,0.71093473
2025-03-19 06:00:00+00:00,0.70952539
2025-03-19 07:00:00+00:00,0.70825049
2025-03-19 08:00:00+00:00,0.7129923
2025-03-19 09:00:00+00:00,0.7151318
2025-03-19 10:00:00+00:00,0.71742974
2025-03-19 11:00:00+00:00,0.72360072
2025-03-19 12:00:00+00:00,0.71857152
2025-03-19 13:00:00+00:00,0.73573094
2025-03-19 14:00:00+00:00,0.74015567
2025-03-19 15:00:00+00:00,0.74057978
2025-03-19 16:00:00+00:00,0.73240271
2025-03-19 17:00:00+00:00,0.72628223
2025-03-19 18:00:00+00:00,0.73629546
2025-03-19 19:00:00+00:00,0.73099315
2025-03-19 20:00:00+00:00,0.72815364
2025-03-19 21:00:00+00:00,0.73319758
2025-03-19 22:00:00+00:00,0.73826505
2025-03-19 23:00:00+00:00,0.7436746
2025-03-20 00:00:00+00:00,0.73244421
2025-03-20 01:00:00+00:00,0.7297429
2025-03-20 02:00:00+00:00,0.73288045
2025-03-20 03:00:00+00:00,0.73075053
2025-03-20 04:00:00+00:00,0.72908826
2025-03-20 05:00:00+00:00,0.72840061
2025-03-20 06:00:00+00:00,0.73126744
2025-03-20 07:00:00+00:00,0.73069941
2025-03-20 08:00:00+00:00,0.73549664
2025-03-20 09:00:00+00:00,0.73316993
2025-03-20 10:00:00+00:00,0.72378824
2025-03-20 11:00:00+00:00,0.72782605
2025-03-20 12:00:00+00:00,0.73310606
2025-03-20 13:00:00+00:00,0.73870741
2025-03-20 14:00:00+00:00,0.75404376
2025-03-20 15:00:00+00:00,0.72589252
2025-03-20 16:00:00+00:00,0.71447403
2025-03-20 17:00:00+00:00,0.71774803
2025-03-20 18:00:00+00:00,0.71684231
2025-03-20 19:00:00+00:00,0.71924421
2025-03-20 20:00:00+00:00,0.7210686
2025-03-20 21:00:00+00:00,0.71841021
2025-03-20 22:00:00+00:00,0.71542703
2025-03-20 23:00:00+00:00,0.7179166
2025-03-21 00:00:00+00:00,0.72283196
2025-03-21 01:00:00+00:00,0.72621394
2025-03-21 02:00:00+00:00,0.72276069
2025-03-21 03:00:00+00:00,0.7174329
2025-03-21 04:00:00+00:00,0.72007583
2025-03-21 05:00:00+00:00,0.71938001
2025-03-21 06:00:00+00:00,0.71801531
2025-03-21 07:00:00+00:00,0.71400099
2025-03-21 08:00:00+00:00,0.71129783
2025-03-21 09:00:00+00:00,0.71052323
2025-03-21 10:00:00+00:00,0.70518393
2025-03-21 11:00:00+00:00,0.70734357
2025-03-21 12:00:00+00:00,0.70776005
2025-03-21 13:00:00+00:00,0.70958449
2025-03-21 14:00:00+00:00,0.71006857
2025-03-21 15:00:00+00:00,0.70361748
2025-03-21 16:00:00+00:00,0.70986319
2025-03-21 17:00:00+00:00,0.71355654
2025-03-21 18:00:00+00:00,0.71248005
2025-03-21 19:00:00+00:00,0.7106591
2025-03-21 20:00:00+00:00,0.71317562
2025-03-21 21:00:00+00:00,0.71070295
2025-03-21 22:00:00+00:00,0.70640903
2025-03-21 23:00:00+00:00,0.70503668
2025-03-22 00:00:00+00:00,0.70836138
2025-03-22 01:00:00+00:00,0.70514722
2025-03-22 02:00:00+00:00,0.70696811
2025-03-22 03:00:00+00:00,0.7091731
2025-03-22 04:00:00+00:00,0.71161563
2025-03-22 05:00:00+00:00,0.71042836
2025-03-22 06:00:00+00:00,0.71157755
2025-03-22 07:00:00+00:00,0.711082
2025-03-22 08:00:00+00:00,0.71296038
2025-03-22 09:00:00+00:00,0.71279468
2025-03-22 10:00:00+00:00,0.71431179
2025-03-22 11:00:00+00:00,0.71147343
2025-03-22 12:00:00+00:00,0.70933188
2025-03-22 13:00:00+00:00,0.70858304
2025-03-22 14:00:00+00:00,0.70103654
2025-03-22 15:00:00+00:00,0.70340378
2025-03-22 16:00:00+00:00,0.70264192
2025-03-22 17:00:00+00:00,0.70575364
2025-03-22 18:00:00+00:00,0.70695548
2025-03-22 19:00:00+00:00,0.70731905
2025-03-22 20:00:00+00:00,0.70381954
2025-03-22 21:00:00+00:00,0.70339406
2025-03-22 22:00:00+00:00,0.70193038
2025-03-22 23:00:00+00:00,0.70133351
2025-03-23 00:00:00+00:00,0.7028795
2025-03-23 01:00:00+00:00,0.70738176
2025-03-23 02:00:00+00:00,0.70984943
2025-03-23 03:00:00+00:00,0.7118503
2025-03-23 04:00:00+00:00,0.71133606
2025-03-23 05:00:00+00:00,0.7117025
2025-03-23 06:00:00+00:00,0.71361977
2025-03-23 07:00:00+00:00,0.71272269
2025-03-23 08:00:00+00:00,0.71195107
2025-03-23 09:00:00+00:00,0.70982788
2025-03-23 10:00:00+00:00,0.71017009
2025-03-23 11:00:00+00:00,0.71154938
2025-03-23 12:00:00+00:00,0.7093092
2025-03-23 13:00:00+00:00,0.71206016
2025-03-23 14:00:00+00:00,0.70774957
2025-03-23 15:00:00+00:00,0.70892751
2025-03-23 16:00:00+00:00,0.70801463
2025-03-23 17:00:00+00:00,0.70424209
2025-03-23 18:00:00+00:00,0.69425685
2025-03-23 19:00:00+00:00,0.69915583
2025-03-23 20:00:00+00:00,0.70024155
2025-03-23 21:00:00+00:00,0.70329221
2025-03-23 22:00:00+00:00,0.7039358
2025-03-23 23:00:00+00:00,0.71046675
2025-03-24 00:00:00+00:00,0.71240184
2025-03-24 01:00:00+00:00,0.70629506
2025-03-24 02:00:00+00:00,0.70836743
2025-03-24 03:00:00+00:00,0.71934671
2025-03-24 04:00:00+00:00,0.72372889
2025-03-24 05:00:00+00:00,0.72217029
2025-03-24 06:00:00+00:00,0.72713596
2025-03-24 07:00:00+00:00,0.72226768
2025-03-24 08:00:00+00:00,0.72747451
2025-03-24 09:00:00+00:00,0.72982734
2025-03-24 10:00:00+00:00,0.73343506
2025-03-24 11:00:00+00:00,0.73172867
2025-03-24 12:00:00+00:00,0.73080965
2025-03-24 13:00:00+00:00,0.73201987
2025-03-24 14:00:00+00:00,0.73104095
2025-03-24 15:00:00+00:00,0.73283716
2025-03-24 16:00:00+00:00,0.72825232
2025-03-24 17:00:00+00:00,0.7356259
2025-03-24 18:00:00+00:00,0.73719067
2025-03-24 19:00:00+00:00,0.73645886
2025-03-24 20:00:00+00:00,0.73542876
2025-03-24 21:00:00+00:00,0.73582301
2025-03-24 22:00:00+00:00,0.72992407
2025-03-24 23:00:00+00:00,0.73200539
2025-03-25 00:00:00+00:00,0.7374961
2025-03-25 01:00:00+00:00,0.73288913
2025-03-25 02:00:00+00:00,0.73027924
2025-03-25 03:00:00+00:00,0.72300969
2025-03-25 04:00:00+00:00,0.72579874
2025-03-25 05:00:00+00:00,0.74142222
2025-03-25 06:00:00+00:00,0.7354097
2025-03-25 07:00:00+00:00,0.73478426
2025-03-25 08:00:00+00:00,0.74783461
2025-03-25 09:00:00+00:00,0.75230946
2025-03-25 10:00:00+00:00,0.75867862
2025-03-25 11:00:00+00:00,0.75718849
2025-03-25 12:00:00+00:00,0.7492492
2025-03-25 13:00:00+00:00,0.7534996
2025-03-25 14:00:00+00:00,0.76059582
2025-03-25 15:00:00+00:00,0.75666717
2025-03-25 16:00:00+00:00,0.75219745
2025-03-25 17:00:00+00:00,0.75193501
2025-03-25 18:00:00+00:00,0.74923125
2025-03-25 19:00:00+00:00,0.74912726
2025-03-25 20:00:00+00:00,0.74593891
2025-03-25 21:00:00+00:00,0.7457238
2025-03-25 22:00:00+00:00,0.74414029
2025-03-25 23:00:00+00:00,0.74468807
2025-03-26 00:00:00+00:00,0.74936921
2025-03-26 01:00:00+00:00,0.75378573
2025-03-26 02:00:00+00:00,0.74222266
2025-03-26 03:00:00+00:00,0.74190064
2025-03-26 04:00:00+00:00,0.74768695
2025-03-26 05:00:00+00:00,0.75005627
2025-03-26 06:00:00+00:00,0.75325445
2025-03-26 07:00:00+00:00,0.76796019
2025-03-26 08:00:00+00:00,0.76686113
2025-03-26 09:00:00+00:00,0.76549851
2025-03-26 10:00:00+00:00,0.77062389
2025-03-26 11:00:00+00:00,0.76866781
2025-03-26 12:00:00+00:00,0.7682034
2025-03-26 13:00:00+00:00,0.747685
2025-03-26 14:00:00+00:00,0.74123825
2025-03-26 15:00:00+00:00,0.74037677
2025-03-26 16:00:00+00:00,0.73824297
2025-03-26 17:00:00+00:00,0.73007808
2025-03-26 18:00:00+00:00,0.72536318
2025-03-26 19:00:00+00:00,0.72727735
2025-03-26 20:00:00+00:00,0.73182395
2025-03-26 21:00:00+00:00,0.72903143
2025-03-26 22:00:00+00:00,0.72477115
2025-03-26 23:00:00+00:00,0.72871374
2025-03-27 00:00:00+00:00,0.73459413
2025-03-27 01:00:00+00:00,0.73590055
2025-03-27 02:00:00+00:00,0.74102063
2025-03-27 03:00:00+00:00,0.74224339
2025-03-27 04:00:00+00:00,0.7403433
2025-03-27 05:00:00+00:00,0.73487671
2025-03-27 06:00:00+00:00,0.73886161
2025-03-27 07:00:00+00:00,0.73803919
2025-03-27 08:00:00+00:00,0.73840205
2025-03-27 09:00:00+00:00,0.73809004
2025-03-27 10:00:00+00:00,0.73533976
2025-03-27 11:00:00+00:00,0.73204311
2025-03-27 12:00:00+00:00,0.73146367
2025-03-27 13:00:00+00:00,0.72854719
2025-03-27 14:00:00+00:00,0.74074984
2025-03-27 15:00:00+00:00,0.733595
2025-03-27 16:00:00+00:00,0.7325012
2025-03-27 17:00:00+00:00,0.72997511
2025-03-27 18:00:00+00:00,0.73543167
2025-03-27 19:00:00+00:00,0.73437251
2025-03-27 20:00:00+00:00,0.7368592
2025-03-27 21:00:00+00:00,0.74217678
2025-03-27 22:00:00+00:00,0.74002006
2025-03-27 23:00:00+00:00,0.73807344
2025-03-28 00:00:00+00:00,0.73949406
2025-03-28 01:00:00+00:00,0.74011284
2025-03-28 02:00:00+00:00,0.73566737
2025-03-28 03:00:00+00:00,0.73188515
2025-03-28 04:00:00+00:00,0.71751515
2025-03-28 05:00:00+00:00,0.7087423
2025-03-28 06:00:00+00:00,0.70574091
2025-03-28 07:00:00+00:00,0.70139036
2025-03-28 08:00:00+00:00,0.70176464
2025-03-28 09:00:00+00:00,0.69927583
2025-03-28 10:00:00+00:00,0.69771784
2025-03-28 11:00:00+00:00,0.70408227
2025-03-28 12:00:00+00:00,0.6984681
2025-03-28 13:00:00+00:00,0.69902559
2025-03-28 14:00:00+00:00,0.69983073
2025-03-28 15:00:00+00:00,0.69896782
2025-03-28 16:00:00+00:00,0.69270335
2025-03-28 17:00:00+00:00,0.69715865
2025-03-28 18:00:00+00:00,0.69858958
2025-03-28 19:00:00+00:00,0.6959305
2025-03-28 20:00:00+00:00,0.69826656
2025-03-28 21:00:00+00:00,0.7021098
2025-03-28 22:00:00+00:00,0.70764929
2025-03-28 23:00:00+00:00,0.7061252
2025-03-29 00:00:00+00:00,0.70831793
2025-03-29 01:00:00+00:00,0.70416482
2025-03-29 02:00:00+00:00,0.6951226
2025-03-29 03:00:00+00:00,0.70176183
2025-03-29 04:00:00+00:00,0.69760121
2025-03-29 05:00:00+00:00,0.69475878
2025-03-29 06:00:00+00:00,0.68880073
2025-03-29 07:00:00+00:00,0.68324107
2025-03-29 08:00:00+00:00,0.68508222
2025-03-29 09:00:00+00:00,0.67925377
2025-03-29 10:00:00+00:00,0.67079861
2025-03-29 11:00:00+00:00,0.66653391
2025-03-29 12:00:00+00:00,0.67104066
2025-03-29 13:00:00+00:00,0.67724906
2025-03-29 14:00:00+00:00,0.67033863
2025-03-29 15:00:00+00:00,0.67103783
2025-03-29 16:00:00+00:00,0.66563561
2025-03-29 17:00:00+00:00,0.66765994
2025-03-29 18:00:00+00:00,0.66836759
2025-03-29 19:00:00+00:00,0.67317869
2025-03-29 20:00:00+00:00,0.66645068
2025-03-29 21:00:00+00:00,0.66806377
2025-03-29 22:00:00+00:00,0.6680423
2025-03-29 23:00:00+00:00,0.67295112
2025-03-30 00:00:00+00:00,0.67258481
2025-03-30 01:00:00+00:00,0.67705424
2025-03-30 02:00:00+00:00,0.68129655
2025-03-30 03:00:00+00:00,0.67836428
2025-03-30 04:00:00+00:00,0.6813212
2025-03-30 05:00:00+00:00,0.68015969
2025-03-30 06:00:00+00:00,0.68206682
2025-03-30 07:00:00+00:00,0.68109957
2025-03-30 08:00:00+00:00,0.68680225
2025-03-30 09:00:00+00:00,0.68344042
2025-03-30 10:00:00+00:00,0.67651615
2025-03-30 11:00:00+00:00,0.67567706
2025-03-30 12:00:00+00:00,0.67477704
2025-03-30 13:00:00+00:00,0.66791457
2025-03-30 14:00:00+00:00,0.67015846
2025-03-30 15:00:00+00:00,0.66964233
2025-03-30 16:00:00+00:00,0.65938142
2025-03-30 17:00:00+00:00,0.66492801
2025-03-30 18:00:00+00:00,0.67345201
2025-03-30 19:00:00+00:00,0.66751254
2025-03-30 20:00:00+00:00,0.66596241
2025-03-30 21:00:00+00:00,0.66325429
2025-03-30 22:00:00+00:00,0.66297594
2025-03-30 23:00:00+00:00,0.66094538
2025-03-31 00:00:00+00:00,0.64999801
2025-03-31 01:00:00+00:00,0.65899993
2025-03-31 02:00:00+00:00,0.65693633
2025-03-31 03:00:00+00:00,0.64971216
2025-03-31 04:00:00+00:00,0.65423668
2025-03-31 05:00:00+00:00,0.65740741
2025-03-31 06:00:00+00:00,0.65332901
2025-03-31 07:00:00+00:00,0.64561075
2025-03-31 08:00:00+00:00,0.63995871
2025-03-31 09:00:00+00:00,0.63427459
2025-03-31 10:00:00+00:00,0.64295433
2025-03-31 11:00:00+00:00,0.6440913
2025-03-31 12:00:00+00:00,0.65111867
2025-03-31 13:00:00+00:00,0.64245527
2025-03-31 14:00:00+00:00,0.65618632
2025-03-31 15:00:00+00:00,0.65687424
2025-03-31 16:00:00+00:00,0.65773792
2025-03-31 17:00:00+00:00,0.65484632
2025-03-31 18:00:00+00:00,0.66112889
2025-03-31 19:00:00+00:00,0.65512098
2025-03-31 20:00:00+00:00,0.65621592
2025-03-31 21:00:00+00:00,0.65750789
2025-03-31 22:00:00+00:00,0.65851512
2025-03-31 23:00:00+00:00,0.66179933
2025-04-01 00:00:00+00:00,0.66251733
2025-04-01 01:00:00+00:00,0.66024117
2025-04-01 02:00:00+00:00,0.67000543
2025-04-01 03:00:00+00:00,0.66799689
2025-04-01 04:00:00+00:00,0.66995773
2025-04-01 05:00:00+00:00,0.66842828
2025-04-01 06:00:00+00:00,0.67375634
2025-04-01 07:00:00+00:00,0.66913435
2025-04-01 08:00:00+00:00,0.68086143
2025-04-01 09:00:00+00:00,0.68199415
2025-04-01 10:00:00+00:00,0.67627219
2025-04-01 11:00:00+00:00,0.67332411
2025-04-01 12:00:00+00:00,0.67388052
2025-04-01 13:00:00+00:00,0.6797232
2025-04-01 14:00:00+00:00,0.68283577
2025-04-01 15:00:00+00:00,0.69163603
2025-04-01 16:00:00+00:00,0.68770189
2025-04-01 17:00:00+00:00,0.68275981
2025-04-01 18:00:00+00:00,0.67799356
2025-04-01 19:00:00+00:00,0.6782023
2025-04-01 20:00:00+00:00,0.68054405
2025-04-01 21:00:00+00:00,0.67988634
2025-04-01 22:00:00+00:00,0.68018494
2025-04-01 23:00:00+00:00,0.67712817
2025-04-02 00:00:00+00:00,0.67360889
2025-04-02 01:00:00+00:00,0.67231145
2025-04-02 02:00:00+00:00,0.66872594
2025-04-02 03:00:00+00:00,0.67300393
2025-04-02 04:00:00+00:00,0.67480173
2025-04-02 05:00:00+00:00,0.66437894
2025-04-02 06:00:00+00:00,0.66354796
2025-04-02 07:00:00+00:00,0.67175049
2025-04-02 08:00:00+00:00,0.67300834
2025-04-02 09:00:00+00:00,0.6816888
2025-04-02 10:00:00+00:00,0.67895104
2025-04-02 11:00:00+00:00,0.6767866
2025-04-02 12:00:00+00:00,0.684976
2025-04-02 13:00:00+00:00,0.68273711
2025-04-02 14:00:00+00:00,0.68654089
2025-04-02 15:00:00+00:00,0.69207898
2025-04-02 16:00:00+00:00,0.68997617
2025-04-02 17:00:00+00:00,0.68379406
2025-04-02 18:00:00+00:00,0.68563708
2025-04-02 19:00:00+00:00,0.68974361
2025-04-02 20:00:00+00:00,0.67989597
2025-04-02 21:00:00+00:00,0.67236114
2025-04-02 22:00:00+00:00,0.63972373
2025-04-02 23:00:00+00:00,0.64013154
2025-04-03 00:00:00+00:00,0.6505417
2025-04-03 01:00:00+00:00,0.65383636
2025-04-03 02:00:00+00:00,0.65584528
2025-04-03 03:00:00+00:00,0.65177883
2025-04-03 04:00:00+00:00,0.65591669
2025-04-03 05:00:00+00:00,0.65039823
2025-04-03 06:00:00+00:00,0.64650998
2025-04-03 07:00:00+00:00,0.64944228
2025-04-03 08:00:00+00:00,0.65268397
2025-04-03 09:00:00+00:00,0.64792457
2025-04-03 10:00:00+00:00,0.64033583
2025-04-03 11:00:00+00:00,0.64306122
2025-04-03 12:00:00+00:00,0.6219871
2025-04-03 13:00:00+00:00,0.62961408
2025-04-03 14:00:00+00:00,0.61506904
2025-04-03 15:00:00+00:00,0.62826261
2025-04-03 16:00:00+00:00,0.62674894
2025-04-03 17:00:00+00:00,0.63169128
2025-04-03 18:00:00+00:00,0.6387355
2025-04-03 19:00:00+00:00,0.63808278
2025-04-03 20:00:00+00:00,0.64573917
2025-04-03 21:00:00+00:00,0.65105195
2025-04-03 22:00:00+00:00,0.64938004
2025-04-03 23:00:00+00:00,0.65059957
2025-04-04 00:00:00+00:00,0.64746114
2025-04-04 01:00:00+00:00,0.64375862
2025-04-04 02:00:00+00:00,0.64948546
2025-04-04 03:00:00+00:00,0.65167826
2025-04-04 04:00:00+00:00,0.64782716
2025-04-04 05:00:00+00:00,0.65549839
2025-04-04 06:00:00+00:00,0.65182917
2025-04-04 07:00:00+00:00,0.66290712
2025-04-04 08:00:00+00:00,0.65961059
2025-04-04 09:00:00+00:00,0.66052399
2025-04-04 10:00:00+00:00,0.64106929
2025-04-04 11:00:00+00:00,0.63610844
2025-04-04 12:00:00+00:00,0.64154687
2025-04-04 13:00:00+00:00,0.64828332
2025-04-04 14:00:00+00:00,0.65433465
2025-04-04 15:00:00+00:00,0.65690444
2025-04-04 16:00:00+00:00,0.65718638
2025-04-04 17:00:00+00:00,0.66504361
2025-04-04 18:00:00+00:00,0.65864023
2025-04-04 19:00:00+00:00,0.66105237
2025-04-04 20:00:00+00:00,0.66223603
2025-04-04 21:00:00+00:00,0.66310856
2025-04-04 22:00:00+00:00,0.66222513
2025-04-04 23:00:00+00:00,0.66030209
2025-04-05 00:00:00+00:00,0.66424671
2025-04-05 01:00:00+00:00,0.66244973
2025-04-05 02:00:00+00:00,0.66164686
2025-04-05 03:00:00+00:00,0.65757595
2025-04-05 04:00:00+00:00,0.65622352
2025-04-05 05:00:00+00:00,0.6564896
2025-04-05 06:00:00+00:00,0.65518377
2025-04-05 07:00:00+00:00,0.65652837
2025-04-05 08:00:00+00:00,0.6581096
2025-04-05 09:00:00+00:00,0.66191539
2025-04-05 10:00:00+00:00,0.66087595
2025-04-05 11:00:00+00:00,0.66116792
2025-04-05 12:00:00+00:00,0.65714594
2025-04-05 13:00:00+00:00,0.6489978
2025-04-05 14:00:00+00:00,0.65092044
2025-04-05 15:00:00+00:00,0.64776344
2025-04-05 16:00:00+00:00,0.64902406
2025-04-05 17:00:00+00:00,0.65020695
2025-04-05 18:00:00+00:00,0.65221876
2025-04-05 19:00:00+00:00,0.64671177
2025-04-05 20:00:00+00:00,0.64837302
2025-04-05 21:00:00+00:00,0.64739589
2025-04-05 22:00:00+00:00,0.6540181
2025-04-05 23:00:00+00:00,0.65467107
2025-04-06 00:00:00+00:00,0.65311703
2025-04-06 01:00:00+00:00,0.65053486
2025-04-06 02:00:00+00:00,0.64760979
2025-04-06 03:00:00+00:00,0.64677413
2025-04-06 04:00:00+00:00,0.64679415
2025-04-06 05:00:00+00:00,0.64779992
2025-04-06 06:00:00+00:00,0.64062443
2025-04-06 07:00:00+00:00,0.63844715
2025-04-06 08:00:00+00:00,0.63963215
2025-04-06 09:00:00+00:00,0.63981758
2025-04-06 10:00:00+00:00,0.63812564
2025-04-06 11:00:00+00:00,0.63841519
2025-04-06 12:00:00+00:00,0.63152327
2025-04-06 13:00:00+00:00,0.61999521
2025-04-06 14:00:00+00:00,0.63102517
2025-04-06 15:00:00+00:00,0.62752742
2025-04-06 16:00:00+00:00,0.62269656
2025-04-06 17:00:00+00:00,0.60912629
2025-04-06 18:00:00+00:00,0.58627746
2025-04-06 19:00:00+00:00,0.58960255
2025-04-06 20:00:00+00:00,0.57224532
2025-04-06 21:00:00+00:00,0.57895532
2025-04-06 22:00:00+00:00,0.5698304
2025-04-06 23:00:00+00:00,0.57366546
2025-04-07 00:00:00+00:00,0.57119236
2025-04-07 01:00:00+00:00,0.58033044
2025-04-07 02:00:00+00:00,0.57227123
2025-04-07 03:00:00+00:00,0.55704823
2025-04-07 04:00:00+00:00,0.5551091
2025-04-07 05:00:00+00:00,0.54841035
2025-04-07 06:00:00+00:00,0.51639929
2025-04-07 07:00:00+00:00,0.52046532
2025-04-07 08:00:00+00:00,0.54579701
2025-04-07 09:00:00+00:00,0.54473066
2025-04-07 10:00:00+00:00,0.55110341
2025-04-07 11:00:00+00:00,0.54217223
2025-04-07 12:00:00+00:00,0.54998237
2025-04-07 13:00:00+00:00,0.56803928
2025-04-07 14:00:00+00:00,0.5796405
2025-04-07 15:00:00+00:00,0.57421501
2025-04-07 16:00:00+00:00,0.56217921
2025-04-07 17:00:00+00:00,0.5822523
2025-04-07 18:00:00+00:00,0.5765587
2025-04-07 19:00:00+00:00,0.57674699
2025-04-07 20:00:00+00:00,0.58855544
2025-04-07 21:00:00+00:00,0.58741302
2025-04-07 22:00:00+00:00,0.59160367
2025-04-07 23:00:00+00:00,0.58626946
2025-04-08 00:00:00+00:00,0.5817734
2025-04-08 01:00:00+00:00,0.59823011
2025-04-08 02:00:00+00:00,0.59728025
2025-04-08 03:00:00+00:00,0.59310634
2025-04-08 04:00:00+00:00,0.598652
2025-04-08 05:00:00+00:00,0.59038801
2025-04-08 06:00:00+00:00,0.58327167
2025-04-08 07:00:00+00:00,0.58512888
2025-04-08 08:00:00+00:00,0.58174245
2025-04-08 09:00:00+00:00,0.583142
2025-04-08 10:00:00+00:00,0.58783855
2025-04-08 11:00:00+00:00,0.6055911
2025-04-08 12:00:00+00:00,0.60208601
2025-04-08 13:00:00+00:00,0.612543
2025-04-08 14:00:00+00:00,0.5958996
2025-04-08 15:00:00+00:00,0.59261388
2025-04-08 16:00:00+00:00,0.57387265
2025-04-08 17:00:00+00:00,0.57390164
2025-04-08 18:00:00+00:00,0.57186041
2025-04-08 19:00:00+00:00,0.56009113
2025-04-08 20:00:00+00:00,0.56384517
2025-04-08 21:00:00+00:00,0.56369377
2025-04-08 22:00:00+00:00,0.56043153
2025-04-08 23:00:00+00:00,0.55834717
2025-04-09 00:00:00+00:00,0.55627413
2025-04-09 01:00:00+00:00,0.55524837
2025-04-09 02:00:00+00:00,0.55355663
2025-04-09 03:00:00+00:00,0.55106582
2025-04-09 04:00:00+00:00,0.5592714
2025-04-09 05:00:00+00:00,0.56564077
2025-04-09 06:00:00+00:00,0.56640614
2025-04-09 07:00:00+00:00,0.57574158
2025-04-09 08:00:00+00:00,0.57510582
2025-04-09 09:00:00+00:00,0.56969419
2025-04-09 10:00:00+00:00,0.57045198
2025-04-09 11:00:00+00:00,0.55906471
2025-04-09 12:00:00+00:00,0.56186323
2025-04-09 13:00:00+00:00,0.56978372
2025-04-09 14:00:00+00:00,0.56573364
2025-04-09 15:00:00+00:00,0.57003791
2025-04-09 16:00:00+00:00,0.5794615
2025-04-09 17:00:00+00:00,0.63694744
2025-04-09 18:00:00+00:00,0.62693092
2025-04-09 19:00:00+00:00,0.63230519
2025-04-09 20:00:00+00:00,0.64051435
2025-04-09 21:00:00+00:00,0.64324112
2025-04-09 22:00:00+00:00,0.638709
2025-04-09 23:00:00+00:00,0.63151356
2025-04-10 00:00:00+00:00,0.62385161
2025-04-10 01:00:00+00:00,0.62128202
2025-04-10 02:00:00+00:00,0.61983587
2025-04-10 03:00:00+00:00,0.61458446
2025-04-10 04:00:00+00:00,0.61647312
2025-04-10 05:00:00+00:00,0.6238005
2025-04-10 06:00:00+00:00,0.62480445
2025-04-10 07:00:00+00:00,0.61998584
2025-04-10 08:00:00+00:00,0.62133849
2025-04-10 09:00:00+00:00,0.62613507
2025-04-10 10:00:00+00:00,0.62468471
2025-04-10 11:00:00+00:00,0.62090439
2025-04-10 12:00:00+00:00,0.6205072
2025-04-10 13:00:00+00:00,0.61219015
2025-04-10 14:00:00+00:00,0.61266053
2025-04-10 15:00:00+00:00,0.58999176
2025-04-10 16:00:00+00:00,0.59295414
2025-04-10 17:00:00+00:00,0.59309545
2025-04-10 18:00:00+00:00,0.59746501
2025-04-10 19:00:00+00:00,0.59869215
2025-04-10 20:00:00+00:00,0.60592768
2025-04-10 21:00:00+00:00,0.60255048
2025-04-10 22:00:00+00:00,0.60694973
2025-04-10 23:00:00+00:00,0.60948703
2025-04-11 00:00:00+00:00,0.60673346
2025-04-11 01:00:00+00:00,0.62112708
2025-04-11 02:00:00+00:00,0.61878607
2025-04-11 03:00:00+00:00,0.62356876
2025-04-11 04:00:00+00:00,0.62581288
2025-04-11 05:00:00+00:00,0.62894963
2025-04-11 06:00:00+00:00,0.62936156
2025-04-11 07:00:00+00:00,0.62748966
2025-04-11 08:00:00+00:00,0.62651654
2025-04-11 09:00:00+00:00,0.63207313
2025-04-11 10:00:00+00:00,0.63286993
2025-04-11 11:00:00+00:00,0.62305759
2025-04-11 12:00:00+00:00,0.62304431
2025-04-11 13:00:00+00:00,0.62631622
2025-04-11 14:00:00+00:00,0.61882115
2025-04-11 15:00:00+00:00,0.6214525
2025-04-11 16:00:00+00:00,0.62193366
2025-04-11 17:00:00+00:00,0.63066262
2025-04-11 18:00:00+00:00,0.6271357
2025-04-11 19:00:00+00:00,0.62780851
2025-04-11 20:00:00+00:00,0.62991272
2025-04-11 21:00:00+00:00,0.6279885
2025-04-11 22:00:00+00:00,0.62609674
2025-04-11 23:00:00+00:00,0.62391633
2025-04-12 00:00:00+00:00,0.62206426
2025-04-12 01:00:00+00:00,0.62107418
2025-04-12 02:00:00+00:00,0.61768118
2025-04-12 03:00:00+00:00,0.62182258
2025-04-12 04:00:00+00:00,0.62650483
2025-04-12 05:00:00+00:00,0.62884832
2025-04-12 06:00:00+00:00,0.63325747
2025-04-12 07:00:00+00:00,0.63274523
2025-04-12 08:00:00+00:00,0.63058808
2025-04-12 09:00:00+00:00,0.63380723
2025-04-12 10:00:00+00:00,0.63416754
2025-04-12 11:00:00+00:00,0.63697472
2025-04-12 12:00:00+00:00,0.63831784
2025-04-12 13:00:00+00:00,0.65377973
2025-04-12 14:00:00+00:00,0.66041183
2025-04-12 15:00:00+00:00,0.65998006
2025-04-12 16:00:00+00:00,0.65449482
2025-04-12 17:00:00+00:00,0.64878918
2025-04-12 18:00:00+00:00,0.65617837
2025-04-12 19:00:00+00:00,0.65476086
2025-04-12 20:00:00+00:00,0.65837682
2025-04-12 21:00:00+00:00,0.65681482
2025-04-12 22:00:00+00:00,0.66299605
2025-04-12 23:00:00+00:00,0.65943398
2025-04-13 00:00:00+00:00,0.66034034
2025-04-13 01:00:00+00:00,0.65264844
2025-04-13 02:00:00+00:00,0.6521777
2025-04-13 03:00:00+00:00,0.65105629
2025-04-13 04:00:00+00:00,0.64450836
2025-04-13 05:00:00+00:00,0.64447389
2025-04-13 06:00:00+00:00,0.64518595
2025-04-13 07:00:00+00:00,0.64367207
2025-04-13 08:00:00+00:00,0.64752343
2025-04-13 09:00:00+00:00,0.66608754
2025-04-13 10:00:00+00:00,0.6590303
2025-04-13 11:00:00+00:00,0.65172617
2025-04-13 12:00:00+00:00,0.65026802
2025-04-13 13:00:00+00:00,0.63965851
2025-04-13 14:00:00+00:00,0.64393506
2025-04-13 15:00:00+00:00,0.64414697
2025-04-13 16:00:00+00:00,0.64942451
2025-04-13 17:00:00+00:00,0.65817445
2025-04-13 18:00:00+00:00,0.65659627
2025-04-13 19:00:00+00:00,0.64170181
2025-04-13 20:00:00+00:00,0.63755439
2025-04-13 21:00:00+00:00,0.63876268
2025-04-13 22:00:00+00:00,0.63291314
2025-04-13 23:00:00+00:00,0.63822927
2025-04-14 00:00:00+00:00,0.64234309
2025-04-14 01:00:00+00:00,0.63890316
2025-04-14 02:00:00+00:00,0.64762796
2025-04-14 03:00:00+00:00,0.64358731
2025-04-14 04:00:00+00:00,0.6509671
2025-04-14 05:00:00+00:00,0.64534675
2025-04-14 06:00:00+00:00,0.63931702
2025-04-14 07:00:00+00:00,0.64164408
2025-04-14 08:00:00+00:00,0.64243009
2025-04-14 09:00:00+00:00,0.63883781
2025-04-14 10:00:00+00:00,0.64816717
2025-04-14 11:00:00+00:00,0.64967845
2025-04-14 12:00:00+00:00,0.65235693
2025-04-14 13:00:00+00:00,0.6430214
2025-04-14 14:00:00+00:00,0.65253278
2025-04-14 15:00:00+00:00,0.63354814
2025-04-14 16:00:00+00:00,0.63345374
2025-04-14 17:00:00+00:00,0.64015554
2025-04-14 18:00:00+00:00,0.63921928
2025-04-14 19:00:00+00:00,0.63976383
2025-04-14 20:00:00+00:00,0.6350345
2025-04-14 21:00:00+00:00,0.63605511
2025-04-14 22:00:00+00:00,0.6334128
2025-04-14 23:00:00+00:00,0.63523905
2025-04-15 00:00:00+00:00,0.63688773
2025-04-15 01:00:00+00:00,0.63884143
2025-04-15 02:00:00+00:00,0.63747687
2025-04-15 03:00:00+00:00,0.64453482
2025-04-15 04:00:00+00:00,0.643948
2025-04-15 05:00:00+00:00,0.64172658
2025-04-15 06:00:00+00:00,0.63932282
2025-04-15 07:00:00+00:00,0.64556519
2025-04-15 08:00:00+00:00,0.64520366
2025-04-15 09:00:00+00:00,0.64537477
2025-04-15 10:00:00+00:00,0.63851924
2025-04-15 11:00:00+00:00,0.63735791
2025-04-15 12:00:00+00:00,0.63602957
2025-04-15 13:00:00+00:00,0.63729456
2025-04-15 14:00:00+00:00,0.62828754
2025-04-15 15:00:00+00:00,0.62315109
2025-04-15 16:00:00+00:00,0.62165773
2025-04-15 17:00:00+00:00,0.6191555
2025-04-15 18:00:00+00:00,0.61917994
2025-04-15 19:00:00+00:00,0.61870411
2025-04-15 20:00:00+00:00,0.61743556
2025-04-15 21:00:00+00:00,0.6171839
2025-04-15 22:00:00+00:00,0.61074689
2025-04-15 23:00:00+00:00,0.60915262
2025-04-16 00:00:00+00:00,0.60841559
2025-04-16 01:00:00+00:00,0.61495928
2025-04-16 02:00:00+00:00,0.61408597
2025-04-16 03:00:00+00:00,0.61168675
2025-04-16 04:00:00+00:00,0.60975285
2025-04-16 05:00:00+00:00,0.60547056
2025-04-16 06:00:00+00:00,0.60816745
2025-04-16 07:00:00+00:00,0.60356368
2025-04-16 08:00:00+00:00,0.60836493
2025-04-16 09:00:00+00:00,0.60219007
2025-04-16 10:00:00+00:00,0.60640041
2025-04-16 11:00:00+00:00,0.60692317
2025-04-16 12:00:00+00:00,0.60372751
2025-04-16 13:00:00+00:00,0.60272704
2025-04-16 14:00:00+00:00,0.61164939
2025-04-16 15:00:00+00:00,0.60991848
2025-04-16 16:00:00+00:00,0.61000596
2025-04-16 17:00:00+00:00,0.59606339
2025-04-16 18:00:00+00:00,0.60566976
2025-04-16 19:00:00+00:00,0.61515429
2025-04-16 20:00:00+00:00,0.61194149
2025-04-16 21:00:00+00:00,0.615176
2025-04-16 22:00:00+00:00,0.61553433
2025-04-16 23:00:00+00:00,0.61057735
2025-04-17 00:00:00+00:00,0.61162035
2025-04-17 01:00:00+00:00,0.61547406
2025-04-17 02:00:00+00:00,0.61340487
2025-04-17 03:00:00+00:00,0.61316151
2025-04-17 04:00:00+00:00,0.61412675
2025-04-17 05:00:00+00:00,0.61891577
2025-04-17 06:00:00+00:00,0.62207412
2025-04-17 07:00:00+00:00,0.61937603
2025-04-17 08:00:00+00:00,0.61586319
2025-04-17 09:00:00+00:00,0.6164888
2025-04-17 10:00:00+00:00,0.61554545
2025-04-17 11:00:00+00:00,0.61886863
2025-04-17 12:00:00+00:00,0.6218632
2025-04-17 13:00:00+00:00,0.62023981
2025-04-17 14:00:00+00:00,0.61372116
2025-04-17 15:00:00+00:00,0.61949341
2025-04-17 16:00:00+00:00,0.62681591
2025-04-17 17:00:00+00:00,0.62759778
2025-04-17 18:00:00+00:00,0.62292523
2025-04-17 19:00:00+00:00,0.61927764
2025-04-17 20:00:00+00:00,0.62225075
2025-04-17 21:00:00+00:00,0.6210664
2025-04-17 22:00:00+00:00,0.61666091
2025-04-17 23:00:00+00:00,0.61671556
2025-04-18 00:00:00+00:00,0.61308585
2025-04-18 01:00:00+00:00,0.6145737
2025-04-18 02:00:00+00:00,0.61351528
2025-04-18 03:00:00+00:00,0.61319497
2025-04-18 04:00:00+00:00,0.6144192
2025-04-18 05:00:00+00:00,0.61497728
2025-04-18 06:00:00+00:00,0.6148767
2025-04-18 07:00:00+00:00,0.61469778
2025-04-18 08:00:00+00:00,0.61623628
2025-04-18 09:00:00+00:00,0.61542106
2025-04-18 10:00:00+00:00,0.61238535
2025-04-18 11:00:00+00:00,0.61621062
2025-04-18 12:00:00+00:00,0.61724486
2025-04-18 13:00:00+00:00,0.6180758
2025-04-18 14:00:00+00:00,0.61716265
2025-04-18 15:00:00+00:00,0.61621621
2025-04-18 16:00:00+00:00,0.61994445
2025-04-18 17:00:00+00:00,0.6260292
2025-04-18 18:00:00+00:00,0.62703768
2025-04-18 19:00:00+00:00,0.6272931
2025-04-18 20:00:00+00:00,0.62814327
2025-04-18 21:00:00+00:00,0.63104513
2025-04-18 22:00:00+00:00,0.62766048
2025-04-18 23:00:00+00:00,0.62755711
2025-04-19 00:00:00+00:00,0.62878665
2025-04-19 01:00:00+00:00,0.63030478
2025-04-19 02:00:00+00:00,0.63289244
2025-04-19 03:00:00+00:00,0.63208878
2025-04-19 04:00:00+00:00,0.63219122
2025-04-19 05:00:00+00:00,0.63135703
2025-04-19 06:00:00+00:00,0.62919553
2025-04-19 07:00:00+00:00,0.63073091
2025-04-19 08:00:00+00:00,0.63097066
2025-04-19 09:00:00+00:00,0.62882887
2025-04-19 10:00:00+00:00,0.62770437
2025-04-19 11:00:00+00:00,0.62709058
2025-04-19 12:00:00+00:00,0.6274674
2025-04-19 13:00:00+00:00,0.62775103
2025-04-19 14:00:00+00:00,0.62412942
2025-04-19 15:00:00+00:00,0.62244877
2025-04-19 16:00:00+00:00,0.62004082
2025-04-19 17:00:00+00:00,0.6250942
2025-04-19 18:00:00+00:00,0.62572508
2025-04-19 19:00:00+00:00,0.62749657
2025-04-19 20:00:00+00:00,0.62912336
2025-04-19 21:00:00+00:00,0.62995314
2025-04-19 22:00:00+00:00,0.63031951
2025-04-19 23:00:00+00:00,0.62810357
2025-04-20 00:00:00+00:00,0.62941313
2025-04-20 01:00:00+00:00,0.63428726
2025-04-20 02:00:00+00:00,0.63290275
2025-04-20 03:00:00+00:00,0.63117873
2025-04-20 04:00:00+00:00,0.631696
2025-04-20 05:00:00+00:00,0.63080872
2025-04-20 06:00:00+00:00,0.62725545
2025-04-20 07:00:00+00:00,0.62520061
2025-04-20 08:00:00+00:00,0.62252515
2025-04-20 09:00:00+00:00,0.6210353
2025-04-20 10:00:00+00:00,0.61362574
2025-04-20 11:00:00+00:00,0.61496314
2025-04-20 12:00:00+00:00,0.61618685
2025-04-20 13:00:00+00:00,0.61545678
2025-04-20 14:00:00+00:00,0.61623626
2025-04-20 15:00:00+00:00,0.61162926
2025-04-20 16:00:00+00:00,0.61562905
2025-04-20 17:00:00+00:00,0.6159442
2025-04-20 18:00:00+00:00,0.61617443
2025-04-20 19:00:00+00:00,0.61949661
2025-04-20 20:00:00+00:00,0.62107001
2025-04-20 21:00:00+00:00,0.62089057
2025-04-20 22:00:00+00:00,0.61874732
2025-04-20 23:00:00+00:00,0.62019466
2025-04-21 00:00:00+00:00,0.63373398
2025-04-21 01:00:00+00:00,0.63887756
2025-04-21 02:00:00+00:00,0.63677699
2025-04-21 03:00:00+00:00,0.63682861
2025-04-21 04:00:00+00:00,0.64069243
2025-04-21 05:00:00+00:00,0.64339299
2025-04-21 06:00:00+00:00,0.64310178
2025-04-21 07:00:00+00:00,0.64321683
2025-04-21 08:00:00+00:00,0.64680735
2025-04-21 09:00:00+00:00,0.64805022
2025-04-21 10:00:00+00:00,0.64500394
2025-04-21 11:00:00+00:00,0.63894659
2025-04-21 12:00:00+00:00,0.64109712
2025-04-21 13:00:00+00:00,0.63965804
2025-04-21 14:00:00+00:00,0.64387692
2025-04-21 15:00:00+00:00,0.6358182
2025-04-21 16:00:00+00:00,0.62355305
2025-04-21 17:00:00+00:00,0.62103191
2025-04-21 18:00:00+00:00,0.61917939
2025-04-21 19:00:00+00:00,0.6240561
2025-04-21 20:00:00+00:00,0.6229208
2025-04-21 21:00:00+00:00,0.62078049
2025-04-21 22:00:00+00:00,0.62099327
2025-04-21 23:00:00+00:00,0.62420887
2025-04-22 00:00:00+00:00,0.62252882
2025-04-22 01:00:00+00:00,0.62975081
2025-04-22 02:00:00+00:00,0.62394888
2025-04-22 03:00:00+00:00,0.62400112
2025-04-22 04:00:00+00:00,0.62224078
2025-04-22 05:00:00+00:00,0.62625063
2025-04-22 06:00:00+00:00,0.62618645
2025-04-22 07:00:00+00:00,0.63287561
2025-04-22 08:00:00+00:00,0.63647319
2025-04-22 09:00:00+00:00,0.63877805
2025-04-22 10:00:00+00:00,0.63988591
2025-04-22 11:00:00+00:00,0.64048427
2025-04-22 12:00:00+00:00,0.64055192
2025-04-22 13:00:00+00:00,0.64981306
2025-04-22 14:00:00+00:00,0.6590797
2025-04-22 15:00:00+00:00,0.65603616
2025-04-22 16:00:00+00:00,0.65417779
2025-04-22 17:00:00+00:00,0.65748758
2025-04-22 18:00:00+00:00,0.65811276
2025-04-22 19:00:00+00:00,0.65675455
2025-04-22 20:00:00+00:00,0.65493154
2025-04-22 21:00:00+00:00,0.67309676
2025-04-22 22:00:00+00:00,0.67295417
2025-04-22 23:00:00+00:00,0.67937336
2025-04-23 00:00:00+00:00,0.67848635
2025-04-23 01:00:00+00:00,0.67792051
2025-04-23 02:00:00+00:00,0.69019574
2025-04-23 03:00:00+00:00,0.69375644
2025-04-23 04:00:00+00:00,0.69978455
2025-04-23 05:00:00+00:00,0.69308138
2025-04-23 06:00:00+00:00,0.69558989
2025-04-23 07:00:00+00:00,0.7009625
2025-04-23 08:00:00+00:00,0.70463801
2025-04-23 09:00:00+00:00,0.70552498
2025-04-23 10:00:00+00:00,0.70313809
2025-04-23 11:00:00+00:00,0.70160496
2025-04-23 12:00:00+00:00,0.70850948
2025-04-23 13:00:00+00:00,0.70030952
2025-04-23 14:00:00+00:00,0.69781417
2025-04-23 15:00:00+00:00,0.69846395
2025-04-23 16:00:00+00:00,0.70433403
2025-04-23 17:00:00+00:00,0.70587474
2025-04-23 18:00:00+00:00,0.70472428
2025-04-23 19:00:00+00:00,0.69840939
2025-04-23 20:00:00+00:00,0.70069282
2025-04-23 21:00:00+00:00,0.69718191
2025-04-23 22:00:00+00:00,0.70154834
2025-04-23 23:00:00+00:00,0.69776111
2025-04-24 00:00:00+00:00,0.69387427
2025-04-24 01:00:00+00:00,0.69380622
2025-04-24 02:00:00+00:00,0.68608664
2025-04-24 03:00:00+00:00,0.68055811
2025-04-24 04:00:00+00:00,0.68289609
2025-04-24 05:00:00+00:00,0.68600464
2025-04-24 06:00:00+00:00,0.68394908
2025-04-24 07:00:00+00:00,0.67850078
2025-04-24 08:00:00+00:00,0.67343376
2025-04-24 09:00:00+00:00,0.68302053
2025-04-24 10:00:00+00:00,0.69082139
2025-04-24 11:00:00+00:00,0.68741328
2025-04-24 12:00:00+00:00,0.69460822
2025-04-24 13:00:00+00:00,0.69679272
2025-04-24 14:00:00+00:00,0.71209117
2025-04-24 15:00:00+00:00,0.72584771
2025-04-24 16:00:00+00:00,0.73220397
2025-04-24 17:00:00+00:00,0.72314569
2025-04-24 18:00:00+00:00,0.7278732
2025-04-24 19:00:00+00:00,0.72815544
2025-04-24 20:00:00+00:00,0.72078094
2025-04-24 21:00:00+00:00,0.71841871
2025-04-24 22:00:00+00:00,0.71471426
2025-04-24 23:00:00+00:00,0.72201621
2025-04-25 00:00:00+00:00,0.71939636
2025-04-25 01:00:00+00:00,0.71520757
2025-04-25 02:00:00+00:00,0.70438466
2025-04-25 03:00:00+00:00,0.71149445
2025-04-25 04:00:00+00:00,0.70941573
2025-04-25 05:00:00+00:00,0.71362786
2025-04-25 06:00:00+00:00,0.72003422
2025-04-25 07:00:00+00:00,0.72239682
2025-04-25 08:00:00+00:00,0.72233683
2025-04-25 09:00:00+00:00,0.72098042
2025-04-25 10:00:00+00:00,0.71278561
2025-04-25 11:00:00+00:00,0.72085396
2025-04-25 12:00:00+00:00,0.71449212
2025-04-25 13:00:00+00:00,0.70982782
2025-04-25 14:00:00+00:00,0.72339449
2025-04-25 15:00:00+00:00,0.71953747
2025-04-25 16:00:00+00:00,0.72517698
2025-04-25 17:00:00+00:00,0.71648843
2025-04-25 18:00:00+00:00,0.71735758
2025-04-25 19:00:00+00:00,0.71701368
2025-04-25 20:00:00+00:00,0.7130387
2025-04-25 21:00:00+00:00,0.70779346
2025-04-25 22:00:00+00:00,0.71471139
2025-04-25 23:00:00+00:00,0.71347649
2025-04-26 00:00:00+00:00,0.72080985
2025-04-26 01:00:00+00:00,0.72559284
2025-04-26 02:00:00+00:00,0.72313261
2025-04-26 03:00:00+00:00,0.72119283
2025-04-26 04:00:00+00:00,0.71453676
2025-04-26 05:00:00+00:00,0.71885765
2025-04-26 06:00:00+00:00,0.72629013
2025-04-26 07:00:00+00:00,0.72611004
2025-04-26 08:00:00+00:00,0.72259382
2025-04-26 09:00:00+00:00,0.71790869
2025-04-26 10:00:00+00:00,0.7173141
2025-04-26 11:00:00+00:00,0.70745129
2025-04-26 12:00:00+00:00,0.70805799
2025-04-26 13:00:00+00:00,0.70489774
2025-04-26 14:00:00+00:00,0.70757069
2025-04-26 15:00:00+00:00,0.70983048
2025-04-26 16:00:00+00:00,0.70724643
2025-04-26 17:00:00+00:00,0.70785242
2025-04-26 18:00:00+00:00,0.70456632
2025-04-26 19:00:00+00:00,0.707085
2025-04-26 20:00:00+00:00,0.70310351
2025-04-26 21:00:00+00:00,0.70440619
2025-04-26 22:00:00+00:00,0.70837401
2025-04-26 23:00:00+00:00,0.70695003
2025-04-27 00:00:00+00:00,0.71515281
2025-04-27 01:00:00+00:00,0.6972256
2025-04-27 02:00:00+00:00,0.70075395
2025-04-27 03:00:00+00:00,0.70395776
2025-04-27 04:00:00+00:00,0.69668407
2025-04-27 05:00:00+00:00,0.69460987
2025-04-27 06:00:00+00:00,0.69941863
2025-04-27 07:00:00+00:00,0.69989372
2025-04-27 08:00:00+00:00,0.70030259
2025-04-27 09:00:00+00:00,0.69962531
2025-04-27 10:00:00+00:00,0.69931073
2025-04-27 11:00:00+00:00,0.69687585
2025-04-27 12:00:00+00:00,0.69711248
2025-04-27 13:00:00+00:00,0.70060557
2025-04-27 14:00:00+00:00,0.69914847
2025-04-27 15:00:00+00:00,0.69601723
2025-04-27 16:00:00+00:00,0.69474484
2025-04-27 17:00:00+00:00,0.69859606
2025-04-27 18:00:00+00:00,0.70414377
2025-04-27 19:00:00+00:00,0.71583601
2025-04-27 20:00:00+00:00,0.71262793
2025-04-27 21:00:00+00:00,0.71384073
2025-04-27 22:00:00+00:00,0.71064016
2025-04-27 23:00:00+00:00,0.70322204
2025-04-28 00:00:00+00:00,0.69988752
2025-04-28 01:00:00+00:00,0.68397799
2025-04-28 02:00:00+00:00,0.69554397
2025-04-28 03:00:00+00:00,0.70699797
2025-04-28 04:00:00+00:00,0.71145457
2025-04-28 05:00:00+00:00,0.71331514
2025-04-28 06:00:00+00:00,0.71785474
2025-04-28 07:00:00+00:00,0.72503708
2025-04-28 08:00:00+00:00,0.72240045
2025-04-28 09:00:00+00:00,0.71888449
2025-04-28 10:00:00+00:00,0.72109322
2025-04-28 11:00:00+00:00,0.72231786
2025-04-28 12:00:00+00:00,0.71406647
2025-04-28 13:00:00+00:00,0.70512191
2025-04-28 14:00:00+00:00,0.70271886
2025-04-28 15:00:00+00:00,0.69015559
2025-04-28 16:00:00+00:00,0.68870758
2025-04-28 17:00:00+00:00,0.69887895
2025-04-28 18:00:00+00:00,0.69903026
2025-04-28 19:00:00+00:00,0.70673459
2025-04-28 20:00:00+00:00,0.69829777
2025-04-28 21:00:00+00:00,0.7006005
2025-04-28 22:00:00+00:00,0.70303889
2025-04-28 23:00:00+00:00,0.7054676
2025-04-29 00:00:00+00:00,0.70779912
2025-04-29 01:00:00+00:00,0.70445952
2025-04-29 02:00:00+00:00,0.7001514
2025-04-29 03:00:00+00:00,0.70348688
2025-04-29 04:00:00+00:00,0.69780308
2025-04-29 05:00:00+00:00,0.70047103
2025-04-29 06:00:00+00:00,0.71254922
2025-04-29 07:00:00+00:00,0.71187999
2025-04-29 08:00:00+00:00,0.71306283
2025-04-29 09:00:00+00:00,0.71308148
2025-04-29 10:00:00+00:00,0.70999969
2025-04-29 11:00:00+00:00,0.71423451
2025-04-29 12:00:00+00:00,0.7098984
2025-04-29 13:00:00+00:00,0.70855435
2025-04-29 14:00:00+00:00,0.71548318
2025-04-29 15:00:00+00:00,0.70844438
2025-04-29 16:00:00+00:00,0.71347274
2025-04-29 17:00:00+00:00,0.71186352
2025-04-29 18:00:00+00:00,0.71303269
2025-04-29 19:00:00+00:00,0.70825379
2025-04-29 20:00:00+00:00,0.70457332
2025-04-29 21:00:00+00:00,0.70013895
2025-04-29 22:00:00+00:00,0.69417069
2025-04-29 23:00:00+00:00,0.69583039
2025-04-30 00:00:00+00:00,0.69737071
2025-04-30 01:00:00+00:00,0.69573172
2025-04-30 02:00:00+00:00,0.69881451
2025-04-30 03:00:00+00:00,0.70250671
2025-04-30 04:00:00+00:00,0.70203891
2025-04-30 05:00:00+00:00,0.69815148
2025-04-30 06:00:00+00:00,0.69768852
2025-04-30 07:00:00+00:00,0.69460991
2025-04-30 08:00:00+00:00,0.69503791
2025-04-30 09:00:00+00:00,0.69709928
2025-04-30 10:00:00+00:00,0.69888311
2025-04-30 11:00:00+00:00,0.69981974
2025-04-30 12:00:00+00:00,0.687152
2025-04-30 13:00:00+00:00,0.6663046
2025-04-30 14:00:00+00:00,0.67593721
2025-04-30 15:00:00+00:00,0.67641548
2025-04-30 16:00:00+00:00,0.67842858
2025-04-30 17:00:00+00:00,0.68294781
2025-04-30 18:00:00+00:00,0.68062227
2025-04-30 19:00:00+00:00,0.68282982
2025-04-30 20:00:00+00:00,0.68407263
2025-04-30 21:00:00+00:00,0.68293376
2025-04-30 22:00:00+00:00,0.68077957
2025-04-30 23:00:00+00:00,0.68157062
2025-05-01 00:00:00+00:00,0.68566895
2025-05-01 01:00:00+00:00,0.68914619
2025-05-01 02:00:00+00:00,0.68762754
2025-05-01 03:00:00+00:00,0.68863616
2025-05-01 04:00:00+00:00,0.68775795
2025-05-01 05:00:00+00:00,0.69271883
2025-05-01 06:00:00+00:00,0.6905179
2025-05-01 07:00:00+00:00,0.69168605
2025-05-01 08:00:00+00:00,0.69904494
2025-05-01 09:00:00+00:00,0.70004143
2025-05-01 10:00:00+00:00,0.70638458
2025-05-01 11:00:00+00:00,0.70681376
2025-05-01 12:00:00+00:00,0.70420452
2025-05-01 13:00:00+00:00,0.69483467
2025-05-01 14:00:00+00:00,0.70610433
2025-05-01 15:00:00+00:00,0.70161904
2025-05-01 16:00:00+00:00,0.70602966
2025-05-01 17:00:00+00:00,0.70416633
2025-05-01 18:00:00+00:00,0.70613631
2025-05-01 19:00:00+00:00,0.7048883
2025-05-01 20:00:00+00:00,0.70568297
2025-05-01 21:00:00+00:00,0.71159327
2025-05-01 22:00:00+00:00,0.709934
2025-05-01 23:00:00+00:00,0.70502264
2025-05-02 00:00:00+00:00,0.7105976
2025-05-02 01:00:00+00:00,0.70756784
2025-05-02 02:00:00+00:00,0.71936542
2025-05-02 03:00:00+00:00,0.71367796
2025-05-02 04:00:00+00:00,0.71060352
2025-05-02 05:00:00+00:00,0.70980108
2025-05-02 06:00:00+00:00,0.71161309
2025-05-02 07:00:00+00:00,0.70083729
2025-05-02 08:00:00+00:00,0.70436022
2025-05-02 09:00:00+00:00,0.70462978
2025-05-02 10:00:00+00:00,0.70588567
2025-05-02 11:00:00+00:00,0.70581765
2025-05-02 12:00:00+00:00,0.71314072
2025-05-02 13:00:00+00:00,0.70776698
2025-05-02 14:00:00+00:00,0.7144267
2025-05-02 15:00:00+00:00,0.70579819
2025-05-02 16:00:00+00:00,0.7080923
2025-05-02 17:00:00+00:00,0.70233258
2025-05-02 18:00:00+00:00,0.69897204
2025-05-02 19:00:00+00:00,0.69101801
2025-05-02 20:00:00+00:00,0.69595391
2025-05-02 21:00:00+00:00,0.69358663
2025-05-02 22:00:00+00:00,0.69408262
2025-05-02 23:00:00+00:00,0.69821989
2025-05-03 00:00:00+00:00,0.69507811
2025-05-03 01:00:00+00:00,0.69343396
2025-05-03 02:00:00+00:00,0.69806267
2025-05-03 03:00:00+00:00,0.69793244
2025-05-03 04:00:00+00:00,0.70143537
2025-05-03 05:00:00+00:00,0.70021712
2025-05-03 06:00:00+00:00,0.69699972
2025-05-03 07:00:00+00:00,0.69912843
2025-05-03 08:00:00+00:00,0.70276078
2025-05-03 09:00:00+00:00,0.70037928
2025-05-03 10:00:00+00:00,0.69474597
2025-05-03 11:00:00+00:00,0.69578339
2025-05-03 12:00:00+00:00,0.70247504
2025-05-03 13:00:00+00:00,0.71056434
2025-05-03 14:00:00+00:00,0.71881535
2025-05-03 15:00:00+00:00,0.72133933
2025-05-03 16:00:00+00:00,0.71738244
2025-05-03 17:00:00+00:00,0.71513101
2025-05-03 18:00:00+00:00,0.70773965
2025-05-03 19:00:00+00:00,0.71320725
2025-05-03 20:00:00+00:00,0.70771302
2025-05-03 21:00:00+00:00,0.70577124
2025-05-03 22:00:00+00:00,0.70508177
2025-05-03 23:00:00+00:00,0.6996063
2025-05-04 00:00:00+00:00,0.69861657
2025-05-04 01:00:00+00:00,0.70717291
2025-05-04 02:00:00+00:00,0.7055663
2025-05-04 03:00:00+00:00,0.69778588
2025-05-04 04:00:00+00:00,0.69598992
2025-05-04 05:00:00+00:00,0.70407112
2025-05-04 06:00:00+00:00,0.7009654
2025-05-04 07:00:00+00:00,0.69856892
2025-05-04 08:00:00+00:00,0.69182277
2025-05-04 09:00:00+00:00,0.689322
2025-05-04 10:00:00+00:00,0.69179341
2025-05-04 11:00:00+00:00,0.68997078
2025-05-04 12:00:00+00:00,0.68907605
2025-05-04 13:00:00+00:00,0.68518019
2025-05-04 14:00:00+00:00,0.6906294
2025-05-04 15:00:00+00:00,0.69035238
2025-05-04 16:00:00+00:00,0.68467691
2025-05-04 17:00:00+00:00,0.68483761
2025-05-04 18:00:00+00:00,0.68283894
2025-05-04 19:00:00+00:00,0.6856669
2025-05-04 20:00:00+00:00,0.68833249
2025-05-04 21:00:00+00:00,0.68807085
2025-05-04 22:00:00+00:00,0.67772038
2025-05-04 23:00:00+00:00,0.67613853
2025-05-05 00:00:00+00:00,0.67963095
2025-05-05 01:00:00+00:00,0.67111319
2025-05-05 02:00:00+00:00,0.67632763
2025-05-05 03:00:00+00:00,0.67292239
2025-05-05 04:00:00+00:00,0.68060239
2025-05-05 05:00:00+00:00,0.68930794
2025-05-05 06:00:00+00:00,0.68713204
2025-05-05 07:00:00+00:00,0.68580607
2025-05-05 08:00:00+00:00,0.68390625
2025-05-05 09:00:00+00:00,0.68197539
2025-05-05 10:00:00+00:00,0.67139905
2025-05-05 11:00:00+00:00,0.66381589
2025-05-05 12:00:00+00:00,0.66587302
2025-05-05 13:00:00+00:00,0.66363678
2025-05-05 14:00:00+00:00,0.65992675
2025-05-05 15:00:00+00:00,0.65791509
2025-05-05 16:00:00+00:00,0.6617882
2025-05-05 17:00:00+00:00,0.66527841
2025-05-05 18:00:00+00:00,0.66981828
2025-05-05 19:00:00+00:00,0.66322428
2025-05-05 20:00:00+00:00,0.65883908
2025-05-05 21:00:00+00:00,0.66262157
2025-05-05 22:00:00+00:00,0.66771957
2025-05-05 23:00:00+00:00,0.66226289
2025-05-06 00:00:00+00:00,0.661078
2025-05-06 01:00:00+00:00,0.65892395
2025-05-06 02:00:00+00:00,0.65919272
2025-05-06 03:00:00+00:00,0.66130492
2025-05-06 04:00:00+00:00,0.6631953
2025-05-06 05:00:00+00:00,0.65794507
2025-05-06 06:00:00+00:00,0.6629309
2025-05-06 07:00:00+00:00,0.6615566
2025-05-06 08:00:00+00:00,0.66035483
2025-05-06 09:00:00+00:00,0.65994906
2025-05-06 10:00:00+00:00,0.65189187
2025-05-06 11:00:00+00:00,0.64791123
2025-05-06 12:00:00+00:00,0.65312437
2025-05-06 13:00:00+00:00,0.64603958
2025-05-06 14:00:00+00:00,0.65112231
2025-05-06 15:00:00+00:00,0.65205155
2025-05-06 16:00:00+00:00,0.6461855
2025-05-06 17:00:00+00:00,0.6522068
2025-05-06 18:00:00+00:00,0.66378535
2025-05-06 19:00:00+00:00,0.6640781
2025-05-06 20:00:00+00:00,0.6621547
2025-05-06 21:00:00+00:00,0.66041715
2025-05-06 22:00:00+00:00,0.67272089
2025-05-06 23:00:00+00:00,0.67865852
2025-05-07 00:00:00+00:00,0.68563881
2025-05-07 01:00:00+00:00,0.68343376
2025-05-07 02:00:00+00:00,0.67786961
2025-05-07 03:00:00+00:00,0.67803618
2025-05-07 04:00:00+00:00,0.67929559
2025-05-07 05:00:00+00:00,0.67399088
2025-05-07 06:00:00+00:00,0.67637539
2025-05-07 07:00:00+00:00,0.68242096
2025-05-07 08:00:00+00:00,0.68426436
2025-05-07 09:00:00+00:00,0.68654312
2025-05-07 10:00:00+00:00,0.68360846
2025-05-07 11:00:00+00:00,0.68296058
2025-05-07 12:00:00+00:00,0.6759892
2025-05-07 13:00:00+00:00,0.67298814
2025-05-07 14:00:00+00:00,0.66914156
2025-05-07 15:00:00+00:00,0.66528525
2025-05-07 16:00:00+00:00,0.666057
2025-05-07 17:00:00+00:00,0.65923233
2025-05-07 18:00:00+00:00,0.66575023
2025-05-07 19:00:00+00:00,0.65929263
2025-05-07 20:00:00+00:00,0.66135324
2025-05-07 21:00:00+00:00,0.66607412
2025-05-07 22:00:00+00:00,0.67003167
2025-05-07 23:00:00+00:00,0.67144914
2025-05-08 00:00:00+00:00,0.67662424
2025-05-08 01:00:00+00:00,0.67947469
2025-05-08 02:00:00+00:00,0.69634545
2025-05-08 03:00:00+00:00,0.7027264
2025-05-08 04:00:00+00:00,0.70047001
2025-05-08 05:00:00+00:00,0.69910991
2025-05-08 06:00:00+00:00,0.70616496
2025-05-08 07:00:00+00:00,0.70775247
2025-05-08 08:00:00+00:00,0.71235009
2025-05-08 09:00:00+00:00,0.71869174
2025-05-08 10:00:00+00:00,0.72297573
2025-05-08 11:00:00+00:00,0.71927002
2025-05-08 12:00:00+00:00,0.72027739
2025-05-08 13:00:00+00:00,0.71908057
2025-05-08 14:00:00+00:00,0.72258031
2025-05-08 15:00:00+00:00,0.73137257
2025-05-08 16:00:00+00:00,0.73282414
2025-05-08 17:00:00+00:00,0.73196793
2025-05-08 18:00:00+00:00,0.73534336
2025-05-08 19:00:00+00:00,0.74005366
2025-05-08 20:00:00+00:00,0.76014983
2025-05-08 21:00:00+00:00,0.75505505
2025-05-08 22:00:00+00:00,0.75916216
2025-05-08 23:00:00+00:00,0.76959081
2025-05-09 00:00:00+00:00,0.76326378
2025-05-09 01:00:00+00:00,0.77166494
2025-05-09 02:00:00+00:00,0.76872308
2025-05-09 03:00:00+00:00,0.75559091
2025-05-09 04:00:00+00:00,0.75842248
2025-05-09 05:00:00+00:00,0.76091239
2025-05-09 06:00:00+00:00,0.77208661
2025-05-09 07:00:00+00:00,0.79428435
2025-05-09 08:00:00+00:00,0.78976396
2025-05-09 09:00:00+00:00,0.781664
2025-05-09 10:00:00+00:00,0.7961252
2025-05-09 11:00:00+00:00,0.79393972
2025-05-09 12:00:00+00:00,0.79202689
2025-05-09 13:00:00+00:00,0.79463596
2025-05-09 14:00:00+00:00,0.78158424
2025-05-09 15:00:00+00:00,0.78165353
2025-05-09 16:00:00+00:00,0.77530817
2025-05-09 17:00:00+00:00,0.78983055
2025-05-09 18:00:00+00:00,0.78395396
2025-05-09 19:00:00+00:00,0.78124905
2025-05-09 20:00:00+00:00,0.78203912
2025-05-09 21:00:00+00:00,0.77909766
2025-05-09 22:00:00+00:00,0.77370212
2025-05-09 23:00:00+00:00,0.77742083
2025-05-10 00:00:00+00:00,0.77317355
2025-05-10 01:00:00+00:00,0.77730614
2025-05-10 02:00:00+00:00,0.78419591
2025-05-10 03:00:00+00:00,0.78078003
2025-05-10 04:00:00+00:00,0.78058941
2025-05-10 05:00:00+00:00,0.78494957
2025-05-10 06:00:00+00:00,0.79507935
2025-05-10 07:00:00+00:00,0.80049513
2025-05-10 08:00:00+00:00,0.7940511
2025-05-10 09:00:00+00:00,0.80169373
2025-05-10 10:00:00+00:00,0.79431595
2025-05-10 11:00:00+00:00,0.78874416
2025-05-10 12:00:00+00:00,0.80090978
2025-05-10 13:00:00+00:00,0.80982397
2025-05-10 14:00:00+00:00,0.80852864
2025-05-10 15:00:00+00:00,0.80151729
2025-05-10 16:00:00+00:00,0.81425347
2025-05-10 17:00:00+00:00,0.81960152
2025-05-10 18:00:00+00:00,0.81555284
2025-05-10 19:00:00+00:00,0.81250338
2025-05-10 20:00:00+00:00,0.81674857
2025-05-10 21:00:00+00:00,0.82324543
2025-05-10 22:00:00+00:00,0.82931627
2025-05-10 23:00:00+00:00,0.84075876
2025-05-11 00:00:00+00:00,0.82242708
2025-05-11 01:00:00+00:00,0.81511832
2025-05-11 02:00:00+00:00,0.81208274
2025-05-11 03:00:00+00:00,0.81666971
2025-05-11 04:00:00+00:00,0.82045273
2025-05-11 05:00:00+00:00,0.81223315
2025-05-11 06:00:00+00:00,0.80239906
2025-05-11 07:00:00+00:00,0.79181363
2025-05-11 08:00:00+00:00,0.78935996
2025-05-11 09:00:00+00:00,0.79882922
2025-05-11 10:00:00+00:00,0.80015313
2025-05-11 11:00:00+00:00,0.80394046
2025-05-11 12:00:00+00:00,0.80073349
2025-05-11 13:00:00+00:00,0.78772518
2025-05-11 14:00:00+00:00,0.79396419
2025-05-11 15:00:00+00:00,0.79029073
2025-05-11 16:00:00+00:00,0.79161568
2025-05-11 17:00:00+00:00,0.80026025
2025-05-11 18:00:00+00:00,0.81352731
2025-05-11 19:00:00+00:00,0.80903248
2025-05-11 20:00:00+00:00,0.80595009
2025-05-11 21:00:00+00:00,0.81040783
2025-05-11 22:00:00+00:00,0.80531917
2025-05-11 23:00:00+00:00,0.80514091
2025-05-12 00:00:00+00:00,0.81565116
2025-05-12 01:00:00+00:00,0.80525401
2025-05-12 02:00:00+00:00,0.8117396
2025-05-12 03:00:00+00:00,0.81977031
2025-05-12 04:00:00+00:00,0.82027606
2025-05-12 05:00:00+00:00,0.81189924
2025-05-12 06:00:00+00:00,0.81881233
2025-05-12 07:00:00+00:00,0.8245058
2025-05-12 08:00:00+00:00,0.83186884
2025-05-12 09:00:00+00:00,0.8245822
2025-05-12 10:00:00+00:00,0.82819675
2025-05-12 11:00:00+00:00,0.82437537
2025-05-12 12:00:00+00:00,0.84496344
2025-05-12 13:00:00+00:00,0.84594488
2025-05-12 14:00:00+00:00,0.81908154
2025-05-12 15:00:00+00:00,0.82185676
2025-05-12 16:00:00+00:00,0.82899215
2025-05-12 17:00:00+00:00,0.81353373
2025-05-12 18:00:00+00:00,0.79377703
2025-05-12 19:00:00+00:00,0.80719831
2025-05-12 20:00:00+00:00,0.81593294
2025-05-12 21:00:00+00:00,0.81854557
2025-05-12 22:00:00+00:00,0.82009373
2025-05-12 23:00:00+00:00,0.81706109
2025-05-13 00:00:00+00:00,0.80354644
2025-05-13 01:00:00+00:00,0.79386626
2025-05-13 02:00:00+00:00,0.78675918
2025-05-13 03:00:00+00:00,0.77433084
2025-05-13 04:00:00+00:00,0.79133899
2025-05-13 05:00:00+00:00,0.78628708
2025-05-13 06:00:00+00:00,0.79037253
2025-05-13 07:00:00+00:00,0.79149733
2025-05-13 08:00:00+00:00,0.78944235
2025-05-13 09:00:00+00:00,0.80167798
2025-05-13 10:00:00+00:00,0.79957819
2025-05-13 11:00:00+00:00,0.79868759
2025-05-13 12:00:00+00:00,0.80400938
2025-05-13 13:00:00+00:00,0.8027084
2025-05-13 14:00:00+00:00,0.7949761
2025-05-13 15:00:00+00:00,0.80585554
2025-05-13 16:00:00+00:00,0.81282091
2025-05-13 17:00:00+00:00,0.81933301
2025-05-13 18:00:00+00:00,0.82775451
2025-05-13 19:00:00+00:00,0.83479414
2025-05-13 20:00:00+00:00,0.83225114
2025-05-13 21:00:00+00:00,0.82720388
2025-05-13 22:00:00+00:00,0.83028157
2025-05-13 23:00:00+00:00,0.82991602
2025-05-14 00:00:00+00:00,0.82388189
2025-05-14 01:00:00+00:00,0.82207523
2025-05-14 02:00:00+00:00,0.81923567
2025-05-14 03:00:00+00:00,0.81669548
2025-05-14 04:00:00+00:00,0.82584953
2025-05-14 05:00:00+00:00,0.82907638
2025-05-14 06:00:00+00:00,0.82875029
2025-05-14 07:00:00+00:00,0.82475316
2025-05-14 08:00:00+00:00,0.80318121
2025-05-14 09:00:00+00:00,0.81562591
2025-05-14 10:00:00+00:00,0.81313781
2025-05-14 11:00:00+00:00,0.82080928
2025-05-14 12:00:00+00:00,0.81863862
2025-05-14 13:00:00+00:00,0.81560475
2025-05-14 14:00:00+00:00,0.8040545
2025-05-14 15:00:00+00:00,0.80736963
2025-05-14 16:00:00+00:00,0.80259764
2025-05-14 17:00:00+00:00,0.79972496
2025-05-14 18:00:00+00:00,0.80039808
2025-05-14 19:00:00+00:00,0.80126878
2025-05-14 20:00:00+00:00,0.80070018
2025-05-14 21:00:00+00:00,0.80177627
2025-05-14 22:00:00+00:00,0.79611897
2025-05-14 23:00:00+00:00,0.79863818
2025-05-15 00:00:00+00:00,0.80749656
2025-05-15 01:00:00+00:00,0.78821752
2025-05-15 02:00:00+00:00,0.79399082
2025-05-15 03:00:00+00:00,0.79241382
2025-05-15 04:00:00+00:00,0.79536917
2025-05-15 05:00:00+00:00,0.78398585
2025-05-15 06:00:00+00:00,0.7857118
2025-05-15 07:00:00+00:00,0.76779249
2025-05-15 08:00:00+00:00,0.78349591
2025-05-15 09:00:00+00:00,0.7699336
2025-05-15 10:00:00+00:00,0.76566894
2025-05-15 11:00:00+00:00,0.7720655
2025-05-15 12:00:00+00:00,0.77083879
2025-05-15 13:00:00+00:00,0.7622548
2025-05-15 14:00:00+00:00,0.75508277
2025-05-15 15:00:00+00:00,0.77576615
2025-05-15 16:00:00+00:00,0.7878673
2025-05-15 17:00:00+00:00,0.7856241
2025-05-15 18:00:00+00:00,0.76215727
2025-05-15 19:00:00+00:00,0.76962708
2025-05-15 20:00:00+00:00,0.76525475
2025-05-15 21:00:00+00:00,0.76588033
2025-05-15 22:00:00+00:00,0.7589849
2025-05-15 23:00:00+00:00,0.76246073
2025-05-16 00:00:00+00:00,0.76693196
2025-05-16 01:00:00+00:00,0.77295399
2025-05-16 02:00:00+00:00,0.77837149
2025-05-16 03:00:00+00:00,0.78156223
2025-05-16 04:00:00+00:00,0.77661228
2025-05-16 05:00:00+00:00,0.78346608
2025-05-16 06:00:00+00:00,0.7831209
2025-05-16 07:00:00+00:00,0.77825425
2025-05-16 08:00:00+00:00,0.7697699
2025-05-16 09:00:00+00:00,0.77924675
2025-05-16 10:00:00+00:00,0.78284228
2025-05-16 11:00:00+00:00,0.77898837
2025-05-16 12:00:00+00:00,0.77607653
2025-05-16 13:00:00+00:00,0.78362488
2025-05-16 14:00:00+00:00,0.77217167
2025-05-16 15:00:00+00:00,0.77883157
2025-05-16 16:00:00+00:00,0.77612897
2025-05-16 17:00:00+00:00,0.77061787
2025-05-16 18:00:00+00:00,0.7694689
2025-05-16 19:00:00+00:00,0.77325511
2025-05-16 20:00:00+00:00,0.76523434
2025-05-16 21:00:00+00:00,0.76415812
2025-05-16 22:00:00+00:00,0.75516045
2025-05-16 23:00:00+00:00,0.75879215
2025-05-17 00:00:00+00:00,0.751354
2025-05-17 01:00:00+00:00,0.74167269
2025-05-17 02:00:00+00:00,0.74717412
2025-05-17 03:00:00+00:00,0.75549695
2025-05-17 04:00:00+00:00,0.76245516
2025-05-17 05:00:00+00:00,0.75748604
2025-05-17 06:00:00+00:00,0.76799065
2025-05-17 07:00:00+00:00,0.77601844
2025-05-17 08:00:00+00:00,0.7700861
2025-05-17 09:00:00+00:00,0.76545344
2025-05-17 10:00:00+00:00,0.76513303
2025-05-17 11:00:00+00:00,0.76004704
2025-05-17 12:00:00+00:00,0.75711114
2025-05-17 13:00:00+00:00,0.74981435
2025-05-17 14:00:00+00:00,0.75623073
2025-05-17 15:00:00+00:00,0.75054912
2025-05-17 16:00:00+00:00,0.73653391
2025-05-17 17:00:00+00:00,0.73655099
2025-05-17 18:00:00+00:00,0.73614384
2025-05-17 19:00:00+00:00,0.73503428
2025-05-17 20:00:00+00:00,0.75120649
2025-05-17 21:00:00+00:00,0.74683096
2025-05-17 22:00:00+00:00,0.73791603
2025-05-17 23:00:00+00:00,0.74277304
2025-05-18 00:00:00+00:00,0.74403059
2025-05-18 01:00:00+00:00,0.74442739
2025-05-18 02:00:00+00:00,0.74193876
2025-05-18 03:00:00+00:00,0.73792907
2025-05-18 04:00:00+00:00,0.74529795
2025-05-18 05:00:00+00:00,0.75610854
2025-05-18 06:00:00+00:00,0.75229884
2025-05-18 07:00:00+00:00,0.75919976
2025-05-18 08:00:00+00:00,0.76091942
2025-05-18 09:00:00+00:00,0.75728005
2025-05-18 10:00:00+00:00,0.75777411
2025-05-18 11:00:00+00:00,0.75568251
2025-05-18 12:00:00+00:00,0.75687848
2025-05-18 13:00:00+00:00,0.76441429
2025-05-18 14:00:00+00:00,0.77181753
2025-05-18 15:00:00+00:00,0.77403054
2025-05-18 16:00:00+00:00,0.77246266
2025-05-18 17:00:00+00:00,0.75428643
2025-05-18 18:00:00+00:00,0.74610344
2025-05-18 19:00:00+00:00,0.73080893
2025-05-18 20:00:00+00:00,0.73628713
2025-05-18 21:00:00+00:00,0.73830105
2025-05-18 22:00:00+00:00,0.75035032
2025-05-18 23:00:00+00:00,0.75978175
2025-05-19 00:00:00+00:00,0.74511466
2025-05-19 01:00:00+00:00,0.74372332
2025-05-19 02:00:00+00:00,0.73715671
2025-05-19 03:00:00+00:00,0.72841857
2025-05-19 04:00:00+00:00,0.72140834
2025-05-19 05:00:00+00:00,0.72260833
2025-05-19 06:00:00+00:00,0.71080096
2025-05-19 07:00:00+00:00,0.72378041
2025-05-19 08:00:00+00:00,0.72183131
2025-05-19 09:00:00+00:00,0.7228549
2025-05-19 10:00:00+00:00,0.72461418
2025-05-19 11:00:00+00:00,0.72827161
2025-05-19 12:00:00+00:00,0.72063224
2025-05-19 13:00:00+00:00,0.72916232
2025-05-19 14:00:00+00:00,0.73276653
2025-05-19 15:00:00+00:00,0.73622237
2025-05-19 16:00:00+00:00,0.74116643
2025-05-19 17:00:00+00:00,0.73944953
2025-05-19 18:00:00+00:00,0.73549611
2025-05-19 19:00:00+00:00,0.74242866
2025-05-19 20:00:00+00:00,0.74266344
2025-05-19 21:00:00+00:00,0.74199319
2025-05-19 22:00:00+00:00,0.74094541
2025-05-19 23:00:00+00:00,0.74251682
2025-05-20 00:00:00+00:00,0.74120475
2025-05-20 01:00:00+00:00,0.74841904
2025-05-20 02:00:00+00:00,0.74667437
2025-05-20 03:00:00+00:00,0.7430545
2025-05-20 04:00:00+00:00,0.7443087
2025-05-20 05:00:00+00:00,0.74291892
2025-05-20 06:00:00+00:00,0.73811558
2025-05-20 07:00:00+00:00,0.73320105
2025-05-20 08:00:00+00:00,0.73441665
2025-05-20 09:00:00+00:00,0.73215636
2025-05-20 10:00:00+00:00,0.72862628
2025-05-20 11:00:00+00:00,0.72892691
2025-05-20 12:00:00+00:00,0.72673499
2025-05-20 13:00:00+00:00,0.72522196
2025-05-20 14:00:00+00:00,0.72607111
2025-05-20 15:00:00+00:00,0.73221024
2025-05-20 16:00:00+00:00,0.7282828
2025-05-20 17:00:00+00:00,0.736909
2025-05-20 18:00:00+00:00,0.72593703
2025-05-20 19:00:00+00:00,0.73948465
2025-05-20 20:00:00+00:00,0.74302783
2025-05-20 21:00:00+00:00,0.74542377
2025-05-20 22:00:00+00:00,0.74428777
2025-05-20 23:00:00+00:00,0.74591779
2025-05-21 00:00:00+00:00,0.74306368
2025-05-21 01:00:00+00:00,0.74178784
2025-05-21 02:00:00+00:00,0.74654712
2025-05-21 03:00:00+00:00,0.75189149
2025-05-21 04:00:00+00:00,0.75588423
2025-05-21 05:00:00+00:00,0.7603056
2025-05-21 06:00:00+00:00,0.76381537
2025-05-21 07:00:00+00:00,0.75278274
2025-05-21 08:00:00+00:00,0.75044087
2025-05-21 09:00:00+00:00,0.7466806
2025-05-21 10:00:00+00:00,0.75614807
2025-05-21 11:00:00+00:00,0.75541116
2025-05-21 12:00:00+00:00,0.75306186
2025-05-21 13:00:00+00:00,0.75601758
2025-05-21 14:00:00+00:00,0.76587052
2025-05-21 15:00:00+00:00,0.76521969
2025-05-21 16:00:00+00:00,0.77628604
2025-05-21 17:00:00+00:00,0.74774839
2025-05-21 18:00:00+00:00,0.75151362
2025-05-21 19:00:00+00:00,0.76127663
2025-05-21 20:00:00+00:00,0.76224342
2025-05-21 21:00:00+00:00,0.75766166
2025-05-21 22:00:00+00:00,0.77051265
2025-05-21 23:00:00+00:00,0.76919683
2025-05-22 00:00:00+00:00,0.77644296
2025-05-22 01:00:00+00:00,0.77233029
2025-05-22 02:00:00+00:00,0.78105627
2025-05-22 03:00:00+00:00,0.78849753
2025-05-22 04:00:00+00:00,0.79269741
2025-05-22 05:00:00+00:00,0.78390769
2025-05-22 06:00:00+00:00,0.78673358
2025-05-22 07:00:00+00:00,0.79402794
2025-05-22 08:00:00+00:00,0.799612
2025-05-22 09:00:00+00:00,0.8028481
2025-05-22 10:00:00+00:00,0.79896642
2025-05-22 11:00:00+00:00,0.8024437
2025-05-22 12:00:00+00:00,0.80502305
2025-05-22 13:00:00+00:00,0.79766719
2025-05-22 14:00:00+00:00,0.80269153
2025-05-22 15:00:00+00:00,0.80315436
2025-05-22 16:00:00+00:00,0.80147741
2025-05-22 17:00:00+00:00,0.80430466
2025-05-22 18:00:00+00:00,0.80560345
2025-05-22 19:00:00+00:00,0.80181939
2025-05-22 20:00:00+00:00,0.80040131
2025-05-22 21:00:00+00:00,0.80055314
2025-05-22 22:00:00+00:00,0.80241034
2025-05-22 23:00:00+00:00,0.80914103
2025-05-23 00:00:00+00:00,0.81091634
2025-05-23 01:00:00+00:00,0.81642126
2025-05-23 02:00:00+00:00,0.82620608
2025-05-23 03:00:00+00:00,0.83817291
2025-05-23 04:00:00+00:00,0.82879739
2025-05-23 05:00:00+00:00,0.82239133
2025-05-23 06:00:00+00:00,0.80772044
2025-05-23 07:00:00+00:00,0.80854725
2025-05-23 08:00:00+00:00,0.81682374
2025-05-23 09:00:00+00:00,0.82287035
2025-05-23 10:00:00+00:00,0.8161071
2025-05-23 11:00:00+00:00,0.78135824
2025-05-23 12:00:00+00:00,0.77358112
2025-05-23 13:00:00+00:00,0.78657495
2025-05-23 14:00:00+00:00,0.78617952
2025-05-23 15:00:00+00:00,0.77739905
2025-05-23 16:00:00+00:00,0.77866359
2025-05-23 17:00:00+00:00,0.78115124
2025-05-23 18:00:00+00:00,0.7736201
2025-05-23 19:00:00+00:00,0.77328599
2025-05-23 20:00:00+00:00,0.7647316
2025-05-23 21:00:00+00:00,0.76230782
2025-05-23 22:00:00+00:00,0.7571435
2025-05-23 23:00:00+00:00,0.74730923
2025-05-24 00:00:00+00:00,0.7441996
2025-05-24 01:00:00+00:00,0.74887795
2025-05-24 02:00:00+00:00,0.75505565
2025-05-24 03:00:00+00:00,0.76169093
2025-05-24 04:00:00+00:00,0.76487213
2025-05-24 05:00:00+00:00,0.76013721
2025-05-24 06:00:00+00:00,0.75857754
2025-05-24 07:00:00+00:00,0.75740294
2025-05-24 08:00:00+00:00,0.75929992
2025-05-24 09:00:00+00:00,0.7561603
2025-05-24 10:00:00+00:00,0.76326922
2025-05-24 11:00:00+00:00,0.76080955
2025-05-24 12:00:00+00:00,0.75942994
2025-05-24 13:00:00+00:00,0.75639119
2025-05-24 14:00:00+00:00,0.76104026
2025-05-24 15:00:00+00:00,0.75845526
2025-05-24 16:00:00+00:00,0.75878591
2025-05-24 17:00:00+00:00,0.75686787
2025-05-24 18:00:00+00:00,0.7552992
2025-05-24 19:00:00+00:00,0.75490171
2025-05-24 20:00:00+00:00,0.75224812
2025-05-24 21:00:00+00:00,0.75099018
2025-05-24 22:00:00+00:00,0.74579624
2025-05-24 23:00:00+00:00,0.7467291
2025-05-25 00:00:00+00:00,0.73649042
2025-05-25 01:00:00+00:00,0.73725505
2025-05-25 02:00:00+00:00,0.7415944
2025-05-25 03:00:00+00:00,0.74419281
2025-05-25 04:00:00+00:00,0.74349817
2025-05-25 05:00:00+00:00,0.74244679
2025-05-25 06:00:00+00:00,0.74044787
2025-05-25 07:00:00+00:00,0.73877105
2025-05-25 08:00:00+00:00,0.73071627
2025-05-25 09:00:00+00:00,0.73477203
2025-05-25 10:00:00+00:00,0.73306759
2025-05-25 11:00:00+00:00,0.73910359
2025-05-25 12:00:00+00:00,0.74421517
2025-05-25 13:00:00+00:00,0.74956467
2025-05-25 14:00:00+00:00,0.74336801
2025-05-25 15:00:00+00:00,0.74002486
2025-05-25 16:00:00+00:00,0.74242794
2025-05-25 17:00:00+00:00,0.74359823
2025-05-25 18:00:00+00:00,0.74631821
2025-05-25 19:00:00+00:00,0.74838851
2025-05-25 20:00:00+00:00,0.74637633
2025-05-25 21:00:00+00:00,0.74407666
2025-05-25 22:00:00+00:00,0.75906231
2025-05-25 23:00:00+00:00,0.75989851
2025-05-26 00:00:00+00:00,0.76472774
2025-05-26 01:00:00+00:00,0.76208703
2025-05-26 02:00:00+00:00,0.76016828
2025-05-26 03:00:00+00:00,0.76300682
2025-05-26 04:00:00+00:00,0.76172565
2025-05-26 05:00:00+00:00,0.76637711
2025-05-26 06:00:00+00:00,0.76835075
2025-05-26 07:00:00+00:00,0.77530898
2025-05-26 08:00:00+00:00,0.7690343
2025-05-26 09:00:00+00:00,0.76624579
2025-05-26 10:00:00+00:00,0.76436504
2025-05-26 11:00:00+00:00,0.76697016
2025-05-26 12:00:00+00:00,0.77048808
2025-05-26 13:00:00+00:00,0.76222386
2025-05-26 14:00:00+00:00,0.76112021
2025-05-26 15:00:00+00:00,0.76845538
2025-05-26 16:00:00+00:00,0.75956555
2025-05-26 17:00:00+00:00,0.75341858
2025-05-26 18:00:00+00:00,0.75463876
2025-05-26 19:00:00+00:00,0.75446528
2025-05-26 20:00:00+00:00,0.75759625
2025-05-26 21:00:00+00:00,0.7575695
2025-05-26 22:00:00+00:00,0.75507501
2025-05-26 23:00:00+00:00,0.76038505
2025-05-27 00:00:00+00:00,0.75517024
2025-05-27 01:00:00+00:00,0.75048303
2025-05-27 02:00:00+00:00,0.75181711
2025-05-27 03:00:00+00:00,0.7538636
2025-05-27 04:00:00+00:00,0.75504466
2025-05-27 05:00:00+00:00,0.75567225
2025-05-27 06:00:00+00:00,0.75633639
2025-05-27 07:00:00+00:00,0.76468723
2025-05-27 08:00:00+00:00,0.76968494
2025-05-27 09:00:00+00:00,0.76778698
2025-05-27 10:00:00+00:00,0.76954046
2025-05-27 11:00:00+00:00,0.76941856
2025-05-27 12:00:00+00:00,0.76792846
2025-05-27 13:00:00+00:00,0.76540548
2025-05-27 14:00:00+00:00,0.7624802
2025-05-27 15:00:00+00:00,0.76764067
2025-05-27 16:00:00+00:00,0.76874852
2025-05-27 17:00:00+00:00,0.77115281
2025-05-27 18:00:00+00:00,0.7652023
2025-05-27 19:00:00+00:00,0.76373344
2025-05-27 20:00:00+00:00,0.76413046
2025-05-27 21:00:00+00:00,0.76099887
2025-05-27 22:00:00+00:00,0.75915228
2025-05-27 23:00:00+00:00,0.75837451
2025-05-28 00:00:00+00:00,0.75918957
2025-05-28 01:00:00+00:00,0.75632673
2025-05-28 02:00:00+00:00,0.75305321
2025-05-28 03:00:00+00:00,0.75469888
2025-05-28 04:00:00+00:00,0.75616961
2025-05-28 05:00:00+00:00,0.75241333
2025-05-28 06:00:00+00:00,0.7470632
2025-05-28 07:00:00+00:00,0.75072598
2025-05-28 08:00:00+00:00,0.75311637
2025-05-28 09:00:00+00:00,0.75120162
2025-05-28 10:00:00+00:00,0.75766108
2025-05-28 11:00:00+00:00,0.75888167
2025-05-28 12:00:00+00:00,0.75779348
2025-05-28 13:00:00+00:00,0.74960969
2025-05-28 14:00:00+00:00,0.74692083
2025-05-28 15:00:00+00:00,0.74129026
2025-05-28 16:00:00+00:00,0.74600579
2025-05-28 17:00:00+00:00,0.74666176
2025-05-28 18:00:00+00:00,0.74127281
2025-05-28 19:00:00+00:00,0.73292071
2025-05-28 20:00:00+00:00,0.73965968
2025-05-28 21:00:00+00:00,0.74276305
2025-05-28 22:00:00+00:00,0.74107408
2025-05-28 23:00:00+00:00,0.74769601
2025-05-29 00:00:00+00:00,0.75684461
2025-05-29 01:00:00+00:00,0.75495525
2025-05-29 02:00:00+00:00,0.7646441
2025-05-29 03:00:00+00:00,0.75801909
2025-05-29 04:00:00+00:00,0.75052271
2025-05-29 05:00:00+00:00,0.74952164
2025-05-29 06:00:00+00:00,0.75237818
2025-05-29 07:00:00+00:00,0.75052716
2025-05-29 08:00:00+00:00,0.75311451
2025-05-29 09:00:00+00:00,0.75197901
2025-05-29 10:00:00+00:00,0.75299069
2025-05-29 11:00:00+00:00,0.75612929
2025-05-29 12:00:00+00:00,0.74952121
2025-05-29 13:00:00+00:00,0.74290089
2025-05-29 14:00:00+00:00,0.74299266
2025-05-29 15:00:00+00:00,0.73763714
2025-05-29 16:00:00+00:00,0.73440398
2025-05-29 17:00:00+00:00,0.73773432
2025-05-29 18:00:00+00:00,0.73029338
2025-05-29 19:00:00+00:00,0.72722929
2025-05-29 20:00:00+00:00,0.72910679
2025-05-29 21:00:00+00:00,0.73587737
2025-05-29 22:00:00+00:00,0.7265494
2025-05-29 23:00:00+00:00,0.72218106
2025-05-30 00:00:00+00:00,0.69034581
2025-05-30 01:00:00+00:00,0.70494593
2025-05-30 02:00:00+00:00,0.70906271
2025-05-30 03:00:00+00:00,0.70920996
2025-05-30 04:00:00+00:00,0.71018666
2025-05-30 05:00:00+00:00,0.71106554
2025-05-30 06:00:00+00:00,0.70061978
2025-05-30 07:00:00+00:00,0.69988527
2025-05-30 08:00:00+00:00,0.70087521
2025-05-30 09:00:00+00:00,0.70266354
2025-05-30 10:00:00+00:00,0.70808
2025-05-30 11:00:00+00:00,0.70905762
2025-05-30 12:00:00+00:00,0.70753372
2025-05-30 13:00:00+00:00,0.69834447
2025-05-30 14:00:00+00:00,0.70154711
2025-05-30 15:00:00+00:00,0.70189649
2025-05-30 16:00:00+00:00,0.69105637
2025-05-30 17:00:00+00:00,0.69731634
2025-05-30 18:00:00+00:00,0.70784946
2025-05-30 19:00:00+00:00,0.71115843
2025-05-30 20:00:00+00:00,0.70686502
2025-05-30 21:00:00+00:00,0.70525449
2025-05-30 22:00:00+00:00,0.68997863
2025-05-30 23:00:00+00:00,0.68892685
2025-05-31 00:00:00+00:00,0.67532516
2025-05-31 01:00:00+00:00,0.67397371
2025-05-31 02:00:00+00:00,0.66598307
2025-05-31 03:00:00+00:00,0.66157372
2025-05-31 04:00:00+00:00,0.66967811
2025-05-31 05:00:00+00:00,0.66582323
2025-05-31 06:00:00+00:00,0.66900046
2025-05-31 07:00:00+00:00,0.66569179
2025-05-31 08:00:00+00:00,0.67042939
2025-05-31 09:00:00+00:00,0.6674333
2025-05-31 10:00:00+00:00,0.66654841
2025-05-31 11:00:00+00:00,0.66398563
2025-05-31 12:00:00+00:00,0.67568155
2025-05-31 13:00:00+00:00,0.67592601
2025-05-31 14:00:00+00:00,0.67991057
2025-05-31 15:00:00+00:00,0.67982086
2025-05-31 16:00:00+00:00,0.68740799
2025-05-31 17:00:00+00:00,0.6815425
2025-05-31 18:00:00+00:00,0.68607409
2025-05-31 19:00:00+00:00,0.68912333
2025-05-31 20:00:00+00:00,0.68982203
2025-05-31 21:00:00+00:00,0.69142179
2025-05-31 22:00:00+00:00,0.6853814
2025-05-31 23:00:00+00:00,0.68578356
2025-06-01 00:00:00+00:00,0.68159991
2025-06-01 01:00:00+00:00,0.67704586
2025-06-01 02:00:00+00:00,0.67731838
2025-06-01 03:00:00+00:00,0.67810869
2025-06-01 04:00:00+00:00,0.68247368
2025-06-01 05:00:00+00:00,0.6796617
2025-06-01 06:00:00+00:00,0.67454976
2025-06-01 07:00:00+00:00,0.67333518
2025-06-01 08:00:00+00:00,0.66869352
2025-06-01 09:00:00+00:00,0.65800456
2025-06-01 10:00:00+00:00,0.66179259
2025-06-01 11:00:00+00:00,0.66373825
2025-06-01 12:00:00+00:00,0.65967907
2025-06-01 13:00:00+00:00,0.66343526
2025-06-01 14:00:00+00:00,0.67018803
2025-06-01 15:00:00+00:00,0.67501636
2025-06-01 16:00:00+00:00,0.6825707
2025-06-01 17:00:00+00:00,0.68235629
2025-06-01 18:00:00+00:00,0.67578431
2025-06-01 19:00:00+00:00,0.67878099
2025-06-01 20:00:00+00:00,0.67714928
2025-06-01 21:00:00+00:00,0.68273019
2025-06-01 22:00:00+00:00,0.68128323
2025-06-01 23:00:00+00:00,0.68547374
2025-06-02 00:00:00+00:00,0.68446406
2025-06-02 01:00:00+00:00,0.68241656
2025-06-02 02:00:00+00:00,0.67891056
2025-06-02 03:00:00+00:00,0.67713741
2025-06-02 04:00:00+00:00,0.67786149
2025-06-02 05:00:00+00:00,0.67862288
2025-06-02 06:00:00+00:00,0.68070085
2025-06-02 07:00:00+00:00,0.6790292
2025-06-02 08:00:00+00:00,0.67186945
2025-06-02 09:00:00+00:00,0.66860875
2025-06-02 10:00:00+00:00,0.66739343
2025-06-02 11:00:00+00:00,0.66636218
2025-06-02 12:00:00+00:00,0.67188392
2025-06-02 13:00:00+00:00,0.66966522
2025-06-02 14:00:00+00:00,0.67235847
2025-06-02 15:00:00+00:00,0.67425187
2025-06-02 16:00:00+00:00,0.67377589
2025-06-02 17:00:00+00:00,0.67405355
2025-06-02 18:00:00+00:00,0.6745543
2025-06-02 19:00:00+00:00,0.67335872
2025-06-02 20:00:00+00:00,0.68110893
2025-06-02 21:00:00+00:00,0.68422695
2025-06-02 22:00:00+00:00,0.68782623
2025-06-02 23:00:00+00:00,0.68961739
2025-06-03 00:00:00+00:00,0.69717605
2025-06-03 01:00:00+00:00,0.70416672
2025-06-03 02:00:00+00:00,0.69852426
2025-06-03 03:00:00+00:00,0.69388844
2025-06-03 04:00:00+00:00,0.69039853
2025-06-03 05:00:00+00:00,0.69575949
2025-06-03 06:00:00+00:00,0.69784428
2025-06-03 07:00:00+00:00,0.69311274
2025-06-03 08:00:00+00:00,0.69172458
2025-06-03 09:00:00+00:00,0.69427664
2025-06-03 10:00:00+00:00,0.69421233
2025-06-03 11:00:00+00:00,0.69198011
2025-06-03 12:00:00+00:00,0.69065475
2025-06-03 13:00:00+00:00,0.68920302
2025-06-03 14:00:00+00:00,0.69616185
2025-06-03 15:00:00+00:00,0.69341407
2025-06-03 16:00:00+00:00,0.68641495
2025-06-03 17:00:00+00:00,0.68909584
2025-06-03 18:00:00+00:00,0.68766434
2025-06-03 19:00:00+00:00,0.69096492
2025-06-03 20:00:00+00:00,0.68244858
2025-06-03 21:00:00+00:00,0.67755084
2025-06-03 22:00:00+00:00,0.68533717
2025-06-03 23:00:00+00:00,0.68371927
2025-06-04 00:00:00+00:00,0.6908363
2025-06-04 01:00:00+00:00,0.69405365
2025-06-04 02:00:00+00:00,0.69418837
2025-06-04 03:00:00+00:00,0.6956234
2025-06-04 04:00:00+00:00,0.69565475
2025-06-04 05:00:00+00:00,0.69150713
2025-06-04 06:00:00+00:00,0.69326359
2025-06-04 07:00:00+00:00,0.69607145
2025-06-04 08:00:00+00:00,0.69699619
2025-06-04 09:00:00+00:00,0.69914021
2025-06-04 10:00:00+00:00,0.69577817
2025-06-04 11:00:00+00:00,0.69298387
2025-06-04 12:00:00+00:00,0.68791977
2025-06-04 13:00:00+00:00,0.68564002
2025-06-04 14:00:00+00:00,0.68723125
2025-06-04 15:00:00+00:00,0.68837148
2025-06-04 16:00:00+00:00,0.68716736
2025-06-04 17:00:00+00:00,0.68080804
2025-06-04 18:00:00+00:00,0.67682321
2025-06-04 19:00:00+00:00,0.6738518
2025-06-04 20:00:00+00:00,0.66723005
2025-06-04 21:00:00+00:00,0.67147107
2025-06-04 22:00:00+00:00,0.66647382
2025-06-04 23:00:00+00:00,0.665456
2025-06-05 00:00:00+00:00,0.66935859
2025-06-05 01:00:00+00:00,0.66897063
2025-06-05 02:00:00+00:00,0.67266761
2025-06-05 03:00:00+00:00,0.6757014
2025-06-05 04:00:00+00:00,0.67868373
2025-06-05 05:00:00+00:00,0.67349417
2025-06-05 06:00:00+00:00,0.67538869
2025-06-05 07:00:00+00:00,0.67648243
2025-06-05 08:00:00+00:00,0.67893296
2025-06-05 09:00:00+00:00,0.68048937
2025-06-05 10:00:00+00:00,0.67895847
2025-06-05 11:00:00+00:00,0.68119429
2025-06-05 12:00:00+00:00,0.68744107
2025-06-05 13:00:00+00:00,0.67578913
2025-06-05 14:00:00+00:00,0.67479544
2025-06-05 15:00:00+00:00,0.67415902
2025-06-05 16:00:00+00:00,0.66138614
2025-06-05 17:00:00+00:00,0.66237997
2025-06-05 18:00:00+00:00,0.66052174
2025-06-05 19:00:00+00:00,0.64194589
2025-06-05 20:00:00+00:00,0.61992917
2025-06-05 21:00:00+00:00,0.63069908
2025-06-05 22:00:00+00:00,0.62838234
2025-06-05 23:00:00+00:00,0.62556463
2025-06-06 00:00:00+00:00,0.6283812
2025-06-06 01:00:00+00:00,0.63195636
2025-06-06 02:00:00+00:00,0.63135042
2025-06-06 03:00:00+00:00,0.63728897
2025-06-06 04:00:00+00:00,0.63877791
2025-06-06 05:00:00+00:00,0.63989083
2025-06-06 06:00:00+00:00,0.63807032
2025-06-06 07:00:00+00:00,0.6393624
2025-06-06 08:00:00+00:00,0.64051624
2025-06-06 09:00:00+00:00,0.64149876
2025-06-06 10:00:00+00:00,0.64633735
2025-06-06 11:00:00+00:00,0.650731
2025-06-06 12:00:00+00:00,0.65656667
2025-06-06 13:00:00+00:00,0.66061988
2025-06-06 14:00:00+00:00,0.66836072
2025-06-06 15:00:00+00:00,0.66665826
2025-06-06 16:00:00+00:00,0.66458714
2025-06-06 17:00:00+00:00,0.6646899
2025-06-06 18:00:00+00:00,0.66212203
2025-06-06 19:00:00+00:00,0.66275599
2025-06-06 20:00:00+00:00,0.66594164
2025-06-06 21:00:00+00:00,0.66188988
2025-06-06 22:00:00+00:00,0.6588651
2025-06-06 23:00:00+00:00,0.65539833
2025-06-07 00:00:00+00:00,0.65904244
2025-06-07 01:00:00+00:00,0.65556398
2025-06-07 02:00:00+00:00,0.65838838
2025-06-07 03:00:00+00:00,0.66193617
2025-06-07 04:00:00+00:00,0.65861585
2025-06-07 05:00:00+00:00,0.66408928
2025-06-07 06:00:00+00:00,0.66762715
2025-06-07 07:00:00+00:00,0.6688482
2025-06-07 08:00:00+00:00,0.66442909
2025-06-07 09:00:00+00:00,0.6648392
2025-06-07 10:00:00+00:00,0.66783743
2025-06-07 11:00:00+00:00,0.66805409
2025-06-07 12:00:00+00:00,0.66774902
2025-06-07 13:00:00+00:00,0.66898296
2025-06-07 14:00:00+00:00,0.66767848
2025-06-07 15:00:00+00:00,0.66617572
2025-06-07 16:00:00+00:00,0.66243768
2025-06-07 17:00:00+00:00,0.66207901
2025-06-07 18:00:00+00:00,0.66272549
2025-06-07 19:00:00+00:00,0.6639897
2025-06-07 20:00:00+00:00,0.66583965
2025-06-07 21:00:00+00:00,0.6692631
2025-06-07 22:00:00+00:00,0.66737923
2025-06-07 23:00:00+00:00,0.6644311
2025-06-08 00:00:00+00:00,0.65931408
2025-06-08 01:00:00+00:00,0.66121208
2025-06-08 02:00:00+00:00,0.65877294
2025-06-08 03:00:00+00:00,0.65813547
2025-06-08 04:00:00+00:00,0.65972948
2025-06-08 05:00:00+00:00,0.65828487
2025-06-08 06:00:00+00:00,0.66126643
2025-06-08 07:00:00+00:00,0.66232506
2025-06-08 08:00:00+00:00,0.66048473
2025-06-08 09:00:00+00:00,0.65527772
2025-06-08 10:00:00+00:00,0.65597183
2025-06-08 11:00:00+00:00,0.6643959
2025-06-08 12:00:00+00:00,0.66662566
2025-06-08 13:00:00+00:00,0.6694181
2025-06-08 14:00:00+00:00,0.66843132
2025-06-08 15:00:00+00:00,0.66997192
2025-06-08 16:00:00+00:00,0.67309632
2025-06-08 17:00:00+00:00,0.67077327
2025-06-08 18:00:00+00:00,0.67341353
2025-06-08 19:00:00+00:00,0.67426462
2025-06-08 20:00:00+00:00,0.67548644
2025-06-08 21:00:00+00:00,0.67588501
2025-06-08 22:00:00+00:00,0.66975242
2025-06-08 23:00:00+00:00,0.67037337
2025-06-09 00:00:00+00:00,0.66856753
2025-06-09 01:00:00+00:00,0.66522084
2025-06-09 02:00:00+00:00,0.66553051
2025-06-09 03:00:00+00:00,0.66361453
2025-06-09 04:00:00+00:00,0.65965045
2025-06-09 05:00:00+00:00,0.6574742
2025-06-09 06:00:00+00:00,0.66373845
2025-06-09 07:00:00+00:00,0.66251484
2025-06-09 08:00:00+00:00,0.66416107
2025-06-09 09:00:00+00:00,0.66941008
2025-06-09 10:00:00+00:00,0.67547623
2025-06-09 11:00:00+00:00,0.67560524
2025-06-09 12:00:00+00:00,0.67438654
2025-06-09 13:00:00+00:00,0.66607267
2025-06-09 14:00:00+00:00,0.66975803
2025-06-09 15:00:00+00:00,0.67380262
2025-06-09 16:00:00+00:00,0.6795332
2025-06-09 17:00:00+00:00,0.68257407
2025-06-09 18:00:00+00:00,0.68341904
2025-06-09 19:00:00+00:00,0.68137752
2025-06-09 20:00:00+00:00,0.68637944
2025-06-09 21:00:00+00:00,0.6978819
2025-06-09 22:00:00+00:00,0.70718452
2025-06-09 23:00:00+00:00,0.70489834
2025-06-10 00:00:00+00:00,0.7134926
2025-06-10 01:00:00+00:00,0.71263518
2025-06-10 02:00:00+00:00,0.71157622
2025-06-10 03:00:00+00:00,0.70587244
2025-06-10 04:00:00+00:00,0.70470225
2025-06-10 05:00:00+00:00,0.69784756
2025-06-10 06:00:00+00:00,0.69908664
2025-06-10 07:00:00+00:00,0.69638868
2025-06-10 08:00:00+00:00,0.68981019
2025-06-10 09:00:00+00:00,0.69542677
2025-06-10 10:00:00+00:00,0.69011526
2025-06-10 11:00:00+00:00,0.70483889
2025-06-10 12:00:00+00:00,0.71212055
2025-06-10 13:00:00+00:00,0.70170492
2025-06-10 14:00:00+00:00,0.69317249
2025-06-10 15:00:00+00:00,0.69581742
2025-06-10 16:00:00+00:00,0.69672327
2025-06-10 17:00:00+00:00,0.70175916
2025-06-10 18:00:00+00:00,0.70745423
2025-06-10 19:00:00+00:00,0.70879123
2025-06-10 20:00:00+00:00,0.70968781
2025-06-10 21:00:00+00:00,0.70890116
2025-06-10 22:00:00+00:00,0.71428668
2025-06-10 23:00:00+00:00,0.71666002
2025-06-11 00:00:00+00:00,0.71176112
2025-06-11 01:00:00+00:00,0.71088935
2025-06-11 02:00:00+00:00,0.71182823
2025-06-11 03:00:00+00:00,0.72009427
2025-06-11 04:00:00+00:00,0.71927905
2025-06-11 05:00:00+00:00,0.71955948
2025-06-11 06:00:00+00:00,0.72686441
2025-06-11 07:00:00+00:00,0.72363535
2025-06-11 08:00:00+00:00,0.72116887
2025-06-11 09:00:00+00:00,0.713059
2025-06-11 10:00:00+00:00,0.71940354
2025-06-11 11:00:00+00:00,0.71481368
2025-06-11 12:00:00+00:00,0.72314863
2025-06-11 13:00:00+00:00,0.71988557
2025-06-11 14:00:00+00:00,0.72468131
2025-06-11 15:00:00+00:00,0.72562529
2025-06-11 16:00:00+00:00,0.72030681
2025-06-11 17:00:00+00:00,0.71052335
2025-06-11 18:00:00+00:00,0.70763448
2025-06-11 19:00:00+00:00,0.70401892
2025-06-11 20:00:00+00:00,0.70428678
2025-06-11 21:00:00+00:00,0.69664653
2025-06-11 22:00:00+00:00,0.69332054
2025-06-11 23:00:00+00:00,0.69804925
2025-06-12 00:00:00+00:00,0.69843851
2025-06-12 01:00:00+00:00,0.69730361
2025-06-12 02:00:00+00:00,0.6941456
2025-06-12 03:00:00+00:00,0.69072384
2025-06-12 04:00:00+00:00,0.6905535
2025-06-12 05:00:00+00:00,0.69298715
2025-06-12 06:00:00+00:00,0.6925564
2025-06-12 07:00:00+00:00,0.68720015
2025-06-12 08:00:00+00:00,0.6858648
2025-06-12 09:00:00+00:00,0.68606904
2025-06-12 10:00:00+00:00,0.6821887
2025-06-12 11:00:00+00:00,0.6773494
2025-06-12 12:00:00+00:00,0.68288637
2025-06-12 13:00:00+00:00,0.68359815
2025-06-12 14:00:00+00:00,0.68898959
2025-06-12 15:00:00+00:00,0.67727498
2025-06-12 16:00:00+00:00,0.6828412
2025-06-12 17:00:00+00:00,0.68670749
2025-06-12 18:00:00+00:00,0.67914147
2025-06-12 19:00:00+00:00,0.66849155
2025-06-12 20:00:00+00:00,0.66144819
2025-06-12 21:00:00+00:00,0.65889505
2025-06-12 22:00:00+00:00,0.66058805
2025-06-12 23:00:00+00:00,0.66137815
2025-06-13 00:00:00+00:00,0.63364844
2025-06-13 01:00:00+00:00,0.62641186
2025-06-13 02:00:00+00:00,0.62354412
2025-06-13 03:00:00+00:00,0.634801
2025-06-13 04:00:00+00:00,0.63164285
2025-06-13 05:00:00+00:00,0.6317942
2025-06-13 06:00:00+00:00,0.63506037
2025-06-13 07:00:00+00:00,0.6356311
2025-06-13 08:00:00+00:00,0.63555856
2025-06-13 09:00:00+00:00,0.63344469
2025-06-13 10:00:00+00:00,0.63819677
2025-06-13 11:00:00+00:00,0.64164559
2025-06-13 12:00:00+00:00,0.63811897
2025-06-13 13:00:00+00:00,0.63629024
2025-06-13 14:00:00+00:00,0.63406041
2025-06-13 15:00:00+00:00,0.63823986
2025-06-13 16:00:00+00:00,0.64130561
2025-06-13 17:00:00+00:00,0.63747479
2025-06-13 18:00:00+00:00,0.63235182
2025-06-13 19:00:00+00:00,0.63195838
2025-06-13 20:00:00+00:00,0.6377065
2025-06-13 21:00:00+00:00,0.63861015
2025-06-13 22:00:00+00:00,0.6391117
2025-06-13 23:00:00+00:00,0.64211482
2025-06-14 00:00:00+00:00,0.63738183
2025-06-14 01:00:00+00:00,0.63653251
2025-06-14 02:00:00+00:00,0.63498239
2025-06-14 03:00:00+00:00,0.63629111
2025-06-14 04:00:00+00:00,0.63857792
2025-06-14 05:00:00+00:00,0.63829546
2025-06-14 06:00:00+00:00,0.63597485
2025-06-14 07:00:00+00:00,0.63654382
2025-06-14 08:00:00+00:00,0.63665088
2025-06-14 09:00:00+00:00,0.63247176
2025-06-14 10:00:00+00:00,0.63609104
2025-06-14 11:00:00+00:00,0.63610133
2025-06-14 12:00:00+00:00,0.63556711
2025-06-14 13:00:00+00:00,0.63395691
2025-06-14 14:00:00+00:00,0.63135928
2025-06-14 15:00:00+00:00,0.62855576
2025-06-14 16:00:00+00:00,0.61831143
2025-06-14 17:00:00+00:00,0.62196166
2025-06-14 18:00:00+00:00,0.62068949
2025-06-14 19:00:00+00:00,0.61901414
2025-06-14 20:00:00+00:00,0.61858758
2025-06-14 21:00:00+00:00,0.62533481
2025-06-14 22:00:00+00:00,0.62222584
2025-06-14 23:00:00+00:00,0.62468371
2025-06-15 00:00:00+00:00,0.62628249
2025-06-15 01:00:00+00:00,0.62448487
2025-06-15 02:00:00+00:00,0.62670582
2025-06-15 03:00:00+00:00,0.62761315
2025-06-15 04:00:00+00:00,0.63144009
2025-06-15 05:00:00+00:00,0.63407677
2025-06-15 06:00:00+00:00,0.63000114
2025-06-15 07:00:00+00:00,0.62784704
2025-06-15 08:00:00+00:00,0.62663193
2025-06-15 09:00:00+00:00,0.62211983
2025-06-15 10:00:00+00:00,0.62724656
2025-06-15 11:00:00+00:00,0.62599776
2025-06-15 12:00:00+00:00,0.62943551
2025-06-15 13:00:00+00:00,0.6317114
2025-06-15 14:00:00+00:00,0.63481458
2025-06-15 15:00:00+00:00,0.63028277
2025-06-15 16:00:00+00:00,0.63038439
2025-06-15 17:00:00+00:00,0.63015508
2025-06-15 18:00:00+00:00,0.63053872
2025-06-15 19:00:00+00:00,0.62957351
2025-06-15 20:00:00+00:00,0.62312691
2025-06-15 21:00:00+00:00,0.6268276
2025-06-15 22:00:00+00:00,0.6324951
2025-06-15 23:00:00+00:00,0.63332007
2025-06-16 00:00:00+00:00,0.63182229
2025-06-16 01:00:00+00:00,0.63733702
2025-06-16 02:00:00+00:00,0.63782683
2025-06-16 03:00:00+00:00,0.63682571
2025-06-16 04:00:00+00:00,0.64119491
2025-06-16 05:00:00+00:00,0.64416262
2025-06-16 06:00:00+00:00,0.64281961
2025-06-16 07:00:00+00:00,0.64907703
2025-06-16 08:00:00+00:00,0.6468026
2025-06-16 09:00:00+00:00,0.64468284
2025-06-16 10:00:00+00:00,0.64269995
2025-06-16 11:00:00+00:00,0.64601577
2025-06-16 12:00:00+00:00,0.64419035
2025-06-16 13:00:00+00:00,0.64921695
2025-06-16 14:00:00+00:00,0.65014143
2025-06-16 15:00:00+00:00,0.64902015
2025-06-16 16:00:00+00:00,0.65508875
2025-06-16 17:00:00+00:00,0.65153587
2025-06-16 18:00:00+00:00,0.65577428
2025-06-16 19:00:00+00:00,0.65509149
2025-06-16 20:00:00+00:00,0.65590174
2025-06-16 21:00:00+00:00,0.65357924
2025-06-16 22:00:00+00:00,0.640336
2025-06-16 23:00:00+00:00,0.63023822
2025-06-17 00:00:00+00:00,0.63566684
2025-06-17 01:00:00+00:00,0.63495977
2025-06-17 02:00:00+00:00,0.63937645
2025-06-17 03:00:00+00:00,0.63655106
2025-06-17 04:00:00+00:00,0.63430163
2025-06-17 05:00:00+00:00,0.6332305
2025-06-17 06:00:00+00:00,0.63167628
2025-06-17 07:00:00+00:00,0.63257792
2025-06-17 08:00:00+00:00,0.62470436
2025-06-17 09:00:00+00:00,0.62597442
2025-06-17 10:00:00+00:00,0.62524674
2025-06-17 11:00:00+00:00,0.62177999
2025-06-17 12:00:00+00:00,0.62228109
2025-06-17 13:00:00+00:00,0.62375442
2025-06-17 14:00:00+00:00,0.6202894
2025-06-17 15:00:00+00:00,0.61170385
2025-06-17 16:00:00+00:00,0.60190785
2025-06-17 17:00:00+00:00,0.60429713
2025-06-17 18:00:00+00:00,0.61414399
2025-06-17 19:00:00+00:00,0.61763294
2025-06-17 20:00:00+00:00,0.61433551
2025-06-17 21:00:00+00:00,0.61031297
2025-06-17 22:00:00+00:00,0.60587008
2025-06-17 23:00:00+00:00,0.60891043
2025-06-18 00:00:00+00:00,0.6140019
2025-06-18 01:00:00+00:00,0.61116515
2025-06-18 02:00:00+00:00,0.6095822
2025-06-18 03:00:00+00:00,0.61371742
2025-06-18 04:00:00+00:00,0.61945299
2025-06-18 05:00:00+00:00,0.61833287
2025-06-18 06:00:00+00:00,0.61386122
2025-06-18 07:00:00+00:00,0.61534452
2025-06-18 08:00:00+00:00,0.61200508
2025-06-18 09:00:00+00:00,0.6100387
2025-06-18 10:00:00+00:00,0.60101118
2025-06-18 11:00:00+00:00,0.60698442
2025-06-18 12:00:00+00:00,0.60138781
2025-06-18 13:00:00+00:00,0.59958881
2025-06-18 14:00:00+00:00,0.59611375
2025-06-18 15:00:00+00:00,0.59474333
2025-06-18 16:00:00+00:00,0.59161373
2025-06-18 17:00:00+00:00,0.59568012
2025-06-18 18:00:00+00:00,0.58930073
2025-06-18 19:00:00+00:00,0.59075385
2025-06-18 20:00:00+00:00,0.60537449
2025-06-18 21:00:00+00:00,0.60766303
2025-06-18 22:00:00+00:00,0.60536667
2025-06-18 23:00:00+00:00,0.60397113
2025-06-19 00:00:00+00:00,0.60699923
2025-06-19 01:00:00+00:00,0.60221916
2025-06-19 02:00:00+00:00,0.6000115
2025-06-19 03:00:00+00:00,0.6032474
2025-06-19 04:00:00+00:00,0.60441369
2025-06-19 05:00:00+00:00,0.60177436
2025-06-19 06:00:00+00:00,0.59792978
2025-06-19 07:00:00+00:00,0.59841846
2025-06-19 08:00:00+00:00,0.59844714
2025-06-19 09:00:00+00:00,0.60161392
2025-06-19 10:00:00+00:00,0.59972628
2025-06-19 11:00:00+00:00,0.59872373
2025-06-19 12:00:00+00:00,0.59883365
2025-06-19 13:00:00+00:00,0.59494815
2025-06-19 14:00:00+00:00,0.59187885
2025-06-19 15:00:00+00:00,0.59100803
2025-06-19 16:00:00+00:00,0.5905225
2025-06-19 17:00:00+00:00,0.59789727
2025-06-19 18:00:00+00:00,0.60052555
2025-06-19 19:00:00+00:00,0.59954483
2025-06-19 20:00:00+00:00,0.59957214
2025-06-19 21:00:00+00:00,0.59868877
2025-06-19 22:00:00+00:00,0.60276631
2025-06-19 23:00:00+00:00,0.60205344
2025-06-20 00:00:00+00:00,0.60268805
2025-06-20 01:00:00+00:00,0.60267247
2025-06-20 02:00:00+00:00,0.60014296
2025-06-20 03:00:00+00:00,0.59811417
2025-06-20 04:00:00+00:00,0.59055694
2025-06-20 05:00:00+00:00,0.59197736
2025-06-20 06:00:00+00:00,0.59199692
2025-06-20 07:00:00+00:00,0.60267695
2025-06-20 08:00:00+00:00,0.60234781
2025-06-20 09:00:00+00:00,0.60201087
2025-06-20 10:00:00+00:00,0.60189244
2025-06-20 11:00:00+00:00,0.60230816
2025-06-20 12:00:00+00:00,0.60284117
2025-06-20 13:00:00+00:00,0.60023573
2025-06-20 14:00:00+00:00,0.58322327
2025-06-20 15:00:00+00:00,0.58319197
2025-06-20 16:00:00+00:00,0.57752959
2025-06-20 17:00:00+00:00,0.5760196
2025-06-20 18:00:00+00:00,0.57756303
2025-06-20 19:00:00+00:00,0.57821685
2025-06-20 20:00:00+00:00,0.58174464
2025-06-20 21:00:00+00:00,0.57741003
2025-06-20 22:00:00+00:00,0.57314715
2025-06-20 23:00:00+00:00,0.57735233
2025-06-21 00:00:00+00:00,0.57979155
2025-06-21 01:00:00+00:00,0.58591649
2025-06-21 02:00:00+00:00,0.58424395
2025-06-21 03:00:00+00:00,0.58464596
2025-06-21 04:00:00+00:00,0.58422171
2025-06-21 05:00:00+00:00,0.58561728
2025-06-21 06:00:00+00:00,0.58345305
2025-06-21 07:00:00+00:00,0.58240962
2025-06-21 08:00:00+00:00,0.58529195
2025-06-21 09:00:00+00:00,0.58468473
2025-06-21 10:00:00+00:00,0.58341284
2025-06-21 11:00:00+00:00,0.58400084
2025-06-21 12:00:00+00:00,0.58076419
2025-06-21 13:00:00+00:00,0.57631609
2025-06-21 14:00:00+00:00,0.57632713
2025-06-21 15:00:00+00:00,0.57565446
2025-06-21 16:00:00+00:00,0.5749824
2025-06-21 17:00:00+00:00,0.56924737
2025-06-21 18:00:00+00:00,0.5676526
2025-06-21 19:00:00+00:00,0.564393
2025-06-21 20:00:00+00:00,0.56853745
2025-06-21 21:00:00+00:00,0.55159635
2025-06-21 22:00:00+00:00,0.55488435
2025-06-21 23:00:00+00:00,0.55624973
2025-06-22 00:00:00+00:00,0.56090882
2025-06-22 01:00:00+00:00,0.55293932
2025-06-22 02:00:00+00:00,0.54978472
2025-06-22 03:00:00+00:00,0.54771312
2025-06-22 04:00:00+00:00,0.55246257
2025-06-22 05:00:00+00:00,0.55553843
2025-06-22 06:00:00+00:00,0.55625721
2025-06-22 07:00:00+00:00,0.54870829
2025-06-22 08:00:00+00:00,0.54829772
2025-06-22 09:00:00+00:00,0.53946367
2025-06-22 10:00:00+00:00,0.54442151
2025-06-22 11:00:00+00:00,0.5462083
2025-06-22 12:00:00+00:00,0.54832314
2025-06-22 13:00:00+00:00,0.53071889
2025-06-22 14:00:00+00:00,0.53082487
2025-06-22 15:00:00+00:00,0.52315535
2025-06-22 16:00:00+00:00,0.52894018
2025-06-22 17:00:00+00:00,0.53271523
2025-06-22 18:00:00+00:00,0.52832641
2025-06-22 19:00:00+00:00,0.52442675
2025-06-22 20:00:00+00:00,0.52823442
2025-06-22 21:00:00+00:00,0.52538024
2025-06-22 22:00:00+00:00,0.53964121
2025-06-22 23:00:00+00:00,0.54182301
2025-06-23 00:00:00+00:00,0.54250413
2025-06-23 01:00:00+00:00,0.54525145
2025-06-23 02:00:00+00:00,0.54537753
2025-06-23 03:00:00+00:00,0.54546279
2025-06-23 04:00:00+00:00,0.54638204
2025-06-23 05:00:00+00:00,0.54851285
2025-06-23 06:00:00+00:00,0.54896993
2025-06-23 07:00:00+00:00,0.54853508
2025-06-23 08:00:00+00:00,0.54751383
2025-06-23 09:00:00+00:00,0.54483536
2025-06-23 10:00:00+00:00,0.54256536
2025-06-23 11:00:00+00:00,0.54309742
2025-06-23 12:00:00+00:00,0.54718419
2025-06-23 13:00:00+00:00,0.55308291
2025-06-23 14:00:00+00:00,0.54788585
2025-06-23 15:00:00+00:00,0.54241564
2025-06-23 16:00:00+00:00,0.53479221
2025-06-23 17:00:00+00:00,0.54827098
2025-06-23 18:00:00+00:00,0.55241927
2025-06-23 19:00:00+00:00,0.55496361
2025-06-23 20:00:00+00:00,0.55980945
2025-06-23 21:00:00+00:00,0.56446778
2025-06-23 22:00:00+00:00,0.58363057
2025-06-23 23:00:00+00:00,0.58221822
2025-06-24 00:00:00+00:00,0.57927699
2025-06-24 01:00:00+00:00,0.58125447
2025-06-24 02:00:00+00:00,0.57703346
2025-06-24 03:00:00+00:00,0.5798642
2025-06-24 04:00:00+00:00,0.58151838
2025-06-24 05:00:00+00:00,0.5927849
2025-06-24 06:00:00+00:00,0.59179831
2025-06-24 07:00:00+00:00,0.58195785
2025-06-24 08:00:00+00:00,0.57973283
2025-06-24 09:00:00+00:00,0.58234647
2025-06-24 10:00:00+00:00,0.58240248
2025-06-24 11:00:00+00:00,0.58486871
2025-06-24 12:00:00+00:00,0.58354164
2025-06-24 13:00:00+00:00,0.581647
2025-06-24 14:00:00+00:00,0.58575615
2025-06-24 15:00:00+00:00,0.58358556
2025-06-24 16:00:00+00:00,0.59207677
2025-06-24 17:00:00+00:00,0.58604873
2025-06-24 18:00:00+00:00,0.58195349
2025-06-24 19:00:00+00:00,0.5827496
2025-06-24 20:00:00+00:00,0.5873499
2025-06-24 21:00:00+00:00,0.58724086
2025-06-24 22:00:00+00:00,0.58659612
2025-06-24 23:00:00+00:00,0.58750592
2025-06-25 00:00:00+00:00,0.58939456
2025-06-25 01:00:00+00:00,0.58765488
2025-06-25 02:00:00+00:00,0.58586652
2025-06-25 03:00:00+00:00,0.58403692
2025-06-25 04:00:00+00:00,0.58233195
2025-06-25 05:00:00+00:00,0.58118888
2025-06-25 06:00:00+00:00,0.58318554
2025-06-25 07:00:00+00:00,0.58503252
2025-06-25 08:00:00+00:00,0.58009387
2025-06-25 09:00:00+00:00,0.57650168
2025-06-25 10:00:00+00:00,0.57828866
2025-06-25 11:00:00+00:00,0.58054346
2025-06-25 12:00:00+00:00,0.57702609
2025-06-25 13:00:00+00:00,0.58298537
2025-06-25 14:00:00+00:00,0.576315
2025-06-25 15:00:00+00:00,0.56733952
2025-06-25 16:00:00+00:00,0.56534289
2025-06-25 17:00:00+00:00,0.56955801
2025-06-25 18:00:00+00:00,0.56737908
2025-06-25 19:00:00+00:00,0.57149471
2025-06-25 20:00:00+00:00,0.57279615
2025-06-25 21:00:00+00:00,0.56838521
2025-06-25 22:00:00+00:00,0.56577614
2025-06-25 23:00:00+00:00,0.56706408
2025-06-26 00:00:00+00:00,0.56936526
2025-06-26 01:00:00+00:00,0.57159968
2025-06-26 02:00:00+00:00,0.57749939
2025-06-26 03:00:00+00:00,0.57366144
2025-06-26 04:00:00+00:00,0.57162347
2025-06-26 05:00:00+00:00,0.56978298
2025-06-26 06:00:00+00:00,0.57124945
2025-06-26 07:00:00+00:00,0.57236114
2025-06-26 08:00:00+00:00,0.57001316
2025-06-26 09:00:00+00:00,0.56411391
2025-06-26 10:00:00+00:00,0.56515015
2025-06-26 11:00:00+00:00,0.56354712
2025-06-26 12:00:00+00:00,0.55729222
2025-06-26 13:00:00+00:00,0.55253606
2025-06-26 14:00:00+00:00,0.55531836
2025-06-26 15:00:00+00:00,0.55455461
2025-06-26 16:00:00+00:00,0.55209112
2025-06-26 17:00:00+00:00,0.55368336
2025-06-26 18:00:00+00:00,0.55439375
2025-06-26 19:00:00+00:00,0.55576279
2025-06-26 20:00:00+00:00,0.56016169
2025-06-26 21:00:00+00:00,0.5560111
2025-06-26 22:00:00+00:00,0.55175036
2025-06-26 23:00:00+00:00,0.55430439
2025-06-27 00:00:00+00:00,0.55094126
2025-06-27 01:00:00+00:00,0.55631277
2025-06-27 02:00:00+00:00,0.55875446
2025-06-27 03:00:00+00:00,0.55992539
2025-06-27 04:00:00+00:00,0.55843174
2025-06-27 05:00:00+00:00,0.5548254
2025-06-27 06:00:00+00:00,0.55710136
2025-06-27 07:00:00+00:00,0.55386434
2025-06-27 08:00:00+00:00,0.5581105
2025-06-27 09:00:00+00:00,0.55753951
2025-06-27 10:00:00+00:00,0.55350204
2025-06-27 11:00:00+00:00,0.55431721
2025-06-27 12:00:00+00:00,0.54977593
2025-06-27 13:00:00+00:00,0.55194512
2025-06-27 14:00:00+00:00,0.54953899
2025-06-27 15:00:00+00:00,0.55551957
2025-06-27 16:00:00+00:00,0.55684608
2025-06-27 17:00:00+00:00,0.5501616
2025-06-27 18:00:00+00:00,0.54680415
2025-06-27 19:00:00+00:00,0.55092007
2025-06-27 20:00:00+00:00,0.55585988
2025-06-27 21:00:00+00:00,0.55748734
2025-06-27 22:00:00+00:00,0.55979883
2025-06-27 23:00:00+00:00,0.55862205
2025-06-28 00:00:00+00:00,0.55816387
2025-06-28 01:00:00+00:00,0.56097485
2025-06-28 02:00:00+00:00,0.55921283
2025-06-28 03:00:00+00:00,0.55973121
2025-06-28 04:00:00+00:00,0.55864236
2025-06-28 05:00:00+00:00,0.55855515
2025-06-28 06:00:00+00:00,0.56225691
2025-06-28 07:00:00+00:00,0.56246946
2025-06-28 08:00:00+00:00,0.55990193
2025-06-28 09:00:00+00:00,0.56133739
2025-06-28 10:00:00+00:00,0.56023287
2025-06-28 11:00:00+00:00,0.55908945
2025-06-28 12:00:00+00:00,0.55774143
2025-06-28 13:00:00+00:00,0.5565427
2025-06-28 14:00:00+00:00,0.55971985
2025-06-28 15:00:00+00:00,0.56416411
2025-06-28 16:00:00+00:00,0.56279243
2025-06-28 17:00:00+00:00,0.56808479
2025-06-28 18:00:00+00:00,0.56647368
2025-06-28 19:00:00+00:00,0.56383761
2025-06-28 20:00:00+00:00,0.56283036
2025-06-28 21:00:00+00:00,0.56605463
2025-06-28 22:00:00+00:00,0.5664723
2025-06-28 23:00:00+00:00,0.56545445
2025-06-29 00:00:00+00:00,0.56709322
2025-06-29 01:00:00+00:00,0.56436074
2025-06-29 02:00:00+00:00,0.56501969
2025-06-29 03:00:00+00:00,0.56339604
2025-06-29 04:00:00+00:00,0.56137217
2025-06-29 05:00:00+00:00,0.56192215
2025-06-29 06:00:00+00:00,0.56141347
2025-06-29 07:00:00+00:00,0.56101571
2025-06-29 08:00:00+00:00,0.5638637
2025-06-29 09:00:00+00:00,0.56381854
2025-06-29 10:00:00+00:00,0.5635879
2025-06-29 11:00:00+00:00,0.56523777
2025-06-29 12:00:00+00:00,0.56489882
2025-06-29 13:00:00+00:00,0.56327943
2025-06-29 14:00:00+00:00,0.55990124
2025-06-29 15:00:00+00:00,0.55601713
2025-06-29 16:00:00+00:00,0.55788445
2025-06-29 17:00:00+00:00,0.55733399
2025-06-29 18:00:00+00:00,0.56049839
2025-06-29 19:00:00+00:00,0.55887673
2025-06-29 20:00:00+00:00,0.55786974
2025-06-29 21:00:00+00:00,0.56121557
2025-06-29 22:00:00+00:00,0.57951515
2025-06-29 23:00:00+00:00,0.5773734
2025-06-30 00:00:00+00:00,0.57747623
2025-06-30 01:00:00+00:00,0.57271033
2025-06-30 02:00:00+00:00,0.5682078
2025-06-30 03:00:00+00:00,0.56856832
2025-06-30 04:00:00+00:00,0.56622772
2025-06-30 05:00:00+00:00,0.56966478
2025-06-30 06:00:00+00:00,0.56203338
2025-06-30 07:00:00+00:00,0.5665442
2025-06-30 08:00:00+00:00,0.56752294
2025-06-30 09:00:00+00:00,0.56279217
2025-06-30 10:00:00+00:00,0.56421425
2025-06-30 11:00:00+00:00,0.56405632
2025-06-30 12:00:00+00:00,0.56091944
2025-06-30 13:00:00+00:00,0.56083204
2025-06-30 14:00:00+00:00,0.55917667
2025-06-30 15:00:00+00:00,0.56728329
2025-06-30 16:00:00+00:00,0.57078225
2025-06-30 17:00:00+00:00,0.56990474
2025-06-30 18:00:00+00:00,0.57364657
2025-06-30 19:00:00+00:00,0.58963739
2025-06-30 20:00:00+00:00,0.58449886
2025-06-30 21:00:00+00:00,0.57707111
2025-06-30 22:00:00+00:00,0.57382474
2025-06-30 23:00:00+00:00,0.57217326
2025-07-01 00:00:00+00:00,0.57280998
2025-07-01 01:00:00+00:00,0.5720755
2025-07-01 02:00:00+00:00,0.56618404
2025-07-01 03:00:00+00:00,0.56904482
2025-07-01 04:00:00+00:00,0.56502502
2025-07-01 05:00:00+00:00,0.56318687
2025-07-01 06:00:00+00:00,0.56268088
2025-07-01 07:00:00+00:00,0.56717534
2025-07-01 08:00:00+00:00,0.56199824
2025-07-01 09:00:00+00:00,0.56181199
2025-07-01 10:00:00+00:00,0.56279684
2025-07-01 11:00:00+00:00,0.56021603
2025-07-01 12:00:00+00:00,0.55288002
2025-07-01 13:00:00+00:00,0.55040588
2025-07-01 14:00:00+00:00,0.54728622
2025-07-01 15:00:00+00:00,0.54690122
2025-07-01 16:00:00+00:00,0.55021844
2025-07-01 17:00:00+00:00,0.54568886
2025-07-01 18:00:00+00:00,0.54071911
2025-07-01 19:00:00+00:00,0.53925238
2025-07-01 20:00:00+00:00,0.5418093
2025-07-01 21:00:00+00:00,0.54216372
2025-07-01 22:00:00+00:00,0.54060302
2025-07-01 23:00:00+00:00,0.54194292
2025-07-02 00:00:00+00:00,0.54154499
2025-07-02 01:00:00+00:00,0.5451234
2025-07-02 02:00:00+00:00,0.54528052
2025-07-02 03:00:00+00:00,0.54848638
2025-07-02 04:00:00+00:00,0.55366931
2025-07-02 05:00:00+00:00,0.55450859
2025-07-02 06:00:00+00:00,0.55753491
2025-07-02 07:00:00+00:00,0.55654126
2025-07-02 08:00:00+00:00,0.55821378
2025-07-02 09:00:00+00:00,0.55726414
2025-07-02 10:00:00+00:00,0.55991702
2025-07-02 11:00:00+00:00,0.56096382
2025-07-02 12:00:00+00:00,0.55921396
2025-07-02 13:00:00+00:00,0.56121473
2025-07-02 14:00:00+00:00,0.56898899
2025-07-02 15:00:00+00:00,0.57772771
2025-07-02 16:00:00+00:00,0.59458655
2025-07-02 17:00:00+00:00,0.59343655
2025-07-02 18:00:00+00:00,0.59475103
2025-07-02 19:00:00+00:00,0.59551338
2025-07-02 20:00:00+00:00,0.59605295
2025-07-02 21:00:00+00:00,0.59515647
2025-07-02 22:00:00+00:00,0.59231615
2025-07-02 23:00:00+00:00,0.58385031
2025-07-03 00:00:00+00:00,0.58690682
2025-07-03 01:00:00+00:00,0.58921311
2025-07-03 02:00:00+00:00,0.58621075
2025-07-03 03:00:00+00:00,0.58675723
2025-07-03 04:00:00+00:00,0.59001637
2025-07-03 05:00:00+00:00,0.60162084
2025-07-03 06:00:00+00:00,0.60515521
2025-07-03 07:00:00+00:00,0.60833915
2025-07-03 08:00:00+00:00,0.60505919
2025-07-03 09:00:00+00:00,0.6067611
2025-07-03 10:00:00+00:00,0.60346023
2025-07-03 11:00:00+00:00,0.60363144
2025-07-03 12:00:00+00:00,0.59915535
2025-07-03 13:00:00+00:00,0.60463094
2025-07-03 14:00:00+00:00,0.59784243
2025-07-03 15:00:00+00:00,0.58763975
2025-07-03 16:00:00+00:00,0.59189074
2025-07-03 17:00:00+00:00,0.59343001
2025-07-03 18:00:00+00:00,0.59655851
2025-07-03 19:00:00+00:00,0.59566283
2025-07-03 20:00:00+00:00,0.59925618
2025-07-03 21:00:00+00:00,0.60156946
2025-07-03 22:00:00+00:00,0.6023846
2025-07-03 23:00:00+00:00,0.59916862
2025-07-04 00:00:00+00:00,0.60044407
2025-07-04 01:00:00+00:00,0.60008987
2025-07-04 02:00:00+00:00,0.59206732
2025-07-04 03:00:00+00:00,0.59358301
2025-07-04 04:00:00+00:00,0.58868247
2025-07-04 05:00:00+00:00,0.59107049
2025-07-04 06:00:00+00:00,0.58648562
2025-07-04 07:00:00+00:00,0.57976567
2025-07-04 08:00:00+00:00,0.58055907
2025-07-04 09:00:00+00:00,0.58340451
2025-07-04 10:00:00+00:00,0.5803934
2025-07-04 11:00:00+00:00,0.5814806
2025-07-04 12:00:00+00:00,0.58095389
2025-07-04 13:00:00+00:00,0.57587453
2025-07-04 14:00:00+00:00,0.57458954
2025-07-04 15:00:00+00:00,0.57115498
2025-07-04 16:00:00+00:00,0.56723767
2025-07-04 17:00:00+00:00,0.57203179
2025-07-04 18:00:00+00:00,0.56738648
2025-07-04 19:00:00+00:00,0.56669118
2025-07-04 20:00:00+00:00,0.57008941
2025-07-04 21:00:00+00:00,0.57142708
2025-07-04 22:00:00+00:00,0.57621465
2025-07-04 23:00:00+00:00,0.57236083
2025-07-05 00:00:00+00:00,0.57538864
2025-07-05 01:00:00+00:00,0.57300604
2025-07-05 02:00:00+00:00,0.57286495
2025-07-05 03:00:00+00:00,0.57811448
2025-07-05 04:00:00+00:00,0.57587821
2025-07-05 05:00:00+00:00,0.57766219
2025-07-05 06:00:00+00:00,0.58205413
2025-07-05 07:00:00+00:00,0.57897796
2025-07-05 08:00:00+00:00,0.57343696
2025-07-05 09:00:00+00:00,0.57528212
2025-07-05 10:00:00+00:00,0.57333646
2025-07-05 11:00:00+00:00,0.57483216
2025-07-05 12:00:00+00:00,0.57448785
2025-07-05 13:00:00+00:00,0.57264672
2025-07-05 14:00:00+00:00,0.57569411
2025-07-05 15:00:00+00:00,0.5756936
2025-07-05 16:00:00+00:00,0.57579478
2025-07-05 17:00:00+00:00,0.57525803
2025-07-05 18:00:00+00:00,0.57156319
2025-07-05 19:00:00+00:00,0.57376582
2025-07-05 20:00:00+00:00,0.57501387
2025-07-05 21:00:00+00:00,0.57502524
2025-07-05 22:00:00+00:00,0.57597467
2025-07-05 23:00:00+00:00,0.57547068
2025-07-06 00:00:00+00:00,0.57480884
2025-07-06 01:00:00+00:00,0.57301419
2025-07-06 02:00:00+00:00,0.57162568
2025-07-06 03:00:00+00:00,0.57499496
2025-07-06 04:00:00+00:00,0.57323306
2025-07-06 05:00:00+00:00,0.57303158
2025-07-06 06:00:00+00:00,0.57537488
2025-07-06 07:00:00+00:00,0.57365028
2025-07-06 08:00:00+00:00,0.57512256
2025-07-06 09:00:00+00:00,0.57371037
2025-07-06 10:00:00+00:00,0.57890976
2025-07-06 11:00:00+00:00,0.5780334
2025-07-06 12:00:00+00:00,0.58083626
2025-07-06 13:00:00+00:00,0.58715535
2025-07-06 14:00:00+00:00,0.58403946
2025-07-06 15:00:00+00:00,0.58551211
2025-07-06 16:00:00+00:00,0.58706418
2025-07-06 17:00:00+00:00,0.58492521
2025-07-06 18:00:00+00:00,0.58091848
2025-07-06 19:00:00+00:00,0.58328017
2025-07-06 20:00:00+00:00,0.58386292
2025-07-06 21:00:00+00:00,0.58852981
2025-07-06 22:00:00+00:00,0.58931352
2025-07-06 23:00:00+00:00,0.58579791
2025-07-07 00:00:00+00:00,0.58406049
2025-07-07 01:00:00+00:00,0.58497548
2025-07-07 02:00:00+00:00,0.58992676
2025-07-07 03:00:00+00:00,0.58749178
2025-07-07 04:00:00+00:00,0.58590117
2025-07-07 05:00:00+00:00,0.58651693
2025-07-07 06:00:00+00:00,0.5832441
2025-07-07 07:00:00+00:00,0.59014249
2025-07-07 08:00:00+00:00,0.58876292
2025-07-07 09:00:00+00:00,0.58620006
2025-07-07 10:00:00+00:00,0.58625709
2025-07-07 11:00:00+00:00,0.58739882
2025-07-07 12:00:00+00:00,0.58152437
2025-07-07 13:00:00+00:00,0.58957822
2025-07-07 14:00:00+00:00,0.58176044
2025-07-07 15:00:00+00:00,0.58355459
2025-07-07 16:00:00+00:00,0.58000205
2025-07-07 17:00:00+00:00,0.58027599
2025-07-07 18:00:00+00:00,0.57990891
2025-07-07 19:00:00+00:00,0.58011524
2025-07-07 20:00:00+00:00,0.5767519
2025-07-07 21:00:00+00:00,0.5777254
2025-07-07 22:00:00+00:00,0.57711843
2025-07-07 23:00:00+00:00,0.58047959
2025-07-08 00:00:00+00:00,0.5793474
2025-07-08 01:00:00+00:00,0.57537221
2025-07-08 02:00:00+00:00,0.57416361
2025-07-08 03:00:00+00:00,0.57607935
2025-07-08 04:00:00+00:00,0.57721106
2025-07-08 05:00:00+00:00,0.57499482
2025-07-08 06:00:00+00:00,0.57710505
2025-07-08 07:00:00+00:00,0.57837252
2025-07-08 08:00:00+00:00,0.57748496
2025-07-08 09:00:00+00:00,0.58074796
2025-07-08 10:00:00+00:00,0.58489552
2025-07-08 11:00:00+00:00,0.58443939
2025-07-08 12:00:00+00:00,0.58729472
2025-07-08 13:00:00+00:00,0.58544048
2025-07-08 14:00:00+00:00,0.57963448
2025-07-08 15:00:00+00:00,0.58113574
2025-07-08 16:00:00+00:00,0.58190329
2025-07-08 17:00:00+00:00,0.59038481
2025-07-08 18:00:00+00:00,0.59175646
2025-07-08 19:00:00+00:00,0.58913962
2025-07-08 20:00:00+00:00,0.58530739
2025-07-08 21:00:00+00:00,0.58865536
2025-07-08 22:00:00+00:00,0.58849873
2025-07-08 23:00:00+00:00,0.58832866
2025-07-09 00:00:00+00:00,0.58610273
2025-07-09 01:00:00+00:00,0.58645525
2025-07-09 02:00:00+00:00,0.58741222
2025-07-09 03:00:00+00:00,0.58517991
2025-07-09 04:00:00+00:00,0.589029
2025-07-09 05:00:00+00:00,0.59513669
2025-07-09 06:00:00+00:00,0.59669032
2025-07-09 07:00:00+00:00,0.59607896
2025-07-09 08:00:00+00:00,0.59606023
2025-07-09 09:00:00+00:00,0.59632223
2025-07-09 10:00:00+00:00,0.60046122
2025-07-09 11:00:00+00:00,0.60938028
2025-07-09 12:00:00+00:00,0.61410606
2025-07-09 13:00:00+00:00,0.6112062
2025-07-09 14:00:00+00:00,0.60607177
2025-07-09 15:00:00+00:00,0.61087897
2025-07-09 16:00:00+00:00,0.61204964
2025-07-09 17:00:00+00:00,0.60730958
2025-07-09 18:00:00+00:00,0.60998576
2025-07-09 19:00:00+00:00,0.62198659
2025-07-09 20:00:00+00:00,0.62012152
2025-07-09 21:00:00+00:00,0.62239206
2025-07-09 22:00:00+00:00,0.62422292
2025-07-09 23:00:00+00:00,0.62266054
2025-07-10 00:00:00+00:00,0.61772995
2025-07-10 01:00:00+00:00,0.62321049
2025-07-10 02:00:00+00:00,0.62417453
2025-07-10 03:00:00+00:00,0.62154539
2025-07-10 04:00:00+00:00,0.62273498
2025-07-10 05:00:00+00:00,0.62039441
2025-07-10 06:00:00+00:00,0.62328493
2025-07-10 07:00:00+00:00,0.62798294
2025-07-10 08:00:00+00:00,0.63147117
2025-07-10 09:00:00+00:00,0.62871005
2025-07-10 10:00:00+00:00,0.63030177
2025-07-10 11:00:00+00:00,0.63167774
2025-07-10 12:00:00+00:00,0.62618688
2025-07-10 13:00:00+00:00,0.62478264
2025-07-10 14:00:00+00:00,0.62681667
2025-07-10 15:00:00+00:00,0.62903477
2025-07-10 16:00:00+00:00,0.63931381
2025-07-10 17:00:00+00:00,0.65767553
2025-07-10 18:00:00+00:00,0.65232523
2025-07-10 19:00:00+00:00,0.65220029
2025-07-10 20:00:00+00:00,0.65666186
2025-07-10 21:00:00+00:00,0.6714442
2025-07-10 22:00:00+00:00,0.67827745
2025-07-10 23:00:00+00:00,0.67746504
2025-07-11 00:00:00+00:00,0.67314085
2025-07-11 01:00:00+00:00,0.68415364
2025-07-11 02:00:00+00:00,0.69042638
2025-07-11 03:00:00+00:00,0.68768652
2025-07-11 04:00:00+00:00,0.69509528
2025-07-11 05:00:00+00:00,0.69564482
2025-07-11 06:00:00+00:00,0.68905392
2025-07-11 07:00:00+00:00,0.69915451
2025-07-11 08:00:00+00:00,0.71244381
2025-07-11 09:00:00+00:00,0.72002828
2025-07-11 10:00:00+00:00,0.73326091
2025-07-11 11:00:00+00:00,0.72739913
2025-07-11 12:00:00+00:00,0.74813982
2025-07-11 13:00:00+00:00,0.75451378
2025-07-11 14:00:00+00:00,0.75218423
2025-07-11 15:00:00+00:00,0.73723924
2025-07-11 16:00:00+00:00,0.72910766
2025-07-11 17:00:00+00:00,0.73396217
2025-07-11 18:00:00+00:00,0.74398989
2025-07-11 19:00:00+00:00,0.74316479
2025-07-11 20:00:00+00:00,0.72158487
2025-07-11 21:00:00+00:00,0.71416841
2025-07-11 22:00:00+00:00,0.70675306
2025-07-11 23:00:00+00:00,0.70948661
2025-07-12 00:00:00+00:00,0.70611667
2025-07-12 01:00:00+00:00,0.7295979
2025-07-12 02:00:00+00:00,0.72921429
2025-07-12 03:00:00+00:00,0.72870495
2025-07-12 04:00:00+00:00,0.72093214
2025-07-12 05:00:00+00:00,0.71752373
2025-07-12 06:00:00+00:00,0.71853213
2025-07-12 07:00:00+00:00,0.71513455
2025-07-12 08:00:00+00:00,0.7177638
2025-07-12 09:00:00+00:00,0.73006949
2025-07-12 10:00:00+00:00,0.73057862
2025-07-12 11:00:00+00:00,0.72312614
2025-07-12 12:00:00+00:00,0.71353918
2025-07-12 13:00:00+00:00,0.71134628
2025-07-12 14:00:00+00:00,0.70587677
2025-07-12 15:00:00+00:00,0.69337752
2025-07-12 16:00:00+00:00,0.69712585
2025-07-12 17:00:00+00:00,0.7072412
2025-07-12 18:00:00+00:00,0.70566076
2025-07-12 19:00:00+00:00,0.70719689
2025-07-12 20:00:00+00:00,0.69632302
2025-07-12 21:00:00+00:00,0.70833285
2025-07-12 22:00:00+00:00,0.70719244
2025-07-12 23:00:00+00:00,0.70891485
2025-07-13 00:00:00+00:00,0.70808808
2025-07-13 01:00:00+00:00,0.71689237
2025-07-13 02:00:00+00:00,0.71902255
2025-07-13 03:00:00+00:00,0.71866417
2025-07-13 04:00:00+00:00,0.72750509
2025-07-13 05:00:00+00:00,0.72185497
2025-07-13 06:00:00+00:00,0.73781166
2025-07-13 07:00:00+00:00,0.74035594
2025-07-13 08:00:00+00:00,0.73739063
2025-07-13 09:00:00+00:00,0.73054813
2025-07-13 10:00:00+00:00,0.72556316
2025-07-13 11:00:00+00:00,0.72924924
2025-07-13 12:00:00+00:00,0.73938509
2025-07-13 13:00:00+00:00,0.74462049
2025-07-13 14:00:00+00:00,0.74471149
2025-07-13 15:00:00+00:00,0.74191417
2025-07-13 16:00:00+00:00,0.73467518
2025-07-13 17:00:00+00:00,0.74112852
2025-07-13 18:00:00+00:00,0.74614287
2025-07-13 19:00:00+00:00,0.74496893
2025-07-13 20:00:00+00:00,0.74504684
2025-07-13 21:00:00+00:00,0.73363051
2025-07-13 22:00:00+00:00,0.73261082
2025-07-13 23:00:00+00:00,0.73681496
2025-07-14 00:00:00+00:00,0.74171444
2025-07-14 01:00:00+00:00,0.7523957
2025-07-14 02:00:00+00:00,0.75387901
2025-07-14 03:00:00+00:00,0.760113
2025-07-14 04:00:00+00:00,0.76456718
2025-07-14 05:00:00+00:00,0.7552728
2025-07-14 06:00:00+00:00,0.75196425
2025-07-14 07:00:00+00:00,0.76212994
2025-07-14 08:00:00+00:00,0.75491832
2025-07-14 09:00:00+00:00,0.75751549
2025-07-14 10:00:00+00:00,0.75411813
2025-07-14 11:00:00+00:00,0.74715113
2025-07-14 12:00:00+00:00,0.74912653
2025-07-14 13:00:00+00:00,0.75780292
2025-07-14 14:00:00+00:00,0.74741456
2025-07-14 15:00:00+00:00,0.73425102
2025-07-14 16:00:00+00:00,0.74416087
2025-07-14 17:00:00+00:00,0.73890006
2025-07-14 18:00:00+00:00,0.73056214
2025-07-14 19:00:00+00:00,0.73158664
2025-07-14 20:00:00+00:00,0.73291833
2025-07-14 21:00:00+00:00,0.73622045
2025-07-14 22:00:00+00:00,0.73518159
2025-07-14 23:00:00+00:00,0.73529003
2025-07-15 00:00:00+00:00,0.72863506
2025-07-15 01:00:00+00:00,0.7269438
2025-07-15 02:00:00+00:00,0.72281661
2025-07-15 03:00:00+00:00,0.71856272
2025-07-15 04:00:00+00:00,0.72746288
2025-07-15 05:00:00+00:00,0.7253775
2025-07-15 06:00:00+00:00,0.72317261
2025-07-15 07:00:00+00:00,0.71974438
2025-07-15 08:00:00+00:00,0.72437014
2025-07-15 09:00:00+00:00,0.72936994
2025-07-15 10:00:00+00:00,0.73184498
2025-07-15 11:00:00+00:00,0.72734074
2025-07-15 12:00:00+00:00,0.73206952
2025-07-15 13:00:00+00:00,0.7342205
2025-07-15 14:00:00+00:00,0.71532919
2025-07-15 15:00:00+00:00,0.72421889
2025-07-15 16:00:00+00:00,0.73182271
2025-07-15 17:00:00+00:00,0.74599638
2025-07-15 18:00:00+00:00,0.73440306
2025-07-15 19:00:00+00:00,0.72143266
2025-07-15 20:00:00+00:00,0.72601522
2025-07-15 21:00:00+00:00,0.73580601
2025-07-15 22:00:00+00:00,0.74041517
2025-07-15 23:00:00+00:00,0.74666756
2025-07-16 00:00:00+00:00,0.74956983
2025-07-16 01:00:00+00:00,0.74668452
2025-07-16 02:00:00+00:00,0.73761
2025-07-16 03:00:00+00:00,0.7378058
2025-07-16 04:00:00+00:00,0.74063762
2025-07-16 05:00:00+00:00,0.7412087
2025-07-16 06:00:00+00:00,0.74635995
2025-07-16 07:00:00+00:00,0.74687297
2025-07-16 08:00:00+00:00,0.7526484
2025-07-16 09:00:00+00:00,0.75018587
2025-07-16 10:00:00+00:00,0.74229199
2025-07-16 11:00:00+00:00,0.74446976
2025-07-16 12:00:00+00:00,0.74809963
2025-07-16 13:00:00+00:00,0.75017023
2025-07-16 14:00:00+00:00,0.75717057
2025-07-16 15:00:00+00:00,0.75068648
2025-07-16 16:00:00+00:00,0.76107693
2025-07-16 17:00:00+00:00,0.76397909
2025-07-16 18:00:00+00:00,0.76266466
2025-07-16 19:00:00+00:00,0.76386311
2025-07-16 20:00:00+00:00,0.77486976
2025-07-16 21:00:00+00:00,0.77717345
2025-07-16 22:00:00+00:00,0.76690398
2025-07-16 23:00:00+00:00,0.76447723
2025-07-17 00:00:00+00:00,0.76377387
2025-07-17 01:00:00+00:00,0.74927416
2025-07-17 02:00:00+00:00,0.75393247
2025-07-17 03:00:00+00:00,0.74503061
2025-07-17 04:00:00+00:00,0.75385745
2025-07-17 05:00:00+00:00,0.76973962
2025-07-17 06:00:00+00:00,0.77401961
2025-07-17 07:00:00+00:00,0.77328179
2025-07-17 08:00:00+00:00,0.78562609
2025-07-17 09:00:00+00:00,0.80888746
2025-07-17 10:00:00+00:00,0.81985327
2025-07-17 11:00:00+00:00,0.81538383
2025-07-17 12:00:00+00:00,0.81041352
2025-07-17 13:00:00+00:00,0.7978457
2025-07-17 14:00:00+00:00,0.80285583
2025-07-17 15:00:00+00:00,0.80269645
2025-07-17 16:00:00+00:00,0.79317219
2025-07-17 17:00:00+00:00,0.80232024
2025-07-17 18:00:00+00:00,0.81426205
2025-07-17 19:00:00+00:00,0.79888795
2025-07-17 20:00:00+00:00,0.79940063
2025-07-17 21:00:00+00:00,0.81881616
2025-07-17 22:00:00+00:00,0.8252448
2025-07-17 23:00:00+00:00,0.82156397
2025-07-18 00:00:00+00:00,0.85588725
2025-07-18 01:00:00+00:00,0.85639609
2025-07-18 02:00:00+00:00,0.85170547
2025-07-18 03:00:00+00:00,0.85976965
2025-07-18 04:00:00+00:00,0.86148415
2025-07-18 05:00:00+00:00,0.8780929
2025-07-18 06:00:00+00:00,0.87811836
2025-07-18 07:00:00+00:00,0.85359219
2025-07-18 08:00:00+00:00,0.85119867
2025-07-18 09:00:00+00:00,0.85589917
2025-07-18 10:00:00+00:00,0.85707324
2025-07-18 11:00:00+00:00,0.85093212
2025-07-18 12:00:00+00:00,0.85807736
2025-07-18 13:00:00+00:00,0.85691909
2025-07-18 14:00:00+00:00,0.8384047
2025-07-18 15:00:00+00:00,0.82203563
2025-07-18 16:00:00+00:00,0.82921409
2025-07-18 17:00:00+00:00,0.83081251
2025-07-18 18:00:00+00:00,0.82101095
2025-07-18 19:00:00+00:00,0.81744038
2025-07-18 20:00:00+00:00,0.81017898
2025-07-18 21:00:00+00:00,0.81366002
2025-07-18 22:00:00+00:00,0.80947272
2025-07-18 23:00:00+00:00,0.81581134
2025-07-19 00:00:00+00:00,0.80795438
2025-07-19 01:00:00+00:00,0.8183176
2025-07-19 02:00:00+00:00,0.82271508
2025-07-19 03:00:00+00:00,0.82705492
2025-07-19 04:00:00+00:00,0.83112519
2025-07-19 05:00:00+00:00,0.82868744
2025-07-19 06:00:00+00:00,0.82389221
2025-07-19 07:00:00+00:00,0.82536596
2025-07-19 08:00:00+00:00,0.82480067
2025-07-19 09:00:00+00:00,0.83231204
2025-07-19 10:00:00+00:00,0.82734938
2025-07-19 11:00:00+00:00,0.81912166
2025-07-19 12:00:00+00:00,0.82847315
2025-07-19 13:00:00+00:00,0.82484288
2025-07-19 14:00:00+00:00,0.81178407
2025-07-19 15:00:00+00:00,0.82173123
2025-07-19 16:00:00+00:00,0.82601344
2025-07-19 17:00:00+00:00,0.82122675
2025-07-19 18:00:00+00:00,0.82329837
2025-07-19 19:00:00+00:00,0.82926002
2025-07-19 20:00:00+00:00,0.82935241
2025-07-19 21:00:00+00:00,0.82472985
2025-07-19 22:00:00+00:00,0.82519397
2025-07-19 23:00:00+00:00,0.82972522
2025-07-20 00:00:00+00:00,0.82856659
2025-07-20 01:00:00+00:00,0.83204248
2025-07-20 02:00:00+00:00,0.83236962
2025-07-20 03:00:00+00:00,0.84057455
2025-07-20 04:00:00+00:00,0.83719214
2025-07-20 05:00:00+00:00,0.84090495
2025-07-20 06:00:00+00:00,0.83516945
2025-07-20 07:00:00+00:00,0.8451927
2025-07-20 08:00:00+00:00,0.8565522
2025-07-20 09:00:00+00:00,0.85116725
2025-07-20 10:00:00+00:00,0.84844941
2025-07-20 11:00:00+00:00,0.85085597
2025-07-20 12:00:00+00:00,0.85332377
2025-07-20 13:00:00+00:00,0.8664188
2025-07-20 14:00:00+00:00,0.86452925
2025-07-20 15:00:00+00:00,0.87077473
2025-07-20 16:00:00+00:00,0.87178075
2025-07-20 17:00:00+00:00,0.85844126
2025-07-20 18:00:00+00:00,0.8699446
2025-07-20 19:00:00+00:00,0.87093995
2025-07-20 20:00:00+00:00,0.87100223
2025-07-20 21:00:00+00:00,0.87364423
2025-07-20 22:00:00+00:00,0.85770614
2025-07-20 23:00:00+00:00,0.85809886
2025-07-21 00:00:00+00:00,0.85289717
2025-07-21 01:00:00+00:00,0.85644078
2025-07-21 02:00:00+00:00,0.86929897
2025-07-21 03:00:00+00:00,0.86592198
2025-07-21 04:00:00+00:00,0.86800687
2025-07-21 05:00:00+00:00,0.88061823
2025-07-21 06:00:00+00:00,0.88437028
2025-07-21 07:00:00+00:00,0.89398832
2025-07-21 08:00:00+00:00,0.89394499
2025-07-21 09:00:00+00:00,0.88677813
2025-07-21 10:00:00+00:00,0.89289022
2025-07-21 11:00:00+00:00,0.9087279
2025-07-21 12:00:00+00:00,0.9215514
2025-07-21 13:00:00+00:00,0.91927444
2025-07-21 14:00:00+00:00,0.92663054
2025-07-21 15:00:00+00:00,0.91181247
2025-07-21 16:00:00+00:00,0.89858684
2025-07-21 17:00:00+00:00,0.89966392
2025-07-21 18:00:00+00:00,0.88486153
2025-07-21 19:00:00+00:00,0.87663527
2025-07-21 20:00:00+00:00,0.88016903
2025-07-21 21:00:00+00:00,0.88447087
2025-07-21 22:00:00+00:00,0.88923322
2025-07-21 23:00:00+00:00,0.88914921
2025-07-22 00:00:00+00:00,0.88674714
2025-07-22 01:00:00+00:00,0.90137983
2025-07-22 02:00:00+00:00,0.89213806
2025-07-22 03:00:00+00:00,0.88629225
2025-07-22 04:00:00+00:00,0.85570833
2025-07-22 05:00:00+00:00,0.87092083
2025-07-22 06:00:00+00:00,0.87600084
2025-07-22 07:00:00+00:00,0.87090231
2025-07-22 08:00:00+00:00,0.86522785
2025-07-22 09:00:00+00:00,0.86934641
2025-07-22 10:00:00+00:00,0.87806857
2025-07-22 11:00:00+00:00,0.87806483
2025-07-22 12:00:00+00:00,0.8760234
2025-07-22 13:00:00+00:00,0.86480748
2025-07-22 14:00:00+00:00,0.87981522
2025-07-22 15:00:00+00:00,0.88042847
2025-07-22 16:00:00+00:00,0.88236151
2025-07-22 17:00:00+00:00,0.88328731
2025-07-22 18:00:00+00:00,0.88895497
2025-07-22 19:00:00+00:00,0.87791466
2025-07-22 20:00:00+00:00,0.89146141
2025-07-22 21:00:00+00:00,0.88921568
2025-07-22 22:00:00+00:00,0.89331378
2025-07-22 23:00:00+00:00,0.90345715
2025-07-23 00:00:00+00:00,0.88996303
2025-07-23 01:00:00+00:00,0.88785619
2025-07-23 02:00:00+00:00,0.88608946
2025-07-23 03:00:00+00:00,0.88097026
2025-07-23 04:00:00+00:00,0.88843717
2025-07-23 05:00:00+00:00,0.88312874
2025-07-23 06:00:00+00:00,0.87479452
2025-07-23 07:00:00+00:00,0.86777571
2025-07-23 08:00:00+00:00,0.87327269
2025-07-23 09:00:00+00:00,0.86183991
2025-07-23 10:00:00+00:00,0.86284201
2025-07-23 11:00:00+00:00,0.86233357
2025-07-23 12:00:00+00:00,0.83439775
2025-07-23 13:00:00+00:00,0.81842047
2025-07-23 14:00:00+00:00,0.82661734
2025-07-23 15:00:00+00:00,0.83414485
2025-07-23 16:00:00+00:00,0.81354748
2025-07-23 17:00:00+00:00,0.81283642
2025-07-23 18:00:00+00:00,0.82059529
2025-07-23 19:00:00+00:00,0.81392055
2025-07-23 20:00:00+00:00,0.80649345
2025-07-23 21:00:00+00:00,0.80658874
2025-07-23 22:00:00+00:00,0.81343314
2025-07-23 23:00:00+00:00,0.8158479
2025-07-24 00:00:00+00:00,0.82468281
2025-07-24 01:00:00+00:00,0.8236664
2025-07-24 02:00:00+00:00,0.81890524
2025-07-24 03:00:00+00:00,0.8161629
2025-07-24 04:00:00+00:00,0.80087266
2025-07-24 05:00:00+00:00,0.77901901
2025-07-24 06:00:00+00:00,0.77186113
2025-07-24 07:00:00+00:00,0.78898038
2025-07-24 08:00:00+00:00,0.80205616
2025-07-24 09:00:00+00:00,0.80090288
2025-07-24 10:00:00+00:00,0.7986048
2025-07-24 11:00:00+00:00,0.8155699
2025-07-24 12:00:00+00:00,0.81076045
2025-07-24 13:00:00+00:00,0.80275636
2025-07-24 14:00:00+00:00,0.83209581
2025-07-24 15:00:00+00:00,0.82322116
2025-07-24 16:00:00+00:00,0.81280559
2025-07-24 17:00:00+00:00,0.82354283
2025-07-24 18:00:00+00:00,0.8242515
2025-07-24 19:00:00+00:00,0.81690286
2025-07-24 20:00:00+00:00,0.82504701
2025-07-24 21:00:00+00:00,0.8141856
2025-07-24 22:00:00+00:00,0.81332278
2025-07-24 23:00:00+00:00,0.8057648
2025-07-25 00:00:00+00:00,0.80154979
2025-07-25 01:00:00+00:00,0.80917003
2025-07-25 02:00:00+00:00,0.79752055
2025-07-25 03:00:00+00:00,0.79538391
2025-07-25 04:00:00+00:00,0.80911765
2025-07-25 05:00:00+00:00,0.79666688
2025-07-25 06:00:00+00:00,0.79699967
2025-07-25 07:00:00+00:00,0.79502185
2025-07-25 08:00:00+00:00,0.79058934
2025-07-25 09:00:00+00:00,0.80582716
2025-07-25 10:00:00+00:00,0.81060566
2025-07-25 11:00:00+00:00,0.81045214
2025-07-25 12:00:00+00:00,0.80819197
2025-07-25 13:00:00+00:00,0.80494508
2025-07-25 14:00:00+00:00,0.7780959
2025-07-25 15:00:00+00:00,0.78418607
2025-07-25 16:00:00+00:00,0.79054668
2025-07-25 17:00:00+00:00,0.79534517
2025-07-25 18:00:00+00:00,0.79130728
2025-07-25 19:00:00+00:00,0.79360375
2025-07-25 20:00:00+00:00,0.8074328
2025-07-25 21:00:00+00:00,0.81359063
2025-07-25 22:00:00+00:00,0.81664109
2025-07-25 23:00:00+00:00,0.8157586
2025-07-26 00:00:00+00:00,0.81809469
2025-07-26 01:00:00+00:00,0.81391872
2025-07-26 02:00:00+00:00,0.82648432
2025-07-26 03:00:00+00:00,0.82483295
2025-07-26 04:00:00+00:00,0.82424248
2025-07-26 05:00:00+00:00,0.82518447
2025-07-26 06:00:00+00:00,0.8185828
2025-07-26 07:00:00+00:00,0.81862264
2025-07-26 08:00:00+00:00,0.82363028
2025-07-26 09:00:00+00:00,0.82693155
2025-07-26 10:00:00+00:00,0.8247752
2025-07-26 11:00:00+00:00,0.82358404
2025-07-26 12:00:00+00:00,0.82739539
2025-07-26 13:00:00+00:00,0.82948075
2025-07-26 14:00:00+00:00,0.827794
2025-07-26 15:00:00+00:00,0.83264427
2025-07-26 16:00:00+00:00,0.8345992
2025-07-26 17:00:00+00:00,0.82687199
2025-07-26 18:00:00+00:00,0.82806978
2025-07-26 19:00:00+00:00,0.82909886
2025-07-26 20:00:00+00:00,0.82533751
2025-07-26 21:00:00+00:00,0.82895887
2025-07-26 22:00:00+00:00,0.82391802
2025-07-26 23:00:00+00:00,0.81961692
2025-07-27 00:00:00+00:00,0.8231131
2025-07-27 01:00:00+00:00,0.82549694
2025-07-27 02:00:00+00:00,0.82994956
2025-07-27 03:00:00+00:00,0.82861053
2025-07-27 04:00:00+00:00,0.83311815
2025-07-27 05:00:00+00:00,0.83455356
2025-07-27 06:00:00+00:00,0.82793445
2025-07-27 07:00:00+00:00,0.82359063
2025-07-27 08:00:00+00:00,0.81990535
2025-07-27 09:00:00+00:00,0.81588022
2025-07-27 10:00:00+00:00,0.82925177
2025-07-27 11:00:00+00:00,0.82334646
2025-07-27 12:00:00+00:00,0.82712945
2025-07-27 13:00:00+00:00,0.81883231
2025-07-27 14:00:00+00:00,0.81873734
2025-07-27 15:00:00+00:00,0.82177607
2025-07-27 16:00:00+00:00,0.82491722
2025-07-27 17:00:00+00:00,0.82675626
2025-07-27 18:00:00+00:00,0.82796784
2025-07-27 19:00:00+00:00,0.82460577
2025-07-27 20:00:00+00:00,0.82674326
2025-07-27 21:00:00+00:00,0.83151529
2025-07-27 22:00:00+00:00,0.83374783
2025-07-27 23:00:00+00:00,0.83195303
2025-07-28 00:00:00+00:00,0.83197911
2025-07-28 01:00:00+00:00,0.8277403
2025-07-28 02:00:00+00:00,0.84105456
2025-07-28 03:00:00+00:00,0.8420089
2025-07-28 04:00:00+00:00,0.84257259
2025-07-28 05:00:00+00:00,0.85235977
2025-07-28 06:00:00+00:00,0.8470494
2025-07-28 07:00:00+00:00,0.83853528
2025-07-28 08:00:00+00:00,0.83518981
2025-07-28 09:00:00+00:00,0.83579484
2025-07-28 10:00:00+00:00,0.82928294
2025-07-28 11:00:00+00:00,0.82984806
2025-07-28 12:00:00+00:00,0.82961546
2025-07-28 13:00:00+00:00,0.81883061
2025-07-28 14:00:00+00:00,0.80454732
2025-07-28 15:00:00+00:00,0.80586683
2025-07-28 16:00:00+00:00,0.8047224
2025-07-28 17:00:00+00:00,0.80036887
2025-07-28 18:00:00+00:00,0.79634167
2025-07-28 19:00:00+00:00,0.79752248
2025-07-28 20:00:00+00:00,0.7925292
2025-07-28 21:00:00+00:00,0.79383841
2025-07-28 22:00:00+00:00,0.79184167
2025-07-28 23:00:00+00:00,0.79287987
2025-07-29 00:00:00+00:00,0.79414727
2025-07-29 01:00:00+00:00,0.78759445
2025-07-29 02:00:00+00:00,0.78267146
2025-07-29 03:00:00+00:00,0.79355319
2025-07-29 04:00:00+00:00,0.78874738
2025-07-29 05:00:00+00:00,0.79631479
2025-07-29 06:00:00+00:00,0.8012988
2025-07-29 07:00:00+00:00,0.80826256
2025-07-29 08:00:00+00:00,0.80303748
2025-07-29 09:00:00+00:00,0.80160894
2025-07-29 10:00:00+00:00,0.79069988
2025-07-29 11:00:00+00:00,0.79612994
2025-07-29 12:00:00+00:00,0.80136738
2025-07-29 13:00:00+00:00,0.79233805
2025-07-29 14:00:00+00:00,0.78062435
2025-07-29 15:00:00+00:00,0.78151633
2025-07-29 16:00:00+00:00,0.7806343
2025-07-29 17:00:00+00:00,0.78243493
2025-07-29 18:00:00+00:00,0.78177001
2025-07-29 19:00:00+00:00,0.7769839
2025-07-29 20:00:00+00:00,0.77471006
2025-07-29 21:00:00+00:00,0.78251132
2025-07-29 22:00:00+00:00,0.78271753
2025-07-29 23:00:00+00:00,0.78275395
2025-07-30 00:00:00+00:00,0.78019251
2025-07-30 01:00:00+00:00,0.7851768
2025-07-30 02:00:00+00:00,0.78639073
2025-07-30 03:00:00+00:00,0.78526687
2025-07-30 04:00:00+00:00,0.77958941
2025-07-30 05:00:00+00:00,0.78370567
2025-07-30 06:00:00+00:00,0.78549502
2025-07-30 07:00:00+00:00,0.77894729
2025-07-30 08:00:00+00:00,0.77990232
2025-07-30 09:00:00+00:00,0.76902046
2025-07-30 10:00:00+00:00,0.76703914
2025-07-30 11:00:00+00:00,0.75598322
2025-07-30 12:00:00+00:00,0.76089382
2025-07-30 13:00:00+00:00,0.76208913
2025-07-30 14:00:00+00:00,0.77691432
2025-07-30 15:00:00+00:00,0.77332273
2025-07-30 16:00:00+00:00,0.77340883
2025-07-30 17:00:00+00:00,0.77478732
2025-07-30 18:00:00+00:00,0.75606643
2025-07-30 19:00:00+00:00,0.76044595
2025-07-30 20:00:00+00:00,0.75938125
2025-07-30 21:00:00+00:00,0.75870896
2025-07-30 22:00:00+00:00,0.75590623
2025-07-30 23:00:00+00:00,0.7632073
2025-07-31 00:00:00+00:00,0.77255205
2025-07-31 01:00:00+00:00,0.77323012
2025-07-31 02:00:00+00:00,0.77596459
2025-07-31 03:00:00+00:00,0.77942682
2025-07-31 04:00:00+00:00,0.78161024
2025-07-31 05:00:00+00:00,0.78156987
2025-07-31 06:00:00+00:00,0.78290336
2025-07-31 07:00:00+00:00,0.78198901
2025-07-31 08:00:00+00:00,0.78663517
2025-07-31 09:00:00+00:00,0.78740403
2025-07-31 10:00:00+00:00,0.78437129
2025-07-31 11:00:00+00:00,0.77855844
2025-07-31 12:00:00+00:00,0.77391164
2025-07-31 13:00:00+00:00,0.76653811
2025-07-31 14:00:00+00:00,0.7556905
2025-07-31 15:00:00+00:00,0.76194744
2025-07-31 16:00:00+00:00,0.76890422
2025-07-31 17:00:00+00:00,0.75733006
2025-07-31 18:00:00+00:00,0.75791945
2025-07-31 19:00:00+00:00,0.75171586
2025-07-31 20:00:00+00:00,0.74979204
2025-07-31 21:00:00+00:00,0.74959899
2025-07-31 22:00:00+00:00,0.74185823
2025-07-31 23:00:00+00:00,0.73907889
2025-08-01 00:00:00+00:00,0.73296898
2025-08-01 01:00:00+00:00,0.73074254
2025-08-01 02:00:00+00:00,0.73814682
2025-08-01 03:00:00+00:00,0.73468949
2025-08-01 04:00:00+00:00,0.72903831
2025-08-01 05:00:00+00:00,0.72542644
2025-08-01 06:00:00+00:00,0.72602005
2025-08-01 07:00:00+00:00,0.72482233
2025-08-01 08:00:00+00:00,0.71798285
2025-08-01 09:00:00+00:00,0.71881662
2025-08-01 10:00:00+00:00,0.72278593
2025-08-01 11:00:00+00:00,0.72719597
2025-08-01 12:00:00+00:00,0.72777021
2025-08-01 13:00:00+00:00,0.71415782
2025-08-01 14:00:00+00:00,0.73560783
2025-08-01 15:00:00+00:00,0.73313565
2025-08-01 16:00:00+00:00,0.72500295
2025-08-01 17:00:00+00:00,0.72277067
2025-08-01 18:00:00+00:00,0.72560901
2025-08-01 19:00:00+00:00,0.73139469
2025-08-01 20:00:00+00:00,0.72445056
2025-08-01 21:00:00+00:00,0.72367482
2025-08-01 22:00:00+00:00,0.70482612
2025-08-01 23:00:00+00:00,0.71416091
2025-08-02 00:00:00+00:00,0.72005096
2025-08-02 01:00:00+00:00,0.72195368
2025-08-02 02:00:00+00:00,0.72236594
2025-08-02 03:00:00+00:00,0.72136232
2025-08-02 04:00:00+00:00,0.72730622
2025-08-02 05:00:00+00:00,0.72454262
2025-08-02 06:00:00+00:00,0.7116362
2025-08-02 07:00:00+00:00,0.72277374
2025-08-02 08:00:00+00:00,0.71403053
2025-08-02 09:00:00+00:00,0.71511248
2025-08-02 10:00:00+00:00,0.71118217
2025-08-02 11:00:00+00:00,0.71477866
2025-08-02 12:00:00+00:00,0.71458302
2025-08-02 13:00:00+00:00,0.71526188
2025-08-02 14:00:00+00:00,0.70346335
2025-08-02 15:00:00+00:00,0.69924917
2025-08-02 16:00:00+00:00,0.70130183
2025-08-02 17:00:00+00:00,0.69333119
2025-08-02 18:00:00+00:00,0.6881486
2025-08-02 19:00:00+00:00,0.69406653
2025-08-02 20:00:00+00:00,0.70080449
2025-08-02 21:00:00+00:00,0.70116605
2025-08-02 22:00:00+00:00,0.70256658
2025-08-02 23:00:00+00:00,0.69734524
2025-08-03 00:00:00+00:00,0.70333271
2025-08-03 01:00:00+00:00,0.70432578
2025-08-03 02:00:00+00:00,0.71309748
2025-08-03 03:00:00+00:00,0.71620217
2025-08-03 04:00:00+00:00,0.71446656
2025-08-03 05:00:00+00:00,0.71363478
2025-08-03 06:00:00+00:00,0.71846787
2025-08-03 07:00:00+00:00,0.72184776
2025-08-03 08:00:00+00:00,0.72397404
2025-08-03 09:00:00+00:00,0.72314398
2025-08-03 10:00:00+00:00,0.72363237
2025-08-03 11:00:00+00:00,0.72413265
2025-08-03 12:00:00+00:00,0.72470718
2025-08-03 13:00:00+00:00,0.7226958
2025-08-03 14:00:00+00:00,0.72384732
2025-08-03 15:00:00+00:00,0.72595862
2025-08-03 16:00:00+00:00,0.72712181
2025-08-03 17:00:00+00:00,0.72755564
2025-08-03 18:00:00+00:00,0.72477718
2025-08-03 19:00:00+00:00,0.72438378
2025-08-03 20:00:00+00:00,0.72528625
2025-08-03 21:00:00+00:00,0.72634485
2025-08-03 22:00:00+00:00,0.72620768
2025-08-03 23:00:00+00:00,0.7270206
2025-08-04 00:00:00+00:00,0.74140219
2025-08-04 01:00:00+00:00,0.73310379
2025-08-04 02:00:00+00:00,0.73985767
2025-08-04 03:00:00+00:00,0.73683817
2025-08-04 04:00:00+00:00,0.73405924
2025-08-04 05:00:00+00:00,0.7351636
2025-08-04 06:00:00+00:00,0.73598006
2025-08-04 07:00:00+00:00,0.74138254
2025-08-04 08:00:00+00:00,0.73910788
2025-08-04 09:00:00+00:00,0.73596038
2025-08-04 10:00:00+00:00,0.7394681
2025-08-04 11:00:00+00:00,0.73818533
2025-08-04 12:00:00+00:00,0.7410868
2025-08-04 13:00:00+00:00,0.74826747
2025-08-04 14:00:00+00:00,0.74506981
2025-08-04 15:00:00+00:00,0.74470872
2025-08-04 16:00:00+00:00,0.75200559
2025-08-04 17:00:00+00:00,0.75093063
2025-08-04 18:00:00+00:00,0.74587748
2025-08-04 19:00:00+00:00,0.74391552
2025-08-04 20:00:00+00:00,0.74933133
2025-08-04 21:00:00+00:00,0.7527934
2025-08-04 22:00:00+00:00,0.75750771
2025-08-04 23:00:00+00:00,0.75488487
2025-08-05 00:00:00+00:00,0.75814802
2025-08-05 01:00:00+00:00,0.75297776
2025-08-05 02:00:00+00:00,0.75453013
2025-08-05 03:00:00+00:00,0.7471253
2025-08-05 04:00:00+00:00,0.74650183
2025-08-05 05:00:00+00:00,0.74958567
2025-08-05 06:00:00+00:00,0.7432469
2025-08-05 07:00:00+00:00,0.73534836
2025-08-05 08:00:00+00:00,0.737398
2025-08-05 09:00:00+00:00,0.74787851
2025-08-05 10:00:00+00:00,0.7548126
2025-08-05 11:00:00+00:00,0.75131391
2025-08-05 12:00:00+00:00,0.74006289
2025-08-05 13:00:00+00:00,0.74322451
2025-08-05 14:00:00+00:00,0.72632322
2025-08-05 15:00:00+00:00,0.72299671
2025-08-05 16:00:00+00:00,0.72436924
2025-08-05 17:00:00+00:00,0.72886197
2025-08-05 18:00:00+00:00,0.72504769
2025-08-05 19:00:00+00:00,0.72028612
2025-08-05 20:00:00+00:00,0.721433
2025-08-05 21:00:00+00:00,0.71822889
2025-08-05 22:00:00+00:00,0.7233944
2025-08-05 23:00:00+00:00,0.7257167
2025-08-06 00:00:00+00:00,0.71853786
2025-08-06 01:00:00+00:00,0.7196863
2025-08-06 02:00:00+00:00,0.71726676
2025-08-06 03:00:00+00:00,0.71332765
2025-08-06 04:00:00+00:00,0.7141053
2025-08-06 05:00:00+00:00,0.72521601
2025-08-06 06:00:00+00:00,0.72502428
2025-08-06 07:00:00+00:00,0.72691283
2025-08-06 08:00:00+00:00,0.7238553
2025-08-06 09:00:00+00:00,0.72647286
2025-08-06 10:00:00+00:00,0.72404306
2025-08-06 11:00:00+00:00,0.72614565
2025-08-06 12:00:00+00:00,0.72263895
2025-08-06 13:00:00+00:00,0.72666364
2025-08-06 14:00:00+00:00,0.73543096
2025-08-06 15:00:00+00:00,0.7419875
2025-08-06 16:00:00+00:00,0.73705084
2025-08-06 17:00:00+00:00,0.7434363
2025-08-06 18:00:00+00:00,0.74262077
2025-08-06 19:00:00+00:00,0.74256771
2025-08-06 20:00:00+00:00,0.73984077
2025-08-06 21:00:00+00:00,0.74020489
2025-08-06 22:00:00+00:00,0.74268364
2025-08-06 23:00:00+00:00,0.74129172
2025-08-07 00:00:00+00:00,0.74021981
2025-08-07 01:00:00+00:00,0.73863552
2025-08-07 02:00:00+00:00,0.73623924
2025-08-07 03:00:00+00:00,0.7343231
2025-08-07 04:00:00+00:00,0.7361311
2025-08-07 05:00:00+00:00,0.7398667
2025-08-07 06:00:00+00:00,0.73987016
2025-08-07 07:00:00+00:00,0.74121656
2025-08-07 08:00:00+00:00,0.74158845
2025-08-07 09:00:00+00:00,0.74313932
2025-08-07 10:00:00+00:00,0.76374324
2025-08-07 11:00:00+00:00,0.76750901
2025-08-07 12:00:00+00:00,0.76784157
2025-08-07 13:00:00+00:00,0.76725263
2025-08-07 14:00:00+00:00,0.75920014
2025-08-07 15:00:00+00:00,0.76289793
2025-08-07 16:00:00+00:00,0.75290854
2025-08-07 17:00:00+00:00,0.75377722
2025-08-07 18:00:00+00:00,0.75514822
2025-08-07 19:00:00+00:00,0.76562892
2025-08-07 20:00:00+00:00,0.76932905
2025-08-07 21:00:00+00:00,0.77632871
2025-08-07 22:00:00+00:00,0.78748533
2025-08-07 23:00:00+00:00,0.78732125
2025-08-08 00:00:00+00:00,0.78929087
2025-08-08 01:00:00+00:00,0.789275
2025-08-08 02:00:00+00:00,0.78888883
2025-08-08 03:00:00+00:00,0.79551511
2025-08-08 04:00:00+00:00,0.79005591
2025-08-08 05:00:00+00:00,0.78957855
2025-08-08 06:00:00+00:00,0.79644315
2025-08-08 07:00:00+00:00,0.79922114
2025-08-08 08:00:00+00:00,0.79562459
2025-08-08 09:00:00+00:00,0.799618
2025-08-08 10:00:00+00:00,0.80029174
2025-08-08 11:00:00+00:00,0.79961799
2025-08-08 12:00:00+00:00,0.78710634
2025-08-08 13:00:00+00:00,0.80124691
2025-08-08 14:00:00+00:00,0.78961318
2025-08-08 15:00:00+00:00,0.78184015
2025-08-08 16:00:00+00:00,0.78528264
2025-08-08 17:00:00+00:00,0.79906529
2025-08-08 18:00:00+00:00,0.79391898
2025-08-08 19:00:00+00:00,0.79910618
2025-08-08 20:00:00+00:00,0.79666552
2025-08-08 21:00:00+00:00,0.7958181
2025-08-08 22:00:00+00:00,0.7946007
2025-08-08 23:00:00+00:00,0.79098783
2025-08-09 00:00:00+00:00,0.79255824
2025-08-09 01:00:00+00:00,0.79814813
2025-08-09 02:00:00+00:00,0.7990488
2025-08-09 03:00:00+00:00,0.79559004
2025-08-09 04:00:00+00:00,0.8021961
2025-08-09 05:00:00+00:00,0.81115837
2025-08-09 06:00:00+00:00,0.80308209
2025-08-09 07:00:00+00:00,0.8070703
2025-08-09 08:00:00+00:00,0.80939948
2025-08-09 09:00:00+00:00,0.81494415
2025-08-09 10:00:00+00:00,0.8123857
2025-08-09 11:00:00+00:00,0.80683064
2025-08-09 12:00:00+00:00,0.81884311
2025-08-09 13:00:00+00:00,0.80310295
2025-08-09 14:00:00+00:00,0.80945755
2025-08-09 15:00:00+00:00,0.80522199
2025-08-09 16:00:00+00:00,0.80906933
2025-08-09 17:00:00+00:00,0.81823647
2025-08-09 18:00:00+00:00,0.81589042
2025-08-09 19:00:00+00:00,0.81578574
2025-08-09 20:00:00+00:00,0.81710917
2025-08-09 21:00:00+00:00,0.80836091
2025-08-09 22:00:00+00:00,0.80492565
2025-08-09 23:00:00+00:00,0.80282086
2025-08-10 00:00:00+00:00,0.8111333
2025-08-10 01:00:00+00:00,0.81400918
2025-08-10 02:00:00+00:00,0.81147998
2025-08-10 03:00:00+00:00,0.82373702
2025-08-10 04:00:00+00:00,0.83358918
2025-08-10 05:00:00+00:00,0.81224914
2025-08-10 06:00:00+00:00,0.81051341
2025-08-10 07:00:00+00:00,0.79455367
2025-08-10 08:00:00+00:00,0.8006603
2025-08-10 09:00:00+00:00,0.79770709
2025-08-10 10:00:00+00:00,0.79008368
2025-08-10 11:00:00+00:00,0.79043972
2025-08-10 12:00:00+00:00,0.79438074
2025-08-10 13:00:00+00:00,0.7894466
2025-08-10 14:00:00+00:00,0.80194244
2025-08-10 15:00:00+00:00,0.80108178
2025-08-10 16:00:00+00:00,0.80361555
2025-08-10 17:00:00+00:00,0.80351326
2025-08-10 18:00:00+00:00,0.80717056
2025-08-10 19:00:00+00:00,0.80576999
2025-08-10 20:00:00+00:00,0.79924287
2025-08-10 21:00:00+00:00,0.79900416
2025-08-10 22:00:00+00:00,0.80002763
2025-08-10 23:00:00+00:00,0.80141784
2025-08-11 00:00:00+00:00,0.80001942
2025-08-11 01:00:00+00:00,0.81019538
2025-08-11 02:00:00+00:00,0.82720365
2025-08-11 03:00:00+00:00,0.82569199
2025-08-11 04:00:00+00:00,0.82509445
2025-08-11 05:00:00+00:00,0.82196401
2025-08-11 06:00:00+00:00,0.82484879
2025-08-11 07:00:00+00:00,0.80947736
2025-08-11 08:00:00+00:00,0.81682205
2025-08-11 09:00:00+00:00,0.81332358
2025-08-11 10:00:00+00:00,0.80731214
2025-08-11 11:00:00+00:00,0.79089028
2025-08-11 12:00:00+00:00,0.78889454
2025-08-11 13:00:00+00:00,0.79434705
2025-08-11 14:00:00+00:00,0.79040985
2025-08-11 15:00:00+00:00,0.79615682
2025-08-11 16:00:00+00:00,0.79406081
2025-08-11 17:00:00+00:00,0.79065204
2025-08-11 18:00:00+00:00,0.79347094
2025-08-11 19:00:00+00:00,0.78507152
2025-08-11 20:00:00+00:00,0.78221411
2025-08-11 21:00:00+00:00,0.77453746
2025-08-11 22:00:00+00:00,0.77300708
2025-08-11 23:00:00+00:00,0.77284804
2025-08-12 00:00:00+00:00,0.78017452
2025-08-12 01:00:00+00:00,0.78316476
2025-08-12 02:00:00+00:00,0.78438043
2025-08-12 03:00:00+00:00,0.78171006
2025-08-12 04:00:00+00:00,0.78589846
2025-08-12 05:00:00+00:00,0.7770293
2025-08-12 06:00:00+00:00,0.78015423
2025-08-12 07:00:00+00:00,0.78215523
2025-08-12 08:00:00+00:00,0.77976485
2025-08-12 09:00:00+00:00,0.77345375
2025-08-12 10:00:00+00:00,0.76950436
2025-08-12 11:00:00+00:00,0.77520812
2025-08-12 12:00:00+00:00,0.7922988
2025-08-12 13:00:00+00:00,0.79115273
2025-08-12 14:00:00+00:00,0.80669916
2025-08-12 15:00:00+00:00,0.8140002
2025-08-12 16:00:00+00:00,0.82343271
2025-08-12 17:00:00+00:00,0.82661169
2025-08-12 18:00:00+00:00,0.83920651
2025-08-12 19:00:00+00:00,0.84833618
2025-08-12 20:00:00+00:00,0.85106253
2025-08-12 21:00:00+00:00,0.84973402
2025-08-12 22:00:00+00:00,0.84295773
2025-08-12 23:00:00+00:00,0.84117464
2025-08-13 00:00:00+00:00,0.84386927
2025-08-13 01:00:00+00:00,0.83802596
2025-08-13 02:00:00+00:00,0.85064627
2025-08-13 03:00:00+00:00,0.85586392
2025-08-13 04:00:00+00:00,0.8530869
2025-08-13 05:00:00+00:00,0.84090702
2025-08-13 06:00:00+00:00,0.84557899
2025-08-13 07:00:00+00:00,0.85920731
2025-08-13 08:00:00+00:00,0.87601294
2025-08-13 09:00:00+00:00,0.8761196
2025-08-13 10:00:00+00:00,0.88057949
2025-08-13 11:00:00+00:00,0.87975618
2025-08-13 12:00:00+00:00,0.87865062
2025-08-13 13:00:00+00:00,0.88003923
2025-08-13 14:00:00+00:00,0.86610663
2025-08-13 15:00:00+00:00,0.87258171
2025-08-13 16:00:00+00:00,0.86977749
2025-08-13 17:00:00+00:00,0.87271007
2025-08-13 18:00:00+00:00,0.87607018
2025-08-13 19:00:00+00:00,0.88384584
2025-08-13 20:00:00+00:00,0.88503852
2025-08-13 21:00:00+00:00,0.88493609
2025-08-13 22:00:00+00:00,0.90245598
2025-08-13 23:00:00+00:00,0.90428598
2025-08-14 00:00:00+00:00,0.93731984
2025-08-14 01:00:00+00:00,0.95260465
2025-08-14 02:00:00+00:00,0.97736312
2025-08-14 03:00:00+00:00,0.98188232
2025-08-14 04:00:00+00:00,0.98312045
2025-08-14 05:00:00+00:00,0.99449043
2025-08-14 06:00:00+00:00,1.01683697
2025-08-14 07:00:00+00:00,0.9972927
2025-08-14 08:00:00+00:00,0.98550459
2025-08-14 09:00:00+00:00,0.99175479
2025-08-14 10:00:00+00:00,0.96757212
2025-08-14 11:00:00+00:00,0.96267176
2025-08-14 12:00:00+00:00,0.92260059
2025-08-14 13:00:00+00:00,0.93325457
2025-08-14 14:00:00+00:00,0.92601159
2025-08-14 15:00:00+00:00,0.92518039
2025-08-14 16:00:00+00:00,0.90854568
2025-08-14 17:00:00+00:00,0.90687518
2025-08-14 18:00:00+00:00,0.89844058
2025-08-14 19:00:00+00:00,0.90021433
2025-08-14 20:00:00+00:00,0.90132797
2025-08-14 21:00:00+00:00,0.89425395
2025-08-14 22:00:00+00:00,0.91910487
2025-08-14 23:00:00+00:00,0.92568385
2025-08-15 00:00:00+00:00,0.92518784
2025-08-15 01:00:00+00:00,0.91654619
2025-08-15 02:00:00+00:00,0.92254133
2025-08-15 03:00:00+00:00,0.92985525
2025-08-15 04:00:00+00:00,0.92086123
2025-08-15 05:00:00+00:00,0.93818442
2025-08-15 06:00:00+00:00,0.95741621
2025-08-15 07:00:00+00:00,0.95119662
2025-08-15 08:00:00+00:00,0.94524355
2025-08-15 09:00:00+00:00,0.94422822
2025-08-15 10:00:00+00:00,0.94546958
2025-08-15 11:00:00+00:00,0.9424653
2025-08-15 12:00:00+00:00,0.94460855
2025-08-15 13:00:00+00:00,0.93945772
2025-08-15 14:00:00+00:00,0.9389203
2025-08-15 15:00:00+00:00,0.92405229
2025-08-15 16:00:00+00:00,0.93034168
2025-08-15 17:00:00+00:00,0.94185398
2025-08-15 18:00:00+00:00,0.93273656
2025-08-15 19:00:00+00:00,0.92969913
2025-08-15 20:00:00+00:00,0.93862461
2025-08-15 21:00:00+00:00,0.93216636
2025-08-15 22:00:00+00:00,0.95943287
2025-08-15 23:00:00+00:00,0.94525772
2025-08-16 00:00:00+00:00,0.96908144
2025-08-16 01:00:00+00:00,0.95805829
2025-08-16 02:00:00+00:00,0.96067962
2025-08-16 03:00:00+00:00,0.95781982
2025-08-16 04:00:00+00:00,0.95886949
2025-08-16 05:00:00+00:00,0.94547855
2025-08-16 06:00:00+00:00,0.95357163
2025-08-16 07:00:00+00:00,0.96295539
2025-08-16 08:00:00+00:00,0.95926073
2025-08-16 09:00:00+00:00,0.92118445
2025-08-16 10:00:00+00:00,0.90827264
2025-08-16 11:00:00+00:00,0.90306034
2025-08-16 12:00:00+00:00,0.91174447
2025-08-16 13:00:00+00:00,0.90542233
2025-08-16 14:00:00+00:00,0.91409286
2025-08-16 15:00:00+00:00,0.90992835
2025-08-16 16:00:00+00:00,0.9134714
2025-08-16 17:00:00+00:00,0.91054827
2025-08-16 18:00:00+00:00,0.9169539
2025-08-16 19:00:00+00:00,0.91687481
2025-08-16 20:00:00+00:00,0.92211081
2025-08-16 21:00:00+00:00,0.91790876
2025-08-16 22:00:00+00:00,0.92057704
2025-08-16 23:00:00+00:00,0.9208428
2025-08-17 00:00:00+00:00,0.91257048
2025-08-17 01:00:00+00:00,0.91081525
2025-08-17 02:00:00+00:00,0.92092124
2025-08-17 03:00:00+00:00,0.93752703
2025-08-17 04:00:00+00:00,0.95308295
2025-08-17 05:00:00+00:00,0.95340099
2025-08-17 06:00:00+00:00,0.93831649
2025-08-17 07:00:00+00:00,0.95937726
2025-08-17 08:00:00+00:00,0.95662412
2025-08-17 09:00:00+00:00,0.97791738
2025-08-17 10:00:00+00:00,0.9683024
2025-08-17 11:00:00+00:00,0.97207661
2025-08-17 12:00:00+00:00,0.96409439
2025-08-17 13:00:00+00:00,0.97300703
2025-08-17 14:00:00+00:00,0.96651204
2025-08-17 15:00:00+00:00,0.97533195
2025-08-17 16:00:00+00:00,0.96787132
2025-08-17 17:00:00+00:00,0.95919681
2025-08-17 18:00:00+00:00,0.95351286
2025-08-17 19:00:00+00:00,0.95105352
2025-08-17 20:00:00+00:00,0.95122657
2025-08-17 21:00:00+00:00,0.95426053
2025-08-17 22:00:00+00:00,0.96769641
2025-08-17 23:00:00+00:00,0.96063767
2025-08-18 00:00:00+00:00,0.95487508
2025-08-18 01:00:00+00:00,0.93935605
2025-08-18 02:00:00+00:00,0.92097345
2025-08-18 03:00:00+00:00,0.92158443
2025-08-18 04:00:00+00:00,0.92603086
2025-08-18 05:00:00+00:00,0.92005244
2025-08-18 06:00:00+00:00,0.91390896
2025-08-18 07:00:00+00:00,0.91666255
2025-08-18 08:00:00+00:00,0.91641781
2025-08-18 09:00:00+00:00,0.91376744
2025-08-18 10:00:00+00:00,0.90990962
2025-08-18 11:00:00+00:00,0.89756894
2025-08-18 12:00:00+00:00,0.91326204
2025-08-18 13:00:00+00:00,0.8987406
2025-08-18 14:00:00+00:00,0.90921068
2025-08-18 15:00:00+00:00,0.91750725
2025-08-18 16:00:00+00:00,0.90697084
2025-08-18 17:00:00+00:00,0.92415053
2025-08-18 18:00:00+00:00,0.92286291
2025-08-18 19:00:00+00:00,0.91942904
2025-08-18 20:00:00+00:00,0.91769228
2025-08-18 21:00:00+00:00,0.92494326
2025-08-18 22:00:00+00:00,0.92751092
2025-08-18 23:00:00+00:00,0.92335976
2025-08-19 00:00:00+00:00,0.93213486
2025-08-19 01:00:00+00:00,0.92814647
2025-08-19 02:00:00+00:00,0.9211203
2025-08-19 03:00:00+00:00,0.90254371
2025-08-19 04:00:00+00:00,0.90810787
2025-08-19 05:00:00+00:00,0.92169946
2025-08-19 06:00:00+00:00,0.92827824
2025-08-19 07:00:00+00:00,0.92847895
2025-08-19 08:00:00+00:00,0.9255869
2025-08-19 09:00:00+00:00,0.92749361
2025-08-19 10:00:00+00:00,0.94067069
2025-08-19 11:00:00+00:00,0.93145355
2025-08-19 12:00:00+00:00,0.92783147
2025-08-19 13:00:00+00:00,0.92177847
2025-08-19 14:00:00+00:00,0.89672914
2025-08-19 15:00:00+00:00,0.87093409
2025-08-19 16:00:00+00:00,0.87065833
2025-08-19 17:00:00+00:00,0.86578437
2025-08-19 18:00:00+00:00,0.85474055
2025-08-19 19:00:00+00:00,0.85437036
2025-08-19 20:00:00+00:00,0.85902227
2025-08-19 21:00:00+00:00,0.86043653
2025-08-19 22:00:00+00:00,0.85748799
2025-08-19 23:00:00+00:00,0.84630944
2025-08-20 00:00:00+00:00,0.84942211
2025-08-20 01:00:00+00:00,0.85113491
2025-08-20 02:00:00+00:00,0.84886207
2025-08-20 03:00:00+00:00,0.84849102
2025-08-20 04:00:00+00:00,0.85400027
2025-08-20 05:00:00+00:00,0.85247928
2025-08-20 06:00:00+00:00,0.84972861
2025-08-20 07:00:00+00:00,0.84781069
2025-08-20 08:00:00+00:00,0.86304642
2025-08-20 09:00:00+00:00,0.85123111
2025-08-20 10:00:00+00:00,0.85632215
2025-08-20 11:00:00+00:00,0.84887152
2025-08-20 12:00:00+00:00,0.86032677
2025-08-20 13:00:00+00:00,0.84595504
2025-08-20 14:00:00+00:00,0.85933212
2025-08-20 15:00:00+00:00,0.87127098
2025-08-20 16:00:00+00:00,0.87563421
2025-08-20 17:00:00+00:00,0.88499491
2025-08-20 18:00:00+00:00,0.87147008
2025-08-20 19:00:00+00:00,0.891001
2025-08-20 20:00:00+00:00,0.88348725
2025-08-20 21:00:00+00:00,0.88489225
2025-08-20 22:00:00+00:00,0.88653749
2025-08-20 23:00:00+00:00,0.88075462
2025-08-21 00:00:00+00:00,0.88149213
2025-08-21 01:00:00+00:00,0.89023373
2025-08-21 02:00:00+00:00,0.87572462
2025-08-21 03:00:00+00:00,0.8851894
2025-08-21 04:00:00+00:00,0.87529456
2025-08-21 05:00:00+00:00,0.87899797
2025-08-21 06:00:00+00:00,0.87654468
2025-08-21 07:00:00+00:00,0.8755801
2025-08-21 08:00:00+00:00,0.87092309
2025-08-21 09:00:00+00:00,0.87347764
2025-08-21 10:00:00+00:00,0.86938889
2025-08-21 11:00:00+00:00,0.86733853
2025-08-21 12:00:00+00:00,0.86682913
2025-08-21 13:00:00+00:00,0.86762898
2025-08-21 14:00:00+00:00,0.86569709
2025-08-21 15:00:00+00:00,0.85868245
2025-08-21 16:00:00+00:00,0.8600941
2025-08-21 17:00:00+00:00,0.85305685
2025-08-21 18:00:00+00:00,0.86458865
2025-08-21 19:00:00+00:00,0.85265935
2025-08-21 20:00:00+00:00,0.85698884
2025-08-21 21:00:00+00:00,0.85837188
2025-08-21 22:00:00+00:00,0.85707848
2025-08-21 23:00:00+00:00,0.85168817
2025-08-22 00:00:00+00:00,0.85317288
2025-08-22 01:00:00+00:00,0.8525352
2025-08-22 02:00:00+00:00,0.85959579
2025-08-22 03:00:00+00:00,0.85085779
2025-08-22 04:00:00+00:00,0.85448087
2025-08-22 05:00:00+00:00,0.85748063
2025-08-22 06:00:00+00:00,0.85116207
2025-08-22 07:00:00+00:00,0.85693282
2025-08-22 08:00:00+00:00,0.85301551
2025-08-22 09:00:00+00:00,0.8517974
2025-08-22 10:00:00+00:00,0.8418945
2025-08-22 11:00:00+00:00,0.83413196
2025-08-22 12:00:00+00:00,0.83076117
2025-08-22 13:00:00+00:00,0.83680207
2025-08-22 14:00:00+00:00,0.90388634
2025-08-22 15:00:00+00:00,0.90507516
2025-08-22 16:00:00+00:00,0.91931298
2025-08-22 17:00:00+00:00,0.92881758
2025-08-22 18:00:00+00:00,0.92464054
2025-08-22 19:00:00+00:00,0.93178141
2025-08-22 20:00:00+00:00,0.93660011
2025-08-22 21:00:00+00:00,0.93781066
2025-08-22 22:00:00+00:00,0.92792096
2025-08-22 23:00:00+00:00,0.93131456
2025-08-23 00:00:00+00:00,0.92198381
2025-08-23 01:00:00+00:00,0.91186803
2025-08-23 02:00:00+00:00,0.90096294
2025-08-23 03:00:00+00:00,0.90061949
2025-08-23 04:00:00+00:00,0.91300063
2025-08-23 05:00:00+00:00,0.92990366
2025-08-23 06:00:00+00:00,0.9338417
2025-08-23 07:00:00+00:00,0.92584694
2025-08-23 08:00:00+00:00,0.92047502
2025-08-23 09:00:00+00:00,0.92036155
2025-08-23 10:00:00+00:00,0.910837
2025-08-23 11:00:00+00:00,0.91540489
2025-08-23 12:00:00+00:00,0.91180558
2025-08-23 13:00:00+00:00,0.91336956
2025-08-23 14:00:00+00:00,0.91170044
2025-08-23 15:00:00+00:00,0.91496002
2025-08-23 16:00:00+00:00,0.91168146
2025-08-23 17:00:00+00:00,0.90962473
2025-08-23 18:00:00+00:00,0.91305711
2025-08-23 19:00:00+00:00,0.91316503
2025-08-23 20:00:00+00:00,0.91253514
2025-08-23 21:00:00+00:00,0.90888114
2025-08-23 22:00:00+00:00,0.9146501
2025-08-23 23:00:00+00:00,0.91420983
2025-08-24 00:00:00+00:00,0.91620424
2025-08-24 01:00:00+00:00,0.91714472
2025-08-24 02:00:00+00:00,0.91438274
2025-08-24 03:00:00+00:00,0.91500642
2025-08-24 04:00:00+00:00,0.91879844
2025-08-24 05:00:00+00:00,0.91470584
2025-08-24 06:00:00+00:00,0.90294521
2025-08-24 07:00:00+00:00,0.90391459
2025-08-24 08:00:00+00:00,0.90632239
2025-08-24 09:00:00+00:00,0.89993108
2025-08-24 10:00:00+00:00,0.89227842
2025-08-24 11:00:00+00:00,0.89240013
2025-08-24 12:00:00+00:00,0.89748078
2025-08-24 13:00:00+00:00,0.89599733
2025-08-24 14:00:00+00:00,0.90080972
2025-08-24 15:00:00+00:00,0.8989502
2025-08-24 16:00:00+00:00,0.90422119
2025-08-24 17:00:00+00:00,0.92236161
2025-08-24 18:00:00+00:00,0.94883545
2025-08-24 19:00:00+00:00,0.92265074
2025-08-24 20:00:00+00:00,0.91391722
2025-08-24 21:00:00+00:00,0.92120019
2025-08-24 22:00:00+00:00,0.91318541
2025-08-24 23:00:00+00:00,0.90878847
2025-08-25 00:00:00+00:00,0.89602091
2025-08-25 01:00:00+00:00,0.91000954
2025-08-25 02:00:00+00:00,0.92240713
2025-08-25 03:00:00+00:00,0.91949812
2025-08-25 04:00:00+00:00,0.91306511
2025-08-25 05:00:00+00:00,0.89796107
2025-08-25 06:00:00+00:00,0.88232861
2025-08-25 07:00:00+00:00,0.87204903
2025-08-25 08:00:00+00:00,0.87288399
2025-08-25 09:00:00+00:00,0.87158602
2025-08-25 10:00:00+00:00,0.85660559
2025-08-25 11:00:00+00:00,0.86614998
2025-08-25 12:00:00+00:00,0.87072453
2025-08-25 13:00:00+00:00,0.86275049
2025-08-25 14:00:00+00:00,0.87288893
2025-08-25 15:00:00+00:00,0.8652253
2025-08-25 16:00:00+00:00,0.8685517
2025-08-25 17:00:00+00:00,0.87081713
2025-08-25 18:00:00+00:00,0.86961891
2025-08-25 19:00:00+00:00,0.84994227
2025-08-25 20:00:00+00:00,0.83103293
2025-08-25 21:00:00+00:00,0.83282554
2025-08-25 22:00:00+00:00,0.83770116
2025-08-25 23:00:00+00:00,0.83704179
2025-08-26 00:00:00+00:00,0.83232844
2025-08-26 01:00:00+00:00,0.84220148
2025-08-26 02:00:00+00:00,0.83670923
2025-08-26 03:00:00+00:00,0.83617014
2025-08-26 04:00:00+00:00,0.84493109
2025-08-26 05:00:00+00:00,0.84021833
2025-08-26 06:00:00+00:00,0.83808448
2025-08-26 07:00:00+00:00,0.8403597
2025-08-26 08:00:00+00:00,0.83870547
2025-08-26 09:00:00+00:00,0.84042491
2025-08-26 10:00:00+00:00,0.84258775
2025-08-26 11:00:00+00:00,0.83850757
2025-08-26 12:00:00+00:00,0.85012066
2025-08-26 13:00:00+00:00,0.84637892
2025-08-26 14:00:00+00:00,0.85519555
2025-08-26 15:00:00+00:00,0.84910546
2025-08-26 16:00:00+00:00,0.85990904
2025-08-26 17:00:00+00:00,0.85855092
2025-08-26 18:00:00+00:00,0.86346355
2025-08-26 19:00:00+00:00,0.87305224
2025-08-26 20:00:00+00:00,0.86757317
2025-08-26 21:00:00+00:00,0.87039191
2025-08-26 22:00:00+00:00,0.86878373
2025-08-26 23:00:00+00:00,0.86629276
2025-08-27 00:00:00+00:00,0.85995849
2025-08-27 01:00:00+00:00,0.86228457
2025-08-27 02:00:00+00:00,0.86325659
2025-08-27 03:00:00+00:00,0.86926619
2025-08-27 04:00:00+00:00,0.87332791
2025-08-27 05:00:00+00:00,0.86633165
2025-08-27 06:00:00+00:00,0.85958026
2025-08-27 07:00:00+00:00,0.85587745
2025-08-27 08:00:00+00:00,0.86134744
2025-08-27 09:00:00+00:00,0.86025018
2025-08-27 10:00:00+00:00,0.85882427
2025-08-27 11:00:00+00:00,0.86429703
2025-08-27 12:00:00+00:00,0.86502903
2025-08-27 13:00:00+00:00,0.86171275
2025-08-27 14:00:00+00:00,0.86914846
2025-08-27 15:00:00+00:00,0.87224526
2025-08-27 16:00:00+00:00,0.86857953
2025-08-27 17:00:00+00:00,0.87144324
2025-08-27 18:00:00+00:00,0.86744659
2025-08-27 19:00:00+00:00,0.8629877
2025-08-27 20:00:00+00:00,0.86682164
2025-08-27 21:00:00+00:00,0.85553553
2025-08-27 22:00:00+00:00,0.85514761
2025-08-27 23:00:00+00:00,0.85081983
2025-08-28 00:00:00+00:00,0.85056549
2025-08-28 01:00:00+00:00,0.85811481
2025-08-28 02:00:00+00:00,0.85342174
2025-08-28 03:00:00+00:00,0.85879383
2025-08-28 04:00:00+00:00,0.87113261
2025-08-28 05:00:00+00:00,0.86970766
2025-08-28 06:00:00+00:00,0.87071618
2025-08-28 07:00:00+00:00,0.87273109
2025-08-28 08:00:00+00:00,0.87093553
2025-08-28 09:00:00+00:00,0.86577481
2025-08-28 10:00:00+00:00,0.86920169
2025-08-28 11:00:00+00:00,0.86779244
2025-08-28 12:00:00+00:00,0.86999853
2025-08-28 13:00:00+00:00,0.86867661
2025-08-28 14:00:00+00:00,0.87056677
2025-08-28 15:00:00+00:00,0.85904162
2025-08-28 16:00:00+00:00,0.84892935
2025-08-28 17:00:00+00:00,0.85222277
2025-08-28 18:00:00+00:00,0.8535457
2025-08-28 19:00:00+00:00,0.84340301
2025-08-28 20:00:00+00:00,0.84554047
2025-08-28 21:00:00+00:00,0.8499981
2025-08-28 22:00:00+00:00,0.86059096
2025-08-28 23:00:00+00:00,0.85761055
2025-08-29 00:00:00+00:00,0.85494848
2025-08-29 01:00:00+00:00,0.8425573
2025-08-29 02:00:00+00:00,0.84970315
2025-08-29 03:00:00+00:00,0.85263414
2025-08-29 04:00:00+00:00,0.84765787
2025-08-29 05:00:00+00:00,0.84471382
2025-08-29 06:00:00+00:00,0.83984961
2025-08-29 07:00:00+00:00,0.82770787
2025-08-29 08:00:00+00:00,0.81996344
2025-08-29 09:00:00+00:00,0.82306684
2025-08-29 10:00:00+00:00,0.82592609
2025-08-29 11:00:00+00:00,0.82374799
2025-08-29 12:00:00+00:00,0.83927789
2025-08-29 13:00:00+00:00,0.82663618
2025-08-29 14:00:00+00:00,0.82593337
2025-08-29 15:00:00+00:00,0.82558852
2025-08-29 16:00:00+00:00,0.82064358
2025-08-29 17:00:00+00:00,0.81817232
2025-08-29 18:00:00+00:00,0.81364133
2025-08-29 19:00:00+00:00,0.82087205
2025-08-29 20:00:00+00:00,0.81332774
2025-08-29 21:00:00+00:00,0.82368626
2025-08-29 22:00:00+00:00,0.82492818
2025-08-29 23:00:00+00:00,0.8264078
2025-08-30 00:00:00+00:00,0.82625271
2025-08-30 01:00:00+00:00,0.81436663
2025-08-30 02:00:00+00:00,0.82269791
2025-08-30 03:00:00+00:00,0.83389277
2025-08-30 04:00:00+00:00,0.83172628
2025-08-30 05:00:00+00:00,0.83407466
2025-08-30 06:00:00+00:00,0.83589845
2025-08-30 07:00:00+00:00,0.836975
2025-08-30 08:00:00+00:00,0.8349507
2025-08-30 09:00:00+00:00,0.83134805
2025-08-30 10:00:00+00:00,0.82960763
2025-08-30 11:00:00+00:00,0.82721795
2025-08-30 12:00:00+00:00,0.81299874
2025-08-30 13:00:00+00:00,0.81308286
2025-08-30 14:00:00+00:00,0.81569489
2025-08-30 15:00:00+00:00,0.82343267
2025-08-30 16:00:00+00:00,0.81948233
2025-08-30 17:00:00+00:00,0.81853893
2025-08-30 18:00:00+00:00,0.81693186
2025-08-30 19:00:00+00:00,0.8199164
2025-08-30 20:00:00+00:00,0.81927159
2025-08-30 21:00:00+00:00,0.81937363
2025-08-30 22:00:00+00:00,0.82035461
2025-08-30 23:00:00+00:00,0.82225742
2025-08-31 00:00:00+00:00,0.83395803
2025-08-31 01:00:00+00:00,0.835968
2025-08-31 02:00:00+00:00,0.83327834
2025-08-31 03:00:00+00:00,0.83655856
2025-08-31 04:00:00+00:00,0.83295517
2025-08-31 05:00:00+00:00,0.83034741
2025-08-31 06:00:00+00:00,0.82586442
2025-08-31 07:00:00+00:00,0.82640658
2025-08-31 08:00:00+00:00,0.83142485
2025-08-31 09:00:00+00:00,0.82501594
2025-08-31 10:00:00+00:00,0.82067762
2025-08-31 11:00:00+00:00,0.82418899
2025-08-31 12:00:00+00:00,0.82357962
2025-08-31 13:00:00+00:00,0.82106533
2025-08-31 14:00:00+00:00,0.82079501
2025-08-31 15:00:00+00:00,0.82688534
2025-08-31 16:00:00+00:00,0.82343696
2025-08-31 17:00:00+00:00,0.82173416
2025-08-31 18:00:00+00:00,0.82730482
2025-08-31 19:00:00+00:00,0.8215857
2025-08-31 20:00:00+00:00,0.82837077
2025-08-31 21:00:00+00:00,0.82622088
2025-08-31 22:00:00+00:00,0.82056838
2025-08-31 23:00:00+00:00,0.81133577
2025-09-01 00:00:00+00:00,0.80608887
2025-09-01 01:00:00+00:00,0.81045014
2025-09-01 02:00:00+00:00,0.80326615
2025-09-01 03:00:00+00:00,0.80918622
2025-09-01 04:00:00+00:00,0.80092668
2025-09-01 05:00:00+00:00,0.80380601
2025-09-01 06:00:00+00:00,0.80252781
2025-09-01 07:00:00+00:00,0.83799995
2025-09-01 08:00:00+00:00,0.84169239
2025-09-01 09:00:00+00:00,0.83500213
2025-09-01 10:00:00+00:00,0.82815032
2025-09-01 11:00:00+00:00,0.8200487
2025-09-01 12:00:00+00:00,0.81837829
2025-09-01 13:00:00+00:00,0.81451266
2025-09-01 14:00:00+00:00,0.81387751
2025-09-01 15:00:00+00:00,0.81006175
2025-09-01 16:00:00+00:00,0.80655119
2025-09-01 17:00:00+00:00,0.8031873
2025-09-01 18:00:00+00:00,0.808922
2025-09-01 19:00:00+00:00,0.81144287
2025-09-01 20:00:00+00:00,0.79487087
2025-09-01 21:00:00+00:00,0.78921029
2025-09-01 22:00:00+00:00,0.79192345
2025-09-01 23:00:00+00:00,0.8012644
2025-09-02 00:00:00+00:00,0.80104434
2025-09-02 01:00:00+00:00,0.80511051
2025-09-02 02:00:00+00:00,0.8167982
2025-09-02 03:00:00+00:00,0.8172004
2025-09-02 04:00:00+00:00,0.81719167
2025-09-02 05:00:00+00:00,0.82044081
2025-09-02 06:00:00+00:00,0.82135536
2025-09-02 07:00:00+00:00,0.8174688
2025-09-02 08:00:00+00:00,0.82175394
2025-09-02 09:00:00+00:00,0.82181118
2025-09-02 10:00:00+00:00,0.82110471
2025-09-02 11:00:00+00:00,0.81612897
2025-09-02 12:00:00+00:00,0.80179273
2025-09-02 13:00:00+00:00,0.82350665
2025-09-02 14:00:00+00:00,0.8226089
2025-09-02 15:00:00+00:00,0.80980008
2025-09-02 16:00:00+00:00,0.81218073
2025-09-02 17:00:00+00:00,0.81822653
2025-09-02 18:00:00+00:00,0.81813309
2025-09-02 19:00:00+00:00,0.82036107
2025-09-02 20:00:00+00:00,0.828804
2025-09-02 21:00:00+00:00,0.83085974
2025-09-02 22:00:00+00:00,0.83391235
2025-09-02 23:00:00+00:00,0.83489239
2025-09-03 00:00:00+00:00,0.8312415
2025-09-03 01:00:00+00:00,0.83706741
2025-09-03 02:00:00+00:00,0.83934312
2025-09-03 03:00:00+00:00,0.83406016
2025-09-03 04:00:00+00:00,0.83534776
2025-09-03 05:00:00+00:00,0.83019305
2025-09-03 06:00:00+00:00,0.82921558
2025-09-03 07:00:00+00:00,0.83043578
2025-09-03 08:00:00+00:00,0.83030968
2025-09-03 09:00:00+00:00,0.83429927
2025-09-03 10:00:00+00:00,0.8328587
2025-09-03 11:00:00+00:00,0.83224878
2025-09-03 12:00:00+00:00,0.83042209
2025-09-03 13:00:00+00:00,0.83371237
2025-09-03 14:00:00+00:00,0.83949307
2025-09-03 15:00:00+00:00,0.84063208
2025-09-03 16:00:00+00:00,0.83588681
2025-09-03 17:00:00+00:00,0.83991387
2025-09-03 18:00:00+00:00,0.83781488
2025-09-03 19:00:00+00:00,0.84153887
2025-09-03 20:00:00+00:00,0.84051604
2025-09-03 21:00:00+00:00,0.8402341
2025-09-03 22:00:00+00:00,0.83915453
2025-09-03 23:00:00+00:00,0.83652699
2025-09-04 00:00:00+00:00,0.83966175
2025-09-04 01:00:00+00:00,0.83571143
2025-09-04 02:00:00+00:00,0.82880564
2025-09-04 03:00:00+00:00,0.82397489
2025-09-04 04:00:00+00:00,0.82386542
2025-09-04 05:00:00+00:00,0.8196644
2025-09-04 06:00:00+00:00,0.81484441
2025-09-04 07:00:00+00:00,0.81770611
2025-09-04 08:00:00+00:00,0.81622394
2025-09-04 09:00:00+00:00,0.82009092
2025-09-04 10:00:00+00:00,0.81995755
2025-09-04 11:00:00+00:00,0.81774946
2025-09-04 12:00:00+00:00,0.81940126
2025-09-04 13:00:00+00:00,0.81518905
2025-09-04 14:00:00+00:00,0.81027004
2025-09-04 15:00:00+00:00,0.8081417
2025-09-04 16:00:00+00:00,0.80906438
2025-09-04 17:00:00+00:00,0.80779289
2025-09-04 18:00:00+00:00,0.8050544
2025-09-04 19:00:00+00:00,0.80404899
2025-09-04 20:00:00+00:00,0.80918399
2025-09-04 21:00:00+00:00,0.81136352
2025-09-04 22:00:00+00:00,0.81703318
2025-09-04 23:00:00+00:00,0.80917923
2025-09-05 00:00:00+00:00,0.80620823
2025-09-05 01:00:00+00:00,0.81465007
2025-09-05 02:00:00+00:00,0.8172216
2025-09-05 03:00:00+00:00,0.81783724
2025-09-05 04:00:00+00:00,0.81924595
2025-09-05 05:00:00+00:00,0.81684572
2025-09-05 06:00:00+00:00,0.81980614
2025-09-05 07:00:00+00:00,0.83012854
2025-09-05 08:00:00+00:00,0.8263368
2025-09-05 09:00:00+00:00,0.82804534
2025-09-05 10:00:00+00:00,0.82724472
2025-09-05 11:00:00+00:00,0.83176974
2025-09-05 12:00:00+00:00,0.84479484
2025-09-05 13:00:00+00:00,0.84357265
2025-09-05 14:00:00+00:00,0.82191316
2025-09-05 15:00:00+00:00,0.82481744
2025-09-05 16:00:00+00:00,0.8274054
2025-09-05 17:00:00+00:00,0.82216215
2025-09-05 18:00:00+00:00,0.83175981
2025-09-05 19:00:00+00:00,0.83600433
2025-09-05 20:00:00+00:00,0.83841738
2025-09-05 21:00:00+00:00,0.83045003
2025-09-05 22:00:00+00:00,0.83372173
2025-09-05 23:00:00+00:00,0.83048154
2025-09-06 00:00:00+00:00,0.83442718
2025-09-06 01:00:00+00:00,0.83136849
2025-09-06 02:00:00+00:00,0.83355978
2025-09-06 03:00:00+00:00,0.8337
2025-09-06 04:00:00+00:00,0.82833581
2025-09-06 05:00:00+00:00,0.8241651
2025-09-06 06:00:00+00:00,0.82421636
2025-09-06 07:00:00+00:00,0.82526741
2025-09-06 08:00:00+00:00,0.82431417
2025-09-06 09:00:00+00:00,0.82090548
2025-09-06 10:00:00+00:00,0.82258913
2025-09-06 11:00:00+00:00,0.82324364
2025-09-06 12:00:00+00:00,0.82414343
2025-09-06 13:00:00+00:00,0.82399343
2025-09-06 14:00:00+00:00,0.8256501
2025-09-06 15:00:00+00:00,0.82233707
2025-09-06 16:00:00+00:00,0.82266525
2025-09-06 17:00:00+00:00,0.81937863
2025-09-06 18:00:00+00:00,0.8206385
2025-09-06 19:00:00+00:00,0.81567017
2025-09-06 20:00:00+00:00,0.8205178
2025-09-06 21:00:00+00:00,0.81961038
2025-09-06 22:00:00+00:00,0.8179844
2025-09-06 23:00:00+00:00,0.81817898
2025-09-07 00:00:00+00:00,0.82135278
2025-09-07 01:00:00+00:00,0.82390027
2025-09-07 02:00:00+00:00,0.82551871
2025-09-07 03:00:00+00:00,0.82810561
2025-09-07 04:00:00+00:00,0.82651001
2025-09-07 05:00:00+00:00,0.82737191
2025-09-07 06:00:00+00:00,0.82540013
2025-09-07 07:00:00+00:00,0.82631425
2025-09-07 08:00:00+00:00,0.82819893
2025-09-07 09:00:00+00:00,0.82743169
2025-09-07 10:00:00+00:00,0.82856314
2025-09-07 11:00:00+00:00,0.83271849
2025-09-07 12:00:00+00:00,0.82951855
2025-09-07 13:00:00+00:00,0.83088258
2025-09-07 14:00:00+00:00,0.83330109
2025-09-07 15:00:00+00:00,0.83407065
2025-09-07 16:00:00+00:00,0.8298772
2025-09-07 17:00:00+00:00,0.8272154
2025-09-07 18:00:00+00:00,0.82549472
2025-09-07 19:00:00+00:00,0.82861312
2025-09-07 20:00:00+00:00,0.83241523
2025-09-07 21:00:00+00:00,0.82905654
2025-09-07 22:00:00+00:00,0.83513587
2025-09-07 23:00:00+00:00,0.83513042
2025-09-08 00:00:00+00:00,0.83251848
2025-09-08 01:00:00+00:00,0.83328152
2025-09-08 02:00:00+00:00,0.84133682
2025-09-08 03:00:00+00:00,0.84155988
2025-09-08 04:00:00+00:00,0.83804239
2025-09-08 05:00:00+00:00,0.83800986
2025-09-08 06:00:00+00:00,0.84015871
2025-09-08 07:00:00+00:00,0.84210108
2025-09-08 08:00:00+00:00,0.84575246
2025-09-08 09:00:00+00:00,0.84830811
2025-09-08 10:00:00+00:00,0.85442026
2025-09-08 11:00:00+00:00,0.85241553
2025-09-08 12:00:00+00:00,0.85592149
2025-09-08 13:00:00+00:00,0.85602478
2025-09-08 14:00:00+00:00,0.8638989
2025-09-08 15:00:00+00:00,0.86547986
2025-09-08 16:00:00+00:00,0.86090008
2025-09-08 17:00:00+00:00,0.86107518
2025-09-08 18:00:00+00:00,0.8682946
2025-09-08 19:00:00+00:00,0.86136402
2025-09-08 20:00:00+00:00,0.86089123
2025-09-08 21:00:00+00:00,0.86606384
2025-09-08 22:00:00+00:00,0.86621743
2025-09-08 23:00:00+00:00,0.86502195
2025-09-09 00:00:00+00:00,0.86978025
2025-09-09 01:00:00+00:00,0.86507777
2025-09-09 02:00:00+00:00,0.8577741
2025-09-09 03:00:00+00:00,0.86740934
2025-09-09 04:00:00+00:00,0.86680757
2025-09-09 05:00:00+00:00,0.86889207
2025-09-09 06:00:00+00:00,0.88244425
2025-09-09 07:00:00+00:00,0.88846324
2025-09-09 08:00:00+00:00,0.89041844
2025-09-09 09:00:00+00:00,0.88762989
2025-09-09 10:00:00+00:00,0.88338135
2025-09-09 11:00:00+00:00,0.88408787
2025-09-09 12:00:00+00:00,0.88253415
2025-09-09 13:00:00+00:00,0.88388867
2025-09-09 14:00:00+00:00,0.86791443
2025-09-09 15:00:00+00:00,0.85757665
2025-09-09 16:00:00+00:00,0.8601716
2025-09-09 17:00:00+00:00,0.86146664
2025-09-09 18:00:00+00:00,0.86291558
2025-09-09 19:00:00+00:00,0.86223958
2025-09-09 20:00:00+00:00,0.86393736
2025-09-09 21:00:00+00:00,0.86231492
2025-09-09 22:00:00+00:00,0.86716962
2025-09-09 23:00:00+00:00,0.86511899
2025-09-10 00:00:00+00:00,0.86056011
2025-09-10 01:00:00+00:00,0.86708198
2025-09-10 02:00:00+00:00,0.8767139
2025-09-10 03:00:00+00:00,0.8774307
2025-09-10 04:00:00+00:00,0.87489749
2025-09-10 05:00:00+00:00,0.87288012
2025-09-10 06:00:00+00:00,0.87601155
2025-09-10 07:00:00+00:00,0.88003112
2025-09-10 08:00:00+00:00,0.87716778
2025-09-10 09:00:00+00:00,0.8762914
2025-09-10 10:00:00+00:00,0.87290566
2025-09-10 11:00:00+00:00,0.87491566
2025-09-10 12:00:00+00:00,0.8870512
2025-09-10 13:00:00+00:00,0.89111292
2025-09-10 14:00:00+00:00,0.88740112
2025-09-10 15:00:00+00:00,0.88789673
2025-09-10 16:00:00+00:00,0.89079925
2025-09-10 17:00:00+00:00,0.88787832
2025-09-10 18:00:00+00:00,0.88300344
2025-09-10 19:00:00+00:00,0.87687224
2025-09-10 20:00:00+00:00,0.87907566
2025-09-10 21:00:00+00:00,0.88584544
2025-09-10 22:00:00+00:00,0.88662574
2025-09-10 23:00:00+00:00,0.88531844
2025-09-11 00:00:00+00:00,0.8854458
2025-09-11 01:00:00+00:00,0.88886489
2025-09-11 02:00:00+00:00,0.88798532
2025-09-11 03:00:00+00:00,0.89455709
2025-09-11 04:00:00+00:00,0.89024137
2025-09-11 05:00:00+00:00,0.88675496
2025-09-11 06:00:00+00:00,0.88829397
2025-09-11 07:00:00+00:00,0.88727142
2025-09-11 08:00:00+00:00,0.88631263
2025-09-11 09:00:00+00:00,0.88471611
2025-09-11 10:00:00+00:00,0.88959575
2025-09-11 11:00:00+00:00,0.8835258
2025-09-11 12:00:00+00:00,0.88165692
2025-09-11 13:00:00+00:00,0.88266049
2025-09-11 14:00:00+00:00,0.8763836
2025-09-11 15:00:00+00:00,0.87657095
2025-09-11 16:00:00+00:00,0.87905655
2025-09-11 17:00:00+00:00,0.8820307
2025-09-11 18:00:00+00:00,0.88084952
2025-09-11 19:00:00+00:00,0.88187674
2025-09-11 20:00:00+00:00,0.88202969
2025-09-11 21:00:00+00:00,0.88440365
2025-09-11 22:00:00+00:00,0.89035173
2025-09-11 23:00:00+00:00,0.8939873
2025-09-12 00:00:00+00:00,0.90283962
2025-09-12 01:00:00+00:00,0.89837957
2025-09-12 02:00:00+00:00,0.90243459
2025-09-12 03:00:00+00:00,0.90093958
2025-09-12 04:00:00+00:00,0.90402872
2025-09-12 05:00:00+00:00,0.90604631
2025-09-12 06:00:00+00:00,0.90047498
2025-09-12 07:00:00+00:00,0.89952657
2025-09-12 08:00:00+00:00,0.89570075
2025-09-12 09:00:00+00:00,0.89325699
2025-09-12 10:00:00+00:00,0.89176555
2025-09-12 11:00:00+00:00,0.88808562
2025-09-12 12:00:00+00:00,0.89046777
2025-09-12 13:00:00+00:00,0.88815205
2025-09-12 14:00:00+00:00,0.8916001
2025-09-12 15:00:00+00:00,0.89348455
2025-09-12 16:00:00+00:00,0.89956915
2025-09-12 17:00:00+00:00,0.90278495
2025-09-12 18:00:00+00:00,0.90437048
2025-09-12 19:00:00+00:00,0.90769342
2025-09-12 20:00:00+00:00,0.90677404
2025-09-12 21:00:00+00:00,0.90425793
2025-09-12 22:00:00+00:00,0.91519388
2025-09-12 23:00:00+00:00,0.91702954
2025-09-13 00:00:00+00:00,0.92667431
2025-09-13 01:00:00+00:00,0.92465222
2025-09-13 02:00:00+00:00,0.92639767
2025-09-13 03:00:00+00:00,0.92910349
2025-09-13 04:00:00+00:00,0.92609075
2025-09-13 05:00:00+00:00,0.92529885
2025-09-13 06:00:00+00:00,0.92964059
2025-09-13 07:00:00+00:00,0.92592257
2025-09-13 08:00:00+00:00,0.9370158
2025-09-13 09:00:00+00:00,0.95315072
2025-09-13 10:00:00+00:00,0.94370821
2025-09-13 11:00:00+00:00,0.94981948
2025-09-13 12:00:00+00:00,0.94715549
2025-09-13 13:00:00+00:00,0.93745708
2025-09-13 14:00:00+00:00,0.94161742
2025-09-13 15:00:00+00:00,0.9376693
2025-09-13 16:00:00+00:00,0.92544158
2025-09-13 17:00:00+00:00,0.92516027
2025-09-13 18:00:00+00:00,0.9249209
2025-09-13 19:00:00+00:00,0.92641842
2025-09-13 20:00:00+00:00,0.93017407
2025-09-13 21:00:00+00:00,0.92935606
2025-09-13 22:00:00+00:00,0.92809638
2025-09-13 23:00:00+00:00,0.92942365
2025-09-14 00:00:00+00:00,0.92258478
2025-09-14 01:00:00+00:00,0.92382215
2025-09-14 02:00:00+00:00,0.92706389
2025-09-14 03:00:00+00:00,0.91701554
2025-09-14 04:00:00+00:00,0.91818849
2025-09-14 05:00:00+00:00,0.92258141
2025-09-14 06:00:00+00:00,0.91753852
2025-09-14 07:00:00+00:00,0.91566097
2025-09-14 08:00:00+00:00,0.91355654
2025-09-14 09:00:00+00:00,0.91852108
2025-09-14 10:00:00+00:00,0.91575092
2025-09-14 11:00:00+00:00,0.9025224
2025-09-14 12:00:00+00:00,0.89608106
2025-09-14 13:00:00+00:00,0.88808129
2025-09-14 14:00:00+00:00,0.88596437
2025-09-14 15:00:00+00:00,0.88649541
2025-09-14 16:00:00+00:00,0.88906482
2025-09-14 17:00:00+00:00,0.89470468
2025-09-14 18:00:00+00:00,0.88988603
2025-09-14 19:00:00+00:00,0.88918361
2025-09-14 20:00:00+00:00,0.89056956
2025-09-14 21:00:00+00:00,0.89347978
2025-09-14 22:00:00+00:00,0.89508913
2025-09-14 23:00:00+00:00,0.88783086
2025-09-15 00:00:00+00:00,0.88776046
2025-09-15 01:00:00+00:00,0.88995646
2025-09-15 02:00:00+00:00,0.88971908
2025-09-15 03:00:00+00:00,0.89423224
2025-09-15 04:00:00+00:00,0.89844527
2025-09-15 05:00:00+00:00,0.90186155
2025-09-15 06:00:00+00:00,0.8885523
2025-09-15 07:00:00+00:00,0.87790681
2025-09-15 08:00:00+00:00,0.85614672
2025-09-15 09:00:00+00:00,0.86173528
2025-09-15 10:00:00+00:00,0.86185859
2025-09-15 11:00:00+00:00,0.8642532
2025-09-15 12:00:00+00:00,0.85899583
2025-09-15 13:00:00+00:00,0.86446281
2025-09-15 14:00:00+00:00,0.86071027
2025-09-15 15:00:00+00:00,0.85949712
2025-09-15 16:00:00+00:00,0.85565279
2025-09-15 17:00:00+00:00,0.86171285
2025-09-15 18:00:00+00:00,0.86096455
2025-09-15 19:00:00+00:00,0.85977799
2025-09-15 20:00:00+00:00,0.86210109
2025-09-15 21:00:00+00:00,0.86504625
2025-09-15 22:00:00+00:00,0.86121238
2025-09-15 23:00:00+00:00,0.86318842
2025-09-16 00:00:00+00:00,0.86176461
2025-09-16 01:00:00+00:00,0.8602054
2025-09-16 02:00:00+00:00,0.8591779
2025-09-16 03:00:00+00:00,0.8595082
2025-09-16 04:00:00+00:00,0.85920871
2025-09-16 05:00:00+00:00,0.86342245
2025-09-16 06:00:00+00:00,0.86288529
2025-09-16 07:00:00+00:00,0.86572253
2025-09-16 08:00:00+00:00,0.87103066
2025-09-16 09:00:00+00:00,0.86977913
2025-09-16 10:00:00+00:00,0.86855714
2025-09-16 11:00:00+00:00,0.87010965
2025-09-16 12:00:00+00:00,0.8708464
2025-09-16 13:00:00+00:00,0.86680897
2025-09-16 14:00:00+00:00,0.86483512
2025-09-16 15:00:00+00:00,0.87043967
2025-09-16 16:00:00+00:00,0.86953736
2025-09-16 17:00:00+00:00,0.8766362
2025-09-16 18:00:00+00:00,0.87506002
2025-09-16 19:00:00+00:00,0.87713074
2025-09-16 20:00:00+00:00,0.87689773
2025-09-16 21:00:00+00:00,0.88207611
2025-09-16 22:00:00+00:00,0.88267658
2025-09-16 23:00:00+00:00,0.88023349
2025-09-17 00:00:00+00:00,0.87888517
2025-09-17 01:00:00+00:00,0.87770722
2025-09-17 02:00:00+00:00,0.87901713
2025-09-17 03:00:00+00:00,0.87379362
2025-09-17 04:00:00+00:00,0.86957242
2025-09-17 05:00:00+00:00,0.87835378
2025-09-17 06:00:00+00:00,0.88141659
2025-09-17 07:00:00+00:00,0.88232929
2025-09-17 08:00:00+00:00,0.87673801
2025-09-17 09:00:00+00:00,0.87201687
2025-09-17 10:00:00+00:00,0.87156841
2025-09-17 11:00:00+00:00,0.87187596
2025-09-17 12:00:00+00:00,0.87154849
2025-09-17 13:00:00+00:00,0.87058361
2025-09-17 14:00:00+00:00,0.86497791
2025-09-17 15:00:00+00:00,0.86835542
2025-09-17 16:00:00+00:00,0.87128639
2025-09-17 17:00:00+00:00,0.87040569
2025-09-17 18:00:00+00:00,0.86697944
2025-09-17 19:00:00+00:00,0.88269233
2025-09-17 20:00:00+00:00,0.88061345
2025-09-17 21:00:00+00:00,0.89063857
2025-09-17 22:00:00+00:00,0.90995688
2025-09-17 23:00:00+00:00,0.91361677
2025-09-18 00:00:00+00:00,0.90889687
2025-09-18 01:00:00+00:00,0.91538659
2025-09-18 02:00:00+00:00,0.91650414
2025-09-18 03:00:00+00:00,0.91758344
2025-09-18 04:00:00+00:00,0.91431724
2025-09-18 05:00:00+00:00,0.90920276
2025-09-18 06:00:00+00:00,0.90349902
2025-09-18 07:00:00+00:00,0.90806546
2025-09-18 08:00:00+00:00,0.91994387
2025-09-18 09:00:00+00:00,0.91795596
2025-09-18 10:00:00+00:00,0.91319705
2025-09-18 11:00:00+00:00,0.91346643
2025-09-18 12:00:00+00:00,0.91381047
2025-09-18 13:00:00+00:00,0.91487624
2025-09-18 14:00:00+00:00,0.92281915
2025-09-18 15:00:00+00:00,0.92718964
2025-09-18 16:00:00+00:00,0.92491352
2025-09-18 17:00:00+00:00,0.93159296
2025-09-18 18:00:00+00:00,0.93763152
2025-09-18 19:00:00+00:00,0.92976463
2025-09-18 20:00:00+00:00,0.93029647
2025-09-18 21:00:00+00:00,0.92846256
2025-09-18 22:00:00+00:00,0.92266401
2025-09-18 23:00:00+00:00,0.92444379
2025-09-19 00:00:00+00:00,0.93473054
2025-09-19 01:00:00+00:00,0.93273937
2025-09-19 02:00:00+00:00,0.92531948
2025-09-19 03:00:00+00:00,0.91925037
2025-09-19 04:00:00+00:00,0.92217043
2025-09-19 05:00:00+00:00,0.91567027
2025-09-19 06:00:00+00:00,0.90447933
2025-09-19 07:00:00+00:00,0.90423535
2025-09-19 08:00:00+00:00,0.90800482
2025-09-19 09:00:00+00:00,0.90215066
2025-09-19 10:00:00+00:00,0.90316673
2025-09-19 11:00:00+00:00,0.89628069
2025-09-19 12:00:00+00:00,0.89919283
2025-09-19 13:00:00+00:00,0.90722756
2025-09-19 14:00:00+00:00,0.89934143
2025-09-19 15:00:00+00:00,0.89708463
2025-09-19 16:00:00+00:00,0.90440444
2025-09-19 17:00:00+00:00,0.89740518
2025-09-19 18:00:00+00:00,0.89647853
2025-09-19 19:00:00+00:00,0.8947777
2025-09-19 20:00:00+00:00,0.89280032
2025-09-19 21:00:00+00:00,0.89685461
2025-09-19 22:00:00+00:00,0.89568342
2025-09-19 23:00:00+00:00,0.8904248
2025-09-20 00:00:00+00:00,0.89734305
2025-09-20 01:00:00+00:00,0.89448238
2025-09-20 02:00:00+00:00,0.89639442
2025-09-20 03:00:00+00:00,0.89394977
2025-09-20 04:00:00+00:00,0.8951647
2025-09-20 05:00:00+00:00,0.89913819
2025-09-20 06:00:00+00:00,0.90232886
2025-09-20 07:00:00+00:00,0.90615883
2025-09-20 08:00:00+00:00,0.89410132
2025-09-20 09:00:00+00:00,0.89111219
2025-09-20 10:00:00+00:00,0.88916214
2025-09-20 11:00:00+00:00,0.89530647
2025-09-20 12:00:00+00:00,0.89489472
2025-09-20 13:00:00+00:00,0.89564247
2025-09-20 14:00:00+00:00,0.89798766
2025-09-20 15:00:00+00:00,0.90014111
2025-09-20 16:00:00+00:00,0.89864937
2025-09-20 17:00:00+00:00,0.89373167
2025-09-20 18:00:00+00:00,0.89126098
2025-09-20 19:00:00+00:00,0.89135428
2025-09-20 20:00:00+00:00,0.89432569
2025-09-20 21:00:00+00:00,0.8959905
2025-09-20 22:00:00+00:00,0.89558933
2025-09-20 23:00:00+00:00,0.89314305
2025-09-21 00:00:00+00:00,0.89629192
2025-09-21 01:00:00+00:00,0.89207362
2025-09-21 02:00:00+00:00,0.89649737
2025-09-21 03:00:00+00:00,0.89858921
2025-09-21 04:00:00+00:00,0.89839223
2025-09-21 05:00:00+00:00,0.89924933
2025-09-21 06:00:00+00:00,0.89966842
2025-09-21 07:00:00+00:00,0.8996072
2025-09-21 08:00:00+00:00,0.89220366
2025-09-21 09:00:00+00:00,0.88544024
2025-09-21 10:00:00+00:00,0.88157856
2025-09-21 11:00:00+00:00,0.88220399
2025-09-21 12:00:00+00:00,0.8855501
2025-09-21 13:00:00+00:00,0.888023
2025-09-21 14:00:00+00:00,0.88498187
2025-09-21 15:00:00+00:00,0.88559146
2025-09-21 16:00:00+00:00,0.87984545
2025-09-21 17:00:00+00:00,0.88673238
2025-09-21 18:00:00+00:00,0.88920799
2025-09-21 19:00:00+00:00,0.8885961
2025-09-21 20:00:00+00:00,0.88651632
2025-09-21 21:00:00+00:00,0.88462798
2025-09-21 22:00:00+00:00,0.88792833
2025-09-21 23:00:00+00:00,0.88417708
2025-09-22 00:00:00+00:00,0.86476181
2025-09-22 01:00:00+00:00,0.86385597
2025-09-22 02:00:00+00:00,0.85255576
2025-09-22 03:00:00+00:00,0.85578681
2025-09-22 04:00:00+00:00,0.85348361
2025-09-22 05:00:00+00:00,0.8352351
2025-09-22 06:00:00+00:00,0.82406307
2025-09-22 07:00:00+00:00,0.81707252
2025-09-22 08:00:00+00:00,0.82038321
2025-09-22 09:00:00+00:00,0.81470281
2025-09-22 10:00:00+00:00,0.82532428
2025-09-22 11:00:00+00:00,0.82221686
2025-09-22 12:00:00+00:00,0.82740529
2025-09-22 13:00:00+00:00,0.83110404
2025-09-22 14:00:00+00:00,0.82490998
2025-09-22 15:00:00+00:00,0.82034319
2025-09-22 16:00:00+00:00,0.82045288
2025-09-22 17:00:00+00:00,0.82224925
2025-09-22 18:00:00+00:00,0.81832724
2025-09-22 19:00:00+00:00,0.81527631
2025-09-22 20:00:00+00:00,0.82259194
2025-09-22 21:00:00+00:00,0.82697612
2025-09-22 22:00:00+00:00,0.8244693
2025-09-22 23:00:00+00:00,0.82557204
2025-09-23 00:00:00+00:00,0.8221632
2025-09-23 01:00:00+00:00,0.81533574
2025-09-23 02:00:00+00:00,0.80921571
2025-09-23 03:00:00+00:00,0.82228789
2025-09-23 04:00:00+00:00,0.81829511
2025-09-23 05:00:00+00:00,0.8184741
2025-09-23 06:00:00+00:00,0.82625385
2025-09-23 07:00:00+00:00,0.82381127
2025-09-23 08:00:00+00:00,0.82559963
2025-09-23 09:00:00+00:00,0.82219791
2025-09-23 10:00:00+00:00,0.82274123
2025-09-23 11:00:00+00:00,0.82205594
2025-09-23 12:00:00+00:00,0.82324263
2025-09-23 13:00:00+00:00,0.82112119
2025-09-23 14:00:00+00:00,0.81813671
2025-09-23 15:00:00+00:00,0.8222333
2025-09-23 16:00:00+00:00,0.82643934
2025-09-23 17:00:00+00:00,0.81417241
2025-09-23 18:00:00+00:00,0.81125052
2025-09-23 19:00:00+00:00,0.80828522
2025-09-23 20:00:00+00:00,0.81280015
2025-09-23 21:00:00+00:00,0.81361369
2025-09-23 22:00:00+00:00,0.81080475
2025-09-23 23:00:00+00:00,0.80597273
2025-09-24 00:00:00+00:00,0.81054333
2025-09-24 01:00:00+00:00,0.81532902
2025-09-24 02:00:00+00:00,0.81092455
2025-09-24 03:00:00+00:00,0.80048163
2025-09-24 04:00:00+00:00,0.80590869
2025-09-24 05:00:00+00:00,0.8136579
2025-09-24 06:00:00+00:00,0.81546783
2025-09-24 07:00:00+00:00,0.81464888
2025-09-24 08:00:00+00:00,0.81670874
2025-09-24 09:00:00+00:00,0.81796531
2025-09-24 10:00:00+00:00,0.81708946
2025-09-24 11:00:00+00:00,0.81925289
2025-09-24 12:00:00+00:00,0.82082655
2025-09-24 13:00:00+00:00,0.81694928
2025-09-24 14:00:00+00:00,0.82681229
2025-09-24 15:00:00+00:00,0.82053408
2025-09-24 16:00:00+00:00,0.82127833
2025-09-24 17:00:00+00:00,0.82403014
2025-09-24 18:00:00+00:00,0.82258965
2025-09-24 19:00:00+00:00,0.82216877
2025-09-24 20:00:00+00:00,0.82036542
2025-09-24 21:00:00+00:00,0.81459933
2025-09-24 22:00:00+00:00,0.81426632
2025-09-24 23:00:00+00:00,0.81265158
2025-09-25 00:00:00+00:00,0.80817723
2025-09-25 01:00:00+00:00,0.80317289
2025-09-25 02:00:00+00:00,0.80727639
2025-09-25 03:00:00+00:00,0.80083334
2025-09-25 04:00:00+00:00,0.79013654
2025-09-25 05:00:00+00:00,0.79726377
2025-09-25 06:00:00+00:00,0.78979002
2025-09-25 07:00:00+00:00,0.79056064
2025-09-25 08:00:00+00:00,0.78680006
2025-09-25 09:00:00+00:00,0.78585169
2025-09-25 10:00:00+00:00,0.78564173
2025-09-25 11:00:00+00:00,0.78117171
2025-09-25 12:00:00+00:00,0.78464061
2025-09-25 13:00:00+00:00,0.78936122
2025-09-25 14:00:00+00:00,0.79408821
2025-09-25 15:00:00+00:00,0.79074888
2025-09-25 16:00:00+00:00,0.77727225
2025-09-25 17:00:00+00:00,0.75818645
2025-09-25 18:00:00+00:00,0.77698683
2025-09-25 19:00:00+00:00,0.77114119
2025-09-25 20:00:00+00:00,0.76499174
2025-09-25 21:00:00+00:00,0.76935107
2025-09-25 22:00:00+00:00,0.76756395
2025-09-25 23:00:00+00:00,0.76368202
2025-09-26 00:00:00+00:00,0.77863131
2025-09-26 01:00:00+00:00,0.7779538
2025-09-26 02:00:00+00:00,0.77587176
2025-09-26 03:00:00+00:00,0.77674996
2025-09-26 04:00:00+00:00,0.77383962
2025-09-26 05:00:00+00:00,0.77194053
2025-09-26 06:00:00+00:00,0.77343614
2025-09-26 07:00:00+00:00,0.77428909
2025-09-26 08:00:00+00:00,0.77516889
2025-09-26 09:00:00+00:00,0.77219141
2025-09-26 10:00:00+00:00,0.76232692
2025-09-26 11:00:00+00:00,0.76369498
2025-09-26 12:00:00+00:00,0.77264812
2025-09-26 13:00:00+00:00,0.77723925
2025-09-26 14:00:00+00:00,0.76655932
2025-09-26 15:00:00+00:00,0.77482661
2025-09-26 16:00:00+00:00,0.78359928
2025-09-26 17:00:00+00:00,0.78942104
2025-09-26 18:00:00+00:00,0.79291135
2025-09-26 19:00:00+00:00,0.78946636
2025-09-26 20:00:00+00:00,0.78806236
2025-09-26 21:00:00+00:00,0.79066925
2025-09-26 22:00:00+00:00,0.79074612
2025-09-26 23:00:00+00:00,0.79184705
2025-09-27 00:00:00+00:00,0.79227576
2025-09-27 01:00:00+00:00,0.79035509
2025-09-27 02:00:00+00:00,0.78922373
2025-09-27 03:00:00+00:00,0.79231451
2025-09-27 04:00:00+00:00,0.79171136
2025-09-27 05:00:00+00:00,0.79123064
2025-09-27 06:00:00+00:00,0.79011883
2025-09-27 07:00:00+00:00,0.78366206
2025-09-27 08:00:00+00:00,0.77949047
2025-09-27 09:00:00+00:00,0.78270997
2025-09-27 10:00:00+00:00,0.78439475
2025-09-27 11:00:00+00:00,0.78307541
2025-09-27 12:00:00+00:00,0.78559057
2025-09-27 13:00:00+00:00,0.78555476
2025-09-27 14:00:00+00:00,0.78407675
2025-09-27 15:00:00+00:00,0.78534762
2025-09-27 16:00:00+00:00,0.78296506
2025-09-27 17:00:00+00:00,0.78088183
2025-09-27 18:00:00+00:00,0.78055402
2025-09-27 19:00:00+00:00,0.78136506
2025-09-27 20:00:00+00:00,0.77953581
2025-09-27 21:00:00+00:00,0.78323818
2025-09-27 22:00:00+00:00,0.78451905
2025-09-27 23:00:00+00:00,0.78088686
2025-09-28 00:00:00+00:00,0.77827213
2025-09-28 01:00:00+00:00,0.77322164
2025-09-28 02:00:00+00:00,0.77479498
2025-09-28 03:00:00+00:00,0.77491706
2025-09-28 04:00:00+00:00,0.77497089
2025-09-28 05:00:00+00:00,0.77409362
2025-09-28 06:00:00+00:00,0.77245608
2025-09-28 07:00:00+00:00,0.77302504
2025-09-28 08:00:00+00:00,0.77009465
2025-09-28 09:00:00+00:00,0.76837364
2025-09-28 10:00:00+00:00,0.76858768
2025-09-28 11:00:00+00:00,0.76839735
2025-09-28 12:00:00+00:00,0.76629756
2025-09-28 13:00:00+00:00,0.77628979
2025-09-28 14:00:00+00:00,0.77937103
2025-09-28 15:00:00+00:00,0.78146546
2025-09-28 16:00:00+00:00,0.78720456
2025-09-28 17:00:00+00:00,0.79070066
2025-09-28 18:00:00+00:00,0.79115085
2025-09-28 19:00:00+00:00,0.78996117
2025-09-28 20:00:00+00:00,0.79352673
2025-09-28 21:00:00+00:00,0.79437212
2025-09-28 22:00:00+00:00,0.80911642
2025-09-28 23:00:00+00:00,0.8086021
2025-09-29 00:00:00+00:00,0.80501111
2025-09-29 01:00:00+00:00,0.7995029
2025-09-29 02:00:00+00:00,0.80133213
2025-09-29 03:00:00+00:00,0.80444193
2025-09-29 04:00:00+00:00,0.80167697
2025-09-29 05:00:00+00:00,0.79938037
2025-09-29 06:00:00+00:00,0.79527642
2025-09-29 07:00:00+00:00,0.79814749
2025-09-29 08:00:00+00:00,0.80140785
2025-09-29 09:00:00+00:00,0.79859659
2025-09-29 10:00:00+00:00,0.79374115
2025-09-29 11:00:00+00:00,0.79459892
2025-09-29 12:00:00+00:00,0.79080099
2025-09-29 13:00:00+00:00,0.80618851
2025-09-29 14:00:00+00:00,0.81246949
2025-09-29 15:00:00+00:00,0.8020745
2025-09-29 16:00:00+00:00,0.79844249
2025-09-29 17:00:00+00:00,0.80046535
2025-09-29 18:00:00+00:00,0.79882381
2025-09-29 19:00:00+00:00,0.80456206
2025-09-29 20:00:00+00:00,0.81338459
2025-09-29 21:00:00+00:00,0.81105817
2025-09-29 22:00:00+00:00,0.80855127
2025-09-29 23:00:00+00:00,0.80602936
2025-09-30 00:00:00+00:00,0.80090092
2025-09-30 01:00:00+00:00,0.80002001
2025-09-30 02:00:00+00:00,0.79823559
2025-09-30 03:00:00+00:00,0.7976892
2025-09-30 04:00:00+00:00,0.79728858
2025-09-30 05:00:00+00:00,0.80060092
2025-09-30 06:00:00+00:00,0.80058388
2025-09-30 07:00:00+00:00,0.79404951
2025-09-30 08:00:00+00:00,0.79208946
2025-09-30 09:00:00+00:00,0.78652932
2025-09-30 10:00:00+00:00,0.78842883
2025-09-30 11:00:00+00:00,0.79106616
2025-09-30 12:00:00+00:00,0.78944815
2025-09-30 13:00:00+00:00,0.79101157
2025-09-30 14:00:00+00:00,0.79158684
2025-09-30 15:00:00+00:00,0.78328034
2025-09-30 16:00:00+00:00,0.78336717
2025-09-30 17:00:00+00:00,0.78410805
2025-09-30 18:00:00+00:00,0.79011807
2025-09-30 19:00:00+00:00,0.80129448
2025-09-30 20:00:00+00:00,0.80876931
2025-09-30 21:00:00+00:00,0.80484663
2025-09-30 22:00:00+00:00,0.80180751
2025-09-30 23:00:00+00:00,0.80719824
2025-10-01 00:00:00+00:00,0.80702516
2025-10-01 01:00:00+00:00,0.81115493
2025-10-01 02:00:00+00:00,0.80536265
2025-10-01 03:00:00+00:00,0.7978871
2025-10-01 04:00:00+00:00,0.80057477
2025-10-01 05:00:00+00:00,0.80357485
2025-10-01 06:00:00+00:00,0.79912457
2025-10-01 07:00:00+00:00,0.8047147
2025-10-01 08:00:00+00:00,0.82889082
2025-10-01 09:00:00+00:00,0.8336029
2025-10-01 10:00:00+00:00,0.83094871
2025-10-01 11:00:00+00:00,0.83638137
2025-10-01 12:00:00+00:00,0.83248122
2025-10-01 13:00:00+00:00,0.83732802
2025-10-01 14:00:00+00:00,0.83937628
2025-10-01 15:00:00+00:00,0.84074428
2025-10-01 16:00:00+00:00,0.83544476
2025-10-01 17:00:00+00:00,0.83542378
2025-10-01 18:00:00+00:00,0.84298486
2025-10-01 19:00:00+00:00,0.84552956
2025-10-01 20:00:00+00:00,0.84349553
2025-10-01 21:00:00+00:00,0.84073848
2025-10-01 22:00:00+00:00,0.84471787
2025-10-01 23:00:00+00:00,0.85066273
2025-10-02 00:00:00+00:00,0.84885222
2025-10-02 01:00:00+00:00,0.85818607
2025-10-02 02:00:00+00:00,0.85787679
2025-10-02 03:00:00+00:00,0.85493973
2025-10-02 04:00:00+00:00,0.8545703
2025-10-02 05:00:00+00:00,0.85395132
2025-10-02 06:00:00+00:00,0.86058413
2025-10-02 07:00:00+00:00,0.85408761
2025-10-02 08:00:00+00:00,0.8563287
2025-10-02 09:00:00+00:00,0.85506008
2025-10-02 10:00:00+00:00,0.8525487
2025-10-02 11:00:00+00:00,0.85025677
2025-10-02 12:00:00+00:00,0.85535788
2025-10-02 13:00:00+00:00,0.85330353
2025-10-02 14:00:00+00:00,0.84115379
2025-10-02 15:00:00+00:00,0.85385491
2025-10-02 16:00:00+00:00,0.85882878
2025-10-02 17:00:00+00:00,0.86101704
2025-10-02 18:00:00+00:00,0.87147279
2025-10-02 19:00:00+00:00,0.87434485
2025-10-02 20:00:00+00:00,0.87085339
2025-10-02 21:00:00+00:00,0.86880294
2025-10-02 22:00:00+00:00,0.86551855
2025-10-02 23:00:00+00:00,0.87058686
2025-10-03 00:00:00+00:00,0.862495
2025-10-03 01:00:00+00:00,0.85639784
2025-10-03 02:00:00+00:00,0.86250176
2025-10-03 03:00:00+00:00,0.86169839
2025-10-03 04:00:00+00:00,0.86395171
2025-10-03 05:00:00+00:00,0.86067306
2025-10-03 06:00:00+00:00,0.8579636
2025-10-03 07:00:00+00:00,0.85702089
2025-10-03 08:00:00+00:00,0.85968699
2025-10-03 09:00:00+00:00,0.85845969
2025-10-03 10:00:00+00:00,0.85809178
2025-10-03 11:00:00+00:00,0.85422434
2025-10-03 12:00:00+00:00,0.85421176
2025-10-03 13:00:00+00:00,0.85575222
2025-10-03 14:00:00+00:00,0.85974905
2025-10-03 15:00:00+00:00,0.87320864
2025-10-03 16:00:00+00:00,0.87653433
2025-10-03 17:00:00+00:00,0.86191779
2025-10-03 18:00:00+00:00,0.87221733
2025-10-03 19:00:00+00:00,0.87008607
2025-10-03 20:00:00+00:00,0.871651
2025-10-03 21:00:00+00:00,0.86904968
2025-10-03 22:00:00+00:00,0.87051781
2025-10-03 23:00:00+00:00,0.86530949
2025-10-04 00:00:00+00:00,0.86270919
2025-10-04 01:00:00+00:00,0.85662161
2025-10-04 02:00:00+00:00,0.85421228
2025-10-04 03:00:00+00:00,0.85454254
2025-10-04 04:00:00+00:00,0.85518045
2025-10-04 05:00:00+00:00,0.85644073
2025-10-04 06:00:00+00:00,0.8563131
2025-10-04 07:00:00+00:00,0.85265241
2025-10-04 08:00:00+00:00,0.84691451
2025-10-04 09:00:00+00:00,0.84484799
2025-10-04 10:00:00+00:00,0.84301184
2025-10-04 11:00:00+00:00,0.84326044
2025-10-04 12:00:00+00:00,0.84230826
2025-10-04 13:00:00+00:00,0.84589912
2025-10-04 14:00:00+00:00,0.83844676
2025-10-04 15:00:00+00:00,0.83504338
2025-10-04 16:00:00+00:00,0.83759033
2025-10-04 17:00:00+00:00,0.8369288
2025-10-04 18:00:00+00:00,0.8358419
2025-10-04 19:00:00+00:00,0.83803157
2025-10-04 20:00:00+00:00,0.83839401
2025-10-04 21:00:00+00:00,0.84059891
2025-10-04 22:00:00+00:00,0.84165032
2025-10-04 23:00:00+00:00,0.83949033
2025-10-05 00:00:00+00:00,0.83543105
2025-10-05 01:00:00+00:00,0.8407069
2025-10-05 02:00:00+00:00,0.85967085
2025-10-05 03:00:00+00:00,0.85487232
2025-10-05 04:00:00+00:00,0.86722565
2025-10-05 05:00:00+00:00,0.87263851
2025-10-05 06:00:00+00:00,0.86736307
2025-10-05 07:00:00+00:00,0.87794693
2025-10-05 08:00:00+00:00,0.87752174
2025-10-05 09:00:00+00:00,0.86629338
2025-10-05 10:00:00+00:00,0.86289655
2025-10-05 11:00:00+00:00,0.86322314
2025-10-05 12:00:00+00:00,0.85617737
2025-10-05 13:00:00+00:00,0.85792431
2025-10-05 14:00:00+00:00,0.85444143
2025-10-05 15:00:00+00:00,0.85361363
2025-10-05 16:00:00+00:00,0.85315999
2025-10-05 17:00:00+00:00,0.84403546
2025-10-05 18:00:00+00:00,0.84328439
2025-10-05 19:00:00+00:00,0.83042256
2025-10-05 20:00:00+00:00,0.83491008
2025-10-05 21:00:00+00:00,0.83674008
2025-10-05 22:00:00+00:00,0.8369553
2025-10-05 23:00:00+00:00,0.83717813
2025-10-06 00:00:00+00:00,0.83540354
2025-10-06 01:00:00+00:00,0.84001339
2025-10-06 02:00:00+00:00,0.84042292
2025-10-06 03:00:00+00:00,0.8399067
2025-10-06 04:00:00+00:00,0.8387466
2025-10-06 05:00:00+00:00,0.84246942
2025-10-06 06:00:00+00:00,0.84594288
2025-10-06 07:00:00+00:00,0.84282794
2025-10-06 08:00:00+00:00,0.85185742
2025-10-06 09:00:00+00:00,0.85045771
2025-10-06 10:00:00+00:00,0.85136651
2025-10-06 11:00:00+00:00,0.85092056
2025-10-06 12:00:00+00:00,0.8545276
2025-10-06 13:00:00+00:00,0.86488848
2025-10-06 14:00:00+00:00,0.86241062
2025-10-06 15:00:00+00:00,0.87317429
2025-10-06 16:00:00+00:00,0.87338129
2025-10-06 17:00:00+00:00,0.87579987
2025-10-06 18:00:00+00:00,0.87956141
2025-10-06 19:00:00+00:00,0.87750056
2025-10-06 20:00:00+00:00,0.87307712
2025-10-06 21:00:00+00:00,0.87619861
2025-10-06 22:00:00+00:00,0.87713387
2025-10-06 23:00:00+00:00,0.87136441
2025-10-07 00:00:00+00:00,0.8761091
2025-10-07 01:00:00+00:00,0.87238709
2025-10-07 02:00:00+00:00,0.87057482
2025-10-07 03:00:00+00:00,0.86827877
2025-10-07 04:00:00+00:00,0.87149588
2025-10-07 05:00:00+00:00,0.87224044
2025-10-07 06:00:00+00:00,0.85759004
2025-10-07 07:00:00+00:00,0.8569269
2025-10-07 08:00:00+00:00,0.85565632
2025-10-07 09:00:00+00:00,0.85543849
2025-10-07 10:00:00+00:00,0.85810101
2025-10-07 11:00:00+00:00,0.85966099
2025-10-07 12:00:00+00:00,0.870055
2025-10-07 13:00:00+00:00,0.85736621
2025-10-07 14:00:00+00:00,0.83922391
2025-10-07 15:00:00+00:00,0.833229
2025-10-07 16:00:00+00:00,0.83539301
2025-10-07 17:00:00+00:00,0.82874518
2025-10-07 18:00:00+00:00,0.82465271
2025-10-07 19:00:00+00:00,0.8253867
2025-10-07 20:00:00+00:00,0.8288684
2025-10-07 21:00:00+00:00,0.82547659
2025-10-07 22:00:00+00:00,0.82388833
2025-10-07 23:00:00+00:00,0.81988134
2025-10-08 00:00:00+00:00,0.82549701
2025-10-08 01:00:00+00:00,0.82773738
2025-10-08 02:00:00+00:00,0.82478684
2025-10-08 03:00:00+00:00,0.81284179
2025-10-08 04:00:00+00:00,0.81789973
2025-10-08 05:00:00+00:00,0.81403304
2025-10-08 06:00:00+00:00,0.8152266
2025-10-08 07:00:00+00:00,0.81729594
2025-10-08 08:00:00+00:00,0.82004574
2025-10-08 09:00:00+00:00,0.81884785
2025-10-08 10:00:00+00:00,0.82481454
2025-10-08 11:00:00+00:00,0.8215581
2025-10-08 12:00:00+00:00,0.82296376
2025-10-08 13:00:00+00:00,0.82095867
2025-10-08 14:00:00+00:00,0.8169262
2025-10-08 15:00:00+00:00,0.81831443
2025-10-08 16:00:00+00:00,0.8275466
2025-10-08 17:00:00+00:00,0.84298145
2025-10-08 18:00:00+00:00,0.84092145
2025-10-08 19:00:00+00:00,0.83960265
2025-10-08 20:00:00+00:00,0.83489558
2025-10-08 21:00:00+00:00,0.83819102
2025-10-08 22:00:00+00:00,0.83793525
2025-10-08 23:00:00+00:00,0.83873129
2025-10-09 00:00:00+00:00,0.83523541
2025-10-09 01:00:00+00:00,0.82672426
2025-10-09 02:00:00+00:00,0.81485916
2025-10-09 03:00:00+00:00,0.82128164
2025-10-09 04:00:00+00:00,0.82515759
2025-10-09 05:00:00+00:00,0.82113245
2025-10-09 06:00:00+00:00,0.81732739
2025-10-09 07:00:00+00:00,0.81480503
2025-10-09 08:00:00+00:00,0.80272015
2025-10-09 09:00:00+00:00,0.80748145
2025-10-09 10:00:00+00:00,0.80827305
2025-10-09 11:00:00+00:00,0.81264384
2025-10-09 12:00:00+00:00,0.81932093
2025-10-09 13:00:00+00:00,0.80745983
2025-10-09 14:00:00+00:00,0.80597099
2025-10-09 15:00:00+00:00,0.80410409
2025-10-09 16:00:00+00:00,0.79649745
2025-10-09 17:00:00+00:00,0.8086846
2025-10-09 18:00:00+00:00,0.80455817
2025-10-09 19:00:00+00:00,0.80894527
2025-10-09 20:00:00+00:00,0.808591
2025-10-09 21:00:00+00:00,0.81212735
2025-10-09 22:00:00+00:00,0.81771578
2025-10-09 23:00:00+00:00,0.81521876
2025-10-10 00:00:00+00:00,0.81526479
2025-10-10 01:00:00+00:00,0.81531986
2025-10-10 02:00:00+00:00,0.81306186
2025-10-10 03:00:00+00:00,0.81584048
2025-10-10 04:00:00+00:00,0.8161853
2025-10-10 05:00:00+00:00,0.82159664
2025-10-10 06:00:00+00:00,0.81545577
2025-10-10 07:00:00+00:00,0.81033112
2025-10-10 08:00:00+00:00,0.81720304
2025-10-10 09:00:00+00:00,0.81225586
2025-10-10 10:00:00+00:00,0.81714309
2025-10-10 11:00:00+00:00,0.81751552
2025-10-10 12:00:00+00:00,0.81860369
2025-10-10 13:00:00+00:00,0.81850341
2025-10-10 14:00:00+00:00,0.80619583
2025-10-10 15:00:00+00:00,0.78319798
2025-10-10 16:00:00+00:00,0.78063833
2025-10-10 17:00:00+00:00,0.77804866
2025-10-10 18:00:00+00:00,0.77441614
2025-10-10 19:00:00+00:00,0.76734211
2025-10-10 20:00:00+00:00,0.71635644
2025-10-10 21:00:00+00:00,0.61348757
2025-10-10 22:00:00+00:00,0.6192067
2025-10-10 23:00:00+00:00,0.63682135
2025-10-11 00:00:00+00:00,0.64546079
2025-10-11 01:00:00+00:00,0.63213091
2025-10-11 02:00:00+00:00,0.66556964
2025-10-11 03:00:00+00:00,0.64726443
2025-10-11 04:00:00+00:00,0.65759963
2025-10-11 05:00:00+00:00,0.64700714
2025-10-11 06:00:00+00:00,0.64846283
2025-10-11 07:00:00+00:00,0.652302
2025-10-11 08:00:00+00:00,0.67245768
2025-10-11 09:00:00+00:00,0.66694207
2025-10-11 10:00:00+00:00,0.66803151
2025-10-11 11:00:00+00:00,0.66618765
2025-10-11 12:00:00+00:00,0.65318265
2025-10-11 13:00:00+00:00,0.65296565
2025-10-11 14:00:00+00:00,0.65183687
2025-10-11 15:00:00+00:00,0.65465581
2025-10-11 16:00:00+00:00,0.6513547
2025-10-11 17:00:00+00:00,0.65659922
2025-10-11 18:00:00+00:00,0.651264
2025-10-11 19:00:00+00:00,0.63137817
2025-10-11 20:00:00+00:00,0.62115619
2025-10-11 21:00:00+00:00,0.63066251
2025-10-11 22:00:00+00:00,0.63205786
2025-10-11 23:00:00+00:00,0.63160478
2025-10-12 00:00:00+00:00,0.62257606
2025-10-12 01:00:00+00:00,0.62169738
2025-10-12 02:00:00+00:00,0.62302977
2025-10-12 03:00:00+00:00,0.63326761
2025-10-12 04:00:00+00:00,0.64300711
2025-10-12 05:00:00+00:00,0.64692565
2025-10-12 06:00:00+00:00,0.64989418
2025-10-12 07:00:00+00:00,0.64682745
2025-10-12 08:00:00+00:00,0.64369204
2025-10-12 09:00:00+00:00,0.64712178
2025-10-12 10:00:00+00:00,0.64308338
2025-10-12 11:00:00+00:00,0.64385659
2025-10-12 12:00:00+00:00,0.64815028
2025-10-12 13:00:00+00:00,0.63953276
2025-10-12 14:00:00+00:00,0.66067262
2025-10-12 15:00:00+00:00,0.68048902
2025-10-12 16:00:00+00:00,0.68750492
2025-10-12 17:00:00+00:00,0.69128518
2025-10-12 18:00:00+00:00,0.68833127
2025-10-12 19:00:00+00:00,0.69878691
2025-10-12 20:00:00+00:00,0.70025884
2025-10-12 21:00:00+00:00,0.69620472
2025-10-12 22:00:00+00:00,0.69929115
2025-10-12 23:00:00+00:00,0.70002607
2025-10-13 00:00:00+00:00,0.69961115
2025-10-13 01:00:00+00:00,0.70708621
2025-10-13 02:00:00+00:00,0.71064036
2025-10-13 03:00:00+00:00,0.70359084
2025-10-13 04:00:00+00:00,0.70738217
2025-10-13 05:00:00+00:00,0.70095281
2025-10-13 06:00:00+00:00,0.71355448
2025-10-13 07:00:00+00:00,0.71701836
2025-10-13 08:00:00+00:00,0.72645425
2025-10-13 09:00:00+00:00,0.72297808
2025-10-13 10:00:00+00:00,0.71719032
2025-10-13 11:00:00+00:00,0.70651973
2025-10-13 12:00:00+00:00,0.70892577
2025-10-13 13:00:00+00:00,0.72343494
2025-10-13 14:00:00+00:00,0.705532
2025-10-13 15:00:00+00:00,0.71582684
2025-10-13 16:00:00+00:00,0.71603275
2025-10-13 17:00:00+00:00,0.72586956
2025-10-13 18:00:00+00:00,0.72175184
2025-10-13 19:00:00+00:00,0.72445433
2025-10-13 20:00:00+00:00,0.73363727
2025-10-13 21:00:00+00:00,0.73094455
2025-10-13 22:00:00+00:00,0.7320356
2025-10-13 23:00:00+00:00,0.72851406
2025-10-14 00:00:00+00:00,0.72752356
2025-10-14 01:00:00+00:00,0.72198001
2025-10-14 02:00:00+00:00,0.71696646
2025-10-14 03:00:00+00:00,0.71571384
2025-10-14 04:00:00+00:00,0.7040824
2025-10-14 05:00:00+00:00,0.69674935
2025-10-14 06:00:00+00:00,0.68173681
2025-10-14 07:00:00+00:00,0.67768154
2025-10-14 08:00:00+00:00,0.68143429
2025-10-14 09:00:00+00:00,0.67905719
2025-10-14 10:00:00+00:00,0.67236544
2025-10-14 11:00:00+00:00,0.67700137
2025-10-14 12:00:00+00:00,0.66866712
2025-10-14 13:00:00+00:00,0.67497971
2025-10-14 14:00:00+00:00,0.67929481
2025-10-14 15:00:00+00:00,0.69599453
2025-10-14 16:00:00+00:00,0.69608561
2025-10-14 17:00:00+00:00,0.69849768
2025-10-14 18:00:00+00:00,0.70159891
2025-10-14 19:00:00+00:00,0.69424174
2025-10-14 20:00:00+00:00,0.69487634
2025-10-14 21:00:00+00:00,0.69577541
2025-10-14 22:00:00+00:00,0.69591861
2025-10-14 23:00:00+00:00,0.69881712
2025-10-15 00:00:00+00:00,0.69777876
2025-10-15 01:00:00+00:00,0.69613841
2025-10-15 02:00:00+00:00,0.69781345
2025-10-15 03:00:00+00:00,0.69087033
2025-10-15 04:00:00+00:00,0.69616619
2025-10-15 05:00:00+00:00,0.69879871
2025-10-15 06:00:00+00:00,0.70245868
2025-10-15 07:00:00+00:00,0.70242505
2025-10-15 08:00:00+00:00,0.7050966
2025-10-15 09:00:00+00:00,0.69992416
2025-10-15 10:00:00+00:00,0.69422113
2025-10-15 11:00:00+00:00,0.69067666
2025-10-15 12:00:00+00:00,0.68994681
2025-10-15 13:00:00+00:00,0.68684469
2025-10-15 14:00:00+00:00,0.67976831
2025-10-15 15:00:00+00:00,0.67267242
2025-10-15 16:00:00+00:00,0.67140814
2025-10-15 17:00:00+00:00,0.67359204
2025-10-15 18:00:00+00:00,0.67602849
2025-10-15 19:00:00+00:00,0.66940892
2025-10-15 20:00:00+00:00,0.66445236
2025-10-15 21:00:00+00:00,0.66237163
2025-10-15 22:00:00+00:00,0.66420361
2025-10-15 23:00:00+00:00,0.66847116
2025-10-16 00:00:00+00:00,0.66660961
2025-10-16 01:00:00+00:00,0.67233642
2025-10-16 02:00:00+00:00,0.67330994
2025-10-16 03:00:00+00:00,0.6700866
2025-10-16 04:00:00+00:00,0.66871866
2025-10-16 05:00:00+00:00,0.66791253
2025-10-16 06:00:00+00:00,0.67589994
2025-10-16 07:00:00+00:00,0.67068559
2025-10-16 08:00:00+00:00,0.66840308
2025-10-16 09:00:00+00:00,0.67319763
2025-10-16 10:00:00+00:00,0.67856725
2025-10-16 11:00:00+00:00,0.68007356
2025-10-16 12:00:00+00:00,0.67976353
2025-10-16 13:00:00+00:00,0.67312816
2025-10-16 14:00:00+00:00,0.6689085
2025-10-16 15:00:00+00:00,0.65204197
2025-10-16 16:00:00+00:00,0.66384198
2025-10-16 17:00:00+00:00,0.65469117
2025-10-16 18:00:00+00:00,0.65278158
2025-10-16 19:00:00+00:00,0.64330134
2025-10-16 20:00:00+00:00,0.63751341
2025-10-16 21:00:00+00:00,0.64500662
2025-10-16 22:00:00+00:00,0.63838954
2025-10-16 23:00:00+00:00,0.64523795
2025-10-17 00:00:00+00:00,0.64976594
2025-10-17 01:00:00+00:00,0.64849323
2025-10-17 02:00:00+00:00,0.64930955
2025-10-17 03:00:00+00:00,0.65175962
2025-10-17 04:00:00+00:00,0.64692652
2025-10-17 05:00:00+00:00,0.6424371
2025-10-17 06:00:00+00:00,0.62358558
2025-10-17 07:00:00+00:00,0.60919183
2025-10-17 08:00:00+00:00,0.59775009
2025-10-17 09:00:00+00:00,0.60327785
2025-10-17 10:00:00+00:00,0.60369391
2025-10-17 11:00:00+00:00,0.61703379
2025-10-17 12:00:00+00:00,0.61714152
2025-10-17 13:00:00+00:00,0.62189871
2025-10-17 14:00:00+00:00,0.61418421
2025-10-17 15:00:00+00:00,0.62541961
2025-10-17 16:00:00+00:00,0.62504138
2025-10-17 17:00:00+00:00,0.62597987
2025-10-17 18:00:00+00:00,0.62610375
2025-10-17 19:00:00+00:00,0.62393716
2025-10-17 20:00:00+00:00,0.62912194
2025-10-17 21:00:00+00:00,0.6326912
2025-10-17 22:00:00+00:00,0.62913053
2025-10-17 23:00:00+00:00,0.62456425
2025-10-18 00:00:00+00:00,0.62774431
2025-10-18 01:00:00+00:00,0.63504379
2025-10-18 02:00:00+00:00,0.62937024
2025-10-18 03:00:00+00:00,0.63214866
2025-10-18 04:00:00+00:00,0.62537612
2025-10-18 05:00:00+00:00,0.62915338
2025-10-18 06:00:00+00:00,0.62945716
2025-10-18 07:00:00+00:00,0.63177
2025-10-18 08:00:00+00:00,0.63107102
2025-10-18 09:00:00+00:00,0.63593845
2025-10-18 10:00:00+00:00,0.63476897
2025-10-18 11:00:00+00:00,0.63810705
2025-10-18 12:00:00+00:00,0.6360215
2025-10-18 13:00:00+00:00,0.63095753
2025-10-18 14:00:00+00:00,0.63254151
2025-10-18 15:00:00+00:00,0.63205849
2025-10-18 16:00:00+00:00,0.62972725
2025-10-18 17:00:00+00:00,0.63659177
2025-10-18 18:00:00+00:00,0.63514899
2025-10-18 19:00:00+00:00,0.63657683
2025-10-18 20:00:00+00:00,0.63446476
2025-10-18 21:00:00+00:00,0.63487226
2025-10-18 22:00:00+00:00,0.63362246
2025-10-18 23:00:00+00:00,0.63423983
2025-10-19 00:00:00+00:00,0.63052498
2025-10-19 01:00:00+00:00,0.630941
2025-10-19 02:00:00+00:00,0.62950875
2025-10-19 03:00:00+00:00,0.63498809
2025-10-19 04:00:00+00:00,0.63309163
2025-10-19 05:00:00+00:00,0.63186183
2025-10-19 06:00:00+00:00,0.6289415
2025-10-19 07:00:00+00:00,0.63019086
2025-10-19 08:00:00+00:00,0.62647277
2025-10-19 09:00:00+00:00,0.63541388
2025-10-19 10:00:00+00:00,0.64455116
2025-10-19 11:00:00+00:00,0.6426702
2025-10-19 12:00:00+00:00,0.64072326
2025-10-19 13:00:00+00:00,0.65381654
2025-10-19 14:00:00+00:00,0.65770812
2025-10-19 15:00:00+00:00,0.66032579
2025-10-19 16:00:00+00:00,0.65863063
2025-10-19 17:00:00+00:00,0.65743143
2025-10-19 18:00:00+00:00,0.6610929
2025-10-19 19:00:00+00:00,0.65928284
2025-10-19 20:00:00+00:00,0.66162929
2025-10-19 21:00:00+00:00,0.65729278
2025-10-19 22:00:00+00:00,0.65864602
2025-10-19 23:00:00+00:00,0.65284837
2025-10-20 00:00:00+00:00,0.64636789
2025-10-20 01:00:00+00:00,0.64565913
2025-10-20 02:00:00+00:00,0.64881466
2025-10-20 03:00:00+00:00,0.66270305
2025-10-20 04:00:00+00:00,0.66507268
2025-10-20 05:00:00+00:00,0.66783705
2025-10-20 06:00:00+00:00,0.6732916
2025-10-20 07:00:00+00:00,0.66981978
2025-10-20 08:00:00+00:00,0.66975749
2025-10-20 09:00:00+00:00,0.67173956
2025-10-20 10:00:00+00:00,0.66972076
2025-10-20 11:00:00+00:00,0.66637253
2025-10-20 12:00:00+00:00,0.66610448
2025-10-20 13:00:00+00:00,0.66804865
2025-10-20 14:00:00+00:00,0.6687667
2025-10-20 15:00:00+00:00,0.66433277
2025-10-20 16:00:00+00:00,0.65975719
2025-10-20 17:00:00+00:00,0.65957064
2025-10-20 18:00:00+00:00,0.66414797
2025-10-20 19:00:00+00:00,0.66757897
2025-10-20 20:00:00+00:00,0.66826428
2025-10-20 21:00:00+00:00,0.66447676
2025-10-20 22:00:00+00:00,0.66629547
2025-10-20 23:00:00+00:00,0.6625268
2025-10-21 00:00:00+00:00,0.66188647
2025-10-21 01:00:00+00:00,0.65921483
2025-10-21 02:00:00+00:00,0.65291703
2025-10-21 03:00:00+00:00,0.650768
2025-10-21 04:00:00+00:00,0.63983281
2025-10-21 05:00:00+00:00,0.64094514
2025-10-21 06:00:00+00:00,0.64364386
2025-10-21 07:00:00+00:00,0.64385105
2025-10-21 08:00:00+00:00,0.64051459
2025-10-21 09:00:00+00:00,0.64117074
2025-10-21 10:00:00+00:00,0.64591493
2025-10-21 11:00:00+00:00,0.64562857
2025-10-21 12:00:00+00:00,0.64807648
2025-10-21 13:00:00+00:00,0.64605398
2025-10-21 14:00:00+00:00,0.67434633
2025-10-21 15:00:00+00:00,0.68034838
2025-10-21 16:00:00+00:00,0.66979106
2025-10-21 17:00:00+00:00,0.66927921
2025-10-21 18:00:00+00:00,0.66894995
2025-10-21 19:00:00+00:00,0.66878258
2025-10-21 20:00:00+00:00,0.66069541
2025-10-21 21:00:00+00:00,0.66085786
2025-10-21 22:00:00+00:00,0.64944692
2025-10-21 23:00:00+00:00,0.64263982
2025-10-22 00:00:00+00:00,0.6410302
2025-10-22 01:00:00+00:00,0.64272348
2025-10-22 02:00:00+00:00,0.64213437
2025-10-22 03:00:00+00:00,0.64162358
2025-10-22 04:00:00+00:00,0.64397548
2025-10-22 05:00:00+00:00,0.63636165
2025-10-22 06:00:00+00:00,0.63518523
2025-10-22 07:00:00+00:00,0.63748886
2025-10-22 08:00:00+00:00,0.63540096
2025-10-22 09:00:00+00:00,0.63099931
2025-10-22 10:00:00+00:00,0.62994629
2025-10-22 11:00:00+00:00,0.63588255
2025-10-22 12:00:00+00:00,0.63736295
2025-10-22 13:00:00+00:00,0.64248986
2025-10-22 14:00:00+00:00,0.63926955
2025-10-22 15:00:00+00:00,0.63549151
2025-10-22 16:00:00+00:00,0.63310839
2025-10-22 17:00:00+00:00,0.62854506
2025-10-22 18:00:00+00:00,0.62725323
2025-10-22 19:00:00+00:00,0.62773396
2025-10-22 20:00:00+00:00,0.62251418
2025-10-22 21:00:00+00:00,0.61605019
2025-10-22 22:00:00+00:00,0.61568096
2025-10-22 23:00:00+00:00,0.6237609
2025-10-23 00:00:00+00:00,0.62617604
2025-10-23 01:00:00+00:00,0.62656842
2025-10-23 02:00:00+00:00,0.62700751
2025-10-23 03:00:00+00:00,0.62721619
2025-10-23 04:00:00+00:00,0.62943889
2025-10-23 05:00:00+00:00,0.63263051
2025-10-23 06:00:00+00:00,0.64273174
2025-10-23 07:00:00+00:00,0.6392531
2025-10-23 08:00:00+00:00,0.64038374
2025-10-23 09:00:00+00:00,0.64042313
2025-10-23 10:00:00+00:00,0.63999578
2025-10-23 11:00:00+00:00,0.63609546
2025-10-23 12:00:00+00:00,0.6396348
2025-10-23 13:00:00+00:00,0.64034064
2025-10-23 14:00:00+00:00,0.63959231
2025-10-23 15:00:00+00:00,0.64264528
2025-10-23 16:00:00+00:00,0.64796305
2025-10-23 17:00:00+00:00,0.65244157
2025-10-23 18:00:00+00:00,0.64564745
2025-10-23 19:00:00+00:00,0.64535048
2025-10-23 20:00:00+00:00,0.63909917
2025-10-23 21:00:00+00:00,0.63903933
2025-10-23 22:00:00+00:00,0.64098981
2025-10-23 23:00:00+00:00,0.64283336
2025-10-24 00:00:00+00:00,0.64490752
2025-10-24 01:00:00+00:00,0.64411585
2025-10-24 02:00:00+00:00,0.64231631
2025-10-24 03:00:00+00:00,0.64061272
2025-10-24 04:00:00+00:00,0.65125912
2025-10-24 05:00:00+00:00,0.6525017
2025-10-24 06:00:00+00:00,0.65434173
2025-10-24 07:00:00+00:00,0.64949675
2025-10-24 08:00:00+00:00,0.65153102
2025-10-24 09:00:00+00:00,0.65027199
2025-10-24 10:00:00+00:00,0.64766169
2025-10-24 11:00:00+00:00,0.65061224
2025-10-24 12:00:00+00:00,0.65449426
2025-10-24 13:00:00+00:00,0.65373616
2025-10-24 14:00:00+00:00,0.64647999
2025-10-24 15:00:00+00:00,0.64500309
2025-10-24 16:00:00+00:00,0.64630317
2025-10-24 17:00:00+00:00,0.64799554
2025-10-24 18:00:00+00:00,0.65093249
2025-10-24 19:00:00+00:00,0.65483261
2025-10-24 20:00:00+00:00,0.65597548
2025-10-24 21:00:00+00:00,0.65822242
2025-10-24 22:00:00+00:00,0.6574949
2025-10-24 23:00:00+00:00,0.65609404
2025-10-25 00:00:00+00:00,0.65500497
2025-10-25 01:00:00+00:00,0.6573577
2025-10-25 02:00:00+00:00,0.65681563
2025-10-25 03:00:00+00:00,0.65346649
2025-10-25 04:00:00+00:00,0.65671575
2025-10-25 05:00:00+00:00,0.65515403
2025-10-25 06:00:00+00:00,0.65166769
2025-10-25 07:00:00+00:00,0.65163481
2025-10-25 08:00:00+00:00,0.65431534
2025-10-25 09:00:00+00:00,0.65048729
2025-10-25 10:00:00+00:00,0.65062025
2025-10-25 11:00:00+00:00,0.65395421
2025-10-25 12:00:00+00:00,0.65571415
2025-10-25 13:00:00+00:00,0.65280339
2025-10-25 14:00:00+00:00,0.65468494
2025-10-25 15:00:00+00:00,0.65277
2025-10-25 16:00:00+00:00,0.653365
2025-10-25 17:00:00+00:00,0.65463
2025-10-25 18:00:00+00:00,0.65811
2025-10-25 19:00:00+00:00,0.6575675
2025-10-25 20:00:00+00:00,0.6558175
2025-10-25 21:00:00+00:00,0.65563329
2025-10-25 22:00:00+00:00,0.65625815
2025-10-25 23:00:00+00:00,0.65421075
2025-10-26 00:00:00+00:00,0.65383503
2025-10-26 01:00:00+00:00,0.65135152
2025-10-26 02:00:00+00:00,0.64922064
2025-10-26 03:00:00+00:00,0.6478614
2025-10-26 04:00:00+00:00,0.65070749
2025-10-26 05:00:00+00:00,0.65341965
2025-10-26 06:00:00+00:00,0.65442135
2025-10-26 07:00:00+00:00,0.65556761
2025-10-26 08:00:00+00:00,0.65736053
2025-10-26 09:00:00+00:00,0.66370294
2025-10-26 10:00:00+00:00,0.66221841
2025-10-26 11:00:00+00:00,0.67333132
2025-10-26 12:00:00+00:00,0.6758852
2025-10-26 13:00:00+00:00,0.67730055
2025-10-26 14:00:00+00:00,0.67519136
2025-10-26 15:00:00+00:00,0.67774738
2025-10-26 16:00:00+00:00,0.67378821
2025-10-26 17:00:00+00:00,0.67416068
2025-10-26 18:00:00+00:00,0.67549683
2025-10-26 19:00:00+00:00,0.6729515
2025-10-26 20:00:00+00:00,0.67012817
2025-10-26 21:00:00+00:00,0.67376161
2025-10-26 22:00:00+00:00,0.68339664
2025-10-26 23:00:00+00:00,0.68130653
2025-10-27 00:00:00+00:00,0.68531602
2025-10-27 01:00:00+00:00,0.69130308
2025-10-27 02:00:00+00:00,0.6883357
2025-10-27 03:00:00+00:00,0.68459842
2025-10-27 04:00:00+00:00,0.68461543
2025-10-27 05:00:00+00:00,0.68509083
2025-10-27 06:00:00+00:00,0.68611305
2025-10-27 07:00:00+00:00,0.68002164
2025-10-27 08:00:00+00:00,0.68249654
2025-10-27 09:00:00+00:00,0.67625447
2025-10-27 10:00:00+00:00,0.67610722
2025-10-27 11:00:00+00:00,0.67752285
2025-10-27 12:00:00+00:00,0.67313236
2025-10-27 13:00:00+00:00,0.6739244
2025-10-27 14:00:00+00:00,0.67004249
2025-10-27 15:00:00+00:00,0.67429534
2025-10-27 16:00:00+00:00,0.6832759
2025-10-27 17:00:00+00:00,0.68274309
2025-10-27 18:00:00+00:00,0.68078675
2025-10-27 19:00:00+00:00,0.6744896
2025-10-27 20:00:00+00:00,0.66923307
2025-10-27 21:00:00+00:00,0.66879548
2025-10-27 22:00:00+00:00,0.66648652
2025-10-27 23:00:00+00:00,0.66700101
2025-10-28 00:00:00+00:00,0.66635754
2025-10-28 01:00:00+00:00,0.67002943
2025-10-28 02:00:00+00:00,0.66559493
2025-10-28 03:00:00+00:00,0.66524348
2025-10-28 04:00:00+00:00,0.66668493
2025-10-28 05:00:00+00:00,0.65824302
2025-10-28 06:00:00+00:00,0.6675242
2025-10-28 07:00:00+00:00,0.66323855
2025-10-28 08:00:00+00:00,0.66541826
2025-10-28 09:00:00+00:00,0.66584449
2025-10-28 10:00:00+00:00,0.66504609
2025-10-28 11:00:00+00:00,0.66248868
2025-10-28 12:00:00+00:00,0.6671716
2025-10-28 13:00:00+00:00,0.67213223
2025-10-28 14:00:00+00:00,0.66498014
2025-10-28 15:00:00+00:00,0.66423752
2025-10-28 16:00:00+00:00,0.6696054
2025-10-28 17:00:00+00:00,0.66983057
2025-10-28 18:00:00+00:00,0.6656271
2025-10-28 19:00:00+00:00,0.65467645
2025-10-28 20:00:00+00:00,0.64350687
2025-10-28 21:00:00+00:00,0.64447512
2025-10-28 22:00:00+00:00,0.64837971
2025-10-28 23:00:00+00:00,0.64591597
2025-10-29 00:00:00+00:00,0.64327664
2025-10-29 01:00:00+00:00,0.64426802
2025-10-29 02:00:00+00:00,0.64435454
2025-10-29 03:00:00+00:00,0.64212304
2025-10-29 04:00:00+00:00,0.64313708
2025-10-29 05:00:00+00:00,0.64517412
2025-10-29 06:00:00+00:00,0.64542659
2025-10-29 07:00:00+00:00,0.6461154
2025-10-29 08:00:00+00:00,0.64159443
2025-10-29 09:00:00+00:00,0.64261981
2025-10-29 10:00:00+00:00,0.64586132
2025-10-29 11:00:00+00:00,0.64989684
2025-10-29 12:00:00+00:00,0.65114884
2025-10-29 13:00:00+00:00,0.64763414
2025-10-29 14:00:00+00:00,0.64570477
2025-10-29 15:00:00+00:00,0.63908136
2025-10-29 16:00:00+00:00,0.64111872
2025-10-29 17:00:00+00:00,0.65567796
2025-10-29 18:00:00+00:00,0.64679813
2025-10-29 19:00:00+00:00,0.6499933
2025-10-29 20:00:00+00:00,0.6532636
2025-10-29 21:00:00+00:00,0.65311426
2025-10-29 22:00:00+00:00,0.64869347
2025-10-29 23:00:00+00:00,0.64001946
2025-10-30 00:00:00+00:00,0.64380223
2025-10-30 01:00:00+00:00,0.64291063
2025-10-30 02:00:00+00:00,0.6477568
2025-10-30 03:00:00+00:00,0.64467376
2025-10-30 04:00:00+00:00,0.62888288
2025-10-30 05:00:00+00:00,0.64025546
2025-10-30 06:00:00+00:00,0.64179086
2025-10-30 07:00:00+00:00,0.64537846
2025-10-30 08:00:00+00:00,0.6394734
2025-10-30 09:00:00+00:00,0.63348696
2025-10-30 10:00:00+00:00,0.6317382
2025-10-30 11:00:00+00:00,0.62917338
2025-10-30 12:00:00+00:00,0.61901203
2025-10-30 13:00:00+00:00,0.61048368
2025-10-30 14:00:00+00:00,0.61131053
2025-10-30 15:00:00+00:00,0.60311636
2025-10-30 16:00:00+00:00,0.6062379
2025-10-30 17:00:00+00:00,0.60168726
2025-10-30 18:00:00+00:00,0.59470121
2025-10-30 19:00:00+00:00,0.58818613
2025-10-30 20:00:00+00:00,0.59586091
2025-10-30 21:00:00+00:00,0.59923026
2025-10-30 22:00:00+00:00,0.59945444
2025-10-30 23:00:00+00:00,0.60151187
2025-10-31 00:00:00+00:00,0.60755609
2025-10-31 01:00:00+00:00,0.61120371
2025-10-31 02:00:00+00:00,0.60734253
2025-10-31 03:00:00+00:00,0.61004351
2025-10-31 04:00:00+00:00,0.61524098
2025-10-31 05:00:00+00:00,0.61238984
2025-10-31 06:00:00+00:00,0.61200401
2025-10-31 07:00:00+00:00,0.61110567
2025-10-31 08:00:00+00:00,0.61421798
2025-10-31 09:00:00+00:00,0.61110986
2025-10-31 10:00:00+00:00,0.61008179
2025-10-31 11:00:00+00:00,0.61671071
2025-10-31 12:00:00+00:00,0.61170217
2025-10-31 13:00:00+00:00,0.61460818
2025-10-31 14:00:00+00:00,0.61750709
2025-10-31 15:00:00+00:00,0.61269495
2025-10-31 16:00:00+00:00,0.60191062
2025-10-31 17:00:00+00:00,0.60198715
2025-10-31 18:00:00+00:00,0.60488115
2025-10-31 19:00:00+00:00,0.61115699
2025-10-31 20:00:00+00:00,0.60708068
2025-10-31 21:00:00+00:00,0.60819526
2025-10-31 22:00:00+00:00,0.60935666
2025-10-31 23:00:00+00:00,0.60905343
2025-11-01 00:00:00+00:00,0.60839378
2025-11-01 01:00:00+00:00,0.60621489
2025-11-01 02:00:00+00:00,0.60827035
2025-11-01 03:00:00+00:00,0.61246194
2025-11-01 04:00:00+00:00,0.61196638
2025-11-01 05:00:00+00:00,0.6088329
2025-11-01 06:00:00+00:00,0.61037243
2025-11-01 07:00:00+00:00,0.61373973
2025-11-01 08:00:00+00:00,0.61635141
2025-11-01 09:00:00+00:00,0.61356609
2025-11-01 10:00:00+00:00,0.61355818
2025-11-01 11:00:00+00:00,0.61254699
2025-11-01 12:00:00+00:00,0.61322096
2025-11-01 13:00:00+00:00,0.61095871
2025-11-01 14:00:00+00:00,0.60727175
2025-11-01 15:00:00+00:00,0.61235334
2025-11-01 16:00:00+00:00,0.61285046
2025-11-01 17:00:00+00:00,0.61102801
2025-11-01 18:00:00+00:00,0.61240721
2025-11-01 19:00:00+00:00,0.61355937
2025-11-01 20:00:00+00:00,0.61393547
2025-11-01 21:00:00+00:00,0.60831389
2025-11-01 22:00:00+00:00,0.61107906
2025-11-01 23:00:00+00:00,0.61281209
2025-11-02 00:00:00+00:00,0.61008474
2025-11-02 01:00:00+00:00,0.60907363
2025-11-02 02:00:00+00:00,0.60987742
2025-11-02 03:00:00+00:00,0.6088497
2025-11-02 04:00:00+00:00,0.61608262
2025-11-02 05:00:00+00:00,0.61599844
2025-11-02 06:00:00+00:00,0.61585982
2025-11-02 07:00:00+00:00,0.61754334
2025-11-02 08:00:00+00:00,0.61354623
2025-11-02 09:00:00+00:00,0.6103035
2025-11-02 10:00:00+00:00,0.60824316
2025-11-02 11:00:00+00:00,0.61421569
2025-11-02 12:00:00+00:00,0.61108161
2025-11-02 13:00:00+00:00,0.6070601
2025-11-02 14:00:00+00:00,0.60013475
2025-11-02 15:00:00+00:00,0.59949973
2025-11-02 16:00:00+00:00,0.60113696
2025-11-02 17:00:00+00:00,0.5995732
2025-11-02 18:00:00+00:00,0.59807536
2025-11-02 19:00:00+00:00,0.59685504
2025-11-02 20:00:00+00:00,0.59968047
2025-11-02 21:00:00+00:00,0.6016804
2025-11-02 22:00:00+00:00,0.6004587
2025-11-02 23:00:00+00:00,0.61058341
2025-11-03 00:00:00+00:00,0.60276478
2025-11-03 01:00:00+00:00,0.59761489
2025-11-03 02:00:00+00:00,0.59115737
2025-11-03 03:00:00+00:00,0.5753179
2025-11-03 04:00:00+00:00,0.57756223
2025-11-03 05:00:00+00:00,0.5726855
2025-11-03 06:00:00+00:00,0.57331067
2025-11-03 07:00:00+00:00,0.57728244
2025-11-03 08:00:00+00:00,0.57925964
2025-11-03 09:00:00+00:00,0.5751143
2025-11-03 10:00:00+00:00,0.57250062
2025-11-03 11:00:00+00:00,0.57572285
2025-11-03 12:00:00+00:00,0.57534579
2025-11-03 13:00:00+00:00,0.5747452
2025-11-03 14:00:00+00:00,0.5780821
2025-11-03 15:00:00+00:00,0.55034742
2025-11-03 16:00:00+00:00,0.55986467
2025-11-03 17:00:00+00:00,0.5664621
2025-11-03 18:00:00+00:00,0.55956751
2025-11-03 19:00:00+00:00,0.55510078
2025-11-03 20:00:00+00:00,0.54657407
2025-11-03 21:00:00+00:00,0.5526831
2025-11-03 22:00:00+00:00,0.54895672
2025-11-03 23:00:00+00:00,0.55275578
2025-11-04 00:00:00+00:00,0.55545054
2025-11-04 01:00:00+00:00,0.55903408
2025-11-04 02:00:00+00:00,0.55761564
2025-11-04 03:00:00+00:00,0.5613768
2025-11-04 04:00:00+00:00,0.55806127
2025-11-04 05:00:00+00:00,0.53426211
2025-11-04 06:00:00+00:00,0.53961212
2025-11-04 07:00:00+00:00,0.53407073
2025-11-04 08:00:00+00:00,0.53967764
2025-11-04 09:00:00+00:00,0.54173462
2025-11-04 10:00:00+00:00,0.54089708
2025-11-04 11:00:00+00:00,0.54619796
2025-11-04 12:00:00+00:00,0.53976634
2025-11-04 13:00:00+00:00,0.53755452
2025-11-04 14:00:00+00:00,0.54920304
2025-11-04 15:00:00+00:00,0.54258827
2025-11-04 16:00:00+00:00,0.52971019
2025-11-04 17:00:00+00:00,0.52462214
2025-11-04 18:00:00+00:00,0.52460065
2025-11-04 19:00:00+00:00,0.51444962
2025-11-04 20:00:00+00:00,0.51045325
2025-11-04 21:00:00+00:00,0.51027442
2025-11-04 22:00:00+00:00,0.52333469
2025-11-04 23:00:00+00:00,0.52081569
2025-11-05 00:00:00+00:00,0.51499836
2025-11-05 01:00:00+00:00,0.51166138
2025-11-05 02:00:00+00:00,0.52917461
2025-11-05 03:00:00+00:00,0.53261378
2025-11-05 04:00:00+00:00,0.53285355
2025-11-05 05:00:00+00:00,0.53368957
2025-11-05 06:00:00+00:00,0.53546718
2025-11-05 07:00:00+00:00,0.53437348
2025-11-05 08:00:00+00:00,0.52743728
2025-11-05 09:00:00+00:00,0.53173942
2025-11-05 10:00:00+00:00,0.52529401
2025-11-05 11:00:00+00:00,0.5350108
2025-11-05 12:00:00+00:00,0.5384064
2025-11-05 13:00:00+00:00,0.54215171
2025-11-05 14:00:00+00:00,0.54178705
2025-11-05 15:00:00+00:00,0.54880342
2025-11-05 16:00:00+00:00,0.54897203
2025-11-05 17:00:00+00:00,0.54669528
2025-11-05 18:00:00+00:00,0.54782533
2025-11-05 19:00:00+00:00,0.543507
2025-11-05 20:00:00+00:00,0.54420103
2025-11-05 21:00:00+00:00,0.54234144
2025-11-05 22:00:00+00:00,0.54769924
2025-11-05 23:00:00+00:00,0.5452976
2025-11-06 00:00:00+00:00,0.54262092
2025-11-06 01:00:00+00:00,0.54080877
2025-11-06 02:00:00+00:00,0.542445
2025-11-06 03:00:00+00:00,0.54304282
2025-11-06 04:00:00+00:00,0.54277694
2025-11-06 05:00:00+00:00,0.53481873
2025-11-06 06:00:00+00:00,0.53449144
2025-11-06 07:00:00+00:00,0.53430357
2025-11-06 08:00:00+00:00,0.53620251
2025-11-06 09:00:00+00:00,0.53596464
2025-11-06 10:00:00+00:00,0.53587319
2025-11-06 11:00:00+00:00,0.53515289
2025-11-06 12:00:00+00:00,0.52953724
2025-11-06 13:00:00+00:00,0.5370435
2025-11-06 14:00:00+00:00,0.52690655
2025-11-06 15:00:00+00:00,0.52365743
2025-11-06 16:00:00+00:00,0.52170991
2025-11-06 17:00:00+00:00,0.52811489
2025-11-06 18:00:00+00:00,0.5277316
2025-11-06 19:00:00+00:00,0.52828353
2025-11-06 20:00:00+00:00,0.52526899
2025-11-06 21:00:00+00:00,0.52935227
2025-11-06 22:00:00+00:00,0.53389952
2025-11-06 23:00:00+00:00,0.531852
2025-11-07 00:00:00+00:00,0.53797471
2025-11-07 01:00:00+00:00,0.53505514
2025-11-07 02:00:00+00:00,0.53793014
2025-11-07 03:00:00+00:00,0.5406472
2025-11-07 04:00:00+00:00,0.53907795
2025-11-07 05:00:00+00:00,0.54525776
2025-11-07 06:00:00+00:00,0.54227304
2025-11-07 07:00:00+00:00,0.54782529
2025-11-07 08:00:00+00:00,0.54710737
2025-11-07 09:00:00+00:00,0.54091267
2025-11-07 10:00:00+00:00,0.53510738
2025-11-07 11:00:00+00:00,0.53107104
2025-11-07 12:00:00+00:00,0.52370122
2025-11-07 13:00:00+00:00,0.5272314
2025-11-07 14:00:00+00:00,0.53661821
2025-11-07 15:00:00+00:00,0.54434513
2025-11-07 16:00:00+00:00,0.56720755
2025-11-07 17:00:00+00:00,0.57821993
2025-11-07 18:00:00+00:00,0.57973983
2025-11-07 19:00:00+00:00,0.58026459
2025-11-07 20:00:00+00:00,0.58168495
2025-11-07 21:00:00+00:00,0.58555445
2025-11-07 22:00:00+00:00,0.58311282
2025-11-07 23:00:00+00:00,0.57629362
2025-11-08 00:00:00+00:00,0.57419183
2025-11-08 01:00:00+00:00,0.58353458
2025-11-08 02:00:00+00:00,0.58509548
2025-11-08 03:00:00+00:00,0.58231703
2025-11-08 04:00:00+00:00,0.58641308
2025-11-08 05:00:00+00:00,0.57825491
2025-11-08 06:00:00+00:00,0.57772196
2025-11-08 07:00:00+00:00,0.58245918
2025-11-08 08:00:00+00:00,0.58379244
2025-11-08 09:00:00+00:00,0.57634452
2025-11-08 10:00:00+00:00,0.57871127
2025-11-08 11:00:00+00:00,0.57477398
2025-11-08 12:00:00+00:00,0.57687313
2025-11-08 13:00:00+00:00,0.56670796
2025-11-08 14:00:00+00:00,0.56485096
2025-11-08 15:00:00+00:00,0.5573227
2025-11-08 16:00:00+00:00,0.55818671
2025-11-08 17:00:00+00:00,0.56077877
2025-11-08 18:00:00+00:00,0.56312003
2025-11-08 19:00:00+00:00,0.5608254
2025-11-08 20:00:00+00:00,0.56270672
2025-11-08 21:00:00+00:00,0.56418051
2025-11-08 22:00:00+00:00,0.56725532
2025-11-08 23:00:00+00:00,0.56870931
2025-11-09 00:00:00+00:00,0.56078848
2025-11-09 01:00:00+00:00,0.56362848
2025-11-09 02:00:00+00:00,0.55270137
2025-11-09 03:00:00+00:00,0.5502196
2025-11-09 04:00:00+00:00,0.55446627
2025-11-09 05:00:00+00:00,0.55584424
2025-11-09 06:00:00+00:00,0.55648623
2025-11-09 07:00:00+00:00,0.5628297
2025-11-09 08:00:00+00:00,0.55913627
2025-11-09 09:00:00+00:00,0.55346586
2025-11-09 10:00:00+00:00,0.55887449
2025-11-09 11:00:00+00:00,0.56257496
2025-11-09 12:00:00+00:00,0.56311773
2025-11-09 13:00:00+00:00,0.56455635
2025-11-09 14:00:00+00:00,0.57074706
2025-11-09 15:00:00+00:00,0.57537264
2025-11-09 16:00:00+00:00,0.57755485
2025-11-09 17:00:00+00:00,0.57170435
2025-11-09 18:00:00+00:00,0.57717893
2025-11-09 19:00:00+00:00,0.5829108
2025-11-09 20:00:00+00:00,0.58021635
2025-11-09 21:00:00+00:00,0.57959862
2025-11-09 22:00:00+00:00,0.57714348
2025-11-09 23:00:00+00:00,0.57894801
2025-11-10 00:00:00+00:00,0.58742711
2025-11-10 01:00:00+00:00,0.58388544
2025-11-10 02:00:00+00:00,0.58516915
2025-11-10 03:00:00+00:00,0.5883844
2025-11-10 04:00:00+00:00,0.58973757
2025-11-10 05:00:00+00:00,0.58953975
2025-11-10 06:00:00+00:00,0.58686447
2025-11-10 07:00:00+00:00,0.58939194
2025-11-10 08:00:00+00:00,0.58732316
2025-11-10 09:00:00+00:00,0.60002513
2025-11-10 10:00:00+00:00,0.5949026
2025-11-10 11:00:00+00:00,0.59587898
2025-11-10 12:00:00+00:00,0.59348331
2025-11-10 13:00:00+00:00,0.59734744
2025-11-10 14:00:00+00:00,0.58472354
2025-11-10 15:00:00+00:00,0.58480157
2025-11-10 16:00:00+00:00,0.5812189
2025-11-10 17:00:00+00:00,0.587048
2025-11-10 18:00:00+00:00,0.58398864
2025-11-10 19:00:00+00:00,0.58815979
2025-11-10 20:00:00+00:00,0.59149889
2025-11-10 21:00:00+00:00,0.58791275
2025-11-10 22:00:00+00:00,0.59730945
2025-11-10 23:00:00+00:00,0.59279503
2025-11-11 00:00:00+00:00,0.59309934
2025-11-11 01:00:00+00:00,0.59352856
2025-11-11 02:00:00+00:00,0.60182549
2025-11-11 03:00:00+00:00,0.59868139
2025-11-11 04:00:00+00:00,0.58929823
2025-11-11 05:00:00+00:00,0.58275632
2025-11-11 06:00:00+00:00,0.5834274
2025-11-11 07:00:00+00:00,0.5758972
2025-11-11 08:00:00+00:00,0.57760485
2025-11-11 09:00:00+00:00,0.57560058
2025-11-11 10:00:00+00:00,0.5795195
2025-11-11 11:00:00+00:00,0.5802571
2025-11-11 12:00:00+00:00,0.57875121
2025-11-11 13:00:00+00:00,0.57559012
2025-11-11 14:00:00+00:00,0.5817
2025-11-11 15:00:00+00:00,0.57226758
2025-11-11 16:00:00+00:00,0.57181851
2025-11-11 17:00:00+00:00,0.57047434
2025-11-11 18:00:00+00:00,0.56874259
2025-11-11 19:00:00+00:00,0.56220529
2025-11-11 20:00:00+00:00,0.55972755
2025-11-11 21:00:00+00:00,0.55628385
2025-11-11 22:00:00+00:00,0.56105472
2025-11-11 23:00:00+00:00,0.55632708
2025-11-12 00:00:00+00:00,0.55410636
2025-11-12 01:00:00+00:00,0.55961951
2025-11-12 02:00:00+00:00,0.55818041
2025-11-12 03:00:00+00:00,0.56058931
2025-11-12 04:00:00+00:00,0.56132558
2025-11-12 05:00:00+00:00,0.56123034
2025-11-12 06:00:00+00:00,0.56120522
2025-11-12 07:00:00+00:00,0.55678792
2025-11-12 08:00:00+00:00,0.56486262
2025-11-12 09:00:00+00:00,0.56718776
2025-11-12 10:00:00+00:00,0.57205124
2025-11-12 11:00:00+00:00,0.57372246
2025-11-12 12:00:00+00:00,0.57558946
2025-11-12 13:00:00+00:00,0.57967845
2025-11-12 14:00:00+00:00,0.57022018
2025-11-12 15:00:00+00:00,0.55806659
2025-11-12 16:00:00+00:00,0.54823946
2025-11-12 17:00:00+00:00,0.54908897
2025-11-12 18:00:00+00:00,0.54692507
2025-11-12 19:00:00+00:00,0.5437087
2025-11-12 20:00:00+00:00,0.54759818
2025-11-12 21:00:00+00:00,0.54982704
2025-11-12 22:00:00+00:00,0.54990913
2025-11-12 23:00:00+00:00,0.5455836
2025-11-13 00:00:00+00:00,0.54808064
2025-11-13 01:00:00+00:00,0.54969346
2025-11-13 02:00:00+00:00,0.55182578
2025-11-13 03:00:00+00:00,0.55888202
2025-11-13 04:00:00+00:00,0.56016698
2025-11-13 05:00:00+00:00,0.56671313
2025-11-13 06:00:00+00:00,0.5674615
2025-11-13 07:00:00+00:00,0.56467945
2025-11-13 08:00:00+00:00,0.56783142
2025-11-13 09:00:00+00:00,0.56447658
2025-11-13 10:00:00+00:00,0.56634044
2025-11-13 11:00:00+00:00,0.56482412
2025-11-13 12:00:00+00:00,0.56617473
2025-11-13 13:00:00+00:00,0.55998891
2025-11-13 14:00:00+00:00,0.56401938
2025-11-13 15:00:00+00:00,0.55398822
2025-11-13 16:00:00+00:00,0.54192346
2025-11-13 17:00:00+00:00,0.52909244
2025-11-13 18:00:00+00:00,0.52280092
2025-11-13 19:00:00+00:00,0.52160665
2025-11-13 20:00:00+00:00,0.51885996
2025-11-13 21:00:00+00:00,0.51968181
2025-11-13 22:00:00+00:00,0.5290497
2025-11-13 23:00:00+00:00,0.52983682
2025-11-14 00:00:00+00:00,0.52563857
2025-11-14 01:00:00+00:00,0.52554017
2025-11-14 02:00:00+00:00,0.52901022
2025-11-14 03:00:00+00:00,0.5257443
2025-11-14 04:00:00+00:00,0.51691596
2025-11-14 05:00:00+00:00,0.52179949
2025-11-14 06:00:00+00:00,0.52627666
2025-11-14 07:00:00+00:00,0.5240303
2025-11-14 08:00:00+00:00,0.519973
2025-11-14 09:00:00+00:00,0.514786
2025-11-14 10:00:00+00:00,0.51854679
2025-11-14 11:00:00+00:00,0.51325658
2025-11-14 12:00:00+00:00,0.5107348
2025-11-14 13:00:00+00:00,0.50722804
2025-11-14 14:00:00+00:00,0.51497516
2025-11-14 15:00:00+00:00,0.51421876
2025-11-14 16:00:00+00:00,0.51865743
2025-11-14 17:00:00+00:00,0.50994127
2025-11-14 18:00:00+00:00,0.5087075
2025-11-14 19:00:00+00:00,0.51585324
2025-11-14 20:00:00+00:00,0.50151442
2025-11-14 21:00:00+00:00,0.50690222
2025-11-14 22:00:00+00:00,0.50321482
2025-11-14 23:00:00+00:00,0.49839014
2025-11-15 00:00:00+00:00,0.50460784
2025-11-15 01:00:00+00:00,0.50972948
2025-11-15 02:00:00+00:00,0.51394216
2025-11-15 03:00:00+00:00,0.51146746
2025-11-15 04:00:00+00:00,0.50699466
2025-11-15 05:00:00+00:00,0.50883717
2025-11-15 06:00:00+00:00,0.51427993
2025-11-15 07:00:00+00:00,0.51004203
2025-11-15 08:00:00+00:00,0.50175266
2025-11-15 09:00:00+00:00,0.50161399
2025-11-15 10:00:00+00:00,0.50474218
2025-11-15 11:00:00+00:00,0.50194232
2025-11-15 12:00:00+00:00,0.50608784
2025-11-15 13:00:00+00:00,0.50883041
2025-11-15 14:00:00+00:00,0.50852828
2025-11-15 15:00:00+00:00,0.50692688
2025-11-15 16:00:00+00:00,0.50706216
2025-11-15 17:00:00+00:00,0.50994683
2025-11-15 18:00:00+00:00,0.50923772
2025-11-15 19:00:00+00:00,0.50781029
2025-11-15 20:00:00+00:00,0.50274963
2025-11-15 21:00:00+00:00,0.50023437
2025-11-15 22:00:00+00:00,0.50420792
2025-11-15 23:00:00+00:00,0.50350266
2025-11-16 00:00:00+00:00,0.50068481
2025-11-16 01:00:00+00:00,0.49922309
2025-11-16 02:00:00+00:00,0.50498823
2025-11-16 03:00:00+00:00,0.50428117
2025-11-16 04:00:00+00:00,0.50218972
2025-11-16 05:00:00+00:00,0.50201362
2025-11-16 06:00:00+00:00,0.50132922
2025-11-16 07:00:00+00:00,0.50529657
2025-11-16 08:00:00+00:00,0.50421441
2025-11-16 09:00:00+00:00,0.50906882
2025-11-16 10:00:00+00:00,0.50663055
2025-11-16 11:00:00+00:00,0.49739438
2025-11-16 12:00:00+00:00,0.49799874
2025-11-16 13:00:00+00:00,0.49137014
2025-11-16 14:00:00+00:00,0.49495343
2025-11-16 15:00:00+00:00,0.4838586
2025-11-16 16:00:00+00:00,0.47900561
2025-11-16 17:00:00+00:00,0.48096663
2025-11-16 18:00:00+00:00,0.48059131
2025-11-16 19:00:00+00:00,0.48127681
2025-11-16 20:00:00+00:00,0.48196317
2025-11-16 21:00:00+00:00,0.47977576
2025-11-16 22:00:00+00:00,0.48321898
2025-11-16 23:00:00+00:00,0.48448957
2025-11-17 00:00:00+00:00,0.49184807
2025-11-17 01:00:00+00:00,0.48722155
2025-11-17 02:00:00+00:00,0.49014053
2025-11-17 03:00:00+00:00,0.49338506
2025-11-17 04:00:00+00:00,0.492202
2025-11-17 05:00:00+00:00,0.49144464
2025-11-17 06:00:00+00:00,0.49477808
2025-11-17 07:00:00+00:00,0.49601885
2025-11-17 08:00:00+00:00,0.49323406
2025-11-17 09:00:00+00:00,0.49370029
2025-11-17 10:00:00+00:00,0.49474067
2025-11-17 11:00:00+00:00,0.49528491
2025-11-17 12:00:00+00:00,0.49312159
2025-11-17 13:00:00+00:00,0.47764367
2025-11-17 14:00:00+00:00,0.48706959
2025-11-17 15:00:00+00:00,0.47563271
2025-11-17 16:00:00+00:00,0.48339522
2025-11-17 17:00:00+00:00,0.47040357
2025-11-17 18:00:00+00:00,0.46665531
2025-11-17 19:00:00+00:00,0.46071384
2025-11-17 20:00:00+00:00,0.46243762
2025-11-17 21:00:00+00:00,0.46170367
2025-11-17 22:00:00+00:00,0.46408478
2025-11-17 23:00:00+00:00,0.46620164
2025-11-18 00:00:00+00:00,0.46584686
2025-11-18 01:00:00+00:00,0.46421706
2025-11-18 02:00:00+00:00,0.4620028
2025-11-18 03:00:00+00:00,0.46836036
2025-11-18 04:00:00+00:00,0.46697703
2025-11-18 05:00:00+00:00,0.46624366
2025-11-18 06:00:00+00:00,0.46011742
2025-11-18 07:00:00+00:00,0.46487364
2025-11-18 08:00:00+00:00,0.46934797
2025-11-18 09:00:00+00:00,0.46903683
2025-11-18 10:00:00+00:00,0.46992105
2025-11-18 11:00:00+00:00,0.46887109
2025-11-18 12:00:00+00:00,0.46900872
2025-11-18 13:00:00+00:00,0.46467507
2025-11-18 14:00:00+00:00,0.46260159
2025-11-18 15:00:00+00:00,0.47405309
2025-11-18 16:00:00+00:00,0.4801492
2025-11-18 17:00:00+00:00,0.47639163
2025-11-18 18:00:00+00:00,0.47923948
2025-11-18 19:00:00+00:00,0.47823028
2025-11-18 20:00:00+00:00,0.47799453
2025-11-18 21:00:00+00:00,0.47186195
2025-11-18 22:00:00+00:00,0.47840425
2025-11-18 23:00:00+00:00,0.47525307
2025-11-19 00:00:00+00:00,0.47298123
2025-11-19 01:00:00+00:00,0.47334423
2025-11-19 02:00:00+00:00,0.47481924
2025-11-19 03:00:00+00:00,0.4686413
2025-11-19 04:00:00+00:00,0.46565291
2025-11-19 05:00:00+00:00,0.45687828
2025-11-19 06:00:00+00:00,0.46230325
2025-11-19 07:00:00+00:00,0.46832958
2025-11-19 08:00:00+00:00,0.46598948
2025-11-19 09:00:00+00:00,0.46704961
2025-11-19 10:00:00+00:00,0.46641941
2025-11-19 11:00:00+00:00,0.46571603
2025-11-19 12:00:00+00:00,0.46982927
2025-11-19 13:00:00+00:00,0.4649531
2025-11-19 14:00:00+00:00,0.46566786
2025-11-19 15:00:00+00:00,0.45664211
2025-11-19 16:00:00+00:00,0.45010474
2025-11-19 17:00:00+00:00,0.44643057
2025-11-19 18:00:00+00:00,0.44166428
2025-11-19 19:00:00+00:00,0.44144857
2025-11-19 20:00:00+00:00,0.45020726
2025-11-19 21:00:00+00:00,0.45972055
2025-11-19 22:00:00+00:00,0.45776071
2025-11-19 23:00:00+00:00,0.46399435
2025-11-20 00:00:00+00:00,0.46280461
2025-11-20 01:00:00+00:00,0.4662502
2025-11-20 02:00:00+00:00,0.46818926
2025-11-20 03:00:00+00:00,0.46666529
2025-11-20 04:00:00+00:00,0.46940641
2025-11-20 05:00:00+00:00,0.46729022
2025-11-20 06:00:00+00:00,0.46562303
2025-11-20 07:00:00+00:00,0.4702956
2025-11-20 08:00:00+00:00,0.46909431
2025-11-20 09:00:00+00:00,0.46661987
2025-11-20 10:00:00+00:00,0.46600722
2025-11-20 11:00:00+00:00,0.46624255
2025-11-20 12:00:00+00:00,0.4693809
2025-11-20 13:00:00+00:00,0.4653691
2025-11-20 14:00:00+00:00,0.4651068
2025-11-20 15:00:00+00:00,0.4558424
2025-11-20 16:00:00+00:00,0.43874957
2025-11-20 17:00:00+00:00,0.43391847
2025-11-20 18:00:00+00:00,0.43145945
2025-11-20 19:00:00+00:00,0.43588511
2025-11-20 20:00:00+00:00,0.43437587
2025-11-20 21:00:00+00:00,0.4383377
2025-11-20 22:00:00+00:00,0.44267556
2025-11-20 23:00:00+00:00,0.4323109
2025-11-21 00:00:00+00:00,0.43620634
2025-11-21 01:00:00+00:00,0.4350999
2025-11-21 02:00:00+00:00,0.42617518
2025-11-21 03:00:00+00:00,0.43026031
2025-11-21 04:00:00+00:00,0.42790403
2025-11-21 05:00:00+00:00,0.42424372
2025-11-21 06:00:00+00:00,0.4213234
2025-11-21 07:00:00+00:00,0.40880322
2025-11-21 08:00:00+00:00,0.41178074
2025-11-21 09:00:00+00:00,0.40281669
2025-11-21 10:00:00+00:00,0.40263085
2025-11-21 11:00:00+00:00,0.39878011
2025-11-21 12:00:00+00:00,0.40471702
2025-11-21 13:00:00+00:00,0.40565843
2025-11-21 14:00:00+00:00,0.41108906
2025-11-21 15:00:00+00:00,0.40094175
2025-11-21 16:00:00+00:00,0.41183805
2025-11-21 17:00:00+00:00,0.41324642
2025-11-21 18:00:00+00:00,0.41330952
2025-11-21 19:00:00+00:00,0.40989035
2025-11-21 20:00:00+00:00,0.40585453
2025-11-21 21:00:00+00:00,0.41222659
2025-11-21 22:00:00+00:00,0.39968382
2025-11-21 23:00:00+00:00,0.40923866
2025-11-22 00:00:00+00:00,0.4085938
2025-11-22 01:00:00+00:00,0.41154099
2025-11-22 02:00:00+00:00,0.40702139
2025-11-22 03:00:00+00:00,0.40723444
2025-11-22 04:00:00+00:00,0.40393028
2025-11-22 05:00:00+00:00,0.40145917
2025-11-22 06:00:00+00:00,0.40564435
2025-11-22 07:00:00+00:00,0.40585956
2025-11-22 08:00:00+00:00,0.3980855
2025-11-22 09:00:00+00:00,0.39993554
2025-11-22 10:00:00+00:00,0.39863427
2025-11-22 11:00:00+00:00,0.40197714
2025-11-22 12:00:00+00:00,0.39655112
2025-11-22 13:00:00+00:00,0.39343671
2025-11-22 14:00:00+00:00,0.3987783
2025-11-22 15:00:00+00:00,0.39831396
2025-11-22 16:00:00+00:00,0.4020274
2025-11-22 17:00:00+00:00,0.40033315
2025-11-22 18:00:00+00:00,0.40249493
2025-11-22 19:00:00+00:00,0.40141017
2025-11-22 20:00:00+00:00,0.40071672
2025-11-22 21:00:00+00:00,0.40137688
2025-11-22 22:00:00+00:00,0.4085728
2025-11-22 23:00:00+00:00,0.40458598
2025-11-23 00:00:00+00:00,0.40350384
2025-11-23 01:00:00+00:00,0.4075659
2025-11-23 02:00:00+00:00,0.40965021
2025-11-23 03:00:00+00:00,0.41060174
2025-11-23 04:00:00+00:00,0.41324042
2025-11-23 05:00:00+00:00,0.41289801
2025-11-23 06:00:00+00:00,0.41060934
2025-11-23 07:00:00+00:00,0.40873295
2025-11-23 08:00:00+00:00,0.4120473
2025-11-23 09:00:00+00:00,0.41181151
2025-11-23 10:00:00+00:00,0.40910041
2025-11-23 11:00:00+00:00,0.40949451
2025-11-23 12:00:00+00:00,0.41325635
2025-11-23 13:00:00+00:00,0.41564247
2025-11-23 14:00:00+00:00,0.41150603
2025-11-23 15:00:00+00:00,0.41689135
2025-11-23 16:00:00+00:00,0.41189127
2025-11-23 17:00:00+00:00,0.40902267
2025-11-23 18:00:00+00:00,0.41031509
2025-11-23 19:00:00+00:00,0.41318035
2025-11-23 20:00:00+00:00,0.41394615
2025-11-23 21:00:00+00:00,0.4162019
2025-11-23 22:00:00+00:00,0.41520126
2025-11-23 23:00:00+00:00,0.40851543
2025-11-24 00:00:00+00:00,0.40812986
2025-11-24 01:00:00+00:00,0.41071489
2025-11-24 02:00:00+00:00,0.41595008
2025-11-24 03:00:00+00:00,0.41654511
2025-11-24 04:00:00+00:00,0.41081843
2025-11-24 05:00:00+00:00,0.41829057
2025-11-24 06:00:00+00:00,0.41429665
2025-11-24 07:00:00+00:00,0.41326449
2025-11-24 08:00:00+00:00,0.41297627
2025-11-24 09:00:00+00:00,0.40554823
2025-11-24 10:00:00+00:00,0.40790503
2025-11-24 11:00:00+00:00,0.40826976
2025-11-24 12:00:00+00:00,0.40599398
2025-11-24 13:00:00+00:00,0.40783666
2025-11-24 14:00:00+00:00,0.40824139
2025-11-24 15:00:00+00:00,0.41282005
2025-11-24 16:00:00+00:00,0.41494572
2025-11-24 17:00:00+00:00,0.42835392
2025-11-24 18:00:00+00:00,0.42884682
2025-11-24 19:00:00+00:00,0.42723652
2025-11-24 20:00:00+00:00,0.43267093
2025-11-24 21:00:00+00:00,0.42878659
2025-11-24 22:00:00+00:00,0.42957816
2025-11-24 23:00:00+00:00,0.42765825
2025-11-25 00:00:00+00:00,0.42795843
2025-11-25 01:00:00+00:00,0.42440809
2025-11-25 02:00:00+00:00,0.42631146
2025-11-25 03:00:00+00:00,0.42429796
2025-11-25 04:00:00+00:00,0.42626976
2025-11-25 05:00:00+00:00,0.42368844
2025-11-25 06:00:00+00:00,0.42175407
2025-11-25 07:00:00+00:00,0.41841583
2025-11-25 08:00:00+00:00,0.41494944
2025-11-25 09:00:00+00:00,0.41680436
2025-11-25 10:00:00+00:00,0.41722292
2025-11-25 11:00:00+00:00,0.41495081
2025-11-25 12:00:00+00:00,0.41626783
2025-11-25 13:00:00+00:00,0.41160447
2025-11-25 14:00:00+00:00,0.40836883
2025-11-25 15:00:00+00:00,0.41096089
2025-11-25 16:00:00+00:00,0.41552993
2025-11-25 17:00:00+00:00,0.41774402
2025-11-25 18:00:00+00:00,0.41691929
2025-11-25 19:00:00+00:00,0.41704422
2025-11-25 20:00:00+00:00,0.4199399
2025-11-25 21:00:00+00:00,0.41843333
2025-11-25 22:00:00+00:00,0.42162916
2025-11-25 23:00:00+00:00,0.42185452
2025-11-26 00:00:00+00:00,0.42238867
2025-11-26 01:00:00+00:00,0.42610918
2025-11-26 02:00:00+00:00,0.42421226
2025-11-26 03:00:00+00:00,0.4208352
2025-11-26 04:00:00+00:00,0.41969013
2025-11-26 05:00:00+00:00,0.42242473
2025-11-26 06:00:00+00:00,0.42323013
2025-11-26 07:00:00+00:00,0.42491105
2025-11-26 08:00:00+00:00,0.4203627
2025-11-26 09:00:00+00:00,0.41764445
2025-11-26 10:00:00+00:00,0.41772656
2025-11-26 11:00:00+00:00,0.4152118
2025-11-26 12:00:00+00:00,0.41383869
2025-11-26 13:00:00+00:00,0.4165708
2025-11-26 14:00:00+00:00,0.41216173
2025-11-26 15:00:00+00:00,0.41280935
2025-11-26 16:00:00+00:00,0.41899296
2025-11-26 17:00:00+00:00,0.43077579
2025-11-26 18:00:00+00:00,0.43511659
2025-11-26 19:00:00+00:00,0.43395969
2025-11-26 20:00:00+00:00,0.43448831
2025-11-26 21:00:00+00:00,0.43464043
2025-11-26 22:00:00+00:00,0.43538537
2025-11-26 23:00:00+00:00,0.43565867
2025-11-27 00:00:00+00:00,0.43570783
2025-11-27 01:00:00+00:00,0.43759482
2025-11-27 02:00:00+00:00,0.43507481
2025-11-27 03:00:00+00:00,0.43287266
2025-11-27 04:00:00+00:00,0.43362774
2025-11-27 05:00:00+00:00,0.43074349
2025-11-27 06:00:00+00:00,0.43437184
2025-11-27 07:00:00+00:00,0.4339078
2025-11-27 08:00:00+00:00,0.43451753
2025-11-27 09:00:00+00:00,0.43310225
2025-11-27 10:00:00+00:00,0.43139108
2025-11-27 11:00:00+00:00,0.43032051
2025-11-27 12:00:00+00:00,0.42717626
2025-11-27 13:00:00+00:00,0.42799138
2025-11-27 14:00:00+00:00,0.42954375
2025-11-27 15:00:00+00:00,0.43318621
2025-11-27 16:00:00+00:00,0.43404362
2025-11-27 17:00:00+00:00,0.43232575
2025-11-27 18:00:00+00:00,0.43665999
2025-11-27 19:00:00+00:00,0.43594792
2025-11-27 20:00:00+00:00,0.43680579
2025-11-27 21:00:00+00:00,0.43582312
2025-11-27 22:00:00+00:00,0.43272396
2025-11-27 23:00:00+00:00,0.43305355
2025-11-28 00:00:00+00:00,0.4304559
2025-11-28 01:00:00+00:00,0.42309904
2025-11-28 02:00:00+00:00,0.42481772
2025-11-28 03:00:00+00:00,0.42608506
2025-11-28 04:00:00+00:00,0.4250002
2025-11-28 05:00:00+00:00,0.42674496
2025-11-28 06:00:00+00:00,0.42442948
2025-11-28 07:00:00+00:00,0.42423632
2025-11-28 08:00:00+00:00,0.43550972
2025-11-28 09:00:00+00:00,0.43273227
2025-11-28 10:00:00+00:00,0.43197896
2025-11-28 11:00:00+00:00,0.42593902
2025-11-28 12:00:00+00:00,0.42439442
2025-11-28 13:00:00+00:00,0.43028079
2025-11-28 14:00:00+00:00,0.42848083
2025-11-28 15:00:00+00:00,0.43253477
2025-11-28 16:00:00+00:00,0.42330847
2025-11-28 17:00:00+00:00,0.41857305
2025-11-28 18:00:00+00:00,0.41889073
2025-11-28 19:00:00+00:00,0.42145809
2025-11-28 20:00:00+00:00,0.42140571
2025-11-28 21:00:00+00:00,0.41899275
2025-11-28 22:00:00+00:00,0.42146515
2025-11-28 23:00:00+00:00,0.41994352
2025-11-29 00:00:00+00:00,0.41980388
2025-11-29 01:00:00+00:00,0.41970314
2025-11-29 02:00:00+00:00,0.41790505
2025-11-29 03:00:00+00:00,0.41628437
2025-11-29 04:00:00+00:00,0.41812401
2025-11-29 05:00:00+00:00,0.41641836
2025-11-29 06:00:00+00:00,0.41580325
2025-11-29 07:00:00+00:00,0.41543089
2025-11-29 08:00:00+00:00,0.41502531
2025-11-29 09:00:00+00:00,0.41516783
2025-11-29 10:00:00+00:00,0.41656953
2025-11-29 11:00:00+00:00,0.418495
2025-11-29 12:00:00+00:00,0.4176689
2025-11-29 13:00:00+00:00,0.41714839
2025-11-29 14:00:00+00:00,0.41574683
2025-11-29 15:00:00+00:00,0.42014434
2025-11-29 16:00:00+00:00,0.41912748
2025-11-29 17:00:00+00:00,0.41446353
2025-11-29 18:00:00+00:00,0.41529837
2025-11-29 19:00:00+00:00,0.41489849
2025-11-29 20:00:00+00:00,0.41732166
2025-11-29 21:00:00+00:00,0.41684462
2025-11-29 22:00:00+00:00,0.4153225
2025-11-29 23:00:00+00:00,0.41457338
2025-11-30 00:00:00+00:00,0.41449868
2025-11-30 01:00:00+00:00,0.41577204
2025-11-30 02:00:00+00:00,0.41439752
2025-11-30 03:00:00+00:00,0.41994466
2025-11-30 04:00:00+00:00,0.41772045
2025-11-30 05:00:00+00:00,0.41661371
2025-11-30 06:00:00+00:00,0.4167924
2025-11-30 07:00:00+00:00,0.41853653
2025-11-30 08:00:00+00:00,0.41839728
2025-11-30 09:00:00+00:00,0.42031316
2025-11-30 10:00:00+00:00,0.41942829
2025-11-30 11:00:00+00:00,0.41758932
2025-11-30 12:00:00+00:00,0.42187221
2025-11-30 13:00:00+00:00,0.42580643
2025-11-30 14:00:00+00:00,0.42459408
2025-11-30 15:00:00+00:00,0.42290117
2025-11-30 16:00:00+00:00,0.4254143
2025-11-30 17:00:00+00:00,0.42495277
2025-11-30 18:00:00+00:00,0.42541701
2025-11-30 19:00:00+00:00,0.42509263
2025-11-30 20:00:00+00:00,0.42464891
2025-11-30 21:00:00+00:00,0.42361058
2025-11-30 22:00:00+00:00,0.4243944
2025-11-30 23:00:00+00:00,0.41439994
2025-12-01 00:00:00+00:00,0.38817439
2025-12-01 01:00:00+00:00,0.38992697
2025-12-01 02:00:00+00:00,0.39018071
2025-12-01 03:00:00+00:00,0.38620145
2025-12-01 04:00:00+00:00,0.38424498
2025-12-01 05:00:00+00:00,0.3846174
2025-12-01 06:00:00+00:00,0.38364376
2025-12-01 07:00:00+00:00,0.38859068
2025-12-01 08:00:00+00:00,0.38789637
2025-12-01 09:00:00+00:00,0.38536995
2025-12-01 10:00:00+00:00,0.38604148
2025-12-01 11:00:00+00:00,0.38263951
2025-12-01 12:00:00+00:00,0.37931237
2025-12-01 13:00:00+00:00,0.37788022
2025-12-01 14:00:00+00:00,0.38040956
2025-12-01 15:00:00+00:00,0.37619231
2025-12-01 16:00:00+00:00,0.37182143
2025-12-01 17:00:00+00:00,0.37465778
2025-12-01 18:00:00+00:00,0.37841415
2025-12-01 19:00:00+00:00,0.37632321
2025-12-01 20:00:00+00:00,0.37759704
2025-12-01 21:00:00+00:00,0.38177917
2025-12-01 22:00:00+00:00,0.38361335
2025-12-01 23:00:00+00:00,0.38567015
2025-12-02 00:00:00+00:00,0.38708002
2025-12-02 01:00:00+00:00,0.38649659
2025-12-02 02:00:00+00:00,0.3883191
2025-12-02 03:00:00+00:00,0.39124814
2025-12-02 04:00:00+00:00,0.39126305
2025-12-02 05:00:00+00:00,0.39099076
2025-12-02 06:00:00+00:00,0.39155711
2025-12-02 07:00:00+00:00,0.38939861
2025-12-02 08:00:00+00:00,0.38601876
2025-12-02 09:00:00+00:00,0.38712495
2025-12-02 10:00:00+00:00,0.39197045
2025-12-02 11:00:00+00:00,0.39384301
2025-12-02 12:00:00+00:00,0.39519288
2025-12-02 13:00:00+00:00,0.39826849
2025-12-02 14:00:00+00:00,0.40722196
2025-12-02 15:00:00+00:00,0.42837586
2025-12-02 16:00:00+00:00,0.42957982
2025-12-02 17:00:00+00:00,0.42884246
2025-12-02 18:00:00+00:00,0.43051438
2025-12-02 19:00:00+00:00,0.43459801
2025-12-02 20:00:00+00:00,0.43615896
2025-12-02 21:00:00+00:00,0.43700102
2025-12-02 22:00:00+00:00,0.43619359
2025-12-02 23:00:00+00:00,0.4334542
2025-12-03 00:00:00+00:00,0.43455482
2025-12-03 01:00:00+00:00,0.43577779
2025-12-03 02:00:00+00:00,0.43785287
2025-12-03 03:00:00+00:00,0.43809818
2025-12-03 04:00:00+00:00,0.44036757
2025-12-03 05:00:00+00:00,0.44035905
2025-12-03 06:00:00+00:00,0.44512836
2025-12-03 07:00:00+00:00,0.4428313
2025-12-03 08:00:00+00:00,0.44472553
2025-12-03 09:00:00+00:00,0.44174201
2025-12-03 10:00:00+00:00,0.43718879
2025-12-03 11:00:00+00:00,0.43690468
2025-12-03 12:00:00+00:00,0.43487354
2025-12-03 13:00:00+00:00,0.43600906
2025-12-03 14:00:00+00:00,0.43178206
2025-12-03 15:00:00+00:00,0.43416126
2025-12-03 16:00:00+00:00,0.43685927
2025-12-03 17:00:00+00:00,0.44268189
2025-12-03 18:00:00+00:00,0.44156093
2025-12-03 19:00:00+00:00,0.44490975
2025-12-03 20:00:00+00:00,0.44673259
2025-12-03 21:00:00+00:00,0.45348664
2025-12-03 22:00:00+00:00,0.44991302
2025-12-03 23:00:00+00:00,0.44992689
2025-12-04 00:00:00+00:00,0.45026569
2025-12-04 01:00:00+00:00,0.44848166
2025-12-04 02:00:00+00:00,0.45025868
2025-12-04 03:00:00+00:00,0.44934847
2025-12-04 04:00:00+00:00,0.44735117
2025-12-04 05:00:00+00:00,0.4474163
2025-12-04 06:00:00+00:00,0.4514941
2025-12-04 07:00:00+00:00,0.45169453
2025-12-04 08:00:00+00:00,0.4482564
2025-12-04 09:00:00+00:00,0.44868235
2025-12-04 10:00:00+00:00,0.44542663
2025-12-04 11:00:00+00:00,0.44636934
2025-12-04 12:00:00+00:00,0.44700127
2025-12-04 13:00:00+00:00,0.44397872
2025-12-04 14:00:00+00:00,0.44108691
2025-12-04 15:00:00+00:00,0.45052849
2025-12-04 16:00:00+00:00,0.44700802
2025-12-04 17:00:00+00:00,0.44498346
2025-12-04 18:00:00+00:00,0.44277918
2025-12-04 19:00:00+00:00,0.4414069
2025-12-04 20:00:00+00:00,0.44255489
2025-12-04 21:00:00+00:00,0.43818461
2025-12-04 22:00:00+00:00,0.44092747
2025-12-04 23:00:00+00:00,0.43933167
2025-12-05 00:00:00+00:00,0.44117988
2025-12-05 01:00:00+00:00,0.43959903
2025-12-05 02:00:00+00:00,0.44065423
2025-12-05 03:00:00+00:00,0.43972055
2025-12-05 04:00:00+00:00,0.43904851
2025-12-05 05:00:00+00:00,0.43677509
2025-12-05 06:00:00+00:00,0.43936854
2025-12-05 07:00:00+00:00,0.44164643
2025-12-05 08:00:00+00:00,0.43789684
2025-12-05 09:00:00+00:00,0.43070903
2025-12-05 10:00:00+00:00,0.43164827
2025-12-05 11:00:00+00:00,0.43042569
2025-12-05 12:00:00+00:00,0.43069422
2025-12-05 13:00:00+00:00,0.42625677
2025-12-05 14:00:00+00:00,0.42473031
2025-12-05 15:00:00+00:00,0.4260772
2025-12-05 16:00:00+00:00,0.41380551
2025-12-05 17:00:00+00:00,0.41486894
2025-12-05 18:00:00+00:00,0.41099387
2025-12-05 19:00:00+00:00,0.41611484
2025-12-05 20:00:00+00:00,0.41420111
2025-12-05 21:00:00+00:00,0.41408277
2025-12-05 22:00:00+00:00,0.41611855
2025-12-05 23:00:00+00:00,0.41576589
2025-12-06 00:00:00+00:00,0.41551051
2025-12-06 01:00:00+00:00,0.41644636
2025-12-06 02:00:00+00:00,0.4146553
2025-12-06 03:00:00+00:00,0.41659984
2025-12-06 04:00:00+00:00,0.41453777
2025-12-06 05:00:00+00:00,0.41425835
2025-12-06 06:00:00+00:00,0.41249727
2025-12-06 07:00:00+00:00,0.41171024
2025-12-06 08:00:00+00:00,0.41009603
2025-12-06 09:00:00+00:00,0.412722
2025-12-06 10:00:00+00:00,0.41171736
2025-12-06 11:00:00+00:00,0.41486676
2025-12-06 12:00:00+00:00,0.41437965
2025-12-06 13:00:00+00:00,0.41245447
2025-12-06 14:00:00+00:00,0.41555477
2025-12-06 15:00:00+00:00,0.41483535
2025-12-06 16:00:00+00:00,0.4167058
2025-12-06 17:00:00+00:00,0.41918117
2025-12-06 18:00:00+00:00,0.41771807
2025-12-06 19:00:00+00:00,0.41298714
2025-12-06 20:00:00+00:00,0.41465382
2025-12-06 21:00:00+00:00,0.41437503
2025-12-06 22:00:00+00:00,0.41366269
2025-12-06 23:00:00+00:00,0.41373509
2025-12-07 00:00:00+00:00,0.41603418
2025-12-07 01:00:00+00:00,0.41466355
2025-12-07 02:00:00+00:00,0.4181041
2025-12-07 03:00:00+00:00,0.41930513
2025-12-07 04:00:00+00:00,0.41739639
2025-12-07 05:00:00+00:00,0.4159292
2025-12-07 06:00:00+00:00,0.41958071
2025-12-07 07:00:00+00:00,0.41727337
2025-12-07 08:00:00+00:00,0.41783067
2025-12-07 09:00:00+00:00,0.41521732
2025-12-07 10:00:00+00:00,0.41557875
2025-12-07 11:00:00+00:00,0.41495575
2025-12-07 12:00:00+00:00,0.41825488
2025-12-07 13:00:00+00:00,0.41626476
2025-12-07 14:00:00+00:00,0.4074717
2025-12-07 15:00:00+00:00,0.42001514
2025-12-07 16:00:00+00:00,0.42489857
2025-12-07 17:00:00+00:00,0.43009522
2025-12-07 18:00:00+00:00,0.43223288
2025-12-07 19:00:00+00:00,0.43168117
2025-12-07 20:00:00+00:00,0.43133248
2025-12-07 21:00:00+00:00,0.42094871
2025-12-07 22:00:00+00:00,0.41489705
2025-12-07 23:00:00+00:00,0.41732679
2025-12-08 00:00:00+00:00,0.41593691
2025-12-08 01:00:00+00:00,0.42096637
2025-12-08 02:00:00+00:00,0.42440003
2025-12-08 03:00:00+00:00,0.42284693
2025-12-08 04:00:00+00:00,0.42616059
2025-12-08 05:00:00+00:00,0.42587005
2025-12-08 06:00:00+00:00,0.42790459
2025-12-08 07:00:00+00:00,0.42907509
2025-12-08 08:00:00+00:00,0.43171405
2025-12-08 09:00:00+00:00,0.43448045
2025-12-08 10:00:00+00:00,0.43390392
2025-12-08 11:00:00+00:00,0.43171497
2025-12-08 12:00:00+00:00,0.43314193
2025-12-08 13:00:00+00:00,0.43436035
2025-12-08 14:00:00+00:00,0.43520124
2025-12-08 15:00:00+00:00,0.43525003
2025-12-08 16:00:00+00:00,0.43569154
2025-12-08 17:00:00+00:00,0.43796825
2025-12-08 18:00:00+00:00,0.43209795
2025-12-08 19:00:00+00:00,0.4342652
2025-12-08 20:00:00+00:00,0.43546942
2025-12-08 21:00:00+00:00,0.43656385
2025-12-08 22:00:00+00:00,0.43348902
2025-12-08 23:00:00+00:00,0.4327673
2025-12-09 00:00:00+00:00,0.43223835
2025-12-09 01:00:00+00:00,0.42841558
2025-12-09 02:00:00+00:00,0.42958272
2025-12-09 03:00:00+00:00,0.43195769
2025-12-09 04:00:00+00:00,0.42614265
2025-12-09 05:00:00+00:00,0.42691163
2025-12-09 06:00:00+00:00,0.42637003
2025-12-09 07:00:00+00:00,0.42763031
2025-12-09 08:00:00+00:00,0.42676839
2025-12-09 09:00:00+00:00,0.42520312
2025-12-09 10:00:00+00:00,0.42818438
2025-12-09 11:00:00+00:00,0.43805981
2025-12-09 12:00:00+00:00,0.44783758
2025-12-09 13:00:00+00:00,0.4503926
2025-12-09 14:00:00+00:00,0.45162305
2025-12-09 15:00:00+00:00,0.46697771
2025-12-09 16:00:00+00:00,0.47550169
2025-12-09 17:00:00+00:00,0.47825645
2025-12-09 18:00:00+00:00,0.47959951
2025-12-09 19:00:00+00:00,0.47664723
2025-12-09 20:00:00+00:00,0.47364847
2025-12-09 21:00:00+00:00,0.47044376
2025-12-09 22:00:00+00:00,0.4699529
2025-12-09 23:00:00+00:00,0.46971007
2025-12-10 00:00:00+00:00,0.46409561
2025-12-10 01:00:00+00:00,0.46460718
2025-12-10 02:00:00+00:00,0.4632599
2025-12-10 03:00:00+00:00,0.46271857
2025-12-10 04:00:00+00:00,0.4645697
2025-12-10 05:00:00+00:00,0.46407395
2025-12-10 06:00:00+00:00,0.46339538
2025-12-10 07:00:00+00:00,0.46129451
2025-12-10 08:00:00+00:00,0.46218266
2025-12-10 09:00:00+00:00,0.47334952
2025-12-10 10:00:00+00:00,0.46351294
2025-12-10 11:00:00+00:00,0.46569936
2025-12-10 12:00:00+00:00,0.46381798
2025-12-10 13:00:00+00:00,0.46386861
2025-12-10 14:00:00+00:00,0.46337357
2025-12-10 15:00:00+00:00,0.46187034
2025-12-10 16:00:00+00:00,0.4625081
2025-12-10 17:00:00+00:00,0.46258207
2025-12-10 18:00:00+00:00,0.46392822
2025-12-10 19:00:00+00:00,0.46486154
2025-12-10 20:00:00+00:00,0.46143119
2025-12-10 21:00:00+00:00,0.45679322
2025-12-10 22:00:00+00:00,0.4572725
2025-12-10 23:00:00+00:00,0.45354924
2025-12-11 00:00:00+00:00,0.44488149
2025-12-11 01:00:00+00:00,0.43870551
2025-12-11 02:00:00+00:00,0.43685558
2025-12-11 03:00:00+00:00,0.42988599
2025-12-11 04:00:00+00:00,0.43239548
2025-12-11 05:00:00+00:00,0.43115084
2025-12-11 06:00:00+00:00,0.42900463
2025-12-11 07:00:00+00:00,0.42662292
2025-12-11 08:00:00+00:00,0.42319352
2025-12-11 09:00:00+00:00,0.42438542
2025-12-11 10:00:00+00:00,0.42364656
2025-12-11 11:00:00+00:00,0.42051386
2025-12-11 12:00:00+00:00,0.41662147
2025-12-11 13:00:00+00:00,0.41571043
2025-12-11 14:00:00+00:00,0.41310049
2025-12-11 15:00:00+00:00,0.41765971
2025-12-11 16:00:00+00:00,0.41275117
2025-12-11 17:00:00+00:00,0.4108807
2025-12-11 18:00:00+00:00,0.41429594
2025-12-11 19:00:00+00:00,0.4175449
2025-12-11 20:00:00+00:00,0.42247692
2025-12-11 21:00:00+00:00,0.42582533
2025-12-11 22:00:00+00:00,0.42317539
2025-12-11 23:00:00+00:00,0.42530257
2025-12-12 00:00:00+00:00,0.41813258
2025-12-12 01:00:00+00:00,0.42119974
2025-12-12 02:00:00+00:00,0.42356985
2025-12-12 03:00:00+00:00,0.42266414
2025-12-12 04:00:00+00:00,0.42088669
2025-12-12 05:00:00+00:00,0.42505491
2025-12-12 06:00:00+00:00,0.42529608
2025-12-12 07:00:00+00:00,0.42622754
2025-12-12 08:00:00+00:00,0.42352758
2025-12-12 09:00:00+00:00,0.42639323
2025-12-12 10:00:00+00:00,0.42663072
2025-12-12 11:00:00+00:00,0.42455442
2025-12-12 12:00:00+00:00,0.42671583
2025-12-12 13:00:00+00:00,0.42534808
2025-12-12 14:00:00+00:00,0.42461002
2025-12-12 15:00:00+00:00,0.40839773
2025-12-12 16:00:00+00:00,0.4048164
2025-12-12 17:00:00+00:00,0.40833165
2025-12-12 18:00:00+00:00,0.4123844
2025-12-12 19:00:00+00:00,0.40960849
2025-12-12 20:00:00+00:00,0.41003968
2025-12-12 21:00:00+00:00,0.40973123
2025-12-12 22:00:00+00:00,0.4104883
2025-12-12 23:00:00+00:00,0.40909258
2025-12-13 00:00:00+00:00,0.41023706
2025-12-13 01:00:00+00:00,0.4100697
2025-12-13 02:00:00+00:00,0.41014604
2025-12-13 03:00:00+00:00,0.40915116
2025-12-13 04:00:00+00:00,0.41076687
2025-12-13 05:00:00+00:00,0.41024615
2025-12-13 06:00:00+00:00,0.41000037
2025-12-13 07:00:00+00:00,0.41042667
2025-12-13 08:00:00+00:00,0.41209233
2025-12-13 09:00:00+00:00,0.41179487
2025-12-13 10:00:00+00:00,0.41499945
2025-12-13 11:00:00+00:00,0.41226259
2025-12-13 12:00:00+00:00,0.41220535
2025-12-13 13:00:00+00:00,0.41302638
2025-12-13 14:00:00+00:00,0.41194025
2025-12-13 15:00:00+00:00,0.41316321
2025-12-13 16:00:00+00:00,0.41203945
2025-12-13 17:00:00+00:00,0.41088734
2025-12-13 18:00:00+00:00,0.41010573
2025-12-13 19:00:00+00:00,0.41020814
2025-12-13 20:00:00+00:00,0.41025487
2025-12-13 21:00:00+00:00,0.40947776
2025-12-13 22:00:00+00:00,0.40894324
2025-12-13 23:00:00+00:00,0.41066422
2025-12-14 00:00:00+00:00,0.40975966
2025-12-14 01:00:00+00:00,0.4096489
2025-12-14 02:00:00+00:00,0.41036224
2025-12-14 03:00:00+00:00,0.40980834
2025-12-14 04:00:00+00:00,0.40770205
2025-12-14 05:00:00+00:00,0.40779237
2025-12-14 06:00:00+00:00,0.40745126
2025-12-14 07:00:00+00:00,0.40778176
2025-12-14 08:00:00+00:00,0.40696113
2025-12-14 09:00:00+00:00,0.40705045
2025-12-14 10:00:00+00:00,0.40690949
2025-12-14 11:00:00+00:00,0.40344897
2025-12-14 12:00:00+00:00,0.40360584
2025-12-14 13:00:00+00:00,0.4022897
2025-12-14 14:00:00+00:00,0.39948026
2025-12-14 15:00:00+00:00,0.39938735
2025-12-14 16:00:00+00:00,0.39980642
2025-12-14 17:00:00+00:00,0.39705905
2025-12-14 18:00:00+00:00,0.40001255
2025-12-14 19:00:00+00:00,0.39858794
2025-12-14 20:00:00+00:00,0.39762876
2025-12-14 21:00:00+00:00,0.39546446
2025-12-14 22:00:00+00:00,0.39700622
2025-12-14 23:00:00+00:00,0.3961471
2025-12-15 00:00:00+00:00,0.39790482
2025-12-15 01:00:00+00:00,0.40178551
2025-12-15 02:00:00+00:00,0.40231112
2025-12-15 03:00:00+00:00,0.40139051
2025-12-15 04:00:00+00:00,0.40359601
2025-12-15 05:00:00+00:00,0.40426062
2025-12-15 06:00:00+00:00,0.40491482
2025-12-15 07:00:00+00:00,0.40210075
2025-12-15 08:00:00+00:00,0.40068266
2025-12-15 09:00:00+00:00,0.40367051
2025-12-15 10:00:00+00:00,0.40446363
2025-12-15 11:00:00+00:00,0.40299973
2025-12-15 12:00:00+00:00,0.40254609
2025-12-15 13:00:00+00:00,0.40090077
2025-12-15 14:00:00+00:00,0.3927551
2025-12-15 15:00:00+00:00,0.38548248
2025-12-15 16:00:00+00:00,0.38256233
2025-12-15 17:00:00+00:00,0.38110596
2025-12-15 18:00:00+00:00,0.38274247
2025-12-15 19:00:00+00:00,0.38472631
2025-12-15 20:00:00+00:00,0.38114087
2025-12-15 21:00:00+00:00,0.38386501
2025-12-15 22:00:00+00:00,0.38504975
2025-12-15 23:00:00+00:00,0.38820045
2025-12-16 00:00:00+00:00,0.38402619
2025-12-16 01:00:00+00:00,0.38402104
2025-12-16 02:00:00+00:00,0.38210649
2025-12-16 03:00:00+00:00,0.38275157
2025-12-16 04:00:00+00:00,0.38254447
2025-12-16 05:00:00+00:00,0.38135405
2025-12-16 06:00:00+00:00,0.38438524
2025-12-16 07:00:00+00:00,0.38036529
2025-12-16 08:00:00+00:00,0.38134509
2025-12-16 09:00:00+00:00,0.38102626
2025-12-16 10:00:00+00:00,0.3878738
2025-12-16 11:00:00+00:00,0.38801839
2025-12-16 12:00:00+00:00,0.38720624
2025-12-16 13:00:00+00:00,0.38131821
2025-12-16 14:00:00+00:00,0.38661737
2025-12-16 15:00:00+00:00,0.39006137
2025-12-16 16:00:00+00:00,0.38762899
2025-12-16 17:00:00+00:00,0.38467876
2025-12-16 18:00:00+00:00,0.38821962
2025-12-16 19:00:00+00:00,0.38712647
2025-12-16 20:00:00+00:00,0.38642389
2025-12-16 21:00:00+00:00,0.38685114
2025-12-16 22:00:00+00:00,0.38590801
2025-12-16 23:00:00+00:00,0.38592401
2025-12-17 00:00:00+00:00,0.38372288
2025-12-17 01:00:00+00:00,0.38449436
2025-12-17 02:00:00+00:00,0.38494412
2025-12-17 03:00:00+00:00,0.38347101
2025-12-17 04:00:00+00:00,0.37982954
2025-12-17 05:00:00+00:00,0.3802929
2025-12-17 06:00:00+00:00,0.38032499
2025-12-17 07:00:00+00:00,0.38100368
2025-12-17 08:00:00+00:00,0.37868706
2025-12-17 09:00:00+00:00,0.37803155
2025-12-17 10:00:00+00:00,0.37770747
2025-12-17 11:00:00+00:00,0.38062352
2025-12-17 12:00:00+00:00,0.38046891
2025-12-17 13:00:00+00:00,0.38452206
2025-12-17 14:00:00+00:00,0.39515324
2025-12-17 15:00:00+00:00,0.3819058
2025-12-17 16:00:00+00:00,0.37557472
2025-12-17 17:00:00+00:00,0.36938674
2025-12-17 18:00:00+00:00,0.36705062
2025-12-17 19:00:00+00:00,0.3687626
2025-12-17 20:00:00+00:00,0.3683317
2025-12-17 21:00:00+00:00,0.366178
2025-12-17 22:00:00+00:00,0.36818684
2025-12-17 23:00:00+00:00,0.36727675
2025-12-18 00:00:00+00:00,0.36675537
2025-12-18 01:00:00+00:00,0.36461009
2025-12-18 02:00:00+00:00,0.36757011
2025-12-18 03:00:00+00:00,0.3649395
2025-12-18 04:00:00+00:00,0.36524925
2025-12-18 05:00:00+00:00,0.3613125
2025-12-18 06:00:00+00:00,0.36177191
2025-12-18 07:00:00+00:00,0.36221354
2025-12-18 08:00:00+00:00,0.3626966
2025-12-18 09:00:00+00:00,0.36412201
2025-12-18 10:00:00+00:00,0.36464344
2025-12-18 11:00:00+00:00,0.36472142
2025-12-18 12:00:00+00:00,0.36568059
2025-12-18 13:00:00+00:00,0.37578983
2025-12-18 14:00:00+00:00,0.37048875
2025-12-18 15:00:00+00:00,0.37318677
2025-12-18 16:00:00+00:00,0.37164083
2025-12-18 17:00:00+00:00,0.35856903
2025-12-18 18:00:00+00:00,0.35487875
2025-12-18 19:00:00+00:00,0.34778509
2025-12-18 20:00:00+00:00,0.34818587
2025-12-18 21:00:00+00:00,0.35458706
2025-12-18 22:00:00+00:00,0.35426627
2025-12-18 23:00:00+00:00,0.35137911
2025-12-19 00:00:00+00:00,0.3500929
2025-12-19 01:00:00+00:00,0.34821057
2025-12-19 02:00:00+00:00,0.35068299
2025-12-19 03:00:00+00:00,0.35960122
2025-12-19 04:00:00+00:00,0.36138741
2025-12-19 05:00:00+00:00,0.36046833
2025-12-19 06:00:00+00:00,0.36368276
2025-12-19 07:00:00+00:00,0.36645172
2025-12-19 08:00:00+00:00,0.3670026
2025-12-19 09:00:00+00:00,0.36591695
2025-12-19 10:00:00+00:00,0.36595438
2025-12-19 11:00:00+00:00,0.36618183
2025-12-19 12:00:00+00:00,0.36685394
2025-12-19 13:00:00+00:00,0.3666188
2025-12-19 14:00:00+00:00,0.37103834
2025-12-19 15:00:00+00:00,0.3711749
2025-12-19 16:00:00+00:00,0.37416377
2025-12-19 17:00:00+00:00,0.36939534
2025-12-19 18:00:00+00:00,0.37311391
2025-12-19 19:00:00+00:00,0.37809169
2025-12-19 20:00:00+00:00,0.37917589
2025-12-19 21:00:00+00:00,0.37558598
2025-12-19 22:00:00+00:00,0.37783139
2025-12-19 23:00:00+00:00,0.37674737
2025-12-20 00:00:00+00:00,0.37589681
2025-12-20 01:00:00+00:00,0.37418717
2025-12-20 02:00:00+00:00,0.37456501
2025-12-20 03:00:00+00:00,0.37435617
2025-12-20 04:00:00+00:00,0.37237025
2025-12-20 05:00:00+00:00,0.37324662
2025-12-20 06:00:00+00:00,0.37378002
2025-12-20 07:00:00+00:00,0.37442081
2025-12-20 08:00:00+00:00,0.37650472
2025-12-20 09:00:00+00:00,0.37932346
2025-12-20 10:00:00+00:00,0.37825743
2025-12-20 11:00:00+00:00,0.37856633
2025-12-20 12:00:00+00:00,0.37706544
2025-12-20 13:00:00+00:00,0.37733694
2025-12-20 14:00:00+00:00,0.37904662
2025-12-20 15:00:00+00:00,0.37750711
2025-12-20 16:00:00+00:00,0.37637057
2025-12-20 17:00:00+00:00,0.37612755
2025-12-20 18:00:00+00:00,0.37657437
2025-12-20 19:00:00+00:00,0.3754734
2025-12-20 20:00:00+00:00,0.37577493
2025-12-20 21:00:00+00:00,0.37469704
2025-12-20 22:00:00+00:00,0.37538137
2025-12-20 23:00:00+00:00,0.37301941
2025-12-21 00:00:00+00:00,0.37270592
2025-12-21 01:00:00+00:00,0.36974279
2025-12-21 02:00:00+00:00,0.36851918
2025-12-21 03:00:00+00:00,0.36960434
2025-12-21 04:00:00+00:00,0.36816496
2025-12-21 05:00:00+00:00,0.36803702
2025-12-21 06:00:00+00:00,0.36853183
2025-12-21 07:00:00+00:00,0.36746388
2025-12-21 08:00:00+00:00,0.37082589
2025-12-21 09:00:00+00:00,0.37286183
2025-12-21 10:00:00+00:00,0.3706448
2025-12-21 11:00:00+00:00,0.37002065
2025-12-21 12:00:00+00:00,0.36788371
2025-12-21 13:00:00+00:00,0.35851546
2025-12-21 14:00:00+00:00,0.36102824
2025-12-21 15:00:00+00:00,0.36099555
2025-12-21 16:00:00+00:00,0.36309944
2025-12-21 17:00:00+00:00,0.36309606
2025-12-21 18:00:00+00:00,0.36339124
2025-12-21 19:00:00+00:00,0.3650786
2025-12-21 20:00:00+00:00,0.36223589
2025-12-21 21:00:00+00:00,0.36041148
2025-12-21 22:00:00+00:00,0.36479219
2025-12-21 23:00:00+00:00,0.36614035
2025-12-22 00:00:00+00:00,0.36748046
2025-12-22 01:00:00+00:00,0.36721061
2025-12-22 02:00:00+00:00,0.36508065
2025-12-22 03:00:00+00:00,0.36727216
2025-12-22 04:00:00+00:00,0.36695112
2025-12-22 05:00:00+00:00,0.36590888
2025-12-22 06:00:00+00:00,0.36639227
2025-12-22 07:00:00+00:00,0.36835944
2025-12-22 08:00:00+00:00,0.36825713
2025-12-22 09:00:00+00:00,0.36937652
2025-12-22 10:00:00+00:00,0.36944669
2025-12-22 11:00:00+00:00,0.37090422
2025-12-22 12:00:00+00:00,0.37360571
2025-12-22 13:00:00+00:00,0.3738572
2025-12-22 14:00:00+00:00,0.37753279
2025-12-22 15:00:00+00:00,0.37928934
2025-12-22 16:00:00+00:00,0.3788335
2025-12-22 17:00:00+00:00,0.37820843
2025-12-22 18:00:00+00:00,0.37684569
2025-12-22 19:00:00+00:00,0.36856424
2025-12-22 20:00:00+00:00,0.36828676
2025-12-22 21:00:00+00:00,0.37116371
2025-12-22 22:00:00+00:00,0.37275598
2025-12-22 23:00:00+00:00,0.37099207
2025-12-23 00:00:00+00:00,0.37248731
2025-12-23 01:00:00+00:00,0.37052195
2025-12-23 02:00:00+00:00,0.36812742
2025-12-23 03:00:00+00:00,0.36860228
2025-12-23 04:00:00+00:00,0.36697901
2025-12-23 05:00:00+00:00,0.36612916
2025-12-23 06:00:00+00:00,0.36502501
2025-12-23 07:00:00+00:00,0.36412362
2025-12-23 08:00:00+00:00,0.36399248
2025-12-23 09:00:00+00:00,0.36440976
2025-12-23 10:00:00+00:00,0.36634233
2025-12-23 11:00:00+00:00,0.36731947
2025-12-23 12:00:00+00:00,0.36456141
2025-12-23 13:00:00+00:00,0.36147976
2025-12-23 14:00:00+00:00,0.35796822
2025-12-23 15:00:00+00:00,0.36094203
2025-12-23 16:00:00+00:00,0.36397544
2025-12-23 17:00:00+00:00,0.35953543
2025-12-23 18:00:00+00:00,0.36383199
2025-12-23 19:00:00+00:00,0.36146217
2025-12-23 20:00:00+00:00,0.36323015
2025-12-23 21:00:00+00:00,0.36361962
2025-12-23 22:00:00+00:00,0.36193278
2025-12-23 23:00:00+00:00,0.36289227
2025-12-24 00:00:00+00:00,0.36325237
2025-12-24 01:00:00+00:00,0.36185364
2025-12-24 02:00:00+00:00,0.35896642
2025-12-24 03:00:00+00:00,0.36010846
2025-12-24 04:00:00+00:00,0.35794657
2025-12-24 05:00:00+00:00,0.35535296
2025-12-24 06:00:00+00:00,0.35689363
2025-12-24 07:00:00+00:00,0.35580295
2025-12-24 08:00:00+00:00,0.35546334
2025-12-24 09:00:00+00:00,0.35579922
2025-12-24 10:00:00+00:00,0.35633236
2025-12-24 11:00:00+00:00,0.35872091
2025-12-24 12:00:00+00:00,0.35897965
2025-12-24 13:00:00+00:00,0.35689488
2025-12-24 14:00:00+00:00,0.35371432
2025-12-24 15:00:00+00:00,0.35562438
2025-12-24 16:00:00+00:00,0.35614089
2025-12-24 17:00:00+00:00,0.35506275
2025-12-24 18:00:00+00:00,0.35544526
2025-12-24 19:00:00+00:00,0.3561258
2025-12-24 20:00:00+00:00,0.35509368
2025-12-24 21:00:00+00:00,0.35633717
2025-12-24 22:00:00+00:00,0.35831473
2025-12-24 23:00:00+00:00,0.35661293
2025-12-25 00:00:00+00:00,0.35491257
2025-12-25 01:00:00+00:00,0.35728571
2025-12-25 02:00:00+00:00,0.36042301
2025-12-25 03:00:00+00:00,0.36051984
2025-12-25 04:00:00+00:00,0.36038076
2025-12-25 05:00:00+00:00,0.35966881
2025-12-25 06:00:00+00:00,0.36055415
2025-12-25 07:00:00+00:00,0.3590826
2025-12-25 08:00:00+00:00,0.35785863
2025-12-25 09:00:00+00:00,0.35656117
2025-12-25 10:00:00+00:00,0.35066524
2025-12-25 11:00:00+00:00,0.351074
2025-12-25 12:00:00+00:00,0.35158222
2025-12-25 13:00:00+00:00,0.35146122
2025-12-25 14:00:00+00:00,0.35105272
2025-12-25 15:00:00+00:00,0.35711231
2025-12-25 16:00:00+00:00,0.35403429
2025-12-25 17:00:00+00:00,0.3548941
2025-12-25 18:00:00+00:00,0.35801605
2025-12-25 19:00:00+00:00,0.35962408
2025-12-25 20:00:00+00:00,0.3574305
2025-12-25 21:00:00+00:00,0.35808321
2025-12-25 22:00:00+00:00,0.34692115
2025-12-25 23:00:00+00:00,0.34352473
2025-12-26 00:00:00+00:00,0.34327939
2025-12-26 01:00:00+00:00,0.34583014
2025-12-26 02:00:00+00:00,0.35505011
2025-12-26 03:00:00+00:00,0.35329586
2025-12-26 04:00:00+00:00,0.35361387
2025-12-26 05:00:00+00:00,0.35403993
2025-12-26 06:00:00+00:00,0.35551168
2025-12-26 07:00:00+00:00,0.35209394
2025-12-26 08:00:00+00:00,0.3537286
2025-12-26 09:00:00+00:00,0.35524682
2025-12-26 10:00:00+00:00,0.35554864
2025-12-26 11:00:00+00:00,0.35516543
2025-12-26 12:00:00+00:00,0.35656667
2025-12-26 13:00:00+00:00,0.35723021
2025-12-26 14:00:00+00:00,0.34965415
2025-12-26 15:00:00+00:00,0.34688124
2025-12-26 16:00:00+00:00,0.34450165
2025-12-26 17:00:00+00:00,0.34825666
2025-12-26 18:00:00+00:00,0.34918893
2025-12-26 19:00:00+00:00,0.35008959
2025-12-26 20:00:00+00:00,0.34988389
2025-12-26 21:00:00+00:00,0.35013549
2025-12-26 22:00:00+00:00,0.35045726
2025-12-26 23:00:00+00:00,0.3496232
2025-12-27 00:00:00+00:00,0.35099224
2025-12-27 01:00:00+00:00,0.35214549
2025-12-27 02:00:00+00:00,0.35277823
2025-12-27 03:00:00+00:00,0.3545676
2025-12-27 04:00:00+00:00,0.35330194
2025-12-27 05:00:00+00:00,0.35372893
2025-12-27 06:00:00+00:00,0.3530802
2025-12-27 07:00:00+00:00,0.35229448
2025-12-27 08:00:00+00:00,0.35339992
2025-12-27 09:00:00+00:00,0.35424067
2025-12-27 10:00:00+00:00,0.35427539
2025-12-27 11:00:00+00:00,0.35520563
2025-12-27 12:00:00+00:00,0.35730367
2025-12-27 13:00:00+00:00,0.35589553
2025-12-27 14:00:00+00:00,0.35677469
2025-12-27 15:00:00+00:00,0.35700135
2025-12-27 16:00:00+00:00,0.35614042
2025-12-27 17:00:00+00:00,0.3576676
2025-12-27 18:00:00+00:00,0.35667431
2025-12-27 19:00:00+00:00,0.35769066
2025-12-27 20:00:00+00:00,0.36193962
2025-12-27 21:00:00+00:00,0.36395252
2025-12-27 22:00:00+00:00,0.36500828
2025-12-27 23:00:00+00:00,0.3699275
2025-12-28 00:00:00+00:00,0.3690777
2025-12-28 01:00:00+00:00,0.36920539
2025-12-28 02:00:00+00:00,0.36915206
2025-12-28 03:00:00+00:00,0.36993995
2025-12-28 04:00:00+00:00,0.37002146
2025-12-28 05:00:00+00:00,0.37069767
2025-12-28 06:00:00+00:00,0.37437695
2025-12-28 07:00:00+00:00,0.37403775
2025-12-28 08:00:00+00:00,0.37390119
2025-12-28 09:00:00+00:00,0.37045949
2025-12-28 10:00:00+00:00,0.37033636
2025-12-28 11:00:00+00:00,0.37145045
2025-12-28 12:00:00+00:00,0.36933134
2025-12-28 13:00:00+00:00,0.36930279
2025-12-28 14:00:00+00:00,0.37079881
2025-12-28 15:00:00+00:00,0.36950115
2025-12-28 16:00:00+00:00,0.36992292
2025-12-28 17:00:00+00:00,0.36952385
2025-12-28 18:00:00+00:00,0.36361864
2025-12-28 19:00:00+00:00,0.36274071
2025-12-28 20:00:00+00:00,0.36288256
2025-12-28 21:00:00+00:00,0.3635507
2025-12-28 22:00:00+00:00,0.36565646
2025-12-28 23:00:00+00:00,0.36871721
2025-12-29 00:00:00+00:00,0.37173036
2025-12-29 01:00:00+00:00,0.37385015
2025-12-29 02:00:00+00:00,0.37682526
2025-12-29 03:00:00+00:00,0.38117116
2025-12-29 04:00:00+00:00,0.38148765
2025-12-29 05:00:00+00:00,0.37986892
2025-12-29 06:00:00+00:00,0.37690257
2025-12-29 07:00:00+00:00,0.37588026
2025-12-29 08:00:00+00:00,0.37527872
2025-12-29 09:00:00+00:00,0.36988584
2025-12-29 10:00:00+00:00,0.37024761
2025-12-29 11:00:00+00:00,0.36932945
2025-12-29 12:00:00+00:00,0.3656324
2025-12-29 13:00:00+00:00,0.36420163
2025-12-29 14:00:00+00:00,0.36494715
2025-12-29 15:00:00+00:00,0.36559358
2025-12-29 16:00:00+00:00,0.35992451
2025-12-29 17:00:00+00:00,0.35962759
2025-12-29 18:00:00+00:00,0.35543754
2025-12-29 19:00:00+00:00,0.35296458
2025-12-29 20:00:00+00:00,0.35215544
2025-12-29 21:00:00+00:00,0.35292178
2025-12-29 22:00:00+00:00,0.3543346
2025-12-29 23:00:00+00:00,0.35323113
2025-12-30 00:00:00+00:00,0.35415146
2025-12-30 01:00:00+00:00,0.35258551
2025-12-30 02:00:00+00:00,0.35080767
2025-12-30 03:00:00+00:00,0.35260717
2025-12-30 04:00:00+00:00,0.35246526
2025-12-30 05:00:00+00:00,0.35100132
2025-12-30 06:00:00+00:00,0.3512825
2025-12-30 07:00:00+00:00,0.35210411
2025-12-30 08:00:00+00:00,0.35523141
2025-12-30 09:00:00+00:00,0.35579493
2025-12-30 10:00:00+00:00,0.35401295
2025-12-30 11:00:00+00:00,0.35228866
2025-12-30 12:00:00+00:00,0.35309473
2025-12-30 13:00:00+00:00,0.35338534
2025-12-30 14:00:00+00:00,0.35529243
2025-12-30 15:00:00+00:00,0.3542009
2025-12-30 16:00:00+00:00,0.35372143
2025-12-30 17:00:00+00:00,0.35280758
2025-12-30 18:00:00+00:00,0.35189067
2025-12-30 19:00:00+00:00,0.35129991
2025-12-30 20:00:00+00:00,0.34907586
2025-12-30 21:00:00+00:00,0.35041037
2025-12-30 22:00:00+00:00,0.35088697
2025-12-30 23:00:00+00:00,0.35139902
2025-12-31 00:00:00+00:00,0.35083453
2025-12-31 01:00:00+00:00,0.35167011
2025-12-31 02:00:00+00:00,0.35317906
2025-12-31 03:00:00+00:00,0.35167898
2025-12-31 04:00:00+00:00,0.35229378
2025-12-31 05:00:00+00:00,0.35317079
2025-12-31 06:00:00+00:00,0.3518662
2025-12-31 07:00:00+00:00,0.35110498
2025-12-31 08:00:00+00:00,0.34932321
2025-12-31 09:00:00+00:00,0.34978816
2025-12-31 10:00:00+00:00,0.3504804
2025-12-31 11:00:00+00:00,0.35208659
2025-12-31 12:00:00+00:00,0.35000713
2025-12-31 13:00:00+00:00,0.34869636
2025-12-31 14:00:00+00:00,0.34820612
2025-12-31 15:00:00+00:00,0.34228096
2025-12-31 16:00:00+00:00,0.33355399
2025-12-31 17:00:00+00:00,0.33400368
2025-12-31 18:00:00+00:00,0.33323702
2025-12-31 19:00:00+00:00,0.33215018
2025-12-31 20:00:00+00:00,0.33379128
2025-12-31 21:00:00+00:00,0.33395431
2025-12-31 22:00:00+00:00,0.3329882
2025-12-31 23:00:00+00:00,0.33343945
2026-01-01 00:00:00+00:00,0.33396332
2026-01-01 01:00:00+00:00,0.33317245
2026-01-01 02:00:00+00:00,0.33278487
2026-01-01 03:00:00+00:00,0.33270015
2026-01-01 04:00:00+00:00,0.33248695
2026-01-01 05:00:00+00:00,0.33668054
2026-01-01 06:00:00+00:00,0.33639274
2026-01-01 07:00:00+00:00,0.33653791
2026-01-01 08:00:00+00:00,0.33811157
2026-01-01 09:00:00+00:00,0.3388162
2026-01-01 10:00:00+00:00,0.33872944
2026-01-01 11:00:00+00:00,0.3406872
2026-01-01 12:00:00+00:00,0.33979208
2026-01-01 13:00:00+00:00,0.34268181
2026-01-01 14:00:00+00:00,0.343527
2026-01-01 15:00:00+00:00,0.34715398
2026-01-01 16:00:00+00:00,0.34850644
2026-01-01 17:00:00+00:00,0.3515807
2026-01-01 18:00:00+00:00,0.35162666
2026-01-01 19:00:00+00:00,0.35796613
2026-01-01 20:00:00+00:00,0.35694272
2026-01-01 21:00:00+00:00,0.35602191
2026-01-01 22:00:00+00:00,0.35769502
2026-01-01 23:00:00+00:00,0.35649703
2026-01-02 00:00:00+00:00,0.35613775
2026-01-02 01:00:00+00:00,0.35629855
2026-01-02 02:00:00+00:00,0.35822238
2026-01-02 03:00:00+00:00,0.36219751
2026-01-02 04:00:00+00:00,0.35989316
2026-01-02 05:00:00+00:00,0.35812317
2026-01-02 06:00:00+00:00,0.35799905
2026-01-02 07:00:00+00:00,0.35558605
2026-01-02 08:00:00+00:00,0.35763863
2026-01-02 09:00:00+00:00,0.36503159
2026-01-02 10:00:00+00:00,0.36459821
2026-01-02 11:00:00+00:00,0.36068617
2026-01-02 12:00:00+00:00,0.36435535
2026-01-02 13:00:00+00:00,0.3645201
2026-01-02 14:00:00+00:00,0.36817966
2026-01-02 15:00:00+00:00,0.37153522
2026-01-02 16:00:00+00:00,0.38892509
2026-01-02 17:00:00+00:00,0.38856786
2026-01-02 18:00:00+00:00,0.38183034
2026-01-02 19:00:00+00:00,0.38822165
2026-01-02 20:00:00+00:00,0.38617078
2026-01-02 21:00:00+00:00,0.39048935
2026-01-02 22:00:00+00:00,0.39454024
2026-01-02 23:00:00+00:00,0.39482123
2026-01-03 00:00:00+00:00,0.39474874
2026-01-03 01:00:00+00:00,0.3939008
2026-01-03 02:00:00+00:00,0.39665532
2026-01-03 03:00:00+00:00,0.39837491
2026-01-03 04:00:00+00:00,0.39709264
2026-01-03 05:00:00+00:00,0.39299569
2026-01-03 06:00:00+00:00,0.39082014
2026-01-03 07:00:00+00:00,0.38424082
2026-01-03 08:00:00+00:00,0.38663742
2026-01-03 09:00:00+00:00,0.38745081
2026-01-03 10:00:00+00:00,0.3852457
2026-01-03 11:00:00+00:00,0.38452943
2026-01-03 12:00:00+00:00,0.38672144
2026-01-03 13:00:00+00:00,0.38718454
2026-01-03 14:00:00+00:00,0.38695591
2026-01-03 15:00:00+00:00,0.38620591
2026-01-03 16:00:00+00:00,0.38761407
2026-01-03 17:00:00+00:00,0.38818767
2026-01-03 18:00:00+00:00,0.38924424
2026-01-03 19:00:00+00:00,0.38851974
2026-01-03 20:00:00+00:00,0.3882543
2026-01-03 21:00:00+00:00,0.38872689
2026-01-03 22:00:00+00:00,0.38961877
2026-01-03 23:00:00+00:00,0.38937725
2026-01-04 00:00:00+00:00,0.39517621
2026-01-04 01:00:00+00:00,0.3942494
2026-01-04 02:00:00+00:00,0.39369966
2026-01-04 03:00:00+00:00,0.3995495
2026-01-04 04:00:00+00:00,0.39781298
2026-01-04 05:00:00+00:00,0.39854056
2026-01-04 06:00:00+00:00,0.39447248
2026-01-04 07:00:00+00:00,0.39618746
2026-01-04 08:00:00+00:00,0.39831092
2026-01-04 09:00:00+00:00,0.40309468
2026-01-04 10:00:00+00:00,0.40340283
2026-01-04 11:00:00+00:00,0.40135913
2026-01-04 12:00:00+00:00,0.40137042
2026-01-04 13:00:00+00:00,0.39993286
2026-01-04 14:00:00+00:00,0.39873666
2026-01-04 15:00:00+00:00,0.39888824
2026-01-04 16:00:00+00:00,0.40253868
2026-01-04 17:00:00+00:00,0.40316915
2026-01-04 18:00:00+00:00,0.40083033
2026-01-04 19:00:00+00:00,0.3988135
2026-01-04 20:00:00+00:00,0.39922974
2026-01-04 21:00:00+00:00,0.39883296
2026-01-04 22:00:00+00:00,0.39871393
2026-01-04 23:00:00+00:00,0.40081478
2026-01-05 00:00:00+00:00,0.40163231
2026-01-05 01:00:00+00:00,0.40618588
2026-01-05 02:00:00+00:00,0.40440996
2026-01-05 03:00:00+00:00,0.40337103
2026-01-05 04:00:00+00:00,0.39749812
2026-01-05 05:00:00+00:00,0.3981635
2026-01-05 06:00:00+00:00,0.39966233
2026-01-05 07:00:00+00:00,0.4010492
2026-01-05 08:00:00+00:00,0.39862294
2026-01-05 09:00:00+00:00,0.39651048
2026-01-05 10:00:00+00:00,0.39802748
2026-01-05 11:00:00+00:00,0.39986291
2026-01-05 12:00:00+00:00,0.40070734
2026-01-05 13:00:00+00:00,0.39843143
2026-01-05 14:00:00+00:00,0.40365094
2026-01-05 15:00:00+00:00,0.41270113
2026-01-05 16:00:00+00:00,0.41301559
2026-01-05 17:00:00+00:00,0.41388117
2026-01-05 18:00:00+00:00,0.41876828
2026-01-05 19:00:00+00:00,0.417497
2026-01-05 20:00:00+00:00,0.41890272
2026-01-05 21:00:00+00:00,0.42137632
2026-01-05 22:00:00+00:00,0.42340594
2026-01-05 23:00:00+00:00,0.42109619
2026-01-06 00:00:00+00:00,0.42432807
2026-01-06 01:00:00+00:00,0.42398829
2026-01-06 02:00:00+00:00,0.42489721
2026-01-06 03:00:00+00:00,0.42597553
2026-01-06 04:00:00+00:00,0.42476021
2026-01-06 05:00:00+00:00,0.42289056
2026-01-06 06:00:00+00:00,0.42334842
2026-01-06 07:00:00+00:00,0.41478637
2026-01-06 08:00:00+00:00,0.41599316
2026-01-06 09:00:00+00:00,0.41763134
2026-01-06 10:00:00+00:00,0.41912472
2026-01-06 11:00:00+00:00,0.42218117
2026-01-06 12:00:00+00:00,0.42273224
2026-01-06 13:00:00+00:00,0.4221813
2026-01-06 14:00:00+00:00,0.42718314
2026-01-06 15:00:00+00:00,0.42005531
2026-01-06 16:00:00+00:00,0.41006456
2026-01-06 17:00:00+00:00,0.40245642
2026-01-06 18:00:00+00:00,0.40797605
2026-01-06 19:00:00+00:00,0.40753303
2026-01-06 20:00:00+00:00,0.4123684
2026-01-06 21:00:00+00:00,0.41777562
2026-01-06 22:00:00+00:00,0.41755187
2026-01-06 23:00:00+00:00,0.4194502
2026-01-07 00:00:00+00:00,0.41292376
2026-01-07 01:00:00+00:00,0.41019684
2026-01-07 02:00:00+00:00,0.41396418
2026-01-07 03:00:00+00:00,0.41206215
2026-01-07 04:00:00+00:00,0.41191931
2026-01-07 05:00:00+00:00,0.41026568
2026-01-07 06:00:00+00:00,0.4111373
2026-01-07 07:00:00+00:00,0.41860851
2026-01-07 08:00:00+00:00,0.42123415
2026-01-07 09:00:00+00:00,0.41052619
2026-01-07 10:00:00+00:00,0.41316779
2026-01-07 11:00:00+00:00,0.41516815
2026-01-07 12:00:00+00:00,0.41150246
2026-01-07 13:00:00+00:00,0.40997528
2026-01-07 14:00:00+00:00,0.4076357
2026-01-07 15:00:00+00:00,0.40284668
2026-01-07 16:00:00+00:00,0.40391678
2026-01-07 17:00:00+00:00,0.40381762
2026-01-07 18:00:00+00:00,0.4034983
2026-01-07 19:00:00+00:00,0.40295906
2026-01-07 20:00:00+00:00,0.40110709
2026-01-07 21:00:00+00:00,0.40124696
2026-01-07 22:00:00+00:00,0.40035424
2026-01-07 23:00:00+00:00,0.40223647
2026-01-08 00:00:00+00:00,0.40302456
2026-01-08 01:00:00+00:00,0.40382896
2026-01-08 02:00:00+00:00,0.40030386
2026-01-08 03:00:00+00:00,0.39780437
2026-01-08 04:00:00+00:00,0.40059689
2026-01-08 05:00:00+00:00,0.39870036
2026-01-08 06:00:00+00:00,0.39144002
2026-01-08 07:00:00+00:00,0.3952819
2026-01-08 08:00:00+00:00,0.39242491
2026-01-08 09:00:00+00:00,0.38993314
2026-01-08 10:00:00+00:00,0.39217635
2026-01-08 11:00:00+00:00,0.39050318
2026-01-08 12:00:00+00:00,0.38862432
2026-01-08 13:00:00+00:00,0.38912098
2026-01-08 14:00:00+00:00,0.38874074
2026-01-08 15:00:00+00:00,0.3953412
2026-01-08 16:00:00+00:00,0.39512102
2026-01-08 17:00:00+00:00,0.39709705
2026-01-08 18:00:00+00:00,0.39453032
2026-01-08 19:00:00+00:00,0.39319821
2026-01-08 20:00:00+00:00,0.39286335
2026-01-08 21:00:00+00:00,0.3977336
2026-01-08 22:00:00+00:00,0.39667034
2026-01-08 23:00:00+00:00,0.39565258
2026-01-09 00:00:00+00:00,0.39765006
2026-01-09 01:00:00+00:00,0.39578932
2026-01-09 02:00:00+00:00,0.39544826
2026-01-09 03:00:00+00:00,0.39841006
2026-01-09 04:00:00+00:00,0.39628976
2026-01-09 05:00:00+00:00,0.39682384
2026-01-09 06:00:00+00:00,0.39955555
2026-01-09 07:00:00+00:00,0.39706231
2026-01-09 08:00:00+00:00,0.39180203
2026-01-09 09:00:00+00:00,0.39170311
2026-01-09 10:00:00+00:00,0.39163143
2026-01-09 11:00:00+00:00,0.39179371
2026-01-09 12:00:00+00:00,0.39149916
2026-01-09 13:00:00+00:00,0.39566491
2026-01-09 14:00:00+00:00,0.39033285
2026-01-09 15:00:00+00:00,0.3971279
2026-01-09 16:00:00+00:00,0.40141376
2026-01-09 17:00:00+00:00,0.39640483
2026-01-09 18:00:00+00:00,0.39302055
2026-01-09 19:00:00+00:00,0.39013839
2026-01-09 20:00:00+00:00,0.39122476
2026-01-09 21:00:00+00:00,0.39267621
2026-01-09 22:00:00+00:00,0.39326136
2026-01-09 23:00:00+00:00,0.39142076
2026-01-10 00:00:00+00:00,0.38963642
2026-01-10 01:00:00+00:00,0.39023641
2026-01-10 02:00:00+00:00,0.38951541
2026-01-10 03:00:00+00:00,0.3891455
2026-01-10 04:00:00+00:00,0.38780283
2026-01-10 05:00:00+00:00,0.38748044
2026-01-10 06:00:00+00:00,0.3861046
2026-01-10 07:00:00+00:00,0.38803913
2026-01-10 08:00:00+00:00,0.38822301
2026-01-10 09:00:00+00:00,0.39047242
2026-01-10 10:00:00+00:00,0.39121889
2026-01-10 11:00:00+00:00,0.39114429
2026-01-10 12:00:00+00:00,0.3924057
2026-01-10 13:00:00+00:00,0.39050989
2026-01-10 14:00:00+00:00,0.38941873
2026-01-10 15:00:00+00:00,0.38965789
2026-01-10 16:00:00+00:00,0.39016345
2026-01-10 17:00:00+00:00,0.38929405
2026-01-10 18:00:00+00:00,0.38947726
2026-01-10 19:00:00+00:00,0.39124288
2026-01-10 20:00:00+00:00,0.3903655
2026-01-10 21:00:00+00:00,0.38894321
2026-01-10 22:00:00+00:00,0.38580247
2026-01-10 23:00:00+00:00,0.38857703
2026-01-11 00:00:00+00:00,0.38920928
2026-01-11 01:00:00+00:00,0.3902338
2026-01-11 02:00:00+00:00,0.3901759
2026-01-11 03:00:00+00:00,0.39052269
2026-01-11 04:00:00+00:00,0.39102335
2026-01-11 05:00:00+00:00,0.39151507
2026-01-11 06:00:00+00:00,0.39063148
2026-01-11 07:00:00+00:00,0.39140589
2026-01-11 08:00:00+00:00,0.39169079
2026-01-11 09:00:00+00:00,0.39140394
2026-01-11 10:00:00+00:00,0.39119503
2026-01-11 11:00:00+00:00,0.39171219
2026-01-11 12:00:00+00:00,0.3958785
2026-01-11 13:00:00+00:00,0.39367731
2026-01-11 14:00:00+00:00,0.39545397
2026-01-11 15:00:00+00:00,0.39052413
2026-01-11 16:00:00+00:00,0.39367424
2026-01-11 17:00:00+00:00,0.39491462
2026-01-11 18:00:00+00:00,0.39444334
2026-01-11 19:00:00+00:00,0.39257114
2026-01-11 20:00:00+00:00,0.3896441
2026-01-11 21:00:00+00:00,0.39189489
2026-01-11 22:00:00+00:00,0.38796506
2026-01-11 23:00:00+00:00,0.39093561
2026-01-12 00:00:00+00:00,0.39139746
2026-01-12 01:00:00+00:00,0.39456138
2026-01-12 02:00:00+00:00,0.40186374
2026-01-12 03:00:00+00:00,0.39737841
2026-01-12 04:00:00+00:00,0.40059473
2026-01-12 05:00:00+00:00,0.39854661
2026-01-12 06:00:00+00:00,0.39488382
2026-01-12 07:00:00+00:00,0.39044515
2026-01-12 08:00:00+00:00,0.38803999
2026-01-12 09:00:00+00:00,0.38666127
2026-01-12 10:00:00+00:00,0.38540242
2026-01-12 11:00:00+00:00,0.38741019
2026-01-12 12:00:00+00:00,0.38636896
2026-01-12 13:00:00+00:00,0.38244146
2026-01-12 14:00:00+00:00,0.38919783
2026-01-12 15:00:00+00:00,0.39447691
2026-01-12 16:00:00+00:00,0.39750496
2026-01-12 17:00:00+00:00,0.3933845
2026-01-12 18:00:00+00:00,0.39347781
2026-01-12 19:00:00+00:00,0.39332883
2026-01-12 20:00:00+00:00,0.38937478
2026-01-12 21:00:00+00:00,0.38548963
2026-01-12 22:00:00+00:00,0.38721961
2026-01-12 23:00:00+00:00,0.38630752
2026-01-13 00:00:00+00:00,0.38681445
2026-01-13 01:00:00+00:00,0.38612092
2026-01-13 02:00:00+00:00,0.38595114
2026-01-13 03:00:00+00:00,0.38678209
2026-01-13 04:00:00+00:00,0.38910236
2026-01-13 05:00:00+00:00,0.391768
2026-01-13 06:00:00+00:00,0.39221575
2026-01-13 07:00:00+00:00,0.39001404
2026-01-13 08:00:00+00:00,0.39311632
2026-01-13 09:00:00+00:00,0.39292779
2026-01-13 10:00:00+00:00,0.39151643
2026-01-13 11:00:00+00:00,0.3923262
2026-01-13 12:00:00+00:00,0.39318647
2026-01-13 13:00:00+00:00,0.39407589
2026-01-13 14:00:00+00:00,0.398419
2026-01-13 15:00:00+00:00,0.40605375
2026-01-13 16:00:00+00:00,0.40935248
2026-01-13 17:00:00+00:00,0.406337
2026-01-13 18:00:00+00:00,0.40630646
2026-01-13 19:00:00+00:00,0.41024366
2026-01-13 20:00:00+00:00,0.4087616
2026-01-13 21:00:00+00:00,0.4100563
2026-01-13 22:00:00+00:00,0.42232023
2026-01-13 23:00:00+00:00,0.42178365
2026-01-14 00:00:00+00:00,0.42248485
2026-01-14 01:00:00+00:00,0.42117603
2026-01-14 02:00:00+00:00,0.42168458
2026-01-14 03:00:00+00:00,0.42596504
2026-01-14 04:00:00+00:00,0.42373707
2026-01-14 05:00:00+00:00,0.42183705
2026-01-14 06:00:00+00:00,0.42530927
2026-01-14 07:00:00+00:00,0.42392197
2026-01-14 08:00:00+00:00,0.42063521
2026-01-14 09:00:00+00:00,0.4202574
2026-01-14 10:00:00+00:00,0.4182935
2026-01-14 11:00:00+00:00,0.41389741
2026-01-14 12:00:00+00:00,0.41531644
2026-01-14 13:00:00+00:00,0.41210728
2026-01-14 14:00:00+00:00,0.41960885
2026-01-14 15:00:00+00:00,0.41999162
2026-01-14 16:00:00+00:00,0.42103667
2026-01-14 17:00:00+00:00,0.41638639
2026-01-14 18:00:00+00:00,0.41353581
2026-01-14 19:00:00+00:00,0.41490461
2026-01-14 20:00:00+00:00,0.41283018
2026-01-14 21:00:00+00:00,0.41405305
2026-01-14 22:00:00+00:00,0.41221834
2026-01-14 23:00:00+00:00,0.41425722
2026-01-15 00:00:00+00:00,0.41184489
2026-01-15 01:00:00+00:00,0.40838121
2026-01-15 02:00:00+00:00,0.4055233
2026-01-15 03:00:00+00:00,0.40025675
2026-01-15 04:00:00+00:00,0.40259597
2026-01-15 05:00:00+00:00,0.40262833
2026-01-15 06:00:00+00:00,0.40115703
2026-01-15 07:00:00+00:00,0.40441987
2026-01-15 08:00:00+00:00,0.40354209
2026-01-15 09:00:00+00:00,0.40488037
2026-01-15 10:00:00+00:00,0.40521286
2026-01-15 11:00:00+00:00,0.40485607
2026-01-15 12:00:00+00:00,0.4076766
2026-01-15 13:00:00+00:00,0.40846464
2026-01-15 14:00:00+00:00,0.40314207
2026-01-15 15:00:00+00:00,0.39975997
2026-01-15 16:00:00+00:00,0.39929572
2026-01-15 17:00:00+00:00,0.39616608
2026-01-15 18:00:00+00:00,0.39188886
2026-01-15 19:00:00+00:00,0.39248551
2026-01-15 20:00:00+00:00,0.39035573
2026-01-15 21:00:00+00:00,0.39294924
2026-01-15 22:00:00+00:00,0.39394991
2026-01-15 23:00:00+00:00,0.39360588
2026-01-16 00:00:00+00:00,0.39303899
2026-01-16 01:00:00+00:00,0.39214442
2026-01-16 02:00:00+00:00,0.39283784
2026-01-16 03:00:00+00:00,0.39149082
2026-01-16 04:00:00+00:00,0.38988652
2026-01-16 05:00:00+00:00,0.39302718
2026-01-16 06:00:00+00:00,0.39403629
2026-01-16 07:00:00+00:00,0.39255808
2026-01-16 08:00:00+00:00,0.39284948
2026-01-16 09:00:00+00:00,0.39179536
2026-01-16 10:00:00+00:00,0.3912553
2026-01-16 11:00:00+00:00,0.39269706
2026-01-16 12:00:00+00:00,0.39145784
2026-01-16 13:00:00+00:00,0.39009774
2026-01-16 14:00:00+00:00,0.38930775
2026-01-16 15:00:00+00:00,0.38172696
2026-01-16 16:00:00+00:00,0.38399906
2026-01-16 17:00:00+00:00,0.3866704
2026-01-16 18:00:00+00:00,0.38654137
2026-01-16 19:00:00+00:00,0.38683647
2026-01-16 20:00:00+00:00,0.39466753
2026-01-16 21:00:00+00:00,0.39641267
2026-01-16 22:00:00+00:00,0.39652779
2026-01-16 23:00:00+00:00,0.39552397
2026-01-17 00:00:00+00:00,0.39577456
2026-01-17 01:00:00+00:00,0.39593808
2026-01-17 02:00:00+00:00,0.39469057
2026-01-17 03:00:00+00:00,0.39459494
2026-01-17 04:00:00+00:00,0.39609261
2026-01-17 05:00:00+00:00,0.39608943
2026-01-17 06:00:00+00:00,0.39502553
2026-01-17 07:00:00+00:00,0.39557592
2026-01-17 08:00:00+00:00,0.39590454
2026-01-17 09:00:00+00:00,0.39530243
2026-01-17 10:00:00+00:00,0.3961352
2026-01-17 11:00:00+00:00,0.39479424
2026-01-17 12:00:00+00:00,0.39597687
2026-01-17 13:00:00+00:00,0.39763634
2026-01-17 14:00:00+00:00,0.40099646
2026-01-17 15:00:00+00:00,0.402584
2026-01-17 16:00:00+00:00,0.40051552
2026-01-17 17:00:00+00:00,0.40038541
2026-01-17 18:00:00+00:00,0.40014241
2026-01-17 19:00:00+00:00,0.40016305
2026-01-17 20:00:00+00:00,0.39910266
2026-01-17 21:00:00+00:00,0.39877832
2026-01-17 22:00:00+00:00,0.39642299
2026-01-17 23:00:00+00:00,0.39732198
2026-01-18 00:00:00+00:00,0.39645289
2026-01-18 01:00:00+00:00,0.39416349
2026-01-18 02:00:00+00:00,0.39424665
2026-01-18 03:00:00+00:00,0.39552752
2026-01-18 04:00:00+00:00,0.39539964
2026-01-18 05:00:00+00:00,0.3952838
2026-01-18 06:00:00+00:00,0.39515942
2026-01-18 07:00:00+00:00,0.39421381
2026-01-18 08:00:00+00:00,0.39379103
2026-01-18 09:00:00+00:00,0.39418114
2026-01-18 10:00:00+00:00,0.39371194
2026-01-18 11:00:00+00:00,0.39291036
2026-01-18 12:00:00+00:00,0.39247324
2026-01-18 13:00:00+00:00,0.3927947
2026-01-18 14:00:00+00:00,0.39047269
2026-01-18 15:00:00+00:00,0.39234601
2026-01-18 16:00:00+00:00,0.3918285
2026-01-18 17:00:00+00:00,0.39221317
2026-01-18 18:00:00+00:00,0.39467513
2026-01-18 19:00:00+00:00,0.39262073
2026-01-18 20:00:00+00:00,0.39376492
2026-01-18 21:00:00+00:00,0.39439726
2026-01-18 22:00:00+00:00,0.39595005
2026-01-18 23:00:00+00:00,0.37580459
2026-01-19 00:00:00+00:00,0.36313462
2026-01-19 01:00:00+00:00,0.36356053
2026-01-19 02:00:00+00:00,0.36532446
2026-01-19 03:00:00+00:00,0.36569798
2026-01-19 04:00:00+00:00,0.36290943
2026-01-19 05:00:00+00:00,0.36402548
2026-01-19 06:00:00+00:00,0.36244266
2026-01-19 07:00:00+00:00,0.36405693
2026-01-19 08:00:00+00:00,0.36930503
2026-01-19 09:00:00+00:00,0.36979016
2026-01-19 10:00:00+00:00,0.3709993
2026-01-19 11:00:00+00:00,0.36918699
2026-01-19 12:00:00+00:00,0.36696582
2026-01-19 13:00:00+00:00,0.36583861
2026-01-19 14:00:00+00:00,0.36793196
2026-01-19 15:00:00+00:00,0.36682778
2026-01-19 16:00:00+00:00,0.37088169
2026-01-19 17:00:00+00:00,0.36870292
2026-01-19 18:00:00+00:00,0.36911518
2026-01-19 19:00:00+00:00,0.37096146
2026-01-19 20:00:00+00:00,0.37127426
2026-01-19 21:00:00+00:00,0.37010797
2026-01-19 22:00:00+00:00,0.36707412
2026-01-19 23:00:00+00:00,0.37029027
2026-01-20 00:00:00+00:00,0.36831466
2026-01-20 01:00:00+00:00,0.3688302
2026-01-20 02:00:00+00:00,0.367807
2026-01-20 03:00:00+00:00,0.36653368
2026-01-20 04:00:00+00:00,0.36571354
2026-01-20 05:00:00+00:00,0.3678556
2026-01-20 06:00:00+00:00,0.36651308
2026-01-20 07:00:00+00:00,0.3659467
2026-01-20 08:00:00+00:00,0.36063752
2026-01-20 09:00:00+00:00,0.35884493
2026-01-20 10:00:00+00:00,0.3601272
2026-01-20 11:00:00+00:00,0.35771279
2026-01-20 12:00:00+00:00,0.35919622
2026-01-20 13:00:00+00:00,0.35734012
2026-01-20 14:00:00+00:00,0.36064792
2026-01-20 15:00:00+00:00,0.3592834
2026-01-20 16:00:00+00:00,0.35442922
2026-01-20 17:00:00+00:00,0.35192239
2026-01-20 18:00:00+00:00,0.35139677
2026-01-20 19:00:00+00:00,0.35238321
2026-01-20 20:00:00+00:00,0.35351624
2026-01-20 21:00:00+00:00,0.35220545
2026-01-20 22:00:00+00:00,0.35105701
2026-01-20 23:00:00+00:00,0.35069508
2026-01-21 00:00:00+00:00,0.35700458
2026-01-21 01:00:00+00:00,0.35794501
2026-01-21 02:00:00+00:00,0.35807915
2026-01-21 03:00:00+00:00,0.35821856
2026-01-21 04:00:00+00:00,0.35898032
2026-01-21 05:00:00+00:00,0.36124923
2026-01-21 06:00:00+00:00,0.35885158
2026-01-21 07:00:00+00:00,0.35967615
2026-01-21 08:00:00+00:00,0.35843404
2026-01-21 09:00:00+00:00,0.35807488
2026-01-21 10:00:00+00:00,0.35709025
2026-01-21 11:00:00+00:00,0.35478156
2026-01-21 12:00:00+00:00,0.35481172
2026-01-21 13:00:00+00:00,0.35293151
2026-01-21 14:00:00+00:00,0.36195279
2026-01-21 15:00:00+00:00,0.36236946
2026-01-21 16:00:00+00:00,0.34765695
2026-01-21 17:00:00+00:00,0.35092894
2026-01-21 18:00:00+00:00,0.35370724
2026-01-21 19:00:00+00:00,0.36732551
2026-01-21 20:00:00+00:00,0.36668635
2026-01-21 21:00:00+00:00,0.3691494
2026-01-21 22:00:00+00:00,0.36858682
2026-01-21 23:00:00+00:00,0.36595027
2026-01-22 00:00:00+00:00,0.36714753
2026-01-22 01:00:00+00:00,0.36780775
2026-01-22 02:00:00+00:00,0.36523214
2026-01-22 03:00:00+00:00,0.36402669
2026-01-22 04:00:00+00:00,0.36599815
2026-01-22 05:00:00+00:00,0.36548321
2026-01-22 06:00:00+00:00,0.36569001
2026-01-22 07:00:00+00:00,0.36352999
2026-01-22 08:00:00+00:00,0.36468801
2026-01-22 09:00:00+00:00,0.3656419
2026-01-22 10:00:00+00:00,0.36567225
2026-01-22 11:00:00+00:00,0.36375341
2026-01-22 12:00:00+00:00,0.3633686
2026-01-22 13:00:00+00:00,0.36214405
2026-01-22 14:00:00+00:00,0.35821504
2026-01-22 15:00:00+00:00,0.35855561
2026-01-22 16:00:00+00:00,0.36171144
2026-01-22 17:00:00+00:00,0.36248379
2026-01-22 18:00:00+00:00,0.35964987
2026-01-22 19:00:00+00:00,0.3615
2026-01-22 20:00:00+00:00,0.36008422
2026-01-22 21:00:00+00:00,0.35933813
2026-01-22 22:00:00+00:00,0.35975951
2026-01-22 23:00:00+00:00,0.35937422
2026-01-23 00:00:00+00:00,0.35937325
2026-01-23 01:00:00+00:00,0.36133324
2026-01-23 02:00:00+00:00,0.35955233
2026-01-23 03:00:00+00:00,0.361929
2026-01-23 04:00:00+00:00,0.36450558
2026-01-23 05:00:00+00:00,0.36063889
2026-01-23 06:00:00+00:00,0.36025744
2026-01-23 07:00:00+00:00,0.36132521
2026-01-23 08:00:00+00:00,0.35923642
2026-01-23 09:00:00+00:00,0.35878252
2026-01-23 10:00:00+00:00,0.3589395
2026-01-23 11:00:00+00:00,0.36002933
2026-01-23 12:00:00+00:00,0.36010746
2026-01-23 13:00:00+00:00,0.35891329
2026-01-23 14:00:00+00:00,0.3548947
2026-01-23 15:00:00+00:00,0.36037621
2026-01-23 16:00:00+00:00,0.36343813
2026-01-23 17:00:00+00:00,0.36593928
2026-01-23 18:00:00+00:00,0.36590555
2026-01-23 19:00:00+00:00,0.36147885
2026-01-23 20:00:00+00:00,0.35903537
2026-01-23 21:00:00+00:00,0.3598875
2026-01-23 22:00:00+00:00,0.36240453
2026-01-23 23:00:00+00:00,0.36028298
2026-01-24 00:00:00+00:00,0.35922098
2026-01-24 01:00:00+00:00,0.35965929
2026-01-24 02:00:00+00:00,0.35996282
2026-01-24 03:00:00+00:00,0.36175632
2026-01-24 04:00:00+00:00,0.36117968
2026-01-24 05:00:00+00:00,0.36052811
2026-01-24 06:00:00+00:00,0.35999226
2026-01-24 07:00:00+00:00,0.3596184
2026-01-24 08:00:00+00:00,0.35979741
2026-01-24 09:00:00+00:00,0.35961375
2026-01-24 10:00:00+00:00,0.35919704
2026-01-24 11:00:00+00:00,0.35995877
2026-01-24 12:00:00+00:00,0.36014907
2026-01-24 13:00:00+00:00,0.35849097
2026-01-24 14:00:00+00:00,0.35934982
2026-01-24 15:00:00+00:00,0.35794034
2026-01-24 16:00:00+00:00,0.35864187
2026-01-24 17:00:00+00:00,0.35873684
2026-01-24 18:00:00+00:00,0.35883309
2026-01-24 19:00:00+00:00,0.35830513
2026-01-24 20:00:00+00:00,0.35917247
2026-01-24 21:00:00+00:00,0.35905744
2026-01-24 22:00:00+00:00,0.35988601
2026-01-24 23:00:00+00:00,0.35836854
2026-01-25 00:00:00+00:00,0.35903382
2026-01-25 01:00:00+00:00,0.35761103
2026-01-25 02:00:00+00:00,0.35669058
2026-01-25 03:00:00+00:00,0.35576207
2026-01-25 04:00:00+00:00,0.3571461
2026-01-25 05:00:00+00:00,0.35699997
2026-01-25 06:00:00+00:00,0.35587501
2026-01-25 07:00:00+00:00,0.35575291
2026-01-25 08:00:00+00:00,0.35472044
2026-01-25 09:00:00+00:00,0.35685566
2026-01-25 10:00:00+00:00,0.35841919
2026-01-25 11:00:00+00:00,0.3565226
2026-01-25 12:00:00+00:00,0.35611684
2026-01-25 13:00:00+00:00,0.35679805
2026-01-25 14:00:00+00:00,0.35285823
2026-01-25 15:00:00+00:00,0.35238684
2026-01-25 16:00:00+00:00,0.34468179
2026-01-25 17:00:00+00:00,0.34183429
2026-01-25 18:00:00+00:00,0.34025823
2026-01-25 19:00:00+00:00,0.33456704
2026-01-25 20:00:00+00:00,0.33589686
2026-01-25 21:00:00+00:00,0.33907729
2026-01-25 22:00:00+00:00,0.33861997
2026-01-25 23:00:00+00:00,0.3390917
2026-01-26 00:00:00+00:00,0.34388422
2026-01-26 01:00:00+00:00,0.34847948
2026-01-26 02:00:00+00:00,0.34628362
2026-01-26 03:00:00+00:00,0.345043
2026-01-26 04:00:00+00:00,0.34749711
2026-01-26 05:00:00+00:00,0.34773833
2026-01-26 06:00:00+00:00,0.3481433
2026-01-26 07:00:00+00:00,0.34822018
2026-01-26 08:00:00+00:00,0.34864038
2026-01-26 09:00:00+00:00,0.34542075
2026-01-26 10:00:00+00:00,0.34720932
2026-01-26 11:00:00+00:00,0.34714156
2026-01-26 12:00:00+00:00,0.347744
2026-01-26 13:00:00+00:00,0.34961307
2026-01-26 14:00:00+00:00,0.35392373
2026-01-26 15:00:00+00:00,0.3522824
2026-01-26 16:00:00+00:00,0.3531858
2026-01-26 17:00:00+00:00,0.35289818
2026-01-26 18:00:00+00:00,0.35397
2026-01-26 19:00:00+00:00,0.35216351
2026-01-26 20:00:00+00:00,0.35004327
2026-01-26 21:00:00+00:00,0.35324458
2026-01-26 22:00:00+00:00,0.35242048
2026-01-26 23:00:00+00:00,0.352115
2026-01-27 00:00:00+00:00,0.35239849
2026-01-27 01:00:00+00:00,0.35381339
2026-01-27 02:00:00+00:00,0.3545649
2026-01-27 03:00:00+00:00,0.35266916
2026-01-27 04:00:00+00:00,0.3531337
2026-01-27 05:00:00+00:00,0.35248159
2026-01-27 06:00:00+00:00,0.35102948
2026-01-27 07:00:00+00:00,0.35181982
2026-01-27 08:00:00+00:00,0.3516569
2026-01-27 09:00:00+00:00,0.34929276
2026-01-27 10:00:00+00:00,0.34971928
2026-01-27 11:00:00+00:00,0.35053004
2026-01-27 12:00:00+00:00,0.3498053
2026-01-27 13:00:00+00:00,0.34837148
2026-01-27 14:00:00+00:00,0.34908339
2026-01-27 15:00:00+00:00,0.35163844
2026-01-27 16:00:00+00:00,0.35738283
2026-01-27 17:00:00+00:00,0.35025296
2026-01-27 18:00:00+00:00,0.35575695
2026-01-27 19:00:00+00:00,0.35559969
2026-01-27 20:00:00+00:00,0.36178793
2026-01-27 21:00:00+00:00,0.35981042
2026-01-27 22:00:00+00:00,0.36108157
2026-01-27 23:00:00+00:00,0.36071019
2026-01-28 00:00:00+00:00,0.35946085
2026-01-28 01:00:00+00:00,0.35757477
2026-01-28 02:00:00+00:00,0.35783491
2026-01-28 03:00:00+00:00,0.35683332
2026-01-28 04:00:00+00:00,0.35565348
2026-01-28 05:00:00+00:00,0.35710447
2026-01-28 06:00:00+00:00,0.35853226
2026-01-28 07:00:00+00:00,0.35755718
2026-01-28 08:00:00+00:00,0.35690736
2026-01-28 09:00:00+00:00,0.36110766
2026-01-28 10:00:00+00:00,0.35993336
2026-01-28 11:00:00+00:00,0.3644269
2026-01-28 12:00:00+00:00,0.36095193
2026-01-28 13:00:00+00:00,0.36166452
2026-01-28 14:00:00+00:00,0.35853199
2026-01-28 15:00:00+00:00,0.35721197
2026-01-28 16:00:00+00:00,0.35682579
2026-01-28 17:00:00+00:00,0.35995724
2026-01-28 18:00:00+00:00,0.35747498
2026-01-28 19:00:00+00:00,0.35847133
2026-01-28 20:00:00+00:00,0.35745683
2026-01-28 21:00:00+00:00,0.35834125
2026-01-28 22:00:00+00:00,0.36032121
2026-01-28 23:00:00+00:00,0.358327
2026-01-29 00:00:00+00:00,0.35667899
2026-01-29 01:00:00+00:00,0.35438654
2026-01-29 02:00:00+00:00,0.35059251
2026-01-29 03:00:00+00:00,0.35118434
2026-01-29 04:00:00+00:00,0.35010504
2026-01-29 05:00:00+00:00,0.35047819
2026-01-29 06:00:00+00:00,0.35183892
2026-01-29 07:00:00+00:00,0.3513526
2026-01-29 08:00:00+00:00,0.34992183
2026-01-29 09:00:00+00:00,0.34894065
2026-01-29 10:00:00+00:00,0.34820844
2026-01-29 11:00:00+00:00,0.34654606
2026-01-29 12:00:00+00:00,0.34525016
2026-01-29 13:00:00+00:00,0.34637387
2026-01-29 14:00:00+00:00,0.33911576
2026-01-29 15:00:00+00:00,0.33327339
2026-01-29 16:00:00+00:00,0.33638132
2026-01-29 17:00:00+00:00,0.33419989
2026-01-29 18:00:00+00:00,0.32831412
2026-01-29 19:00:00+00:00,0.33090855
2026-01-29 20:00:00+00:00,0.33360138
2026-01-29 21:00:00+00:00,0.33522747
2026-01-29 22:00:00+00:00,0.3350581
2026-01-29 23:00:00+00:00,0.33464871
2026-01-30 00:00:00+00:00,0.33424935
2026-01-30 01:00:00+00:00,0.32694646
2026-01-30 02:00:00+00:00,0.32480072
2026-01-30 03:00:00+00:00,0.32511665
2026-01-30 04:00:00+00:00,0.3283002
2026-01-30 05:00:00+00:00,0.32685568
2026-01-30 06:00:00+00:00,0.32172489
2026-01-30 07:00:00+00:00,0.32556037
2026-01-30 08:00:00+00:00,0.32285489
2026-01-30 09:00:00+00:00,0.32227007
2026-01-30 10:00:00+00:00,0.32366229
2026-01-30 11:00:00+00:00,0.32787922
2026-01-30 12:00:00+00:00,0.32542474
2026-01-30 13:00:00+00:00,0.32352378
2026-01-30 14:00:00+00:00,0.32528223
2026-01-30 15:00:00+00:00,0.32574536
2026-01-30 16:00:00+00:00,0.32571952
2026-01-30 17:00:00+00:00,0.32523195
2026-01-30 18:00:00+00:00,0.32905276
2026-01-30 19:00:00+00:00,0.32905851
2026-01-30 20:00:00+00:00,0.32361963
2026-01-30 21:00:00+00:00,0.32497302
2026-01-30 22:00:00+00:00,0.32344741
2026-01-30 23:00:00+00:00,0.32079038
2026-01-31 00:00:00+00:00,0.32017194
2026-01-31 01:00:00+00:00,0.32117084
2026-01-31 02:00:00+00:00,0.31978736
2026-01-31 03:00:00+00:00,0.31852056
2026-01-31 04:00:00+00:00,0.31573031
2026-01-31 05:00:00+00:00,0.31582445
2026-01-31 06:00:00+00:00,0.3114461
2026-01-31 07:00:00+00:00,0.31239022
2026-01-31 08:00:00+00:00,0.31030054
2026-01-31 09:00:00+00:00,0.31112048
2026-01-31 10:00:00+00:00,0.3111725
2026-01-31 11:00:00+00:00,0.31033089
2026-01-31 12:00:00+00:00,0.30988569
2026-01-31 13:00:00+00:00,0.30808071
2026-01-31 14:00:00+00:00,0.29851865
2026-01-31 15:00:00+00:00,0.29620744
2026-01-31 16:00:00+00:00,0.29246813
2026-01-31 17:00:00+00:00,0.28430091
2026-01-31 18:00:00+00:00,0.28408894
2026-01-31 19:00:00+00:00,0.28531456
2026-01-31 20:00:00+00:00,0.28583076
2026-01-31 21:00:00+00:00,0.29094025
2026-01-31 22:00:00+00:00,0.28870851
2026-01-31 23:00:00+00:00,0.29362105
2026-02-01 00:00:00+00:00,0.29569853
2026-02-01 01:00:00+00:00,0.29547005
2026-02-01 02:00:00+00:00,0.2961701
2026-02-01 03:00:00+00:00,0.29582059
2026-02-01 04:00:00+00:00,0.29701302
2026-02-01 05:00:00+00:00,0.29488135
2026-02-01 06:00:00+00:00,0.29447823
2026-02-01 07:00:00+00:00,0.29622994
2026-02-01 08:00:00+00:00,0.29657399
2026-02-01 09:00:00+00:00,0.29756427
2026-02-01 10:00:00+00:00,0.29206414
2026-02-01 11:00:00+00:00,0.29541499
2026-02-01 12:00:00+00:00,0.29347337
2026-02-01 13:00:00+00:00,0.29372673
2026-02-01 14:00:00+00:00,0.29284062
2026-02-01 15:00:00+00:00,0.28943951
2026-02-01 16:00:00+00:00,0.28778244
2026-02-01 17:00:00+00:00,0.28715277
2026-02-01 18:00:00+00:00,0.2903561
2026-02-01 19:00:00+00:00,0.28689014
2026-02-01 20:00:00+00:00,0.28773291
2026-02-01 21:00:00+00:00,0.28597273
2026-02-01 22:00:00+00:00,0.28833299
2026-02-01 23:00:00+00:00,0.28571449
2026-02-02 00:00:00+00:00,0.2892341
2026-02-02 01:00:00+00:00,0.29071434
2026-02-02 02:00:00+00:00,0.28743772
2026-02-02 03:00:00+00:00,0.28632763
2026-02-02 04:00:00+00:00,0.28497558
2026-02-02 05:00:00+00:00,0.27968962
2026-02-02 06:00:00+00:00,0.28411835
2026-02-02 07:00:00+00:00,0.28414365
2026-02-02 08:00:00+00:00,0.2890895
2026-02-02 09:00:00+00:00,0.29210939
2026-02-02 10:00:00+00:00,0.29226791
2026-02-02 11:00:00+00:00,0.29249038
2026-02-02 12:00:00+00:00,0.29587005
2026-02-02 13:00:00+00:00,0.29681503
2026-02-02 14:00:00+00:00,0.29865521
2026-02-02 15:00:00+00:00,0.30136952
2026-02-02 16:00:00+00:00,0.30039778
2026-02-02 17:00:00+00:00,0.30054484
2026-02-02 18:00:00+00:00,0.30260373
2026-02-02 19:00:00+00:00,0.30063274
2026-02-02 20:00:00+00:00,0.29928588
2026-02-02 21:00:00+00:00,0.30077435
2026-02-02 22:00:00+00:00,0.30041478
2026-02-02 23:00:00+00:00,0.29911347
2026-02-03 00:00:00+00:00,0.30011813
2026-02-03 01:00:00+00:00,0.29991389
2026-02-03 02:00:00+00:00,0.29443665
2026-02-03 03:00:00+00:00,0.29930664
2026-02-03 04:00:00+00:00,0.30139199
2026-02-03 05:00:00+00:00,0.29781514
2026-02-03 06:00:00+00:00,0.29807669
2026-02-03 07:00:00+00:00,0.29937199
2026-02-03 08:00:00+00:00,0.29814564
2026-02-03 09:00:00+00:00,0.2963263
2026-02-03 10:00:00+00:00,0.29576999
2026-02-03 11:00:00+00:00,0.29730385
2026-02-03 12:00:00+00:00,0.29917721
2026-02-03 13:00:00+00:00,0.29961125
2026-02-03 14:00:00+00:00,0.29409101
2026-02-03 15:00:00+00:00,0.3039536
2026-02-03 16:00:00+00:00,0.29560481
2026-02-03 17:00:00+00:00,0.28739025
2026-02-03 18:00:00+00:00,0.28241218
2026-02-03 19:00:00+00:00,0.29496229
2026-02-03 20:00:00+00:00,0.30126634
2026-02-03 21:00:00+00:00,0.29674477
2026-02-03 22:00:00+00:00,0.29278708
2026-02-03 23:00:00+00:00,0.29169207
2026-02-04 00:00:00+00:00,0.29432748
2026-02-04 01:00:00+00:00,0.29721677
2026-02-04 02:00:00+00:00,0.29512603
2026-02-04 03:00:00+00:00,0.30108946
2026-02-04 04:00:00+00:00,0.29961369
2026-02-04 05:00:00+00:00,0.29729304
2026-02-04 06:00:00+00:00,0.29932562
2026-02-04 07:00:00+00:00,0.29981543
2026-02-04 08:00:00+00:00,0.30220003
2026-02-04 09:00:00+00:00,0.30009542
2026-02-04 10:00:00+00:00,0.29975005
2026-02-04 11:00:00+00:00,0.29720264
2026-02-04 12:00:00+00:00,0.29642569
2026-02-04 13:00:00+00:00,0.29160682
2026-02-04 14:00:00+00:00,0.28697377
2026-02-04 15:00:00+00:00,0.28657124
2026-02-04 16:00:00+00:00,0.28581583
2026-02-04 17:00:00+00:00,0.28563373
2026-02-04 18:00:00+00:00,0.28770852
2026-02-04 19:00:00+00:00,0.29230106
2026-02-04 20:00:00+00:00,0.28953979
2026-02-04 21:00:00+00:00,0.28539961
2026-02-04 22:00:00+00:00,0.28349764
2026-02-04 23:00:00+00:00,0.28637411
2026-02-05 00:00:00+00:00,0.28638987
2026-02-05 01:00:00+00:00,0.28607662
2026-02-05 02:00:00+00:00,0.2842754
2026-02-05 03:00:00+00:00,0.28275522
2026-02-05 04:00:00+00:00,0.28337018
2026-02-05 05:00:00+00:00,0.2838453
2026-02-05 06:00:00+00:00,0.27978469
2026-02-05 07:00:00+00:00,0.27935831
2026-02-05 08:00:00+00:00,0.28075717
2026-02-05 09:00:00+00:00,0.28042126
2026-02-05 10:00:00+00:00,0.27287857
2026-02-05 11:00:00+00:00,0.27207787
2026-02-05 12:00:00+00:00,0.27202248
2026-02-05 13:00:00+00:00,0.27003691
2026-02-05 14:00:00+00:00,0.27178328
2026-02-05 15:00:00+00:00,0.2623894
2026-02-05 16:00:00+00:00,0.26528028
2026-02-05 17:00:00+00:00,0.25806979
2026-02-05 18:00:00+00:00,0.25888408
2026-02-05 19:00:00+00:00,0.25371284
2026-02-05 20:00:00+00:00,0.24780533
2026-02-05 21:00:00+00:00,0.24723627
2026-02-05 22:00:00+00:00,0.24937522
2026-02-05 23:00:00+00:00,0.24544856
2026-02-06 00:00:00+00:00,0.2440771
2026-02-06 01:00:00+00:00,0.25179024
2026-02-06 02:00:00+00:00,0.24609261
2026-02-06 03:00:00+00:00,0.24897819
2026-02-06 04:00:00+00:00,0.25126942
2026-02-06 05:00:00+00:00,0.25786957
2026-02-06 06:00:00+00:00,0.2544016
2026-02-06 07:00:00+00:00,0.25138458
2026-02-06 08:00:00+00:00,0.25097354
2026-02-06 09:00:00+00:00,0.25701099
2026-02-06 10:00:00+00:00,0.26201676
2026-02-06 11:00:00+00:00,0.2616213
2026-02-06 12:00:00+00:00,0.2625423
2026-02-06 13:00:00+00:00,0.26457119
2026-02-06 14:00:00+00:00,0.27114345
2026-02-06 15:00:00+00:00,0.27351636
2026-02-06 16:00:00+00:00,0.27835026
2026-02-06 17:00:00+00:00,0.28053008
2026-02-06 18:00:00+00:00,0.27766258
2026-02-06 19:00:00+00:00,0.27831576
2026-02-06 20:00:00+00:00,0.2756613
2026-02-06 21:00:00+00:00,0.27639465
2026-02-06 22:00:00+00:00,0.27916082
2026-02-06 23:00:00+00:00,0.2761399
2026-02-07 00:00:00+00:00,0.27313356
2026-02-07 01:00:00+00:00,0.27461119
2026-02-07 02:00:00+00:00,0.2729639
2026-02-07 03:00:00+00:00,0.27593989
2026-02-07 04:00:00+00:00,0.27408674
2026-02-07 05:00:00+00:00,0.27393769
2026-02-07 06:00:00+00:00,0.27007308
2026-02-07 07:00:00+00:00,0.26831698
2026-02-07 08:00:00+00:00,0.26974973
2026-02-07 09:00:00+00:00,0.26756398
2026-02-07 10:00:00+00:00,0.26703747
2026-02-07 11:00:00+00:00,0.26721879
2026-02-07 12:00:00+00:00,0.27203837
2026-02-07 13:00:00+00:00,0.27089369
2026-02-07 14:00:00+00:00,0.26916053
2026-02-07 15:00:00+00:00,0.27269062
2026-02-07 16:00:00+00:00,0.27322017
2026-02-07 17:00:00+00:00,0.2738077
2026-02-07 18:00:00+00:00,0.27698725
2026-02-07 19:00:00+00:00,0.27448397
2026-02-07 20:00:00+00:00,0.27560116
2026-02-07 21:00:00+00:00,0.27313806
2026-02-07 22:00:00+00:00,0.27254286
2026-02-07 23:00:00+00:00,0.27213277
2026-02-08 00:00:00+00:00,0.2716168
2026-02-08 01:00:00+00:00,0.27215898
2026-02-08 02:00:00+00:00,0.2706723
2026-02-08 03:00:00+00:00,0.26974532
2026-02-08 04:00:00+00:00,0.27080188
2026-02-08 05:00:00+00:00,0.27029004
2026-02-08 06:00:00+00:00,0.27013738
2026-02-08 07:00:00+00:00,0.27116811
2026-02-08 08:00:00+00:00,0.27554416
2026-02-08 09:00:00+00:00,0.27227494
2026-02-08 10:00:00+00:00,0.27102814
2026-02-08 11:00:00+00:00,0.27468152
2026-02-08 12:00:00+00:00,0.27506917
2026-02-08 13:00:00+00:00,0.27418504
2026-02-08 14:00:00+00:00,0.274518
2026-02-08 15:00:00+00:00,0.2727021
2026-02-08 16:00:00+00:00,0.26838416
2026-02-08 17:00:00+00:00,0.27083248
2026-02-08 18:00:00+00:00,0.27307014
2026-02-08 19:00:00+00:00,0.2745117
2026-02-08 20:00:00+00:00,0.27088984
2026-02-08 21:00:00+00:00,0.27020853
2026-02-08 22:00:00+00:00,0.27109276
2026-02-08 23:00:00+00:00,0.27007708
2026-02-09 00:00:00+00:00,0.27028887
2026-02-09 01:00:00+00:00,0.26954352
2026-02-09 02:00:00+00:00,0.27174751
2026-02-09 03:00:00+00:00,0.27351326
2026-02-09 04:00:00+00:00,0.27227725
2026-02-09 05:00:00+00:00,0.27259893
2026-02-09 06:00:00+00:00,0.27118036
2026-02-09 07:00:00+00:00,0.2692044
2026-02-09 08:00:00+00:00,0.26650669
2026-02-09 09:00:00+00:00,0.26406603
2026-02-09 10:00:00+00:00,0.26055989
2026-02-09 11:00:00+00:00,0.26160334
2026-02-09 12:00:00+00:00,0.2647118
2026-02-09 13:00:00+00:00,0.26270662
2026-02-09 14:00:00+00:00,0.26602403
2026-02-09 15:00:00+00:00,0.26784822
2026-02-09 16:00:00+00:00,0.26985183
2026-02-09 17:00:00+00:00,0.27187864
2026-02-09 18:00:00+00:00,0.27022253
2026-02-09 19:00:00+00:00,0.27104297
2026-02-09 20:00:00+00:00,0.27132467
2026-02-09 21:00:00+00:00,0.27051148
2026-02-09 22:00:00+00:00,0.27068233
2026-02-09 23:00:00+00:00,0.26990754
2026-02-10 00:00:00+00:00,0.26874693
2026-02-10 01:00:00+00:00,0.27011859
2026-02-10 02:00:00+00:00,0.26931933
2026-02-10 03:00:00+00:00,0.26618518
2026-02-10 04:00:00+00:00,0.26783303
2026-02-10 05:00:00+00:00,0.26584242
2026-02-10 06:00:00+00:00,0.26220556
2026-02-10 07:00:00+00:00,0.26298778
2026-02-10 08:00:00+00:00,0.2642339
2026-02-10 09:00:00+00:00,0.26452223
2026-02-10 10:00:00+00:00,0.26387527
2026-02-10 11:00:00+00:00,0.26304117
2026-02-10 12:00:00+00:00,0.26254733
2026-02-10 13:00:00+00:00,0.26339727
2026-02-10 14:00:00+00:00,0.2629822
2026-02-10 15:00:00+00:00,0.26339273
2026-02-10 16:00:00+00:00,0.26301871
2026-02-10 17:00:00+00:00,0.26434871
2026-02-10 18:00:00+00:00,0.26106338
2026-02-10 19:00:00+00:00,0.26260457
2026-02-10 20:00:00+00:00,0.26200932
2026-02-10 21:00:00+00:00,0.26141775
2026-02-10 22:00:00+00:00,0.26180326
2026-02-10 23:00:00+00:00,0.26186066
2026-02-11 00:00:00+00:00,0.26279483
2026-02-11 01:00:00+00:00,0.26322784
2026-02-11 02:00:00+00:00,0.26292065
2026-02-11 03:00:00+00:00,0.26251429
2026-02-11 04:00:00+00:00,0.25880636
2026-02-11 05:00:00+00:00,0.25771211
2026-02-11 06:00:00+00:00,0.25549652
2026-02-11 07:00:00+00:00,0.25549981
2026-02-11 08:00:00+00:00,0.25523576
2026-02-11 09:00:00+00:00,0.25397321
2026-02-11 10:00:00+00:00,0.25292464
2026-02-11 11:00:00+00:00,0.25536993
2026-02-11 12:00:00+00:00,0.25450592
2026-02-11 13:00:00+00:00,0.2564733
2026-02-11 14:00:00+00:00,0.25381916
2026-02-11 15:00:00+00:00,0.25310476
2026-02-11 16:00:00+00:00,0.25171496
2026-02-11 17:00:00+00:00,0.2553174
2026-02-11 18:00:00+00:00,0.25805727
2026-02-11 19:00:00+00:00,0.25725036
2026-02-11 20:00:00+00:00,0.25774295
2026-02-11 21:00:00+00:00,0.25848507
2026-02-11 22:00:00+00:00,0.25663304
2026-02-11 23:00:00+00:00,0.25590726
2026-02-12 00:00:00+00:00,0.25771265
2026-02-12 01:00:00+00:00,0.25762539
2026-02-12 02:00:00+00:00,0.25817323
2026-02-12 03:00:00+00:00,0.25927181
2026-02-12 04:00:00+00:00,0.25809988
2026-02-12 05:00:00+00:00,0.25934645
2026-02-12 06:00:00+00:00,0.26106979
2026-02-12 07:00:00+00:00,0.26275928
2026-02-12 08:00:00+00:00,0.26235912
2026-02-12 09:00:00+00:00,0.26550105
2026-02-12 10:00:00+00:00,0.26940046
2026-02-12 11:00:00+00:00,0.26770533
2026-02-12 12:00:00+00:00,0.26499295
2026-02-12 13:00:00+00:00,0.26713625
2026-02-12 14:00:00+00:00,0.26576241
2026-02-12 15:00:00+00:00,0.26253037
2026-02-12 16:00:00+00:00,0.25864781
2026-02-12 17:00:00+00:00,0.2592016
2026-02-12 18:00:00+00:00,0.25997838
2026-02-12 19:00:00+00:00,0.26168116
2026-02-12 20:00:00+00:00,0.25873973
2026-02-12 21:00:00+00:00,0.25962073
2026-02-12 22:00:00+00:00,0.26235453
2026-02-12 23:00:00+00:00,0.26431557
2026-02-13 00:00:00+00:00,0.26224177
2026-02-13 01:00:00+00:00,0.26258015
2026-02-13 02:00:00+00:00,0.26377145
2026-02-13 03:00:00+00:00,0.26287366
2026-02-13 04:00:00+00:00,0.26165819
2026-02-13 05:00:00+00:00,0.25954945
2026-02-13 06:00:00+00:00,0.261468
2026-02-13 07:00:00+00:00,0.2620223
2026-02-13 08:00:00+00:00,0.26386421
2026-02-13 09:00:00+00:00,0.26336188
2026-02-13 10:00:00+00:00,0.26386971
2026-02-13 11:00:00+00:00,0.26391493
2026-02-13 12:00:00+00:00,0.26290788
2026-02-13 13:00:00+00:00,0.26553296
2026-02-13 14:00:00+00:00,0.26554499
2026-02-13 15:00:00+00:00,0.26909839
2026-02-13 16:00:00+00:00,0.27321143
2026-02-13 17:00:00+00:00,0.27193524
2026-02-13 18:00:00+00:00,0.27240213
2026-02-13 19:00:00+00:00,0.27253379
2026-02-13 20:00:00+00:00,0.27349724
2026-02-13 21:00:00+00:00,0.27387526
2026-02-13 22:00:00+00:00,0.27273865
2026-02-13 23:00:00+00:00,0.27298251
2026-02-14 00:00:00+00:00,0.27450731
2026-02-14 01:00:00+00:00,0.27577958
2026-02-14 02:00:00+00:00,0.27599993
2026-02-14 03:00:00+00:00,0.2773478
2026-02-14 04:00:00+00:00,0.27579364
2026-02-14 05:00:00+00:00,0.27517721
2026-02-14 06:00:00+00:00,0.27447134
2026-02-14 07:00:00+00:00,0.27575461
2026-02-14 08:00:00+00:00,0.27883046
2026-02-14 09:00:00+00:00,0.27842331
2026-02-14 10:00:00+00:00,0.27867526
2026-02-14 11:00:00+00:00,0.28308104
2026-02-14 12:00:00+00:00,0.28183712
2026-02-14 13:00:00+00:00,0.28129351
2026-02-14 14:00:00+00:00,0.28672054
2026-02-14 15:00:00+00:00,0.28623539
2026-02-14 16:00:00+00:00,0.28956854
2026-02-14 17:00:00+00:00,0.28941399
2026-02-14 18:00:00+00:00,0.29345482
2026-02-14 19:00:00+00:00,0.29850121
2026-02-14 20:00:00+00:00,0.29725098
2026-02-14 21:00:00+00:00,0.29599595
2026-02-14 22:00:00+00:00,0.29704926
2026-02-14 23:00:00+00:00,0.29498906
2026-02-15 00:00:00+00:00,0.29675689
2026-02-15 01:00:00+00:00,0.29662269
2026-02-15 02:00:00+00:00,0.29553038
2026-02-15 03:00:00+00:00,0.29738017
2026-02-15 04:00:00+00:00,0.29746286
2026-02-15 05:00:00+00:00,0.29830572
2026-02-15 06:00:00+00:00,0.29698899
2026-02-15 07:00:00+00:00,0.3007933
2026-02-15 08:00:00+00:00,0.29632523
2026-02-15 09:00:00+00:00,0.29553864
2026-02-15 10:00:00+00:00,0.29274357
2026-02-15 11:00:00+00:00,0.29058774
2026-02-15 12:00:00+00:00,0.28355504
2026-02-15 13:00:00+00:00,0.28212313
2026-02-15 14:00:00+00:00,0.28462869
2026-02-15 15:00:00+00:00,0.28422704
2026-02-15 16:00:00+00:00,0.283644
2026-02-15 17:00:00+00:00,0.28063055
2026-02-15 18:00:00+00:00,0.27908121
2026-02-15 19:00:00+00:00,0.27912484
2026-02-15 20:00:00+00:00,0.27928309
2026-02-15 21:00:00+00:00,0.28038679
2026-02-15 22:00:00+00:00,0.28229301
2026-02-15 23:00:00+00:00,0.28170451
2026-02-16 00:00:00+00:00,0.28203964
2026-02-16 01:00:00+00:00,0.28109281
2026-02-16 02:00:00+00:00,0.27999016
2026-02-16 03:00:00+00:00,0.28021085
2026-02-16 04:00:00+00:00,0.28223334
2026-02-16 05:00:00+00:00,0.27814211
2026-02-16 06:00:00+00:00,0.28016168
2026-02-16 07:00:00+00:00,0.28018011
2026-02-16 08:00:00+00:00,0.28178003
2026-02-16 09:00:00+00:00,0.28503414
2026-02-16 10:00:00+00:00,0.28287163
2026-02-16 11:00:00+00:00,0.28296437
2026-02-16 12:00:00+00:00,0.28715233
2026-02-16 13:00:00+00:00,0.28115215
2026-02-16 14:00:00+00:00,0.28413489
2026-02-16 15:00:00+00:00,0.27909205
2026-02-16 16:00:00+00:00,0.28137141
2026-02-16 17:00:00+00:00,0.2821286
2026-02-16 18:00:00+00:00,0.28155404
2026-02-16 19:00:00+00:00,0.282288
2026-02-16 20:00:00+00:00,0.28550119
2026-02-16 21:00:00+00:00,0.28741746
2026-02-16 22:00:00+00:00,0.28493709
2026-02-16 23:00:00+00:00,0.28580476
2026-02-17 00:00:00+00:00,0.28483392
2026-02-17 01:00:00+00:00,0.28450585
2026-02-17 02:00:00+00:00,0.28830699
2026-02-17 03:00:00+00:00,0.28649274
2026-02-17 04:00:00+00:00,0.28661333
2026-02-17 05:00:00+00:00,0.28560917
2026-02-17 06:00:00+00:00,0.28741058
2026-02-17 07:00:00+00:00,0.28648937
2026-02-17 08:00:00+00:00,0.28362824
2026-02-17 09:00:00+00:00,0.28231765
2026-02-17 10:00:00+00:00,0.28016501
2026-02-17 11:00:00+00:00,0.28036631
2026-02-17 12:00:00+00:00,0.28188292
2026-02-17 13:00:00+00:00,0.28339968
2026-02-17 14:00:00+00:00,0.27831524
2026-02-17 15:00:00+00:00,0.28129076
2026-02-17 16:00:00+00:00,0.28299315
2026-02-17 17:00:00+00:00,0.28115135
2026-02-17 18:00:00+00:00,0.28474097
2026-02-17 19:00:00+00:00,0.28318301
2026-02-17 20:00:00+00:00,0.28278147
2026-02-17 21:00:00+00:00,0.28251217
2026-02-17 22:00:00+00:00,0.28126907
2026-02-17 23:00:00+00:00,0.28098848
2026-02-18 00:00:00+00:00,0.28009133
2026-02-18 01:00:00+00:00,0.28013819
2026-02-18 02:00:00+00:00,0.28245379
2026-02-18 03:00:00+00:00,0.28317098
2026-02-18 04:00:00+00:00,0.28202839
2026-02-18 05:00:00+00:00,0.28237014
2026-02-18 06:00:00+00:00,0.28232239
2026-02-18 07:00:00+00:00,0.28452591
2026-02-18 08:00:00+00:00,0.2851352
2026-02-18 09:00:00+00:00,0.28534284
2026-02-18 10:00:00+00:00,0.28345443
2026-02-18 11:00:00+00:00,0.28074398
2026-02-18 12:00:00+00:00,0.28247521
2026-02-18 13:00:00+00:00,0.28084847
2026-02-18 14:00:00+00:00,0.28128704
2026-02-18 15:00:00+00:00,0.28401946
2026-02-18 16:00:00+00:00,0.28030827
2026-02-18 17:00:00+00:00,0.27982313
2026-02-18 18:00:00+00:00,0.27558715
2026-02-18 19:00:00+00:00,0.27361417
2026-02-18 20:00:00+00:00,0.27391992
2026-02-18 21:00:00+00:00,0.27375667
2026-02-18 22:00:00+00:00,0.27341553
2026-02-18 23:00:00+00:00,0.27354291
2026-02-19 00:00:00+00:00,0.2726267
2026-02-19 01:00:00+00:00,0.27507442
2026-02-19 02:00:00+00:00,0.27485979
2026-02-19 03:00:00+00:00,0.27520094
2026-02-19 04:00:00+00:00,0.27466952
2026-02-19 05:00:00+00:00,0.27479276
2026-02-19 06:00:00+00:00,0.27630993
2026-02-19 07:00:00+00:00,0.27639455
2026-02-19 08:00:00+00:00,0.27405567
2026-02-19 09:00:00+00:00,0.27342337
2026-02-19 10:00:00+00:00,0.27365234
2026-02-19 11:00:00+00:00,0.27223922
2026-02-19 12:00:00+00:00,0.27217629
2026-02-19 13:00:00+00:00,0.26984433
2026-02-19 14:00:00+00:00,0.27237301
2026-02-19 15:00:00+00:00,0.27023991
2026-02-19 16:00:00+00:00,0.26953732
2026-02-19 17:00:00+00:00,0.26947848
2026-02-19 18:00:00+00:00,0.27307352
2026-02-19 19:00:00+00:00,0.27279015
2026-02-19 20:00:00+00:00,0.27266156
2026-02-19 21:00:00+00:00,0.27207151
2026-02-19 22:00:00+00:00,0.27235504
2026-02-19 23:00:00+00:00,0.27292361
2026-02-20 00:00:00+00:00,0.27417405
2026-02-20 01:00:00+00:00,0.27401417
2026-02-20 02:00:00+00:00,0.27383567
2026-02-20 03:00:00+00:00,0.27384373
2026-02-20 04:00:00+00:00,0.27252199
2026-02-20 05:00:00+00:00,0.27480036
2026-02-20 06:00:00+00:00,0.27463884
2026-02-20 07:00:00+00:00,0.27367466
2026-02-20 08:00:00+00:00,0.27474302
2026-02-20 09:00:00+00:00,0.27738502
2026-02-20 10:00:00+00:00,0.27857134
2026-02-20 11:00:00+00:00,0.27680137
2026-02-20 12:00:00+00:00,0.27696349
2026-02-20 13:00:00+00:00,0.27190464
2026-02-20 14:00:00+00:00,0.27725459
2026-02-20 15:00:00+00:00,0.28880687
2026-02-20 16:00:00+00:00,0.28828083
2026-02-20 17:00:00+00:00,0.28567296
2026-02-20 18:00:00+00:00,0.28331921
2026-02-20 19:00:00+00:00,0.28299486
2026-02-20 20:00:00+00:00,0.28417094
2026-02-20 21:00:00+00:00,0.28458958
2026-02-20 22:00:00+00:00,0.28559706
2026-02-20 23:00:00+00:00,0.28492803
2026-02-21 00:00:00+00:00,0.28300931
2026-02-21 01:00:00+00:00,0.28356371
2026-02-21 02:00:00+00:00,0.28375573
2026-02-21 03:00:00+00:00,0.28307805
2026-02-21 04:00:00+00:00,0.28341342
2026-02-21 05:00:00+00:00,0.28343059
2026-02-21 06:00:00+00:00,0.28168176
2026-02-21 07:00:00+00:00,0.2814109
2026-02-21 08:00:00+00:00,0.28390395
2026-02-21 09:00:00+00:00,0.28426542
2026-02-21 10:00:00+00:00,0.28385103
2026-02-21 11:00:00+00:00,0.28348705
2026-02-21 12:00:00+00:00,0.28282496
2026-02-21 13:00:00+00:00,0.28343276
2026-02-21 14:00:00+00:00,0.2828651
2026-02-21 15:00:00+00:00,0.28253664
2026-02-21 16:00:00+00:00,0.2806071
2026-02-21 17:00:00+00:00,0.28091322
2026-02-21 18:00:00+00:00,0.28180212
2026-02-21 19:00:00+00:00,0.28027703
2026-02-21 20:00:00+00:00,0.27934769
2026-02-21 21:00:00+00:00,0.28105994
2026-02-21 22:00:00+00:00,0.2802018
2026-02-21 23:00:00+00:00,0.28008239
2026-02-22 00:00:00+00:00,0.27867074
2026-02-22 01:00:00+00:00,0.27927347
2026-02-22 02:00:00+00:00,0.27703482
2026-02-22 03:00:00+00:00,0.27722064
2026-02-22 04:00:00+00:00,0.27646273
2026-02-22 05:00:00+00:00,0.27578342
2026-02-22 06:00:00+00:00,0.27660756
2026-02-22 07:00:00+00:00,0.27591068
2026-02-22 08:00:00+00:00,0.2754616
2026-02-22 09:00:00+00:00,0.27645288
2026-02-22 10:00:00+00:00,0.27621252
2026-02-22 11:00:00+00:00,0.275915
2026-02-22 12:00:00+00:00,0.2733429
2026-02-22 13:00:00+00:00,0.27279664
2026-02-22 14:00:00+00:00,0.27199647
2026-02-22 15:00:00+00:00,0.2718244
2026-02-22 16:00:00+00:00,0.27130206
2026-02-22 17:00:00+00:00,0.27040379
2026-02-22 18:00:00+00:00,0.27001781
2026-02-22 19:00:00+00:00,0.26995955
2026-02-22 20:00:00+00:00,0.26920047
2026-02-22 21:00:00+00:00,0.27040147
2026-02-22 22:00:00+00:00,0.27174929
2026-02-22 23:00:00+00:00,0.27169318
2026-02-23 00:00:00+00:00,0.26838173
2026-02-23 01:00:00+00:00,0.25848021
2026-02-23 02:00:00+00:00,0.26025588
2026-02-23 03:00:00+00:00,0.26112756
2026-02-23 04:00:00+00:00,0.26087084
2026-02-23 05:00:00+00:00,0.26181145
2026-02-23 06:00:00+00:00,0.26610125
2026-02-23 07:00:00+00:00,0.26667411
2026-02-23 08:00:00+00:00,0.26511753
2026-02-23 09:00:00+00:00,0.27114229
2026-02-23 10:00:00+00:00,0.27041294
2026-02-23 11:00:00+00:00,0.27134825
2026-02-23 12:00:00+00:00,0.27357461
2026-02-23 13:00:00+00:00,0.27201374
2026-02-23 14:00:00+00:00,0.27043037
2026-02-23 15:00:00+00:00,0.26703687
2026-02-23 16:00:00+00:00,0.26605458
2026-02-23 17:00:00+00:00,0.2631821
2026-02-23 18:00:00+00:00,0.26342453
2026-02-23 19:00:00+00:00,0.26204319
2026-02-23 20:00:00+00:00,0.26314122
2026-02-23 21:00:00+00:00,0.26349197
2026-02-23 22:00:00+00:00,0.26334259
2026-02-23 23:00:00+00:00,0.26228755
2026-02-24 00:00:00+00:00,0.2643096
2026-02-24 01:00:00+00:00,0.26105313
2026-02-24 02:00:00+00:00,0.2604074
2026-02-24 03:00:00+00:00,0.25865368
2026-02-24 04:00:00+00:00,0.25804549
2026-02-24 05:00:00+00:00,0.25722395
2026-02-24 06:00:00+00:00,0.25646823
2026-02-24 07:00:00+00:00,0.25758684
2026-02-24 08:00:00+00:00,0.25804597
2026-02-24 09:00:00+00:00,0.25712576
2026-02-24 10:00:00+00:00,0.25747192
2026-02-24 11:00:00+00:00,0.25739788
2026-02-24 12:00:00+00:00,0.25655687
2026-02-24 13:00:00+00:00,0.25624594
2026-02-24 14:00:00+00:00,0.25774805
2026-02-24 15:00:00+00:00,0.25964546
2026-02-24 16:00:00+00:00,0.26169383
2026-02-24 17:00:00+00:00,0.26141618
2026-02-24 18:00:00+00:00,0.26128224
2026-02-24 19:00:00+00:00,0.26043175
2026-02-24 20:00:00+00:00,0.26066935
2026-02-24 21:00:00+00:00,0.25939701
2026-02-24 22:00:00+00:00,0.25952427
2026-02-24 23:00:00+00:00,0.25867373
2026-02-25 00:00:00+00:00,0.25907122
2026-02-25 01:00:00+00:00,0.26741663
2026-02-25 02:00:00+00:00,0.26882116
2026-02-25 03:00:00+00:00,0.26602673
2026-02-25 04:00:00+00:00,0.26601772
2026-02-25 05:00:00+00:00,0.26399011
2026-02-25 06:00:00+00:00,0.26442912
2026-02-25 07:00:00+00:00,0.2660818
2026-02-25 08:00:00+00:00,0.26866454
2026-02-25 09:00:00+00:00,0.27009784
2026-02-25 10:00:00+00:00,0.2696937
2026-02-25 11:00:00+00:00,0.27100684
2026-02-25 12:00:00+00:00,0.27671854
2026-02-25 13:00:00+00:00,0.27869097
2026-02-25 14:00:00+00:00,0.28707601
2026-02-25 15:00:00+00:00,0.29040309
2026-02-25 16:00:00+00:00,0.29516429
2026-02-25 17:00:00+00:00,0.29624005
2026-02-25 18:00:00+00:00,0.29905888
2026-02-25 19:00:00+00:00,0.30264241
2026-02-25 20:00:00+00:00,0.30749468
2026-02-25 21:00:00+00:00,0.30946948
2026-02-25 22:00:00+00:00,0.30068245
2026-02-25 23:00:00+00:00,0.29707591
2026-02-26 00:00:00+00:00,0.29577553
2026-02-26 01:00:00+00:00,0.29634334
2026-02-26 02:00:00+00:00,0.29675967
2026-02-26 03:00:00+00:00,0.29529086
2026-02-26 04:00:00+00:00,0.29739512
2026-02-26 05:00:00+00:00,0.29517329
2026-02-26 06:00:00+00:00,0.29421467
2026-02-26 07:00:00+00:00,0.29325457
2026-02-26 08:00:00+00:00,0.29236062
2026-02-26 09:00:00+00:00,0.29490892
2026-02-26 10:00:00+00:00,0.29207816
2026-02-26 11:00:00+00:00,0.28938179
2026-02-26 12:00:00+00:00,0.29274013
2026-02-26 13:00:00+00:00,0.29219379
2026-02-26 14:00:00+00:00,0.29210415
2026-02-26 15:00:00+00:00,0.29158434
2026-02-26 16:00:00+00:00,0.28413207
2026-02-26 17:00:00+00:00,0.28361491
2026-02-26 18:00:00+00:00,0.28629106
2026-02-26 19:00:00+00:00,0.28834724
2026-02-26 20:00:00+00:00,0.28514982
2026-02-26 21:00:00+00:00,0.28554992
2026-02-26 22:00:00+00:00,0.28735708
2026-02-26 23:00:00+00:00,0.28700011
2026-02-27 00:00:00+00:00,0.28624161
2026-02-27 01:00:00+00:00,0.28767821
2026-02-27 02:00:00+00:00,0.2870442
2026-02-27 03:00:00+00:00,0.29009933
2026-02-27 04:00:00+00:00,0.29337748
2026-02-27 05:00:00+00:00,0.29487861
2026-02-27 06:00:00+00:00,0.29237842
2026-02-27 07:00:00+00:00,0.29034896
2026-02-27 08:00:00+00:00,0.29229676
2026-02-27 09:00:00+00:00,0.29067703
2026-02-27 10:00:00+00:00,0.28613356
2026-02-27 11:00:00+00:00,0.28192057
2026-02-27 12:00:00+00:00,0.28348419
2026-02-27 13:00:00+00:00,0.28393714
2026-02-27 14:00:00+00:00,0.28162399
2026-02-27 15:00:00+00:00,0.28067792
2026-02-27 16:00:00+00:00,0.27758816
2026-02-27 17:00:00+00:00,0.27802644
2026-02-27 18:00:00+00:00,0.27683681
2026-02-27 19:00:00+00:00,0.27561145
2026-02-27 20:00:00+00:00,0.27743426
2026-02-27 21:00:00+00:00,0.27613177
2026-02-27 22:00:00+00:00,0.27662306
2026-02-27 23:00:00+00:00,0.27762401
2026-02-28 00:00:00+00:00,0.27788248
2026-02-28 01:00:00+00:00,0.2776835
2026-02-28 02:00:00+00:00,0.27919818
2026-02-28 03:00:00+00:00,0.27685274
2026-02-28 04:00:00+00:00,0.27669681
2026-02-28 05:00:00+00:00,0.27563679
2026-02-28 06:00:00+00:00,0.26319435
2026-02-28 07:00:00+00:00,0.26508188
2026-02-28 08:00:00+00:00,0.2609445
2026-02-28 09:00:00+00:00,0.26108548
2026-02-28 10:00:00+00:00,0.26329349
2026-02-28 11:00:00+00:00,0.2627161
2026-02-28 12:00:00+00:00,0.26341372
2026-02-28 13:00:00+00:00,0.26966467
2026-02-28 14:00:00+00:00,0.26640266
2026-02-28 15:00:00+00:00,0.26789872
2026-02-28 16:00:00+00:00,0.26908154
2026-02-28 17:00:00+00:00,0.26891213
2026-02-28 18:00:00+00:00,0.2739672
2026-02-28 19:00:00+00:00,0.27546831
2026-02-28 20:00:00+00:00,0.28076855
2026-02-28 21:00:00+00:00,0.2781586
2026-02-28 22:00:00+00:00,0.28060383
2026-02-28 23:00:00+00:00,0.2810691
2026-03-01 00:00:00+00:00,0.27963892
2026-03-01 01:00:00+00:00,0.28621833
2026-03-01 02:00:00+00:00,0.28993349
2026-03-01 03:00:00+00:00,0.28689875
2026-03-01 04:00:00+00:00,0.28586698
2026-03-01 05:00:00+00:00,0.28591301
2026-03-01 06:00:00+00:00,0.28256146
2026-03-01 07:00:00+00:00,0.2827564
2026-03-01 08:00:00+00:00,0.27908435
2026-03-01 09:00:00+00:00,0.27871881
2026-03-01 10:00:00+00:00,0.27860496
2026-03-01 11:00:00+00:00,0.27806282
2026-03-01 12:00:00+00:00,0.2762005
2026-03-01 13:00:00+00:00,0.28067643
2026-03-01 14:00:00+00:00,0.27922558
2026-03-01 15:00:00+00:00,0.28013529
2026-03-01 16:00:00+00:00,0.27708976
2026-03-01 17:00:00+00:00,0.27493486
2026-03-01 18:00:00+00:00,0.27608225
2026-03-01 19:00:00+00:00,0.2735756
2026-03-01 20:00:00+00:00,0.26992714
2026-03-01 21:00:00+00:00,0.27297565
2026-03-01 22:00:00+00:00,0.27173675
2026-03-01 23:00:00+00:00,0.27349088
2026-03-02 00:00:00+00:00,0.2764956
2026-03-02 01:00:00+00:00,0.27670377
2026-03-02 02:00:00+00:00,0.27582923
2026-03-02 03:00:00+00:00,0.27709628
2026-03-02 04:00:00+00:00,0.27602197
2026-03-02 05:00:00+00:00,0.27492237
2026-03-02 06:00:00+00:00,0.27198115
2026-03-02 07:00:00+00:00,0.27074418
2026-03-02 08:00:00+00:00,0.27219204
2026-03-02 09:00:00+00:00,0.27180384
2026-03-02 10:00:00+00:00,0.27171585
2026-03-02 11:00:00+00:00,0.27198941
2026-03-02 12:00:00+00:00,0.27098338
2026-03-02 13:00:00+00:00,0.27013644
2026-03-02 14:00:00+00:00,0.27705045
2026-03-02 15:00:00+00:00,0.28423979
2026-03-02 16:00:00+00:00,0.28459485
2026-03-02 17:00:00+00:00,0.28198336
2026-03-02 18:00:00+00:00,0.28050657
2026-03-02 19:00:00+00:00,0.28043191
2026-03-02 20:00:00+00:00,0.27949971
2026-03-02 21:00:00+00:00,0.27956145
2026-03-02 22:00:00+00:00,0.28044873
2026-03-02 23:00:00+00:00,0.27705739
2026-03-03 00:00:00+00:00,0.27615296
2026-03-03 01:00:00+00:00,0.27440881
2026-03-03 02:00:00+00:00,0.27382429
2026-03-03 03:00:00+00:00,0.27347301
2026-03-03 04:00:00+00:00,0.27145887
2026-03-03 05:00:00+00:00,0.27074148
2026-03-03 06:00:00+00:00,0.26933753
2026-03-03 07:00:00+00:00,0.2687631
2026-03-03 08:00:00+00:00,0.26596826
2026-03-03 09:00:00+00:00,0.26487389
2026-03-03 10:00:00+00:00,0.26510624
2026-03-03 11:00:00+00:00,0.26474417
2026-03-03 12:00:00+00:00,0.26528319
2026-03-03 13:00:00+00:00,0.26377393
2026-03-03 14:00:00+00:00,0.26293438
2026-03-03 15:00:00+00:00,0.26523326
2026-03-03 16:00:00+00:00,0.26823536
2026-03-03 17:00:00+00:00,0.26774717
2026-03-03 18:00:00+00:00,0.26701191
2026-03-03 19:00:00+00:00,0.26360101
2026-03-03 20:00:00+00:00,0.26171851
2026-03-03 21:00:00+00:00,0.26201797
2026-03-03 22:00:00+00:00,0.26299024
2026-03-03 23:00:00+00:00,0.26254841
2026-03-04 00:00:00+00:00,0.26247344
2026-03-04 01:00:00+00:00,0.26393213
2026-03-04 02:00:00+00:00,0.26412482
2026-03-04 03:00:00+00:00,0.26271595
2026-03-04 04:00:00+00:00,0.26090855
2026-03-04 05:00:00+00:00,0.26083112
2026-03-04 06:00:00+00:00,0.261332
2026-03-04 07:00:00+00:00,0.26507684
2026-03-04 08:00:00+00:00,0.2717571
2026-03-04 09:00:00+00:00,0.27243403
2026-03-04 10:00:00+00:00,0.26997286
2026-03-04 11:00:00+00:00,0.26879771
2026-03-04 12:00:00+00:00,0.26917656
2026-03-04 13:00:00+00:00,0.27215075
2026-03-04 14:00:00+00:00,0.27276438
2026-03-04 15:00:00+00:00,0.28077337
2026-03-04 16:00:00+00:00,0.2804572
2026-03-04 17:00:00+00:00,0.28074581
2026-03-04 18:00:00+00:00,0.28138927
2026-03-04 19:00:00+00:00,0.28217064
2026-03-04 20:00:00+00:00,0.28116715
2026-03-04 21:00:00+00:00,0.28007965
2026-03-04 22:00:00+00:00,0.27603399
2026-03-04 23:00:00+00:00,0.27631001
2026-03-05 00:00:00+00:00,0.27428721
2026-03-05 01:00:00+00:00,0.27328964
2026-03-05 02:00:00+00:00,0.2739642
2026-03-05 03:00:00+00:00,0.27413012
2026-03-05 04:00:00+00:00,0.27539059
2026-03-05 05:00:00+00:00,0.27322314
2026-03-05 06:00:00+00:00,0.27431685
2026-03-05 07:00:00+00:00,0.27217225
2026-03-05 08:00:00+00:00,0.27177157
2026-03-05 09:00:00+00:00,0.27332342
2026-03-05 10:00:00+00:00,0.27669586
2026-03-05 11:00:00+00:00,0.27421803
2026-03-05 12:00:00+00:00,0.27755821
2026-03-05 13:00:00+00:00,0.27459031
2026-03-05 14:00:00+00:00,0.27572782
2026-03-05 15:00:00+00:00,0.27104632
2026-03-05 16:00:00+00:00,0.26882261
2026-03-05 17:00:00+00:00,0.26669659
2026-03-05 18:00:00+00:00,0.26867338
2026-03-05 19:00:00+00:00,0.26942374
2026-03-05 20:00:00+00:00,0.27112668
2026-03-05 21:00:00+00:00,0.26904241
2026-03-05 22:00:00+00:00,0.26908942
2026-03-05 23:00:00+00:00,0.26910491
2026-03-06 00:00:00+00:00,0.26828247
2026-03-06 01:00:00+00:00,0.27076505
2026-03-06 02:00:00+00:00,0.27006598
2026-03-06 03:00:00+00:00,0.27059347
2026-03-06 04:00:00+00:00,0.26885434
2026-03-06 05:00:00+00:00,0.2685346
2026-03-06 06:00:00+00:00,0.26877503
2026-03-06 07:00:00+00:00,0.27151092
2026-03-06 08:00:00+00:00,0.26896987
2026-03-06 09:00:00+00:00,0.26705284
2026-03-06 10:00:00+00:00,0.26788539
2026-03-06 11:00:00+00:00,0.2663619
2026-03-06 12:00:00+00:00,0.26646169
2026-03-06 13:00:00+00:00,0.26409257
2026-03-06 14:00:00+00:00,0.25867277
2026-03-06 15:00:00+00:00,0.25683126
2026-03-06 16:00:00+00:00,0.25721028
2026-03-06 17:00:00+00:00,0.25710423
2026-03-06 18:00:00+00:00,0.25878071
2026-03-06 19:00:00+00:00,0.25860219
2026-03-06 20:00:00+00:00,0.25828991
2026-03-06 21:00:00+00:00,0.25945467
2026-03-06 22:00:00+00:00,0.25980054
2026-03-06 23:00:00+00:00,0.25900474
2026-03-07 00:00:00+00:00,0.25942735
2026-03-07 01:00:00+00:00,0.2592379
2026-03-07 02:00:00+00:00,0.25949568
2026-03-07 03:00:00+00:00,0.25881489
2026-03-07 04:00:00+00:00,0.25863484
2026-03-07 05:00:00+00:00,0.25905549
2026-03-07 06:00:00+00:00,0.25795833
2026-03-07 07:00:00+00:00,0.25836167
2026-03-07 08:00:00+00:00,0.25804467
2026-03-07 09:00:00+00:00,0.25834924
2026-03-07 10:00:00+00:00,0.25778556
2026-03-07 11:00:00+00:00,0.25886894
2026-03-07 12:00:00+00:00,0.25739664
2026-03-07 13:00:00+00:00,0.25795018
2026-03-07 14:00:00+00:00,0.25567358
2026-03-07 15:00:00+00:00,0.25495021
2026-03-07 16:00:00+00:00,0.25557336
2026-03-07 17:00:00+00:00,0.25697726
2026-03-07 18:00:00+00:00,0.25557422
2026-03-07 19:00:00+00:00,0.25428785
2026-03-07 20:00:00+00:00,0.25508129
2026-03-07 21:00:00+00:00,0.25540607
2026-03-07 22:00:00+00:00,0.25365059
2026-03-07 23:00:00+00:00,0.25442729
2026-03-08 00:00:00+00:00,0.25385747
2026-03-08 01:00:00+00:00,0.25436356
2026-03-08 02:00:00+00:00,0.25197085
2026-03-08 03:00:00+00:00,0.25208957
2026-03-08 04:00:00+00:00,0.25043959
2026-03-08 05:00:00+00:00,0.25214364
2026-03-08 06:00:00+00:00,0.25183422
2026-03-08 07:00:00+00:00,0.25240295
2026-03-08 08:00:00+00:00,0.25245603
2026-03-08 09:00:00+00:00,0.25404007
2026-03-08 10:00:00+00:00,0.25630076
2026-03-08 11:00:00+00:00,0.25481156
2026-03-08 12:00:00+00:00,0.25419937
2026-03-08 13:00:00+00:00,0.25195229
2026-03-08 14:00:00+00:00,0.25139334
2026-03-08 15:00:00+00:00,0.24961489
2026-03-08 16:00:00+00:00,0.24968445
2026-03-08 17:00:00+00:00,0.25046249
2026-03-08 18:00:00+00:00,0.2503959
2026-03-08 19:00:00+00:00,0.25319845
2026-03-08 20:00:00+00:00,0.25309304
2026-03-08 21:00:00+00:00,0.25219752
2026-03-08 22:00:00+00:00,0.25060158
2026-03-08 23:00:00+00:00,0.24927053
2026-03-09 00:00:00+00:00,0.25143965
2026-03-09 01:00:00+00:00,0.24990109
2026-03-09 02:00:00+00:00,0.25160398
2026-03-09 03:00:00+00:00,0.25360189
2026-03-09 04:00:00+00:00,0.25322748
2026-03-09 05:00:00+00:00,0.25769837
2026-03-09 06:00:00+00:00,0.25536702
2026-03-09 07:00:00+00:00,0.25497239
2026-03-09 08:00:00+00:00,0.25620925
2026-03-09 09:00:00+00:00,0.25620721
2026-03-09 10:00:00+00:00,0.25526463
2026-03-09 11:00:00+00:00,0.2549577
2026-03-09 12:00:00+00:00,0.25575624
2026-03-09 13:00:00+00:00,0.25854581
2026-03-09 14:00:00+00:00,0.25785243
2026-03-09 15:00:00+00:00,0.25593485
2026-03-09 16:00:00+00:00,0.2568517
2026-03-09 17:00:00+00:00,0.25650966
2026-03-09 18:00:00+00:00,0.25610969
2026-03-09 19:00:00+00:00,0.25947819
2026-03-09 20:00:00+00:00,0.25866033
2026-03-09 21:00:00+00:00,0.25853999
2026-03-09 22:00:00+00:00,0.25524435
2026-03-09 23:00:00+00:00,0.25518465
2026-03-10 00:00:00+00:00,0.2576543
2026-03-10 01:00:00+00:00,0.25821948
2026-03-10 02:00:00+00:00,0.26204116
2026-03-10 03:00:00+00:00,0.25876182
2026-03-10 04:00:00+00:00,0.26050849
2026-03-10 05:00:00+00:00,0.25983491
2026-03-10 06:00:00+00:00,0.25951679
2026-03-10 07:00:00+00:00,0.26032969
2026-03-10 08:00:00+00:00,0.2615641
2026-03-10 09:00:00+00:00,0.26712901
2026-03-10 10:00:00+00:00,0.2671308
2026-03-10 11:00:00+00:00,0.2642256
2026-03-10 12:00:00+00:00,0.26409769
2026-03-10 13:00:00+00:00,0.26381755
2026-03-10 14:00:00+00:00,0.27199445
2026-03-10 15:00:00+00:00,0.27128154
2026-03-10 16:00:00+00:00,0.27216088
2026-03-10 17:00:00+00:00,0.26909673
2026-03-10 18:00:00+00:00,0.26376681
2026-03-10 19:00:00+00:00,0.26243963
2026-03-10 20:00:00+00:00,0.26337396
2026-03-10 21:00:00+00:00,0.26151052
2026-03-10 22:00:00+00:00,0.26118138
2026-03-10 23:00:00+00:00,0.26204312
2026-03-11 00:00:00+00:00,0.26202396
2026-03-11 01:00:00+00:00,0.26090181
2026-03-11 02:00:00+00:00,0.26018723
2026-03-11 03:00:00+00:00,0.25976392
2026-03-11 04:00:00+00:00,0.26207107
2026-03-11 05:00:00+00:00,0.25838989
2026-03-11 06:00:00+00:00,0.25864446
2026-03-11 07:00:00+00:00,0.25745581
2026-03-11 08:00:00+00:00,0.25824509
2026-03-11 09:00:00+00:00,0.25736738
2026-03-11 10:00:00+00:00,0.25940482
2026-03-11 11:00:00+00:00,0.25877837
2026-03-11 12:00:00+00:00,0.26127481
2026-03-11 13:00:00+00:00,0.26295722
2026-03-11 14:00:00+00:00,0.2637133
2026-03-11 15:00:00+00:00,0.26239898
2026-03-11 16:00:00+00:00,0.26357511
2026-03-11 17:00:00+00:00,0.26490466
2026-03-11 18:00:00+00:00,0.26622475
2026-03-11 19:00:00+00:00,0.26525467
2026-03-11 20:00:00+00:00,0.26413888
2026-03-11 21:00:00+00:00,0.26491494
2026-03-11 22:00:00+00:00,0.26383646
2026-03-11 23:00:00+00:00,0.26256466
2026-03-12 00:00:00+00:00,0.26219532
2026-03-12 01:00:00+00:00,0.26075604
2026-03-12 02:00:00+00:00,0.25901615
2026-03-12 03:00:00+00:00,0.25903963
2026-03-12 04:00:00+00:00,0.25879036
2026-03-12 05:00:00+00:00,0.25913488
2026-03-12 06:00:00+00:00,0.25932832
2026-03-12 07:00:00+00:00,0.26065072
2026-03-12 08:00:00+00:00,0.26090528
2026-03-12 09:00:00+00:00,0.26170309
2026-03-12 10:00:00+00:00,0.26316155
2026-03-12 11:00:00+00:00,0.26203958
2026-03-12 12:00:00+00:00,0.26312895
2026-03-12 13:00:00+00:00,0.26159729
2026-03-12 14:00:00+00:00,0.25989621
2026-03-12 15:00:00+00:00,0.26203127
2026-03-12 16:00:00+00:00,0.26316387
2026-03-12 17:00:00+00:00,0.26241753
2026-03-12 18:00:00+00:00,0.26090836
2026-03-12 19:00:00+00:00,0.26304034
2026-03-12 20:00:00+00:00,0.2617414
2026-03-12 21:00:00+00:00,0.26331823
2026-03-12 22:00:00+00:00,0.26326214
2026-03-12 23:00:00+00:00,0.26345037
2026-03-13 00:00:00+00:00,0.26928205
2026-03-13 01:00:00+00:00,0.27192914
2026-03-13 02:00:00+00:00,0.26994925
2026-03-13 03:00:00+00:00,0.27168371
2026-03-13 04:00:00+00:00,0.27169304
2026-03-13 05:00:00+00:00,0.27401311
2026-03-13 06:00:00+00:00,0.27232832
2026-03-13 07:00:00+00:00,0.27161787
2026-03-13 08:00:00+00:00,0.27225168
2026-03-13 09:00:00+00:00,0.27438016
2026-03-13 10:00:00+00:00,0.27489289
2026-03-13 11:00:00+00:00,0.27434447
2026-03-13 12:00:00+00:00,0.27844722
2026-03-13 13:00:00+00:00,0.27896264
2026-03-13 14:00:00+00:00,0.27320831
2026-03-13 15:00:00+00:00,0.27151143
2026-03-13 16:00:00+00:00,0.27199288
2026-03-13 17:00:00+00:00,0.26730644
2026-03-13 18:00:00+00:00,0.26652918
2026-03-13 19:00:00+00:00,0.26728241
2026-03-13 20:00:00+00:00,0.26760943
2026-03-13 21:00:00+00:00,0.26697453
2026-03-13 22:00:00+00:00,0.2650916
2026-03-13 23:00:00+00:00,0.26566773
2026-03-14 00:00:00+00:00,0.26407107
2026-03-14 01:00:00+00:00,0.26489111
2026-03-14 02:00:00+00:00,0.26475868
2026-03-14 03:00:00+00:00,0.26540291
2026-03-14 04:00:00+00:00,0.26522624
2026-03-14 05:00:00+00:00,0.26406941
2026-03-14 06:00:00+00:00,0.26249405
2026-03-14 07:00:00+00:00,0.26173644
2026-03-14 08:00:00+00:00,0.26118195
2026-03-14 09:00:00+00:00,0.26024286
2026-03-14 10:00:00+00:00,0.2599782
2026-03-14 11:00:00+00:00,0.26105879
2026-03-14 12:00:00+00:00,0.26090446
2026-03-14 13:00:00+00:00,0.2612405
2026-03-14 14:00:00+00:00,0.26030596
2026-03-14 15:00:00+00:00,0.26071035
2026-03-14 16:00:00+00:00,0.26142167
2026-03-14 17:00:00+00:00,0.25984366
2026-03-14 18:00:00+00:00,0.25909456
2026-03-14 19:00:00+00:00,0.259206
2026-03-14 20:00:00+00:00,0.25977309
2026-03-14 21:00:00+00:00,0.26021772
2026-03-14 22:00:00+00:00,0.26039197
2026-03-14 23:00:00+00:00,0.26352196
2026-03-15 00:00:00+00:00,0.26232843
2026-03-15 01:00:00+00:00,0.2617696
2026-03-15 02:00:00+00:00,0.26522711
2026-03-15 03:00:00+00:00,0.26489534
2026-03-15 04:00:00+00:00,0.26544658
2026-03-15 05:00:00+00:00,0.26525396
2026-03-15 06:00:00+00:00,0.26404953
2026-03-15 07:00:00+00:00,0.2646862
2026-03-15 08:00:00+00:00,0.26575204
2026-03-15 09:00:00+00:00,0.26485589
2026-03-15 10:00:00+00:00,0.26560441
2026-03-15 11:00:00+00:00,0.26564029
2026-03-15 12:00:00+00:00,0.26577308
2026-03-15 13:00:00+00:00,0.264299
2026-03-15 14:00:00+00:00,0.26421787
2026-03-15 15:00:00+00:00,0.26375557
2026-03-15 16:00:00+00:00,0.26281706
2026-03-15 17:00:00+00:00,0.26467674
2026-03-15 18:00:00+00:00,0.26273864
2026-03-15 19:00:00+00:00,0.2637465
2026-03-15 20:00:00+00:00,0.26434162
2026-03-15 21:00:00+00:00,0.26662019
2026-03-15 22:00:00+00:00,0.27052745
2026-03-15 23:00:00+00:00,0.27018033
2026-03-16 00:00:00+00:00,0.27068881
2026-03-16 01:00:00+00:00,0.27150717
2026-03-16 02:00:00+00:00,0.2711046
2026-03-16 03:00:00+00:00,0.2773089
2026-03-16 04:00:00+00:00,0.28293241
2026-03-16 05:00:00+00:00,0.28838818
2026-03-16 06:00:00+00:00,0.28997548
2026-03-16 07:00:00+00:00,0.28986247
2026-03-16 08:00:00+00:00,0.28463067
2026-03-16 09:00:00+00:00,0.28829735
2026-03-16 10:00:00+00:00,0.28686312
2026-03-16 11:00:00+00:00,0.28540998
2026-03-16 12:00:00+00:00,0.28499825
2026-03-16 13:00:00+00:00,0.28516783
2026-03-16 14:00:00+00:00,0.28650748
2026-03-16 15:00:00+00:00,0.28353605
2026-03-16 16:00:00+00:00,0.2874509
2026-03-16 17:00:00+00:00,0.28682316
2026-03-16 18:00:00+00:00,0.28670039
2026-03-16 19:00:00+00:00,0.28822565
2026-03-16 20:00:00+00:00,0.28781109
2026-03-16 21:00:00+00:00,0.28748986
2026-03-16 22:00:00+00:00,0.29151502
2026-03-16 23:00:00+00:00,0.29039358
2026-03-17 00:00:00+00:00,0.29029593
2026-03-17 01:00:00+00:00,0.29085384
2026-03-17 02:00:00+00:00,0.29160082
2026-03-17 03:00:00+00:00,0.28575875
2026-03-17 04:00:00+00:00,0.28429992
2026-03-17 05:00:00+00:00,0.28338458
2026-03-17 06:00:00+00:00,0.28412068
2026-03-17 07:00:00+00:00,0.28657376
2026-03-17 08:00:00+00:00,0.28614211
2026-03-17 09:00:00+00:00,0.28650503
2026-03-17 10:00:00+00:00,0.28659782
2026-03-17 11:00:00+00:00,0.28691422
2026-03-17 12:00:00+00:00,0.28440246
2026-03-17 13:00:00+00:00,0.28517574
2026-03-17 14:00:00+00:00,0.28708303
2026-03-17 15:00:00+00:00,0.28647901
2026-03-17 16:00:00+00:00,0.28668863
2026-03-17 17:00:00+00:00,0.28941373
2026-03-17 18:00:00+00:00,0.29022439
2026-03-17 19:00:00+00:00,0.28849256
2026-03-17 20:00:00+00:00,0.28937219
2026-03-17 21:00:00+00:00,0.29071735
2026-03-17 22:00:00+00:00,0.29147333
2026-03-17 23:00:00+00:00,0.2890237
2026-03-18 00:00:00+00:00,0.28845446
2026-03-18 01:00:00+00:00,0.28867779
2026-03-18 02:00:00+00:00,0.29055717
2026-03-18 03:00:00+00:00,0.29177441
2026-03-18 04:00:00+00:00,0.29085611
2026-03-18 05:00:00+00:00,0.28984554
2026-03-18 06:00:00+00:00,0.28848487
2026-03-18 07:00:00+00:00,0.2885122
2026-03-18 08:00:00+00:00,0.28913728
2026-03-18 09:00:00+00:00,0.29104677
2026-03-18 10:00:00+00:00,0.28867068
2026-03-18 11:00:00+00:00,0.27979262
2026-03-18 12:00:00+00:00,0.27651271
2026-03-18 13:00:00+00:00,0.27628954
2026-03-18 14:00:00+00:00,0.27126749
2026-03-18 15:00:00+00:00,0.27168865
2026-03-18 16:00:00+00:00,0.27087764
2026-03-18 17:00:00+00:00,0.27237846
2026-03-18 18:00:00+00:00,0.27175462
2026-03-18 19:00:00+00:00,0.27239874
2026-03-18 20:00:00+00:00,0.27334846
2026-03-18 21:00:00+00:00,0.27422136
2026-03-18 22:00:00+00:00,0.27372472
2026-03-18 23:00:00+00:00,0.27422952
2026-03-19 00:00:00+00:00,0.2730141
2026-03-19 01:00:00+00:00,0.27336345
2026-03-19 02:00:00+00:00,0.27210507
2026-03-19 03:00:00+00:00,0.27465461
2026-03-19 04:00:00+00:00,0.27252412
2026-03-19 05:00:00+00:00,0.27145144
2026-03-19 06:00:00+00:00,0.27131969
2026-03-19 07:00:00+00:00,0.26850689
2026-03-19 08:00:00+00:00,0.26823232
2026-03-19 09:00:00+00:00,0.27149485
2026-03-19 10:00:00+00:00,0.26969682
2026-03-19 11:00:00+00:00,0.26878259
2026-03-19 12:00:00+00:00,0.26497642
2026-03-19 13:00:00+00:00,0.26649575
2026-03-19 14:00:00+00:00,0.26613742
2026-03-19 15:00:00+00:00,0.26563672
2026-03-19 16:00:00+00:00,0.26438631
2026-03-19 17:00:00+00:00,0.26560951
2026-03-19 18:00:00+00:00,0.26559714
2026-03-19 19:00:00+00:00,0.26740276
2026-03-19 20:00:00+00:00,0.26791731
2026-03-19 21:00:00+00:00,0.26764768
2026-03-19 22:00:00+00:00,0.26666598
2026-03-19 23:00:00+00:00,0.26750667
2026-03-20 00:00:00+00:00,0.26966184
2026-03-20 01:00:00+00:00,0.26983289
2026-03-20 02:00:00+00:00,0.26942852
2026-03-20 03:00:00+00:00,0.26985994
2026-03-20 04:00:00+00:00,0.27111698
2026-03-20 05:00:00+00:00,0.2717125
2026-03-20 06:00:00+00:00,0.2703348
2026-03-20 07:00:00+00:00,0.27008692
2026-03-20 08:00:00+00:00,0.27061855
2026-03-20 09:00:00+00:00,0.26859807
2026-03-20 10:00:00+00:00,0.2691385
2026-03-20 11:00:00+00:00,0.26794904
2026-03-20 12:00:00+00:00,0.26724744
2026-03-20 13:00:00+00:00,0.26599476
2026-03-20 14:00:00+00:00,0.26547953
2026-03-20 15:00:00+00:00,0.26674148
2026-03-20 16:00:00+00:00,0.26597487
2026-03-20 17:00:00+00:00,0.26588471
2026-03-20 18:00:00+00:00,0.26367758
2026-03-20 19:00:00+00:00,0.2639449
2026-03-20 20:00:00+00:00,0.26379542
2026-03-20 21:00:00+00:00,0.26589121
2026-03-20 22:00:00+00:00,0.26694019
2026-03-20 23:00:00+00:00,0.26611977
2026-03-21 00:00:00+00:00,0.26639745
2026-03-21 01:00:00+00:00,0.26582049
2026-03-21 02:00:00+00:00,0.26689744
2026-03-21 03:00:00+00:00,0.26602706
2026-03-21 04:00:00+00:00,0.26607724
2026-03-21 05:00:00+00:00,0.26609053
2026-03-21 06:00:00+00:00,0.26666598
2026-03-21 07:00:00+00:00,0.26491309
2026-03-21 08:00:00+00:00,0.26518639
2026-03-21 09:00:00+00:00,0.26464348
2026-03-21 10:00:00+00:00,0.26442942
2026-03-21 11:00:00+00:00,0.26463875
2026-03-21 12:00:00+00:00,0.26476272
2026-03-21 13:00:00+00:00,0.2643708
2026-03-21 14:00:00+00:00,0.26332215
2026-03-21 15:00:00+00:00,0.26485657
2026-03-21 16:00:00+00:00,0.26418404
2026-03-21 17:00:00+00:00,0.26418562
2026-03-21 18:00:00+00:00,0.26435904
2026-03-21 19:00:00+00:00,0.2649248
2026-03-21 20:00:00+00:00,0.26614043
2026-03-21 21:00:00+00:00,0.26557638
2026-03-21 22:00:00+00:00,0.26481402
2026-03-21 23:00:00+00:00,0.25745371
2026-03-22 00:00:00+00:00,0.2570932
2026-03-22 01:00:00+00:00,0.25676337
2026-03-22 02:00:00+00:00,0.25784474
2026-03-22 03:00:00+00:00,0.25830059
2026-03-22 04:00:00+00:00,0.25867253
2026-03-22 05:00:00+00:00,0.25759811
2026-03-22 06:00:00+00:00,0.25772705
2026-03-22 07:00:00+00:00,0.25680726
2026-03-22 08:00:00+00:00,0.25665103
2026-03-22 09:00:00+00:00,0.25630805
2026-03-22 10:00:00+00:00,0.25546552
2026-03-22 11:00:00+00:00,0.25509813
2026-03-22 12:00:00+00:00,0.25598171
2026-03-22 13:00:00+00:00,0.25614745
2026-03-22 14:00:00+00:00,0.25576509
2026-03-22 15:00:00+00:00,0.25562842
2026-03-22 16:00:00+00:00,0.25471729
2026-03-22 17:00:00+00:00,0.25404807
2026-03-22 18:00:00+00:00,0.25340166
2026-03-22 19:00:00+00:00,0.25169811
2026-03-22 20:00:00+00:00,0.25129623
2026-03-22 21:00:00+00:00,0.25044434
2026-03-22 22:00:00+00:00,0.25211871
2026-03-22 23:00:00+00:00,0.25064726
2026-03-23 00:00:00+00:00,0.25143068
2026-03-23 01:00:00+00:00,0.25139398
2026-03-23 02:00:00+00:00,0.25277209
2026-03-23 03:00:00+00:00,0.25122982
2026-03-23 04:00:00+00:00,0.25250117
2026-03-23 05:00:00+00:00,0.25263428
2026-03-23 06:00:00+00:00,0.2494833
2026-03-23 07:00:00+00:00,0.25005851
2026-03-23 08:00:00+00:00,0.24930074
2026-03-23 09:00:00+00:00,0.25016351
2026-03-23 10:00:00+00:00,0.2504137
2026-03-23 11:00:00+00:00,0.25861497
2026-03-23 12:00:00+00:00,0.26048925
2026-03-23 13:00:00+00:00,0.2633161
2026-03-23 14:00:00+00:00,0.26420715
2026-03-23 15:00:00+00:00,0.26111085
2026-03-23 16:00:00+00:00,0.26111247
2026-03-23 17:00:00+00:00,0.26205211
2026-03-23 18:00:00+00:00,0.26248758
2026-03-23 19:00:00+00:00,0.26092844
2026-03-23 20:00:00+00:00,0.26281234
2026-03-23 21:00:00+00:00,0.26292629
2026-03-23 22:00:00+00:00,0.26172278
2026-03-23 23:00:00+00:00,0.26165663
2026-03-24 00:00:00+00:00,0.26022831
2026-03-24 01:00:00+00:00,0.2592213
2026-03-24 02:00:00+00:00,0.25882815
2026-03-24 03:00:00+00:00,0.26161212
2026-03-24 04:00:00+00:00,0.2608438
2026-03-24 05:00:00+00:00,0.2607924
2026-03-24 06:00:00+00:00,0.26114284
2026-03-24 07:00:00+00:00,0.26565837
2026-03-24 08:00:00+00:00,0.26684936
2026-03-24 09:00:00+00:00,0.26537062
2026-03-24 10:00:00+00:00,0.26372357
2026-03-24 11:00:00+00:00,0.26374388
2026-03-24 12:00:00+00:00,0.26312704
2026-03-24 13:00:00+00:00,0.26124421
2026-03-24 14:00:00+00:00,0.26132129
2026-03-24 15:00:00+00:00,0.2610241
2026-03-24 16:00:00+00:00,0.25984568
2026-03-24 17:00:00+00:00,0.25919847
2026-03-24 18:00:00+00:00,0.2603257
2026-03-24 19:00:00+00:00,0.26018256
2026-03-24 20:00:00+00:00,0.26465815
2026-03-24 21:00:00+00:00,0.26549944
2026-03-24 22:00:00+00:00,0.26533736
2026-03-24 23:00:00+00:00,0.26634977
2026-03-25 00:00:00+00:00,0.26758086
2026-03-25 01:00:00+00:00,0.26805092
2026-03-25 02:00:00+00:00,0.26656839
2026-03-25 03:00:00+00:00,0.26774134
2026-03-25 04:00:00+00:00,0.26812872
2026-03-25 05:00:00+00:00,0.26813152
2026-03-25 06:00:00+00:00,0.26951801
2026-03-25 07:00:00+00:00,0.26940409
2026-03-25 08:00:00+00:00,0.27172606
2026-03-25 09:00:00+00:00,0.27207736
2026-03-25 10:00:00+00:00,0.27233999
2026-03-25 11:00:00+00:00,0.27298608
2026-03-25 12:00:00+00:00,0.27464126
2026-03-25 13:00:00+00:00,0.27338689
2026-03-25 14:00:00+00:00,0.27170283
2026-03-25 15:00:00+00:00,0.27027638
2026-03-25 16:00:00+00:00,0.27137209
2026-03-25 17:00:00+00:00,0.27051068
2026-03-25 18:00:00+00:00,0.2700832
2026-03-25 19:00:00+00:00,0.27047001
2026-03-25 20:00:00+00:00,0.26965624
2026-03-25 21:00:00+00:00,0.26933828
2026-03-25 22:00:00+00:00,0.27058292
2026-03-25 23:00:00+00:00,0.27039897
2026-03-26 00:00:00+00:00,0.26941572
2026-03-26 01:00:00+00:00,0.26900664
2026-03-26 02:00:00+00:00,0.26759655
2026-03-26 03:00:00+00:00,0.26635577
2026-03-26 04:00:00+00:00,0.26571789
2026-03-26 05:00:00+00:00,0.26243503
2026-03-26 06:00:00+00:00,0.26178434
2026-03-26 07:00:00+00:00,0.26214463
2026-03-26 08:00:00+00:00,0.26025596
2026-03-26 09:00:00+00:00,0.25758764
2026-03-26 10:00:00+00:00,0.25853024
2026-03-26 11:00:00+00:00,0.25734348
2026-03-26 12:00:00+00:00,0.25797757
2026-03-26 13:00:00+00:00,0.25875558
2026-03-26 14:00:00+00:00,0.25729509
2026-03-26 15:00:00+00:00,0.25602128
2026-03-26 16:00:00+00:00,0.2556519
2026-03-26 17:00:00+00:00,0.25446777
2026-03-26 18:00:00+00:00,0.25393889
2026-03-26 19:00:00+00:00,0.253666
2026-03-26 20:00:00+00:00,0.25481495
2026-03-26 21:00:00+00:00,0.25587404
2026-03-26 22:00:00+00:00,0.25519109
2026-03-26 23:00:00+00:00,0.25474019
2026-03-27 00:00:00+00:00,0.25445097
2026-03-27 01:00:00+00:00,0.25576978
2026-03-27 02:00:00+00:00,0.25513956
2026-03-27 03:00:00+00:00,0.25445358
2026-03-27 04:00:00+00:00,0.25421337
2026-03-27 05:00:00+00:00,0.25362714
2026-03-27 06:00:00+00:00,0.25389438
2026-03-27 07:00:00+00:00,0.25478524
2026-03-27 08:00:00+00:00,0.25227218
2026-03-27 09:00:00+00:00,0.2509531
2026-03-27 10:00:00+00:00,0.24615593
2026-03-27 11:00:00+00:00,0.247405
2026-03-27 12:00:00+00:00,0.24697714
2026-03-27 13:00:00+00:00,0.24736995
2026-03-27 14:00:00+00:00,0.247807
2026-03-27 15:00:00+00:00,0.24768399
2026-03-27 16:00:00+00:00,0.24726672
2026-03-27 17:00:00+00:00,0.24669581
2026-03-27 18:00:00+00:00,0.24627637
2026-03-27 19:00:00+00:00,0.24658674
2026-03-27 20:00:00+00:00,0.24628717
2026-03-27 21:00:00+00:00,0.24599215
2026-03-27 22:00:00+00:00,0.24584093
2026-03-27 23:00:00+00:00,0.24604792
2026-03-28 00:00:00+00:00,0.24657438
2026-03-28 01:00:00+00:00,0.24598934
2026-03-28 02:00:00+00:00,0.24507644
2026-03-28 03:00:00+00:00,0.2447923
2026-03-28 04:00:00+00:00,0.24515288
2026-03-28 05:00:00+00:00,0.24593877
2026-03-28 06:00:00+00:00,0.24654302
2026-03-28 07:00:00+00:00,0.24842323
2026-03-28 08:00:00+00:00,0.24808707
2026-03-28 09:00:00+00:00,0.2474293
2026-03-28 10:00:00+00:00,0.24849
2026-03-28 11:00:00+00:00,0.24858709
2026-03-28 12:00:00+00:00,0.24765138
2026-03-28 13:00:00+00:00,0.25033527
2026-03-28 14:00:00+00:00,0.25008524
2026-03-28 15:00:00+00:00,0.25135077
2026-03-28 16:00:00+00:00,0.25088324
2026-03-28 17:00:00+00:00,0.25024677
2026-03-28 18:00:00+00:00,0.25042315
2026-03-28 19:00:00+00:00,0.24978881
2026-03-28 20:00:00+00:00,0.25011163
2026-03-28 21:00:00+00:00,0.24869933
2026-03-28 22:00:00+00:00,0.24859416
2026-03-28 23:00:00+00:00,0.24595655
2026-03-29 00:00:00+00:00,0.24594438
2026-03-29 01:00:00+00:00,0.24617416
2026-03-29 02:00:00+00:00,0.24620061
2026-03-29 03:00:00+00:00,0.2466981
2026-03-29 04:00:00+00:00,0.24548592
2026-03-29 05:00:00+00:00,0.24551722
2026-03-29 06:00:00+00:00,0.24597373
2026-03-29 07:00:00+00:00,0.24512217
2026-03-29 08:00:00+00:00,0.24496744
2026-03-29 09:00:00+00:00,0.2443265
2026-03-29 10:00:00+00:00,0.2427332
2026-03-29 11:00:00+00:00,0.24372128
2026-03-29 12:00:00+00:00,0.24294741
2026-03-29 13:00:00+00:00,0.24086918
2026-03-29 14:00:00+00:00,0.24196159
2026-03-29 15:00:00+00:00,0.24148784
2026-03-29 16:00:00+00:00,0.24103232
2026-03-29 17:00:00+00:00,0.24134654
2026-03-29 18:00:00+00:00,0.24136728
2026-03-29 19:00:00+00:00,0.24000365
2026-03-29 20:00:00+00:00,0.24065483
2026-03-29 21:00:00+00:00,0.24164186
2026-03-29 22:00:00+00:00,0.23831749
2026-03-29 23:00:00+00:00,0.23978802
2026-03-30 00:00:00+00:00,0.2420547
2026-03-30 01:00:00+00:00,0.24401935
2026-03-30 02:00:00+00:00,0.24578487
2026-03-30 03:00:00+00:00,0.24611301
2026-03-30 04:00:00+00:00,0.2461405
2026-03-30 05:00:00+00:00,0.24674581
2026-03-30 06:00:00+00:00,0.24678958
2026-03-30 07:00:00+00:00,0.24866889
2026-03-30 08:00:00+00:00,0.2505313
2026-03-30 09:00:00+00:00,0.24824415
2026-03-30 10:00:00+00:00,0.24898202
2026-03-30 11:00:00+00:00,0.2505484
2026-03-30 12:00:00+00:00,0.25074307
2026-03-30 13:00:00+00:00,0.24954684
2026-03-30 14:00:00+00:00,0.24911386
2026-03-30 15:00:00+00:00,0.24839882
2026-03-30 16:00:00+00:00,0.24836214
2026-03-30 17:00:00+00:00,0.24644867
2026-03-30 18:00:00+00:00,0.24444273
2026-03-30 19:00:00+00:00,0.24368712
2026-03-30 20:00:00+00:00,0.24395348
2026-03-30 21:00:00+00:00,0.24484984
2026-03-30 22:00:00+00:00,0.2444213
2026-03-30 23:00:00+00:00,0.24340887
2026-03-31 00:00:00+00:00,0.24488758
2026-03-31 01:00:00+00:00,0.24801746
2026-03-31 02:00:00+00:00,0.24818784
2026-03-31 03:00:00+00:00,0.24612578
2026-03-31 04:00:00+00:00,0.24466213
2026-03-31 05:00:00+00:00,0.24430165
2026-03-31 06:00:00+00:00,0.24577101
2026-03-31 07:00:00+00:00,0.24363369
2026-03-31 08:00:00+00:00,0.2420267
2026-03-31 09:00:00+00:00,0.24038892
2026-03-31 10:00:00+00:00,0.2409537
2026-03-31 11:00:00+00:00,0.24107965
2026-03-31 12:00:00+00:00,0.24078481
2026-03-31 13:00:00+00:00,0.2431883
2026-03-31 14:00:00+00:00,0.23984383
2026-03-31 15:00:00+00:00,0.23792452
2026-03-31 16:00:00+00:00,0.23971362
2026-03-31 17:00:00+00:00,0.23915845
2026-03-31 18:00:00+00:00,0.24157514
2026-03-31 19:00:00+00:00,0.24103088
2026-03-31 20:00:00+00:00,0.24224341
2026-03-31 21:00:00+00:00,0.241427
2026-03-31 22:00:00+00:00,0.24022897
2026-03-31 23:00:00+00:00,0.24178942
2026-04-01 00:00:00+00:00,0.24460835
2026-04-01 01:00:00+00:00,0.24267626
2026-04-01 02:00:00+00:00,0.24203655
2026-04-01 03:00:00+00:00,0.2455998
2026-04-01 04:00:00+00:00,0.24462219
2026-04-01 05:00:00+00:00,0.24899304
2026-04-01 06:00:00+00:00,0.25196263
2026-04-01 07:00:00+00:00,0.24991415
2026-04-01 08:00:00+00:00,0.24681491
2026-04-01 09:00:00+00:00,0.24780754
2026-04-01 10:00:00+00:00,0.24899952
2026-04-01 11:00:00+00:00,0.2482433
2026-04-01 12:00:00+00:00,0.2482417
2026-04-01 13:00:00+00:00,0.24700976
2026-04-01 14:00:00+00:00,0.24869314
2026-04-01 15:00:00+00:00,0.24916273
2026-04-01 16:00:00+00:00,0.24999508
2026-04-01 17:00:00+00:00,0.24930331
2026-04-01 18:00:00+00:00,0.24863993
2026-04-01 19:00:00+00:00,0.24947478
2026-04-01 20:00:00+00:00,0.2484398
2026-04-01 21:00:00+00:00,0.24983163
2026-04-01 22:00:00+00:00,0.24734011
2026-04-01 23:00:00+00:00,0.24840601
2026-04-02 00:00:00+00:00,0.25012857
2026-04-02 01:00:00+00:00,0.24311435
2026-04-02 02:00:00+00:00,0.24057896
2026-04-02 03:00:00+00:00,0.23905298
2026-04-02 04:00:00+00:00,0.23715231
2026-04-02 05:00:00+00:00,0.23799911
2026-04-02 06:00:00+00:00,0.2381674
2026-04-02 07:00:00+00:00,0.23898681
2026-04-02 08:00:00+00:00,0.23817564
2026-04-02 09:00:00+00:00,0.23831334
2026-04-02 10:00:00+00:00,0.23756498
2026-04-02 11:00:00+00:00,0.2370413
2026-04-02 12:00:00+00:00,0.2361749
2026-04-02 13:00:00+00:00,0.23685673
2026-04-02 14:00:00+00:00,0.24209342
2026-04-02 15:00:00+00:00,0.23966283
2026-04-02 16:00:00+00:00,0.24078887
2026-04-02 17:00:00+00:00,0.23823296
2026-04-02 18:00:00+00:00,0.24005881
2026-04-02 19:00:00+00:00,0.23968654
2026-04-02 20:00:00+00:00,0.24025877
2026-04-02 21:00:00+00:00,0.23985051
2026-04-02 22:00:00+00:00,0.23953023
2026-04-02 23:00:00+00:00,0.23935914
2026-04-03 00:00:00+00:00,0.23955004
2026-04-03 01:00:00+00:00,0.23975191
2026-04-03 02:00:00+00:00,0.24019689
2026-04-03 03:00:00+00:00,0.24124533
2026-04-03 04:00:00+00:00,0.24280614
2026-04-03 05:00:00+00:00,0.24411661
2026-04-03 06:00:00+00:00,0.24428866
2026-04-03 07:00:00+00:00,0.24355449
2026-04-03 08:00:00+00:00,0.24421809
2026-04-03 09:00:00+00:00,0.24492232
2026-04-03 10:00:00+00:00,0.24505128
2026-04-03 11:00:00+00:00,0.24564446
2026-04-03 12:00:00+00:00,0.24555754
2026-04-03 13:00:00+00:00,0.24590714
2026-04-03 14:00:00+00:00,0.24766165
2026-04-03 15:00:00+00:00,0.24607762
2026-04-03 16:00:00+00:00,0.24849389
2026-04-03 17:00:00+00:00,0.24907133
2026-04-03 18:00:00+00:00,0.24753341
2026-04-03 19:00:00+00:00,0.24755352
2026-04-03 20:00:00+00:00,0.2473829
2026-04-03 21:00:00+00:00,0.24832633
2026-04-03 22:00:00+00:00,0.24644735
2026-04-03 23:00:00+00:00,0.24631115
2026-04-04 00:00:00+00:00,0.24535265
2026-04-04 01:00:00+00:00,0.24501121
2026-04-04 02:00:00+00:00,0.2452462
2026-04-04 03:00:00+00:00,0.24677618
2026-04-04 04:00:00+00:00,0.24573616
2026-04-04 05:00:00+00:00,0.24440242
2026-04-04 06:00:00+00:00,0.24624914
2026-04-04 07:00:00+00:00,0.24530986
2026-04-04 08:00:00+00:00,0.24394802
2026-04-04 09:00:00+00:00,0.24367988
2026-04-04 10:00:00+00:00,0.24476142
2026-04-04 11:00:00+00:00,0.24498413
2026-04-04 12:00:00+00:00,0.24435571
2026-04-04 13:00:00+00:00,0.24406175
2026-04-04 14:00:00+00:00,0.24507597
2026-04-04 15:00:00+00:00,0.24513757
2026-04-04 16:00:00+00:00,0.24536396
2026-04-04 17:00:00+00:00,0.24748777
2026-04-04 18:00:00+00:00,0.24698074
2026-04-04 19:00:00+00:00,0.24791412
2026-04-04 20:00:00+00:00,0.24744784
2026-04-04 21:00:00+00:00,0.24736996
2026-04-04 22:00:00+00:00,0.24805327
2026-04-04 23:00:00+00:00,0.24794731
2026-04-05 00:00:00+00:00,0.2481904
2026-04-05 01:00:00+00:00,0.2471036
2026-04-05 02:00:00+00:00,0.24711782
2026-04-05 03:00:00+00:00,0.24670399
2026-04-05 04:00:00+00:00,0.2458949
2026-04-05 05:00:00+00:00,0.24397934
2026-04-05 06:00:00+00:00,0.24304198
2026-04-05 07:00:00+00:00,0.24202142
2026-04-05 08:00:00+00:00,0.242327
2026-04-05 09:00:00+00:00,0.24239436
2026-04-05 10:00:00+00:00,0.24068503
2026-04-05 11:00:00+00:00,0.24254049
2026-04-05 12:00:00+00:00,0.24133217
2026-04-05 13:00:00+00:00,0.24190101
2026-04-05 14:00:00+00:00,0.24209298
2026-04-05 15:00:00+00:00,0.24358662
2026-04-05 16:00:00+00:00,0.24308476
2026-04-05 17:00:00+00:00,0.24398387
2026-04-05 18:00:00+00:00,0.24372767
2026-04-05 19:00:00+00:00,0.24368556
2026-04-05 20:00:00+00:00,0.2439542
2026-04-05 21:00:00+00:00,0.24475378
2026-04-05 22:00:00+00:00,0.24640188
2026-04-05 23:00:00+00:00,0.25081282
2026-04-06 00:00:00+00:00,0.25418491
2026-04-06 01:00:00+00:00,0.25456752
2026-04-06 02:00:00+00:00,0.25709622
2026-04-06 03:00:00+00:00,0.25690103
2026-04-06 04:00:00+00:00,0.25711249
2026-04-06 05:00:00+00:00,0.25699364
2026-04-06 06:00:00+00:00,0.256299
2026-04-06 07:00:00+00:00,0.25524082
2026-04-06 08:00:00+00:00,0.25498019
2026-04-06 09:00:00+00:00,0.25737559
2026-04-06 10:00:00+00:00,0.25677688
2026-04-06 11:00:00+00:00,0.2555942
2026-04-06 12:00:00+00:00,0.25485411
2026-04-06 13:00:00+00:00,0.25504026
2026-04-06 14:00:00+00:00,0.25497171
2026-04-06 15:00:00+00:00,0.25430085
2026-04-06 16:00:00+00:00,0.25280739
2026-04-06 17:00:00+00:00,0.25225264
2026-04-06 18:00:00+00:00,0.25310561
2026-04-06 19:00:00+00:00,0.25210923
2026-04-06 20:00:00+00:00,0.25240068
2026-04-06 21:00:00+00:00,0.2508703
2026-04-06 22:00:00+00:00,0.24752219
2026-04-06 23:00:00+00:00,0.24612543
2026-04-07 00:00:00+00:00,0.24579667
2026-04-07 01:00:00+00:00,0.24436475
2026-04-07 02:00:00+00:00,0.24475994
2026-04-07 03:00:00+00:00,0.24517759
2026-04-07 04:00:00+00:00,0.24551637
2026-04-07 05:00:00+00:00,0.24392297
2026-04-07 06:00:00+00:00,0.24373775
2026-04-07 07:00:00+00:00,0.24345827
2026-04-07 08:00:00+00:00,0.24428446
2026-04-07 09:00:00+00:00,0.24464908
2026-04-07 10:00:00+00:00,0.24217624
2026-04-07 11:00:00+00:00,0.2422812
2026-04-07 12:00:00+00:00,0.24249709
2026-04-07 13:00:00+00:00,0.2422447
2026-04-07 14:00:00+00:00,0.24152079
2026-04-07 15:00:00+00:00,0.24229453
2026-04-07 16:00:00+00:00,0.24215963
2026-04-07 17:00:00+00:00,0.24359227
2026-04-07 18:00:00+00:00,0.2429698
2026-04-07 19:00:00+00:00,0.24668927
2026-04-07 20:00:00+00:00,0.24605802
2026-04-07 21:00:00+00:00,0.25347428
2026-04-07 22:00:00+00:00,0.26236321
2026-04-07 23:00:00+00:00,0.26280931
2026-04-08 00:00:00+00:00,0.26022461
2026-04-08 01:00:00+00:00,0.26193103
2026-04-08 02:00:00+00:00,0.26117394
2026-04-08 03:00:00+00:00,0.26068135
2026-04-08 04:00:00+00:00,0.26255166
2026-04-08 05:00:00+00:00,0.26243743
2026-04-08 06:00:00+00:00,0.26157594
2026-04-08 07:00:00+00:00,0.26116029
2026-04-08 08:00:00+00:00,0.26075977
2026-04-08 09:00:00+00:00,0.25909879
2026-04-08 10:00:00+00:00,0.25891847
2026-04-08 11:00:00+00:00,0.25774839
2026-04-08 12:00:00+00:00,0.25762644
2026-04-08 13:00:00+00:00,0.25765637
2026-04-08 14:00:00+00:00,0.25250784
2026-04-08 15:00:00+00:00,0.25419471
2026-04-08 16:00:00+00:00,0.2543759
2026-04-08 17:00:00+00:00,0.255705
2026-04-08 18:00:00+00:00,0.25293754
2026-04-08 19:00:00+00:00,0.25283839
2026-04-08 20:00:00+00:00,0.25249089
2026-04-08 21:00:00+00:00,0.2542084
2026-04-08 22:00:00+00:00,0.25184013
2026-04-08 23:00:00+00:00,0.2507996
2026-04-09 00:00:00+00:00,0.24987221
2026-04-09 01:00:00+00:00,0.24941766
2026-04-09 02:00:00+00:00,0.24959955
2026-04-09 03:00:00+00:00,0.24912389
2026-04-09 04:00:00+00:00,0.24871324
2026-04-09 05:00:00+00:00,0.24946826
2026-04-09 06:00:00+00:00,0.25025956
2026-04-09 07:00:00+00:00,0.25068191
2026-04-09 08:00:00+00:00,0.25039272
2026-04-09 09:00:00+00:00,0.25169238
2026-04-09 10:00:00+00:00,0.25090336
2026-04-09 11:00:00+00:00,0.25068698
2026-04-09 12:00:00+00:00,0.25103317
2026-04-09 13:00:00+00:00,0.25046836
2026-04-09 14:00:00+00:00,0.2503381
2026-04-09 15:00:00+00:00,0.25462967
2026-04-09 16:00:00+00:00,0.25500936
2026-04-09 17:00:00+00:00,0.25634223
2026-04-09 18:00:00+00:00,0.25440515
2026-04-09 19:00:00+00:00,0.25569897
2026-04-09 20:00:00+00:00,0.25657701
2026-04-09 21:00:00+00:00,0.25619638
2026-04-09 22:00:00+00:00,0.25606297
2026-04-09 23:00:00+00:00,0.25409072
2026-04-10 00:00:00+00:00,0.25313359
2026-04-10 01:00:00+00:00,0.25281169
2026-04-10 02:00:00+00:00,0.25216062
2026-04-10 03:00:00+00:00,0.25160285
2026-04-10 04:00:00+00:00,0.25282888
2026-04-10 05:00:00+00:00,0.25258923
2026-04-10 06:00:00+00:00,0.25116073
2026-04-10 07:00:00+00:00,0.25066582
2026-04-10 08:00:00+00:00,0.25017078
2026-04-10 09:00:00+00:00,0.25122971
2026-04-10 10:00:00+00:00,0.25019339
2026-04-10 11:00:00+00:00,0.25123345
2026-04-10 12:00:00+00:00,0.25251719
2026-04-10 13:00:00+00:00,0.25231318
2026-04-10 14:00:00+00:00,0.25529192
2026-04-10 15:00:00+00:00,0.25389722
2026-04-10 16:00:00+00:00,0.25510735
2026-04-10 17:00:00+00:00,0.25472379
2026-04-10 18:00:00+00:00,0.25594094
2026-04-10 19:00:00+00:00,0.25802681
2026-04-10 20:00:00+00:00,0.25725035
2026-04-10 21:00:00+00:00,0.25577854
2026-04-10 22:00:00+00:00,0.25442153
2026-04-10 23:00:00+00:00,0.25418521
2026-04-11 00:00:00+00:00,0.25351182
2026-04-11 01:00:00+00:00,0.25335976
2026-04-11 02:00:00+00:00,0.25315378
2026-04-11 03:00:00+00:00,0.25320982
2026-04-11 04:00:00+00:00,0.25281956
2026-04-11 05:00:00+00:00,0.25066859
2026-04-11 06:00:00+00:00,0.25060935
2026-04-11 07:00:00+00:00,0.25059527
2026-04-11 08:00:00+00:00,0.25023915
2026-04-11 09:00:00+00:00,0.25042509
2026-04-11 10:00:00+00:00,0.24972431
2026-04-11 11:00:00+00:00,0.24979435
2026-04-11 12:00:00+00:00,0.2501502
2026-04-11 13:00:00+00:00,0.2488497
2026-04-11 14:00:00+00:00,0.24748
2026-04-11 15:00:00+00:00,0.24822126
2026-04-11 16:00:00+00:00,0.25030206
2026-04-11 17:00:00+00:00,0.24911523
2026-04-11 18:00:00+00:00,0.25248539
2026-04-11 19:00:00+00:00,0.25442415
2026-04-11 20:00:00+00:00,0.25221926
2026-04-11 21:00:00+00:00,0.2521086
2026-04-11 22:00:00+00:00,0.25091834
2026-04-11 23:00:00+00:00,0.24945756
2026-04-12 00:00:00+00:00,0.25012136
2026-04-12 01:00:00+00:00,0.24412655
2026-04-12 02:00:00+00:00,0.24451351
2026-04-12 03:00:00+00:00,0.24393744
2026-04-12 04:00:00+00:00,0.24354389
2026-04-12 05:00:00+00:00,0.24322936
2026-04-12 06:00:00+00:00,0.24215049
2026-04-12 07:00:00+00:00,0.24155269
2026-04-12 08:00:00+00:00,0.24086568
2026-04-12 09:00:00+00:00,0.24002884
2026-04-12 10:00:00+00:00,0.23987027
2026-04-12 11:00:00+00:00,0.24068235
2026-04-12 12:00:00+00:00,0.23963223
2026-04-12 13:00:00+00:00,0.23806028
2026-04-12 14:00:00+00:00,0.23857584
2026-04-12 15:00:00+00:00,0.23842542
2026-04-12 16:00:00+00:00,0.23867781
2026-04-12 17:00:00+00:00,0.23954678
2026-04-12 18:00:00+00:00,0.23851864
2026-04-12 19:00:00+00:00,0.23807554
2026-04-12 20:00:00+00:00,0.23918282
2026-04-12 21:00:00+00:00,0.23962634
2026-04-12 22:00:00+00:00,0.2378958
2026-04-12 23:00:00+00:00,0.23621465
2026-04-13 00:00:00+00:00,0.23818324
2026-04-13 01:00:00+00:00,0.23856326
2026-04-13 02:00:00+00:00,0.23686504
2026-04-13 03:00:00+00:00,0.23826258
2026-04-13 04:00:00+00:00,0.23770729
2026-04-13 05:00:00+00:00,0.2380432
2026-04-13 06:00:00+00:00,0.23923147
2026-04-13 07:00:00+00:00,0.2381166
2026-04-13 08:00:00+00:00,0.23826303
2026-04-13 09:00:00+00:00,0.23851013
2026-04-13 10:00:00+00:00,0.23764258
2026-04-13 11:00:00+00:00,0.23821773
2026-04-13 12:00:00+00:00,0.24118959
2026-04-13 13:00:00+00:00,0.24257515
2026-04-13 14:00:00+00:00,0.24300018
2026-04-13 15:00:00+00:00,0.23939516
2026-04-13 16:00:00+00:00,0.23952776
2026-04-13 17:00:00+00:00,0.23833148
2026-04-13 18:00:00+00:00,0.23906048
2026-04-13 19:00:00+00:00,0.24144295
2026-04-13 20:00:00+00:00,0.239543
2026-04-13 21:00:00+00:00,0.24033507
2026-04-13 22:00:00+00:00,0.24730688
2026-04-13 23:00:00+00:00,0.24861922
2026-04-14 00:00:00+00:00,0.24496517
2026-04-14 01:00:00+00:00,0.24532908
2026-04-14 02:00:00+00:00,0.24450736
2026-04-14 03:00:00+00:00,0.24467806
2026-04-14 04:00:00+00:00,0.24416664
2026-04-14 05:00:00+00:00,0.24190982
2026-04-14 06:00:00+00:00,0.24363361
2026-04-14 07:00:00+00:00,0.24342124
2026-04-14 08:00:00+00:00,0.24449948
2026-04-14 09:00:00+00:00,0.24455086
2026-04-14 10:00:00+00:00,0.24358013
2026-04-14 11:00:00+00:00,0.24338966
2026-04-14 12:00:00+00:00,0.24351539
2026-04-14 13:00:00+00:00,0.24824033
2026-04-14 14:00:00+00:00,0.24550326
2026-04-14 15:00:00+00:00,0.24443684
2026-04-14 16:00:00+00:00,0.24391696
2026-04-14 17:00:00+00:00,0.24406075
2026-04-14 18:00:00+00:00,0.24059027
2026-04-14 19:00:00+00:00,0.24043997
2026-04-14 20:00:00+00:00,0.24035685
2026-04-14 21:00:00+00:00,0.24081028
2026-04-14 22:00:00+00:00,0.2397708
2026-04-14 23:00:00+00:00,0.23962277
2026-04-15 00:00:00+00:00,0.2404349
2026-04-15 01:00:00+00:00,0.24073189
2026-04-15 02:00:00+00:00,0.23968757
2026-04-15 03:00:00+00:00,0.23968418
2026-04-15 04:00:00+00:00,0.24080972
2026-04-15 05:00:00+00:00,0.2399173
2026-04-15 06:00:00+00:00,0.23869876
2026-04-15 07:00:00+00:00,0.23833471
2026-04-15 08:00:00+00:00,0.24007935
2026-04-15 09:00:00+00:00,0.23987182
2026-04-15 10:00:00+00:00,0.23976212
2026-04-15 11:00:00+00:00,0.24156404
2026-04-15 12:00:00+00:00,0.24198907
2026-04-15 13:00:00+00:00,0.24118175
2026-04-15 14:00:00+00:00,0.24337428
2026-04-15 15:00:00+00:00,0.24265407
2026-04-15 16:00:00+00:00,0.2452239
2026-04-15 17:00:00+00:00,0.2454466
2026-04-15 18:00:00+00:00,0.246303
2026-04-15 19:00:00+00:00,0.24886999
2026-04-15 20:00:00+00:00,0.2476732
2026-04-15 21:00:00+00:00,0.2482193
2026-04-15 22:00:00+00:00,0.24729373
2026-04-15 23:00:00+00:00,0.2459238
2026-04-16 00:00:00+00:00,0.24550591
2026-04-16 01:00:00+00:00,0.24553862
2026-04-16 02:00:00+00:00,0.24842156
2026-04-16 03:00:00+00:00,0.24922188
2026-04-16 04:00:00+00:00,0.24998653
2026-04-16 05:00:00+00:00,0.24984626
2026-04-16 06:00:00+00:00,0.25046096
2026-04-16 07:00:00+00:00,0.25009683
2026-04-16 08:00:00+00:00,0.24857487
2026-04-16 09:00:00+00:00,0.24875419
2026-04-16 10:00:00+00:00,0.2479329
2026-04-16 11:00:00+00:00,0.24837728
2026-04-16 12:00:00+00:00,0.25040762
2026-04-16 13:00:00+00:00,0.24926334
2026-04-16 14:00:00+00:00,0.2479272
2026-04-16 15:00:00+00:00,0.25329825
2026-04-16 16:00:00+00:00,0.25163305
2026-04-16 17:00:00+00:00,0.25324406
2026-04-16 18:00:00+00:00,0.25896278
2026-04-16 19:00:00+00:00,0.26038006
2026-04-16 20:00:00+00:00,0.25780772
2026-04-16 21:00:00+00:00,0.2584261
2026-04-16 22:00:00+00:00,0.25844213
2026-04-16 23:00:00+00:00,0.2591261
2026-04-17 00:00:00+00:00,0.25814082
2026-04-17 01:00:00+00:00,0.25608475
2026-04-17 02:00:00+00:00,0.25511038
2026-04-17 03:00:00+00:00,0.25500046
2026-04-17 04:00:00+00:00,0.25403646
2026-04-17 05:00:00+00:00,0.25219452
2026-04-17 06:00:00+00:00,0.25490903
2026-04-17 07:00:00+00:00,0.25612999
2026-04-17 08:00:00+00:00,0.25731689
2026-04-17 09:00:00+00:00,0.25837341
2026-04-17 10:00:00+00:00,0.25504335
2026-04-17 11:00:00+00:00,0.25749742
2026-04-17 12:00:00+00:00,0.26053221
2026-04-17 13:00:00+00:00,0.26530548
2026-04-17 14:00:00+00:00,0.26632014
2026-04-17 15:00:00+00:00,0.26356544
2026-04-17 16:00:00+00:00,0.26601426
2026-04-17 17:00:00+00:00,0.26359552
2026-04-17 18:00:00+00:00,0.26123231
2026-04-17 19:00:00+00:00,0.2611566
2026-04-17 20:00:00+00:00,0.26051153
2026-04-17 21:00:00+00:00,0.26039026
2026-04-17 22:00:00+00:00,0.26072248
2026-04-17 23:00:00+00:00,0.25868503
2026-04-18 00:00:00+00:00,0.25820382
2026-04-18 01:00:00+00:00,0.25744342
2026-04-18 02:00:00+00:00,0.25804062
2026-04-18 03:00:00+00:00,0.25694363
2026-04-18 04:00:00+00:00,0.25722819
2026-04-18 05:00:00+00:00,0.25783491
2026-04-18 06:00:00+00:00,0.25761305
2026-04-18 07:00:00+00:00,0.25862311
2026-04-18 08:00:00+00:00,0.2556472
2026-04-18 09:00:00+00:00,0.25428756
2026-04-18 10:00:00+00:00,0.25254181
2026-04-18 11:00:00+00:00,0.25104469
2026-04-18 12:00:00+00:00,0.25166259
2026-04-18 13:00:00+00:00,0.25114194
2026-04-18 14:00:00+00:00,0.25155335
2026-04-18 15:00:00+00:00,0.25104671
2026-04-18 16:00:00+00:00,0.24935223
2026-04-18 17:00:00+00:00,0.24953077
2026-04-18 18:00:00+00:00,0.24779421
2026-04-18 19:00:00+00:00,0.24881392
2026-04-18 20:00:00+00:00,0.2490692
2026-04-18 21:00:00+00:00,0.25009679
2026-04-18 22:00:00+00:00,0.24995369
2026-04-18 23:00:00+00:00,0.24905756
2026-04-19 00:00:00+00:00,0.24899389
2026-04-19 01:00:00+00:00,0.24838854
2026-04-19 02:00:00+00:00,0.24791125
2026-04-19 03:00:00+00:00,0.24816136
2026-04-19 04:00:00+00:00,0.24778341
2026-04-19 05:00:00+00:00,0.24727022
2026-04-19 06:00:00+00:00,0.24727385
2026-04-19 07:00:00+00:00,0.24601001
2026-04-19 08:00:00+00:00,0.24540204
2026-04-19 09:00:00+00:00,0.24506029
2026-04-19 10:00:00+00:00,0.24571733
2026-04-19 11:00:00+00:00,0.24737704
2026-04-19 12:00:00+00:00,0.24801781
2026-04-19 13:00:00+00:00,0.24911759
2026-04-19 14:00:00+00:00,0.24941069
2026-04-19 15:00:00+00:00,0.24871873
2026-04-19 16:00:00+00:00,0.24690756
2026-04-19 17:00:00+00:00,0.24508417
2026-04-19 18:00:00+00:00,0.24570034
2026-04-19 19:00:00+00:00,0.24672369
2026-04-19 20:00:00+00:00,0.24486098
2026-04-19 21:00:00+00:00,0.24420604
2026-04-19 22:00:00+00:00,0.24238336
2026-04-19 23:00:00+00:00,0.24236889
2026-04-20 00:00:00+00:00,0.24427481
2026-04-20 01:00:00+00:00,0.2448416
2026-04-20 02:00:00+00:00,0.24540629
2026-04-20 03:00:00+00:00,0.24591232
2026-04-20 04:00:00+00:00,0.24586041
2026-04-20 05:00:00+00:00,0.24397849
2026-04-20 06:00:00+00:00,0.24560779
2026-04-20 07:00:00+00:00,0.24658357
2026-04-20 08:00:00+00:00,0.24552994
2026-04-20 09:00:00+00:00,0.24688586
2026-04-20 10:00:00+00:00,0.24658328
2026-04-20 11:00:00+00:00,0.24651255
2026-04-20 12:00:00+00:00,0.24726934
2026-04-20 13:00:00+00:00,0.24780645
2026-04-20 14:00:00+00:00,0.24596817
2026-04-20 15:00:00+00:00,0.24771383
2026-04-20 16:00:00+00:00,0.24583572
2026-04-20 17:00:00+00:00,0.24811841
2026-04-20 18:00:00+00:00,0.24979885
2026-04-20 19:00:00+00:00,0.2488974
2026-04-20 20:00:00+00:00,0.25013977
2026-04-20 21:00:00+00:00,0.24958875
2026-04-20 22:00:00+00:00,0.24873309
2026-04-20 23:00:00+00:00,0.24794736
2026-04-21 00:00:00+00:00,0.24905865
2026-04-21 01:00:00+00:00,0.24823096
2026-04-21 02:00:00+00:00,0.24742876
2026-04-21 03:00:00+00:00,0.24705084
2026-04-21 04:00:00+00:00,0.248424
2026-04-21 05:00:00+00:00,0.24909823
2026-04-21 06:00:00+00:00,0.24888648
2026-04-21 07:00:00+00:00,0.24947474
2026-04-21 08:00:00+00:00,0.25016336
2026-04-21 09:00:00+00:00,0.25060852
2026-04-21 10:00:00+00:00,0.25121664
2026-04-21 11:00:00+00:00,0.25015319
2026-04-21 12:00:00+00:00,0.24878665
2026-04-21 13:00:00+00:00,0.24879013
2026-04-21 14:00:00+00:00,0.24836158
2026-04-21 15:00:00+00:00,0.24880205
2026-04-21 16:00:00+00:00,0.24690075
2026-04-21 17:00:00+00:00,0.24643689
2026-04-21 18:00:00+00:00,0.24686097
2026-04-21 19:00:00+00:00,0.24469659
2026-04-21 20:00:00+00:00,0.24791662
2026-04-21 21:00:00+00:00,0.24771832
2026-04-21 22:00:00+00:00,0.24907036
2026-04-21 23:00:00+00:00,0.24985946
2026-04-22 00:00:00+00:00,0.24992656
2026-04-22 01:00:00+00:00,0.24922562
2026-04-22 02:00:00+00:00,0.25438022
2026-04-22 03:00:00+00:00,0.25422916
2026-04-22 04:00:00+00:00,0.25406026
2026-04-22 05:00:00+00:00,0.25574322
2026-04-22 06:00:00+00:00,0.25578771
2026-04-22 07:00:00+00:00,0.25483639
2026-04-22 08:00:00+00:00,0.25481158
2026-04-22 09:00:00+00:00,0.25498867
2026-04-22 10:00:00+00:00,0.25555056
2026-04-22 11:00:00+00:00,0.25563111
2026-04-22 12:00:00+00:00,0.25472239
2026-04-22 13:00:00+00:00,0.25498509
2026-04-22 14:00:00+00:00,0.25549704
2026-04-22 15:00:00+00:00,0.25507782
2026-04-22 16:00:00+00:00,0.25269693
2026-04-22 17:00:00+00:00,0.25328453
2026-04-22 18:00:00+00:00,0.25340894
2026-04-22 19:00:00+00:00,0.25245889
2026-04-22 20:00:00+00:00,0.25105258
2026-04-22 21:00:00+00:00,0.2520387
2026-04-22 22:00:00+00:00,0.25046417
2026-04-22 23:00:00+00:00,0.2484013
2026-04-23 00:00:00+00:00,0.24868503
2026-04-23 01:00:00+00:00,0.24818247
2026-04-23 02:00:00+00:00,0.24654568
2026-04-23 03:00:00+00:00,0.24633018
2026-04-23 04:00:00+00:00,0.24688541
2026-04-23 05:00:00+00:00,0.2472894
2026-04-23 06:00:00+00:00,0.24779467
2026-04-23 07:00:00+00:00,0.24688668
2026-04-23 08:00:00+00:00,0.24701197
2026-04-23 09:00:00+00:00,0.24608928
2026-04-23 10:00:00+00:00,0.24588999
2026-04-23 11:00:00+00:00,0.24762162
2026-04-23 12:00:00+00:00,0.2477631
2026-04-23 13:00:00+00:00,0.24731088
2026-04-23 14:00:00+00:00,0.24917627
2026-04-23 15:00:00+00:00,0.25031492
2026-04-23 16:00:00+00:00,0.24900499
2026-04-23 17:00:00+00:00,0.24678714
2026-04-23 18:00:00+00:00,0.24622396
2026-04-23 19:00:00+00:00,0.24671934
2026-04-23 20:00:00+00:00,0.24831514
2026-04-23 21:00:00+00:00,0.24874708
2026-04-23 22:00:00+00:00,0.24922618
2026-04-23 23:00:00+00:00,0.24985807
2026-04-24 00:00:00+00:00,0.25168988
2026-04-24 01:00:00+00:00,0.25159582
2026-04-24 02:00:00+00:00,0.25009151
2026-04-24 03:00:00+00:00,0.24843038
2026-04-24 04:00:00+00:00,0.24818603
2026-04-24 05:00:00+00:00,0.24848562
2026-04-24 06:00:00+00:00,0.24875355
2026-04-24 07:00:00+00:00,0.24891858
2026-04-24 08:00:00+00:00,0.24943563
2026-04-24 09:00:00+00:00,0.24863112
2026-04-24 10:00:00+00:00,0.25014362
2026-04-24 11:00:00+00:00,0.25109873
2026-04-24 12:00:00+00:00,0.25052577
2026-04-24 13:00:00+00:00,0.2503923
2026-04-24 14:00:00+00:00,0.25038861
2026-04-24 15:00:00+00:00,0.25218447
2026-04-24 16:00:00+00:00,0.25170723
2026-04-24 17:00:00+00:00,0.25180369
2026-04-24 18:00:00+00:00,0.2517598
2026-04-24 19:00:00+00:00,0.25171238
2026-04-24 20:00:00+00:00,0.25233637
2026-04-24 21:00:00+00:00,0.25163914
2026-04-24 22:00:00+00:00,0.25026474
2026-04-24 23:00:00+00:00,0.2502809
2026-04-25 00:00:00+00:00,0.25000385
2026-04-25 01:00:00+00:00,0.25157006
2026-04-25 02:00:00+00:00,0.25114173
2026-04-25 03:00:00+00:00,0.2516359
2026-04-25 04:00:00+00:00,0.25121083
2026-04-25 05:00:00+00:00,0.25187208
2026-04-25 06:00:00+00:00,0.25137689
2026-04-25 07:00:00+00:00,0.25152167
2026-04-25 08:00:00+00:00,0.25211489
2026-04-25 09:00:00+00:00,0.25344879
2026-04-25 10:00:00+00:00,0.25357384
2026-04-25 11:00:00+00:00,0.25171528
2026-04-25 12:00:00+00:00,0.25169055
2026-04-25 13:00:00+00:00,0.2520865
2026-04-25 14:00:00+00:00,0.25098781
2026-04-25 15:00:00+00:00,0.25020853
2026-04-25 16:00:00+00:00,0.24939623
2026-04-25 17:00:00+00:00,0.24850395
2026-04-25 18:00:00+00:00,0.24881719
2026-04-25 19:00:00+00:00,0.24907228
2026-04-25 20:00:00+00:00,0.24980737
2026-04-25 21:00:00+00:00,0.24929338
2026-04-25 22:00:00+00:00,0.24985662
2026-04-25 23:00:00+00:00,0.25025347
2026-04-26 00:00:00+00:00,0.2492628
2026-04-26 01:00:00+00:00,0.2487116
2026-04-26 02:00:00+00:00,0.24939852
2026-04-26 03:00:00+00:00,0.24942943
2026-04-26 04:00:00+00:00,0.25014182
2026-04-26 05:00:00+00:00,0.2506583
2026-04-26 06:00:00+00:00,0.25134229
2026-04-26 07:00:00+00:00,0.25141731
2026-04-26 08:00:00+00:00,0.25144615
2026-04-26 09:00:00+00:00,0.25220023
2026-04-26 10:00:00+00:00,0.25249272
2026-04-26 11:00:00+00:00,0.25352434
2026-04-26 12:00:00+00:00,0.2525902
2026-04-26 13:00:00+00:00,0.25192559
2026-04-26 14:00:00+00:00,0.25255667
2026-04-26 15:00:00+00:00,0.25289431
2026-04-26 16:00:00+00:00,0.25164121
2026-04-26 17:00:00+00:00,0.25201698
2026-04-26 18:00:00+00:00,0.2526038
2026-04-26 19:00:00+00:00,0.25241601
2026-04-26 20:00:00+00:00,0.25205825
2026-04-26 21:00:00+00:00,0.25278397
2026-04-26 22:00:00+00:00,0.25181795
2026-04-26 23:00:00+00:00,0.25215877
2026-04-27 00:00:00+00:00,0.25468581
2026-04-27 01:00:00+00:00,0.25594576
2026-04-27 02:00:00+00:00,0.25533945
2026-04-27 03:00:00+00:00,0.25403239
2026-04-27 04:00:00+00:00,0.25313123
2026-04-27 05:00:00+00:00,0.24845931
2026-04-27 06:00:00+00:00,0.24786744
2026-04-27 07:00:00+00:00,0.24702173
2026-04-27 08:00:00+00:00,0.24770499
2026-04-27 09:00:00+00:00,0.24753887
2026-04-27 10:00:00+00:00,0.24772886
2026-04-27 11:00:00+00:00,0.247804
2026-04-27 12:00:00+00:00,0.24775967
2026-04-27 13:00:00+00:00,0.24697029
2026-04-27 14:00:00+00:00,0.24764532
2026-04-27 15:00:00+00:00,0.24457049
2026-04-27 16:00:00+00:00,0.24493094
2026-04-27 17:00:00+00:00,0.24505828
2026-04-27 18:00:00+00:00,0.24577704
2026-04-27 19:00:00+00:00,0.24530604
2026-04-27 20:00:00+00:00,0.24576665
2026-04-27 21:00:00+00:00,0.24514771
2026-04-27 22:00:00+00:00,0.24690551
2026-04-27 23:00:00+00:00,0.24818838
2026-04-28 00:00:00+00:00,0.24776618
2026-04-28 01:00:00+00:00,0.2477637
2026-04-28 02:00:00+00:00,0.24745632
2026-04-28 03:00:00+00:00,0.24732074
2026-04-28 04:00:00+00:00,0.24749382
2026-04-28 05:00:00+00:00,0.24770788
2026-04-28 06:00:00+00:00,0.24639452
2026-04-28 07:00:00+00:00,0.24709863
2026-04-28 08:00:00+00:00,0.24673305
2026-04-28 09:00:00+00:00,0.24600952
2026-04-28 10:00:00+00:00,0.24654457
2026-04-28 11:00:00+00:00,0.24561064
2026-04-28 12:00:00+00:00,0.24635372
2026-04-28 13:00:00+00:00,0.24638847
2026-04-28 14:00:00+00:00,0.24610011
2026-04-28 15:00:00+00:00,0.2465748
2026-04-28 16:00:00+00:00,0.24616361
2026-04-28 17:00:00+00:00,0.24615897
2026-04-28 18:00:00+00:00,0.24711871
2026-04-28 19:00:00+00:00,0.24736178
2026-04-28 20:00:00+00:00,0.24753932
2026-04-28 21:00:00+00:00,0.24755808
2026-04-28 22:00:00+00:00,0.24676057
2026-04-28 23:00:00+00:00,0.24684874
2026-04-29 00:00:00+00:00,0.24706294
2026-04-29 01:00:00+00:00,0.2473646
2026-04-29 02:00:00+00:00,0.24738625
2026-04-29 03:00:00+00:00,0.24904324
2026-04-29 04:00:00+00:00,0.24947023
2026-04-29 05:00:00+00:00,0.24946168
2026-04-29 06:00:00+00:00,0.24882248
2026-04-29 07:00:00+00:00,0.24951104
2026-04-29 08:00:00+00:00,0.24943618
2026-04-29 09:00:00+00:00,0.2528122
2026-04-29 10:00:00+00:00,0.25251781
2026-04-29 11:00:00+00:00,0.25130272
2026-04-29 12:00:00+00:00,0.24912107
2026-04-29 13:00:00+00:00,0.24765436
2026-04-29 14:00:00+00:00,0.24627037
2026-04-29 15:00:00+00:00,0.24409127
2026-04-29 16:00:00+00:00,0.24342272
2026-04-29 17:00:00+00:00,0.24495413
2026-04-29 18:00:00+00:00,0.24171728
2026-04-29 19:00:00+00:00,0.24157737
2026-04-29 20:00:00+00:00,0.24324534
2026-04-29 21:00:00+00:00,0.24432329
2026-04-29 22:00:00+00:00,0.24429853
2026-04-29 23:00:00+00:00,0.24457595
2026-04-30 00:00:00+00:00,0.24666421
2026-04-30 01:00:00+00:00,0.24689706
2026-04-30 02:00:00+00:00,0.24651907
2026-04-30 03:00:00+00:00,0.24676251
2026-04-30 04:00:00+00:00,0.24489125
2026-04-30 05:00:00+00:00,0.24524656
2026-04-30 06:00:00+00:00,0.24565307
2026-04-30 07:00:00+00:00,0.2467576
2026-04-30 08:00:00+00:00,0.24665492
2026-04-30 09:00:00+00:00,0.24712741
2026-04-30 10:00:00+00:00,0.24586743
2026-04-30 11:00:00+00:00,0.24618208
2026-04-30 12:00:00+00:00,0.24581854
2026-04-30 13:00:00+00:00,0.24602129
2026-04-30 14:00:00+00:00,0.24611923
2026-04-30 15:00:00+00:00,0.24755146
2026-04-30 16:00:00+00:00,0.24621878
2026-04-30 17:00:00+00:00,0.24619696
2026-04-30 18:00:00+00:00,0.24611462
2026-04-30 19:00:00+00:00,0.24638842
2026-04-30 20:00:00+00:00,0.24662395
2026-04-30 21:00:00+00:00,0.24640009
2026-04-30 22:00:00+00:00,0.24592868
2026-04-30 23:00:00+00:00,0.24625033
2026-05-01 00:00:00+00:00,0.24639657
2026-05-01 01:00:00+00:00,0.24736114
2026-05-01 02:00:00+00:00,0.24728616
2026-05-01 03:00:00+00:00,0.24878067
2026-05-01 04:00:00+00:00,0.24876224
2026-05-01 05:00:00+00:00,0.2487295
2026-05-01 06:00:00+00:00,0.24849394
2026-05-01 07:00:00+00:00,0.24865344
2026-05-01 08:00:00+00:00,0.24933973
2026-05-01 09:00:00+00:00,0.24804851
2026-05-01 10:00:00+00:00,0.24807363
2026-05-01 11:00:00+00:00,0.24788467
2026-05-01 12:00:00+00:00,0.24878333
2026-05-01 13:00:00+00:00,0.25046695
2026-05-01 14:00:00+00:00,0.25023327
2026-05-01 15:00:00+00:00,0.25024727
2026-05-01 16:00:00+00:00,0.24948109
2026-05-01 17:00:00+00:00,0.25010629
2026-05-01 18:00:00+00:00,0.24982099
2026-05-01 19:00:00+00:00,0.24977816
2026-05-01 20:00:00+00:00,0.24845757
2026-05-01 21:00:00+00:00,0.24873673
2026-05-01 22:00:00+00:00,0.24813493
2026-05-01 23:00:00+00:00,0.24824482
2026-05-02 00:00:00+00:00,0.2483538
2026-05-02 01:00:00+00:00,0.2481598
2026-05-02 02:00:00+00:00,0.24820376
2026-05-02 03:00:00+00:00,0.24809088
2026-05-02 04:00:00+00:00,0.2479268
2026-05-02 05:00:00+00:00,0.24719989
2026-05-02 06:00:00+00:00,0.24794079
2026-05-02 07:00:00+00:00,0.247657
2026-05-02 08:00:00+00:00,0.24806155
2026-05-02 09:00:00+00:00,0.24878007
2026-05-02 10:00:00+00:00,0.24886412
2026-05-02 11:00:00+00:00,0.24828894
2026-05-02 12:00:00+00:00,0.24782217
2026-05-02 13:00:00+00:00,0.24882333
2026-05-02 14:00:00+00:00,0.24988397
2026-05-02 15:00:00+00:00,0.25005505
2026-05-02 16:00:00+00:00,0.25062643
2026-05-02 17:00:00+00:00,0.24979793
2026-05-02 18:00:00+00:00,0.25034964
2026-05-02 19:00:00+00:00,0.25123012
2026-05-02 20:00:00+00:00,0.25112222
2026-05-02 21:00:00+00:00,0.25113098
2026-05-02 22:00:00+00:00,0.25095641
2026-05-02 23:00:00+00:00,0.25013526
2026-05-03 00:00:00+00:00,0.24975265
2026-05-03 01:00:00+00:00,0.24832172
2026-05-03 02:00:00+00:00,0.24786557
2026-05-03 03:00:00+00:00,0.24808011
2026-05-03 04:00:00+00:00,0.24835622
2026-05-03 05:00:00+00:00,0.24837115
2026-05-03 06:00:00+00:00,0.24853797
2026-05-03 07:00:00+00:00,0.24882662
2026-05-03 08:00:00+00:00,0.24833237
2026-05-03 09:00:00+00:00,0.24937065
2026-05-03 10:00:00+00:00,0.24861426
2026-05-03 11:00:00+00:00,0.24962138
2026-05-03 12:00:00+00:00,0.25012731
2026-05-03 13:00:00+00:00,0.24981773
2026-05-03 14:00:00+00:00,0.25014355
2026-05-03 15:00:00+00:00,0.25069699
2026-05-03 16:00:00+00:00,0.25109409
2026-05-03 17:00:00+00:00,0.25070898
2026-05-03 18:00:00+00:00,0.25064499
2026-05-03 19:00:00+00:00,0.25085949
2026-05-03 20:00:00+00:00,0.2502301
2026-05-03 21:00:00+00:00,0.24933689
2026-05-03 22:00:00+00:00,0.25103399
2026-05-03 23:00:00+00:00,0.24951495
2026-05-04 00:00:00+00:00,0.24898503
2026-05-04 01:00:00+00:00,0.25193381
2026-05-04 02:00:00+00:00,0.25345478
2026-05-04 03:00:00+00:00,0.2536439
2026-05-04 04:00:00+00:00,0.25336716
2026-05-04 05:00:00+00:00,0.253063
2026-05-04 06:00:00+00:00,0.2530967
2026-05-04 07:00:00+00:00,0.25173594
2026-05-04 08:00:00+00:00,0.2516792
2026-05-04 09:00:00+00:00,0.25302466
2026-05-04 10:00:00+00:00,0.24835142
2026-05-04 11:00:00+00:00,0.24856821
2026-05-04 12:00:00+00:00,0.24916121
2026-05-04 13:00:00+00:00,0.25000095
2026-05-04 14:00:00+00:00,0.25246417
2026-05-04 15:00:00+00:00,0.2506834
2026-05-04 16:00:00+00:00,0.25054942
2026-05-04 17:00:00+00:00,0.25210494
2026-05-04 18:00:00+00:00,0.252086
2026-05-04 19:00:00+00:00,0.25106742
2026-05-04 20:00:00+00:00,0.24973264
2026-05-04 21:00:00+00:00,0.25103896
2026-05-04 22:00:00+00:00,0.25029344
2026-05-04 23:00:00+00:00,0.24990429
2026-05-05 00:00:00+00:00,0.25067268
2026-05-05 01:00:00+00:00,0.250979
2026-05-05 02:00:00+00:00,0.251597
2026-05-05 03:00:00+00:00,0.25260611
2026-05-05 04:00:00+00:00,0.25222176
2026-05-05 05:00:00+00:00,0.2529267
2026-05-05 06:00:00+00:00,0.25468391
2026-05-05 07:00:00+00:00,0.25662658
2026-05-05 08:00:00+00:00,0.25681737
2026-05-05 09:00:00+00:00,0.25741795
2026-05-05 10:00:00+00:00,0.25901546
2026-05-05 11:00:00+00:00,0.25852716
2026-05-05 12:00:00+00:00,0.2588639
2026-05-05 13:00:00+00:00,0.25858229
2026-05-05 14:00:00+00:00,0.25695853
2026-05-05 15:00:00+00:00,0.25683765
2026-05-05 16:00:00+00:00,0.25755841
2026-05-05 17:00:00+00:00,0.2582485
2026-05-05 18:00:00+00:00,0.2579425
2026-05-05 19:00:00+00:00,0.25867393
2026-05-05 20:00:00+00:00,0.26121731
2026-05-05 21:00:00+00:00,0.26406502
2026-05-05 22:00:00+00:00,0.26253559
2026-05-05 23:00:00+00:00,0.26202726
2026-05-06 00:00:00+00:00,0.26077821
2026-05-06 01:00:00+00:00,0.26310204
2026-05-06 02:00:00+00:00,0.26203763
2026-05-06 03:00:00+00:00,0.26396698
2026-05-06 04:00:00+00:00,0.26231852
2026-05-06 05:00:00+00:00,0.26402905
2026-05-06 06:00:00+00:00,0.26376069
2026-05-06 07:00:00+00:00,0.26494432
2026-05-06 08:00:00+00:00,0.27199808
2026-05-06 09:00:00+00:00,0.27302019
2026-05-06 10:00:00+00:00,0.27105922
2026-05-06 11:00:00+00:00,0.27177699
2026-05-06 12:00:00+00:00,0.27182605
2026-05-06 13:00:00+00:00,0.26528707
2026-05-06 14:00:00+00:00,0.26574929
2026-05-06 15:00:00+00:00,0.26763817
2026-05-06 16:00:00+00:00,0.26680236
2026-05-06 17:00:00+00:00,0.26571578
2026-05-06 18:00:00+00:00,0.26596114
2026-05-06 19:00:00+00:00,0.2663914
2026-05-06 20:00:00+00:00,0.2661608
2026-05-06 21:00:00+00:00,0.26850171
2026-05-06 22:00:00+00:00,0.26589953
2026-05-06 23:00:00+00:00,0.26695707
2026-05-07 00:00:00+00:00,0.26543098
2026-05-07 01:00:00+00:00,0.26527
2026-05-07 02:00:00+00:00,0.26473041
2026-05-07 03:00:00+00:00,0.26372613
2026-05-07 04:00:00+00:00,0.2651961
2026-05-07 05:00:00+00:00,0.2661325
2026-05-07 06:00:00+00:00,0.26762721
2026-05-07 07:00:00+00:00,0.2684205
2026-05-07 08:00:00+00:00,0.26788636
2026-05-07 09:00:00+00:00,0.26688478
2026-05-07 10:00:00+00:00,0.26714697
2026-05-07 11:00:00+00:00,0.26797681
2026-05-07 12:00:00+00:00,0.26925378
2026-05-07 13:00:00+00:00,0.26614501
2026-05-07 14:00:00+00:00,0.26372825
2026-05-07 15:00:00+00:00,0.26180601
2026-05-07 16:00:00+00:00,0.26197401
2026-05-07 17:00:00+00:00,0.26273814
2026-05-07 18:00:00+00:00,0.26346563
2026-05-07 19:00:00+00:00,0.26305485
2026-05-07 20:00:00+00:00,0.26167805
2026-05-07 21:00:00+00:00,0.26162664
2026-05-07 22:00:00+00:00,0.26187602
2026-05-07 23:00:00+00:00,0.26270723
2026-05-08 00:00:00+00:00,0.26197199
2026-05-08 01:00:00+00:00,0.2619225
2026-05-08 02:00:00+00:00,0.261345
2026-05-08 03:00:00+00:00,0.261895
2026-05-08 04:00:00+00:00,0.262335
2026-05-08 05:00:00+00:00,0.26145
2026-05-08 06:00:00+00:00,0.2614575
2026-05-08 07:00:00+00:00,0.26204911
2026-05-08 08:00:00+00:00,0.26343162
2026-05-08 09:00:00+00:00,0.26358272
2026-05-08 10:00:00+00:00,0.26409822
2026-05-08 11:00:00+00:00,0.26447413
2026-05-08 12:00:00+00:00,0.26402303
2026-05-08 13:00:00+00:00,0.26390053
2026-05-08 14:00:00+00:00,0.26728916
2026-05-08 15:00:00+00:00,0.26961243
2026-05-08 16:00:00+00:00,0.26908832
2026-05-08 17:00:00+00:00,0.27087692
2026-05-08 18:00:00+00:00,0.27187425
2026-05-08 19:00:00+00:00,0.27172402
2026-05-08 20:00:00+00:00,0.27146341
2026-05-08 21:00:00+00:00,0.27602555
2026-05-08 22:00:00+00:00,0.27499274
2026-05-08 23:00:00+00:00,0.27350735
2026-05-09 00:00:00+00:00,0.27571023
2026-05-09 01:00:00+00:00,0.27769564
2026-05-09 02:00:00+00:00,0.27726625
2026-05-09 03:00:00+00:00,0.27631619
2026-05-09 04:00:00+00:00,0.27518588
2026-05-09 05:00:00+00:00,0.27600745
2026-05-09 06:00:00+00:00,0.27486948
2026-05-09 07:00:00+00:00,0.27517557
2026-05-09 08:00:00+00:00,0.27585177
2026-05-09 09:00:00+00:00,0.27306348
2026-05-09 10:00:00+00:00,0.27311347
2026-05-09 11:00:00+00:00,0.27366575
2026-05-09 12:00:00+00:00,0.27320556
2026-05-09 13:00:00+00:00,0.2724461
2026-05-09 14:00:00+00:00,0.27116642
2026-05-09 15:00:00+00:00,0.27041097
2026-05-09 16:00:00+00:00,0.27063336
2026-05-09 17:00:00+00:00,0.27174756
2026-05-09 18:00:00+00:00,0.27199177
2026-05-09 19:00:00+00:00,0.27266055
2026-05-09 20:00:00+00:00,0.27237652
2026-05-09 21:00:00+00:00,0.27206926
2026-05-09 22:00:00+00:00,0.27230883
2026-05-09 23:00:00+00:00,0.27087459
2026-05-10 00:00:00+00:00,0.27033365
2026-05-10 01:00:00+00:00,0.26955469
2026-05-10 02:00:00+00:00,0.27027268
2026-05-10 03:00:00+00:00,0.27002429
2026-05-10 04:00:00+00:00,0.27022633
2026-05-10 05:00:00+00:00,0.26971149
2026-05-10 06:00:00+00:00,0.26965763
2026-05-10 07:00:00+00:00,0.2707005
2026-05-10 08:00:00+00:00,0.27308689
2026-05-10 09:00:00+00:00,0.27195432
2026-05-10 10:00:00+00:00,0.2727609
2026-05-10 11:00:00+00:00,0.27281375
2026-05-10 12:00:00+00:00,0.27290517
2026-05-10 13:00:00+00:00,0.27445815
2026-05-10 14:00:00+00:00,0.27546297
2026-05-10 15:00:00+00:00,0.28145596
2026-05-10 16:00:00+00:00,0.28462219
2026-05-10 17:00:00+00:00,0.28680825
2026-05-10 18:00:00+00:00,0.28688018
2026-05-10 19:00:00+00:00,0.28702281
2026-05-10 20:00:00+00:00,0.27782918
2026-05-10 21:00:00+00:00,0.27941525
2026-05-10 22:00:00+00:00,0.28313046
2026-05-10 23:00:00+00:00,0.28230222
2026-05-11 00:00:00+00:00,0.27963021
2026-05-11 01:00:00+00:00,0.28037214
2026-05-11 02:00:00+00:00,0.27753261
2026-05-11 03:00:00+00:00,0.2764996
2026-05-11 04:00:00+00:00,0.27715367
2026-05-11 05:00:00+00:00,0.27857933
2026-05-11 06:00:00+00:00,0.27827579
2026-05-11 07:00:00+00:00,0.27774967
2026-05-11 08:00:00+00:00,0.27657773
2026-05-11 09:00:00+00:00,0.27834784
2026-05-11 10:00:00+00:00,0.27883809
2026-05-11 11:00:00+00:00,0.27929262
2026-05-11 12:00:00+00:00,0.27872086
2026-05-11 13:00:00+00:00,0.28067476
2026-05-11 14:00:00+00:00,0.28033268
2026-05-11 15:00:00+00:00,0.28244599
2026-05-11 16:00:00+00:00,0.2816103
2026-05-11 17:00:00+00:00,0.28171072
2026-05-11 18:00:00+00:00,0.28021928
2026-05-11 19:00:00+00:00,0.28120501
2026-05-11 20:00:00+00:00,0.2808586
2026-05-11 21:00:00+00:00,0.28050569
2026-05-11 22:00:00+00:00,0.28071753
2026-05-11 23:00:00+00:00,0.28042607
2026-05-12 00:00:00+00:00,0.28132698
2026-05-12 01:00:00+00:00,0.27767501
2026-05-12 02:00:00+00:00,0.27834108
2026-05-12 03:00:00+00:00,0.2771011
2026-05-12 04:00:00+00:00,0.27751044
2026-05-12 05:00:00+00:00,0.27766718
2026-05-12 06:00:00+00:00,0.27704862
2026-05-12 07:00:00+00:00,0.27687675
2026-05-12 08:00:00+00:00,0.27620754
2026-05-12 09:00:00+00:00,0.27586132
2026-05-12 10:00:00+00:00,0.27439802
2026-05-12 11:00:00+00:00,0.27444844
2026-05-12 12:00:00+00:00,0.27422198
2026-05-12 13:00:00+00:00,0.27185874
2026-05-12 14:00:00+00:00,0.26936928
2026-05-12 15:00:00+00:00,0.26913751
2026-05-12 16:00:00+00:00,0.26766339
2026-05-12 17:00:00+00:00,0.27047957
2026-05-12 18:00:00+00:00,0.27036561
2026-05-12 19:00:00+00:00,0.27202072
2026-05-12 20:00:00+00:00,0.27198399
2026-05-12 21:00:00+00:00,0.27185714
2026-05-12 22:00:00+00:00,0.27170058
2026-05-12 23:00:00+00:00,0.27108552
2026-05-13 00:00:00+00:00,0.27161999
2026-05-13 01:00:00+00:00,0.27334359
2026-05-13 02:00:00+00:00,0.27351988
2026-05-13 03:00:00+00:00,0.27415707
2026-05-13 04:00:00+00:00,0.27438398
2026-05-13 05:00:00+00:00,0.27306945
2026-05-13 06:00:00+00:00,0.2726491
2026-05-13 07:00:00+00:00,0.27326143
2026-05-13 08:00:00+00:00,0.27399586
2026-05-13 09:00:00+00:00,0.27718935
2026-05-13 10:00:00+00:00,0.2739398
2026-05-13 11:00:00+00:00,0.27061011
2026-05-13 12:00:00+00:00,0.26803966
2026-05-13 13:00:00+00:00,0.26566107
2026-05-13 14:00:00+00:00,0.26596267
2026-05-13 15:00:00+00:00,0.26206504
2026-05-13 16:00:00+00:00,0.26436922
2026-05-13 17:00:00+00:00,0.26419749
2026-05-13 18:00:00+00:00,0.26472865
2026-05-13 19:00:00+00:00,0.26380962
2026-05-13 20:00:00+00:00,0.26480712
2026-05-13 21:00:00+00:00,0.26399465
2026-05-13 22:00:00+00:00,0.26497702
2026-05-13 23:00:00+00:00,0.26477045
2026-05-14 00:00:00+00:00,0.26565777
2026-05-14 01:00:00+00:00,0.2655681
2026-05-14 02:00:00+00:00,0.26479477
2026-05-14 03:00:00+00:00,0.26294258
2026-05-14 04:00:00+00:00,0.26458661
2026-05-14 05:00:00+00:00,0.2661676
2026-05-14 06:00:00+00:00,0.26538978
2026-05-14 07:00:00+00:00,0.26454735
2026-05-14 08:00:00+00:00,0.26513239
2026-05-14 09:00:00+00:00,0.2647039
2026-05-14 10:00:00+00:00,0.26475758
2026-05-14 11:00:00+00:00,0.26398906
2026-05-14 12:00:00+00:00,0.26658832
2026-05-14 13:00:00+00:00,0.26681641
2026-05-14 14:00:00+00:00,0.27029986
2026-05-14 15:00:00+00:00,0.27031687
2026-05-14 16:00:00+00:00,0.27230461
2026-05-14 17:00:00+00:00,0.27238052
2026-05-14 18:00:00+00:00,0.27873683
2026-05-14 19:00:00+00:00,0.27390562
2026-05-14 20:00:00+00:00,0.27318436
2026-05-14 21:00:00+00:00,0.27354102
2026-05-14 22:00:00+00:00,0.27208526
2026-05-14 23:00:00+00:00,0.27053936
2026-05-15 00:00:00+00:00,0.27234581
2026-05-15 01:00:00+00:00,0.27051999
2026-05-15 02:00:00+00:00,0.27082287
2026-05-15 03:00:00+00:00,0.26980124
2026-05-15 04:00:00+00:00,0.26776047
2026-05-15 05:00:00+00:00,0.26556422
2026-05-15 06:00:00+00:00,0.26732678
2026-05-15 07:00:00+00:00,0.2683417
2026-05-15 08:00:00+00:00,0.26766168
2026-05-15 09:00:00+00:00,0.26672261
2026-05-15 10:00:00+00:00,0.26831569
2026-05-15 11:00:00+00:00,0.26718279
2026-05-15 12:00:00+00:00,0.2654525
2026-05-15 13:00:00+00:00,0.25807577
2026-05-15 14:00:00+00:00,0.25915533
2026-05-15 15:00:00+00:00,0.258306
2026-05-15 16:00:00+00:00,0.2609101
2026-05-15 17:00:00+00:00,0.26206268
2026-05-15 18:00:00+00:00,0.26220261
2026-05-15 19:00:00+00:00,0.26105241
2026-05-15 20:00:00+00:00,0.26081469
2026-05-15 21:00:00+00:00,0.26084322
2026-05-15 22:00:00+00:00,0.261622
2026-05-15 23:00:00+00:00,0.26161128
2026-05-16 00:00:00+00:00,0.26158722
2026-05-16 01:00:00+00:00,0.26184412
2026-05-16 02:00:00+00:00,0.26157724
2026-05-16 03:00:00+00:00,0.26125588
2026-05-16 04:00:00+00:00,0.25923213
2026-05-16 05:00:00+00:00,0.25874796
2026-05-16 06:00:00+00:00,0.25631758
2026-05-16 07:00:00+00:00,0.2554171
2026-05-16 08:00:00+00:00,0.25518825
2026-05-16 09:00:00+00:00,0.25336535
2026-05-16 10:00:00+00:00,0.25388964
2026-05-16 11:00:00+00:00,0.25408361
2026-05-16 12:00:00+00:00,0.25465079
2026-05-16 13:00:00+00:00,0.25439285
2026-05-16 14:00:00+00:00,0.2549091
2026-05-16 15:00:00+00:00,0.25566112
2026-05-16 16:00:00+00:00,0.25543002
2026-05-16 17:00:00+00:00,0.25611157
2026-05-16 18:00:00+00:00,0.2554256
2026-05-16 19:00:00+00:00,0.25514423
2026-05-16 20:00:00+00:00,0.25521754
2026-05-16 21:00:00+00:00,0.25562439
2026-05-16 22:00:00+00:00,0.25479171
2026-05-16 23:00:00+00:00,0.25511628
2026-05-17 00:00:00+00:00,0.25443926
2026-05-17 01:00:00+00:00,0.2528152
2026-05-17 02:00:00+00:00,0.2533882
2026-05-17 03:00:00+00:00,0.25434198
2026-05-17 04:00:00+00:00,0.25521585
2026-05-17 05:00:00+00:00,0.25539337
2026-05-17 06:00:00+00:00,0.25559652
2026-05-17 07:00:00+00:00,0.25623638
2026-05-17 08:00:00+00:00,0.25569617
2026-05-17 09:00:00+00:00,0.25658751
2026-05-17 10:00:00+00:00,0.25730952
2026-05-17 11:00:00+00:00,0.25662196
2026-05-17 12:00:00+00:00,0.25612813
2026-05-17 13:00:00+00:00,0.25546344
2026-05-17 14:00:00+00:00,0.25528532
2026-05-17 15:00:00+00:00,0.25527088
2026-05-17 16:00:00+00:00,0.25447845
2026-05-17 17:00:00+00:00,0.25436299
2026-05-17 18:00:00+00:00,0.25440683
2026-05-17 19:00:00+00:00,0.25527984
2026-05-17 20:00:00+00:00,0.25488632
2026-05-17 21:00:00+00:00,0.25547041
2026-05-17 22:00:00+00:00,0.25390741
2026-05-17 23:00:00+00:00,0.25216759
2026-05-18 00:00:00+00:00,0.25128703
2026-05-18 01:00:00+00:00,0.25132218
2026-05-18 02:00:00+00:00,0.25183582
2026-05-18 03:00:00+00:00,0.25018525
2026-05-18 04:00:00+00:00,0.25130008
2026-05-18 05:00:00+00:00,0.249983
2026-05-18 06:00:00+00:00,0.24939061
2026-05-18 07:00:00+00:00,0.24942388
2026-05-18 08:00:00+00:00,0.24993469
2026-05-18 09:00:00+00:00,0.24919297
2026-05-18 10:00:00+00:00,0.24809246
2026-05-18 11:00:00+00:00,0.2505554
2026-05-18 12:00:00+00:00,0.25153528
2026-05-18 13:00:00+00:00,0.24922621
2026-05-18 14:00:00+00:00,0.24770959
2026-05-18 15:00:00+00:00,0.24818377
2026-05-18 16:00:00+00:00,0.24883547
2026-05-18 17:00:00+00:00,0.24880324
2026-05-18 18:00:00+00:00,0.2470372
2026-05-18 19:00:00+00:00,0.25077938
2026-05-18 20:00:00+00:00,0.2502464
2026-05-18 21:00:00+00:00,0.25254976
2026-05-18 22:00:00+00:00,0.25171924
2026-05-18 23:00:00+00:00,0.25162936
2026-05-19 00:00:00+00:00,0.25257973
2026-05-19 01:00:00+00:00,0.25140368
2026-05-19 02:00:00+00:00,0.25089759
2026-05-19 03:00:00+00:00,0.25152383
2026-05-19 04:00:00+00:00,0.25208207
2026-05-19 05:00:00+00:00,0.25162776
2026-05-19 06:00:00+00:00,0.25189796
2026-05-19 07:00:00+00:00,0.25252151
2026-05-19 08:00:00+00:00,0.25144918
2026-05-19 09:00:00+00:00,0.25058015
2026-05-19 10:00:00+00:00,0.24995425
2026-05-19 11:00:00+00:00,0.24861905
2026-05-19 12:00:00+00:00,0.24977008
2026-05-19 13:00:00+00:00,0.25012406
2026-05-19 14:00:00+00:00,0.24833378
2026-05-19 15:00:00+00:00,0.24844104
2026-05-19 16:00:00+00:00,0.24984681
2026-05-19 17:00:00+00:00,0.249118
2026-05-19 18:00:00+00:00,0.2485466
2026-05-19 19:00:00+00:00,0.24841845
2026-05-19 20:00:00+00:00,0.24932732
2026-05-19 21:00:00+00:00,0.24912031
2026-05-19 22:00:00+00:00,0.2480885
2026-05-19 23:00:00+00:00,0.2482364
2026-05-20 00:00:00+00:00,0.24818897
2026-05-20 01:00:00+00:00,0.2479567
2026-05-20 02:00:00+00:00,0.24744194
2026-05-20 03:00:00+00:00,0.24827382
2026-05-20 04:00:00+00:00,0.24864318
2026-05-20 05:00:00+00:00,0.25013308
2026-05-20 06:00:00+00:00,0.25021624
2026-05-20 07:00:00+00:00,0.24915065
2026-05-20 08:00:00+00:00,0.25000469
2026-05-20 09:00:00+00:00,0.24911804
2026-05-20 10:00:00+00:00,0.24993859
2026-05-20 11:00:00+00:00,0.24883698
2026-05-20 12:00:00+00:00,0.24969666
2026-05-20 13:00:00+00:00,0.2485028
2026-05-20 14:00:00+00:00,0.25051783
2026-05-20 15:00:00+00:00,0.25023129
2026-05-20 16:00:00+00:00,0.25010272
2026-05-20 17:00:00+00:00,0.25026825
2026-05-20 18:00:00+00:00,0.2492235
2026-05-20 19:00:00+00:00,0.25022593
2026-05-20 20:00:00+00:00,0.25057185
2026-05-20 21:00:00+00:00,0.24975932
2026-05-20 22:00:00+00:00,0.24931915
2026-05-20 23:00:00+00:00,0.24923831
2026-05-21 00:00:00+00:00,0.25064365
2026-05-21 01:00:00+00:00,0.25105103
2026-05-21 02:00:00+00:00,0.25141354
2026-05-21 03:00:00+00:00,0.25216924
2026-05-21 04:00:00+00:00,0.25151719
2026-05-21 05:00:00+00:00,0.24932903
2026-05-21 06:00:00+00:00,0.24806107
2026-05-21 07:00:00+00:00,0.24917517
2026-05-21 08:00:00+00:00,0.24981463
2026-05-21 09:00:00+00:00,0.24879976
2026-05-21 10:00:00+00:00,0.2466146
2026-05-21 11:00:00+00:00,0.24669172
2026-05-21 12:00:00+00:00,0.2474895
2026-05-21 13:00:00+00:00,0.24729916
2026-05-21 14:00:00+00:00,0.2471714
2026-05-21 15:00:00+00:00,0.24852327
2026-05-21 16:00:00+00:00,0.2485142
2026-05-21 17:00:00+00:00,0.25219956
2026-05-21 18:00:00+00:00,0.25152735
2026-05-21 19:00:00+00:00,0.25250279
2026-05-21 20:00:00+00:00,0.25214004
2026-05-21 21:00:00+00:00,0.25189495
2026-05-21 22:00:00+00:00,0.25081163
2026-05-21 23:00:00+00:00,0.25066242
2026-05-22 00:00:00+00:00,0.24935996
2026-05-22 01:00:00+00:00,0.25047978
2026-05-22 02:00:00+00:00,0.25072855
2026-05-22 03:00:00+00:00,0.25170826
2026-05-22 04:00:00+00:00,0.25172319
2026-05-22 05:00:00+00:00,0.25198567
2026-05-22 06:00:00+00:00,0.25033877
2026-05-22 07:00:00+00:00,0.25159573
2026-05-22 08:00:00+00:00,0.25160269
2026-05-22 09:00:00+00:00,0.25122005
2026-05-22 10:00:00+00:00,0.25139857
2026-05-22 11:00:00+00:00,0.25259694
2026-05-22 12:00:00+00:00,0.25417637
2026-05-22 13:00:00+00:00,0.25236671
2026-05-22 14:00:00+00:00,0.2494636
2026-05-22 15:00:00+00:00,0.24974829
2026-05-22 16:00:00+00:00,0.24937857
2026-05-22 17:00:00+00:00,0.24891097
2026-05-22 18:00:00+00:00,0.24564566
2026-05-22 19:00:00+00:00,0.24442845
2026-05-22 20:00:00+00:00,0.24566594
2026-05-22 21:00:00+00:00,0.24604129
2026-05-22 22:00:00+00:00,0.24531043
2026-05-22 23:00:00+00:00,0.24244368
2026-05-23 00:00:00+00:00,0.24341519
2026-05-23 01:00:00+00:00,0.24382462
2026-05-23 02:00:00+00:00,0.24383349
2026-05-23 03:00:00+00:00,0.24376457
2026-05-23 04:00:00+00:00,0.2423731
2026-05-23 05:00:00+00:00,0.24202713
2026-05-23 06:00:00+00:00,0.24207126
2026-05-23 07:00:00+00:00,0.23789565
2026-05-23 08:00:00+00:00,0.23844731
2026-05-23 09:00:00+00:00,0.23833947
2026-05-23 10:00:00+00:00,0.23903199
2026-05-23 11:00:00+00:00,0.23825184
2026-05-23 12:00:00+00:00,0.23816625
2026-05-23 13:00:00+00:00,0.24080415
2026-05-23 14:00:00+00:00,0.24262808
2026-05-23 15:00:00+00:00,0.24233947
2026-05-23 16:00:00+00:00,0.24266219
2026-05-23 17:00:00+00:00,0.24254073
2026-05-23 18:00:00+00:00,0.24411325
2026-05-23 19:00:00+00:00,0.24424723
2026-05-23 20:00:00+00:00,0.24992393
2026-05-23 21:00:00+00:00,0.24777475
2026-05-23 22:00:00+00:00,0.24652033
2026-05-23 23:00:00+00:00,0.24605908
2026-05-24 00:00:00+00:00,0.24624709
2026-05-24 01:00:00+00:00,0.24641308
2026-05-24 02:00:00+00:00,0.24571381
2026-05-24 03:00:00+00:00,0.24544347
2026-05-24 04:00:00+00:00,0.24576629
2026-05-24 05:00:00+00:00,0.24603166
2026-05-24 06:00:00+00:00,0.24633894
2026-05-24 07:00:00+00:00,0.2453341
2026-05-24 08:00:00+00:00,0.24587078
2026-05-24 09:00:00+00:00,0.24590276
2026-05-24 10:00:00+00:00,0.2453114
2026-05-24 11:00:00+00:00,0.24565036
2026-05-24 12:00:00+00:00,0.24503558
2026-05-24 13:00:00+00:00,0.24387647
2026-05-24 14:00:00+00:00,0.24290432
2026-05-24 15:00:00+00:00,0.24297966
2026-05-24 16:00:00+00:00,0.24308554
2026-05-24 17:00:00+00:00,0.24318909
2026-05-24 18:00:00+00:00,0.24238204
2026-05-24 19:00:00+00:00,0.24254838
2026-05-24 20:00:00+00:00,0.24194278
2026-05-24 21:00:00+00:00,0.23934998
2026-05-24 22:00:00+00:00,0.24108213
2026-05-24 23:00:00+00:00,0.24230067
2026-05-25 00:00:00+00:00,0.24270929
2026-05-25 01:00:00+00:00,0.24092979
2026-05-25 02:00:00+00:00,0.24123529
2026-05-25 03:00:00+00:00,0.24095206
2026-05-25 04:00:00+00:00,0.24275439
2026-05-25 05:00:00+00:00,0.24328221
2026-05-25 06:00:00+00:00,0.24399459
2026-05-25 07:00:00+00:00,0.24500886
2026-05-25 08:00:00+00:00,0.24592911
2026-05-25 09:00:00+00:00,0.24491935
2026-05-25 10:00:00+00:00,0.24600319
2026-05-25 11:00:00+00:00,0.24490865
2026-05-25 12:00:00+00:00,0.24465636
2026-05-25 13:00:00+00:00,0.24526945
2026-05-25 14:00:00+00:00,0.24622558
2026-05-25 15:00:00+00:00,0.24611318
2026-05-25 16:00:00+00:00,0.24750285
2026-05-25 17:00:00+00:00,0.24651996
2026-05-25 18:00:00+00:00,0.24636262
2026-05-25 19:00:00+00:00,0.24545933
2026-05-25 20:00:00+00:00,0.2445291
2026-05-25 21:00:00+00:00,0.24469203
2026-05-25 22:00:00+00:00,0.24275571
2026-05-25 23:00:00+00:00,0.24370552
2026-05-26 00:00:00+00:00,0.24208071
2026-05-26 01:00:00+00:00,0.24092917
2026-05-26 02:00:00+00:00,0.24058547
2026-05-26 03:00:00+00:00,0.24093095
2026-05-26 04:00:00+00:00,0.24124266
2026-05-26 05:00:00+00:00,0.24217884
2026-05-26 06:00:00+00:00,0.24209466
2026-05-26 07:00:00+00:00,0.2412466
2026-05-26 08:00:00+00:00,0.24214301
2026-05-26 09:00:00+00:00,0.24227446
2026-05-26 10:00:00+00:00,0.24500877
2026-05-26 11:00:00+00:00,0.24434129
2026-05-26 12:00:00+00:00,0.24486336
2026-05-26 13:00:00+00:00,0.24502632
2026-05-26 14:00:00+00:00,0.24402602
2026-05-26 15:00:00+00:00,0.24272102
2026-05-26 16:00:00+00:00,0.24127181
2026-05-26 17:00:00+00:00,0.23979962
2026-05-26 18:00:00+00:00,0.23961572
2026-05-26 19:00:00+00:00,0.2402042
2026-05-26 20:00:00+00:00,0.2404846
2026-05-26 21:00:00+00:00,0.23974134
2026-05-26 22:00:00+00:00,0.23995755
2026-05-26 23:00:00+00:00,0.24008618
2026-05-27 00:00:00+00:00,0.24174703
2026-05-27 01:00:00+00:00,0.24042232
2026-05-27 02:00:00+00:00,0.24057873
2026-05-27 03:00:00+00:00,0.24023683
2026-05-27 04:00:00+00:00,0.23972966
2026-05-27 05:00:00+00:00,0.23999037
2026-05-27 06:00:00+00:00,0.24048337
2026-05-27 07:00:00+00:00,0.24042337
2026-05-27 08:00:00+00:00,0.23990116
2026-05-27 09:00:00+00:00,0.23934313
2026-05-27 10:00:00+00:00,0.2396421
2026-05-27 11:00:00+00:00,0.2396234
2026-05-27 12:00:00+00:00,0.24023964
2026-05-27 13:00:00+00:00,0.2391166
2026-05-27 14:00:00+00:00,0.23999224
2026-05-27 15:00:00+00:00,0.24145486
2026-05-27 16:00:00+00:00,0.24117169
2026-05-27 17:00:00+00:00,0.23837985
2026-05-27 18:00:00+00:00,0.2397663
2026-05-27 19:00:00+00:00,0.24097241
2026-05-27 20:00:00+00:00,0.2404144
2026-05-27 21:00:00+00:00,0.23750459
2026-05-27 22:00:00+00:00,0.23669521
2026-05-27 23:00:00+00:00,0.23724462
2026-05-28 00:00:00+00:00,0.23825766
2026-05-28 01:00:00+00:00,0.23734181
2026-05-28 02:00:00+00:00,0.23703423
2026-05-28 03:00:00+00:00,0.2321797
2026-05-28 04:00:00+00:00,0.23120018
2026-05-28 05:00:00+00:00,0.22976777
2026-05-28 06:00:00+00:00,0.23020369
2026-05-28 07:00:00+00:00,0.23149673
2026-05-28 08:00:00+00:00,0.23024511
2026-05-28 09:00:00+00:00,0.23161328
2026-05-28 10:00:00+00:00,0.22987474
2026-05-28 11:00:00+00:00,0.23018571
2026-05-28 12:00:00+00:00,0.23174968
2026-05-28 13:00:00+00:00,0.23142361
2026-05-28 14:00:00+00:00,0.23230323
2026-05-28 15:00:00+00:00,0.23304579
2026-05-28 16:00:00+00:00,0.23450032
2026-05-28 17:00:00+00:00,0.23511692
2026-05-28 18:00:00+00:00,0.23634913
2026-05-28 19:00:00+00:00,0.23446748
2026-05-28 20:00:00+00:00,0.23553832
2026-05-28 21:00:00+00:00,0.23558511
2026-05-28 22:00:00+00:00,0.23415713
2026-05-28 23:00:00+00:00,0.23492785
2026-05-29 00:00:00+00:00,0.23509244
2026-05-29 01:00:00+00:00,0.23491104
2026-05-29 02:00:00+00:00,0.23311011
2026-05-29 03:00:00+00:00,0.23339734
2026-05-29 04:00:00+00:00,0.23449866
2026-05-29 05:00:00+00:00,0.23527244
2026-05-29 06:00:00+00:00,0.23594583
2026-05-29 07:00:00+00:00,0.23487729
2026-05-29 08:00:00+00:00,0.23517717
2026-05-29 09:00:00+00:00,0.23548353
2026-05-29 10:00:00+00:00,0.23474166
2026-05-29 11:00:00+00:00,0.23349252
2026-05-29 12:00:00+00:00,0.23251059
2026-05-29 13:00:00+00:00,0.23263382
2026-05-29 14:00:00+00:00,0.23261602
2026-05-29 15:00:00+00:00,0.23579057
2026-05-29 16:00:00+00:00,0.23533852
2026-05-29 17:00:00+00:00,0.23484808
2026-05-29 18:00:00+00:00,0.23214179
2026-05-29 19:00:00+00:00,0.23280642
2026-05-29 20:00:00+00:00,0.23296176
2026-05-29 21:00:00+00:00,0.23226389
2026-05-29 22:00:00+00:00,0.23299876
2026-05-29 23:00:00+00:00,0.23290538
2026-05-30 00:00:00+00:00,0.23512213
2026-05-30 01:00:00+00:00,0.23774477
2026-05-30 02:00:00+00:00,0.23855186
2026-05-30 03:00:00+00:00,0.23651584
2026-05-30 04:00:00+00:00,0.23505812
2026-05-30 05:00:00+00:00,0.23572648
2026-05-30 06:00:00+00:00,0.23535069
2026-05-30 07:00:00+00:00,0.23525798
2026-05-30 08:00:00+00:00,0.23426777
2026-05-30 09:00:00+00:00,0.23526079
2026-05-30 10:00:00+00:00,0.23483898
2026-05-30 11:00:00+00:00,0.2352564
2026-05-30 12:00:00+00:00,0.23541407
2026-05-30 13:00:00+00:00,0.23590005
2026-05-30 14:00:00+00:00,0.23616765
2026-05-30 15:00:00+00:00,0.23648017
2026-05-30 16:00:00+00:00,0.23687154
2026-05-30 17:00:00+00:00,0.23715011
2026-05-30 18:00:00+00:00,0.23771124
2026-05-30 19:00:00+00:00,0.23721583
2026-05-30 20:00:00+00:00,0.23768458
2026-05-30 21:00:00+00:00,0.23755268
2026-05-30 22:00:00+00:00,0.23608728
2026-05-30 23:00:00+00:00,0.2358879
2026-05-31 00:00:00+00:00,0.23670659
2026-05-31 01:00:00+00:00,0.23683186
2026-05-31 02:00:00+00:00,0.23733186
2026-05-31 03:00:00+00:00,0.23806544
2026-05-31 04:00:00+00:00,0.23866102
2026-05-31 05:00:00+00:00,0.23778451
2026-05-31 06:00:00+00:00,0.23787742
2026-05-31 07:00:00+00:00,0.23665478
2026-05-31 08:00:00+00:00,0.23708853
2026-05-31 09:00:00+00:00,0.2372494
2026-05-31 10:00:00+00:00,0.23714562
2026-05-31 11:00:00+00:00,0.23705544
2026-05-31 12:00:00+00:00,0.23772409
2026-05-31 13:00:00+00:00,0.2368383
2026-05-31 14:00:00+00:00,0.23400328
2026-05-31 15:00:00+00:00,0.23381264
2026-05-31 16:00:00+00:00,0.23296731
2026-05-31 17:00:00+00:00,0.23344311
2026-05-31 18:00:00+00:00,0.23317923
2026-05-31 19:00:00+00:00,0.23284871
2026-05-31 20:00:00+00:00,0.2339219
2026-05-31 21:00:00+00:00,0.23494324
2026-05-31 22:00:00+00:00,0.23589273
2026-05-31 23:00:00+00:00,0.23570822
2026-06-01 00:00:00+00:00,0.23671323
2026-06-01 01:00:00+00:00,0.23339921
2026-06-01 02:00:00+00:00,0.23639451
2026-06-01 03:00:00+00:00,0.23685581
2026-06-01 04:00:00+00:00,0.23448808
2026-06-01 05:00:00+00:00,0.2340067
2026-06-01 06:00:00+00:00,0.2330053
2026-06-01 07:00:00+00:00,0.23101309
2026-06-01 08:00:00+00:00,0.2313692
2026-06-01 09:00:00+00:00,0.23172658
2026-06-01 10:00:00+00:00,0.23128569
2026-06-01 11:00:00+00:00,0.23025323
2026-06-01 12:00:00+00:00,0.23056532
2026-06-01 13:00:00+00:00,0.22875322
2026-06-01 14:00:00+00:00,0.22753115
2026-06-01 15:00:00+00:00,0.2270518
2026-06-01 16:00:00+00:00,0.23039441
2026-06-01 17:00:00+00:00,0.23114828
2026-06-01 18:00:00+00:00,0.23047631
2026-06-01 19:00:00+00:00,0.23144932
2026-06-01 20:00:00+00:00,0.23093375
2026-06-01 21:00:00+00:00,0.22954333
2026-06-01 22:00:00+00:00,0.23087059
2026-06-01 23:00:00+00:00,0.23109424
2026-06-02 00:00:00+00:00,0.22965342
2026-06-02 01:00:00+00:00,0.22726211
2026-06-02 02:00:00+00:00,0.22793225
2026-06-02 03:00:00+00:00,0.22800723
2026-06-02 04:00:00+00:00,0.22595137
2026-06-02 05:00:00+00:00,0.2244914
2026-06-02 06:00:00+00:00,0.22386013
2026-06-02 07:00:00+00:00,0.22402754
2026-06-02 08:00:00+00:00,0.22396797
2026-06-02 09:00:00+00:00,0.22338891
2026-06-02 10:00:00+00:00,0.2244545
2026-06-02 11:00:00+00:00,0.2231442
2026-06-02 12:00:00+00:00,0.22322609
2026-06-02 13:00:00+00:00,0.22293115
2026-06-02 14:00:00+00:00,0.21942335
2026-06-02 15:00:00+00:00,0.215488
2026-06-02 16:00:00+00:00,0.21831579
2026-06-02 17:00:00+00:00,0.21875418
2026-06-02 18:00:00+00:00,0.21638176
2026-06-02 19:00:00+00:00,0.21574838
2026-06-02 20:00:00+00:00,0.21636977
2026-06-02 21:00:00+00:00,0.2167611
2026-06-02 22:00:00+00:00,0.21216904
2026-06-02 23:00:00+00:00,0.21294646
2026-06-03 00:00:00+00:00,0.21369413
2026-06-03 01:00:00+00:00,0.21388042
2026-06-03 02:00:00+00:00,0.21239863
2026-06-03 03:00:00+00:00,0.20877619
2026-06-03 04:00:00+00:00,0.21197119
2026-06-03 05:00:00+00:00,0.21503565
2026-06-03 06:00:00+00:00,0.2154504
2026-06-03 07:00:00+00:00,0.2171311
2026-06-03 08:00:00+00:00,0.21665577
2026-06-03 09:00:00+00:00,0.2164747
2026-06-03 10:00:00+00:00,0.21766695
2026-06-03 11:00:00+00:00,0.21620751
2026-06-03 12:00:00+00:00,0.21568738
2026-06-03 13:00:00+00:00,0.21529171
2026-06-03 14:00:00+00:00,0.21405297
2026-06-03 15:00:00+00:00,0.21198238
2026-06-03 16:00:00+00:00,0.20948758
2026-06-03 17:00:00+00:00,0.20991189
2026-06-03 18:00:00+00:00,0.20841099
2026-06-03 19:00:00+00:00,0.20479735
2026-06-03 20:00:00+00:00,0.20223359
2026-06-03 21:00:00+00:00,0.20548506
2026-06-03 22:00:00+00:00,0.20256215
2026-06-03 23:00:00+00:00,0.20043649
2026-06-04 00:00:00+00:00,0.19777809
2026-06-04 01:00:00+00:00,0.19232132
2026-06-04 02:00:00+00:00,0.19497095
2026-06-04 03:00:00+00:00,0.19987422
2026-06-04 04:00:00+00:00,0.1989942
2026-06-04 05:00:00+00:00,0.19666764
2026-06-04 06:00:00+00:00,0.19775767
2026-06-04 07:00:00+00:00,0.19480411
2026-06-04 08:00:00+00:00,0.19355806
2026-06-04 09:00:00+00:00,0.19056056
2026-06-04 10:00:00+00:00,0.18788833
2026-06-04 11:00:00+00:00,0.1902057
2026-06-04 12:00:00+00:00,0.19177817
2026-06-04 13:00:00+00:00,0.18909749
2026-06-04 14:00:00+00:00,0.18975513
2026-06-04 15:00:00+00:00,0.18897285
2026-06-04 16:00:00+00:00,0.1870977
2026-06-04 17:00:00+00:00,0.18833555
2026-06-04 18:00:00+00:00,0.18840352
2026-06-04 19:00:00+00:00,0.18657281
2026-06-04 20:00:00+00:00,0.18451493
2026-06-04 21:00:00+00:00,0.18055209
2026-06-04 22:00:00+00:00,0.18188988
2026-06-04 23:00:00+00:00,0.17981563
2026-06-05 00:00:00+00:00,0.17472278
2026-06-05 01:00:00+00:00,0.17230931
2026-06-05 02:00:00+00:00,0.16363415
2026-06-05 03:00:00+00:00,0.15851502
2026-06-05 04:00:00+00:00,0.16866904
2026-06-05 05:00:00+00:00,0.16450553
2026-06-05 06:00:00+00:00,0.16162374
2026-06-05 07:00:00+00:00,0.16344529
2026-06-05 08:00:00+00:00,0.16082624
2026-06-05 09:00:00+00:00,0.16401953
2026-06-05 10:00:00+00:00,0.1639626
2026-06-05 11:00:00+00:00,0.16244711
2026-06-05 12:00:00+00:00,0.1627602
2026-06-05 13:00:00+00:00,0.15986848
2026-06-05 14:00:00+00:00,0.16043978
2026-06-05 15:00:00+00:00,0.15735092
2026-06-05 16:00:00+00:00,0.16290492
2026-06-05 17:00:00+00:00,0.16099154
2026-06-05 18:00:00+00:00,0.15763429
2026-06-05 19:00:00+00:00,0.16059728
2026-06-05 20:00:00+00:00,0.16239585
2026-06-05 21:00:00+00:00,0.16259266
2026-06-05 22:00:00+00:00,0.15966987
2026-06-05 23:00:00+00:00,0.15670622
2026-06-06 00:00:00+00:00,0.16137907
2026-06-06 01:00:00+00:00,0.15861911
2026-06-06 02:00:00+00:00,0.15556875
2026-06-06 03:00:00+00:00,0.15529454
2026-06-06 04:00:00+00:00,0.14982187
2026-06-06 05:00:00+00:00,0.15379681
2026-06-06 06:00:00+00:00,0.15409398
2026-06-06 07:00:00+00:00,0.15737777
2026-06-06 08:00:00+00:00,0.15946731
2026-06-06 09:00:00+00:00,0.15665984
2026-06-06 10:00:00+00:00,0.15452419
2026-06-06 11:00:00+00:00,0.15630461
2026-06-06 12:00:00+00:00,0.15840624
2026-06-06 13:00:00+00:00,0.15843814
2026-06-06 14:00:00+00:00,0.16002183
2026-06-06 15:00:00+00:00,0.15849469
2026-06-06 16:00:00+00:00,0.15989246
2026-06-06 17:00:00+00:00,0.15763623
2026-06-06 18:00:00+00:00,0.1569523
2026-06-06 19:00:00+00:00,0.15689374
2026-06-06 20:00:00+00:00,0.15708672
2026-06-06 21:00:00+00:00,0.15709795
2026-06-06 22:00:00+00:00,0.15620258
2026-06-06 23:00:00+00:00,0.15729599
2026-06-07 00:00:00+00:00,0.15749199
2026-06-07 01:00:00+00:00,0.16095638
2026-06-07 02:00:00+00:00,0.16089477
2026-06-07 03:00:00+00:00,0.16143667
2026-06-07 04:00:00+00:00,0.16226522
2026-06-07 05:00:00+00:00,0.16127909
2026-06-07 06:00:00+00:00,0.1612853
2026-06-07 07:00:00+00:00,0.16239298
2026-06-07 08:00:00+00:00,0.16498351
2026-06-07 09:00:00+00:00,0.16507831
2026-06-07 10:00:00+00:00,0.16429827
2026-06-07 11:00:00+00:00,0.16470682
2026-06-07 12:00:00+00:00,0.16158234
2026-06-07 13:00:00+00:00,0.16191504
2026-06-07 14:00:00+00:00,0.16268213
2026-06-07 15:00:00+00:00,0.16219009
2026-06-07 16:00:00+00:00,0.16258935
2026-06-07 17:00:00+00:00,0.16298084
2026-06-07 18:00:00+00:00,0.16190062
2026-06-07 19:00:00+00:00,0.1585812
2026-06-07 20:00:00+00:00,0.16077568
2026-06-07 21:00:00+00:00,0.16071881
2026-06-07 22:00:00+00:00,0.16446987
2026-06-07 23:00:00+00:00,0.16526381
2026-06-08 00:00:00+00:00,0.16536004
2026-06-08 01:00:00+00:00,0.16326059
2026-06-08 02:00:00+00:00,0.16357531
2026-06-08 03:00:00+00:00,0.1640482
2026-06-08 04:00:00+00:00,0.16156933
2026-06-08 05:00:00+00:00,0.16078718
2026-06-08 06:00:00+00:00,0.16178416
2026-06-08 07:00:00+00:00,0.1638329
2026-06-08 08:00:00+00:00,0.16339863
2026-06-08 09:00:00+00:00,0.16527346
2026-06-08 10:00:00+00:00,0.16445007
2026-06-08 11:00:00+00:00,0.16770248
2026-06-08 12:00:00+00:00,0.16764233
2026-06-08 13:00:00+00:00,0.16627596
2026-06-08 14:00:00+00:00,0.16807299
2026-06-08 15:00:00+00:00,0.16917397
2026-06-08 16:00:00+00:00,0.16791838
2026-06-08 17:00:00+00:00,0.16988683
2026-06-08 18:00:00+00:00,0.1709881
2026-06-08 19:00:00+00:00,0.17189501
2026-06-08 20:00:00+00:00,0.17079697
2026-06-08 21:00:00+00:00,0.17184017
2026-06-08 22:00:00+00:00,0.17208676
2026-06-08 23:00:00+00:00,0.1703932
2026-06-09 00:00:00+00:00,0.16691021
2026-06-09 01:00:00+00:00,0.16683027
2026-06-09 02:00:00+00:00,0.16743714
2026-06-09 03:00:00+00:00,0.16640149
2026-06-09 04:00:00+00:00,0.1686106
2026-06-09 05:00:00+00:00,0.16994814
2026-06-09 06:00:00+00:00,0.16943383
2026-06-09 07:00:00+00:00,0.17025891
2026-06-09 08:00:00+00:00,0.16894814
2026-06-09 09:00:00+00:00,0.16780106
2026-06-09 10:00:00+00:00,0.1678035
2026-06-09 11:00:00+00:00,0.16756423
2026-06-09 12:00:00+00:00,0.16889417
2026-06-09 13:00:00+00:00,0.16842368
2026-06-09 14:00:00+00:00,0.16622596
2026-06-09 15:00:00+00:00,0.16313429
2026-06-09 16:00:00+00:00,0.16204098
2026-06-09 17:00:00+00:00,0.16518653
2026-06-09 18:00:00+00:00,0.16692389
2026-06-09 19:00:00+00:00,0.16851848
2026-06-09 20:00:00+00:00,0.16811688
2026-06-09 21:00:00+00:00,0.16604207
2026-06-09 22:00:00+00:00,0.1651219
2026-06-09 23:00:00+00:00,0.16529754
2026-06-10 00:00:00+00:00,0.16626497
2026-06-10 01:00:00+00:00,0.16481747
2026-06-10 02:00:00+00:00,0.16194052
2026-06-10 03:00:00+00:00,0.16237709
2026-06-10 04:00:00+00:00,0.16155885
2026-06-10 05:00:00+00:00,0.1603782
2026-06-10 06:00:00+00:00,0.16055926
2026-06-10 07:00:00+00:00,0.16138102
2026-06-10 08:00:00+00:00,0.1594604
2026-06-10 09:00:00+00:00,0.16038926
2026-06-10 10:00:00+00:00,0.16070143
2026-06-10 11:00:00+00:00,0.15956946
2026-06-10 12:00:00+00:00,0.1620556
2026-06-10 13:00:00+00:00,0.16488902
2026-06-10 14:00:00+00:00,0.16389765
2026-06-10 15:00:00+00:00,0.16500089
2026-06-10 16:00:00+00:00,0.16205197
2026-06-10 17:00:00+00:00,0.1617783
2026-06-10 18:00:00+00:00,0.16456818
2026-06-10 19:00:00+00:00,0.16084457
2026-06-10 20:00:00+00:00,0.16028826
2026-06-10 21:00:00+00:00,0.15944319
2026-06-10 22:00:00+00:00,0.16023171
2026-06-10 23:00:00+00:00,0.16068463
2026-06-11 00:00:00+00:00,0.16128563
2026-06-11 01:00:00+00:00,0.16350395
2026-06-11 02:00:00+00:00,0.16308664
2026-06-11 03:00:00+00:00,0.16662528
2026-06-11 04:00:00+00:00,0.16682749
2026-06-11 05:00:00+00:00,0.1655802
2026-06-11 06:00:00+00:00,0.1646509
2026-06-11 07:00:00+00:00,0.16678896
2026-06-11 08:00:00+00:00,0.16685345
2026-06-11 09:00:00+00:00,0.16642135
2026-06-11 10:00:00+00:00,0.16619038
2026-06-11 11:00:00+00:00,0.16690227
2026-06-11 12:00:00+00:00,0.16576687
2026-06-11 13:00:00+00:00,0.1658095
2026-06-11 14:00:00+00:00,0.16551702
2026-06-11 15:00:00+00:00,0.1661355
2026-06-11 16:00:00+00:00,0.16512164
2026-06-11 17:00:00+00:00,0.17058402
2026-06-11 18:00:00+00:00,0.16921641
2026-06-11 19:00:00+00:00,0.16937566
2026-06-11 20:00:00+00:00,0.16843629
2026-06-11 21:00:00+00:00,0.17011431
2026-06-11 22:00:00+00:00,0.17118493
2026-06-11 23:00:00+00:00,0.17065872
2026-06-12 00:00:00+00:00,0.17019861
2026-06-12 01:00:00+00:00,0.16960176
2026-06-12 02:00:00+00:00,0.17109238
2026-06-12 03:00:00+00:00,0.17183389
2026-06-12 04:00:00+00:00,0.17222815
2026-06-12 05:00:00+00:00,0.17031266
2026-06-12 06:00:00+00:00,0.16837762
2026-06-12 07:00:00+00:00,0.16916123
2026-06-12 08:00:00+00:00,0.17043752
2026-06-12 09:00:00+00:00,0.17195221
2026-06-12 10:00:00+00:00,0.1713391
2026-06-12 11:00:00+00:00,0.1713676
2026-06-12 12:00:00+00:00,0.17087846
2026-06-12 13:00:00+00:00,0.16840922
2026-06-12 14:00:00+00:00,0.1728134
2026-06-12 15:00:00+00:00,0.17048307
2026-06-12 16:00:00+00:00,0.17330252
2026-06-12 17:00:00+00:00,0.17184193
2026-06-12 18:00:00+00:00,0.17105882
2026-06-12 19:00:00+00:00,0.17082347
2026-06-12 20:00:00+00:00,0.1696132
2026-06-12 21:00:00+00:00,0.16937036
2026-06-12 22:00:00+00:00,0.16958614
2026-06-12 23:00:00+00:00,0.16969324
2026-06-13 00:00:00+00:00,0.17012147
2026-06-13 01:00:00+00:00,0.17272395
2026-06-13 02:00:00+00:00,0.17192264
2026-06-13 03:00:00+00:00,0.17044538
2026-06-13 04:00:00+00:00,0.17041889
2026-06-13 05:00:00+00:00,0.1696865
2026-06-13 06:00:00+00:00,0.17204084
2026-06-13 07:00:00+00:00,0.17318313
2026-06-13 08:00:00+00:00,0.17301289
2026-06-13 09:00:00+00:00,0.17249987
2026-06-13 10:00:00+00:00,0.1724101
2026-06-13 11:00:00+00:00,0.17349489
2026-06-13 12:00:00+00:00,0.17370357
2026-06-13 13:00:00+00:00,0.17411784
2026-06-13 14:00:00+00:00,0.17457439
2026-06-13 15:00:00+00:00,0.17498163
2026-06-13 16:00:00+00:00,0.17342491
2026-06-13 17:00:00+00:00,0.17222005
2026-06-13 18:00:00+00:00,0.1721065
2026-06-13 19:00:00+00:00,0.17219675
2026-06-13 20:00:00+00:00,0.17171873
2026-06-13 21:00:00+00:00,0.17279845
2026-06-13 22:00:00+00:00,0.17165875
2026-06-13 23:00:00+00:00,0.17174894
2026-06-14 00:00:00+00:00,0.17153194
2026-06-14 01:00:00+00:00,0.17275066
2026-06-14 02:00:00+00:00,0.1723385
2026-06-14 03:00:00+00:00,0.17311068
2026-06-14 04:00:00+00:00,0.17190589
2026-06-14 05:00:00+00:00,0.17206996
2026-06-14 06:00:00+00:00,0.17148653
2026-06-14 07:00:00+00:00,0.17109917
2026-06-14 08:00:00+00:00,0.17101459
2026-06-14 09:00:00+00:00,0.17115893
2026-06-14 10:00:00+00:00,0.16986779
2026-06-14 11:00:00+00:00,0.16988452
2026-06-14 12:00:00+00:00,0.16840342
2026-06-14 13:00:00+00:00,0.16755211
2026-06-14 14:00:00+00:00,0.16692907
2026-06-14 15:00:00+00:00,0.16700594
2026-06-14 16:00:00+00:00,0.1670803
2026-06-14 17:00:00+00:00,0.16664685
2026-06-14 18:00:00+00:00,0.16611924
2026-06-14 19:00:00+00:00,0.16612006
2026-06-14 20:00:00+00:00,0.16696285
2026-06-14 21:00:00+00:00,0.17400718
2026-06-14 22:00:00+00:00,0.17504315
2026-06-14 23:00:00+00:00,0.18289621
2026-06-15 00:00:00+00:00,0.18314136
2026-06-15 01:00:00+00:00,0.18049126
2026-06-15 02:00:00+00:00,0.18007154
2026-06-15 03:00:00+00:00,0.1812965
2026-06-15 04:00:00+00:00,0.17970351
2026-06-15 05:00:00+00:00,0.18092662
2026-06-15 06:00:00+00:00,0.1812371
2026-06-15 07:00:00+00:00,0.18024077
2026-06-15 08:00:00+00:00,0.18114496
2026-06-15 09:00:00+00:00,0.18151067
2026-06-15 10:00:00+00:00,0.1827583
2026-06-15 11:00:00+00:00,0.18525236
2026-06-15 12:00:00+00:00,0.18725404
2026-06-15 13:00:00+00:00,0.18925709
2026-06-15 14:00:00+00:00,0.18742835
2026-06-15 15:00:00+00:00,0.18884734
2026-06-15 16:00:00+00:00,0.18777434
2026-06-15 17:00:00+00:00,0.18758161
2026-06-15 18:00:00+00:00,0.18735455
2026-06-15 19:00:00+00:00,0.18588023
2026-06-15 20:00:00+00:00,0.18060374
2026-06-15 21:00:00+00:00,0.17978505
2026-06-15 22:00:00+00:00,0.17830941
2026-06-15 23:00:00+00:00,0.1785373
2026-06-16 00:00:00+00:00,0.17790734
2026-06-16 01:00:00+00:00,0.17726643
2026-06-16 02:00:00+00:00,0.17618839
2026-06-16 03:00:00+00:00,0.17723744
2026-06-16 04:00:00+00:00,0.17599252
2026-06-16 05:00:00+00:00,0.17695103
2026-06-16 06:00:00+00:00,0.17833433
2026-06-16 07:00:00+00:00,0.17873439
2026-06-16 08:00:00+00:00,0.18099519
2026-06-16 09:00:00+00:00,0.17992367
2026-06-16 10:00:00+00:00,0.17944152
2026-06-16 11:00:00+00:00,0.17883163
2026-06-16 12:00:00+00:00,0.18006042
2026-06-16 13:00:00+00:00,0.17712876
2026-06-16 14:00:00+00:00,0.17404472
2026-06-16 15:00:00+00:00,0.17412634
2026-06-16 16:00:00+00:00,0.17311786
2026-06-16 17:00:00+00:00,0.17466409
2026-06-16 18:00:00+00:00,0.17491931
2026-06-16 19:00:00+00:00,0.17317763
2026-06-16 20:00:00+00:00,0.17500258
2026-06-16 21:00:00+00:00,0.17379127
2026-06-16 22:00:00+00:00,0.17338028
2026-06-16 23:00:00+00:00,0.17240301
2026-06-17 00:00:00+00:00,0.17204438
2026-06-17 01:00:00+00:00,0.17360946
2026-06-17 02:00:00+00:00,0.1744208
2026-06-17 03:00:00+00:00,0.17302305
2026-06-17 04:00:00+00:00,0.17292045
2026-06-17 05:00:00+00:00,0.17268502
2026-06-17 06:00:00+00:00,0.17147823
2026-06-17 07:00:00+00:00,0.17128617
2026-06-17 08:00:00+00:00,0.16909477
2026-06-17 09:00:00+00:00,0.16924476
2026-06-17 10:00:00+00:00,0.16911306
2026-06-17 11:00:00+00:00,0.16884663
2026-06-17 12:00:00+00:00,0.16944239
2026-06-17 13:00:00+00:00,0.16831386
2026-06-17 14:00:00+00:00,0.16802713
2026-06-17 15:00:00+00:00,0.17135852
2026-06-17 16:00:00+00:00,0.1710207
2026-06-17 17:00:00+00:00,0.17213462
2026-06-17 18:00:00+00:00,0.16971148
2026-06-17 19:00:00+00:00,0.16553533
2026-06-17 20:00:00+00:00,0.16730379
2026-06-17 21:00:00+00:00,0.16609485
2026-06-17 22:00:00+00:00,0.16668917
2026-06-17 23:00:00+00:00,0.16689851
2026-06-18 00:00:00+00:00,0.16717053
2026-06-18 01:00:00+00:00,0.16790843
2026-06-18 02:00:00+00:00,0.16852149
2026-06-18 03:00:00+00:00,0.16689438
2026-06-18 04:00:00+00:00,0.16560576
2026-06-18 05:00:00+00:00,0.16500723
2026-06-18 06:00:00+00:00,0.16559052
2026-06-18 07:00:00+00:00,0.16684685
2026-06-18 08:00:00+00:00,0.16667448
2026-06-18 09:00:00+00:00,0.16725566
2026-06-18 10:00:00+00:00,0.16659813
2026-06-18 11:00:00+00:00,0.16503603
2026-06-18 12:00:00+00:00,0.16591209
2026-06-18 13:00:00+00:00,0.16480795
2026-06-18 14:00:00+00:00,0.16469296
2026-06-18 15:00:00+00:00,0.16039366
2026-06-18 16:00:00+00:00,0.16224072
2026-06-18 17:00:00+00:00,0.1614527
2026-06-18 18:00:00+00:00,0.16222935
2026-06-18 19:00:00+00:00,0.16305738
2026-06-18 20:00:00+00:00,0.16349157
2026-06-18 21:00:00+00:00,0.16325257
2026-06-18 22:00:00+00:00,0.16308543
2026-06-18 23:00:00+00:00,0.16369024
2026-06-19 00:00:00+00:00,0.1639668
2026-06-19 01:00:00+00:00,0.16456294
2026-06-19 02:00:00+00:00,0.16431048
2026-06-19 03:00:00+00:00,0.16210333
2026-06-19 04:00:00+00:00,0.16013402
2026-06-19 05:00:00+00:00,0.16095067
2026-06-19 06:00:00+00:00,0.16082044
2026-06-19 07:00:00+00:00,0.15959689
2026-06-19 08:00:00+00:00,0.16056334
2026-06-19 09:00:00+00:00,0.15971504
2026-06-19 10:00:00+00:00,0.1602841
2026-06-19 11:00:00+00:00,0.15990013
2026-06-19 12:00:00+00:00,0.16073734
2026-06-19 13:00:00+00:00,0.16232286
2026-06-19 14:00:00+00:00,0.16177718
2026-06-19 15:00:00+00:00,0.16179594
2026-06-19 16:00:00+00:00,0.16053306
2026-06-19 17:00:00+00:00,0.16180728
2026-06-19 18:00:00+00:00,0.16132692
2026-06-19 19:00:00+00:00,0.160843
2026-06-19 20:00:00+00:00,0.16192227
2026-06-19 21:00:00+00:00,0.16079956
2026-06-19 22:00:00+00:00,0.16175869
2026-06-19 23:00:00+00:00,0.16212822
2026-06-20 00:00:00+00:00,0.16235768
2026-06-20 01:00:00+00:00,0.16240646
2026-06-20 02:00:00+00:00,0.16208982
2026-06-20 03:00:00+00:00,0.1624997
2026-06-20 04:00:00+00:00,0.16308162
2026-06-20 05:00:00+00:00,0.16356092
2026-06-20 06:00:00+00:00,0.16370216
2026-06-20 07:00:00+00:00,0.1629309
2026-06-20 08:00:00+00:00,0.16289072
2026-06-20 09:00:00+00:00,0.16387655
2026-06-20 10:00:00+00:00,0.16314543
2026-06-20 11:00:00+00:00,0.16291271
2026-06-20 12:00:00+00:00,0.16271066
2026-06-20 13:00:00+00:00,0.16150458
2026-06-20 14:00:00+00:00,0.16199961
2026-06-20 15:00:00+00:00,0.16224681
2026-06-20 16:00:00+00:00,0.1618773
2026-06-20 17:00:00+00:00,0.16106071
2026-06-20 18:00:00+00:00,0.16089755
2026-06-20 19:00:00+00:00,0.16131024
2026-06-20 20:00:00+00:00,0.16144413
2026-06-20 21:00:00+00:00,0.16211255
2026-06-20 22:00:00+00:00,0.16318105
2026-06-20 23:00:00+00:00,0.1632414
2026-06-21 00:00:00+00:00,0.16344126
2026-06-21 01:00:00+00:00,0.16301959
2026-06-21 02:00:00+00:00,0.16234877
2026-06-21 03:00:00+00:00,0.16262656
2026-06-21 04:00:00+00:00,0.16097865
2026-06-21 05:00:00+00:00,0.16056485
2026-06-21 06:00:00+00:00,0.16149792
2026-06-21 07:00:00+00:00,0.16156553
2026-06-21 08:00:00+00:00,0.16109395
2026-06-21 09:00:00+00:00,0.16198972
2026-06-21 10:00:00+00:00,0.16139178
2026-06-21 11:00:00+00:00,0.16094926
2026-06-21 12:00:00+00:00,0.16119595
2026-06-21 13:00:00+00:00,0.16178356
2026-06-21 14:00:00+00:00,0.16214658
2026-06-21 15:00:00+00:00,0.16234665
2026-06-21 16:00:00+00:00,0.1615804
2026-06-21 17:00:00+00:00,0.16153178
2026-06-21 18:00:00+00:00,0.1620974
2026-06-21 19:00:00+00:00,0.16204074
2026-06-21 20:00:00+00:00,0.16069434
2026-06-21 21:00:00+00:00,0.15967108
2026-06-21 22:00:00+00:00,0.15903375
2026-06-21 23:00:00+00:00,0.15661625
2026-06-22 00:00:00+00:00,0.15949626
2026-06-22 01:00:00+00:00,0.16119375
2026-06-22 02:00:00+00:00,0.15968545
2026-06-22 03:00:00+00:00,0.15818972
2026-06-22 04:00:00+00:00,0.15930281
2026-06-22 05:00:00+00:00,0.16058618
2026-06-22 06:00:00+00:00,0.16039608
2026-06-22 07:00:00+00:00,0.16177063
2026-06-22 08:00:00+00:00,0.16121391
2026-06-22 09:00:00+00:00,0.16037977
2026-06-22 10:00:00+00:00,0.16026881
2026-06-22 11:00:00+00:00,0.16173021
2026-06-22 12:00:00+00:00,0.16190304
2026-06-22 13:00:00+00:00,0.16299842
2026-06-22 14:00:00+00:00,0.16020374
2026-06-22 15:00:00+00:00,0.15951062
2026-06-22 16:00:00+00:00,0.15948191
2026-06-22 17:00:00+00:00,0.15959225
2026-06-22 18:00:00+00:00,0.15846314
2026-06-22 19:00:00+00:00,0.1591111
2026-06-22 20:00:00+00:00,0.15910447
2026-06-22 21:00:00+00:00,0.15937602
2026-06-22 22:00:00+00:00,0.15802684
2026-06-22 23:00:00+00:00,0.15854274
2026-06-23 00:00:00+00:00,0.1591804
2026-06-23 01:00:00+00:00,0.15891028
2026-06-23 02:00:00+00:00,0.15930659
2026-06-23 03:00:00+00:00,0.15987873
2026-06-23 04:00:00+00:00,0.15837317
2026-06-23 05:00:00+00:00,0.15767081
2026-06-23 06:00:00+00:00,0.1547638
2026-06-23 07:00:00+00:00,0.15463136
2026-06-23 08:00:00+00:00,0.15253701
2026-06-23 09:00:00+00:00,0.15261133
2026-06-23 10:00:00+00:00,0.15277267
2026-06-23 11:00:00+00:00,0.15369044
2026-06-23 12:00:00+00:00,0.15035823
2026-06-23 13:00:00+00:00,0.15161136
2026-06-23 14:00:00+00:00,0.15104339
2026-06-23 15:00:00+00:00,0.15101347
2026-06-23 16:00:00+00:00,0.15105206
2026-06-23 17:00:00+00:00,0.15028292
2026-06-23 18:00:00+00:00,0.15009502
2026-06-23 19:00:00+00:00,0.15022155
2026-06-23 20:00:00+00:00,0.15005354
2026-06-23 21:00:00+00:00,0.15144996
2026-06-23 22:00:00+00:00,0.15166996
2026-06-23 23:00:00+00:00,0.15148108
2026-06-24 00:00:00+00:00,0.15286593
2026-06-24 01:00:00+00:00,0.15299739
2026-06-24 02:00:00+00:00,0.15258394
2026-06-24 03:00:00+00:00,0.15218804
2026-06-24 04:00:00+00:00,0.15242069
2026-06-24 05:00:00+00:00,0.15226677
2026-06-24 06:00:00+00:00,0.15150446
2026-06-24 07:00:00+00:00,0.15057981
2026-06-24 08:00:00+00:00,0.15123972
2026-06-24 09:00:00+00:00,0.15040088
2026-06-24 10:00:00+00:00,0.14717218
2026-06-24 11:00:00+00:00,0.14825553
2026-06-24 12:00:00+00:00,0.14803698
2026-06-24 13:00:00+00:00,0.14539013
2026-06-24 14:00:00+00:00,0.14540089
2026-06-24 15:00:00+00:00,0.1438038
2026-06-24 16:00:00+00:00,0.14154489
2026-06-24 17:00:00+00:00,0.14005251
2026-06-24 18:00:00+00:00,0.14160774
2026-06-24 19:00:00+00:00,0.14116567
2026-06-24 20:00:00+00:00,0.14521164
2026-06-24 21:00:00+00:00,0.14708927
2026-06-24 22:00:00+00:00,0.14721552
2026-06-24 23:00:00+00:00,0.14770268
2026-06-25 00:00:00+00:00,0.1475785
2026-06-25 01:00:00+00:00,0.14780417
2026-06-25 02:00:00+00:00,0.14782708
2026-06-25 03:00:00+00:00,0.14752448
2026-06-25 04:00:00+00:00,0.14909686
2026-06-25 05:00:00+00:00,0.14998941
2026-06-25 06:00:00+00:00,0.14983169
2026-06-25 07:00:00+00:00,0.14982266
2026-06-25 08:00:00+00:00,0.14923802
2026-06-25 09:00:00+00:00,0.14923072
2026-06-25 10:00:00+00:00,0.14817197
2026-06-25 11:00:00+00:00,0.14763777
2026-06-25 12:00:00+00:00,0.14824309
2026-06-25 13:00:00+00:00,0.13867491
2026-06-25 14:00:00+00:00,0.14280866
2026-06-25 15:00:00+00:00,0.14322902
2026-06-25 16:00:00+00:00,0.14284331
2026-06-25 17:00:00+00:00,0.14453673
2026-06-25 18:00:00+00:00,0.14214317
2026-06-25 19:00:00+00:00,0.14104589
2026-06-25 20:00:00+00:00,0.14139688
2026-06-25 21:00:00+00:00,0.1438784
2026-06-25 22:00:00+00:00,0.14337426
2026-06-25 23:00:00+00:00,0.14377505
2026-06-26 00:00:00+00:00,0.1432108
2026-06-26 01:00:00+00:00,0.14215467
2026-06-26 02:00:00+00:00,0.13953624
2026-06-26 03:00:00+00:00,0.14265937
2026-06-26 04:00:00+00:00,0.14182913
2026-06-26 05:00:00+00:00,0.1429408
2026-06-26 06:00:00+00:00,0.14518294
2026-06-26 07:00:00+00:00,0.14662662
2026-06-26 08:00:00+00:00,0.14491805
2026-06-26 09:00:00+00:00,0.14378292
2026-06-26 10:00:00+00:00,0.14367371
2026-06-26 11:00:00+00:00,0.14330602
2026-06-26 12:00:00+00:00,0.14278506
2026-06-26 13:00:00+00:00,0.14574584
2026-06-26 14:00:00+00:00,0.14454942
2026-06-26 15:00:00+00:00,0.1481172
2026-06-26 16:00:00+00:00,0.14800808
2026-06-26 17:00:00+00:00,0.14814673
2026-06-26 18:00:00+00:00,0.14691043
2026-06-26 19:00:00+00:00,0.14808668
2026-06-26 20:00:00+00:00,0.14739496
2026-06-26 21:00:00+00:00,0.14720595
2026-06-26 22:00:00+00:00,0.14804902
2026-06-26 23:00:00+00:00,0.14839712
2026-06-27 00:00:00+00:00,0.14825196
2026-06-27 01:00:00+00:00,0.14819392
2026-06-27 02:00:00+00:00,0.14908037
2026-06-27 03:00:00+00:00,0.14828206
2026-06-27 04:00:00+00:00,0.14828011
2026-06-27 05:00:00+00:00,0.1479611
2026-06-27 06:00:00+00:00,0.14788261
2026-06-27 07:00:00+00:00,0.1476502
2026-06-27 08:00:00+00:00,0.14733148
2026-06-27 09:00:00+00:00,0.14721774
2026-06-27 10:00:00+00:00,0.14742567
2026-06-27 11:00:00+00:00,0.14724424
2026-06-27 12:00:00+00:00,0.14739052
2026-06-27 13:00:00+00:00,0.14803605
2026-06-27 14:00:00+00:00,0.14853559
2026-06-27 15:00:00+00:00,0.14888107
2026-06-27 16:00:00+00:00,0.14843629
2026-06-27 17:00:00+00:00,0.14668279
2026-06-27 18:00:00+00:00,0.14691713
2026-06-27 19:00:00+00:00,0.1453663
2026-06-27 20:00:00+00:00,0.14551399
2026-06-27 21:00:00+00:00,0.14491772
2026-06-27 22:00:00+00:00,0.14562925
2026-06-27 23:00:00+00:00,0.14528945
2026-06-28 00:00:00+00:00,0.14560327
2026-06-28 01:00:00+00:00,0.14544485
2026-06-28 02:00:00+00:00,0.14491347
2026-06-28 03:00:00+00:00,0.1454413
2026-06-28 04:00:00+00:00,0.14510124
2026-06-28 05:00:00+00:00,0.1445099
2026-06-28 06:00:00+00:00,0.14424415
2026-06-28 07:00:00+00:00,0.14528607
2026-06-28 08:00:00+00:00,0.14584839
2026-06-28 09:00:00+00:00,0.14483427
2026-06-28 10:00:00+00:00,0.14491406
2026-06-28 11:00:00+00:00,0.14538724
2026-06-28 12:00:00+00:00,0.14490582
2026-06-28 13:00:00+00:00,0.14435124
2026-06-28 14:00:00+00:00,0.14458611
2026-06-28 15:00:00+00:00,0.14451775
2026-06-28 16:00:00+00:00,0.14370965
2026-06-28 17:00:00+00:00,0.14355009
2026-06-28 18:00:00+00:00,0.14329955
2026-06-28 19:00:00+00:00,0.14290157
2026-06-28 20:00:00+00:00,0.14338839
2026-06-28 21:00:00+00:00,0.14207527
2026-06-28 22:00:00+00:00,0.1420167
2026-06-28 23:00:00+00:00,0.14385661
2026-06-29 00:00:00+00:00,0.14410479
2026-06-29 01:00:00+00:00,0.14367934
2026-06-29 02:00:00+00:00,0.14433361
2026-06-29 03:00:00+00:00,0.14516835
2026-06-29 04:00:00+00:00,0.14401318
2026-06-29 05:00:00+00:00,0.14499366
2026-06-29 06:00:00+00:00,0.1451951
2026-06-29 07:00:00+00:00,0.14506828
2026-06-29 08:00:00+00:00,0.14415526
2026-06-29 09:00:00+00:00,0.14511498
2026-06-29 10:00:00+00:00,0.1453789
2026-06-29 11:00:00+00:00,0.14489152
2026-06-29 12:00:00+00:00,0.14498812
2026-06-29 13:00:00+00:00,0.14476339
2026-06-29 14:00:00+00:00,0.1449508
2026-06-29 15:00:00+00:00,0.14553502
2026-06-29 16:00:00+00:00,0.14545384
2026-06-29 17:00:00+00:00,0.14781345
2026-06-29 18:00:00+00:00,0.14726649
2026-06-29 19:00:00+00:00,0.14764016
2026-06-29 20:00:00+00:00,0.14694992
2026-06-29 21:00:00+00:00,0.14731342
2026-06-29 22:00:00+00:00,0.14629163
2026-06-29 23:00:00+00:00,0.14580884
2026-06-30 00:00:00+00:00,0.14444953
2026-06-30 01:00:00+00:00,0.1443733
2026-06-30 02:00:00+00:00,0.14462248
2026-06-30 03:00:00+00:00,0.14443131
2026-06-30 04:00:00+00:00,0.14474342
2026-06-30 05:00:00+00:00,0.14491963
2026-06-30 06:00:00+00:00,0.14556098
2026-06-30 07:00:00+00:00,0.14504635
2026-06-30 08:00:00+00:00,0.14456417
2026-06-30 09:00:00+00:00,0.14484409
2026-06-30 10:00:00+00:00,0.14481357
2026-06-30 11:00:00+00:00,0.14400549
2026-06-30 12:00:00+00:00,0.14215222
2026-06-30 13:00:00+00:00,0.14407754
2026-06-30 14:00:00+00:00,0.14380217
2026-06-30 15:00:00+00:00,0.14429685
2026-06-30 16:00:00+00:00,0.14547194
2026-06-30 17:00:00+00:00,0.14460064
2026-06-30 18:00:00+00:00,0.14556346
2026-06-30 19:00:00+00:00,0.14498713
2026-06-30 20:00:00+00:00,0.14387159
2026-06-30 21:00:00+00:00,0.1441734
2026-06-30 22:00:00+00:00,0.14418285
2026-06-30 23:00:00+00:00,0.14437282
2026-07-01 00:00:00+00:00,0.14448984
2026-07-01 01:00:00+00:00,0.14495273
2026-07-01 02:00:00+00:00,0.14652467
2026-07-01 03:00:00+00:00,0.14947561
2026-07-01 04:00:00+00:00,0.15095952
2026-07-01 05:00:00+00:00,0.15155867
2026-07-01 06:00:00+00:00,0.15032799
2026-07-01 07:00:00+00:00,0.15017239
2026-07-01 08:00:00+00:00,0.15069202
2026-07-01 09:00:00+00:00,0.15046131
2026-07-01 10:00:00+00:00,0.15087834
2026-07-01 11:00:00+00:00,0.15079073
2026-07-01 12:00:00+00:00,0.151578
2026-07-01 13:00:00+00:00,0.15384276
2026-07-01 14:00:00+00:00,0.15564839
2026-07-01 15:00:00+00:00,0.15527657
2026-07-01 16:00:00+00:00,0.15508476
2026-07-01 17:00:00+00:00,0.15488565
2026-07-01 18:00:00+00:00,0.15409572
2026-07-01 19:00:00+00:00,0.15337418
2026-07-01 20:00:00+00:00,0.15395129
2026-07-01 21:00:00+00:00,0.15747104
2026-07-01 22:00:00+00:00,0.15600054
2026-07-01 23:00:00+00:00,0.15392303
2026-07-02 00:00:00+00:00,0.15298691
2026-07-02 01:00:00+00:00,0.15470314
2026-07-02 02:00:00+00:00,0.15470061
2026-07-02 03:00:00+00:00,0.15622002
2026-07-02 04:00:00+00:00,0.155996
2026-07-02 05:00:00+00:00,0.15455401
2026-07-02 06:00:00+00:00,0.15473371
2026-07-02 07:00:00+00:00,0.15509365
2026-07-02 08:00:00+00:00,0.15660832
2026-07-02 09:00:00+00:00,0.15778308
2026-07-02 10:00:00+00:00,0.15915409
2026-07-02 11:00:00+00:00,0.15965142
2026-07-02 12:00:00+00:00,0.16033783
2026-07-02 13:00:00+00:00,0.16182387
2026-07-02 14:00:00+00:00,0.16003011
2026-07-02 15:00:00+00:00,0.16081304
2026-07-02 16:00:00+00:00,0.1599191
2026-07-02 17:00:00+00:00,0.15905509
2026-07-02 18:00:00+00:00,0.15975491
2026-07-02 19:00:00+00:00,0.15974291
2026-07-02 20:00:00+00:00,0.16123007
2026-07-02 21:00:00+00:00,0.16107518
2026-07-02 22:00:00+00:00,0.16152348
2026-07-02 23:00:00+00:00,0.16147897
2026-07-03 00:00:00+00:00,0.16148616
2026-07-03 01:00:00+00:00,0.16581231
2026-07-03 02:00:00+00:00,0.16809615
2026-07-03 03:00:00+00:00,0.16677439
2026-07-03 04:00:00+00:00,0.16412216
2026-07-03 05:00:00+00:00,0.1638716
2026-07-03 06:00:00+00:00,0.16496075
2026-07-03 07:00:00+00:00,0.16511907
2026-07-03 08:00:00+00:00,0.16667999
2026-07-03 09:00:00+00:00,0.16681665
2026-07-03 10:00:00+00:00,0.16824027
2026-07-03 11:00:00+00:00,0.16958611
2026-07-03 12:00:00+00:00,0.16920339
2026-07-03 13:00:00+00:00,0.17080622
2026-07-03 14:00:00+00:00,0.17096713
2026-07-03 15:00:00+00:00,0.17366369
2026-07-03 16:00:00+00:00,0.17425871
2026-07-03 17:00:00+00:00,0.17564625
2026-07-03 18:00:00+00:00,0.17893737
2026-07-03 19:00:00+00:00,0.18116874
2026-07-03 20:00:00+00:00,0.18288171
2026-07-03 21:00:00+00:00,0.17928146
2026-07-03 22:00:00+00:00,0.18075228
2026-07-03 23:00:00+00:00,0.17997267
2026-07-04 00:00:00+00:00,0.17940083
2026-07-04 01:00:00+00:00,0.17791336
2026-07-04 02:00:00+00:00,0.17732357
2026-07-04 03:00:00+00:00,0.17703978
2026-07-04 04:00:00+00:00,0.179367
2026-07-04 05:00:00+00:00,0.1775437
2026-07-04 06:00:00+00:00,0.17683172
2026-07-04 07:00:00+00:00,0.17592705
2026-07-04 08:00:00+00:00,0.1761937
2026-07-04 09:00:00+00:00,0.17563396
2026-07-04 10:00:00+00:00,0.17602549
2026-07-04 11:00:00+00:00,0.17654043
2026-07-04 12:00:00+00:00,0.17795449
2026-07-04 13:00:00+00:00,0.17897924
2026-07-04 14:00:00+00:00,0.18430715
2026-07-04 15:00:00+00:00,0.19092902
2026-07-04 16:00:00+00:00,0.19536516
2026-07-04 17:00:00+00:00,0.1997952
2026-07-04 18:00:00+00:00,0.19552828
2026-07-04 19:00:00+00:00,0.19322043
2026-07-04 20:00:00+00:00,0.19154297
2026-07-04 21:00:00+00:00,0.19280775
2026-07-04 22:00:00+00:00,0.19227832
2026-07-04 23:00:00+00:00,0.19218459
2026-07-05 00:00:00+00:00,0.19300338
2026-07-05 01:00:00+00:00,0.19138077
2026-07-05 02:00:00+00:00,0.19146442
2026-07-05 03:00:00+00:00,0.19037343
2026-07-05 04:00:00+00:00,0.19050071
2026-07-05 05:00:00+00:00,0.18899594
2026-07-05 06:00:00+00:00,0.18996165
2026-07-05 07:00:00+00:00,0.19312922
2026-07-05 08:00:00+00:00,0.19166734
2026-07-05 09:00:00+00:00,0.18786294
2026-07-05 10:00:00+00:00,0.18695641
2026-07-05 11:00:00+00:00,0.18676268
2026-07-05 12:00:00+00:00,0.18779366
2026-07-05 13:00:00+00:00,0.18895556
2026-07-05 14:00:00+00:00,0.18942772
2026-07-05 15:00:00+00:00,0.18919229
2026-07-05 16:00:00+00:00,0.18983203
2026-07-05 17:00:00+00:00,0.19033657
2026-07-05 18:00:00+00:00,0.18990811
2026-07-05 19:00:00+00:00,0.1890327
2026-07-05 20:00:00+00:00,0.18855017
2026-07-05 21:00:00+00:00,0.19037564
2026-07-05 22:00:00+00:00,0.19038488
2026-07-05 23:00:00+00:00,0.18953081
2026-07-06 00:00:00+00:00,0.1900625
2026-07-06 01:00:00+00:00,0.18951122
2026-07-06 02:00:00+00:00,0.18915523
2026-07-06 03:00:00+00:00,0.18809841
2026-07-06 04:00:00+00:00,0.18661849
2026-07-06 05:00:00+00:00,0.18515384
2026-07-06 06:00:00+00:00,0.18369174
2026-07-06 07:00:00+00:00,0.18422342
2026-07-06 08:00:00+00:00,0.18467574
2026-07-06 09:00:00+00:00,0.18217569
2026-07-06 10:00:00+00:00,0.18274476
2026-07-06 11:00:00+00:00,0.18242713
2026-07-06 12:00:00+00:00,0.17911878
2026-07-06 13:00:00+00:00,0.1797867
2026-07-06 14:00:00+00:00,0.18193956
2026-07-06 15:00:00+00:00,0.18590596
2026-07-06 16:00:00+00:00,0.18475356
2026-07-06 17:00:00+00:00,0.18347699
2026-07-06 18:00:00+00:00,0.18358812
2026-07-06 19:00:00+00:00,0.18411765
2026-07-06 20:00:00+00:00,0.18315031
2026-07-06 21:00:00+00:00,0.18587324
2026-07-06 22:00:00+00:00,0.18431923
2026-07-06 23:00:00+00:00,0.18414721
2026-07-07 00:00:00+00:00,0.18477119
2026-07-07 01:00:00+00:00,0.1837825
2026-07-07 02:00:00+00:00,0.18132949
2026-07-07 03:00:00+00:00,0.18128528
2026-07-07 04:00:00+00:00,0.17972052
2026-07-07 05:00:00+00:00,0.18015915
2026-07-07 06:00:00+00:00,0.18122667
2026-07-07 07:00:00+00:00,0.17956787
2026-07-07 08:00:00+00:00,0.17930279
2026-07-07 09:00:00+00:00,0.17869801
2026-07-07 10:00:00+00:00,0.1773729
2026-07-07 11:00:00+00:00,0.177446
2026-07-07 12:00:00+00:00,0.17902842
2026-07-07 13:00:00+00:00,0.17753761
2026-07-07 14:00:00+00:00,0.17700523
2026-07-07 15:00:00+00:00,0.17727755
2026-07-07 16:00:00+00:00,0.17734355
2026-07-07 17:00:00+00:00,0.17794016
2026-07-07 18:00:00+00:00,0.17564034
2026-07-07 19:00:00+00:00,0.17660109
2026-07-07 20:00:00+00:00,0.17602281
2026-07-07 21:00:00+00:00,0.17447079
2026-07-07 22:00:00+00:00,0.17468114
2026-07-07 23:00:00+00:00,0.17455463
2026-07-08 00:00:00+00:00,0.17586261
2026-07-08 01:00:00+00:00,0.17290806
2026-07-08 02:00:00+00:00,0.17137703
2026-07-08 03:00:00+00:00,0.17065289
2026-07-08 04:00:00+00:00,0.17062586
2026-07-08 05:00:00+00:00,0.16990497
2026-07-08 06:00:00+00:00,0.16911036
2026-07-08 07:00:00+00:00,0.16950759
2026-07-08 08:00:00+00:00,0.16599959
2026-07-08 09:00:00+00:00,0.165808
2026-07-08 10:00:00+00:00,0.16710186
2026-07-08 11:00:00+00:00,0.16710067
2026-07-08 12:00:00+00:00,0.16679776
2026-07-08 13:00:00+00:00,0.16809541
2026-07-08 14:00:00+00:00,0.16685963
2026-07-08 15:00:00+00:00,0.16562734
2026-07-08 16:00:00+00:00,0.16718094
2026-07-08 17:00:00+00:00,0.16576727
2026-07-08 18:00:00+00:00,0.16659304
2026-07-08 19:00:00+00:00,0.16684288
2026-07-08 20:00:00+00:00,0.16603093
2026-07-08 21:00:00+00:00,0.166794
2026-07-08 22:00:00+00:00,0.16687433
2026-07-08 23:00:00+00:00,0.16709791
2026-07-09 00:00:00+00:00,0.16696465
2026-07-09 01:00:00+00:00,0.16615979
2026-07-09 02:00:00+00:00,0.16648055
2026-07-09 03:00:00+00:00,0.16643469
2026-07-09 04:00:00+00:00,0.16835774
2026-07-09 05:00:00+00:00,0.16862207
2026-07-09 06:00:00+00:00,0.16966096
2026-07-09 07:00:00+00:00,0.16824881
2026-07-09 08:00:00+00:00,0.16724603
2026-07-09 09:00:00+00:00,0.16859601
2026-07-09 10:00:00+00:00,0.16843013
2026-07-09 11:00:00+00:00,0.16964966
2026-07-09 12:00:00+00:00,0.16898947
2026-07-09 13:00:00+00:00,0.16961829
2026-07-09 14:00:00+00:00,0.16919233
2026-07-09 15:00:00+00:00,0.16667289
2026-07-09 16:00:00+00:00,0.16538516
2026-07-09 17:00:00+00:00,0.16657089
2026-07-09 18:00:00+00:00,0.16636042
2026-07-09 19:00:00+00:00,0.16576374
2026-07-09 20:00:00+00:00,0.16698108
2026-07-09 21:00:00+00:00,0.16695775
2026-07-09 22:00:00+00:00,0.16708896
2026-07-09 23:00:00+00:00,0.1665638
2026-07-10 00:00:00+00:00,0.16661041
2026-07-10 01:00:00+00:00,0.16841448
2026-07-10 02:00:00+00:00,0.16888109
2026-07-10 03:00:00+00:00,0.16739269
2026-07-10 04:00:00+00:00,0.16742328
2026-07-10 05:00:00+00:00,0.16723706
2026-07-10 06:00:00+00:00,0.16670168
2026-07-10 07:00:00+00:00,0.16654933
2026-07-10 08:00:00+00:00,0.16793778
2026-07-10 09:00:00+00:00,0.16877321
2026-07-10 10:00:00+00:00,0.16861379
2026-07-10 11:00:00+00:00,0.16798277
2026-07-10 12:00:00+00:00,0.16773614
2026-07-10 13:00:00+00:00,0.16850259
2026-07-10 14:00:00+00:00,0.16569097
2026-07-10 15:00:00+00:00,0.16648053
2026-07-10 16:00:00+00:00,0.16739445
2026-07-10 17:00:00+00:00,0.16643078
2026-07-10 18:00:00+00:00,0.16615674
2026-07-10 19:00:00+00:00,0.16671394
2026-07-10 20:00:00+00:00,0.16665923
2026-07-10 21:00:00+00:00,0.16706629
2026-07-10 22:00:00+00:00,0.16720057
2026-07-10 23:00:00+00:00,0.16665774
2026-07-11 00:00:00+00:00,0.16676174
2026-07-11 01:00:00+00:00,0.16657993
2026-07-11 02:00:00+00:00,0.16653562
2026-07-11 03:00:00+00:00,0.16626785
2026-07-11 04:00:00+00:00,0.16638433
2026-07-11 05:00:00+00:00,0.16693332
2026-07-11 06:00:00+00:00,0.1671362
2026-07-11 07:00:00+00:00,0.16779722
2026-07-11 08:00:00+00:00,0.16785727
2026-07-11 09:00:00+00:00,0.16738893
2026-07-11 10:00:00+00:00,0.16746382
2026-07-11 11:00:00+00:00,0.16787774
2026-07-11 12:00:00+00:00,0.16786259
2026-07-11 13:00:00+00:00,0.16794597
2026-07-11 14:00:00+00:00,0.16939484
2026-07-11 15:00:00+00:00,0.17187049
2026-07-11 16:00:00+00:00,0.1710547
2026-07-11 17:00:00+00:00,0.17079349
2026-07-11 18:00:00+00:00,0.17144883
2026-07-11 19:00:00+00:00,0.17168652
2026-07-11 20:00:00+00:00,0.17070888
2026-07-11 21:00:00+00:00,0.16999728
2026-07-11 22:00:00+00:00,0.16878648
2026-07-11 23:00:00+00:00,0.16579813
2026-07-12 00:00:00+00:00,0.16372852
2026-07-12 01:00:00+00:00,0.16548116
2026-07-12 02:00:00+00:00,0.16528518
2026-07-12 03:00:00+00:00,0.16635542
2026-07-12 04:00:00+00:00,0.16485156
2026-07-12 05:00:00+00:00,0.16406914
2026-07-12 06:00:00+00:00,0.16317442
2026-07-12 07:00:00+00:00,0.16374877
2026-07-12 08:00:00+00:00,0.16435855
2026-07-12 09:00:00+00:00,0.16449496
2026-07-12 10:00:00+00:00,0.16391978
2026-07-12 11:00:00+00:00,0.16439604
2026-07-12 12:00:00+00:00,0.16501824
2026-07-12 13:00:00+00:00,0.16469406
2026-07-12 14:00:00+00:00,0.16504383
2026-07-12 15:00:00+00:00,0.16451668
2026-07-12 16:00:00+00:00,0.1645092
2026-07-12 17:00:00+00:00,0.16396363
2026-07-12 18:00:00+00:00,0.16441207
2026-07-12 19:00:00+00:00,0.16440266
2026-07-12 20:00:00+00:00,0.16402274
2026-07-12 21:00:00+00:00,0.16334858
2026-07-12 22:00:00+00:00,0.16200029
2026-07-12 23:00:00+00:00,0.16205788
2026-07-13 00:00:00+00:00,0.16272765
2026-07-13 01:00:00+00:00,0.16040512
2026-07-13 02:00:00+00:00,0.16001525
2026-07-13 03:00:00+00:00,0.15886842
2026-07-13 04:00:00+00:00,0.15896851
2026-07-13 05:00:00+00:00,0.16000603
2026-07-13 06:00:00+00:00,0.1602502
2026-07-13 07:00:00+00:00,0.16049742
2026-07-13 08:00:00+00:00,0.1603913
2026-07-13 09:00:00+00:00,0.15992689
2026-07-13 10:00:00+00:00,0.15958771
2026-07-13 11:00:00+00:00,0.15947752
2026-07-13 12:00:00+00:00,0.15904088
2026-07-13 13:00:00+00:00,0.1582346
2026-07-13 14:00:00+00:00,0.16001586
2026-07-13 15:00:00+00:00,0.15893783
2026-07-13 16:00:00+00:00,0.15820519
2026-07-13 17:00:00+00:00,0.15664582
2026-07-13 18:00:00+00:00,0.15740668
2026-07-13 19:00:00+00:00,0.15828726
2026-07-13 20:00:00+00:00,0.15750806
2026-07-13 21:00:00+00:00,0.1563198
2026-07-13 22:00:00+00:00,0.15640026
2026-07-13 23:00:00+00:00,0.1575555
2026-07-14 00:00:00+00:00,0.15837295
2026-07-14 01:00:00+00:00,0.15775345
2026-07-14 02:00:00+00:00,0.15745963
2026-07-14 03:00:00+00:00,0.15762282
2026-07-14 04:00:00+00:00,0.15782374
2026-07-14 05:00:00+00:00,0.15941242
2026-07-14 06:00:00+00:00,0.15886071
2026-07-14 07:00:00+00:00,0.15879263
2026-07-14 08:00:00+00:00,0.15863964
2026-07-14 09:00:00+00:00,0.15850505
2026-07-14 10:00:00+00:00,0.15881242
2026-07-14 11:00:00+00:00,0.15923211
2026-07-14 12:00:00+00:00,0.16217673
2026-07-14 13:00:00+00:00,0.16379971
2026-07-14 14:00:00+00:00,0.16440771
2026-07-14 15:00:00+00:00,0.16558572
2026-07-14 16:00:00+00:00,0.16535436
2026-07-14 17:00:00+00:00,0.1637853
2026-07-14 18:00:00+00:00,0.16326522
2026-07-14 19:00:00+00:00,0.16349378
2026-07-14 20:00:00+00:00,0.16336637
2026-07-14 21:00:00+00:00,0.16449226
2026-07-14 22:00:00+00:00,0.16455333
2026-07-14 23:00:00+00:00,0.16552309
2026-07-15 00:00:00+00:00,0.16483732
2026-07-15 01:00:00+00:00,0.1636229
2026-07-15 02:00:00+00:00,0.16275572
2026-07-15 03:00:00+00:00,0.16414978
2026-07-15 04:00:00+00:00,0.16360727
2026-07-15 05:00:00+00:00,0.16449547
2026-07-15 06:00:00+00:00,0.16422353
2026-07-15 07:00:00+00:00,0.16320019
2026-07-15 08:00:00+00:00,0.16371904
2026-07-15 09:00:00+00:00,0.16418216
2026-07-15 10:00:00+00:00,0.16453146
2026-07-15 11:00:00+00:00,0.16461865
2026-07-15 12:00:00+00:00,0.16699142
2026-07-15 13:00:00+00:00,0.16633629
2026-07-15 14:00:00+00:00,0.16653375
2026-07-15 15:00:00+00:00,0.16574203
2026-07-15 16:00:00+00:00,0.16360835
2026-07-15 17:00:00+00:00,0.16486554
2026-07-15 18:00:00+00:00,0.16370459
2026-07-15 19:00:00+00:00,0.16363774
2026-07-15 20:00:00+00:00,0.16458487
2026-07-15 21:00:00+00:00,0.1646218
2026-07-15 22:00:00+00:00,0.16540743
2026-07-15 23:00:00+00:00,0.16510505
2026-07-16 00:00:00+00:00,0.16471887
2026-07-16 01:00:00+00:00,0.16540348
2026-07-16 02:00:00+00:00,0.16629311
2026-07-16 03:00:00+00:00,0.16497606
2026-07-16 04:00:00+00:00,0.16464843
2026-07-16 05:00:00+00:00,0.16448286
2026-07-16 06:00:00+00:00,0.16408294
2026-07-16 07:00:00+00:00,0.16301864
2026-07-16 08:00:00+00:00,0.1621367
2026-07-16 09:00:00+00:00,0.16170708
2026-07-16 10:00:00+00:00,0.16250453
2026-07-16 11:00:00+00:00,0.16294499
2026-07-16 12:00:00+00:00,0.16206083
2026-07-16 13:00:00+00:00,0.16398863
2026-07-16 14:00:00+00:00,0.16387465
2026-07-16 15:00:00+00:00,0.16365674
2026-07-16 16:00:00+00:00,0.1635422
2026-07-16 17:00:00+00:00,0.16240279
2026-07-16 18:00:00+00:00,0.1623106
2026-07-16 19:00:00+00:00,0.16295832
2026-07-16 20:00:00+00:00,0.16267897
2026-07-16 21:00:00+00:00,0.16300774
2026-07-16 22:00:00+00:00,0.16088357
2026-07-16 23:00:00+00:00,0.16085307
2026-07-17 00:00:00+00:00,0.16159829
2026-07-17 01:00:00+00:00,0.16019011
2026-07-17 02:00:00+00:00,0.15975601
2026-07-17 03:00:00+00:00,0.16039734
2026-07-17 04:00:00+00:00,0.16029587
2026-07-17 05:00:00+00:00,0.15818648
2026-07-17 06:00:00+00:00,0.15914231
2026-07-17 07:00:00+00:00,0.15896581
2026-07-17 08:00:00+00:00,0.1600143
2026-07-17 09:00:00+00:00,0.16093513
2026-07-17 10:00:00+00:00,0.16089355
2026-07-17 11:00:00+00:00,0.16098381
2026-07-17 12:00:00+00:00,0.15976287
2026-07-17 13:00:00+00:00,0.15985066
2026-07-17 14:00:00+00:00,0.16285138
2026-07-17 15:00:00+00:00,0.16409691
2026-07-17 16:00:00+00:00,0.16602462
2026-07-17 17:00:00+00:00,0.16515695
2026-07-17 18:00:00+00:00,0.16600173
2026-07-17 19:00:00+00:00,0.16599269
2026-07-17 20:00:00+00:00,0.16576011
2026-07-17 21:00:00+00:00,0.16600021
2026-07-17 22:00:00+00:00,0.16581233
2026-07-17 23:00:00+00:00,0.1665874
2026-07-18 00:00:00+00:00,0.16755593
2026-07-18 01:00:00+00:00,0.16744896
2026-07-18 02:00:00+00:00,0.16851472
2026-07-18 03:00:00+00:00,0.16786757
2026-07-18 04:00:00+00:00,0.16688733
2026-07-18 05:00:00+00:00,0.16656755
2026-07-18 06:00:00+00:00,0.16598768
2026-07-18 07:00:00+00:00,0.1662228
2026-07-18 08:00:00+00:00,0.16631124
2026-07-18 09:00:00+00:00,0.16578301
2026-07-18 10:00:00+00:00,0.16589004
2026-07-18 11:00:00+00:00,0.16592489
2026-07-18 12:00:00+00:00,0.1659522
2026-07-18 13:00:00+00:00,0.16467949
2026-07-18 14:00:00+00:00,0.16506805
2026-07-18 15:00:00+00:00,0.16450551
2026-07-18 16:00:00+00:00,0.1643136
2026-07-18 17:00:00+00:00,0.16532537
2026-07-18 18:00:00+00:00,0.16531246
2026-07-18 19:00:00+00:00,0.16595287
2026-07-18 20:00:00+00:00,0.16628788
2026-07-18 21:00:00+00:00,0.16635768
2026-07-18 22:00:00+00:00,0.16711802
2026-07-18 23:00:00+00:00,0.16671158
2026-07-19 00:00:00+00:00,0.16701597
2026-07-19 01:00:00+00:00,0.16693262
2026-07-19 02:00:00+00:00,0.16804973
2026-07-19 03:00:00+00:00,0.16681763
2026-07-19 04:00:00+00:00,0.1662042
2026-07-19 05:00:00+00:00,0.16609185
2026-07-19 06:00:00+00:00,0.16626085
2026-07-19 07:00:00+00:00,0.16563818
2026-07-19 08:00:00+00:00,0.16580324
2026-07-19 09:00:00+00:00,0.16489672
2026-07-19 10:00:00+00:00,0.16555279
2026-07-19 11:00:00+00:00,0.16500593
2026-07-19 12:00:00+00:00,0.16505335
2026-07-19 13:00:00+00:00,0.16558743
2026-07-19 14:00:00+00:00,0.16672134
2026-07-19 15:00:00+00:00,0.16627046
2026-07-19 16:00:00+00:00,0.16526593
2026-07-19 17:00:00+00:00,0.16520174
2026-07-19 18:00:00+00:00,0.16508999
2026-07-19 19:00:00+00:00,0.16604282
2026-07-19 20:00:00+00:00,0.16649241
2026-07-19 21:00:00+00:00,0.16509705
2026-07-19 22:00:00+00:00,0.16602234
2026-07-19 23:00:00+00:00,0.16628639
2026-07-20 00:00:00+00:00,0.16562598
2026-07-20 01:00:00+00:00,0.16492222
2026-07-20 02:00:00+00:00,0.16591727
2026-07-20 03:00:00+00:00,0.16549331
2026-07-20 04:00:00+00:00,0.16438333
2026-07-20 05:00:00+00:00,0.16229807
2026-07-20 06:00:00+00:00,0.16140225
2026-07-20 07:00:00+00:00,0.16254842
2026-07-20 08:00:00+00:00,0.16195408
2026-07-20 09:00:00+00:00,0.16286842
2026-07-20 10:00:00+00:00,0.16324322
2026-07-20 11:00:00+00:00,0.16554866
2026-07-20 12:00:00+00:00,0.16430275
2026-07-20 13:00:00+00:00,0.16285447
2026-07-20 14:00:00+00:00,0.16240545
2026-07-20 15:00:00+00:00,0.16687612
2026-07-20 16:00:00+00:00,0.16623622
2026-07-20 17:00:00+00:00,0.16742879
2026-07-20 18:00:00+00:00,0.16840484
2026-07-20 19:00:00+00:00,0.16784171
2026-07-20 20:00:00+00:00,0.16983301
2026-07-20 21:00:00+00:00,0.16994954
2026-07-20 22:00:00+00:00,0.16918517
2026-07-20 23:00:00+00:00,0.16976999
2026-07-21 00:00:00+00:00,0.1708892
2026-07-21 01:00:00+00:00,0.17016904
2026-07-21 02:00:00+00:00,0.17054302
2026-07-21 03:00:00+00:00,0.17251575
2026-07-21 04:00:00+00:00,0.17227479
2026-07-21 05:00:00+00:00,0.17575187
2026-07-21 06:00:00+00:00,0.17631423
2026-07-21 07:00:00+00:00,0.17646531
2026-07-21 08:00:00+00:00,0.17453567
2026-07-21 09:00:00+00:00,0.17480231
2026-07-21 10:00:00+00:00,0.17470101
2026-07-21 11:00:00+00:00,0.17471262
2026-07-21 12:00:00+00:00,0.17531638
2026-07-21 13:00:00+00:00,0.17571883
2026-07-21 14:00:00+00:00,0.17572974
2026-07-21 15:00:00+00:00,0.17511985
2026-07-21 16:00:00+00:00,0.17355601
2026-07-21 17:00:00+00:00,0.17337914
2026-07-21 18:00:00+00:00,0.1733809
2026-07-21 19:00:00+00:00,0.17379948
2026-07-21 20:00:00+00:00,0.17350201
2026-07-21 21:00:00+00:00,0.1729957
2026-07-21 22:00:00+00:00,0.17306325
2026-07-21 23:00:00+00:00,0.17370315
2026-07-22 00:00:00+00:00,0.17390329
2026-07-22 01:00:00+00:00,0.17421241
2026-07-22 02:00:00+00:00,0.17430326
2026-07-22 03:00:00+00:00,0.17343331
2026-07-22 04:00:00+00:00,0.17426042
2026-07-22 05:00:00+00:00,0.17145838
2026-07-22 06:00:00+00:00,0.17083343
2026-07-22 07:00:00+00:00,0.17111175
2026-07-22 08:00:00+00:00,0.17253259
2026-07-22 09:00:00+00:00,0.17330248
2026-07-22 10:00:00+00:00,0.17358324
2026-07-22 11:00:00+00:00,0.17294905
2026-07-22 12:00:00+00:00,0.1723543
2026-07-22 13:00:00+00:00,0.17551024
2026-07-22 14:00:00+00:00,0.17538793
2026-07-22 15:00:00+00:00,0.1778977
2026-07-22 16:00:00+00:00,0.17999011
2026-07-22 17:00:00+00:00,0.1779065
2026-07-22 18:00:00+00:00,0.17579231
2026-07-22 19:00:00+00:00,0.17460605
2026-07-22 20:00:00+00:00,0.17455966
2026-07-22 21:00:00+00:00,0.1751066
2026-07-22 22:00:00+00:00,0.17536048
2026-07-22 23:00:00+00:00,0.17449206
2026-07-23 00:00:00+00:00,0.1758939
2026-07-23 01:00:00+00:00,0.17470321
2026-07-23 02:00:00+00:00,0.17458748
2026-07-23 03:00:00+00:00,0.17408079
2026-07-23 04:00:00+00:00,0.17440909
2026-07-23 05:00:00+00:00,0.17426104
2026-07-23 06:00:00+00:00,0.17427323
2026-07-23 07:00:00+00:00,0.17302659
2026-07-23 08:00:00+00:00,0.17402156
2026-07-23 09:00:00+00:00,0.17345074
2026-07-23 10:00:00+00:00,0.17471525
2026-07-23 11:00:00+00:00,0.17436326
2026-07-23 12:00:00+00:00,0.17306115
2026-07-23 13:00:00+00:00,0.17150641
2026-07-23 14:00:00+00:00,0.16946063
2026-07-23 15:00:00+00:00,0.17053655
2026-07-23 16:00:00+00:00,0.16951187
2026-07-23 17:00:00+00:00,0.1686017
2026-07-23 18:00:00+00:00,0.16937875
2026-07-23 19:00:00+00:00,0.1696287
2026-07-23 20:00:00+00:00,0.16975676
2026-07-23 21:00:00+00:00,0.16898533
2026-07-23 22:00:00+00:00,0.16922252
2026-07-23 23:00:00+00:00,0.16849047
2026-07-24 00:00:00+00:00,0.16730295
2026-07-24 01:00:00+00:00,0.16701294
2026-07-24 02:00:00+00:00,0.1668178
2026-07-24 03:00:00+00:00,0.16744776
2026-07-24 04:00:00+00:00,0.16731417
2026-07-24 05:00:00+00:00,0.16677293
2026-07-24 06:00:00+00:00,0.16722243
2026-07-24 07:00:00+00:00,0.16823296
2026-07-24 08:00:00+00:00,0.16790158
2026-07-24 09:00:00+00:00,0.1673574
2026-07-24 10:00:00+00:00,0.16648007
2026-07-24 11:00:00+00:00,0.16635583
2026-07-24 12:00:00+00:00,0.16548403
2026-07-24 13:00:00+00:00,0.16451384
2026-07-24 14:00:00+00:00,0.16488026
2026-07-24 15:00:00+00:00,0.1648174
2026-07-24 16:00:00+00:00,0.16316877
2026-07-24 17:00:00+00:00,0.16375307
2026-07-24 18:00:00+00:00,0.16396375
2026-07-24 19:00:00+00:00,0.16372285
2026-07-24 20:00:00+00:00,0.16357556
2026-07-24 21:00:00+00:00,0.16323753
2026-07-24 22:00:00+00:00,0.16395957
2026-07-24 23:00:00+00:00,0.16401776
2026-07-25 00:00:00+00:00,0.16439362
2026-07-25 01:00:00+00:00,0.16379976
2026-07-25 02:00:00+00:00,0.16409533
2026-07-25 03:00:00+00:00,0.16401232
2026-07-25 04:00:00+00:00,0.16377885
2026-07-25 05:00:00+00:00,0.16310201
2026-07-25 06:00:00+00:00,0.16225946
2026-07-25 07:00:00+00:00,0.16169799
2026-07-25 08:00:00+00:00,0.1618026
2026-07-25 09:00:00+00:00,0.16241272
2026-07-25 10:00:00+00:00,0.16225815
2026-07-25 11:00:00+00:00,0.16267207
2026-07-25 12:00:00+00:00,0.16328543
2026-07-25 13:00:00+00:00,0.16365828
2026-07-25 14:00:00+00:00,0.16444083
2026-07-25 15:00:00+00:00,0.16476678
2026-07-25 16:00:00+00:00,0.1652502
2026-07-25 17:00:00+00:00,0.16560262
2026-07-25 18:00:00+00:00,0.16594981
2026-07-25 19:00:00+00:00,0.1655734
2026-07-25 20:00:00+00:00,0.16463946
2026-07-25 21:00:00+00:00,0.16473348
2026-07-25 22:00:00+00:00,0.16509202
2026-07-25 23:00:00+00:00,0.16481949
2026-07-26 00:00:00+00:00,0.1653274
2026-07-26 01:00:00+00:00,0.16513888
2026-07-26 02:00:00+00:00,0.16546514
2026-07-26 03:00:00+00:00,0.1654796
2026-07-26 04:00:00+00:00,0.1657781
2026-07-26 05:00:00+00:00,0.16545254
2026-07-26 06:00:00+00:00,0.1662354
2026-07-26 07:00:00+00:00,0.1651473
2026-07-26 08:00:00+00:00,0.16520571
2026-07-26 09:00:00+00:00,0.16494085
2026-07-26 10:00:00+00:00,0.16542206
2026-07-26 11:00:00+00:00,0.16506164
2026-07-26 12:00:00+00:00,0.16492762
2026-07-26 13:00:00+00:00,0.16456452
2026-07-26 14:00:00+00:00,0.1648418
2026-07-26 15:00:00+00:00,0.16548572
2026-07-26 16:00:00+00:00,0.16538302
2026-07-26 17:00:00+00:00,0.16461673
2026-07-26 18:00:00+00:00,0.16477832
2026-07-26 19:00:00+00:00,0.16447348
2026-07-26 20:00:00+00:00,0.16424216
2026-07-26 21:00:00+00:00,0.16496819
2026-07-26 22:00:00+00:00,0.16577927
2026-07-26 23:00:00+00:00,0.16602825
2026-07-27 00:00:00+00:00,0.16539487
2026-07-27 01:00:00+00:00,0.16501436
2026-07-27 02:00:00+00:00,0.16489383
2026-07-27 03:00:00+00:00,0.16540707
2026-07-27 04:00:00+00:00,0.16539148
2026-07-27 05:00:00+00:00,0.16573658
2026-07-27 06:00:00+00:00,0.16619171
2026-07-27 07:00:00+00:00,0.16505624
2026-07-27 08:00:00+00:00,0.16507749
2026-07-27 09:00:00+00:00,0.16539795
2026-07-27 10:00:00+00:00,0.16557006
2026-07-27 11:00:00+00:00,0.16458506
2026-07-27 12:00:00+00:00,0.16396515
2026-07-27 13:00:00+00:00,0.164448
2026-07-27 14:00:00+00:00,0.158979
2026-07-27 15:00:00+00:00,0.15796645
2026-07-27 16:00:00+00:00,0.15892804
2026-07-27 17:00:00+00:00,0.15927919
2026-07-27 18:00:00+00:00,0.15855539
2026-07-27 19:00:00+00:00,0.158967
2026-07-27 20:00:00+00:00,0.15910839
2026-07-27 21:00:00+00:00,0.15875903
2026-07-27 22:00:00+00:00,0.15476986
2026-07-27 23:00:00+00:00,0.15559996
2026-07-28 00:00:00+00:00,0.15494875
2026-07-28 01:00:00+00:00,0.15428381
2026-07-28 02:00:00+00:00,0.15505839
2026-07-28 03:00:00+00:00,0.15482155
2026-07-28 04:00:00+00:00,0.15528143
2026-07-28 05:00:00+00:00,0.15597463
2026-07-28 06:00:00+00:00,0.15692093
2026-07-28 07:00:00+00:00,0.15717464
2026-07-28 08:00:00+00:00,0.15727777
2026-07-28 09:00:00+00:00,0.15725781
2026-07-28 10:00:00+00:00,0.15700758
2026-07-28 11:00:00+00:00,0.15715096
2026-07-28 12:00:00+00:00,0.15827086
2026-07-28 13:00:00+00:00,0.15633479
2026-07-28 14:00:00+00:00,0.15685668
2026-07-28 15:00:00+00:00,0.15899773
2026-07-28 16:00:00+00:00,0.15930102
2026-07-28 17:00:00+00:00,0.15907785
2026-07-28 18:00:00+00:00,0.1586074
2026-07-28 19:00:00+00:00,0.15890189
2026-07-28 20:00:00+00:00,0.16008029
2026-07-28 21:00:00+00:00,0.16064951
2026-07-28 22:00:00+00:00,0.16119648
2026-07-28 23:00:00+00:00,0.16197403
2026-07-29 00:00:00+00:00,0.16278562
2026-07-29 01:00:00+00:00,0.16188768
2026-07-29 02:00:00+00:00,0.16589019
2026-07-29 03:00:00+00:00,0.16348221
2026-07-29 04:00:00+00:00,0.16303775
2026-07-29 05:00:00+00:00,0.16396882
2026-07-29 06:00:00+00:00,0.16422382
2026-07-29 07:00:00+00:00,0.16454897
2026-07-29 08:00:00+00:00,0.16433482
2026-07-29 09:00:00+00:00,0.16431182
2026-07-29 10:00:00+00:00,0.16373269
2026-07-29 11:00:00+00:00,0.16393918
2026-07-29 12:00:00+00:00,0.16402269
2026-07-29 13:00:00+00:00,0.16490833
2026-07-29 14:00:00+00:00,0.16299475
2026-07-29 15:00:00+00:00,0.16303286
2026-07-29 16:00:00+00:00,0.16333009
2026-07-29 17:00:00+00:00,0.16521526
2026-07-29 18:00:00+00:00,0.16795041
2026-07-29 19:00:00+00:00,0.16321364
2026-07-29 20:00:00+00:00,0.16105074
2026-07-29 21:00:00+00:00,0.16290018
2026-07-29 22:00:00+00:00,0.16239023
2026-07-29 23:00:00+00:00,0.16213362
2026-07-30 00:00:00+00:00,0.16210336
2026-07-30 01:00:00+00:00,0.16407128
2026-07-30 02:00:00+00:00,0.16277367
2026-07-30 03:00:00+00:00,0.16244454
2026-07-30 04:00:00+00:00,0.16202617
2026-07-30 05:00:00+00:00,0.16269147
2026-07-30 06:00:00+00:00,0.16282758
2026-07-30 07:00:00+00:00,0.16325666
2026-07-30 08:00:00+00:00,0.16425777
2026-07-30 09:00:00+00:00,0.16416281
2026-07-30 10:00:00+00:00,0.16390397
2026-07-30 11:00:00+00:00,0.16434473
2026-07-30 12:00:00+00:00,0.16603791
2026-07-30 13:00:00+00:00,0.16818521
2026-07-30 14:00:00+00:00,0.17221813
2026-07-30 15:00:00+00:00,0.17207705
2026-07-30 16:00:00+00:00,0.17075398
2026-07-30 17:00:00+00:00,0.17190715
2026-07-30 18:00:00+00:00,0.1723088
2026-07-30 19:00:00+00:00,0.17280543
2026-07-30 20:00:00+00:00,0.17076713
2026-07-30 21:00:00+00:00,0.17025851
2026-07-30 22:00:00+00:00,0.16992769
2026-07-30 23:00:00+00:00,0.16973453
2026-07-31 00:00:00+00:00,0.16963758
2026-07-31 01:00:00+00:00,0.16974794
2026-07-31 02:00:00+00:00,0.1704774
2026-07-31 03:00:00+00:00,0.17010818
2026-07-31 04:00:00+00:00,0.16866047
2026-07-31 05:00:00+00:00,0.16894706
2026-07-31 06:00:00+00:00,0.16888787
2026-07-31 07:00:00+00:00,0.16986709
2026-07-31 08:00:00+00:00,0.17086854
2026-07-31 09:00:00+00:00,0.1689661
2026-07-31 10:00:00+00:00,0.16978204
2026-07-31 11:00:00+00:00,0.16997324
2026-07-31 12:00:00+00:00,0.1694502
2026-07-31 13:00:00+00:00,0.16862913
2026-07-31 14:00:00+00:00,0.16789896
2026-07-31 15:00:00+00:00,0.16877709
2026-07-31 16:00:00+00:00,0.17087348
2026-07-31 17:00:00+00:00,0.17127764
2026-07-31 18:00:00+00:00,0.17214808
2026-07-31 19:00:00+00:00,0.17048893
2026-07-31 20:00:00+00:00,0.16876766
2026-07-31 21:00:00+00:00,0.16817109
2026-07-31 22:00:00+00:00,0.16799043
2026-07-31 23:00:00+00:00,0.16820688
2026-08-01 00:00:00+00:00,0.16900167
2026-08-01 01:00:00+00:00,0.16953476
2026-08-01 02:00:00+00:00,0.17005154
2026-08-01 03:00:00+00:00,0.17108567
2026-08-01 04:00:00+00:00,0.17110416
2026-08-01 05:00:00+00:00,0.17050225
2026-08-01 06:00:00+00:00,0.16985928
2026-08-01 07:00:00+00:00,0.17123666
2026-08-01 08:00:00+00:00,0.1726213
2026-08-01 09:00:00+00:00,0.17207004
2026-08-01 10:00:00+00:00,0.1724402
2026-08-01 11:00:00+00:00,0.17328396
2026-08-01 12:00:00+00:00,0.17446929
2026-08-01 13:00:00+00:00,0.17492853
2026-08-01 14:00:00+00:00,0.17319039
2026-08-01 15:00:00+00:00,0.17269527
2026-08-01 16:00:00+00:00,0.1741767
2026-08-01 17:00:00+00:00,0.1732217
2026-08-01 18:00:00+00:00,0.17142528
2026-08-01 19:00:00+00:00,0.17257394
2026-08-01 20:00:00+00:00,0.1734808
2026-08-01 21:00:00+00:00,0.17433804
2026-08-01 22:00:00+00:00,0.17339632
2026-08-01 23:00:00+00:00,0.17444055
2026-08-02 00:00:00+00:00,0.17347102
2026-08-02 01:00:00+00:00,0.17636891
2026-08-02 02:00:00+00:00,0.18032706
2026-08-02 03:00:00+00:00,0.18015253
2026-08-02 04:00:00+00:00,0.18316845
2026-08-02 05:00:00+00:00,0.18525242
2026-08-02 06:00:00+00:00,0.1868139
2026-08-02 07:00:00+00:00,0.18610168
2026-08-02 08:00:00+00:00,0.18584179
2026-08-02 09:00:00+00:00,0.18827865
2026-08-02 10:00:00+00:00,0.18667953
2026-08-02 11:00:00+00:00,0.18879603
2026-08-02 12:00:00+00:00,0.18932899
2026-08-02 13:00:00+00:00,0.18743592
2026-08-02 14:00:00+00:00,0.18994793
2026-08-02 15:00:00+00:00,0.19010697
2026-08-02 16:00:00+00:00,0.18950993
2026-08-02 17:00:00+00:00,0.18885824
2026-08-02 18:00:00+00:00,0.1891513
2026-08-02 19:00:00+00:00,0.18855554
2026-08-02 20:00:00+00:00,0.18747103
2026-08-02 21:00:00+00:00,0.18927981
2026-08-02 22:00:00+00:00,0.18973479
2026-08-02 23:00:00+00:00,0.18956922
2026-08-03 00:00:00+00:00,0.18835396
2026-08-03 01:00:00+00:00,0.18577548
2026-08-03 02:00:00+00:00,0.18710742
2026-08-03 03:00:00+00:00,0.18549652
2026-08-03 04:00:00+00:00,0.18408742
2026-08-03 05:00:00+00:00,0.18500779
2026-08-03 06:00:00+00:00,0.18381078
2026-08-03 07:00:00+00:00,0.1827163
2026-08-03 08:00:00+00:00,0.18394615
2026-08-03 09:00:00+00:00,0.18691781
2026-08-03 10:00:00+00:00,0.18737629
2026-08-03 11:00:00+00:00,0.18649316
2026-08-03 12:00:00+00:00,0.18908507
2026-08-03 13:00:00+00:00,0.19453552
2026-08-03 14:00:00+00:00,0.19004373
2026-08-03 15:00:00+00:00,0.19615086
2026-08-03 16:00:00+00:00,0.19227447
2026-08-03 17:00:00+00:00,0.19155306
2026-08-03 18:00:00+00:00,0.19419186
2026-08-03 19:00:00+00:00,0.19370728
2026-08-03 20:00:00+00:00,0.19452085
2026-08-03 21:00:00+00:00,0.19403053
2026-08-03 22:00:00+00:00,0.19507998
2026-08-03 23:00:00+00:00,0.19369605
2026-08-04 00:00:00+00:00,0.19212206
2026-08-04 01:00:00+00:00,0.19295145
2026-08-04 02:00:00+00:00,0.1953352
2026-08-04 03:00:00+00:00,0.19690528
2026-08-04 04:00:00+00:00,0.19556878
2026-08-04 05:00:00+00:00,0.1956988
2026-08-04 06:00:00+00:00,0.19540079
2026-08-04 07:00:00+00:00,0.19472118
2026-08-04 08:00:00+00:00,0.19483072
2026-08-04 09:00:00+00:00,0.1964908
2026-08-04 10:00:00+00:00,0.19512145
2026-08-04 11:00:00+00:00,0.19445111
2026-08-04 12:00:00+00:00,0.19489786
2026-08-04 13:00:00+00:00,0.19193002
2026-08-04 14:00:00+00:00,0.19281345
2026-08-04 15:00:00+00:00,0.19315404
2026-08-04 16:00:00+00:00,0.19212502
2026-08-04 17:00:00+00:00,0.19118929
2026-08-04 18:00:00+00:00,0.191427
2026-08-04 19:00:00+00:00,0.1924071
2026-08-04 20:00:00+00:00,0.19314515
2026-08-04 21:00:00+00:00,0.19376615
2026-08-04 22:00:00+00:00,0.19297478
2026-08-04 23:00:00+00:00,0.19299377
2026-08-05 00:00:00+00:00,0.19140351
2026-08-05 01:00:00+00:00,0.19252754
2026-08-05 02:00:00+00:00,0.19256058
2026-08-05 03:00:00+00:00,0.19070475
2026-08-05 04:00:00+00:00,0.19033896
2026-08-05 05:00:00+00:00,0.19042283
2026-08-05 06:00:00+00:00,0.19094967
2026-08-05 07:00:00+00:00,0.19381668
2026-08-05 08:00:00+00:00,0.19393217
2026-08-05 09:00:00+00:00,0.19689958
2026-08-05 10:00:00+00:00,0.19463066
2026-08-05 11:00:00+00:00,0.19511087
2026-08-05 12:00:00+00:00,0.1937743
2026-08-05 13:00:00+00:00,0.19209565
2026-08-05 14:00:00+00:00,0.19139045
2026-08-05 15:00:00+00:00,0.18910418
2026-08-05 16:00:00+00:00,0.19120513
2026-08-05 17:00:00+00:00,0.19099938
2026-08-05 18:00:00+00:00,0.19039201
2026-08-05 19:00:00+00:00,0.18948743
2026-08-05 20:00:00+00:00,0.19045533
2026-08-05 21:00:00+00:00,0.19135656
2026-08-05 22:00:00+00:00,0.19142574
2026-08-05 23:00:00+00:00,0.19117756
2026-08-06 00:00:00+00:00,0.19160796
2026-08-06 01:00:00+00:00,0.19072329
2026-08-06 02:00:00+00:00,0.19078766
2026-08-06 03:00:00+00:00,0.18688333
2026-08-06 04:00:00+00:00,0.18775953
2026-08-06 05:00:00+00:00,0.18833972
2026-08-06 06:00:00+00:00,0.18833185
2026-08-06 07:00:00+00:00,0.18884941
2026-08-06 08:00:00+00:00,0.18942557
2026-08-06 09:00:00+00:00,0.18929416
2026-08-06 10:00:00+00:00,0.18906387
2026-08-06 11:00:00+00:00,0.1923267
2026-08-06 12:00:00+00:00,0.19059664
2026-08-06 13:00:00+00:00,0.19403
2026-08-06 14:00:00+00:00,0.20024253
2026-08-06 15:00:00+00:00,0.20889043
2026-08-06 16:00:00+00:00,0.20677489
2026-08-06 17:00:00+00:00,0.20464377
2026-08-06 18:00:00+00:00,0.20524188
2026-08-06 19:00:00+00:00,0.20235608
2026-08-06 20:00:00+00:00,0.20220554
2026-08-06 21:00:00+00:00,0.20471725
2026-08-06 22:00:00+00:00,0.20134331
2026-08-06 23:00:00+00:00,0.2011886
2026-08-07 00:00:00+00:00,0.20210175
2026-08-07 01:00:00+00:00,0.20029615
2026-08-07 02:00:00+00:00,0.20037429
2026-08-07 03:00:00+00:00,0.19940631
2026-08-07 04:00:00+00:00,0.19986793
2026-08-07 05:00:00+00:00,0.20187429
2026-08-07 06:00:00+00:00,0.20169574
2026-08-07 07:00:00+00:00,0.20170214
2026-08-07 08:00:00+00:00,0.20102482
2026-08-07 09:00:00+00:00,0.20181971
2026-08-07 10:00:00+00:00,0.20250617
2026-08-07 11:00:00+00:00,0.20147531
2026-08-07 12:00:00+00:00,0.20132913
2026-08-07 13:00:00+00:00,0.19932512
2026-08-07 14:00:00+00:00,0.19708431
2026-08-07 15:00:00+00:00,0.20084809
2026-08-07 16:00:00+00:00,0.19926732
2026-08-07 17:00:00+00:00,0.19805084
2026-08-07 18:00:00+00:00,0.20066967
2026-08-07 19:00:00+00:00,0.20100467
2026-08-07 20:00:00+00:00,0.20235952
2026-08-07 21:00:00+00:00,0.2010081
2026-08-07 22:00:00+00:00,0.20071932
2026-08-07 23:00:00+00:00,0.200851
2026-08-08 00:00:00+00:00,0.20043512
2026-08-08 01:00:00+00:00,0.20076106
2026-08-08 02:00:00+00:00,0.20050117
2026-08-08 03:00:00+00:00,0.20102871
2026-08-08 04:00:00+00:00,0.20073503
2026-08-08 05:00:00+00:00,0.20069691
2026-08-08 06:00:00+00:00,0.19995207
2026-08-08 07:00:00+00:00,0.20025542
2026-08-08 08:00:00+00:00,0.20006555
2026-08-08 09:00:00+00:00,0.19911957
2026-08-08 10:00:00+00:00,0.20001911
2026-08-08 11:00:00+00:00,0.19942554
2026-08-08 12:00:00+00:00,0.19919092
2026-08-08 13:00:00+00:00,0.20016509
2026-08-08 14:00:00+00:00,0.20043088
2026-08-08 15:00:00+00:00,0.19955715
2026-08-08 16:00:00+00:00,0.20032269
2026-08-08 17:00:00+00:00,0.19975109
2026-08-08 18:00:00+00:00,0.20070601
2026-08-08 19:00:00+00:00,0.20051709
2026-08-08 20:00:00+00:00,0.20052775
2026-08-08 21:00:00+00:00,0.19948894
2026-08-08 22:00:00+00:00,0.19889163
2026-08-08 23:00:00+00:00,0.19949634
2026-08-09 00:00:00+00:00,0.19877477
2026-08-09 01:00:00+00:00,0.1990019
2026-08-09 02:00:00+00:00,0.19864382
2026-08-09 03:00:00+00:00,0.19831247
2026-08-09 04:00:00+00:00,0.19785967
2026-08-09 05:00:00+00:00,0.19821659
2026-08-09 06:00:00+00:00,0.19859174
2026-08-09 07:00:00+00:00,0.1986894
2026-08-09 08:00:00+00:00,0.19774567
2026-08-09 09:00:00+00:00,0.19626124
2026-08-09 10:00:00+00:00,0.19615128
2026-08-09 11:00:00+00:00,0.19652983
2026-08-09 12:00:00+00:00,0.19630521
2026-08-09 13:00:00+00:00,0.19742494
2026-08-09 14:00:00+00:00,0.19794493
2026-08-09 15:00:00+00:00,0.19760714
2026-08-09 16:00:00+00:00,0.19792736
2026-08-09 17:00:00+00:00,0.19817414
2026-08-09 18:00:00+00:00,0.19810459
2026-08-09 19:00:00+00:00,0.19773362
2026-08-09 20:00:00+00:00,0.1982405
2026-08-09 21:00:00+00:00,0.19825989
2026-08-09 22:00:00+00:00,0.19737971
2026-08-09 23:00:00+00:00,0.19452778
2026-08-10 00:00:00+00:00,0.19527475
2026-08-10 01:00:00+00:00,0.19794611
2026-08-10 02:00:00+00:00,0.1977052
2026-08-10 03:00:00+00:00,0.19590135
2026-08-10 04:00:00+00:00,0.19650926
2026-08-10 05:00:00+00:00,0.19752824
2026-08-10 06:00:00+00:00,0.19832901
2026-08-10 07:00:00+00:00,0.19814391
2026-08-10 08:00:00+00:00,0.19638357
2026-08-10 09:00:00+00:00,0.19500674
2026-08-10 10:00:00+00:00,0.19512147
2026-08-10 11:00:00+00:00,0.19643022
2026-08-10 12:00:00+00:00,0.19596974
2026-08-10 13:00:00+00:00,0.1966396
2026-08-10 14:00:00+00:00,0.19593892
2026-08-10 15:00:00+00:00,0.19508895
2026-08-10 16:00:00+00:00,0.19594512
2026-08-10 17:00:00+00:00,0.19544744
2026-08-10 18:00:00+00:00,0.1936923
2026-08-10 19:00:00+00:00,0.19383548
2026-08-10 20:00:00+00:00,0.1933898
2026-08-10 21:00:00+00:00,0.19211325
2026-08-10 22:00:00+00:00,0.1922216
2026-08-10 23:00:00+00:00,0.19093887
2026-08-11 00:00:00+00:00,0.1903209
2026-08-11 01:00:00+00:00,0.19121287
2026-08-11 02:00:00+00:00,0.19060928
2026-08-11 03:00:00+00:00,0.19050002
2026-08-11 04:00:00+00:00,0.18975358
2026-08-11 05:00:00+00:00,0.18747816
2026-08-11 06:00:00+00:00,0.18871038
2026-08-11 07:00:00+00:00,0.18867322
2026-08-11 08:00:00+00:00,0.18884169
2026-08-11 09:00:00+00:00,0.18889751
2026-08-11 10:00:00+00:00,0.18815631
2026-08-11 11:00:00+00:00,0.18868438
2026-08-11 12:00:00+00:00,0.18698147
2026-08-11 13:00:00+00:00,0.18670129
2026-08-11 14:00:00+00:00,0.18493983
2026-08-11 15:00:00+00:00,0.18502502
2026-08-11 16:00:00+00:00,0.18544736
2026-08-11 17:00:00+00:00,0.18528113
2026-08-11 18:00:00+00:00,0.1854974
2026-08-11 19:00:00+00:00,0.18579733
2026-08-11 20:00:00+00:00,0.18524915
2026-08-11 21:00:00+00:00,0.18668545
2026-08-11 22:00:00+00:00,0.18677077
2026-08-11 23:00:00+00:00,0.18709356
2026-08-12 00:00:00+00:00,0.18605593
2026-08-12 01:00:00+00:00,0.18699485
2026-08-12 02:00:00+00:00,0.18794533
2026-08-12 03:00:00+00:00,0.18766306
2026-08-12 04:00:00+00:00,0.18706712
2026-08-12 05:00:00+00:00,0.18660771
2026-08-12 06:00:00+00:00,0.18551201
2026-08-12 07:00:00+00:00,0.18528493
2026-08-12 08:00:00+00:00,0.1855597
2026-08-12 09:00:00+00:00,0.18720772
2026-08-12 10:00:00+00:00,0.18680767
2026-08-12 11:00:00+00:00,0.18578626
2026-08-12 12:00:00+00:00,0.1845063
2026-08-12 13:00:00+00:00,0.18348193
2026-08-12 14:00:00+00:00,0.18230022
2026-08-12 15:00:00+00:00,0.18192137
2026-08-12 16:00:00+00:00,0.1822594
2026-08-12 17:00:00+00:00,0.18323722
2026-08-12 18:00:00+00:00,0.18337692
2026-08-12 19:00:00+00:00,0.18320631
2026-08-12 20:00:00+00:00,0.18285115
2026-08-12 21:00:00+00:00,0.18105859
2026-08-12 22:00:00+00:00,0.18207256
2026-08-12 23:00:00+00:00,0.18259757
2026-08-13 00:00:00+00:00,0.18184247
2026-08-13 01:00:00+00:00,0.18151971
2026-08-13 02:00:00+00:00,0.18303201
2026-08-13 03:00:00+00:00,0.18397807
2026-08-13 04:00:00+00:00,0.18337936
2026-08-13 05:00:00+00:00,0.18449757
2026-08-13 06:00:00+00:00,0.18441059
2026-08-13 07:00:00+00:00,0.18562487
2026-08-13 08:00:00+00:00,0.18650542
2026-08-13 09:00:00+00:00,0.18552249
2026-08-13 10:00:00+00:00,0.1848239
2026-08-13 11:00:00+00:00,0.18322939
2026-08-13 12:00:00+00:00,0.18348768
2026-08-13 13:00:00+00:00,0.18446302
2026-08-13 14:00:00+00:00,0.18489222
2026-08-13 15:00:00+00:00,0.18271126
2026-08-13 16:00:00+00:00,0.18153096
2026-08-13 17:00:00+00:00,0.1818839
2026-08-13 18:00:00+00:00,0.18156152
2026-08-13 19:00:00+00:00,0.18151125
2026-08-13 20:00:00+00:00,0.1821122
2026-08-13 21:00:00+00:00,0.18181594
2026-08-13 22:00:00+00:00,0.18231318
2026-08-13 23:00:00+00:00,0.18246103
2026-08-14 00:00:00+00:00,0.18322447
2026-08-14 01:00:00+00:00,0.18281705
2026-08-14 02:00:00+00:00,0.18203536
2026-08-14 03:00:00+00:00,0.18235119
2026-08-14 04:00:00+00:00,0.18233018
2026-08-14 05:00:00+00:00,0.18283851
2026-08-14 06:00:00+00:00,0.18171021
2026-08-14 07:00:00+00:00,0.18179697
2026-08-14 08:00:00+00:00,0.18250864
2026-08-14 09:00:00+00:00,0.18194763
2026-08-14 10:00:00+00:00,0.17936764
2026-08-14 11:00:00+00:00,0.18011206
2026-08-14 12:00:00+00:00,0.1793809
2026-08-14 13:00:00+00:00,0.17973558
2026-08-14 14:00:00+00:00,0.1784085
2026-08-14 15:00:00+00:00,0.17999004
2026-08-14 16:00:00+00:00,0.17997793
2026-08-14 17:00:00+00:00,0.17988781
2026-08-14 18:00:00+00:00,0.17920187
2026-08-14 19:00:00+00:00,0.17973864
2026-08-14 20:00:00+00:00,0.17942728
2026-08-14 21:00:00+00:00,0.17884158
2026-08-14 22:00:00+00:00,0.17899129
2026-08-14 23:00:00+00:00,0.1801977
2026-08-15 00:00:00+00:00,0.18009275
2026-08-15 01:00:00+00:00,0.17973804
2026-08-15 02:00:00+00:00,0.18143571
2026-08-15 03:00:00+00:00,0.18043741
2026-08-15 04:00:00+00:00,0.18055947
2026-08-15 05:00:00+00:00,0.17972327
2026-08-15 06:00:00+00:00,0.17983724
2026-08-15 07:00:00+00:00,0.17907875
2026-08-15 08:00:00+00:00,0.1786837
2026-08-15 09:00:00+00:00,0.17949955
2026-08-15 10:00:00+00:00,0.1790398
2026-08-15 11:00:00+00:00,0.17869767
2026-08-15 12:00:00+00:00,0.17920142
2026-08-15 13:00:00+00:00,0.17904195
2026-08-15 14:00:00+00:00,0.17877332
2026-08-15 15:00:00+00:00,0.17888079
2026-08-15 16:00:00+00:00,0.1783545
2026-08-15 17:00:00+00:00,0.17757427
2026-08-15 18:00:00+00:00,0.17741379
2026-08-15 19:00:00+00:00,0.17806951
2026-08-15 20:00:00+00:00,0.17800166
2026-08-15 21:00:00+00:00,0.17786308
2026-08-15 22:00:00+00:00,0.177496
2026-08-15 23:00:00+00:00,0.17646524
2026-08-16 00:00:00+00:00,0.17698602
2026-08-16 01:00:00+00:00,0.17642283
2026-08-16 02:00:00+00:00,0.17666463
2026-08-16 03:00:00+00:00,0.17707083
2026-08-16 04:00:00+00:00,0.17692098
2026-08-16 05:00:00+00:00,0.17699293
2026-08-16 06:00:00+00:00,0.17688463
2026-08-16 07:00:00+00:00,0.17764122
2026-08-16 08:00:00+00:00,0.17790502
2026-08-16 09:00:00+00:00,0.17706615
2026-08-16 10:00:00+00:00,0.17672222
2026-08-16 11:00:00+00:00,0.17704453
2026-08-16 12:00:00+00:00,0.17627776
2026-08-16 13:00:00+00:00,0.17605327
2026-08-16 14:00:00+00:00,0.17625864
2026-08-16 15:00:00+00:00,0.17683348
2026-08-16 16:00:00+00:00,0.17632644
2026-08-16 17:00:00+00:00,0.17633073
2026-08-16 18:00:00+00:00,0.175772
2026-08-16 19:00:00+00:00,0.17830645
2026-08-16 20:00:00+00:00,0.17712943
2026-08-16 21:00:00+00:00,0.17591907
2026-08-16 22:00:00+00:00,0.17538042
2026-08-16 23:00:00+00:00,0.17491079
2026-08-17 00:00:00+00:00,0.1758876
2026-08-17 01:00:00+00:00,0.17591534
2026-08-17 02:00:00+00:00,0.17700314
2026-08-17 03:00:00+00:00,0.17707859
2026-08-17 04:00:00+00:00,0.17716478
2026-08-17 05:00:00+00:00,0.17655993
2026-08-17 06:00:00+00:00,0.17739581
2026-08-17 07:00:00+00:00,0.17619211
2026-08-17 08:00:00+00:00,0.1751789
2026-08-17 09:00:00+00:00,0.17446427
2026-08-17 10:00:00+00:00,0.17477547
2026-08-17 11:00:00+00:00,0.17485651
2026-08-17 12:00:00+00:00,0.17353711
2026-08-17 13:00:00+00:00,0.17429159
2026-08-17 14:00:00+00:00,0.17472609
2026-08-17 15:00:00+00:00,0.17526753
2026-08-17 16:00:00+00:00,0.17429114
2026-08-17 17:00:00+00:00,0.17446723
2026-08-17 18:00:00+00:00,0.17411214
2026-08-17 19:00:00+00:00,0.17376962
2026-08-17 20:00:00+00:00,0.17418632
2026-08-17 21:00:00+00:00,0.17388464
2026-08-17 22:00:00+00:00,0.17345929
2026-08-17 23:00:00+00:00,0.17425567
2026-08-18 00:00:00+00:00,0.17445574
2026-08-18 01:00:00+00:00,0.17323905
2026-08-18 02:00:00+00:00,0.17190904
2026-08-18 03:00:00+00:00,0.17245412
2026-08-18 04:00:00+00:00,0.17388232
2026-08-18 05:00:00+00:00,0.1730732
2026-08-18 06:00:00+00:00,0.17338974
2026-08-18 07:00:00+00:00,0.17347702
2026-08-18 08:00:00+00:00,0.17297674
2026-08-18 09:00:00+00:00,0.17316098
2026-08-18 10:00:00+00:00,0.17334604
2026-08-18 11:00:00+00:00,0.17372533
2026-08-18 12:00:00+00:00,0.17404068
2026-08-18 13:00:00+00:00,0.1744951
2026-08-18 14:00:00+00:00,0.17561054
2026-08-18 15:00:00+00:00,0.17563264
2026-08-18 16:00:00+00:00,0.17471584
2026-08-18 17:00:00+00:00,0.17430166
2026-08-18 18:00:00+00:00,0.17433925
2026-08-18 19:00:00+00:00,0.1734259
2026-08-18 20:00:00+00:00,0.17290268
2026-08-18 21:00:00+00:00,0.17292924
2026-08-18 22:00:00+00:00,0.17290439
2026-08-18 23:00:00+00:00,0.17458079
2026-08-19 00:00:00+00:00,0.17382496
2026-08-19 01:00:00+00:00,0.1737898
2026-08-19 02:00:00+00:00,0.17408059
2026-08-19 03:00:00+00:00,0.17525483
2026-08-19 04:00:00+00:00,0.17418306
2026-08-19 05:00:00+00:00,0.17540876
2026-08-19 06:00:00+00:00,0.17598212
2026-08-19 07:00:00+00:00,0.17537028
2026-08-19 08:00:00+00:00,0.17482895
2026-08-19 09:00:00+00:00,0.17420798
2026-08-19 10:00:00+00:00,0.17427534
2026-08-19 11:00:00+00:00,0.17491025
2026-08-19 12:00:00+00:00,0.17550272
2026-08-19 13:00:00+00:00,0.17411846
2026-08-19 14:00:00+00:00,0.1765303
2026-08-19 15:00:00+00:00,0.17955901
2026-08-19 16:00:00+00:00,0.17940195
2026-08-19 17:00:00+00:00,0.1798684
2026-08-19 18:00:00+00:00,0.18016717
2026-08-19 19:00:00+00:00,0.18126238
2026-08-19 20:00:00+00:00,0.18518826
2026-08-19 21:00:00+00:00,0.1900469
2026-08-19 22:00:00+00:00,0.18845968
2026-08-19 23:00:00+00:00,0.18711915
2026-08-20 00:00:00+00:00,0.18583289
2026-08-20 01:00:00+00:00,0.18724968
2026-08-20 02:00:00+00:00,0.18552372
2026-08-20 03:00:00+00:00,0.18235829
2026-08-20 04:00:00+00:00,0.18356762
2026-08-20 05:00:00+00:00,0.18348033
2026-08-20 06:00:00+00:00,0.18467948
2026-08-20 07:00:00+00:00,0.18421155
2026-08-20 08:00:00+00:00,0.18977363
2026-08-20 09:00:00+00:00,0.18937341
2026-08-20 10:00:00+00:00,0.1901717
2026-08-20 11:00:00+00:00,0.19329564
2026-08-20 12:00:00+00:00,0.19157085
2026-08-20 13:00:00+00:00,0.19526378
2026-08-20 14:00:00+00:00,0.19424424
2026-08-20 15:00:00+00:00,0.19690462
2026-08-20 16:00:00+00:00,0.19944061
2026-08-20 17:00:00+00:00,0.20083848
2026-08-20 18:00:00+00:00,0.19538834
2026-08-20 19:00:00+00:00,0.19470194
2026-08-20 20:00:00+00:00,0.19801604
2026-08-20 21:00:00+00:00,0.19773519
2026-08-20 22:00:00+00:00,0.19604742
2026-08-20 23:00:00+00:00,0.19905193
2026-08-21 00:00:00+00:00,0.20469737
2026-08-21 01:00:00+00:00,0.20840351
2026-08-21 02:00:00+00:00,0.20492396
2026-08-21 03:00:00+00:00,0.20819562
2026-08-21 04:00:00+00:00,0.20808794
2026-08-21 05:00:00+00:00,0.2087663
2026-08-21 06:00:00+00:00,0.20739139
2026-08-21 07:00:00+00:00,0.20974059
2026-08-21 08:00:00+00:00,0.21779563
2026-08-21 09:00:00+00:00,0.2156912
2026-08-21 10:00:00+00:00,0.21422925
2026-08-21 11:00:00+00:00,0.21146101
2026-08-21 12:00:00+00:00,0.21575272
2026-08-21 13:00:00+00:00,0.21759779
2026-08-21 14:00:00+00:00,0.21746763
2026-08-21 15:00:00+00:00,0.2194944
2026-08-21 16:00:00+00:00,0.2187829
2026-08-21 17:00:00+00:00,0.21930305
2026-08-21 18:00:00+00:00,0.21647827
2026-08-21 19:00:00+00:00,0.2166133
2026-08-21 20:00:00+00:00,0.2190065
2026-08-21 21:00:00+00:00,0.22641066
2026-08-21 22:00:00+00:00,0.23153315
2026-08-21 23:00:00+00:00,0.22914913
2026-08-22 00:00:00+00:00,0.22919983
2026-08-22 01:00:00+00:00,0.22996533
2026-08-22 02:00:00+00:00,0.24224248
2026-08-22 03:00:00+00:00,0.24393626
2026-08-22 04:00:00+00:00,0.2542362
2026-08-22 05:00:00+00:00,0.23248912
2026-08-22 06:00:00+00:00,0.23392018
2026-08-22 07:00:00+00:00,0.23129096
2026-08-22 08:00:00+00:00,0.22693401
2026-08-22 09:00:00+00:00,0.22584763
2026-08-22 10:00:00+00:00,0.22258682
2026-08-22 11:00:00+00:00,0.22383513
2026-08-22 12:00:00+00:00,0.22570373
2026-08-22 13:00:00+00:00,0.22656892
2026-08-22 14:00:00+00:00,0.22431468
2026-08-22 15:00:00+00:00,0.22234693
2026-08-22 16:00:00+00:00,0.22644308
2026-08-22 17:00:00+00:00,0.22808326
2026-08-22 18:00:00+00:00,0.22938939
2026-08-22 19:00:00+00:00,0.23123138
2026-08-22 20:00:00+00:00,0.23067608
2026-08-22 21:00:00+00:00,0.22354643
2026-08-22 22:00:00+00:00,0.22676314
2026-08-22 23:00:00+00:00,0.22602802
2026-08-23 00:00:00+00:00,0.22879384
2026-08-23 01:00:00+00:00,0.2261669
2026-08-23 02:00:00+00:00,0.22331438
2026-08-23 03:00:00+00:00,0.21946346
2026-08-23 04:00:00+00:00,0.2158327
2026-08-23 05:00:00+00:00,0.21479143
2026-08-23 06:00:00+00:00,0.21543368
2026-08-23 07:00:00+00:00,0.2176148
2026-08-23 08:00:00+00:00,0.21971569
2026-08-23 09:00:00+00:00,0.22047138
2026-08-23 10:00:00+00:00,0.22146918
2026-08-23 11:00:00+00:00,0.2249804
2026-08-23 12:00:00+00:00,0.22480338
2026-08-23 13:00:00+00:00,0.22958129
2026-08-23 14:00:00+00:00,0.22538984
2026-08-23 15:00:00+00:00,0.22459391
2026-08-23 16:00:00+00:00,0.22499227
2026-08-23 17:00:00+00:00,0.22461339
2026-08-23 18:00:00+00:00,0.22505925
2026-08-23 19:00:00+00:00,0.22359978
2026-08-23 20:00:00+00:00,0.22551985
2026-08-23 21:00:00+00:00,0.22743219
2026-08-23 22:00:00+00:00,0.22668377
2026-08-23 23:00:00+00:00,0.22695612
2026-08-24 00:00:00+00:00,0.22430891
2026-08-24 01:00:00+00:00,0.21829881
2026-08-24 02:00:00+00:00,0.22044921
2026-08-24 03:00:00+00:00,0.21809822
2026-08-24 04:00:00+00:00,0.2199762
2026-08-24 05:00:00+00:00,0.21985573
2026-08-24 06:00:00+00:00,0.21969086
2026-08-24 07:00:00+00:00,0.21902766
2026-08-24 08:00:00+00:00,0.21898482
2026-08-24 09:00:00+00:00,0.22001879
2026-08-24 10:00:00+00:00,0.2188151
2026-08-24 11:00:00+00:00,0.22334694
2026-08-24 12:00:00+00:00,0.22630282
2026-08-24 13:00:00+00:00,0.22156984
2026-08-24 14:00:00+00:00,0.22377366
2026-08-24 15:00:00+00:00,0.2213364
2026-08-24 16:00:00+00:00,0.22192741
2026-08-24 17:00:00+00:00,0.21871121
2026-08-24 18:00:00+00:00,0.21976122
2026-08-24 19:00:00+00:00,0.21879588
2026-08-24 20:00:00+00:00,0.22003111
2026-08-24 21:00:00+00:00,0.221486
2026-08-24 22:00:00+00:00,0.21998315
2026-08-24 23:00:00+00:00,0.22150754
2026-08-25 00:00:00+00:00,0.2252002
2026-08-25 01:00:00+00:00,0.22420169
2026-08-25 02:00:00+00:00,0.22668311
2026-08-25 03:00:00+00:00,0.22584675
2026-08-25 04:00:00+00:00,0.22548089
2026-08-25 05:00:00+00:00,0.22694786
2026-08-25 06:00:00+00:00,0.22352885
2026-08-25 07:00:00+00:00,0.22091046
2026-08-25 08:00:00+00:00,0.22105759
2026-08-25 09:00:00+00:00,0.21839733
2026-08-25 10:00:00+00:00,0.21950494
2026-08-25 11:00:00+00:00,0.21858585
2026-08-25 12:00:00+00:00,0.21808216
2026-08-25 13:00:00+00:00,0.21459549
2026-08-25 14:00:00+00:00,0.21595051
2026-08-25 15:00:00+00:00,0.21577314
2026-08-25 16:00:00+00:00,0.21556427
2026-08-25 17:00:00+00:00,0.21510264
2026-08-25 18:00:00+00:00,0.21520202
2026-08-25 19:00:00+00:00,0.21428595
2026-08-25 20:00:00+00:00,0.20948682
2026-08-25 21:00:00+00:00,0.20989707
2026-08-25 22:00:00+00:00,0.21187768
2026-08-25 23:00:00+00:00,0.20911916
2026-08-26 00:00:00+00:00,0.21043366
2026-08-26 01:00:00+00:00,0.21077571
2026-08-26 02:00:00+00:00,0.21215708
2026-08-26 03:00:00+00:00,0.21138666
2026-08-26 04:00:00+00:00,0.20990154
2026-08-26 05:00:00+00:00,0.21076985
2026-08-26 06:00:00+00:00,0.21079435
2026-08-26 07:00:00+00:00,0.21027695
2026-08-26 08:00:00+00:00,0.21033027
2026-08-26 09:00:00+00:00,0.20892288
2026-08-26 10:00:00+00:00,0.2119174
2026-08-26 11:00:00+00:00,0.2104262
2026-08-26 12:00:00+00:00,0.20982704
2026-08-26 13:00:00+00:00,0.2087434
2026-08-26 14:00:00+00:00,0.20471897
2026-08-26 15:00:00+00:00,0.2047168
2026-08-26 16:00:00+00:00,0.20368873
2026-08-26 17:00:00+00:00,0.20538713
2026-08-26 18:00:00+00:00,0.20624946
2026-08-26 19:00:00+00:00,0.20597618
2026-08-26 20:00:00+00:00,0.20591049
2026-08-26 21:00:00+00:00,0.2089177
2026-08-26 22:00:00+00:00,0.21039898
2026-08-26 23:00:00+00:00,0.21238554
2026-08-27 00:00:00+00:00,0.21076628
2026-08-27 01:00:00+00:00,0.21089375
2026-08-27 02:00:00+00:00,0.20907196
2026-08-27 03:00:00+00:00,0.20917126
2026-08-27 04:00:00+00:00,0.20898508
2026-08-27 05:00:00+00:00,0.20969998
2026-08-27 06:00:00+00:00,0.21065991
2026-08-27 07:00:00+00:00,0.21117705
2026-08-27 08:00:00+00:00,0.21474591
2026-08-27 09:00:00+00:00,0.21482929
2026-08-27 10:00:00+00:00,0.2130101
2026-08-27 11:00:00+00:00,0.21154094
2026-08-27 12:00:00+00:00,0.21161755
2026-08-27 13:00:00+00:00,0.21330366
2026-08-27 14:00:00+00:00,0.21487357
2026-08-27 15:00:00+00:00,0.2145794
2026-08-27 16:00:00+00:00,0.21568584
2026-08-27 17:00:00+00:00,0.21565967
2026-08-27 18:00:00+00:00,0.21415192
2026-08-27 19:00:00+00:00,0.21378079
2026-08-27 20:00:00+00:00,0.21394728
2026-08-27 21:00:00+00:00,0.21411231
2026-08-27 22:00:00+00:00,0.21434677
2026-08-27 23:00:00+00:00,0.21379252
2026-08-28 00:00:00+00:00,0.21443573
2026-08-28 01:00:00+00:00,0.21448461
2026-08-28 02:00:00+00:00,0.2100113
2026-08-28 03:00:00+00:00,0.21016107
2026-08-28 04:00:00+00:00,0.21018244
2026-08-28 05:00:00+00:00,0.20969508
2026-08-28 06:00:00+00:00,0.21114272
2026-08-28 07:00:00+00:00,0.20940647
2026-08-28 08:00:00+00:00,0.20903238
2026-08-28 09:00:00+00:00,0.20783806
2026-08-28 10:00:00+00:00,0.20919556
2026-08-28 11:00:00+00:00,0.20928673
2026-08-28 12:00:00+00:00,0.20833567
2026-08-28 13:00:00+00:00,0.20812226
2026-08-28 14:00:00+00:00,0.21061559
2026-08-28 15:00:00+00:00,0.20446446
2026-08-28 16:00:00+00:00,0.20322672
2026-08-28 17:00:00+00:00,0.20305399
2026-08-28 18:00:00+00:00,0.20124154
2026-08-28 19:00:00+00:00,0.2019393
2026-08-28 20:00:00+00:00,0.20169129
2026-08-28 21:00:00+00:00,0.20034645
2026-08-28 22:00:00+00:00,0.20241963
2026-08-28 23:00:00+00:00,0.20312624
2026-08-29 00:00:00+00:00,0.20271342
2026-08-29 01:00:00+00:00,0.20249187
2026-08-29 02:00:00+00:00,0.20178582
2026-08-29 03:00:00+00:00,0.20077976
2026-08-29 04:00:00+00:00,0.20122435
2026-08-29 05:00:00+00:00,0.20135472
2026-08-29 06:00:00+00:00,0.20036527
2026-08-29 07:00:00+00:00,0.20035219
2026-08-29 08:00:00+00:00,0.19941992
2026-08-29 09:00:00+00:00,0.20008495
2026-08-29 10:00:00+00:00,0.20017365
2026-08-29 11:00:00+00:00,0.19982924
2026-08-29 12:00:00+00:00,0.20006059
2026-08-29 13:00:00+00:00,0.20036163
2026-08-29 14:00:00+00:00,0.20260602
2026-08-29 15:00:00+00:00,0.20065584
2026-08-29 16:00:00+00:00,0.20056644
2026-08-29 17:00:00+00:00,0.20066348
2026-08-29 18:00:00+00:00,0.2011661
2026-08-29 19:00:00+00:00,0.20166338
2026-08-29 20:00:00+00:00,0.20141727
2026-08-29 21:00:00+00:00,0.20128982
2026-08-29 22:00:00+00:00,0.20126408
2026-08-29 23:00:00+00:00,0.20176519
2026-08-30 00:00:00+00:00,0.20106218
2026-08-30 01:00:00+00:00,0.20050418
2026-08-30 02:00:00+00:00,0.20089199
2026-08-30 03:00:00+00:00,0.2008704
2026-08-30 04:00:00+00:00,0.20044633
2026-08-30 05:00:00+00:00,0.2010212
2026-08-30 06:00:00+00:00,0.20253922
2026-08-30 07:00:00+00:00,0.20070834
2026-08-30 08:00:00+00:00,0.20058798
2026-08-30 09:00:00+00:00,0.20086066
2026-08-30 10:00:00+00:00,0.20158433
2026-08-30 11:00:00+00:00,0.20110797
2026-08-30 12:00:00+00:00,0.20327476
2026-08-30 13:00:00+00:00,0.20472953
2026-08-30 14:00:00+00:00,0.20467095
2026-08-30 15:00:00+00:00,0.2033066
2026-08-30 16:00:00+00:00,0.20609751
2026-08-30 17:00:00+00:00,0.20491814
2026-08-30 18:00:00+00:00,0.20519025
2026-08-30 19:00:00+00:00,0.20323308
2026-08-30 20:00:00+00:00,0.20132062
2026-08-30 21:00:00+00:00,0.20030597
2026-08-30 22:00:00+00:00,0.19838641
2026-08-30 23:00:00+00:00,0.19278746
2026-08-31 00:00:00+00:00,0.19409633
2026-08-31 01:00:00+00:00,0.19252507
2026-08-31 02:00:00+00:00,0.19240201
2026-08-31 03:00:00+00:00,0.19411878
2026-08-31 04:00:00+00:00,0.1935818
2026-08-31 05:00:00+00:00,0.19563915
2026-08-31 06:00:00+00:00,0.19564685
2026-08-31 07:00:00+00:00,0.19611338
2026-08-31 08:00:00+00:00,0.19659995
2026-08-31 09:00:00+00:00,0.19643261
2026-08-31 10:00:00+00:00,0.19772748
2026-08-31 11:00:00+00:00,0.1965222
2026-08-31 12:00:00+00:00,0.19517291
2026-08-31 13:00:00+00:00,0.19408383
2026-08-31 14:00:00+00:00,0.19694785
2026-08-31 15:00:00+00:00,0.19586831
2026-08-31 16:00:00+00:00,0.1962137
2026-08-31 17:00:00+00:00,0.1977574
2026-08-31 18:00:00+00:00,0.20000652
2026-08-31 19:00:00+00:00,0.19910579
2026-08-31 20:00:00+00:00,0.19867133
2026-08-31 21:00:00+00:00,0.19924866
2026-08-31 22:00:00+00:00,0.19858946
2026-08-31 23:00:00+00:00,0.19782192
